row_index,host_id,guest_id,host_smiles,guest_smiles,family,y_true,host_canonical_smiles,host_canonical_key_sha256,host_alias_group_id,host_parse_status,guest_canonical_smiles,guest_canonical_key_sha256,guest_alias_group_id,guest_parse_status,model,seed,regime,fold,y_pred
5,4,5,[Na]OS(=O)(=O)CCCCOC=1C=C(C=CC1)[C@@H]1N=C(OC1)CC1=C(C(=C(C(=C1C)CC=1OC[C@@H](N1)C1=CC(=CC=C1)OCCCCS(=O)(=O)O[Na])C)CC=1OC[C@@H](N1)C1=CC(=CC=C1)OCCCCS(=O)(=O)O[Na])C,C1=CC=C(C=C1)CCN.Cl,other,1.9138000011444092,Cc1c(CC2=N[C@@H](c3cccc(OCCCCS(=O)(=O)[O][Na])c3)CO2)c(C)c(CC2=N[C@@H](c3cccc(OCCCCS(=O)(=O)[O][Na])c3)CO2)c(C)c1CC1=N[C@@H](c2cccc(OCCCCS(=O)(=O)[O][Na])c2)CO1,9E3429786C624B72E8FD089068975D2A1C33E04632FEA26EF01294722587A124,HOST_CAN_0098,PASS,Cl.NCCc1ccccc1,694C353D974E43F94B1A87CEC52C279387A77EBF6FFAF0F180A66EE64E2F9B79,GUEST_CAN_0692,PASS,AttentiveFP,2,family_cold,other,3.1966464519500732
6,5,6,CCc1c2Oc3cc4cc(c3)[C@@H]3Oc5cc6O[C@@H]7c8cc(Oc1cc(c2)C(=O)O)cc(c8)Oc1cc(cc(c1CC)Oc1cc2cc(c1)[C@H]1Oc8cc(O7)c7C(c6cc5C(c5c(O3)cc3O[C@@H](c6cc(Oc9c(c(O4)cc(c9)C(=O)O)CC)cc(c6)Oc4cc(cc(O2)c4CC)C(=O)O)Oc2c([C@@H](c3c5)CCC(=O)O)cc([C@H](c8c7)CCC(=O)O)c(O1)c2)CCC(=O)O)CCC(=O)O)C(=O)O,CC1=CC=C(C=C1)C(=O)O,other,2.4351999759674072,CCc1c2cc(C(=O)O)cc1Oc1cc3cc(c1)[C@H]1Oc4cc5c6cc4C(CCC(=O)O)c4cc7c(cc4O1)O[C@H]1Oc4cc8c(cc4[C@H]7CCC(=O)O)[C@H](CCC(=O)O)c4cc(c7cc4O[C@H](O8)c4cc(cc(c4)Oc4cc(C(=O)O)cc(c4CC)Oc4cc(cc1c4)Oc1cc(C(=O)O)cc(c1CC)O3)Oc1cc(C(=O)O)cc(c1CC)Oc1cc(cc(c1)[C@H](O5)O7)O2)C6CCC(=O)O,E72F5867663E6DAEB989707EF89DA7249ADCC77F45C9B940616AAB4553C73AA2,HOST_CAN_0048,PASS,Cc1ccc(C(=O)O)cc1,77120D4F215B3F6A20DC92D31FF568A8A5CC2FD03CD35785CF05B48416FB8C9C,GUEST_CAN_0655,PASS,AttentiveFP,2,family_cold,other,4.021640777587891
7,6,7,OC(=O)CCC1c2cc3c4cc2O[C@@H]2Oc5c1cc1c(c5)O[C@@H]5Oc6c([C@@H]1CCC(=O)O)cc1[C@H](c7cc(C3CCC(=O)O)c3O[C@H](O4)c4cc8Oc9cc(Oc%10cc2cc(c%10C(=O)O)Oc2cccc(c2)Oc2cc5cc(c2C(=O)O)Oc2cccc(c2)Oc2cc([C@@H](Oc7c3)Oc1c6)cc(Oc1cc(Oc(c4)c8C(=O)O)ccc1)c2C(=O)O)ccc9)CCC(=O)O,C1=CC(=CC=C1C(=O)O)Cl,other,0.9638000130653381,O=C(O)CCC1c2cc3c4cc2O[C@H]2Oc5cc6c(cc51)[C@H](CCC(=O)O)c1cc5c7cc1O[C@H](O6)c1cc6c(C(=O)O)c(c1)Oc1cccc(c1)Oc1cc8cc(c1C(=O)O)Oc1cccc(c1)Oc1cc(cc(c1C(=O)O)Oc1cccc(c1)Oc1cc2cc(c1C(=O)O)Oc1cccc(c1)O6)[C@H](O4)Oc1cc(c(cc1C3CCC(=O)O)[C@H]5CCC(=O)O)O[C@@H]8O7,9910B6C324867B78C538BC824892433086D3864FCBD7A2F3E051B7730A9D9689,HOST_CAN_0118,PASS,O=C(O)c1ccc(Cl)cc1,FFB8075F0C06E5D5ACFE4FE21EBEB42838A7327AC0C38FA093CA39395418CE5B,GUEST_CAN_0884,PASS,AttentiveFP,2,family_cold,other,3.6605069637298584
8,7,8,O=C(N[C+](N)N)C1=CC=C(C[NH2+]C[C@H]([NH3+])C(CO)=O)N1,CC(C(=O)O)NC(=O)C,other,3.322200059890747,N[C+](N)NC(=O)c1ccc(C[NH2+]C[C@H]([NH3+])C(=O)CO)[nH]1,444D01334D00CC255705344BB404134716C7E37D874A5C787DB27CDD2348DBF7,HOST_CAN_0114,PASS,CC(=O)NC(C)C(=O)O,0ACDE32904BDE585780365EADB41DCB005F4AF025DEDA592AD142D957A0ED53B,GUEST_CAN_0068,PASS,AttentiveFP,2,family_cold,other,2.8151917457580566
10,9,10,[O-]C(=O)COc1ccc2c3c1CNC(=O)c1c(OCC(=O)[O-])ccc4c1ccc1c4C4CC(O1)Oc1c4c4ccc(c(C(=O)NCc5c6c(c7C8c2c(cc3)OC(C8)Oc7cc6)ccc5OCC(=O)[O-])c4cc1)OCC(=O)[O-].[NH4+].[NH4+].[NH4+].[NH4+],C1CCOCO1,other,2.3262999057769775,O=C([O-])COc1ccc2c3c4ccc2c1CNC(=O)c1c(OCC(=O)[O-])ccc2c5c(ccc12)OC1CC5c2c(ccc5c(c(OCC(=O)[O-])ccc25)C(=O)NCc2c(OCC(=O)[O-])ccc5c6c(ccc25)OC(CC36)O4)O1.[NH4+].[NH4+].[NH4+].[NH4+],7D3830C6A6E10F82EEBCC3ED68B861BB21ED63B1DDB277580F3032527E5A1183,HOST_CAN_0139,PASS,C1COCOC1,C7850D2C75461EF1F7F60C67C6EB8B4D8E8C5A137966B66223EE1DBFF19CEAD3,GUEST_CAN_0039,PASS,AttentiveFP,2,family_cold,other,3.2316386699676514
11,10,11,[O-]P(=O)(Oc1c2c(c(c3c1C1CC3c3c1cc1c(c3)C3CC1c1c3cccc1)OP(=O)([O-])[O-])C1CC2c2c1cc1c(c2)C2CC1c1c2cccc1)[O-].[Li+].[Li+].[Li+].[Li+],NCCCC[C@@H](C(=O)N[C@H](C(=O)N[C@H](C(=O)N[C@H](C(=O)N[C@H](C(=O)O)Cc1ccccc1)Cc1ccccc1)C(C)C)CC(C)C)N,other,4.755799770355225,O=P([O-])([O-])Oc1c2c(c(OP(=O)([O-])[O-])c3c1C1CC3c3cc4c(cc31)C1CC4c3ccccc31)C1CC2c2cc3c(cc21)C1CC3c2ccccc21.[Li+].[Li+].[Li+].[Li+],9F96092125310177FDA593FD76E40B15009450ADCC25B07ACF29665B7272FC4E,HOST_CAN_0152,PASS,CC(C)C[C@H](NC(=O)[C@@H](N)CCCCN)C(=O)N[C@H](C(=O)N[C@@H](Cc1ccccc1)C(=O)N[C@@H](Cc1ccccc1)C(=O)O)C(C)C,1C7F7284402D7FE8F2067941F54386C6E072CC91764900664D82A20246B86315,GUEST_CAN_0153,PASS,AttentiveFP,2,family_cold,other,3.3463618755340576
13,12,13,O1CCOCCN2CCOCCOCCOCCN(CCOCC1)CCOCCOCCOCC2,[Cs+],other,2.0,C1COCCN2CCOCCOCCOCCN(CCOCCO1)CCOCCOCCOCC2,85C7C02142B236ECBC1FC9E9A1DD4E3252A7651F7F5B037994877CF5373B1DC8,HOST_CAN_0006,PASS,[Cs+],2007C7CB8E9E407AF1FE3CC70080E500F82FCC5BB652DA30AE9309E09D1E52EF,GUEST_CAN_1052,PASS,AttentiveFP,2,family_cold,other,2.014404296875
21,12,21,O1CCOCCN2CCOCCOCCOCCN(CCOCC1)CCOCCOCCOCC2,[Sr+2],other,2.0,C1COCCN2CCOCCOCCOCCN(CCOCCO1)CCOCCOCCOCC2,85C7C02142B236ECBC1FC9E9A1DD4E3252A7651F7F5B037994877CF5373B1DC8,HOST_CAN_0006,PASS,[Sr+2],B6D37E5B591B608C4BE7D5E471532F87A202E5D6C60D3F594302E0BACEDD0483,GUEST_CAN_1113,PASS,AttentiveFP,2,family_cold,other,2.7697901725769043
22,17,22,COP(=O)(Cc1cc2ccc1OCc1cc(COc3ccc(cc3CP(=O)(OC)[O-])C(C)(C)c3ccc(OCc4cc(COc5ccc(C2(C)C)cc5CP(=O)(OC)[O-])cc(c4)[N+](=O)[O-])c(c3)CP(=O)(OC)[O-])cc(c1)[N+](=O)[O-])[O-],CNCC(C1=CC(=C(C=C1)O)O)O,other,2.1847000122070312,COP(=O)([O-])Cc1cc2ccc1OCc1cc(cc([N+](=O)[O-])c1)COc1ccc(cc1CP(=O)([O-])OC)C(C)(C)c1ccc(c(CP(=O)([O-])OC)c1)OCc1cc(cc([N+](=O)[O-])c1)COc1ccc(cc1CP(=O)([O-])OC)C2(C)C,5C9812D0AA59E8C93387DCBA9CDBD0E45705FA87B439937B162042CB092EC8B9,HOST_CAN_0069,PASS,CNCC(O)c1ccc(O)c(O)c1,6ECE6CFFF6E84A2846BFDF3E647E6C18CCEA435B77A528E23C38803D697997FC,GUEST_CAN_0428,PASS,AttentiveFP,2,family_cold,other,1.2903022766113281
25,19,25,O=C1N(CC4=CC=C(C(O)=O)C=C4)C3C(N(CN%21C%20=O)C(N3CN(C(N7CN(C(N%11CN(C(N%15CN(C(N%19CN%20C%23C%21N(CC%25=CC=C(C(O)=O)C=C%25)C(N%23CC%24=CC=C(C(O)=O)C=C%24)=O)=O)C%17C%19N(CC%22=CC=C(C(O)=O)C=C%22)C(N%17CC%18=CC=C(C(O)=O)C=C%18)=O)=O)C%13C%15N(CC%16=CC=C(C(O)=O)C=C%16)C(N%13CC%14=CC=C(C(O)=O)C=C%14)=O)=O)C9C%11N(CC%12=CC=C(C(O)=O)C=C%12)C(N9CC%10=CC=C(C(O)=O)C=C%10)=O)=O)C5C7N(CC8=CC=C(C(O)=O)C=C8)C(N5CC6=CC=C(C(O)=O)C=C6)=O)=O)N1CC2=CC=C(C(O)=O)C=C2,[F-],other,1.5776000022888184,O=C(O)c1ccc(CN2C(=O)N(Cc3ccc(C(=O)O)cc3)C3C2N2CN4C(=O)N(CN5C(=O)N(CN6C(=O)N(CN7C(=O)N(CN8C(=O)N(CN3C2=O)C2C8N(Cc3ccc(C(=O)O)cc3)C(=O)N2Cc2ccc(C(=O)O)cc2)C2C7N(Cc3ccc(C(=O)O)cc3)C(=O)N2Cc2ccc(C(=O)O)cc2)C2C6N(Cc3ccc(C(=O)O)cc3)C(=O)N2Cc2ccc(C(=O)O)cc2)C2C5N(Cc3ccc(C(=O)O)cc3)C(=O)N2Cc2ccc(C(=O)O)cc2)C2C4N(Cc3ccc(C(=O)O)cc3)C(=O)N2Cc2ccc(C(=O)O)cc2)cc1,5BFAE42297A9EBC8CE307175405F2DA12222FDEAA2AA87FF2D5843CBEC077A9C,HOST_CAN_0133,PASS,[F-],C17C996842667FBF82C1D8316EB68D27A612300A8BEBEAF649ECAAB715D15BAA,GUEST_CAN_1055,PASS,AttentiveFP,2,family_cold,other,4.985609531402588
37,26,37,[Li+].[Li+].B(C1=CC=CC=C1CNCC2=CC=C(C=C2)C(=O)NC3=CC(=CC(=C3)CP(=O)([O-])OC)CP(=O)([O-])OC)(O)O,C1=CC(=C(C=C1C(CN)O)O)O,other,2.263400077819824,COP(=O)([O-])Cc1cc(CP(=O)([O-])OC)cc(NC(=O)c2ccc(CNCc3ccccc3B(O)O)cc2)c1.[Li+].[Li+],F42D7F8FEECED34D2A8CD9838DF697E6536F3F5A5AD106D19B9E9737F28D2790,HOST_CAN_0067,PASS,NCC(O)c1ccc(O)c(O)c1,7F5D32A02DE5511E772E8422081F82EE16925B55633A6CB4BB4E730CF1565495,GUEST_CAN_0775,PASS,AttentiveFP,2,family_cold,other,2.294111728668213
43,28,43,O=C1N2[C@@]3([H])[C@@]4([H])N1CC5=CC=CC=C5CN4C(N3CN(C(N6CN(C(N7CN(C(N8CC(C=CC=C9)=C9C%10)=O)[C@]([C@]8([H])N%10C%11=O)([H])N%11C%12)=O)[C@]([C@]7([H])N%12C%13=O)([H])N%13C%14)=O)[C@]([C@]6([H])N%14C%15=O)([H])N%15C2)=O,C[n+]1ccc(cc1)/C=C/c1cc[n+](cc1)C,other,4.4278998374938965,O=C1N2Cc3ccccc3CN3C(=O)N4CN5C(=O)N6CN7C(=O)N8CN9C(=O)N%10Cc%11ccccc%11CN%11C(=O)N(CN%12C(=O)N(CN%13C(=O)N(CN1[C@H]4[C@H]32)[C@@H]5[C@H]%136)[C@@H]7[C@H]%128)[C@@H]9[C@H]%11%10,C06DBA8CB1A01AEB8337B71D87CD1B30E9CBAC6D34129CB5457249ED32FE0331,HOST_CAN_0151,PASS,C[n+]1ccc(/C=C/c2cc[n+](C)cc2)cc1,14818FE10F046EBD0B8696923FD529607C8E7F65FCD645EC173AF08C6F65A94F,GUEST_CAN_0633,PASS,AttentiveFP,2,family_cold,other,4.784852981567383
45,29,5,C(=O)(O)CN1CCN(CC(NC=2C=CC(OC3=CC=C(NC(CN(CCN(CC(NC4=CC=C(OC=5C=CC(NC(C1)=O)=CC5)C=C4)=O)CC(=O)O)CC(=O)O)=O)C=C3)=CC2)=O)CC(=O)O,C1=CC=C(C=C1)CCN.Cl,other,1.2000000476837158,O=C(O)CN1CCN(CC(=O)O)CC(=O)Nc2ccc(cc2)Oc2ccc(cc2)NC(=O)CN(CC(=O)O)CCN(CC(=O)O)CC(=O)Nc2ccc(cc2)Oc2ccc(cc2)NC(=O)C1,2D050157BC992D35877E320CFBB7B88093D711EC569717F06043FD0FF2A74F1A,HOST_CAN_0124,PASS,Cl.NCCc1ccccc1,694C353D974E43F94B1A87CEC52C279387A77EBF6FFAF0F180A66EE64E2F9B79,GUEST_CAN_0692,PASS,AttentiveFP,2,family_cold,other,3.5983519554138184
51,31,50,[Li+].[Li+].COP(OC)(=O)CC1=CC(=CC(=C1)NC(CCCNCC1=C(C=CC=C1)B(O)O)=O)CP([O-])([O-])=O,C1=CC=C(C(=C1)O)O,other,2.171799898147583,COP(=O)(Cc1cc(CP(=O)([O-])[O-])cc(NC(=O)CCCNCc2ccccc2B(O)O)c1)OC.[Li+].[Li+],7C21E70373346443530CC627F376BB4B733535AF04E79A7E4ACEFF4D5857B371,HOST_CAN_0066,PASS,Oc1ccccc1O,D6044096AF0493CF06B8B5FDAA8C090BB98BA46AF75026C46D7FE4ACEF4715BB,GUEST_CAN_1007,PASS,AttentiveFP,2,family_cold,other,2.281679630279541
55,33,54,[H]C1(C(C(O[C@](OC2=C1C=C3[C@]4([H])CCC[N+](C)(C)C)([H])C5=CC(O6)=CC(OC7=CC8=CC(C[N+](C)(C)C)=C7)=C5)=C9)=CC%10=C9O[C@](C%11=CC(O8)=CC(OC%12=CC%13=CC(C[N+](C)(C)C)=C%12)=C%11)([H])OC%14=C(C%10([H])CCC[N+](C)(C)C)C=C%15C(O[C@](C%16=CC%17=CC(O%13)=C%16)([H])OC%18=CC(O[C@](C%19=CC(OC%20=CC(O%17)=CC(C[N+](C)(C)C)=C%20)=CC(OC%21=CC6=CC(C[N+](C)(C)C)=C%21)=C%19)([H])OC3=C2)=C4C=C%18[C@]%15([H])CCC[N+](C)(C)C)=C%14)CCC[N+](C)(C)C.[Cl-].[Cl-].[Cl-].[Cl-].[Cl-].[Cl-].[Cl-].[Cl-],C1C2CC3CC1CC(C2)(C3)C(=O)O,other,6.857900142669678,C[N+](C)(C)CCCC1c2cc3c4cc2O[C@H]2Oc5cc6c(cc51)[C@H](CCC[N+](C)(C)C)c1cc5c7cc1O[C@H](O6)c1cc6cc(c1)Oc1cc(C[N+](C)(C)C)cc(c1)Oc1cc8cc(c1)[C@H](Oc1cc(c(cc1[C@H]5CCC[N+](C)(C)C)C3CCC[N+](C)(C)C)O[C@@H](O4)c1cc(cc(c1)Oc1cc(C[N+](C)(C)C)cc(c1)O8)Oc1cc(C[N+](C)(C)C)cc(c1)Oc1cc(cc2c1)Oc1cc(C[N+](C)(C)C)cc(c1)O6)O7.[Cl-].[Cl-].[Cl-].[Cl-].[Cl-].[Cl-].[Cl-].[Cl-],F783BB4F0E2D9595DCCBD26C1895FCF835428AF86721AF4DD7F78FB07FBB8527,HOST_CAN_0096,PASS,O=C(O)C12CC3CC(CC(C3)C1)C2,BDD5C5A261E793089EEA24870ABE3EB6AAE16382F79784242493A375DCA0EDE8,GUEST_CAN_0863,PASS,AttentiveFP,2,family_cold,other,3.936258316040039
60,35,58,[O-]P(=O)(Oc1c2c(c(c3c1C1CC3c3c1cc1c(c3)C3CC1c1c3cccc1)OP(=O)(C)[O-])C1CC2c2c1cc1c(c2)C2CC1c1c2cccc1)C.[Li+].[Li+],NCC(=O)N[C@H](C(=O)NCC(=O)NCC(=O)O)CCCNC(=N)N,other,2.954200029373169,CP(=O)([O-])Oc1c2c(c(OP(C)(=O)[O-])c3c1C1CC3c3cc4c(cc31)C1CC4c3ccccc31)C1CC2c2cc3c(cc21)C1CC3c2ccccc21.[Li+].[Li+],0523E219D88C79C8FF3952D24ADDE3A68E28198CE5EE5C77D8FECF429412627C,HOST_CAN_0082,PASS,N=C(N)NCCC[C@H](NC(=O)CN)C(=O)NCC(=O)NCC(=O)O,2AE851C98DA6DDC41D25737DDF620A2ECC76E2AD2ED1F1FA0B426370C7BDDF16,GUEST_CAN_0721,PASS,AttentiveFP,2,family_cold,other,2.8070709705352783
62,9,60,[O-]C(=O)COc1ccc2c3c1CNC(=O)c1c(OCC(=O)[O-])ccc4c1ccc1c4C4CC(O1)Oc1c4c4ccc(c(C(=O)NCc5c6c(c7C8c2c(cc3)OC(C8)Oc7cc6)ccc5OCC(=O)[O-])c4cc1)OCC(=O)[O-].[NH4+].[NH4+].[NH4+].[NH4+],C1OCOCO1,other,1.2303999662399292,O=C([O-])COc1ccc2c3c4ccc2c1CNC(=O)c1c(OCC(=O)[O-])ccc2c5c(ccc12)OC1CC5c2c(ccc5c(c(OCC(=O)[O-])ccc25)C(=O)NCc2c(OCC(=O)[O-])ccc5c6c(ccc25)OC(CC36)O4)O1.[NH4+].[NH4+].[NH4+].[NH4+],7D3830C6A6E10F82EEBCC3ED68B861BB21ED63B1DDB277580F3032527E5A1183,HOST_CAN_0139,PASS,C1OCOCO1,E794BB73456D53E424DB401357804683B7A995F5D1F7C055B278F51FF855F2CE,GUEST_CAN_0040,PASS,AttentiveFP,2,family_cold,other,3.0777065753936768
65,37,63,C(CN(CC(=O)O)CC(=O)O)N(CC(=O)O)CC(=O)O,[Rb+],other,0.589900016784668,O=C(O)CN(CCN(CC(=O)O)CC(=O)O)CC(=O)O,6BFD1C3C84BE32FEF0887DE527CC95AE0C3680F389E80993C4242A4E3571F896,HOST_CAN_0123,PASS,[Rb+],A81E1030429F736D8E35EA84C21CDFC8BA21CABFAB462465BE82BDA25EAD58DF,GUEST_CAN_1109,PASS,AttentiveFP,2,family_cold,other,2.7053933143615723
73,41,71,CCC1c2cc(C(CC)c3cc(C(c4cc(C(c5cc1c(O)c(c5O)C#N)CC)c(O)c(c4O)C#N)CC)c(c(c3O)C#N)O)c(c(c2O)C#N)O,CN(C)CCCCC(C(=O)O)N,other,4.17609977722168,CCC1c2cc(c(O)c(C#N)c2O)C(CC)c2cc(c(O)c(C#N)c2O)C(CC)c2cc(c(O)c(C#N)c2O)C(CC)c2cc1c(O)c(C#N)c2O,C7E59A18D7BDB1317D9A13B4AEB284A383135621556342941A7B2EDCC62018B3,HOST_CAN_0021,PASS,CN(C)CCCCC(N)C(=O)O,BE57C810F885229BE3BE11856EA3FF5C62BE8C72A7B5FCA869756891D0E4ACA5,GUEST_CAN_0395,PASS,AttentiveFP,2,family_cold,other,2.9430456161499023
78,43,76,C1COCCN2CCOCCN1CCOCCOCC2,[Ba+2],other,2.0,C1COCCN2CCOCCN(CCO1)CCOCC2,98A94C64ADA3B0E00FCE78FE7388B30022CC2F26C8BCF54DDABD5207E5AA7E8C,HOST_CAN_0002,PASS,[Ba+2],646B641AF6E7E8BB0EF6865C6EADD1E8EF78BF2568880853D320270397B832AE,GUEST_CAN_1012,PASS,AttentiveFP,2,family_cold,other,3.138399362564087
79,44,21,C1COCCN2CCOCCOCCN1CCOCCOCC2,[Sr+2],other,7.350200176239014,C1COCCN2CCOCCOCCN(CCO1)CCOCC2,32931B055F3C7DC5134671B8211003699C695F3A170DAFEAC54A6E2274B3149A,HOST_CAN_0003,PASS,[Sr+2],B6D37E5B591B608C4BE7D5E471532F87A202E5D6C60D3F594302E0BACEDD0483,GUEST_CAN_1113,PASS,AttentiveFP,2,family_cold,other,3.0438835620880127
85,47,82,O=C(N2CN(C(N4CN(C(N6CN(C(N8CN(C(N%10CN%11C%13C%12N(CCCC(O)=O)C(N%13CCCC(O)=O)=O)=O)C9C%10N(CCCC(O)=O)C(N9CCCC(O)=O)=O)=O)C7C8N(CCCC(O)=O)C(N7CCCC(O)=O)=O)=O)C5C6N(CCCC(O)=O)C(N5CCCC(O)=O)=O)=O)C3C4N(CCCC(O)=O)C(N3CCCC(O)=O)=O)N(CN%12C%11=O)C1C2N(CCCC(O)=O)C(N1CCCC(O)=O)=O,[Br-],other,2.4681999683380127,O=C(O)CCCN1C(=O)N(CCCC(=O)O)C2C1N1CN3C(=O)N(CN4C(=O)N(CN5C(=O)N(CN6C(=O)N(CN7C(=O)N(CN2C1=O)C1C7N(CCCC(=O)O)C(=O)N1CCCC(=O)O)C1C6N(CCCC(=O)O)C(=O)N1CCCC(=O)O)C1C5N(CCCC(=O)O)C(=O)N1CCCC(=O)O)C1C4N(CCCC(=O)O)C(=O)N1CCCC(=O)O)C1C3N(CCCC(=O)O)C(=O)N1CCCC(=O)O,6C5C7F66B2D952E729F653DC9785C287BD871EBCB663DD839270802E514E3A70,HOST_CAN_0120,PASS,[Br-],E6DA0DF46FDF8347E7A30490E2A486EB72695875E66B86F4DB498CD7FE50292E,GUEST_CAN_1014,PASS,AttentiveFP,2,family_cold,other,4.962325096130371
86,48,83,[Na]OS(=O)(=O)CCCOc1c2CN3C(=O)N4[C@]5([C@@]3(N(Cc2c(c2c1cccc2)OCCCS(=O)(=O)O[Na])C(=O)N5CN1[C@@]2(N(C4)C(=O)N3[C@]2(C)N(C1=O)Cc1c(C3)c(OCCCS(=O)(=O)O[Na])c2c(c1OCCCS(=O)(=O)O[Na])cccc2)C)C)C,O=C(N3CC[N+](C)([H])C)C1=C(C(C3=O)=CC=C2C4=O)C2=C(C(N4CC[N+](C)([H])C)=O)C=C1,other,6.353899955749512,C[C@]12N3Cc4c(c(OCCCS(=O)(=O)[O][Na])c5ccccc5c4OCCCS(=O)(=O)[O][Na])CN1C(=O)N1CN4C(=O)N5Cc6c(c(OCCCS(=O)(=O)[O][Na])c7ccccc7c6OCCCS(=O)(=O)[O][Na])CN6C(=O)N(CN(C3=O)[C@]12C)[C@]4(C)[C@@]56C,D18B807A904C56B05E199911FB10FFB774349CC49BBD32D2EFAFF4C892BA649F,HOST_CAN_0090,PASS,C[NH+](C)CCN1C(=O)c2ccc3c4c(ccc(c24)C1=O)C(=O)N(CC[NH+](C)C)C3=O,0BB6493CB2F67F81F00DB9AA77F018510857ABE0D4EA566204D594CFB758760B,GUEST_CAN_0607,PASS,AttentiveFP,2,family_cold,other,6.048768043518066
94,49,90,[Na]OS(=O)(=O)CCCOc1ccc(c2c1CN1C(=O)N3[C@]4([C@@]1(N(C2)C(=O)N4CN1[C@@H]2N(C3)C(=O)N3[C@@H]2N(C1=O)CN1[C@@]2(N(C3)C(=O)N3[C@]2(C)N(C1=O)Cc1c(C3)c(OCCCS(=O)(=O)O[Na])ccc1OCCCS(=O)(=O)O[Na])C)C)C)OCCCS(=O)(=O)O[Na],O=C1C=C(NC(=O)c2cc3ccccc3nc2O)[C@@H]([C@H]2[C@@H]1O2)O,other,3.8691999912261963,C[C@]12N3Cc4c(OCCCS(=O)(=O)[O][Na])ccc(OCCCS(=O)(=O)[O][Na])c4CN1C(=O)N1CN4C(=O)N5CN6C(=O)N7Cc8c(OCCCS(=O)(=O)[O][Na])ccc(OCCCS(=O)(=O)[O][Na])c8CN8C(=O)N(CN9C(=O)N(CN(C3=O)[C@]12C)[C@@H]4[C@H]95)[C@]6(C)[C@@]78C,C826FABEE0CA0BEBE7AB2E620751B73EB48779DD6C9A550EDEC6672D0197E1E3,HOST_CAN_0086,PASS,O=C(NC1=CC(=O)[C@H]2O[C@H]2[C@H]1O)c1cc2ccccc2nc1O,FDF8CE2A8B4B2A3DB312AD1231F5B6666439F2E4BEB6DF93515A1333E1D206F0,GUEST_CAN_0852,PASS,AttentiveFP,2,family_cold,other,3.8339781761169434
107,9,100,[O-]C(=O)COc1ccc2c3c1CNC(=O)c1c(OCC(=O)[O-])ccc4c1ccc1c4C4CC(O1)Oc1c4c4ccc(c(C(=O)NCc5c6c(c7C8c2c(cc3)OC(C8)Oc7cc6)ccc5OCC(=O)[O-])c4cc1)OCC(=O)[O-].[NH4+].[NH4+].[NH4+].[NH4+],CC1OCCO1,other,4.33650016784668,O=C([O-])COc1ccc2c3c4ccc2c1CNC(=O)c1c(OCC(=O)[O-])ccc2c5c(ccc12)OC1CC5c2c(ccc5c(c(OCC(=O)[O-])ccc25)C(=O)NCc2c(OCC(=O)[O-])ccc5c6c(ccc25)OC(CC36)O4)O1.[NH4+].[NH4+].[NH4+].[NH4+],7D3830C6A6E10F82EEBCC3ED68B861BB21ED63B1DDB277580F3032527E5A1183,HOST_CAN_0139,PASS,CC1OCCO1,8D35FD74236BA64823214DBD94CE4B50363C06DAD857C90F7A7DD977F8C3DA11,GUEST_CAN_0246,PASS,AttentiveFP,2,family_cold,other,3.0249412059783936
109,54,102,[O-]C(=O)COc1c2c(c(c3c1C1CC3c3c1cc1c(c3)C3CC1c1c3cccc1)OCC(=O)[O-])C1CC2c2c1cc1c(c2)C2CC1c1c2cccc1.[Na+].[Na+],CC(=O)NC(CCCCN)C(=O)OC.Cl,other,3.257499933242798,O=C([O-])COc1c2c(c(OCC(=O)[O-])c3c1C1CC3c3cc4c(cc31)C1CC4c3ccccc31)C1CC2c2cc3c(cc21)C1CC3c2ccccc21.[Na+].[Na+],71E90553B9BBF31920DD1BD183D0F0C0585830F890A72ECB34B8E8CE3C7EDE35,HOST_CAN_0137,PASS,COC(=O)C(CCCCN)NC(C)=O.Cl,5A0A62219231BC9A9B1FFE190DDB386916DC23A68C87DBD4EDE828D9A34D1434,GUEST_CAN_0436,PASS,AttentiveFP,2,family_cold,other,3.057265281677246
119,35,22,[O-]P(=O)(Oc1c2c(c(c3c1C1CC3c3c1cc1c(c3)C3CC1c1c3cccc1)OP(=O)(C)[O-])C1CC2c2c1cc1c(c2)C2CC1c1c2cccc1)C.[Li+].[Li+],CNCC(C1=CC(=C(C=C1)O)O)O,other,2.591099977493286,CP(=O)([O-])Oc1c2c(c(OP(C)(=O)[O-])c3c1C1CC3c3cc4c(cc31)C1CC4c3ccccc31)C1CC2c2cc3c(cc21)C1CC3c2ccccc21.[Li+].[Li+],0523E219D88C79C8FF3952D24ADDE3A68E28198CE5EE5C77D8FECF429412627C,HOST_CAN_0082,PASS,CNCC(O)c1ccc(O)c(O)c1,6ECE6CFFF6E84A2846BFDF3E647E6C18CCEA435B77A528E23C38803D697997FC,GUEST_CAN_0428,PASS,AttentiveFP,2,family_cold,other,2.0369315147399902
121,48,92,[Na]OS(=O)(=O)CCCOc1c2CN3C(=O)N4[C@]5([C@@]3(N(Cc2c(c2c1cccc2)OCCCS(=O)(=O)O[Na])C(=O)N5CN1[C@@]2(N(C4)C(=O)N3[C@]2(C)N(C1=O)Cc1c(C3)c(OCCCS(=O)(=O)O[Na])c2c(c1OCCCS(=O)(=O)O[Na])cccc2)C)C)C,C[N+]1=CC=C(C=C1)C2=CC=[N+](C=C2)C.[Cl-].[Cl-],other,5.448699951171875,C[C@]12N3Cc4c(c(OCCCS(=O)(=O)[O][Na])c5ccccc5c4OCCCS(=O)(=O)[O][Na])CN1C(=O)N1CN4C(=O)N5Cc6c(c(OCCCS(=O)(=O)[O][Na])c7ccccc7c6OCCCS(=O)(=O)[O][Na])CN6C(=O)N(CN(C3=O)[C@]12C)[C@]4(C)[C@@]56C,D18B807A904C56B05E199911FB10FFB774349CC49BBD32D2EFAFF4C892BA649F,HOST_CAN_0090,PASS,C[n+]1ccc(-c2cc[n+](C)cc2)cc1.[Cl-].[Cl-],A34A59C172ABA48CFA54144DF49E70D56803B22DE394E6F3154C1D8F7DC6E5F1,GUEST_CAN_0623,PASS,AttentiveFP,2,family_cold,other,5.859129428863525
123,57,102,O=S(OC1=C2C(C3C4=CC5=C(C=C4C2C3)C6C7=C(C5C6)C=CC=C7)=C(OS(=O)([O-])=O)C8=C1C9C%10=CC(C%11C(C=CC=C%12)=C%12C%13C%11)=C%13C=C%10C8C9)([O-])=O.[Na+].[Na+],CC(=O)NC(CCCCN)C(=O)OC.Cl,other,4.6768999099731445,O=S(=O)([O-])Oc1c2c(c(OS(=O)(=O)[O-])c3c1C1CC3c3cc4c(cc31)C1CC4c3ccccc31)C1CC2c2cc3c(cc21)C1CC3c2ccccc21.[Na+].[Na+],5412FB52C8CBD58449E920A6B0055A7974AA5ED214A245A72F491F8E36BD048F,HOST_CAN_0161,PASS,COC(=O)C(CCCCN)NC(C)=O.Cl,5A0A62219231BC9A9B1FFE190DDB386916DC23A68C87DBD4EDE828D9A34D1434,GUEST_CAN_0436,PASS,AttentiveFP,2,family_cold,other,2.8941972255706787
128,29,114,C(=O)(O)CN1CCN(CC(NC=2C=CC(OC3=CC=C(NC(CN(CCN(CC(NC4=CC=C(OC=5C=CC(NC(C1)=O)=CC5)C=C4)=O)CC(=O)O)CC(=O)O)=O)C=C3)=CC2)=O)CC(=O)O,C1=CC(=C(C=C1CCN)O)O.Cl,other,1.2000000476837158,O=C(O)CN1CCN(CC(=O)O)CC(=O)Nc2ccc(cc2)Oc2ccc(cc2)NC(=O)CN(CC(=O)O)CCN(CC(=O)O)CC(=O)Nc2ccc(cc2)Oc2ccc(cc2)NC(=O)C1,2D050157BC992D35877E320CFBB7B88093D711EC569717F06043FD0FF2A74F1A,HOST_CAN_0124,PASS,Cl.NCCc1ccc(O)c(O)c1,3F79E9799FBBC5EB4B4CED2B038F192B77EBCD775815447FBD52E31EB152AD2D,GUEST_CAN_0690,PASS,AttentiveFP,2,family_cold,other,3.5704939365386963
130,43,115,C1COCCN2CCOCCN1CCOCCOCC2,[K+],other,2.0,C1COCCN2CCOCCN(CCO1)CCOCC2,98A94C64ADA3B0E00FCE78FE7388B30022CC2F26C8BCF54DDABD5207E5AA7E8C,HOST_CAN_0002,PASS,[K+],E83A78F45A613BB8008932667E03FF097984CF2701657EB6EA0AB517A34DEC0B,GUEST_CAN_1068,PASS,AttentiveFP,2,family_cold,other,2.1878371238708496
131,35,116,[O-]P(=O)(Oc1c2c(c(c3c1C1CC3c3c1cc1c(c3)C3CC1c1c3cccc1)OP(=O)(C)[O-])C1CC2c2c1cc1c(c2)C2CC1c1c2cccc1)C.[Li+].[Li+],NCCCC[C@@H](C(=O)N[C@H](C(=O)N[C@H](C(=O)N[C@H](C(=O)O)CCCCN)[C@H](O)C)[C@H](O)C)N,other,3.7404000759124756,CP(=O)([O-])Oc1c2c(c(OP(C)(=O)[O-])c3c1C1CC3c3cc4c(cc31)C1CC4c3ccccc31)C1CC2c2cc3c(cc21)C1CC3c2ccccc21.[Li+].[Li+],0523E219D88C79C8FF3952D24ADDE3A68E28198CE5EE5C77D8FECF429412627C,HOST_CAN_0082,PASS,C[C@@H](O)[C@H](NC(=O)[C@@H](NC(=O)[C@@H](N)CCCCN)[C@@H](C)O)C(=O)N[C@@H](CCCCN)C(=O)O,48959E6666B9351F93E21DA4E154BDC3D543856AAFCE540E48F8B76275DF65EB,GUEST_CAN_0540,PASS,AttentiveFP,2,family_cold,other,2.915703296661377
138,59,122,CN(CCCCCC1=C(C(OC2=C1C=CC(=C2)N(CC)CC)=O)C=O)CC2=C(C=CC=C2)B(O)O,C(C1C(C(C(C(O1)O)N)O)O)O,other,0.902400016784668,CCN(CC)c1ccc2c(CCCCCN(C)Cc3ccccc3B(O)O)c(C=O)c(=O)oc2c1,B861F92B136135BCA309B8D669CABB847130F510F34D71F80DA21B31360935DE,HOST_CAN_0040,PASS,NC1C(O)OC(CO)C(O)C1O,6DA69F754BE3FBD2C7B2C66CCBDC0F91817AC1924D122789F356C7F0C45E04F9,GUEST_CAN_0760,PASS,AttentiveFP,2,family_cold,other,2.727095127105713
140,60,124,CCCCOc1ccc2c3c1COCc1c(OCCCC)ccc4c1ccc1c4C4CC(O1)Oc1c4c4ccc(c(COCc5c6c(c7C8c2c(cc3)OC(C8)Oc7cc6)ccc5OCCCC)c4cc1)OCCCC,C(CCCCCC[N+]12CCN(CC1)CC2)CCCCCCC[N+]12CCN(CC1)CC2,other,8.380200386047363,CCCCOc1ccc2c3c4ccc2c1COCc1c(OCCCC)ccc2c5c(ccc12)OC1CC5c2c(ccc5c(c(OCCCC)ccc25)COCc2c(OCCCC)ccc5c6c(ccc25)OC(CC36)O4)O1,88DCF2D39B7DF2B43B3F0E5C1B57BDEDED9EEF541105412EB4DABE8747E45264,HOST_CAN_0034,PASS,C(CCCCCCC[N+]12CCN(CC1)CC2)CCCCCC[N+]12CCN(CC1)CC2,6A7DC3FD0BE30ABED8EFE60A17EB31F99E0207B505ACFA4D0754246EA56C259E,GUEST_CAN_0007,PASS,AttentiveFP,2,family_cold,other,5.7738847732543945
142,4,114,[Na]OS(=O)(=O)CCCCOC=1C=C(C=CC1)[C@@H]1N=C(OC1)CC1=C(C(=C(C(=C1C)CC=1OC[C@@H](N1)C1=CC(=CC=C1)OCCCCS(=O)(=O)O[Na])C)CC=1OC[C@@H](N1)C1=CC(=CC=C1)OCCCCS(=O)(=O)O[Na])C,C1=CC(=C(C=C1CCN)O)O.Cl,other,2.2067999839782715,Cc1c(CC2=N[C@@H](c3cccc(OCCCCS(=O)(=O)[O][Na])c3)CO2)c(C)c(CC2=N[C@@H](c3cccc(OCCCCS(=O)(=O)[O][Na])c3)CO2)c(C)c1CC1=N[C@@H](c2cccc(OCCCCS(=O)(=O)[O][Na])c2)CO1,9E3429786C624B72E8FD089068975D2A1C33E04632FEA26EF01294722587A124,HOST_CAN_0098,PASS,Cl.NCCc1ccc(O)c(O)c1,3F79E9799FBBC5EB4B4CED2B038F192B77EBCD775815447FBD52E31EB152AD2D,GUEST_CAN_0690,PASS,AttentiveFP,2,family_cold,other,3.1994011402130127
146,35,128,[O-]P(=O)(Oc1c2c(c(c3c1C1CC3c3c1cc1c(c3)C3CC1c1c3cccc1)OP(=O)(C)[O-])C1CC2c2c1cc1c(c2)C2CC1c1c2cccc1)C.[Li+].[Li+],CC(C(=O)NC(C)C(=O)O)NC(=O)C(CCCCN)N,other,3.061300039291382,CP(=O)([O-])Oc1c2c(c(OP(C)(=O)[O-])c3c1C1CC3c3cc4c(cc31)C1CC4c3ccccc31)C1CC2c2cc3c(cc21)C1CC3c2ccccc21.[Li+].[Li+],0523E219D88C79C8FF3952D24ADDE3A68E28198CE5EE5C77D8FECF429412627C,HOST_CAN_0082,PASS,CC(NC(=O)C(C)NC(=O)C(N)CCCCN)C(=O)O,6B60BD9D877B495644FFD1994D39DBA22E57ACB5DF9DF710853F9E07FADFADC2,GUEST_CAN_0185,PASS,AttentiveFP,2,family_cold,other,2.590630531311035
156,64,136,CCCCOc1cc2COCc3cc(OCCCC)cc4c3cc(OCCCC)cc4COCc3c(OCCCC)ccc4c3ccc(c4COCc3c4c(c(COCc5c(c1)c2cc(c5)OCCCC)c(OCCCC)cc4)ccc3OCCCC)OCCCC,Ic1ccc(cc1)C[N+](Cc1ccc(cc1)I)(C)C,other,6.1875,CCCCOc1cc2c3cc(OCCCC)cc(c3c1)COCc1cc(OCCCC)cc3c(cc(OCCCC)cc13)COCc1c(OCCCC)ccc3c(c(OCCCC)ccc13)COCc1c(OCCCC)ccc3c(c(OCCCC)ccc13)COC2,05C5083FBF551B3C1AE048E85E6B7F5EB796F7835740F408D7B4DF1173E7C142,HOST_CAN_0032,PASS,C[N+](C)(Cc1ccc(I)cc1)Cc1ccc(I)cc1,FA10A5527DEA09481BE819CE744AB7793DCECFAB19D5FD96A508CCC2E612D94A,GUEST_CAN_0596,PASS,AttentiveFP,2,family_cold,other,5.044105529785156
160,33,139,[H]C1(C(C(O[C@](OC2=C1C=C3[C@]4([H])CCC[N+](C)(C)C)([H])C5=CC(O6)=CC(OC7=CC8=CC(C[N+](C)(C)C)=C7)=C5)=C9)=CC%10=C9O[C@](C%11=CC(O8)=CC(OC%12=CC%13=CC(C[N+](C)(C)C)=C%12)=C%11)([H])OC%14=C(C%10([H])CCC[N+](C)(C)C)C=C%15C(O[C@](C%16=CC%17=CC(O%13)=C%16)([H])OC%18=CC(O[C@](C%19=CC(OC%20=CC(O%17)=CC(C[N+](C)(C)C)=C%20)=CC(OC%21=CC6=CC(C[N+](C)(C)C)=C%21)=C%19)([H])OC3=C2)=C4C=C%18[C@]%15([H])CCC[N+](C)(C)C)=C%14)CCC[N+](C)(C)C.[Cl-].[Cl-].[Cl-].[Cl-].[Cl-].[Cl-].[Cl-].[Cl-],[O-][Re](=O)(=O)=O.[Na+],other,3.556299924850464,C[N+](C)(C)CCCC1c2cc3c4cc2O[C@H]2Oc5cc6c(cc51)[C@H](CCC[N+](C)(C)C)c1cc5c7cc1O[C@H](O6)c1cc6cc(c1)Oc1cc(C[N+](C)(C)C)cc(c1)Oc1cc8cc(c1)[C@H](Oc1cc(c(cc1[C@H]5CCC[N+](C)(C)C)C3CCC[N+](C)(C)C)O[C@@H](O4)c1cc(cc(c1)Oc1cc(C[N+](C)(C)C)cc(c1)O8)Oc1cc(C[N+](C)(C)C)cc(c1)Oc1cc(cc2c1)Oc1cc(C[N+](C)(C)C)cc(c1)O6)O7.[Cl-].[Cl-].[Cl-].[Cl-].[Cl-].[Cl-].[Cl-].[Cl-],F783BB4F0E2D9595DCCBD26C1895FCF835428AF86721AF4DD7F78FB07FBB8527,HOST_CAN_0096,PASS,[Na+].[O]=[Re](=[O])(=[O])[O-],AF42F34AEEF70F9C56B1206AC16DC33D9D7E4B4A26CD3297530031FB0691E687,GUEST_CAN_1102,PASS,AttentiveFP,2,family_cold,other,2.3452885150909424
169,67,147,COCCOCCOCCN1C2C(N(C1=O)CCOCCOCCOC)N1C(=O)N2CN2C(=O)N(C3C2N(CCOCCOCCOC)C(=O)N3CCOCCOCCOC)CN2C(=O)N(C3C2N(CCOCCOCCOC)C(=O)N3CCOCCOCCOC)CN2C(=O)N(CN3C(=O)N(CN4C(=O)N(C1)C1C4N(C(=O)N1CCOCCOCCOC)CCOCCOCCOC)C1C3N(C(=O)N1CCOCCOCCOC)CCOCCOCCOC)C1C2N(CCOCCOCCOC)C(=O)N1CCOCCOCCOC,[Na+].[Br-],other,5.127099990844727,COCCOCCOCCN1C(=O)N(CCOCCOCCOC)C2C1N1CN3C(=O)N(CN4C(=O)N(CN5C(=O)N(CN6C(=O)N(CN7C(=O)N(CN2C1=O)C1C7N(CCOCCOCCOC)C(=O)N1CCOCCOCCOC)C1C6N(CCOCCOCCOC)C(=O)N1CCOCCOCCOC)C1C5N(CCOCCOCCOC)C(=O)N1CCOCCOCCOC)C1C4N(CCOCCOCCOC)C(=O)N1CCOCCOCCOC)C1C3N(CCOCCOCCOC)C(=O)N1CCOCCOCCOC,62192EF92C15D4B199D2DAB70679D4FE4B9DB65514F9B760A1D77C13905222B6,HOST_CAN_0056,PASS,[Br-].[Na+],416099B4B133E41EC087C7D86DCB47A138D611DA911F8EA68A7258F3B4B51E59,GUEST_CAN_1017,PASS,AttentiveFP,2,family_cold,other,2.464136838912964
182,69,158,NCCN1C=C(N=N1)COC(C=C2)=C(CNCC3=C(OCC(N=N4)=CN4CCN)C=CC5=C3C=C6)C7=C2C8=C(C=C7)OC9CC8C%10=C(O9)C=CC%11=C%10C=CC(OCC(N=N%12)=CN%12CCN)=C%11CNCC%13=C(OCC(N=N%14)=CN%14CCN)C=CC%15=C%13C=CC(O%16)=C%15C%17C5=C6OC%16C%17,C1=CC=C(C=C1)C(=O)O,other,3.6989998817443848,NCCn1cc(COc2ccc3c4c5ccc3c2CNCc2c(OCc3cn(CCN)nn3)ccc3c6c(ccc23)OC2CC6c3c(ccc6c(c(OCc7cn(CCN)nn7)ccc36)CNCc3c(OCc6cn(CCN)nn6)ccc6c7c(ccc36)OC(CC47)O5)O2)nn1,E69AC36986BDADC1E5A61FE9021251B6D5437DB096F231021CE94D055FF4BCBF,HOST_CAN_0113,PASS,O=C(O)c1ccccc1,FB7121A404676CF43E907EAABFB098AF18557AB9D043E43ECEF0481B99D8D8F1,GUEST_CAN_0890,PASS,AttentiveFP,2,family_cold,other,2.9400510787963867
183,70,159,COc1ccc2-c3ccc(c(c3)C#Cc3cc(OC)ccc3-c3ccc(c(c3)C#Cc3cc(OC)ccc3-c3cc(C#Cc4c(-c5c(C#Cc6c(-c7c(C#Cc2c1)cc(OC)cc7)ccc(c6)OC)cc(OC)cc5)ccc(c4)OC)c(OC)cc3)OC)OC,CCCC[n+]1ccc(cc1)c1cc[n+](cc1)CCCC,other,4.997399806976318,COc1ccc2c(c1)C#Cc1cc(ccc1OC)-c1ccc(OC)cc1C#Cc1cc(OC)ccc1-c1ccc(OC)cc1C#Cc1cc(OC)ccc1-c1ccc(OC)cc1C#Cc1cc(ccc1OC)-c1ccc(OC)cc1C#Cc1cc-2ccc1OC,B364BE40B8DDA45F28F670D2A9202F02E384B90196F7CF9F650990A32B5B26FC,HOST_CAN_0080,PASS,CCCC[n+]1ccc(-c2cc[n+](CCCC)cc2)cc1,95DBF877D7673A3A7628E4BFE5ADA40EEA022F7247250C9FA76A6EF1E9AA1A05,GUEST_CAN_0323,PASS,AttentiveFP,2,family_cold,other,4.94364070892334
191,9,167,[O-]C(=O)COc1ccc2c3c1CNC(=O)c1c(OCC(=O)[O-])ccc4c1ccc1c4C4CC(O1)Oc1c4c4ccc(c(C(=O)NCc5c6c(c7C8c2c(cc3)OC(C8)Oc7cc6)ccc5OCC(=O)[O-])c4cc1)OCC(=O)[O-].[NH4+].[NH4+].[NH4+].[NH4+],C1COCCO1,other,3.5434999465942383,O=C([O-])COc1ccc2c3c4ccc2c1CNC(=O)c1c(OCC(=O)[O-])ccc2c5c(ccc12)OC1CC5c2c(ccc5c(c(OCC(=O)[O-])ccc25)C(=O)NCc2c(OCC(=O)[O-])ccc5c6c(ccc25)OC(CC36)O4)O1.[NH4+].[NH4+].[NH4+].[NH4+],7D3830C6A6E10F82EEBCC3ED68B861BB21ED63B1DDB277580F3032527E5A1183,HOST_CAN_0139,PASS,C1COCCO1,53B5B2411B4BFE41E435D13DF6E66C572946E99310064792E760333B1B14CB05,GUEST_CAN_0037,PASS,AttentiveFP,2,family_cold,other,3.190424919128418
197,31,171,[Li+].[Li+].COP(OC)(=O)CC1=CC(=CC(=C1)NC(CCCNCC1=C(C=CC=C1)B(O)O)=O)CP([O-])([O-])=O,C1=CC(=C(C=C1CCN)O)O,other,2.3452999591827393,COP(=O)(Cc1cc(CP(=O)([O-])[O-])cc(NC(=O)CCCNCc2ccccc2B(O)O)c1)OC.[Li+].[Li+],7C21E70373346443530CC627F376BB4B733535AF04E79A7E4ACEFF4D5857B371,HOST_CAN_0066,PASS,NCCc1ccc(O)c(O)c1,8C989074BC36C962545C6731CBB09A9BCEAD59D65B1AEE4A0B8B096CFFB8E510,GUEST_CAN_0808,PASS,AttentiveFP,2,family_cold,other,2.7026143074035645
198,4,172,[Na]OS(=O)(=O)CCCCOC=1C=C(C=CC1)[C@@H]1N=C(OC1)CC1=C(C(=C(C(=C1C)CC=1OC[C@@H](N1)C1=CC(=CC=C1)OCCCCS(=O)(=O)O[Na])C)CC=1OC[C@@H](N1)C1=CC(=CC=C1)OCCCCS(=O)(=O)O[Na])C,C(CC(=O)O)CN,other,1.0,Cc1c(CC2=N[C@@H](c3cccc(OCCCCS(=O)(=O)[O][Na])c3)CO2)c(C)c(CC2=N[C@@H](c3cccc(OCCCCS(=O)(=O)[O][Na])c3)CO2)c(C)c1CC1=N[C@@H](c2cccc(OCCCCS(=O)(=O)[O][Na])c2)CO1,9E3429786C624B72E8FD089068975D2A1C33E04632FEA26EF01294722587A124,HOST_CAN_0098,PASS,NCCCC(=O)O,27B4AB76DF9E47A44493DE80500C8BD7328EB6FF0484FAA1847C0A6236987891,GUEST_CAN_0779,PASS,AttentiveFP,2,family_cold,other,2.2792720794677734
205,74,50,[Li+].[Li+].COP(OC)(=O)CC1=CC(=CC(=C1)NC(CCCN(C)CC1=C(C=CC=C1)B(O)O)=O)CP([O-])([O-])=O,C1=CC=C(C(=C1)O)O,other,2.3696000576019287,COP(=O)(Cc1cc(CP(=O)([O-])[O-])cc(NC(=O)CCCN(C)Cc2ccccc2B(O)O)c1)OC.[Li+].[Li+],7E42F839F9338A49BA3ED36631C1EA08827315A2F7E1A716582040F5B64BDC5A,HOST_CAN_0065,PASS,Oc1ccccc1O,D6044096AF0493CF06B8B5FDAA8C090BB98BA46AF75026C46D7FE4ACEF4715BB,GUEST_CAN_1007,PASS,AttentiveFP,2,family_cold,other,2.1775004863739014
209,9,182,[O-]C(=O)COc1ccc2c3c1CNC(=O)c1c(OCC(=O)[O-])ccc4c1ccc1c4C4CC(O1)Oc1c4c4ccc(c(C(=O)NCc5c6c(c7C8c2c(cc3)OC(C8)Oc7cc6)ccc5OCC(=O)[O-])c4cc1)OCC(=O)[O-].[NH4+].[NH4+].[NH4+].[NH4+],C1CCOCC1,other,1.8595000505447388,O=C([O-])COc1ccc2c3c4ccc2c1CNC(=O)c1c(OCC(=O)[O-])ccc2c5c(ccc12)OC1CC5c2c(ccc5c(c(OCC(=O)[O-])ccc25)C(=O)NCc2c(OCC(=O)[O-])ccc5c6c(ccc25)OC(CC36)O4)O1.[NH4+].[NH4+].[NH4+].[NH4+],7D3830C6A6E10F82EEBCC3ED68B861BB21ED63B1DDB277580F3032527E5A1183,HOST_CAN_0139,PASS,C1CCOCC1,E0A38598DE1D53573CE811CBA0B67722827A50C57A5C680311F16C1F0ECC1DD8,GUEST_CAN_0030,PASS,AttentiveFP,2,family_cold,other,3.4157309532165527
210,75,183,CN1[C@H]2[C@@H](N(C1=O)C)N3CN4[C@@H]5[C@@H](N(C(=O)N5C)C)N(C4=O)CN6[C@@H]7[C@@H](N(C(=O)N7C)C)N(C6=O)CN8[C@@H]9[C@@H](N(C(=O)N9C)C)N(C8=O)CN1[C@@H]4[C@@H](N(C(=O)N4C)C)N(C1=O)CN1[C@@H]4[C@@H](N(C(=O)N4C)C)N(C1=O)CN2C3=O,[B-](F)(F)(F)F,other,4.320099830627441,CN1C(=O)N(C)[C@@H]2[C@H]1N1CN3C(=O)N(CN4C(=O)N(CN5C(=O)N(CN6C(=O)N(CN7C(=O)N(CN2C1=O)[C@@H]1[C@H]7N(C)C(=O)N1C)[C@@H]1[C@H]6N(C)C(=O)N1C)[C@@H]1[C@H]5N(C)C(=O)N1C)[C@@H]1[C@H]4N(C)C(=O)N1C)[C@@H]1[C@H]3N(C)C(=O)N1C,D6C3F21332661BB9069594818AE00619D2227BBAE869749EDEEAB00A6EE038AA,HOST_CAN_0053,PASS,F[B-](F)(F)F,436A6B8CF102290FA624E32B2AE01FCD96D5223071B27811CF6FDE8C8695D533,GUEST_CAN_0704,PASS,AttentiveFP,2,family_cold,other,2.0766754150390625
218,54,189,[O-]C(=O)COc1c2c(c(c3c1C1CC3c3c1cc1c(c3)C3CC1c1c3cccc1)OCC(=O)[O-])C1CC2c2c1cc1c(c2)C2CC1c1c2cccc1.[Na+].[Na+],CC(=O)NC(CCCN=C(N)N)C(=O)OC.Cl,other,3.1540000438690186,O=C([O-])COc1c2c(c(OCC(=O)[O-])c3c1C1CC3c3cc4c(cc31)C1CC4c3ccccc31)C1CC2c2cc3c(cc21)C1CC3c2ccccc21.[Na+].[Na+],71E90553B9BBF31920DD1BD183D0F0C0585830F890A72ECB34B8E8CE3C7EDE35,HOST_CAN_0137,PASS,COC(=O)C(CCCN=C(N)N)NC(C)=O.Cl,E4655E8C60F01DAE0B94DB1C29D0E2D7F20D360ECF2AC968F56DB5F12FAE5898,GUEST_CAN_0437,PASS,AttentiveFP,2,family_cold,other,3.1766602993011475
222,35,102,[O-]P(=O)(Oc1c2c(c(c3c1C1CC3c3c1cc1c(c3)C3CC1c1c3cccc1)OP(=O)(C)[O-])C1CC2c2c1cc1c(c2)C2CC1c1c2cccc1)C.[Li+].[Li+],CC(=O)NC(CCCCN)C(=O)OC.Cl,other,4.058499813079834,CP(=O)([O-])Oc1c2c(c(OP(C)(=O)[O-])c3c1C1CC3c3cc4c(cc31)C1CC4c3ccccc31)C1CC2c2cc3c(cc21)C1CC3c2ccccc21.[Li+].[Li+],0523E219D88C79C8FF3952D24ADDE3A68E28198CE5EE5C77D8FECF429412627C,HOST_CAN_0082,PASS,COC(=O)C(CCCCN)NC(C)=O.Cl,5A0A62219231BC9A9B1FFE190DDB386916DC23A68C87DBD4EDE828D9A34D1434,GUEST_CAN_0436,PASS,AttentiveFP,2,family_cold,other,2.3887391090393066
227,9,196,[O-]C(=O)COc1ccc2c3c1CNC(=O)c1c(OCC(=O)[O-])ccc4c1ccc1c4C4CC(O1)Oc1c4c4ccc(c(C(=O)NCc5c6c(c7C8c2c(cc3)OC(C8)Oc7cc6)ccc5OCC(=O)[O-])c4cc1)OCC(=O)[O-].[NH4+].[NH4+].[NH4+].[NH4+],CCOCC,other,2.5508999824523926,O=C([O-])COc1ccc2c3c4ccc2c1CNC(=O)c1c(OCC(=O)[O-])ccc2c5c(ccc12)OC1CC5c2c(ccc5c(c(OCC(=O)[O-])ccc25)C(=O)NCc2c(OCC(=O)[O-])ccc5c6c(ccc25)OC(CC36)O4)O1.[NH4+].[NH4+].[NH4+].[NH4+],7D3830C6A6E10F82EEBCC3ED68B861BB21ED63B1DDB277580F3032527E5A1183,HOST_CAN_0139,PASS,CCOCC,F2EF24D8A92C71B25A77CA5F108DAD81819066E2824CDD28DF5B970402C795D1,GUEST_CAN_0365,PASS,AttentiveFP,2,family_cold,other,2.7876977920532227
234,37,201,C(CN(CC(=O)O)CC(=O)O)N(CC(=O)O)CC(=O)O,[Li+],other,2.8499999046325684,O=C(O)CN(CCN(CC(=O)O)CC(=O)O)CC(=O)O,6BFD1C3C84BE32FEF0887DE527CC95AE0C3680F389E80993C4242A4E3571F896,HOST_CAN_0123,PASS,[Li+],A7557B375892DC7E581DDC6CA9773574F95B6514113F07A19BDE6059504332FE,GUEST_CAN_1071,PASS,AttentiveFP,2,family_cold,other,1.8723394870758057
236,9,203,[O-]C(=O)COc1ccc2c3c1CNC(=O)c1c(OCC(=O)[O-])ccc4c1ccc1c4C4CC(O1)Oc1c4c4ccc(c(C(=O)NCc5c6c(c7C8c2c(cc3)OC(C8)Oc7cc6)ccc5OCC(=O)[O-])c4cc1)OCC(=O)[O-].[NH4+].[NH4+].[NH4+].[NH4+],C1CCOC1,other,2.0327999591827393,O=C([O-])COc1ccc2c3c4ccc2c1CNC(=O)c1c(OCC(=O)[O-])ccc2c5c(ccc12)OC1CC5c2c(ccc5c(c(OCC(=O)[O-])ccc25)C(=O)NCc2c(OCC(=O)[O-])ccc5c6c(ccc25)OC(CC36)O4)O1.[NH4+].[NH4+].[NH4+].[NH4+],7D3830C6A6E10F82EEBCC3ED68B861BB21ED63B1DDB277580F3032527E5A1183,HOST_CAN_0139,PASS,C1CCOC1,92623CCD36BC322BF260D54035FF640468C5FF006FE42959840EAA9126B6208E,GUEST_CAN_0029,PASS,AttentiveFP,2,family_cold,other,3.2296550273895264
248,48,210,[Na]OS(=O)(=O)CCCOc1c2CN3C(=O)N4[C@]5([C@@]3(N(Cc2c(c2c1cccc2)OCCCS(=O)(=O)O[Na])C(=O)N5CN1[C@@]2(N(C4)C(=O)N3[C@]2(C)N(C1=O)Cc1c(C3)c(OCCCS(=O)(=O)O[Na])c2c(c1OCCCS(=O)(=O)O[Na])cccc2)C)C)C,C[N+]1=C2C=CC=CC2=CC3=CC=CC=C31.[I-],other,5.704999923706055,C[C@]12N3Cc4c(c(OCCCS(=O)(=O)[O][Na])c5ccccc5c4OCCCS(=O)(=O)[O][Na])CN1C(=O)N1CN4C(=O)N5Cc6c(c(OCCCS(=O)(=O)[O][Na])c7ccccc7c6OCCCS(=O)(=O)[O][Na])CN6C(=O)N(CN(C3=O)[C@]12C)[C@]4(C)[C@@]56C,D18B807A904C56B05E199911FB10FFB774349CC49BBD32D2EFAFF4C892BA649F,HOST_CAN_0090,PASS,C[n+]1c2ccccc2cc2ccccc21.[I-],57395AF4E840AAD41114ACF69A1D6974B59562282A4BEFF7601372F4680606B4,GUEST_CAN_0618,PASS,AttentiveFP,2,family_cold,other,4.929015159606934
250,48,205,[Na]OS(=O)(=O)CCCOc1c2CN3C(=O)N4[C@]5([C@@]3(N(Cc2c(c2c1cccc2)OCCCS(=O)(=O)O[Na])C(=O)N5CN1[C@@]2(N(C4)C(=O)N3[C@]2(C)N(C1=O)Cc1c(C3)c(OCCCS(=O)(=O)O[Na])c2c(c1OCCCS(=O)(=O)O[Na])cccc2)C)C)C,CN(C)C1=CC2=C(C=C1)N=C3C=CC(=[N+](C)C)C=C3S2.[Cl-],other,7.598700046539307,C[C@]12N3Cc4c(c(OCCCS(=O)(=O)[O][Na])c5ccccc5c4OCCCS(=O)(=O)[O][Na])CN1C(=O)N1CN4C(=O)N5Cc6c(c(OCCCS(=O)(=O)[O][Na])c7ccccc7c6OCCCS(=O)(=O)[O][Na])CN6C(=O)N(CN(C3=O)[C@]12C)[C@]4(C)[C@@]56C,D18B807A904C56B05E199911FB10FFB774349CC49BBD32D2EFAFF4C892BA649F,HOST_CAN_0090,PASS,CN(C)c1ccc2nc3ccc(=[N+](C)C)cc-3sc2c1.[Cl-],3DE370A1BA5793291E648A02AB38D5B7C28AB576253437EAD27954C74B3FA491,GUEST_CAN_0412,PASS,AttentiveFP,2,family_cold,other,6.3591766357421875
251,81,212,[Na]OS(=O)(=O)CCCOc1c2CN3C(=O)N4[C@]5([C@@]3(N(Cc2c(c2c1cccc2)OCCCS(=O)(=O)O[Na])C(=O)N5CN1[C@@H]2N(C4)C(=O)N3[C@@H]2N(C1=O)CN1[C@@]2(N(C3)C(=O)N3[C@]2(C)N(C1=O)Cc1c(C3)c(OCCCS(=O)(=O)O[Na])c2c(c1OCCCS(=O)(=O)O[Na])cccc2)C)C)C,CCC1(C2=C(COC1=O)C(=O)N3CC4=CC5=CC=CC=C5N=C4C3=C2)O,other,3.3010001182556152,C[C@]12N3Cc4c(c(OCCCS(=O)(=O)[O][Na])c5ccccc5c4OCCCS(=O)(=O)[O][Na])CN1C(=O)N1CN4C(=O)N5CN6C(=O)N7Cc8c(c(OCCCS(=O)(=O)[O][Na])c9ccccc9c8OCCCS(=O)(=O)[O][Na])CN8C(=O)N(CN9C(=O)N(CN(C3=O)[C@]12C)[C@@H]4[C@H]95)[C@]6(C)[C@@]78C,1051D36AAACAE48FD5F1E66929B325E14F767999AA707E5010C4574020990EA7,HOST_CAN_0089,PASS,CCC1(O)C(=O)OCc2c1cc1n(c2=O)Cc2cc3ccccc3nc2-1,E9469B35D0FA832E6E52F35A157677A6168BC086499F2BDA38D585474E1165AE,GUEST_CAN_0263,PASS,AttentiveFP,2,family_cold,other,4.824428558349609
253,9,214,[O-]C(=O)COc1ccc2c3c1CNC(=O)c1c(OCC(=O)[O-])ccc4c1ccc1c4C4CC(O1)Oc1c4c4ccc(c(C(=O)NCc5c6c(c7C8c2c(cc3)OC(C8)Oc7cc6)ccc5OCC(=O)[O-])c4cc1)OCC(=O)[O-].[NH4+].[NH4+].[NH4+].[NH4+],CC1C(O1)C2=CC=CC=C2,other,5.219600200653076,O=C([O-])COc1ccc2c3c4ccc2c1CNC(=O)c1c(OCC(=O)[O-])ccc2c5c(ccc12)OC1CC5c2c(ccc5c(c(OCC(=O)[O-])ccc25)C(=O)NCc2c(OCC(=O)[O-])ccc5c6c(ccc25)OC(CC36)O4)O1.[NH4+].[NH4+].[NH4+].[NH4+],7D3830C6A6E10F82EEBCC3ED68B861BB21ED63B1DDB277580F3032527E5A1183,HOST_CAN_0139,PASS,CC1OC1c1ccccc1,54EBB6A09AE5F8E149FA481FA6C4198A306FEEFF951AD05F8AE3FD8CFB01AA30,GUEST_CAN_0245,PASS,AttentiveFP,2,family_cold,other,3.431095838546753
260,48,81,[Na]OS(=O)(=O)CCCOc1c2CN3C(=O)N4[C@]5([C@@]3(N(Cc2c(c2c1cccc2)OCCCS(=O)(=O)O[Na])C(=O)N5CN1[C@@]2(N(C4)C(=O)N3[C@]2(C)N(C1=O)Cc1c(C3)c(OCCCS(=O)(=O)O[Na])c2c(c1OCCCS(=O)(=O)O[Na])cccc2)C)C)C,Cc1cc2nc3-c([nH]c2cc1N)cc(=[N+](C)C)cc3,other,5.418300151824951,C[C@]12N3Cc4c(c(OCCCS(=O)(=O)[O][Na])c5ccccc5c4OCCCS(=O)(=O)[O][Na])CN1C(=O)N1CN4C(=O)N5Cc6c(c(OCCCS(=O)(=O)[O][Na])c7ccccc7c6OCCCS(=O)(=O)[O][Na])CN6C(=O)N(CN(C3=O)[C@]12C)[C@]4(C)[C@@]56C,D18B807A904C56B05E199911FB10FFB774349CC49BBD32D2EFAFF4C892BA649F,HOST_CAN_0090,PASS,Cc1cc2nc3ccc(=[N+](C)C)cc-3[nH]c2cc1N,C5DF1E7584A7298C9907FD74E586B8A2459B4C1C8328AB00C60A72DAE728E305,GUEST_CAN_0651,PASS,AttentiveFP,2,family_cold,other,4.310026168823242
267,60,223,CCCCOc1ccc2c3c1COCc1c(OCCCC)ccc4c1ccc1c4C4CC(O1)Oc1c4c4ccc(c(COCc5c6c(c7C8c2c(cc3)OC(C8)Oc7cc6)ccc5OCCCC)c4cc1)OCCCC,C(CCC[N+]12CCN(CC1)CC2)CCC[N+]12CCN(CC1)CC2,other,5.491399765014648,CCCCOc1ccc2c3c4ccc2c1COCc1c(OCCCC)ccc2c5c(ccc12)OC1CC5c2c(ccc5c(c(OCCCC)ccc25)COCc2c(OCCCC)ccc5c6c(ccc25)OC(CC36)O4)O1,88DCF2D39B7DF2B43B3F0E5C1B57BDEDED9EEF541105412EB4DABE8747E45264,HOST_CAN_0034,PASS,C(CCC[N+]12CCN(CC1)CC2)CCC[N+]12CCN(CC1)CC2,8DBB35269ED6B69D3115CD21AF656D15E1EF7024D6AD65FEB5A94BD00024DA27,GUEST_CAN_0009,PASS,AttentiveFP,2,family_cold,other,5.548219680786133
277,86,114,[Na]OS(=O)(=O)CCCCOC=1C=C(C=CC1)[C@@H]1N=C(OC1)CC1=C(C(=C(C(=C1CC)CC=1OC[C@@H](N1)C1=CC(=CC=C1)OCCCCS(=O)(=O)O[Na])CC)CC=1OC[C@@H](N1)C1=CC(=CC=C1)OCCCCS(=O)(=O)O[Na])CC,C1=CC(=C(C=C1CCN)O)O.Cl,other,2.2504000663757324,CCc1c(CC2=N[C@@H](c3cccc(OCCCCS(=O)(=O)[O][Na])c3)CO2)c(CC)c(CC2=N[C@@H](c3cccc(OCCCCS(=O)(=O)[O][Na])c3)CO2)c(CC)c1CC1=N[C@@H](c2cccc(OCCCCS(=O)(=O)[O][Na])c2)CO1,A0794E3195B22DC21424CE7BDC74C772C0ED7BF37D1C4B8CF085F54EF0D1331E,HOST_CAN_0047,PASS,Cl.NCCc1ccc(O)c(O)c1,3F79E9799FBBC5EB4B4CED2B038F192B77EBCD775815447FBD52E31EB152AD2D,GUEST_CAN_0690,PASS,AttentiveFP,2,family_cold,other,3.343639850616455
282,87,234,CCCCOc1c(OCCCC)c2COCc3c(OCCCC)c(OCCCC)c(c4c3cccc4)COCc3c(c(c(COCc4c(c(c(COCc1c1c2cccc1)c1ccccc41)OCCCC)OCCCC)c1c3cccc1)OCCCC)OCCCC,CSc1ccc(cc1)C[N+](Cc1ccc(cc1)SC)(C)C,other,5.361700057983398,CCCCOc1c(OCCCC)c2c3ccccc3c1COCc1c(OCCCC)c(OCCCC)c(c3ccccc13)COCc1c(OCCCC)c(OCCCC)c(c3ccccc13)COCc1c(OCCCC)c(OCCCC)c(c3ccccc13)COC2,A699E12937358A216FBA45A53678131D8F7DBBB042BA5E7F52621C78F0465945,HOST_CAN_0031,PASS,CSc1ccc(C[N+](C)(C)Cc2ccc(SC)cc2)cc1,452D4C5D70F7FD3C24610097C33C01CFFCA59A04FC7CD065AD27A7327514ABD6,GUEST_CAN_0536,PASS,AttentiveFP,2,family_cold,other,5.3972578048706055
283,70,235,COc1ccc2-c3ccc(c(c3)C#Cc3cc(OC)ccc3-c3ccc(c(c3)C#Cc3cc(OC)ccc3-c3cc(C#Cc4c(-c5c(C#Cc6c(-c7c(C#Cc2c1)cc(OC)cc7)ccc(c6)OC)cc(OC)cc5)ccc(c4)OC)c(OC)cc3)OC)OC,C[C@@H]1C[N+](C)(C)CC[N+]1(C)C,other,6.9899001121521,COc1ccc2c(c1)C#Cc1cc(ccc1OC)-c1ccc(OC)cc1C#Cc1cc(OC)ccc1-c1ccc(OC)cc1C#Cc1cc(OC)ccc1-c1ccc(OC)cc1C#Cc1cc(ccc1OC)-c1ccc(OC)cc1C#Cc1cc-2ccc1OC,B364BE40B8DDA45F28F670D2A9202F02E384B90196F7CF9F650990A32B5B26FC,HOST_CAN_0080,PASS,C[C@@H]1C[N+](C)(C)CC[N+]1(C)C,65577A3E76362A83202E2EED4AA7A3FD718018120BCC68BE830F6D8CE55B01E3,GUEST_CAN_0541,PASS,AttentiveFP,2,family_cold,other,4.530762672424316
287,48,238,[Na]OS(=O)(=O)CCCOc1c2CN3C(=O)N4[C@]5([C@@]3(N(Cc2c(c2c1cccc2)OCCCS(=O)(=O)O[Na])C(=O)N5CN1[C@@]2(N(C4)C(=O)N3[C@]2(C)N(C1=O)Cc1c(C3)c(OCCCS(=O)(=O)O[Na])c2c(c1OCCCS(=O)(=O)O[Na])cccc2)C)C)C,[NH3+][C@@H]1CC[C@H](CC1)[NH3+].[Cl-].[Cl-],other,1.7559000253677368,C[C@]12N3Cc4c(c(OCCCS(=O)(=O)[O][Na])c5ccccc5c4OCCCS(=O)(=O)[O][Na])CN1C(=O)N1CN4C(=O)N5Cc6c(c(OCCCS(=O)(=O)[O][Na])c7ccccc7c6OCCCS(=O)(=O)[O][Na])CN6C(=O)N(CN(C3=O)[C@]12C)[C@]4(C)[C@@]56C,D18B807A904C56B05E199911FB10FFB774349CC49BBD32D2EFAFF4C892BA649F,HOST_CAN_0090,PASS,[Cl-].[Cl-].[NH3+][C@H]1CC[C@H]([NH3+])CC1,E9F9FA4299BFC1D79397C498274130D26D2EE95ED4CFAA951C8CFA2222B9A1F7,GUEST_CAN_1033,PASS,AttentiveFP,2,family_cold,other,7.596194267272949
290,88,240,OCCNC(=O)CCCCCN1C2C(N(C1=O)CCCCCC(=O)NCCO)N1C(=O)N2CN2C(=O)N(C3C2N(CCCCCC(=O)NCCO)C(=O)N3CCCCCC(=O)NCCO)CN2C(=O)N(C3C2N(CCCCCC(=O)NCCO)C(=O)N3CCCCCC(=O)NCCO)CN2C(=O)N(CN3C(=O)N(CN4C(=O)N(C1)C1C4N(C(=O)N1CCCCCC(=O)NCCO)CCCCCC(=O)NCCO)C1C3N(C(=O)N1CCCCCC(=O)NCCO)CCCCCC(=O)NCCO)[C@H]1[C@@H]2N(CCCCCC(=O)NCCO)C(=O)N1CCCCCC(=O)NCCO,[I-],other,7.113900184631348,O=C(CCCCCN1C(=O)N(CCCCCC(=O)NCCO)C2C1N1CN3C(=O)N(CN4C(=O)N(CN5C(=O)N(CN6C(=O)N(CN7C(=O)N(CN2C1=O)C1C7N(CCCCCC(=O)NCCO)C(=O)N1CCCCCC(=O)NCCO)C1C6N(CCCCCC(=O)NCCO)C(=O)N1CCCCCC(=O)NCCO)[C@H]1[C@@H]5N(CCCCCC(=O)NCCO)C(=O)N1CCCCCC(=O)NCCO)C1C4N(CCCCCC(=O)NCCO)C(=O)N1CCCCCC(=O)NCCO)C1C3N(CCCCCC(=O)NCCO)C(=O)N1CCCCCC(=O)NCCO)NCCO,65359C3904626CF699505BCBFBC7F41BCE668DDDD74C9E170F9BA10094BB9AD9,HOST_CAN_0116,PASS,[I-],D585322DA0D35F9B1699343EB51C65D22F4552CDEB467642740D4A8D61702967,GUEST_CAN_1063,PASS,AttentiveFP,2,family_cold,other,4.864415168762207
291,37,21,C(CN(CC(=O)O)CC(=O)O)N(CC(=O)O)CC(=O)O,[Sr+2],other,8.800000190734863,O=C(O)CN(CCN(CC(=O)O)CC(=O)O)CC(=O)O,6BFD1C3C84BE32FEF0887DE527CC95AE0C3680F389E80993C4242A4E3571F896,HOST_CAN_0123,PASS,[Sr+2],B6D37E5B591B608C4BE7D5E471532F87A202E5D6C60D3F594302E0BACEDD0483,GUEST_CAN_1113,PASS,AttentiveFP,2,family_cold,other,3.5370991230010986
294,33,53,[H]C1(C(C(O[C@](OC2=C1C=C3[C@]4([H])CCC[N+](C)(C)C)([H])C5=CC(O6)=CC(OC7=CC8=CC(C[N+](C)(C)C)=C7)=C5)=C9)=CC%10=C9O[C@](C%11=CC(O8)=CC(OC%12=CC%13=CC(C[N+](C)(C)C)=C%12)=C%11)([H])OC%14=C(C%10([H])CCC[N+](C)(C)C)C=C%15C(O[C@](C%16=CC%17=CC(O%13)=C%16)([H])OC%18=CC(O[C@](C%19=CC(OC%20=CC(O%17)=CC(C[N+](C)(C)C)=C%20)=CC(OC%21=CC6=CC(C[N+](C)(C)C)=C%21)=C%19)([H])OC3=C2)=C4C=C%18[C@]%15([H])CCC[N+](C)(C)C)=C%14)CCC[N+](C)(C)C.[Cl-].[Cl-].[Cl-].[Cl-].[Cl-].[Cl-].[Cl-].[Cl-],[Na+].[Cl-],other,2.079200029373169,C[N+](C)(C)CCCC1c2cc3c4cc2O[C@H]2Oc5cc6c(cc51)[C@H](CCC[N+](C)(C)C)c1cc5c7cc1O[C@H](O6)c1cc6cc(c1)Oc1cc(C[N+](C)(C)C)cc(c1)Oc1cc8cc(c1)[C@H](Oc1cc(c(cc1[C@H]5CCC[N+](C)(C)C)C3CCC[N+](C)(C)C)O[C@@H](O4)c1cc(cc(c1)Oc1cc(C[N+](C)(C)C)cc(c1)O8)Oc1cc(C[N+](C)(C)C)cc(c1)Oc1cc(cc2c1)Oc1cc(C[N+](C)(C)C)cc(c1)O6)O7.[Cl-].[Cl-].[Cl-].[Cl-].[Cl-].[Cl-].[Cl-].[Cl-],F783BB4F0E2D9595DCCBD26C1895FCF835428AF86721AF4DD7F78FB07FBB8527,HOST_CAN_0096,PASS,[Cl-].[Na+],75BE434EC1982F4169BCC68DFF522D1CE80C4ED9F32BD5BD82D1768FC8A5ED44,GUEST_CAN_1040,PASS,AttentiveFP,2,family_cold,other,2.296351909637451
301,33,157,[H]C1(C(C(O[C@](OC2=C1C=C3[C@]4([H])CCC[N+](C)(C)C)([H])C5=CC(O6)=CC(OC7=CC8=CC(C[N+](C)(C)C)=C7)=C5)=C9)=CC%10=C9O[C@](C%11=CC(O8)=CC(OC%12=CC%13=CC(C[N+](C)(C)C)=C%12)=C%11)([H])OC%14=C(C%10([H])CCC[N+](C)(C)C)C=C%15C(O[C@](C%16=CC%17=CC(O%13)=C%16)([H])OC%18=CC(O[C@](C%19=CC(OC%20=CC(O%17)=CC(C[N+](C)(C)C)=C%20)=CC(OC%21=CC6=CC(C[N+](C)(C)C)=C%21)=C%19)([H])OC3=C2)=C4C=C%18[C@]%15([H])CCC[N+](C)(C)C)=C%14)CCC[N+](C)(C)C.[Cl-].[Cl-].[Cl-].[Cl-].[Cl-].[Cl-].[Cl-].[Cl-],F[P-](F)(F)(F)(F)F.[Na+],other,3.627700090408325,C[N+](C)(C)CCCC1c2cc3c4cc2O[C@H]2Oc5cc6c(cc51)[C@H](CCC[N+](C)(C)C)c1cc5c7cc1O[C@H](O6)c1cc6cc(c1)Oc1cc(C[N+](C)(C)C)cc(c1)Oc1cc8cc(c1)[C@H](Oc1cc(c(cc1[C@H]5CCC[N+](C)(C)C)C3CCC[N+](C)(C)C)O[C@@H](O4)c1cc(cc(c1)Oc1cc(C[N+](C)(C)C)cc(c1)O8)Oc1cc(C[N+](C)(C)C)cc(c1)Oc1cc(cc2c1)Oc1cc(C[N+](C)(C)C)cc(c1)O6)O7.[Cl-].[Cl-].[Cl-].[Cl-].[Cl-].[Cl-].[Cl-].[Cl-],F783BB4F0E2D9595DCCBD26C1895FCF835428AF86721AF4DD7F78FB07FBB8527,HOST_CAN_0096,PASS,F[P-](F)(F)(F)(F)F.[Na+],70B37F864AA04D4E558B70627441F815145BB79C93E4218BE310755F84FFDF85,GUEST_CAN_0710,PASS,AttentiveFP,2,family_cold,other,2.879587411880493
303,35,247,[O-]P(=O)(Oc1c2c(c(c3c1C1CC3c3c1cc1c(c3)C3CC1c1c3cccc1)OP(=O)(C)[O-])C1CC2c2c1cc1c(c2)C2CC1c1c2cccc1)C.[Li+].[Li+],CCCN.Cl,other,2.949399948120117,CP(=O)([O-])Oc1c2c(c(OP(C)(=O)[O-])c3c1C1CC3c3cc4c(cc31)C1CC4c3ccccc31)C1CC2c2cc3c(cc21)C1CC3c2ccccc21.[Li+].[Li+],0523E219D88C79C8FF3952D24ADDE3A68E28198CE5EE5C77D8FECF429412627C,HOST_CAN_0082,PASS,CCCN.Cl,0DCC17E8B00F17B7291FB9769588B735E70476832867685D99D2E1845EF423BB,GUEST_CAN_0330,PASS,AttentiveFP,2,family_cold,other,2.496192693710327
309,67,82,COCCOCCOCCN1C2C(N(C1=O)CCOCCOCCOC)N1C(=O)N2CN2C(=O)N(C3C2N(CCOCCOCCOC)C(=O)N3CCOCCOCCOC)CN2C(=O)N(C3C2N(CCOCCOCCOC)C(=O)N3CCOCCOCCOC)CN2C(=O)N(CN3C(=O)N(CN4C(=O)N(C1)C1C4N(C(=O)N1CCOCCOCCOC)CCOCCOCCOC)C1C3N(C(=O)N1CCOCCOCCOC)CCOCCOCCOC)C1C2N(CCOCCOCCOC)C(=O)N1CCOCCOCCOC,[Br-],other,5.113900184631348,COCCOCCOCCN1C(=O)N(CCOCCOCCOC)C2C1N1CN3C(=O)N(CN4C(=O)N(CN5C(=O)N(CN6C(=O)N(CN7C(=O)N(CN2C1=O)C1C7N(CCOCCOCCOC)C(=O)N1CCOCCOCCOC)C1C6N(CCOCCOCCOC)C(=O)N1CCOCCOCCOC)C1C5N(CCOCCOCCOC)C(=O)N1CCOCCOCCOC)C1C4N(CCOCCOCCOC)C(=O)N1CCOCCOCCOC)C1C3N(CCOCCOCCOC)C(=O)N1CCOCCOCCOC,62192EF92C15D4B199D2DAB70679D4FE4B9DB65514F9B760A1D77C13905222B6,HOST_CAN_0056,PASS,[Br-],E6DA0DF46FDF8347E7A30490E2A486EB72695875E66B86F4DB498CD7FE50292E,GUEST_CAN_1014,PASS,AttentiveFP,2,family_cold,other,2.911501884460449
320,75,259,CN1[C@H]2[C@@H](N(C1=O)C)N3CN4[C@@H]5[C@@H](N(C(=O)N5C)C)N(C4=O)CN6[C@@H]7[C@@H](N(C(=O)N7C)C)N(C6=O)CN8[C@@H]9[C@@H](N(C(=O)N9C)C)N(C8=O)CN1[C@@H]4[C@@H](N(C(=O)N4C)C)N(C1=O)CN1[C@@H]4[C@@H](N(C(=O)N4C)C)N(C1=O)CN2C3=O,O.[Na+].[SH-],other,4.230400085449219,CN1C(=O)N(C)[C@@H]2[C@H]1N1CN3C(=O)N(CN4C(=O)N(CN5C(=O)N(CN6C(=O)N(CN7C(=O)N(CN2C1=O)[C@@H]1[C@H]7N(C)C(=O)N1C)[C@@H]1[C@H]6N(C)C(=O)N1C)[C@@H]1[C@H]5N(C)C(=O)N1C)[C@@H]1[C@H]4N(C)C(=O)N1C)[C@@H]1[C@H]3N(C)C(=O)N1C,D6C3F21332661BB9069594818AE00619D2227BBAE869749EDEEAB00A6EE038AA,HOST_CAN_0053,PASS,O.[Na+].[SH-],6AB4F15725C0C493021ACFD5241D72DEC2416E3E783F239DE772FE3ED1470BA5,GUEST_CAN_0846,PASS,AttentiveFP,2,family_cold,other,2.5783119201660156
322,35,261,[O-]P(=O)(Oc1c2c(c(c3c1C1CC3c3c1cc1c(c3)C3CC1c1c3cccc1)OP(=O)(C)[O-])C1CC2c2c1cc1c(c2)C2CC1c1c2cccc1)C.[Li+].[Li+],COC(=O)[C@@H](NS(=O)(=O)c1ccc(cc1)C)CCCNC(=N)N.Cl,other,3.573699951171875,CP(=O)([O-])Oc1c2c(c(OP(C)(=O)[O-])c3c1C1CC3c3cc4c(cc31)C1CC4c3ccccc31)C1CC2c2cc3c(cc21)C1CC3c2ccccc21.[Li+].[Li+],0523E219D88C79C8FF3952D24ADDE3A68E28198CE5EE5C77D8FECF429412627C,HOST_CAN_0082,PASS,COC(=O)[C@H](CCCNC(=N)N)NS(=O)(=O)c1ccc(C)cc1.Cl,69A1872FFEDA0E526380090CB624BBF1E6E0B92AC270F4DB98A98EF1634A5CC4,GUEST_CAN_0448,PASS,AttentiveFP,2,family_cold,other,2.6587700843811035
323,91,63,C1COCCOCCN2CCOCCOCCN1CCOCCOCC2,[Rb+],other,4.350200176239014,C1COCCN2CCOCCOCCN(CCO1)CCOCCOCC2,40814B22E6CD93EB1FEFBD67E296A6414B9006E7DE8AD543F38C842653A2E43C,HOST_CAN_0004,PASS,[Rb+],A81E1030429F736D8E35EA84C21CDFC8BA21CABFAB462465BE82BDA25EAD58DF,GUEST_CAN_1109,PASS,AttentiveFP,2,family_cold,other,2.1965889930725098
327,9,265,[O-]C(=O)COc1ccc2c3c1CNC(=O)c1c(OCC(=O)[O-])ccc4c1ccc1c4C4CC(O1)Oc1c4c4ccc(c(C(=O)NCc5c6c(c7C8c2c(cc3)OC(C8)Oc7cc6)ccc5OCC(=O)[O-])c4cc1)OCC(=O)[O-].[NH4+].[NH4+].[NH4+].[NH4+],C1COCO1,other,2.654400110244751,O=C([O-])COc1ccc2c3c4ccc2c1CNC(=O)c1c(OCC(=O)[O-])ccc2c5c(ccc12)OC1CC5c2c(ccc5c(c(OCC(=O)[O-])ccc25)C(=O)NCc2c(OCC(=O)[O-])ccc5c6c(ccc25)OC(CC36)O4)O1.[NH4+].[NH4+].[NH4+].[NH4+],7D3830C6A6E10F82EEBCC3ED68B861BB21ED63B1DDB277580F3032527E5A1183,HOST_CAN_0139,PASS,C1COCO1,6329F6891F70FDFD32D72476ABBEFB6363AC07912B1D5C569A6DEAD6D6807EA4,GUEST_CAN_0038,PASS,AttentiveFP,2,family_cold,other,3.0283589363098145
331,17,266,COP(=O)(Cc1cc2ccc1OCc1cc(COc3ccc(cc3CP(=O)(OC)[O-])C(C)(C)c3ccc(OCc4cc(COc5ccc(C2(C)C)cc5CP(=O)(OC)[O-])cc(c4)[N+](=O)[O-])c(c3)CP(=O)(OC)[O-])cc(c1)[N+](=O)[O-])[O-],CC(C)NCC(COC1=CC=CC2=CC=CC=C21)O,other,2.3096001148223877,COP(=O)([O-])Cc1cc2ccc1OCc1cc(cc([N+](=O)[O-])c1)COc1ccc(cc1CP(=O)([O-])OC)C(C)(C)c1ccc(c(CP(=O)([O-])OC)c1)OCc1cc(cc([N+](=O)[O-])c1)COc1ccc(cc1CP(=O)([O-])OC)C2(C)C,5C9812D0AA59E8C93387DCBA9CDBD0E45705FA87B439937B162042CB092EC8B9,HOST_CAN_0069,PASS,CC(C)NCC(O)COc1cccc2ccccc12,C83FE2575B52094E5AAAE5B87A3D2190DEEB591DD081D29E922B35745C847BBD,GUEST_CAN_0161,PASS,AttentiveFP,2,family_cold,other,1.6593379974365234
332,69,267,NCCN1C=C(N=N1)COC(C=C2)=C(CNCC3=C(OCC(N=N4)=CN4CCN)C=CC5=C3C=C6)C7=C2C8=C(C=C7)OC9CC8C%10=C(O9)C=CC%11=C%10C=CC(OCC(N=N%12)=CN%12CCN)=C%11CNCC%13=C(OCC(N=N%14)=CN%14CCN)C=CC%15=C%13C=CC(O%16)=C%15C%17C5=C6OC%16C%17,C1=CC=C(C=C1)CC(=O)O,other,4.223599910736084,NCCn1cc(COc2ccc3c4c5ccc3c2CNCc2c(OCc3cn(CCN)nn3)ccc3c6c(ccc23)OC2CC6c3c(ccc6c(c(OCc7cn(CCN)nn7)ccc36)CNCc3c(OCc6cn(CCN)nn6)ccc6c7c(ccc36)OC(CC47)O5)O2)nn1,E69AC36986BDADC1E5A61FE9021251B6D5437DB096F231021CE94D055FF4BCBF,HOST_CAN_0113,PASS,O=C(O)Cc1ccccc1,CDC327033EEEA935CE7B18A021AC4EEC8A15F4B61C90D20EF1DA9875BA8FC256,GUEST_CAN_0880,PASS,AttentiveFP,2,family_cold,other,3.0580782890319824
342,9,182,[O-]C(=O)COc1ccc2c3c1CNC(=O)c1c(OCC(=O)[O-])ccc4c1ccc1c4C4CC(O1)Oc1c4c4ccc(c(C(=O)NCc5c6c(c7C8c2c(cc3)OC(C8)Oc7cc6)ccc5OCC(=O)[O-])c4cc1)OCC(=O)[O-].[NH4+].[NH4+].[NH4+].[NH4+],C1CCOCC1,other,1.7782000303268433,O=C([O-])COc1ccc2c3c4ccc2c1CNC(=O)c1c(OCC(=O)[O-])ccc2c5c(ccc12)OC1CC5c2c(ccc5c(c(OCC(=O)[O-])ccc25)C(=O)NCc2c(OCC(=O)[O-])ccc5c6c(ccc25)OC(CC36)O4)O1.[NH4+].[NH4+].[NH4+].[NH4+],7D3830C6A6E10F82EEBCC3ED68B861BB21ED63B1DDB277580F3032527E5A1183,HOST_CAN_0139,PASS,C1CCOCC1,E0A38598DE1D53573CE811CBA0B67722827A50C57A5C680311F16C1F0ECC1DD8,GUEST_CAN_0030,PASS,AttentiveFP,2,family_cold,other,3.4157309532165527
346,92,278,[O-]C(=O)COc1cc(OCC(=O)[O-])c2-c3ccc4c(c3)cc(-c3cc(Cc5cc(-c6cc7cc(-c8cc(Cc1c2)c(OCC(=O)[O-])cc8OCC(=O)[O-])ccc7cc6)c(OCC(=O)[O-])cc5OCC(=O)[O-])c(cc3OCC(=O)[O-])OCC(=O)[O-])cc4.[NH4+].[NH4+].[NH4+].[NH4+].[NH4+].[NH4+].[NH4+].[NH4+],C[n+]1ccc(cc1)c1ccc(cc1)Br,other,6.457399845123291,O=C([O-])COc1cc(OCC(=O)[O-])c2cc1Cc1cc(c(OCC(=O)[O-])cc1OCC(=O)[O-])-c1ccc3ccc(cc3c1)-c1cc(c(OCC(=O)[O-])cc1OCC(=O)[O-])Cc1cc(c(OCC(=O)[O-])cc1OCC(=O)[O-])-c1ccc3ccc-2cc3c1.[NH4+].[NH4+].[NH4+].[NH4+].[NH4+].[NH4+].[NH4+].[NH4+],56D3222FBB5E69B73B3A70699D6C6231A5D1E6246B2D1238D3BD2287A4DAF3AF,HOST_CAN_0138,PASS,C[n+]1ccc(-c2ccc(Br)cc2)cc1,4503756F9183CD7A09070242C6913DDB2868C02B25BD53571C5E6C837CD4AE57,GUEST_CAN_0631,PASS,AttentiveFP,2,family_cold,other,5.298239231109619
348,93,22,B(C1=CC=CC=C1CN(C)CC2=C3C=CC=CC3=CC4=CC=CC=C42)(O)O,CNCC(C1=CC(=C(C=C1)O)O)O,other,3.759700059890747,CN(Cc1ccccc1B(O)O)Cc1c2ccccc2cc2ccccc12,9825767B9F0751EB9842923F025CD2CC724B335E584E46D5C77C9CA19EF79BB5,HOST_CAN_0052,PASS,CNCC(O)c1ccc(O)c(O)c1,6ECE6CFFF6E84A2846BFDF3E647E6C18CCEA435B77A528E23C38803D697997FC,GUEST_CAN_0428,PASS,AttentiveFP,2,family_cold,other,3.102546215057373
355,94,283,CC(C(O[Na])=O)OC(C(OC(C)C(O[Na])=O)=C1)=CC2=C1C(C=C(OC(C(O[Na])=O)C)C(OC(C(O[Na])=O)C)=C3)=C3C4=C2C=C(OC(C(O[Na])=O)C)C(OC(C)C(O[Na])=O)=C4,C(C(C1C(=C(C(=O)O1)O)O)O)O,other,0.0,CC(Oc1cc2c3cc(OC(C)C(=O)[O][Na])c(OC(C)C(=O)[O][Na])cc3c3cc(OC(C)C(=O)[O][Na])c(OC(C)C(=O)[O][Na])cc3c2cc1OC(C)C(=O)[O][Na])C(=O)[O][Na],BA584CA32AF40B5CC01118169993C3B68F1DD55FC57084F45766D3D97748C6AD,HOST_CAN_0016,PASS,O=C1OC(C(O)CO)C(O)=C1O,CF1446AA0DE93D2468C2E70BEE2FCB331BFCB891BE0066305793D3E082434FE6,GUEST_CAN_0921,PASS,AttentiveFP,2,family_cold,other,2.0142648220062256
359,33,23,[H]C1(C(C(O[C@](OC2=C1C=C3[C@]4([H])CCC[N+](C)(C)C)([H])C5=CC(O6)=CC(OC7=CC8=CC(C[N+](C)(C)C)=C7)=C5)=C9)=CC%10=C9O[C@](C%11=CC(O8)=CC(OC%12=CC%13=CC(C[N+](C)(C)C)=C%12)=C%11)([H])OC%14=C(C%10([H])CCC[N+](C)(C)C)C=C%15C(O[C@](C%16=CC%17=CC(O%13)=C%16)([H])OC%18=CC(O[C@](C%19=CC(OC%20=CC(O%17)=CC(C[N+](C)(C)C)=C%20)=CC(OC%21=CC6=CC(C[N+](C)(C)C)=C%21)=C%19)([H])OC3=C2)=C4C=C%18[C@]%15([H])CCC[N+](C)(C)C)=C%14)CCC[N+](C)(C)C.[Cl-].[Cl-].[Cl-].[Cl-].[Cl-].[Cl-].[Cl-].[Cl-],C(#N)[S-].[Na+],other,3.110100030899048,C[N+](C)(C)CCCC1c2cc3c4cc2O[C@H]2Oc5cc6c(cc51)[C@H](CCC[N+](C)(C)C)c1cc5c7cc1O[C@H](O6)c1cc6cc(c1)Oc1cc(C[N+](C)(C)C)cc(c1)Oc1cc8cc(c1)[C@H](Oc1cc(c(cc1[C@H]5CCC[N+](C)(C)C)C3CCC[N+](C)(C)C)O[C@@H](O4)c1cc(cc(c1)Oc1cc(C[N+](C)(C)C)cc(c1)O8)Oc1cc(C[N+](C)(C)C)cc(c1)Oc1cc(cc2c1)Oc1cc(C[N+](C)(C)C)cc(c1)O6)O7.[Cl-].[Cl-].[Cl-].[Cl-].[Cl-].[Cl-].[Cl-].[Cl-],F783BB4F0E2D9595DCCBD26C1895FCF835428AF86721AF4DD7F78FB07FBB8527,HOST_CAN_0096,PASS,N#C[S-].[Na+],C7EA3C834D4CD40D84736D62A55B84043DA6CC95962CF4DF2592DE68C06B9A69,GUEST_CAN_0714,PASS,AttentiveFP,2,family_cold,other,2.115017890930176
370,64,234,CCCCOc1cc2COCc3cc(OCCCC)cc4c3cc(OCCCC)cc4COCc3c(OCCCC)ccc4c3ccc(c4COCc3c4c(c(COCc5c(c1)c2cc(c5)OCCCC)c(OCCCC)cc4)ccc3OCCCC)OCCCC,CSc1ccc(cc1)C[N+](Cc1ccc(cc1)SC)(C)C,other,5.478600025177002,CCCCOc1cc2c3cc(OCCCC)cc(c3c1)COCc1cc(OCCCC)cc3c(cc(OCCCC)cc13)COCc1c(OCCCC)ccc3c(c(OCCCC)ccc13)COCc1c(OCCCC)ccc3c(c(OCCCC)ccc13)COC2,05C5083FBF551B3C1AE048E85E6B7F5EB796F7835740F408D7B4DF1173E7C142,HOST_CAN_0032,PASS,CSc1ccc(C[N+](C)(C)Cc2ccc(SC)cc2)cc1,452D4C5D70F7FD3C24610097C33C01CFFCA59A04FC7CD065AD27A7327514ABD6,GUEST_CAN_0536,PASS,AttentiveFP,2,family_cold,other,5.365189075469971
372,9,292,[O-]C(=O)COc1ccc2c3c1CNC(=O)c1c(OCC(=O)[O-])ccc4c1ccc1c4C4CC(O1)Oc1c4c4ccc(c(C(=O)NCc5c6c(c7C8c2c(cc3)OC(C8)Oc7cc6)ccc5OCC(=O)[O-])c4cc1)OCC(=O)[O-].[NH4+].[NH4+].[NH4+].[NH4+],CC(C)(OC)OC,other,2.1596999168395996,O=C([O-])COc1ccc2c3c4ccc2c1CNC(=O)c1c(OCC(=O)[O-])ccc2c5c(ccc12)OC1CC5c2c(ccc5c(c(OCC(=O)[O-])ccc25)C(=O)NCc2c(OCC(=O)[O-])ccc5c6c(ccc25)OC(CC36)O4)O1.[NH4+].[NH4+].[NH4+].[NH4+],7D3830C6A6E10F82EEBCC3ED68B861BB21ED63B1DDB277580F3032527E5A1183,HOST_CAN_0139,PASS,COC(C)(C)OC,7422375CBE82408A9D2537B146AC6AB1219B976B661779E5F5A89FA9E6803806,GUEST_CAN_0454,PASS,AttentiveFP,2,family_cold,other,2.110694646835327
373,64,293,CCCCOc1cc2COCc3cc(OCCCC)cc4c3cc(OCCCC)cc4COCc3c(OCCCC)ccc4c3ccc(c4COCc3c4c(c(COCc5c(c1)c2cc(c5)OCCCC)c(OCCCC)cc4)ccc3OCCCC)OCCCC,[O-][N+](=O)c1ccc(cc1)C[N+](Cc1ccc(cc1)[N+](=O)[O-])(C)C,other,6.198699951171875,CCCCOc1cc2c3cc(OCCCC)cc(c3c1)COCc1cc(OCCCC)cc3c(cc(OCCCC)cc13)COCc1c(OCCCC)ccc3c(c(OCCCC)ccc13)COCc1c(OCCCC)ccc3c(c(OCCCC)ccc13)COC2,05C5083FBF551B3C1AE048E85E6B7F5EB796F7835740F408D7B4DF1173E7C142,HOST_CAN_0032,PASS,C[N+](C)(Cc1ccc([N+](=O)[O-])cc1)Cc1ccc([N+](=O)[O-])cc1,B7B16D57EEF93FB333246DB9F7219F5F97BF26B1F334141A4DA1AB5C24FE3538,GUEST_CAN_0597,PASS,AttentiveFP,2,family_cold,other,5.256406307220459
376,9,295,[O-]C(=O)COc1ccc2c3c1CNC(=O)c1c(OCC(=O)[O-])ccc4c1ccc1c4C4CC(O1)Oc1c4c4ccc(c(C(=O)NCc5c6c(c7C8c2c(cc3)OC(C8)Oc7cc6)ccc5OCC(=O)[O-])c4cc1)OCC(=O)[O-].[NH4+].[NH4+].[NH4+].[NH4+],C1CCSCC1,other,2.079200029373169,O=C([O-])COc1ccc2c3c4ccc2c1CNC(=O)c1c(OCC(=O)[O-])ccc2c5c(ccc12)OC1CC5c2c(ccc5c(c(OCC(=O)[O-])ccc25)C(=O)NCc2c(OCC(=O)[O-])ccc5c6c(ccc25)OC(CC36)O4)O1.[NH4+].[NH4+].[NH4+].[NH4+],7D3830C6A6E10F82EEBCC3ED68B861BB21ED63B1DDB277580F3032527E5A1183,HOST_CAN_0139,PASS,C1CCSCC1,A9CBF306F6DA1FCB34760A9B9B96AD454AFE05B414B3AB4EB9CC9F5731B70047,GUEST_CAN_0031,PASS,AttentiveFP,2,family_cold,other,3.7779812812805176
379,64,297,CCCCOc1cc2COCc3cc(OCCCC)cc4c3cc(OCCCC)cc4COCc3c(OCCCC)ccc4c3ccc(c4COCc3c4c(c(COCc5c(c1)c2cc(c5)OCCCC)c(OCCCC)cc4)ccc3OCCCC)OCCCC,C[N+](C)(CC1=CC=CC=C1)CC2=CC=CC=C2,other,5.225299835205078,CCCCOc1cc2c3cc(OCCCC)cc(c3c1)COCc1cc(OCCCC)cc3c(cc(OCCCC)cc13)COCc1c(OCCCC)ccc3c(c(OCCCC)ccc13)COCc1c(OCCCC)ccc3c(c(OCCCC)ccc13)COC2,05C5083FBF551B3C1AE048E85E6B7F5EB796F7835740F408D7B4DF1173E7C142,HOST_CAN_0032,PASS,C[N+](C)(Cc1ccccc1)Cc1ccccc1,0B02CE89B1DB28D22345212D26E06F3F4037FC87280F51638F33F1C22928BCE8,GUEST_CAN_0599,PASS,AttentiveFP,2,family_cold,other,4.968181610107422
380,60,298,CCCCOc1ccc2c3c1COCc1c(OCCCC)ccc4c1ccc1c4C4CC(O1)Oc1c4c4ccc(c(COCc5c6c(c7C8c2c(cc3)OC(C8)Oc7cc6)ccc5OCCCC)c4cc1)OCCCC,C(CC[N+]12CCN(CC1)CC2)CCC[N+]12CCN(CC1)CC2,other,6.255300045013428,CCCCOc1ccc2c3c4ccc2c1COCc1c(OCCCC)ccc2c5c(ccc12)OC1CC5c2c(ccc5c(c(OCCCC)ccc25)COCc2c(OCCCC)ccc5c6c(ccc25)OC(CC36)O4)O1,88DCF2D39B7DF2B43B3F0E5C1B57BDEDED9EEF541105412EB4DABE8747E45264,HOST_CAN_0034,PASS,C(CCC[N+]12CCN(CC1)CC2)CC[N+]12CCN(CC1)CC2,CA03940268A096E4FD0F87AF5612090AAF7029B2564BA733EDE8CFECC3E28C75,GUEST_CAN_0010,PASS,AttentiveFP,2,family_cold,other,5.506831169128418
388,9,304,[O-]C(=O)COc1ccc2c3c1CNC(=O)c1c(OCC(=O)[O-])ccc4c1ccc1c4C4CC(O1)Oc1c4c4ccc(c(C(=O)NCc5c6c(c7C8c2c(cc3)OC(C8)Oc7cc6)ccc5OCC(=O)[O-])c4cc1)OCC(=O)[O-].[NH4+].[NH4+].[NH4+].[NH4+],CCC1CO1,other,2.793100118637085,O=C([O-])COc1ccc2c3c4ccc2c1CNC(=O)c1c(OCC(=O)[O-])ccc2c5c(ccc12)OC1CC5c2c(ccc5c(c(OCC(=O)[O-])ccc25)C(=O)NCc2c(OCC(=O)[O-])ccc5c6c(ccc25)OC(CC36)O4)O1.[NH4+].[NH4+].[NH4+].[NH4+],7D3830C6A6E10F82EEBCC3ED68B861BB21ED63B1DDB277580F3032527E5A1183,HOST_CAN_0139,PASS,CCC1CO1,2E31AA0B5D09EDF5DEC83D16F27705763D59FA61A7FF121EC340896B856ADA1B,GUEST_CAN_0264,PASS,AttentiveFP,2,family_cold,other,3.173783302307129
391,48,306,[Na]OS(=O)(=O)CCCOc1c2CN3C(=O)N4[C@]5([C@@]3(N(Cc2c(c2c1cccc2)OCCCS(=O)(=O)O[Na])C(=O)N5CN1[C@@]2(N(C4)C(=O)N3[C@]2(C)N(C1=O)Cc1c(C3)c(OCCCS(=O)(=O)O[Na])c2c(c1OCCCS(=O)(=O)O[Na])cccc2)C)C)C,Nc1ccc(cc1)N,other,1.579800009727478,C[C@]12N3Cc4c(c(OCCCS(=O)(=O)[O][Na])c5ccccc5c4OCCCS(=O)(=O)[O][Na])CN1C(=O)N1CN4C(=O)N5Cc6c(c(OCCCS(=O)(=O)[O][Na])c7ccccc7c6OCCCS(=O)(=O)[O][Na])CN6C(=O)N(CN(C3=O)[C@]12C)[C@]4(C)[C@@]56C,D18B807A904C56B05E199911FB10FFB774349CC49BBD32D2EFAFF4C892BA649F,HOST_CAN_0090,PASS,Nc1ccc(N)cc1,61B1D7A5005FD19286F8966FC2E34EFBEFA0E635D327C2874ACDB39786B5D17D,GUEST_CAN_0828,PASS,AttentiveFP,2,family_cold,other,2.706137180328369
395,35,309,[O-]P(=O)(Oc1c2c(c(c3c1C1CC3c3c1cc1c(c3)C3CC1c1c3cccc1)OP(=O)(C)[O-])C1CC2c2c1cc1c(c2)C2CC1c1c2cccc1)C.[Li+].[Li+],C(CC(C(=O)NCC(=O)NC(CC(=O)O)C(=O)O)N)CN=C(N)N,other,3.039599895477295,CP(=O)([O-])Oc1c2c(c(OP(C)(=O)[O-])c3c1C1CC3c3cc4c(cc31)C1CC4c3ccccc31)C1CC2c2cc3c(cc21)C1CC3c2ccccc21.[Li+].[Li+],0523E219D88C79C8FF3952D24ADDE3A68E28198CE5EE5C77D8FECF429412627C,HOST_CAN_0082,PASS,NC(N)=NCCCC(N)C(=O)NCC(=O)NC(CC(=O)O)C(=O)O,75B8F54B2446F97BADDAFBEF1FDAB4C52BDB7DBB59F03A5A8B4C94A46F7DF56A,GUEST_CAN_0750,PASS,AttentiveFP,2,family_cold,other,2.727308750152588
396,87,310,CCCCOc1c(OCCCC)c2COCc3c(OCCCC)c(OCCCC)c(c4c3cccc4)COCc3c(c(c(COCc4c(c(c(COCc1c1c2cccc1)c1ccccc41)OCCCC)OCCCC)c1c3cccc1)OCCCC)OCCCC,Brc1ccc(cc1)C[N+](Cc1ccc(cc1)Br)(C)C,other,5.531499862670898,CCCCOc1c(OCCCC)c2c3ccccc3c1COCc1c(OCCCC)c(OCCCC)c(c3ccccc13)COCc1c(OCCCC)c(OCCCC)c(c3ccccc13)COCc1c(OCCCC)c(OCCCC)c(c3ccccc13)COC2,A699E12937358A216FBA45A53678131D8F7DBBB042BA5E7F52621C78F0465945,HOST_CAN_0031,PASS,C[N+](C)(Cc1ccc(Br)cc1)Cc1ccc(Br)cc1,6CE8BB4E6DBB3EFEAB4993A48D59A590AFB16BCC35971EAD3DCCB0C0B141BFC9,GUEST_CAN_0591,PASS,AttentiveFP,2,family_cold,other,5.367388725280762
398,87,312,CCCCOc1c(OCCCC)c2COCc3c(OCCCC)c(OCCCC)c(c4c3cccc4)COCc3c(c(c(COCc4c(c(c(COCc1c1c2cccc1)c1ccccc41)OCCCC)OCCCC)c1c3cccc1)OCCCC)OCCCC,C[S+](C)C,other,2.542799949645996,CCCCOc1c(OCCCC)c2c3ccccc3c1COCc1c(OCCCC)c(OCCCC)c(c3ccccc13)COCc1c(OCCCC)c(OCCCC)c(c3ccccc13)COCc1c(OCCCC)c(OCCCC)c(c3ccccc13)COC2,A699E12937358A216FBA45A53678131D8F7DBBB042BA5E7F52621C78F0465945,HOST_CAN_0031,PASS,C[S+](C)C,6BDDCD6C75A7F46B09F51034578C849D6AEAE765CA5781E91F286B250CBE175D,GUEST_CAN_0614,PASS,AttentiveFP,2,family_cold,other,2.6553144454956055
405,19,240,O=C1N(CC4=CC=C(C(O)=O)C=C4)C3C(N(CN%21C%20=O)C(N3CN(C(N7CN(C(N%11CN(C(N%15CN(C(N%19CN%20C%23C%21N(CC%25=CC=C(C(O)=O)C=C%25)C(N%23CC%24=CC=C(C(O)=O)C=C%24)=O)=O)C%17C%19N(CC%22=CC=C(C(O)=O)C=C%22)C(N%17CC%18=CC=C(C(O)=O)C=C%18)=O)=O)C%13C%15N(CC%16=CC=C(C(O)=O)C=C%16)C(N%13CC%14=CC=C(C(O)=O)C=C%14)=O)=O)C9C%11N(CC%12=CC=C(C(O)=O)C=C%12)C(N9CC%10=CC=C(C(O)=O)C=C%10)=O)=O)C5C7N(CC8=CC=C(C(O)=O)C=C8)C(N5CC6=CC=C(C(O)=O)C=C6)=O)=O)N1CC2=CC=C(C(O)=O)C=C2,[I-],other,6.639100074768066,O=C(O)c1ccc(CN2C(=O)N(Cc3ccc(C(=O)O)cc3)C3C2N2CN4C(=O)N(CN5C(=O)N(CN6C(=O)N(CN7C(=O)N(CN8C(=O)N(CN3C2=O)C2C8N(Cc3ccc(C(=O)O)cc3)C(=O)N2Cc2ccc(C(=O)O)cc2)C2C7N(Cc3ccc(C(=O)O)cc3)C(=O)N2Cc2ccc(C(=O)O)cc2)C2C6N(Cc3ccc(C(=O)O)cc3)C(=O)N2Cc2ccc(C(=O)O)cc2)C2C5N(Cc3ccc(C(=O)O)cc3)C(=O)N2Cc2ccc(C(=O)O)cc2)C2C4N(Cc3ccc(C(=O)O)cc3)C(=O)N2Cc2ccc(C(=O)O)cc2)cc1,5BFAE42297A9EBC8CE307175405F2DA12222FDEAA2AA87FF2D5843CBEC077A9C,HOST_CAN_0133,PASS,[I-],D585322DA0D35F9B1699343EB51C65D22F4552CDEB467642740D4A8D61702967,GUEST_CAN_1063,PASS,AttentiveFP,2,family_cold,other,4.712294578552246
414,94,321,CC(C(O[Na])=O)OC(C(OC(C)C(O[Na])=O)=C1)=CC2=C1C(C=C(OC(C(O[Na])=O)C)C(OC(C(O[Na])=O)C)=C3)=C3C4=C2C=C(OC(C(O[Na])=O)C)C(OC(C)C(O[Na])=O)=C4,COC(=O)C(CC1=CNC2=CC=CC=C21)N,other,2.2040998935699463,CC(Oc1cc2c3cc(OC(C)C(=O)[O][Na])c(OC(C)C(=O)[O][Na])cc3c3cc(OC(C)C(=O)[O][Na])c(OC(C)C(=O)[O][Na])cc3c2cc1OC(C)C(=O)[O][Na])C(=O)[O][Na],BA584CA32AF40B5CC01118169993C3B68F1DD55FC57084F45766D3D97748C6AD,HOST_CAN_0016,PASS,COC(=O)C(N)Cc1c[nH]c2ccccc12,44125A154E9864C1CBD5A3EA78B4B0F50F0BA1B8879956CF8D6C328C5174C222,GUEST_CAN_0440,PASS,AttentiveFP,2,family_cold,other,2.683426856994629
415,10,102,[O-]P(=O)(Oc1c2c(c(c3c1C1CC3c3c1cc1c(c3)C3CC1c1c3cccc1)OP(=O)([O-])[O-])C1CC2c2c1cc1c(c2)C2CC1c1c2cccc1)[O-].[Li+].[Li+].[Li+].[Li+],CC(=O)NC(CCCCN)C(=O)OC.Cl,other,4.763500213623047,O=P([O-])([O-])Oc1c2c(c(OP(=O)([O-])[O-])c3c1C1CC3c3cc4c(cc31)C1CC4c3ccccc31)C1CC2c2cc3c(cc21)C1CC3c2ccccc21.[Li+].[Li+].[Li+].[Li+],9F96092125310177FDA593FD76E40B15009450ADCC25B07ACF29665B7272FC4E,HOST_CAN_0152,PASS,COC(=O)C(CCCCN)NC(C)=O.Cl,5A0A62219231BC9A9B1FFE190DDB386916DC23A68C87DBD4EDE828D9A34D1434,GUEST_CAN_0436,PASS,AttentiveFP,2,family_cold,other,2.397439956665039
446,28,165,O=C1N2[C@@]3([H])[C@@]4([H])N1CC5=CC=CC=C5CN4C(N3CN(C(N6CN(C(N7CN(C(N8CC(C=CC=C9)=C9C%10)=O)[C@]([C@]8([H])N%10C%11=O)([H])N%11C%12)=O)[C@]([C@]7([H])N%12C%13=O)([H])N%13C%14)=O)[C@]([C@]6([H])N%14C%15=O)([H])N%15C2)=O,CCCCC[NH3+],other,3.1138999462127686,O=C1N2Cc3ccccc3CN3C(=O)N4CN5C(=O)N6CN7C(=O)N8CN9C(=O)N%10Cc%11ccccc%11CN%11C(=O)N(CN%12C(=O)N(CN%13C(=O)N(CN1[C@H]4[C@H]32)[C@@H]5[C@H]%136)[C@@H]7[C@H]%128)[C@@H]9[C@H]%11%10,C06DBA8CB1A01AEB8337B71D87CD1B30E9CBAC6D34129CB5457249ED32FE0331,HOST_CAN_0151,PASS,CCCCC[NH3+],87469872E602061811AE44CAB9FD6AF6067BA08C39AA373262A49AD7E46387C5,GUEST_CAN_0307,PASS,AttentiveFP,2,family_cold,other,3.9924583435058594
451,59,178,CN(CCCCCC1=C(C(OC2=C1C=CC(=C2)N(CC)CC)=O)C=O)CC2=C(C=CC=C2)B(O)O,C(CCN)CC(C(=O)O)N,other,0.8054999709129333,CCN(CC)c1ccc2c(CCCCCN(C)Cc3ccccc3B(O)O)c(C=O)c(=O)oc2c1,B861F92B136135BCA309B8D669CABB847130F510F34D71F80DA21B31360935DE,HOST_CAN_0040,PASS,NCCCCC(N)C(=O)O,BD55DE8B1F18BBBA0B9FB86FA685E52B4743F1B75F837E0522E8C602B3191BA0,GUEST_CAN_0785,PASS,AttentiveFP,2,family_cold,other,2.961514949798584
461,35,351,[O-]P(=O)(Oc1c2c(c(c3c1C1CC3c3c1cc1c(c3)C3CC1c1c3cccc1)OP(=O)(C)[O-])C1CC2c2c1cc1c(c2)C2CC1c1c2cccc1)C.[Li+].[Li+],C1=CC(=C(C=C1C(CN)O)O)O.Cl,other,2.2553000450134277,CP(=O)([O-])Oc1c2c(c(OP(C)(=O)[O-])c3c1C1CC3c3cc4c(cc31)C1CC4c3ccccc31)C1CC2c2cc3c(cc21)C1CC3c2ccccc21.[Li+].[Li+],0523E219D88C79C8FF3952D24ADDE3A68E28198CE5EE5C77D8FECF429412627C,HOST_CAN_0082,PASS,Cl.NCC(O)c1ccc(O)c(O)c1,77292EA0463E2AED797CAE9779601581D37EB7B67F9EA7796D4F6EE168154886,GUEST_CAN_0687,PASS,AttentiveFP,2,family_cold,other,2.1132218837738037
462,87,352,CCCCOc1c(OCCCC)c2COCc3c(OCCCC)c(OCCCC)c(c4c3cccc4)COCc3c(c(c(COCc4c(c(c(COCc1c1c2cccc1)c1ccccc41)OCCCC)OCCCC)c1c3cccc1)OCCCC)OCCCC,N#Cc1ccc(cc1)C[N+](Cc1ccc(cc1)C#N)(C)C,other,4.934500217437744,CCCCOc1c(OCCCC)c2c3ccccc3c1COCc1c(OCCCC)c(OCCCC)c(c3ccccc13)COCc1c(OCCCC)c(OCCCC)c(c3ccccc13)COCc1c(OCCCC)c(OCCCC)c(c3ccccc13)COC2,A699E12937358A216FBA45A53678131D8F7DBBB042BA5E7F52621C78F0465945,HOST_CAN_0031,PASS,C[N+](C)(Cc1ccc(C#N)cc1)Cc1ccc(C#N)cc1,2F8F334B5B50AFDC6347AB9DF6186F07DF6A6F58AC0AAEEFA7AD4FBC403E8EFB,GUEST_CAN_0592,PASS,AttentiveFP,2,family_cold,other,5.27664852142334
466,102,171,C1C2=CC=C(C[N+]3=CC=C(C=C3)C4=CC=[N+](CC5=CC=C(C[N+]6=CC=C(C=C6)C7=CC=[N+]1C=C7)C=C5)C=C4)C=C2.F[P-](F)(F)(F)(F)F.F[P-](F)(F)(F)(F)F.F[P-](F)(F)(F)(F)F.F[P-](F)(F)(F)(F)F,C1=CC(=C(C=C1CCN)O)O,other,3.029400110244751,F[P-](F)(F)(F)(F)F.F[P-](F)(F)(F)(F)F.F[P-](F)(F)(F)(F)F.F[P-](F)(F)(F)(F)F.c1cc2ccc1C[n+]1ccc(cc1)-c1cc[n+](cc1)Cc1ccc(cc1)C[n+]1ccc(cc1)-c1cc[n+](cc1)C2,0F2553E080CE2D9CBEC36FEC297EF4CF441DFE215349B4C10A84D4A1E91451C0,HOST_CAN_0102,PASS,NCCc1ccc(O)c(O)c1,8C989074BC36C962545C6731CBB09A9BCEAD59D65B1AEE4A0B8B096CFFB8E510,GUEST_CAN_0808,PASS,AttentiveFP,2,family_cold,other,1.2426834106445312
468,60,356,CCCCOc1ccc2c3c1COCc1c(OCCCC)ccc4c1ccc1c4C4CC(O1)Oc1c4c4ccc(c(COCc5c6c(c7C8c2c(cc3)OC(C8)Oc7cc6)ccc5OCCCC)c4cc1)OCCCC,C(C[N+]12CCN(CC1)CC2)CC[N+]12CCN(CC1)CC2,other,4.832499980926514,CCCCOc1ccc2c3c4ccc2c1COCc1c(OCCCC)ccc2c5c(ccc12)OC1CC5c2c(ccc5c(c(OCCCC)ccc25)COCc2c(OCCCC)ccc5c6c(ccc25)OC(CC36)O4)O1,88DCF2D39B7DF2B43B3F0E5C1B57BDEDED9EEF541105412EB4DABE8747E45264,HOST_CAN_0034,PASS,C(CC[N+]12CCN(CC1)CC2)C[N+]12CCN(CC1)CC2,212DADB77C0BCCDE6BCA1CD86FD6A4AD90DB8B4CFC983717D0AE3C5EF207BF86,GUEST_CAN_0012,PASS,AttentiveFP,2,family_cold,other,5.417970180511475
475,70,362,COc1ccc2-c3ccc(c(c3)C#Cc3cc(OC)ccc3-c3ccc(c(c3)C#Cc3cc(OC)ccc3-c3cc(C#Cc4c(-c5c(C#Cc6c(-c7c(C#Cc2c1)cc(OC)cc7)ccc(c6)OC)cc(OC)cc5)ccc(c4)OC)c(OC)cc3)OC)OC,C(CC1=CC=[N+](C=C1)C(C)(C)C)C1=CC=[N+](C=C1)C(C)(C)C,other,5.962800025939941,COc1ccc2c(c1)C#Cc1cc(ccc1OC)-c1ccc(OC)cc1C#Cc1cc(OC)ccc1-c1ccc(OC)cc1C#Cc1cc(OC)ccc1-c1ccc(OC)cc1C#Cc1cc(ccc1OC)-c1ccc(OC)cc1C#Cc1cc-2ccc1OC,B364BE40B8DDA45F28F670D2A9202F02E384B90196F7CF9F650990A32B5B26FC,HOST_CAN_0080,PASS,CC(C)(C)[n+]1ccc(CCc2cc[n+](C(C)(C)C)cc2)cc1,3D52ACD3A5A112052B9E4028C0D4D2CFB64C0204CE018B19C5031D6DED3CEFCC,GUEST_CAN_0114,PASS,AttentiveFP,2,family_cold,other,5.090473175048828
484,104,161,C1COCCOCCN2CCOCCOCCN1CCOCCOCCOCC2,[Mg+2],other,2.0,C1COCCN2CCOCCOCCN(CCOCCO1)CCOCCOCC2,FC2FBDD1CDCC0BE65573222C4E8FD2959C4D898D99922B825F4B9F435E9AD133,HOST_CAN_0005,PASS,[Mg+2],7F8D39B1BC5783E4D085768535A47B9BA749178FAD98C2BA37380CBAD5B2A9A1,GUEST_CAN_1073,PASS,AttentiveFP,2,family_cold,other,2.888110637664795
496,69,375,NCCN1C=C(N=N1)COC(C=C2)=C(CNCC3=C(OCC(N=N4)=CN4CCN)C=CC5=C3C=C6)C7=C2C8=C(C=C7)OC9CC8C%10=C(O9)C=CC%11=C%10C=CC(OCC(N=N%12)=CN%12CCN)=C%11CNCC%13=C(OCC(N=N%14)=CN%14CCN)C=CC%15=C%13C=CC(O%16)=C%15C%17C5=C6OC%16C%17,C1=CC=C(C=C1)C(C(=O)O)O,other,4.170300006866455,NCCn1cc(COc2ccc3c4c5ccc3c2CNCc2c(OCc3cn(CCN)nn3)ccc3c6c(ccc23)OC2CC6c3c(ccc6c(c(OCc7cn(CCN)nn7)ccc36)CNCc3c(OCc6cn(CCN)nn6)ccc6c7c(ccc36)OC(CC47)O5)O2)nn1,E69AC36986BDADC1E5A61FE9021251B6D5437DB096F231021CE94D055FF4BCBF,HOST_CAN_0113,PASS,O=C(O)C(O)c1ccccc1,8E08B8E39FBC5ABD8EF27E456D9F14EDEC58CC2D7E3AEEF72D046E7F0E969A94,GUEST_CAN_0860,PASS,AttentiveFP,2,family_cold,other,2.8051652908325195
499,74,378,[Li+].[Li+].COP(OC)(=O)CC1=CC(=CC(=C1)NC(CCCN(C)CC1=C(C=CC=C1)B(O)O)=O)CP([O-])([O-])=O,C1=CC=C2C(=C1)C(=O)C3=C(C2=O)C(=C(C(=C3)CN(CC(=O)O)CC(=O)O)O)O,other,3.536600112915039,COP(=O)(Cc1cc(CP(=O)([O-])[O-])cc(NC(=O)CCCN(C)Cc2ccccc2B(O)O)c1)OC.[Li+].[Li+],7E42F839F9338A49BA3ED36631C1EA08827315A2F7E1A716582040F5B64BDC5A,HOST_CAN_0065,PASS,O=C(O)CN(CC(=O)O)Cc1cc2c(c(O)c1O)C(=O)c1ccccc1C2=O,E887A26EAB39D6C9D28AD9BD84869C714BE8C45C9144226A9A92B6CA8F1CF041,GUEST_CAN_0877,PASS,AttentiveFP,2,family_cold,other,2.9990272521972656
502,92,381,[O-]C(=O)COc1cc(OCC(=O)[O-])c2-c3ccc4c(c3)cc(-c3cc(Cc5cc(-c6cc7cc(-c8cc(Cc1c2)c(OCC(=O)[O-])cc8OCC(=O)[O-])ccc7cc6)c(OCC(=O)[O-])cc5OCC(=O)[O-])c(cc3OCC(=O)[O-])OCC(=O)[O-])cc4.[NH4+].[NH4+].[NH4+].[NH4+].[NH4+].[NH4+].[NH4+].[NH4+],C[n+]1ccc(cc1)c1cc[n+](cc1)C,other,6.517000198364258,O=C([O-])COc1cc(OCC(=O)[O-])c2cc1Cc1cc(c(OCC(=O)[O-])cc1OCC(=O)[O-])-c1ccc3ccc(cc3c1)-c1cc(c(OCC(=O)[O-])cc1OCC(=O)[O-])Cc1cc(c(OCC(=O)[O-])cc1OCC(=O)[O-])-c1ccc3ccc-2cc3c1.[NH4+].[NH4+].[NH4+].[NH4+].[NH4+].[NH4+].[NH4+].[NH4+],56D3222FBB5E69B73B3A70699D6C6231A5D1E6246B2D1238D3BD2287A4DAF3AF,HOST_CAN_0138,PASS,C[n+]1ccc(-c2cc[n+](C)cc2)cc1,746D1F1B269C698A27BEF0406242710F82E0F70BD3E279BC7561F243CFB140A9,GUEST_CAN_0622,PASS,AttentiveFP,2,family_cold,other,5.631211757659912
506,47,383,O=C(N2CN(C(N4CN(C(N6CN(C(N8CN(C(N%10CN%11C%13C%12N(CCCC(O)=O)C(N%13CCCC(O)=O)=O)=O)C9C%10N(CCCC(O)=O)C(N9CCCC(O)=O)=O)=O)C7C8N(CCCC(O)=O)C(N7CCCC(O)=O)=O)=O)C5C6N(CCCC(O)=O)C(N5CCCC(O)=O)=O)=O)C3C4N(CCCC(O)=O)C(N3CCCC(O)=O)=O)N(CN%12C%11=O)C1C2N(CCCC(O)=O)C(N1CCCC(O)=O)=O,C[n+]1ccc(cc1)c1cc[n+](cc1)CCCCC[n+]1ccc(cc1)c1cc[n+](cc1)C,other,4.5619001388549805,O=C(O)CCCN1C(=O)N(CCCC(=O)O)C2C1N1CN3C(=O)N(CN4C(=O)N(CN5C(=O)N(CN6C(=O)N(CN7C(=O)N(CN2C1=O)C1C7N(CCCC(=O)O)C(=O)N1CCCC(=O)O)C1C6N(CCCC(=O)O)C(=O)N1CCCC(=O)O)C1C5N(CCCC(=O)O)C(=O)N1CCCC(=O)O)C1C4N(CCCC(=O)O)C(=O)N1CCCC(=O)O)C1C3N(CCCC(=O)O)C(=O)N1CCCC(=O)O,6C5C7F66B2D952E729F653DC9785C287BD871EBCB663DD839270802E514E3A70,HOST_CAN_0120,PASS,C[n+]1ccc(-c2cc[n+](CCCCC[n+]3ccc(-c4cc[n+](C)cc4)cc3)cc2)cc1,6C0956A80D8DB6FEF03DB159C61F4C745F6AA737EFEC536BB003697D36A45207,GUEST_CAN_0628,PASS,AttentiveFP,2,family_cold,other,8.370627403259277
508,48,385,[Na]OS(=O)(=O)CCCOc1c2CN3C(=O)N4[C@]5([C@@]3(N(Cc2c(c2c1cccc2)OCCCS(=O)(=O)O[Na])C(=O)N5CN1[C@@]2(N(C4)C(=O)N3[C@]2(C)N(C1=O)Cc1c(C3)c(OCCCS(=O)(=O)O[Na])c2c(c1OCCCS(=O)(=O)O[Na])cccc2)C)C)C,O=C1C=C2SC3=CC(N(C)C)=CC=C3N=C2C=C1,other,4.76039981842041,C[C@]12N3Cc4c(c(OCCCS(=O)(=O)[O][Na])c5ccccc5c4OCCCS(=O)(=O)[O][Na])CN1C(=O)N1CN4C(=O)N5Cc6c(c(OCCCS(=O)(=O)[O][Na])c7ccccc7c6OCCCS(=O)(=O)[O][Na])CN6C(=O)N(CN(C3=O)[C@]12C)[C@]4(C)[C@@]56C,D18B807A904C56B05E199911FB10FFB774349CC49BBD32D2EFAFF4C892BA649F,HOST_CAN_0090,PASS,CN(C)c1ccc2nc3ccc(=O)cc-3sc2c1,02EE801B8E4D4B73295CF311BB6A14DBD441A9E02300BFAF3AD49411805B9858,GUEST_CAN_0411,PASS,AttentiveFP,2,family_cold,other,5.413112640380859
510,92,386,[O-]C(=O)COc1cc(OCC(=O)[O-])c2-c3ccc4c(c3)cc(-c3cc(Cc5cc(-c6cc7cc(-c8cc(Cc1c2)c(OCC(=O)[O-])cc8OCC(=O)[O-])ccc7cc6)c(OCC(=O)[O-])cc5OCC(=O)[O-])c(cc3OCC(=O)[O-])OCC(=O)[O-])cc4.[NH4+].[NH4+].[NH4+].[NH4+].[NH4+].[NH4+].[NH4+].[NH4+],COC1=C(C2=C[N+]3=C(C=C2C=C1)C4=CC(=C(C=C4CC3)OC)OC)OC,other,6.192999839782715,O=C([O-])COc1cc(OCC(=O)[O-])c2cc1Cc1cc(c(OCC(=O)[O-])cc1OCC(=O)[O-])-c1ccc3ccc(cc3c1)-c1cc(c(OCC(=O)[O-])cc1OCC(=O)[O-])Cc1cc(c(OCC(=O)[O-])cc1OCC(=O)[O-])-c1ccc3ccc-2cc3c1.[NH4+].[NH4+].[NH4+].[NH4+].[NH4+].[NH4+].[NH4+].[NH4+],56D3222FBB5E69B73B3A70699D6C6231A5D1E6246B2D1238D3BD2287A4DAF3AF,HOST_CAN_0138,PASS,COc1cc2c(cc1OC)-c1cc3ccc(OC)c(OC)c3c[n+]1CC2,C080DC3D5F5CA09533B45EC4B15FBD65AFCA0AAB4061BC0856C81B961E60811F,GUEST_CAN_0479,PASS,AttentiveFP,2,family_cold,other,5.200181007385254
513,69,388,NCCN1C=C(N=N1)COC(C=C2)=C(CNCC3=C(OCC(N=N4)=CN4CCN)C=CC5=C3C=C6)C7=C2C8=C(C=C7)OC9CC8C%10=C(O9)C=CC%11=C%10C=CC(OCC(N=N%12)=CN%12CCN)=C%11CNCC%13=C(OCC(N=N%14)=CN%14CCN)C=CC%15=C%13C=CC(O%16)=C%15C%17C5=C6OC%16C%17,CC(=O)OC(C1=CC=CC=C1)C(=O)O,other,3.5887999534606934,NCCn1cc(COc2ccc3c4c5ccc3c2CNCc2c(OCc3cn(CCN)nn3)ccc3c6c(ccc23)OC2CC6c3c(ccc6c(c(OCc7cn(CCN)nn7)ccc36)CNCc3c(OCc6cn(CCN)nn6)ccc6c7c(ccc36)OC(CC47)O5)O2)nn1,E69AC36986BDADC1E5A61FE9021251B6D5437DB096F231021CE94D055FF4BCBF,HOST_CAN_0113,PASS,CC(=O)OC(C(=O)O)c1ccccc1,D345BEFECD5B540F460F0EA9D24EBCA37DFED5572604B51957E88449819A35B4,GUEST_CAN_0093,PASS,AttentiveFP,2,family_cold,other,3.347036838531494
514,37,76,C(CN(CC(=O)O)CC(=O)O)N(CC(=O)O)CC(=O)O,[Ba+2],other,7.780300140380859,O=C(O)CN(CCN(CC(=O)O)CC(=O)O)CC(=O)O,6BFD1C3C84BE32FEF0887DE527CC95AE0C3680F389E80993C4242A4E3571F896,HOST_CAN_0123,PASS,[Ba+2],646B641AF6E7E8BB0EF6865C6EADD1E8EF78BF2568880853D320270397B832AE,GUEST_CAN_1012,PASS,AttentiveFP,2,family_cold,other,3.5370991230010986
519,69,390,NCCN1C=C(N=N1)COC(C=C2)=C(CNCC3=C(OCC(N=N4)=CN4CCN)C=CC5=C3C=C6)C7=C2C8=C(C=C7)OC9CC8C%10=C(O9)C=CC%11=C%10C=CC(OCC(N=N%12)=CN%12CCN)=C%11CNCC%13=C(OCC(N=N%14)=CN%14CCN)C=CC%15=C%13C=CC(O%16)=C%15C%17C5=C6OC%16C%17,C1=CC=C(C=C1)CCC(=O)O,other,3.2878000736236572,NCCn1cc(COc2ccc3c4c5ccc3c2CNCc2c(OCc3cn(CCN)nn3)ccc3c6c(ccc23)OC2CC6c3c(ccc6c(c(OCc7cn(CCN)nn7)ccc36)CNCc3c(OCc6cn(CCN)nn6)ccc6c7c(ccc36)OC(CC47)O5)O2)nn1,E69AC36986BDADC1E5A61FE9021251B6D5437DB096F231021CE94D055FF4BCBF,HOST_CAN_0113,PASS,O=C(O)CCc1ccccc1,B755FD509AD8611F31B726BB9F18750ACB5CB5F50B2D930FC30428336D1E0043,GUEST_CAN_0876,PASS,AttentiveFP,2,family_cold,other,3.239703893661499
520,109,201,N12CCOCCOCCOCCN(CCOCCOCCOCC1)CCOCC(OCC2)CO,[Li+],other,2.0,OCC1COCCN2CCOCCOCCOCCN(CCOCCOCCOCC2)CCO1,DBB244EB3484C25754CB49358AAB55D5F1CBE448F138204AFE8509E4D673E477,HOST_CAN_0171,PASS,[Li+],A7557B375892DC7E581DDC6CA9773574F95B6514113F07A19BDE6059504332FE,GUEST_CAN_1071,PASS,AttentiveFP,2,family_cold,other,1.269730806350708
521,26,22,[Li+].[Li+].B(C1=CC=CC=C1CNCC2=CC=C(C=C2)C(=O)NC3=CC(=CC(=C3)CP(=O)([O-])OC)CP(=O)([O-])OC)(O)O,CNCC(C1=CC(=C(C=C1)O)O)O,other,2.2325000762939453,COP(=O)([O-])Cc1cc(CP(=O)([O-])OC)cc(NC(=O)c2ccc(CNCc3ccccc3B(O)O)cc2)c1.[Li+].[Li+],F42D7F8FEECED34D2A8CD9838DF697E6536F3F5A5AD106D19B9E9737F28D2790,HOST_CAN_0067,PASS,CNCC(O)c1ccc(O)c(O)c1,6ECE6CFFF6E84A2846BFDF3E647E6C18CCEA435B77A528E23C38803D697997FC,GUEST_CAN_0428,PASS,AttentiveFP,2,family_cold,other,2.309460163116455
527,41,394,CCC1c2cc(C(CC)c3cc(C(c4cc(C(c5cc1c(O)c(c5O)C#N)CC)c(O)c(c4O)C#N)CC)c(c(c3O)C#N)O)c(c(c2O)C#N)O,CNCCCCC(C(=O)O)N,other,3.322200059890747,CCC1c2cc(c(O)c(C#N)c2O)C(CC)c2cc(c(O)c(C#N)c2O)C(CC)c2cc(c(O)c(C#N)c2O)C(CC)c2cc1c(O)c(C#N)c2O,C7E59A18D7BDB1317D9A13B4AEB284A383135621556342941A7B2EDCC62018B3,HOST_CAN_0021,PASS,CNCCCCC(N)C(=O)O,9B0AE5E142031D417A6076D2AEB927C30933D05F67DFBD26C8B83EF20A2F463F,GUEST_CAN_0431,PASS,AttentiveFP,2,family_cold,other,2.746316909790039
531,48,396,[Na]OS(=O)(=O)CCCOc1c2CN3C(=O)N4[C@]5([C@@]3(N(Cc2c(c2c1cccc2)OCCCS(=O)(=O)O[Na])C(=O)N5CN1[C@@]2(N(C4)C(=O)N3[C@]2(C)N(C1=O)Cc1c(C3)c(OCCCS(=O)(=O)O[Na])c2c(c1OCCCS(=O)(=O)O[Na])cccc2)C)C)C,O=C1N(CC[NH+](C)C)C(=O)c2c3c1ccc1c3c(cc2)c2c3c1ccc1c3c(cc2)C(=O)N(C1=O)CC[NH+](C)C,other,6.257699966430664,C[C@]12N3Cc4c(c(OCCCS(=O)(=O)[O][Na])c5ccccc5c4OCCCS(=O)(=O)[O][Na])CN1C(=O)N1CN4C(=O)N5Cc6c(c(OCCCS(=O)(=O)[O][Na])c7ccccc7c6OCCCS(=O)(=O)[O][Na])CN6C(=O)N(CN(C3=O)[C@]12C)[C@]4(C)[C@@]56C,D18B807A904C56B05E199911FB10FFB774349CC49BBD32D2EFAFF4C892BA649F,HOST_CAN_0090,PASS,C[NH+](C)CCN1C(=O)c2ccc3c4ccc5c6c(ccc(c7ccc(c2c37)C1=O)c64)C(=O)N(CC[NH+](C)C)C5=O,AF93E9FD694F4E81340277F7550D69F1A8903F00C648983B0C445DF2B1BB54E6,GUEST_CAN_0608,PASS,AttentiveFP,2,family_cold,other,6.539135932922363
539,94,122,CC(C(O[Na])=O)OC(C(OC(C)C(O[Na])=O)=C1)=CC2=C1C(C=C(OC(C(O[Na])=O)C)C(OC(C(O[Na])=O)C)=C3)=C3C4=C2C=C(OC(C(O[Na])=O)C)C(OC(C)C(O[Na])=O)=C4,C(C1C(C(C(C(O1)O)N)O)O)O,other,1.9394999742507935,CC(Oc1cc2c3cc(OC(C)C(=O)[O][Na])c(OC(C)C(=O)[O][Na])cc3c3cc(OC(C)C(=O)[O][Na])c(OC(C)C(=O)[O][Na])cc3c2cc1OC(C)C(=O)[O][Na])C(=O)[O][Na],BA584CA32AF40B5CC01118169993C3B68F1DD55FC57084F45766D3D97748C6AD,HOST_CAN_0016,PASS,NC1C(O)OC(CO)C(O)C1O,6DA69F754BE3FBD2C7B2C66CCBDC0F91817AC1924D122789F356C7F0C45E04F9,GUEST_CAN_0760,PASS,AttentiveFP,2,family_cold,other,2.4525880813598633
541,70,403,COc1ccc2-c3ccc(c(c3)C#Cc3cc(OC)ccc3-c3ccc(c(c3)C#Cc3cc(OC)ccc3-c3cc(C#Cc4c(-c5c(C#Cc6c(-c7c(C#Cc2c1)cc(OC)cc7)ccc(c6)OC)cc(OC)cc5)ccc(c4)OC)c(OC)cc3)OC)OC,C1(=CC=C(C=C1)C1=CC=[N+](C=C1)CCCCCC)C1=CC=[N+](C=C1)CCCCCC,other,4.563499927520752,COc1ccc2c(c1)C#Cc1cc(ccc1OC)-c1ccc(OC)cc1C#Cc1cc(OC)ccc1-c1ccc(OC)cc1C#Cc1cc(OC)ccc1-c1ccc(OC)cc1C#Cc1cc(ccc1OC)-c1ccc(OC)cc1C#Cc1cc-2ccc1OC,B364BE40B8DDA45F28F670D2A9202F02E384B90196F7CF9F650990A32B5B26FC,HOST_CAN_0080,PASS,CCCCCC[n+]1ccc(-c2ccc(-c3cc[n+](CCCCCC)cc3)cc2)cc1,4C63ADCE1AD234F7E9221E1493024EC30080290595A785A4A99376FAF64C65CF,GUEST_CAN_0301,PASS,AttentiveFP,2,family_cold,other,5.715643882751465
544,4,50,[Na]OS(=O)(=O)CCCCOC=1C=C(C=CC1)[C@@H]1N=C(OC1)CC1=C(C(=C(C(=C1C)CC=1OC[C@@H](N1)C1=CC(=CC=C1)OCCCCS(=O)(=O)O[Na])C)CC=1OC[C@@H](N1)C1=CC(=CC=C1)OCCCCS(=O)(=O)O[Na])C,C1=CC=C(C(=C1)O)O,other,1.0,Cc1c(CC2=N[C@@H](c3cccc(OCCCCS(=O)(=O)[O][Na])c3)CO2)c(C)c(CC2=N[C@@H](c3cccc(OCCCCS(=O)(=O)[O][Na])c3)CO2)c(C)c1CC1=N[C@@H](c2cccc(OCCCCS(=O)(=O)[O][Na])c2)CO1,9E3429786C624B72E8FD089068975D2A1C33E04632FEA26EF01294722587A124,HOST_CAN_0098,PASS,Oc1ccccc1O,D6044096AF0493CF06B8B5FDAA8C090BB98BA46AF75026C46D7FE4ACEF4715BB,GUEST_CAN_1007,PASS,AttentiveFP,2,family_cold,other,2.381535530090332
547,112,406,CC(C)(C)C1=CC(=C(C=C1)NC(=O)NC2=CC=C(C=C2)OC)C#CC3=CC(=CC(=C3)Cl)C#CC4=C(C=CC(=C4)C(C)(C)C)NC(=O)NC5=CC=C(C=C5)OC,CCCC[N+](CCCC)(CCCC)CCCC.[Cl-],other,3.897599935531616,COc1ccc(NC(=O)Nc2ccc(C(C)(C)C)cc2C#Cc2cc(Cl)cc(C#Cc3cc(C(C)(C)C)ccc3NC(=O)Nc3ccc(OC)cc3)c2)cc1,6714985C95FB4721F34200A13D77E1BF78C94A1DBA43CA1FDFE94E15E6C48A18,HOST_CAN_0075,PASS,CCCC[N+](CCCC)(CCCC)CCCC.[Cl-],98322306CD8D2EE1FC0B30A96ADB07D77C4823F49CB80B37D40EC2A8BE6D6F00,GUEST_CAN_0317,PASS,AttentiveFP,2,family_cold,other,4.706478118896484
548,113,406,CC(C)(C)C1=CC(=C(C=C1)NC(=O)NC2=CC=C(C=C2)OC)C#CC3=CC(=CC(=C3)F)C#CC4=C(C=CC(=C4)C(C)(C)C)NC(=O)NC5=CC=C(C=C5)OC,CCCC[N+](CCCC)(CCCC)CCCC.[Cl-],other,3.829900026321411,COc1ccc(NC(=O)Nc2ccc(C(C)(C)C)cc2C#Cc2cc(F)cc(C#Cc3cc(C(C)(C)C)ccc3NC(=O)Nc3ccc(OC)cc3)c2)cc1,CC14C98694D7DB72052C5901A8B30B3BF101C436F16C1C7E4CC798C85C914ABF,HOST_CAN_0076,PASS,CCCC[N+](CCCC)(CCCC)CCCC.[Cl-],98322306CD8D2EE1FC0B30A96ADB07D77C4823F49CB80B37D40EC2A8BE6D6F00,GUEST_CAN_0317,PASS,AttentiveFP,2,family_cold,other,4.729270935058594
562,87,293,CCCCOc1c(OCCCC)c2COCc3c(OCCCC)c(OCCCC)c(c4c3cccc4)COCc3c(c(c(COCc4c(c(c(COCc1c1c2cccc1)c1ccccc41)OCCCC)OCCCC)c1c3cccc1)OCCCC)OCCCC,[O-][N+](=O)c1ccc(cc1)C[N+](Cc1ccc(cc1)[N+](=O)[O-])(C)C,other,5.07919979095459,CCCCOc1c(OCCCC)c2c3ccccc3c1COCc1c(OCCCC)c(OCCCC)c(c3ccccc13)COCc1c(OCCCC)c(OCCCC)c(c3ccccc13)COCc1c(OCCCC)c(OCCCC)c(c3ccccc13)COC2,A699E12937358A216FBA45A53678131D8F7DBBB042BA5E7F52621C78F0465945,HOST_CAN_0031,PASS,C[N+](C)(Cc1ccc([N+](=O)[O-])cc1)Cc1ccc([N+](=O)[O-])cc1,B7B16D57EEF93FB333246DB9F7219F5F97BF26B1F334141A4DA1AB5C24FE3538,GUEST_CAN_0597,PASS,AttentiveFP,2,family_cold,other,5.284354209899902
565,86,415,[Na]OS(=O)(=O)CCCCOC=1C=C(C=CC1)[C@@H]1N=C(OC1)CC1=C(C(=C(C(=C1CC)CC=1OC[C@@H](N1)C1=CC(=CC=C1)OCCCCS(=O)(=O)O[Na])CC)CC=1OC[C@@H](N1)C1=CC(=CC=C1)OCCCCS(=O)(=O)O[Na])CC,CNCC(C1=CC(=C(C=C1)O)O)O.Cl,other,1.0,CCc1c(CC2=N[C@@H](c3cccc(OCCCCS(=O)(=O)[O][Na])c3)CO2)c(CC)c(CC2=N[C@@H](c3cccc(OCCCCS(=O)(=O)[O][Na])c3)CO2)c(CC)c1CC1=N[C@@H](c2cccc(OCCCCS(=O)(=O)[O][Na])c2)CO1,A0794E3195B22DC21424CE7BDC74C772C0ED7BF37D1C4B8CF085F54EF0D1331E,HOST_CAN_0047,PASS,CNCC(O)c1ccc(O)c(O)c1.Cl,67FF0874CD83491B0590CBB99011E21C45D2390B945EDB9E145BDB097ED301BC,GUEST_CAN_0429,PASS,AttentiveFP,2,family_cold,other,2.668038845062256
567,115,215,C(CCC)C1=C(C(OC2=CC(=CC=C12)N(CC)CC)=O)C=O,CC(C(=O)O)N,other,0.1460999995470047,CCCCc1c(C=O)c(=O)oc2cc(N(CC)CC)ccc12,50E4CC3B42DB2A1D81BA2FCB02D3EA8F0BF1EB0B92ACDAB1C80BFBFCC39A06BB,HOST_CAN_0035,PASS,CC(N)C(=O)O,6AC3AD1747D8E4C9B36EA5FBFB37965B87CCE816D9D72141F9005590B6D6FC3C,GUEST_CAN_0180,PASS,AttentiveFP,2,family_cold,other,2.650831460952759
571,116,175,CC(C)(C)C1=CC(=C(C=C1)NC(=O)NC2=CC=C(C=C2)OC)C#CC3=CC(=CC(=C3)N(C)C)C#CC4=C(C=CC(=C4)C(C)(C)C)NC(=O)NC5=CC=C(C=C5)OC,CCCC[N+](CCCC)(CCCC)CCCC.[I-],other,2.0,COc1ccc(NC(=O)Nc2ccc(C(C)(C)C)cc2C#Cc2cc(C#Cc3cc(C(C)(C)C)ccc3NC(=O)Nc3ccc(OC)cc3)cc(N(C)C)c2)cc1,54B20EB27C4699C1202B0399C1AE71AFF8DC93A9AD03D3DF803BFDD7940389BD,HOST_CAN_0072,PASS,CCCC[N+](CCCC)(CCCC)CCCC.[I-],AEB60E90607A4F8C1F949B3EACD125A2B91E0A4DEAD7B24D9097176DB9E506E4,GUEST_CAN_0318,PASS,AttentiveFP,2,family_cold,other,4.8199262619018555
575,48,422,[Na]OS(=O)(=O)CCCOc1c2CN3C(=O)N4[C@]5([C@@]3(N(Cc2c(c2c1cccc2)OCCCS(=O)(=O)O[Na])C(=O)N5CN1[C@@]2(N(C4)C(=O)N3[C@]2(C)N(C1=O)Cc1c(C3)c(OCCCS(=O)(=O)O[Na])c2c(c1OCCCS(=O)(=O)O[Na])cccc2)C)C)C,Nc1ccc2c(c1)[nH]c1-c(c2)ccc(=[NH2+])c1,other,5.309599876403809,C[C@]12N3Cc4c(c(OCCCS(=O)(=O)[O][Na])c5ccccc5c4OCCCS(=O)(=O)[O][Na])CN1C(=O)N1CN4C(=O)N5Cc6c(c(OCCCS(=O)(=O)[O][Na])c7ccccc7c6OCCCS(=O)(=O)[O][Na])CN6C(=O)N(CN(C3=O)[C@]12C)[C@]4(C)[C@@]56C,D18B807A904C56B05E199911FB10FFB774349CC49BBD32D2EFAFF4C892BA649F,HOST_CAN_0090,PASS,Nc1ccc2cc3ccc(=[NH2+])cc-3[nH]c2c1,EB800F53CCE7599BBF00AC325564247D98DD19D08644B3683FF835187892FB9D,GUEST_CAN_0832,PASS,AttentiveFP,2,family_cold,other,3.987363576889038
576,117,175,CC(C)(C)C1=CC(=C(C=C1)NC(=O)NC2=CC=C(C=C2)OC)C#CC3=CC(=CC=C3)C#CC4=C(C=CC(=C4)C(C)(C)C)NC(=O)NC5=CC=C(C=C5)OC,CCCC[N+](CCCC)(CCCC)CCCC.[I-],other,2.176100015640259,COc1ccc(NC(=O)Nc2ccc(C(C)(C)C)cc2C#Cc2cccc(C#Cc3cc(C(C)(C)C)ccc3NC(=O)Nc3ccc(OC)cc3)c2)cc1,494C057AF3883280A50FECE7741A3608EDE28ABABC7B8B78AEB79306A119556D,HOST_CAN_0078,PASS,CCCC[N+](CCCC)(CCCC)CCCC.[I-],AEB60E90607A4F8C1F949B3EACD125A2B91E0A4DEAD7B24D9097176DB9E506E4,GUEST_CAN_0318,PASS,AttentiveFP,2,family_cold,other,4.8550124168396
581,86,351,[Na]OS(=O)(=O)CCCCOC=1C=C(C=CC1)[C@@H]1N=C(OC1)CC1=C(C(=C(C(=C1CC)CC=1OC[C@@H](N1)C1=CC(=CC=C1)OCCCCS(=O)(=O)O[Na])CC)CC=1OC[C@@H](N1)C1=CC(=CC=C1)OCCCCS(=O)(=O)O[Na])CC,C1=CC(=C(C=C1C(CN)O)O)O.Cl,other,1.8691999912261963,CCc1c(CC2=N[C@@H](c3cccc(OCCCCS(=O)(=O)[O][Na])c3)CO2)c(CC)c(CC2=N[C@@H](c3cccc(OCCCCS(=O)(=O)[O][Na])c3)CO2)c(CC)c1CC1=N[C@@H](c2cccc(OCCCCS(=O)(=O)[O][Na])c2)CO1,A0794E3195B22DC21424CE7BDC74C772C0ED7BF37D1C4B8CF085F54EF0D1331E,HOST_CAN_0047,PASS,Cl.NCC(O)c1ccc(O)c(O)c1,77292EA0463E2AED797CAE9779601581D37EB7B67F9EA7796D4F6EE168154886,GUEST_CAN_0687,PASS,AttentiveFP,2,family_cold,other,2.6732826232910156
584,4,427,[Na]OS(=O)(=O)CCCCOC=1C=C(C=CC1)[C@@H]1N=C(OC1)CC1=C(C(=C(C(=C1C)CC=1OC[C@@H](N1)C1=CC(=CC=C1)OCCCCS(=O)(=O)O[Na])C)CC=1OC[C@@H](N1)C1=CC(=CC=C1)OCCCCS(=O)(=O)O[Na])C,CC(=O)OCC[N+](C)(C)C.[Cl-],other,1.0,Cc1c(CC2=N[C@@H](c3cccc(OCCCCS(=O)(=O)[O][Na])c3)CO2)c(C)c(CC2=N[C@@H](c3cccc(OCCCCS(=O)(=O)[O][Na])c3)CO2)c(C)c1CC1=N[C@@H](c2cccc(OCCCCS(=O)(=O)[O][Na])c2)CO1,9E3429786C624B72E8FD089068975D2A1C33E04632FEA26EF01294722587A124,HOST_CAN_0098,PASS,CC(=O)OCC[N+](C)(C)C.[Cl-],4879DB6C417F8D989F6A62C99945BAB2F28386E52B872AFFF576ADC283F5F62A,GUEST_CAN_0101,PASS,AttentiveFP,2,family_cold,other,3.395501136779785
585,33,428,[H]C1(C(C(O[C@](OC2=C1C=C3[C@]4([H])CCC[N+](C)(C)C)([H])C5=CC(O6)=CC(OC7=CC8=CC(C[N+](C)(C)C)=C7)=C5)=C9)=CC%10=C9O[C@](C%11=CC(O8)=CC(OC%12=CC%13=CC(C[N+](C)(C)C)=C%12)=C%11)([H])OC%14=C(C%10([H])CCC[N+](C)(C)C)C=C%15C(O[C@](C%16=CC%17=CC(O%13)=C%16)([H])OC%18=CC(O[C@](C%19=CC(OC%20=CC(O%17)=CC(C[N+](C)(C)C)=C%20)=CC(OC%21=CC6=CC(C[N+](C)(C)C)=C%21)=C%19)([H])OC3=C2)=C4C=C%18[C@]%15([H])CCC[N+](C)(C)C)=C%14)CCC[N+](C)(C)C.[Cl-].[Cl-].[Cl-].[Cl-].[Cl-].[Cl-].[Cl-].[Cl-],FC(S(=O)(=O)[O-])(F)F.[Na+],other,3.2751998901367188,C[N+](C)(C)CCCC1c2cc3c4cc2O[C@H]2Oc5cc6c(cc51)[C@H](CCC[N+](C)(C)C)c1cc5c7cc1O[C@H](O6)c1cc6cc(c1)Oc1cc(C[N+](C)(C)C)cc(c1)Oc1cc8cc(c1)[C@H](Oc1cc(c(cc1[C@H]5CCC[N+](C)(C)C)C3CCC[N+](C)(C)C)O[C@@H](O4)c1cc(cc(c1)Oc1cc(C[N+](C)(C)C)cc(c1)O8)Oc1cc(C[N+](C)(C)C)cc(c1)Oc1cc(cc2c1)Oc1cc(C[N+](C)(C)C)cc(c1)O6)O7.[Cl-].[Cl-].[Cl-].[Cl-].[Cl-].[Cl-].[Cl-].[Cl-],F783BB4F0E2D9595DCCBD26C1895FCF835428AF86721AF4DD7F78FB07FBB8527,HOST_CAN_0096,PASS,O=S(=O)([O-])C(F)(F)F.[Na+],07342045B9C55572D8E458E5295B1D6E4E6E29B7DBCAD161C4F57723BA371812,GUEST_CAN_0933,PASS,AttentiveFP,2,family_cold,other,2.223477363586426
586,9,429,[O-]C(=O)COc1ccc2c3c1CNC(=O)c1c(OCC(=O)[O-])ccc4c1ccc1c4C4CC(O1)Oc1c4c4ccc(c(C(=O)NCc5c6c(c7C8c2c(cc3)OC(C8)Oc7cc6)ccc5OCC(=O)[O-])c4cc1)OCC(=O)[O-].[NH4+].[NH4+].[NH4+].[NH4+],CC1COC(=O)O1,other,1.8217999935150146,O=C([O-])COc1ccc2c3c4ccc2c1CNC(=O)c1c(OCC(=O)[O-])ccc2c5c(ccc12)OC1CC5c2c(ccc5c(c(OCC(=O)[O-])ccc25)C(=O)NCc2c(OCC(=O)[O-])ccc5c6c(ccc25)OC(CC36)O4)O1.[NH4+].[NH4+].[NH4+].[NH4+],7D3830C6A6E10F82EEBCC3ED68B861BB21ED63B1DDB277580F3032527E5A1183,HOST_CAN_0139,PASS,CC1COC(=O)O1,77068C9132EF1FBCC6DE2E1A0677E0797777E16856E7BD70970730F64509F0B7,GUEST_CAN_0243,PASS,AttentiveFP,2,family_cold,other,2.9778923988342285
588,118,431,CCCCOc1ccc2c3c1CNC(=S)NCc1c(OCCCC)ccc4c1ccc1c4C4CC(O1)Oc1c4c4ccc(c(CNC(=S)NCc5c6c(c7C8c2c(cc3)OC(C8)Oc7cc6)ccc5OCCCC)c4cc1)OCCCC,C1CN2CCN1CC2,other,5.8572998046875,CCCCOc1ccc2c3c4ccc2c1CNC(=S)NCc1c(OCCCC)ccc2c5c(ccc12)OC1CC5c2c(ccc5c(c(OCCCC)ccc25)CNC(=S)NCc2c(OCCCC)ccc5c6c(ccc25)OC(CC36)O4)O1,D0E8D93A5F190B5F73AD1A7F92C6EB882790498F0B5A497D8754E33232536C0D,HOST_CAN_0033,PASS,C1CN2CCN1CC2,3EF0F72FBE0D78057089BE39AE4E88F12544C7B1A49C169FB37EB4CE2BD9F754,GUEST_CAN_0032,PASS,AttentiveFP,2,family_cold,other,4.2166056632995605
591,17,171,COP(=O)(Cc1cc2ccc1OCc1cc(COc3ccc(cc3CP(=O)(OC)[O-])C(C)(C)c3ccc(OCc4cc(COc5ccc(C2(C)C)cc5CP(=O)(OC)[O-])cc(c4)[N+](=O)[O-])c(c3)CP(=O)(OC)[O-])cc(c1)[N+](=O)[O-])[O-],C1=CC(=C(C=C1CCN)O)O,other,2.390899896621704,COP(=O)([O-])Cc1cc2ccc1OCc1cc(cc([N+](=O)[O-])c1)COc1ccc(cc1CP(=O)([O-])OC)C(C)(C)c1ccc(c(CP(=O)([O-])OC)c1)OCc1cc(cc([N+](=O)[O-])c1)COc1ccc(cc1CP(=O)([O-])OC)C2(C)C,5C9812D0AA59E8C93387DCBA9CDBD0E45705FA87B439937B162042CB092EC8B9,HOST_CAN_0069,PASS,NCCc1ccc(O)c(O)c1,8C989074BC36C962545C6731CBB09A9BCEAD59D65B1AEE4A0B8B096CFFB8E510,GUEST_CAN_0808,PASS,AttentiveFP,2,family_cold,other,1.6068432331085205
592,120,434,C[N+]1(CCCNC=2C(C(C2NCCC[N+](CCCNC=2C(C(C2NCCC1)=O)=O)(C)C)=O)=O)C,C(=O)(C(=O)[O-])[O-].[Na+].[Na+],other,5.505099773406982,C[N+]1(C)CCCNc2c(c(=O)c2=O)NCCC[N+](C)(C)CCCNc2c(c(=O)c2=O)NCCC1,3F29B1E12479E0BB86392C3D8DF08994624174699A9651A008B42AEB1A2213D5,HOST_CAN_0097,PASS,O=C([O-])C(=O)[O-].[Na+].[Na+],C81B118D8010A0426B1BF16E183E3439DD6D94F30EAC80151BEE683087AA8C02,GUEST_CAN_0894,PASS,AttentiveFP,2,family_cold,other,2.1420180797576904
595,69,437,NCCN1C=C(N=N1)COC(C=C2)=C(CNCC3=C(OCC(N=N4)=CN4CCN)C=CC5=C3C=C6)C7=C2C8=C(C=C7)OC9CC8C%10=C(O9)C=CC%11=C%10C=CC(OCC(N=N%12)=CN%12CCN)=C%11CNCC%13=C(OCC(N=N%14)=CN%14CCN)C=CC%15=C%13C=CC(O%16)=C%15C%17C5=C6OC%16C%17,OC(C(=O)O)CC1=CC=CC=C1,other,3.8738999366760254,NCCn1cc(COc2ccc3c4c5ccc3c2CNCc2c(OCc3cn(CCN)nn3)ccc3c6c(ccc23)OC2CC6c3c(ccc6c(c(OCc7cn(CCN)nn7)ccc36)CNCc3c(OCc6cn(CCN)nn6)ccc6c7c(ccc36)OC(CC47)O5)O2)nn1,E69AC36986BDADC1E5A61FE9021251B6D5437DB096F231021CE94D055FF4BCBF,HOST_CAN_0113,PASS,O=C(O)C(O)Cc1ccccc1,E9397338BFA2DF2426F5EAFAC89A6A669CCB8C215710730D405A0EAD1E19A161,GUEST_CAN_0859,PASS,AttentiveFP,2,family_cold,other,2.935521125793457
602,35,439,[O-]P(=O)(Oc1c2c(c(c3c1C1CC3c3c1cc1c(c3)C3CC1c1c3cccc1)OP(=O)(C)[O-])C1CC2c2c1cc1c(c2)C2CC1c1c2cccc1)C.[Li+].[Li+],C(CCN)CC(C(=O)O)N.Cl,other,3.1022000312805176,CP(=O)([O-])Oc1c2c(c(OP(C)(=O)[O-])c3c1C1CC3c3cc4c(cc31)C1CC4c3ccccc31)C1CC2c2cc3c(cc21)C1CC3c2ccccc21.[Li+].[Li+],0523E219D88C79C8FF3952D24ADDE3A68E28198CE5EE5C77D8FECF429412627C,HOST_CAN_0082,PASS,Cl.NCCCCC(N)C(=O)O,8FFA886A41D9098D64B27B9C9886324CA1B4A58DAD526EF9C6AC5F51515F8B9D,GUEST_CAN_0688,PASS,AttentiveFP,2,family_cold,other,2.2679622173309326
614,69,447,NCCN1C=C(N=N1)COC(C=C2)=C(CNCC3=C(OCC(N=N4)=CN4CCN)C=CC5=C3C=C6)C7=C2C8=C(C=C7)OC9CC8C%10=C(O9)C=CC%11=C%10C=CC(OCC(N=N%12)=CN%12CCN)=C%11CNCC%13=C(OCC(N=N%14)=CN%14CCN)C=CC%15=C%13C=CC(O%16)=C%15C%17C5=C6OC%16C%17,C1=CC=C(C=C1)C(C(=O)O)C(=O)O,other,5.3078999519348145,NCCn1cc(COc2ccc3c4c5ccc3c2CNCc2c(OCc3cn(CCN)nn3)ccc3c6c(ccc23)OC2CC6c3c(ccc6c(c(OCc7cn(CCN)nn7)ccc36)CNCc3c(OCc6cn(CCN)nn6)ccc6c7c(ccc36)OC(CC47)O5)O2)nn1,E69AC36986BDADC1E5A61FE9021251B6D5437DB096F231021CE94D055FF4BCBF,HOST_CAN_0113,PASS,O=C(O)C(C(=O)O)c1ccccc1,C222F47227AA49085DE9BEABCF86D2CC30B938D60B89D8109753067B98D02E05,GUEST_CAN_0856,PASS,AttentiveFP,2,family_cold,other,3.1380884647369385
616,69,126,NCCN1C=C(N=N1)COC(C=C2)=C(CNCC3=C(OCC(N=N4)=CN4CCN)C=CC5=C3C=C6)C7=C2C8=C(C=C7)OC9CC8C%10=C(O9)C=CC%11=C%10C=CC(OCC(N=N%12)=CN%12CCN)=C%11CNCC%13=C(OCC(N=N%14)=CN%14CCN)C=CC%15=C%13C=CC(O%16)=C%15C%17C5=C6OC%16C%17,NC(C(=O)O)Cc1ccccc1,other,1.9138000011444092,NCCn1cc(COc2ccc3c4c5ccc3c2CNCc2c(OCc3cn(CCN)nn3)ccc3c6c(ccc23)OC2CC6c3c(ccc6c(c(OCc7cn(CCN)nn7)ccc36)CNCc3c(OCc6cn(CCN)nn6)ccc6c7c(ccc36)OC(CC47)O5)O2)nn1,E69AC36986BDADC1E5A61FE9021251B6D5437DB096F231021CE94D055FF4BCBF,HOST_CAN_0113,PASS,NC(Cc1ccccc1)C(=O)O,4B6B1236F1C31D28D9F95F736FF46B2960AFF4F6FCE3D9E76CF43DE2ADDE8B08,GUEST_CAN_0746,PASS,AttentiveFP,2,family_cold,other,3.375670909881592
623,64,454,CCCCOc1cc2COCc3cc(OCCCC)cc4c3cc(OCCCC)cc4COCc3c(OCCCC)ccc4c3ccc(c4COCc3c4c(c(COCc5c(c1)c2cc(c5)OCCCC)c(OCCCC)cc4)ccc3OCCCC)OCCCC,C1=CC=C[N+]2=C1C1=[N+](CC2)C=CC=C1,other,3.2472000122070312,CCCCOc1cc2c3cc(OCCCC)cc(c3c1)COCc1cc(OCCCC)cc3c(cc(OCCCC)cc13)COCc1c(OCCCC)ccc3c(c(OCCCC)ccc13)COCc1c(OCCCC)ccc3c(c(OCCCC)ccc13)COC2,05C5083FBF551B3C1AE048E85E6B7F5EB796F7835740F408D7B4DF1173E7C142,HOST_CAN_0032,PASS,c1cc[n+]2c(c1)-c1cccc[n+]1CC2,129DC49EF4AB93F0D7CFF5529A53286D3BDA797A045B296BD0D89008262A749F,GUEST_CAN_1125,PASS,AttentiveFP,2,family_cold,other,5.055821895599365
625,9,265,[O-]C(=O)COc1ccc2c3c1CNC(=O)c1c(OCC(=O)[O-])ccc4c1ccc1c4C4CC(O1)Oc1c4c4ccc(c(C(=O)NCc5c6c(c7C8c2c(cc3)OC(C8)Oc7cc6)ccc5OCC(=O)[O-])c4cc1)OCC(=O)[O-].[NH4+].[NH4+].[NH4+].[NH4+],C1COCO1,other,2.4323999881744385,O=C([O-])COc1ccc2c3c4ccc2c1CNC(=O)c1c(OCC(=O)[O-])ccc2c5c(ccc12)OC1CC5c2c(ccc5c(c(OCC(=O)[O-])ccc25)C(=O)NCc2c(OCC(=O)[O-])ccc5c6c(ccc25)OC(CC36)O4)O1.[NH4+].[NH4+].[NH4+].[NH4+],7D3830C6A6E10F82EEBCC3ED68B861BB21ED63B1DDB277580F3032527E5A1183,HOST_CAN_0139,PASS,C1COCO1,6329F6891F70FDFD32D72476ABBEFB6363AC07912B1D5C569A6DEAD6D6807EA4,GUEST_CAN_0038,PASS,AttentiveFP,2,family_cold,other,3.0283589363098145
627,33,99,[H]C1(C(C(O[C@](OC2=C1C=C3[C@]4([H])CCC[N+](C)(C)C)([H])C5=CC(O6)=CC(OC7=CC8=CC(C[N+](C)(C)C)=C7)=C5)=C9)=CC%10=C9O[C@](C%11=CC(O8)=CC(OC%12=CC%13=CC(C[N+](C)(C)C)=C%12)=C%11)([H])OC%14=C(C%10([H])CCC[N+](C)(C)C)C=C%15C(O[C@](C%16=CC%17=CC(O%13)=C%16)([H])OC%18=CC(O[C@](C%19=CC(OC%20=CC(O%17)=CC(C[N+](C)(C)C)=C%20)=CC(OC%21=CC6=CC(C[N+](C)(C)C)=C%21)=C%19)([H])OC3=C2)=C4C=C%18[C@]%15([H])CCC[N+](C)(C)C)=C%14)CCC[N+](C)(C)C.[Cl-].[Cl-].[Cl-].[Cl-].[Cl-].[Cl-].[Cl-].[Cl-],[O-]Cl(=O)(=O)=O.[Na+],other,3.5069000720977783,C[N+](C)(C)CCCC1c2cc3c4cc2O[C@H]2Oc5cc6c(cc51)[C@H](CCC[N+](C)(C)C)c1cc5c7cc1O[C@H](O6)c1cc6cc(c1)Oc1cc(C[N+](C)(C)C)cc(c1)Oc1cc8cc(c1)[C@H](Oc1cc(c(cc1[C@H]5CCC[N+](C)(C)C)C3CCC[N+](C)(C)C)O[C@@H](O4)c1cc(cc(c1)Oc1cc(C[N+](C)(C)C)cc(c1)O8)Oc1cc(C[N+](C)(C)C)cc(c1)Oc1cc(cc2c1)Oc1cc(C[N+](C)(C)C)cc(c1)O6)O7.[Cl-].[Cl-].[Cl-].[Cl-].[Cl-].[Cl-].[Cl-].[Cl-],F783BB4F0E2D9595DCCBD26C1895FCF835428AF86721AF4DD7F78FB07FBB8527,HOST_CAN_0096,PASS,[Na+].[O-][Cl+3]([O-])([O-])[O-],79F198E0F60D33505BEB2FD5A228F5DD74E58A284D9D51E59696EF81616913EE,GUEST_CAN_1100,PASS,AttentiveFP,2,family_cold,other,2.743112087249756
631,122,456,CC(C)(C)C1=CC(=C(C=C1)NC(=O)NC2=CC=C(C=C2)OC)C#CC3=CC(=CC(=C3)OC)C#CC4=C(C=CC(=C4)C(C)(C)C)NC(=O)NC5=CC=C(C=C5)OC,[N+](=O)([O-])[O-].C(CCC)[N+](CCCC)(CCCC)CCCC,other,3.4856998920440674,COc1ccc(NC(=O)Nc2ccc(C(C)(C)C)cc2C#Cc2cc(C#Cc3cc(C(C)(C)C)ccc3NC(=O)Nc3ccc(OC)cc3)cc(OC)c2)cc1,D21F40FE6961DC5FE75A1A0699511BDB052F920FB1661CF34BFCAD5E05B4B593,HOST_CAN_0073,PASS,CCCC[N+](CCCC)(CCCC)CCCC.O=[N+]([O-])[O-],6D4B26D3D683A1392C95388B8B9856D8C2F81515BE0ED5278F99FF88C33B25A7,GUEST_CAN_0315,PASS,AttentiveFP,2,family_cold,other,4.685623645782471
636,10,189,[O-]P(=O)(Oc1c2c(c(c3c1C1CC3c3c1cc1c(c3)C3CC1c1c3cccc1)OP(=O)([O-])[O-])C1CC2c2c1cc1c(c2)C2CC1c1c2cccc1)[O-].[Li+].[Li+].[Li+].[Li+],CC(=O)NC(CCCN=C(N)N)C(=O)OC.Cl,other,4.371399879455566,O=P([O-])([O-])Oc1c2c(c(OP(=O)([O-])[O-])c3c1C1CC3c3cc4c(cc31)C1CC4c3ccccc31)C1CC2c2cc3c(cc21)C1CC3c2ccccc21.[Li+].[Li+].[Li+].[Li+],9F96092125310177FDA593FD76E40B15009450ADCC25B07ACF29665B7272FC4E,HOST_CAN_0152,PASS,COC(=O)C(CCCN=C(N)N)NC(C)=O.Cl,E4655E8C60F01DAE0B94DB1C29D0E2D7F20D360ECF2AC968F56DB5F12FAE5898,GUEST_CAN_0437,PASS,AttentiveFP,2,family_cold,other,2.5535340309143066
640,87,460,CCCCOc1c(OCCCC)c2COCc3c(OCCCC)c(OCCCC)c(c4c3cccc4)COCc3c(c(c(COCc4c(c(c(COCc1c1c2cccc1)c1ccccc41)OCCCC)OCCCC)c1c3cccc1)OCCCC)OCCCC,Cc1ccc(cc1)C[N+](Cc1ccc(cc1)C)(C)C,other,4.80620002746582,CCCCOc1c(OCCCC)c2c3ccccc3c1COCc1c(OCCCC)c(OCCCC)c(c3ccccc13)COCc1c(OCCCC)c(OCCCC)c(c3ccccc13)COCc1c(OCCCC)c(OCCCC)c(c3ccccc13)COC2,A699E12937358A216FBA45A53678131D8F7DBBB042BA5E7F52621C78F0465945,HOST_CAN_0031,PASS,Cc1ccc(C[N+](C)(C)Cc2ccc(C)cc2)cc1,8E82F5CD655DDC5F47BD3009EA4F7B3E4E4A322608BEF0E63701CECEAD918752,GUEST_CAN_0659,PASS,AttentiveFP,2,family_cold,other,5.335289478302002
644,9,463,[O-]C(=O)COc1ccc2c3c1CNC(=O)c1c(OCC(=O)[O-])ccc4c1ccc1c4C4CC(O1)Oc1c4c4ccc(c(C(=O)NCc5c6c(c7C8c2c(cc3)OC(C8)Oc7cc6)ccc5OCC(=O)[O-])c4cc1)OCC(=O)[O-].[NH4+].[NH4+].[NH4+].[NH4+],C1CCCOCC1,other,2.5202999114990234,O=C([O-])COc1ccc2c3c4ccc2c1CNC(=O)c1c(OCC(=O)[O-])ccc2c5c(ccc12)OC1CC5c2c(ccc5c(c(OCC(=O)[O-])ccc25)C(=O)NCc2c(OCC(=O)[O-])ccc5c6c(ccc25)OC(CC36)O4)O1.[NH4+].[NH4+].[NH4+].[NH4+],7D3830C6A6E10F82EEBCC3ED68B861BB21ED63B1DDB277580F3032527E5A1183,HOST_CAN_0139,PASS,C1CCCOCC1,34F8EEF27B4241C34E26E4E2D170D2862FA9E2E211B82379086EB99CC92DDD8A,GUEST_CAN_0028,PASS,AttentiveFP,2,family_cold,other,3.6092309951782227
653,19,183,O=C1N(CC4=CC=C(C(O)=O)C=C4)C3C(N(CN%21C%20=O)C(N3CN(C(N7CN(C(N%11CN(C(N%15CN(C(N%19CN%20C%23C%21N(CC%25=CC=C(C(O)=O)C=C%25)C(N%23CC%24=CC=C(C(O)=O)C=C%24)=O)=O)C%17C%19N(CC%22=CC=C(C(O)=O)C=C%22)C(N%17CC%18=CC=C(C(O)=O)C=C%18)=O)=O)C%13C%15N(CC%16=CC=C(C(O)=O)C=C%16)C(N%13CC%14=CC=C(C(O)=O)C=C%14)=O)=O)C9C%11N(CC%12=CC=C(C(O)=O)C=C%12)C(N9CC%10=CC=C(C(O)=O)C=C%10)=O)=O)C5C7N(CC8=CC=C(C(O)=O)C=C8)C(N5CC6=CC=C(C(O)=O)C=C6)=O)=O)N1CC2=CC=C(C(O)=O)C=C2,[B-](F)(F)(F)F,other,6.633500099182129,O=C(O)c1ccc(CN2C(=O)N(Cc3ccc(C(=O)O)cc3)C3C2N2CN4C(=O)N(CN5C(=O)N(CN6C(=O)N(CN7C(=O)N(CN8C(=O)N(CN3C2=O)C2C8N(Cc3ccc(C(=O)O)cc3)C(=O)N2Cc2ccc(C(=O)O)cc2)C2C7N(Cc3ccc(C(=O)O)cc3)C(=O)N2Cc2ccc(C(=O)O)cc2)C2C6N(Cc3ccc(C(=O)O)cc3)C(=O)N2Cc2ccc(C(=O)O)cc2)C2C5N(Cc3ccc(C(=O)O)cc3)C(=O)N2Cc2ccc(C(=O)O)cc2)C2C4N(Cc3ccc(C(=O)O)cc3)C(=O)N2Cc2ccc(C(=O)O)cc2)cc1,5BFAE42297A9EBC8CE307175405F2DA12222FDEAA2AA87FF2D5843CBEC077A9C,HOST_CAN_0133,PASS,F[B-](F)(F)F,436A6B8CF102290FA624E32B2AE01FCD96D5223071B27811CF6FDE8C8695D533,GUEST_CAN_0704,PASS,AttentiveFP,2,family_cold,other,3.5466456413269043
655,9,468,[O-]C(=O)COc1ccc2c3c1CNC(=O)c1c(OCC(=O)[O-])ccc4c1ccc1c4C4CC(O1)Oc1c4c4ccc(c(C(=O)NCc5c6c(c7C8c2c(cc3)OC(C8)Oc7cc6)ccc5OCC(=O)[O-])c4cc1)OCC(=O)[O-].[NH4+].[NH4+].[NH4+].[NH4+],CCOC(=O)C,other,3.3559999465942383,O=C([O-])COc1ccc2c3c4ccc2c1CNC(=O)c1c(OCC(=O)[O-])ccc2c5c(ccc12)OC1CC5c2c(ccc5c(c(OCC(=O)[O-])ccc25)C(=O)NCc2c(OCC(=O)[O-])ccc5c6c(ccc25)OC(CC36)O4)O1.[NH4+].[NH4+].[NH4+].[NH4+],7D3830C6A6E10F82EEBCC3ED68B861BB21ED63B1DDB277580F3032527E5A1183,HOST_CAN_0139,PASS,CCOC(C)=O,AA776D017A7413EAA98D958836BF2321D599C41772392950B900F195A10B0042,GUEST_CAN_0364,PASS,AttentiveFP,2,family_cold,other,2.782431125640869
656,69,16,NCCN1C=C(N=N1)COC(C=C2)=C(CNCC3=C(OCC(N=N4)=CN4CCN)C=CC5=C3C=C6)C7=C2C8=C(C=C7)OC9CC8C%10=C(O9)C=CC%11=C%10C=CC(OCC(N=N%12)=CN%12CCN)=C%11CNCC%13=C(OCC(N=N%14)=CN%14CCN)C=CC%15=C%13C=CC(O%16)=C%15C%17C5=C6OC%16C%17,CCCCCC(=O)O,other,2.3838000297546387,NCCn1cc(COc2ccc3c4c5ccc3c2CNCc2c(OCc3cn(CCN)nn3)ccc3c6c(ccc23)OC2CC6c3c(ccc6c(c(OCc7cn(CCN)nn7)ccc36)CNCc3c(OCc6cn(CCN)nn6)ccc6c7c(ccc36)OC(CC47)O5)O2)nn1,E69AC36986BDADC1E5A61FE9021251B6D5437DB096F231021CE94D055FF4BCBF,HOST_CAN_0113,PASS,CCCCCC(=O)O,C0D22B5F44C4EE10006DE3B7B916C74F314AAA41ABEC5D6A6A7CB49811FF0F01,GUEST_CAN_0271,PASS,AttentiveFP,2,family_cold,other,3.1705782413482666
657,59,171,CN(CCCCCC1=C(C(OC2=C1C=CC(=C2)N(CC)CC)=O)C=O)CC2=C(C=CC=C2)B(O)O,C1=CC(=C(C=C1CCN)O)O,other,3.5315001010894775,CCN(CC)c1ccc2c(CCCCCN(C)Cc3ccccc3B(O)O)c(C=O)c(=O)oc2c1,B861F92B136135BCA309B8D669CABB847130F510F34D71F80DA21B31360935DE,HOST_CAN_0040,PASS,NCCc1ccc(O)c(O)c1,8C989074BC36C962545C6731CBB09A9BCEAD59D65B1AEE4A0B8B096CFFB8E510,GUEST_CAN_0808,PASS,AttentiveFP,2,family_cold,other,3.039890766143799
658,87,469,CCCCOc1c(OCCCC)c2COCc3c(OCCCC)c(OCCCC)c(c4c3cccc4)COCc3c(c(c(COCc4c(c(c(COCc1c1c2cccc1)c1ccccc41)OCCCC)OCCCC)c1c3cccc1)OCCCC)OCCCC,CCCCC[n+]1ccccc1,other,2.6702001094818115,CCCCOc1c(OCCCC)c2c3ccccc3c1COCc1c(OCCCC)c(OCCCC)c(c3ccccc13)COCc1c(OCCCC)c(OCCCC)c(c3ccccc13)COCc1c(OCCCC)c(OCCCC)c(c3ccccc13)COC2,A699E12937358A216FBA45A53678131D8F7DBBB042BA5E7F52621C78F0465945,HOST_CAN_0031,PASS,CCCCC[n+]1ccccc1,F4016E0508D0E13F0EF6784C37FEA0A459EA772C4CD788A7C923D901D139B15B,GUEST_CAN_0308,PASS,AttentiveFP,2,family_cold,other,4.4147772789001465
659,91,229,C1COCCOCCN2CCOCCOCCN1CCOCCOCC2,[Na+],other,3.9000000953674316,C1COCCN2CCOCCOCCN(CCO1)CCOCCOCC2,40814B22E6CD93EB1FEFBD67E296A6414B9006E7DE8AD543F38C842653A2E43C,HOST_CAN_0004,PASS,[Na+],C967F382B185E1578CB9153250886D12807928AF715FC44BD49BA94ACEDD7043,GUEST_CAN_1098,PASS,AttentiveFP,2,family_cold,other,1.9263200759887695
660,9,470,[O-]C(=O)COc1ccc2c3c1CNC(=O)c1c(OCC(=O)[O-])ccc4c1ccc1c4C4CC(O1)Oc1c4c4ccc(c(C(=O)NCc5c6c(c7C8c2c(cc3)OC(C8)Oc7cc6)ccc5OCC(=O)[O-])c4cc1)OCC(=O)[O-].[NH4+].[NH4+].[NH4+].[NH4+],CS(=O)C,other,1.4914000034332275,O=C([O-])COc1ccc2c3c4ccc2c1CNC(=O)c1c(OCC(=O)[O-])ccc2c5c(ccc12)OC1CC5c2c(ccc5c(c(OCC(=O)[O-])ccc25)C(=O)NCc2c(OCC(=O)[O-])ccc5c6c(ccc25)OC(CC36)O4)O1.[NH4+].[NH4+].[NH4+].[NH4+],7D3830C6A6E10F82EEBCC3ED68B861BB21ED63B1DDB277580F3032527E5A1183,HOST_CAN_0139,PASS,CS(C)=O,EF4A329FE2B9444E2AE17D5A7D6B0FD38E35D5EAE829D6CA83527841C4D3898F,GUEST_CAN_0511,PASS,AttentiveFP,2,family_cold,other,2.4468483924865723
664,124,472,CC(C)(C)C1=CC(=C(C=C1)NC(=O)NC2=CC=C(C=C2)OC)C#CC3=CC(=CC(=C3)[N+](=O)[O-])C#CC4=C(C=CC(=C4)C(C)(C)C)NC(=O)NC5=CC=C(C=C5)OC,CCCC[N+](CCCC)(CCCC)CCCC.[Br-],other,3.765700101852417,COc1ccc(NC(=O)Nc2ccc(C(C)(C)C)cc2C#Cc2cc(C#Cc3cc(C(C)(C)C)ccc3NC(=O)Nc3ccc(OC)cc3)cc([N+](=O)[O-])c2)cc1,8DCC7464D23383F1AE40036D7D458C209BF9C2BB013AE26B6E3A977C1D16796E,HOST_CAN_0074,PASS,CCCC[N+](CCCC)(CCCC)CCCC.[Br-],6DD8DD4627FCB94C4F4125FAFF1BB3C1B5671EA4BD5502CBFB668600B9692E59,GUEST_CAN_0316,PASS,AttentiveFP,2,family_cold,other,4.93566370010376
666,69,473,NCCN1C=C(N=N1)COC(C=C2)=C(CNCC3=C(OCC(N=N4)=CN4CCN)C=CC5=C3C=C6)C7=C2C8=C(C=C7)OC9CC8C%10=C(O9)C=CC%11=C%10C=CC(OCC(N=N%12)=CN%12CCN)=C%11CNCC%13=C(OCC(N=N%14)=CN%14CCN)C=CC%15=C%13C=CC(O%16)=C%15C%17C5=C6OC%16C%17,O=C(Cc1ccccc1)N[C@H]1C(=O)N2[C@H]1SC([C@H]2C(=O)[O-])(C)C.[Na+],other,4.12060022354126,NCCn1cc(COc2ccc3c4c5ccc3c2CNCc2c(OCc3cn(CCN)nn3)ccc3c6c(ccc23)OC2CC6c3c(ccc6c(c(OCc7cn(CCN)nn7)ccc36)CNCc3c(OCc6cn(CCN)nn6)ccc6c7c(ccc36)OC(CC47)O5)O2)nn1,E69AC36986BDADC1E5A61FE9021251B6D5437DB096F231021CE94D055FF4BCBF,HOST_CAN_0113,PASS,CC1(C)S[C@H]2[C@@H](NC(=O)Cc3ccccc3)C(=O)N2[C@@H]1C(=O)[O-].[Na+],95280732D171EA0125107DBD13A3770B46FD40C4C47303A961FE1BBA455EA980,GUEST_CAN_0211,PASS,AttentiveFP,2,family_cold,other,4.621897220611572
668,125,90,[Na]OS(=O)(=O)CCCOc1ccc(c2c1CN1C(=O)N3[C@]4([C@@]1(N(C2)C(=O)N4CN1[C@@]2(N(C3)C(=O)N3[C@@H]2N(C1=O)CN1[C@@H]2N(C3)C(=O)N3[C@]2(C)N(C1=O)CN1[C@@]2(N(C3)C(=O)N3[C@]2(C)N(C1=O)Cc1c(C3)c(OCCCS(=O)(=O)O[Na])ccc1OCCCS(=O)(=O)O[Na])C)C)C)C)OCCCS(=O)(=O)O[Na],O=C1C=C(NC(=O)c2cc3ccccc3nc2O)[C@@H]([C@H]2[C@@H]1O2)O,other,5.7403998374938965,C[C@]12[C@H]3N4CN5C(=O)N6CN7C(=O)N8Cc9c(OCCCS(=O)(=O)[O][Na])ccc(OCCCS(=O)(=O)[O][Na])c9CN9C(=O)N(CN%10C(=O)N(CN3C(=O)N1CN1C(=O)N3Cc%11c(OCCCS(=O)(=O)[O][Na])ccc(OCCCS(=O)(=O)[O][Na])c%11CN%11C(=O)N(CN2C4=O)[C@]1(C)[C@@]3%11C)[C@@H]5[C@]%106C)[C@]7(C)[C@@]89C,6655E742DDAE6A5857CFC3FAA80FCCF84A4CB9CBDED2995FB1F915E7618100DC,HOST_CAN_0093,PASS,O=C(NC1=CC(=O)[C@H]2O[C@H]2[C@H]1O)c1cc2ccccc2nc1O,FDF8CE2A8B4B2A3DB312AD1231F5B6666439F2E4BEB6DF93515A1333E1D206F0,GUEST_CAN_0852,PASS,AttentiveFP,2,family_cold,other,4.686356067657471
670,109,76,N12CCOCCOCCOCCN(CCOCCOCCOCC1)CCOCC(OCC2)CO,[Ba+2],other,3.6500000953674316,OCC1COCCN2CCOCCOCCOCCN(CCOCCOCCOCC2)CCO1,DBB244EB3484C25754CB49358AAB55D5F1CBE448F138204AFE8509E4D673E477,HOST_CAN_0171,PASS,[Ba+2],646B641AF6E7E8BB0EF6865C6EADD1E8EF78BF2568880853D320270397B832AE,GUEST_CAN_1012,PASS,AttentiveFP,2,family_cold,other,2.7673251628875732
675,48,478,[Na]OS(=O)(=O)CCCOc1c2CN3C(=O)N4[C@]5([C@@]3(N(Cc2c(c2c1cccc2)OCCCS(=O)(=O)O[Na])C(=O)N5CN1[C@@]2(N(C4)C(=O)N3[C@]2(C)N(C1=O)Cc1c(C3)c(OCCCS(=O)(=O)O[Na])c2c(c1OCCCS(=O)(=O)O[Na])cccc2)C)C)C,[Na]OC(=O)CCN1C(=O)c2ccc3c4c2c(C1=O)ccc4C(=O)N(C3=O)CCC(=O)O[Na],other,3.7923998832702637,C[C@]12N3Cc4c(c(OCCCS(=O)(=O)[O][Na])c5ccccc5c4OCCCS(=O)(=O)[O][Na])CN1C(=O)N1CN4C(=O)N5Cc6c(c(OCCCS(=O)(=O)[O][Na])c7ccccc7c6OCCCS(=O)(=O)[O][Na])CN6C(=O)N(CN(C3=O)[C@]12C)[C@]4(C)[C@@]56C,D18B807A904C56B05E199911FB10FFB774349CC49BBD32D2EFAFF4C892BA649F,HOST_CAN_0090,PASS,O=C(CCN1C(=O)c2ccc3c4c(ccc(c24)C1=O)C(=O)N(CCC(=O)[O][Na])C3=O)[O][Na],915E7580545FDECDB5A269D6D3BD427AF61E2E3C93936139FC71B5753BABCC84,GUEST_CAN_0848,PASS,AttentiveFP,2,family_cold,other,3.6118083000183105
676,9,479,[O-]C(=O)COc1ccc2c3c1CNC(=O)c1c(OCC(=O)[O-])ccc4c1ccc1c4C4CC(O1)Oc1c4c4ccc(c(C(=O)NCc5c6c(c7C8c2c(cc3)OC(C8)Oc7cc6)ccc5OCC(=O)[O-])c4cc1)OCC(=O)[O-].[NH4+].[NH4+].[NH4+].[NH4+],CC1C(O1)C,other,2.170300006866455,O=C([O-])COc1ccc2c3c4ccc2c1CNC(=O)c1c(OCC(=O)[O-])ccc2c5c(ccc12)OC1CC5c2c(ccc5c(c(OCC(=O)[O-])ccc25)C(=O)NCc2c(OCC(=O)[O-])ccc5c6c(ccc25)OC(CC36)O4)O1.[NH4+].[NH4+].[NH4+].[NH4+],7D3830C6A6E10F82EEBCC3ED68B861BB21ED63B1DDB277580F3032527E5A1183,HOST_CAN_0139,PASS,CC1OC1C,821350391504E8B049FB63B3AD7E8B898C58ABAC40D0E8391040D8385BB98E91,GUEST_CAN_0244,PASS,AttentiveFP,2,family_cold,other,3.1448943614959717
678,48,480,[Na]OS(=O)(=O)CCCOc1c2CN3C(=O)N4[C@]5([C@@]3(N(Cc2c(c2c1cccc2)OCCCS(=O)(=O)O[Na])C(=O)N5CN1[C@@]2(N(C4)C(=O)N3[C@]2(C)N(C1=O)Cc1c(C3)c(OCCCS(=O)(=O)O[Na])c2c(c1OCCCS(=O)(=O)O[Na])cccc2)C)C)C,[I-].C[N+]1=CC=CC2=CC=CC=C12,other,3.9047000408172607,C[C@]12N3Cc4c(c(OCCCS(=O)(=O)[O][Na])c5ccccc5c4OCCCS(=O)(=O)[O][Na])CN1C(=O)N1CN4C(=O)N5Cc6c(c(OCCCS(=O)(=O)[O][Na])c7ccccc7c6OCCCS(=O)(=O)[O][Na])CN6C(=O)N(CN(C3=O)[C@]12C)[C@]4(C)[C@@]56C,D18B807A904C56B05E199911FB10FFB774349CC49BBD32D2EFAFF4C892BA649F,HOST_CAN_0090,PASS,C[n+]1cccc2ccccc21.[I-],D2EA43A34E9063DD5B7CAB294870DC77C4E7819A93BCE49755772C9E5AA93DD0,GUEST_CAN_0640,PASS,AttentiveFP,2,family_cold,other,3.9258203506469727
679,9,481,[O-]C(=O)COc1ccc2c3c1CNC(=O)c1c(OCC(=O)[O-])ccc4c1ccc1c4C4CC(O1)Oc1c4c4ccc(c(C(=O)NCc5c6c(c7C8c2c(cc3)OC(C8)Oc7cc6)ccc5OCC(=O)[O-])c4cc1)OCC(=O)[O-].[NH4+].[NH4+].[NH4+].[NH4+],C1C(O1)C2=CC=CC=C2,other,4.655099868774414,O=C([O-])COc1ccc2c3c4ccc2c1CNC(=O)c1c(OCC(=O)[O-])ccc2c5c(ccc12)OC1CC5c2c(ccc5c(c(OCC(=O)[O-])ccc25)C(=O)NCc2c(OCC(=O)[O-])ccc5c6c(ccc25)OC(CC36)O4)O1.[NH4+].[NH4+].[NH4+].[NH4+],7D3830C6A6E10F82EEBCC3ED68B861BB21ED63B1DDB277580F3032527E5A1183,HOST_CAN_0139,PASS,c1ccc(C2CO2)cc1,0026890506BC5D2564373C8A2879DB5D29E92A6F4A0380E2579E1B29F8784017,GUEST_CAN_1130,PASS,AttentiveFP,2,family_cold,other,3.2901718616485596
682,10,482,[O-]P(=O)(Oc1c2c(c(c3c1C1CC3c3c1cc1c(c3)C3CC1c1c3cccc1)OP(=O)([O-])[O-])C1CC2c2c1cc1c(c2)C2CC1c1c2cccc1)[O-].[Li+].[Li+].[Li+].[Li+],NCCCC[C@@H](C(=O)N[C@H](C(=O)N[C@H](C(=O)N[C@H](C(=O)N[C@H](C(=O)O)Cc1ccccc1)Cc1ccccc1)C(C)C)CC(C)C)NC(=O)[C@H](CCCCN)N,other,5.442500114440918,O=P([O-])([O-])Oc1c2c(c(OP(=O)([O-])[O-])c3c1C1CC3c3cc4c(cc31)C1CC4c3ccccc31)C1CC2c2cc3c(cc21)C1CC3c2ccccc21.[Li+].[Li+].[Li+].[Li+],9F96092125310177FDA593FD76E40B15009450ADCC25B07ACF29665B7272FC4E,HOST_CAN_0152,PASS,CC(C)C[C@H](NC(=O)[C@H](CCCCN)NC(=O)[C@@H](N)CCCCN)C(=O)N[C@H](C(=O)N[C@@H](Cc1ccccc1)C(=O)N[C@@H](Cc1ccccc1)C(=O)O)C(C)C,0997970723A6E7E55DC702BD2723B657F6F04F28E9DC92DEA823BD50DDC4E280,GUEST_CAN_0157,PASS,AttentiveFP,2,family_cold,other,3.5965447425842285
683,116,406,CC(C)(C)C1=CC(=C(C=C1)NC(=O)NC2=CC=C(C=C2)OC)C#CC3=CC(=CC(=C3)N(C)C)C#CC4=C(C=CC(=C4)C(C)(C)C)NC(=O)NC5=CC=C(C=C5)OC,CCCC[N+](CCCC)(CCCC)CCCC.[Cl-],other,3.4249000549316406,COc1ccc(NC(=O)Nc2ccc(C(C)(C)C)cc2C#Cc2cc(C#Cc3cc(C(C)(C)C)ccc3NC(=O)Nc3ccc(OC)cc3)cc(N(C)C)c2)cc1,54B20EB27C4699C1202B0399C1AE71AFF8DC93A9AD03D3DF803BFDD7940389BD,HOST_CAN_0072,PASS,CCCC[N+](CCCC)(CCCC)CCCC.[Cl-],98322306CD8D2EE1FC0B30A96ADB07D77C4823F49CB80B37D40EC2A8BE6D6F00,GUEST_CAN_0317,PASS,AttentiveFP,2,family_cold,other,4.762558937072754
689,126,212,[Na]OS(=O)(=O)CCCOc1ccc(c2c1CN1C(=O)N3[C@]4([C@@]1(N(C2)C(=O)N4CN1[C@@]2(N(C3)C(=O)N3[C@]2(C)N(C1=O)Cc1c(C3)c(OCCCS(=O)(=O)O[Na])ccc1OCCCS(=O)(=O)O[Na])C)C)C)OCCCS(=O)(=O)O[Na],CCC1(C2=C(COC1=O)C(=O)N3CC4=CC5=CC=CC=C5N=C4C3=C2)O,other,3.544100046157837,C[C@]12N3Cc4c(OCCCS(=O)(=O)[O][Na])ccc(OCCCS(=O)(=O)[O][Na])c4CN1C(=O)N1CN4C(=O)N5Cc6c(OCCCS(=O)(=O)[O][Na])ccc(OCCCS(=O)(=O)[O][Na])c6CN6C(=O)N(CN(C3=O)[C@]12C)[C@]4(C)[C@@]56C,FC158E303BB7EAE848BED06CE1AE3709EEEDD9B17FC1DD2CB6652A368D07AC39,HOST_CAN_0087,PASS,CCC1(O)C(=O)OCc2c1cc1n(c2=O)Cc2cc3ccccc3nc2-1,E9469B35D0FA832E6E52F35A157677A6168BC086499F2BDA38D585474E1165AE,GUEST_CAN_0263,PASS,AttentiveFP,2,family_cold,other,3.5106146335601807
690,9,487,[O-]C(=O)COc1ccc2c3c1CNC(=O)c1c(OCC(=O)[O-])ccc4c1ccc1c4C4CC(O1)Oc1c4c4ccc(c(C(=O)NCc5c6c(c7C8c2c(cc3)OC(C8)Oc7cc6)ccc5OCC(=O)[O-])c4cc1)OCC(=O)[O-].[NH4+].[NH4+].[NH4+].[NH4+],C1=CSC=C1,other,3.6071999073028564,O=C([O-])COc1ccc2c3c4ccc2c1CNC(=O)c1c(OCC(=O)[O-])ccc2c5c(ccc12)OC1CC5c2c(ccc5c(c(OCC(=O)[O-])ccc25)C(=O)NCc2c(OCC(=O)[O-])ccc5c6c(ccc25)OC(CC36)O4)O1.[NH4+].[NH4+].[NH4+].[NH4+],7D3830C6A6E10F82EEBCC3ED68B861BB21ED63B1DDB277580F3032527E5A1183,HOST_CAN_0139,PASS,c1ccsc1,5EE447CCF47CDA955DE9EE6F0CB99690E04D23B3BB5646E8372DD424DCBCDE12,GUEST_CAN_1149,PASS,AttentiveFP,2,family_cold,other,3.4136080741882324
694,9,491,[O-]C(=O)COc1ccc2c3c1CNC(=O)c1c(OCC(=O)[O-])ccc4c1ccc1c4C4CC(O1)Oc1c4c4ccc(c(C(=O)NCc5c6c(c7C8c2c(cc3)OC(C8)Oc7cc6)ccc5OCC(=O)[O-])c4cc1)OCC(=O)[O-].[NH4+].[NH4+].[NH4+].[NH4+],[N+](=O)([O-])C,other,2.0413999557495117,O=C([O-])COc1ccc2c3c4ccc2c1CNC(=O)c1c(OCC(=O)[O-])ccc2c5c(ccc12)OC1CC5c2c(ccc5c(c(OCC(=O)[O-])ccc25)C(=O)NCc2c(OCC(=O)[O-])ccc5c6c(ccc25)OC(CC36)O4)O1.[NH4+].[NH4+].[NH4+].[NH4+],7D3830C6A6E10F82EEBCC3ED68B861BB21ED63B1DDB277580F3032527E5A1183,HOST_CAN_0139,PASS,C[N+](=O)[O-],9DD6477011E170DF8C6A8B067C399B43A2AD6B900754D12DFB60C91C14231420,GUEST_CAN_0551,PASS,AttentiveFP,2,family_cold,other,3.0607738494873047
695,9,492,[O-]C(=O)COc1ccc2c3c1CNC(=O)c1c(OCC(=O)[O-])ccc4c1ccc1c4C4CC(O1)Oc1c4c4ccc(c(C(=O)NCc5c6c(c7C8c2c(cc3)OC(C8)Oc7cc6)ccc5OCC(=O)[O-])c4cc1)OCC(=O)[O-].[NH4+].[NH4+].[NH4+].[NH4+],COCOC,other,3.715100049972534,O=C([O-])COc1ccc2c3c4ccc2c1CNC(=O)c1c(OCC(=O)[O-])ccc2c5c(ccc12)OC1CC5c2c(ccc5c(c(OCC(=O)[O-])ccc25)C(=O)NCc2c(OCC(=O)[O-])ccc5c6c(ccc25)OC(CC36)O4)O1.[NH4+].[NH4+].[NH4+].[NH4+],7D3830C6A6E10F82EEBCC3ED68B861BB21ED63B1DDB277580F3032527E5A1183,HOST_CAN_0139,PASS,COCOC,E872C080882993AD4F34EEAB1075D9B1EA06F582404BC31F08853E0654F2108B,GUEST_CAN_0475,PASS,AttentiveFP,2,family_cold,other,2.122559070587158
699,9,494,[O-]C(=O)COc1ccc2c3c1CNC(=O)c1c(OCC(=O)[O-])ccc4c1ccc1c4C4CC(O1)Oc1c4c4ccc(c(C(=O)NCc5c6c(c7C8c2c(cc3)OC(C8)Oc7cc6)ccc5OCC(=O)[O-])c4cc1)OCC(=O)[O-].[NH4+].[NH4+].[NH4+].[NH4+],C1C(C)O1,other,2.6775999069213867,O=C([O-])COc1ccc2c3c4ccc2c1CNC(=O)c1c(OCC(=O)[O-])ccc2c5c(ccc12)OC1CC5c2c(ccc5c(c(OCC(=O)[O-])ccc25)C(=O)NCc2c(OCC(=O)[O-])ccc5c6c(ccc25)OC(CC36)O4)O1.[NH4+].[NH4+].[NH4+].[NH4+],7D3830C6A6E10F82EEBCC3ED68B861BB21ED63B1DDB277580F3032527E5A1183,HOST_CAN_0139,PASS,CC1CO1,72DB2C6E94EF017899F39F3632DD951839150C04EF5B28A7F8995DB4D68F4FC2,GUEST_CAN_0242,PASS,AttentiveFP,2,family_cold,other,3.0430619716644287
700,109,13,N12CCOCCOCCOCCN(CCOCCOCCOCC1)CCOCC(OCC2)CO,[Cs+],other,2.0,OCC1COCCN2CCOCCOCCOCCN(CCOCCOCCOCC2)CCO1,DBB244EB3484C25754CB49358AAB55D5F1CBE448F138204AFE8509E4D673E477,HOST_CAN_0171,PASS,[Cs+],2007C7CB8E9E407AF1FE3CC70080E500F82FCC5BB652DA30AE9309E09D1E52EF,GUEST_CAN_1052,PASS,AttentiveFP,2,family_cold,other,2.017432689666748
707,127,26,O=C(N2CN(C(N4CN(C(N6CN(C(N8CN(C(N%10CN%11C%13C%12N(CCCCCC(O)=O)C(N%13CCCCCC(O)=O)=O)=O)C9C%10N(CCCCCC(O)=O)C(N9CCCCCC(O)=O)=O)=O)C7C8N(CCCCCC(O)=O)C(N7CCCCCC(O)=O)=O)=O)C5C6N(CCCCCC(O)=O)C(N5CCCCCC(O)=O)=O)=O)C3C4N(CCCCCC(O)=O)C(N3CCCCCC(O)=O)=O)N(CN%12C%11=O)C1C2N(CCCCCC(O)=O)C(N1CCCCCC(O)=O)=O,C[N+](C)(C)C.[Br-],other,3.2304000854492188,O=C(O)CCCCCN1C(=O)N(CCCCCC(=O)O)C2C1N1CN3C(=O)N(CN4C(=O)N(CN5C(=O)N(CN6C(=O)N(CN7C(=O)N(CN2C1=O)C1C7N(CCCCCC(=O)O)C(=O)N1CCCCCC(=O)O)C1C6N(CCCCCC(=O)O)C(=O)N1CCCCCC(=O)O)C1C5N(CCCCCC(=O)O)C(=O)N1CCCCCC(=O)O)C1C4N(CCCCCC(=O)O)C(=O)N1CCCCCC(=O)O)C1C3N(CCCCCC(=O)O)C(=O)N1CCCCCC(=O)O,6A9FAF5530BC770B4CCEB7505462A63A98672DFE66B97D638131737C1C2705FD,HOST_CAN_0119,PASS,C[N+](C)(C)C.[Br-],106908581BCF2696B3EEAD8D13589E489EE5CE3B80E72B912566C7953850AB09,GUEST_CAN_0554,PASS,AttentiveFP,2,family_cold,other,6.646349906921387
708,69,388,NCCN1C=C(N=N1)COC(C=C2)=C(CNCC3=C(OCC(N=N4)=CN4CCN)C=CC5=C3C=C6)C7=C2C8=C(C=C7)OC9CC8C%10=C(O9)C=CC%11=C%10C=CC(OCC(N=N%12)=CN%12CCN)=C%11CNCC%13=C(OCC(N=N%14)=CN%14CCN)C=CC%15=C%13C=CC(O%16)=C%15C%17C5=C6OC%16C%17,CC(=O)OC(C1=CC=CC=C1)C(=O)O,other,3.6041998863220215,NCCn1cc(COc2ccc3c4c5ccc3c2CNCc2c(OCc3cn(CCN)nn3)ccc3c6c(ccc23)OC2CC6c3c(ccc6c(c(OCc7cn(CCN)nn7)ccc36)CNCc3c(OCc6cn(CCN)nn6)ccc6c7c(ccc36)OC(CC47)O5)O2)nn1,E69AC36986BDADC1E5A61FE9021251B6D5437DB096F231021CE94D055FF4BCBF,HOST_CAN_0113,PASS,CC(=O)OC(C(=O)O)c1ccccc1,D345BEFECD5B540F460F0EA9D24EBCA37DFED5572604B51957E88449819A35B4,GUEST_CAN_0093,PASS,AttentiveFP,2,family_cold,other,3.347036838531494
712,86,50,[Na]OS(=O)(=O)CCCCOC=1C=C(C=CC1)[C@@H]1N=C(OC1)CC1=C(C(=C(C(=C1CC)CC=1OC[C@@H](N1)C1=CC(=CC=C1)OCCCCS(=O)(=O)O[Na])CC)CC=1OC[C@@H](N1)C1=CC(=CC=C1)OCCCCS(=O)(=O)O[Na])CC,C1=CC=C(C(=C1)O)O,other,0.0,CCc1c(CC2=N[C@@H](c3cccc(OCCCCS(=O)(=O)[O][Na])c3)CO2)c(CC)c(CC2=N[C@@H](c3cccc(OCCCCS(=O)(=O)[O][Na])c3)CO2)c(CC)c1CC1=N[C@@H](c2cccc(OCCCCS(=O)(=O)[O][Na])c2)CO1,A0794E3195B22DC21424CE7BDC74C772C0ED7BF37D1C4B8CF085F54EF0D1331E,HOST_CAN_0047,PASS,Oc1ccccc1O,D6044096AF0493CF06B8B5FDAA8C090BB98BA46AF75026C46D7FE4ACEF4715BB,GUEST_CAN_1007,PASS,AttentiveFP,2,family_cold,other,2.4148643016815186
714,64,502,CCCCOc1cc2COCc3cc(OCCCC)cc4c3cc(OCCCC)cc4COCc3c(OCCCC)ccc4c3ccc(c4COCc3c4c(c(COCc5c(c1)c2cc(c5)OCCCC)c(OCCCC)cc4)ccc3OCCCC)OCCCC,[CH-]1C=CC=C1.[CH-]1C=CC=C1.[Co+2],other,5.531499862670898,CCCCOc1cc2c3cc(OCCCC)cc(c3c1)COCc1cc(OCCCC)cc3c(cc(OCCCC)cc13)COCc1c(OCCCC)ccc3c(c(OCCCC)ccc13)COCc1c(OCCCC)ccc3c(c(OCCCC)ccc13)COC2,05C5083FBF551B3C1AE048E85E6B7F5EB796F7835740F408D7B4DF1173E7C142,HOST_CAN_0032,PASS,[Co+2].c1cc[cH-]c1.c1cc[cH-]c1,B349EBCFF11E4FA8E9919763F46242109CA91617B25577A5208F9CF5D20717A9,GUEST_CAN_1051,PASS,AttentiveFP,2,family_cold,other,5.097234725952148
716,128,78,O=C(CCC(C(=O)NCCNCc1c2ccccc2cc2c1cccc2)N)NCCNCc1c2ccccc2cc2c1cccc2,[Zn+2],other,2.510499954223633,NC(CCC(=O)NCCNCc1c2ccccc2cc2ccccc12)C(=O)NCCNCc1c2ccccc2cc2ccccc12,01BD25C59F5221E994DF4AEDA851FB67FB6F65A6FC8B5F5AFCED46C62021C690,HOST_CAN_0108,PASS,[Zn+2],3CA5AE58E1D62B3B92768768DBBC0E0DB68F214C1B63441804429208F034662B,GUEST_CAN_1117,PASS,AttentiveFP,2,family_cold,other,2.924731731414795
717,69,16,NCCN1C=C(N=N1)COC(C=C2)=C(CNCC3=C(OCC(N=N4)=CN4CCN)C=CC5=C3C=C6)C7=C2C8=C(C=C7)OC9CC8C%10=C(O9)C=CC%11=C%10C=CC(OCC(N=N%12)=CN%12CCN)=C%11CNCC%13=C(OCC(N=N%14)=CN%14CCN)C=CC%15=C%13C=CC(O%16)=C%15C%17C5=C6OC%16C%17,CCCCCC(=O)O,other,2.1303000450134277,NCCn1cc(COc2ccc3c4c5ccc3c2CNCc2c(OCc3cn(CCN)nn3)ccc3c6c(ccc23)OC2CC6c3c(ccc6c(c(OCc7cn(CCN)nn7)ccc36)CNCc3c(OCc6cn(CCN)nn6)ccc6c7c(ccc36)OC(CC47)O5)O2)nn1,E69AC36986BDADC1E5A61FE9021251B6D5437DB096F231021CE94D055FF4BCBF,HOST_CAN_0113,PASS,CCCCCC(=O)O,C0D22B5F44C4EE10006DE3B7B916C74F314AAA41ABEC5D6A6A7CB49811FF0F01,GUEST_CAN_0271,PASS,AttentiveFP,2,family_cold,other,3.1705782413482666
721,59,37,CN(CCCCCC1=C(C(OC2=C1C=CC(=C2)N(CC)CC)=O)C=O)CC2=C(C=CC=C2)B(O)O,C1=CC(=C(C=C1C(CN)O)O)O,other,3.8129000663757324,CCN(CC)c1ccc2c(CCCCCN(C)Cc3ccccc3B(O)O)c(C=O)c(=O)oc2c1,B861F92B136135BCA309B8D669CABB847130F510F34D71F80DA21B31360935DE,HOST_CAN_0040,PASS,NCC(O)c1ccc(O)c(O)c1,7F5D32A02DE5511E772E8422081F82EE16925B55633A6CB4BB4E730CF1565495,GUEST_CAN_0775,PASS,AttentiveFP,2,family_cold,other,2.6595194339752197
722,57,189,O=S(OC1=C2C(C3C4=CC5=C(C=C4C2C3)C6C7=C(C5C6)C=CC=C7)=C(OS(=O)([O-])=O)C8=C1C9C%10=CC(C%11C(C=CC=C%12)=C%12C%13C%11)=C%13C=C%10C8C9)([O-])=O.[Na+].[Na+],CC(=O)NC(CCCN=C(N)N)C(=O)OC.Cl,other,4.061299800872803,O=S(=O)([O-])Oc1c2c(c(OS(=O)(=O)[O-])c3c1C1CC3c3cc4c(cc31)C1CC4c3ccccc31)C1CC2c2cc3c(cc21)C1CC3c2ccccc21.[Na+].[Na+],5412FB52C8CBD58449E920A6B0055A7974AA5ED214A245A72F491F8E36BD048F,HOST_CAN_0161,PASS,COC(=O)C(CCCN=C(N)N)NC(C)=O.Cl,E4655E8C60F01DAE0B94DB1C29D0E2D7F20D360ECF2AC968F56DB5F12FAE5898,GUEST_CAN_0437,PASS,AttentiveFP,2,family_cold,other,3.0252199172973633
729,74,22,[Li+].[Li+].COP(OC)(=O)CC1=CC(=CC(=C1)NC(CCCN(C)CC1=C(C=CC=C1)B(O)O)=O)CP([O-])([O-])=O,CNCC(C1=CC(=C(C=C1)O)O)O,other,2.6173999309539795,COP(=O)(Cc1cc(CP(=O)([O-])[O-])cc(NC(=O)CCCN(C)Cc2ccccc2B(O)O)c1)OC.[Li+].[Li+],7E42F839F9338A49BA3ED36631C1EA08827315A2F7E1A716582040F5B64BDC5A,HOST_CAN_0065,PASS,CNCC(O)c1ccc(O)c(O)c1,6ECE6CFFF6E84A2846BFDF3E647E6C18CCEA435B77A528E23C38803D697997FC,GUEST_CAN_0428,PASS,AttentiveFP,2,family_cold,other,2.23417067527771
730,6,328,OC(=O)CCC1c2cc3c4cc2O[C@@H]2Oc5c1cc1c(c5)O[C@@H]5Oc6c([C@@H]1CCC(=O)O)cc1[C@H](c7cc(C3CCC(=O)O)c3O[C@H](O4)c4cc8Oc9cc(Oc%10cc2cc(c%10C(=O)O)Oc2cccc(c2)Oc2cc5cc(c2C(=O)O)Oc2cccc(c2)Oc2cc([C@@H](Oc7c3)Oc1c6)cc(Oc1cc(Oc(c4)c8C(=O)O)ccc1)c2C(=O)O)ccc9)CCC(=O)O,C[N+](C)(C)C12CC3CC(C1)CC(C3)C2,other,5.620100021362305,O=C(O)CCC1c2cc3c4cc2O[C@H]2Oc5cc6c(cc51)[C@H](CCC(=O)O)c1cc5c7cc1O[C@H](O6)c1cc6c(C(=O)O)c(c1)Oc1cccc(c1)Oc1cc8cc(c1C(=O)O)Oc1cccc(c1)Oc1cc(cc(c1C(=O)O)Oc1cccc(c1)Oc1cc2cc(c1C(=O)O)Oc1cccc(c1)O6)[C@H](O4)Oc1cc(c(cc1C3CCC(=O)O)[C@H]5CCC(=O)O)O[C@@H]8O7,9910B6C324867B78C538BC824892433086D3864FCBD7A2F3E051B7730A9D9689,HOST_CAN_0118,PASS,C[N+](C)(C)C12CC3CC(CC(C3)C1)C2,592B1274AF36843687A4C28CB14599E0E7295207B2962D4756B9C9C885C8456D,GUEST_CAN_0558,PASS,AttentiveFP,2,family_cold,other,5.694399356842041
735,130,512,[NH2+](Cc1ccccc1)Cc1ccccc1.CCCc1c2cc3OCCOCCOCCOc4nc5ccccc5nc4OCCOCCOCCOc3cc2c(c2c1cc1OCCOCCOCCOc3nc4ccccc4nc3OCCOCCOCCOc1c2)CCC,C1=CC=C(C=C1)C[NH2+]CC2=CC=CC=C2,other,2.161400079727173,CCCc1c2cc3c(cc2c(CCC)c2cc4c(cc12)OCCOCCOCCOc1nc2ccccc2nc1OCCOCCOCCO4)OCCOCCOCCOc1nc2ccccc2nc1OCCOCCOCCO3.c1ccc(C[NH2+]Cc2ccccc2)cc1,A09F0AC2B818631EA5E91BEAB0FDC347F71EB873028CABE5119C78F5F61440AE,HOST_CAN_0039,PASS,c1ccc(C[NH2+]Cc2ccccc2)cc1,32DCEEB352F6FDEAF45A2BF57CC92E21E7AE7DE1B3F976CDFAE56CA7157A2785,GUEST_CAN_1133,PASS,AttentiveFP,2,family_cold,other,4.723583698272705
737,9,211,[O-]C(=O)COc1ccc2c3c1CNC(=O)c1c(OCC(=O)[O-])ccc4c1ccc1c4C4CC(O1)Oc1c4c4ccc(c(C(=O)NCc5c6c(c7C8c2c(cc3)OC(C8)Oc7cc6)ccc5OCC(=O)[O-])c4cc1)OCC(=O)[O-].[NH4+].[NH4+].[NH4+].[NH4+],CC#N,other,2.2040998935699463,O=C([O-])COc1ccc2c3c4ccc2c1CNC(=O)c1c(OCC(=O)[O-])ccc2c5c(ccc12)OC1CC5c2c(ccc5c(c(OCC(=O)[O-])ccc25)C(=O)NCc2c(OCC(=O)[O-])ccc5c6c(ccc25)OC(CC36)O4)O1.[NH4+].[NH4+].[NH4+].[NH4+],7D3830C6A6E10F82EEBCC3ED68B861BB21ED63B1DDB277580F3032527E5A1183,HOST_CAN_0139,PASS,CC#N,FDD689A8C9458D0C74F4E8E0D335DCFC7416C1B04DF6625B21F2D2EE202B808A,GUEST_CAN_0061,PASS,AttentiveFP,2,family_cold,other,2.2413113117218018
741,54,439,[O-]C(=O)COc1c2c(c(c3c1C1CC3c3c1cc1c(c3)C3CC1c1c3cccc1)OCC(=O)[O-])C1CC2c2c1cc1c(c2)C2CC1c1c2cccc1.[Na+].[Na+],C(CCN)CC(C(=O)O)N.Cl,other,2.931999921798706,O=C([O-])COc1c2c(c(OCC(=O)[O-])c3c1C1CC3c3cc4c(cc31)C1CC4c3ccccc31)C1CC2c2cc3c(cc21)C1CC3c2ccccc21.[Na+].[Na+],71E90553B9BBF31920DD1BD183D0F0C0585830F890A72ECB34B8E8CE3C7EDE35,HOST_CAN_0137,PASS,Cl.NCCCCC(N)C(=O)O,8FFA886A41D9098D64B27B9C9886324CA1B4A58DAD526EF9C6AC5F51515F8B9D,GUEST_CAN_0688,PASS,AttentiveFP,2,family_cold,other,2.9738850593566895
743,131,516,C(C)NC(=O)C1=CC=C(N1)C(=O)NC(=[NH2+])N,CC(C(=O)[O-])NC(=O)C,other,2.8864998817443848,CCNC(=O)c1ccc(C(=O)NC(N)=[NH2+])[nH]1,90B1C4254FCF6AE64E03F9D1916038B6C478F84A2BD8575DC59AA5BEB06CD223,HOST_CAN_0042,PASS,CC(=O)NC(C)C(=O)[O-],223D3A7CF02799E4E69DE4CF10C536E7E3A130D2DECA6FB2E856007B979C6DE6,GUEST_CAN_0069,PASS,AttentiveFP,2,family_cold,other,3.058749198913574
746,9,214,[O-]C(=O)COc1ccc2c3c1CNC(=O)c1c(OCC(=O)[O-])ccc4c1ccc1c4C4CC(O1)Oc1c4c4ccc(c(C(=O)NCc5c6c(c7C8c2c(cc3)OC(C8)Oc7cc6)ccc5OCC(=O)[O-])c4cc1)OCC(=O)[O-].[NH4+].[NH4+].[NH4+].[NH4+],CC1C(O1)C2=CC=CC=C2,other,4.976399898529053,O=C([O-])COc1ccc2c3c4ccc2c1CNC(=O)c1c(OCC(=O)[O-])ccc2c5c(ccc12)OC1CC5c2c(ccc5c(c(OCC(=O)[O-])ccc25)C(=O)NCc2c(OCC(=O)[O-])ccc5c6c(ccc25)OC(CC36)O4)O1.[NH4+].[NH4+].[NH4+].[NH4+],7D3830C6A6E10F82EEBCC3ED68B861BB21ED63B1DDB277580F3032527E5A1183,HOST_CAN_0139,PASS,CC1OC1c1ccccc1,54EBB6A09AE5F8E149FA481FA6C4198A306FEEFF951AD05F8AE3FD8CFB01AA30,GUEST_CAN_0245,PASS,AttentiveFP,2,family_cold,other,3.431095838546753
749,75,521,CN1[C@H]2[C@@H](N(C1=O)C)N3CN4[C@@H]5[C@@H](N(C(=O)N5C)C)N(C4=O)CN6[C@@H]7[C@@H](N(C(=O)N7C)C)N(C6=O)CN8[C@@H]9[C@@H](N(C(=O)N9C)C)N(C8=O)CN1[C@@H]4[C@@H](N(C(=O)N4C)C)N(C1=O)CN1[C@@H]4[C@@H](N(C(=O)N4C)C)N(C1=O)CN2C3=O,[Cl-],other,2.8910000324249268,CN1C(=O)N(C)[C@@H]2[C@H]1N1CN3C(=O)N(CN4C(=O)N(CN5C(=O)N(CN6C(=O)N(CN7C(=O)N(CN2C1=O)[C@@H]1[C@H]7N(C)C(=O)N1C)[C@@H]1[C@H]6N(C)C(=O)N1C)[C@@H]1[C@H]5N(C)C(=O)N1C)[C@@H]1[C@H]4N(C)C(=O)N1C)[C@@H]1[C@H]3N(C)C(=O)N1C,D6C3F21332661BB9069594818AE00619D2227BBAE869749EDEEAB00A6EE038AA,HOST_CAN_0053,PASS,[Cl-],21C8D33686776387B6A57D02C12EDC885AFA97A58E90478063570CDACEDA8054,GUEST_CAN_1022,PASS,AttentiveFP,2,family_cold,other,3.0814781188964844
750,64,312,CCCCOc1cc2COCc3cc(OCCCC)cc4c3cc(OCCCC)cc4COCc3c(OCCCC)ccc4c3ccc(c4COCc3c4c(c(COCc5c(c1)c2cc(c5)OCCCC)c(OCCCC)cc4)ccc3OCCCC)OCCCC,C[S+](C)C,other,2.5464999675750732,CCCCOc1cc2c3cc(OCCCC)cc(c3c1)COCc1cc(OCCCC)cc3c(cc(OCCCC)cc13)COCc1c(OCCCC)ccc3c(c(OCCCC)ccc13)COCc1c(OCCCC)ccc3c(c(OCCCC)ccc13)COC2,05C5083FBF551B3C1AE048E85E6B7F5EB796F7835740F408D7B4DF1173E7C142,HOST_CAN_0032,PASS,C[S+](C)C,6BDDCD6C75A7F46B09F51034578C849D6AEAE765CA5781E91F286B250CBE175D,GUEST_CAN_0614,PASS,AttentiveFP,2,family_cold,other,2.6453120708465576
753,132,512,[NH2+](Cc1ccccc1)Cc1ccccc1.O1CCOc2cc3c(cc2OCCOCCOCCOc2c(OCCOCC1)nc1ccccc1n2)c1cc2OCCOCCOCCOc4nc5ccccc5nc4OCCOCCOCCOc2cc1c1c3cc2OCCOCCOCCOc3nc4ccccc4nc3OCCOCCOCCOc2c1,C1=CC=C(C=C1)C[NH2+]CC2=CC=CC=C2,other,2.342400074005127,c1ccc(C[NH2+]Cc2ccccc2)cc1.c1ccc2nc3c(nc2c1)OCCOCCOCCOc1cc2c4cc5c(cc4c4cc6c(cc4c2cc1OCCOCCOCCO3)OCCOCCOCCOc1nc2ccccc2nc1OCCOCCOCCO6)OCCOCCOCCOc1nc2ccccc2nc1OCCOCCOCCO5,1764E8F77B37EBC23370B1C8A5E5AED85417D961954F4D6879E6987EC7F8802D,HOST_CAN_0185,PASS,c1ccc(C[NH2+]Cc2ccccc2)cc1,32DCEEB352F6FDEAF45A2BF57CC92E21E7AE7DE1B3F976CDFAE56CA7157A2785,GUEST_CAN_1133,PASS,AttentiveFP,2,family_cold,other,5.214447021484375
754,44,161,C1COCCN2CCOCCOCCN1CCOCCOCC2,[Mg+2],other,2.0,C1COCCN2CCOCCOCCN(CCO1)CCOCC2,32931B055F3C7DC5134671B8211003699C695F3A170DAFEAC54A6E2274B3149A,HOST_CAN_0003,PASS,[Mg+2],7F8D39B1BC5783E4D085768535A47B9BA749178FAD98C2BA37380CBAD5B2A9A1,GUEST_CAN_1073,PASS,AttentiveFP,2,family_cold,other,3.0438835620880127
759,117,472,CC(C)(C)C1=CC(=C(C=C1)NC(=O)NC2=CC=C(C=C2)OC)C#CC3=CC(=CC=C3)C#CC4=C(C=CC(=C4)C(C)(C)C)NC(=O)NC5=CC=C(C=C5)OC,CCCC[N+](CCCC)(CCCC)CCCC.[Br-],other,3.2040998935699463,COc1ccc(NC(=O)Nc2ccc(C(C)(C)C)cc2C#Cc2cccc(C#Cc3cc(C(C)(C)C)ccc3NC(=O)Nc3ccc(OC)cc3)c2)cc1,494C057AF3883280A50FECE7741A3608EDE28ABABC7B8B78AEB79306A119556D,HOST_CAN_0078,PASS,CCCC[N+](CCCC)(CCCC)CCCC.[Br-],6DD8DD4627FCB94C4F4125FAFF1BB3C1B5671EA4BD5502CBFB668600B9692E59,GUEST_CAN_0316,PASS,AttentiveFP,2,family_cold,other,4.969780921936035
760,9,492,[O-]C(=O)COc1ccc2c3c1CNC(=O)c1c(OCC(=O)[O-])ccc4c1ccc1c4C4CC(O1)Oc1c4c4ccc(c(C(=O)NCc5c6c(c7C8c2c(cc3)OC(C8)Oc7cc6)ccc5OCC(=O)[O-])c4cc1)OCC(=O)[O-].[NH4+].[NH4+].[NH4+].[NH4+],COCOC,other,3.828700065612793,O=C([O-])COc1ccc2c3c4ccc2c1CNC(=O)c1c(OCC(=O)[O-])ccc2c5c(ccc12)OC1CC5c2c(ccc5c(c(OCC(=O)[O-])ccc25)C(=O)NCc2c(OCC(=O)[O-])ccc5c6c(ccc25)OC(CC36)O4)O1.[NH4+].[NH4+].[NH4+].[NH4+],7D3830C6A6E10F82EEBCC3ED68B861BB21ED63B1DDB277580F3032527E5A1183,HOST_CAN_0139,PASS,COCOC,E872C080882993AD4F34EEAB1075D9B1EA06F582404BC31F08853E0654F2108B,GUEST_CAN_0475,PASS,AttentiveFP,2,family_cold,other,2.122559070587158
765,94,37,CC(C(O[Na])=O)OC(C(OC(C)C(O[Na])=O)=C1)=CC2=C1C(C=C(OC(C(O[Na])=O)C)C(OC(C(O[Na])=O)C)=C3)=C3C4=C2C=C(OC(C(O[Na])=O)C)C(OC(C)C(O[Na])=O)=C4,C1=CC(=C(C=C1C(CN)O)O)O,other,2.2695000171661377,CC(Oc1cc2c3cc(OC(C)C(=O)[O][Na])c(OC(C)C(=O)[O][Na])cc3c3cc(OC(C)C(=O)[O][Na])c(OC(C)C(=O)[O][Na])cc3c2cc1OC(C)C(=O)[O][Na])C(=O)[O][Na],BA584CA32AF40B5CC01118169993C3B68F1DD55FC57084F45766D3D97748C6AD,HOST_CAN_0016,PASS,NCC(O)c1ccc(O)c(O)c1,7F5D32A02DE5511E772E8422081F82EE16925B55633A6CB4BB4E730CF1565495,GUEST_CAN_0775,PASS,AttentiveFP,2,family_cold,other,2.3463869094848633
771,6,411,OC(=O)CCC1c2cc3c4cc2O[C@@H]2Oc5c1cc1c(c5)O[C@@H]5Oc6c([C@@H]1CCC(=O)O)cc1[C@H](c7cc(C3CCC(=O)O)c3O[C@H](O4)c4cc8Oc9cc(Oc%10cc2cc(c%10C(=O)O)Oc2cccc(c2)Oc2cc5cc(c2C(=O)O)Oc2cccc(c2)Oc2cc([C@@H](Oc7c3)Oc1c6)cc(Oc1cc(Oc(c4)c8C(=O)O)ccc1)c2C(=O)O)ccc9)CCC(=O)O,CCCCCC[N+](C)(C)C.[Cl-],other,4.2718000411987305,O=C(O)CCC1c2cc3c4cc2O[C@H]2Oc5cc6c(cc51)[C@H](CCC(=O)O)c1cc5c7cc1O[C@H](O6)c1cc6c(C(=O)O)c(c1)Oc1cccc(c1)Oc1cc8cc(c1C(=O)O)Oc1cccc(c1)Oc1cc(cc(c1C(=O)O)Oc1cccc(c1)Oc1cc2cc(c1C(=O)O)Oc1cccc(c1)O6)[C@H](O4)Oc1cc(c(cc1C3CCC(=O)O)[C@H]5CCC(=O)O)O[C@@H]8O7,9910B6C324867B78C538BC824892433086D3864FCBD7A2F3E051B7730A9D9689,HOST_CAN_0118,PASS,CCCCCC[N+](C)(C)C.[Cl-],2678C2424C739C2D9266BD3D3D7935A8947095DF196996EF1599E3A349DA25FC,GUEST_CAN_0298,PASS,AttentiveFP,2,family_cold,other,4.476022720336914
773,135,531,C(N)(=O)CN(C(=O)C1=CC=C(N1)C(=O)NC(=[NH2+])N)C(C)C,C(=O)[O-],other,2.544100046157837,CC(C)N(CC(N)=O)C(=O)c1ccc(C(=O)NC(N)=[NH2+])[nH]1,E45E3D029035E3F73C86C1CEB4D1AB7DAEA8B675AB866EF1DA28E3B575A147C0,HOST_CAN_0011,PASS,O=C[O-],B79DD912B6229E9F15468B4643B57A85146D277469B726AE2F1B3295F2E5D9D3,GUEST_CAN_0928,PASS,AttentiveFP,2,family_cold,other,2.3760645389556885
775,86,376,[Na]OS(=O)(=O)CCCCOC=1C=C(C=CC1)[C@@H]1N=C(OC1)CC1=C(C(=C(C(=C1CC)CC=1OC[C@@H](N1)C1=CC(=CC=C1)OCCCCS(=O)(=O)O[Na])CC)CC=1OC[C@@H](N1)C1=CC(=CC=C1)OCCCCS(=O)(=O)O[Na])CC,C(CO)N.Cl,other,1.0,CCc1c(CC2=N[C@@H](c3cccc(OCCCCS(=O)(=O)[O][Na])c3)CO2)c(CC)c(CC2=N[C@@H](c3cccc(OCCCCS(=O)(=O)[O][Na])c3)CO2)c(CC)c1CC1=N[C@@H](c2cccc(OCCCCS(=O)(=O)[O][Na])c2)CO1,A0794E3195B22DC21424CE7BDC74C772C0ED7BF37D1C4B8CF085F54EF0D1331E,HOST_CAN_0047,PASS,Cl.NCCO,B8BFC7F3AB287F02D64B1AF5D74B52A154A02E551CB075B8B8621A2F056ECCD2,GUEST_CAN_0689,PASS,AttentiveFP,2,family_cold,other,2.771800994873047
778,125,212,[Na]OS(=O)(=O)CCCOc1ccc(c2c1CN1C(=O)N3[C@]4([C@@]1(N(C2)C(=O)N4CN1[C@@]2(N(C3)C(=O)N3[C@@H]2N(C1=O)CN1[C@@H]2N(C3)C(=O)N3[C@]2(C)N(C1=O)CN1[C@@]2(N(C3)C(=O)N3[C@]2(C)N(C1=O)Cc1c(C3)c(OCCCS(=O)(=O)O[Na])ccc1OCCCS(=O)(=O)O[Na])C)C)C)C)OCCCS(=O)(=O)O[Na],CCC1(C2=C(COC1=O)C(=O)N3CC4=CC5=CC=CC=C5N=C4C3=C2)O,other,3.462399959564209,C[C@]12[C@H]3N4CN5C(=O)N6CN7C(=O)N8Cc9c(OCCCS(=O)(=O)[O][Na])ccc(OCCCS(=O)(=O)[O][Na])c9CN9C(=O)N(CN%10C(=O)N(CN3C(=O)N1CN1C(=O)N3Cc%11c(OCCCS(=O)(=O)[O][Na])ccc(OCCCS(=O)(=O)[O][Na])c%11CN%11C(=O)N(CN2C4=O)[C@]1(C)[C@@]3%11C)[C@@H]5[C@]%106C)[C@]7(C)[C@@]89C,6655E742DDAE6A5857CFC3FAA80FCCF84A4CB9CBDED2995FB1F915E7618100DC,HOST_CAN_0093,PASS,CCC1(O)C(=O)OCc2c1cc1n(c2=O)Cc2cc3ccccc3nc2-1,E9469B35D0FA832E6E52F35A157677A6168BC086499F2BDA38D585474E1165AE,GUEST_CAN_0263,PASS,AttentiveFP,2,family_cold,other,5.179708957672119
782,94,536,CC(C(O[Na])=O)OC(C(OC(C)C(O[Na])=O)=C1)=CC2=C1C(C=C(OC(C(O[Na])=O)C)C(OC(C(O[Na])=O)C)=C3)=C3C4=C2C=C(OC(C(O[Na])=O)C)C(OC(C)C(O[Na])=O)=C4,C1=CC2=C(C=C1O)C(=CN2)CCN,other,2.3032000064849854,CC(Oc1cc2c3cc(OC(C)C(=O)[O][Na])c(OC(C)C(=O)[O][Na])cc3c3cc(OC(C)C(=O)[O][Na])c(OC(C)C(=O)[O][Na])cc3c2cc1OC(C)C(=O)[O][Na])C(=O)[O][Na],BA584CA32AF40B5CC01118169993C3B68F1DD55FC57084F45766D3D97748C6AD,HOST_CAN_0016,PASS,NCCc1c[nH]c2ccc(O)cc12,50C092FACAED55A658C6A1AE3522860D2E1569D33526588B723A5129AA5EBE61,GUEST_CAN_0806,PASS,AttentiveFP,2,family_cold,other,2.981186866760254
788,116,472,CC(C)(C)C1=CC(=C(C=C1)NC(=O)NC2=CC=C(C=C2)OC)C#CC3=CC(=CC(=C3)N(C)C)C#CC4=C(C=CC(=C4)C(C)(C)C)NC(=O)NC5=CC=C(C=C5)OC,CCCC[N+](CCCC)(CCCC)CCCC.[Br-],other,2.90310001373291,COc1ccc(NC(=O)Nc2ccc(C(C)(C)C)cc2C#Cc2cc(C#Cc3cc(C(C)(C)C)ccc3NC(=O)Nc3ccc(OC)cc3)cc(N(C)C)c2)cc1,54B20EB27C4699C1202B0399C1AE71AFF8DC93A9AD03D3DF803BFDD7940389BD,HOST_CAN_0072,PASS,CCCC[N+](CCCC)(CCCC)CCCC.[Br-],6DD8DD4627FCB94C4F4125FAFF1BB3C1B5671EA4BD5502CBFB668600B9692E59,GUEST_CAN_0316,PASS,AttentiveFP,2,family_cold,other,4.939083099365234
794,94,542,CC(C(O[Na])=O)OC(C(OC(C)C(O[Na])=O)=C1)=CC2=C1C(C=C(OC(C(O[Na])=O)C)C(OC(C(O[Na])=O)C)=C3)=C3C4=C2C=C(OC(C(O[Na])=O)C)C(OC(C)C(O[Na])=O)=C4,C1=CC(=CC=C1CCN)O,other,2.3747000694274902,CC(Oc1cc2c3cc(OC(C)C(=O)[O][Na])c(OC(C)C(=O)[O][Na])cc3c3cc(OC(C)C(=O)[O][Na])c(OC(C)C(=O)[O][Na])cc3c2cc1OC(C)C(=O)[O][Na])C(=O)[O][Na],BA584CA32AF40B5CC01118169993C3B68F1DD55FC57084F45766D3D97748C6AD,HOST_CAN_0016,PASS,NCCc1ccc(O)cc1,DDE8FB0CAB54D70F634834523F64F6D6D31E8DDBE409025D5D3B793F1CAB152C,GUEST_CAN_0809,PASS,AttentiveFP,2,family_cold,other,2.9453954696655273
797,136,544,[Na]OS(=O)(=O)CCCOc1c2CN3C(=O)N4[C@]5([C@@]3(N(Cc2c(c2c1cccc2)OCCCS(=O)(=O)O[Na])C(=O)N5CN1[C@@]2(N(C4)C(=O)N3[C@@H]2N(C1=O)CN1[C@@H]2N(C3)C(=O)N3[C@]2(C)N(C1=O)CN1[C@@]2(N(C3)C(=O)N3[C@]2(C)N(C1=O)Cc1c(C3)c(OCCCS(=O)(=O)O[Na])c2c(c1OCCCS(=O)(=O)O[Na])cccc2)C)C)C)C,C1CN(CCN1CCC2=C(C=C3C(=C2)CC(=O)N3)Cl)C4=NSC5=CC=CC=C54,other,4.07919979095459,C[C@]12[C@H]3N4CN5C(=O)N6CN7C(=O)N8Cc9c(c(OCCCS(=O)(=O)[O][Na])c%10ccccc%10c9OCCCS(=O)(=O)[O][Na])CN9C(=O)N(CN%10C(=O)N(CN3C(=O)N1CN1C(=O)N3Cc%11c(c(OCCCS(=O)(=O)[O][Na])c%12ccccc%12c%11OCCCS(=O)(=O)[O][Na])CN%11C(=O)N(CN2C4=O)[C@]1(C)[C@@]3%11C)[C@@H]5[C@]%106C)[C@]7(C)[C@@]89C,1DCA0847E025F86C1C729E9FF98D736A19E955201DE9828E57DA9B852243C5EB,HOST_CAN_0094,PASS,O=C1Cc2cc(CCN3CCN(c4nsc5ccccc45)CC3)c(Cl)cc2N1,5C29CDC659AEEDE5E084EE663C3DDDAF5EC9373DB128425FD8B71EF81BA66DC6,GUEST_CAN_0920,PASS,AttentiveFP,2,family_cold,other,6.366774559020996
800,9,545,[O-]C(=O)COc1ccc2c3c1CNC(=O)c1c(OCC(=O)[O-])ccc4c1ccc1c4C4CC(O1)Oc1c4c4ccc(c(C(=O)NCc5c6c(c7C8c2c(cc3)OC(C8)Oc7cc6)ccc5OCC(=O)[O-])c4cc1)OCC(=O)[O-].[NH4+].[NH4+].[NH4+].[NH4+],C1COC1,other,2.376499891281128,O=C([O-])COc1ccc2c3c4ccc2c1CNC(=O)c1c(OCC(=O)[O-])ccc2c5c(ccc12)OC1CC5c2c(ccc5c(c(OCC(=O)[O-])ccc25)C(=O)NCc2c(OCC(=O)[O-])ccc5c6c(ccc25)OC(CC36)O4)O1.[NH4+].[NH4+].[NH4+].[NH4+],7D3830C6A6E10F82EEBCC3ED68B861BB21ED63B1DDB277580F3032527E5A1183,HOST_CAN_0139,PASS,C1COC1,C87B7A7A34ED4CBE76FDF5D686528693E005FC0C0FF659CE71CE50DC277F1047,GUEST_CAN_0036,PASS,AttentiveFP,2,family_cold,other,3.05279803276062
801,48,546,[Na]OS(=O)(=O)CCCOc1c2CN3C(=O)N4[C@]5([C@@]3(N(Cc2c(c2c1cccc2)OCCCS(=O)(=O)O[Na])C(=O)N5CN1[C@@]2(N(C4)C(=O)N3[C@]2(C)N(C1=O)Cc1c(C3)c(OCCCS(=O)(=O)O[Na])c2c(c1OCCCS(=O)(=O)O[Na])cccc2)C)C)C,[NH3+]Cc1ccc(cc1)C[NH3+].[Cl-].[Cl-],other,4.276500225067139,C[C@]12N3Cc4c(c(OCCCS(=O)(=O)[O][Na])c5ccccc5c4OCCCS(=O)(=O)[O][Na])CN1C(=O)N1CN4C(=O)N5Cc6c(c(OCCCS(=O)(=O)[O][Na])c7ccccc7c6OCCCS(=O)(=O)[O][Na])CN6C(=O)N(CN(C3=O)[C@]12C)[C@]4(C)[C@@]56C,D18B807A904C56B05E199911FB10FFB774349CC49BBD32D2EFAFF4C892BA649F,HOST_CAN_0090,PASS,[Cl-].[Cl-].[NH3+]Cc1ccc(C[NH3+])cc1,CE7F999399CD142893A4CC3D40A478F75FDB5344DBEECB9E212BA32295D1B8C5,GUEST_CAN_1031,PASS,AttentiveFP,2,family_cold,other,4.980167388916016
804,9,549,[O-]C(=O)COc1ccc2c3c1CNC(=O)c1c(OCC(=O)[O-])ccc4c1ccc1c4C4CC(O1)Oc1c4c4ccc(c(C(=O)NCc5c6c(c7C8c2c(cc3)OC(C8)Oc7cc6)ccc5OCC(=O)[O-])c4cc1)OCC(=O)[O-].[NH4+].[NH4+].[NH4+].[NH4+],C=CCCCC1CO1,other,4.429800033569336,O=C([O-])COc1ccc2c3c4ccc2c1CNC(=O)c1c(OCC(=O)[O-])ccc2c5c(ccc12)OC1CC5c2c(ccc5c(c(OCC(=O)[O-])ccc25)C(=O)NCc2c(OCC(=O)[O-])ccc5c6c(ccc25)OC(CC36)O4)O1.[NH4+].[NH4+].[NH4+].[NH4+],7D3830C6A6E10F82EEBCC3ED68B861BB21ED63B1DDB277580F3032527E5A1183,HOST_CAN_0139,PASS,C=CCCCC1CO1,F7536540BA34C47B2678F2B94EC653BB986E9832E5ED7840D46ECFCBC4BD2DD7,GUEST_CAN_0047,PASS,AttentiveFP,2,family_cold,other,3.526646852493286
806,4,351,[Na]OS(=O)(=O)CCCCOC=1C=C(C=CC1)[C@@H]1N=C(OC1)CC1=C(C(=C(C(=C1C)CC=1OC[C@@H](N1)C1=CC(=CC=C1)OCCCCS(=O)(=O)O[Na])C)CC=1OC[C@@H](N1)C1=CC(=CC=C1)OCCCCS(=O)(=O)O[Na])C,C1=CC(=C(C=C1C(CN)O)O)O.Cl,other,1.8260999917984009,Cc1c(CC2=N[C@@H](c3cccc(OCCCCS(=O)(=O)[O][Na])c3)CO2)c(C)c(CC2=N[C@@H](c3cccc(OCCCCS(=O)(=O)[O][Na])c3)CO2)c(C)c1CC1=N[C@@H](c2cccc(OCCCCS(=O)(=O)[O][Na])c2)CO1,9E3429786C624B72E8FD089068975D2A1C33E04632FEA26EF01294722587A124,HOST_CAN_0098,PASS,Cl.NCC(O)c1ccc(O)c(O)c1,77292EA0463E2AED797CAE9779601581D37EB7B67F9EA7796D4F6EE168154886,GUEST_CAN_0687,PASS,AttentiveFP,2,family_cold,other,2.57434344291687
807,94,550,CC(C(O[Na])=O)OC(C(OC(C)C(O[Na])=O)=C1)=CC2=C1C(C=C(OC(C(O[Na])=O)C)C(OC(C(O[Na])=O)C)=C3)=C3C4=C2C=C(OC(C(O[Na])=O)C)C(OC(C)C(O[Na])=O)=C4,C(CC1=CC=CC=C1)[NH3+],other,2.1731998920440674,CC(Oc1cc2c3cc(OC(C)C(=O)[O][Na])c(OC(C)C(=O)[O][Na])cc3c3cc(OC(C)C(=O)[O][Na])c(OC(C)C(=O)[O][Na])cc3c2cc1OC(C)C(=O)[O][Na])C(=O)[O][Na],BA584CA32AF40B5CC01118169993C3B68F1DD55FC57084F45766D3D97748C6AD,HOST_CAN_0016,PASS,[NH3+]CCc1ccccc1,E342F30D4EF12F2ABEACBAC3AD9015653451EE47B090DAA3A07430C7BFA1245F,GUEST_CAN_1092,PASS,AttentiveFP,2,family_cold,other,2.98820161819458
814,138,212,[Na]OS(=O)(=O)CCCOc1c2CN3C(=O)N4[C@]5([C@@]3(N(Cc2c(c2c1cccc2)OCCCS(=O)(=O)O[Na])C(=O)N5Cc1c(C4)c(OCCCS(=O)(=O)O[Na])c2c(c1OCCCS(=O)(=O)O[Na])cccc2)C)C,CCC1(C2=C(COC1=O)C(=O)N3CC4=CC5=CC=CC=C5N=C4C3=C2)O,other,4.342400074005127,C[C@]12N3Cc4c(c(OCCCS(=O)(=O)[O][Na])c5ccccc5c4OCCCS(=O)(=O)[O][Na])CN1C(=O)N1Cc4c(c(OCCCS(=O)(=O)[O][Na])c5ccccc5c4OCCCS(=O)(=O)[O][Na])CN(C3=O)[C@]12C,4FD5936996CA6AE9CBA0A8E58EA53E5320846DE9035AA8E34BD0DB671FD71161,HOST_CAN_0091,PASS,CCC1(O)C(=O)OCc2c1cc1n(c2=O)Cc2cc3ccccc3nc2-1,E9469B35D0FA832E6E52F35A157677A6168BC086499F2BDA38D585474E1165AE,GUEST_CAN_0263,PASS,AttentiveFP,2,family_cold,other,3.2350077629089355
822,124,456,CC(C)(C)C1=CC(=C(C=C1)NC(=O)NC2=CC=C(C=C2)OC)C#CC3=CC(=CC(=C3)[N+](=O)[O-])C#CC4=C(C=CC(=C4)C(C)(C)C)NC(=O)NC5=CC=C(C=C5)OC,[N+](=O)([O-])[O-].C(CCC)[N+](CCCC)(CCCC)CCCC,other,4.025300025939941,COc1ccc(NC(=O)Nc2ccc(C(C)(C)C)cc2C#Cc2cc(C#Cc3cc(C(C)(C)C)ccc3NC(=O)Nc3ccc(OC)cc3)cc([N+](=O)[O-])c2)cc1,8DCC7464D23383F1AE40036D7D458C209BF9C2BB013AE26B6E3A977C1D16796E,HOST_CAN_0074,PASS,CCCC[N+](CCCC)(CCCC)CCCC.O=[N+]([O-])[O-],6D4B26D3D683A1392C95388B8B9856D8C2F81515BE0ED5278F99FF88C33B25A7,GUEST_CAN_0315,PASS,AttentiveFP,2,family_cold,other,4.696038722991943
828,115,178,C(CCC)C1=C(C(OC2=CC(=CC=C12)N(CC)CC)=O)C=O,C(CCN)CC(C(=O)O)N,other,0.8129000067710876,CCCCc1c(C=O)c(=O)oc2cc(N(CC)CC)ccc12,50E4CC3B42DB2A1D81BA2FCB02D3EA8F0BF1EB0B92ACDAB1C80BFBFCC39A06BB,HOST_CAN_0035,PASS,NCCCCC(N)C(=O)O,BD55DE8B1F18BBBA0B9FB86FA685E52B4743F1B75F837E0522E8C602B3191BA0,GUEST_CAN_0785,PASS,AttentiveFP,2,family_cold,other,3.2485954761505127
830,9,563,[O-]C(=O)COc1ccc2c3c1CNC(=O)c1c(OCC(=O)[O-])ccc4c1ccc1c4C4CC(O1)Oc1c4c4ccc(c(C(=O)NCc5c6c(c7C8c2c(cc3)OC(C8)Oc7cc6)ccc5OCC(=O)[O-])c4cc1)OCC(=O)[O-].[NH4+].[NH4+].[NH4+].[NH4+],C1=CN=CN1,other,1.8387999534606934,O=C([O-])COc1ccc2c3c4ccc2c1CNC(=O)c1c(OCC(=O)[O-])ccc2c5c(ccc12)OC1CC5c2c(ccc5c(c(OCC(=O)[O-])ccc25)C(=O)NCc2c(OCC(=O)[O-])ccc5c6c(ccc25)OC(CC36)O4)O1.[NH4+].[NH4+].[NH4+].[NH4+],7D3830C6A6E10F82EEBCC3ED68B861BB21ED63B1DDB277580F3032527E5A1183,HOST_CAN_0139,PASS,c1c[nH]cn1,5C2D4306FE1E3DA2EA882C9C5F2C78966AE60FF882B2D47C8E561427D5BD7CE5,GUEST_CAN_1120,PASS,AttentiveFP,2,family_cold,other,2.7306840419769287
850,19,575,O=C1N(CC4=CC=C(C(O)=O)C=C4)C3C(N(CN%21C%20=O)C(N3CN(C(N7CN(C(N%11CN(C(N%15CN(C(N%19CN%20C%23C%21N(CC%25=CC=C(C(O)=O)C=C%25)C(N%23CC%24=CC=C(C(O)=O)C=C%24)=O)=O)C%17C%19N(CC%22=CC=C(C(O)=O)C=C%22)C(N%17CC%18=CC=C(C(O)=O)C=C%18)=O)=O)C%13C%15N(CC%16=CC=C(C(O)=O)C=C%16)C(N%13CC%14=CC=C(C(O)=O)C=C%14)=O)=O)C9C%11N(CC%12=CC=C(C(O)=O)C=C%12)C(N9CC%10=CC=C(C(O)=O)C=C%10)=O)=O)C5C7N(CC8=CC=C(C(O)=O)C=C8)C(N5CC6=CC=C(C(O)=O)C=C6)=O)=O)N1CC2=CC=C(C(O)=O)C=C2,[O-]S(=O)(=O)OOS(=O)(=O)[O-],other,5.491399765014648,O=C(O)c1ccc(CN2C(=O)N(Cc3ccc(C(=O)O)cc3)C3C2N2CN4C(=O)N(CN5C(=O)N(CN6C(=O)N(CN7C(=O)N(CN8C(=O)N(CN3C2=O)C2C8N(Cc3ccc(C(=O)O)cc3)C(=O)N2Cc2ccc(C(=O)O)cc2)C2C7N(Cc3ccc(C(=O)O)cc3)C(=O)N2Cc2ccc(C(=O)O)cc2)C2C6N(Cc3ccc(C(=O)O)cc3)C(=O)N2Cc2ccc(C(=O)O)cc2)C2C5N(Cc3ccc(C(=O)O)cc3)C(=O)N2Cc2ccc(C(=O)O)cc2)C2C4N(Cc3ccc(C(=O)O)cc3)C(=O)N2Cc2ccc(C(=O)O)cc2)cc1,5BFAE42297A9EBC8CE307175405F2DA12222FDEAA2AA87FF2D5843CBEC077A9C,HOST_CAN_0133,PASS,O=S(=O)([O-])OOS(=O)(=O)[O-],69639F73723260BADEF0F9C5FDB5B068F85A0E9E19DED1EDCC9999F30B56FBC7,GUEST_CAN_0934,PASS,AttentiveFP,2,family_cold,other,3.1237010955810547
852,9,62,[O-]C(=O)COc1ccc2c3c1CNC(=O)c1c(OCC(=O)[O-])ccc4c1ccc1c4C4CC(O1)Oc1c4c4ccc(c(C(=O)NCc5c6c(c7C8c2c(cc3)OC(C8)Oc7cc6)ccc5OCC(=O)[O-])c4cc1)OCC(=O)[O-].[NH4+].[NH4+].[NH4+].[NH4+],CC(=O)C,other,1.9502999782562256,O=C([O-])COc1ccc2c3c4ccc2c1CNC(=O)c1c(OCC(=O)[O-])ccc2c5c(ccc12)OC1CC5c2c(ccc5c(c(OCC(=O)[O-])ccc25)C(=O)NCc2c(OCC(=O)[O-])ccc5c6c(ccc25)OC(CC36)O4)O1.[NH4+].[NH4+].[NH4+].[NH4+],7D3830C6A6E10F82EEBCC3ED68B861BB21ED63B1DDB277580F3032527E5A1183,HOST_CAN_0139,PASS,CC(C)=O,DE84A3A5E7D86FB53FE767B079B6E324B7F486E3EE690B86B06FD5D7231FB01C,GUEST_CAN_0123,PASS,AttentiveFP,2,family_cold,other,2.7761807441711426
856,94,578,CC(C(O[Na])=O)OC(C(OC(C)C(O[Na])=O)=C1)=CC2=C1C(C=C(OC(C(O[Na])=O)C)C(OC(C(O[Na])=O)C)=C3)=C3C4=C2C=C(OC(C(O[Na])=O)C)C(OC(C)C(O[Na])=O)=C4,C(C1C(C(C(C(O1)O)O)O)O)O,other,0.0,CC(Oc1cc2c3cc(OC(C)C(=O)[O][Na])c(OC(C)C(=O)[O][Na])cc3c3cc(OC(C)C(=O)[O][Na])c(OC(C)C(=O)[O][Na])cc3c2cc1OC(C)C(=O)[O][Na])C(=O)[O][Na],BA584CA32AF40B5CC01118169993C3B68F1DD55FC57084F45766D3D97748C6AD,HOST_CAN_0016,PASS,OCC1OC(O)C(O)C(O)C1O,A3DAB45FCA948729C76193FD9D1F7171EAA4D1B268421C55636ADA1834EB1411,GUEST_CAN_0970,PASS,AttentiveFP,2,family_cold,other,2.0671474933624268
857,29,579,C(=O)(O)CN1CCN(CC(NC=2C=CC(OC3=CC=C(NC(CN(CCN(CC(NC4=CC=C(OC=5C=CC(NC(C1)=O)=CC5)C=C4)=O)CC(=O)O)CC(=O)O)=O)C=C3)=CC2)=O)CC(=O)O,C1=CC(=CC=C1CCN)O.Cl,other,1.600000023841858,O=C(O)CN1CCN(CC(=O)O)CC(=O)Nc2ccc(cc2)Oc2ccc(cc2)NC(=O)CN(CC(=O)O)CCN(CC(=O)O)CC(=O)Nc2ccc(cc2)Oc2ccc(cc2)NC(=O)C1,2D050157BC992D35877E320CFBB7B88093D711EC569717F06043FD0FF2A74F1A,HOST_CAN_0124,PASS,Cl.NCCc1ccc(O)cc1,F5C2C4BDEFF49C1B0AF35D4EA01B23ADAE3324D700AC743A6C27A6FB8A2293D0,GUEST_CAN_0691,PASS,AttentiveFP,2,family_cold,other,3.6403651237487793
866,9,585,[O-]C(=O)COc1ccc2c3c1CNC(=O)c1c(OCC(=O)[O-])ccc4c1ccc1c4C4CC(O1)Oc1c4c4ccc(c(C(=O)NCc5c6c(c7C8c2c(cc3)OC(C8)Oc7cc6)ccc5OCC(=O)[O-])c4cc1)OCC(=O)[O-].[NH4+].[NH4+].[NH4+].[NH4+],C1COC=CO1,other,3.2553000450134277,O=C([O-])COc1ccc2c3c4ccc2c1CNC(=O)c1c(OCC(=O)[O-])ccc2c5c(ccc12)OC1CC5c2c(ccc5c(c(OCC(=O)[O-])ccc25)C(=O)NCc2c(OCC(=O)[O-])ccc5c6c(ccc25)OC(CC36)O4)O1.[NH4+].[NH4+].[NH4+].[NH4+],7D3830C6A6E10F82EEBCC3ED68B861BB21ED63B1DDB277580F3032527E5A1183,HOST_CAN_0139,PASS,C1=COCCO1,62B89259694551775F024BAF22BB7717B9DD1ABB919F2BD142259B86044C2DEF,GUEST_CAN_0017,PASS,AttentiveFP,2,family_cold,other,2.9075450897216797
869,143,586,C1=CC2=CC=C1C3=CC=C(C=C3)C4=CC=C(C=C4)C5=CC=C(C=C5)C6=CC=C(C=C6)C7=CC=C(C=C7)C8=CC=C(C=C8)C9=CC=C(C=C9)C1=CC=C(C=C1)C1=CC=C2C=C1,C12=C3C4=C5C6=C1C7=C8C9=C1C%10=C%11C(=C29)C3=C2C3=C4C4=C5C5=C9C6=C7C6=C7C8=C1C1=C8C%10=C%10C%11=C2C2=C3C3=C4C4=C5C5=C%11C%12=C(C6=C95)C7=C1C1=C%12C5=C%11C4=C3C3=C5C(=C81)C%10=C23,other,6.755899906158447,c1cc2ccc1-c1ccc(cc1)-c1ccc(cc1)-c1ccc(cc1)-c1ccc(cc1)-c1ccc(cc1)-c1ccc(cc1)-c1ccc(cc1)-c1ccc(cc1)-c1ccc-2cc1,6D4DE0F41F54313DCEB565C1E072F861A474436F53F13A09803306FE706EC03B,HOST_CAN_0184,PASS,c12c3c4c5c1c1c6c7c2c2c8c3c3c9c4c4c%10c5c5c1c1c6c6c%11c7c2c2c7c8c3c3c8c9c4c4c9c%10c5c5c1c1c6c6c%11c2c2c7c3c3c8c4c4c9c5c1c1c6c2c3c41,AAD535DC327FE1885E990D64500D82A45CA43EADC26E5C3E60AFEDEE4BAD13CE,GUEST_CAN_1118,PASS,AttentiveFP,2,family_cold,other,8.678377151489258
872,9,549,[O-]C(=O)COc1ccc2c3c1CNC(=O)c1c(OCC(=O)[O-])ccc4c1ccc1c4C4CC(O1)Oc1c4c4ccc(c(C(=O)NCc5c6c(c7C8c2c(cc3)OC(C8)Oc7cc6)ccc5OCC(=O)[O-])c4cc1)OCC(=O)[O-].[NH4+].[NH4+].[NH4+].[NH4+],C=CCCCC1CO1,other,3.7585999965667725,O=C([O-])COc1ccc2c3c4ccc2c1CNC(=O)c1c(OCC(=O)[O-])ccc2c5c(ccc12)OC1CC5c2c(ccc5c(c(OCC(=O)[O-])ccc25)C(=O)NCc2c(OCC(=O)[O-])ccc5c6c(ccc25)OC(CC36)O4)O1.[NH4+].[NH4+].[NH4+].[NH4+],7D3830C6A6E10F82EEBCC3ED68B861BB21ED63B1DDB277580F3032527E5A1183,HOST_CAN_0139,PASS,C=CCCCC1CO1,F7536540BA34C47B2678F2B94EC653BB986E9832E5ED7840D46ECFCBC4BD2DD7,GUEST_CAN_0047,PASS,AttentiveFP,2,family_cold,other,3.526646852493286
873,67,589,COCCOCCOCCN1C2C(N(C1=O)CCOCCOCCOC)N1C(=O)N2CN2C(=O)N(C3C2N(CCOCCOCCOC)C(=O)N3CCOCCOCCOC)CN2C(=O)N(C3C2N(CCOCCOCCOC)C(=O)N3CCOCCOCCOC)CN2C(=O)N(CN3C(=O)N(CN4C(=O)N(C1)C1C4N(C(=O)N1CCOCCOCCOC)CCOCCOCCOC)C1C3N(C(=O)N1CCOCCOCCOC)CCOCCOCCOC)C1C2N(CCOCCOCCOC)C(=O)N1CCOCCOCCOC,[Br-].[Cs+],other,5.117300033569336,COCCOCCOCCN1C(=O)N(CCOCCOCCOC)C2C1N1CN3C(=O)N(CN4C(=O)N(CN5C(=O)N(CN6C(=O)N(CN7C(=O)N(CN2C1=O)C1C7N(CCOCCOCCOC)C(=O)N1CCOCCOCCOC)C1C6N(CCOCCOCCOC)C(=O)N1CCOCCOCCOC)C1C5N(CCOCCOCCOC)C(=O)N1CCOCCOCCOC)C1C4N(CCOCCOCCOC)C(=O)N1CCOCCOCCOC)C1C3N(CCOCCOCCOC)C(=O)N1CCOCCOCCOC,62192EF92C15D4B199D2DAB70679D4FE4B9DB65514F9B760A1D77C13905222B6,HOST_CAN_0056,PASS,[Br-].[Cs+],91A6471A54FC4889180DDC26F2948B4D5D02F6F35F4671ACB1705ADBB1001165,GUEST_CAN_1016,PASS,AttentiveFP,2,family_cold,other,2.709549903869629
876,144,591,[K+].[I-],COC(=O)C(CC1=CC=CC=C1)NC(=O)C(CC(=O)O)N,other,5.089900016784668,[I-].[K+],4905267D87FB19BD5AE94A6FD44BE3693E8312216F8FAD684B54DC2BD9D1B92E,HOST_CAN_0179,PASS,COC(=O)C(Cc1ccccc1)NC(=O)C(N)CC(=O)O,36353EE39B78D4A8B9174605889BA418869522CFD77B013B6F1FF4CA4286AC95,GUEST_CAN_0439,PASS,AttentiveFP,2,family_cold,other,3.6911118030548096
879,135,594,C(N)(=O)CN(C(=O)C1=CC=C(N1)C(=O)NC(=[NH2+])N)C(C)C,C(C)(=O)N[C@@H](C)C(=O)[O-],other,2.9684998989105225,CC(C)N(CC(N)=O)C(=O)c1ccc(C(=O)NC(N)=[NH2+])[nH]1,E45E3D029035E3F73C86C1CEB4D1AB7DAEA8B675AB866EF1DA28E3B575A147C0,HOST_CAN_0011,PASS,CC(=O)N[C@@H](C)C(=O)[O-],1641762B9E21DD1BF73C6918FD884BAA3A19B2CD464B79CBCB6ECA127C1A0347,GUEST_CAN_0086,PASS,AttentiveFP,2,family_cold,other,2.8408002853393555
881,19,595,O=C1N(CC4=CC=C(C(O)=O)C=C4)C3C(N(CN%21C%20=O)C(N3CN(C(N7CN(C(N%11CN(C(N%15CN(C(N%19CN%20C%23C%21N(CC%25=CC=C(C(O)=O)C=C%25)C(N%23CC%24=CC=C(C(O)=O)C=C%24)=O)=O)C%17C%19N(CC%22=CC=C(C(O)=O)C=C%22)C(N%17CC%18=CC=C(C(O)=O)C=C%18)=O)=O)C%13C%15N(CC%16=CC=C(C(O)=O)C=C%16)C(N%13CC%14=CC=C(C(O)=O)C=C%14)=O)=O)C9C%11N(CC%12=CC=C(C(O)=O)C=C%12)C(N9CC%10=CC=C(C(O)=O)C=C%10)=O)=O)C5C7N(CC8=CC=C(C(O)=O)C=C8)C(N5CC6=CC=C(C(O)=O)C=C6)=O)=O)N1CC2=CC=C(C(O)=O)C=C2,[C-]#N,other,3.0413999557495117,O=C(O)c1ccc(CN2C(=O)N(Cc3ccc(C(=O)O)cc3)C3C2N2CN4C(=O)N(CN5C(=O)N(CN6C(=O)N(CN7C(=O)N(CN8C(=O)N(CN3C2=O)C2C8N(Cc3ccc(C(=O)O)cc3)C(=O)N2Cc2ccc(C(=O)O)cc2)C2C7N(Cc3ccc(C(=O)O)cc3)C(=O)N2Cc2ccc(C(=O)O)cc2)C2C6N(Cc3ccc(C(=O)O)cc3)C(=O)N2Cc2ccc(C(=O)O)cc2)C2C5N(Cc3ccc(C(=O)O)cc3)C(=O)N2Cc2ccc(C(=O)O)cc2)C2C4N(Cc3ccc(C(=O)O)cc3)C(=O)N2Cc2ccc(C(=O)O)cc2)cc1,5BFAE42297A9EBC8CE307175405F2DA12222FDEAA2AA87FF2D5843CBEC077A9C,HOST_CAN_0133,PASS,[C-]#N,AC6249EFC8B3F6811964B42EBF69B47C3B47088F5AF9E5EF3FF8E6057340B76E,GUEST_CAN_1019,PASS,AttentiveFP,2,family_cold,other,4.045409679412842
882,145,0,C(CSC[C@@H]1[C@@H]2[C@@H]([C@H]([C@H](O1)O[C@@H]3[C@H](O[C@@H]([C@@H]([C@H]3O)O)O[C@@H]4[C@H](O[C@@H]([C@@H]([C@H]4O)O)O[C@@H]5[C@H](O[C@@H]([C@@H]([C@H]5O)O)O[C@@H]6[C@H](O[C@@H]([C@@H]([C@H]6O)O)O[C@@H]7[C@H](O[C@@H]([C@@H]([C@H]7O)O)O[C@@H]8[C@H](O[C@@H]([C@@H]([C@H]8O)O)O[C@@H]9[C@H](O[C@H](O2)[C@@H]([C@H]9O)O)CSCCC(=O)O)CSCCC(=O)O)CSCCC(=O)O)CSCCC(=O)O)CSCCC(=O)O)CSCCC(=O)O)CSCCC(=O)O)O)O)C(=O)O,CC(=O)OC1C(CC2C1(CCC3C2CCC4C3(CC(C(C4)O)N5CCOCC5)C)C)[N+]6(CCCC6)CC=C,other,7.021200180053711,O=C(O)CCSC[C@H]1O[C@@H]2O[C@H]3[C@H](O)[C@@H](O)[C@@H](O[C@H]4[C@H](O)[C@@H](O)[C@@H](O[C@H]5[C@H](O)[C@@H](O)[C@@H](O[C@H]6[C@H](O)[C@@H](O)[C@@H](O[C@H]7[C@H](O)[C@@H](O)[C@@H](O[C@H]8[C@H](O)[C@@H](O)[C@@H](O[C@H]9[C@H](O)[C@@H](O)[C@@H](O[C@H]1[C@H](O)[C@H]2O)O[C@@H]9CSCCC(=O)O)O[C@@H]8CSCCC(=O)O)O[C@@H]7CSCCC(=O)O)O[C@@H]6CSCCC(=O)O)O[C@@H]5CSCCC(=O)O)O[C@@H]4CSCCC(=O)O)O[C@@H]3CSCCC(=O)O,3E5F575DFFAD4EA4512E960268F862B8F16F008C1BF789DF74E059AD95FD6DCA,HOST_CAN_0121,PASS,C=CC[N+]1(C2CC3C4CCC5CC(O)C(N6CCOCC6)CC5(C)C4CCC3(C)C2OC(C)=O)CCCC1,F52AB362BBB873748B76CEDA7907342EEA5F5D2F0774E854A83F5521AED8F3C6,GUEST_CAN_0053,PASS,AttentiveFP,2,family_cold,other,6.341601371765137
888,122,406,CC(C)(C)C1=CC(=C(C=C1)NC(=O)NC2=CC=C(C=C2)OC)C#CC3=CC(=CC(=C3)OC)C#CC4=C(C=CC(=C4)C(C)(C)C)NC(=O)NC5=CC=C(C=C5)OC,CCCC[N+](CCCC)(CCCC)CCCC.[Cl-],other,3.6749000549316406,COc1ccc(NC(=O)Nc2ccc(C(C)(C)C)cc2C#Cc2cc(C#Cc3cc(C(C)(C)C)ccc3NC(=O)Nc3ccc(OC)cc3)cc(OC)c2)cc1,D21F40FE6961DC5FE75A1A0699511BDB052F920FB1661CF34BFCAD5E05B4B593,HOST_CAN_0073,PASS,CCCC[N+](CCCC)(CCCC)CCCC.[Cl-],98322306CD8D2EE1FC0B30A96ADB07D77C4823F49CB80B37D40EC2A8BE6D6F00,GUEST_CAN_0317,PASS,AttentiveFP,2,family_cold,other,4.7572922706604
891,57,11,O=S(OC1=C2C(C3C4=CC5=C(C=C4C2C3)C6C7=C(C5C6)C=CC=C7)=C(OS(=O)([O-])=O)C8=C1C9C%10=CC(C%11C(C=CC=C%12)=C%12C%13C%11)=C%13C=C%10C8C9)([O-])=O.[Na+].[Na+],NCCCC[C@@H](C(=O)N[C@H](C(=O)N[C@H](C(=O)N[C@H](C(=O)N[C@H](C(=O)O)Cc1ccccc1)Cc1ccccc1)C(C)C)CC(C)C)N,other,4.418300151824951,O=S(=O)([O-])Oc1c2c(c(OS(=O)(=O)[O-])c3c1C1CC3c3cc4c(cc31)C1CC4c3ccccc31)C1CC2c2cc3c(cc21)C1CC3c2ccccc21.[Na+].[Na+],5412FB52C8CBD58449E920A6B0055A7974AA5ED214A245A72F491F8E36BD048F,HOST_CAN_0161,PASS,CC(C)C[C@H](NC(=O)[C@@H](N)CCCCN)C(=O)N[C@H](C(=O)N[C@@H](Cc1ccccc1)C(=O)N[C@@H](Cc1ccccc1)C(=O)O)C(C)C,1C7F7284402D7FE8F2067941F54386C6E072CC91764900664D82A20246B86315,GUEST_CAN_0153,PASS,AttentiveFP,2,family_cold,other,3.792318820953369
895,69,600,NCCN1C=C(N=N1)COC(C=C2)=C(CNCC3=C(OCC(N=N4)=CN4CCN)C=CC5=C3C=C6)C7=C2C8=C(C=C7)OC9CC8C%10=C(O9)C=CC%11=C%10C=CC(OCC(N=N%12)=CN%12CCN)=C%11CNCC%13=C(OCC(N=N%14)=CN%14CCN)C=CC%15=C%13C=CC(O%16)=C%15C%17C5=C6OC%16C%17,COC(=O)CC1=CC=CC=C1,other,3.0766000747680664,NCCn1cc(COc2ccc3c4c5ccc3c2CNCc2c(OCc3cn(CCN)nn3)ccc3c6c(ccc23)OC2CC6c3c(ccc6c(c(OCc7cn(CCN)nn7)ccc36)CNCc3c(OCc6cn(CCN)nn6)ccc6c7c(ccc36)OC(CC47)O5)O2)nn1,E69AC36986BDADC1E5A61FE9021251B6D5437DB096F231021CE94D055FF4BCBF,HOST_CAN_0113,PASS,COC(=O)Cc1ccccc1,D5FAAFE22A9B19EEF4EAB868DCBDC5B6F48F04FF6D709FEF880F0183722C8BC7,GUEST_CAN_0445,PASS,AttentiveFP,2,family_cold,other,3.2087674140930176
898,94,603,CC(C(O[Na])=O)OC(C(OC(C)C(O[Na])=O)=C1)=CC2=C1C(C=C(OC(C(O[Na])=O)C)C(OC(C(O[Na])=O)C)=C3)=C3C4=C2C=C(OC(C(O[Na])=O)C)C(OC(C)C(O[Na])=O)=C4,OC=1C=C(C[C@H](N)C(=O)O)C=CC1O,other,0.0,CC(Oc1cc2c3cc(OC(C)C(=O)[O][Na])c(OC(C)C(=O)[O][Na])cc3c3cc(OC(C)C(=O)[O][Na])c(OC(C)C(=O)[O][Na])cc3c2cc1OC(C)C(=O)[O][Na])C(=O)[O][Na],BA584CA32AF40B5CC01118169993C3B68F1DD55FC57084F45766D3D97748C6AD,HOST_CAN_0016,PASS,N[C@@H](Cc1ccc(O)c(O)c1)C(=O)O,71B8659FC772ECF7E63BAF14680678B339D2C736F5A68C721FC33D3BF76C2204,GUEST_CAN_0820,PASS,AttentiveFP,2,family_cold,other,2.556391477584839
900,74,171,[Li+].[Li+].COP(OC)(=O)CC1=CC(=CC(=C1)NC(CCCN(C)CC1=C(C=CC=C1)B(O)O)=O)CP([O-])([O-])=O,C1=CC(=C(C=C1CCN)O)O,other,2.6252999305725098,COP(=O)(Cc1cc(CP(=O)([O-])[O-])cc(NC(=O)CCCN(C)Cc2ccccc2B(O)O)c1)OC.[Li+].[Li+],7E42F839F9338A49BA3ED36631C1EA08827315A2F7E1A716582040F5B64BDC5A,HOST_CAN_0065,PASS,NCCc1ccc(O)c(O)c1,8C989074BC36C962545C6731CBB09A9BCEAD59D65B1AEE4A0B8B096CFFB8E510,GUEST_CAN_0808,PASS,AttentiveFP,2,family_cold,other,2.5794882774353027
907,9,608,[O-]C(=O)COc1ccc2c3c1CNC(=O)c1c(OCC(=O)[O-])ccc4c1ccc1c4C4CC(O1)Oc1c4c4ccc(c(C(=O)NCc5c6c(c7C8c2c(cc3)OC(C8)Oc7cc6)ccc5OCC(=O)[O-])c4cc1)OCC(=O)[O-].[NH4+].[NH4+].[NH4+].[NH4+],C12CCCC2O1,other,2.2945001125335693,O=C([O-])COc1ccc2c3c4ccc2c1CNC(=O)c1c(OCC(=O)[O-])ccc2c5c(ccc12)OC1CC5c2c(ccc5c(c(OCC(=O)[O-])ccc25)C(=O)NCc2c(OCC(=O)[O-])ccc5c6c(ccc25)OC(CC36)O4)O1.[NH4+].[NH4+].[NH4+].[NH4+],7D3830C6A6E10F82EEBCC3ED68B861BB21ED63B1DDB277580F3032527E5A1183,HOST_CAN_0139,PASS,C1CC2OC2C1,AD5402F59623FF096FB09FB5E439673682FDBBE4C8B9FE0054050E95FE2FEB01,GUEST_CAN_0026,PASS,AttentiveFP,2,family_cold,other,3.514608383178711
911,147,609,c1cc2ccc1C[n+]1ccc(-c3ccc(-c4cc[n+](cc4)Cc4ccc(C[n+]5ccc(-c6ccc(-c7cc[n+](C2)cc7)cc6)cc5)cc4)cc3)cc1.[Cl-].[Cl-].[Cl-].[Cl-],OCC[N+](CCN1C(=O)c2ccc3c4c2c(C1=O)ccc4c1c2c3ccc3c2c(cc1)C(=O)N(C3=O)CC[N+](CCO)(C)C)(C)C.[Br-].[Br-],other,4.770899772644043,[Cl-].[Cl-].[Cl-].[Cl-].c1cc2ccc1C[n+]1ccc(cc1)-c1ccc(cc1)-c1cc[n+](cc1)Cc1ccc(cc1)C[n+]1ccc(cc1)-c1ccc(cc1)-c1cc[n+](cc1)C2,8838F5DB3CA725944E62DBB950261A7EF8FD82FF096002A58FF5E9CD907B8660,HOST_CAN_0178,PASS,C[N+](C)(CCO)CCN1C(=O)c2ccc3c4ccc5c6c(ccc(c7ccc(c2c37)C1=O)c64)C(=O)N(CC[N+](C)(C)CCO)C5=O.[Br-].[Br-],32F909A2ACFD727431D99B720424B910C2A868645ACE9FB4F64A4F453C71206B,GUEST_CAN_0590,PASS,AttentiveFP,2,family_cold,other,6.010031223297119
917,9,613,[O-]C(=O)COc1ccc2c3c1CNC(=O)c1c(OCC(=O)[O-])ccc4c1ccc1c4C4CC(O1)Oc1c4c4ccc(c(C(=O)NCc5c6c(c7C8c2c(cc3)OC(C8)Oc7cc6)ccc5OCC(=O)[O-])c4cc1)OCC(=O)[O-].[NH4+].[NH4+].[NH4+].[NH4+],C1=CNC=C1,other,2.5954999923706055,O=C([O-])COc1ccc2c3c4ccc2c1CNC(=O)c1c(OCC(=O)[O-])ccc2c5c(ccc12)OC1CC5c2c(ccc5c(c(OCC(=O)[O-])ccc25)C(=O)NCc2c(OCC(=O)[O-])ccc5c6c(ccc25)OC(CC36)O4)O1.[NH4+].[NH4+].[NH4+].[NH4+],7D3830C6A6E10F82EEBCC3ED68B861BB21ED63B1DDB277580F3032527E5A1183,HOST_CAN_0139,PASS,c1cc[nH]c1,F996E37E5A4B42FBC524EFA4BA2E9A15FBF3D1F561537DA9CA8ED1DFB7CD0E8F,GUEST_CAN_1126,PASS,AttentiveFP,2,family_cold,other,2.6775341033935547
922,48,617,[Na]OS(=O)(=O)CCCOc1c2CN3C(=O)N4[C@]5([C@@]3(N(Cc2c(c2c1cccc2)OCCCS(=O)(=O)O[Na])C(=O)N5CN1[C@@]2(N(C4)C(=O)N3[C@]2(C)N(C1=O)Cc1c(C3)c(OCCCS(=O)(=O)O[Na])c2c(c1OCCCS(=O)(=O)O[Na])cccc2)C)C)C,[NH3+]CCC[NH2+]Cc1ccc(cc1)C[NH2+]CCC[NH3+].[Cl-].[Cl-].[Cl-].[Cl-],other,4.651299953460693,C[C@]12N3Cc4c(c(OCCCS(=O)(=O)[O][Na])c5ccccc5c4OCCCS(=O)(=O)[O][Na])CN1C(=O)N1CN4C(=O)N5Cc6c(c(OCCCS(=O)(=O)[O][Na])c7ccccc7c6OCCCS(=O)(=O)[O][Na])CN6C(=O)N(CN(C3=O)[C@]12C)[C@]4(C)[C@@]56C,D18B807A904C56B05E199911FB10FFB774349CC49BBD32D2EFAFF4C892BA649F,HOST_CAN_0090,PASS,[Cl-].[Cl-].[Cl-].[Cl-].[NH3+]CCC[NH2+]Cc1ccc(C[NH2+]CCC[NH3+])cc1,19F540B9994C429D186833758999466D60749E06FE2AD555EE462111A75FAF5C,GUEST_CAN_1023,PASS,AttentiveFP,2,family_cold,other,7.864027976989746
927,9,10,[O-]C(=O)COc1ccc2c3c1CNC(=O)c1c(OCC(=O)[O-])ccc4c1ccc1c4C4CC(O1)Oc1c4c4ccc(c(C(=O)NCc5c6c(c7C8c2c(cc3)OC(C8)Oc7cc6)ccc5OCC(=O)[O-])c4cc1)OCC(=O)[O-].[NH4+].[NH4+].[NH4+].[NH4+],C1CCOCO1,other,2.315999984741211,O=C([O-])COc1ccc2c3c4ccc2c1CNC(=O)c1c(OCC(=O)[O-])ccc2c5c(ccc12)OC1CC5c2c(ccc5c(c(OCC(=O)[O-])ccc25)C(=O)NCc2c(OCC(=O)[O-])ccc5c6c(ccc25)OC(CC36)O4)O1.[NH4+].[NH4+].[NH4+].[NH4+],7D3830C6A6E10F82EEBCC3ED68B861BB21ED63B1DDB277580F3032527E5A1183,HOST_CAN_0139,PASS,C1COCOC1,C7850D2C75461EF1F7F60C67C6EB8B4D8E8C5A137966B66223EE1DBFF19CEAD3,GUEST_CAN_0039,PASS,AttentiveFP,2,family_cold,other,3.2316386699676514
929,115,620,C(CCC)C1=C(C(OC2=CC(=CC=C12)N(CC)CC)=O)C=O,C(CCN)N,other,1.0968999862670898,CCCCc1c(C=O)c(=O)oc2cc(N(CC)CC)ccc12,50E4CC3B42DB2A1D81BA2FCB02D3EA8F0BF1EB0B92ACDAB1C80BFBFCC39A06BB,HOST_CAN_0035,PASS,NCCCN,D6687FDBD2C4984A1A7581F53F0B55E8175BE7D47D26CC440788FB46DA05D41A,GUEST_CAN_0801,PASS,AttentiveFP,2,family_cold,other,4.327293395996094
931,69,621,NCCN1C=C(N=N1)COC(C=C2)=C(CNCC3=C(OCC(N=N4)=CN4CCN)C=CC5=C3C=C6)C7=C2C8=C(C=C7)OC9CC8C%10=C(O9)C=CC%11=C%10C=CC(OCC(N=N%12)=CN%12CCN)=C%11CNCC%13=C(OCC(N=N%14)=CN%14CCN)C=CC%15=C%13C=CC(O%16)=C%15C%17C5=C6OC%16C%17,CC1(C(N2C(S1)C(C2=O)NC(=O)C(C3=CC=CC=C3)N)C(=O)O)C,other,2.9781999588012695,NCCn1cc(COc2ccc3c4c5ccc3c2CNCc2c(OCc3cn(CCN)nn3)ccc3c6c(ccc23)OC2CC6c3c(ccc6c(c(OCc7cn(CCN)nn7)ccc36)CNCc3c(OCc6cn(CCN)nn6)ccc6c7c(ccc36)OC(CC47)O5)O2)nn1,E69AC36986BDADC1E5A61FE9021251B6D5437DB096F231021CE94D055FF4BCBF,HOST_CAN_0113,PASS,CC1(C)SC2C(NC(=O)C(N)c3ccccc3)C(=O)N2C1C(=O)O,DC0FE5259B2B79CDE53EF012AE17B2640C88D0347C20DE28018192C1511F5517,GUEST_CAN_0209,PASS,AttentiveFP,2,family_cold,other,4.67983341217041
938,9,481,[O-]C(=O)COc1ccc2c3c1CNC(=O)c1c(OCC(=O)[O-])ccc4c1ccc1c4C4CC(O1)Oc1c4c4ccc(c(C(=O)NCc5c6c(c7C8c2c(cc3)OC(C8)Oc7cc6)ccc5OCC(=O)[O-])c4cc1)OCC(=O)[O-].[NH4+].[NH4+].[NH4+].[NH4+],C1C(O1)C2=CC=CC=C2,other,4.091400146484375,O=C([O-])COc1ccc2c3c4ccc2c1CNC(=O)c1c(OCC(=O)[O-])ccc2c5c(ccc12)OC1CC5c2c(ccc5c(c(OCC(=O)[O-])ccc25)C(=O)NCc2c(OCC(=O)[O-])ccc5c6c(ccc25)OC(CC36)O4)O1.[NH4+].[NH4+].[NH4+].[NH4+],7D3830C6A6E10F82EEBCC3ED68B861BB21ED63B1DDB277580F3032527E5A1183,HOST_CAN_0139,PASS,c1ccc(C2CO2)cc1,0026890506BC5D2564373C8A2879DB5D29E92A6F4A0380E2579E1B29F8784017,GUEST_CAN_1130,PASS,AttentiveFP,2,family_cold,other,3.2901718616485596
950,9,167,[O-]C(=O)COc1ccc2c3c1CNC(=O)c1c(OCC(=O)[O-])ccc4c1ccc1c4C4CC(O1)Oc1c4c4ccc(c(C(=O)NCc5c6c(c7C8c2c(cc3)OC(C8)Oc7cc6)ccc5OCC(=O)[O-])c4cc1)OCC(=O)[O-].[NH4+].[NH4+].[NH4+].[NH4+],C1COCCO1,other,4.075799942016602,O=C([O-])COc1ccc2c3c4ccc2c1CNC(=O)c1c(OCC(=O)[O-])ccc2c5c(ccc12)OC1CC5c2c(ccc5c(c(OCC(=O)[O-])ccc25)C(=O)NCc2c(OCC(=O)[O-])ccc5c6c(ccc25)OC(CC36)O4)O1.[NH4+].[NH4+].[NH4+].[NH4+],7D3830C6A6E10F82EEBCC3ED68B861BB21ED63B1DDB277580F3032527E5A1183,HOST_CAN_0139,PASS,C1COCCO1,53B5B2411B4BFE41E435D13DF6E66C572946E99310064792E760333B1B14CB05,GUEST_CAN_0037,PASS,AttentiveFP,2,family_cold,other,3.190424919128418
953,9,429,[O-]C(=O)COc1ccc2c3c1CNC(=O)c1c(OCC(=O)[O-])ccc4c1ccc1c4C4CC(O1)Oc1c4c4ccc(c(C(=O)NCc5c6c(c7C8c2c(cc3)OC(C8)Oc7cc6)ccc5OCC(=O)[O-])c4cc1)OCC(=O)[O-].[NH4+].[NH4+].[NH4+].[NH4+],CC1COC(=O)O1,other,1.7279000282287598,O=C([O-])COc1ccc2c3c4ccc2c1CNC(=O)c1c(OCC(=O)[O-])ccc2c5c(ccc12)OC1CC5c2c(ccc5c(c(OCC(=O)[O-])ccc25)C(=O)NCc2c(OCC(=O)[O-])ccc5c6c(ccc25)OC(CC36)O4)O1.[NH4+].[NH4+].[NH4+].[NH4+],7D3830C6A6E10F82EEBCC3ED68B861BB21ED63B1DDB277580F3032527E5A1183,HOST_CAN_0139,PASS,CC1COC(=O)O1,77068C9132EF1FBCC6DE2E1A0677E0797777E16856E7BD70970730F64509F0B7,GUEST_CAN_0243,PASS,AttentiveFP,2,family_cold,other,2.9778923988342285
954,69,631,NCCN1C=C(N=N1)COC(C=C2)=C(CNCC3=C(OCC(N=N4)=CN4CCN)C=CC5=C3C=C6)C7=C2C8=C(C=C7)OC9CC8C%10=C(O9)C=CC%11=C%10C=CC(OCC(N=N%12)=CN%12CCN)=C%11CNCC%13=C(OCC(N=N%14)=CN%14CCN)C=CC%15=C%13C=CC(O%16)=C%15C%17C5=C6OC%16C%17,CC1(C(N2C(S1)C(C2=O)NC(=O)C(C3=CC=CC=C3)C(=O)O)C(=O)O)C,other,5.680300235748291,NCCn1cc(COc2ccc3c4c5ccc3c2CNCc2c(OCc3cn(CCN)nn3)ccc3c6c(ccc23)OC2CC6c3c(ccc6c(c(OCc7cn(CCN)nn7)ccc36)CNCc3c(OCc6cn(CCN)nn6)ccc6c7c(ccc36)OC(CC47)O5)O2)nn1,E69AC36986BDADC1E5A61FE9021251B6D5437DB096F231021CE94D055FF4BCBF,HOST_CAN_0113,PASS,CC1(C)SC2C(NC(=O)C(C(=O)O)c3ccccc3)C(=O)N2C1C(=O)O,151DED631C5746A3012B120AC3B90450EAA30CCBDE99BC507AEA457991B52051,GUEST_CAN_0208,PASS,AttentiveFP,2,family_cold,other,4.484688758850098
957,9,633,[O-]C(=O)COc1ccc2c3c1CNC(=O)c1c(OCC(=O)[O-])ccc4c1ccc1c4C4CC(O1)Oc1c4c4ccc(c(C(=O)NCc5c6c(c7C8c2c(cc3)OC(C8)Oc7cc6)ccc5OCC(=O)[O-])c4cc1)OCC(=O)[O-].[NH4+].[NH4+].[NH4+].[NH4+],C(CCl)Cl,other,1.8920999765396118,O=C([O-])COc1ccc2c3c4ccc2c1CNC(=O)c1c(OCC(=O)[O-])ccc2c5c(ccc12)OC1CC5c2c(ccc5c(c(OCC(=O)[O-])ccc25)C(=O)NCc2c(OCC(=O)[O-])ccc5c6c(ccc25)OC(CC36)O4)O1.[NH4+].[NH4+].[NH4+].[NH4+],7D3830C6A6E10F82EEBCC3ED68B861BB21ED63B1DDB277580F3032527E5A1183,HOST_CAN_0139,PASS,ClCCCl,3CBABEE25F31AF0513B2BFCA40E098FEC9D001D9D47AE7DC8204BB1AE2327F06,GUEST_CAN_0698,PASS,AttentiveFP,2,family_cold,other,2.9839322566986084
958,86,579,[Na]OS(=O)(=O)CCCCOC=1C=C(C=CC1)[C@@H]1N=C(OC1)CC1=C(C(=C(C(=C1CC)CC=1OC[C@@H](N1)C1=CC(=CC=C1)OCCCCS(=O)(=O)O[Na])CC)CC=1OC[C@@H](N1)C1=CC(=CC=C1)OCCCCS(=O)(=O)O[Na])CC,C1=CC(=CC=C1CCN)O.Cl,other,1.9637999534606934,CCc1c(CC2=N[C@@H](c3cccc(OCCCCS(=O)(=O)[O][Na])c3)CO2)c(CC)c(CC2=N[C@@H](c3cccc(OCCCCS(=O)(=O)[O][Na])c3)CO2)c(CC)c1CC1=N[C@@H](c2cccc(OCCCCS(=O)(=O)[O][Na])c2)CO1,A0794E3195B22DC21424CE7BDC74C772C0ED7BF37D1C4B8CF085F54EF0D1331E,HOST_CAN_0047,PASS,Cl.NCCc1ccc(O)cc1,F5C2C4BDEFF49C1B0AF35D4EA01B23ADAE3324D700AC743A6C27A6FB8A2293D0,GUEST_CAN_0691,PASS,AttentiveFP,2,family_cold,other,3.392970323562622
960,88,575,OCCNC(=O)CCCCCN1C2C(N(C1=O)CCCCCC(=O)NCCO)N1C(=O)N2CN2C(=O)N(C3C2N(CCCCCC(=O)NCCO)C(=O)N3CCCCCC(=O)NCCO)CN2C(=O)N(C3C2N(CCCCCC(=O)NCCO)C(=O)N3CCCCCC(=O)NCCO)CN2C(=O)N(CN3C(=O)N(CN4C(=O)N(C1)C1C4N(C(=O)N1CCCCCC(=O)NCCO)CCCCCC(=O)NCCO)C1C3N(C(=O)N1CCCCCC(=O)NCCO)CCCCCC(=O)NCCO)[C@H]1[C@@H]2N(CCCCCC(=O)NCCO)C(=O)N1CCCCCC(=O)NCCO,[O-]S(=O)(=O)OOS(=O)(=O)[O-],other,6.919099807739258,O=C(CCCCCN1C(=O)N(CCCCCC(=O)NCCO)C2C1N1CN3C(=O)N(CN4C(=O)N(CN5C(=O)N(CN6C(=O)N(CN7C(=O)N(CN2C1=O)C1C7N(CCCCCC(=O)NCCO)C(=O)N1CCCCCC(=O)NCCO)C1C6N(CCCCCC(=O)NCCO)C(=O)N1CCCCCC(=O)NCCO)[C@H]1[C@@H]5N(CCCCCC(=O)NCCO)C(=O)N1CCCCCC(=O)NCCO)C1C4N(CCCCCC(=O)NCCO)C(=O)N1CCCCCC(=O)NCCO)C1C3N(CCCCCC(=O)NCCO)C(=O)N1CCCCCC(=O)NCCO)NCCO,65359C3904626CF699505BCBFBC7F41BCE668DDDD74C9E170F9BA10094BB9AD9,HOST_CAN_0116,PASS,O=S(=O)([O-])OOS(=O)(=O)[O-],69639F73723260BADEF0F9C5FDB5B068F85A0E9E19DED1EDCC9999F30B56FBC7,GUEST_CAN_0934,PASS,AttentiveFP,2,family_cold,other,3.2260618209838867
967,69,637,NCCN1C=C(N=N1)COC(C=C2)=C(CNCC3=C(OCC(N=N4)=CN4CCN)C=CC5=C3C=C6)C7=C2C8=C(C=C7)OC9CC8C%10=C(O9)C=CC%11=C%10C=CC(OCC(N=N%12)=CN%12CCN)=C%11CNCC%13=C(OCC(N=N%14)=CN%14CCN)C=CC%15=C%13C=CC(O%16)=C%15C%17C5=C6OC%16C%17,C(C)(=O)NC(C(=O)O)C1=CC=CC=C1,other,3.6865999698638916,NCCn1cc(COc2ccc3c4c5ccc3c2CNCc2c(OCc3cn(CCN)nn3)ccc3c6c(ccc23)OC2CC6c3c(ccc6c(c(OCc7cn(CCN)nn7)ccc36)CNCc3c(OCc6cn(CCN)nn6)ccc6c7c(ccc36)OC(CC47)O5)O2)nn1,E69AC36986BDADC1E5A61FE9021251B6D5437DB096F231021CE94D055FF4BCBF,HOST_CAN_0113,PASS,CC(=O)NC(C(=O)O)c1ccccc1,76E13337757DBE3879D6A633FF092F28738489FA30EEEA0A5FAAF2E292B16ABC,GUEST_CAN_0065,PASS,AttentiveFP,2,family_cold,other,3.491215229034424
969,149,516,C(=N)(N)N.Cl,CC(C(=O)[O-])NC(=O)C,other,1.0,Cl.N=C(N)N,7928BD6C585C2C7D39BB1153A2FE73CB82D4B396737C0A3E4F560ADFE451CA83,HOST_CAN_0101,PASS,CC(=O)NC(C)C(=O)[O-],223D3A7CF02799E4E69DE4CF10C536E7E3A130D2DECA6FB2E856007B979C6DE6,GUEST_CAN_0069,PASS,AttentiveFP,2,family_cold,other,3.4686498641967773
972,69,639,NCCN1C=C(N=N1)COC(C=C2)=C(CNCC3=C(OCC(N=N4)=CN4CCN)C=CC5=C3C=C6)C7=C2C8=C(C=C7)OC9CC8C%10=C(O9)C=CC%11=C%10C=CC(OCC(N=N%12)=CN%12CCN)=C%11CNCC%13=C(OCC(N=N%14)=CN%14CCN)C=CC%15=C%13C=CC(O%16)=C%15C%17C5=C6OC%16C%17,O=C(C(=O)O)CC1=CC=CC=C1,other,4.100399971008301,NCCn1cc(COc2ccc3c4c5ccc3c2CNCc2c(OCc3cn(CCN)nn3)ccc3c6c(ccc23)OC2CC6c3c(ccc6c(c(OCc7cn(CCN)nn7)ccc36)CNCc3c(OCc6cn(CCN)nn6)ccc6c7c(ccc36)OC(CC47)O5)O2)nn1,E69AC36986BDADC1E5A61FE9021251B6D5437DB096F231021CE94D055FF4BCBF,HOST_CAN_0113,PASS,O=C(O)C(=O)Cc1ccccc1,8E3E15981967EDD904A4C59059DCEF9E927444D34CA2823443CAAD02D98A0057,GUEST_CAN_0854,PASS,AttentiveFP,2,family_cold,other,3.3010120391845703
976,9,487,[O-]C(=O)COc1ccc2c3c1CNC(=O)c1c(OCC(=O)[O-])ccc4c1ccc1c4C4CC(O1)Oc1c4c4ccc(c(C(=O)NCc5c6c(c7C8c2c(cc3)OC(C8)Oc7cc6)ccc5OCC(=O)[O-])c4cc1)OCC(=O)[O-].[NH4+].[NH4+].[NH4+].[NH4+],C1=CSC=C1,other,3.3148999214172363,O=C([O-])COc1ccc2c3c4ccc2c1CNC(=O)c1c(OCC(=O)[O-])ccc2c5c(ccc12)OC1CC5c2c(ccc5c(c(OCC(=O)[O-])ccc25)C(=O)NCc2c(OCC(=O)[O-])ccc5c6c(ccc25)OC(CC36)O4)O1.[NH4+].[NH4+].[NH4+].[NH4+],7D3830C6A6E10F82EEBCC3ED68B861BB21ED63B1DDB277580F3032527E5A1183,HOST_CAN_0139,PASS,c1ccsc1,5EE447CCF47CDA955DE9EE6F0CB99690E04D23B3BB5646E8372DD424DCBCDE12,GUEST_CAN_1149,PASS,AttentiveFP,2,family_cold,other,3.4136080741882324
984,64,646,CCCCOc1cc2COCc3cc(OCCCC)cc4c3cc(OCCCC)cc4COCc3c(OCCCC)ccc4c3ccc(c4COCc3c4c(c(COCc5c(c1)c2cc(c5)OCCCC)c(OCCCC)cc4)ccc3OCCCC)OCCCC,COc1cccc(c1)C[N+](Cc1cccc(c1)OC)(C)C,other,4.599899768829346,CCCCOc1cc2c3cc(OCCCC)cc(c3c1)COCc1cc(OCCCC)cc3c(cc(OCCCC)cc13)COCc1c(OCCCC)ccc3c(c(OCCCC)ccc13)COCc1c(OCCCC)ccc3c(c(OCCCC)ccc13)COC2,05C5083FBF551B3C1AE048E85E6B7F5EB796F7835740F408D7B4DF1173E7C142,HOST_CAN_0032,PASS,COc1cccc(C[N+](C)(C)Cc2cccc(OC)c2)c1,5BF72E4E76FFF1B9EAB2E3370972F8E01D14891AD0769CA8F9916375159869BC,GUEST_CAN_0504,PASS,AttentiveFP,2,family_cold,other,5.084358215332031
991,48,649,[Na]OS(=O)(=O)CCCOc1c2CN3C(=O)N4[C@]5([C@@]3(N(Cc2c(c2c1cccc2)OCCCS(=O)(=O)O[Na])C(=O)N5CN1[C@@]2(N(C4)C(=O)N3[C@]2(C)N(C1=O)Cc1c(C3)c(OCCCS(=O)(=O)O[Na])c2c(c1OCCCS(=O)(=O)O[Na])cccc2)C)C)C,CN(C)C1=CC(NC(C(C=C/2)=C3)=CC2=[N+](C)/C)=C3C=C1,other,6.257699966430664,C[C@]12N3Cc4c(c(OCCCS(=O)(=O)[O][Na])c5ccccc5c4OCCCS(=O)(=O)[O][Na])CN1C(=O)N1CN4C(=O)N5Cc6c(c(OCCCS(=O)(=O)[O][Na])c7ccccc7c6OCCCS(=O)(=O)[O][Na])CN6C(=O)N(CN(C3=O)[C@]12C)[C@]4(C)[C@@]56C,D18B807A904C56B05E199911FB10FFB774349CC49BBD32D2EFAFF4C892BA649F,HOST_CAN_0090,PASS,CN(C)c1ccc2cc3ccc(=[N+](C)C)cc-3[nH]c2c1,6371382287DF33D354562F0CE9D03DBE376A511D6D73E51585972BDFE94E7040,GUEST_CAN_0407,PASS,AttentiveFP,2,family_cold,other,4.590580463409424
992,136,650,[Na]OS(=O)(=O)CCCOc1c2CN3C(=O)N4[C@]5([C@@]3(N(Cc2c(c2c1cccc2)OCCCS(=O)(=O)O[Na])C(=O)N5CN1[C@@]2(N(C4)C(=O)N3[C@@H]2N(C1=O)CN1[C@@H]2N(C3)C(=O)N3[C@]2(C)N(C1=O)CN1[C@@]2(N(C3)C(=O)N3[C@]2(C)N(C1=O)Cc1c(C3)c(OCCCS(=O)(=O)O[Na])c2c(c1OCCCS(=O)(=O)O[Na])cccc2)C)C)C)C,CC12CCC3C(C1CCC2O)CCC4=C3C=CC(=C4)O,other,6.113900184631348,C[C@]12[C@H]3N4CN5C(=O)N6CN7C(=O)N8Cc9c(c(OCCCS(=O)(=O)[O][Na])c%10ccccc%10c9OCCCS(=O)(=O)[O][Na])CN9C(=O)N(CN%10C(=O)N(CN3C(=O)N1CN1C(=O)N3Cc%11c(c(OCCCS(=O)(=O)[O][Na])c%12ccccc%12c%11OCCCS(=O)(=O)[O][Na])CN%11C(=O)N(CN2C4=O)[C@]1(C)[C@@]3%11C)[C@@H]5[C@]%106C)[C@]7(C)[C@@]89C,1DCA0847E025F86C1C729E9FF98D736A19E955201DE9828E57DA9B852243C5EB,HOST_CAN_0094,PASS,CC12CCC3c4ccc(O)cc4CCC3C1CCC2O,2577B97C27E10D71995A6E6E8BF6D1D13506298C5D929838D33C4A134A561C78,GUEST_CAN_0234,PASS,AttentiveFP,2,family_cold,other,6.206734657287598
995,86,652,[Na]OS(=O)(=O)CCCCOC=1C=C(C=CC1)[C@@H]1N=C(OC1)CC1=C(C(=C(C(=C1CC)CC=1OC[C@@H](N1)C1=CC(=CC=C1)OCCCCS(=O)(=O)O[Na])CC)CC=1OC[C@@H](N1)C1=CC(=CC=C1)OCCCCS(=O)(=O)O[Na])CC,Cl.COC(C(N)CC1=CC=C(C=C1)O)=O,other,1.857300043106079,CCc1c(CC2=N[C@@H](c3cccc(OCCCCS(=O)(=O)[O][Na])c3)CO2)c(CC)c(CC2=N[C@@H](c3cccc(OCCCCS(=O)(=O)[O][Na])c3)CO2)c(CC)c1CC1=N[C@@H](c2cccc(OCCCCS(=O)(=O)[O][Na])c2)CO1,A0794E3195B22DC21424CE7BDC74C772C0ED7BF37D1C4B8CF085F54EF0D1331E,HOST_CAN_0047,PASS,COC(=O)C(N)Cc1ccc(O)cc1.Cl,EEFCE178F706B4BC72EA91A0EC8B91A444D69422C16131691CE36F31C88A27CC,GUEST_CAN_0441,PASS,AttentiveFP,2,family_cold,other,3.0679965019226074
999,87,136,CCCCOc1c(OCCCC)c2COCc3c(OCCCC)c(OCCCC)c(c4c3cccc4)COCc3c(c(c(COCc4c(c(c(COCc1c1c2cccc1)c1ccccc41)OCCCC)OCCCC)c1c3cccc1)OCCCC)OCCCC,Ic1ccc(cc1)C[N+](Cc1ccc(cc1)I)(C)C,other,5.6528000831604,CCCCOc1c(OCCCC)c2c3ccccc3c1COCc1c(OCCCC)c(OCCCC)c(c3ccccc13)COCc1c(OCCCC)c(OCCCC)c(c3ccccc13)COCc1c(OCCCC)c(OCCCC)c(c3ccccc13)COC2,A699E12937358A216FBA45A53678131D8F7DBBB042BA5E7F52621C78F0465945,HOST_CAN_0031,PASS,C[N+](C)(Cc1ccc(I)cc1)Cc1ccc(I)cc1,FA10A5527DEA09481BE819CE744AB7793DCECFAB19D5FD96A508CCC2E612D94A,GUEST_CAN_0596,PASS,AttentiveFP,2,family_cold,other,5.059446811676025
1000,150,655,O=C1NCC[NH](Cc2c3ccccc3cc3c2cccc3)[Cu]2[NH2][C@H](CC1)C(=O)NCC[NH]2Cc1c2ccccc2cc2c1cccc2.CCC,O[C@@H](C1=CC=CC=C1)C([O-])=O,other,2.7604000568389893,CCC.O=C1CC[C@H]2[NH2]->[Cu](<-[NH](CCN1)Cc1c3ccccc3cc3ccccc13)<-[NH](CCNC2=O)Cc1c2ccccc2cc2ccccc12,0CCB8B2F201660ACBDCF2A6D8DD6BF965C026E49083506933917531280C9F6F2,HOST_CAN_0020,PASS,O=C([O-])[C@@H](O)c1ccccc1,15049F3E6A09ACE7E410C2A1AC623FD842183C94A79A5B8F95708664048D1371,GUEST_CAN_0904,PASS,AttentiveFP,2,family_cold,other,2.45536470413208
1001,9,656,[O-]C(=O)COc1ccc2c3c1CNC(=O)c1c(OCC(=O)[O-])ccc4c1ccc1c4C4CC(O1)Oc1c4c4ccc(c(C(=O)NCc5c6c(c7C8c2c(cc3)OC(C8)Oc7cc6)ccc5OCC(=O)[O-])c4cc1)OCC(=O)[O-].[NH4+].[NH4+].[NH4+].[NH4+],CC1(OC1)C,other,2.1902999877929688,O=C([O-])COc1ccc2c3c4ccc2c1CNC(=O)c1c(OCC(=O)[O-])ccc2c5c(ccc12)OC1CC5c2c(ccc5c(c(OCC(=O)[O-])ccc25)C(=O)NCc2c(OCC(=O)[O-])ccc5c6c(ccc25)OC(CC36)O4)O1.[NH4+].[NH4+].[NH4+].[NH4+],7D3830C6A6E10F82EEBCC3ED68B861BB21ED63B1DDB277580F3032527E5A1183,HOST_CAN_0139,PASS,CC1(C)CO1,FCB3003CA77B8C6CB4ACB0FAB17248B1AD99F5C17CD1AF395AC306DD21211DAF,GUEST_CAN_0206,PASS,AttentiveFP,2,family_cold,other,3.183220624923706
1008,74,37,[Li+].[Li+].COP(OC)(=O)CC1=CC(=CC(=C1)NC(CCCN(C)CC1=C(C=CC=C1)B(O)O)=O)CP([O-])([O-])=O,C1=CC(=C(C=C1C(CN)O)O)O,other,2.840100049972534,COP(=O)(Cc1cc(CP(=O)([O-])[O-])cc(NC(=O)CCCN(C)Cc2ccccc2B(O)O)c1)OC.[Li+].[Li+],7E42F839F9338A49BA3ED36631C1EA08827315A2F7E1A716582040F5B64BDC5A,HOST_CAN_0065,PASS,NCC(O)c1ccc(O)c(O)c1,7F5D32A02DE5511E772E8422081F82EE16925B55633A6CB4BB4E730CF1565495,GUEST_CAN_0775,PASS,AttentiveFP,2,family_cold,other,2.218897819519043
1013,33,663,[H]C1(C(C(O[C@](OC2=C1C=C3[C@]4([H])CCC[N+](C)(C)C)([H])C5=CC(O6)=CC(OC7=CC8=CC(C[N+](C)(C)C)=C7)=C5)=C9)=CC%10=C9O[C@](C%11=CC(O8)=CC(OC%12=CC%13=CC(C[N+](C)(C)C)=C%12)=C%11)([H])OC%14=C(C%10([H])CCC[N+](C)(C)C)C=C%15C(O[C@](C%16=CC%17=CC(O%13)=C%16)([H])OC%18=CC(O[C@](C%19=CC(OC%20=CC(O%17)=CC(C[N+](C)(C)C)=C%20)=CC(OC%21=CC6=CC(C[N+](C)(C)C)=C%21)=C%19)([H])OC3=C2)=C4C=C%18[C@]%15([H])CCC[N+](C)(C)C)=C%14)CCC[N+](C)(C)C.[Cl-].[Cl-].[Cl-].[Cl-].[Cl-].[Cl-].[Cl-].[Cl-],[N+](=O)([O-])[O-].[Na+],other,2.116499900817871,C[N+](C)(C)CCCC1c2cc3c4cc2O[C@H]2Oc5cc6c(cc51)[C@H](CCC[N+](C)(C)C)c1cc5c7cc1O[C@H](O6)c1cc6cc(c1)Oc1cc(C[N+](C)(C)C)cc(c1)Oc1cc8cc(c1)[C@H](Oc1cc(c(cc1[C@H]5CCC[N+](C)(C)C)C3CCC[N+](C)(C)C)O[C@@H](O4)c1cc(cc(c1)Oc1cc(C[N+](C)(C)C)cc(c1)O8)Oc1cc(C[N+](C)(C)C)cc(c1)Oc1cc(cc2c1)Oc1cc(C[N+](C)(C)C)cc(c1)O6)O7.[Cl-].[Cl-].[Cl-].[Cl-].[Cl-].[Cl-].[Cl-].[Cl-],F783BB4F0E2D9595DCCBD26C1895FCF835428AF86721AF4DD7F78FB07FBB8527,HOST_CAN_0096,PASS,O=[N+]([O-])[O-].[Na+],2AD9BF89BCBE791600C49C37E193ED7D6184BC40BCFFA10BF411B0E1F9D57640,GUEST_CAN_0951,PASS,AttentiveFP,2,family_cold,other,2.9365367889404297
1016,86,427,[Na]OS(=O)(=O)CCCCOC=1C=C(C=CC1)[C@@H]1N=C(OC1)CC1=C(C(=C(C(=C1CC)CC=1OC[C@@H](N1)C1=CC(=CC=C1)OCCCCS(=O)(=O)O[Na])CC)CC=1OC[C@@H](N1)C1=CC(=CC=C1)OCCCCS(=O)(=O)O[Na])CC,CC(=O)OCC[N+](C)(C)C.[Cl-],other,1.0,CCc1c(CC2=N[C@@H](c3cccc(OCCCCS(=O)(=O)[O][Na])c3)CO2)c(CC)c(CC2=N[C@@H](c3cccc(OCCCCS(=O)(=O)[O][Na])c3)CO2)c(CC)c1CC1=N[C@@H](c2cccc(OCCCCS(=O)(=O)[O][Na])c2)CO1,A0794E3195B22DC21424CE7BDC74C772C0ED7BF37D1C4B8CF085F54EF0D1331E,HOST_CAN_0047,PASS,CC(=O)OCC[N+](C)(C)C.[Cl-],4879DB6C417F8D989F6A62C99945BAB2F28386E52B872AFFF576ADC283F5F62A,GUEST_CAN_0101,PASS,AttentiveFP,2,family_cold,other,3.5350165367126465
1027,150,668,O=C1NCC[NH](Cc2c3ccccc3cc3c2cccc3)[Cu]2[NH2][C@H](CC1)C(=O)NCC[NH]2Cc1c2ccccc2cc2c1cccc2.CCC,O[C@H](C1=CC=CC=C1)C([O-])=O,other,1.579800009727478,CCC.O=C1CC[C@H]2[NH2]->[Cu](<-[NH](CCN1)Cc1c3ccccc3cc3ccccc13)<-[NH](CCNC2=O)Cc1c2ccccc2cc2ccccc12,0CCB8B2F201660ACBDCF2A6D8DD6BF965C026E49083506933917531280C9F6F2,HOST_CAN_0020,PASS,O=C([O-])[C@H](O)c1ccccc1,89C426A906594B7DFF469C41DEB133ED662E42E64383DF3D181FA064DFA2D90E,GUEST_CAN_0905,PASS,AttentiveFP,2,family_cold,other,2.45536470413208
1029,151,88,C(C(=O)O)N(CC(=O)O)C1C(=O)NC(=O)NC1=O,[Ca+2],other,8.309599876403809,O=C(O)CN(CC(=O)O)C1C(=O)NC(=O)NC1=O,A79CF0157A796F0CD50BB6A621709E83B2F5701A5982B3FC05B4D244283FD579,HOST_CAN_0122,PASS,[Ca+2],561732356B8592F747BA6C15EFCD099F7FAD62C4ABEDA9A81D86C4D38151E987,GUEST_CAN_1020,PASS,AttentiveFP,2,family_cold,other,3.1905722618103027
1030,9,463,[O-]C(=O)COc1ccc2c3c1CNC(=O)c1c(OCC(=O)[O-])ccc4c1ccc1c4C4CC(O1)Oc1c4c4ccc(c(C(=O)NCc5c6c(c7C8c2c(cc3)OC(C8)Oc7cc6)ccc5OCC(=O)[O-])c4cc1)OCC(=O)[O-].[NH4+].[NH4+].[NH4+].[NH4+],C1CCCOCC1,other,2.16729998588562,O=C([O-])COc1ccc2c3c4ccc2c1CNC(=O)c1c(OCC(=O)[O-])ccc2c5c(ccc12)OC1CC5c2c(ccc5c(c(OCC(=O)[O-])ccc25)C(=O)NCc2c(OCC(=O)[O-])ccc5c6c(ccc25)OC(CC36)O4)O1.[NH4+].[NH4+].[NH4+].[NH4+],7D3830C6A6E10F82EEBCC3ED68B861BB21ED63B1DDB277580F3032527E5A1183,HOST_CAN_0139,PASS,C1CCCOCC1,34F8EEF27B4241C34E26E4E2D170D2862FA9E2E211B82379086EB99CC92DDD8A,GUEST_CAN_0028,PASS,AttentiveFP,2,family_cold,other,3.6092309951782227
1033,87,671,CCCCOc1c(OCCCC)c2COCc3c(OCCCC)c(OCCCC)c(c4c3cccc4)COCc3c(c(c(COCc4c(c(c(COCc1c1c2cccc1)c1ccccc41)OCCCC)OCCCC)c1c3cccc1)OCCCC)OCCCC,C(C)(C)(C)C1=CC=C(C[N+](CC2=CC=C(C=C2)C(C)(C)C)(C)C)C=C1,other,4.361700057983398,CCCCOc1c(OCCCC)c2c3ccccc3c1COCc1c(OCCCC)c(OCCCC)c(c3ccccc13)COCc1c(OCCCC)c(OCCCC)c(c3ccccc13)COCc1c(OCCCC)c(OCCCC)c(c3ccccc13)COC2,A699E12937358A216FBA45A53678131D8F7DBBB042BA5E7F52621C78F0465945,HOST_CAN_0031,PASS,CC(C)(C)c1ccc(C[N+](C)(C)Cc2ccc(C(C)(C)C)cc2)cc1,A56AC3EDBC47667288FA5FCD405BCD965262FED2BB249A589B34327F55909478,GUEST_CAN_0118,PASS,AttentiveFP,2,family_cold,other,5.422357559204102
1034,31,37,[Li+].[Li+].COP(OC)(=O)CC1=CC(=CC(=C1)NC(CCCNCC1=C(C=CC=C1)B(O)O)=O)CP([O-])([O-])=O,C1=CC(=C(C=C1C(CN)O)O)O,other,2.3996999263763428,COP(=O)(Cc1cc(CP(=O)([O-])[O-])cc(NC(=O)CCCNCc2ccccc2B(O)O)c1)OC.[Li+].[Li+],7C21E70373346443530CC627F376BB4B733535AF04E79A7E4ACEFF4D5857B371,HOST_CAN_0066,PASS,NCC(O)c1ccc(O)c(O)c1,7F5D32A02DE5511E772E8422081F82EE16925B55633A6CB4BB4E730CF1565495,GUEST_CAN_0775,PASS,AttentiveFP,2,family_cold,other,2.332164764404297
1039,43,201,C1COCCN2CCOCCN1CCOCCOCC2,[Li+],other,5.49970006942749,C1COCCN2CCOCCN(CCO1)CCOCC2,98A94C64ADA3B0E00FCE78FE7388B30022CC2F26C8BCF54DDABD5207E5AA7E8C,HOST_CAN_0002,PASS,[Li+],A7557B375892DC7E581DDC6CA9773574F95B6514113F07A19BDE6059504332FE,GUEST_CAN_1071,PASS,AttentiveFP,2,family_cold,other,1.571915626525879
1040,48,674,[Na]OS(=O)(=O)CCCOc1c2CN3C(=O)N4[C@]5([C@@]3(N(Cc2c(c2c1cccc2)OCCCS(=O)(=O)O[Na])C(=O)N5CN1[C@@]2(N(C4)C(=O)N3[C@]2(C)N(C1=O)Cc1c(C3)c(OCCCS(=O)(=O)O[Na])c2c(c1OCCCS(=O)(=O)O[Na])cccc2)C)C)C,C1=CC=C2C(=C1)C=C3C=CC=CC3=N2,other,4.037399768829346,C[C@]12N3Cc4c(c(OCCCS(=O)(=O)[O][Na])c5ccccc5c4OCCCS(=O)(=O)[O][Na])CN1C(=O)N1CN4C(=O)N5Cc6c(c(OCCCS(=O)(=O)[O][Na])c7ccccc7c6OCCCS(=O)(=O)[O][Na])CN6C(=O)N(CN(C3=O)[C@]12C)[C@]4(C)[C@@]56C,D18B807A904C56B05E199911FB10FFB774349CC49BBD32D2EFAFF4C892BA649F,HOST_CAN_0090,PASS,c1ccc2nc3ccccc3cc2c1,F08DBC8E15EE95F3C572CC08D88C6492869471C7E2E8A3300EA946A395F7CD88,GUEST_CAN_1142,PASS,AttentiveFP,2,family_cold,other,3.405712127685547
1045,127,82,O=C(N2CN(C(N4CN(C(N6CN(C(N8CN(C(N%10CN%11C%13C%12N(CCCCCC(O)=O)C(N%13CCCCCC(O)=O)=O)=O)C9C%10N(CCCCCC(O)=O)C(N9CCCCCC(O)=O)=O)=O)C7C8N(CCCCCC(O)=O)C(N7CCCCCC(O)=O)=O)=O)C5C6N(CCCCCC(O)=O)C(N5CCCCCC(O)=O)=O)=O)C3C4N(CCCCCC(O)=O)C(N3CCCCCC(O)=O)=O)N(CN%12C%11=O)C1C2N(CCCCCC(O)=O)C(N1CCCCCC(O)=O)=O,[Br-],other,3.439300060272217,O=C(O)CCCCCN1C(=O)N(CCCCCC(=O)O)C2C1N1CN3C(=O)N(CN4C(=O)N(CN5C(=O)N(CN6C(=O)N(CN7C(=O)N(CN2C1=O)C1C7N(CCCCCC(=O)O)C(=O)N1CCCCCC(=O)O)C1C6N(CCCCCC(=O)O)C(=O)N1CCCCCC(=O)O)C1C5N(CCCCCC(=O)O)C(=O)N1CCCCCC(=O)O)C1C4N(CCCCCC(=O)O)C(=O)N1CCCCCC(=O)O)C1C3N(CCCCCC(=O)O)C(=O)N1CCCCCC(=O)O,6A9FAF5530BC770B4CCEB7505462A63A98672DFE66B97D638131737C1C2705FD,HOST_CAN_0119,PASS,[Br-],E6DA0DF46FDF8347E7A30490E2A486EB72695875E66B86F4DB498CD7FE50292E,GUEST_CAN_1014,PASS,AttentiveFP,2,family_cold,other,5.3184380531311035
1046,35,114,[O-]P(=O)(Oc1c2c(c(c3c1C1CC3c3c1cc1c(c3)C3CC1c1c3cccc1)OP(=O)(C)[O-])C1CC2c2c1cc1c(c2)C2CC1c1c2cccc1)C.[Li+].[Li+],C1=CC(=C(C=C1CCN)O)O.Cl,other,2.9911999702453613,CP(=O)([O-])Oc1c2c(c(OP(C)(=O)[O-])c3c1C1CC3c3cc4c(cc31)C1CC4c3ccccc31)C1CC2c2cc3c(cc21)C1CC3c2ccccc21.[Li+].[Li+],0523E219D88C79C8FF3952D24ADDE3A68E28198CE5EE5C77D8FECF429412627C,HOST_CAN_0082,PASS,Cl.NCCc1ccc(O)c(O)c1,3F79E9799FBBC5EB4B4CED2B038F192B77EBCD775815447FBD52E31EB152AD2D,GUEST_CAN_0690,PASS,AttentiveFP,2,family_cold,other,2.4372925758361816
1048,19,521,O=C1N(CC4=CC=C(C(O)=O)C=C4)C3C(N(CN%21C%20=O)C(N3CN(C(N7CN(C(N%11CN(C(N%15CN(C(N%19CN%20C%23C%21N(CC%25=CC=C(C(O)=O)C=C%25)C(N%23CC%24=CC=C(C(O)=O)C=C%24)=O)=O)C%17C%19N(CC%22=CC=C(C(O)=O)C=C%22)C(N%17CC%18=CC=C(C(O)=O)C=C%18)=O)=O)C%13C%15N(CC%16=CC=C(C(O)=O)C=C%16)C(N%13CC%14=CC=C(C(O)=O)C=C%14)=O)=O)C9C%11N(CC%12=CC=C(C(O)=O)C=C%12)C(N9CC%10=CC=C(C(O)=O)C=C%10)=O)=O)C5C7N(CC8=CC=C(C(O)=O)C=C8)C(N5CC6=CC=C(C(O)=O)C=C6)=O)=O)N1CC2=CC=C(C(O)=O)C=C2,[Cl-],other,2.7804999351501465,O=C(O)c1ccc(CN2C(=O)N(Cc3ccc(C(=O)O)cc3)C3C2N2CN4C(=O)N(CN5C(=O)N(CN6C(=O)N(CN7C(=O)N(CN8C(=O)N(CN3C2=O)C2C8N(Cc3ccc(C(=O)O)cc3)C(=O)N2Cc2ccc(C(=O)O)cc2)C2C7N(Cc3ccc(C(=O)O)cc3)C(=O)N2Cc2ccc(C(=O)O)cc2)C2C6N(Cc3ccc(C(=O)O)cc3)C(=O)N2Cc2ccc(C(=O)O)cc2)C2C5N(Cc3ccc(C(=O)O)cc3)C(=O)N2Cc2ccc(C(=O)O)cc2)C2C4N(Cc3ccc(C(=O)O)cc3)C(=O)N2Cc2ccc(C(=O)O)cc2)cc1,5BFAE42297A9EBC8CE307175405F2DA12222FDEAA2AA87FF2D5843CBEC077A9C,HOST_CAN_0133,PASS,[Cl-],21C8D33686776387B6A57D02C12EDC885AFA97A58E90478063570CDACEDA8054,GUEST_CAN_1022,PASS,AttentiveFP,2,family_cold,other,4.796260833740234
1057,152,679,C1COCCOC2=NC3=CC=CC=C3N=C2OCCOCCOCCOC4=CC=CC=C4OCCO1,[NH2+](Cc1ccccc1)Cc1ccc(cc1)Oc1cc(cc(c1)Oc1ccc(cc1)C[NH2+]Cc1ccccc1)Oc1ccc(cc1)C[NH2+]Cc1ccccc1.C1COCCOc2ccccc2OCCOCCOCCOc2c(OCCO1)nc1ccccc1n2.C1COCCOc2ccccc2OCCOCCOCCOc2c(OCCO1)nc1ccccc1n2.F[P-](F)(F)(F)(F)F.F[P-](F)(F)(F)(F)F.F[P-](F)(F)(F)(F)F,other,2.5315001010894775,c1ccc2c(c1)OCCOCCOCCOc1nc3ccccc3nc1OCCOCCOCCO2,11E567E73A50D02BD46891CF13338BDDF57C27745B8926A9E8B83F56E359EA3E,HOST_CAN_0187,PASS,F[P-](F)(F)(F)(F)F.F[P-](F)(F)(F)(F)F.F[P-](F)(F)(F)(F)F.c1ccc(C[NH2+]Cc2ccc(Oc3cc(Oc4ccc(C[NH2+]Cc5ccccc5)cc4)cc(Oc4ccc(C[NH2+]Cc5ccccc5)cc4)c3)cc2)cc1.c1ccc2c(c1)OCCOCCOCCOc1nc3ccccc3nc1OCCOCCOCCO2.c1ccc2c(c1)OCCOCCOCCOc1nc3ccccc3nc1OCCOCCOCCO2,F409D3510BBE016AB66C73E809D0F23E76230F27BB8B08B0F8C76D2013B1D200,GUEST_CAN_0708,PASS,AttentiveFP,2,family_cold,other,6.229835510253906
1059,122,175,CC(C)(C)C1=CC(=C(C=C1)NC(=O)NC2=CC=C(C=C2)OC)C#CC3=CC(=CC(=C3)OC)C#CC4=C(C=CC(=C4)C(C)(C)C)NC(=O)NC5=CC=C(C=C5)OC,CCCC[N+](CCCC)(CCCC)CCCC.[I-],other,2.2304000854492188,COc1ccc(NC(=O)Nc2ccc(C(C)(C)C)cc2C#Cc2cc(C#Cc3cc(C(C)(C)C)ccc3NC(=O)Nc3ccc(OC)cc3)cc(OC)c2)cc1,D21F40FE6961DC5FE75A1A0699511BDB052F920FB1661CF34BFCAD5E05B4B593,HOST_CAN_0073,PASS,CCCC[N+](CCCC)(CCCC)CCCC.[I-],AEB60E90607A4F8C1F949B3EACD125A2B91E0A4DEAD7B24D9097176DB9E506E4,GUEST_CAN_0318,PASS,AttentiveFP,2,family_cold,other,4.814280033111572
1060,153,680,O=C(CCC(C(=O)NCCCCNCc1c2ccccc2cc2c1cccc2)N)NCCCCNCc1c2ccccc2cc2c1cccc2,[Cu+2],other,3.9590001106262207,NC(CCC(=O)NCCCCNCc1c2ccccc2cc2ccccc12)C(=O)NCCCCNCc1c2ccccc2cc2ccccc12,B151E089FD025EAC2005F770E06A1AA7F66DDF1A8A1FD20D7B74EEF27D6E9CEA,HOST_CAN_0107,PASS,[Cu+2],ED0C6E693A7A5884686AB150159BE52926B09D0031C28F8313DEEC34DE61C27E,GUEST_CAN_1053,PASS,AttentiveFP,2,family_cold,other,3.8719704151153564
1062,115,682,C(CCC)C1=C(C(OC2=CC(=CC=C12)N(CC)CC)=O)C=O,C(CC(=O)O)C(C(=O)O)N,other,0.38019999861717224,CCCCc1c(C=O)c(=O)oc2cc(N(CC)CC)ccc12,50E4CC3B42DB2A1D81BA2FCB02D3EA8F0BF1EB0B92ACDAB1C80BFBFCC39A06BB,HOST_CAN_0035,PASS,NC(CCC(=O)O)C(=O)O,145337C1B569BACC37A7C0366D8AB7EF81E39DFCB218DDE67941E5D16C994D9F,GUEST_CAN_0733,PASS,AttentiveFP,2,family_cold,other,2.8148996829986572
1063,154,406,CC(C)(C)C1=CC(=C(C=C1)NC(=O)NC2=CC=C(C=C2)OC)C#CC3=NC(=CC=C3)C#CC4=C(C=CC(=C4)C(C)(C)C)NC(=O)NC5=CC=C(C=C5)OC,CCCC[N+](CCCC)(CCCC)CCCC.[Cl-],other,2.845099925994873,COc1ccc(NC(=O)Nc2ccc(C(C)(C)C)cc2C#Cc2cccc(C#Cc3cc(C(C)(C)C)ccc3NC(=O)Nc3ccc(OC)cc3)n2)cc1,F1ADFACABAD26CABA6342ED1B1B59A2BC6CAC4DFC25E60D7E97BA1F1AF518BDC,HOST_CAN_0079,PASS,CCCC[N+](CCCC)(CCCC)CCCC.[Cl-],98322306CD8D2EE1FC0B30A96ADB07D77C4823F49CB80B37D40EC2A8BE6D6F00,GUEST_CAN_0317,PASS,AttentiveFP,2,family_cold,other,4.785820007324219
1065,112,472,CC(C)(C)C1=CC(=C(C=C1)NC(=O)NC2=CC=C(C=C2)OC)C#CC3=CC(=CC(=C3)Cl)C#CC4=C(C=CC(=C4)C(C)(C)C)NC(=O)NC5=CC=C(C=C5)OC,CCCC[N+](CCCC)(CCCC)CCCC.[Br-],other,3.428100109100342,COc1ccc(NC(=O)Nc2ccc(C(C)(C)C)cc2C#Cc2cc(Cl)cc(C#Cc3cc(C(C)(C)C)ccc3NC(=O)Nc3ccc(OC)cc3)c2)cc1,6714985C95FB4721F34200A13D77E1BF78C94A1DBA43CA1FDFE94E15E6C48A18,HOST_CAN_0075,PASS,CCCC[N+](CCCC)(CCCC)CCCC.[Br-],6DD8DD4627FCB94C4F4125FAFF1BB3C1B5671EA4BD5502CBFB668600B9692E59,GUEST_CAN_0316,PASS,AttentiveFP,2,family_cold,other,4.875876426696777
1070,9,675,[O-]C(=O)COc1ccc2c3c1CNC(=O)c1c(OCC(=O)[O-])ccc4c1ccc1c4C4CC(O1)Oc1c4c4ccc(c(C(=O)NCc5c6c(c7C8c2c(cc3)OC(C8)Oc7cc6)ccc5OCC(=O)[O-])c4cc1)OCC(=O)[O-].[NH4+].[NH4+].[NH4+].[NH4+],CCO,other,0.954200029373169,O=C([O-])COc1ccc2c3c4ccc2c1CNC(=O)c1c(OCC(=O)[O-])ccc2c5c(ccc12)OC1CC5c2c(ccc5c(c(OCC(=O)[O-])ccc25)C(=O)NCc2c(OCC(=O)[O-])ccc5c6c(ccc25)OC(CC36)O4)O1.[NH4+].[NH4+].[NH4+].[NH4+],7D3830C6A6E10F82EEBCC3ED68B861BB21ED63B1DDB277580F3032527E5A1183,HOST_CAN_0139,PASS,CCO,AB1DE819EDE91DF490E6441934DECFA9041B49F91D6BBADBBA4DF634CCFF57FA,GUEST_CAN_0361,PASS,AttentiveFP,2,family_cold,other,2.517085075378418
1071,64,684,CCCCOc1cc2COCc3cc(OCCCC)cc4c3cc(OCCCC)cc4COCc3c(OCCCC)ccc4c3ccc(c4COCc3c4c(c(COCc5c(c1)c2cc(c5)OCCCC)c(OCCCC)cc4)ccc3OCCCC)OCCCC,BrC1=C(C[N+](CC2=C(C=CC=C2)Br)(C)C)C=CC=C1,other,2.021199941635132,CCCCOc1cc2c3cc(OCCCC)cc(c3c1)COCc1cc(OCCCC)cc3c(cc(OCCCC)cc13)COCc1c(OCCCC)ccc3c(c(OCCCC)ccc13)COCc1c(OCCCC)ccc3c(c(OCCCC)ccc13)COC2,05C5083FBF551B3C1AE048E85E6B7F5EB796F7835740F408D7B4DF1173E7C142,HOST_CAN_0032,PASS,C[N+](C)(Cc1ccccc1Br)Cc1ccccc1Br,56451328BA87454E38C5DDFE670F9005B23BCB323FC38BC6DDED8608851517F3,GUEST_CAN_0600,PASS,AttentiveFP,2,family_cold,other,5.259164810180664
1074,92,3,[O-]C(=O)COc1cc(OCC(=O)[O-])c2-c3ccc4c(c3)cc(-c3cc(Cc5cc(-c6cc7cc(-c8cc(Cc1c2)c(OCC(=O)[O-])cc8OCC(=O)[O-])ccc7cc6)c(OCC(=O)[O-])cc5OCC(=O)[O-])c(cc3OCC(=O)[O-])OCC(=O)[O-])cc4.[NH4+].[NH4+].[NH4+].[NH4+].[NH4+].[NH4+].[NH4+].[NH4+],C[N+]1=C2C(=C3C=CC4=C(C3=C1)OCO4)C=CC5=CC6=C(C=C52)OCO6,other,6.372200012207031,O=C([O-])COc1cc(OCC(=O)[O-])c2cc1Cc1cc(c(OCC(=O)[O-])cc1OCC(=O)[O-])-c1ccc3ccc(cc3c1)-c1cc(c(OCC(=O)[O-])cc1OCC(=O)[O-])Cc1cc(c(OCC(=O)[O-])cc1OCC(=O)[O-])-c1ccc3ccc-2cc3c1.[NH4+].[NH4+].[NH4+].[NH4+].[NH4+].[NH4+].[NH4+].[NH4+],56D3222FBB5E69B73B3A70699D6C6231A5D1E6246B2D1238D3BD2287A4DAF3AF,HOST_CAN_0138,PASS,C[n+]1cc2c3c(ccc2c2ccc4cc5c(cc4c21)OCO5)OCO3,232E12C2CD073D28154FED05C0C8FCDDDE2B8CA8864E27CCCB4D4C935C3224C9,GUEST_CAN_0619,PASS,AttentiveFP,2,family_cold,other,5.821990966796875
1076,48,686,[Na]OS(=O)(=O)CCCOc1c2CN3C(=O)N4[C@]5([C@@]3(N(Cc2c(c2c1cccc2)OCCCS(=O)(=O)O[Na])C(=O)N5CN1[C@@]2(N(C4)C(=O)N3[C@]2(C)N(C1=O)Cc1c(C3)c(OCCCS(=O)(=O)O[Na])c2c(c1OCCCS(=O)(=O)O[Na])cccc2)C)C)C,[NH3+]CCCCCCCCCC[NH3+],other,2.544100046157837,C[C@]12N3Cc4c(c(OCCCS(=O)(=O)[O][Na])c5ccccc5c4OCCCS(=O)(=O)[O][Na])CN1C(=O)N1CN4C(=O)N5Cc6c(c(OCCCS(=O)(=O)[O][Na])c7ccccc7c6OCCCS(=O)(=O)[O][Na])CN6C(=O)N(CN(C3=O)[C@]12C)[C@]4(C)[C@@]56C,D18B807A904C56B05E199911FB10FFB774349CC49BBD32D2EFAFF4C892BA649F,HOST_CAN_0090,PASS,[NH3+]CCCCCCCCCC[NH3+],90DA5EF1A7C1D3143D5E218086356FAA0E7ECA7264C252E84EDA9FDCFD1ADCAE,GUEST_CAN_1083,PASS,AttentiveFP,2,family_cold,other,5.036962509155273
1077,115,687,C(CCC)C1=C(C(OC2=CC(=CC=C12)N(CC)CC)=O)C=O,NCCC(=O)O,other,0.3978999853134155,CCCCc1c(C=O)c(=O)oc2cc(N(CC)CC)ccc12,50E4CC3B42DB2A1D81BA2FCB02D3EA8F0BF1EB0B92ACDAB1C80BFBFCC39A06BB,HOST_CAN_0035,PASS,NCCC(=O)O,EBFC15AA53F03823F579A69DF53E93F7360864D03CD8771DB2628AC4F982B3B4,GUEST_CAN_0778,PASS,AttentiveFP,2,family_cold,other,2.7056825160980225
1079,155,456,CC(C)(C)C1=CC(=C(C=C1)NC(=O)NC2=CC=C(C=C2)OC)C#CC3=CC(=CC(=C3)C(C)(C)C)C#CC4=C(C=CC(=C4)C(C)(C)C)NC(=O)NC5=CC=C(C=C5)OC,[N+](=O)([O-])[O-].C(CCC)[N+](CCCC)(CCCC)CCCC,other,3.4314000606536865,COc1ccc(NC(=O)Nc2ccc(C(C)(C)C)cc2C#Cc2cc(C#Cc3cc(C(C)(C)C)ccc3NC(=O)Nc3ccc(OC)cc3)cc(C(C)(C)C)c2)cc1,C1F98F22E617AF796A86E6F9C15E60915AF24AEF9854A119C87E891B126F642A,HOST_CAN_0071,PASS,CCCC[N+](CCCC)(CCCC)CCCC.O=[N+]([O-])[O-],6D4B26D3D683A1392C95388B8B9856D8C2F81515BE0ED5278F99FF88C33B25A7,GUEST_CAN_0315,PASS,AttentiveFP,2,family_cold,other,4.664602279663086
1081,35,689,[O-]P(=O)(Oc1c2c(c(c3c1C1CC3c3c1cc1c(c3)C3CC1c1c3cccc1)OP(=O)(C)[O-])C1CC2c2c1cc1c(c2)C2CC1c1c2cccc1)C.[Li+].[Li+],NCCCC[C@@H](C(=O)N[C@H](C(=O)N[C@H](C(=O)N[C@H](C(=O)N[C@H](C(=O)O)CO)CCCCN)[C@H](O)C)[C@H](O)C)N,other,3.623199939727783,CP(=O)([O-])Oc1c2c(c(OP(C)(=O)[O-])c3c1C1CC3c3cc4c(cc31)C1CC4c3ccccc31)C1CC2c2cc3c(cc21)C1CC3c2ccccc21.[Li+].[Li+],0523E219D88C79C8FF3952D24ADDE3A68E28198CE5EE5C77D8FECF429412627C,HOST_CAN_0082,PASS,C[C@@H](O)[C@H](NC(=O)[C@@H](NC(=O)[C@@H](N)CCCCN)[C@@H](C)O)C(=O)N[C@@H](CCCCN)C(=O)N[C@@H](CO)C(=O)O,375261A10BAAEA27781D5836EC4ECF5B278C04F0134F9D478DE2F0507C007988,GUEST_CAN_0539,PASS,AttentiveFP,2,family_cold,other,3.024585723876953
1086,69,621,NCCN1C=C(N=N1)COC(C=C2)=C(CNCC3=C(OCC(N=N4)=CN4CCN)C=CC5=C3C=C6)C7=C2C8=C(C=C7)OC9CC8C%10=C(O9)C=CC%11=C%10C=CC(OCC(N=N%12)=CN%12CCN)=C%11CNCC%13=C(OCC(N=N%14)=CN%14CCN)C=CC%15=C%13C=CC(O%16)=C%15C%17C5=C6OC%16C%17,CC1(C(N2C(S1)C(C2=O)NC(=O)C(C3=CC=CC=C3)N)C(=O)O)C,other,2.490000009536743,NCCn1cc(COc2ccc3c4c5ccc3c2CNCc2c(OCc3cn(CCN)nn3)ccc3c6c(ccc23)OC2CC6c3c(ccc6c(c(OCc7cn(CCN)nn7)ccc36)CNCc3c(OCc6cn(CCN)nn6)ccc6c7c(ccc36)OC(CC47)O5)O2)nn1,E69AC36986BDADC1E5A61FE9021251B6D5437DB096F231021CE94D055FF4BCBF,HOST_CAN_0113,PASS,CC1(C)SC2C(NC(=O)C(N)c3ccccc3)C(=O)N2C1C(=O)O,DC0FE5259B2B79CDE53EF012AE17B2640C88D0347C20DE28018192C1511F5517,GUEST_CAN_0209,PASS,AttentiveFP,2,family_cold,other,4.67983341217041
1088,64,693,CCCCOc1cc2COCc3cc(OCCCC)cc4c3cc(OCCCC)cc4COCc3c(OCCCC)ccc4c3ccc(c4COCc3c4c(c(COCc5c(c1)c2cc(c5)OCCCC)c(OCCCC)cc4)ccc3OCCCC)OCCCC,C[N+](Cc1cccc2c1cccc2)(Cc1cccc2c1cccc2)C,other,4.503799915313721,CCCCOc1cc2c3cc(OCCCC)cc(c3c1)COCc1cc(OCCCC)cc3c(cc(OCCCC)cc13)COCc1c(OCCCC)ccc3c(c(OCCCC)ccc13)COCc1c(OCCCC)ccc3c(c(OCCCC)ccc13)COC2,05C5083FBF551B3C1AE048E85E6B7F5EB796F7835740F408D7B4DF1173E7C142,HOST_CAN_0032,PASS,C[N+](C)(Cc1cccc2ccccc12)Cc1cccc2ccccc12,D4357DA951FD3F558EAF1B487C55488105EFA434547992227C2B50002AF85E0C,GUEST_CAN_0598,PASS,AttentiveFP,2,family_cold,other,5.848350524902344
1090,94,694,CC(C(O[Na])=O)OC(C(OC(C)C(O[Na])=O)=C1)=CC2=C1C(C=C(OC(C(O[Na])=O)C)C(OC(C(O[Na])=O)C)=C3)=C3C4=C2C=C(OC(C(O[Na])=O)C)C(OC(C)C(O[Na])=O)=C4,C1=CC(=CC=C1CC(C(=O)O)N)O,other,0.0,CC(Oc1cc2c3cc(OC(C)C(=O)[O][Na])c(OC(C)C(=O)[O][Na])cc3c3cc(OC(C)C(=O)[O][Na])c(OC(C)C(=O)[O][Na])cc3c2cc1OC(C)C(=O)[O][Na])C(=O)[O][Na],BA584CA32AF40B5CC01118169993C3B68F1DD55FC57084F45766D3D97748C6AD,HOST_CAN_0016,PASS,NC(Cc1ccc(O)cc1)C(=O)O,3493787B99785831C7BF0E6683BCDC8D208BB31074F2AD5C63DD21E6DF82A89F,GUEST_CAN_0743,PASS,AttentiveFP,2,family_cold,other,2.5119080543518066
1092,9,695,[O-]C(=O)COc1ccc2c3c1CNC(=O)c1c(OCC(=O)[O-])ccc4c1ccc1c4C4CC(O1)Oc1c4c4ccc(c(C(=O)NCc5c6c(c7C8c2c(cc3)OC(C8)Oc7cc6)ccc5OCC(=O)[O-])c4cc1)OCC(=O)[O-].[NH4+].[NH4+].[NH4+].[NH4+],CCNC(=O)C,other,2.2523000240325928,O=C([O-])COc1ccc2c3c4ccc2c1CNC(=O)c1c(OCC(=O)[O-])ccc2c5c(ccc12)OC1CC5c2c(ccc5c(c(OCC(=O)[O-])ccc25)C(=O)NCc2c(OCC(=O)[O-])ccc5c6c(ccc25)OC(CC36)O4)O1.[NH4+].[NH4+].[NH4+].[NH4+],7D3830C6A6E10F82EEBCC3ED68B861BB21ED63B1DDB277580F3032527E5A1183,HOST_CAN_0139,PASS,CCNC(C)=O,EDF7EB2AB74271CB75535D4B869AB5E3DF0B0F9AF7ADA5CB9AA9D08ED3A6255F,GUEST_CAN_0357,PASS,AttentiveFP,2,family_cold,other,3.0604937076568604
1095,44,201,C1COCCN2CCOCCOCCN1CCOCCOCC2,[Li+],other,2.5,C1COCCN2CCOCCOCCN(CCO1)CCOCC2,32931B055F3C7DC5134671B8211003699C695F3A170DAFEAC54A6E2274B3149A,HOST_CAN_0003,PASS,[Li+],A7557B375892DC7E581DDC6CA9773574F95B6514113F07A19BDE6059504332FE,GUEST_CAN_1071,PASS,AttentiveFP,2,family_cold,other,1.4967644214630127
1101,81,650,[Na]OS(=O)(=O)CCCOc1c2CN3C(=O)N4[C@]5([C@@]3(N(Cc2c(c2c1cccc2)OCCCS(=O)(=O)O[Na])C(=O)N5CN1[C@@H]2N(C4)C(=O)N3[C@@H]2N(C1=O)CN1[C@@]2(N(C3)C(=O)N3[C@]2(C)N(C1=O)Cc1c(C3)c(OCCCS(=O)(=O)O[Na])c2c(c1OCCCS(=O)(=O)O[Na])cccc2)C)C)C,CC12CCC3C(C1CCC2O)CCC4=C3C=CC(=C4)O,other,4.146100044250488,C[C@]12N3Cc4c(c(OCCCS(=O)(=O)[O][Na])c5ccccc5c4OCCCS(=O)(=O)[O][Na])CN1C(=O)N1CN4C(=O)N5CN6C(=O)N7Cc8c(c(OCCCS(=O)(=O)[O][Na])c9ccccc9c8OCCCS(=O)(=O)[O][Na])CN8C(=O)N(CN9C(=O)N(CN(C3=O)[C@]12C)[C@@H]4[C@H]95)[C@]6(C)[C@@]78C,1051D36AAACAE48FD5F1E66929B325E14F767999AA707E5010C4574020990EA7,HOST_CAN_0089,PASS,CC12CCC3c4ccc(O)cc4CCC3C1CCC2O,2577B97C27E10D71995A6E6E8BF6D1D13506298C5D929838D33C4A134A561C78,GUEST_CAN_0234,PASS,AttentiveFP,2,family_cold,other,5.732147216796875
1103,156,699,C1N2[C@H]3[C@@H](N(C2=O)CN4[C@H]5[C@@H](N(C4=O)CN6[C@H]7[C@@H](N(C6=O)CN8[C@H]9[C@@H](N(C8=O)CN2[C@H]4[C@@H](N(C2=O)CN2[C@H]6[C@@H](N1C2=O)N(C(=O)N6CC1=CC=CC=C1)CC1=CC=CC=C1)N(C(=O)N4CC1=CC=CC=C1)CC1=CC=CC=C1)N(C(=O)N9CC1=CC=CC=C1)CC1=CC=CC=C1)N(C(=O)N7CC1=CC=CC=C1)CC1=CC=CC=C1)N(C(=O)N5CC1=CC=CC=C1)CC1=CC=CC=C1)N(C(=O)N3CC1=CC=CC=C1)CC1=CC=CC=C1,[N+](=O)([O-])[O-],other,6.004300117492676,O=C1N(Cc2ccccc2)[C@H]2[C@@H](N1Cc1ccccc1)N1CN3C(=O)N(CN4C(=O)N(CN5C(=O)N(CN6C(=O)N(CN7C(=O)N(CN2C1=O)[C@H]1[C@@H]7N(Cc2ccccc2)C(=O)N1Cc1ccccc1)[C@H]1[C@@H]6N(Cc2ccccc2)C(=O)N1Cc1ccccc1)[C@H]1[C@@H]5N(Cc2ccccc2)C(=O)N1Cc1ccccc1)[C@H]1[C@@H]4N(Cc2ccccc2)C(=O)N1Cc1ccccc1)[C@H]1[C@@H]3N(Cc2ccccc2)C(=O)N1Cc1ccccc1,491792C091BC32640F3328D1424439A6D9709A148A5262B4DDD07A91FD704657,HOST_CAN_0140,PASS,O=[N+]([O-])[O-],8EDFDB3DA8BB7AA2E992B049D5950CF49B785834A9F5AC1FB62D0A31E3906574,GUEST_CAN_0940,PASS,AttentiveFP,2,family_cold,other,4.651169776916504
1105,94,477,CC(C(O[Na])=O)OC(C(OC(C)C(O[Na])=O)=C1)=CC2=C1C(C=C(OC(C(O[Na])=O)C)C(OC(C(O[Na])=O)C)=C3)=C3C4=C2C=C(OC(C(O[Na])=O)C)C(OC(C)C(O[Na])=O)=C4,C1=CC=C(C=C1)CC(C(=O)O)N,other,0.0,CC(Oc1cc2c3cc(OC(C)C(=O)[O][Na])c(OC(C)C(=O)[O][Na])cc3c3cc(OC(C)C(=O)[O][Na])c(OC(C)C(=O)[O][Na])cc3c2cc1OC(C)C(=O)[O][Na])C(=O)[O][Na],BA584CA32AF40B5CC01118169993C3B68F1DD55FC57084F45766D3D97748C6AD,HOST_CAN_0016,PASS,NC(Cc1ccccc1)C(=O)O,4B6B1236F1C31D28D9F95F736FF46B2960AFF4F6FCE3D9E76CF43DE2ADDE8B08,GUEST_CAN_0746,PASS,AttentiveFP,2,family_cold,other,2.4412450790405273
1108,9,470,[O-]C(=O)COc1ccc2c3c1CNC(=O)c1c(OCC(=O)[O-])ccc4c1ccc1c4C4CC(O1)Oc1c4c4ccc(c(C(=O)NCc5c6c(c7C8c2c(cc3)OC(C8)Oc7cc6)ccc5OCC(=O)[O-])c4cc1)OCC(=O)[O-].[NH4+].[NH4+].[NH4+].[NH4+],CS(=O)C,other,1.9973000288009644,O=C([O-])COc1ccc2c3c4ccc2c1CNC(=O)c1c(OCC(=O)[O-])ccc2c5c(ccc12)OC1CC5c2c(ccc5c(c(OCC(=O)[O-])ccc25)C(=O)NCc2c(OCC(=O)[O-])ccc5c6c(ccc25)OC(CC36)O4)O1.[NH4+].[NH4+].[NH4+].[NH4+],7D3830C6A6E10F82EEBCC3ED68B861BB21ED63B1DDB277580F3032527E5A1183,HOST_CAN_0139,PASS,CS(C)=O,EF4A329FE2B9444E2AE17D5A7D6B0FD38E35D5EAE829D6CA83527841C4D3898F,GUEST_CAN_0511,PASS,AttentiveFP,2,family_cold,other,2.4468483924865723
1115,87,703,CCCCOc1c(OCCCC)c2COCc3c(OCCCC)c(OCCCC)c(c4c3cccc4)COCc3c(c(c(COCc4c(c(c(COCc1c1c2cccc1)c1ccccc41)OCCCC)OCCCC)c1c3cccc1)OCCCC)OCCCC,COc1ccc(cc1)C[N+](Cc1ccc(cc1)OC)(C)C,other,4.944499969482422,CCCCOc1c(OCCCC)c2c3ccccc3c1COCc1c(OCCCC)c(OCCCC)c(c3ccccc13)COCc1c(OCCCC)c(OCCCC)c(c3ccccc13)COCc1c(OCCCC)c(OCCCC)c(c3ccccc13)COC2,A699E12937358A216FBA45A53678131D8F7DBBB042BA5E7F52621C78F0465945,HOST_CAN_0031,PASS,COc1ccc(C[N+](C)(C)Cc2ccc(OC)cc2)cc1,A7E874085740F7FB06EE1E4A084DD777B68FD9AABEBFC2AA669415D250D9BB08,GUEST_CAN_0487,PASS,AttentiveFP,2,family_cold,other,5.136881351470947
1117,64,704,CCCCOc1cc2COCc3cc(OCCCC)cc4c3cc(OCCCC)cc4COCc3c(OCCCC)ccc4c3ccc(c4COCc3c4c(c(COCc5c(c1)c2cc(c5)OCCCC)c(OCCCC)cc4)ccc3OCCCC)OCCCC,CC[N+](CC)(CC1=CC=CC=C1)CC2=CC=CC=C2,other,2.539099931716919,CCCCOc1cc2c3cc(OCCCC)cc(c3c1)COCc1cc(OCCCC)cc3c(cc(OCCCC)cc13)COCc1c(OCCCC)ccc3c(c(OCCCC)ccc13)COCc1c(OCCCC)ccc3c(c(OCCCC)ccc13)COC2,05C5083FBF551B3C1AE048E85E6B7F5EB796F7835740F408D7B4DF1173E7C142,HOST_CAN_0032,PASS,CC[N+](CC)(Cc1ccccc1)Cc1ccccc1,3E8BC07FBBF1F836A35D0BD729A04A9C1E20BEFC0AAD4334CBC8DF6EA6A46C8F,GUEST_CAN_0377,PASS,AttentiveFP,2,family_cold,other,5.120922088623047
1121,60,706,CCCCOc1ccc2c3c1COCc1c(OCCCC)ccc4c1ccc1c4C4CC(O1)Oc1c4c4ccc(c(COCc5c6c(c7C8c2c(cc3)OC(C8)Oc7cc6)ccc5OCCCC)c4cc1)OCCCC,CCCCC[N+]12CCN(CC1)CC2,other,3.973099946975708,CCCCOc1ccc2c3c4ccc2c1COCc1c(OCCCC)ccc2c5c(ccc12)OC1CC5c2c(ccc5c(c(OCCCC)ccc25)COCc2c(OCCCC)ccc5c6c(ccc25)OC(CC36)O4)O1,88DCF2D39B7DF2B43B3F0E5C1B57BDEDED9EEF541105412EB4DABE8747E45264,HOST_CAN_0034,PASS,CCCCC[N+]12CCN(CC1)CC2,AB878C5BB92673BED6DD9B3AE084D3E092100760FED770D1CAF1C61813E904E2,GUEST_CAN_0306,PASS,AttentiveFP,2,family_cold,other,4.490490913391113
1127,91,161,C1COCCOCCN2CCOCCOCCN1CCOCCOCC2,[Mg+2],other,2.0,C1COCCN2CCOCCOCCN(CCO1)CCOCCOCC2,40814B22E6CD93EB1FEFBD67E296A6414B9006E7DE8AD543F38C842653A2E43C,HOST_CAN_0004,PASS,[Mg+2],7F8D39B1BC5783E4D085768535A47B9BA749178FAD98C2BA37380CBAD5B2A9A1,GUEST_CAN_1073,PASS,AttentiveFP,2,family_cold,other,2.9613890647888184
1132,151,161,C(C(=O)O)N(CC(=O)O)C1C(=O)NC(=O)NC1=O,[Mg+2],other,8.190299987792969,O=C(O)CN(CC(=O)O)C1C(=O)NC(=O)NC1=O,A79CF0157A796F0CD50BB6A621709E83B2F5701A5982B3FC05B4D244283FD579,HOST_CAN_0122,PASS,[Mg+2],7F8D39B1BC5783E4D085768535A47B9BA749178FAD98C2BA37380CBAD5B2A9A1,GUEST_CAN_1073,PASS,AttentiveFP,2,family_cold,other,3.731241226196289
1134,48,713,[Na]OS(=O)(=O)CCCOc1c2CN3C(=O)N4[C@]5([C@@]3(N(Cc2c(c2c1cccc2)OCCCS(=O)(=O)O[Na])C(=O)N5CN1[C@@]2(N(C4)C(=O)N3[C@]2(C)N(C1=O)Cc1c(C3)c(OCCCS(=O)(=O)O[Na])c2c(c1OCCCS(=O)(=O)O[Na])cccc2)C)C)C,C/[N+](C)=C1C=C/C(C=C/1)=C(C2=CC=C(N(C)C)C=C2)\C3=CC=C(N(C)C)C=C3.[Cl-],other,4.52370023727417,C[C@]12N3Cc4c(c(OCCCS(=O)(=O)[O][Na])c5ccccc5c4OCCCS(=O)(=O)[O][Na])CN1C(=O)N1CN4C(=O)N5Cc6c(c(OCCCS(=O)(=O)[O][Na])c7ccccc7c6OCCCS(=O)(=O)[O][Na])CN6C(=O)N(CN(C3=O)[C@]12C)[C@]4(C)[C@@]56C,D18B807A904C56B05E199911FB10FFB774349CC49BBD32D2EFAFF4C892BA649F,HOST_CAN_0090,PASS,CN(C)c1ccc(C(=C2C=CC(=[N+](C)C)C=C2)c2ccc(N(C)C)cc2)cc1.[Cl-],196AA30E65C9F36CDFC2FFD641DFAC0E54FBEB822628F9476B975575A078529A,GUEST_CAN_0404,PASS,AttentiveFP,2,family_cold,other,5.220179557800293
1135,48,714,[Na]OS(=O)(=O)CCCOc1c2CN3C(=O)N4[C@]5([C@@]3(N(Cc2c(c2c1cccc2)OCCCS(=O)(=O)O[Na])C(=O)N5CN1[C@@]2(N(C4)C(=O)N3[C@]2(C)N(C1=O)Cc1c(C3)c(OCCCS(=O)(=O)O[Na])c2c(c1OCCCS(=O)(=O)O[Na])cccc2)C)C)C,CC1=CC=C(C=C1)S(=O)(=O)[O-].CN1C2=CC=CC=C2SC1=CC3=CC=[N+](C4=CC=CC=C34)C,other,4.915900230407715,C[C@]12N3Cc4c(c(OCCCS(=O)(=O)[O][Na])c5ccccc5c4OCCCS(=O)(=O)[O][Na])CN1C(=O)N1CN4C(=O)N5Cc6c(c(OCCCS(=O)(=O)[O][Na])c7ccccc7c6OCCCS(=O)(=O)[O][Na])CN6C(=O)N(CN(C3=O)[C@]12C)[C@]4(C)[C@@]56C,D18B807A904C56B05E199911FB10FFB774349CC49BBD32D2EFAFF4C892BA649F,HOST_CAN_0090,PASS,CN1C(=Cc2cc[n+](C)c3ccccc23)Sc2ccccc21.Cc1ccc(S(=O)(=O)[O-])cc1,37AFE90B2A9CFC9A7716FFC5BF6C8F5DC7CB0DAD8979653122109A0BD39F8D13,GUEST_CAN_0415,PASS,AttentiveFP,2,family_cold,other,4.665228366851807
1136,28,131,O=C1N2[C@@]3([H])[C@@]4([H])N1CC5=CC=CC=C5CN4C(N3CN(C(N6CN(C(N7CN(C(N8CC(C=CC=C9)=C9C%10)=O)[C@]([C@]8([H])N%10C%11=O)([H])N%11C%12)=O)[C@]([C@]7([H])N%12C%13=O)([H])N%13C%14)=O)[C@]([C@]6([H])N%14C%15=O)([H])N%15C2)=O,[NH3+]CCCCC[NH3+],other,4.785299777984619,O=C1N2Cc3ccccc3CN3C(=O)N4CN5C(=O)N6CN7C(=O)N8CN9C(=O)N%10Cc%11ccccc%11CN%11C(=O)N(CN%12C(=O)N(CN%13C(=O)N(CN1[C@H]4[C@H]32)[C@@H]5[C@H]%136)[C@@H]7[C@H]%128)[C@@H]9[C@H]%11%10,C06DBA8CB1A01AEB8337B71D87CD1B30E9CBAC6D34129CB5457249ED32FE0331,HOST_CAN_0151,PASS,[NH3+]CCCCC[NH3+],66335AEC2CB613CEAD8BC8785304D6F64176DBA93B3B28361722B02D88E5AE58,GUEST_CAN_1086,PASS,AttentiveFP,2,family_cold,other,5.205862522125244
1138,31,37,[Li+].[Li+].COP(OC)(=O)CC1=CC(=CC(=C1)NC(CCCNCC1=C(C=CC=C1)B(O)O)=O)CP([O-])([O-])=O,C1=CC(=C(C=C1C(CN)O)O)O,other,2.5250000953674316,COP(=O)(Cc1cc(CP(=O)([O-])[O-])cc(NC(=O)CCCNCc2ccccc2B(O)O)c1)OC.[Li+].[Li+],7C21E70373346443530CC627F376BB4B733535AF04E79A7E4ACEFF4D5857B371,HOST_CAN_0066,PASS,NCC(O)c1ccc(O)c(O)c1,7F5D32A02DE5511E772E8422081F82EE16925B55633A6CB4BB4E730CF1565495,GUEST_CAN_0775,PASS,AttentiveFP,2,family_cold,other,2.332164764404297
1140,157,516,N1C(=CC=C1)C(=O)NC(=[NH2+])N,CC(C(=O)[O-])NC(=O)C,other,2.1138999462127686,NC(=[NH2+])NC(=O)c1ccc[nH]1,5C0961F35D62C1556FEC81C18CF4A86721228002AA7771617FE16644053C96DC,HOST_CAN_0106,PASS,CC(=O)NC(C)C(=O)[O-],223D3A7CF02799E4E69DE4CF10C536E7E3A130D2DECA6FB2E856007B979C6DE6,GUEST_CAN_0069,PASS,AttentiveFP,2,family_cold,other,3.389059543609619
1144,112,456,CC(C)(C)C1=CC(=C(C=C1)NC(=O)NC2=CC=C(C=C2)OC)C#CC3=CC(=CC(=C3)Cl)C#CC4=C(C=CC(=C4)C(C)(C)C)NC(=O)NC5=CC=C(C=C5)OC,[N+](=O)([O-])[O-].C(CCC)[N+](CCCC)(CCCC)CCCC,other,3.7418999671936035,COc1ccc(NC(=O)Nc2ccc(C(C)(C)C)cc2C#Cc2cc(Cl)cc(C#Cc3cc(C(C)(C)C)ccc3NC(=O)Nc3ccc(OC)cc3)c2)cc1,6714985C95FB4721F34200A13D77E1BF78C94A1DBA43CA1FDFE94E15E6C48A18,HOST_CAN_0075,PASS,CCCC[N+](CCCC)(CCCC)CCCC.O=[N+]([O-])[O-],6D4B26D3D683A1392C95388B8B9856D8C2F81515BE0ED5278F99FF88C33B25A7,GUEST_CAN_0315,PASS,AttentiveFP,2,family_cold,other,4.645332336425781
1147,158,175,C[C@H](C(NC1=CC=CC(C2=C(I)N([C@H](C)C(NC3=CC=CC(C4=C(I)N([C@H](C)C5=O)N=N4)=N3)=O)N=N2)=N1)=O)N6N=NC(C7=CC=CC(N5)=N7)=C6I,CCCC[N+](CCCC)(CCCC)CCCC.[I-],other,2.1500000953674316,C[C@@H]1C(=O)Nc2cccc(n2)-c2nnn(c2I)[C@H](C)C(=O)Nc2cccc(n2)-c2nnn(c2I)[C@H](C)C(=O)Nc2cccc(n2)-c2nnn1c2I,BF5A668BEAD04113CCC725A48DCD8DFE5BCBFFC115F87579E1B5C070BCD96197,HOST_CAN_0083,PASS,CCCC[N+](CCCC)(CCCC)CCCC.[I-],AEB60E90607A4F8C1F949B3EACD125A2B91E0A4DEAD7B24D9097176DB9E506E4,GUEST_CAN_0318,PASS,AttentiveFP,2,family_cold,other,4.958712577819824
1151,69,473,NCCN1C=C(N=N1)COC(C=C2)=C(CNCC3=C(OCC(N=N4)=CN4CCN)C=CC5=C3C=C6)C7=C2C8=C(C=C7)OC9CC8C%10=C(O9)C=CC%11=C%10C=CC(OCC(N=N%12)=CN%12CCN)=C%11CNCC%13=C(OCC(N=N%14)=CN%14CCN)C=CC%15=C%13C=CC(O%16)=C%15C%17C5=C6OC%16C%17,O=C(Cc1ccccc1)N[C@H]1C(=O)N2[C@H]1SC([C@H]2C(=O)[O-])(C)C.[Na+],other,3.851300001144409,NCCn1cc(COc2ccc3c4c5ccc3c2CNCc2c(OCc3cn(CCN)nn3)ccc3c6c(ccc23)OC2CC6c3c(ccc6c(c(OCc7cn(CCN)nn7)ccc36)CNCc3c(OCc6cn(CCN)nn6)ccc6c7c(ccc36)OC(CC47)O5)O2)nn1,E69AC36986BDADC1E5A61FE9021251B6D5437DB096F231021CE94D055FF4BCBF,HOST_CAN_0113,PASS,CC1(C)S[C@H]2[C@@H](NC(=O)Cc3ccccc3)C(=O)N2[C@@H]1C(=O)[O-].[Na+],95280732D171EA0125107DBD13A3770B46FD40C4C47303A961FE1BBA455EA980,GUEST_CAN_0211,PASS,AttentiveFP,2,family_cold,other,4.621897220611572
1152,48,719,[Na]OS(=O)(=O)CCCOc1c2CN3C(=O)N4[C@]5([C@@]3(N(Cc2c(c2c1cccc2)OCCCS(=O)(=O)O[Na])C(=O)N5CN1[C@@]2(N(C4)C(=O)N3[C@]2(C)N(C1=O)Cc1c(C3)c(OCCCS(=O)(=O)O[Na])c2c(c1OCCCS(=O)(=O)O[Na])cccc2)C)C)C,[NH3+]Cc1cccc(c1)C[NH3+].[Cl-].[Cl-],other,2.439300060272217,C[C@]12N3Cc4c(c(OCCCS(=O)(=O)[O][Na])c5ccccc5c4OCCCS(=O)(=O)[O][Na])CN1C(=O)N1CN4C(=O)N5Cc6c(c(OCCCS(=O)(=O)[O][Na])c7ccccc7c6OCCCS(=O)(=O)[O][Na])CN6C(=O)N(CN(C3=O)[C@]12C)[C@]4(C)[C@@]56C,D18B807A904C56B05E199911FB10FFB774349CC49BBD32D2EFAFF4C892BA649F,HOST_CAN_0090,PASS,[Cl-].[Cl-].[NH3+]Cc1cccc(C[NH3+])c1,3AA689D61D7DCE957AD8C4C1AF76203B5ADCC3284A07EC28B4250D2BF276B5B6,GUEST_CAN_1032,PASS,AttentiveFP,2,family_cold,other,4.890038013458252
1153,69,720,NCCN1C=C(N=N1)COC(C=C2)=C(CNCC3=C(OCC(N=N4)=CN4CCN)C=CC5=C3C=C6)C7=C2C8=C(C=C7)OC9CC8C%10=C(O9)C=CC%11=C%10C=CC(OCC(N=N%12)=CN%12CCN)=C%11CNCC%13=C(OCC(N=N%14)=CN%14CCN)C=CC%15=C%13C=CC(O%16)=C%15C%17C5=C6OC%16C%17,C1(CC=CCC1)C(=O)O,other,2.841399908065796,NCCn1cc(COc2ccc3c4c5ccc3c2CNCc2c(OCc3cn(CCN)nn3)ccc3c6c(ccc23)OC2CC6c3c(ccc6c(c(OCc7cn(CCN)nn7)ccc36)CNCc3c(OCc6cn(CCN)nn6)ccc6c7c(ccc36)OC(CC47)O5)O2)nn1,E69AC36986BDADC1E5A61FE9021251B6D5437DB096F231021CE94D055FF4BCBF,HOST_CAN_0113,PASS,O=C(O)C1CC=CCC1,D956A52F2F67561653EEB6288B689FADD8FBF2B188316676381F62D1EA31A5B3,GUEST_CAN_0865,PASS,AttentiveFP,2,family_cold,other,3.28509259223938
1161,48,152,[Na]OS(=O)(=O)CCCOc1c2CN3C(=O)N4[C@]5([C@@]3(N(Cc2c(c2c1cccc2)OCCCS(=O)(=O)O[Na])C(=O)N5CN1[C@@]2(N(C4)C(=O)N3[C@]2(C)N(C1=O)Cc1c(C3)c(OCCCS(=O)(=O)O[Na])c2c(c1OCCCS(=O)(=O)O[Na])cccc2)C)C)C,c1ccc2c(c1)nccc2,other,2.444000005722046,C[C@]12N3Cc4c(c(OCCCS(=O)(=O)[O][Na])c5ccccc5c4OCCCS(=O)(=O)[O][Na])CN1C(=O)N1CN4C(=O)N5Cc6c(c(OCCCS(=O)(=O)[O][Na])c7ccccc7c6OCCCS(=O)(=O)[O][Na])CN6C(=O)N(CN(C3=O)[C@]12C)[C@]4(C)[C@@]56C,D18B807A904C56B05E199911FB10FFB774349CC49BBD32D2EFAFF4C892BA649F,HOST_CAN_0090,PASS,c1ccc2ncccc2c1,A8DAF8C5800683ABD84E08E8A2110091831372530075C04E828C13E3FB8EC92C,GUEST_CAN_1143,PASS,AttentiveFP,2,family_cold,other,2.7835357189178467
1168,26,50,[Li+].[Li+].B(C1=CC=CC=C1CNCC2=CC=C(C=C2)C(=O)NC3=CC(=CC(=C3)CP(=O)([O-])OC)CP(=O)([O-])OC)(O)O,C1=CC=C(C(=C1)O)O,other,1.7094000577926636,COP(=O)([O-])Cc1cc(CP(=O)([O-])OC)cc(NC(=O)c2ccc(CNCc3ccccc3B(O)O)cc2)c1.[Li+].[Li+],F42D7F8FEECED34D2A8CD9838DF697E6536F3F5A5AD106D19B9E9737F28D2790,HOST_CAN_0067,PASS,Oc1ccccc1O,D6044096AF0493CF06B8B5FDAA8C090BB98BA46AF75026C46D7FE4ACEF4715BB,GUEST_CAN_1007,PASS,AttentiveFP,2,family_cold,other,2.265259265899658
1169,69,390,NCCN1C=C(N=N1)COC(C=C2)=C(CNCC3=C(OCC(N=N4)=CN4CCN)C=CC5=C3C=C6)C7=C2C8=C(C=C7)OC9CC8C%10=C(O9)C=CC%11=C%10C=CC(OCC(N=N%12)=CN%12CCN)=C%11CNCC%13=C(OCC(N=N%14)=CN%14CCN)C=CC%15=C%13C=CC(O%16)=C%15C%17C5=C6OC%16C%17,C1=CC=C(C=C1)CCC(=O)O,other,3.6531999111175537,NCCn1cc(COc2ccc3c4c5ccc3c2CNCc2c(OCc3cn(CCN)nn3)ccc3c6c(ccc23)OC2CC6c3c(ccc6c(c(OCc7cn(CCN)nn7)ccc36)CNCc3c(OCc6cn(CCN)nn6)ccc6c7c(ccc36)OC(CC47)O5)O2)nn1,E69AC36986BDADC1E5A61FE9021251B6D5437DB096F231021CE94D055FF4BCBF,HOST_CAN_0113,PASS,O=C(O)CCc1ccccc1,B755FD509AD8611F31B726BB9F18750ACB5CB5F50B2D930FC30428336D1E0043,GUEST_CAN_0876,PASS,AttentiveFP,2,family_cold,other,3.239703893661499
1170,69,720,NCCN1C=C(N=N1)COC(C=C2)=C(CNCC3=C(OCC(N=N4)=CN4CCN)C=CC5=C3C=C6)C7=C2C8=C(C=C7)OC9CC8C%10=C(O9)C=CC%11=C%10C=CC(OCC(N=N%12)=CN%12CCN)=C%11CNCC%13=C(OCC(N=N%14)=CN%14CCN)C=CC%15=C%13C=CC(O%16)=C%15C%17C5=C6OC%16C%17,C1(CC=CCC1)C(=O)O,other,2.09689998626709,NCCn1cc(COc2ccc3c4c5ccc3c2CNCc2c(OCc3cn(CCN)nn3)ccc3c6c(ccc23)OC2CC6c3c(ccc6c(c(OCc7cn(CCN)nn7)ccc36)CNCc3c(OCc6cn(CCN)nn6)ccc6c7c(ccc36)OC(CC47)O5)O2)nn1,E69AC36986BDADC1E5A61FE9021251B6D5437DB096F231021CE94D055FF4BCBF,HOST_CAN_0113,PASS,O=C(O)C1CC=CCC1,D956A52F2F67561653EEB6288B689FADD8FBF2B188316676381F62D1EA31A5B3,GUEST_CAN_0865,PASS,AttentiveFP,2,family_cold,other,3.28509259223938
1177,64,729,CCCCOc1cc2COCc3cc(OCCCC)cc4c3cc(OCCCC)cc4COCc3c(OCCCC)ccc4c3ccc(c4COCc3c4c(c(COCc5c(c1)c2cc(c5)OCCCC)c(OCCCC)cc4)ccc3OCCCC)OCCCC,CC[N+](Cc1ccccc1)(Cc1ccccc1)C,other,2.5378000736236572,CCCCOc1cc2c3cc(OCCCC)cc(c3c1)COCc1cc(OCCCC)cc3c(cc(OCCCC)cc13)COCc1c(OCCCC)ccc3c(c(OCCCC)ccc13)COCc1c(OCCCC)ccc3c(c(OCCCC)ccc13)COC2,05C5083FBF551B3C1AE048E85E6B7F5EB796F7835740F408D7B4DF1173E7C142,HOST_CAN_0032,PASS,CC[N+](C)(Cc1ccccc1)Cc1ccccc1,0C858B06A5F2557F5CE5465D47C7A1FA43FB604A3E6A9D312A34344454495CF7,GUEST_CAN_0371,PASS,AttentiveFP,2,family_cold,other,5.067246913909912
1186,135,296,C(N)(=O)CN(C(=O)C1=CC=C(N1)C(=O)NC(=[NH2+])N)C(C)C,CC(=O)NC(CC1=CNC2=CC=CC=C21)C(=O)O,other,3.058799982070923,CC(C)N(CC(N)=O)C(=O)c1ccc(C(=O)NC(N)=[NH2+])[nH]1,E45E3D029035E3F73C86C1CEB4D1AB7DAEA8B675AB866EF1DA28E3B575A147C0,HOST_CAN_0011,PASS,CC(=O)NC(Cc1c[nH]c2ccccc12)C(=O)O,98F7320D090E241BFC6744B0EF72D1F5ECE8246FC143C1E9CF373B4A144A7EE1,GUEST_CAN_0071,PASS,AttentiveFP,2,family_cold,other,2.9967222213745117
1193,94,738,CC(C(O[Na])=O)OC(C(OC(C)C(O[Na])=O)=C1)=CC2=C1C(C=C(OC(C(O[Na])=O)C)C(OC(C(O[Na])=O)C)=C3)=C3C4=C2C=C(OC(C(O[Na])=O)C)C(OC(C)C(O[Na])=O)=C4,CC(C(C1=CC=CC=C1)O)NC,other,2.262500047683716,CC(Oc1cc2c3cc(OC(C)C(=O)[O][Na])c(OC(C)C(=O)[O][Na])cc3c3cc(OC(C)C(=O)[O][Na])c(OC(C)C(=O)[O][Na])cc3c2cc1OC(C)C(=O)[O][Na])C(=O)[O][Na],BA584CA32AF40B5CC01118169993C3B68F1DD55FC57084F45766D3D97748C6AD,HOST_CAN_0016,PASS,CNC(C)C(O)c1ccccc1,2927311800C4808DBD2275E1480F074492858943FD2F46A07015F3721C6B15E0,GUEST_CAN_0425,PASS,AttentiveFP,2,family_cold,other,2.1547248363494873
1194,70,739,COc1ccc2-c3ccc(c(c3)C#Cc3cc(OC)ccc3-c3ccc(c(c3)C#Cc3cc(OC)ccc3-c3cc(C#Cc4c(-c5c(C#Cc6c(-c7c(C#Cc2c1)cc(OC)cc7)ccc(c6)OC)cc(OC)cc5)ccc(c4)OC)c(OC)cc3)OC)OC,C[C@H]1C[N+](C)(C)CC[N+]1(C)C,other,6.9217000007629395,COc1ccc2c(c1)C#Cc1cc(ccc1OC)-c1ccc(OC)cc1C#Cc1cc(OC)ccc1-c1ccc(OC)cc1C#Cc1cc(OC)ccc1-c1ccc(OC)cc1C#Cc1cc(ccc1OC)-c1ccc(OC)cc1C#Cc1cc-2ccc1OC,B364BE40B8DDA45F28F670D2A9202F02E384B90196F7CF9F650990A32B5B26FC,HOST_CAN_0080,PASS,C[C@H]1C[N+](C)(C)CC[N+]1(C)C,42047FC05AF50463F3EDCBD6D2507270DFEAC2D585F348316FEC328ABBCFF411,GUEST_CAN_0550,PASS,AttentiveFP,2,family_cold,other,4.530762672424316
1195,94,658,CC(C(O[Na])=O)OC(C(OC(C)C(O[Na])=O)=C1)=CC2=C1C(C=C(OC(C(O[Na])=O)C)C(OC(C(O[Na])=O)C)=C3)=C3C4=C2C=C(OC(C(O[Na])=O)C)C(OC(C)C(O[Na])=O)=C4,CC[N+](CC)(CC)CC1=CC=CC=C1,other,2.5464999675750732,CC(Oc1cc2c3cc(OC(C)C(=O)[O][Na])c(OC(C)C(=O)[O][Na])cc3c3cc(OC(C)C(=O)[O][Na])c(OC(C)C(=O)[O][Na])cc3c2cc1OC(C)C(=O)[O][Na])C(=O)[O][Na],BA584CA32AF40B5CC01118169993C3B68F1DD55FC57084F45766D3D97748C6AD,HOST_CAN_0016,PASS,CC[N+](CC)(CC)Cc1ccccc1,D3082D17492ADECD8DFE6B302C61BEF55BEECCF7C5432D2FDC812E354CDD2BE4,GUEST_CAN_0376,PASS,AttentiveFP,2,family_cold,other,4.383092403411865
1197,9,675,[O-]C(=O)COc1ccc2c3c1CNC(=O)c1c(OCC(=O)[O-])ccc4c1ccc1c4C4CC(O1)Oc1c4c4ccc(c(C(=O)NCc5c6c(c7C8c2c(cc3)OC(C8)Oc7cc6)ccc5OCC(=O)[O-])c4cc1)OCC(=O)[O-].[NH4+].[NH4+].[NH4+].[NH4+],CCO,other,1.5949000120162964,O=C([O-])COc1ccc2c3c4ccc2c1CNC(=O)c1c(OCC(=O)[O-])ccc2c5c(ccc12)OC1CC5c2c(ccc5c(c(OCC(=O)[O-])ccc25)C(=O)NCc2c(OCC(=O)[O-])ccc5c6c(ccc25)OC(CC36)O4)O1.[NH4+].[NH4+].[NH4+].[NH4+],7D3830C6A6E10F82EEBCC3ED68B861BB21ED63B1DDB277580F3032527E5A1183,HOST_CAN_0139,PASS,CCO,AB1DE819EDE91DF490E6441934DECFA9041B49F91D6BBADBBA4DF634CCFF57FA,GUEST_CAN_0361,PASS,AttentiveFP,2,family_cold,other,2.517085075378418
1202,152,512,C1COCCOC2=NC3=CC=CC=C3N=C2OCCOCCOCCOC4=CC=CC=C4OCCO1,C1=CC=C(C=C1)C[NH2+]CC2=CC=CC=C2,other,2.623199939727783,c1ccc2c(c1)OCCOCCOCCOc1nc3ccccc3nc1OCCOCCOCCO2,11E567E73A50D02BD46891CF13338BDDF57C27745B8926A9E8B83F56E359EA3E,HOST_CAN_0187,PASS,c1ccc(C[NH2+]Cc2ccccc2)cc1,32DCEEB352F6FDEAF45A2BF57CC92E21E7AE7DE1B3F976CDFAE56CA7157A2785,GUEST_CAN_1133,PASS,AttentiveFP,2,family_cold,other,3.3068795204162598
1204,94,50,CC(C(O[Na])=O)OC(C(OC(C)C(O[Na])=O)=C1)=CC2=C1C(C=C(OC(C(O[Na])=O)C)C(OC(C(O[Na])=O)C)=C3)=C3C4=C2C=C(OC(C(O[Na])=O)C)C(OC(C)C(O[Na])=O)=C4,C1=CC=C(C(=C1)O)O,other,0.0,CC(Oc1cc2c3cc(OC(C)C(=O)[O][Na])c(OC(C)C(=O)[O][Na])cc3c3cc(OC(C)C(=O)[O][Na])c(OC(C)C(=O)[O][Na])cc3c2cc1OC(C)C(=O)[O][Na])C(=O)[O][Na],BA584CA32AF40B5CC01118169993C3B68F1DD55FC57084F45766D3D97748C6AD,HOST_CAN_0016,PASS,Oc1ccccc1O,D6044096AF0493CF06B8B5FDAA8C090BB98BA46AF75026C46D7FE4ACEF4715BB,GUEST_CAN_1007,PASS,AttentiveFP,2,family_cold,other,2.296800136566162
1205,48,744,[Na]OS(=O)(=O)CCCOc1c2CN3C(=O)N4[C@]5([C@@]3(N(Cc2c(c2c1cccc2)OCCCS(=O)(=O)O[Na])C(=O)N5CN1[C@@]2(N(C4)C(=O)N3[C@]2(C)N(C1=O)Cc1c(C3)c(OCCCS(=O)(=O)O[Na])c2c(c1OCCCS(=O)(=O)O[Na])cccc2)C)C)C,COCCOCCOCCOCCN1C(C=2C=CC=3C(N(C(C=4C3C2C(C1=O)=CC4)=O)CCOCCOCCOCCOC)=O)=O,other,3.2095000743865967,C[C@]12N3Cc4c(c(OCCCS(=O)(=O)[O][Na])c5ccccc5c4OCCCS(=O)(=O)[O][Na])CN1C(=O)N1CN4C(=O)N5Cc6c(c(OCCCS(=O)(=O)[O][Na])c7ccccc7c6OCCCS(=O)(=O)[O][Na])CN6C(=O)N(CN(C3=O)[C@]12C)[C@]4(C)[C@@]56C,D18B807A904C56B05E199911FB10FFB774349CC49BBD32D2EFAFF4C892BA649F,HOST_CAN_0090,PASS,COCCOCCOCCOCCN1C(=O)c2ccc3c4c(ccc(c24)C1=O)C(=O)N(CCOCCOCCOCCOC)C3=O,1177054257FD4EFA68363CC0DBBFECB96CCFEE6EEBCB2DE5188F97344078694F,GUEST_CAN_0458,PASS,AttentiveFP,2,family_cold,other,4.344966888427734
1207,9,746,[O-]C(=O)COc1ccc2c3c1CNC(=O)c1c(OCC(=O)[O-])ccc4c1ccc1c4C4CC(O1)Oc1c4c4ccc(c(C(=O)NCc5c6c(c7C8c2c(cc3)OC(C8)Oc7cc6)ccc5OCC(=O)[O-])c4cc1)OCC(=O)[O-].[NH4+].[NH4+].[NH4+].[NH4+],COC(=O)OC,other,3.3547000885009766,O=C([O-])COc1ccc2c3c4ccc2c1CNC(=O)c1c(OCC(=O)[O-])ccc2c5c(ccc12)OC1CC5c2c(ccc5c(c(OCC(=O)[O-])ccc25)C(=O)NCc2c(OCC(=O)[O-])ccc5c6c(ccc25)OC(CC36)O4)O1.[NH4+].[NH4+].[NH4+].[NH4+],7D3830C6A6E10F82EEBCC3ED68B861BB21ED63B1DDB277580F3032527E5A1183,HOST_CAN_0139,PASS,COC(=O)OC,6CCAD973A4EAF78C167862A182B402AC2EC9ED740AA8040453E50A8F70C5D2C6,GUEST_CAN_0446,PASS,AttentiveFP,2,family_cold,other,2.3828537464141846
1210,156,748,C1N2[C@H]3[C@@H](N(C2=O)CN4[C@H]5[C@@H](N(C4=O)CN6[C@H]7[C@@H](N(C6=O)CN8[C@H]9[C@@H](N(C8=O)CN2[C@H]4[C@@H](N(C2=O)CN2[C@H]6[C@@H](N1C2=O)N(C(=O)N6CC1=CC=CC=C1)CC1=CC=CC=C1)N(C(=O)N4CC1=CC=CC=C1)CC1=CC=CC=C1)N(C(=O)N9CC1=CC=CC=C1)CC1=CC=CC=C1)N(C(=O)N7CC1=CC=CC=C1)CC1=CC=CC=C1)N(C(=O)N5CC1=CC=CC=C1)CC1=CC=CC=C1)N(C(=O)N3CC1=CC=CC=C1)CC1=CC=CC=C1,[Na+].[Na+].[S-2],other,4.949399948120117,O=C1N(Cc2ccccc2)[C@H]2[C@@H](N1Cc1ccccc1)N1CN3C(=O)N(CN4C(=O)N(CN5C(=O)N(CN6C(=O)N(CN7C(=O)N(CN2C1=O)[C@H]1[C@@H]7N(Cc2ccccc2)C(=O)N1Cc1ccccc1)[C@H]1[C@@H]6N(Cc2ccccc2)C(=O)N1Cc1ccccc1)[C@H]1[C@@H]5N(Cc2ccccc2)C(=O)N1Cc1ccccc1)[C@H]1[C@@H]4N(Cc2ccccc2)C(=O)N1Cc1ccccc1)[C@H]1[C@@H]3N(Cc2ccccc2)C(=O)N1Cc1ccccc1,491792C091BC32640F3328D1424439A6D9709A148A5262B4DDD07A91FD704657,HOST_CAN_0140,PASS,[Na+].[Na+].[S-2],27D4167B9C55CE3638E5CA89439C1FDA94F68C9F97B9BD6A9B1804CB06A21166,GUEST_CAN_1099,PASS,AttentiveFP,2,family_cold,other,3.310593605041504
1213,87,751,CCCCOc1c(OCCCC)c2COCc3c(OCCCC)c(OCCCC)c(c4c3cccc4)COCc3c(c(c(COCc4c(c(c(COCc1c1c2cccc1)c1ccccc41)OCCCC)OCCCC)c1c3cccc1)OCCCC)OCCCC,FC(c1ccc(cc1)C[N+](Cc1ccc(cc1)C(F)(F)F)(C)C)(F)F,other,5.278800010681152,CCCCOc1c(OCCCC)c2c3ccccc3c1COCc1c(OCCCC)c(OCCCC)c(c3ccccc13)COCc1c(OCCCC)c(OCCCC)c(c3ccccc13)COCc1c(OCCCC)c(OCCCC)c(c3ccccc13)COC2,A699E12937358A216FBA45A53678131D8F7DBBB042BA5E7F52621C78F0465945,HOST_CAN_0031,PASS,C[N+](C)(Cc1ccc(C(F)(F)F)cc1)Cc1ccc(C(F)(F)F)cc1,2AE386B58E36DE802C263016A5B7C74BAC5ACEF6C37F934EA215DAAB280D78ED,GUEST_CAN_0593,PASS,AttentiveFP,2,family_cold,other,5.116105079650879
1216,104,115,C1COCCOCCN2CCOCCOCCN1CCOCCOCCOCC2,[K+],other,2.200000047683716,C1COCCN2CCOCCOCCN(CCOCCO1)CCOCCOCC2,FC2FBDD1CDCC0BE65573222C4E8FD2959C4D898D99922B825F4B9F435E9AD133,HOST_CAN_0005,PASS,[K+],E83A78F45A613BB8008932667E03FF097984CF2701657EB6EA0AB517A34DEC0B,GUEST_CAN_1068,PASS,AttentiveFP,2,family_cold,other,1.9605095386505127
1217,35,753,[O-]P(=O)(Oc1c2c(c(c3c1C1CC3c3c1cc1c(c3)C3CC1c1c3cccc1)OP(=O)(C)[O-])C1CC2c2c1cc1c(c2)C2CC1c1c2cccc1)C.[Li+].[Li+],COC(=O)[C@H](Cc1nc[nH]c1)NC(=O)OC(C)(C)C,other,2.845099925994873,CP(=O)([O-])Oc1c2c(c(OP(C)(=O)[O-])c3c1C1CC3c3cc4c(cc31)C1CC4c3ccccc31)C1CC2c2cc3c(cc21)C1CC3c2ccccc21.[Li+].[Li+],0523E219D88C79C8FF3952D24ADDE3A68E28198CE5EE5C77D8FECF429412627C,HOST_CAN_0082,PASS,COC(=O)[C@H](Cc1c[nH]cn1)NC(=O)OC(C)(C)C,0CCC1C48C50221623B13495DC8E41F448FA7A13F412CDBECE5D7718D1E0570AA,GUEST_CAN_0449,PASS,AttentiveFP,2,family_cold,other,2.2473292350769043
1221,12,161,O1CCOCCN2CCOCCOCCOCCN(CCOCC1)CCOCCOCCOCC2,[Mg+2],other,2.0,C1COCCN2CCOCCOCCOCCN(CCOCCO1)CCOCCOCCOCC2,85C7C02142B236ECBC1FC9E9A1DD4E3252A7651F7F5B037994877CF5373B1DC8,HOST_CAN_0006,PASS,[Mg+2],7F8D39B1BC5783E4D085768535A47B9BA749178FAD98C2BA37380CBAD5B2A9A1,GUEST_CAN_1073,PASS,AttentiveFP,2,family_cold,other,2.7697901725769043
1222,4,376,[Na]OS(=O)(=O)CCCCOC=1C=C(C=CC1)[C@@H]1N=C(OC1)CC1=C(C(=C(C(=C1C)CC=1OC[C@@H](N1)C1=CC(=CC=C1)OCCCCS(=O)(=O)O[Na])C)CC=1OC[C@@H](N1)C1=CC(=CC=C1)OCCCCS(=O)(=O)O[Na])C,C(CO)N.Cl,other,0.0,Cc1c(CC2=N[C@@H](c3cccc(OCCCCS(=O)(=O)[O][Na])c3)CO2)c(C)c(CC2=N[C@@H](c3cccc(OCCCCS(=O)(=O)[O][Na])c3)CO2)c(C)c1CC1=N[C@@H](c2cccc(OCCCCS(=O)(=O)[O][Na])c2)CO1,9E3429786C624B72E8FD089068975D2A1C33E04632FEA26EF01294722587A124,HOST_CAN_0098,PASS,Cl.NCCO,B8BFC7F3AB287F02D64B1AF5D74B52A154A02E551CB075B8B8621A2F056ECCD2,GUEST_CAN_0689,PASS,AttentiveFP,2,family_cold,other,2.7634148597717285
1228,70,757,COc1ccc2-c3ccc(c(c3)C#Cc3cc(OC)ccc3-c3ccc(c(c3)C#Cc3cc(OC)ccc3-c3cc(C#Cc4c(-c5c(C#Cc6c(-c7c(C#Cc2c1)cc(OC)cc7)ccc(c6)OC)cc(OC)cc5)ccc(c4)OC)c(OC)cc3)OC)OC,C(=C\C1=CC=[N+](C=C1)CCCC)/C1=CC=[N+](C=C1)CCCC,other,4.623199939727783,COc1ccc2c(c1)C#Cc1cc(ccc1OC)-c1ccc(OC)cc1C#Cc1cc(OC)ccc1-c1ccc(OC)cc1C#Cc1cc(OC)ccc1-c1ccc(OC)cc1C#Cc1cc(ccc1OC)-c1ccc(OC)cc1C#Cc1cc-2ccc1OC,B364BE40B8DDA45F28F670D2A9202F02E384B90196F7CF9F650990A32B5B26FC,HOST_CAN_0080,PASS,CCCC[n+]1ccc(/C=C/c2cc[n+](CCCC)cc2)cc1,B530250528D0A2D89F943F1AEAD651EF9532269B3D675E742D6DDBE65BE025DC,GUEST_CAN_0324,PASS,AttentiveFP,2,family_cold,other,4.971446990966797
1232,125,650,[Na]OS(=O)(=O)CCCOc1ccc(c2c1CN1C(=O)N3[C@]4([C@@]1(N(C2)C(=O)N4CN1[C@@]2(N(C3)C(=O)N3[C@@H]2N(C1=O)CN1[C@@H]2N(C3)C(=O)N3[C@]2(C)N(C1=O)CN1[C@@]2(N(C3)C(=O)N3[C@]2(C)N(C1=O)Cc1c(C3)c(OCCCS(=O)(=O)O[Na])ccc1OCCCS(=O)(=O)O[Na])C)C)C)C)OCCCS(=O)(=O)O[Na],CC12CCC3C(C1CCC2O)CCC4=C3C=CC(=C4)O,other,4.792399883270264,C[C@]12[C@H]3N4CN5C(=O)N6CN7C(=O)N8Cc9c(OCCCS(=O)(=O)[O][Na])ccc(OCCCS(=O)(=O)[O][Na])c9CN9C(=O)N(CN%10C(=O)N(CN3C(=O)N1CN1C(=O)N3Cc%11c(OCCCS(=O)(=O)[O][Na])ccc(OCCCS(=O)(=O)[O][Na])c%11CN%11C(=O)N(CN2C4=O)[C@]1(C)[C@@]3%11C)[C@@H]5[C@]%106C)[C@]7(C)[C@@]89C,6655E742DDAE6A5857CFC3FAA80FCCF84A4CB9CBDED2995FB1F915E7618100DC,HOST_CAN_0093,PASS,CC12CCC3c4ccc(O)cc4CCC3C1CCC2O,2577B97C27E10D71995A6E6E8BF6D1D13506298C5D929838D33C4A134A561C78,GUEST_CAN_0234,PASS,AttentiveFP,2,family_cold,other,6.05968713760376
1235,31,22,[Li+].[Li+].COP(OC)(=O)CC1=CC(=CC(=C1)NC(CCCNCC1=C(C=CC=C1)B(O)O)=O)CP([O-])([O-])=O,CNCC(C1=CC(=C(C=C1)O)O)O,other,2.3136000633239746,COP(=O)(Cc1cc(CP(=O)([O-])[O-])cc(NC(=O)CCCNCc2ccccc2B(O)O)c1)OC.[Li+].[Li+],7C21E70373346443530CC627F376BB4B733535AF04E79A7E4ACEFF4D5857B371,HOST_CAN_0066,PASS,CNCC(O)c1ccc(O)c(O)c1,6ECE6CFFF6E84A2846BFDF3E647E6C18CCEA435B77A528E23C38803D697997FC,GUEST_CAN_0428,PASS,AttentiveFP,2,family_cold,other,2.3465347290039062
1236,69,447,NCCN1C=C(N=N1)COC(C=C2)=C(CNCC3=C(OCC(N=N4)=CN4CCN)C=CC5=C3C=C6)C7=C2C8=C(C=C7)OC9CC8C%10=C(O9)C=CC%11=C%10C=CC(OCC(N=N%12)=CN%12CCN)=C%11CNCC%13=C(OCC(N=N%14)=CN%14CCN)C=CC%15=C%13C=CC(O%16)=C%15C%17C5=C6OC%16C%17,C1=CC=C(C=C1)C(C(=O)O)C(=O)O,other,5.357100009918213,NCCn1cc(COc2ccc3c4c5ccc3c2CNCc2c(OCc3cn(CCN)nn3)ccc3c6c(ccc23)OC2CC6c3c(ccc6c(c(OCc7cn(CCN)nn7)ccc36)CNCc3c(OCc6cn(CCN)nn6)ccc6c7c(ccc36)OC(CC47)O5)O2)nn1,E69AC36986BDADC1E5A61FE9021251B6D5437DB096F231021CE94D055FF4BCBF,HOST_CAN_0113,PASS,O=C(O)C(C(=O)O)c1ccccc1,C222F47227AA49085DE9BEABCF86D2CC30B938D60B89D8109753067B98D02E05,GUEST_CAN_0856,PASS,AttentiveFP,2,family_cold,other,3.1380884647369385
1239,9,763,[O-]C(=O)COc1ccc2c3c1CNC(=O)c1c(OCC(=O)[O-])ccc4c1ccc1c4C4CC(O1)Oc1c4c4ccc(c(C(=O)NCc5c6c(c7C8c2c(cc3)OC(C8)Oc7cc6)ccc5OCC(=O)[O-])c4cc1)OCC(=O)[O-].[NH4+].[NH4+].[NH4+].[NH4+],C[C@@H]1O[C@H]1C,other,2.4828999042510986,O=C([O-])COc1ccc2c3c4ccc2c1CNC(=O)c1c(OCC(=O)[O-])ccc2c5c(ccc12)OC1CC5c2c(ccc5c(c(OCC(=O)[O-])ccc25)C(=O)NCc2c(OCC(=O)[O-])ccc5c6c(ccc25)OC(CC36)O4)O1.[NH4+].[NH4+].[NH4+].[NH4+],7D3830C6A6E10F82EEBCC3ED68B861BB21ED63B1DDB277580F3032527E5A1183,HOST_CAN_0139,PASS,C[C@@H]1O[C@H]1C,F21FD3C31091A6E6133FB3C41651DAD15885158587F0A86FC0C818271D1DDA46,GUEST_CAN_0542,PASS,AttentiveFP,2,family_cold,other,3.1448943614959717
1242,48,765,[Na]OS(=O)(=O)CCCOc1c2CN3C(=O)N4[C@]5([C@@]3(N(Cc2c(c2c1cccc2)OCCCS(=O)(=O)O[Na])C(=O)N5CN1[C@@]2(N(C4)C(=O)N3[C@]2(C)N(C1=O)Cc1c(C3)c(OCCCS(=O)(=O)O[Na])c2c(c1OCCCS(=O)(=O)O[Na])cccc2)C)C)C,N1=CC=NC2=C1C=CC=C2,other,2.401400089263916,C[C@]12N3Cc4c(c(OCCCS(=O)(=O)[O][Na])c5ccccc5c4OCCCS(=O)(=O)[O][Na])CN1C(=O)N1CN4C(=O)N5Cc6c(c(OCCCS(=O)(=O)[O][Na])c7ccccc7c6OCCCS(=O)(=O)[O][Na])CN6C(=O)N(CN(C3=O)[C@]12C)[C@]4(C)[C@@]56C,D18B807A904C56B05E199911FB10FFB774349CC49BBD32D2EFAFF4C892BA649F,HOST_CAN_0090,PASS,c1ccc2nccnc2c1,B7224916C5D8F3C21D7784CF472EF4EBA9BD95FF537927CA3C209940744BCEC8,GUEST_CAN_1144,PASS,AttentiveFP,2,family_cold,other,2.7714896202087402
1243,57,766,O=S(OC1=C2C(C3C4=CC5=C(C=C4C2C3)C6C7=C(C5C6)C=CC=C7)=C(OS(=O)([O-])=O)C8=C1C9C%10=CC(C%11C(C=CC=C%12)=C%12C%13C%11)=C%13C=C%10C8C9)([O-])=O.[Na+].[Na+],C(CC(C(=O)O)N)CN=C(N)N.Cl,other,3.1552999019622803,O=S(=O)([O-])Oc1c2c(c(OS(=O)(=O)[O-])c3c1C1CC3c3cc4c(cc31)C1CC4c3ccccc31)C1CC2c2cc3c(cc21)C1CC3c2ccccc21.[Na+].[Na+],5412FB52C8CBD58449E920A6B0055A7974AA5ED214A245A72F491F8E36BD048F,HOST_CAN_0161,PASS,Cl.NC(N)=NCCCC(N)C(=O)O,DCEE3A60E82EAC732CD6486BBD889ECB153461C3185992B7BB902D00316BB9B5,GUEST_CAN_0685,PASS,AttentiveFP,2,family_cold,other,2.9703431129455566
1244,155,472,CC(C)(C)C1=CC(=C(C=C1)NC(=O)NC2=CC=C(C=C2)OC)C#CC3=CC(=CC(=C3)C(C)(C)C)C#CC4=C(C=CC(=C4)C(C)(C)C)NC(=O)NC5=CC=C(C=C5)OC,CCCC[N+](CCCC)(CCCC)CCCC.[Br-],other,3.136699914932251,COc1ccc(NC(=O)Nc2ccc(C(C)(C)C)cc2C#Cc2cc(C#Cc3cc(C(C)(C)C)ccc3NC(=O)Nc3ccc(OC)cc3)cc(C(C)(C)C)c2)cc1,C1F98F22E617AF796A86E6F9C15E60915AF24AEF9854A119C87E891B126F642A,HOST_CAN_0071,PASS,CCCC[N+](CCCC)(CCCC)CCCC.[Br-],6DD8DD4627FCB94C4F4125FAFF1BB3C1B5671EA4BD5502CBFB668600B9692E59,GUEST_CAN_0316,PASS,AttentiveFP,2,family_cold,other,4.908636093139648
1254,86,172,[Na]OS(=O)(=O)CCCCOC=1C=C(C=CC1)[C@@H]1N=C(OC1)CC1=C(C(=C(C(=C1CC)CC=1OC[C@@H](N1)C1=CC(=CC=C1)OCCCCS(=O)(=O)O[Na])CC)CC=1OC[C@@H](N1)C1=CC(=CC=C1)OCCCCS(=O)(=O)O[Na])CC,C(CC(=O)O)CN,other,0.0,CCc1c(CC2=N[C@@H](c3cccc(OCCCCS(=O)(=O)[O][Na])c3)CO2)c(CC)c(CC2=N[C@@H](c3cccc(OCCCCS(=O)(=O)[O][Na])c3)CO2)c(CC)c1CC1=N[C@@H](c2cccc(OCCCCS(=O)(=O)[O][Na])c2)CO1,A0794E3195B22DC21424CE7BDC74C772C0ED7BF37D1C4B8CF085F54EF0D1331E,HOST_CAN_0047,PASS,NCCCC(=O)O,27B4AB76DF9E47A44493DE80500C8BD7328EB6FF0484FAA1847C0A6236987891,GUEST_CAN_0779,PASS,AttentiveFP,2,family_cold,other,2.297302722930908
1260,115,773,C(CCC)C1=C(C(OC2=CC(=CC=C12)N(CC)CC)=O)C=O,C(O)CN,other,0.8260999917984009,CCCCc1c(C=O)c(=O)oc2cc(N(CC)CC)ccc12,50E4CC3B42DB2A1D81BA2FCB02D3EA8F0BF1EB0B92ACDAB1C80BFBFCC39A06BB,HOST_CAN_0035,PASS,NCCO,4976275C1BA8E4AC07B8B07E746A7BCEFAAB5F668FF027903A2869511480E972,GUEST_CAN_0805,PASS,AttentiveFP,2,family_cold,other,3.124542236328125
1261,41,231,CCC1c2cc(C(CC)c3cc(C(c4cc(C(c5cc1c(O)c(c5O)C#N)CC)c(O)c(c4O)C#N)CC)c(c(c3O)C#N)O)c(c(c2O)C#N)O,C[N+](C)(C)CCCCC(C(=O)O)N,other,4.672100067138672,CCC1c2cc(c(O)c(C#N)c2O)C(CC)c2cc(c(O)c(C#N)c2O)C(CC)c2cc(c(O)c(C#N)c2O)C(CC)c2cc1c(O)c(C#N)c2O,C7E59A18D7BDB1317D9A13B4AEB284A383135621556342941A7B2EDCC62018B3,HOST_CAN_0021,PASS,C[N+](C)(C)CCCCC(N)C(=O)O,A5D9046F4C510F24A7D2618FA2E491B2FD6A06575CDE2270294DEDC76755B73A,GUEST_CAN_0563,PASS,AttentiveFP,2,family_cold,other,3.293919324874878
1262,113,472,CC(C)(C)C1=CC(=C(C=C1)NC(=O)NC2=CC=C(C=C2)OC)C#CC3=CC(=CC(=C3)F)C#CC4=C(C=CC(=C4)C(C)(C)C)NC(=O)NC5=CC=C(C=C5)OC,CCCC[N+](CCCC)(CCCC)CCCC.[Br-],other,3.3691999912261963,COc1ccc(NC(=O)Nc2ccc(C(C)(C)C)cc2C#Cc2cc(F)cc(C#Cc3cc(C(C)(C)C)ccc3NC(=O)Nc3ccc(OC)cc3)c2)cc1,CC14C98694D7DB72052C5901A8B30B3BF101C436F16C1C7E4CC798C85C914ABF,HOST_CAN_0076,PASS,CCCC[N+](CCCC)(CCCC)CCCC.[Br-],6DD8DD4627FCB94C4F4125FAFF1BB3C1B5671EA4BD5502CBFB668600B9692E59,GUEST_CAN_0316,PASS,AttentiveFP,2,family_cold,other,4.8997087478637695
1264,6,459,OC(=O)CCC1c2cc3c4cc2O[C@@H]2Oc5c1cc1c(c5)O[C@@H]5Oc6c([C@@H]1CCC(=O)O)cc1[C@H](c7cc(C3CCC(=O)O)c3O[C@H](O4)c4cc8Oc9cc(Oc%10cc2cc(c%10C(=O)O)Oc2cccc(c2)Oc2cc5cc(c2C(=O)O)Oc2cccc(c2)Oc2cc([C@@H](Oc7c3)Oc1c6)cc(Oc1cc(Oc(c4)c8C(=O)O)ccc1)c2C(=O)O)ccc9)CCC(=O)O,[Cl-].C[N+](CCC1=CC=CC=C1)(C)C,other,4.100399971008301,O=C(O)CCC1c2cc3c4cc2O[C@H]2Oc5cc6c(cc51)[C@H](CCC(=O)O)c1cc5c7cc1O[C@H](O6)c1cc6c(C(=O)O)c(c1)Oc1cccc(c1)Oc1cc8cc(c1C(=O)O)Oc1cccc(c1)Oc1cc(cc(c1C(=O)O)Oc1cccc(c1)Oc1cc2cc(c1C(=O)O)Oc1cccc(c1)O6)[C@H](O4)Oc1cc(c(cc1C3CCC(=O)O)[C@H]5CCC(=O)O)O[C@@H]8O7,9910B6C324867B78C538BC824892433086D3864FCBD7A2F3E051B7730A9D9689,HOST_CAN_0118,PASS,C[N+](C)(C)CCc1ccccc1.[Cl-],8AA21FF0AAB07494D6AF72B69DE8836B282B9381B829638791C80C7E116E05FD,GUEST_CAN_0573,PASS,AttentiveFP,2,family_cold,other,4.770845890045166
1268,87,776,CCCCOc1c(OCCCC)c2COCc3c(OCCCC)c(OCCCC)c(c4c3cccc4)COCc3c(c(c(COCc4c(c(c(COCc1c1c2cccc1)c1ccccc41)OCCCC)OCCCC)c1c3cccc1)OCCCC)OCCCC,Fc1ccc(cc1)C[N+](Cc1ccc(cc1)F)(C)C,other,5.07919979095459,CCCCOc1c(OCCCC)c2c3ccccc3c1COCc1c(OCCCC)c(OCCCC)c(c3ccccc13)COCc1c(OCCCC)c(OCCCC)c(c3ccccc13)COCc1c(OCCCC)c(OCCCC)c(c3ccccc13)COC2,A699E12937358A216FBA45A53678131D8F7DBBB042BA5E7F52621C78F0465945,HOST_CAN_0031,PASS,C[N+](C)(Cc1ccc(F)cc1)Cc1ccc(F)cc1,64040F0C41A90F4E8F0382E09BC91D4B301AAE68F31D7CF1FDCA0CFCC883A635,GUEST_CAN_0595,PASS,AttentiveFP,2,family_cold,other,5.278372764587402
1269,115,777,C(CCC)C1=C(C(OC2=CC(=CC=C12)N(CC)CC)=O)C=O,C(C(C(=O)O)N)C(=O)O,other,0.5651000142097473,CCCCc1c(C=O)c(=O)oc2cc(N(CC)CC)ccc12,50E4CC3B42DB2A1D81BA2FCB02D3EA8F0BF1EB0B92ACDAB1C80BFBFCC39A06BB,HOST_CAN_0035,PASS,NC(CC(=O)O)C(=O)O,ECCAB90A15EA50B3BA1A8CCCDBB6C8593AFCB3BA1B80330A357FAB9DFF332794,GUEST_CAN_0730,PASS,AttentiveFP,2,family_cold,other,2.7037501335144043
1271,120,779,C[N+]1(CCCNC=2C(C(C2NCCC[N+](CCCNC=2C(C(C2NCCC1)=O)=O)(C)C)=O)=O)C,C1=CC=C(C=C1)OP(=O)([O-])[O-].[Na+].[Na+],other,4.17609977722168,C[N+]1(C)CCCNc2c(c(=O)c2=O)NCCC[N+](C)(C)CCCNc2c(c(=O)c2=O)NCCC1,3F29B1E12479E0BB86392C3D8DF08994624174699A9651A008B42AEB1A2213D5,HOST_CAN_0097,PASS,O=P([O-])([O-])Oc1ccccc1.[Na+].[Na+],14068BA1378F4B9F71D0690A036C4EADCBF9A8C0D15AFBAAE3351B6463B80E90,GUEST_CAN_0931,PASS,AttentiveFP,2,family_cold,other,1.76297926902771
1274,33,257,[H]C1(C(C(O[C@](OC2=C1C=C3[C@]4([H])CCC[N+](C)(C)C)([H])C5=CC(O6)=CC(OC7=CC8=CC(C[N+](C)(C)C)=C7)=C5)=C9)=CC%10=C9O[C@](C%11=CC(O8)=CC(OC%12=CC%13=CC(C[N+](C)(C)C)=C%12)=C%11)([H])OC%14=C(C%10([H])CCC[N+](C)(C)C)C=C%15C(O[C@](C%16=CC%17=CC(O%13)=C%16)([H])OC%18=CC(O[C@](C%19=CC(OC%20=CC(O%17)=CC(C[N+](C)(C)C)=C%20)=CC(OC%21=CC6=CC(C[N+](C)(C)C)=C%21)=C%19)([H])OC3=C2)=C4C=C%18[C@]%15([H])CCC[N+](C)(C)C)=C%14)CCC[N+](C)(C)C.[Cl-].[Cl-].[Cl-].[Cl-].[Cl-].[Cl-].[Cl-].[Cl-],[B-]C#N.[Na+],other,3.335099935531616,C[N+](C)(C)CCCC1c2cc3c4cc2O[C@H]2Oc5cc6c(cc51)[C@H](CCC[N+](C)(C)C)c1cc5c7cc1O[C@H](O6)c1cc6cc(c1)Oc1cc(C[N+](C)(C)C)cc(c1)Oc1cc8cc(c1)[C@H](Oc1cc(c(cc1[C@H]5CCC[N+](C)(C)C)C3CCC[N+](C)(C)C)O[C@@H](O4)c1cc(cc(c1)Oc1cc(C[N+](C)(C)C)cc(c1)O8)Oc1cc(C[N+](C)(C)C)cc(c1)Oc1cc(cc2c1)Oc1cc(C[N+](C)(C)C)cc(c1)O6)O7.[Cl-].[Cl-].[Cl-].[Cl-].[Cl-].[Cl-].[Cl-].[Cl-],F783BB4F0E2D9595DCCBD26C1895FCF835428AF86721AF4DD7F78FB07FBB8527,HOST_CAN_0096,PASS,[B-]C#N.[Na+],6E772614713BBC86FC89ED5E24C8307A59F018048CC86C967F9B9862D42B8DE7,GUEST_CAN_1011,PASS,AttentiveFP,2,family_cold,other,2.0834221839904785
1278,33,39,[H]C1(C(C(O[C@](OC2=C1C=C3[C@]4([H])CCC[N+](C)(C)C)([H])C5=CC(O6)=CC(OC7=CC8=CC(C[N+](C)(C)C)=C7)=C5)=C9)=CC%10=C9O[C@](C%11=CC(O8)=CC(OC%12=CC%13=CC(C[N+](C)(C)C)=C%12)=C%11)([H])OC%14=C(C%10([H])CCC[N+](C)(C)C)C=C%15C(O[C@](C%16=CC%17=CC(O%13)=C%16)([H])OC%18=CC(O[C@](C%19=CC(OC%20=CC(O%17)=CC(C[N+](C)(C)C)=C%20)=CC(OC%21=CC6=CC(C[N+](C)(C)C)=C%21)=C%19)([H])OC3=C2)=C4C=C%18[C@]%15([H])CCC[N+](C)(C)C)=C%14)CCC[N+](C)(C)C.[Cl-].[Cl-].[Cl-].[Cl-].[Cl-].[Cl-].[Cl-].[Cl-],[Na+].[I-],other,3.5051000118255615,C[N+](C)(C)CCCC1c2cc3c4cc2O[C@H]2Oc5cc6c(cc51)[C@H](CCC[N+](C)(C)C)c1cc5c7cc1O[C@H](O6)c1cc6cc(c1)Oc1cc(C[N+](C)(C)C)cc(c1)Oc1cc8cc(c1)[C@H](Oc1cc(c(cc1[C@H]5CCC[N+](C)(C)C)C3CCC[N+](C)(C)C)O[C@@H](O4)c1cc(cc(c1)Oc1cc(C[N+](C)(C)C)cc(c1)O8)Oc1cc(C[N+](C)(C)C)cc(c1)Oc1cc(cc2c1)Oc1cc(C[N+](C)(C)C)cc(c1)O6)O7.[Cl-].[Cl-].[Cl-].[Cl-].[Cl-].[Cl-].[Cl-].[Cl-],F783BB4F0E2D9595DCCBD26C1895FCF835428AF86721AF4DD7F78FB07FBB8527,HOST_CAN_0096,PASS,[I-].[Na+],73311483F334B57118E8BB4B950F1319B23923E3B04C12FF7EFEBC24A7D3AF4B,GUEST_CAN_1064,PASS,AttentiveFP,2,family_cold,other,2.26420521736145
1280,75,595,CN1[C@H]2[C@@H](N(C1=O)C)N3CN4[C@@H]5[C@@H](N(C(=O)N5C)C)N(C4=O)CN6[C@@H]7[C@@H](N(C(=O)N7C)C)N(C6=O)CN8[C@@H]9[C@@H](N(C(=O)N9C)C)N(C8=O)CN1[C@@H]4[C@@H](N(C(=O)N4C)C)N(C1=O)CN1[C@@H]4[C@@H](N(C(=O)N4C)C)N(C1=O)CN2C3=O,[C-]#N,other,3.770900011062622,CN1C(=O)N(C)[C@@H]2[C@H]1N1CN3C(=O)N(CN4C(=O)N(CN5C(=O)N(CN6C(=O)N(CN7C(=O)N(CN2C1=O)[C@@H]1[C@H]7N(C)C(=O)N1C)[C@@H]1[C@H]6N(C)C(=O)N1C)[C@@H]1[C@H]5N(C)C(=O)N1C)[C@@H]1[C@H]4N(C)C(=O)N1C)[C@@H]1[C@H]3N(C)C(=O)N1C,D6C3F21332661BB9069594818AE00619D2227BBAE869749EDEEAB00A6EE038AA,HOST_CAN_0053,PASS,[C-]#N,AC6249EFC8B3F6811964B42EBF69B47C3B47088F5AF9E5EF3FF8E6057340B76E,GUEST_CAN_1019,PASS,AttentiveFP,2,family_cold,other,2.4180655479431152
1281,9,268,[O-]C(=O)COc1ccc2c3c1CNC(=O)c1c(OCC(=O)[O-])ccc4c1ccc1c4C4CC(O1)Oc1c4c4ccc(c(C(=O)NCc5c6c(c7C8c2c(cc3)OC(C8)Oc7cc6)ccc5OCC(=O)[O-])c4cc1)OCC(=O)[O-].[NH4+].[NH4+].[NH4+].[NH4+],CN(C)C=O,other,2.492799997329712,O=C([O-])COc1ccc2c3c4ccc2c1CNC(=O)c1c(OCC(=O)[O-])ccc2c5c(ccc12)OC1CC5c2c(ccc5c(c(OCC(=O)[O-])ccc25)C(=O)NCc2c(OCC(=O)[O-])ccc5c6c(ccc25)OC(CC36)O4)O1.[NH4+].[NH4+].[NH4+].[NH4+],7D3830C6A6E10F82EEBCC3ED68B861BB21ED63B1DDB277580F3032527E5A1183,HOST_CAN_0139,PASS,CN(C)C=O,AEB2E86E450D0FAB9900120C06F6F4A77A774C09AACEA28AA2F6ECFA8650BC7F,GUEST_CAN_0392,PASS,AttentiveFP,2,family_cold,other,3.0359549522399902
1284,48,181,[Na]OS(=O)(=O)CCCOc1c2CN3C(=O)N4[C@]5([C@@]3(N(Cc2c(c2c1cccc2)OCCCS(=O)(=O)O[Na])C(=O)N5CN1[C@@]2(N(C4)C(=O)N3[C@]2(C)N(C1=O)Cc1c(C3)c(OCCCS(=O)(=O)O[Na])c2c(c1OCCCS(=O)(=O)O[Na])cccc2)C)C)C,C(CCC[NH3+])CC[NH3+].[Cl-].[Cl-],other,2.843899965286255,C[C@]12N3Cc4c(c(OCCCS(=O)(=O)[O][Na])c5ccccc5c4OCCCS(=O)(=O)[O][Na])CN1C(=O)N1CN4C(=O)N5Cc6c(c(OCCCS(=O)(=O)[O][Na])c7ccccc7c6OCCCS(=O)(=O)[O][Na])CN6C(=O)N(CN(C3=O)[C@]12C)[C@]4(C)[C@@]56C,D18B807A904C56B05E199911FB10FFB774349CC49BBD32D2EFAFF4C892BA649F,HOST_CAN_0090,PASS,[Cl-].[Cl-].[NH3+]CCCCCC[NH3+],C5972710ADEA5F593934762CCF65EB152DFF548B5145AFDEFD51BD47BE3931B7,GUEST_CAN_1029,PASS,AttentiveFP,2,family_cold,other,5.987868785858154
1286,87,782,CCCCOc1c(OCCCC)c2COCc3c(OCCCC)c(OCCCC)c(c4c3cccc4)COCc3c(c(c(COCc4c(c(c(COCc1c1c2cccc1)c1ccccc41)OCCCC)OCCCC)c1c3cccc1)OCCCC)OCCCC,F[P-](F)(F)(F)(F)F.CC[N+](CC)(CC)CC,other,2.770900011062622,CCCCOc1c(OCCCC)c2c3ccccc3c1COCc1c(OCCCC)c(OCCCC)c(c3ccccc13)COCc1c(OCCCC)c(OCCCC)c(c3ccccc13)COCc1c(OCCCC)c(OCCCC)c(c3ccccc13)COC2,A699E12937358A216FBA45A53678131D8F7DBBB042BA5E7F52621C78F0465945,HOST_CAN_0031,PASS,CC[N+](CC)(CC)CC.F[P-](F)(F)(F)(F)F,22436D566FF0012EA4A4F574E2056A22DF01B6775C1386790A14AB318B779024,GUEST_CAN_0373,PASS,AttentiveFP,2,family_cold,other,4.6612725257873535
1292,69,437,NCCN1C=C(N=N1)COC(C=C2)=C(CNCC3=C(OCC(N=N4)=CN4CCN)C=CC5=C3C=C6)C7=C2C8=C(C=C7)OC9CC8C%10=C(O9)C=CC%11=C%10C=CC(OCC(N=N%12)=CN%12CCN)=C%11CNCC%13=C(OCC(N=N%14)=CN%14CCN)C=CC%15=C%13C=CC(O%16)=C%15C%17C5=C6OC%16C%17,OC(C(=O)O)CC1=CC=CC=C1,other,3.6394999027252197,NCCn1cc(COc2ccc3c4c5ccc3c2CNCc2c(OCc3cn(CCN)nn3)ccc3c6c(ccc23)OC2CC6c3c(ccc6c(c(OCc7cn(CCN)nn7)ccc36)CNCc3c(OCc6cn(CCN)nn6)ccc6c7c(ccc36)OC(CC47)O5)O2)nn1,E69AC36986BDADC1E5A61FE9021251B6D5437DB096F231021CE94D055FF4BCBF,HOST_CAN_0113,PASS,O=C(O)C(O)Cc1ccccc1,E9397338BFA2DF2426F5EAFAC89A6A669CCB8C215710730D405A0EAD1E19A161,GUEST_CAN_0859,PASS,AttentiveFP,2,family_cold,other,2.935521125793457
1296,59,682,CN(CCCCCC1=C(C(OC2=C1C=CC(=C2)N(CC)CC)=O)C=O)CC2=C(C=CC=C2)B(O)O,C(CC(=O)O)C(C(=O)O)N,other,0.8324999809265137,CCN(CC)c1ccc2c(CCCCCN(C)Cc3ccccc3B(O)O)c(C=O)c(=O)oc2c1,B861F92B136135BCA309B8D669CABB847130F510F34D71F80DA21B31360935DE,HOST_CAN_0040,PASS,NC(CCC(=O)O)C(=O)O,145337C1B569BACC37A7C0366D8AB7EF81E39DFCB218DDE67941E5D16C994D9F,GUEST_CAN_0733,PASS,AttentiveFP,2,family_cold,other,2.5908868312835693
1297,158,406,C[C@H](C(NC1=CC=CC(C2=C(I)N([C@H](C)C(NC3=CC=CC(C4=C(I)N([C@H](C)C5=O)N=N4)=N3)=O)N=N2)=N1)=O)N6N=NC(C7=CC=CC(N5)=N7)=C6I,CCCC[N+](CCCC)(CCCC)CCCC.[Cl-],other,3.3550000190734863,C[C@@H]1C(=O)Nc2cccc(n2)-c2nnn(c2I)[C@H](C)C(=O)Nc2cccc(n2)-c2nnn(c2I)[C@H](C)C(=O)Nc2cccc(n2)-c2nnn1c2I,BF5A668BEAD04113CCC725A48DCD8DFE5BCBFFC115F87579E1B5C070BCD96197,HOST_CAN_0083,PASS,CCCC[N+](CCCC)(CCCC)CCCC.[Cl-],98322306CD8D2EE1FC0B30A96ADB07D77C4823F49CB80B37D40EC2A8BE6D6F00,GUEST_CAN_0317,PASS,AttentiveFP,2,family_cold,other,4.896180629730225
1298,48,785,[Na]OS(=O)(=O)CCCOc1c2CN3C(=O)N4[C@]5([C@@]3(N(Cc2c(c2c1cccc2)OCCCS(=O)(=O)O[Na])C(=O)N5CN1[C@@]2(N(C4)C(=O)N3[C@]2(C)N(C1=O)Cc1c(C3)c(OCCCS(=O)(=O)O[Na])c2c(c1OCCCS(=O)(=O)O[Na])cccc2)C)C)C,[NH3+]CCCCCCCC[NH3+],other,2.646399974822998,C[C@]12N3Cc4c(c(OCCCS(=O)(=O)[O][Na])c5ccccc5c4OCCCS(=O)(=O)[O][Na])CN1C(=O)N1CN4C(=O)N5Cc6c(c(OCCCS(=O)(=O)[O][Na])c7ccccc7c6OCCCS(=O)(=O)[O][Na])CN6C(=O)N(CN(C3=O)[C@]12C)[C@]4(C)[C@@]56C,D18B807A904C56B05E199911FB10FFB774349CC49BBD32D2EFAFF4C892BA649F,HOST_CAN_0090,PASS,[NH3+]CCCCCCCC[NH3+],47F0379CA687D2E849E75B4E9DC41C5408141DA921297D905A353F3CC6B7CC64,GUEST_CAN_1084,PASS,AttentiveFP,2,family_cold,other,5.063770294189453
1300,9,268,[O-]C(=O)COc1ccc2c3c1CNC(=O)c1c(OCC(=O)[O-])ccc4c1ccc1c4C4CC(O1)Oc1c4c4ccc(c(C(=O)NCc5c6c(c7C8c2c(cc3)OC(C8)Oc7cc6)ccc5OCC(=O)[O-])c4cc1)OCC(=O)[O-].[NH4+].[NH4+].[NH4+].[NH4+],CN(C)C=O,other,1.9802000522613525,O=C([O-])COc1ccc2c3c4ccc2c1CNC(=O)c1c(OCC(=O)[O-])ccc2c5c(ccc12)OC1CC5c2c(ccc5c(c(OCC(=O)[O-])ccc25)C(=O)NCc2c(OCC(=O)[O-])ccc5c6c(ccc25)OC(CC36)O4)O1.[NH4+].[NH4+].[NH4+].[NH4+],7D3830C6A6E10F82EEBCC3ED68B861BB21ED63B1DDB277580F3032527E5A1183,HOST_CAN_0139,PASS,CN(C)C=O,AEB2E86E450D0FAB9900120C06F6F4A77A774C09AACEA28AA2F6ECFA8650BC7F,GUEST_CAN_0392,PASS,AttentiveFP,2,family_cold,other,3.0359549522399902
1301,48,212,[Na]OS(=O)(=O)CCCOc1c2CN3C(=O)N4[C@]5([C@@]3(N(Cc2c(c2c1cccc2)OCCCS(=O)(=O)O[Na])C(=O)N5CN1[C@@]2(N(C4)C(=O)N3[C@]2(C)N(C1=O)Cc1c(C3)c(OCCCS(=O)(=O)O[Na])c2c(c1OCCCS(=O)(=O)O[Na])cccc2)C)C)C,CCC1(C2=C(COC1=O)C(=O)N3CC4=CC5=CC=CC=C5N=C4C3=C2)O,other,3.2553000450134277,C[C@]12N3Cc4c(c(OCCCS(=O)(=O)[O][Na])c5ccccc5c4OCCCS(=O)(=O)[O][Na])CN1C(=O)N1CN4C(=O)N5Cc6c(c(OCCCS(=O)(=O)[O][Na])c7ccccc7c6OCCCS(=O)(=O)[O][Na])CN6C(=O)N(CN(C3=O)[C@]12C)[C@]4(C)[C@@]56C,D18B807A904C56B05E199911FB10FFB774349CC49BBD32D2EFAFF4C892BA649F,HOST_CAN_0090,PASS,CCC1(O)C(=O)OCc2c1cc1n(c2=O)Cc2cc3ccccc3nc2-1,E9469B35D0FA832E6E52F35A157677A6168BC086499F2BDA38D585474E1165AE,GUEST_CAN_0263,PASS,AttentiveFP,2,family_cold,other,4.008448123931885
1304,69,600,NCCN1C=C(N=N1)COC(C=C2)=C(CNCC3=C(OCC(N=N4)=CN4CCN)C=CC5=C3C=C6)C7=C2C8=C(C=C7)OC9CC8C%10=C(O9)C=CC%11=C%10C=CC(OCC(N=N%12)=CN%12CCN)=C%11CNCC%13=C(OCC(N=N%14)=CN%14CCN)C=CC%15=C%13C=CC(O%16)=C%15C%17C5=C6OC%16C%17,COC(=O)CC1=CC=CC=C1,other,3.023099899291992,NCCn1cc(COc2ccc3c4c5ccc3c2CNCc2c(OCc3cn(CCN)nn3)ccc3c6c(ccc23)OC2CC6c3c(ccc6c(c(OCc7cn(CCN)nn7)ccc36)CNCc3c(OCc6cn(CCN)nn6)ccc6c7c(ccc36)OC(CC47)O5)O2)nn1,E69AC36986BDADC1E5A61FE9021251B6D5437DB096F231021CE94D055FF4BCBF,HOST_CAN_0113,PASS,COC(=O)Cc1ccccc1,D5FAAFE22A9B19EEF4EAB868DCBDC5B6F48F04FF6D709FEF880F0183722C8BC7,GUEST_CAN_0445,PASS,AttentiveFP,2,family_cold,other,3.2087674140930176
1313,122,472,CC(C)(C)C1=CC(=C(C=C1)NC(=O)NC2=CC=C(C=C2)OC)C#CC3=CC(=CC(=C3)OC)C#CC4=C(C=CC(=C4)C(C)(C)C)NC(=O)NC5=CC=C(C=C5)OC,CCCC[N+](CCCC)(CCCC)CCCC.[Br-],other,3.0,COc1ccc(NC(=O)Nc2ccc(C(C)(C)C)cc2C#Cc2cc(C#Cc3cc(C(C)(C)C)ccc3NC(=O)Nc3ccc(OC)cc3)cc(OC)c2)cc1,D21F40FE6961DC5FE75A1A0699511BDB052F920FB1661CF34BFCAD5E05B4B593,HOST_CAN_0073,PASS,CCCC[N+](CCCC)(CCCC)CCCC.[Br-],6DD8DD4627FCB94C4F4125FAFF1BB3C1B5671EA4BD5502CBFB668600B9692E59,GUEST_CAN_0316,PASS,AttentiveFP,2,family_cold,other,4.930577278137207
1316,70,792,COc1ccc2-c3ccc(c(c3)C#Cc3cc(OC)ccc3-c3ccc(c(c3)C#Cc3cc(OC)ccc3-c3cc(C#Cc4c(-c5c(C#Cc6c(-c7c(C#Cc2c1)cc(OC)cc7)ccc(c6)OC)cc(OC)cc5)ccc(c4)OC)c(OC)cc3)OC)OC,C(CC[N+]1=CC=C(C=C1)C(C)(C)C)[N+]1=CC=C(C=C1)C(C)(C)C,other,3.9289000034332275,COc1ccc2c(c1)C#Cc1cc(ccc1OC)-c1ccc(OC)cc1C#Cc1cc(OC)ccc1-c1ccc(OC)cc1C#Cc1cc(OC)ccc1-c1ccc(OC)cc1C#Cc1cc(ccc1OC)-c1ccc(OC)cc1C#Cc1cc-2ccc1OC,B364BE40B8DDA45F28F670D2A9202F02E384B90196F7CF9F650990A32B5B26FC,HOST_CAN_0080,PASS,CC(C)(C)c1cc[n+](CCC[n+]2ccc(C(C)(C)C)cc2)cc1,BA0A7ABD54B9EB6DEB7A44D3D424433B186E7049C291E85766637E29623C5108,GUEST_CAN_0115,PASS,AttentiveFP,2,family_cold,other,4.943760395050049
1322,5,795,CCc1c2Oc3cc4cc(c3)[C@@H]3Oc5cc6O[C@@H]7c8cc(Oc1cc(c2)C(=O)O)cc(c8)Oc1cc(cc(c1CC)Oc1cc2cc(c1)[C@H]1Oc8cc(O7)c7C(c6cc5C(c5c(O3)cc3O[C@@H](c6cc(Oc9c(c(O4)cc(c9)C(=O)O)CC)cc(c6)Oc4cc(cc(O2)c4CC)C(=O)O)Oc2c([C@@H](c3c5)CCC(=O)O)cc([C@H](c8c7)CCC(=O)O)c(O1)c2)CCC(=O)O)CCC(=O)O)C(=O)O,C1=CC=C2C=C(C(=CC2=C1)C(=O)O)O,other,3.295099973678589,CCc1c2cc(C(=O)O)cc1Oc1cc3cc(c1)[C@H]1Oc4cc5c6cc4C(CCC(=O)O)c4cc7c(cc4O1)O[C@H]1Oc4cc8c(cc4[C@H]7CCC(=O)O)[C@H](CCC(=O)O)c4cc(c7cc4O[C@H](O8)c4cc(cc(c4)Oc4cc(C(=O)O)cc(c4CC)Oc4cc(cc1c4)Oc1cc(C(=O)O)cc(c1CC)O3)Oc1cc(C(=O)O)cc(c1CC)Oc1cc(cc(c1)[C@H](O5)O7)O2)C6CCC(=O)O,E72F5867663E6DAEB989707EF89DA7249ADCC77F45C9B940616AAB4553C73AA2,HOST_CAN_0048,PASS,O=C(O)c1cc2ccccc2cc1O,ED2AA3550EE4BA5A4099B17620624445CE39708FAA976730AB51482D40F5320B,GUEST_CAN_0882,PASS,AttentiveFP,2,family_cold,other,4.880983352661133
1323,91,13,C1COCCOCCN2CCOCCOCCN1CCOCCOCC2,[Cs+],other,2.0,C1COCCN2CCOCCOCCN(CCO1)CCOCCOCC2,40814B22E6CD93EB1FEFBD67E296A6414B9006E7DE8AD543F38C842653A2E43C,HOST_CAN_0004,PASS,[Cs+],2007C7CB8E9E407AF1FE3CC70080E500F82FCC5BB652DA30AE9309E09D1E52EF,GUEST_CAN_1052,PASS,AttentiveFP,2,family_cold,other,2.1965889930725098
1325,28,92,O=C1N2[C@@]3([H])[C@@]4([H])N1CC5=CC=CC=C5CN4C(N3CN(C(N6CN(C(N7CN(C(N8CC(C=CC=C9)=C9C%10)=O)[C@]([C@]8([H])N%10C%11=O)([H])N%11C%12)=O)[C@]([C@]7([H])N%12C%13=O)([H])N%13C%14)=O)[C@]([C@]6([H])N%14C%15=O)([H])N%15C2)=O,C[N+]1=CC=C(C=C1)C2=CC=[N+](C=C2)C.[Cl-].[Cl-],other,3.56820011138916,O=C1N2Cc3ccccc3CN3C(=O)N4CN5C(=O)N6CN7C(=O)N8CN9C(=O)N%10Cc%11ccccc%11CN%11C(=O)N(CN%12C(=O)N(CN%13C(=O)N(CN1[C@H]4[C@H]32)[C@@H]5[C@H]%136)[C@@H]7[C@H]%128)[C@@H]9[C@H]%11%10,C06DBA8CB1A01AEB8337B71D87CD1B30E9CBAC6D34129CB5457249ED32FE0331,HOST_CAN_0151,PASS,C[n+]1ccc(-c2cc[n+](C)cc2)cc1.[Cl-].[Cl-],A34A59C172ABA48CFA54144DF49E70D56803B22DE394E6F3154C1D8F7DC6E5F1,GUEST_CAN_0623,PASS,AttentiveFP,2,family_cold,other,6.05837345123291
1333,64,671,CCCCOc1cc2COCc3cc(OCCCC)cc4c3cc(OCCCC)cc4COCc3c(OCCCC)ccc4c3ccc(c4COCc3c4c(c(COCc5c(c1)c2cc(c5)OCCCC)c(OCCCC)cc4)ccc3OCCCC)OCCCC,C(C)(C)(C)C1=CC=C(C[N+](CC2=CC=C(C=C2)C(C)(C)C)(C)C)C=C1,other,5.082799911499023,CCCCOc1cc2c3cc(OCCCC)cc(c3c1)COCc1cc(OCCCC)cc3c(cc(OCCCC)cc13)COCc1c(OCCCC)ccc3c(c(OCCCC)ccc13)COCc1c(OCCCC)ccc3c(c(OCCCC)ccc13)COC2,05C5083FBF551B3C1AE048E85E6B7F5EB796F7835740F408D7B4DF1173E7C142,HOST_CAN_0032,PASS,CC(C)(C)c1ccc(C[N+](C)(C)Cc2ccc(C(C)(C)C)cc2)cc1,A56AC3EDBC47667288FA5FCD405BCD965262FED2BB249A589B34327F55909478,GUEST_CAN_0118,PASS,AttentiveFP,2,family_cold,other,5.406247138977051
1336,9,468,[O-]C(=O)COc1ccc2c3c1CNC(=O)c1c(OCC(=O)[O-])ccc4c1ccc1c4C4CC(O1)Oc1c4c4ccc(c(C(=O)NCc5c6c(c7C8c2c(cc3)OC(C8)Oc7cc6)ccc5OCC(=O)[O-])c4cc1)OCC(=O)[O-].[NH4+].[NH4+].[NH4+].[NH4+],CCOC(=O)C,other,3.529400110244751,O=C([O-])COc1ccc2c3c4ccc2c1CNC(=O)c1c(OCC(=O)[O-])ccc2c5c(ccc12)OC1CC5c2c(ccc5c(c(OCC(=O)[O-])ccc25)C(=O)NCc2c(OCC(=O)[O-])ccc5c6c(ccc25)OC(CC36)O4)O1.[NH4+].[NH4+].[NH4+].[NH4+],7D3830C6A6E10F82EEBCC3ED68B861BB21ED63B1DDB277580F3032527E5A1183,HOST_CAN_0139,PASS,CCOC(C)=O,AA776D017A7413EAA98D958836BF2321D599C41772392950B900F195A10B0042,GUEST_CAN_0364,PASS,AttentiveFP,2,family_cold,other,2.782431125640869
1339,9,800,[O-]C(=O)COc1ccc2c3c1CNC(=O)c1c(OCC(=O)[O-])ccc4c1ccc1c4C4CC(O1)Oc1c4c4ccc(c(C(=O)NCc5c6c(c7C8c2c(cc3)OC(C8)Oc7cc6)ccc5OCC(=O)[O-])c4cc1)OCC(=O)[O-].[NH4+].[NH4+].[NH4+].[NH4+],C1CCC(=O)CC1,other,0.7781999707221985,O=C([O-])COc1ccc2c3c4ccc2c1CNC(=O)c1c(OCC(=O)[O-])ccc2c5c(ccc12)OC1CC5c2c(ccc5c(c(OCC(=O)[O-])ccc25)C(=O)NCc2c(OCC(=O)[O-])ccc5c6c(ccc25)OC(CC36)O4)O1.[NH4+].[NH4+].[NH4+].[NH4+],7D3830C6A6E10F82EEBCC3ED68B861BB21ED63B1DDB277580F3032527E5A1183,HOST_CAN_0139,PASS,O=C1CCCCC1,28ED7F4ABC3F360949BEF088C4AFA4A77B693EB3C89E315AEDB1AFD64C9CEB92,GUEST_CAN_0919,PASS,AttentiveFP,2,family_cold,other,3.473801374435425
1348,12,115,O1CCOCCN2CCOCCOCCOCCN(CCOCC1)CCOCCOCCOCC2,[K+],other,2.0,C1COCCN2CCOCCOCCOCCN(CCOCCO1)CCOCCOCCOCC2,85C7C02142B236ECBC1FC9E9A1DD4E3252A7651F7F5B037994877CF5373B1DC8,HOST_CAN_0006,PASS,[K+],E83A78F45A613BB8008932667E03FF097984CF2701657EB6EA0AB517A34DEC0B,GUEST_CAN_1068,PASS,AttentiveFP,2,family_cold,other,1.851914644241333
1351,67,39,COCCOCCOCCN1C2C(N(C1=O)CCOCCOCCOC)N1C(=O)N2CN2C(=O)N(C3C2N(CCOCCOCCOC)C(=O)N3CCOCCOCCOC)CN2C(=O)N(C3C2N(CCOCCOCCOC)C(=O)N3CCOCCOCCOC)CN2C(=O)N(CN3C(=O)N(CN4C(=O)N(C1)C1C4N(C(=O)N1CCOCCOCCOC)CCOCCOCCOC)C1C3N(C(=O)N1CCOCCOCCOC)CCOCCOCCOC)C1C2N(CCOCCOCCOC)C(=O)N1CCOCCOCCOC,[Na+].[I-],other,7.505099773406982,COCCOCCOCCN1C(=O)N(CCOCCOCCOC)C2C1N1CN3C(=O)N(CN4C(=O)N(CN5C(=O)N(CN6C(=O)N(CN7C(=O)N(CN2C1=O)C1C7N(CCOCCOCCOC)C(=O)N1CCOCCOCCOC)C1C6N(CCOCCOCCOC)C(=O)N1CCOCCOCCOC)C1C5N(CCOCCOCCOC)C(=O)N1CCOCCOCCOC)C1C4N(CCOCCOCCOC)C(=O)N1CCOCCOCCOC)C1C3N(CCOCCOCCOC)C(=O)N1CCOCCOCCOC,62192EF92C15D4B199D2DAB70679D4FE4B9DB65514F9B760A1D77C13905222B6,HOST_CAN_0056,PASS,[I-].[Na+],73311483F334B57118E8BB4B950F1319B23923E3B04C12FF7EFEBC24A7D3AF4B,GUEST_CAN_1064,PASS,AttentiveFP,2,family_cold,other,2.4044032096862793
1358,102,806,C1C2=CC=C(C[N+]3=CC=C(C=C3)C4=CC=[N+](CC5=CC=C(C[N+]6=CC=C(C=C6)C7=CC=[N+]1C=C7)C=C5)C=C4)C=C2.F[P-](F)(F)(F)(F)F.F[P-](F)(F)(F)(F)F.F[P-](F)(F)(F)(F)F.F[P-](F)(F)(F)(F)F,C1=CC=C2C(=C1)C=CN2,other,3.8524999618530273,F[P-](F)(F)(F)(F)F.F[P-](F)(F)(F)(F)F.F[P-](F)(F)(F)(F)F.F[P-](F)(F)(F)(F)F.c1cc2ccc1C[n+]1ccc(cc1)-c1cc[n+](cc1)Cc1ccc(cc1)C[n+]1ccc(cc1)-c1cc[n+](cc1)C2,0F2553E080CE2D9CBEC36FEC297EF4CF441DFE215349B4C10A84D4A1E91451C0,HOST_CAN_0102,PASS,c1ccc2[nH]ccc2c1,E65F5BB7D6337F0D157E64696F6DC39E64F22FCE5C6B77A92E71DD0AB6B06CC0,GUEST_CAN_1135,PASS,AttentiveFP,2,family_cold,other,1.0193781852722168
1362,120,807,C[N+]1(CCCNC=2C(C(C2NCCC[N+](CCCNC=2C(C(C2NCCC1)=O)=O)(C)C)=O)=O)C,S(=O)(=O)([O-])[O-].[Na+].[Na+],other,6.6894001960754395,C[N+]1(C)CCCNc2c(c(=O)c2=O)NCCC[N+](C)(C)CCCNc2c(c(=O)c2=O)NCCC1,3F29B1E12479E0BB86392C3D8DF08994624174699A9651A008B42AEB1A2213D5,HOST_CAN_0097,PASS,O=S(=O)([O-])[O-].[Na+].[Na+],649D1FBE911AD0EFDBC39910623EBD1D2961CDB16449DBB2DAEE428DE029D165,GUEST_CAN_0935,PASS,AttentiveFP,2,family_cold,other,1.7430980205535889
1363,87,808,CCCCOc1c(OCCCC)c2COCc3c(OCCCC)c(OCCCC)c(c4c3cccc4)COCc3c(c(c(COCc4c(c(c(COCc1c1c2cccc1)c1ccccc41)OCCCC)OCCCC)c1c3cccc1)OCCCC)OCCCC,C[N+](Cc1ccccc1)(Cc1ccccc1)C,other,4.732399940490723,CCCCOc1c(OCCCC)c2c3ccccc3c1COCc1c(OCCCC)c(OCCCC)c(c3ccccc13)COCc1c(OCCCC)c(OCCCC)c(c3ccccc13)COCc1c(OCCCC)c(OCCCC)c(c3ccccc13)COC2,A699E12937358A216FBA45A53678131D8F7DBBB042BA5E7F52621C78F0465945,HOST_CAN_0031,PASS,C[N+](C)(Cc1ccccc1)Cc1ccccc1,0B02CE89B1DB28D22345212D26E06F3F4037FC87280F51638F33F1C22928BCE8,GUEST_CAN_0599,PASS,AttentiveFP,2,family_cold,other,4.9863786697387695
1365,69,810,NCCN1C=C(N=N1)COC(C=C2)=C(CNCC3=C(OCC(N=N4)=CN4CCN)C=CC5=C3C=C6)C7=C2C8=C(C=C7)OC9CC8C%10=C(O9)C=CC%11=C%10C=CC(OCC(N=N%12)=CN%12CCN)=C%11CNCC%13=C(OCC(N=N%14)=CN%14CCN)C=CC%15=C%13C=CC(O%16)=C%15C%17C5=C6OC%16C%17,C1=CC=C(C=C1)C(C(=O)O)N,other,1.9911999702453613,NCCn1cc(COc2ccc3c4c5ccc3c2CNCc2c(OCc3cn(CCN)nn3)ccc3c6c(ccc23)OC2CC6c3c(ccc6c(c(OCc7cn(CCN)nn7)ccc36)CNCc3c(OCc6cn(CCN)nn6)ccc6c7c(ccc36)OC(CC47)O5)O2)nn1,E69AC36986BDADC1E5A61FE9021251B6D5437DB096F231021CE94D055FF4BCBF,HOST_CAN_0113,PASS,NC(C(=O)O)c1ccccc1,E1EE48BC2F1341B9FB8D634CA81F93D4C0432CFDD613C9AB5049A2DEEE2D8D8B,GUEST_CAN_0728,PASS,AttentiveFP,2,family_cold,other,3.197929859161377
1368,69,637,NCCN1C=C(N=N1)COC(C=C2)=C(CNCC3=C(OCC(N=N4)=CN4CCN)C=CC5=C3C=C6)C7=C2C8=C(C=C7)OC9CC8C%10=C(O9)C=CC%11=C%10C=CC(OCC(N=N%12)=CN%12CCN)=C%11CNCC%13=C(OCC(N=N%14)=CN%14CCN)C=CC%15=C%13C=CC(O%16)=C%15C%17C5=C6OC%16C%17,C(C)(=O)NC(C(=O)O)C1=CC=CC=C1,other,3.5185000896453857,NCCn1cc(COc2ccc3c4c5ccc3c2CNCc2c(OCc3cn(CCN)nn3)ccc3c6c(ccc23)OC2CC6c3c(ccc6c(c(OCc7cn(CCN)nn7)ccc36)CNCc3c(OCc6cn(CCN)nn6)ccc6c7c(ccc36)OC(CC47)O5)O2)nn1,E69AC36986BDADC1E5A61FE9021251B6D5437DB096F231021CE94D055FF4BCBF,HOST_CAN_0113,PASS,CC(=O)NC(C(=O)O)c1ccccc1,76E13337757DBE3879D6A633FF092F28738489FA30EEEA0A5FAAF2E292B16ABC,GUEST_CAN_0065,PASS,AttentiveFP,2,family_cold,other,3.491215229034424
1371,151,201,C(C(=O)O)N(CC(=O)O)C1C(=O)NC(=O)NC1=O,[Li+],other,5.609600067138672,O=C(O)CN(CC(=O)O)C1C(=O)NC(=O)NC1=O,A79CF0157A796F0CD50BB6A621709E83B2F5701A5982B3FC05B4D244283FD579,HOST_CAN_0122,PASS,[Li+],A7557B375892DC7E581DDC6CA9773574F95B6514113F07A19BDE6059504332FE,GUEST_CAN_1071,PASS,AttentiveFP,2,family_cold,other,2.0678341388702393
1372,162,171,C(=O)C1=C2C=CC=CC2=C(C2=CC=CC=C12)CN(C)CC1=C(C=CC=C1)B(O)O,C1=CC(=C(C=C1CCN)O)O,other,3.7574000358581543,CN(Cc1ccccc1B(O)O)Cc1c2ccccc2c(C=O)c2ccccc12,94D0F2CFA16D5D9C6F171BB4E6068DE9E6A3490EDCC513574DAFB97B086AE44A,HOST_CAN_0051,PASS,NCCc1ccc(O)c(O)c1,8C989074BC36C962545C6731CBB09A9BCEAD59D65B1AEE4A0B8B096CFFB8E510,GUEST_CAN_0808,PASS,AttentiveFP,2,family_cold,other,3.4967122077941895
1388,10,819,[O-]P(=O)(Oc1c2c(c(c3c1C1CC3c3c1cc1c(c3)C3CC1c1c3cccc1)OP(=O)([O-])[O-])C1CC2c2c1cc1c(c2)C2CC1c1c2cccc1)[O-].[Li+].[Li+].[Li+].[Li+],NCCCC[C@@H](C(=O)N[C@H](C(=O)N[C@H](C(=O)O)CCCCN)CCCCN)NC(=O)[C@H](CCCCN)N,other,4.985000133514404,O=P([O-])([O-])Oc1c2c(c(OP(=O)([O-])[O-])c3c1C1CC3c3cc4c(cc31)C1CC4c3ccccc31)C1CC2c2cc3c(cc21)C1CC3c2ccccc21.[Li+].[Li+].[Li+].[Li+],9F96092125310177FDA593FD76E40B15009450ADCC25B07ACF29665B7272FC4E,HOST_CAN_0152,PASS,NCCCC[C@H](NC(=O)[C@H](CCCCN)NC(=O)[C@H](CCCCN)NC(=O)[C@@H](N)CCCCN)C(=O)O,E393AF0C13AAF96D9C01A9C0139150A32FCCD325AEC86D288682BED557BBE7B5,GUEST_CAN_0799,PASS,AttentiveFP,2,family_cold,other,3.4149935245513916
1390,9,545,[O-]C(=O)COc1ccc2c3c1CNC(=O)c1c(OCC(=O)[O-])ccc4c1ccc1c4C4CC(O1)Oc1c4c4ccc(c(C(=O)NCc5c6c(c7C8c2c(cc3)OC(C8)Oc7cc6)ccc5OCC(=O)[O-])c4cc1)OCC(=O)[O-].[NH4+].[NH4+].[NH4+].[NH4+],C1COC1,other,2.4856998920440674,O=C([O-])COc1ccc2c3c4ccc2c1CNC(=O)c1c(OCC(=O)[O-])ccc2c5c(ccc12)OC1CC5c2c(ccc5c(c(OCC(=O)[O-])ccc25)C(=O)NCc2c(OCC(=O)[O-])ccc5c6c(ccc25)OC(CC36)O4)O1.[NH4+].[NH4+].[NH4+].[NH4+],7D3830C6A6E10F82EEBCC3ED68B861BB21ED63B1DDB277580F3032527E5A1183,HOST_CAN_0139,PASS,C1COC1,C87B7A7A34ED4CBE76FDF5D686528693E005FC0C0FF659CE71CE50DC277F1047,GUEST_CAN_0036,PASS,AttentiveFP,2,family_cold,other,3.05279803276062
1394,9,822,[O-]C(=O)COc1ccc2c3c1CNC(=O)c1c(OCC(=O)[O-])ccc4c1ccc1c4C4CC(O1)Oc1c4c4ccc(c(C(=O)NCc5c6c(c7C8c2c(cc3)OC(C8)Oc7cc6)ccc5OCC(=O)[O-])c4cc1)OCC(=O)[O-].[NH4+].[NH4+].[NH4+].[NH4+],O1C=NC=C1,other,2.1238999366760254,O=C([O-])COc1ccc2c3c4ccc2c1CNC(=O)c1c(OCC(=O)[O-])ccc2c5c(ccc12)OC1CC5c2c(ccc5c(c(OCC(=O)[O-])ccc25)C(=O)NCc2c(OCC(=O)[O-])ccc5c6c(ccc25)OC(CC36)O4)O1.[NH4+].[NH4+].[NH4+].[NH4+],7D3830C6A6E10F82EEBCC3ED68B861BB21ED63B1DDB277580F3032527E5A1183,HOST_CAN_0139,PASS,c1cocn1,7612215CFBC3EDEB7247928EB75F0E714FA4C90FAD6E501EB18D755F5D310C13,GUEST_CAN_1151,PASS,AttentiveFP,2,family_cold,other,2.9487991333007812
1397,69,267,NCCN1C=C(N=N1)COC(C=C2)=C(CNCC3=C(OCC(N=N4)=CN4CCN)C=CC5=C3C=C6)C7=C2C8=C(C=C7)OC9CC8C%10=C(O9)C=CC%11=C%10C=CC(OCC(N=N%12)=CN%12CCN)=C%11CNCC%13=C(OCC(N=N%14)=CN%14CCN)C=CC%15=C%13C=CC(O%16)=C%15C%17C5=C6OC%16C%17,C1=CC=C(C=C1)CC(=O)O,other,4.725599765777588,NCCn1cc(COc2ccc3c4c5ccc3c2CNCc2c(OCc3cn(CCN)nn3)ccc3c6c(ccc23)OC2CC6c3c(ccc6c(c(OCc7cn(CCN)nn7)ccc36)CNCc3c(OCc6cn(CCN)nn6)ccc6c7c(ccc36)OC(CC47)O5)O2)nn1,E69AC36986BDADC1E5A61FE9021251B6D5437DB096F231021CE94D055FF4BCBF,HOST_CAN_0113,PASS,O=C(O)Cc1ccccc1,CDC327033EEEA935CE7B18A021AC4EEC8A15F4B61C90D20EF1DA9875BA8FC256,GUEST_CAN_0880,PASS,AttentiveFP,2,family_cold,other,3.0580782890319824
1400,4,652,[Na]OS(=O)(=O)CCCCOC=1C=C(C=CC1)[C@@H]1N=C(OC1)CC1=C(C(=C(C(=C1C)CC=1OC[C@@H](N1)C1=CC(=CC=C1)OCCCCS(=O)(=O)O[Na])C)CC=1OC[C@@H](N1)C1=CC(=CC=C1)OCCCCS(=O)(=O)O[Na])C,Cl.COC(C(N)CC1=CC=C(C=C1)O)=O,other,1.8128999471664429,Cc1c(CC2=N[C@@H](c3cccc(OCCCCS(=O)(=O)[O][Na])c3)CO2)c(C)c(CC2=N[C@@H](c3cccc(OCCCCS(=O)(=O)[O][Na])c3)CO2)c(C)c1CC1=N[C@@H](c2cccc(OCCCCS(=O)(=O)[O][Na])c2)CO1,9E3429786C624B72E8FD089068975D2A1C33E04632FEA26EF01294722587A124,HOST_CAN_0098,PASS,COC(=O)C(N)Cc1ccc(O)cc1.Cl,EEFCE178F706B4BC72EA91A0EC8B91A444D69422C16131691CE36F31C88A27CC,GUEST_CAN_0441,PASS,AttentiveFP,2,family_cold,other,2.9211559295654297
1401,48,170,[Na]OS(=O)(=O)CCCOc1c2CN3C(=O)N4[C@]5([C@@]3(N(Cc2c(c2c1cccc2)OCCCS(=O)(=O)O[Na])C(=O)N5CN1[C@@]2(N(C4)C(=O)N3[C@]2(C)N(C1=O)Cc1c(C3)c(OCCCS(=O)(=O)O[Na])c2c(c1OCCCS(=O)(=O)O[Na])cccc2)C)C)C,[NH3+]CCCC[NH3+],other,1.8451000452041626,C[C@]12N3Cc4c(c(OCCCS(=O)(=O)[O][Na])c5ccccc5c4OCCCS(=O)(=O)[O][Na])CN1C(=O)N1CN4C(=O)N5Cc6c(c(OCCCS(=O)(=O)[O][Na])c7ccccc7c6OCCCS(=O)(=O)[O][Na])CN6C(=O)N(CN(C3=O)[C@]12C)[C@]4(C)[C@@]56C,D18B807A904C56B05E199911FB10FFB774349CC49BBD32D2EFAFF4C892BA649F,HOST_CAN_0090,PASS,[NH3+]CCCC[NH3+],E784E21CDCC374849454B4BBAEDEC0DD2BF05295ACB829CC80284AC7800CF77E,GUEST_CAN_1088,PASS,AttentiveFP,2,family_cold,other,4.271926403045654
1404,28,828,O=C1N2[C@@]3([H])[C@@]4([H])N1CC5=CC=CC=C5CN4C(N3CN(C(N6CN(C(N7CN(C(N8CC(C=CC=C9)=C9C%10)=O)[C@]([C@]8([H])N%10C%11=O)([H])N%11C%12)=O)[C@]([C@]7([H])N%12C%13=O)([H])N%13C%14)=O)[C@]([C@]6([H])N%14C%15=O)([H])N%15C2)=O,C(CCC[NH3+])CC[NH3+],other,5.204100131988525,O=C1N2Cc3ccccc3CN3C(=O)N4CN5C(=O)N6CN7C(=O)N8CN9C(=O)N%10Cc%11ccccc%11CN%11C(=O)N(CN%12C(=O)N(CN%13C(=O)N(CN1[C@H]4[C@H]32)[C@@H]5[C@H]%136)[C@@H]7[C@H]%128)[C@@H]9[C@H]%11%10,C06DBA8CB1A01AEB8337B71D87CD1B30E9CBAC6D34129CB5457249ED32FE0331,HOST_CAN_0151,PASS,[NH3+]CCCCCC[NH3+],F8B64A9C0C6C3056EB057C2D05280D91AB693D755C321785452FCBD6116BF573,GUEST_CAN_1085,PASS,AttentiveFP,2,family_cold,other,5.387053489685059
1409,10,128,[O-]P(=O)(Oc1c2c(c(c3c1C1CC3c3c1cc1c(c3)C3CC1c1c3cccc1)OP(=O)([O-])[O-])C1CC2c2c1cc1c(c2)C2CC1c1c2cccc1)[O-].[Li+].[Li+].[Li+].[Li+],CC(C(=O)NC(C)C(=O)O)NC(=O)C(CCCCN)N,other,4.740200042724609,O=P([O-])([O-])Oc1c2c(c(OP(=O)([O-])[O-])c3c1C1CC3c3cc4c(cc31)C1CC4c3ccccc31)C1CC2c2cc3c(cc21)C1CC3c2ccccc21.[Li+].[Li+].[Li+].[Li+],9F96092125310177FDA593FD76E40B15009450ADCC25B07ACF29665B7272FC4E,HOST_CAN_0152,PASS,CC(NC(=O)C(C)NC(=O)C(N)CCCCN)C(=O)O,6B60BD9D877B495644FFD1994D39DBA22E57ACB5DF9DF710853F9E07FADFADC2,GUEST_CAN_0185,PASS,AttentiveFP,2,family_cold,other,2.611215591430664
1415,69,158,NCCN1C=C(N=N1)COC(C=C2)=C(CNCC3=C(OCC(N=N4)=CN4CCN)C=CC5=C3C=C6)C7=C2C8=C(C=C7)OC9CC8C%10=C(O9)C=CC%11=C%10C=CC(OCC(N=N%12)=CN%12CCN)=C%11CNCC%13=C(OCC(N=N%14)=CN%14CCN)C=CC%15=C%13C=CC(O%16)=C%15C%17C5=C6OC%16C%17,C1=CC=C(C=C1)C(=O)O,other,2.949399948120117,NCCn1cc(COc2ccc3c4c5ccc3c2CNCc2c(OCc3cn(CCN)nn3)ccc3c6c(ccc23)OC2CC6c3c(ccc6c(c(OCc7cn(CCN)nn7)ccc36)CNCc3c(OCc6cn(CCN)nn6)ccc6c7c(ccc36)OC(CC47)O5)O2)nn1,E69AC36986BDADC1E5A61FE9021251B6D5437DB096F231021CE94D055FF4BCBF,HOST_CAN_0113,PASS,O=C(O)c1ccccc1,FB7121A404676CF43E907EAABFB098AF18557AB9D043E43ECEF0481B99D8D8F1,GUEST_CAN_0890,PASS,AttentiveFP,2,family_cold,other,2.9400510787963867
1416,115,523,C(CCC)C1=C(C(OC2=CC(=CC=C12)N(CC)CC)=O)C=O,C(C(=O)O)N,other,0.6021000146865845,CCCCc1c(C=O)c(=O)oc2cc(N(CC)CC)ccc12,50E4CC3B42DB2A1D81BA2FCB02D3EA8F0BF1EB0B92ACDAB1C80BFBFCC39A06BB,HOST_CAN_0035,PASS,NCC(=O)O,30FE3809EFBE5F6B082D9B94D27A0C7C9ECD1364A816D59C3D31CE32BCDF848E,GUEST_CAN_0774,PASS,AttentiveFP,2,family_cold,other,2.5808987617492676
1417,9,100,[O-]C(=O)COc1ccc2c3c1CNC(=O)c1c(OCC(=O)[O-])ccc4c1ccc1c4C4CC(O1)Oc1c4c4ccc(c(C(=O)NCc5c6c(c7C8c2c(cc3)OC(C8)Oc7cc6)ccc5OCC(=O)[O-])c4cc1)OCC(=O)[O-].[NH4+].[NH4+].[NH4+].[NH4+],CC1OCCO1,other,3.9098000526428223,O=C([O-])COc1ccc2c3c4ccc2c1CNC(=O)c1c(OCC(=O)[O-])ccc2c5c(ccc12)OC1CC5c2c(ccc5c(c(OCC(=O)[O-])ccc25)C(=O)NCc2c(OCC(=O)[O-])ccc5c6c(ccc25)OC(CC36)O4)O1.[NH4+].[NH4+].[NH4+].[NH4+],7D3830C6A6E10F82EEBCC3ED68B861BB21ED63B1DDB277580F3032527E5A1183,HOST_CAN_0139,PASS,CC1OCCO1,8D35FD74236BA64823214DBD94CE4B50363C06DAD857C90F7A7DD977F8C3DA11,GUEST_CAN_0246,PASS,AttentiveFP,2,family_cold,other,3.0249412059783936
1421,49,650,[Na]OS(=O)(=O)CCCOc1ccc(c2c1CN1C(=O)N3[C@]4([C@@]1(N(C2)C(=O)N4CN1[C@@H]2N(C3)C(=O)N3[C@@H]2N(C1=O)CN1[C@@]2(N(C3)C(=O)N3[C@]2(C)N(C1=O)Cc1c(C3)c(OCCCS(=O)(=O)O[Na])ccc1OCCCS(=O)(=O)O[Na])C)C)C)OCCCS(=O)(=O)O[Na],CC12CCC3C(C1CCC2O)CCC4=C3C=CC(=C4)O,other,3.176100015640259,C[C@]12N3Cc4c(OCCCS(=O)(=O)[O][Na])ccc(OCCCS(=O)(=O)[O][Na])c4CN1C(=O)N1CN4C(=O)N5CN6C(=O)N7Cc8c(OCCCS(=O)(=O)[O][Na])ccc(OCCCS(=O)(=O)[O][Na])c8CN8C(=O)N(CN9C(=O)N(CN(C3=O)[C@]12C)[C@@H]4[C@H]95)[C@]6(C)[C@@]78C,C826FABEE0CA0BEBE7AB2E620751B73EB48779DD6C9A550EDEC6672D0197E1E3,HOST_CAN_0086,PASS,CC12CCC3c4ccc(O)cc4CCC3C1CCC2O,2577B97C27E10D71995A6E6E8BF6D1D13506298C5D929838D33C4A134A561C78,GUEST_CAN_0234,PASS,AttentiveFP,2,family_cold,other,5.316623210906982
1437,67,26,COCCOCCOCCN1C2C(N(C1=O)CCOCCOCCOC)N1C(=O)N2CN2C(=O)N(C3C2N(CCOCCOCCOC)C(=O)N3CCOCCOCCOC)CN2C(=O)N(C3C2N(CCOCCOCCOC)C(=O)N3CCOCCOCCOC)CN2C(=O)N(CN3C(=O)N(CN4C(=O)N(C1)C1C4N(C(=O)N1CCOCCOCCOC)CCOCCOCCOC)C1C3N(C(=O)N1CCOCCOCCOC)CCOCCOCCOC)C1C2N(CCOCCOCCOC)C(=O)N1CCOCCOCCOC,C[N+](C)(C)C.[Br-],other,5.113900184631348,COCCOCCOCCN1C(=O)N(CCOCCOCCOC)C2C1N1CN3C(=O)N(CN4C(=O)N(CN5C(=O)N(CN6C(=O)N(CN7C(=O)N(CN2C1=O)C1C7N(CCOCCOCCOC)C(=O)N1CCOCCOCCOC)C1C6N(CCOCCOCCOC)C(=O)N1CCOCCOCCOC)C1C5N(CCOCCOCCOC)C(=O)N1CCOCCOCCOC)C1C4N(CCOCCOCCOC)C(=O)N1CCOCCOCCOC)C1C3N(CCOCCOCCOC)C(=O)N1CCOCCOCCOC,62192EF92C15D4B199D2DAB70679D4FE4B9DB65514F9B760A1D77C13905222B6,HOST_CAN_0056,PASS,C[N+](C)(C)C.[Br-],106908581BCF2696B3EEAD8D13589E489EE5CE3B80E72B912566C7953850AB09,GUEST_CAN_0554,PASS,AttentiveFP,2,family_cold,other,3.373446464538574
1438,60,845,CCCCOc1ccc2c3c1COCc1c(OCCCC)ccc4c1ccc1c4C4CC(O1)Oc1c4c4ccc(c(COCc5c6c(c7C8c2c(cc3)OC(C8)Oc7cc6)ccc5OCCCC)c4cc1)OCCCC,C(CC[N+]12CCN(CC1)CC2)CC[N+]12CCN(CC1)CC2,other,6.322199821472168,CCCCOc1ccc2c3c4ccc2c1COCc1c(OCCCC)ccc2c5c(ccc12)OC1CC5c2c(ccc5c(c(OCCCC)ccc25)COCc2c(OCCCC)ccc5c6c(ccc25)OC(CC36)O4)O1,88DCF2D39B7DF2B43B3F0E5C1B57BDEDED9EEF541105412EB4DABE8747E45264,HOST_CAN_0034,PASS,C(CC[N+]12CCN(CC1)CC2)CC[N+]12CCN(CC1)CC2,BE2D47735363D9C36759D1F4B3006FD1D322B2D73150FB0570C4314CB6000ECE,GUEST_CAN_0011,PASS,AttentiveFP,2,family_cold,other,5.461841583251953
1439,94,711,CC(C(O[Na])=O)OC(C(OC(C)C(O[Na])=O)=C1)=CC2=C1C(C=C(OC(C(O[Na])=O)C)C(OC(C(O[Na])=O)C)=C3)=C3C4=C2C=C(OC(C(O[Na])=O)C)C(OC(C)C(O[Na])=O)=C4,C[N+](C)(C)CC1=CC=CC=C1,other,2.442500114440918,CC(Oc1cc2c3cc(OC(C)C(=O)[O][Na])c(OC(C)C(=O)[O][Na])cc3c3cc(OC(C)C(=O)[O][Na])c(OC(C)C(=O)[O][Na])cc3c2cc1OC(C)C(=O)[O][Na])C(=O)[O][Na],BA584CA32AF40B5CC01118169993C3B68F1DD55FC57084F45766D3D97748C6AD,HOST_CAN_0016,PASS,C[N+](C)(C)Cc1ccccc1,CDE012544980E620277F4811D00218A746C0B569EA3EE49252ACF41EF67EF8BE,GUEST_CAN_0578,PASS,AttentiveFP,2,family_cold,other,3.601109027862549
1441,69,126,NCCN1C=C(N=N1)COC(C=C2)=C(CNCC3=C(OCC(N=N4)=CN4CCN)C=CC5=C3C=C6)C7=C2C8=C(C=C7)OC9CC8C%10=C(O9)C=CC%11=C%10C=CC(OCC(N=N%12)=CN%12CCN)=C%11CNCC%13=C(OCC(N=N%14)=CN%14CCN)C=CC%15=C%13C=CC(O%16)=C%15C%17C5=C6OC%16C%17,NC(C(=O)O)Cc1ccccc1,other,2.4149999618530273,NCCn1cc(COc2ccc3c4c5ccc3c2CNCc2c(OCc3cn(CCN)nn3)ccc3c6c(ccc23)OC2CC6c3c(ccc6c(c(OCc7cn(CCN)nn7)ccc36)CNCc3c(OCc6cn(CCN)nn6)ccc6c7c(ccc36)OC(CC47)O5)O2)nn1,E69AC36986BDADC1E5A61FE9021251B6D5437DB096F231021CE94D055FF4BCBF,HOST_CAN_0113,PASS,NC(Cc1ccccc1)C(=O)O,4B6B1236F1C31D28D9F95F736FF46B2960AFF4F6FCE3D9E76CF43DE2ADDE8B08,GUEST_CAN_0746,PASS,AttentiveFP,2,family_cold,other,3.375670909881592
1444,91,76,C1COCCOCCN2CCOCCOCCN1CCOCCOCC2,[Ba+2],other,9.499699592590332,C1COCCN2CCOCCOCCN(CCO1)CCOCCOCC2,40814B22E6CD93EB1FEFBD67E296A6414B9006E7DE8AD543F38C842653A2E43C,HOST_CAN_0004,PASS,[Ba+2],646B641AF6E7E8BB0EF6865C6EADD1E8EF78BF2568880853D320270397B832AE,GUEST_CAN_1012,PASS,AttentiveFP,2,family_cold,other,2.9613890647888184
1445,75,748,CN1[C@H]2[C@@H](N(C1=O)C)N3CN4[C@@H]5[C@@H](N(C(=O)N5C)C)N(C4=O)CN6[C@@H]7[C@@H](N(C(=O)N7C)C)N(C6=O)CN8[C@@H]9[C@@H](N(C(=O)N9C)C)N(C8=O)CN1[C@@H]4[C@@H](N(C(=O)N4C)C)N(C1=O)CN1[C@@H]4[C@@H](N(C(=O)N4C)C)N(C1=O)CN2C3=O,[Na+].[Na+].[S-2],other,5.041399955749512,CN1C(=O)N(C)[C@@H]2[C@H]1N1CN3C(=O)N(CN4C(=O)N(CN5C(=O)N(CN6C(=O)N(CN7C(=O)N(CN2C1=O)[C@@H]1[C@H]7N(C)C(=O)N1C)[C@@H]1[C@H]6N(C)C(=O)N1C)[C@@H]1[C@H]5N(C)C(=O)N1C)[C@@H]1[C@H]4N(C)C(=O)N1C)[C@@H]1[C@H]3N(C)C(=O)N1C,D6C3F21332661BB9069594818AE00619D2227BBAE869749EDEEAB00A6EE038AA,HOST_CAN_0053,PASS,[Na+].[Na+].[S-2],27D4167B9C55CE3638E5CA89439C1FDA94F68C9F97B9BD6A9B1804CB06A21166,GUEST_CAN_1099,PASS,AttentiveFP,2,family_cold,other,2.3559958934783936
1447,87,847,CCCCOc1c(OCCCC)c2COCc3c(OCCCC)c(OCCCC)c(c4c3cccc4)COCc3c(c(c(COCc4c(c(c(COCc1c1c2cccc1)c1ccccc41)OCCCC)OCCCC)c1c3cccc1)OCCCC)OCCCC,ClC1=CC=C(C[N+](CC2=CC=C(C=C2)Cl)(C)C)C=C1,other,5.342400074005127,CCCCOc1c(OCCCC)c2c3ccccc3c1COCc1c(OCCCC)c(OCCCC)c(c3ccccc13)COCc1c(OCCCC)c(OCCCC)c(c3ccccc13)COCc1c(OCCCC)c(OCCCC)c(c3ccccc13)COC2,A699E12937358A216FBA45A53678131D8F7DBBB042BA5E7F52621C78F0465945,HOST_CAN_0031,PASS,C[N+](C)(Cc1ccc(Cl)cc1)Cc1ccc(Cl)cc1,DC8AD954C24345EA589C1DB08B22AB1D9E767AFB72F208616B6684F99AAA07E9,GUEST_CAN_0594,PASS,AttentiveFP,2,family_cold,other,5.34467887878418
1451,91,201,C1COCCOCCN2CCOCCOCCN1CCOCCOCC2,[Li+],other,2.0,C1COCCN2CCOCCOCCN(CCO1)CCOCCOCC2,40814B22E6CD93EB1FEFBD67E296A6414B9006E7DE8AD543F38C842653A2E43C,HOST_CAN_0004,PASS,[Li+],A7557B375892DC7E581DDC6CA9773574F95B6514113F07A19BDE6059504332FE,GUEST_CAN_1071,PASS,AttentiveFP,2,family_cold,other,1.4291510581970215
1454,64,781,CCCCOc1cc2COCc3cc(OCCCC)cc4c3cc(OCCCC)cc4COCc3c(OCCCC)ccc4c3ccc(c4COCc3c4c(c(COCc5c(c1)c2cc(c5)OCCCC)c(OCCCC)cc4)ccc3OCCCC)OCCCC,C[N+](C=C1)=CC=C1/C=C/C2=CC=[N+](C)C=C2,other,3.470099925994873,CCCCOc1cc2c3cc(OCCCC)cc(c3c1)COCc1cc(OCCCC)cc3c(cc(OCCCC)cc13)COCc1c(OCCCC)ccc3c(c(OCCCC)ccc13)COCc1c(OCCCC)ccc3c(c(OCCCC)ccc13)COC2,05C5083FBF551B3C1AE048E85E6B7F5EB796F7835740F408D7B4DF1173E7C142,HOST_CAN_0032,PASS,C[n+]1ccc(/C=C/c2cc[n+](C)cc2)cc1,14818FE10F046EBD0B8696923FD529607C8E7F65FCD645EC173AF08C6F65A94F,GUEST_CAN_0633,PASS,AttentiveFP,2,family_cold,other,5.275055408477783
1458,33,683,[H]C1(C(C(O[C@](OC2=C1C=C3[C@]4([H])CCC[N+](C)(C)C)([H])C5=CC(O6)=CC(OC7=CC8=CC(C[N+](C)(C)C)=C7)=C5)=C9)=CC%10=C9O[C@](C%11=CC(O8)=CC(OC%12=CC%13=CC(C[N+](C)(C)C)=C%12)=C%11)([H])OC%14=C(C%10([H])CCC[N+](C)(C)C)C=C%15C(O[C@](C%16=CC%17=CC(O%13)=C%16)([H])OC%18=CC(O[C@](C%19=CC(OC%20=CC(O%17)=CC(C[N+](C)(C)C)=C%20)=CC(OC%21=CC6=CC(C[N+](C)(C)C)=C%21)=C%19)([H])OC3=C2)=C4C=C%18[C@]%15([H])CCC[N+](C)(C)C)=C%14)CCC[N+](C)(C)C.[Cl-].[Cl-].[Cl-].[Cl-].[Cl-].[Cl-].[Cl-].[Cl-],ClC(C(=O)[O-])(Cl)Cl.[Na+],other,4.8470001220703125,C[N+](C)(C)CCCC1c2cc3c4cc2O[C@H]2Oc5cc6c(cc51)[C@H](CCC[N+](C)(C)C)c1cc5c7cc1O[C@H](O6)c1cc6cc(c1)Oc1cc(C[N+](C)(C)C)cc(c1)Oc1cc8cc(c1)[C@H](Oc1cc(c(cc1[C@H]5CCC[N+](C)(C)C)C3CCC[N+](C)(C)C)O[C@@H](O4)c1cc(cc(c1)Oc1cc(C[N+](C)(C)C)cc(c1)O8)Oc1cc(C[N+](C)(C)C)cc(c1)Oc1cc(cc2c1)Oc1cc(C[N+](C)(C)C)cc(c1)O6)O7.[Cl-].[Cl-].[Cl-].[Cl-].[Cl-].[Cl-].[Cl-].[Cl-],F783BB4F0E2D9595DCCBD26C1895FCF835428AF86721AF4DD7F78FB07FBB8527,HOST_CAN_0096,PASS,O=C([O-])C(Cl)(Cl)Cl.[Na+],C333BF5BA7BEE4F4DFE1DED1DEDFB77EBEE22DB34BC74E1C6743DA1C66C89ED0,GUEST_CAN_0895,PASS,AttentiveFP,2,family_cold,other,2.5897858142852783
1462,67,53,COCCOCCOCCN1C2C(N(C1=O)CCOCCOCCOC)N1C(=O)N2CN2C(=O)N(C3C2N(CCOCCOCCOC)C(=O)N3CCOCCOCCOC)CN2C(=O)N(C3C2N(CCOCCOCCOC)C(=O)N3CCOCCOCCOC)CN2C(=O)N(CN3C(=O)N(CN4C(=O)N(C1)C1C4N(C(=O)N1CCOCCOCCOC)CCOCCOCCOC)C1C3N(C(=O)N1CCOCCOCCOC)CCOCCOCCOC)C1C2N(CCOCCOCCOC)C(=O)N1CCOCCOCCOC,[Na+].[Cl-],other,3.079200029373169,COCCOCCOCCN1C(=O)N(CCOCCOCCOC)C2C1N1CN3C(=O)N(CN4C(=O)N(CN5C(=O)N(CN6C(=O)N(CN7C(=O)N(CN2C1=O)C1C7N(CCOCCOCCOC)C(=O)N1CCOCCOCCOC)C1C6N(CCOCCOCCOC)C(=O)N1CCOCCOCCOC)C1C5N(CCOCCOCCOC)C(=O)N1CCOCCOCCOC)C1C4N(CCOCCOCCOC)C(=O)N1CCOCCOCCOC)C1C3N(CCOCCOCCOC)C(=O)N1CCOCCOCCOC,62192EF92C15D4B199D2DAB70679D4FE4B9DB65514F9B760A1D77C13905222B6,HOST_CAN_0056,PASS,[Cl-].[Na+],75BE434EC1982F4169BCC68DFF522D1CE80C4ED9F32BD5BD82D1768FC8A5ED44,GUEST_CAN_1040,PASS,AttentiveFP,2,family_cold,other,2.4337730407714844
1466,69,631,NCCN1C=C(N=N1)COC(C=C2)=C(CNCC3=C(OCC(N=N4)=CN4CCN)C=CC5=C3C=C6)C7=C2C8=C(C=C7)OC9CC8C%10=C(O9)C=CC%11=C%10C=CC(OCC(N=N%12)=CN%12CCN)=C%11CNCC%13=C(OCC(N=N%14)=CN%14CCN)C=CC%15=C%13C=CC(O%16)=C%15C%17C5=C6OC%16C%17,CC1(C(N2C(S1)C(C2=O)NC(=O)C(C3=CC=CC=C3)C(=O)O)C(=O)O)C,other,5.57289981842041,NCCn1cc(COc2ccc3c4c5ccc3c2CNCc2c(OCc3cn(CCN)nn3)ccc3c6c(ccc23)OC2CC6c3c(ccc6c(c(OCc7cn(CCN)nn7)ccc36)CNCc3c(OCc6cn(CCN)nn6)ccc6c7c(ccc36)OC(CC47)O5)O2)nn1,E69AC36986BDADC1E5A61FE9021251B6D5437DB096F231021CE94D055FF4BCBF,HOST_CAN_0113,PASS,CC1(C)SC2C(NC(=O)C(C(=O)O)c3ccccc3)C(=O)N2C1C(=O)O,151DED631C5746A3012B120AC3B90450EAA30CCBDE99BC507AEA457991B52051,GUEST_CAN_0208,PASS,AttentiveFP,2,family_cold,other,4.484688758850098
1467,155,175,CC(C)(C)C1=CC(=C(C=C1)NC(=O)NC2=CC=C(C=C2)OC)C#CC3=CC(=CC(=C3)C(C)(C)C)C#CC4=C(C=CC(=C4)C(C)(C)C)NC(=O)NC5=CC=C(C=C5)OC,CCCC[N+](CCCC)(CCCC)CCCC.[I-],other,2.176100015640259,COc1ccc(NC(=O)Nc2ccc(C(C)(C)C)cc2C#Cc2cc(C#Cc3cc(C(C)(C)C)ccc3NC(=O)Nc3ccc(OC)cc3)cc(C(C)(C)C)c2)cc1,C1F98F22E617AF796A86E6F9C15E60915AF24AEF9854A119C87E891B126F642A,HOST_CAN_0071,PASS,CCCC[N+](CCCC)(CCCC)CCCC.[I-],AEB60E90607A4F8C1F949B3EACD125A2B91E0A4DEAD7B24D9097176DB9E506E4,GUEST_CAN_0318,PASS,AttentiveFP,2,family_cold,other,4.792025566101074
1468,136,90,[Na]OS(=O)(=O)CCCOc1c2CN3C(=O)N4[C@]5([C@@]3(N(Cc2c(c2c1cccc2)OCCCS(=O)(=O)O[Na])C(=O)N5CN1[C@@]2(N(C4)C(=O)N3[C@@H]2N(C1=O)CN1[C@@H]2N(C3)C(=O)N3[C@]2(C)N(C1=O)CN1[C@@]2(N(C3)C(=O)N3[C@]2(C)N(C1=O)Cc1c(C3)c(OCCCS(=O)(=O)O[Na])c2c(c1OCCCS(=O)(=O)O[Na])cccc2)C)C)C)C,O=C1C=C(NC(=O)c2cc3ccccc3nc2O)[C@@H]([C@H]2[C@@H]1O2)O,other,6.278800010681152,C[C@]12[C@H]3N4CN5C(=O)N6CN7C(=O)N8Cc9c(c(OCCCS(=O)(=O)[O][Na])c%10ccccc%10c9OCCCS(=O)(=O)[O][Na])CN9C(=O)N(CN%10C(=O)N(CN3C(=O)N1CN1C(=O)N3Cc%11c(c(OCCCS(=O)(=O)[O][Na])c%12ccccc%12c%11OCCCS(=O)(=O)[O][Na])CN%11C(=O)N(CN2C4=O)[C@]1(C)[C@@]3%11C)[C@@H]5[C@]%106C)[C@]7(C)[C@@]89C,1DCA0847E025F86C1C729E9FF98D736A19E955201DE9828E57DA9B852243C5EB,HOST_CAN_0094,PASS,O=C(NC1=CC(=O)[C@H]2O[C@H]2[C@H]1O)c1cc2ccccc2nc1O,FDF8CE2A8B4B2A3DB312AD1231F5B6666439F2E4BEB6DF93515A1333E1D206F0,GUEST_CAN_0852,PASS,AttentiveFP,2,family_cold,other,5.049927711486816
1469,112,175,CC(C)(C)C1=CC(=C(C=C1)NC(=O)NC2=CC=C(C=C2)OC)C#CC3=CC(=CC(=C3)Cl)C#CC4=C(C=CC(=C4)C(C)(C)C)NC(=O)NC5=CC=C(C=C5)OC,CCCC[N+](CCCC)(CCCC)CCCC.[I-],other,2.462399959564209,COc1ccc(NC(=O)Nc2ccc(C(C)(C)C)cc2C#Cc2cc(Cl)cc(C#Cc3cc(C(C)(C)C)ccc3NC(=O)Nc3ccc(OC)cc3)c2)cc1,6714985C95FB4721F34200A13D77E1BF78C94A1DBA43CA1FDFE94E15E6C48A18,HOST_CAN_0075,PASS,CCCC[N+](CCCC)(CCCC)CCCC.[I-],AEB60E90607A4F8C1F949B3EACD125A2B91E0A4DEAD7B24D9097176DB9E506E4,GUEST_CAN_0318,PASS,AttentiveFP,2,family_cold,other,4.762793064117432
1473,37,229,C(CN(CC(=O)O)CC(=O)O)N(CC(=O)O)CC(=O)O,[Na+],other,1.7899999618530273,O=C(O)CN(CCN(CC(=O)O)CC(=O)O)CC(=O)O,6BFD1C3C84BE32FEF0887DE527CC95AE0C3680F389E80993C4242A4E3571F896,HOST_CAN_0123,PASS,[Na+],C967F382B185E1578CB9153250886D12807928AF715FC44BD49BA94ACEDD7043,GUEST_CAN_1098,PASS,AttentiveFP,2,family_cold,other,2.37577486038208
1474,6,832,OC(=O)CCC1c2cc3c4cc2O[C@@H]2Oc5c1cc1c(c5)O[C@@H]5Oc6c([C@@H]1CCC(=O)O)cc1[C@H](c7cc(C3CCC(=O)O)c3O[C@H](O4)c4cc8Oc9cc(Oc%10cc2cc(c%10C(=O)O)Oc2cccc(c2)Oc2cc5cc(c2C(=O)O)Oc2cccc(c2)Oc2cc([C@@H](Oc7c3)Oc1c6)cc(Oc1cc(Oc(c4)c8C(=O)O)ccc1)c2C(=O)O)ccc9)CCC(=O)O,CC(CCC=C(C)C)CC(=O)O,other,2.5999999046325684,O=C(O)CCC1c2cc3c4cc2O[C@H]2Oc5cc6c(cc51)[C@H](CCC(=O)O)c1cc5c7cc1O[C@H](O6)c1cc6c(C(=O)O)c(c1)Oc1cccc(c1)Oc1cc8cc(c1C(=O)O)Oc1cccc(c1)Oc1cc(cc(c1C(=O)O)Oc1cccc(c1)Oc1cc2cc(c1C(=O)O)Oc1cccc(c1)O6)[C@H](O4)Oc1cc(c(cc1C3CCC(=O)O)[C@H]5CCC(=O)O)O[C@@H]8O7,9910B6C324867B78C538BC824892433086D3864FCBD7A2F3E051B7730A9D9689,HOST_CAN_0118,PASS,CC(C)=CCCC(C)CC(=O)O,9581BBEC867A175BEE0AB0944A816BAA43DC7BF55AF73275055BC9B4798AA009,GUEST_CAN_0122,PASS,AttentiveFP,2,family_cold,other,4.496082305908203
1483,67,472,COCCOCCOCCN1C2C(N(C1=O)CCOCCOCCOC)N1C(=O)N2CN2C(=O)N(C3C2N(CCOCCOCCOC)C(=O)N3CCOCCOCCOC)CN2C(=O)N(C3C2N(CCOCCOCCOC)C(=O)N3CCOCCOCCOC)CN2C(=O)N(CN3C(=O)N(CN4C(=O)N(C1)C1C4N(C(=O)N1CCOCCOCCOC)CCOCCOCCOC)C1C3N(C(=O)N1CCOCCOCCOC)CCOCCOCCOC)C1C2N(CCOCCOCCOC)C(=O)N1CCOCCOCCOC,CCCC[N+](CCCC)(CCCC)CCCC.[Br-],other,7.37060022354126,COCCOCCOCCN1C(=O)N(CCOCCOCCOC)C2C1N1CN3C(=O)N(CN4C(=O)N(CN5C(=O)N(CN6C(=O)N(CN7C(=O)N(CN2C1=O)C1C7N(CCOCCOCCOC)C(=O)N1CCOCCOCCOC)C1C6N(CCOCCOCCOC)C(=O)N1CCOCCOCCOC)C1C5N(CCOCCOCCOC)C(=O)N1CCOCCOCCOC)C1C4N(CCOCCOCCOC)C(=O)N1CCOCCOCCOC)C1C3N(CCOCCOCCOC)C(=O)N1CCOCCOCCOC,62192EF92C15D4B199D2DAB70679D4FE4B9DB65514F9B760A1D77C13905222B6,HOST_CAN_0056,PASS,CCCC[N+](CCCC)(CCCC)CCCC.[Br-],6DD8DD4627FCB94C4F4125FAFF1BB3C1B5671EA4BD5502CBFB668600B9692E59,GUEST_CAN_0316,PASS,AttentiveFP,2,family_cold,other,4.822061538696289
1484,164,406,[O-]C(=O)C(F)(F)F.COc1ccc(cc1)NC(=O)Nc1ccc(cc1C#Cc1cccc([nH+]1)C#Cc1cc(ccc1NC(=O)Nc1ccc(cc1)OC)C(C)(C)C)C(C)(C)C,CCCC[N+](CCCC)(CCCC)CCCC.[Cl-],other,4.609600067138672,COc1ccc(NC(=O)Nc2ccc(C(C)(C)C)cc2C#Cc2cccc(C#Cc3cc(C(C)(C)C)ccc3NC(=O)Nc3ccc(OC)cc3)[nH+]2)cc1.O=C([O-])C(F)(F)F,5FB4727141F0130E3582644A389D860E7C3EDD18B20AF0A372C091A66E77E37A,HOST_CAN_0077,PASS,CCCC[N+](CCCC)(CCCC)CCCC.[Cl-],98322306CD8D2EE1FC0B30A96ADB07D77C4823F49CB80B37D40EC2A8BE6D6F00,GUEST_CAN_0317,PASS,AttentiveFP,2,family_cold,other,4.533694744110107
1487,57,128,O=S(OC1=C2C(C3C4=CC5=C(C=C4C2C3)C6C7=C(C5C6)C=CC=C7)=C(OS(=O)([O-])=O)C8=C1C9C%10=CC(C%11C(C=CC=C%12)=C%12C%13C%11)=C%13C=C%10C8C9)([O-])=O.[Na+].[Na+],CC(C(=O)NC(C)C(=O)O)NC(=O)C(CCCCN)N,other,3.5185000896453857,O=S(=O)([O-])Oc1c2c(c(OS(=O)(=O)[O-])c3c1C1CC3c3cc4c(cc31)C1CC4c3ccccc31)C1CC2c2cc3c(cc21)C1CC3c2ccccc21.[Na+].[Na+],5412FB52C8CBD58449E920A6B0055A7974AA5ED214A245A72F491F8E36BD048F,HOST_CAN_0161,PASS,CC(NC(=O)C(C)NC(=O)C(N)CCCCN)C(=O)O,6B60BD9D877B495644FFD1994D39DBA22E57ACB5DF9DF710853F9E07FADFADC2,GUEST_CAN_0185,PASS,AttentiveFP,2,family_cold,other,3.1044669151306152
1490,57,439,O=S(OC1=C2C(C3C4=CC5=C(C=C4C2C3)C6C7=C(C5C6)C=CC=C7)=C(OS(=O)([O-])=O)C8=C1C9C%10=CC(C%11C(C=CC=C%12)=C%12C%13C%11)=C%13C=C%10C8C9)([O-])=O.[Na+].[Na+],C(CCN)CC(C(=O)O)N.Cl,other,3.644399881362915,O=S(=O)([O-])Oc1c2c(c(OS(=O)(=O)[O-])c3c1C1CC3c3cc4c(cc31)C1CC4c3ccccc31)C1CC2c2cc3c(cc21)C1CC3c2ccccc21.[Na+].[Na+],5412FB52C8CBD58449E920A6B0055A7974AA5ED214A245A72F491F8E36BD048F,HOST_CAN_0161,PASS,Cl.NCCCCC(N)C(=O)O,8FFA886A41D9098D64B27B9C9886324CA1B4A58DAD526EF9C6AC5F51515F8B9D,GUEST_CAN_0688,PASS,AttentiveFP,2,family_cold,other,2.800969123840332
1492,48,859,[Na]OS(=O)(=O)CCCOc1c2CN3C(=O)N4[C@]5([C@@]3(N(Cc2c(c2c1cccc2)OCCCS(=O)(=O)O[Na])C(=O)N5CN1[C@@]2(N(C4)C(=O)N3[C@]2(C)N(C1=O)Cc1c(C3)c(OCCCS(=O)(=O)O[Na])c2c(c1OCCCS(=O)(=O)O[Na])cccc2)C)C)C,CCN(CC)C1=CC=C(C=C1)C(=C2C=CC(=[N+](CC)CC)C=C2)C3=CC=CC=C3.OS(=O)(=O)[O-],other,4.52239990234375,C[C@]12N3Cc4c(c(OCCCS(=O)(=O)[O][Na])c5ccccc5c4OCCCS(=O)(=O)[O][Na])CN1C(=O)N1CN4C(=O)N5Cc6c(c(OCCCS(=O)(=O)[O][Na])c7ccccc7c6OCCCS(=O)(=O)[O][Na])CN6C(=O)N(CN(C3=O)[C@]12C)[C@]4(C)[C@@]56C,D18B807A904C56B05E199911FB10FFB774349CC49BBD32D2EFAFF4C892BA649F,HOST_CAN_0090,PASS,CCN(CC)c1ccc(C(=C2C=CC(=[N+](CC)CC)C=C2)c2ccccc2)cc1.O=S(=O)([O-])O,4996D5FB6DA224E57BC15876728009B9CD797AD2913353D79E82EA923EB167D7,GUEST_CAN_0345,PASS,AttentiveFP,2,family_cold,other,4.681816101074219
1497,116,456,CC(C)(C)C1=CC(=C(C=C1)NC(=O)NC2=CC=C(C=C2)OC)C#CC3=CC(=CC(=C3)N(C)C)C#CC4=C(C=CC(=C4)C(C)(C)C)NC(=O)NC5=CC=C(C=C5)OC,[N+](=O)([O-])[O-].C(CCC)[N+](CCCC)(CCCC)CCCC,other,3.2355000972747803,COc1ccc(NC(=O)Nc2ccc(C(C)(C)C)cc2C#Cc2cc(C#Cc3cc(C(C)(C)C)ccc3NC(=O)Nc3ccc(OC)cc3)cc(N(C)C)c2)cc1,54B20EB27C4699C1202B0399C1AE71AFF8DC93A9AD03D3DF803BFDD7940389BD,HOST_CAN_0072,PASS,CCCC[N+](CCCC)(CCCC)CCCC.O=[N+]([O-])[O-],6D4B26D3D683A1392C95388B8B9856D8C2F81515BE0ED5278F99FF88C33B25A7,GUEST_CAN_0315,PASS,AttentiveFP,2,family_cold,other,4.69783878326416
1498,150,862,O=C1NCC[NH](Cc2c3ccccc3cc3c2cccc3)[Cu]2[NH2][C@H](CC1)C(=O)NCC[NH]2Cc1c2ccccc2cc2c1cccc2.CCC,N[C@@H](C(=O)O)C,other,2.837599992752075,CCC.O=C1CC[C@H]2[NH2]->[Cu](<-[NH](CCN1)Cc1c3ccccc3cc3ccccc13)<-[NH](CCNC2=O)Cc1c2ccccc2cc2ccccc12,0CCB8B2F201660ACBDCF2A6D8DD6BF965C026E49083506933917531280C9F6F2,HOST_CAN_0020,PASS,C[C@@H](N)C(=O)O,5110E7190BDBD9979A26E15B54CDC441EA6C80AD2D8518757AD90E3A4607A33F,GUEST_CAN_0537,PASS,AttentiveFP,2,family_cold,other,2.4022347927093506
1503,28,170,O=C1N2[C@@]3([H])[C@@]4([H])N1CC5=CC=CC=C5CN4C(N3CN(C(N6CN(C(N7CN(C(N8CC(C=CC=C9)=C9C%10)=O)[C@]([C@]8([H])N%10C%11=O)([H])N%11C%12)=O)[C@]([C@]7([H])N%12C%13=O)([H])N%13C%14)=O)[C@]([C@]6([H])N%14C%15=O)([H])N%15C2)=O,[NH3+]CCCC[NH3+],other,3.748199939727783,O=C1N2Cc3ccccc3CN3C(=O)N4CN5C(=O)N6CN7C(=O)N8CN9C(=O)N%10Cc%11ccccc%11CN%11C(=O)N(CN%12C(=O)N(CN%13C(=O)N(CN1[C@H]4[C@H]32)[C@@H]5[C@H]%136)[C@@H]7[C@H]%128)[C@@H]9[C@H]%11%10,C06DBA8CB1A01AEB8337B71D87CD1B30E9CBAC6D34129CB5457249ED32FE0331,HOST_CAN_0151,PASS,[NH3+]CCCC[NH3+],E784E21CDCC374849454B4BBAEDEC0DD2BF05295ACB829CC80284AC7800CF77E,GUEST_CAN_1088,PASS,AttentiveFP,2,family_cold,other,4.982748031616211
1506,64,339,CCCCOc1cc2COCc3cc(OCCCC)cc4c3cc(OCCCC)cc4COCc3c(OCCCC)ccc4c3ccc(c4COCc3c4c(c(COCc5c(c1)c2cc(c5)OCCCC)c(OCCCC)cc4)ccc3OCCCC)OCCCC,C[N+]1=CC2=CC=CC=C2C=C1,other,2.969899892807007,CCCCOc1cc2c3cc(OCCCC)cc(c3c1)COCc1cc(OCCCC)cc3c(cc(OCCCC)cc13)COCc1c(OCCCC)ccc3c(c(OCCCC)ccc13)COCc1c(OCCCC)ccc3c(c(OCCCC)ccc13)COC2,05C5083FBF551B3C1AE048E85E6B7F5EB796F7835740F408D7B4DF1173E7C142,HOST_CAN_0032,PASS,C[n+]1ccc2ccccc2c1,E0E3A8758F01B6E7EFEE6752B61621DBB91F8E2DF46ACE46FCD88F51F964AF40,GUEST_CAN_0638,PASS,AttentiveFP,2,family_cold,other,4.514883995056152
1508,59,22,CN(CCCCCC1=C(C(OC2=C1C=CC(=C2)N(CC)CC)=O)C=O)CC2=C(C=CC=C2)B(O)O,CNCC(C1=CC(=C(C=C1)O)O)O,other,3.6989998817443848,CCN(CC)c1ccc2c(CCCCCN(C)Cc3ccccc3B(O)O)c(C=O)c(=O)oc2c1,B861F92B136135BCA309B8D669CABB847130F510F34D71F80DA21B31360935DE,HOST_CAN_0040,PASS,CNCC(O)c1ccc(O)c(O)c1,6ECE6CFFF6E84A2846BFDF3E647E6C18CCEA435B77A528E23C38803D697997FC,GUEST_CAN_0428,PASS,AttentiveFP,2,family_cold,other,2.6726932525634766
1509,138,650,[Na]OS(=O)(=O)CCCOc1c2CN3C(=O)N4[C@]5([C@@]3(N(Cc2c(c2c1cccc2)OCCCS(=O)(=O)O[Na])C(=O)N5Cc1c(C4)c(OCCCS(=O)(=O)O[Na])c2c(c1OCCCS(=O)(=O)O[Na])cccc2)C)C,CC12CCC3C(C1CCC2O)CCC4=C3C=CC(=C4)O,other,3.4149999618530273,C[C@]12N3Cc4c(c(OCCCS(=O)(=O)[O][Na])c5ccccc5c4OCCCS(=O)(=O)[O][Na])CN1C(=O)N1Cc4c(c(OCCCS(=O)(=O)[O][Na])c5ccccc5c4OCCCS(=O)(=O)[O][Na])CN(C3=O)[C@]12C,4FD5936996CA6AE9CBA0A8E58EA53E5320846DE9035AA8E34BD0DB671FD71161,HOST_CAN_0091,PASS,CC12CCC3c4ccc(O)cc4CCC3C1CCC2O,2577B97C27E10D71995A6E6E8BF6D1D13506298C5D929838D33C4A134A561C78,GUEST_CAN_0234,PASS,AttentiveFP,2,family_cold,other,4.128303527832031
1510,9,196,[O-]C(=O)COc1ccc2c3c1CNC(=O)c1c(OCC(=O)[O-])ccc4c1ccc1c4C4CC(O1)Oc1c4c4ccc(c(C(=O)NCc5c6c(c7C8c2c(cc3)OC(C8)Oc7cc6)ccc5OCC(=O)[O-])c4cc1)OCC(=O)[O-].[NH4+].[NH4+].[NH4+].[NH4+],CCOCC,other,2.462399959564209,O=C([O-])COc1ccc2c3c4ccc2c1CNC(=O)c1c(OCC(=O)[O-])ccc2c5c(ccc12)OC1CC5c2c(ccc5c(c(OCC(=O)[O-])ccc25)C(=O)NCc2c(OCC(=O)[O-])ccc5c6c(ccc25)OC(CC36)O4)O1.[NH4+].[NH4+].[NH4+].[NH4+],7D3830C6A6E10F82EEBCC3ED68B861BB21ED63B1DDB277580F3032527E5A1183,HOST_CAN_0139,PASS,CCOCC,F2EF24D8A92C71B25A77CA5F108DAD81819066E2824CDD28DF5B970402C795D1,GUEST_CAN_0365,PASS,AttentiveFP,2,family_cold,other,2.7876977920532227
1513,104,13,C1COCCOCCN2CCOCCOCCN1CCOCCOCCOCC2,[Cs+],other,2.0,C1COCCN2CCOCCOCCN(CCOCCO1)CCOCCOCC2,FC2FBDD1CDCC0BE65573222C4E8FD2959C4D898D99922B825F4B9F435E9AD133,HOST_CAN_0005,PASS,[Cs+],2007C7CB8E9E407AF1FE3CC70080E500F82FCC5BB652DA30AE9309E09D1E52EF,GUEST_CAN_1052,PASS,AttentiveFP,2,family_cold,other,2.1255533695220947
1519,9,763,[O-]C(=O)COc1ccc2c3c1CNC(=O)c1c(OCC(=O)[O-])ccc4c1ccc1c4C4CC(O1)Oc1c4c4ccc(c(C(=O)NCc5c6c(c7C8c2c(cc3)OC(C8)Oc7cc6)ccc5OCC(=O)[O-])c4cc1)OCC(=O)[O-].[NH4+].[NH4+].[NH4+].[NH4+],C[C@@H]1O[C@H]1C,other,2.4997000694274902,O=C([O-])COc1ccc2c3c4ccc2c1CNC(=O)c1c(OCC(=O)[O-])ccc2c5c(ccc12)OC1CC5c2c(ccc5c(c(OCC(=O)[O-])ccc25)C(=O)NCc2c(OCC(=O)[O-])ccc5c6c(ccc25)OC(CC36)O4)O1.[NH4+].[NH4+].[NH4+].[NH4+],7D3830C6A6E10F82EEBCC3ED68B861BB21ED63B1DDB277580F3032527E5A1183,HOST_CAN_0139,PASS,C[C@@H]1O[C@H]1C,F21FD3C31091A6E6133FB3C41651DAD15885158587F0A86FC0C818271D1DDA46,GUEST_CAN_0542,PASS,AttentiveFP,2,family_cold,other,3.1448943614959717
1521,64,869,CCCCOc1cc2COCc3cc(OCCCC)cc4c3cc(OCCCC)cc4COCc3c(OCCCC)ccc4c3ccc(c4COCc3c4c(c(COCc5c(c1)c2cc(c5)OCCCC)c(OCCCC)cc4)ccc3OCCCC)OCCCC,CC[N+](CC)(CC)CC,other,3.9953999519348145,CCCCOc1cc2c3cc(OCCCC)cc(c3c1)COCc1cc(OCCCC)cc3c(cc(OCCCC)cc13)COCc1c(OCCCC)ccc3c(c(OCCCC)ccc13)COCc1c(OCCCC)ccc3c(c(OCCCC)ccc13)COC2,05C5083FBF551B3C1AE048E85E6B7F5EB796F7835740F408D7B4DF1173E7C142,HOST_CAN_0032,PASS,CC[N+](CC)(CC)CC,B88C5257C97DE4A4CD2057FF76B9D05D4E8EA2335456C5992BDF64CAACB38988,GUEST_CAN_0372,PASS,AttentiveFP,2,family_cold,other,3.98311185836792
1525,102,22,C1C2=CC=C(C[N+]3=CC=C(C=C3)C4=CC=[N+](CC5=CC=C(C[N+]6=CC=C(C=C6)C7=CC=[N+]1C=C7)C=C5)C=C4)C=C2.F[P-](F)(F)(F)(F)F.F[P-](F)(F)(F)(F)F.F[P-](F)(F)(F)(F)F.F[P-](F)(F)(F)(F)F,CNCC(C1=CC(=C(C=C1)O)O)O,other,2.7781999111175537,F[P-](F)(F)(F)(F)F.F[P-](F)(F)(F)(F)F.F[P-](F)(F)(F)(F)F.F[P-](F)(F)(F)(F)F.c1cc2ccc1C[n+]1ccc(cc1)-c1cc[n+](cc1)Cc1ccc(cc1)C[n+]1ccc(cc1)-c1cc[n+](cc1)C2,0F2553E080CE2D9CBEC36FEC297EF4CF441DFE215349B4C10A84D4A1E91451C0,HOST_CAN_0102,PASS,CNCC(O)c1ccc(O)c(O)c1,6ECE6CFFF6E84A2846BFDF3E647E6C18CCEA435B77A528E23C38803D697997FC,GUEST_CAN_0428,PASS,AttentiveFP,2,family_cold,other,0.9504084587097168
1543,104,63,C1COCCOCCN2CCOCCOCCN1CCOCCOCCOCC2,[Rb+],other,2.049999952316284,C1COCCN2CCOCCOCCN(CCOCCO1)CCOCCOCC2,FC2FBDD1CDCC0BE65573222C4E8FD2959C4D898D99922B825F4B9F435E9AD133,HOST_CAN_0005,PASS,[Rb+],A81E1030429F736D8E35EA84C21CDFC8BA21CABFAB462465BE82BDA25EAD58DF,GUEST_CAN_1109,PASS,AttentiveFP,2,family_cold,other,2.1255533695220947
1544,75,699,CN1[C@H]2[C@@H](N(C1=O)C)N3CN4[C@@H]5[C@@H](N(C(=O)N5C)C)N(C4=O)CN6[C@@H]7[C@@H](N(C(=O)N7C)C)N(C6=O)CN8[C@@H]9[C@@H](N(C(=O)N9C)C)N(C8=O)CN1[C@@H]4[C@@H](N(C(=O)N4C)C)N(C1=O)CN1[C@@H]4[C@@H](N(C(=O)N4C)C)N(C1=O)CN2C3=O,[N+](=O)([O-])[O-],other,4.204100131988525,CN1C(=O)N(C)[C@@H]2[C@H]1N1CN3C(=O)N(CN4C(=O)N(CN5C(=O)N(CN6C(=O)N(CN7C(=O)N(CN2C1=O)[C@@H]1[C@H]7N(C)C(=O)N1C)[C@@H]1[C@H]6N(C)C(=O)N1C)[C@@H]1[C@H]5N(C)C(=O)N1C)[C@@H]1[C@H]4N(C)C(=O)N1C)[C@@H]1[C@H]3N(C)C(=O)N1C,D6C3F21332661BB9069594818AE00619D2227BBAE869749EDEEAB00A6EE038AA,HOST_CAN_0053,PASS,O=[N+]([O-])[O-],8EDFDB3DA8BB7AA2E992B049D5950CF49B785834A9F5AC1FB62D0A31E3906574,GUEST_CAN_0940,PASS,AttentiveFP,2,family_cold,other,3.110339641571045
1552,10,309,[O-]P(=O)(Oc1c2c(c(c3c1C1CC3c3c1cc1c(c3)C3CC1c1c3cccc1)OP(=O)([O-])[O-])C1CC2c2c1cc1c(c2)C2CC1c1c2cccc1)[O-].[Li+].[Li+].[Li+].[Li+],C(CC(C(=O)NCC(=O)NC(CC(=O)O)C(=O)O)N)CN=C(N)N,other,4.06820011138916,O=P([O-])([O-])Oc1c2c(c(OP(=O)([O-])[O-])c3c1C1CC3c3cc4c(cc31)C1CC4c3ccccc31)C1CC2c2cc3c(cc21)C1CC3c2ccccc21.[Li+].[Li+].[Li+].[Li+],9F96092125310177FDA593FD76E40B15009450ADCC25B07ACF29665B7272FC4E,HOST_CAN_0152,PASS,NC(N)=NCCCC(N)C(=O)NCC(=O)NC(CC(=O)O)C(=O)O,75B8F54B2446F97BADDAFBEF1FDAB4C52BDB7DBB59F03A5A8B4C94A46F7DF56A,GUEST_CAN_0750,PASS,AttentiveFP,2,family_cold,other,2.7459616661071777
1553,69,810,NCCN1C=C(N=N1)COC(C=C2)=C(CNCC3=C(OCC(N=N4)=CN4CCN)C=CC5=C3C=C6)C7=C2C8=C(C=C7)OC9CC8C%10=C(O9)C=CC%11=C%10C=CC(OCC(N=N%12)=CN%12CCN)=C%11CNCC%13=C(OCC(N=N%14)=CN%14CCN)C=CC%15=C%13C=CC(O%16)=C%15C%17C5=C6OC%16C%17,C1=CC=C(C=C1)C(C(=O)O)N,other,2.079200029373169,NCCn1cc(COc2ccc3c4c5ccc3c2CNCc2c(OCc3cn(CCN)nn3)ccc3c6c(ccc23)OC2CC6c3c(ccc6c(c(OCc7cn(CCN)nn7)ccc36)CNCc3c(OCc6cn(CCN)nn6)ccc6c7c(ccc36)OC(CC47)O5)O2)nn1,E69AC36986BDADC1E5A61FE9021251B6D5437DB096F231021CE94D055FF4BCBF,HOST_CAN_0113,PASS,NC(C(=O)O)c1ccccc1,E1EE48BC2F1341B9FB8D634CA81F93D4C0432CFDD613C9AB5049A2DEEE2D8D8B,GUEST_CAN_0728,PASS,AttentiveFP,2,family_cold,other,3.197929859161377
1555,117,456,CC(C)(C)C1=CC(=C(C=C1)NC(=O)NC2=CC=C(C=C2)OC)C#CC3=CC(=CC=C3)C#CC4=C(C=CC(=C4)C(C)(C)C)NC(=O)NC5=CC=C(C=C5)OC,[N+](=O)([O-])[O-].C(CCC)[N+](CCCC)(CCCC)CCCC,other,3.5197999477386475,COc1ccc(NC(=O)Nc2ccc(C(C)(C)C)cc2C#Cc2cccc(C#Cc3cc(C(C)(C)C)ccc3NC(=O)Nc3ccc(OC)cc3)c2)cc1,494C057AF3883280A50FECE7741A3608EDE28ABABC7B8B78AEB79306A119556D,HOST_CAN_0078,PASS,CCCC[N+](CCCC)(CCCC)CCCC.O=[N+]([O-])[O-],6D4B26D3D683A1392C95388B8B9856D8C2F81515BE0ED5278F99FF88C33B25A7,GUEST_CAN_0315,PASS,AttentiveFP,2,family_cold,other,4.718299388885498
1557,70,880,COc1ccc2-c3ccc(c(c3)C#Cc3cc(OC)ccc3-c3ccc(c(c3)C#Cc3cc(OC)ccc3-c3cc(C#Cc4c(-c5c(C#Cc6c(-c7c(C#Cc2c1)cc(OC)cc7)ccc(c6)OC)cc(OC)cc5)ccc(c4)OC)c(OC)cc3)OC)OC,C[N+]([C@]12C[C@@H]3C[C@H](C1)C[C@](C2)(C3)[N+](C)(C)C)(C)C,other,5.262499809265137,COc1ccc2c(c1)C#Cc1cc(ccc1OC)-c1ccc(OC)cc1C#Cc1cc(OC)ccc1-c1ccc(OC)cc1C#Cc1cc(OC)ccc1-c1ccc(OC)cc1C#Cc1cc(ccc1OC)-c1ccc(OC)cc1C#Cc1cc-2ccc1OC,B364BE40B8DDA45F28F670D2A9202F02E384B90196F7CF9F650990A32B5B26FC,HOST_CAN_0080,PASS,C[N+](C)(C)[C@]12C[C@H]3C[C@H](C[C@]([N+](C)(C)C)(C3)C1)C2,A664289C7CCF8EC360E047A8880019C66AA717B48B838E15CB8AF6C5D1A965E1,GUEST_CAN_0582,PASS,AttentiveFP,2,family_cold,other,5.554403781890869
1558,64,881,CCCCOc1cc2COCc3cc(OCCCC)cc4c3cc(OCCCC)cc4COCc3c(OCCCC)ccc4c3ccc(c4COCc3c4c(c(COCc5c(c1)c2cc(c5)OCCCC)c(OCCCC)cc4)ccc3OCCCC)OCCCC,C(CCCCC)[N+]1=CC=CC=C1,other,3.38700008392334,CCCCOc1cc2c3cc(OCCCC)cc(c3c1)COCc1cc(OCCCC)cc3c(cc(OCCCC)cc13)COCc1c(OCCCC)ccc3c(c(OCCCC)ccc13)COCc1c(OCCCC)ccc3c(c(OCCCC)ccc13)COC2,05C5083FBF551B3C1AE048E85E6B7F5EB796F7835740F408D7B4DF1173E7C142,HOST_CAN_0032,PASS,CCCCCC[n+]1ccccc1,F475C21AC1035C4620B48674F72A19F7349DCE54A4C2772ABD51391B13355FE3,GUEST_CAN_0302,PASS,AttentiveFP,2,family_cold,other,4.513424873352051
1559,43,63,C1COCCN2CCOCCN1CCOCCOCC2,[Rb+],other,2.0,C1COCCN2CCOCCN(CCO1)CCOCC2,98A94C64ADA3B0E00FCE78FE7388B30022CC2F26C8BCF54DDABD5207E5AA7E8C,HOST_CAN_0002,PASS,[Rb+],A81E1030429F736D8E35EA84C21CDFC8BA21CABFAB462465BE82BDA25EAD58DF,GUEST_CAN_1109,PASS,AttentiveFP,2,family_cold,other,2.360896110534668
1562,19,882,O=C1N(CC4=CC=C(C(O)=O)C=C4)C3C(N(CN%21C%20=O)C(N3CN(C(N7CN(C(N%11CN(C(N%15CN(C(N%19CN%20C%23C%21N(CC%25=CC=C(C(O)=O)C=C%25)C(N%23CC%24=CC=C(C(O)=O)C=C%24)=O)=O)C%17C%19N(CC%22=CC=C(C(O)=O)C=C%22)C(N%17CC%18=CC=C(C(O)=O)C=C%18)=O)=O)C%13C%15N(CC%16=CC=C(C(O)=O)C=C%16)C(N%13CC%14=CC=C(C(O)=O)C=C%14)=O)=O)C9C%11N(CC%12=CC=C(C(O)=O)C=C%12)C(N9CC%10=CC=C(C(O)=O)C=C%10)=O)=O)C5C7N(CC8=CC=C(C(O)=O)C=C8)C(N5CC6=CC=C(C(O)=O)C=C6)=O)=O)N1CC2=CC=C(C(O)=O)C=C2,[O-][I](=O)(=O)=O,other,3.8129000663757324,O=C(O)c1ccc(CN2C(=O)N(Cc3ccc(C(=O)O)cc3)C3C2N2CN4C(=O)N(CN5C(=O)N(CN6C(=O)N(CN7C(=O)N(CN8C(=O)N(CN3C2=O)C2C8N(Cc3ccc(C(=O)O)cc3)C(=O)N2Cc2ccc(C(=O)O)cc2)C2C7N(Cc3ccc(C(=O)O)cc3)C(=O)N2Cc2ccc(C(=O)O)cc2)C2C6N(Cc3ccc(C(=O)O)cc3)C(=O)N2Cc2ccc(C(=O)O)cc2)C2C5N(Cc3ccc(C(=O)O)cc3)C(=O)N2Cc2ccc(C(=O)O)cc2)C2C4N(Cc3ccc(C(=O)O)cc3)C(=O)N2Cc2ccc(C(=O)O)cc2)cc1,5BFAE42297A9EBC8CE307175405F2DA12222FDEAA2AA87FF2D5843CBEC077A9C,HOST_CAN_0133,PASS,[O-][I+3]([O-])([O-])[O-],9A0431753E38FD4BC142DE41CC9021A29521438B7680C6AEED710D4C686F81EE,GUEST_CAN_1106,PASS,AttentiveFP,2,family_cold,other,3.388158082962036
1565,12,88,O1CCOCCN2CCOCCOCCOCCN(CCOCC1)CCOCCOCCOCC2,[Ca+2],other,2.0,C1COCCN2CCOCCOCCOCCN(CCOCCO1)CCOCCOCCOCC2,85C7C02142B236ECBC1FC9E9A1DD4E3252A7651F7F5B037994877CF5373B1DC8,HOST_CAN_0006,PASS,[Ca+2],561732356B8592F747BA6C15EFCD099F7FAD62C4ABEDA9A81D86C4D38151E987,GUEST_CAN_1020,PASS,AttentiveFP,2,family_cold,other,2.291238307952881
1567,17,179,COP(=O)(Cc1cc2ccc1OCc1cc(COc3ccc(cc3CP(=O)(OC)[O-])C(C)(C)c3ccc(OCc4cc(COc5ccc(C2(C)C)cc5CP(=O)(OC)[O-])cc(c4)[N+](=O)[O-])c(c3)CP(=O)(OC)[O-])cc(c1)[N+](=O)[O-])[O-],C1=CC=C(C=C1)CCN,other,2.0085999965667725,COP(=O)([O-])Cc1cc2ccc1OCc1cc(cc([N+](=O)[O-])c1)COc1ccc(cc1CP(=O)([O-])OC)C(C)(C)c1ccc(c(CP(=O)([O-])OC)c1)OCc1cc(cc([N+](=O)[O-])c1)COc1ccc(cc1CP(=O)([O-])OC)C2(C)C,5C9812D0AA59E8C93387DCBA9CDBD0E45705FA87B439937B162042CB092EC8B9,HOST_CAN_0069,PASS,NCCc1ccccc1,20724EB6252B3BE684E3EEE1008167D05DC1C66AC6A0CE7431D3DA656212716C,GUEST_CAN_0810,PASS,AttentiveFP,2,family_cold,other,1.5717511177062988
1568,9,62,[O-]C(=O)COc1ccc2c3c1CNC(=O)c1c(OCC(=O)[O-])ccc4c1ccc1c4C4CC(O1)Oc1c4c4ccc(c(C(=O)NCc5c6c(c7C8c2c(cc3)OC(C8)Oc7cc6)ccc5OCC(=O)[O-])c4cc1)OCC(=O)[O-].[NH4+].[NH4+].[NH4+].[NH4+],CC(=O)C,other,2.0,O=C([O-])COc1ccc2c3c4ccc2c1CNC(=O)c1c(OCC(=O)[O-])ccc2c5c(ccc12)OC1CC5c2c(ccc5c(c(OCC(=O)[O-])ccc25)C(=O)NCc2c(OCC(=O)[O-])ccc5c6c(ccc25)OC(CC36)O4)O1.[NH4+].[NH4+].[NH4+].[NH4+],7D3830C6A6E10F82EEBCC3ED68B861BB21ED63B1DDB277580F3032527E5A1183,HOST_CAN_0139,PASS,CC(C)=O,DE84A3A5E7D86FB53FE767B079B6E324B7F486E3EE690B86B06FD5D7231FB01C,GUEST_CAN_0123,PASS,AttentiveFP,2,family_cold,other,2.7761807441711426
1569,94,884,CC(C(O[Na])=O)OC(C(OC(C)C(O[Na])=O)=C1)=CC2=C1C(C=C(OC(C(O[Na])=O)C)C(OC(C(O[Na])=O)C)=C3)=C3C4=C2C=C(OC(C(O[Na])=O)C)C(OC(C)C(O[Na])=O)=C4,C(C1C(C(C(C(O1)OC2C(OC(C(C2O)O)O)CO)O)O)O)O,other,0.0,CC(Oc1cc2c3cc(OC(C)C(=O)[O][Na])c(OC(C)C(=O)[O][Na])cc3c3cc(OC(C)C(=O)[O][Na])c(OC(C)C(=O)[O][Na])cc3c2cc1OC(C)C(=O)[O][Na])C(=O)[O][Na],BA584CA32AF40B5CC01118169993C3B68F1DD55FC57084F45766D3D97748C6AD,HOST_CAN_0016,PASS,OCC1OC(OC2C(CO)OC(O)C(O)C2O)C(O)C(O)C1O,088616300A3B38A86867A559C1C8D877740C0BAADCA29ED3C49DA5BAC696A4E0,GUEST_CAN_0971,PASS,AttentiveFP,2,family_cold,other,2.6565139293670654
1571,31,378,[Li+].[Li+].COP(OC)(=O)CC1=CC(=CC(=C1)NC(CCCNCC1=C(C=CC=C1)B(O)O)=O)CP([O-])([O-])=O,C1=CC=C2C(=C1)C(=O)C3=C(C2=O)C(=C(C(=C3)CN(CC(=O)O)CC(=O)O)O)O,other,3.2040998935699463,COP(=O)(Cc1cc(CP(=O)([O-])[O-])cc(NC(=O)CCCNCc2ccccc2B(O)O)c1)OC.[Li+].[Li+],7C21E70373346443530CC627F376BB4B733535AF04E79A7E4ACEFF4D5857B371,HOST_CAN_0066,PASS,O=C(O)CN(CC(=O)O)Cc1cc2c(c(O)c1O)C(=O)c1ccccc1C2=O,E887A26EAB39D6C9D28AD9BD84869C714BE8C45C9144226A9A92B6CA8F1CF041,GUEST_CAN_0877,PASS,AttentiveFP,2,family_cold,other,3.1506032943725586
1573,124,406,CC(C)(C)C1=CC(=C(C=C1)NC(=O)NC2=CC=C(C=C2)OC)C#CC3=CC(=CC(=C3)[N+](=O)[O-])C#CC4=C(C=CC(=C4)C(C)(C)C)NC(=O)NC5=CC=C(C=C5)OC,CCCC[N+](CCCC)(CCCC)CCCC.[Cl-],other,4.390900135040283,COc1ccc(NC(=O)Nc2ccc(C(C)(C)C)cc2C#Cc2cc(C#Cc3cc(C(C)(C)C)ccc3NC(=O)Nc3ccc(OC)cc3)cc([N+](=O)[O-])c2)cc1,8DCC7464D23383F1AE40036D7D458C209BF9C2BB013AE26B6E3A977C1D16796E,HOST_CAN_0074,PASS,CCCC[N+](CCCC)(CCCC)CCCC.[Cl-],98322306CD8D2EE1FC0B30A96ADB07D77C4823F49CB80B37D40EC2A8BE6D6F00,GUEST_CAN_0317,PASS,AttentiveFP,2,family_cold,other,4.760149955749512
1574,9,656,[O-]C(=O)COc1ccc2c3c1CNC(=O)c1c(OCC(=O)[O-])ccc4c1ccc1c4C4CC(O1)Oc1c4c4ccc(c(C(=O)NCc5c6c(c7C8c2c(cc3)OC(C8)Oc7cc6)ccc5OCC(=O)[O-])c4cc1)OCC(=O)[O-].[NH4+].[NH4+].[NH4+].[NH4+],CC1(OC1)C,other,2.4518001079559326,O=C([O-])COc1ccc2c3c4ccc2c1CNC(=O)c1c(OCC(=O)[O-])ccc2c5c(ccc12)OC1CC5c2c(ccc5c(c(OCC(=O)[O-])ccc25)C(=O)NCc2c(OCC(=O)[O-])ccc5c6c(ccc25)OC(CC36)O4)O1.[NH4+].[NH4+].[NH4+].[NH4+],7D3830C6A6E10F82EEBCC3ED68B861BB21ED63B1DDB277580F3032527E5A1183,HOST_CAN_0139,PASS,CC1(C)CO1,FCB3003CA77B8C6CB4ACB0FAB17248B1AD99F5C17CD1AF395AC306DD21211DAF,GUEST_CAN_0206,PASS,AttentiveFP,2,family_cold,other,3.183220624923706
1578,43,13,C1COCCN2CCOCCN1CCOCCOCC2,[Cs+],other,2.0,C1COCCN2CCOCCN(CCO1)CCOCC2,98A94C64ADA3B0E00FCE78FE7388B30022CC2F26C8BCF54DDABD5207E5AA7E8C,HOST_CAN_0002,PASS,[Cs+],2007C7CB8E9E407AF1FE3CC70080E500F82FCC5BB652DA30AE9309E09D1E52EF,GUEST_CAN_1052,PASS,AttentiveFP,2,family_cold,other,2.360896110534668
1581,9,295,[O-]C(=O)COc1ccc2c3c1CNC(=O)c1c(OCC(=O)[O-])ccc4c1ccc1c4C4CC(O1)Oc1c4c4ccc(c(C(=O)NCc5c6c(c7C8c2c(cc3)OC(C8)Oc7cc6)ccc5OCC(=O)[O-])c4cc1)OCC(=O)[O-].[NH4+].[NH4+].[NH4+].[NH4+],C1CCSCC1,other,1.8128999471664429,O=C([O-])COc1ccc2c3c4ccc2c1CNC(=O)c1c(OCC(=O)[O-])ccc2c5c(ccc12)OC1CC5c2c(ccc5c(c(OCC(=O)[O-])ccc25)C(=O)NCc2c(OCC(=O)[O-])ccc5c6c(ccc25)OC(CC36)O4)O1.[NH4+].[NH4+].[NH4+].[NH4+],7D3830C6A6E10F82EEBCC3ED68B861BB21ED63B1DDB277580F3032527E5A1183,HOST_CAN_0139,PASS,C1CCSCC1,A9CBF306F6DA1FCB34760A9B9B96AD454AFE05B414B3AB4EB9CC9F5731B70047,GUEST_CAN_0031,PASS,AttentiveFP,2,family_cold,other,3.7779812812805176
1583,10,439,[O-]P(=O)(Oc1c2c(c(c3c1C1CC3c3c1cc1c(c3)C3CC1c1c3cccc1)OP(=O)([O-])[O-])C1CC2c2c1cc1c(c2)C2CC1c1c2cccc1)[O-].[Li+].[Li+].[Li+].[Li+],C(CCN)CC(C(=O)O)N.Cl,other,4.389100074768066,O=P([O-])([O-])Oc1c2c(c(OP(=O)([O-])[O-])c3c1C1CC3c3cc4c(cc31)C1CC4c3ccccc31)C1CC2c2cc3c(cc21)C1CC3c2ccccc21.[Li+].[Li+].[Li+].[Li+],9F96092125310177FDA593FD76E40B15009450ADCC25B07ACF29665B7272FC4E,HOST_CAN_0152,PASS,Cl.NCCCCC(N)C(=O)O,8FFA886A41D9098D64B27B9C9886324CA1B4A58DAD526EF9C6AC5F51515F8B9D,GUEST_CAN_0688,PASS,AttentiveFP,2,family_cold,other,2.2518696784973145
1587,94,22,CC(C(O[Na])=O)OC(C(OC(C)C(O[Na])=O)=C1)=CC2=C1C(C=C(OC(C(O[Na])=O)C)C(OC(C(O[Na])=O)C)=C3)=C3C4=C2C=C(OC(C(O[Na])=O)C)C(OC(C)C(O[Na])=O)=C4,CNCC(C1=CC(=C(C=C1)O)O)O,other,2.3096001148223877,CC(Oc1cc2c3cc(OC(C)C(=O)[O][Na])c(OC(C)C(=O)[O][Na])cc3c3cc(OC(C)C(=O)[O][Na])c(OC(C)C(=O)[O][Na])cc3c2cc1OC(C)C(=O)[O][Na])C(=O)[O][Na],BA584CA32AF40B5CC01118169993C3B68F1DD55FC57084F45766D3D97748C6AD,HOST_CAN_0016,PASS,CNCC(O)c1ccc(O)c(O)c1,6ECE6CFFF6E84A2846BFDF3E647E6C18CCEA435B77A528E23C38803D697997FC,GUEST_CAN_0428,PASS,AttentiveFP,2,family_cold,other,2.3583970069885254
1588,64,887,CCCCOc1cc2COCc3cc(OCCCC)cc4c3cc(OCCCC)cc4COCc3c(OCCCC)ccc4c3ccc(c4COCc3c4c(c(COCc5c(c1)c2cc(c5)OCCCC)c(OCCCC)cc4)ccc3OCCCC)OCCCC,CN1C=[N+](C=C1)C,other,2.5820999145507812,CCCCOc1cc2c3cc(OCCCC)cc(c3c1)COCc1cc(OCCCC)cc3c(cc(OCCCC)cc13)COCc1c(OCCCC)ccc3c(c(OCCCC)ccc13)COCc1c(OCCCC)ccc3c(c(OCCCC)ccc13)COC2,05C5083FBF551B3C1AE048E85E6B7F5EB796F7835740F408D7B4DF1173E7C142,HOST_CAN_0032,PASS,Cn1cc[n+](C)c1,1F73CE28D943D6F92765B3E0E840D20E30969C4D171339615479DA3CA8F60126,GUEST_CAN_0702,PASS,AttentiveFP,2,family_cold,other,3.4362409114837646
1601,81,90,[Na]OS(=O)(=O)CCCOc1c2CN3C(=O)N4[C@]5([C@@]3(N(Cc2c(c2c1cccc2)OCCCS(=O)(=O)O[Na])C(=O)N5CN1[C@@H]2N(C4)C(=O)N3[C@@H]2N(C1=O)CN1[C@@]2(N(C3)C(=O)N3[C@]2(C)N(C1=O)Cc1c(C3)c(OCCCS(=O)(=O)O[Na])c2c(c1OCCCS(=O)(=O)O[Na])cccc2)C)C)C,O=C1C=C(NC(=O)c2cc3ccccc3nc2O)[C@@H]([C@H]2[C@@H]1O2)O,other,4.556300163269043,C[C@]12N3Cc4c(c(OCCCS(=O)(=O)[O][Na])c5ccccc5c4OCCCS(=O)(=O)[O][Na])CN1C(=O)N1CN4C(=O)N5CN6C(=O)N7Cc8c(c(OCCCS(=O)(=O)[O][Na])c9ccccc9c8OCCCS(=O)(=O)[O][Na])CN8C(=O)N(CN9C(=O)N(CN(C3=O)[C@]12C)[C@@H]4[C@H]95)[C@]6(C)[C@@]78C,1051D36AAACAE48FD5F1E66929B325E14F767999AA707E5010C4574020990EA7,HOST_CAN_0089,PASS,O=C(NC1=CC(=O)[C@H]2O[C@H]2[C@H]1O)c1cc2ccccc2nc1O,FDF8CE2A8B4B2A3DB312AD1231F5B6666439F2E4BEB6DF93515A1333E1D206F0,GUEST_CAN_0852,PASS,AttentiveFP,2,family_cold,other,4.291522979736328
1604,104,229,C1COCCOCCN2CCOCCOCCN1CCOCCOCCOCC2,[Na+],other,1.649999976158142,C1COCCN2CCOCCOCCN(CCOCCO1)CCOCCOCC2,FC2FBDD1CDCC0BE65573222C4E8FD2959C4D898D99922B825F4B9F435E9AD133,HOST_CAN_0005,PASS,[Na+],C967F382B185E1578CB9153250886D12807928AF715FC44BD49BA94ACEDD7043,GUEST_CAN_1098,PASS,AttentiveFP,2,family_cold,other,1.8592188358306885
1607,9,467,[O-]C(=O)COc1ccc2c3c1CNC(=O)c1c(OCC(=O)[O-])ccc4c1ccc1c4C4CC(O1)Oc1c4c4ccc(c(C(=O)NCc5c6c(c7C8c2c(cc3)OC(C8)Oc7cc6)ccc5OCC(=O)[O-])c4cc1)OCC(=O)[O-].[NH4+].[NH4+].[NH4+].[NH4+],CC(C)O,other,1.3009999990463257,O=C([O-])COc1ccc2c3c4ccc2c1CNC(=O)c1c(OCC(=O)[O-])ccc2c5c(ccc12)OC1CC5c2c(ccc5c(c(OCC(=O)[O-])ccc25)C(=O)NCc2c(OCC(=O)[O-])ccc5c6c(ccc25)OC(CC36)O4)O1.[NH4+].[NH4+].[NH4+].[NH4+],7D3830C6A6E10F82EEBCC3ED68B861BB21ED63B1DDB277580F3032527E5A1183,HOST_CAN_0139,PASS,CC(C)O,DBB1AC6E5DE735970D66B019862ECF51F867BE44B3D2BCCE9FA8B917092E5625,GUEST_CAN_0163,PASS,AttentiveFP,2,family_cold,other,2.1842403411865234
1609,93,50,B(C1=CC=CC=C1CN(C)CC2=C3C=CC=CC3=CC4=CC=CC=C42)(O)O,C1=CC=C(C(=C1)O)O,other,3.307499885559082,CN(Cc1ccccc1B(O)O)Cc1c2ccccc2cc2ccccc12,9825767B9F0751EB9842923F025CD2CC724B335E584E46D5C77C9CA19EF79BB5,HOST_CAN_0052,PASS,Oc1ccccc1O,D6044096AF0493CF06B8B5FDAA8C090BB98BA46AF75026C46D7FE4ACEF4715BB,GUEST_CAN_1007,PASS,AttentiveFP,2,family_cold,other,3.0230648517608643
1614,9,211,[O-]C(=O)COc1ccc2c3c1CNC(=O)c1c(OCC(=O)[O-])ccc4c1ccc1c4C4CC(O1)Oc1c4c4ccc(c(C(=O)NCc5c6c(c7C8c2c(cc3)OC(C8)Oc7cc6)ccc5OCC(=O)[O-])c4cc1)OCC(=O)[O-].[NH4+].[NH4+].[NH4+].[NH4+],CC#N,other,0.9031000137329102,O=C([O-])COc1ccc2c3c4ccc2c1CNC(=O)c1c(OCC(=O)[O-])ccc2c5c(ccc12)OC1CC5c2c(ccc5c(c(OCC(=O)[O-])ccc25)C(=O)NCc2c(OCC(=O)[O-])ccc5c6c(ccc25)OC(CC36)O4)O1.[NH4+].[NH4+].[NH4+].[NH4+],7D3830C6A6E10F82EEBCC3ED68B861BB21ED63B1DDB277580F3032527E5A1183,HOST_CAN_0139,PASS,CC#N,FDD689A8C9458D0C74F4E8E0D335DCFC7416C1B04DF6625B21F2D2EE202B808A,GUEST_CAN_0061,PASS,AttentiveFP,2,family_cold,other,2.2413113117218018
1615,113,456,CC(C)(C)C1=CC(=C(C=C1)NC(=O)NC2=CC=C(C=C2)OC)C#CC3=CC(=CC(=C3)F)C#CC4=C(C=CC(=C4)C(C)(C)C)NC(=O)NC5=CC=C(C=C5)OC,[N+](=O)([O-])[O-].C(CCC)[N+](CCCC)(CCCC)CCCC,other,3.6821000576019287,COc1ccc(NC(=O)Nc2ccc(C(C)(C)C)cc2C#Cc2cc(F)cc(C#Cc3cc(C(C)(C)C)ccc3NC(=O)Nc3ccc(OC)cc3)c2)cc1,CC14C98694D7DB72052C5901A8B30B3BF101C436F16C1C7E4CC798C85C914ABF,HOST_CAN_0076,PASS,CCCC[N+](CCCC)(CCCC)CCCC.O=[N+]([O-])[O-],6D4B26D3D683A1392C95388B8B9856D8C2F81515BE0ED5278F99FF88C33B25A7,GUEST_CAN_0315,PASS,AttentiveFP,2,family_cold,other,4.66417932510376
1616,43,21,C1COCCN2CCOCCN1CCOCCOCC2,[Sr+2],other,2.0,C1COCCN2CCOCCN(CCO1)CCOCC2,98A94C64ADA3B0E00FCE78FE7388B30022CC2F26C8BCF54DDABD5207E5AA7E8C,HOST_CAN_0002,PASS,[Sr+2],B6D37E5B591B608C4BE7D5E471532F87A202E5D6C60D3F594302E0BACEDD0483,GUEST_CAN_1113,PASS,AttentiveFP,2,family_cold,other,3.138399362564087
1619,19,699,O=C1N(CC4=CC=C(C(O)=O)C=C4)C3C(N(CN%21C%20=O)C(N3CN(C(N7CN(C(N%11CN(C(N%15CN(C(N%19CN%20C%23C%21N(CC%25=CC=C(C(O)=O)C=C%25)C(N%23CC%24=CC=C(C(O)=O)C=C%24)=O)=O)C%17C%19N(CC%22=CC=C(C(O)=O)C=C%22)C(N%17CC%18=CC=C(C(O)=O)C=C%18)=O)=O)C%13C%15N(CC%16=CC=C(C(O)=O)C=C%16)C(N%13CC%14=CC=C(C(O)=O)C=C%14)=O)=O)C9C%11N(CC%12=CC=C(C(O)=O)C=C%12)C(N9CC%10=CC=C(C(O)=O)C=C%10)=O)=O)C5C7N(CC8=CC=C(C(O)=O)C=C8)C(N5CC6=CC=C(C(O)=O)C=C6)=O)=O)N1CC2=CC=C(C(O)=O)C=C2,[N+](=O)([O-])[O-],other,5.68120002746582,O=C(O)c1ccc(CN2C(=O)N(Cc3ccc(C(=O)O)cc3)C3C2N2CN4C(=O)N(CN5C(=O)N(CN6C(=O)N(CN7C(=O)N(CN8C(=O)N(CN3C2=O)C2C8N(Cc3ccc(C(=O)O)cc3)C(=O)N2Cc2ccc(C(=O)O)cc2)C2C7N(Cc3ccc(C(=O)O)cc3)C(=O)N2Cc2ccc(C(=O)O)cc2)C2C6N(Cc3ccc(C(=O)O)cc3)C(=O)N2Cc2ccc(C(=O)O)cc2)C2C5N(Cc3ccc(C(=O)O)cc3)C(=O)N2Cc2ccc(C(=O)O)cc2)C2C4N(Cc3ccc(C(=O)O)cc3)C(=O)N2Cc2ccc(C(=O)O)cc2)cc1,5BFAE42297A9EBC8CE307175405F2DA12222FDEAA2AA87FF2D5843CBEC077A9C,HOST_CAN_0133,PASS,O=[N+]([O-])[O-],8EDFDB3DA8BB7AA2E992B049D5950CF49B785834A9F5AC1FB62D0A31E3906574,GUEST_CAN_0940,PASS,AttentiveFP,2,family_cold,other,5.248128890991211
1622,44,115,C1COCCN2CCOCCOCCN1CCOCCOCC2,[K+],other,3.950000047683716,C1COCCN2CCOCCOCCN(CCO1)CCOCC2,32931B055F3C7DC5134671B8211003699C695F3A170DAFEAC54A6E2274B3149A,HOST_CAN_0003,PASS,[K+],E83A78F45A613BB8008932667E03FF097984CF2701657EB6EA0AB517A34DEC0B,GUEST_CAN_1068,PASS,AttentiveFP,2,family_cold,other,2.1065115928649902
1626,19,904,O=C1N(CC4=CC=C(C(O)=O)C=C4)C3C(N(CN%21C%20=O)C(N3CN(C(N7CN(C(N%11CN(C(N%15CN(C(N%19CN%20C%23C%21N(CC%25=CC=C(C(O)=O)C=C%25)C(N%23CC%24=CC=C(C(O)=O)C=C%24)=O)=O)C%17C%19N(CC%22=CC=C(C(O)=O)C=C%22)C(N%17CC%18=CC=C(C(O)=O)C=C%18)=O)=O)C%13C%15N(CC%16=CC=C(C(O)=O)C=C%16)C(N%13CC%14=CC=C(C(O)=O)C=C%14)=O)=O)C9C%11N(CC%12=CC=C(C(O)=O)C=C%12)C(N9CC%10=CC=C(C(O)=O)C=C%10)=O)=O)C5C7N(CC8=CC=C(C(O)=O)C=C8)C(N5CC6=CC=C(C(O)=O)C=C6)=O)=O)N1CC2=CC=C(C(O)=O)C=C2,[O-]Cl(=O)(=O)=O,other,7.7403998374938965,O=C(O)c1ccc(CN2C(=O)N(Cc3ccc(C(=O)O)cc3)C3C2N2CN4C(=O)N(CN5C(=O)N(CN6C(=O)N(CN7C(=O)N(CN8C(=O)N(CN3C2=O)C2C8N(Cc3ccc(C(=O)O)cc3)C(=O)N2Cc2ccc(C(=O)O)cc2)C2C7N(Cc3ccc(C(=O)O)cc3)C(=O)N2Cc2ccc(C(=O)O)cc2)C2C6N(Cc3ccc(C(=O)O)cc3)C(=O)N2Cc2ccc(C(=O)O)cc2)C2C5N(Cc3ccc(C(=O)O)cc3)C(=O)N2Cc2ccc(C(=O)O)cc2)C2C4N(Cc3ccc(C(=O)O)cc3)C(=O)N2Cc2ccc(C(=O)O)cc2)cc1,5BFAE42297A9EBC8CE307175405F2DA12222FDEAA2AA87FF2D5843CBEC077A9C,HOST_CAN_0133,PASS,[O-][Cl+3]([O-])([O-])[O-],C1EFE6DCDD8349AD0AA7C20322B672701972F41777F2A31C5D8EB568BD417D1F,GUEST_CAN_1105,PASS,AttentiveFP,2,family_cold,other,5.4297943115234375
1627,113,175,CC(C)(C)C1=CC(=C(C=C1)NC(=O)NC2=CC=C(C=C2)OC)C#CC3=CC(=CC(=C3)F)C#CC4=C(C=CC(=C4)C(C)(C)C)NC(=O)NC5=CC=C(C=C5)OC,CCCC[N+](CCCC)(CCCC)CCCC.[I-],other,2.380199909210205,COc1ccc(NC(=O)Nc2ccc(C(C)(C)C)cc2C#Cc2cc(F)cc(C#Cc3cc(C(C)(C)C)ccc3NC(=O)Nc3ccc(OC)cc3)c2)cc1,CC14C98694D7DB72052C5901A8B30B3BF101C436F16C1C7E4CC798C85C914ABF,HOST_CAN_0076,PASS,CCCC[N+](CCCC)(CCCC)CCCC.[I-],AEB60E90607A4F8C1F949B3EACD125A2B91E0A4DEAD7B24D9097176DB9E506E4,GUEST_CAN_0318,PASS,AttentiveFP,2,family_cold,other,4.785786151885986
1644,48,912,[Na]OS(=O)(=O)CCCOc1c2CN3C(=O)N4[C@]5([C@@]3(N(Cc2c(c2c1cccc2)OCCCS(=O)(=O)O[Na])C(=O)N5CN1[C@@]2(N(C4)C(=O)N3[C@]2(C)N(C1=O)Cc1c(C3)c(OCCCS(=O)(=O)O[Na])c2c(c1OCCCS(=O)(=O)O[Na])cccc2)C)C)C,Cc1ccc2c(c1)sc([n+]2C)c1ccc(cc1)N(C)C.[Cl-],other,5.14300012588501,C[C@]12N3Cc4c(c(OCCCS(=O)(=O)[O][Na])c5ccccc5c4OCCCS(=O)(=O)[O][Na])CN1C(=O)N1CN4C(=O)N5Cc6c(c(OCCCS(=O)(=O)[O][Na])c7ccccc7c6OCCCS(=O)(=O)[O][Na])CN6C(=O)N(CN(C3=O)[C@]12C)[C@]4(C)[C@@]56C,D18B807A904C56B05E199911FB10FFB774349CC49BBD32D2EFAFF4C892BA649F,HOST_CAN_0090,PASS,Cc1ccc2c(c1)sc(-c1ccc(N(C)C)cc1)[n+]2C.[Cl-],59661591AF56235C54776FEF326381E52912264AEC9EB61F4C08C6E57753BD25,GUEST_CAN_0664,PASS,AttentiveFP,2,family_cold,other,6.6674675941467285
1647,9,914,[O-]C(=O)COc1ccc2c3c1CNC(=O)c1c(OCC(=O)[O-])ccc4c1ccc1c4C4CC(O1)Oc1c4c4ccc(c(C(=O)NCc5c6c(c7C8c2c(cc3)OC(C8)Oc7cc6)ccc5OCC(=O)[O-])c4cc1)OCC(=O)[O-].[NH4+].[NH4+].[NH4+].[NH4+],N1N=CN=C1,other,1.6128000020980835,O=C([O-])COc1ccc2c3c4ccc2c1CNC(=O)c1c(OCC(=O)[O-])ccc2c5c(ccc12)OC1CC5c2c(ccc5c(c(OCC(=O)[O-])ccc25)C(=O)NCc2c(OCC(=O)[O-])ccc5c6c(ccc25)OC(CC36)O4)O1.[NH4+].[NH4+].[NH4+].[NH4+],7D3830C6A6E10F82EEBCC3ED68B861BB21ED63B1DDB277580F3032527E5A1183,HOST_CAN_0139,PASS,c1nc[nH]n1,32CA2262B0D7BC6223173F424D0E3E0DB7414BE927EF3264C43521C4F5A00E18,GUEST_CAN_1152,PASS,AttentiveFP,2,family_cold,other,2.733008623123169
1650,12,201,O1CCOCCN2CCOCCOCCOCCN(CCOCC1)CCOCCOCCOCC2,[Li+],other,2.0,C1COCCN2CCOCCOCCOCCN(CCOCCO1)CCOCCOCCOCC2,85C7C02142B236ECBC1FC9E9A1DD4E3252A7651F7F5B037994877CF5373B1DC8,HOST_CAN_0006,PASS,[Li+],A7557B375892DC7E581DDC6CA9773574F95B6514113F07A19BDE6059504332FE,GUEST_CAN_1071,PASS,AttentiveFP,2,family_cold,other,1.2683680057525635
1651,35,604,[O-]P(=O)(Oc1c2c(c(c3c1C1CC3c3c1cc1c(c3)C3CC1c1c3cccc1)OP(=O)(C)[O-])C1CC2c2c1cc1c(c2)C2CC1c1c2cccc1)C.[Li+].[Li+],C1=CC=C(C=C1)CN.Cl,other,2.079200029373169,CP(=O)([O-])Oc1c2c(c(OP(C)(=O)[O-])c3c1C1CC3c3cc4c(cc31)C1CC4c3ccccc31)C1CC2c2cc3c(cc21)C1CC3c2ccccc21.[Li+].[Li+],0523E219D88C79C8FF3952D24ADDE3A68E28198CE5EE5C77D8FECF429412627C,HOST_CAN_0082,PASS,Cl.NCc1ccccc1,940B23638656F8FE23E14ED8A0BBBA6E62D42F8FE7C323CF9C1D5C7983D012F0,GUEST_CAN_0694,PASS,AttentiveFP,2,family_cold,other,2.4029765129089355
1663,102,50,C1C2=CC=C(C[N+]3=CC=C(C=C3)C4=CC=[N+](CC5=CC=C(C[N+]6=CC=C(C=C6)C7=CC=[N+]1C=C7)C=C5)C=C4)C=C2.F[P-](F)(F)(F)(F)F.F[P-](F)(F)(F)(F)F.F[P-](F)(F)(F)(F)F.F[P-](F)(F)(F)(F)F,C1=CC=C(C(=C1)O)O,other,3.5855000019073486,F[P-](F)(F)(F)(F)F.F[P-](F)(F)(F)(F)F.F[P-](F)(F)(F)(F)F.F[P-](F)(F)(F)(F)F.c1cc2ccc1C[n+]1ccc(cc1)-c1cc[n+](cc1)Cc1ccc(cc1)C[n+]1ccc(cc1)-c1cc[n+](cc1)C2,0F2553E080CE2D9CBEC36FEC297EF4CF441DFE215349B4C10A84D4A1E91451C0,HOST_CAN_0102,PASS,Oc1ccccc1O,D6044096AF0493CF06B8B5FDAA8C090BB98BA46AF75026C46D7FE4ACEF4715BB,GUEST_CAN_1007,PASS,AttentiveFP,2,family_cold,other,0.8744440078735352
1665,127,699,O=C(N2CN(C(N4CN(C(N6CN(C(N8CN(C(N%10CN%11C%13C%12N(CCCCCC(O)=O)C(N%13CCCCCC(O)=O)=O)=O)C9C%10N(CCCCCC(O)=O)C(N9CCCCCC(O)=O)=O)=O)C7C8N(CCCCCC(O)=O)C(N7CCCCCC(O)=O)=O)=O)C5C6N(CCCCCC(O)=O)C(N5CCCCCC(O)=O)=O)=O)C3C4N(CCCCCC(O)=O)C(N3CCCCCC(O)=O)=O)N(CN%12C%11=O)C1C2N(CCCCCC(O)=O)C(N1CCCCCC(O)=O)=O,[N+](=O)([O-])[O-],other,3.6531999111175537,O=C(O)CCCCCN1C(=O)N(CCCCCC(=O)O)C2C1N1CN3C(=O)N(CN4C(=O)N(CN5C(=O)N(CN6C(=O)N(CN7C(=O)N(CN2C1=O)C1C7N(CCCCCC(=O)O)C(=O)N1CCCCCC(=O)O)C1C6N(CCCCCC(=O)O)C(=O)N1CCCCCC(=O)O)C1C5N(CCCCCC(=O)O)C(=O)N1CCCCCC(=O)O)C1C4N(CCCCCC(=O)O)C(=O)N1CCCCCC(=O)O)C1C3N(CCCCCC(=O)O)C(=O)N1CCCCCC(=O)O,6A9FAF5530BC770B4CCEB7505462A63A98672DFE66B97D638131737C1C2705FD,HOST_CAN_0119,PASS,O=[N+]([O-])[O-],8EDFDB3DA8BB7AA2E992B049D5950CF49B785834A9F5AC1FB62D0A31E3906574,GUEST_CAN_0940,PASS,AttentiveFP,2,family_cold,other,5.572630405426025
1669,48,804,[Na]OS(=O)(=O)CCCOc1c2CN3C(=O)N4[C@]5([C@@]3(N(Cc2c(c2c1cccc2)OCCCS(=O)(=O)O[Na])C(=O)N5CN1[C@@]2(N(C4)C(=O)N3[C@]2(C)N(C1=O)Cc1c(C3)c(OCCCS(=O)(=O)O[Na])c2c(c1OCCCS(=O)(=O)O[Na])cccc2)C)C)C,C(CC[NH2+]CCC[NH3+])C[NH2+]CCC[NH3+],other,2.926300048828125,C[C@]12N3Cc4c(c(OCCCS(=O)(=O)[O][Na])c5ccccc5c4OCCCS(=O)(=O)[O][Na])CN1C(=O)N1CN4C(=O)N5Cc6c(c(OCCCS(=O)(=O)[O][Na])c7ccccc7c6OCCCS(=O)(=O)[O][Na])CN6C(=O)N(CN(C3=O)[C@]12C)[C@]4(C)[C@@]56C,D18B807A904C56B05E199911FB10FFB774349CC49BBD32D2EFAFF4C892BA649F,HOST_CAN_0090,PASS,[NH3+]CCC[NH2+]CCCC[NH2+]CCC[NH3+],F142ABDE94046BD889A6018A8CC9A1CABFE1438B6BBCA9BCE41E1C9A457C9632,GUEST_CAN_1089,PASS,AttentiveFP,2,family_cold,other,6.962474822998047
1670,81,544,[Na]OS(=O)(=O)CCCOc1c2CN3C(=O)N4[C@]5([C@@]3(N(Cc2c(c2c1cccc2)OCCCS(=O)(=O)O[Na])C(=O)N5CN1[C@@H]2N(C4)C(=O)N3[C@@H]2N(C1=O)CN1[C@@]2(N(C3)C(=O)N3[C@]2(C)N(C1=O)Cc1c(C3)c(OCCCS(=O)(=O)O[Na])c2c(c1OCCCS(=O)(=O)O[Na])cccc2)C)C)C,C1CN(CCN1CCC2=C(C=C3C(=C2)CC(=O)N3)Cl)C4=NSC5=CC=CC=C54,other,3.9911999702453613,C[C@]12N3Cc4c(c(OCCCS(=O)(=O)[O][Na])c5ccccc5c4OCCCS(=O)(=O)[O][Na])CN1C(=O)N1CN4C(=O)N5CN6C(=O)N7Cc8c(c(OCCCS(=O)(=O)[O][Na])c9ccccc9c8OCCCS(=O)(=O)[O][Na])CN8C(=O)N(CN9C(=O)N(CN(C3=O)[C@]12C)[C@@H]4[C@H]95)[C@]6(C)[C@@]78C,1051D36AAACAE48FD5F1E66929B325E14F767999AA707E5010C4574020990EA7,HOST_CAN_0089,PASS,O=C1Cc2cc(CCN3CCN(c4nsc5ccccc45)CC3)c(Cl)cc2N1,5C29CDC659AEEDE5E084EE663C3DDDAF5EC9373DB128425FD8B71EF81BA66DC6,GUEST_CAN_0920,PASS,AttentiveFP,2,family_cold,other,5.936121940612793
1672,9,608,[O-]C(=O)COc1ccc2c3c1CNC(=O)c1c(OCC(=O)[O-])ccc4c1ccc1c4C4CC(O1)Oc1c4c4ccc(c(C(=O)NCc5c6c(c7C8c2c(cc3)OC(C8)Oc7cc6)ccc5OCC(=O)[O-])c4cc1)OCC(=O)[O-].[NH4+].[NH4+].[NH4+].[NH4+],C12CCCC2O1,other,2.1303000450134277,O=C([O-])COc1ccc2c3c4ccc2c1CNC(=O)c1c(OCC(=O)[O-])ccc2c5c(ccc12)OC1CC5c2c(ccc5c(c(OCC(=O)[O-])ccc25)C(=O)NCc2c(OCC(=O)[O-])ccc5c6c(ccc25)OC(CC36)O4)O1.[NH4+].[NH4+].[NH4+].[NH4+],7D3830C6A6E10F82EEBCC3ED68B861BB21ED63B1DDB277580F3032527E5A1183,HOST_CAN_0139,PASS,C1CC2OC2C1,AD5402F59623FF096FB09FB5E439673682FDBBE4C8B9FE0054050E95FE2FEB01,GUEST_CAN_0026,PASS,AttentiveFP,2,family_cold,other,3.514608383178711
1674,44,88,C1COCCN2CCOCCOCCN1CCOCCOCC2,[Ca+2],other,6.949900150299072,C1COCCN2CCOCCOCCN(CCO1)CCOCC2,32931B055F3C7DC5134671B8211003699C695F3A170DAFEAC54A6E2274B3149A,HOST_CAN_0003,PASS,[Ca+2],561732356B8592F747BA6C15EFCD099F7FAD62C4ABEDA9A81D86C4D38151E987,GUEST_CAN_1020,PASS,AttentiveFP,2,family_cold,other,2.551321506500244
1675,151,115,C(C(=O)O)N(CC(=O)O)C1C(=O)NC(=O)NC1=O,[K+],other,1.940000057220459,O=C(O)CN(CC(=O)O)C1C(=O)NC(=O)NC1=O,A79CF0157A796F0CD50BB6A621709E83B2F5701A5982B3FC05B4D244283FD579,HOST_CAN_0122,PASS,[K+],E83A78F45A613BB8008932667E03FF097984CF2701657EB6EA0AB517A34DEC0B,GUEST_CAN_1068,PASS,AttentiveFP,2,family_cold,other,2.7135982513427734
1677,35,482,[O-]P(=O)(Oc1c2c(c(c3c1C1CC3c3c1cc1c(c3)C3CC1c1c3cccc1)OP(=O)(C)[O-])C1CC2c2c1cc1c(c2)C2CC1c1c2cccc1)C.[Li+].[Li+],NCCCC[C@@H](C(=O)N[C@H](C(=O)N[C@H](C(=O)N[C@H](C(=O)N[C@H](C(=O)O)Cc1ccccc1)Cc1ccccc1)C(C)C)CC(C)C)NC(=O)[C@H](CCCCN)N,other,4.3628997802734375,CP(=O)([O-])Oc1c2c(c(OP(C)(=O)[O-])c3c1C1CC3c3cc4c(cc31)C1CC4c3ccccc31)C1CC2c2cc3c(cc21)C1CC3c2ccccc21.[Li+].[Li+],0523E219D88C79C8FF3952D24ADDE3A68E28198CE5EE5C77D8FECF429412627C,HOST_CAN_0082,PASS,CC(C)C[C@H](NC(=O)[C@H](CCCCN)NC(=O)[C@@H](N)CCCCN)C(=O)N[C@H](C(=O)N[C@@H](Cc1ccccc1)C(=O)N[C@@H](Cc1ccccc1)C(=O)O)C(C)C,0997970723A6E7E55DC702BD2723B657F6F04F28E9DC92DEA823BD50DDC4E280,GUEST_CAN_0157,PASS,AttentiveFP,2,family_cold,other,3.603212833404541
1681,4,579,[Na]OS(=O)(=O)CCCCOC=1C=C(C=CC1)[C@@H]1N=C(OC1)CC1=C(C(=C(C(=C1C)CC=1OC[C@@H](N1)C1=CC(=CC=C1)OCCCCS(=O)(=O)O[Na])C)CC=1OC[C@@H](N1)C1=CC(=CC=C1)OCCCCS(=O)(=O)O[Na])C,C1=CC(=CC=C1CCN)O.Cl,other,2.004300117492676,Cc1c(CC2=N[C@@H](c3cccc(OCCCCS(=O)(=O)[O][Na])c3)CO2)c(C)c(CC2=N[C@@H](c3cccc(OCCCCS(=O)(=O)[O][Na])c3)CO2)c(C)c1CC1=N[C@@H](c2cccc(OCCCCS(=O)(=O)[O][Na])c2)CO1,9E3429786C624B72E8FD089068975D2A1C33E04632FEA26EF01294722587A124,HOST_CAN_0098,PASS,Cl.NCCc1ccc(O)cc1,F5C2C4BDEFF49C1B0AF35D4EA01B23ADAE3324D700AC743A6C27A6FB8A2293D0,GUEST_CAN_0691,PASS,AttentiveFP,2,family_cold,other,3.253666639328003
1692,19,928,O=C1N(CC4=CC=C(C(O)=O)C=C4)C3C(N(CN%21C%20=O)C(N3CN(C(N7CN(C(N%11CN(C(N%15CN(C(N%19CN%20C%23C%21N(CC%25=CC=C(C(O)=O)C=C%25)C(N%23CC%24=CC=C(C(O)=O)C=C%24)=O)=O)C%17C%19N(CC%22=CC=C(C(O)=O)C=C%22)C(N%17CC%18=CC=C(C(O)=O)C=C%18)=O)=O)C%13C%15N(CC%16=CC=C(C(O)=O)C=C%16)C(N%13CC%14=CC=C(C(O)=O)C=C%14)=O)=O)C9C%11N(CC%12=CC=C(C(O)=O)C=C%12)C(N9CC%10=CC=C(C(O)=O)C=C%10)=O)=O)C5C7N(CC8=CC=C(C(O)=O)C=C8)C(N5CC6=CC=C(C(O)=O)C=C6)=O)=O)N1CC2=CC=C(C(O)=O)C=C2,[O-][Re](=O)(=O)=O,other,4.477099895477295,O=C(O)c1ccc(CN2C(=O)N(Cc3ccc(C(=O)O)cc3)C3C2N2CN4C(=O)N(CN5C(=O)N(CN6C(=O)N(CN7C(=O)N(CN8C(=O)N(CN3C2=O)C2C8N(Cc3ccc(C(=O)O)cc3)C(=O)N2Cc2ccc(C(=O)O)cc2)C2C7N(Cc3ccc(C(=O)O)cc3)C(=O)N2Cc2ccc(C(=O)O)cc2)C2C6N(Cc3ccc(C(=O)O)cc3)C(=O)N2Cc2ccc(C(=O)O)cc2)C2C5N(Cc3ccc(C(=O)O)cc3)C(=O)N2Cc2ccc(C(=O)O)cc2)C2C4N(Cc3ccc(C(=O)O)cc3)C(=O)N2Cc2ccc(C(=O)O)cc2)cc1,5BFAE42297A9EBC8CE307175405F2DA12222FDEAA2AA87FF2D5843CBEC077A9C,HOST_CAN_0133,PASS,[O]=[Re](=[O])(=[O])[O-],40D84358CB99E154F4F5D608F1679C2BBCAE827012C7AB14835E3A6DEC1BC7B1,GUEST_CAN_1107,PASS,AttentiveFP,2,family_cold,other,4.0876994132995605
1694,156,259,C1N2[C@H]3[C@@H](N(C2=O)CN4[C@H]5[C@@H](N(C4=O)CN6[C@H]7[C@@H](N(C6=O)CN8[C@H]9[C@@H](N(C8=O)CN2[C@H]4[C@@H](N(C2=O)CN2[C@H]6[C@@H](N1C2=O)N(C(=O)N6CC1=CC=CC=C1)CC1=CC=CC=C1)N(C(=O)N4CC1=CC=CC=C1)CC1=CC=CC=C1)N(C(=O)N9CC1=CC=CC=C1)CC1=CC=CC=C1)N(C(=O)N7CC1=CC=CC=C1)CC1=CC=CC=C1)N(C(=O)N5CC1=CC=CC=C1)CC1=CC=CC=C1)N(C(=O)N3CC1=CC=CC=C1)CC1=CC=CC=C1,O.[Na+].[SH-],other,4.886499881744385,O=C1N(Cc2ccccc2)[C@H]2[C@@H](N1Cc1ccccc1)N1CN3C(=O)N(CN4C(=O)N(CN5C(=O)N(CN6C(=O)N(CN7C(=O)N(CN2C1=O)[C@H]1[C@@H]7N(Cc2ccccc2)C(=O)N1Cc1ccccc1)[C@H]1[C@@H]6N(Cc2ccccc2)C(=O)N1Cc1ccccc1)[C@H]1[C@@H]5N(Cc2ccccc2)C(=O)N1Cc1ccccc1)[C@H]1[C@@H]4N(Cc2ccccc2)C(=O)N1Cc1ccccc1)[C@H]1[C@@H]3N(Cc2ccccc2)C(=O)N1Cc1ccccc1,491792C091BC32640F3328D1424439A6D9709A148A5262B4DDD07A91FD704657,HOST_CAN_0140,PASS,O.[Na+].[SH-],6AB4F15725C0C493021ACFD5241D72DEC2416E3E783F239DE772FE3ED1470BA5,GUEST_CAN_0846,PASS,AttentiveFP,2,family_cold,other,3.6695449352264404
1696,37,88,C(CN(CC(=O)O)CC(=O)O)N(CC(=O)O)CC(=O)O,[Ca+2],other,11.0,O=C(O)CN(CCN(CC(=O)O)CC(=O)O)CC(=O)O,6BFD1C3C84BE32FEF0887DE527CC95AE0C3680F389E80993C4242A4E3571F896,HOST_CAN_0123,PASS,[Ca+2],561732356B8592F747BA6C15EFCD099F7FAD62C4ABEDA9A81D86C4D38151E987,GUEST_CAN_1020,PASS,AttentiveFP,2,family_cold,other,2.983912467956543
1699,70,932,COc1ccc2-c3ccc(c(c3)C#Cc3cc(OC)ccc3-c3ccc(c(c3)C#Cc3cc(OC)ccc3-c3cc(C#Cc4c(-c5c(C#Cc6c(-c7c(C#Cc2c1)cc(OC)cc7)ccc(c6)OC)cc(OC)cc5)ccc(c4)OC)c(OC)cc3)OC)OC,C[n+]1cccc(c1)C(=O)O,other,3.6424999237060547,COc1ccc2c(c1)C#Cc1cc(ccc1OC)-c1ccc(OC)cc1C#Cc1cc(OC)ccc1-c1ccc(OC)cc1C#Cc1cc(OC)ccc1-c1ccc(OC)cc1C#Cc1cc(ccc1OC)-c1ccc(OC)cc1C#Cc1cc-2ccc1OC,B364BE40B8DDA45F28F670D2A9202F02E384B90196F7CF9F650990A32B5B26FC,HOST_CAN_0080,PASS,C[n+]1cccc(C(=O)O)c1,6AE1775A9FB332A19575AE5258E46CE3535C19360CDEC1F5E316B8DF5E35DFFA,GUEST_CAN_0639,PASS,AttentiveFP,2,family_cold,other,3.1408724784851074
1701,115,933,C(CCC)C1=C(C(OC2=CC(=CC=C12)N(CC)CC)=O)C=O,N[C@H](C(=O)O)CO,other,0.7160000205039978,CCCCc1c(C=O)c(=O)oc2cc(N(CC)CC)ccc12,50E4CC3B42DB2A1D81BA2FCB02D3EA8F0BF1EB0B92ACDAB1C80BFBFCC39A06BB,HOST_CAN_0035,PASS,N[C@@H](CO)C(=O)O,393FC58E201AE22891BF895E57CC96F0308A4AB9F195DA4C5539EA11326C17E1,GUEST_CAN_0818,PASS,AttentiveFP,2,family_cold,other,2.648534059524536
1705,169,937,C1COCCOC2=NC3=CC=CC=C3N=C2OCCOCCOCCOC4=C(C=C5C6=CC7=C(C=C6C8=CC9=C(C=C8C5=C4)OCCOCCOCCOC2=NC3=CC=CC=C3N=C2OCCOCCOCCO9)OCCOCCOCCOC2=NC3=CC=CC=C3N=C2OCCOCCOCCO7)OCCO1,F[P-](F)(F)(F)(F)F.F[P-](F)(F)(F)(F)F.F[P-](F)(F)(F)(F)F.C1(C[NH2+]CC2=CC=C(OC3=CC(OC(C=C4)=CC=C4C[NH2+]CC5=CC=CC=C5)=CC(OC(C=C6)=CC=C6C[NH2+]CC7=CC=CC=C7)=C3)C=C2)=CC=CC=C1,other,5.23799991607666,c1ccc2nc3c(nc2c1)OCCOCCOCCOc1cc2c4cc5c(cc4c4cc6c(cc4c2cc1OCCOCCOCCO3)OCCOCCOCCOc1nc2ccccc2nc1OCCOCCOCCO6)OCCOCCOCCOc1nc2ccccc2nc1OCCOCCOCCO5,066037803D9270E4EE6AD2006F21767708B337A0F059CB36056076581AFFDAD4,HOST_CAN_0188,PASS,F[P-](F)(F)(F)(F)F.F[P-](F)(F)(F)(F)F.F[P-](F)(F)(F)(F)F.c1ccc(C[NH2+]Cc2ccc(Oc3cc(Oc4ccc(C[NH2+]Cc5ccccc5)cc4)cc(Oc4ccc(C[NH2+]Cc5ccccc5)cc4)c3)cc2)cc1,32BC822A59EBA24F89EAF31AE89122DE48E9EA88CE6089F0B15D5AECA3940479,GUEST_CAN_0707,PASS,AttentiveFP,2,family_cold,other,9.284191131591797
1706,17,938,COP(=O)(Cc1cc2ccc1OCc1cc(COc3ccc(cc3CP(=O)(OC)[O-])C(C)(C)c3ccc(OCc4cc(COc5ccc(C2(C)C)cc5CP(=O)(OC)[O-])cc(c4)[N+](=O)[O-])c(c3)CP(=O)(OC)[O-])cc(c1)[N+](=O)[O-])[O-],Cl.NC(C(O)C1=CC=C(C=C1)[N+](=O)[O-])CO,other,2.136699914932251,COP(=O)([O-])Cc1cc2ccc1OCc1cc(cc([N+](=O)[O-])c1)COc1ccc(cc1CP(=O)([O-])OC)C(C)(C)c1ccc(c(CP(=O)([O-])OC)c1)OCc1cc(cc([N+](=O)[O-])c1)COc1ccc(cc1CP(=O)([O-])OC)C2(C)C,5C9812D0AA59E8C93387DCBA9CDBD0E45705FA87B439937B162042CB092EC8B9,HOST_CAN_0069,PASS,Cl.NC(CO)C(O)c1ccc([N+](=O)[O-])cc1,FD8CB9EE842496EF142DE269D7A00A2265D5DE47F46BE58D1857DFC1C4ED5D16,GUEST_CAN_0683,PASS,AttentiveFP,2,family_cold,other,1.7595632076263428
1709,91,21,C1COCCOCCN2CCOCCOCCN1CCOCCOCC2,[Sr+2],other,8.0,C1COCCN2CCOCCOCCN(CCO1)CCOCCOCC2,40814B22E6CD93EB1FEFBD67E296A6414B9006E7DE8AD543F38C842653A2E43C,HOST_CAN_0004,PASS,[Sr+2],B6D37E5B591B608C4BE7D5E471532F87A202E5D6C60D3F594302E0BACEDD0483,GUEST_CAN_1113,PASS,AttentiveFP,2,family_cold,other,2.9613890647888184
1712,109,161,N12CCOCCOCCOCCN(CCOCCOCCOCC1)CCOCC(OCC2)CO,[Mg+2],other,2.0,OCC1COCCN2CCOCCOCCOCCN(CCOCCOCCOCC2)CCO1,DBB244EB3484C25754CB49358AAB55D5F1CBE448F138204AFE8509E4D673E477,HOST_CAN_0171,PASS,[Mg+2],7F8D39B1BC5783E4D085768535A47B9BA749178FAD98C2BA37380CBAD5B2A9A1,GUEST_CAN_1073,PASS,AttentiveFP,2,family_cold,other,2.7673251628875732
1716,9,914,[O-]C(=O)COc1ccc2c3c1CNC(=O)c1c(OCC(=O)[O-])ccc4c1ccc1c4C4CC(O1)Oc1c4c4ccc(c(C(=O)NCc5c6c(c7C8c2c(cc3)OC(C8)Oc7cc6)ccc5OCC(=O)[O-])c4cc1)OCC(=O)[O-].[NH4+].[NH4+].[NH4+].[NH4+],N1N=CN=C1,other,2.2147998809814453,O=C([O-])COc1ccc2c3c4ccc2c1CNC(=O)c1c(OCC(=O)[O-])ccc2c5c(ccc12)OC1CC5c2c(ccc5c(c(OCC(=O)[O-])ccc25)C(=O)NCc2c(OCC(=O)[O-])ccc5c6c(ccc25)OC(CC36)O4)O1.[NH4+].[NH4+].[NH4+].[NH4+],7D3830C6A6E10F82EEBCC3ED68B861BB21ED63B1DDB277580F3032527E5A1183,HOST_CAN_0139,PASS,c1nc[nH]n1,32CA2262B0D7BC6223173F424D0E3E0DB7414BE927EF3264C43521C4F5A00E18,GUEST_CAN_1152,PASS,AttentiveFP,2,family_cold,other,2.733008623123169
1717,94,171,CC(C(O[Na])=O)OC(C(OC(C)C(O[Na])=O)=C1)=CC2=C1C(C=C(OC(C(O[Na])=O)C)C(OC(C(O[Na])=O)C)=C3)=C3C4=C2C=C(OC(C(O[Na])=O)C)C(OC(C)C(O[Na])=O)=C4,C1=CC(=C(C=C1CCN)O)O,other,2.2878000736236572,CC(Oc1cc2c3cc(OC(C)C(=O)[O][Na])c(OC(C)C(=O)[O][Na])cc3c3cc(OC(C)C(=O)[O][Na])c(OC(C)C(=O)[O][Na])cc3c2cc1OC(C)C(=O)[O][Na])C(=O)[O][Na],BA584CA32AF40B5CC01118169993C3B68F1DD55FC57084F45766D3D97748C6AD,HOST_CAN_0016,PASS,NCCc1ccc(O)c(O)c1,8C989074BC36C962545C6731CBB09A9BCEAD59D65B1AEE4A0B8B096CFFB8E510,GUEST_CAN_0808,PASS,AttentiveFP,2,family_cold,other,2.8748669624328613
1719,9,203,[O-]C(=O)COc1ccc2c3c1CNC(=O)c1c(OCC(=O)[O-])ccc4c1ccc1c4C4CC(O1)Oc1c4c4ccc(c(C(=O)NCc5c6c(c7C8c2c(cc3)OC(C8)Oc7cc6)ccc5OCC(=O)[O-])c4cc1)OCC(=O)[O-].[NH4+].[NH4+].[NH4+].[NH4+],C1CCOC1,other,1.954200029373169,O=C([O-])COc1ccc2c3c4ccc2c1CNC(=O)c1c(OCC(=O)[O-])ccc2c5c(ccc12)OC1CC5c2c(ccc5c(c(OCC(=O)[O-])ccc25)C(=O)NCc2c(OCC(=O)[O-])ccc5c6c(ccc25)OC(CC36)O4)O1.[NH4+].[NH4+].[NH4+].[NH4+],7D3830C6A6E10F82EEBCC3ED68B861BB21ED63B1DDB277580F3032527E5A1183,HOST_CAN_0139,PASS,C1CCOC1,92623CCD36BC322BF260D54035FF640468C5FF006FE42959840EAA9126B6208E,GUEST_CAN_0029,PASS,AttentiveFP,2,family_cold,other,3.2296550273895264
1721,156,521,C1N2[C@H]3[C@@H](N(C2=O)CN4[C@H]5[C@@H](N(C4=O)CN6[C@H]7[C@@H](N(C6=O)CN8[C@H]9[C@@H](N(C8=O)CN2[C@H]4[C@@H](N(C2=O)CN2[C@H]6[C@@H](N1C2=O)N(C(=O)N6CC1=CC=CC=C1)CC1=CC=CC=C1)N(C(=O)N4CC1=CC=CC=C1)CC1=CC=CC=C1)N(C(=O)N9CC1=CC=CC=C1)CC1=CC=CC=C1)N(C(=O)N7CC1=CC=CC=C1)CC1=CC=CC=C1)N(C(=O)N5CC1=CC=CC=C1)CC1=CC=CC=C1)N(C(=O)N3CC1=CC=CC=C1)CC1=CC=CC=C1,[Cl-],other,6.959000110626221,O=C1N(Cc2ccccc2)[C@H]2[C@@H](N1Cc1ccccc1)N1CN3C(=O)N(CN4C(=O)N(CN5C(=O)N(CN6C(=O)N(CN7C(=O)N(CN2C1=O)[C@H]1[C@@H]7N(Cc2ccccc2)C(=O)N1Cc1ccccc1)[C@H]1[C@@H]6N(Cc2ccccc2)C(=O)N1Cc1ccccc1)[C@H]1[C@@H]5N(Cc2ccccc2)C(=O)N1Cc1ccccc1)[C@H]1[C@@H]4N(Cc2ccccc2)C(=O)N1Cc1ccccc1)[C@H]1[C@@H]3N(Cc2ccccc2)C(=O)N1Cc1ccccc1,491792C091BC32640F3328D1424439A6D9709A148A5262B4DDD07A91FD704657,HOST_CAN_0140,PASS,[Cl-],21C8D33686776387B6A57D02C12EDC885AFA97A58E90478063570CDACEDA8054,GUEST_CAN_1022,PASS,AttentiveFP,2,family_cold,other,4.151012420654297
1724,151,21,C(C(=O)O)N(CC(=O)O)C1C(=O)NC(=O)NC1=O,[Sr+2],other,6.929900169372559,O=C(O)CN(CC(=O)O)C1C(=O)NC(=O)NC1=O,A79CF0157A796F0CD50BB6A621709E83B2F5701A5982B3FC05B4D244283FD579,HOST_CAN_0122,PASS,[Sr+2],B6D37E5B591B608C4BE7D5E471532F87A202E5D6C60D3F594302E0BACEDD0483,GUEST_CAN_1113,PASS,AttentiveFP,2,family_cold,other,3.731241226196289
1733,9,563,[O-]C(=O)COc1ccc2c3c1CNC(=O)c1c(OCC(=O)[O-])ccc4c1ccc1c4C4CC(O1)Oc1c4c4ccc(c(C(=O)NCc5c6c(c7C8c2c(cc3)OC(C8)Oc7cc6)ccc5OCC(=O)[O-])c4cc1)OCC(=O)[O-].[NH4+].[NH4+].[NH4+].[NH4+],C1=CN=CN1,other,2.52239990234375,O=C([O-])COc1ccc2c3c4ccc2c1CNC(=O)c1c(OCC(=O)[O-])ccc2c5c(ccc12)OC1CC5c2c(ccc5c(c(OCC(=O)[O-])ccc25)C(=O)NCc2c(OCC(=O)[O-])ccc5c6c(ccc25)OC(CC36)O4)O1.[NH4+].[NH4+].[NH4+].[NH4+],7D3830C6A6E10F82EEBCC3ED68B861BB21ED63B1DDB277580F3032527E5A1183,HOST_CAN_0139,PASS,c1c[nH]cn1,5C2D4306FE1E3DA2EA882C9C5F2C78966AE60FF882B2D47C8E561427D5BD7CE5,GUEST_CAN_1120,PASS,AttentiveFP,2,family_cold,other,2.7306840419769287
1742,69,951,NCCN1C=C(N=N1)COC(C=C2)=C(CNCC3=C(OCC(N=N4)=CN4CCN)C=CC5=C3C=C6)C7=C2C8=C(C=C7)OC9CC8C%10=C(O9)C=CC%11=C%10C=CC(OCC(N=N%12)=CN%12CCN)=C%11CNCC%13=C(OCC(N=N%14)=CN%14CCN)C=CC%15=C%13C=CC(O%16)=C%15C%17C5=C6OC%16C%17,OC(=O)C(Cc1ccccc1)NC(=O)C,other,3.064500093460083,NCCn1cc(COc2ccc3c4c5ccc3c2CNCc2c(OCc3cn(CCN)nn3)ccc3c6c(ccc23)OC2CC6c3c(ccc6c(c(OCc7cn(CCN)nn7)ccc36)CNCc3c(OCc6cn(CCN)nn6)ccc6c7c(ccc36)OC(CC47)O5)O2)nn1,E69AC36986BDADC1E5A61FE9021251B6D5437DB096F231021CE94D055FF4BCBF,HOST_CAN_0113,PASS,CC(=O)NC(Cc1ccccc1)C(=O)O,CC6FA7DBAD7ADEBC07F58FAA2BE6025206B6C31CC0D76EDEE142CE8D1EDA6C03,GUEST_CAN_0074,PASS,AttentiveFP,2,family_cold,other,3.6091175079345703
1743,87,952,CCCCOc1c(OCCCC)c2COCc3c(OCCCC)c(OCCCC)c(c4c3cccc4)COCc3c(c(c(COCc4c(c(c(COCc1c1c2cccc1)c1ccccc41)OCCCC)OCCCC)c1c3cccc1)OCCCC)OCCCC,C[P+](C)(C)C.[I-],other,2.7193000316619873,CCCCOc1c(OCCCC)c2c3ccccc3c1COCc1c(OCCCC)c(OCCCC)c(c3ccccc13)COCc1c(OCCCC)c(OCCCC)c(c3ccccc13)COCc1c(OCCCC)c(OCCCC)c(c3ccccc13)COC2,A699E12937358A216FBA45A53678131D8F7DBBB042BA5E7F52621C78F0465945,HOST_CAN_0031,PASS,C[P+](C)(C)C.[I-],EEB48B31A6FF0BD3898216E103589D438FFA9EB8CC55FED0D2BAEF709D123969,GUEST_CAN_0613,PASS,AttentiveFP,2,family_cold,other,2.2327232360839844
1745,7,953,O=C(N[C+](N)N)C1=CC=C(C[NH2+]C[C@H]([NH3+])C(CO)=O)N1,C(C)(=O)N[C@@H](CC(=O)O)C(=O)O,other,2.6812000274658203,N[C+](N)NC(=O)c1ccc(C[NH2+]C[C@H]([NH3+])C(=O)CO)[nH]1,444D01334D00CC255705344BB404134716C7E37D874A5C787DB27CDD2348DBF7,HOST_CAN_0114,PASS,CC(=O)N[C@@H](CC(=O)O)C(=O)O,17961F0DA133BA5AA5DD7B250E1C1E3C65A3213B9312061F114620F046124446,GUEST_CAN_0088,PASS,AttentiveFP,2,family_cold,other,2.8937230110168457
1747,6,954,OC(=O)CCC1c2cc3c4cc2O[C@@H]2Oc5c1cc1c(c5)O[C@@H]5Oc6c([C@@H]1CCC(=O)O)cc1[C@H](c7cc(C3CCC(=O)O)c3O[C@H](O4)c4cc8Oc9cc(Oc%10cc2cc(c%10C(=O)O)Oc2cccc(c2)Oc2cc5cc(c2C(=O)O)Oc2cccc(c2)Oc2cc([C@@H](Oc7c3)Oc1c6)cc(Oc1cc(Oc(c4)c8C(=O)O)ccc1)c2C(=O)O)ccc9)CCC(=O)O,C[C@@H]1CC[C@H](CC1)[N+](C)(C)C,other,5.12060022354126,O=C(O)CCC1c2cc3c4cc2O[C@H]2Oc5cc6c(cc51)[C@H](CCC(=O)O)c1cc5c7cc1O[C@H](O6)c1cc6c(C(=O)O)c(c1)Oc1cccc(c1)Oc1cc8cc(c1C(=O)O)Oc1cccc(c1)Oc1cc(cc(c1C(=O)O)Oc1cccc(c1)Oc1cc2cc(c1C(=O)O)Oc1cccc(c1)O6)[C@H](O4)Oc1cc(c(cc1C3CCC(=O)O)[C@H]5CCC(=O)O)O[C@@H]8O7,9910B6C324867B78C538BC824892433086D3864FCBD7A2F3E051B7730A9D9689,HOST_CAN_0118,PASS,C[N+](C)(C)[C@H]1CC[C@H](C)CC1,0F94948EB5E9BCC7622823095270E7F60C6621AA5737948B46BD519ADD5F96E2,GUEST_CAN_0580,PASS,AttentiveFP,2,family_cold,other,4.948410987854004
1751,124,175,CC(C)(C)C1=CC(=C(C=C1)NC(=O)NC2=CC=C(C=C2)OC)C#CC3=CC(=CC(=C3)[N+](=O)[O-])C#CC4=C(C=CC(=C4)C(C)(C)C)NC(=O)NC5=CC=C(C=C5)OC,CCCC[N+](CCCC)(CCCC)CCCC.[I-],other,2.763400077819824,COc1ccc(NC(=O)Nc2ccc(C(C)(C)C)cc2C#Cc2cc(C#Cc3cc(C(C)(C)C)ccc3NC(=O)Nc3ccc(OC)cc3)cc([N+](=O)[O-])c2)cc1,8DCC7464D23383F1AE40036D7D458C209BF9C2BB013AE26B6E3A977C1D16796E,HOST_CAN_0074,PASS,CCCC[N+](CCCC)(CCCC)CCCC.[I-],AEB60E90607A4F8C1F949B3EACD125A2B91E0A4DEAD7B24D9097176DB9E506E4,GUEST_CAN_0318,PASS,AttentiveFP,2,family_cold,other,4.816658020019531
1757,109,88,N12CCOCCOCCOCCN(CCOCCOCCOCC1)CCOCC(OCC2)CO,[Ca+2],other,2.0,OCC1COCCN2CCOCCOCCOCCN(CCOCCOCCOCC2)CCO1,DBB244EB3484C25754CB49358AAB55D5F1CBE448F138204AFE8509E4D673E477,HOST_CAN_0171,PASS,[Ca+2],561732356B8592F747BA6C15EFCD099F7FAD62C4ABEDA9A81D86C4D38151E987,GUEST_CAN_1020,PASS,AttentiveFP,2,family_cold,other,2.293060779571533
1760,64,751,CCCCOc1cc2COCc3cc(OCCCC)cc4c3cc(OCCCC)cc4COCc3c(OCCCC)ccc4c3ccc(c4COCc3c4c(c(COCc5c(c1)c2cc(c5)OCCCC)c(OCCCC)cc4)ccc3OCCCC)OCCCC,FC(c1ccc(cc1)C[N+](Cc1ccc(cc1)C(F)(F)F)(C)C)(F)F,other,5.686600208282471,CCCCOc1cc2c3cc(OCCCC)cc(c3c1)COCc1cc(OCCCC)cc3c(cc(OCCCC)cc13)COCc1c(OCCCC)ccc3c(c(OCCCC)ccc13)COCc1c(OCCCC)ccc3c(c(OCCCC)ccc13)COC2,05C5083FBF551B3C1AE048E85E6B7F5EB796F7835740F408D7B4DF1173E7C142,HOST_CAN_0032,PASS,C[N+](C)(Cc1ccc(C(F)(F)F)cc1)Cc1ccc(C(F)(F)F)cc1,2AE386B58E36DE802C263016A5B7C74BAC5ACEF6C37F934EA215DAAB280D78ED,GUEST_CAN_0593,PASS,AttentiveFP,2,family_cold,other,5.0962324142456055
1769,9,964,[O-]C(=O)COc1ccc2c3c1CNC(=O)c1c(OCC(=O)[O-])ccc4c1ccc1c4C4CC(O1)Oc1c4c4ccc(c(C(=O)NCc5c6c(c7C8c2c(cc3)OC(C8)Oc7cc6)ccc5OCC(=O)[O-])c4cc1)OCC(=O)[O-].[NH4+].[NH4+].[NH4+].[NH4+],C1CCC2C(C1)O2,other,1.7633999586105347,O=C([O-])COc1ccc2c3c4ccc2c1CNC(=O)c1c(OCC(=O)[O-])ccc2c5c(ccc12)OC1CC5c2c(ccc5c(c(OCC(=O)[O-])ccc25)C(=O)NCc2c(OCC(=O)[O-])ccc5c6c(ccc25)OC(CC36)O4)O1.[NH4+].[NH4+].[NH4+].[NH4+],7D3830C6A6E10F82EEBCC3ED68B861BB21ED63B1DDB277580F3032527E5A1183,HOST_CAN_0139,PASS,C1CCC2OC2C1,78D4812342A7F88534719C2C2B467B0E7B72F0ECFBE8E31818F971D57D8D8A2B,GUEST_CAN_0027,PASS,AttentiveFP,2,family_cold,other,3.7258663177490234
1776,147,966,c1cc2ccc1C[n+]1ccc(-c3ccc(-c4cc[n+](cc4)Cc4ccc(C[n+]5ccc(-c6ccc(-c7cc[n+](C2)cc7)cc6)cc5)cc4)cc3)cc1.[Cl-].[Cl-].[Cl-].[Cl-],CC(=O)NCCC1=CNC2=C1C=C(C=C2)OC,other,5.060699939727783,[Cl-].[Cl-].[Cl-].[Cl-].c1cc2ccc1C[n+]1ccc(cc1)-c1ccc(cc1)-c1cc[n+](cc1)Cc1ccc(cc1)C[n+]1ccc(cc1)-c1ccc(cc1)-c1cc[n+](cc1)C2,8838F5DB3CA725944E62DBB950261A7EF8FD82FF096002A58FF5E9CD907B8660,HOST_CAN_0178,PASS,COc1ccc2[nH]cc(CCNC(C)=O)c2c1,6A010F61D3933E3E5F720E52F2A0CB0DA9B0188982C60053A8BCE708A81B2D3C,GUEST_CAN_0490,PASS,AttentiveFP,2,family_cold,other,3.7217841148376465
1777,9,800,[O-]C(=O)COc1ccc2c3c1CNC(=O)c1c(OCC(=O)[O-])ccc4c1ccc1c4C4CC(O1)Oc1c4c4ccc(c(C(=O)NCc5c6c(c7C8c2c(cc3)OC(C8)Oc7cc6)ccc5OCC(=O)[O-])c4cc1)OCC(=O)[O-].[NH4+].[NH4+].[NH4+].[NH4+],C1CCC(=O)CC1,other,1.544100046157837,O=C([O-])COc1ccc2c3c4ccc2c1CNC(=O)c1c(OCC(=O)[O-])ccc2c5c(ccc12)OC1CC5c2c(ccc5c(c(OCC(=O)[O-])ccc25)C(=O)NCc2c(OCC(=O)[O-])ccc5c6c(ccc25)OC(CC36)O4)O1.[NH4+].[NH4+].[NH4+].[NH4+],7D3830C6A6E10F82EEBCC3ED68B861BB21ED63B1DDB277580F3032527E5A1183,HOST_CAN_0139,PASS,O=C1CCCCC1,28ED7F4ABC3F360949BEF088C4AFA4A77B693EB3C89E315AEDB1AFD64C9CEB92,GUEST_CAN_0919,PASS,AttentiveFP,2,family_cold,other,3.473801374435425
1778,64,967,CCCCOc1cc2COCc3cc(OCCCC)cc4c3cc(OCCCC)cc4COCc3c(OCCCC)ccc4c3ccc(c4COCc3c4c(c(COCc5c(c1)c2cc(c5)OCCCC)c(OCCCC)cc4)ccc3OCCCC)OCCCC,Cc1cccc(c1)C[N+](Cc1cccc(c1)C)(C)C,other,4.676700115203857,CCCCOc1cc2c3cc(OCCCC)cc(c3c1)COCc1cc(OCCCC)cc3c(cc(OCCCC)cc13)COCc1c(OCCCC)ccc3c(c(OCCCC)ccc13)COCc1c(OCCCC)ccc3c(c(OCCCC)ccc13)COC2,05C5083FBF551B3C1AE048E85E6B7F5EB796F7835740F408D7B4DF1173E7C142,HOST_CAN_0032,PASS,Cc1cccc(C[N+](C)(C)Cc2cccc(C)c2)c1,C24554C20B6E768666F0876416D453AED50B7FB95A0110D9234F1E3B2D2E6391,GUEST_CAN_0667,PASS,AttentiveFP,2,family_cold,other,5.278914451599121
1779,19,968,O=C1N(CC4=CC=C(C(O)=O)C=C4)C3C(N(CN%21C%20=O)C(N3CN(C(N7CN(C(N%11CN(C(N%15CN(C(N%19CN%20C%23C%21N(CC%25=CC=C(C(O)=O)C=C%25)C(N%23CC%24=CC=C(C(O)=O)C=C%24)=O)=O)C%17C%19N(CC%22=CC=C(C(O)=O)C=C%22)C(N%17CC%18=CC=C(C(O)=O)C=C%18)=O)=O)C%13C%15N(CC%16=CC=C(C(O)=O)C=C%16)C(N%13CC%14=CC=C(C(O)=O)C=C%14)=O)=O)C9C%11N(CC%12=CC=C(C(O)=O)C=C%12)C(N9CC%10=CC=C(C(O)=O)C=C%10)=O)=O)C5C7N(CC8=CC=C(C(O)=O)C=C8)C(N5CC6=CC=C(C(O)=O)C=C6)=O)=O)N1CC2=CC=C(C(O)=O)C=C2,F[P-](F)(F)(F)(F)F,other,6.342400074005127,O=C(O)c1ccc(CN2C(=O)N(Cc3ccc(C(=O)O)cc3)C3C2N2CN4C(=O)N(CN5C(=O)N(CN6C(=O)N(CN7C(=O)N(CN8C(=O)N(CN3C2=O)C2C8N(Cc3ccc(C(=O)O)cc3)C(=O)N2Cc2ccc(C(=O)O)cc2)C2C7N(Cc3ccc(C(=O)O)cc3)C(=O)N2Cc2ccc(C(=O)O)cc2)C2C6N(Cc3ccc(C(=O)O)cc3)C(=O)N2Cc2ccc(C(=O)O)cc2)C2C5N(Cc3ccc(C(=O)O)cc3)C(=O)N2Cc2ccc(C(=O)O)cc2)C2C4N(Cc3ccc(C(=O)O)cc3)C(=O)N2Cc2ccc(C(=O)O)cc2)cc1,5BFAE42297A9EBC8CE307175405F2DA12222FDEAA2AA87FF2D5843CBEC077A9C,HOST_CAN_0133,PASS,F[P-](F)(F)(F)(F)F,A262CD2921905BC671D6FD8DAF592570F91A90F0DE9F979FD71B2E8C99F8A438,GUEST_CAN_0706,PASS,AttentiveFP,2,family_cold,other,4.675618648529053
1786,57,970,O=S(OC1=C2C(C3C4=CC5=C(C=C4C2C3)C6C7=C(C5C6)C=CC=C7)=C(OS(=O)([O-])=O)C8=C1C9C%10=CC(C%11C(C=CC=C%12)=C%12C%13C%11)=C%13C=C%10C8C9)([O-])=O.[Na+].[Na+],Cl.Cl.COC([C@@H](N)CCCNC(N)=N)=O,other,3.796600103378296,O=S(=O)([O-])Oc1c2c(c(OS(=O)(=O)[O-])c3c1C1CC3c3cc4c(cc31)C1CC4c3ccccc31)C1CC2c2cc3c(cc21)C1CC3c2ccccc21.[Na+].[Na+],5412FB52C8CBD58449E920A6B0055A7974AA5ED214A245A72F491F8E36BD048F,HOST_CAN_0161,PASS,COC(=O)[C@@H](N)CCCNC(=N)N.Cl.Cl,058A033EA14820B6FF97E468FF7316D920C67DEAB4B4BD6C33BB029CFF6090CB,GUEST_CAN_0447,PASS,AttentiveFP,2,family_cold,other,3.076296329498291
1787,69,971,NCCN1C=C(N=N1)COC(C=C2)=C(CNCC3=C(OCC(N=N4)=CN4CCN)C=CC5=C3C=C6)C7=C2C8=C(C=C7)OC9CC8C%10=C(O9)C=CC%11=C%10C=CC(OCC(N=N%12)=CN%12CCN)=C%11CNCC%13=C(OCC(N=N%14)=CN%14CCN)C=CC%15=C%13C=CC(O%16)=C%15C%17C5=C6OC%16C%17,O=C(C(=O)O)C1=CC=CC=C1,other,3.7465999126434326,NCCn1cc(COc2ccc3c4c5ccc3c2CNCc2c(OCc3cn(CCN)nn3)ccc3c6c(ccc23)OC2CC6c3c(ccc6c(c(OCc7cn(CCN)nn7)ccc36)CNCc3c(OCc6cn(CCN)nn6)ccc6c7c(ccc36)OC(CC47)O5)O2)nn1,E69AC36986BDADC1E5A61FE9021251B6D5437DB096F231021CE94D055FF4BCBF,HOST_CAN_0113,PASS,O=C(O)C(=O)c1ccccc1,59D705B21890E0D684B601BDBBAD416E3FA37DD45B9284C4CD080F6E5A6A404C,GUEST_CAN_0855,PASS,AttentiveFP,2,family_cold,other,3.137551784515381
1791,9,304,[O-]C(=O)COc1ccc2c3c1CNC(=O)c1c(OCC(=O)[O-])ccc4c1ccc1c4C4CC(O1)Oc1c4c4ccc(c(C(=O)NCc5c6c(c7C8c2c(cc3)OC(C8)Oc7cc6)ccc5OCC(=O)[O-])c4cc1)OCC(=O)[O-].[NH4+].[NH4+].[NH4+].[NH4+],CCC1CO1,other,2.734800100326538,O=C([O-])COc1ccc2c3c4ccc2c1CNC(=O)c1c(OCC(=O)[O-])ccc2c5c(ccc12)OC1CC5c2c(ccc5c(c(OCC(=O)[O-])ccc25)C(=O)NCc2c(OCC(=O)[O-])ccc5c6c(ccc25)OC(CC36)O4)O1.[NH4+].[NH4+].[NH4+].[NH4+],7D3830C6A6E10F82EEBCC3ED68B861BB21ED63B1DDB277580F3032527E5A1183,HOST_CAN_0139,PASS,CCC1CO1,2E31AA0B5D09EDF5DEC83D16F27705763D59FA61A7FF121EC340896B856ADA1B,GUEST_CAN_0264,PASS,AttentiveFP,2,family_cold,other,3.173783302307129
1796,44,76,C1COCCN2CCOCCOCCN1CCOCCOCC2,[Ba+2],other,6.301000118255615,C1COCCN2CCOCCOCCN(CCO1)CCOCC2,32931B055F3C7DC5134671B8211003699C695F3A170DAFEAC54A6E2274B3149A,HOST_CAN_0003,PASS,[Ba+2],646B641AF6E7E8BB0EF6865C6EADD1E8EF78BF2568880853D320270397B832AE,GUEST_CAN_1012,PASS,AttentiveFP,2,family_cold,other,3.0438835620880127
1799,147,976,c1cc2ccc1C[n+]1ccc(-c3ccc(-c4cc[n+](cc4)Cc4ccc(C[n+]5ccc(-c6ccc(-c7cc[n+](C2)cc7)cc6)cc5)cc4)cc3)cc1.[Cl-].[Cl-].[Cl-].[Cl-],OCC[N+](CCCCCCN1C(=O)c2ccc3c4c2c(C1=O)ccc4c1c2c3ccc3c2c(cc1)C(=O)N(C3=O)CCCCCC[N+](CCO)(C)C)(C)C.[Br-].[Br-],other,4.612800121307373,[Cl-].[Cl-].[Cl-].[Cl-].c1cc2ccc1C[n+]1ccc(cc1)-c1ccc(cc1)-c1cc[n+](cc1)Cc1ccc(cc1)C[n+]1ccc(cc1)-c1ccc(cc1)-c1cc[n+](cc1)C2,8838F5DB3CA725944E62DBB950261A7EF8FD82FF096002A58FF5E9CD907B8660,HOST_CAN_0178,PASS,C[N+](C)(CCO)CCCCCCN1C(=O)c2ccc3c4ccc5c6c(ccc(c7ccc(c2c37)C1=O)c64)C(=O)N(CCCCCC[N+](C)(C)CCO)C5=O.[Br-].[Br-],AE99F059438C3D3299A832737463288C081073C28EB561EB0AC0AA46B8AF3B16,GUEST_CAN_0587,PASS,AttentiveFP,2,family_cold,other,6.170691967010498
1800,170,861,C(CCCCCCCCCCCCCCCCCCC)OC=1C=C(C=2C=CC3=C(C=C(C=4C=CC1C2C43)S(=O)(=O)[O-])S(=O)(=O)[O-])S(=O)(=O)[O-].[Na+].[Na+].[Na+],NCCCNCCCCNCCCN,other,6.322199821472168,CCCCCCCCCCCCCCCCCCCCOc1cc(S(=O)(=O)[O-])c2ccc3c(S(=O)(=O)[O-])cc(S(=O)(=O)[O-])c4ccc1c2c43.[Na+].[Na+].[Na+],B27E030E0C289DFB726320A97E22B8572B4BD8C0E48DD4AA72DC2B16C5FABE46,HOST_CAN_0024,PASS,NCCCNCCCCNCCCN,89EC2515667C6CC2F4199FFE131AE7FD274838F92C27EE7FE3B2B92748655134,GUEST_CAN_0802,PASS,AttentiveFP,2,family_cold,other,5.688669681549072
1803,49,212,[Na]OS(=O)(=O)CCCOc1ccc(c2c1CN1C(=O)N3[C@]4([C@@]1(N(C2)C(=O)N4CN1[C@@H]2N(C3)C(=O)N3[C@@H]2N(C1=O)CN1[C@@]2(N(C3)C(=O)N3[C@]2(C)N(C1=O)Cc1c(C3)c(OCCCS(=O)(=O)O[Na])ccc1OCCCS(=O)(=O)O[Na])C)C)C)OCCCS(=O)(=O)O[Na],CCC1(C2=C(COC1=O)C(=O)N3CC4=CC5=CC=CC=C5N=C4C3=C2)O,other,2.939500093460083,C[C@]12N3Cc4c(OCCCS(=O)(=O)[O][Na])ccc(OCCCS(=O)(=O)[O][Na])c4CN1C(=O)N1CN4C(=O)N5CN6C(=O)N7Cc8c(OCCCS(=O)(=O)[O][Na])ccc(OCCCS(=O)(=O)[O][Na])c8CN8C(=O)N(CN9C(=O)N(CN(C3=O)[C@]12C)[C@@H]4[C@H]95)[C@]6(C)[C@@]78C,C826FABEE0CA0BEBE7AB2E620751B73EB48779DD6C9A550EDEC6672D0197E1E3,HOST_CAN_0086,PASS,CCC1(O)C(=O)OCc2c1cc1n(c2=O)Cc2cc3ccccc3nc2-1,E9469B35D0FA832E6E52F35A157677A6168BC086499F2BDA38D585474E1165AE,GUEST_CAN_0263,PASS,AttentiveFP,2,family_cold,other,4.329552173614502
1806,37,115,C(CN(CC(=O)O)CC(=O)O)N(CC(=O)O)CC(=O)O,[K+],other,0.9599999785423279,O=C(O)CN(CCN(CC(=O)O)CC(=O)O)CC(=O)O,6BFD1C3C84BE32FEF0887DE527CC95AE0C3680F389E80993C4242A4E3571F896,HOST_CAN_0123,PASS,[K+],E83A78F45A613BB8008932667E03FF097984CF2701657EB6EA0AB517A34DEC0B,GUEST_CAN_1068,PASS,AttentiveFP,2,family_cold,other,2.50748348236084
1809,109,63,N12CCOCCOCCOCCN(CCOCCOCCOCC1)CCOCC(OCC2)CO,[Rb+],other,0.6998000144958496,OCC1COCCN2CCOCCOCCOCCN(CCOCCOCCOCC2)CCO1,DBB244EB3484C25754CB49358AAB55D5F1CBE448F138204AFE8509E4D673E477,HOST_CAN_0171,PASS,[Rb+],A81E1030429F736D8E35EA84C21CDFC8BA21CABFAB462465BE82BDA25EAD58DF,GUEST_CAN_1109,PASS,AttentiveFP,2,family_cold,other,2.017432689666748
1812,94,980,CC(C(O[Na])=O)OC(C(OC(C)C(O[Na])=O)=C1)=CC2=C1C(C=C(OC(C(O[Na])=O)C)C(OC(C(O[Na])=O)C)=C3)=C3C4=C2C=C(OC(C(O[Na])=O)C)C(OC(C)C(O[Na])=O)=C4,OCC(=O)[C@@H](O)[C@H](O)[C@H](O)CO,other,0.0,CC(Oc1cc2c3cc(OC(C)C(=O)[O][Na])c(OC(C)C(=O)[O][Na])cc3c3cc(OC(C)C(=O)[O][Na])c(OC(C)C(=O)[O][Na])cc3c2cc1OC(C)C(=O)[O][Na])C(=O)[O][Na],BA584CA32AF40B5CC01118169993C3B68F1DD55FC57084F45766D3D97748C6AD,HOST_CAN_0016,PASS,O=C(CO)[C@@H](O)[C@H](O)[C@H](O)CO,1F09A11DF3C70A06AD98FAAD3175E4C35186E782A1CD5750855C60FE3211E906,GUEST_CAN_0849,PASS,AttentiveFP,2,family_cold,other,1.7613627910614014
1817,26,171,[Li+].[Li+].B(C1=CC=CC=C1CNCC2=CC=C(C=C2)C(=O)NC3=CC(=CC(=C3)CP(=O)([O-])OC)CP(=O)([O-])OC)(O)O,C1=CC(=C(C=C1CCN)O)O,other,2.234100103378296,COP(=O)([O-])Cc1cc(CP(=O)([O-])OC)cc(NC(=O)c2ccc(CNCc3ccccc3B(O)O)cc2)c1.[Li+].[Li+],F42D7F8FEECED34D2A8CD9838DF697E6536F3F5A5AD106D19B9E9737F28D2790,HOST_CAN_0067,PASS,NCCc1ccc(O)c(O)c1,8C989074BC36C962545C6731CBB09A9BCEAD59D65B1AEE4A0B8B096CFFB8E510,GUEST_CAN_0808,PASS,AttentiveFP,2,family_cold,other,2.65163516998291
1820,48,90,[Na]OS(=O)(=O)CCCOc1c2CN3C(=O)N4[C@]5([C@@]3(N(Cc2c(c2c1cccc2)OCCCS(=O)(=O)O[Na])C(=O)N5CN1[C@@]2(N(C4)C(=O)N3[C@]2(C)N(C1=O)Cc1c(C3)c(OCCCS(=O)(=O)O[Na])c2c(c1OCCCS(=O)(=O)O[Na])cccc2)C)C)C,O=C1C=C(NC(=O)c2cc3ccccc3nc2O)[C@@H]([C@H]2[C@@H]1O2)O,other,4.041399955749512,C[C@]12N3Cc4c(c(OCCCS(=O)(=O)[O][Na])c5ccccc5c4OCCCS(=O)(=O)[O][Na])CN1C(=O)N1CN4C(=O)N5Cc6c(c(OCCCS(=O)(=O)[O][Na])c7ccccc7c6OCCCS(=O)(=O)[O][Na])CN6C(=O)N(CN(C3=O)[C@]12C)[C@]4(C)[C@@]56C,D18B807A904C56B05E199911FB10FFB774349CC49BBD32D2EFAFF4C892BA649F,HOST_CAN_0090,PASS,O=C(NC1=CC(=O)[C@H]2O[C@H]2[C@H]1O)c1cc2ccccc2nc1O,FDF8CE2A8B4B2A3DB312AD1231F5B6666439F2E4BEB6DF93515A1333E1D206F0,GUEST_CAN_0852,PASS,AttentiveFP,2,family_cold,other,3.494391918182373
1822,152,982,C1COCCOC2=NC3=CC=CC=C3N=C2OCCOCCOCCOC4=CC=CC=C4OCCO1,[NH2+](Cc1ccccc1)Cc1ccc(cc1)Oc1ccc(cc1)Oc1ccc(cc1)C[NH2+]Cc1ccccc1.C1COCCOc2ccccc2OCCOCCOCCOc2c(OCCO1)nc1ccccc1n2,other,2.4914000034332275,c1ccc2c(c1)OCCOCCOCCOc1nc3ccccc3nc1OCCOCCOCCO2,11E567E73A50D02BD46891CF13338BDDF57C27745B8926A9E8B83F56E359EA3E,HOST_CAN_0187,PASS,c1ccc(C[NH2+]Cc2ccc(Oc3ccc(Oc4ccc(C[NH2+]Cc5ccccc5)cc4)cc3)cc2)cc1.c1ccc2c(c1)OCCOCCOCCOc1nc3ccccc3nc1OCCOCCOCCO2,4A36451B15D9F785FA93F91117D7353EC168F48F257053925223ABE84F8D752B,GUEST_CAN_1132,PASS,AttentiveFP,2,family_cold,other,4.724099159240723
1823,69,951,NCCN1C=C(N=N1)COC(C=C2)=C(CNCC3=C(OCC(N=N4)=CN4CCN)C=CC5=C3C=C6)C7=C2C8=C(C=C7)OC9CC8C%10=C(O9)C=CC%11=C%10C=CC(OCC(N=N%12)=CN%12CCN)=C%11CNCC%13=C(OCC(N=N%14)=CN%14CCN)C=CC%15=C%13C=CC(O%16)=C%15C%17C5=C6OC%16C%17,OC(=O)C(Cc1ccccc1)NC(=O)C,other,3.110599994659424,NCCn1cc(COc2ccc3c4c5ccc3c2CNCc2c(OCc3cn(CCN)nn3)ccc3c6c(ccc23)OC2CC6c3c(ccc6c(c(OCc7cn(CCN)nn7)ccc36)CNCc3c(OCc6cn(CCN)nn6)ccc6c7c(ccc36)OC(CC47)O5)O2)nn1,E69AC36986BDADC1E5A61FE9021251B6D5437DB096F231021CE94D055FF4BCBF,HOST_CAN_0113,PASS,CC(=O)NC(Cc1ccccc1)C(=O)O,CC6FA7DBAD7ADEBC07F58FAA2BE6025206B6C31CC0D76EDEE142CE8D1EDA6C03,GUEST_CAN_0074,PASS,AttentiveFP,2,family_cold,other,3.6091175079345703
1825,147,983,c1cc2ccc1C[n+]1ccc(-c3ccc(-c4cc[n+](cc4)Cc4ccc(C[n+]5ccc(-c6ccc(-c7cc[n+](C2)cc7)cc6)cc5)cc4)cc3)cc1.[Cl-].[Cl-].[Cl-].[Cl-],OCC[N+](CCCCN1C(=O)c2ccc3c4c2c(C1=O)ccc4c1c2c3ccc3c2c(cc1)C(=O)N(C3=O)CCCC[N+](CCO)(C)C)(C)C.[Br-].[Br-],other,4.732399940490723,[Cl-].[Cl-].[Cl-].[Cl-].c1cc2ccc1C[n+]1ccc(cc1)-c1ccc(cc1)-c1cc[n+](cc1)Cc1ccc(cc1)C[n+]1ccc(cc1)-c1ccc(cc1)-c1cc[n+](cc1)C2,8838F5DB3CA725944E62DBB950261A7EF8FD82FF096002A58FF5E9CD907B8660,HOST_CAN_0178,PASS,C[N+](C)(CCO)CCCCN1C(=O)c2ccc3c4ccc5c6c(ccc(c7ccc(c2c37)C1=O)c64)C(=O)N(CCCC[N+](C)(C)CCO)C5=O.[Br-].[Br-],DB27A13BC4EE4B812D8E74DC994F1D77C4759F38B61BBC1AE905369F9ABBA4F0,GUEST_CAN_0588,PASS,AttentiveFP,2,family_cold,other,6.090550422668457
1828,9,491,[O-]C(=O)COc1ccc2c3c1CNC(=O)c1c(OCC(=O)[O-])ccc4c1ccc1c4C4CC(O1)Oc1c4c4ccc(c(C(=O)NCc5c6c(c7C8c2c(cc3)OC(C8)Oc7cc6)ccc5OCC(=O)[O-])c4cc1)OCC(=O)[O-].[NH4+].[NH4+].[NH4+].[NH4+],[N+](=O)([O-])C,other,1.2303999662399292,O=C([O-])COc1ccc2c3c4ccc2c1CNC(=O)c1c(OCC(=O)[O-])ccc2c5c(ccc12)OC1CC5c2c(ccc5c(c(OCC(=O)[O-])ccc25)C(=O)NCc2c(OCC(=O)[O-])ccc5c6c(ccc25)OC(CC36)O4)O1.[NH4+].[NH4+].[NH4+].[NH4+],7D3830C6A6E10F82EEBCC3ED68B861BB21ED63B1DDB277580F3032527E5A1183,HOST_CAN_0139,PASS,C[N+](=O)[O-],9DD6477011E170DF8C6A8B067C399B43A2AD6B900754D12DFB60C91C14231420,GUEST_CAN_0551,PASS,AttentiveFP,2,family_cold,other,3.0607738494873047
1840,171,987,[Pt](Cl)Cl.C(C)(C)(C)C1=CC=2C(C3=CC(=CC(=C3OC2C(=C1)C1=CC=C(C(=O)O)C=C1)C1=CC(=CC(=C1)C=1C=NC=CC1)C1=NC=CC=C1)C(C)(C)C)(C)C,N[C@H](C(=O)O)CS,other,4.899799823760986,CC(C)(C)c1cc(-c2ccc(C(=O)O)cc2)c2c(c1)C(C)(C)c1cc(C(C)(C)C)cc(-c3cc(-c4cccnc4)cc(-c4ccccn4)c3)c1O2.[Cl][Pt][Cl],3435BFB611D6779844CF1631DD1E3E806DB1449EA6169DFA3C5A176CFBE522B7,HOST_CAN_0010,PASS,N[C@@H](CS)C(=O)O,F1EE6155C5B869409D1A7B1239433EB54323E0DBFAAEE8D26F10B164B5CB0437,GUEST_CAN_0819,PASS,AttentiveFP,2,family_cold,other,2.434894561767578
1846,109,115,N12CCOCCOCCOCCN(CCOCCOCCOCC1)CCOCC(OCC2)CO,[K+],other,2.0,OCC1COCCN2CCOCCOCCOCCN(CCOCCOCCOCC2)CCO1,DBB244EB3484C25754CB49358AAB55D5F1CBE448F138204AFE8509E4D673E477,HOST_CAN_0171,PASS,[K+],E83A78F45A613BB8008932667E03FF097984CF2701657EB6EA0AB517A34DEC0B,GUEST_CAN_1068,PASS,AttentiveFP,2,family_cold,other,1.854417085647583
1847,17,37,COP(=O)(Cc1cc2ccc1OCc1cc(COc3ccc(cc3CP(=O)(OC)[O-])C(C)(C)c3ccc(OCc4cc(COc5ccc(C2(C)C)cc5CP(=O)(OC)[O-])cc(c4)[N+](=O)[O-])c(c3)CP(=O)(OC)[O-])cc(c1)[N+](=O)[O-])[O-],C1=CC(=C(C=C1C(CN)O)O)O,other,2.33240008354187,COP(=O)([O-])Cc1cc2ccc1OCc1cc(cc([N+](=O)[O-])c1)COc1ccc(cc1CP(=O)([O-])OC)C(C)(C)c1ccc(c(CP(=O)([O-])OC)c1)OCc1cc(cc([N+](=O)[O-])c1)COc1ccc(cc1CP(=O)([O-])OC)C2(C)C,5C9812D0AA59E8C93387DCBA9CDBD0E45705FA87B439937B162042CB092EC8B9,HOST_CAN_0069,PASS,NCC(O)c1ccc(O)c(O)c1,7F5D32A02DE5511E772E8422081F82EE16925B55633A6CB4BB4E730CF1565495,GUEST_CAN_0775,PASS,AttentiveFP,2,family_cold,other,1.2792727947235107
1848,93,171,B(C1=CC=CC=C1CN(C)CC2=C3C=CC=CC3=CC4=CC=CC=C42)(O)O,C1=CC(=C(C=C1CCN)O)O,other,3.8192999362945557,CN(Cc1ccccc1B(O)O)Cc1c2ccccc2cc2ccccc12,9825767B9F0751EB9842923F025CD2CC724B335E584E46D5C77C9CA19EF79BB5,HOST_CAN_0052,PASS,NCCc1ccc(O)c(O)c1,8C989074BC36C962545C6731CBB09A9BCEAD59D65B1AEE4A0B8B096CFFB8E510,GUEST_CAN_0808,PASS,AttentiveFP,2,family_cold,other,3.536952257156372
1849,48,990,[Na]OS(=O)(=O)CCCOc1c2CN3C(=O)N4[C@]5([C@@]3(N(Cc2c(c2c1cccc2)OCCCS(=O)(=O)O[Na])C(=O)N5CN1[C@@]2(N(C4)C(=O)N3[C@]2(C)N(C1=O)Cc1c(C3)c(OCCCS(=O)(=O)O[Na])c2c(c1OCCCS(=O)(=O)O[Na])cccc2)C)C)C,OCc1ccc(cc1)CO,other,1.3978999853134155,C[C@]12N3Cc4c(c(OCCCS(=O)(=O)[O][Na])c5ccccc5c4OCCCS(=O)(=O)[O][Na])CN1C(=O)N1CN4C(=O)N5Cc6c(c(OCCCS(=O)(=O)[O][Na])c7ccccc7c6OCCCS(=O)(=O)[O][Na])CN6C(=O)N(CN(C3=O)[C@]12C)[C@]4(C)[C@@]56C,D18B807A904C56B05E199911FB10FFB774349CC49BBD32D2EFAFF4C892BA649F,HOST_CAN_0090,PASS,OCc1ccc(CO)cc1,4B4D89701A4F8685CE33E1F50AEFC1B6C00415A84B54FD9569BC841F35463E2B,GUEST_CAN_0984,PASS,AttentiveFP,2,family_cold,other,2.429737091064453
1850,12,229,O1CCOCCN2CCOCCOCCOCCN(CCOCC1)CCOCCOCCOCC2,[Na+],other,2.0,C1COCCN2CCOCCOCCOCCN(CCOCCO1)CCOCCOCCOCC2,85C7C02142B236ECBC1FC9E9A1DD4E3252A7651F7F5B037994877CF5373B1DC8,HOST_CAN_0006,PASS,[Na+],C967F382B185E1578CB9153250886D12807928AF715FC44BD49BA94ACEDD7043,GUEST_CAN_1098,PASS,AttentiveFP,2,family_cold,other,1.7553722858428955
1855,5,710,CCc1c2Oc3cc4cc(c3)[C@@H]3Oc5cc6O[C@@H]7c8cc(Oc1cc(c2)C(=O)O)cc(c8)Oc1cc(cc(c1CC)Oc1cc2cc(c1)[C@H]1Oc8cc(O7)c7C(c6cc5C(c5c(O3)cc3O[C@@H](c6cc(Oc9c(c(O4)cc(c9)C(=O)O)CC)cc(c6)Oc4cc(cc(O2)c4CC)C(=O)O)Oc2c([C@@H](c3c5)CCC(=O)O)cc([C@H](c8c7)CCC(=O)O)c(O1)c2)CCC(=O)O)CCC(=O)O)C(=O)O,C1OC2=C(O1)C=C(C=C2)C(=O)O,other,3.274199962615967,CCc1c2cc(C(=O)O)cc1Oc1cc3cc(c1)[C@H]1Oc4cc5c6cc4C(CCC(=O)O)c4cc7c(cc4O1)O[C@H]1Oc4cc8c(cc4[C@H]7CCC(=O)O)[C@H](CCC(=O)O)c4cc(c7cc4O[C@H](O8)c4cc(cc(c4)Oc4cc(C(=O)O)cc(c4CC)Oc4cc(cc1c4)Oc1cc(C(=O)O)cc(c1CC)O3)Oc1cc(C(=O)O)cc(c1CC)Oc1cc(cc(c1)[C@H](O5)O7)O2)C6CCC(=O)O,E72F5867663E6DAEB989707EF89DA7249ADCC77F45C9B940616AAB4553C73AA2,HOST_CAN_0048,PASS,O=C(O)c1ccc2c(c1)OCO2,DB191D81C25248F1821035412ABC421E45B2596F567ABEA725D8D3667752AA10,GUEST_CAN_0885,PASS,AttentiveFP,2,family_cold,other,4.42279577255249
1859,48,995,[Na]OS(=O)(=O)CCCOc1c2CN3C(=O)N4[C@]5([C@@]3(N(Cc2c(c2c1cccc2)OCCCS(=O)(=O)O[Na])C(=O)N5CN1[C@@]2(N(C4)C(=O)N3[C@]2(C)N(C1=O)Cc1c(C3)c(OCCCS(=O)(=O)O[Na])c2c(c1OCCCS(=O)(=O)O[Na])cccc2)C)C)C,C[N+](=C1C=CC2=NC3=C(C=C(C=C3)N)SC2=C1)C.[Cl-],other,6.770899772644043,C[C@]12N3Cc4c(c(OCCCS(=O)(=O)[O][Na])c5ccccc5c4OCCCS(=O)(=O)[O][Na])CN1C(=O)N1CN4C(=O)N5Cc6c(c(OCCCS(=O)(=O)[O][Na])c7ccccc7c6OCCCS(=O)(=O)[O][Na])CN6C(=O)N(CN(C3=O)[C@]12C)[C@]4(C)[C@@]56C,D18B807A904C56B05E199911FB10FFB774349CC49BBD32D2EFAFF4C892BA649F,HOST_CAN_0090,PASS,C[N+](C)=c1ccc2nc3ccc(N)cc3sc-2c1.[Cl-],17938274D295C15C3CE08BBF19B59B9363595052023413BBDB704D4CF7847C67,GUEST_CAN_0602,PASS,AttentiveFP,2,family_cold,other,6.224358558654785
1864,9,494,[O-]C(=O)COc1ccc2c3c1CNC(=O)c1c(OCC(=O)[O-])ccc4c1ccc1c4C4CC(O1)Oc1c4c4ccc(c(C(=O)NCc5c6c(c7C8c2c(cc3)OC(C8)Oc7cc6)ccc5OCC(=O)[O-])c4cc1)OCC(=O)[O-].[NH4+].[NH4+].[NH4+].[NH4+],C1C(C)O1,other,2.7193000316619873,O=C([O-])COc1ccc2c3c4ccc2c1CNC(=O)c1c(OCC(=O)[O-])ccc2c5c(ccc12)OC1CC5c2c(ccc5c(c(OCC(=O)[O-])ccc25)C(=O)NCc2c(OCC(=O)[O-])ccc5c6c(ccc25)OC(CC36)O4)O1.[NH4+].[NH4+].[NH4+].[NH4+],7D3830C6A6E10F82EEBCC3ED68B861BB21ED63B1DDB277580F3032527E5A1183,HOST_CAN_0139,PASS,CC1CO1,72DB2C6E94EF017899F39F3632DD951839150C04EF5B28A7F8995DB4D68F4FC2,GUEST_CAN_0242,PASS,AttentiveFP,2,family_cold,other,3.0430619716644287
1868,9,822,[O-]C(=O)COc1ccc2c3c1CNC(=O)c1c(OCC(=O)[O-])ccc4c1ccc1c4C4CC(O1)Oc1c4c4ccc(c(C(=O)NCc5c6c(c7C8c2c(cc3)OC(C8)Oc7cc6)ccc5OCC(=O)[O-])c4cc1)OCC(=O)[O-].[NH4+].[NH4+].[NH4+].[NH4+],O1C=NC=C1,other,2.1270999908447266,O=C([O-])COc1ccc2c3c4ccc2c1CNC(=O)c1c(OCC(=O)[O-])ccc2c5c(ccc12)OC1CC5c2c(ccc5c(c(OCC(=O)[O-])ccc25)C(=O)NCc2c(OCC(=O)[O-])ccc5c6c(ccc25)OC(CC36)O4)O1.[NH4+].[NH4+].[NH4+].[NH4+],7D3830C6A6E10F82EEBCC3ED68B861BB21ED63B1DDB277580F3032527E5A1183,HOST_CAN_0139,PASS,c1cocn1,7612215CFBC3EDEB7247928EB75F0E714FA4C90FAD6E501EB18D755F5D310C13,GUEST_CAN_1151,PASS,AttentiveFP,2,family_cold,other,2.9487991333007812
1871,37,13,C(CN(CC(=O)O)CC(=O)O)N(CC(=O)O)CC(=O)O,[Cs+],other,0.14920000731945038,O=C(O)CN(CCN(CC(=O)O)CC(=O)O)CC(=O)O,6BFD1C3C84BE32FEF0887DE527CC95AE0C3680F389E80993C4242A4E3571F896,HOST_CAN_0123,PASS,[Cs+],2007C7CB8E9E407AF1FE3CC70080E500F82FCC5BB652DA30AE9309E09D1E52EF,GUEST_CAN_1052,PASS,AttentiveFP,2,family_cold,other,2.7053933143615723
1873,9,479,[O-]C(=O)COc1ccc2c3c1CNC(=O)c1c(OCC(=O)[O-])ccc4c1ccc1c4C4CC(O1)Oc1c4c4ccc(c(C(=O)NCc5c6c(c7C8c2c(cc3)OC(C8)Oc7cc6)ccc5OCC(=O)[O-])c4cc1)OCC(=O)[O-].[NH4+].[NH4+].[NH4+].[NH4+],CC1C(O1)C,other,2.465399980545044,O=C([O-])COc1ccc2c3c4ccc2c1CNC(=O)c1c(OCC(=O)[O-])ccc2c5c(ccc12)OC1CC5c2c(ccc5c(c(OCC(=O)[O-])ccc25)C(=O)NCc2c(OCC(=O)[O-])ccc5c6c(ccc25)OC(CC36)O4)O1.[NH4+].[NH4+].[NH4+].[NH4+],7D3830C6A6E10F82EEBCC3ED68B861BB21ED63B1DDB277580F3032527E5A1183,HOST_CAN_0139,PASS,CC1OC1C,821350391504E8B049FB63B3AD7E8B898C58ABAC40D0E8391040D8385BB98E91,GUEST_CAN_0244,PASS,AttentiveFP,2,family_cold,other,3.1448943614959717
1879,135,1001,C(N)(=O)CN(C(=O)C1=CC=C(N1)C(=O)NC(=[NH2+])N)C(C)C,C(C)(=O)NC(C(=O)[O-])CC1=CC=CC=C1,other,2.767199993133545,CC(C)N(CC(N)=O)C(=O)c1ccc(C(=O)NC(N)=[NH2+])[nH]1,E45E3D029035E3F73C86C1CEB4D1AB7DAEA8B675AB866EF1DA28E3B575A147C0,HOST_CAN_0011,PASS,CC(=O)NC(Cc1ccccc1)C(=O)[O-],41D4F641A39F943AA2D008CA61116653A1661CBA0A06AA8456F5798D286A7A0D,GUEST_CAN_0075,PASS,AttentiveFP,2,family_cold,other,2.954998731613159
1881,87,1002,CCCCOc1c(OCCCC)c2COCc3c(OCCCC)c(OCCCC)c(c4c3cccc4)COCc3c(c(c(COCc4c(c(c(COCc1c1c2cccc1)c1ccccc41)OCCCC)OCCCC)c1c3cccc1)OCCCC)OCCCC,c1cccc[cH+]c1,other,4.113900184631348,CCCCOc1c(OCCCC)c2c3ccccc3c1COCc1c(OCCCC)c(OCCCC)c(c3ccccc13)COCc1c(OCCCC)c(OCCCC)c(c3ccccc13)COCc1c(OCCCC)c(OCCCC)c(c3ccccc13)COC2,A699E12937358A216FBA45A53678131D8F7DBBB042BA5E7F52621C78F0465945,HOST_CAN_0031,PASS,c1ccc[cH+]cc1,6BB03BDE4A6109AC798A5A9E1D84BA4ADFDCA7B19B516009B3E287AE97F3E5E6,GUEST_CAN_1145,PASS,AttentiveFP,2,family_cold,other,3.62420654296875
1888,174,516,C(C)(=O)[NH+]=C(N)N,CC(C(=O)[O-])NC(=O)C,other,1.6990000009536743,CC(=O)[NH+]=C(N)N,C9D1B2F75607AB32D8DCE5A562CA27872356A42E44D2CE1DC62C88F72BA9A38A,HOST_CAN_0009,PASS,CC(=O)NC(C)C(=O)[O-],223D3A7CF02799E4E69DE4CF10C536E7E3A130D2DECA6FB2E856007B979C6DE6,GUEST_CAN_0069,PASS,AttentiveFP,2,family_cold,other,3.4054455757141113
1890,26,378,[Li+].[Li+].B(C1=CC=CC=C1CNCC2=CC=C(C=C2)C(=O)NC3=CC(=CC(=C3)CP(=O)([O-])OC)CP(=O)([O-])OC)(O)O,C1=CC=C2C(=C1)C(=O)C3=C(C2=O)C(=C(C(=C3)CN(CC(=O)O)CC(=O)O)O)O,other,3.311800003051758,COP(=O)([O-])Cc1cc(CP(=O)([O-])OC)cc(NC(=O)c2ccc(CNCc3ccccc3B(O)O)cc2)c1.[Li+].[Li+],F42D7F8FEECED34D2A8CD9838DF697E6536F3F5A5AD106D19B9E9737F28D2790,HOST_CAN_0067,PASS,O=C(O)CN(CC(=O)O)Cc1cc2c(c(O)c1O)C(=O)c1ccccc1C2=O,E887A26EAB39D6C9D28AD9BD84869C714BE8C45C9144226A9A92B6CA8F1CF041,GUEST_CAN_0877,PASS,AttentiveFP,2,family_cold,other,3.1162736415863037
1897,33,6,[H]C1(C(C(O[C@](OC2=C1C=C3[C@]4([H])CCC[N+](C)(C)C)([H])C5=CC(O6)=CC(OC7=CC8=CC(C[N+](C)(C)C)=C7)=C5)=C9)=CC%10=C9O[C@](C%11=CC(O8)=CC(OC%12=CC%13=CC(C[N+](C)(C)C)=C%12)=C%11)([H])OC%14=C(C%10([H])CCC[N+](C)(C)C)C=C%15C(O[C@](C%16=CC%17=CC(O%13)=C%16)([H])OC%18=CC(O[C@](C%19=CC(OC%20=CC(O%17)=CC(C[N+](C)(C)C)=C%20)=CC(OC%21=CC6=CC(C[N+](C)(C)C)=C%21)=C%19)([H])OC3=C2)=C4C=C%18[C@]%15([H])CCC[N+](C)(C)C)=C%14)CCC[N+](C)(C)C.[Cl-].[Cl-].[Cl-].[Cl-].[Cl-].[Cl-].[Cl-].[Cl-],CC1=CC=C(C=C1)C(=O)O,other,4.484300136566162,C[N+](C)(C)CCCC1c2cc3c4cc2O[C@H]2Oc5cc6c(cc51)[C@H](CCC[N+](C)(C)C)c1cc5c7cc1O[C@H](O6)c1cc6cc(c1)Oc1cc(C[N+](C)(C)C)cc(c1)Oc1cc8cc(c1)[C@H](Oc1cc(c(cc1[C@H]5CCC[N+](C)(C)C)C3CCC[N+](C)(C)C)O[C@@H](O4)c1cc(cc(c1)Oc1cc(C[N+](C)(C)C)cc(c1)O8)Oc1cc(C[N+](C)(C)C)cc(c1)Oc1cc(cc2c1)Oc1cc(C[N+](C)(C)C)cc(c1)O6)O7.[Cl-].[Cl-].[Cl-].[Cl-].[Cl-].[Cl-].[Cl-].[Cl-],F783BB4F0E2D9595DCCBD26C1895FCF835428AF86721AF4DD7F78FB07FBB8527,HOST_CAN_0096,PASS,Cc1ccc(C(=O)O)cc1,77120D4F215B3F6A20DC92D31FF568A8A5CC2FD03CD35785CF05B48416FB8C9C,GUEST_CAN_0655,PASS,AttentiveFP,2,family_cold,other,3.888542413711548
1901,10,1010,[O-]P(=O)(Oc1c2c(c(c3c1C1CC3c3c1cc1c(c3)C3CC1c1c3cccc1)OP(=O)([O-])[O-])C1CC2c2c1cc1c(c2)C2CC1c1c2cccc1)[O-].[Li+].[Li+].[Li+].[Li+],NCCCC[C@@H](C(=O)N[C@H](C(=O)N[C@H](C(=O)N[C@H](C(=O)N[C@H](C(=O)N[C@H](C(=O)N[C@H](C(=O)O)CCCCN)C)Cc1ccccc1)Cc1ccccc1)C(C)C)CC(C)C)NC(=O)[C@H](CCCCN)N,other,5.133500099182129,O=P([O-])([O-])Oc1c2c(c(OP(=O)([O-])[O-])c3c1C1CC3c3cc4c(cc31)C1CC4c3ccccc31)C1CC2c2cc3c(cc21)C1CC3c2ccccc21.[Li+].[Li+].[Li+].[Li+],9F96092125310177FDA593FD76E40B15009450ADCC25B07ACF29665B7272FC4E,HOST_CAN_0152,PASS,CC(C)C[C@H](NC(=O)[C@H](CCCCN)NC(=O)[C@@H](N)CCCCN)C(=O)N[C@H](C(=O)N[C@@H](Cc1ccccc1)C(=O)N[C@@H](Cc1ccccc1)C(=O)N[C@@H](C)C(=O)N[C@@H](CCCCN)C(=O)O)C(C)C,C5573490CA4D8B04D434EFEB7380448DA4328BDCA5DF8B3A4D43093437DC75CD,GUEST_CAN_0156,PASS,AttentiveFP,2,family_cold,other,4.020714282989502
1903,104,21,C1COCCOCCN2CCOCCOCCN1CCOCCOCCOCC2,[Sr+2],other,3.4000000953674316,C1COCCN2CCOCCOCCN(CCOCCO1)CCOCCOCC2,FC2FBDD1CDCC0BE65573222C4E8FD2959C4D898D99922B825F4B9F435E9AD133,HOST_CAN_0005,PASS,[Sr+2],B6D37E5B591B608C4BE7D5E471532F87A202E5D6C60D3F594302E0BACEDD0483,GUEST_CAN_1113,PASS,AttentiveFP,2,family_cold,other,2.888110637664795
1907,175,516,COC(=O)C1=CC=C(N1)C(=O)NC(=[NH2+])N,CC(C(=O)[O-])NC(=O)C,other,2.973099946975708,COC(=O)c1ccc(C(=O)NC(N)=[NH2+])[nH]1,4336DEF1BAE4D0921E4842BA4B4C5962C46BCCE4AA346852860E47CCD48C72A8,HOST_CAN_0055,PASS,CC(=O)NC(C)C(=O)[O-],223D3A7CF02799E4E69DE4CF10C536E7E3A130D2DECA6FB2E856007B979C6DE6,GUEST_CAN_0069,PASS,AttentiveFP,2,family_cold,other,3.203005790710449
1909,37,161,C(CN(CC(=O)O)CC(=O)O)N(CC(=O)O)CC(=O)O,[Mg+2],other,9.120599746704102,O=C(O)CN(CCN(CC(=O)O)CC(=O)O)CC(=O)O,6BFD1C3C84BE32FEF0887DE527CC95AE0C3680F389E80993C4242A4E3571F896,HOST_CAN_0123,PASS,[Mg+2],7F8D39B1BC5783E4D085768535A47B9BA749178FAD98C2BA37380CBAD5B2A9A1,GUEST_CAN_1073,PASS,AttentiveFP,2,family_cold,other,3.5370991230010986
1913,176,764,CCC1c2cc(C(C)c3cc(C(C)c4cc(C(C)c5cc1c(O)cc5O)c(O)cc4O)c(O)cc3O)c(O)cc2O,C1(=CCC2=CC=C3C=CC=C4C=CC1C2=C34)/C=C/C3=CCN(C=C3)C,other,5.361700057983398,CCC1c2cc(c(O)cc2O)C(C)c2cc(c(O)cc2O)C(C)c2cc(c(O)cc2O)C(C)c2cc1c(O)cc2O,46A6DDA139D6E902C92A2B544E887C33244535A26AF18F9518F006C12B3B6488,HOST_CAN_0022,PASS,CN1C=CC(/C=C/C2=CCc3ccc4cccc5c4c3C2C=C5)=CC1,312B6A5D578A533AEA667D63213D9DB8EF06CBF8CAC67B375C184BC36324F841,GUEST_CAN_0416,PASS,AttentiveFP,2,family_cold,other,3.8086752891540527
1923,64,310,CCCCOc1cc2COCc3cc(OCCCC)cc4c3cc(OCCCC)cc4COCc3c(OCCCC)ccc4c3ccc(c4COCc3c4c(c(COCc5c(c1)c2cc(c5)OCCCC)c(OCCCC)cc4)ccc3OCCCC)OCCCC,Brc1ccc(cc1)C[N+](Cc1ccc(cc1)Br)(C)C,other,5.92579984664917,CCCCOc1cc2c3cc(OCCCC)cc(c3c1)COCc1cc(OCCCC)cc3c(cc(OCCCC)cc13)COCc1c(OCCCC)ccc3c(c(OCCCC)ccc13)COCc1c(OCCCC)ccc3c(c(OCCCC)ccc13)COC2,05C5083FBF551B3C1AE048E85E6B7F5EB796F7835740F408D7B4DF1173E7C142,HOST_CAN_0032,PASS,C[N+](C)(Cc1ccc(Br)cc1)Cc1ccc(Br)cc1,6CE8BB4E6DBB3EFEAB4993A48D59A590AFB16BCC35971EAD3DCCB0C0B141BFC9,GUEST_CAN_0591,PASS,AttentiveFP,2,family_cold,other,5.342370510101318
1924,64,847,CCCCOc1cc2COCc3cc(OCCCC)cc4c3cc(OCCCC)cc4COCc3c(OCCCC)ccc4c3ccc(c4COCc3c4c(c(COCc5c(c1)c2cc(c5)OCCCC)c(OCCCC)cc4)ccc3OCCCC)OCCCC,ClC1=CC=C(C[N+](CC2=CC=C(C=C2)Cl)(C)C)C=C1,other,5.818900108337402,CCCCOc1cc2c3cc(OCCCC)cc(c3c1)COCc1cc(OCCCC)cc3c(cc(OCCCC)cc13)COCc1c(OCCCC)ccc3c(c(OCCCC)ccc13)COCc1c(OCCCC)ccc3c(c(OCCCC)ccc13)COC2,05C5083FBF551B3C1AE048E85E6B7F5EB796F7835740F408D7B4DF1173E7C142,HOST_CAN_0032,PASS,C[N+](C)(Cc1ccc(Cl)cc1)Cc1ccc(Cl)cc1,DC8AD954C24345EA589C1DB08B22AB1D9E767AFB72F208616B6684F99AAA07E9,GUEST_CAN_0594,PASS,AttentiveFP,2,family_cold,other,5.317514419555664
1929,49,544,[Na]OS(=O)(=O)CCCOc1ccc(c2c1CN1C(=O)N3[C@]4([C@@]1(N(C2)C(=O)N4CN1[C@@H]2N(C3)C(=O)N3[C@@H]2N(C1=O)CN1[C@@]2(N(C3)C(=O)N3[C@]2(C)N(C1=O)Cc1c(C3)c(OCCCS(=O)(=O)O[Na])ccc1OCCCS(=O)(=O)O[Na])C)C)C)OCCCS(=O)(=O)O[Na],C1CN(CCN1CCC2=C(C=C3C(=C2)CC(=O)N3)Cl)C4=NSC5=CC=CC=C54,other,3.079200029373169,C[C@]12N3Cc4c(OCCCS(=O)(=O)[O][Na])ccc(OCCCS(=O)(=O)[O][Na])c4CN1C(=O)N1CN4C(=O)N5CN6C(=O)N7Cc8c(OCCCS(=O)(=O)[O][Na])ccc(OCCCS(=O)(=O)[O][Na])c8CN8C(=O)N(CN9C(=O)N(CN(C3=O)[C@]12C)[C@@H]4[C@H]95)[C@]6(C)[C@@]78C,C826FABEE0CA0BEBE7AB2E620751B73EB48779DD6C9A550EDEC6672D0197E1E3,HOST_CAN_0086,PASS,O=C1Cc2cc(CCN3CCN(c4nsc5ccccc45)CC3)c(Cl)cc2N1,5C29CDC659AEEDE5E084EE663C3DDDAF5EC9373DB128425FD8B71EF81BA66DC6,GUEST_CAN_0920,PASS,AttentiveFP,2,family_cold,other,5.557581901550293
1931,127,904,O=C(N2CN(C(N4CN(C(N6CN(C(N8CN(C(N%10CN%11C%13C%12N(CCCCCC(O)=O)C(N%13CCCCCC(O)=O)=O)=O)C9C%10N(CCCCCC(O)=O)C(N9CCCCCC(O)=O)=O)=O)C7C8N(CCCCCC(O)=O)C(N7CCCCCC(O)=O)=O)=O)C5C6N(CCCCCC(O)=O)C(N5CCCCCC(O)=O)=O)=O)C3C4N(CCCCCC(O)=O)C(N3CCCCCC(O)=O)=O)N(CN%12C%11=O)C1C2N(CCCCCC(O)=O)C(N1CCCCCC(O)=O)=O,[O-]Cl(=O)(=O)=O,other,5.9085001945495605,O=C(O)CCCCCN1C(=O)N(CCCCCC(=O)O)C2C1N1CN3C(=O)N(CN4C(=O)N(CN5C(=O)N(CN6C(=O)N(CN7C(=O)N(CN2C1=O)C1C7N(CCCCCC(=O)O)C(=O)N1CCCCCC(=O)O)C1C6N(CCCCCC(=O)O)C(=O)N1CCCCCC(=O)O)C1C5N(CCCCCC(=O)O)C(=O)N1CCCCCC(=O)O)C1C4N(CCCCCC(=O)O)C(=O)N1CCCCCC(=O)O)C1C3N(CCCCCC(=O)O)C(=O)N1CCCCCC(=O)O,6A9FAF5530BC770B4CCEB7505462A63A98672DFE66B97D638131737C1C2705FD,HOST_CAN_0119,PASS,[O-][Cl+3]([O-])([O-])[O-],C1EFE6DCDD8349AD0AA7C20322B672701972F41777F2A31C5D8EB568BD417D1F,GUEST_CAN_1105,PASS,AttentiveFP,2,family_cold,other,6.189969539642334
1935,91,115,C1COCCOCCN2CCOCCOCCN1CCOCCOCC2,[K+],other,5.399700164794922,C1COCCN2CCOCCOCCN(CCO1)CCOCCOCC2,40814B22E6CD93EB1FEFBD67E296A6414B9006E7DE8AD543F38C842653A2E43C,HOST_CAN_0004,PASS,[K+],E83A78F45A613BB8008932667E03FF097984CF2701657EB6EA0AB517A34DEC0B,GUEST_CAN_1068,PASS,AttentiveFP,2,family_cold,other,2.030022144317627
1940,162,22,C(=O)C1=C2C=CC=CC2=C(C2=CC=CC=C12)CN(C)CC1=C(C=CC=C1)B(O)O,CNCC(C1=CC(=C(C=C1)O)O)O,other,3.7032999992370605,CN(Cc1ccccc1B(O)O)Cc1c2ccccc2c(C=O)c2ccccc12,94D0F2CFA16D5D9C6F171BB4E6068DE9E6A3490EDCC513574DAFB97B086AE44A,HOST_CAN_0051,PASS,CNCC(O)c1ccc(O)c(O)c1,6ECE6CFFF6E84A2846BFDF3E647E6C18CCEA435B77A528E23C38803D697997FC,GUEST_CAN_0428,PASS,AttentiveFP,2,family_cold,other,3.064988136291504
1952,109,21,N12CCOCCOCCOCCN(CCOCCOCCOCC1)CCOCC(OCC2)CO,[Sr+2],other,2.0,OCC1COCCN2CCOCCOCCOCCN(CCOCCOCCOCC2)CCO1,DBB244EB3484C25754CB49358AAB55D5F1CBE448F138204AFE8509E4D673E477,HOST_CAN_0171,PASS,[Sr+2],B6D37E5B591B608C4BE7D5E471532F87A202E5D6C60D3F594302E0BACEDD0483,GUEST_CAN_1113,PASS,AttentiveFP,2,family_cold,other,2.7673251628875732
1955,9,60,[O-]C(=O)COc1ccc2c3c1CNC(=O)c1c(OCC(=O)[O-])ccc4c1ccc1c4C4CC(O1)Oc1c4c4ccc(c(C(=O)NCc5c6c(c7C8c2c(cc3)OC(C8)Oc7cc6)ccc5OCC(=O)[O-])c4cc1)OCC(=O)[O-].[NH4+].[NH4+].[NH4+].[NH4+],C1OCOCO1,other,1.6720999479293823,O=C([O-])COc1ccc2c3c4ccc2c1CNC(=O)c1c(OCC(=O)[O-])ccc2c5c(ccc12)OC1CC5c2c(ccc5c(c(OCC(=O)[O-])ccc25)C(=O)NCc2c(OCC(=O)[O-])ccc5c6c(ccc25)OC(CC36)O4)O1.[NH4+].[NH4+].[NH4+].[NH4+],7D3830C6A6E10F82EEBCC3ED68B861BB21ED63B1DDB277580F3032527E5A1183,HOST_CAN_0139,PASS,C1OCOCO1,E794BB73456D53E424DB401357804683B7A995F5D1F7C055B278F51FF855F2CE,GUEST_CAN_0040,PASS,AttentiveFP,2,family_cold,other,3.0777065753936768
1957,179,156,COC1=C2C=C3CC4=CC(=C5C=C4CC6=CC(=C(C=C6CC3=C1)OCCOC7=C(C=C8CC9=CC(=C(C=C9CC1=CC(=C(C=C1CC8=C7)OC)OCCO2)OC)OCCO5)OC)OC)OC,[Xe],other,2.9293999671936035,COc1cc2c3cc1OCCOc1cc4c(cc1OC)Cc1cc5c(OC)cc1Cc1cc(c(OC)cc1C4)OCCOc1cc(c(cc1OC)C3)Cc1cc(OC)c(cc1C2)OCCO5,A994AA34EE464E5BE1AB0D787D9DDCAF17250B43466C4579A1059A23B26EAB0C,HOST_CAN_0070,PASS,[Xe],463C698387C428389929BF1416FF8D357192FAE637E5A26BA0E54A16E2EDDA63,GUEST_CAN_1116,PASS,AttentiveFP,2,family_cold,other,3.1317460536956787
1958,9,292,[O-]C(=O)COc1ccc2c3c1CNC(=O)c1c(OCC(=O)[O-])ccc4c1ccc1c4C4CC(O1)Oc1c4c4ccc(c(C(=O)NCc5c6c(c7C8c2c(cc3)OC(C8)Oc7cc6)ccc5OCC(=O)[O-])c4cc1)OCC(=O)[O-].[NH4+].[NH4+].[NH4+].[NH4+],CC(C)(OC)OC,other,1.6901999711990356,O=C([O-])COc1ccc2c3c4ccc2c1CNC(=O)c1c(OCC(=O)[O-])ccc2c5c(ccc12)OC1CC5c2c(ccc5c(c(OCC(=O)[O-])ccc25)C(=O)NCc2c(OCC(=O)[O-])ccc5c6c(ccc25)OC(CC36)O4)O1.[NH4+].[NH4+].[NH4+].[NH4+],7D3830C6A6E10F82EEBCC3ED68B861BB21ED63B1DDB277580F3032527E5A1183,HOST_CAN_0139,PASS,COC(C)(C)OC,7422375CBE82408A9D2537B146AC6AB1219B976B661779E5F5A89FA9E6803806,GUEST_CAN_0454,PASS,AttentiveFP,2,family_cold,other,2.110694646835327
1964,135,1026,C(N)(=O)CN(C(=O)C1=CC=C(N1)C(=O)NC(=[NH2+])N)C(C)C,CC(=O)[O-],other,3.528899908065796,CC(C)N(CC(N)=O)C(=O)c1ccc(C(=O)NC(N)=[NH2+])[nH]1,E45E3D029035E3F73C86C1CEB4D1AB7DAEA8B675AB866EF1DA28E3B575A147C0,HOST_CAN_0011,PASS,CC(=O)[O-],5549C0CF909DB90386E725DB83D29F22D58F5F845DD2F262A57A3C0E347D8AF6,GUEST_CAN_0106,PASS,AttentiveFP,2,family_cold,other,2.533658027648926
1970,87,502,CCCCOc1c(OCCCC)c2COCc3c(OCCCC)c(OCCCC)c(c4c3cccc4)COCc3c(c(c(COCc4c(c(c(COCc1c1c2cccc1)c1ccccc41)OCCCC)OCCCC)c1c3cccc1)OCCCC)OCCCC,[CH-]1C=CC=C1.[CH-]1C=CC=C1.[Co+2],other,4.633500099182129,CCCCOc1c(OCCCC)c2c3ccccc3c1COCc1c(OCCCC)c(OCCCC)c(c3ccccc13)COCc1c(OCCCC)c(OCCCC)c(c3ccccc13)COCc1c(OCCCC)c(OCCCC)c(c3ccccc13)COC2,A699E12937358A216FBA45A53678131D8F7DBBB042BA5E7F52621C78F0465945,HOST_CAN_0031,PASS,[Co+2].c1cc[cH-]c1.c1cc[cH-]c1,B349EBCFF11E4FA8E9919763F46242109CA91617B25577A5208F9CF5D20717A9,GUEST_CAN_1051,PASS,AttentiveFP,2,family_cold,other,5.1520915031433105
1976,44,63,C1COCCN2CCOCCOCCN1CCOCCOCC2,[Rb+],other,2.549999952316284,C1COCCN2CCOCCOCCN(CCO1)CCOCC2,32931B055F3C7DC5134671B8211003699C695F3A170DAFEAC54A6E2274B3149A,HOST_CAN_0003,PASS,[Rb+],A81E1030429F736D8E35EA84C21CDFC8BA21CABFAB462465BE82BDA25EAD58DF,GUEST_CAN_1109,PASS,AttentiveFP,2,family_cold,other,2.276334524154663
1979,60,1030,CCCCOc1ccc2c3c1COCc1c(OCCCC)ccc4c1ccc1c4C4CC(O1)Oc1c4c4ccc(c(COCc5c6c(c7C8c2c(cc3)OC(C8)Oc7cc6)ccc5OCCCC)c4cc1)OCCCC,C(CCCC[N+]12CCN(CC1)CC2)CCCCC[N+]12CCN(CC1)CC2,other,11.146100044250488,CCCCOc1ccc2c3c4ccc2c1COCc1c(OCCCC)ccc2c5c(ccc12)OC1CC5c2c(ccc5c(c(OCCCC)ccc25)COCc2c(OCCCC)ccc5c6c(ccc25)OC(CC36)O4)O1,88DCF2D39B7DF2B43B3F0E5C1B57BDEDED9EEF541105412EB4DABE8747E45264,HOST_CAN_0034,PASS,C(CCCCC[N+]12CCN(CC1)CC2)CCCC[N+]12CCN(CC1)CC2,D9750F37E380C0BF910506B5C23BC4ECB16A72135C4596B6F3DE3EF1A78A649D,GUEST_CAN_0008,PASS,AttentiveFP,2,family_cold,other,5.661005973815918
1980,44,13,C1COCCN2CCOCCOCCN1CCOCCOCC2,[Cs+],other,2.0,C1COCCN2CCOCCOCCN(CCO1)CCOCC2,32931B055F3C7DC5134671B8211003699C695F3A170DAFEAC54A6E2274B3149A,HOST_CAN_0003,PASS,[Cs+],2007C7CB8E9E407AF1FE3CC70080E500F82FCC5BB652DA30AE9309E09D1E52EF,GUEST_CAN_1052,PASS,AttentiveFP,2,family_cold,other,2.276334524154663
1981,162,50,C(=O)C1=C2C=CC=CC2=C(C2=CC=CC=C12)CN(C)CC1=C(C=CC=C1)B(O)O,C1=CC=C(C(=C1)O)O,other,3.3032000064849854,CN(Cc1ccccc1B(O)O)Cc1c2ccccc2c(C=O)c2ccccc12,94D0F2CFA16D5D9C6F171BB4E6068DE9E6A3490EDCC513574DAFB97B086AE44A,HOST_CAN_0051,PASS,Oc1ccccc1O,D6044096AF0493CF06B8B5FDAA8C090BB98BA46AF75026C46D7FE4ACEF4715BB,GUEST_CAN_1007,PASS,AttentiveFP,2,family_cold,other,2.9935312271118164
1983,5,657,CCc1c2Oc3cc4cc(c3)[C@@H]3Oc5cc6O[C@@H]7c8cc(Oc1cc(c2)C(=O)O)cc(c8)Oc1cc(cc(c1CC)Oc1cc2cc(c1)[C@H]1Oc8cc(O7)c7C(c6cc5C(c5c(O3)cc3O[C@@H](c6cc(Oc9c(c(O4)cc(c9)C(=O)O)CC)cc(c6)Oc4cc(cc(O2)c4CC)C(=O)O)Oc2c([C@@H](c3c5)CCC(=O)O)cc([C@H](c8c7)CCC(=O)O)c(O1)c2)CCC(=O)O)CCC(=O)O)C(=O)O,C1=CC(=CC=C1O)Br,other,3.7746999263763428,CCc1c2cc(C(=O)O)cc1Oc1cc3cc(c1)[C@H]1Oc4cc5c6cc4C(CCC(=O)O)c4cc7c(cc4O1)O[C@H]1Oc4cc8c(cc4[C@H]7CCC(=O)O)[C@H](CCC(=O)O)c4cc(c7cc4O[C@H](O8)c4cc(cc(c4)Oc4cc(C(=O)O)cc(c4CC)Oc4cc(cc1c4)Oc1cc(C(=O)O)cc(c1CC)O3)Oc1cc(C(=O)O)cc(c1CC)Oc1cc(cc(c1)[C@H](O5)O7)O2)C6CCC(=O)O,E72F5867663E6DAEB989707EF89DA7249ADCC77F45C9B940616AAB4553C73AA2,HOST_CAN_0048,PASS,Oc1ccc(Br)cc1,6A4C478C30304CFBEB1C11EC144CD8E3026E46E90E58D0A15F1CA821B60FA56A,GUEST_CAN_0990,PASS,AttentiveFP,2,family_cold,other,4.044178009033203
1991,9,613,[O-]C(=O)COc1ccc2c3c1CNC(=O)c1c(OCC(=O)[O-])ccc4c1ccc1c4C4CC(O1)Oc1c4c4ccc(c(C(=O)NCc5c6c(c7C8c2c(cc3)OC(C8)Oc7cc6)ccc5OCC(=O)[O-])c4cc1)OCC(=O)[O-].[NH4+].[NH4+].[NH4+].[NH4+],C1=CNC=C1,other,3.1835999488830566,O=C([O-])COc1ccc2c3c4ccc2c1CNC(=O)c1c(OCC(=O)[O-])ccc2c5c(ccc12)OC1CC5c2c(ccc5c(c(OCC(=O)[O-])ccc25)C(=O)NCc2c(OCC(=O)[O-])ccc5c6c(ccc25)OC(CC36)O4)O1.[NH4+].[NH4+].[NH4+].[NH4+],7D3830C6A6E10F82EEBCC3ED68B861BB21ED63B1DDB277580F3032527E5A1183,HOST_CAN_0139,PASS,c1cc[nH]c1,F996E37E5A4B42FBC524EFA4BA2E9A15FBF3D1F561537DA9CA8ED1DFB7CD0E8F,GUEST_CAN_1126,PASS,AttentiveFP,2,family_cold,other,2.6775341033935547
1996,181,523,CCN(CC)C1=CC2=C(C=C1)C=C(C(=O)O2)C=O,C(C(=O)O)N,other,0.0,CCN(CC)c1ccc2cc(C=O)c(=O)oc2c1,54F8C2EDBAC0C7FF02212481F5EDFCA92EA995CE7C09EF0025AC2F445FF1EEBF,HOST_CAN_0041,PASS,NCC(=O)O,30FE3809EFBE5F6B082D9B94D27A0C7C9ECD1364A816D59C3D31CE32BCDF848E,GUEST_CAN_0774,PASS,AttentiveFP,2,family_cold,other,2.6999409198760986
1998,69,375,NCCN1C=C(N=N1)COC(C=C2)=C(CNCC3=C(OCC(N=N4)=CN4CCN)C=CC5=C3C=C6)C7=C2C8=C(C=C7)OC9CC8C%10=C(O9)C=CC%11=C%10C=CC(OCC(N=N%12)=CN%12CCN)=C%11CNCC%13=C(OCC(N=N%14)=CN%14CCN)C=CC%15=C%13C=CC(O%16)=C%15C%17C5=C6OC%16C%17,C1=CC=C(C=C1)C(C(=O)O)O,other,4.243000030517578,NCCn1cc(COc2ccc3c4c5ccc3c2CNCc2c(OCc3cn(CCN)nn3)ccc3c6c(ccc23)OC2CC6c3c(ccc6c(c(OCc7cn(CCN)nn7)ccc36)CNCc3c(OCc6cn(CCN)nn6)ccc6c7c(ccc36)OC(CC47)O5)O2)nn1,E69AC36986BDADC1E5A61FE9021251B6D5437DB096F231021CE94D055FF4BCBF,HOST_CAN_0113,PASS,O=C(O)C(O)c1ccccc1,8E08B8E39FBC5ABD8EF27E456D9F14EDEC58CC2D7E3AEEF72D046E7F0E969A94,GUEST_CAN_0860,PASS,AttentiveFP,2,family_cold,other,2.8051652908325195
2000,43,88,C1COCCN2CCOCCN1CCOCCOCC2,[Ca+2],other,2.5,C1COCCN2CCOCCN(CCO1)CCOCC2,98A94C64ADA3B0E00FCE78FE7388B30022CC2F26C8BCF54DDABD5207E5AA7E8C,HOST_CAN_0002,PASS,[Ca+2],561732356B8592F747BA6C15EFCD099F7FAD62C4ABEDA9A81D86C4D38151E987,GUEST_CAN_1020,PASS,AttentiveFP,2,family_cold,other,2.63722562789917
2003,44,229,C1COCCN2CCOCCOCCN1CCOCCOCC2,[Na+],other,5.399700164794922,C1COCCN2CCOCCOCCN(CCO1)CCOCC2,32931B055F3C7DC5134671B8211003699C695F3A170DAFEAC54A6E2274B3149A,HOST_CAN_0003,PASS,[Na+],C967F382B185E1578CB9153250886D12807928AF715FC44BD49BA94ACEDD7043,GUEST_CAN_1098,PASS,AttentiveFP,2,family_cold,other,1.9976541996002197
2006,94,397,CC(C(O[Na])=O)OC(C(OC(C)C(O[Na])=O)=C1)=CC2=C1C(C=C(OC(C(O[Na])=O)C)C(OC(C(O[Na])=O)C)=C3)=C3C4=C2C=C(OC(C(O[Na])=O)C)C(OC(C)C(O[Na])=O)=C4,C1=CC=C2C(=C1)C(=CN2)CC(C(=O)O)N,other,0.0,CC(Oc1cc2c3cc(OC(C)C(=O)[O][Na])c(OC(C)C(=O)[O][Na])cc3c3cc(OC(C)C(=O)[O][Na])c(OC(C)C(=O)[O][Na])cc3c2cc1OC(C)C(=O)[O][Na])C(=O)[O][Na],BA584CA32AF40B5CC01118169993C3B68F1DD55FC57084F45766D3D97748C6AD,HOST_CAN_0016,PASS,NC(Cc1c[nH]c2ccccc12)C(=O)O,640E1867764F94CAFE2D991B23E1B000681C8619E07309C47EB26888B7938B6E,GUEST_CAN_0740,PASS,AttentiveFP,2,family_cold,other,2.6013946533203125
2009,151,229,C(C(=O)O)N(CC(=O)O)C1C(=O)NC(=O)NC1=O,[Na+],other,3.3299999237060547,O=C(O)CN(CC(=O)O)C1C(=O)NC(=O)NC1=O,A79CF0157A796F0CD50BB6A621709E83B2F5701A5982B3FC05B4D244283FD579,HOST_CAN_0122,PASS,[Na+],C967F382B185E1578CB9153250886D12807928AF715FC44BD49BA94ACEDD7043,GUEST_CAN_1098,PASS,AttentiveFP,2,family_cold,other,2.5833468437194824
2017,9,467,[O-]C(=O)COc1ccc2c3c1CNC(=O)c1c(OCC(=O)[O-])ccc4c1ccc1c4C4CC(O1)Oc1c4c4ccc(c(C(=O)NCc5c6c(c7C8c2c(cc3)OC(C8)Oc7cc6)ccc5OCC(=O)[O-])c4cc1)OCC(=O)[O-].[NH4+].[NH4+].[NH4+].[NH4+],CC(C)O,other,0.954200029373169,O=C([O-])COc1ccc2c3c4ccc2c1CNC(=O)c1c(OCC(=O)[O-])ccc2c5c(ccc12)OC1CC5c2c(ccc5c(c(OCC(=O)[O-])ccc25)C(=O)NCc2c(OCC(=O)[O-])ccc5c6c(ccc25)OC(CC36)O4)O1.[NH4+].[NH4+].[NH4+].[NH4+],7D3830C6A6E10F82EEBCC3ED68B861BB21ED63B1DDB277580F3032527E5A1183,HOST_CAN_0139,PASS,CC(C)O,DBB1AC6E5DE735970D66B019862ECF51F867BE44B3D2BCCE9FA8B917092E5625,GUEST_CAN_0163,PASS,AttentiveFP,2,family_cold,other,2.1842403411865234
2020,91,88,C1COCCOCCN2CCOCCOCCN1CCOCCOCC2,[Ca+2],other,4.399700164794922,C1COCCN2CCOCCOCCN(CCO1)CCOCCOCC2,40814B22E6CD93EB1FEFBD67E296A6414B9006E7DE8AD543F38C842653A2E43C,HOST_CAN_0004,PASS,[Ca+2],561732356B8592F747BA6C15EFCD099F7FAD62C4ABEDA9A81D86C4D38151E987,GUEST_CAN_1020,PASS,AttentiveFP,2,family_cold,other,2.471895694732666
2024,12,63,O1CCOCCN2CCOCCOCCOCCN(CCOCC1)CCOCCOCCOCC2,[Rb+],other,0.49970000982284546,C1COCCN2CCOCCOCCOCCN(CCOCCO1)CCOCCOCCOCC2,85C7C02142B236ECBC1FC9E9A1DD4E3252A7651F7F5B037994877CF5373B1DC8,HOST_CAN_0006,PASS,[Rb+],A81E1030429F736D8E35EA84C21CDFC8BA21CABFAB462465BE82BDA25EAD58DF,GUEST_CAN_1109,PASS,AttentiveFP,2,family_cold,other,2.014404296875
2025,183,516,C(CCC)NC(=O)C1=CC=C(N1)C(=O)NC(=[NH2+])N,CC(C(=O)[O-])NC(=O)C,other,2.8387999534606934,CCCCNC(=O)c1ccc(C(=O)NC(N)=[NH2+])[nH]1,E9BEE7F84953C193FB83615ACE007EF830C762622B10C8FD1D87FE4D11D418B4,HOST_CAN_0030,PASS,CC(=O)NC(C)C(=O)[O-],223D3A7CF02799E4E69DE4CF10C536E7E3A130D2DECA6FB2E856007B979C6DE6,GUEST_CAN_0069,PASS,AttentiveFP,2,family_cold,other,2.966008186340332
2027,102,536,C1C2=CC=C(C[N+]3=CC=C(C=C3)C4=CC=[N+](CC5=CC=C(C[N+]6=CC=C(C=C6)C7=CC=[N+]1C=C7)C=C5)C=C4)C=C2.F[P-](F)(F)(F)(F)F.F[P-](F)(F)(F)(F)F.F[P-](F)(F)(F)(F)F.F[P-](F)(F)(F)(F)F,C1=CC2=C(C=C1O)C(=CN2)CCN,other,3.1902999877929688,F[P-](F)(F)(F)(F)F.F[P-](F)(F)(F)(F)F.F[P-](F)(F)(F)(F)F.F[P-](F)(F)(F)(F)F.c1cc2ccc1C[n+]1ccc(cc1)-c1cc[n+](cc1)Cc1ccc(cc1)C[n+]1ccc(cc1)-c1cc[n+](cc1)C2,0F2553E080CE2D9CBEC36FEC297EF4CF441DFE215349B4C10A84D4A1E91451C0,HOST_CAN_0102,PASS,NCCc1c[nH]c2ccc(O)cc12,50C092FACAED55A658C6A1AE3522860D2E1569D33526588B723A5129AA5EBE61,GUEST_CAN_0806,PASS,AttentiveFP,2,family_cold,other,1.356581449508667
2035,54,128,[O-]C(=O)COc1c2c(c(c3c1C1CC3c3c1cc1c(c3)C3CC1c1c3cccc1)OCC(=O)[O-])C1CC2c2c1cc1c(c2)C2CC1c1c2cccc1.[Na+].[Na+],CC(C(=O)NC(C)C(=O)O)NC(=O)C(CCCCN)N,other,1.4771000146865845,O=C([O-])COc1c2c(c(OCC(=O)[O-])c3c1C1CC3c3cc4c(cc31)C1CC4c3ccccc31)C1CC2c2cc3c(cc21)C1CC3c2ccccc21.[Na+].[Na+],71E90553B9BBF31920DD1BD183D0F0C0585830F890A72ECB34B8E8CE3C7EDE35,HOST_CAN_0137,PASS,CC(NC(=O)C(C)NC(=O)C(N)CCCCN)C(=O)O,6B60BD9D877B495644FFD1994D39DBA22E57ACB5DF9DF710853F9E07FADFADC2,GUEST_CAN_0185,PASS,AttentiveFP,2,family_cold,other,3.263401746749878
2039,135,296,C(N)(=O)CN(C(=O)C1=CC=C(N1)C(=O)NC(=[NH2+])N)C(C)C,CC(=O)NC(CC1=CNC2=CC=CC=C21)C(=O)O,other,3.00219988822937,CC(C)N(CC(N)=O)C(=O)c1ccc(C(=O)NC(N)=[NH2+])[nH]1,E45E3D029035E3F73C86C1CEB4D1AB7DAEA8B675AB866EF1DA28E3B575A147C0,HOST_CAN_0011,PASS,CC(=O)NC(Cc1c[nH]c2ccccc12)C(=O)O,98F7320D090E241BFC6744B0EF72D1F5ECE8246FC143C1E9CF373B4A144A7EE1,GUEST_CAN_0071,PASS,AttentiveFP,2,family_cold,other,2.9967222213745117
2040,41,764,CCC1c2cc(C(CC)c3cc(C(c4cc(C(c5cc1c(O)c(c5O)C#N)CC)c(O)c(c4O)C#N)CC)c(c(c3O)C#N)O)c(c(c2O)C#N)O,C1(=CCC2=CC=C3C=CC=C4C=CC1C2=C34)/C=C/C3=CCN(C=C3)C,other,6.62939977645874,CCC1c2cc(c(O)c(C#N)c2O)C(CC)c2cc(c(O)c(C#N)c2O)C(CC)c2cc(c(O)c(C#N)c2O)C(CC)c2cc1c(O)c(C#N)c2O,C7E59A18D7BDB1317D9A13B4AEB284A383135621556342941A7B2EDCC62018B3,HOST_CAN_0021,PASS,CN1C=CC(/C=C/C2=CCc3ccc4cccc5c4c3C2C=C5)=CC1,312B6A5D578A533AEA667D63213D9DB8EF06CBF8CAC67B375C184BC36324F841,GUEST_CAN_0416,PASS,AttentiveFP,2,family_cold,other,3.377322196960449
2042,9,585,[O-]C(=O)COc1ccc2c3c1CNC(=O)c1c(OCC(=O)[O-])ccc4c1ccc1c4C4CC(O1)Oc1c4c4ccc(c(C(=O)NCc5c6c(c7C8c2c(cc3)OC(C8)Oc7cc6)ccc5OCC(=O)[O-])c4cc1)OCC(=O)[O-].[NH4+].[NH4+].[NH4+].[NH4+],C1COC=CO1,other,3.003499984741211,O=C([O-])COc1ccc2c3c4ccc2c1CNC(=O)c1c(OCC(=O)[O-])ccc2c5c(ccc12)OC1CC5c2c(ccc5c(c(OCC(=O)[O-])ccc25)C(=O)NCc2c(OCC(=O)[O-])ccc5c6c(ccc25)OC(CC36)O4)O1.[NH4+].[NH4+].[NH4+].[NH4+],7D3830C6A6E10F82EEBCC3ED68B861BB21ED63B1DDB277580F3032527E5A1183,HOST_CAN_0139,PASS,C1=COCCO1,62B89259694551775F024BAF22BB7717B9DD1ABB919F2BD142259B86044C2DEF,GUEST_CAN_0017,PASS,AttentiveFP,2,family_cold,other,2.9075450897216797
2043,9,746,[O-]C(=O)COc1ccc2c3c1CNC(=O)c1c(OCC(=O)[O-])ccc4c1ccc1c4C4CC(O1)Oc1c4c4ccc(c(C(=O)NCc5c6c(c7C8c2c(cc3)OC(C8)Oc7cc6)ccc5OCC(=O)[O-])c4cc1)OCC(=O)[O-].[NH4+].[NH4+].[NH4+].[NH4+],COC(=O)OC,other,3.1498000621795654,O=C([O-])COc1ccc2c3c4ccc2c1CNC(=O)c1c(OCC(=O)[O-])ccc2c5c(ccc12)OC1CC5c2c(ccc5c(c(OCC(=O)[O-])ccc25)C(=O)NCc2c(OCC(=O)[O-])ccc5c6c(ccc25)OC(CC36)O4)O1.[NH4+].[NH4+].[NH4+].[NH4+],7D3830C6A6E10F82EEBCC3ED68B861BB21ED63B1DDB277580F3032527E5A1183,HOST_CAN_0139,PASS,COC(=O)OC,6CCAD973A4EAF78C167862A182B402AC2EC9ED740AA8040453E50A8F70C5D2C6,GUEST_CAN_0446,PASS,AttentiveFP,2,family_cold,other,2.3828537464141846
2046,9,964,[O-]C(=O)COc1ccc2c3c1CNC(=O)c1c(OCC(=O)[O-])ccc4c1ccc1c4C4CC(O1)Oc1c4c4ccc(c(C(=O)NCc5c6c(c7C8c2c(cc3)OC(C8)Oc7cc6)ccc5OCC(=O)[O-])c4cc1)OCC(=O)[O-].[NH4+].[NH4+].[NH4+].[NH4+],C1CCC2C(C1)O2,other,1.799299955368042,O=C([O-])COc1ccc2c3c4ccc2c1CNC(=O)c1c(OCC(=O)[O-])ccc2c5c(ccc12)OC1CC5c2c(ccc5c(c(OCC(=O)[O-])ccc25)C(=O)NCc2c(OCC(=O)[O-])ccc5c6c(ccc25)OC(CC36)O4)O1.[NH4+].[NH4+].[NH4+].[NH4+],7D3830C6A6E10F82EEBCC3ED68B861BB21ED63B1DDB277580F3032527E5A1183,HOST_CAN_0139,PASS,C1CCC2OC2C1,78D4812342A7F88534719C2C2B467B0E7B72F0ECFBE8E31818F971D57D8D8A2B,GUEST_CAN_0027,PASS,AttentiveFP,2,family_cold,other,3.7258663177490234
2053,128,45,O=C(CCC(C(=O)NCCNCc1c2ccccc2cc2c1cccc2)N)NCCNCc1c2ccccc2cc2c1cccc2,[Ni+2],other,1.9394999742507935,NC(CCC(=O)NCCNCc1c2ccccc2cc2ccccc12)C(=O)NCCNCc1c2ccccc2cc2ccccc12,01BD25C59F5221E994DF4AEDA851FB67FB6F65A6FC8B5F5AFCED46C62021C690,HOST_CAN_0108,PASS,[Ni+2],8BE14EA3A3715F5B836E046902CF446D35D301050216EFC5FE6BC970E8697121,GUEST_CAN_1104,PASS,AttentiveFP,2,family_cold,other,3.9080185890197754
2055,54,766,[O-]C(=O)COc1c2c(c(c3c1C1CC3c3c1cc1c(c3)C3CC1c1c3cccc1)OCC(=O)[O-])C1CC2c2c1cc1c(c2)C2CC1c1c2cccc1.[Na+].[Na+],C(CC(C(=O)O)N)CN=C(N)N.Cl,other,3.21560001373291,O=C([O-])COc1c2c(c(OCC(=O)[O-])c3c1C1CC3c3cc4c(cc31)C1CC4c3ccccc31)C1CC2c2cc3c(cc21)C1CC3c2ccccc21.[Na+].[Na+],71E90553B9BBF31920DD1BD183D0F0C0585830F890A72ECB34B8E8CE3C7EDE35,HOST_CAN_0137,PASS,Cl.NC(N)=NCCCC(N)C(=O)O,DCEE3A60E82EAC732CD6486BBD889ECB153461C3185992B7BB902D00316BB9B5,GUEST_CAN_0685,PASS,AttentiveFP,2,family_cold,other,3.1529269218444824
2056,59,542,CN(CCCCCC1=C(C(OC2=C1C=CC(=C2)N(CC)CC)=O)C=O)CC2=C(C=CC=C2)B(O)O,C1=CC(=CC=C1CCN)O,other,2.397900104522705,CCN(CC)c1ccc2c(CCCCCN(C)Cc3ccccc3B(O)O)c(C=O)c(=O)oc2c1,B861F92B136135BCA309B8D669CABB847130F510F34D71F80DA21B31360935DE,HOST_CAN_0040,PASS,NCCc1ccc(O)cc1,DDE8FB0CAB54D70F634834523F64F6D6D31E8DDBE409025D5D3B793F1CAB152C,GUEST_CAN_0809,PASS,AttentiveFP,2,family_cold,other,3.099897861480713
2058,152,937,C1COCCOC2=NC3=CC=CC=C3N=C2OCCOCCOCCOC4=CC=CC=C4OCCO1,F[P-](F)(F)(F)(F)F.F[P-](F)(F)(F)(F)F.F[P-](F)(F)(F)(F)F.C1(C[NH2+]CC2=CC=C(OC3=CC(OC(C=C4)=CC=C4C[NH2+]CC5=CC=CC=C5)=CC(OC(C=C6)=CC=C6C[NH2+]CC7=CC=CC=C7)=C3)C=C2)=CC=CC=C1,other,8.518500328063965,c1ccc2c(c1)OCCOCCOCCOc1nc3ccccc3nc1OCCOCCOCCO2,11E567E73A50D02BD46891CF13338BDDF57C27745B8926A9E8B83F56E359EA3E,HOST_CAN_0187,PASS,F[P-](F)(F)(F)(F)F.F[P-](F)(F)(F)(F)F.F[P-](F)(F)(F)(F)F.c1ccc(C[NH2+]Cc2ccc(Oc3cc(Oc4ccc(C[NH2+]Cc5ccccc5)cc4)cc(Oc4ccc(C[NH2+]Cc5ccccc5)cc4)c3)cc2)cc1,32BC822A59EBA24F89EAF31AE89122DE48E9EA88CE6089F0B15D5AECA3940479,GUEST_CAN_0707,PASS,AttentiveFP,2,family_cold,other,6.259693145751953
2060,48,1045,[Na]OS(=O)(=O)CCCOc1c2CN3C(=O)N4[C@]5([C@@]3(N(Cc2c(c2c1cccc2)OCCCS(=O)(=O)O[Na])C(=O)N5CN1[C@@]2(N(C4)C(=O)N3[C@]2(C)N(C1=O)Cc1c(C3)c(OCCCS(=O)(=O)O[Na])c2c(c1OCCCS(=O)(=O)O[Na])cccc2)C)C)C,NC1=CC2=[N+](C3=CC=CC=C3)C(C=C(N)C(C)=C4)C4N=C2C=C1C.[Cl-],other,4.801400184631348,C[C@]12N3Cc4c(c(OCCCS(=O)(=O)[O][Na])c5ccccc5c4OCCCS(=O)(=O)[O][Na])CN1C(=O)N1CN4C(=O)N5Cc6c(c(OCCCS(=O)(=O)[O][Na])c7ccccc7c6OCCCS(=O)(=O)[O][Na])CN6C(=O)N(CN(C3=O)[C@]12C)[C@]4(C)[C@@]56C,D18B807A904C56B05E199911FB10FFB774349CC49BBD32D2EFAFF4C892BA649F,HOST_CAN_0090,PASS,CC1=CC2N=c3cc(C)c(N)cc3=[N+](c3ccccc3)C2C=C1N.[Cl-],8A3C1D53583B6A43952C4F49655AA15189A4629A2CBEE5D988F1D523F2452BDC,GUEST_CAN_0237,PASS,AttentiveFP,2,family_cold,other,4.583000183105469
2068,6,173,OC(=O)CCC1c2cc3c4cc2O[C@@H]2Oc5c1cc1c(c5)O[C@@H]5Oc6c([C@@H]1CCC(=O)O)cc1[C@H](c7cc(C3CCC(=O)O)c3O[C@H](O4)c4cc8Oc9cc(Oc%10cc2cc(c%10C(=O)O)Oc2cccc(c2)Oc2cc5cc(c2C(=O)O)Oc2cccc(c2)Oc2cc([C@@H](Oc7c3)Oc1c6)cc(Oc1cc(Oc(c4)c8C(=O)O)ccc1)c2C(=O)O)ccc9)CCC(=O)O,CC(=C)C1CCC(=CC1)C(=O)O,other,2.5,O=C(O)CCC1c2cc3c4cc2O[C@H]2Oc5cc6c(cc51)[C@H](CCC(=O)O)c1cc5c7cc1O[C@H](O6)c1cc6c(C(=O)O)c(c1)Oc1cccc(c1)Oc1cc8cc(c1C(=O)O)Oc1cccc(c1)Oc1cc(cc(c1C(=O)O)Oc1cccc(c1)Oc1cc2cc(c1C(=O)O)Oc1cccc(c1)O6)[C@H](O4)Oc1cc(c(cc1C3CCC(=O)O)[C@H]5CCC(=O)O)O[C@@H]8O7,9910B6C324867B78C538BC824892433086D3864FCBD7A2F3E051B7730A9D9689,HOST_CAN_0118,PASS,C=C(C)C1CC=C(C(=O)O)CC1,7411A08C1732941061C7E066D7426FC72483A8246B403E7217C058A46226BD11,GUEST_CAN_0042,PASS,AttentiveFP,2,family_cold,other,4.658921241760254
2071,86,5,[Na]OS(=O)(=O)CCCCOC=1C=C(C=CC1)[C@@H]1N=C(OC1)CC1=C(C(=C(C(=C1CC)CC=1OC[C@@H](N1)C1=CC(=CC=C1)OCCCCS(=O)(=O)O[Na])CC)CC=1OC[C@@H](N1)C1=CC(=CC=C1)OCCCCS(=O)(=O)O[Na])CC,C1=CC=C(C=C1)CCN.Cl,other,1.934499979019165,CCc1c(CC2=N[C@@H](c3cccc(OCCCCS(=O)(=O)[O][Na])c3)CO2)c(CC)c(CC2=N[C@@H](c3cccc(OCCCCS(=O)(=O)[O][Na])c3)CO2)c(CC)c1CC1=N[C@@H](c2cccc(OCCCCS(=O)(=O)[O][Na])c2)CO1,A0794E3195B22DC21424CE7BDC74C772C0ED7BF37D1C4B8CF085F54EF0D1331E,HOST_CAN_0047,PASS,Cl.NCCc1ccccc1,694C353D974E43F94B1A87CEC52C279387A77EBF6FFAF0F180A66EE64E2F9B79,GUEST_CAN_0692,PASS,AttentiveFP,2,family_cold,other,3.329340934753418
2087,4,415,[Na]OS(=O)(=O)CCCCOC=1C=C(C=CC1)[C@@H]1N=C(OC1)CC1=C(C(=C(C(=C1C)CC=1OC[C@@H](N1)C1=CC(=CC=C1)OCCCCS(=O)(=O)O[Na])C)CC=1OC[C@@H](N1)C1=CC(=CC=C1)OCCCCS(=O)(=O)O[Na])C,CNCC(C1=CC(=C(C=C1)O)O)O.Cl,other,1.0,Cc1c(CC2=N[C@@H](c3cccc(OCCCCS(=O)(=O)[O][Na])c3)CO2)c(C)c(CC2=N[C@@H](c3cccc(OCCCCS(=O)(=O)[O][Na])c3)CO2)c(C)c1CC1=N[C@@H](c2cccc(OCCCCS(=O)(=O)[O][Na])c2)CO1,9E3429786C624B72E8FD089068975D2A1C33E04632FEA26EF01294722587A124,HOST_CAN_0098,PASS,CNCC(O)c1ccc(O)c(O)c1.Cl,67FF0874CD83491B0590CBB99011E21C45D2390B945EDB9E145BDB097ED301BC,GUEST_CAN_0429,PASS,AttentiveFP,2,family_cold,other,2.574545383453369
2088,43,161,C1COCCN2CCOCCN1CCOCCOCC2,[Mg+2],other,2.5,C1COCCN2CCOCCN(CCO1)CCOCC2,98A94C64ADA3B0E00FCE78FE7388B30022CC2F26C8BCF54DDABD5207E5AA7E8C,HOST_CAN_0002,PASS,[Mg+2],7F8D39B1BC5783E4D085768535A47B9BA749178FAD98C2BA37380CBAD5B2A9A1,GUEST_CAN_1073,PASS,AttentiveFP,2,family_cold,other,3.138399362564087
2089,151,76,C(C(=O)O)N(CC(=O)O)C1C(=O)NC(=O)NC1=O,[Ba+2],other,6.130300045013428,O=C(O)CN(CC(=O)O)C1C(=O)NC(=O)NC1=O,A79CF0157A796F0CD50BB6A621709E83B2F5701A5982B3FC05B4D244283FD579,HOST_CAN_0122,PASS,[Ba+2],646B641AF6E7E8BB0EF6865C6EADD1E8EF78BF2568880853D320270397B832AE,GUEST_CAN_1012,PASS,AttentiveFP,2,family_cold,other,3.731241226196289
2094,9,1055,[O-]C(=O)COc1ccc2c3c1CNC(=O)c1c(OCC(=O)[O-])ccc4c1ccc1c4C4CC(O1)Oc1c4c4ccc(c(C(=O)NCc5c6c(c7C8c2c(cc3)OC(C8)Oc7cc6)ccc5OCC(=O)[O-])c4cc1)OCC(=O)[O-].[NH4+].[NH4+].[NH4+].[NH4+],C1=COC=C1,other,2.1731998920440674,O=C([O-])COc1ccc2c3c4ccc2c1CNC(=O)c1c(OCC(=O)[O-])ccc2c5c(ccc12)OC1CC5c2c(ccc5c(c(OCC(=O)[O-])ccc25)C(=O)NCc2c(OCC(=O)[O-])ccc5c6c(ccc25)OC(CC36)O4)O1.[NH4+].[NH4+].[NH4+].[NH4+],7D3830C6A6E10F82EEBCC3ED68B861BB21ED63B1DDB277580F3032527E5A1183,HOST_CAN_0139,PASS,c1ccoc1,39D2B6272E06ABEFF6444DCFBDE680514F1577849516C3E373DBE4CD7A22B85D,GUEST_CAN_1148,PASS,AttentiveFP,2,family_cold,other,2.9825305938720703
2096,109,229,N12CCOCCOCCOCCN(CCOCCOCCOCC1)CCOCC(OCC2)CO,[Na+],other,2.0,OCC1COCCN2CCOCCOCCOCCN(CCOCCOCCOCC2)CCO1,DBB244EB3484C25754CB49358AAB55D5F1CBE448F138204AFE8509E4D673E477,HOST_CAN_0171,PASS,[Na+],C967F382B185E1578CB9153250886D12807928AF715FC44BD49BA94ACEDD7043,GUEST_CAN_1098,PASS,AttentiveFP,2,family_cold,other,1.756211280822754
2097,69,971,NCCN1C=C(N=N1)COC(C=C2)=C(CNCC3=C(OCC(N=N4)=CN4CCN)C=CC5=C3C=C6)C7=C2C8=C(C=C7)OC9CC8C%10=C(O9)C=CC%11=C%10C=CC(OCC(N=N%12)=CN%12CCN)=C%11CNCC%13=C(OCC(N=N%14)=CN%14CCN)C=CC%15=C%13C=CC(O%16)=C%15C%17C5=C6OC%16C%17,O=C(C(=O)O)C1=CC=CC=C1,other,3.3710999488830566,NCCn1cc(COc2ccc3c4c5ccc3c2CNCc2c(OCc3cn(CCN)nn3)ccc3c6c(ccc23)OC2CC6c3c(ccc6c(c(OCc7cn(CCN)nn7)ccc36)CNCc3c(OCc6cn(CCN)nn6)ccc6c7c(ccc36)OC(CC47)O5)O2)nn1,E69AC36986BDADC1E5A61FE9021251B6D5437DB096F231021CE94D055FF4BCBF,HOST_CAN_0113,PASS,O=C(O)C(=O)c1ccccc1,59D705B21890E0D684B601BDBBAD416E3FA37DD45B9284C4CD080F6E5A6A404C,GUEST_CAN_0855,PASS,AttentiveFP,2,family_cold,other,3.137551784515381
2098,102,37,C1C2=CC=C(C[N+]3=CC=C(C=C3)C4=CC=[N+](CC5=CC=C(C[N+]6=CC=C(C=C6)C7=CC=[N+]1C=C7)C=C5)C=C4)C=C2.F[P-](F)(F)(F)(F)F.F[P-](F)(F)(F)(F)F.F[P-](F)(F)(F)(F)F.F[P-](F)(F)(F)(F)F,C1=CC(=C(C=C1C(CN)O)O)O,other,3.170300006866455,F[P-](F)(F)(F)(F)F.F[P-](F)(F)(F)(F)F.F[P-](F)(F)(F)(F)F.F[P-](F)(F)(F)(F)F.c1cc2ccc1C[n+]1ccc(cc1)-c1cc[n+](cc1)Cc1ccc(cc1)C[n+]1ccc(cc1)-c1cc[n+](cc1)C2,0F2553E080CE2D9CBEC36FEC297EF4CF441DFE215349B4C10A84D4A1E91451C0,HOST_CAN_0102,PASS,NCC(O)c1ccc(O)c(O)c1,7F5D32A02DE5511E772E8422081F82EE16925B55633A6CB4BB4E730CF1565495,GUEST_CAN_0775,PASS,AttentiveFP,2,family_cold,other,0.9258692264556885
2100,104,76,C1COCCOCCN2CCOCCOCCN1CCOCCOCCOCC2,[Ba+2],other,6.0,C1COCCN2CCOCCOCCN(CCOCCO1)CCOCCOCC2,FC2FBDD1CDCC0BE65573222C4E8FD2959C4D898D99922B825F4B9F435E9AD133,HOST_CAN_0005,PASS,[Ba+2],646B641AF6E7E8BB0EF6865C6EADD1E8EF78BF2568880853D320270397B832AE,GUEST_CAN_1012,PASS,AttentiveFP,2,family_cold,other,2.888110637664795
2102,104,88,C1COCCOCCN2CCOCCOCCN1CCOCCOCCOCC2,[Ca+2],other,2.0,C1COCCN2CCOCCOCCN(CCOCCO1)CCOCCOCC2,FC2FBDD1CDCC0BE65573222C4E8FD2959C4D898D99922B825F4B9F435E9AD133,HOST_CAN_0005,PASS,[Ca+2],561732356B8592F747BA6C15EFCD099F7FAD62C4ABEDA9A81D86C4D38151E987,GUEST_CAN_1020,PASS,AttentiveFP,2,family_cold,other,2.401045083999634
2105,94,301,CC(C(O[Na])=O)OC(C(OC(C)C(O[Na])=O)=C1)=CC2=C1C(C=C(OC(C(O[Na])=O)C)C(OC(C(O[Na])=O)C)=C3)=C3C4=C2C=C(OC(C(O[Na])=O)C)C(OC(C)C(O[Na])=O)=C4,CC(=O)OCC[N+](C)(C)C,other,1.973099946975708,CC(Oc1cc2c3cc(OC(C)C(=O)[O][Na])c(OC(C)C(=O)[O][Na])cc3c3cc(OC(C)C(=O)[O][Na])c(OC(C)C(=O)[O][Na])cc3c2cc1OC(C)C(=O)[O][Na])C(=O)[O][Na],BA584CA32AF40B5CC01118169993C3B68F1DD55FC57084F45766D3D97748C6AD,HOST_CAN_0016,PASS,CC(=O)OCC[N+](C)(C)C,84D51F4020B502D4D631E57EE68EFDE6A9760DA224964EB235142C0ADF7611B2,GUEST_CAN_0100,PASS,AttentiveFP,2,family_cold,other,3.041754722595215
2108,10,1057,[O-]P(=O)(Oc1c2c(c(c3c1C1CC3c3c1cc1c(c3)C3CC1c1c3cccc1)OP(=O)([O-])[O-])C1CC2c2c1cc1c(c2)C2CC1c1c2cccc1)[O-].[Li+].[Li+].[Li+].[Li+],CC(C)C1C(=O)NC(C(=O)NCC(=O)NC(C(=O)NC(C(=O)N1)CC2=CC=CC=C2)CC(=O)O)CCCN=C(N)N,other,4.225299835205078,O=P([O-])([O-])Oc1c2c(c(OP(=O)([O-])[O-])c3c1C1CC3c3cc4c(cc31)C1CC4c3ccccc31)C1CC2c2cc3c(cc21)C1CC3c2ccccc21.[Li+].[Li+].[Li+].[Li+],9F96092125310177FDA593FD76E40B15009450ADCC25B07ACF29665B7272FC4E,HOST_CAN_0152,PASS,CC(C)C1NC(=O)C(Cc2ccccc2)NC(=O)C(CC(=O)O)NC(=O)CNC(=O)C(CCCN=C(N)N)NC1=O,074AF973D61E15E2FD1B3DC8B36899F18BD882FBD4BF4ACA97F7837EEA40CBA9,GUEST_CAN_0132,PASS,AttentiveFP,2,family_cold,other,2.9612488746643066
2111,74,37,[Li+].[Li+].COP(OC)(=O)CC1=CC(=CC(=C1)NC(CCCN(C)CC1=C(C=CC=C1)B(O)O)=O)CP([O-])([O-])=O,C1=CC(=C(C=C1C(CN)O)O)O,other,2.540299892425537,COP(=O)(Cc1cc(CP(=O)([O-])[O-])cc(NC(=O)CCCN(C)Cc2ccccc2B(O)O)c1)OC.[Li+].[Li+],7E42F839F9338A49BA3ED36631C1EA08827315A2F7E1A716582040F5B64BDC5A,HOST_CAN_0065,PASS,NCC(O)c1ccc(O)c(O)c1,7F5D32A02DE5511E772E8422081F82EE16925B55633A6CB4BB4E730CF1565495,GUEST_CAN_0775,PASS,AttentiveFP,2,family_cold,other,2.218897819519043
2117,9,1055,[O-]C(=O)COc1ccc2c3c1CNC(=O)c1c(OCC(=O)[O-])ccc4c1ccc1c4C4CC(O1)Oc1c4c4ccc(c(C(=O)NCc5c6c(c7C8c2c(cc3)OC(C8)Oc7cc6)ccc5OCC(=O)[O-])c4cc1)OCC(=O)[O-].[NH4+].[NH4+].[NH4+].[NH4+],C1=COC=C1,other,2.6928000450134277,O=C([O-])COc1ccc2c3c4ccc2c1CNC(=O)c1c(OCC(=O)[O-])ccc2c5c(ccc12)OC1CC5c2c(ccc5c(c(OCC(=O)[O-])ccc25)C(=O)NCc2c(OCC(=O)[O-])ccc5c6c(ccc25)OC(CC36)O4)O1.[NH4+].[NH4+].[NH4+].[NH4+],7D3830C6A6E10F82EEBCC3ED68B861BB21ED63B1DDB277580F3032527E5A1183,HOST_CAN_0139,PASS,c1ccoc1,39D2B6272E06ABEFF6444DCFBDE680514F1577849516C3E373DBE4CD7A22B85D,GUEST_CAN_1148,PASS,AttentiveFP,2,family_cold,other,2.9825305938720703
2123,87,1060,CCCCOc1c(OCCCC)c2COCc3c(OCCCC)c(OCCCC)c(c4c3cccc4)COCc3c(c(c(COCc4c(c(c(COCc1c1c2cccc1)c1ccccc41)OCCCC)OCCCC)c1c3cccc1)OCCCC)OCCCC,F[P-](F)(F)(F)(F)F.C[N+](C)(C)C,other,3.672100067138672,CCCCOc1c(OCCCC)c2c3ccccc3c1COCc1c(OCCCC)c(OCCCC)c(c3ccccc13)COCc1c(OCCCC)c(OCCCC)c(c3ccccc13)COCc1c(OCCCC)c(OCCCC)c(c3ccccc13)COC2,A699E12937358A216FBA45A53678131D8F7DBBB042BA5E7F52621C78F0465945,HOST_CAN_0031,PASS,C[N+](C)(C)C.F[P-](F)(F)(F)(F)F,2F131996A35C73F830118E0DF8CAF96D2277A54AC56439E499DF910181D87706,GUEST_CAN_0553,PASS,AttentiveFP,2,family_cold,other,4.250009536743164
2130,43,229,C1COCCN2CCOCCN1CCOCCOCC2,[Na+],other,3.200000047683716,C1COCCN2CCOCCN(CCO1)CCOCC2,98A94C64ADA3B0E00FCE78FE7388B30022CC2F26C8BCF54DDABD5207E5AA7E8C,HOST_CAN_0002,PASS,[Na+],C967F382B185E1578CB9153250886D12807928AF715FC44BD49BA94ACEDD7043,GUEST_CAN_1098,PASS,AttentiveFP,2,family_cold,other,2.076425790786743
2132,17,773,COP(=O)(Cc1cc2ccc1OCc1cc(COc3ccc(cc3CP(=O)(OC)[O-])C(C)(C)c3ccc(OCc4cc(COc5ccc(C2(C)C)cc5CP(=O)(OC)[O-])cc(c4)[N+](=O)[O-])c(c3)CP(=O)(OC)[O-])cc(c1)[N+](=O)[O-])[O-],C(O)CN,other,1.7323999404907227,COP(=O)([O-])Cc1cc2ccc1OCc1cc(cc([N+](=O)[O-])c1)COc1ccc(cc1CP(=O)([O-])OC)C(C)(C)c1ccc(c(CP(=O)([O-])OC)c1)OCc1cc(cc([N+](=O)[O-])c1)COc1ccc(cc1CP(=O)([O-])OC)C2(C)C,5C9812D0AA59E8C93387DCBA9CDBD0E45705FA87B439937B162042CB092EC8B9,HOST_CAN_0069,PASS,NCCO,4976275C1BA8E4AC07B8B07E746A7BCEFAAB5F668FF027903A2869511480E972,GUEST_CAN_0805,PASS,AttentiveFP,2,family_cold,other,1.3054568767547607
2133,104,201,C1COCCOCCN2CCOCCOCCN1CCOCCOCCOCC2,[Li+],other,2.0,C1COCCN2CCOCCOCCN(CCOCCO1)CCOCCOCC2,FC2FBDD1CDCC0BE65573222C4E8FD2959C4D898D99922B825F4B9F435E9AD133,HOST_CAN_0005,PASS,[Li+],A7557B375892DC7E581DDC6CA9773574F95B6514113F07A19BDE6059504332FE,GUEST_CAN_1071,PASS,AttentiveFP,2,family_cold,other,1.3691325187683105
2137,155,406,CC(C)(C)C1=CC(=C(C=C1)NC(=O)NC2=CC=C(C=C2)OC)C#CC3=CC(=CC(=C3)C(C)(C)C)C#CC4=C(C=CC(=C4)C(C)(C)C)NC(=O)NC5=CC=C(C=C5)OC,CCCC[N+](CCCC)(CCCC)CCCC.[Cl-],other,3.6589999198913574,COc1ccc(NC(=O)Nc2ccc(C(C)(C)C)cc2C#Cc2cc(C#Cc3cc(C(C)(C)C)ccc3NC(=O)Nc3ccc(OC)cc3)cc(C(C)(C)C)c2)cc1,C1F98F22E617AF796A86E6F9C15E60915AF24AEF9854A119C87E891B126F642A,HOST_CAN_0071,PASS,CCCC[N+](CCCC)(CCCC)CCCC.[Cl-],98322306CD8D2EE1FC0B30A96ADB07D77C4823F49CB80B37D40EC2A8BE6D6F00,GUEST_CAN_0317,PASS,AttentiveFP,2,family_cold,other,4.73379373550415
2139,135,516,C(N)(=O)CN(C(=O)C1=CC=C(N1)C(=O)NC(=[NH2+])N)C(C)C,CC(C(=O)[O-])NC(=O)C,other,3.2067999839782715,CC(C)N(CC(N)=O)C(=O)c1ccc(C(=O)NC(N)=[NH2+])[nH]1,E45E3D029035E3F73C86C1CEB4D1AB7DAEA8B675AB866EF1DA28E3B575A147C0,HOST_CAN_0011,PASS,CC(=O)NC(C)C(=O)[O-],223D3A7CF02799E4E69DE4CF10C536E7E3A130D2DECA6FB2E856007B979C6DE6,GUEST_CAN_0069,PASS,AttentiveFP,2,family_cold,other,2.8408002853393555
2142,186,516,C(N)(=O)CNC(=O)C1=CC=C(N1)C(=O)NC(=[NH2+])N,CC(C(=O)[O-])NC(=O)C,other,2.8324999809265137,NC(=[NH2+])NC(=O)c1ccc(C(=O)NCC(N)=O)[nH]1,01438C93F0092E3FC86508FDA8C0360FAAFAD844C47170674590647CF391BC40,HOST_CAN_0105,PASS,CC(=O)NC(C)C(=O)[O-],223D3A7CF02799E4E69DE4CF10C536E7E3A130D2DECA6FB2E856007B979C6DE6,GUEST_CAN_0069,PASS,AttentiveFP,2,family_cold,other,2.971177577972412
2146,9,695,[O-]C(=O)COc1ccc2c3c1CNC(=O)c1c(OCC(=O)[O-])ccc4c1ccc1c4C4CC(O1)Oc1c4c4ccc(c(C(=O)NCc5c6c(c7C8c2c(cc3)OC(C8)Oc7cc6)ccc5OCC(=O)[O-])c4cc1)OCC(=O)[O-].[NH4+].[NH4+].[NH4+].[NH4+],CCNC(=O)C,other,1.8128999471664429,O=C([O-])COc1ccc2c3c4ccc2c1CNC(=O)c1c(OCC(=O)[O-])ccc2c5c(ccc12)OC1CC5c2c(ccc5c(c(OCC(=O)[O-])ccc25)C(=O)NCc2c(OCC(=O)[O-])ccc5c6c(ccc25)OC(CC36)O4)O1.[NH4+].[NH4+].[NH4+].[NH4+],7D3830C6A6E10F82EEBCC3ED68B861BB21ED63B1DDB277580F3032527E5A1183,HOST_CAN_0139,PASS,CCNC(C)=O,EDF7EB2AB74271CB75535D4B869AB5E3DF0B0F9AF7ADA5CB9AA9D08ED3A6255F,GUEST_CAN_0357,PASS,AttentiveFP,2,family_cold,other,3.0604937076568604
