row_index,host_id,guest_id,host_smiles,guest_smiles,family,y_true,host_canonical_smiles,host_canonical_key_sha256,host_alias_group_id,host_parse_status,guest_canonical_smiles,guest_canonical_key_sha256,guest_alias_group_id,guest_parse_status,y_pred,model,seed,block
7,6,7,OC(=O)CCC1c2cc3c4cc2O[C@@H]2Oc5c1cc1c(c5)O[C@@H]5Oc6c([C@@H]1CCC(=O)O)cc1[C@H](c7cc(C3CCC(=O)O)c3O[C@H](O4)c4cc8Oc9cc(Oc%10cc2cc(c%10C(=O)O)Oc2cccc(c2)Oc2cc5cc(c2C(=O)O)Oc2cccc(c2)Oc2cc([C@@H](Oc7c3)Oc1c6)cc(Oc1cc(Oc(c4)c8C(=O)O)ccc1)c2C(=O)O)ccc9)CCC(=O)O,C1=CC(=CC=C1C(=O)O)Cl,other,0.9638000130653381,O=C(O)CCC1c2cc3c4cc2O[C@H]2Oc5cc6c(cc51)[C@H](CCC(=O)O)c1cc5c7cc1O[C@H](O6)c1cc6c(C(=O)O)c(c1)Oc1cccc(c1)Oc1cc8cc(c1C(=O)O)Oc1cccc(c1)Oc1cc(cc(c1C(=O)O)Oc1cccc(c1)Oc1cc2cc(c1C(=O)O)Oc1cccc(c1)O6)[C@H](O4)Oc1cc(c(cc1C3CCC(=O)O)[C@H]5CCC(=O)O)O[C@@H]8O7,9910B6C324867B78C538BC824892433086D3864FCBD7A2F3E051B7730A9D9689,HOST_CAN_0118,PASS,O=C(O)c1ccc(Cl)cc1,FFB8075F0C06E5D5ACFE4FE21EBEB42838A7327AC0C38FA093CA39395418CE5B,GUEST_CAN_0884,PASS,4.0400543,XGB_pair,4,5
27,21,27,Brc1ccc(cc1)S(=O)(=O)Nc1cc2Cc3cc(cc(c3O)Cc3cc(cc(Cc4c(c(Cc(c1)c2O)cc(c4)S(=O)(=O)O)O)c3O)S(=O)(=O)O)S(=O)(=O)O,NCCCCC(C(=O)NC(C(=O)NC(C(=O)NC(=O)C(NC(C(=O)NC(C(=O)NC(C(=O)NC(C(=O)NCC(=O)NC(C(=O)N)Cc1ccc(cc1)O)C(O)C)CO)CCCC[N+](C)(C)C)CCCNC(=N)N)C)C(O)C)CCC(=O)N)NC(=O)C(C(O)C)NC(=O)C(NC(=O)C(N)C)CCCNC(=N)N,calixarene,5.322199821472168,O=S(=O)(O)c1cc2c(O)c(c1)Cc1cc(S(=O)(=O)O)cc(c1O)Cc1cc(S(=O)(=O)O)cc(c1O)Cc1cc(NS(=O)(=O)c3ccc(Br)cc3)cc(c1O)C2,9740E1ADA78264243C242FDF917430805970CF99DF4E8ED560501F29D97FEA8B,HOST_CAN_0153,PASS,CC(N)C(=O)NC(CCCNC(=N)N)C(=O)NC(C(=O)NC(CCCCN)C(=O)NC(CCC(N)=O)C(=O)NC(C(=O)NC(=O)C(C)NC(CCCNC(=N)N)C(=O)NC(CCCC[N+](C)(C)C)C(=O)NC(CO)C(=O)NC(C(=O)NCC(=O)NC(Cc1ccc(O)cc1)C(N)=O)C(C)O)C(C)O)C(C)O,FDB24492C01844597473AA7C2BD6C580BEC794EA067753C199B126BE41E8D5FA,GUEST_CAN_0177,PASS,6.723044,XGB_pair,4,5
32,3,32,OC[C@H]1O[C@@H]2O[C@@H]3[C@@H](CO)O[C@H](O[C@@H]4[C@@H](CO)O[C@H](O[C@@H]5[C@@H](CO)O[C@H](O[C@@H]6[C@@H](CO)O[C@H](O[C@@H]7[C@@H](CO)O[C@H](O[C@@H]8[C@@H](CO)O[C@H](O[C@H]1[C@H](O)[C@H]2O)[C@H](O)[C@H]8O)[C@H](O)[C@H]7O)[C@H](O)[C@H]6O)[C@H](O)[C@H]5O)[C@H](O)[C@H]4O)[C@H](O)[C@H]3O,CCCCCC[NH3+],cyclodextrin,1.8220000267028809,OC[C@H]1O[C@@H]2O[C@H]3[C@H](O)[C@@H](O)[C@@H](O[C@H]4[C@H](O)[C@@H](O)[C@@H](O[C@H]5[C@H](O)[C@@H](O)[C@@H](O[C@H]6[C@H](O)[C@@H](O)[C@@H](O[C@H]7[C@H](O)[C@@H](O)[C@@H](O[C@H]8[C@H](O)[C@@H](O)[C@@H](O[C@H]1[C@H](O)[C@H]2O)O[C@@H]8CO)O[C@@H]7CO)O[C@@H]6CO)O[C@@H]5CO)O[C@@H]4CO)O[C@@H]3CO,22584443D9512992310760C9871E3E6BDB3EDC92006F3EF1EC94F44373907EB1,HOST_CAN_0176,PASS,CCCCCC[NH3+],8992B28ADCBCB2D79B0755BE71A544C4402BA92BF63E66FCAFB1B7947B8EB8A1,GUEST_CAN_0300,PASS,2.205038,XGB_pair,4,5
35,25,35,CCCOc1c2Cc3cc(cc(c3OCCC)Cc3cc(cc(Cc4c(c(Cc1cc(c2)P(=O)(O)O)cc(c4)P(=O)(O)O)OCCC)c3OCCC)P(=O)(O)O)P(=O)(O)O,CC(C(C1=CC=CC=C1)O)N.Cl,calixarene,2.0085999965667725,CCCOc1c2cc(P(=O)(O)O)cc1Cc1cc(P(=O)(O)O)cc(c1OCCC)Cc1cc(P(=O)(O)O)cc(c1OCCC)Cc1cc(P(=O)(O)O)cc(c1OCCC)C2,C043E79A34829EDDBE86C6FC09E756E7D0FDCE1A2BB383803C5CAA52B9480850,HOST_CAN_0037,PASS,CC(N)C(O)c1ccccc1.Cl,F3CBF8AD0B3694DB4AF6CFE0D68F9D32EE1559DDDF9FC432AE2D1BBD4B3B4403,GUEST_CAN_0181,PASS,2.058031,XGB_pair,4,5
74,42,72,OC1=C(CC2=CC(S(=O)([O-])=O)=CC(CC(C=C3S(=O)([O-])=O)=C4OCC(N)=O)=C2O)C=C(S(=O)([O-])=O)C=C1CC5=CC(S(=O)([O-])=O)=CC(CC4=C3)=C5O,NC(C(=O)O)Cc1c[nH]cn1,calixarene,2.3180999755859375,NC(=O)COc1c2cc(S(=O)(=O)[O-])cc1Cc1cc(S(=O)(=O)[O-])cc(c1O)Cc1cc(S(=O)(=O)[O-])cc(c1O)Cc1cc(S(=O)(=O)[O-])cc(c1O)C2,1F2BEDA02D00DC2C1A2D3A5BD5460849E045F21D3B673D4626094BA71BDA0464,HOST_CAN_0104,PASS,NC(Cc1c[nH]cn1)C(=O)O,FB673C9EDBC2F6C509C14A12DA10308CC8AD4E94C32BC5F3BAD448FBAA74F381,GUEST_CAN_0741,PASS,2.8097756,XGB_pair,4,5
88,3,85,OC[C@H]1O[C@@H]2O[C@@H]3[C@@H](CO)O[C@H](O[C@@H]4[C@@H](CO)O[C@H](O[C@@H]5[C@@H](CO)O[C@H](O[C@@H]6[C@@H](CO)O[C@H](O[C@@H]7[C@@H](CO)O[C@H](O[C@@H]8[C@@H](CO)O[C@H](O[C@H]1[C@H](O)[C@H]2O)[C@H](O)[C@H]8O)[C@H](O)[C@H]7O)[C@H](O)[C@H]6O)[C@H](O)[C@H]5O)[C@H](O)[C@H]4O)[C@H](O)[C@H]3O,COC1=C(C2=C[N+]3=C(C=C2C=C1)C4=CC5=C(C=C4CC3)OCO5)OC.[Cl-],cyclodextrin,2.071500062942505,OC[C@H]1O[C@@H]2O[C@H]3[C@H](O)[C@@H](O)[C@@H](O[C@H]4[C@H](O)[C@@H](O)[C@@H](O[C@H]5[C@H](O)[C@@H](O)[C@@H](O[C@H]6[C@H](O)[C@@H](O)[C@@H](O[C@H]7[C@H](O)[C@@H](O)[C@@H](O[C@H]8[C@H](O)[C@@H](O)[C@@H](O[C@H]1[C@H](O)[C@H]2O)O[C@@H]8CO)O[C@@H]7CO)O[C@@H]6CO)O[C@@H]5CO)O[C@@H]4CO)O[C@@H]3CO,22584443D9512992310760C9871E3E6BDB3EDC92006F3EF1EC94F44373907EB1,HOST_CAN_0176,PASS,COc1ccc2cc3[n+](cc2c1OC)CCc1cc2c(cc1-3)OCO2.[Cl-],2002F700467546FC920CE9A91096FEE4BBFBC89B967D34B7A6F925905277E3AF,GUEST_CAN_0500,PASS,3.424346,XGB_pair,4,5
97,51,93,C1N2C3C4N(C2=O)CN5C6C7N(C5=O)CN8C9C2N(C8=O)CN5C8C%10N(C5=O)CN5C%11C%12N(C5=O)CN5C%13C%14N(C5=O)CN5C%15C%16N(C5=O)CN5C%17C%18N(C5=O)CN5C%19C%20N(C5=O)CN5C%21C(N1C5=O)N1CN3C(=O)N4CN6C(=O)N7CN9C(=O)N2CN8C(=O)N%10CN%11C(=O)N%12CN%13C(=O)N%14CN%15C(=O)N%16CN%17C(=O)N%18CN%19C(=O)N%20CN%21C1=O,C1=CC2=C(C3=C(C=CC=N3)C=C2)N=C1.C1=CC2=C(C3=C(C=CC=N3)C=C2)N=C1.C1=CC2=C(C3=C(C=CC=N3)C=C2)N=C1.[Ru+2],cucurbituril,7.90310001373291,O=C1N2CN3C(=O)N4CN5C(=O)N6CN7C(=O)N8CN9C(=O)N%10CN%11C(=O)N%12CN%13C(=O)N%14CN%15C(=O)N%16CN%17C(=O)N%18CN%19C(=O)N%20CN1C1C2N2CN%21C(=O)N(CN%22C(=O)N(CN%23C(=O)N(CN%24C(=O)N(CN%25C(=O)N(CN%26C(=O)N(CN%27C(=O)N(CN%28C(=O)N(CN%29C(=O)N(CN1C2=O)C%20C%19%29)C%18C%17%28)C%16C%15%27)C%14C%13%26)C%12C%11%25)C%10C9%24)C8C7%23)C6C5%22)C4C3%21,E6025A48DEEE6C9E6878EC627A6CB37BA95516523DC76F4BD8E7A3BC0D967C68,HOST_CAN_0142,PASS,[Ru+2].c1cnc2c(c1)ccc1cccnc12.c1cnc2c(c1)ccc1cccnc12.c1cnc2c(c1)ccc1cccnc12,B2F313992E282E257BA975E62F4E552F1ACDDF6E52E3B55413FF57655D74E9C6,GUEST_CAN_1112,PASS,6.0292196,XGB_pair,4,5
105,1,72,C1C2=CC(=CC(=C2O)CC3=CC(=CC(=C3O)CC4=C(C(=CC(=C4)S(=O)(=O)O)CC5=C(C1=CC(=C5)S(=O)(=O)O)O)O)S(=O)(=O)O)S(=O)(=O)O,NC(C(=O)O)Cc1c[nH]cn1,calixarene,2.700700044631958,O=S(=O)(O)c1cc2c(O)c(c1)Cc1cc(S(=O)(=O)O)cc(c1O)Cc1cc(S(=O)(=O)O)cc(c1O)Cc1cc(S(=O)(=O)O)cc(c1O)C2,C1130CCDC8DA0C6458EF6C2E07E7F3330D8F8B055CBE4DEAADB70DC00C8CDFC1,HOST_CAN_0154,PASS,NC(Cc1c[nH]cn1)C(=O)O,FB673C9EDBC2F6C509C14A12DA10308CC8AD4E94C32BC5F3BAD448FBAA74F381,GUEST_CAN_0741,PASS,2.3235373,XGB_pair,4,5
113,1,104,C1C2=CC(=CC(=C2O)CC3=CC(=CC(=C3O)CC4=C(C(=CC(=C4)S(=O)(=O)O)CC5=C(C1=CC(=C5)S(=O)(=O)O)O)O)S(=O)(=O)O)S(=O)(=O)O,C1CC2CCC1N=N2,calixarene,2.971400022506714,O=S(=O)(O)c1cc2c(O)c(c1)Cc1cc(S(=O)(=O)O)cc(c1O)Cc1cc(S(=O)(=O)O)cc(c1O)Cc1cc(S(=O)(=O)O)cc(c1O)C2,C1130CCDC8DA0C6458EF6C2E07E7F3330D8F8B055CBE4DEAADB70DC00C8CDFC1,HOST_CAN_0154,PASS,C1CC2CCC1N=N2,28524F2C321EA80222CEAE7EE74FE527F854D218FD4782A52CD6A817541C8DDA,GUEST_CAN_0024,PASS,2.4345226,XGB_pair,4,5
115,23,106,OC[C@H]1O[C@@H]2O[C@@H]3[C@@H](CO)O[C@H](O[C@@H]4[C@@H](CO)O[C@H](O[C@@H]5[C@@H](CO)O[C@H](O[C@@H]6[C@@H](CO)O[C@H](O[C@@H]7[C@@H](CO)O[C@H](O[C@H]1[C@H](O)[C@H]2O)[C@H](O)[C@H]7O)[C@H](O)[C@H]6O)[C@H](O)[C@H]5O)[C@H](O)[C@H]4O)[C@H](O)[C@H]3O,CC1(C2CCC1(C(=O)C2)C)C,cyclodextrin,5.611000061035156,OC[C@H]1O[C@@H]2O[C@H]3[C@H](O)[C@@H](O)[C@@H](O[C@H]4[C@H](O)[C@@H](O)[C@@H](O[C@H]5[C@H](O)[C@@H](O)[C@@H](O[C@H]6[C@H](O)[C@@H](O)[C@@H](O[C@H]7[C@H](O)[C@@H](O)[C@@H](O[C@H]1[C@H](O)[C@H]2O)O[C@@H]7CO)O[C@@H]6CO)O[C@@H]5CO)O[C@@H]4CO)O[C@@H]3CO,9CB41F926A4386D7C0E23599753E6EDC60802BE1DCF577DB9B32CBB20691DB1D,HOST_CAN_0175,PASS,CC12CCC(CC1=O)C2(C)C,E24F935BD21DA0C5862F5F2938AB9A4C9205A66880F3E5382749307F674BBBCE,GUEST_CAN_0230,PASS,3.6227329,XGB_pair,4,5
117,55,108,OC1=C(CC2=CC(S(=O)([O-])=O)=CC(CC3=C(O)C4=CC(S(=O)([O-])=O)=C3)=C2O)C=C(S(=O)([O-])=O)C=C1CC5=C(O)C(CC6=CC(S(=O)([O-])=O)=CC(CC7=CC(S(=O)([O-])=O)=CC(CC8=C(O)C(CC9=CC(S(=O)([O-])=O)=CC(C4)=C9O)=CC(S(=O)([O-])=O)=C8)=C7OCCN)=C6O)=CC(S(=O)([O-])=O)=C5,OC(=O)C(CCCNC(=[NH2+])N)N,calixarene,2.909600019454956,NCCOc1c2cc(S(=O)(=O)[O-])cc1Cc1cc(S(=O)(=O)[O-])cc(c1O)Cc1cc(S(=O)(=O)[O-])cc(c1O)Cc1cc(S(=O)(=O)[O-])cc(c1O)Cc1cc(S(=O)(=O)[O-])cc(c1O)Cc1cc(S(=O)(=O)[O-])cc(c1O)Cc1cc(S(=O)(=O)[O-])cc(c1O)Cc1cc(S(=O)(=O)[O-])cc(c1O)C2,46CD7FE84C8D6C4EF795EC2A85AC98203C8613778274664FF650C7423640E7D1,HOST_CAN_0112,PASS,NC(=[NH2+])NCCCC(N)C(=O)O,3A95B838A3F3E4B9211C1F9CE461FB93EA851D8F0AA68498288217A21AD77FAC,GUEST_CAN_0726,PASS,4.1315184,XGB_pair,4,5
120,56,110,CC(COCC1C2C(C(C(O1)OC3C(OC(C(C3O)O)OC4C(OC(C(C4O)O)OC5C(OC(C(C5O)O)OC6C(OC(C(C6O)O)OC7C(OC(C(C7O)O)OC8C(OC(O2)C(C8O)O)COCC(C)O)COCC(C)O)COCC(C)O)COCC(C)O)COCC(C)O)COCC(C)O)O)O)O,C1=CC=C2C(=C1)C(=O)OC23C4=CC(=C(C(=C4OC5=C(C(=C(C=C35)I)[O-])I)I)[O-])I.[Na+].[Na+],cyclodextrin,2.4040000438690186,CC(O)COCC1OC2OC3C(COCC(C)O)OC(OC4C(COCC(C)O)OC(OC5C(COCC(C)O)OC(OC6C(COCC(C)O)OC(OC7C(COCC(C)O)OC(OC8C(COCC(C)O)OC(OC1C(O)C2O)C(O)C8O)C(O)C7O)C(O)C6O)C(O)C5O)C(O)C4O)C(O)C3O,230541427DC92F12743008B2626A57F6159DF410C224BE8F505DFF020C17F26C,HOST_CAN_0012,PASS,O=C1OC2(c3ccccc31)c1cc(I)c([O-])c(I)c1Oc1c2cc(I)c([O-])c1I.[Na+].[Na+],F8A471A9B315C2F23A7A1EF0F418CFA7EC4B4E1F08091ACE28DB1ABD2EEDD677,GUEST_CAN_0924,PASS,3.9634821,XGB_pair,4,5
132,23,117,OC[C@H]1O[C@@H]2O[C@@H]3[C@@H](CO)O[C@H](O[C@@H]4[C@@H](CO)O[C@H](O[C@@H]5[C@@H](CO)O[C@H](O[C@@H]6[C@@H](CO)O[C@H](O[C@@H]7[C@@H](CO)O[C@H](O[C@H]1[C@H](O)[C@H]2O)[C@H](O)[C@H]7O)[C@H](O)[C@H]6O)[C@H](O)[C@H]5O)[C@H](O)[C@H]4O)[C@H](O)[C@H]3O,CCCCCCCC(=O)[O-],cyclodextrin,3.3889999389648438,OC[C@H]1O[C@@H]2O[C@H]3[C@H](O)[C@@H](O)[C@@H](O[C@H]4[C@H](O)[C@@H](O)[C@@H](O[C@H]5[C@H](O)[C@@H](O)[C@@H](O[C@H]6[C@H](O)[C@@H](O)[C@@H](O[C@H]7[C@H](O)[C@@H](O)[C@@H](O[C@H]1[C@H](O)[C@H]2O)O[C@@H]7CO)O[C@@H]6CO)O[C@@H]5CO)O[C@@H]4CO)O[C@@H]3CO,9CB41F926A4386D7C0E23599753E6EDC60802BE1DCF577DB9B32CBB20691DB1D,HOST_CAN_0175,PASS,CCCCCCCC(=O)[O-],6C7F59955968D6F66A25FA20F972DD1B465784053C347AEBF93F2935785EE3D8,GUEST_CAN_0278,PASS,2.6239486,XGB_pair,4,5
134,3,34,OC[C@H]1O[C@@H]2O[C@@H]3[C@@H](CO)O[C@H](O[C@@H]4[C@@H](CO)O[C@H](O[C@@H]5[C@@H](CO)O[C@H](O[C@@H]6[C@@H](CO)O[C@H](O[C@@H]7[C@@H](CO)O[C@H](O[C@@H]8[C@@H](CO)O[C@H](O[C@H]1[C@H](O)[C@H]2O)[C@H](O)[C@H]8O)[C@H](O)[C@H]7O)[C@H](O)[C@H]6O)[C@H](O)[C@H]5O)[C@H](O)[C@H]4O)[C@H](O)[C@H]3O,C1C2C3CC4(CC2C5CC1(CC3C5C4)O)O,cyclodextrin,5.03380012512207,OC[C@H]1O[C@@H]2O[C@H]3[C@H](O)[C@@H](O)[C@@H](O[C@H]4[C@H](O)[C@@H](O)[C@@H](O[C@H]5[C@H](O)[C@@H](O)[C@@H](O[C@H]6[C@H](O)[C@@H](O)[C@@H](O[C@H]7[C@H](O)[C@@H](O)[C@@H](O[C@H]8[C@H](O)[C@@H](O)[C@@H](O[C@H]1[C@H](O)[C@H]2O)O[C@@H]8CO)O[C@@H]7CO)O[C@@H]6CO)O[C@@H]5CO)O[C@@H]4CO)O[C@@H]3CO,22584443D9512992310760C9871E3E6BDB3EDC92006F3EF1EC94F44373907EB1,HOST_CAN_0176,PASS,OC12CC3C4CC5(O)CC3C(C1)C(C5)C4C2,AC991E13407816F89CB45E71B476B54D6B95741F30D897BD6F1DC5BADA9048B7,GUEST_CAN_0958,PASS,2.9731042,XGB_pair,4,5
137,3,121,OC[C@H]1O[C@@H]2O[C@@H]3[C@@H](CO)O[C@H](O[C@@H]4[C@@H](CO)O[C@H](O[C@@H]5[C@@H](CO)O[C@H](O[C@@H]6[C@@H](CO)O[C@H](O[C@@H]7[C@@H](CO)O[C@H](O[C@@H]8[C@@H](CO)O[C@H](O[C@H]1[C@H](O)[C@H]2O)[C@H](O)[C@H]8O)[C@H](O)[C@H]7O)[C@H](O)[C@H]6O)[C@H](O)[C@H]5O)[C@H](O)[C@H]4O)[C@H](O)[C@H]3O,C1C2CC3C4C1C5CC(C4)(CC3C5C2)N,cyclodextrin,5.054699897766113,OC[C@H]1O[C@@H]2O[C@H]3[C@H](O)[C@@H](O)[C@@H](O[C@H]4[C@H](O)[C@@H](O)[C@@H](O[C@H]5[C@H](O)[C@@H](O)[C@@H](O[C@H]6[C@H](O)[C@@H](O)[C@@H](O[C@H]7[C@H](O)[C@@H](O)[C@@H](O[C@H]8[C@H](O)[C@@H](O)[C@@H](O[C@H]1[C@H](O)[C@H]2O)O[C@@H]8CO)O[C@@H]7CO)O[C@@H]6CO)O[C@@H]5CO)O[C@@H]4CO)O[C@@H]3CO,22584443D9512992310760C9871E3E6BDB3EDC92006F3EF1EC94F44373907EB1,HOST_CAN_0176,PASS,NC12CC3C4CC5CC3C(C1)C(C5)C4C2,13B9624BB7CB2AACC46822A3C7F30E43D3C581BDAE726763E7DE160B3EE6B9AE,GUEST_CAN_0757,PASS,3.904995,XGB_pair,4,5
203,3,177,OC[C@H]1O[C@@H]2O[C@@H]3[C@@H](CO)O[C@H](O[C@@H]4[C@@H](CO)O[C@H](O[C@@H]5[C@@H](CO)O[C@H](O[C@@H]6[C@@H](CO)O[C@H](O[C@@H]7[C@@H](CO)O[C@H](O[C@@H]8[C@@H](CO)O[C@H](O[C@H]1[C@H](O)[C@H]2O)[C@H](O)[C@H]8O)[C@H](O)[C@H]7O)[C@H](O)[C@H]6O)[C@H](O)[C@H]5O)[C@H](O)[C@H]4O)[C@H](O)[C@H]3O,C1=CC=C2C(=C1)C(=O)OC2(C3=CC=C(C=C3)O)C4=CC=C(C=C4)O,cyclodextrin,4.676700115203857,OC[C@H]1O[C@@H]2O[C@H]3[C@H](O)[C@@H](O)[C@@H](O[C@H]4[C@H](O)[C@@H](O)[C@@H](O[C@H]5[C@H](O)[C@@H](O)[C@@H](O[C@H]6[C@H](O)[C@@H](O)[C@@H](O[C@H]7[C@H](O)[C@@H](O)[C@@H](O[C@H]8[C@H](O)[C@@H](O)[C@@H](O[C@H]1[C@H](O)[C@H]2O)O[C@@H]8CO)O[C@@H]7CO)O[C@@H]6CO)O[C@@H]5CO)O[C@@H]4CO)O[C@@H]3CO,22584443D9512992310760C9871E3E6BDB3EDC92006F3EF1EC94F44373907EB1,HOST_CAN_0176,PASS,O=C1OC(c2ccc(O)cc2)(c2ccc(O)cc2)c2ccccc21,8B6A078C20DF8C97EAEB581B4C52931EB6E1C86D71F32C0714DA3023DA02626D,GUEST_CAN_0922,PASS,3.044554,XGB_pair,4,5
205,74,50,[Li+].[Li+].COP(OC)(=O)CC1=CC(=CC(=C1)NC(CCCN(C)CC1=C(C=CC=C1)B(O)O)=O)CP([O-])([O-])=O,C1=CC=C(C(=C1)O)O,other,2.3696000576019287,COP(=O)(Cc1cc(CP(=O)([O-])[O-])cc(NC(=O)CCCN(C)Cc2ccccc2B(O)O)c1)OC.[Li+].[Li+],7E42F839F9338A49BA3ED36631C1EA08827315A2F7E1A716582040F5B64BDC5A,HOST_CAN_0065,PASS,Oc1ccccc1O,D6044096AF0493CF06B8B5FDAA8C090BB98BA46AF75026C46D7FE4ACEF4715BB,GUEST_CAN_1007,PASS,1.9311649,XGB_pair,4,5
207,3,180,OC[C@H]1O[C@@H]2O[C@@H]3[C@@H](CO)O[C@H](O[C@@H]4[C@@H](CO)O[C@H](O[C@@H]5[C@@H](CO)O[C@H](O[C@@H]6[C@@H](CO)O[C@H](O[C@@H]7[C@@H](CO)O[C@H](O[C@@H]8[C@@H](CO)O[C@H](O[C@H]1[C@H](O)[C@H]2O)[C@H](O)[C@H]8O)[C@H](O)[C@H]7O)[C@H](O)[C@H]6O)[C@H](O)[C@H]5O)[C@H](O)[C@H]4O)[C@H](O)[C@H]3O,CC(C)(C)OC(=O)NC(CO)C(=O)O,cyclodextrin,2.4547998905181885,OC[C@H]1O[C@@H]2O[C@H]3[C@H](O)[C@@H](O)[C@@H](O[C@H]4[C@H](O)[C@@H](O)[C@@H](O[C@H]5[C@H](O)[C@@H](O)[C@@H](O[C@H]6[C@H](O)[C@@H](O)[C@@H](O[C@H]7[C@H](O)[C@@H](O)[C@@H](O[C@H]8[C@H](O)[C@@H](O)[C@@H](O[C@H]1[C@H](O)[C@H]2O)O[C@@H]8CO)O[C@@H]7CO)O[C@@H]6CO)O[C@@H]5CO)O[C@@H]4CO)O[C@@H]3CO,22584443D9512992310760C9871E3E6BDB3EDC92006F3EF1EC94F44373907EB1,HOST_CAN_0176,PASS,CC(C)(C)OC(=O)NC(CO)C(=O)O,9C072C635240272D161234ED2122491B5C1F5E1B1186597B887F19829F1581EE,GUEST_CAN_0113,PASS,2.531515,XGB_pair,4,5
235,3,202,OC[C@H]1O[C@@H]2O[C@@H]3[C@@H](CO)O[C@H](O[C@@H]4[C@@H](CO)O[C@H](O[C@@H]5[C@@H](CO)O[C@H](O[C@@H]6[C@@H](CO)O[C@H](O[C@@H]7[C@@H](CO)O[C@H](O[C@@H]8[C@@H](CO)O[C@H](O[C@H]1[C@H](O)[C@H]2O)[C@H](O)[C@H]8O)[C@H](O)[C@H]7O)[C@H](O)[C@H]6O)[C@H](O)[C@H]5O)[C@H](O)[C@H]4O)[C@H](O)[C@H]3O,CC(=O)NC1=CC=CC2=CC=CC=C21,cyclodextrin,2.1205999851226807,OC[C@H]1O[C@@H]2O[C@H]3[C@H](O)[C@@H](O)[C@@H](O[C@H]4[C@H](O)[C@@H](O)[C@@H](O[C@H]5[C@H](O)[C@@H](O)[C@@H](O[C@H]6[C@H](O)[C@@H](O)[C@@H](O[C@H]7[C@H](O)[C@@H](O)[C@@H](O[C@H]8[C@H](O)[C@@H](O)[C@@H](O[C@H]1[C@H](O)[C@H]2O)O[C@@H]8CO)O[C@@H]7CO)O[C@@H]6CO)O[C@@H]5CO)O[C@@H]4CO)O[C@@H]3CO,22584443D9512992310760C9871E3E6BDB3EDC92006F3EF1EC94F44373907EB1,HOST_CAN_0176,PASS,CC(=O)Nc1cccc2ccccc12,D7BBFA009F1ACE5746B547F62EE80A82A9330BC4AF24DA68AAB11DBD7D32EF95,GUEST_CAN_0091,PASS,3.036442,XGB_pair,4,5
239,3,180,OC[C@H]1O[C@@H]2O[C@@H]3[C@@H](CO)O[C@H](O[C@@H]4[C@@H](CO)O[C@H](O[C@@H]5[C@@H](CO)O[C@H](O[C@@H]6[C@@H](CO)O[C@H](O[C@@H]7[C@@H](CO)O[C@H](O[C@@H]8[C@@H](CO)O[C@H](O[C@H]1[C@H](O)[C@H]2O)[C@H](O)[C@H]8O)[C@H](O)[C@H]7O)[C@H](O)[C@H]6O)[C@H](O)[C@H]5O)[C@H](O)[C@H]4O)[C@H](O)[C@H]3O,CC(C)(C)OC(=O)NC(CO)C(=O)O,cyclodextrin,2.4856998920440674,OC[C@H]1O[C@@H]2O[C@H]3[C@H](O)[C@@H](O)[C@@H](O[C@H]4[C@H](O)[C@@H](O)[C@@H](O[C@H]5[C@H](O)[C@@H](O)[C@@H](O[C@H]6[C@H](O)[C@@H](O)[C@@H](O[C@H]7[C@H](O)[C@@H](O)[C@@H](O[C@H]8[C@H](O)[C@@H](O)[C@@H](O[C@H]1[C@H](O)[C@H]2O)O[C@@H]8CO)O[C@@H]7CO)O[C@@H]6CO)O[C@@H]5CO)O[C@@H]4CO)O[C@@H]3CO,22584443D9512992310760C9871E3E6BDB3EDC92006F3EF1EC94F44373907EB1,HOST_CAN_0176,PASS,CC(C)(C)OC(=O)NC(CO)C(=O)O,9C072C635240272D161234ED2122491B5C1F5E1B1186597B887F19829F1581EE,GUEST_CAN_0113,PASS,2.531515,XGB_pair,4,5
250,48,205,[Na]OS(=O)(=O)CCCOc1c2CN3C(=O)N4[C@]5([C@@]3(N(Cc2c(c2c1cccc2)OCCCS(=O)(=O)O[Na])C(=O)N5CN1[C@@]2(N(C4)C(=O)N3[C@]2(C)N(C1=O)Cc1c(C3)c(OCCCS(=O)(=O)O[Na])c2c(c1OCCCS(=O)(=O)O[Na])cccc2)C)C)C,CN(C)C1=CC2=C(C=C1)N=C3C=CC(=[N+](C)C)C=C3S2.[Cl-],other,7.598700046539307,C[C@]12N3Cc4c(c(OCCCS(=O)(=O)[O][Na])c5ccccc5c4OCCCS(=O)(=O)[O][Na])CN1C(=O)N1CN4C(=O)N5Cc6c(c(OCCCS(=O)(=O)[O][Na])c7ccccc7c6OCCCS(=O)(=O)[O][Na])CN6C(=O)N(CN(C3=O)[C@]12C)[C@]4(C)[C@@]56C,D18B807A904C56B05E199911FB10FFB774349CC49BBD32D2EFAFF4C892BA649F,HOST_CAN_0090,PASS,CN(C)c1ccc2nc3ccc(=[N+](C)C)cc-3sc2c1.[Cl-],3DE370A1BA5793291E648A02AB38D5B7C28AB576253437EAD27954C74B3FA491,GUEST_CAN_0412,PASS,4.7039886,XGB_pair,4,5
300,3,103,OC[C@H]1O[C@@H]2O[C@@H]3[C@@H](CO)O[C@H](O[C@@H]4[C@@H](CO)O[C@H](O[C@@H]5[C@@H](CO)O[C@H](O[C@@H]6[C@@H](CO)O[C@H](O[C@@H]7[C@@H](CO)O[C@H](O[C@@H]8[C@@H](CO)O[C@H](O[C@H]1[C@H](O)[C@H]2O)[C@H](O)[C@H]8O)[C@H](O)[C@H]7O)[C@H](O)[C@H]6O)[C@H](O)[C@H]5O)[C@H](O)[C@H]4O)[C@H](O)[C@H]3O,CN(C)C1=CC=C(C=C1)C#N,cyclodextrin,2.748199939727783,OC[C@H]1O[C@@H]2O[C@H]3[C@H](O)[C@@H](O)[C@@H](O[C@H]4[C@H](O)[C@@H](O)[C@@H](O[C@H]5[C@H](O)[C@@H](O)[C@@H](O[C@H]6[C@H](O)[C@@H](O)[C@@H](O[C@H]7[C@H](O)[C@@H](O)[C@@H](O[C@H]8[C@H](O)[C@@H](O)[C@@H](O[C@H]1[C@H](O)[C@H]2O)O[C@@H]8CO)O[C@@H]7CO)O[C@@H]6CO)O[C@@H]5CO)O[C@@H]4CO)O[C@@H]3CO,22584443D9512992310760C9871E3E6BDB3EDC92006F3EF1EC94F44373907EB1,HOST_CAN_0176,PASS,CN(C)c1ccc(C#N)cc1,F00B3B125A779B4E82547A15D344BF9EF0EFBEFED97B1235AF377FD0C1A186BB,GUEST_CAN_0403,PASS,2.6254318,XGB_pair,4,5
314,3,95,OC[C@H]1O[C@@H]2O[C@@H]3[C@@H](CO)O[C@H](O[C@@H]4[C@@H](CO)O[C@H](O[C@@H]5[C@@H](CO)O[C@H](O[C@@H]6[C@@H](CO)O[C@H](O[C@@H]7[C@@H](CO)O[C@H](O[C@@H]8[C@@H](CO)O[C@H](O[C@H]1[C@H](O)[C@H]2O)[C@H](O)[C@H]8O)[C@H](O)[C@H]7O)[C@H](O)[C@H]6O)[C@H](O)[C@H]5O)[C@H](O)[C@H]4O)[C@H](O)[C@H]3O,CC(CCC(=O)NCC(=O)[O-])C1CCC2C1(C(CC3C2C(CC4C3(CCC(C4)O)C)O)O)C.[Na+],cyclodextrin,3.3791000843048096,OC[C@H]1O[C@@H]2O[C@H]3[C@H](O)[C@@H](O)[C@@H](O[C@H]4[C@H](O)[C@@H](O)[C@@H](O[C@H]5[C@H](O)[C@@H](O)[C@@H](O[C@H]6[C@H](O)[C@@H](O)[C@@H](O[C@H]7[C@H](O)[C@@H](O)[C@@H](O[C@H]8[C@H](O)[C@@H](O)[C@@H](O[C@H]1[C@H](O)[C@H]2O)O[C@@H]8CO)O[C@@H]7CO)O[C@@H]6CO)O[C@@H]5CO)O[C@@H]4CO)O[C@@H]3CO,22584443D9512992310760C9871E3E6BDB3EDC92006F3EF1EC94F44373907EB1,HOST_CAN_0176,PASS,CC(CCC(=O)NCC(=O)[O-])C1CCC2C3C(O)CC4CC(O)CCC4(C)C3CC(O)C12C.[Na+],0BCA6077014E90D295BA8D0F775B98D0E05F6E94F5743C82532FD0782D283F1B,GUEST_CAN_0168,PASS,3.537538,XGB_pair,4,5
315,1,254,C1C2=CC(=CC(=C2O)CC3=CC(=CC(=C3O)CC4=C(C(=CC(=C4)S(=O)(=O)O)CC5=C(C1=CC(=C5)S(=O)(=O)O)O)O)S(=O)(=O)O)S(=O)(=O)O,NC(=O)CCC(C(=O)NC(C(=O)NC(=O)C(NC(C(=O)N)Cc1ccc(cc1)O)C)C(O)C)NC(=O)C(NC(=O)C(C(O)C)NC(=O)C(NC(=O)C([NH3+])C)CCCNC(=[NH2+])N)CCCC[N+](C)(C)C,calixarene,5.301000118255615,O=S(=O)(O)c1cc2c(O)c(c1)Cc1cc(S(=O)(=O)O)cc(c1O)Cc1cc(S(=O)(=O)O)cc(c1O)Cc1cc(S(=O)(=O)O)cc(c1O)C2,C1130CCDC8DA0C6458EF6C2E07E7F3330D8F8B055CBE4DEAADB70DC00C8CDFC1,HOST_CAN_0154,PASS,CC([NH3+])C(=O)NC(CCCNC(N)=[NH2+])C(=O)NC(C(=O)NC(CCCC[N+](C)(C)C)C(=O)NC(CCC(N)=O)C(=O)NC(C(=O)NC(=O)C(C)NC(Cc1ccc(O)cc1)C(N)=O)C(C)O)C(C)O,D63983BAE8F238F31AAEE8CD424E7B2AEFCB66E397A6E28FAE654123C434FB31,GUEST_CAN_0194,PASS,6.9101634,XGB_pair,4,5
316,1,255,C1C2=CC(=CC(=C2O)CC3=CC(=CC(=C3O)CC4=C(C(=CC(=C4)S(=O)(=O)O)CC5=C(C1=CC(=C5)S(=O)(=O)O)O)O)S(=O)(=O)O)S(=O)(=O)O,CCN1C=C(C(=O)C2=CC(=C(C=C21)N3CCNCC3)F)C(=O)O,calixarene,4.276299953460693,O=S(=O)(O)c1cc2c(O)c(c1)Cc1cc(S(=O)(=O)O)cc(c1O)Cc1cc(S(=O)(=O)O)cc(c1O)Cc1cc(S(=O)(=O)O)cc(c1O)C2,C1130CCDC8DA0C6458EF6C2E07E7F3330D8F8B055CBE4DEAADB70DC00C8CDFC1,HOST_CAN_0154,PASS,CCn1cc(C(=O)O)c(=O)c2cc(F)c(N3CCNCC3)cc21,51A13D1B35CE84294FAFDDC991735A9C36D89C1EB8D5241A29415246F6566D08,GUEST_CAN_0386,PASS,3.7651134,XGB_pair,4,5
319,1,258,C1C2=CC(=CC(=C2O)CC3=CC(=CC(=C3O)CC4=C(C(=CC(=C4)S(=O)(=O)O)CC5=C(C1=CC(=C5)S(=O)(=O)O)O)O)S(=O)(=O)O)S(=O)(=O)O,CCCO,calixarene,1.340000033378601,O=S(=O)(O)c1cc2c(O)c(c1)Cc1cc(S(=O)(=O)O)cc(c1O)Cc1cc(S(=O)(=O)O)cc(c1O)Cc1cc(S(=O)(=O)O)cc(c1O)C2,C1130CCDC8DA0C6458EF6C2E07E7F3330D8F8B055CBE4DEAADB70DC00C8CDFC1,HOST_CAN_0154,PASS,CCCO,462B618A7419D00DD59FB15AED29E14BAFD4A7D7D862F15758CAC9C392890247,GUEST_CAN_0334,PASS,2.9158976,XGB_pair,4,5
341,3,274,OC[C@H]1O[C@@H]2O[C@@H]3[C@@H](CO)O[C@H](O[C@@H]4[C@@H](CO)O[C@H](O[C@@H]5[C@@H](CO)O[C@H](O[C@@H]6[C@@H](CO)O[C@H](O[C@@H]7[C@@H](CO)O[C@H](O[C@@H]8[C@@H](CO)O[C@H](O[C@H]1[C@H](O)[C@H]2O)[C@H](O)[C@H]8O)[C@H](O)[C@H]7O)[C@H](O)[C@H]6O)[C@H](O)[C@H]5O)[C@H](O)[C@H]4O)[C@H](O)[C@H]3O,C1=CC=C(C=C1)COCC(C(=O)O)N,cyclodextrin,1.8387999534606934,OC[C@H]1O[C@@H]2O[C@H]3[C@H](O)[C@@H](O)[C@@H](O[C@H]4[C@H](O)[C@@H](O)[C@@H](O[C@H]5[C@H](O)[C@@H](O)[C@@H](O[C@H]6[C@H](O)[C@@H](O)[C@@H](O[C@H]7[C@H](O)[C@@H](O)[C@@H](O[C@H]8[C@H](O)[C@@H](O)[C@@H](O[C@H]1[C@H](O)[C@H]2O)O[C@@H]8CO)O[C@@H]7CO)O[C@@H]6CO)O[C@@H]5CO)O[C@@H]4CO)O[C@@H]3CO,22584443D9512992310760C9871E3E6BDB3EDC92006F3EF1EC94F44373907EB1,HOST_CAN_0176,PASS,NC(COCc1ccccc1)C(=O)O,FA5FFAB9C6D06BBEF4C54285076E93E6084A5D76882C8BE4C7DC89A27C87D084,GUEST_CAN_0735,PASS,2.2594438,XGB_pair,4,5
361,97,286,Oc1c2Cc3cc(cc(c3O)Cc3cc(cc(Cc4c(c(Cc1cc(c2)CS(=O)(=O)[O-])cc(c4)CS(=O)(=O)[O-])O)c3O)CS(=O)(=O)[O-])CS(=O)(=O)[O-],C[N+](C)(C)CCO,calixarene,4.09689998626709,O=S(=O)([O-])Cc1cc2c(O)c(c1)Cc1cc(CS(=O)(=O)[O-])cc(c1O)Cc1cc(CS(=O)(=O)[O-])cc(c1O)Cc1cc(CS(=O)(=O)[O-])cc(c1O)C2,6C2781D41B8CAD714B4AF531A18425F9ED354E810FB86EEACD62378860EDFA3D,HOST_CAN_0159,PASS,C[N+](C)(C)CCO,EE2F222C864A3340CB6DC5C1A21FDDCC9B162B0220641118D30F914132FC0AFF,GUEST_CAN_0568,PASS,3.2732928,XGB_pair,4,5
435,23,334,OC[C@H]1O[C@@H]2O[C@@H]3[C@@H](CO)O[C@H](O[C@@H]4[C@@H](CO)O[C@H](O[C@@H]5[C@@H](CO)O[C@H](O[C@@H]6[C@@H](CO)O[C@H](O[C@@H]7[C@@H](CO)O[C@H](O[C@H]1[C@H](O)[C@H]2O)[C@H](O)[C@H]7O)[C@H](O)[C@H]6O)[C@H](O)[C@H]5O)[C@H](O)[C@H]4O)[C@H](O)[C@H]3O,C(CCC(=O)O)CCN,cyclodextrin,3.1800999641418457,OC[C@H]1O[C@@H]2O[C@H]3[C@H](O)[C@@H](O)[C@@H](O[C@H]4[C@H](O)[C@@H](O)[C@@H](O[C@H]5[C@H](O)[C@@H](O)[C@@H](O[C@H]6[C@H](O)[C@@H](O)[C@@H](O[C@H]7[C@H](O)[C@@H](O)[C@@H](O[C@H]1[C@H](O)[C@H]2O)O[C@@H]7CO)O[C@@H]6CO)O[C@@H]5CO)O[C@@H]4CO)O[C@@H]3CO,9CB41F926A4386D7C0E23599753E6EDC60802BE1DCF577DB9B32CBB20691DB1D,HOST_CAN_0175,PASS,NCCCCCC(=O)O,556BB6F16F621D91B1DC645383B3B2E4F01F4052B797211787737B4069A13D18,GUEST_CAN_0788,PASS,2.669325,XGB_pair,4,5
446,28,165,O=C1N2[C@@]3([H])[C@@]4([H])N1CC5=CC=CC=C5CN4C(N3CN(C(N6CN(C(N7CN(C(N8CC(C=CC=C9)=C9C%10)=O)[C@]([C@]8([H])N%10C%11=O)([H])N%11C%12)=O)[C@]([C@]7([H])N%12C%13=O)([H])N%13C%14)=O)[C@]([C@]6([H])N%14C%15=O)([H])N%15C2)=O,CCCCC[NH3+],other,3.1138999462127686,O=C1N2Cc3ccccc3CN3C(=O)N4CN5C(=O)N6CN7C(=O)N8CN9C(=O)N%10Cc%11ccccc%11CN%11C(=O)N(CN%12C(=O)N(CN%13C(=O)N(CN1[C@H]4[C@H]32)[C@@H]5[C@H]%136)[C@@H]7[C@H]%128)[C@@H]9[C@H]%11%10,C06DBA8CB1A01AEB8337B71D87CD1B30E9CBAC6D34129CB5457249ED32FE0331,HOST_CAN_0151,PASS,CCCCC[NH3+],87469872E602061811AE44CAB9FD6AF6067BA08C39AA373262A49AD7E46387C5,GUEST_CAN_0307,PASS,3.766523,XGB_pair,4,5
488,1,370,C1C2=CC(=CC(=C2O)CC3=CC(=CC(=C3O)CC4=C(C(=CC(=C4)S(=O)(=O)O)CC5=C(C1=CC(=C5)S(=O)(=O)O)O)O)S(=O)(=O)O)S(=O)(=O)O,C[NH3+].[Cl-],calixarene,2.725600004196167,O=S(=O)(O)c1cc2c(O)c(c1)Cc1cc(S(=O)(=O)O)cc(c1O)Cc1cc(S(=O)(=O)O)cc(c1O)Cc1cc(S(=O)(=O)O)cc(c1O)C2,C1130CCDC8DA0C6458EF6C2E07E7F3330D8F8B055CBE4DEAADB70DC00C8CDFC1,HOST_CAN_0154,PASS,C[NH3+].[Cl-],A2C62504C739A146AF67BA17040EB085FABB9996F038951E4F75C0A99986EC03,GUEST_CAN_0612,PASS,2.668465,XGB_pair,4,5
505,42,15,OC1=C(CC2=CC(S(=O)([O-])=O)=CC(CC(C=C3S(=O)([O-])=O)=C4OCC(N)=O)=C2O)C=C(S(=O)([O-])=O)C=C1CC5=CC(S(=O)([O-])=O)=CC(CC4=C3)=C5O,[O-]C(=O)CC(C(=O)O)N,calixarene,3.3522000312805176,NC(=O)COc1c2cc(S(=O)(=O)[O-])cc1Cc1cc(S(=O)(=O)[O-])cc(c1O)Cc1cc(S(=O)(=O)[O-])cc(c1O)Cc1cc(S(=O)(=O)[O-])cc(c1O)C2,1F2BEDA02D00DC2C1A2D3A5BD5460849E045F21D3B673D4626094BA71BDA0464,HOST_CAN_0104,PASS,NC(CC(=O)[O-])C(=O)O,BB5F75F5A9C5B3B73A0A3B7339C8AC7150359761D5C24F8C1D742AB3AA3BCA26,GUEST_CAN_0731,PASS,2.1380994,XGB_pair,4,5
528,3,395,OC[C@H]1O[C@@H]2O[C@@H]3[C@@H](CO)O[C@H](O[C@@H]4[C@@H](CO)O[C@H](O[C@@H]5[C@@H](CO)O[C@H](O[C@@H]6[C@@H](CO)O[C@H](O[C@@H]7[C@@H](CO)O[C@H](O[C@@H]8[C@@H](CO)O[C@H](O[C@H]1[C@H](O)[C@H]2O)[C@H](O)[C@H]8O)[C@H](O)[C@H]7O)[C@H](O)[C@H]6O)[C@H](O)[C@H]5O)[C@H](O)[C@H]4O)[C@H](O)[C@H]3O,CC(C(=O)O)NC(=O)OCC1=CC=CC=C1,cyclodextrin,2.16729998588562,OC[C@H]1O[C@@H]2O[C@H]3[C@H](O)[C@@H](O)[C@@H](O[C@H]4[C@H](O)[C@@H](O)[C@@H](O[C@H]5[C@H](O)[C@@H](O)[C@@H](O[C@H]6[C@H](O)[C@@H](O)[C@@H](O[C@H]7[C@H](O)[C@@H](O)[C@@H](O[C@H]8[C@H](O)[C@@H](O)[C@@H](O[C@H]1[C@H](O)[C@H]2O)O[C@@H]8CO)O[C@@H]7CO)O[C@@H]6CO)O[C@@H]5CO)O[C@@H]4CO)O[C@@H]3CO,22584443D9512992310760C9871E3E6BDB3EDC92006F3EF1EC94F44373907EB1,HOST_CAN_0176,PASS,CC(NC(=O)OCc1ccccc1)C(=O)O,905C941D3A1920DB89C53AFB74AEE93B72889F50B4B15485967A9F749F5BEE34,GUEST_CAN_0188,PASS,2.4454157,XGB_pair,4,5
530,55,72,OC1=C(CC2=CC(S(=O)([O-])=O)=CC(CC3=C(O)C4=CC(S(=O)([O-])=O)=C3)=C2O)C=C(S(=O)([O-])=O)C=C1CC5=C(O)C(CC6=CC(S(=O)([O-])=O)=CC(CC7=CC(S(=O)([O-])=O)=CC(CC8=C(O)C(CC9=CC(S(=O)([O-])=O)=CC(C4)=C9O)=CC(S(=O)([O-])=O)=C8)=C7OCCN)=C6O)=CC(S(=O)([O-])=O)=C5,NC(C(=O)O)Cc1c[nH]cn1,calixarene,2.869800090789795,NCCOc1c2cc(S(=O)(=O)[O-])cc1Cc1cc(S(=O)(=O)[O-])cc(c1O)Cc1cc(S(=O)(=O)[O-])cc(c1O)Cc1cc(S(=O)(=O)[O-])cc(c1O)Cc1cc(S(=O)(=O)[O-])cc(c1O)Cc1cc(S(=O)(=O)[O-])cc(c1O)Cc1cc(S(=O)(=O)[O-])cc(c1O)Cc1cc(S(=O)(=O)[O-])cc(c1O)C2,46CD7FE84C8D6C4EF795EC2A85AC98203C8613778274664FF650C7423640E7D1,HOST_CAN_0112,PASS,NC(Cc1c[nH]cn1)C(=O)O,FB673C9EDBC2F6C509C14A12DA10308CC8AD4E94C32BC5F3BAD448FBAA74F381,GUEST_CAN_0741,PASS,3.0978658,XGB_pair,4,5
536,1,399,C1C2=CC(=CC(=C2O)CC3=CC(=CC(=C3O)CC4=C(C(=CC(=C4)S(=O)(=O)O)CC5=C(C1=CC(=C5)S(=O)(=O)O)O)O)S(=O)(=O)O)S(=O)(=O)O,[NH3+]CCCCC(C(=O)N1CCCC1C(=O)NC(=O)C(NC(C(=O)N)Cc1ccc(cc1)O)Cc1nc[nH]c1)NC(=O)C(NC(=O)C(C(C)C)NC(=O)CNC(=O)C[NH3+])CCCC[NH3+],calixarene,3.892699956893921,O=S(=O)(O)c1cc2c(O)c(c1)Cc1cc(S(=O)(=O)O)cc(c1O)Cc1cc(S(=O)(=O)O)cc(c1O)Cc1cc(S(=O)(=O)O)cc(c1O)C2,C1130CCDC8DA0C6458EF6C2E07E7F3330D8F8B055CBE4DEAADB70DC00C8CDFC1,HOST_CAN_0154,PASS,CC(C)C(NC(=O)CNC(=O)C[NH3+])C(=O)NC(CCCC[NH3+])C(=O)NC(CCCC[NH3+])C(=O)N1CCCC1C(=O)NC(=O)C(Cc1c[nH]cn1)NC(Cc1ccc(O)cc1)C(N)=O,CCEFD6165DD6EFDF0063A940F568910B8D66EB240EEC701684312E4C4EF77276,GUEST_CAN_0130,PASS,6.3553495,XGB_pair,4,5
550,3,408,OC[C@H]1O[C@@H]2O[C@@H]3[C@@H](CO)O[C@H](O[C@@H]4[C@@H](CO)O[C@H](O[C@@H]5[C@@H](CO)O[C@H](O[C@@H]6[C@@H](CO)O[C@H](O[C@@H]7[C@@H](CO)O[C@H](O[C@@H]8[C@@H](CO)O[C@H](O[C@H]1[C@H](O)[C@H]2O)[C@H](O)[C@H]8O)[C@H](O)[C@H]7O)[C@H](O)[C@H]6O)[C@H](O)[C@H]5O)[C@H](O)[C@H]4O)[C@H](O)[C@H]3O,CC(C1=CC=CC=C1)C(=O)O,cyclodextrin,1.531499981880188,OC[C@H]1O[C@@H]2O[C@H]3[C@H](O)[C@@H](O)[C@@H](O[C@H]4[C@H](O)[C@@H](O)[C@@H](O[C@H]5[C@H](O)[C@@H](O)[C@@H](O[C@H]6[C@H](O)[C@@H](O)[C@@H](O[C@H]7[C@H](O)[C@@H](O)[C@@H](O[C@H]8[C@H](O)[C@@H](O)[C@@H](O[C@H]1[C@H](O)[C@H]2O)O[C@@H]8CO)O[C@@H]7CO)O[C@@H]6CO)O[C@@H]5CO)O[C@@H]4CO)O[C@@H]3CO,22584443D9512992310760C9871E3E6BDB3EDC92006F3EF1EC94F44373907EB1,HOST_CAN_0176,PASS,CC(C(=O)O)c1ccccc1,39E81C14C70322EC40DB0016F5D8CC5F88B6124FB8BA69CBB0DE2E95D7C6979F,GUEST_CAN_0109,PASS,2.187166,XGB_pair,4,5
555,3,412,OC[C@H]1O[C@@H]2O[C@@H]3[C@@H](CO)O[C@H](O[C@@H]4[C@@H](CO)O[C@H](O[C@@H]5[C@@H](CO)O[C@H](O[C@@H]6[C@@H](CO)O[C@H](O[C@@H]7[C@@H](CO)O[C@H](O[C@@H]8[C@@H](CO)O[C@H](O[C@H]1[C@H](O)[C@H]2O)[C@H](O)[C@H]8O)[C@H](O)[C@H]7O)[C@H](O)[C@H]6O)[C@H](O)[C@H]5O)[C@H](O)[C@H]4O)[C@H](O)[C@H]3O,C1=CC=C(C=C1)C(CO)O,cyclodextrin,1.7924000024795532,OC[C@H]1O[C@@H]2O[C@H]3[C@H](O)[C@@H](O)[C@@H](O[C@H]4[C@H](O)[C@@H](O)[C@@H](O[C@H]5[C@H](O)[C@@H](O)[C@@H](O[C@H]6[C@H](O)[C@@H](O)[C@@H](O[C@H]7[C@H](O)[C@@H](O)[C@@H](O[C@H]8[C@H](O)[C@@H](O)[C@@H](O[C@H]1[C@H](O)[C@H]2O)O[C@@H]8CO)O[C@@H]7CO)O[C@@H]6CO)O[C@@H]5CO)O[C@@H]4CO)O[C@@H]3CO,22584443D9512992310760C9871E3E6BDB3EDC92006F3EF1EC94F44373907EB1,HOST_CAN_0176,PASS,OCC(O)c1ccccc1,9103E594C120BB85413A67B43648D2E5A074C67648633BFF8AF83985259A36F6,GUEST_CAN_0968,PASS,2.3153625,XGB_pair,4,5
568,1,205,C1C2=CC(=CC(=C2O)CC3=CC(=CC(=C3O)CC4=C(C(=CC(=C4)S(=O)(=O)O)CC5=C(C1=CC(=C5)S(=O)(=O)O)O)O)S(=O)(=O)O)S(=O)(=O)O,CN(C)C1=CC2=C(C=C1)N=C3C=CC(=[N+](C)C)C=C3S2.[Cl-],calixarene,5.149199962615967,O=S(=O)(O)c1cc2c(O)c(c1)Cc1cc(S(=O)(=O)O)cc(c1O)Cc1cc(S(=O)(=O)O)cc(c1O)Cc1cc(S(=O)(=O)O)cc(c1O)C2,C1130CCDC8DA0C6458EF6C2E07E7F3330D8F8B055CBE4DEAADB70DC00C8CDFC1,HOST_CAN_0154,PASS,CN(C)c1ccc2nc3ccc(=[N+](C)C)cc-3sc2c1.[Cl-],3DE370A1BA5793291E648A02AB38D5B7C28AB576253437EAD27954C74B3FA491,GUEST_CAN_0412,PASS,4.630778,XGB_pair,4,5
590,119,433,COC[C@H]1O[C@@H]2O[C@H]3[C@@H](O[C@H]([C@H]([C@@H]3OC)OC)O[C@H]3[C@H](COC)O[C@H]([C@H]([C@@H]3OC)OC)O[C@H]3[C@H](COC)O[C@H]([C@H]([C@@H]3OC)OC)O[C@H]3[C@@H](O[C@@H](O[C@@H]4[C@H](O[C@H](O[C@@H]5[C@H](O[C@H](O[C@H]1[C@@H]([C@H]2OC)OC)[C@H](OC)[C@H]5OC)COC)[C@H](OC)[C@H]4OC)COC)[C@@H](OC)[C@@H]3OC)COC)CN1C(=O)c2ccc3c4c2c(C1=O)ccc4c1c2c3ccc3c2c(cc1)C(=O)N(C3=O)C[C@H]1O[C@@H]2O[C@@H]3[C@@H](OC)O[C@@H]([C@@H]([C@H]3OC)OC)O[C@@H]3[C@@H](COC)O[C@@H]([C@@H]([C@H]3OC)OC)O[C@H]3[C@H](COC)O[C@H]([C@H]([C@@H]3OC)OC)O[C@H]3[C@@H](O[C@@H](O[C@H]4[C@@H](O[C@@H](O[C@H]5[C@@H](O[C@@H](O[C@H]1[C@@H]([C@H]2OC)OC)[C@@H](OC)[C@@H]5OC)COC)[C@@H](OC)[C@@H]4OC)COC)[C@@H](OC)[C@@H]3OC)COC,[Na]OS(=O)(=O)c1ccc(cc1)C1=C2C=CC3=[N]2[Zn]2n4c1ccc4/C(=C\1/C=CC(=N1)/C(=c/1\n2c(=C3c2ccc(cc2)S(=O)(=O)O[Na])cc1)/c1ccc(cc1)S(=O)(=O)O[Na])/c1ccc(cc1)S(=O)(=O)O[Na],cyclodextrin,6.728099822998047,COC[C@@H]1O[C@H]2O[C@@H]3[C@@H](OC)[C@H](OC)[C@H](O[C@H]4[C@H](OC)[C@@H](OC)[C@@H](O[C@@H]5[C@@H](OC)O[C@H](O[C@H]6[C@H](OC)[C@@H](OC)[C@@H](O[C@@H]7[C@@H](OC)[C@H](OC)[C@H](O[C@@H]8[C@@H](OC)[C@H](OC)[C@H](O[C@@H]1[C@@H](OC)[C@@H]2OC)O[C@H]8COC)O[C@H]7COC)O[C@@H]6COC)[C@H](OC)[C@H]5OC)O[C@@H]4CN1C(=O)c2ccc4c5ccc6c7c(ccc(c8ccc(c2c48)C1=O)c75)C(=O)N(C[C@@H]1O[C@H]2O[C@@H]4[C@@H](OC)[C@H](OC)[C@H](O[C@@H]5[C@@H](OC)[C@H](OC)[C@H](O[C@@H]7[C@@H](OC)[C@H](OC)[C@H](O[C@H]8[C@H](OC)[C@@H](OC)[C@@H](O[C@H]9[C@H](OC)[C@@H](OC)[C@@H](O[C@H]%10[C@H](OC)[C@@H](OC)[C@@H](O[C@@H]1[C@@H](OC)[C@@H]2OC)O[C@@H]%10COC)O[C@@H]9COC)O[C@@H]8COC)O[C@H]7COC)O[C@H]5COC)O[C@H]4COC)C6=O)O[C@H]3COC,DC7890BD0C6CC53EEBED79B621D4CA61D1CE9BB6E7326ECB8F1046B30146982D,HOST_CAN_0059,PASS,O=S(=O)([O][Na])c1ccc(C2=C3C=CC4=[N]3->[Zn]3[n]5c2ccc5/C(c2ccc(S(=O)(=O)[O][Na])cc2)=C2/C=CC(=N2)/C(c2ccc(S(=O)(=O)[O][Na])cc2)=c2/ccc([n]23)=C4c2ccc(S(=O)(=O)[O][Na])cc2)cc1,19CA32C2E50896C5060E0DFB46B5520C738B0D7B44BD2D12D7B905C8758DFA37,GUEST_CAN_0938,PASS,5.1029983,XGB_pair,4,5
591,17,171,COP(=O)(Cc1cc2ccc1OCc1cc(COc3ccc(cc3CP(=O)(OC)[O-])C(C)(C)c3ccc(OCc4cc(COc5ccc(C2(C)C)cc5CP(=O)(OC)[O-])cc(c4)[N+](=O)[O-])c(c3)CP(=O)(OC)[O-])cc(c1)[N+](=O)[O-])[O-],C1=CC(=C(C=C1CCN)O)O,other,2.390899896621704,COP(=O)([O-])Cc1cc2ccc1OCc1cc(cc([N+](=O)[O-])c1)COc1ccc(cc1CP(=O)([O-])OC)C(C)(C)c1ccc(c(CP(=O)([O-])OC)c1)OCc1cc(cc([N+](=O)[O-])c1)COc1ccc(cc1CP(=O)([O-])OC)C2(C)C,5C9812D0AA59E8C93387DCBA9CDBD0E45705FA87B439937B162042CB092EC8B9,HOST_CAN_0069,PASS,NCCc1ccc(O)c(O)c1,8C989074BC36C962545C6731CBB09A9BCEAD59D65B1AEE4A0B8B096CFFB8E510,GUEST_CAN_0808,PASS,2.8317132,XGB_pair,4,5
600,23,23,OC[C@H]1O[C@@H]2O[C@@H]3[C@@H](CO)O[C@H](O[C@@H]4[C@@H](CO)O[C@H](O[C@@H]5[C@@H](CO)O[C@H](O[C@@H]6[C@@H](CO)O[C@H](O[C@@H]7[C@@H](CO)O[C@H](O[C@H]1[C@H](O)[C@H]2O)[C@H](O)[C@H]7O)[C@H](O)[C@H]6O)[C@H](O)[C@H]5O)[C@H](O)[C@H]4O)[C@H](O)[C@H]3O,C(#N)[S-].[Na+],cyclodextrin,1.1900999546051025,OC[C@H]1O[C@@H]2O[C@H]3[C@H](O)[C@@H](O)[C@@H](O[C@H]4[C@H](O)[C@@H](O)[C@@H](O[C@H]5[C@H](O)[C@@H](O)[C@@H](O[C@H]6[C@H](O)[C@@H](O)[C@@H](O[C@H]7[C@H](O)[C@@H](O)[C@@H](O[C@H]1[C@H](O)[C@H]2O)O[C@@H]7CO)O[C@@H]6CO)O[C@@H]5CO)O[C@@H]4CO)O[C@@H]3CO,9CB41F926A4386D7C0E23599753E6EDC60802BE1DCF577DB9B32CBB20691DB1D,HOST_CAN_0175,PASS,N#C[S-].[Na+],C7EA3C834D4CD40D84736D62A55B84043DA6CC95962CF4DF2592DE68C06B9A69,GUEST_CAN_0714,PASS,2.5321352,XGB_pair,4,5
604,3,441,OC[C@H]1O[C@@H]2O[C@@H]3[C@@H](CO)O[C@H](O[C@@H]4[C@@H](CO)O[C@H](O[C@@H]5[C@@H](CO)O[C@H](O[C@@H]6[C@@H](CO)O[C@H](O[C@@H]7[C@@H](CO)O[C@H](O[C@@H]8[C@@H](CO)O[C@H](O[C@H]1[C@H](O)[C@H]2O)[C@H](O)[C@H]8O)[C@H](O)[C@H]7O)[C@H](O)[C@H]6O)[C@H](O)[C@H]5O)[C@H](O)[C@H]4O)[C@H](O)[C@H]3O,CCC(=O)C1=CC2=C(C=C1)C=C(C=C2)N(C)C,cyclodextrin,2.9356000423431396,OC[C@H]1O[C@@H]2O[C@H]3[C@H](O)[C@@H](O)[C@@H](O[C@H]4[C@H](O)[C@@H](O)[C@@H](O[C@H]5[C@H](O)[C@@H](O)[C@@H](O[C@H]6[C@H](O)[C@@H](O)[C@@H](O[C@H]7[C@H](O)[C@@H](O)[C@@H](O[C@H]8[C@H](O)[C@@H](O)[C@@H](O[C@H]1[C@H](O)[C@H]2O)O[C@@H]8CO)O[C@@H]7CO)O[C@@H]6CO)O[C@@H]5CO)O[C@@H]4CO)O[C@@H]3CO,22584443D9512992310760C9871E3E6BDB3EDC92006F3EF1EC94F44373907EB1,HOST_CAN_0176,PASS,CCC(=O)c1ccc2cc(N(C)C)ccc2c1,DEAB273D7E868ABFF4CCD306137E513FDAF383B7D5EA5519D2A28AA424FBA51D,GUEST_CAN_0254,PASS,3.3329594,XGB_pair,4,5
606,1,57,C1C2=CC(=CC(=C2O)CC3=CC(=CC(=C3O)CC4=C(C(=CC(=C4)S(=O)(=O)O)CC5=C(C1=CC(=C5)S(=O)(=O)O)O)O)S(=O)(=O)O)S(=O)(=O)O,OC(=O)C1CCCN1,calixarene,3.1045000553131104,O=S(=O)(O)c1cc2c(O)c(c1)Cc1cc(S(=O)(=O)O)cc(c1O)Cc1cc(S(=O)(=O)O)cc(c1O)Cc1cc(S(=O)(=O)O)cc(c1O)C2,C1130CCDC8DA0C6458EF6C2E07E7F3330D8F8B055CBE4DEAADB70DC00C8CDFC1,HOST_CAN_0154,PASS,O=C(O)C1CCCN1,089AB51F23001BB951B8422598AD8ED1DBAD90EB1049857FB2A03F150DA120BA,GUEST_CAN_0869,PASS,2.849291,XGB_pair,4,5
645,123,464,[Na]OS(=O)(=O)c1ccc(cc1)N=Nc1cc2Cc3cc(N=Nc4ccc(cc4)S(=O)(=O)O[Na])cc(c3O)Cc3cc(cc(Cc4c(c(Cc(c1)c2O)cc(/N=N/c1ccc(cc1)S(=O)(=O)O[Na])c4)O)c3O)/N=N/c1ccc(cc1)S(=O)(=O)O[Na],CCCN1c2ccccc2C(/C/1=C/C=C/1\CCCC(=C1Cl)/C=C/C1=[N+](CCC)c2c(C1(C)C)cccc2)(C)C.[I-],calixarene,6.322199821472168,O=S(=O)([O][Na])c1ccc(N=Nc2cc3c(O)c(c2)Cc2cc(/N=N/c4ccc(S(=O)(=O)[O][Na])cc4)cc(c2O)Cc2cc(/N=N/c4ccc(S(=O)(=O)[O][Na])cc4)cc(c2O)Cc2cc(N=Nc4ccc(S(=O)(=O)[O][Na])cc4)cc(c2O)C3)cc1,544EE97E01F97F0432023165405A220034C2FC0C5A49A4E738969204EB66D3D4,HOST_CAN_0170,PASS,CCCN1/C(=C\C=C2/CCCC(/C=C/C3=[N+](CCC)c4ccccc4C3(C)C)=C2Cl)C(C)(C)c2ccccc21.[I-],C6134AC374607D29755300A057745976433909E073A85C043D920EB96147F247,GUEST_CAN_0331,PASS,5.144701,XGB_pair,4,5
662,1,471,C1C2=CC(=CC(=C2O)CC3=CC(=CC(=C3O)CC4=C(C(=CC(=C4)S(=O)(=O)O)CC5=C(C1=CC(=C5)S(=O)(=O)O)O)O)S(=O)(=O)O)S(=O)(=O)O,C[N+](C)(C)CC(CC(=O)[O-])O,calixarene,4.447199821472168,O=S(=O)(O)c1cc2c(O)c(c1)Cc1cc(S(=O)(=O)O)cc(c1O)Cc1cc(S(=O)(=O)O)cc(c1O)Cc1cc(S(=O)(=O)O)cc(c1O)C2,C1130CCDC8DA0C6458EF6C2E07E7F3330D8F8B055CBE4DEAADB70DC00C8CDFC1,HOST_CAN_0154,PASS,C[N+](C)(C)CC(O)CC(=O)[O-],370F32550B57B0E4726D0231D011F557D8A6872401B4E799CD76A401AD1E6C52,GUEST_CAN_0561,PASS,2.3916292,XGB_pair,4,5
734,1,85,C1C2=CC(=CC(=C2O)CC3=CC(=CC(=C3O)CC4=C(C(=CC(=C4)S(=O)(=O)O)CC5=C(C1=CC(=C5)S(=O)(=O)O)O)O)S(=O)(=O)O)S(=O)(=O)O,COC1=C(C2=C[N+]3=C(C=C2C=C1)C4=CC5=C(C=C4CC3)OCO5)OC.[Cl-],calixarene,3.6066999435424805,O=S(=O)(O)c1cc2c(O)c(c1)Cc1cc(S(=O)(=O)O)cc(c1O)Cc1cc(S(=O)(=O)O)cc(c1O)Cc1cc(S(=O)(=O)O)cc(c1O)C2,C1130CCDC8DA0C6458EF6C2E07E7F3330D8F8B055CBE4DEAADB70DC00C8CDFC1,HOST_CAN_0154,PASS,COc1ccc2cc3[n+](cc2c1OC)CCc1cc2c(cc1-3)OCO2.[Cl-],2002F700467546FC920CE9A91096FEE4BBFBC89B967D34B7A6F925905277E3AF,GUEST_CAN_0500,PASS,4.9211497,XGB_pair,4,5
739,101,514,CC12C3(N4CN5C6C7N(C5=O)CN8C9C5N(C8=O)CN8C(=O)N%10CC%11=C(C=CC%12=C%11C(=C(C=C%12)OCCCS(=O)(=O)[O-])CN%11C%10(C8(N(C%11=O)CN5C(=O)N9CN7C(=O)N6CN3C(=O)N1CC1=C(C=CC3=C1C(=C(C=C3)OCCCS(=O)(=O)[O-])CN2C4=O)OCCCS(=O)(=O)[O-])C)C)OCCCS(=O)(=O)[O-])C.[Na+].[Na+].[Na+].[Na+],CNCC(C1=CC(=CC=C1)O)O,cucurbituril,3.0413999557495117,CC12N3Cc4c(OCCCS(=O)(=O)[O-])ccc5ccc(OCCCS(=O)(=O)[O-])c(c45)CN1C(=O)N1CN4C(=O)N5CN6C(=O)N7CN8C(=O)N9Cc%10c(OCCCS(=O)(=O)[O-])ccc%11ccc(OCCCS(=O)(=O)[O-])c(c%10%11)CN%10C(=O)N(CN%11C(=O)N(CN%12C(=O)N(CN(C3=O)C12C)C4C%125)C6C%117)C8(C)C%109C.[Na+].[Na+].[Na+].[Na+],D06B992717C42348D2028871BE8CF32C393DC5D34135FC7CB387827D0E760D24,HOST_CAN_0017,PASS,CNCC(O)c1cccc(O)c1,C88E6F8E2033949D140A73A04120CE1B1B3A84B1B334942E4960AE4281F4B3A4,GUEST_CAN_0430,PASS,4.5000787,XGB_pair,4,5
752,1,27,C1C2=CC(=CC(=C2O)CC3=CC(=CC(=C3O)CC4=C(C(=CC(=C4)S(=O)(=O)O)CC5=C(C1=CC(=C5)S(=O)(=O)O)O)O)S(=O)(=O)O)S(=O)(=O)O,NCCCCC(C(=O)NC(C(=O)NC(C(=O)NC(=O)C(NC(C(=O)NC(C(=O)NC(C(=O)NC(C(=O)NCC(=O)NC(C(=O)N)Cc1ccc(cc1)O)C(O)C)CO)CCCC[N+](C)(C)C)CCCNC(=N)N)C)C(O)C)CCC(=O)N)NC(=O)C(C(O)C)NC(=O)C(NC(=O)C(N)C)CCCNC(=N)N,calixarene,6.770899772644043,O=S(=O)(O)c1cc2c(O)c(c1)Cc1cc(S(=O)(=O)O)cc(c1O)Cc1cc(S(=O)(=O)O)cc(c1O)Cc1cc(S(=O)(=O)O)cc(c1O)C2,C1130CCDC8DA0C6458EF6C2E07E7F3330D8F8B055CBE4DEAADB70DC00C8CDFC1,HOST_CAN_0154,PASS,CC(N)C(=O)NC(CCCNC(=N)N)C(=O)NC(C(=O)NC(CCCCN)C(=O)NC(CCC(N)=O)C(=O)NC(C(=O)NC(=O)C(C)NC(CCCNC(=N)N)C(=O)NC(CCCC[N+](C)(C)C)C(=O)NC(CO)C(=O)NC(C(=O)NCC(=O)NC(Cc1ccc(O)cc1)C(N)=O)C(C)O)C(C)O)C(C)O,FDB24492C01844597473AA7C2BD6C580BEC794EA067753C199B126BE41E8D5FA,GUEST_CAN_0177,PASS,7.0303836,XGB_pair,4,5
771,6,411,OC(=O)CCC1c2cc3c4cc2O[C@@H]2Oc5c1cc1c(c5)O[C@@H]5Oc6c([C@@H]1CCC(=O)O)cc1[C@H](c7cc(C3CCC(=O)O)c3O[C@H](O4)c4cc8Oc9cc(Oc%10cc2cc(c%10C(=O)O)Oc2cccc(c2)Oc2cc5cc(c2C(=O)O)Oc2cccc(c2)Oc2cc([C@@H](Oc7c3)Oc1c6)cc(Oc1cc(Oc(c4)c8C(=O)O)ccc1)c2C(=O)O)ccc9)CCC(=O)O,CCCCCC[N+](C)(C)C.[Cl-],other,4.2718000411987305,O=C(O)CCC1c2cc3c4cc2O[C@H]2Oc5cc6c(cc51)[C@H](CCC(=O)O)c1cc5c7cc1O[C@H](O6)c1cc6c(C(=O)O)c(c1)Oc1cccc(c1)Oc1cc8cc(c1C(=O)O)Oc1cccc(c1)Oc1cc(cc(c1C(=O)O)Oc1cccc(c1)Oc1cc2cc(c1C(=O)O)Oc1cccc(c1)O6)[C@H](O4)Oc1cc(c(cc1C3CCC(=O)O)[C@H]5CCC(=O)O)O[C@@H]8O7,9910B6C324867B78C538BC824892433086D3864FCBD7A2F3E051B7730A9D9689,HOST_CAN_0118,PASS,CCCCCC[N+](C)(C)C.[Cl-],2678C2424C739C2D9266BD3D3D7935A8947095DF196996EF1599E3A349DA25FC,GUEST_CAN_0298,PASS,3.704865,XGB_pair,4,5
792,23,288,OC[C@H]1O[C@@H]2O[C@@H]3[C@@H](CO)O[C@H](O[C@@H]4[C@@H](CO)O[C@H](O[C@@H]5[C@@H](CO)O[C@H](O[C@@H]6[C@@H](CO)O[C@H](O[C@@H]7[C@@H](CO)O[C@H](O[C@H]1[C@H](O)[C@H]2O)[C@H](O)[C@H]7O)[C@H](O)[C@H]6O)[C@H](O)[C@H]5O)[C@H](O)[C@H]4O)[C@H](O)[C@H]3O,CC(C)C(C(=O)O)NC(=O)CN,cyclodextrin,2.449899911880493,OC[C@H]1O[C@@H]2O[C@H]3[C@H](O)[C@@H](O)[C@@H](O[C@H]4[C@H](O)[C@@H](O)[C@@H](O[C@H]5[C@H](O)[C@@H](O)[C@@H](O[C@H]6[C@H](O)[C@@H](O)[C@@H](O[C@H]7[C@H](O)[C@@H](O)[C@@H](O[C@H]1[C@H](O)[C@H]2O)O[C@@H]7CO)O[C@@H]6CO)O[C@@H]5CO)O[C@@H]4CO)O[C@@H]3CO,9CB41F926A4386D7C0E23599753E6EDC60802BE1DCF577DB9B32CBB20691DB1D,HOST_CAN_0175,PASS,CC(C)C(NC(=O)CN)C(=O)O,C7C4F9D491E695E32FCA9610C29E6F26B277BB7597A85B98A5CB97B4FB2C694B,GUEST_CAN_0128,PASS,2.726644,XGB_pair,4,5
819,23,558,OC[C@H]1O[C@@H]2O[C@@H]3[C@@H](CO)O[C@H](O[C@@H]4[C@@H](CO)O[C@H](O[C@@H]5[C@@H](CO)O[C@H](O[C@@H]6[C@@H](CO)O[C@H](O[C@@H]7[C@@H](CO)O[C@H](O[C@H]1[C@H](O)[C@H]2O)[C@H](O)[C@H]7O)[C@H](O)[C@H]6O)[C@H](O)[C@H]5O)[C@H](O)[C@H]4O)[C@H](O)[C@H]3O,C1=CC=C(C=C1)NC2=CC3=C(C=C2)C=C(C=C3)S(=O)(=O)[O-],cyclodextrin,1.3009999990463257,OC[C@H]1O[C@@H]2O[C@H]3[C@H](O)[C@@H](O)[C@@H](O[C@H]4[C@H](O)[C@@H](O)[C@@H](O[C@H]5[C@H](O)[C@@H](O)[C@@H](O[C@H]6[C@H](O)[C@@H](O)[C@@H](O[C@H]7[C@H](O)[C@@H](O)[C@@H](O[C@H]1[C@H](O)[C@H]2O)O[C@@H]7CO)O[C@@H]6CO)O[C@@H]5CO)O[C@@H]4CO)O[C@@H]3CO,9CB41F926A4386D7C0E23599753E6EDC60802BE1DCF577DB9B32CBB20691DB1D,HOST_CAN_0175,PASS,O=S(=O)([O-])c1ccc2cc(Nc3ccccc3)ccc2c1,0824CC1DB2624A014F85DD652F99EC1BBB673337CABFEF6F0B2F4C09F94496B2,GUEST_CAN_0937,PASS,2.9816382,XGB_pair,4,5
835,3,104,OC[C@H]1O[C@@H]2O[C@@H]3[C@@H](CO)O[C@H](O[C@@H]4[C@@H](CO)O[C@H](O[C@@H]5[C@@H](CO)O[C@H](O[C@@H]6[C@@H](CO)O[C@H](O[C@@H]7[C@@H](CO)O[C@H](O[C@@H]8[C@@H](CO)O[C@H](O[C@H]1[C@H](O)[C@H]2O)[C@H](O)[C@H]8O)[C@H](O)[C@H]7O)[C@H](O)[C@H]6O)[C@H](O)[C@H]5O)[C@H](O)[C@H]4O)[C@H](O)[C@H]3O,C1CC2CCC1N=N2,cyclodextrin,2.992000102996826,OC[C@H]1O[C@@H]2O[C@H]3[C@H](O)[C@@H](O)[C@@H](O[C@H]4[C@H](O)[C@@H](O)[C@@H](O[C@H]5[C@H](O)[C@@H](O)[C@@H](O[C@H]6[C@H](O)[C@@H](O)[C@@H](O[C@H]7[C@H](O)[C@@H](O)[C@@H](O[C@H]8[C@H](O)[C@@H](O)[C@@H](O[C@H]1[C@H](O)[C@H]2O)O[C@@H]8CO)O[C@@H]7CO)O[C@@H]6CO)O[C@@H]5CO)O[C@@H]4CO)O[C@@H]3CO,22584443D9512992310760C9871E3E6BDB3EDC92006F3EF1EC94F44373907EB1,HOST_CAN_0176,PASS,C1CC2CCC1N=N2,28524F2C321EA80222CEAE7EE74FE527F854D218FD4782A52CD6A817541C8DDA,GUEST_CAN_0024,PASS,2.343806,XGB_pair,4,5
854,55,57,OC1=C(CC2=CC(S(=O)([O-])=O)=CC(CC3=C(O)C4=CC(S(=O)([O-])=O)=C3)=C2O)C=C(S(=O)([O-])=O)C=C1CC5=C(O)C(CC6=CC(S(=O)([O-])=O)=CC(CC7=CC(S(=O)([O-])=O)=CC(CC8=C(O)C(CC9=CC(S(=O)([O-])=O)=CC(C4)=C9O)=CC(S(=O)([O-])=O)=C8)=C7OCCN)=C6O)=CC(S(=O)([O-])=O)=C5,OC(=O)C1CCCN1,calixarene,1.8324999809265137,NCCOc1c2cc(S(=O)(=O)[O-])cc1Cc1cc(S(=O)(=O)[O-])cc(c1O)Cc1cc(S(=O)(=O)[O-])cc(c1O)Cc1cc(S(=O)(=O)[O-])cc(c1O)Cc1cc(S(=O)(=O)[O-])cc(c1O)Cc1cc(S(=O)(=O)[O-])cc(c1O)Cc1cc(S(=O)(=O)[O-])cc(c1O)Cc1cc(S(=O)(=O)[O-])cc(c1O)C2,46CD7FE84C8D6C4EF795EC2A85AC98203C8613778274664FF650C7423640E7D1,HOST_CAN_0112,PASS,O=C(O)C1CCCN1,089AB51F23001BB951B8422598AD8ED1DBAD90EB1049857FB2A03F150DA120BA,GUEST_CAN_0869,PASS,2.9568875,XGB_pair,4,5
864,23,104,OC[C@H]1O[C@@H]2O[C@@H]3[C@@H](CO)O[C@H](O[C@@H]4[C@@H](CO)O[C@H](O[C@@H]5[C@@H](CO)O[C@H](O[C@@H]6[C@@H](CO)O[C@H](O[C@@H]7[C@@H](CO)O[C@H](O[C@H]1[C@H](O)[C@H]2O)[C@H](O)[C@H]7O)[C@H](O)[C@H]6O)[C@H](O)[C@H]5O)[C@H](O)[C@H]4O)[C@H](O)[C@H]3O,C1CC2CCC1N=N2,cyclodextrin,1.6990000009536743,OC[C@H]1O[C@@H]2O[C@H]3[C@H](O)[C@@H](O)[C@@H](O[C@H]4[C@H](O)[C@@H](O)[C@@H](O[C@H]5[C@H](O)[C@@H](O)[C@@H](O[C@H]6[C@H](O)[C@@H](O)[C@@H](O[C@H]7[C@H](O)[C@@H](O)[C@@H](O[C@H]1[C@H](O)[C@H]2O)O[C@@H]7CO)O[C@@H]6CO)O[C@@H]5CO)O[C@@H]4CO)O[C@@H]3CO,9CB41F926A4386D7C0E23599753E6EDC60802BE1DCF577DB9B32CBB20691DB1D,HOST_CAN_0175,PASS,C1CC2CCC1N=N2,28524F2C321EA80222CEAE7EE74FE527F854D218FD4782A52CD6A817541C8DDA,GUEST_CAN_0024,PASS,2.1670697,XGB_pair,4,5
884,25,376,CCCOc1c2Cc3cc(cc(c3OCCC)Cc3cc(cc(Cc4c(c(Cc1cc(c2)P(=O)(O)O)cc(c4)P(=O)(O)O)OCCC)c3OCCC)P(=O)(O)O)P(=O)(O)O,C(CO)N.Cl,calixarene,1.0413999557495117,CCCOc1c2cc(P(=O)(O)O)cc1Cc1cc(P(=O)(O)O)cc(c1OCCC)Cc1cc(P(=O)(O)O)cc(c1OCCC)Cc1cc(P(=O)(O)O)cc(c1OCCC)C2,C043E79A34829EDDBE86C6FC09E756E7D0FDCE1A2BB383803C5CAA52B9480850,HOST_CAN_0037,PASS,Cl.NCCO,B8BFC7F3AB287F02D64B1AF5D74B52A154A02E551CB075B8B8621A2F056ECCD2,GUEST_CAN_0689,PASS,2.4347954,XGB_pair,4,5
890,1,374,C1C2=CC(=CC(=C2O)CC3=CC(=CC(=C3O)CC4=C(C(=CC(=C4)S(=O)(=O)O)CC5=C(C1=CC(=C5)S(=O)(=O)O)O)O)S(=O)(=O)O)S(=O)(=O)O,OCC(C(=O)NC(C(=O)N1CCCC1C(=O)NC(C(=O)N)Cc1ccc(cc1)O)C)NC(=O)C(NC(=O)C(NC(=O)C(NC(=O)C(NC(=O)C)C)C)CCCNC(=N)N)CCCC[N+](C)(C)C,calixarene,5.267199993133545,O=S(=O)(O)c1cc2c(O)c(c1)Cc1cc(S(=O)(=O)O)cc(c1O)Cc1cc(S(=O)(=O)O)cc(c1O)Cc1cc(S(=O)(=O)O)cc(c1O)C2,C1130CCDC8DA0C6458EF6C2E07E7F3330D8F8B055CBE4DEAADB70DC00C8CDFC1,HOST_CAN_0154,PASS,CC(=O)NC(C)C(=O)NC(C)C(=O)NC(CCCNC(=N)N)C(=O)NC(CCCC[N+](C)(C)C)C(=O)NC(CO)C(=O)NC(C)C(=O)N1CCCC1C(=O)NC(Cc1ccc(O)cc1)C(N)=O,934A862FD875337749D4F733791F261D712391A6D4CB302C520246E780F7D911,GUEST_CAN_0067,PASS,5.97816,XGB_pair,4,5
900,74,171,[Li+].[Li+].COP(OC)(=O)CC1=CC(=CC(=C1)NC(CCCN(C)CC1=C(C=CC=C1)B(O)O)=O)CP([O-])([O-])=O,C1=CC(=C(C=C1CCN)O)O,other,2.6252999305725098,COP(=O)(Cc1cc(CP(=O)([O-])[O-])cc(NC(=O)CCCN(C)Cc2ccccc2B(O)O)c1)OC.[Li+].[Li+],7E42F839F9338A49BA3ED36631C1EA08827315A2F7E1A716582040F5B64BDC5A,HOST_CAN_0065,PASS,NCCc1ccc(O)c(O)c1,8C989074BC36C962545C6731CBB09A9BCEAD59D65B1AEE4A0B8B096CFFB8E510,GUEST_CAN_0808,PASS,1.80228,XGB_pair,4,5
919,3,615,OC[C@H]1O[C@@H]2O[C@@H]3[C@@H](CO)O[C@H](O[C@@H]4[C@@H](CO)O[C@H](O[C@@H]5[C@@H](CO)O[C@H](O[C@@H]6[C@@H](CO)O[C@H](O[C@@H]7[C@@H](CO)O[C@H](O[C@@H]8[C@@H](CO)O[C@H](O[C@H]1[C@H](O)[C@H]2O)[C@H](O)[C@H]8O)[C@H](O)[C@H]7O)[C@H](O)[C@H]6O)[C@H](O)[C@H]5O)[C@H](O)[C@H]4O)[C@H](O)[C@H]3O,CC1(C(CCC1(C)C(=O)O)C(=O)O)C,cyclodextrin,1.2788000106811523,OC[C@H]1O[C@@H]2O[C@H]3[C@H](O)[C@@H](O)[C@@H](O[C@H]4[C@H](O)[C@@H](O)[C@@H](O[C@H]5[C@H](O)[C@@H](O)[C@@H](O[C@H]6[C@H](O)[C@@H](O)[C@@H](O[C@H]7[C@H](O)[C@@H](O)[C@@H](O[C@H]8[C@H](O)[C@@H](O)[C@@H](O[C@H]1[C@H](O)[C@H]2O)O[C@@H]8CO)O[C@@H]7CO)O[C@@H]6CO)O[C@@H]5CO)O[C@@H]4CO)O[C@@H]3CO,22584443D9512992310760C9871E3E6BDB3EDC92006F3EF1EC94F44373907EB1,HOST_CAN_0176,PASS,CC1(C(=O)O)CCC(C(=O)O)C1(C)C,FF4EDD08A69627DF132B51BE3E7168A1A60581AD430DDDD338FF1C0ABFDEDF72,GUEST_CAN_0200,PASS,2.3686876,XGB_pair,4,5
926,1,619,C1C2=CC(=CC(=C2O)CC3=CC(=CC(=C3O)CC4=C(C(=CC(=C4)S(=O)(=O)O)CC5=C(C1=CC(=C5)S(=O)(=O)O)O)O)S(=O)(=O)O)S(=O)(=O)O,[NH3+]CCCCC(C(=O)[O-])[NH3+],calixarene,2.869999885559082,O=S(=O)(O)c1cc2c(O)c(c1)Cc1cc(S(=O)(=O)O)cc(c1O)Cc1cc(S(=O)(=O)O)cc(c1O)Cc1cc(S(=O)(=O)O)cc(c1O)C2,C1130CCDC8DA0C6458EF6C2E07E7F3330D8F8B055CBE4DEAADB70DC00C8CDFC1,HOST_CAN_0154,PASS,[NH3+]CCCCC([NH3+])C(=O)[O-],088DBB3507C5E834DBD8033C58FA7844D3BEFFBB26E20C59DF5E0BD12C1A39BF,GUEST_CAN_1082,PASS,2.8291426,XGB_pair,4,5
942,23,139,OC[C@H]1O[C@@H]2O[C@@H]3[C@@H](CO)O[C@H](O[C@@H]4[C@@H](CO)O[C@H](O[C@@H]5[C@@H](CO)O[C@H](O[C@@H]6[C@@H](CO)O[C@H](O[C@@H]7[C@@H](CO)O[C@H](O[C@H]1[C@H](O)[C@H]2O)[C@H](O)[C@H]7O)[C@H](O)[C@H]6O)[C@H](O)[C@H]5O)[C@H](O)[C@H]4O)[C@H](O)[C@H]3O,[O-][Re](=O)(=O)=O.[Na+],cyclodextrin,1.7518999576568604,OC[C@H]1O[C@@H]2O[C@H]3[C@H](O)[C@@H](O)[C@@H](O[C@H]4[C@H](O)[C@@H](O)[C@@H](O[C@H]5[C@H](O)[C@@H](O)[C@@H](O[C@H]6[C@H](O)[C@@H](O)[C@@H](O[C@H]7[C@H](O)[C@@H](O)[C@@H](O[C@H]1[C@H](O)[C@H]2O)O[C@@H]7CO)O[C@@H]6CO)O[C@@H]5CO)O[C@@H]4CO)O[C@@H]3CO,9CB41F926A4386D7C0E23599753E6EDC60802BE1DCF577DB9B32CBB20691DB1D,HOST_CAN_0175,PASS,[Na+].[O]=[Re](=[O])(=[O])[O-],AF42F34AEEF70F9C56B1206AC16DC33D9D7E4B4A26CD3297530031FB0691E687,GUEST_CAN_1102,PASS,2.9585972,XGB_pair,4,5
951,3,629,OC[C@H]1O[C@@H]2O[C@@H]3[C@@H](CO)O[C@H](O[C@@H]4[C@@H](CO)O[C@H](O[C@@H]5[C@@H](CO)O[C@H](O[C@@H]6[C@@H](CO)O[C@H](O[C@@H]7[C@@H](CO)O[C@H](O[C@@H]8[C@@H](CO)O[C@H](O[C@H]1[C@H](O)[C@H]2O)[C@H](O)[C@H]8O)[C@H](O)[C@H]7O)[C@H](O)[C@H]6O)[C@H](O)[C@H]5O)[C@H](O)[C@H]4O)[C@H](O)[C@H]3O,CC(CC(=O)O)C1=CC=CC=C1,cyclodextrin,2.633500099182129,OC[C@H]1O[C@@H]2O[C@H]3[C@H](O)[C@@H](O)[C@@H](O[C@H]4[C@H](O)[C@@H](O)[C@@H](O[C@H]5[C@H](O)[C@@H](O)[C@@H](O[C@H]6[C@H](O)[C@@H](O)[C@@H](O[C@H]7[C@H](O)[C@@H](O)[C@@H](O[C@H]8[C@H](O)[C@@H](O)[C@@H](O[C@H]1[C@H](O)[C@H]2O)O[C@@H]8CO)O[C@@H]7CO)O[C@@H]6CO)O[C@@H]5CO)O[C@@H]4CO)O[C@@H]3CO,22584443D9512992310760C9871E3E6BDB3EDC92006F3EF1EC94F44373907EB1,HOST_CAN_0176,PASS,CC(CC(=O)O)c1ccccc1,84936731DA143DFB043472F928EEF57FAD120A18E9FC66C78D8B6AFF4F836B2B,GUEST_CAN_0166,PASS,2.5123737,XGB_pair,4,5
1009,3,660,OC[C@H]1O[C@@H]2O[C@@H]3[C@@H](CO)O[C@H](O[C@@H]4[C@@H](CO)O[C@H](O[C@@H]5[C@@H](CO)O[C@H](O[C@@H]6[C@@H](CO)O[C@H](O[C@@H]7[C@@H](CO)O[C@H](O[C@@H]8[C@@H](CO)O[C@H](O[C@H]1[C@H](O)[C@H]2O)[C@H](O)[C@H]8O)[C@H](O)[C@H]7O)[C@H](O)[C@H]6O)[C@H](O)[C@H]5O)[C@H](O)[C@H]4O)[C@H](O)[C@H]3O,Nc1ccc(cc1)N=Nc1ccccc1,cyclodextrin,2.6637001037597656,OC[C@H]1O[C@@H]2O[C@H]3[C@H](O)[C@@H](O)[C@@H](O[C@H]4[C@H](O)[C@@H](O)[C@@H](O[C@H]5[C@H](O)[C@@H](O)[C@@H](O[C@H]6[C@H](O)[C@@H](O)[C@@H](O[C@H]7[C@H](O)[C@@H](O)[C@@H](O[C@H]8[C@H](O)[C@@H](O)[C@@H](O[C@H]1[C@H](O)[C@H]2O)O[C@@H]8CO)O[C@@H]7CO)O[C@@H]6CO)O[C@@H]5CO)O[C@@H]4CO)O[C@@H]3CO,22584443D9512992310760C9871E3E6BDB3EDC92006F3EF1EC94F44373907EB1,HOST_CAN_0176,PASS,Nc1ccc(N=Nc2ccccc2)cc1,758B8F886695362E3148DEDEC0BB55611DB0A0A2A53DAD1F9F03B40EC6809100,GUEST_CAN_0829,PASS,2.7327707,XGB_pair,4,5
1021,23,103,OC[C@H]1O[C@@H]2O[C@@H]3[C@@H](CO)O[C@H](O[C@@H]4[C@@H](CO)O[C@H](O[C@@H]5[C@@H](CO)O[C@H](O[C@@H]6[C@@H](CO)O[C@H](O[C@@H]7[C@@H](CO)O[C@H](O[C@H]1[C@H](O)[C@H]2O)[C@H](O)[C@H]7O)[C@H](O)[C@H]6O)[C@H](O)[C@H]5O)[C@H](O)[C@H]4O)[C@H](O)[C@H]3O,CN(C)C1=CC=C(C=C1)C#N,cyclodextrin,2.7160000801086426,OC[C@H]1O[C@@H]2O[C@H]3[C@H](O)[C@@H](O)[C@@H](O[C@H]4[C@H](O)[C@@H](O)[C@@H](O[C@H]5[C@H](O)[C@@H](O)[C@@H](O[C@H]6[C@H](O)[C@@H](O)[C@@H](O[C@H]7[C@H](O)[C@@H](O)[C@@H](O[C@H]1[C@H](O)[C@H]2O)O[C@@H]7CO)O[C@@H]6CO)O[C@@H]5CO)O[C@@H]4CO)O[C@@H]3CO,9CB41F926A4386D7C0E23599753E6EDC60802BE1DCF577DB9B32CBB20691DB1D,HOST_CAN_0175,PASS,CN(C)c1ccc(C#N)cc1,F00B3B125A779B4E82547A15D344BF9EF0EFBEFED97B1235AF377FD0C1A186BB,GUEST_CAN_0403,PASS,3.0034435,XGB_pair,4,5
1031,3,669,OC[C@H]1O[C@@H]2O[C@@H]3[C@@H](CO)O[C@H](O[C@@H]4[C@@H](CO)O[C@H](O[C@@H]5[C@@H](CO)O[C@H](O[C@@H]6[C@@H](CO)O[C@H](O[C@@H]7[C@@H](CO)O[C@H](O[C@@H]8[C@@H](CO)O[C@H](O[C@H]1[C@H](O)[C@H]2O)[C@H](O)[C@H]8O)[C@H](O)[C@H]7O)[C@H](O)[C@H]6O)[C@H](O)[C@H]5O)[C@H](O)[C@H]4O)[C@H](O)[C@H]3O,C1=CC=C(C=C1)C(C(C2=CC=CC=C2)O)N,cyclodextrin,1.7344000339508057,OC[C@H]1O[C@@H]2O[C@H]3[C@H](O)[C@@H](O)[C@@H](O[C@H]4[C@H](O)[C@@H](O)[C@@H](O[C@H]5[C@H](O)[C@@H](O)[C@@H](O[C@H]6[C@H](O)[C@@H](O)[C@@H](O[C@H]7[C@H](O)[C@@H](O)[C@@H](O[C@H]8[C@H](O)[C@@H](O)[C@@H](O[C@H]1[C@H](O)[C@H]2O)O[C@@H]8CO)O[C@@H]7CO)O[C@@H]6CO)O[C@@H]5CO)O[C@@H]4CO)O[C@@H]3CO,22584443D9512992310760C9871E3E6BDB3EDC92006F3EF1EC94F44373907EB1,HOST_CAN_0176,PASS,NC(c1ccccc1)C(O)c1ccccc1,48146EB22B8066232453553D2479C9BB2685DF28F6646A76A6C1F4434CD76114,GUEST_CAN_0755,PASS,2.4839694,XGB_pair,4,5
1051,3,677,OC[C@H]1O[C@@H]2O[C@@H]3[C@@H](CO)O[C@H](O[C@@H]4[C@@H](CO)O[C@H](O[C@@H]5[C@@H](CO)O[C@H](O[C@@H]6[C@@H](CO)O[C@H](O[C@@H]7[C@@H](CO)O[C@H](O[C@@H]8[C@@H](CO)O[C@H](O[C@H]1[C@H](O)[C@H]2O)[C@H](O)[C@H]8O)[C@H](O)[C@H]7O)[C@H](O)[C@H]6O)[C@H](O)[C@H]5O)[C@H](O)[C@H]4O)[C@H](O)[C@H]3O,COC(=O)C(CC1=CC=CC=C1)N.Cl,cyclodextrin,1.079200029373169,OC[C@H]1O[C@@H]2O[C@H]3[C@H](O)[C@@H](O)[C@@H](O[C@H]4[C@H](O)[C@@H](O)[C@@H](O[C@H]5[C@H](O)[C@@H](O)[C@@H](O[C@H]6[C@H](O)[C@@H](O)[C@@H](O[C@H]7[C@H](O)[C@@H](O)[C@@H](O[C@H]8[C@H](O)[C@@H](O)[C@@H](O[C@H]1[C@H](O)[C@H]2O)O[C@@H]8CO)O[C@@H]7CO)O[C@@H]6CO)O[C@@H]5CO)O[C@@H]4CO)O[C@@H]3CO,22584443D9512992310760C9871E3E6BDB3EDC92006F3EF1EC94F44373907EB1,HOST_CAN_0176,PASS,COC(=O)C(N)Cc1ccccc1.Cl,5B454B834096BEA4462AF0D7BC5F9A29834DF09F8A7C6253461317B88450D71A,GUEST_CAN_0443,PASS,2.8072875,XGB_pair,4,5
1072,1,685,C1C2=CC(=CC(=C2O)CC3=CC(=CC(=C3O)CC4=C(C(=CC(=C4)S(=O)(=O)O)CC5=C(C1=CC(=C5)S(=O)(=O)O)O)O)S(=O)(=O)O)S(=O)(=O)O,CC(C)CC(C(=O)O)N,calixarene,3.0799999237060547,O=S(=O)(O)c1cc2c(O)c(c1)Cc1cc(S(=O)(=O)O)cc(c1O)Cc1cc(S(=O)(=O)O)cc(c1O)Cc1cc(S(=O)(=O)O)cc(c1O)C2,C1130CCDC8DA0C6458EF6C2E07E7F3330D8F8B055CBE4DEAADB70DC00C8CDFC1,HOST_CAN_0154,PASS,CC(C)CC(N)C(=O)O,893953F7D3D1B02F1F34388CFAC1F79FAD2BF402935FE79A4114E12FD93BE90A,GUEST_CAN_0138,PASS,2.370369,XGB_pair,4,5
1096,3,629,OC[C@H]1O[C@@H]2O[C@@H]3[C@@H](CO)O[C@H](O[C@@H]4[C@@H](CO)O[C@H](O[C@@H]5[C@@H](CO)O[C@H](O[C@@H]6[C@@H](CO)O[C@H](O[C@@H]7[C@@H](CO)O[C@H](O[C@@H]8[C@@H](CO)O[C@H](O[C@H]1[C@H](O)[C@H]2O)[C@H](O)[C@H]8O)[C@H](O)[C@H]7O)[C@H](O)[C@H]6O)[C@H](O)[C@H]5O)[C@H](O)[C@H]4O)[C@H](O)[C@H]3O,CC(CC(=O)O)C1=CC=CC=C1,cyclodextrin,2.618000030517578,OC[C@H]1O[C@@H]2O[C@H]3[C@H](O)[C@@H](O)[C@@H](O[C@H]4[C@H](O)[C@@H](O)[C@@H](O[C@H]5[C@H](O)[C@@H](O)[C@@H](O[C@H]6[C@H](O)[C@@H](O)[C@@H](O[C@H]7[C@H](O)[C@@H](O)[C@@H](O[C@H]8[C@H](O)[C@@H](O)[C@@H](O[C@H]1[C@H](O)[C@H]2O)O[C@@H]8CO)O[C@@H]7CO)O[C@@H]6CO)O[C@@H]5CO)O[C@@H]4CO)O[C@@H]3CO,22584443D9512992310760C9871E3E6BDB3EDC92006F3EF1EC94F44373907EB1,HOST_CAN_0176,PASS,CC(CC(=O)O)c1ccccc1,84936731DA143DFB043472F928EEF57FAD120A18E9FC66C78D8B6AFF4F836B2B,GUEST_CAN_0166,PASS,2.5123737,XGB_pair,4,5
1128,1,711,C1C2=CC(=CC(=C2O)CC3=CC(=CC(=C3O)CC4=C(C(=CC(=C4)S(=O)(=O)O)CC5=C(C1=CC(=C5)S(=O)(=O)O)O)O)S(=O)(=O)O)S(=O)(=O)O,C[N+](C)(C)CC1=CC=CC=C1,calixarene,4.599899768829346,O=S(=O)(O)c1cc2c(O)c(c1)Cc1cc(S(=O)(=O)O)cc(c1O)Cc1cc(S(=O)(=O)O)cc(c1O)Cc1cc(S(=O)(=O)O)cc(c1O)C2,C1130CCDC8DA0C6458EF6C2E07E7F3330D8F8B055CBE4DEAADB70DC00C8CDFC1,HOST_CAN_0154,PASS,C[N+](C)(C)Cc1ccccc1,CDE012544980E620277F4811D00218A746C0B569EA3EE49252ACF41EF67EF8BE,GUEST_CAN_0578,PASS,3.3504865,XGB_pair,4,5
1139,1,15,C1C2=CC(=CC(=C2O)CC3=CC(=CC(=C3O)CC4=C(C(=CC(=C4)S(=O)(=O)O)CC5=C(C1=CC(=C5)S(=O)(=O)O)O)O)S(=O)(=O)O)S(=O)(=O)O,[O-]C(=O)CC(C(=O)O)N,calixarene,2.7093000411987305,O=S(=O)(O)c1cc2c(O)c(c1)Cc1cc(S(=O)(=O)O)cc(c1O)Cc1cc(S(=O)(=O)O)cc(c1O)Cc1cc(S(=O)(=O)O)cc(c1O)C2,C1130CCDC8DA0C6458EF6C2E07E7F3330D8F8B055CBE4DEAADB70DC00C8CDFC1,HOST_CAN_0154,PASS,NC(CC(=O)[O-])C(=O)O,BB5F75F5A9C5B3B73A0A3B7339C8AC7150359761D5C24F8C1D742AB3AA3BCA26,GUEST_CAN_0731,PASS,1.8971964,XGB_pair,4,5
1148,3,165,OC[C@H]1O[C@@H]2O[C@@H]3[C@@H](CO)O[C@H](O[C@@H]4[C@@H](CO)O[C@H](O[C@@H]5[C@@H](CO)O[C@H](O[C@@H]6[C@@H](CO)O[C@H](O[C@@H]7[C@@H](CO)O[C@H](O[C@@H]8[C@@H](CO)O[C@H](O[C@H]1[C@H](O)[C@H]2O)[C@H](O)[C@H]8O)[C@H](O)[C@H]7O)[C@H](O)[C@H]6O)[C@H](O)[C@H]5O)[C@H](O)[C@H]4O)[C@H](O)[C@H]3O,CCCCC[NH3+],cyclodextrin,0.9031000137329102,OC[C@H]1O[C@@H]2O[C@H]3[C@H](O)[C@@H](O)[C@@H](O[C@H]4[C@H](O)[C@@H](O)[C@@H](O[C@H]5[C@H](O)[C@@H](O)[C@@H](O[C@H]6[C@H](O)[C@@H](O)[C@@H](O[C@H]7[C@H](O)[C@@H](O)[C@@H](O[C@H]8[C@H](O)[C@@H](O)[C@@H](O[C@H]1[C@H](O)[C@H]2O)O[C@@H]8CO)O[C@@H]7CO)O[C@@H]6CO)O[C@@H]5CO)O[C@@H]4CO)O[C@@H]3CO,22584443D9512992310760C9871E3E6BDB3EDC92006F3EF1EC94F44373907EB1,HOST_CAN_0176,PASS,CCCCC[NH3+],87469872E602061811AE44CAB9FD6AF6067BA08C39AA373262A49AD7E46387C5,GUEST_CAN_0307,PASS,3.5691497,XGB_pair,4,5
1152,48,719,[Na]OS(=O)(=O)CCCOc1c2CN3C(=O)N4[C@]5([C@@]3(N(Cc2c(c2c1cccc2)OCCCS(=O)(=O)O[Na])C(=O)N5CN1[C@@]2(N(C4)C(=O)N3[C@]2(C)N(C1=O)Cc1c(C3)c(OCCCS(=O)(=O)O[Na])c2c(c1OCCCS(=O)(=O)O[Na])cccc2)C)C)C,[NH3+]Cc1cccc(c1)C[NH3+].[Cl-].[Cl-],other,2.439300060272217,C[C@]12N3Cc4c(c(OCCCS(=O)(=O)[O][Na])c5ccccc5c4OCCCS(=O)(=O)[O][Na])CN1C(=O)N1CN4C(=O)N5Cc6c(c(OCCCS(=O)(=O)[O][Na])c7ccccc7c6OCCCS(=O)(=O)[O][Na])CN6C(=O)N(CN(C3=O)[C@]12C)[C@]4(C)[C@@]56C,D18B807A904C56B05E199911FB10FFB774349CC49BBD32D2EFAFF4C892BA649F,HOST_CAN_0090,PASS,[Cl-].[Cl-].[NH3+]Cc1cccc(C[NH3+])c1,3AA689D61D7DCE957AD8C4C1AF76203B5ADCC3284A07EC28B4250D2BF276B5B6,GUEST_CAN_1032,PASS,6.1570964,XGB_pair,4,5
1159,3,677,OC[C@H]1O[C@@H]2O[C@@H]3[C@@H](CO)O[C@H](O[C@@H]4[C@@H](CO)O[C@H](O[C@@H]5[C@@H](CO)O[C@H](O[C@@H]6[C@@H](CO)O[C@H](O[C@@H]7[C@@H](CO)O[C@H](O[C@@H]8[C@@H](CO)O[C@H](O[C@H]1[C@H](O)[C@H]2O)[C@H](O)[C@H]8O)[C@H](O)[C@H]7O)[C@H](O)[C@H]6O)[C@H](O)[C@H]5O)[C@H](O)[C@H]4O)[C@H](O)[C@H]3O,COC(=O)C(CC1=CC=CC=C1)N.Cl,cyclodextrin,1.0426000356674194,OC[C@H]1O[C@@H]2O[C@H]3[C@H](O)[C@@H](O)[C@@H](O[C@H]4[C@H](O)[C@@H](O)[C@@H](O[C@H]5[C@H](O)[C@@H](O)[C@@H](O[C@H]6[C@H](O)[C@@H](O)[C@@H](O[C@H]7[C@H](O)[C@@H](O)[C@@H](O[C@H]8[C@H](O)[C@@H](O)[C@@H](O[C@H]1[C@H](O)[C@H]2O)O[C@@H]8CO)O[C@@H]7CO)O[C@@H]6CO)O[C@@H]5CO)O[C@@H]4CO)O[C@@H]3CO,22584443D9512992310760C9871E3E6BDB3EDC92006F3EF1EC94F44373907EB1,HOST_CAN_0176,PASS,COC(=O)C(N)Cc1ccccc1.Cl,5B454B834096BEA4462AF0D7BC5F9A29834DF09F8A7C6253461317B88450D71A,GUEST_CAN_0443,PASS,2.8072875,XGB_pair,4,5
1168,26,50,[Li+].[Li+].B(C1=CC=CC=C1CNCC2=CC=C(C=C2)C(=O)NC3=CC(=CC(=C3)CP(=O)([O-])OC)CP(=O)([O-])OC)(O)O,C1=CC=C(C(=C1)O)O,other,1.7094000577926636,COP(=O)([O-])Cc1cc(CP(=O)([O-])OC)cc(NC(=O)c2ccc(CNCc3ccccc3B(O)O)cc2)c1.[Li+].[Li+],F42D7F8FEECED34D2A8CD9838DF697E6536F3F5A5AD106D19B9E9737F28D2790,HOST_CAN_0067,PASS,Oc1ccccc1O,D6044096AF0493CF06B8B5FDAA8C090BB98BA46AF75026C46D7FE4ACEF4715BB,GUEST_CAN_1007,PASS,2.3097432,XGB_pair,4,5
1180,1,299,C1C2=CC(=CC(=C2O)CC3=CC(=CC(=C3O)CC4=C(C(=CC(=C4)S(=O)(=O)O)CC5=C(C1=CC(=C5)S(=O)(=O)O)O)O)S(=O)(=O)O)S(=O)(=O)O,C[N+](C)(C)C,calixarene,4.649799823760986,O=S(=O)(O)c1cc2c(O)c(c1)Cc1cc(S(=O)(=O)O)cc(c1O)Cc1cc(S(=O)(=O)O)cc(c1O)Cc1cc(S(=O)(=O)O)cc(c1O)C2,C1130CCDC8DA0C6458EF6C2E07E7F3330D8F8B055CBE4DEAADB70DC00C8CDFC1,HOST_CAN_0154,PASS,C[N+](C)(C)C,4E668A15DBFB99CEF4E591194E4A7EBF203DDD98D3B5437DF2A209A639A7A83B,GUEST_CAN_0552,PASS,3.7918262,XGB_pair,4,5
1230,3,759,OC[C@H]1O[C@@H]2O[C@@H]3[C@@H](CO)O[C@H](O[C@@H]4[C@@H](CO)O[C@H](O[C@@H]5[C@@H](CO)O[C@H](O[C@@H]6[C@@H](CO)O[C@H](O[C@@H]7[C@@H](CO)O[C@H](O[C@@H]8[C@@H](CO)O[C@H](O[C@H]1[C@H](O)[C@H]2O)[C@H](O)[C@H]8O)[C@H](O)[C@H]7O)[C@H](O)[C@H]6O)[C@H](O)[C@H]5O)[C@H](O)[C@H]4O)[C@H](O)[C@H]3O,CC(CCC(=O)NCCS(=O)(=O)[O-])C1CCC2C1(C(CC3C2C(CC4C3(CCC(C4)O)C)O)O)C.[Na+],cyclodextrin,3.3603999614715576,OC[C@H]1O[C@@H]2O[C@H]3[C@H](O)[C@@H](O)[C@@H](O[C@H]4[C@H](O)[C@@H](O)[C@@H](O[C@H]5[C@H](O)[C@@H](O)[C@@H](O[C@H]6[C@H](O)[C@@H](O)[C@@H](O[C@H]7[C@H](O)[C@@H](O)[C@@H](O[C@H]8[C@H](O)[C@@H](O)[C@@H](O[C@H]1[C@H](O)[C@H]2O)O[C@@H]8CO)O[C@@H]7CO)O[C@@H]6CO)O[C@@H]5CO)O[C@@H]4CO)O[C@@H]3CO,22584443D9512992310760C9871E3E6BDB3EDC92006F3EF1EC94F44373907EB1,HOST_CAN_0176,PASS,CC(CCC(=O)NCCS(=O)(=O)[O-])C1CCC2C3C(O)CC4CC(O)CCC4(C)C3CC(O)C12C.[Na+],3E62E939F78F11C7DC524969E9A1AF26554F07532EABA61AAA8478E5B9C280F1,GUEST_CAN_0169,PASS,3.8126056,XGB_pair,4,5
1250,89,768,O[C@@H]1[C@@H](O)[C@H](O[C@@H]2[C@H](O)[C@@H](O)[C@H](O3)[C@@H](COCCCCS(=O)([O-])=O)O2)[C@@H](COCCCCS(=O)([O-])=O)O[C@@H]1O[C@H]4[C@H](O)[C@@H](O)[C@@H](O[C@@H]5[C@@H](O)[C@H](O)[C@H](O[C@@H]6[C@@H](O)[C@H](O)[C@H](O[C@@H]7[C@@H](O)[C@H](O)[C@H](O[C@@H]8[C@@H](O)[C@H](O)[C@H]3O[C@H]8COCCCCS(=O)([O-])=O)O[C@H]7COCCCCS(=O)([O-])=O)O[C@H]6COCCCCS(=O)([O-])=O)O[C@H]5COCCCCS(=O)([O-])=O)O[C@@H]4COCCCCS(=O)([O-])=O.[Na+].[Na+].[Na+].[Na+].[Na+].[Na+].[Na+],CCNC1=C(C=C2C(=C1)OC3=CC(=[NH+]CC)C(=CC3=C2C4=CC=CC=C4C(=O)OCC)C)C.[Cl-],cyclodextrin,6.805500030517578,O=S(=O)([O-])CCCCOC[C@@H]1O[C@H]2O[C@@H]3[C@@H](O)[C@H](O)[C@H](O[C@H]4[C@H](O)[C@@H](O)[C@@H](O[C@H]5[C@H](O)[C@@H](O)[C@@H](O[C@H]6[C@H](O)[C@@H](O)[C@@H](O[C@@H]7[C@@H](O)[C@H](O)[C@H](O[C@@H]8[C@@H](O)[C@H](O)[C@H](O[C@@H]1[C@@H](O)[C@@H]2O)O[C@H]8COCCCCS(=O)(=O)[O-])O[C@H]7COCCCCS(=O)(=O)[O-])O[C@@H]6COCCCCS(=O)(=O)[O-])O[C@@H]5COCCCCS(=O)(=O)[O-])O[C@@H]4COCCCCS(=O)(=O)[O-])O[C@H]3COCCCCS(=O)(=O)[O-].[Na+].[Na+].[Na+].[Na+].[Na+].[Na+].[Na+],0EF453A8FEAB2DBB346A347C51767F5C4A37ED4747250CEC0BCF3880BBC2D023,HOST_CAN_0157,PASS,CCNc1cc2oc3cc(=[NH+]CC)c(C)cc-3c(-c3ccccc3C(=O)OCC)c2cc1C.[Cl-],7747AE094C60B01CC68A562B284C6966F13F3487956DAAB5A7B13BEFB4A724EF,GUEST_CAN_0359,PASS,4.089004,XGB_pair,4,5
1258,51,772,C1N2C3C4N(C2=O)CN5C6C7N(C5=O)CN8C9C2N(C8=O)CN5C8C%10N(C5=O)CN5C%11C%12N(C5=O)CN5C%13C%14N(C5=O)CN5C%15C%16N(C5=O)CN5C%17C%18N(C5=O)CN5C%19C%20N(C5=O)CN5C%21C(N1C5=O)N1CN3C(=O)N4CN6C(=O)N7CN9C(=O)N2CN8C(=O)N%10CN%11C(=O)N%12CN%13C(=O)N%14CN%15C(=O)N%16CN%17C(=O)N%18CN%19C(=O)N%20CN%21C1=O,c1ccc2c(n1)c1ncccc1cc2.c1ccc2c(n1)c1ncccc1cc2.c1ccc2c(n1)c1ncccc1cc2.c1ccc2c(n1)c1ncccc1cc2.Cc1ccnc(c1)c1nccc(c1)CCCCCc1ccnc(c1)c1nccc(c1)C.[Ru+2][Ru+2],cucurbituril,9.278800010681152,O=C1N2CN3C(=O)N4CN5C(=O)N6CN7C(=O)N8CN9C(=O)N%10CN%11C(=O)N%12CN%13C(=O)N%14CN%15C(=O)N%16CN%17C(=O)N%18CN%19C(=O)N%20CN1C1C2N2CN%21C(=O)N(CN%22C(=O)N(CN%23C(=O)N(CN%24C(=O)N(CN%25C(=O)N(CN%26C(=O)N(CN%27C(=O)N(CN%28C(=O)N(CN%29C(=O)N(CN1C2=O)C%20C%19%29)C%18C%17%28)C%16C%15%27)C%14C%13%26)C%12C%11%25)C%10C9%24)C8C7%23)C6C5%22)C4C3%21,E6025A48DEEE6C9E6878EC627A6CB37BA95516523DC76F4BD8E7A3BC0D967C68,HOST_CAN_0142,PASS,Cc1ccnc(-c2cc(CCCCCc3ccnc(-c4cc(C)ccn4)c3)ccn2)c1.[Ru+2][Ru+2].c1cnc2c(c1)ccc1cccnc12.c1cnc2c(c1)ccc1cccnc12.c1cnc2c(c1)ccc1cccnc12.c1cnc2c(c1)ccc1cccnc12,13C1E89E3A732D55D7CBB0950AB1161328CEC40CE60ED92D5CF77A480EF6F0EF,GUEST_CAN_0673,PASS,5.492351,XGB_pair,4,5
1260,115,773,C(CCC)C1=C(C(OC2=CC(=CC=C12)N(CC)CC)=O)C=O,C(O)CN,other,0.8260999917984009,CCCCc1c(C=O)c(=O)oc2cc(N(CC)CC)ccc12,50E4CC3B42DB2A1D81BA2FCB02D3EA8F0BF1EB0B92ACDAB1C80BFBFCC39A06BB,HOST_CAN_0035,PASS,NCCO,4976275C1BA8E4AC07B8B07E746A7BCEFAAB5F668FF027903A2869511480E972,GUEST_CAN_0805,PASS,1.171362,XGB_pair,4,5
1271,120,779,C[N+]1(CCCNC=2C(C(C2NCCC[N+](CCCNC=2C(C(C2NCCC1)=O)=O)(C)C)=O)=O)C,C1=CC=C(C=C1)OP(=O)([O-])[O-].[Na+].[Na+],other,4.17609977722168,C[N+]1(C)CCCNc2c(c(=O)c2=O)NCCC[N+](C)(C)CCCNc2c(c(=O)c2=O)NCCC1,3F29B1E12479E0BB86392C3D8DF08994624174699A9651A008B42AEB1A2213D5,HOST_CAN_0097,PASS,O=P([O-])([O-])Oc1ccccc1.[Na+].[Na+],14068BA1378F4B9F71D0690A036C4EADCBF9A8C0D15AFBAAE3351B6463B80E90,GUEST_CAN_0931,PASS,4.273139,XGB_pair,4,5
1284,48,181,[Na]OS(=O)(=O)CCCOc1c2CN3C(=O)N4[C@]5([C@@]3(N(Cc2c(c2c1cccc2)OCCCS(=O)(=O)O[Na])C(=O)N5CN1[C@@]2(N(C4)C(=O)N3[C@]2(C)N(C1=O)Cc1c(C3)c(OCCCS(=O)(=O)O[Na])c2c(c1OCCCS(=O)(=O)O[Na])cccc2)C)C)C,C(CCC[NH3+])CC[NH3+].[Cl-].[Cl-],other,2.843899965286255,C[C@]12N3Cc4c(c(OCCCS(=O)(=O)[O][Na])c5ccccc5c4OCCCS(=O)(=O)[O][Na])CN1C(=O)N1CN4C(=O)N5Cc6c(c(OCCCS(=O)(=O)[O][Na])c7ccccc7c6OCCCS(=O)(=O)[O][Na])CN6C(=O)N(CN(C3=O)[C@]12C)[C@]4(C)[C@@]56C,D18B807A904C56B05E199911FB10FFB774349CC49BBD32D2EFAFF4C892BA649F,HOST_CAN_0090,PASS,[Cl-].[Cl-].[NH3+]CCCCCC[NH3+],C5972710ADEA5F593934762CCF65EB152DFF548B5145AFDEFD51BD47BE3931B7,GUEST_CAN_1029,PASS,4.955339,XGB_pair,4,5
1290,42,57,OC1=C(CC2=CC(S(=O)([O-])=O)=CC(CC(C=C3S(=O)([O-])=O)=C4OCC(N)=O)=C2O)C=C(S(=O)([O-])=O)C=C1CC5=CC(S(=O)([O-])=O)=CC(CC4=C3)=C5O,OC(=O)C1CCCN1,calixarene,2.56469988822937,NC(=O)COc1c2cc(S(=O)(=O)[O-])cc1Cc1cc(S(=O)(=O)[O-])cc(c1O)Cc1cc(S(=O)(=O)[O-])cc(c1O)Cc1cc(S(=O)(=O)[O-])cc(c1O)C2,1F2BEDA02D00DC2C1A2D3A5BD5460849E045F21D3B673D4626094BA71BDA0464,HOST_CAN_0104,PASS,O=C(O)C1CCCN1,089AB51F23001BB951B8422598AD8ED1DBAD90EB1049857FB2A03F150DA120BA,GUEST_CAN_0869,PASS,3.2268558,XGB_pair,4,5
1291,3,784,OC[C@H]1O[C@@H]2O[C@@H]3[C@@H](CO)O[C@H](O[C@@H]4[C@@H](CO)O[C@H](O[C@@H]5[C@@H](CO)O[C@H](O[C@@H]6[C@@H](CO)O[C@H](O[C@@H]7[C@@H](CO)O[C@H](O[C@@H]8[C@@H](CO)O[C@H](O[C@H]1[C@H](O)[C@H]2O)[C@H](O)[C@H]8O)[C@H](O)[C@H]7O)[C@H](O)[C@H]6O)[C@H](O)[C@H]5O)[C@H](O)[C@H]4O)[C@H](O)[C@H]3O,CN(C)C1=CC2=C(C=C1)C=C3C=CC(=CC3=N2)N(C)C,cyclodextrin,3.079200029373169,OC[C@H]1O[C@@H]2O[C@H]3[C@H](O)[C@@H](O)[C@@H](O[C@H]4[C@H](O)[C@@H](O)[C@@H](O[C@H]5[C@H](O)[C@@H](O)[C@@H](O[C@H]6[C@H](O)[C@@H](O)[C@@H](O[C@H]7[C@H](O)[C@@H](O)[C@@H](O[C@H]8[C@H](O)[C@@H](O)[C@@H](O[C@H]1[C@H](O)[C@H]2O)O[C@@H]8CO)O[C@@H]7CO)O[C@@H]6CO)O[C@@H]5CO)O[C@@H]4CO)O[C@@H]3CO,22584443D9512992310760C9871E3E6BDB3EDC92006F3EF1EC94F44373907EB1,HOST_CAN_0176,PASS,CN(C)c1ccc2cc3ccc(N(C)C)cc3nc2c1,B01660FA273EBCFE59AB1C867972962232559D4B4DCE034AA7574DC7411A7D1D,GUEST_CAN_0409,PASS,3.7237551,XGB_pair,4,5
1306,23,428,OC[C@H]1O[C@@H]2O[C@@H]3[C@@H](CO)O[C@H](O[C@@H]4[C@@H](CO)O[C@H](O[C@@H]5[C@@H](CO)O[C@H](O[C@@H]6[C@@H](CO)O[C@H](O[C@@H]7[C@@H](CO)O[C@H](O[C@H]1[C@H](O)[C@H]2O)[C@H](O)[C@H]7O)[C@H](O)[C@H]6O)[C@H](O)[C@H]5O)[C@H](O)[C@H]4O)[C@H](O)[C@H]3O,FC(S(=O)(=O)[O-])(F)F.[Na+],cyclodextrin,0.7781999707221985,OC[C@H]1O[C@@H]2O[C@H]3[C@H](O)[C@@H](O)[C@@H](O[C@H]4[C@H](O)[C@@H](O)[C@@H](O[C@H]5[C@H](O)[C@@H](O)[C@@H](O[C@H]6[C@H](O)[C@@H](O)[C@@H](O[C@H]7[C@H](O)[C@@H](O)[C@@H](O[C@H]1[C@H](O)[C@H]2O)O[C@@H]7CO)O[C@@H]6CO)O[C@@H]5CO)O[C@@H]4CO)O[C@@H]3CO,9CB41F926A4386D7C0E23599753E6EDC60802BE1DCF577DB9B32CBB20691DB1D,HOST_CAN_0175,PASS,O=S(=O)([O-])C(F)(F)F.[Na+],07342045B9C55572D8E458E5295B1D6E4E6E29B7DBCAD161C4F57723BA371812,GUEST_CAN_0933,PASS,3.0318904,XGB_pair,4,5
1362,120,807,C[N+]1(CCCNC=2C(C(C2NCCC[N+](CCCNC=2C(C(C2NCCC1)=O)=O)(C)C)=O)=O)C,S(=O)(=O)([O-])[O-].[Na+].[Na+],other,6.6894001960754395,C[N+]1(C)CCCNc2c(c(=O)c2=O)NCCC[N+](C)(C)CCCNc2c(c(=O)c2=O)NCCC1,3F29B1E12479E0BB86392C3D8DF08994624174699A9651A008B42AEB1A2213D5,HOST_CAN_0097,PASS,O=S(=O)([O-])[O-].[Na+].[Na+],649D1FBE911AD0EFDBC39910623EBD1D2961CDB16449DBB2DAEE428DE029D165,GUEST_CAN_0935,PASS,3.7370462,XGB_pair,4,5
1374,111,425,O=C(N(C)C)COC1=C(CC(C=C2S(=O)([O-])=O)=C3OCC(N(C)C)=O)C=C(S(=O)([O-])=O)C=C1CC4=C(OCC(N(C)C)=O)C(CC5=CC(S(=O)([O-])=O)=CC(CC3=C2)=C5OCC(N(C)C)=O)=CC(S(=O)([O-])=O)=C4,C[N+](C)(C)C.[Cl-],calixarene,3.5999999046325684,CN(C)C(=O)COc1c2cc(S(=O)(=O)[O-])cc1Cc1cc(S(=O)(=O)[O-])cc(c1OCC(=O)N(C)C)Cc1cc(S(=O)(=O)[O-])cc(c1OCC(=O)N(C)C)Cc1cc(S(=O)(=O)[O-])cc(c1OCC(=O)N(C)C)C2,EBFB7187E80F60EC1E9F724BF308534B41B4C33313C0B0BC1E59E4B1EEA6DE11,HOST_CAN_0049,PASS,C[N+](C)(C)C.[Cl-],97CBE1F038662B7BAAFAA36975C0625535DAE38A6F8B98279CB23B458DDA3056,GUEST_CAN_0555,PASS,2.491749,XGB_pair,4,5
1376,1,286,C1C2=CC(=CC(=C2O)CC3=CC(=CC(=C3O)CC4=C(C(=CC(=C4)S(=O)(=O)O)CC5=C(C1=CC(=C5)S(=O)(=O)O)O)O)S(=O)(=O)O)S(=O)(=O)O,C[N+](C)(C)CCO,calixarene,4.873000144958496,O=S(=O)(O)c1cc2c(O)c(c1)Cc1cc(S(=O)(=O)O)cc(c1O)Cc1cc(S(=O)(=O)O)cc(c1O)Cc1cc(S(=O)(=O)O)cc(c1O)C2,C1130CCDC8DA0C6458EF6C2E07E7F3330D8F8B055CBE4DEAADB70DC00C8CDFC1,HOST_CAN_0154,PASS,C[N+](C)(C)CCO,EE2F222C864A3340CB6DC5C1A21FDDCC9B162B0220641118D30F914132FC0AFF,GUEST_CAN_0568,PASS,3.6582189,XGB_pair,4,5
1378,23,814,OC[C@H]1O[C@@H]2O[C@@H]3[C@@H](CO)O[C@H](O[C@@H]4[C@@H](CO)O[C@H](O[C@@H]5[C@@H](CO)O[C@H](O[C@@H]6[C@@H](CO)O[C@H](O[C@@H]7[C@@H](CO)O[C@H](O[C@H]1[C@H](O)[C@H]2O)[C@H](O)[C@H]7O)[C@H](O)[C@H]6O)[C@H](O)[C@H]5O)[C@H](O)[C@H]4O)[C@H](O)[C@H]3O,CC(C(=O)[O-])CC,cyclodextrin,1.3710999488830566,OC[C@H]1O[C@@H]2O[C@H]3[C@H](O)[C@@H](O)[C@@H](O[C@H]4[C@H](O)[C@@H](O)[C@@H](O[C@H]5[C@H](O)[C@@H](O)[C@@H](O[C@H]6[C@H](O)[C@@H](O)[C@@H](O[C@H]7[C@H](O)[C@@H](O)[C@@H](O[C@H]1[C@H](O)[C@H]2O)O[C@@H]7CO)O[C@@H]6CO)O[C@@H]5CO)O[C@@H]4CO)O[C@@H]3CO,9CB41F926A4386D7C0E23599753E6EDC60802BE1DCF577DB9B32CBB20691DB1D,HOST_CAN_0175,PASS,CCC(C)C(=O)[O-],D8F6E112074C0312BC3E9416264984BE10774523FBC526A9D2D831DF1E0BE24A,GUEST_CAN_0257,PASS,2.6414497,XGB_pair,4,5
1398,3,824,OC[C@H]1O[C@@H]2O[C@@H]3[C@@H](CO)O[C@H](O[C@@H]4[C@@H](CO)O[C@H](O[C@@H]5[C@@H](CO)O[C@H](O[C@@H]6[C@@H](CO)O[C@H](O[C@@H]7[C@@H](CO)O[C@H](O[C@@H]8[C@@H](CO)O[C@H](O[C@H]1[C@H](O)[C@H]2O)[C@H](O)[C@H]8O)[C@H](O)[C@H]7O)[C@H](O)[C@H]6O)[C@H](O)[C@H]5O)[C@H](O)[C@H]4O)[C@H](O)[C@H]3O,CN(C)C(C=C1)=CC=C1C2=CN=C(C3=CC=C(S(=O)([O-])=O)C=C3)O2,cyclodextrin,3.7393999099731445,OC[C@H]1O[C@@H]2O[C@H]3[C@H](O)[C@@H](O)[C@@H](O[C@H]4[C@H](O)[C@@H](O)[C@@H](O[C@H]5[C@H](O)[C@@H](O)[C@@H](O[C@H]6[C@H](O)[C@@H](O)[C@@H](O[C@H]7[C@H](O)[C@@H](O)[C@@H](O[C@H]8[C@H](O)[C@@H](O)[C@@H](O[C@H]1[C@H](O)[C@H]2O)O[C@@H]8CO)O[C@@H]7CO)O[C@@H]6CO)O[C@@H]5CO)O[C@@H]4CO)O[C@@H]3CO,22584443D9512992310760C9871E3E6BDB3EDC92006F3EF1EC94F44373907EB1,HOST_CAN_0176,PASS,CN(C)c1ccc(-c2cnc(-c3ccc(S(=O)(=O)[O-])cc3)o2)cc1,9C25E8C7AB70A0295DF6E29A7120FF9119385CBC7EFD910E202795AEAAF1E63B,GUEST_CAN_0400,PASS,2.9381437,XGB_pair,4,5
1404,28,828,O=C1N2[C@@]3([H])[C@@]4([H])N1CC5=CC=CC=C5CN4C(N3CN(C(N6CN(C(N7CN(C(N8CC(C=CC=C9)=C9C%10)=O)[C@]([C@]8([H])N%10C%11=O)([H])N%11C%12)=O)[C@]([C@]7([H])N%12C%13=O)([H])N%13C%14)=O)[C@]([C@]6([H])N%14C%15=O)([H])N%15C2)=O,C(CCC[NH3+])CC[NH3+],other,5.204100131988525,O=C1N2Cc3ccccc3CN3C(=O)N4CN5C(=O)N6CN7C(=O)N8CN9C(=O)N%10Cc%11ccccc%11CN%11C(=O)N(CN%12C(=O)N(CN%13C(=O)N(CN1[C@H]4[C@H]32)[C@@H]5[C@H]%136)[C@@H]7[C@H]%128)[C@@H]9[C@H]%11%10,C06DBA8CB1A01AEB8337B71D87CD1B30E9CBAC6D34129CB5457249ED32FE0331,HOST_CAN_0151,PASS,[NH3+]CCCCCC[NH3+],F8B64A9C0C6C3056EB057C2D05280D91AB693D755C321785452FCBD6116BF573,GUEST_CAN_1085,PASS,6.108788,XGB_pair,4,5
1426,56,558,CC(COCC1C2C(C(C(O1)OC3C(OC(C(C3O)O)OC4C(OC(C(C4O)O)OC5C(OC(C(C5O)O)OC6C(OC(C(C6O)O)OC7C(OC(C(C7O)O)OC8C(OC(O2)C(C8O)O)COCC(C)O)COCC(C)O)COCC(C)O)COCC(C)O)COCC(C)O)COCC(C)O)O)O)O,C1=CC=C(C=C1)NC2=CC3=C(C=C2)C=C(C=C3)S(=O)(=O)[O-],cyclodextrin,3.857300043106079,CC(O)COCC1OC2OC3C(COCC(C)O)OC(OC4C(COCC(C)O)OC(OC5C(COCC(C)O)OC(OC6C(COCC(C)O)OC(OC7C(COCC(C)O)OC(OC8C(COCC(C)O)OC(OC1C(O)C2O)C(O)C8O)C(O)C7O)C(O)C6O)C(O)C5O)C(O)C4O)C(O)C3O,230541427DC92F12743008B2626A57F6159DF410C224BE8F505DFF020C17F26C,HOST_CAN_0012,PASS,O=S(=O)([O-])c1ccc2cc(Nc3ccccc3)ccc2c1,0824CC1DB2624A014F85DD652F99EC1BBB673337CABFEF6F0B2F4C09F94496B2,GUEST_CAN_0937,PASS,3.0965157,XGB_pair,4,5
1459,51,851,C1N2C3C4N(C2=O)CN5C6C7N(C5=O)CN8C9C2N(C8=O)CN5C8C%10N(C5=O)CN5C%11C%12N(C5=O)CN5C%13C%14N(C5=O)CN5C%15C%16N(C5=O)CN5C%17C%18N(C5=O)CN5C%19C%20N(C5=O)CN5C%21C(N1C5=O)N1CN3C(=O)N4CN6C(=O)N7CN9C(=O)N2CN8C(=O)N%10CN%11C(=O)N%12CN%13C(=O)N%14CN%15C(=O)N%16CN%17C(=O)N%18CN%19C(=O)N%20CN%21C1=O,C1=CC=NC(=C1)C2=CC=CC=N2.C1=CC=NC(=C1)C2=CC=CC=N2.C1=CC=NC(=C1)C2=CC=CC=N2.[Ru+2],cucurbituril,7.17609977722168,O=C1N2CN3C(=O)N4CN5C(=O)N6CN7C(=O)N8CN9C(=O)N%10CN%11C(=O)N%12CN%13C(=O)N%14CN%15C(=O)N%16CN%17C(=O)N%18CN%19C(=O)N%20CN1C1C2N2CN%21C(=O)N(CN%22C(=O)N(CN%23C(=O)N(CN%24C(=O)N(CN%25C(=O)N(CN%26C(=O)N(CN%27C(=O)N(CN%28C(=O)N(CN%29C(=O)N(CN1C2=O)C%20C%19%29)C%18C%17%28)C%16C%15%27)C%14C%13%26)C%12C%11%25)C%10C9%24)C8C7%23)C6C5%22)C4C3%21,E6025A48DEEE6C9E6878EC627A6CB37BA95516523DC76F4BD8E7A3BC0D967C68,HOST_CAN_0142,PASS,[Ru+2].c1ccc(-c2ccccn2)nc1.c1ccc(-c2ccccn2)nc1.c1ccc(-c2ccccn2)nc1,9DAE708D01FD72B43ECED746182002E4E6B82290B320197E19B6CC4850E48E7C,GUEST_CAN_1110,PASS,6.0636954,XGB_pair,4,5
1472,1,854,C1C2=CC(=CC(=C2O)CC3=CC(=CC(=C3O)CC4=C(C(=CC(=C4)S(=O)(=O)O)CC5=C(C1=CC(=C5)S(=O)(=O)O)O)O)S(=O)(=O)O)S(=O)(=O)O,[Cl-].[Dy+3].[Cl-].[Cl-],calixarene,3.880000114440918,O=S(=O)(O)c1cc2c(O)c(c1)Cc1cc(S(=O)(=O)O)cc(c1O)Cc1cc(S(=O)(=O)O)cc(c1O)Cc1cc(S(=O)(=O)O)cc(c1O)C2,C1130CCDC8DA0C6458EF6C2E07E7F3330D8F8B055CBE4DEAADB70DC00C8CDFC1,HOST_CAN_0154,PASS,[Cl-].[Cl-].[Cl-].[Dy+3],B760CA04FC6C7648DFD3E9DEBC637D467A284C1978E5A6C11CB94DD4F0813D89,GUEST_CAN_1024,PASS,4.885431,XGB_pair,4,5
1474,6,832,OC(=O)CCC1c2cc3c4cc2O[C@@H]2Oc5c1cc1c(c5)O[C@@H]5Oc6c([C@@H]1CCC(=O)O)cc1[C@H](c7cc(C3CCC(=O)O)c3O[C@H](O4)c4cc8Oc9cc(Oc%10cc2cc(c%10C(=O)O)Oc2cccc(c2)Oc2cc5cc(c2C(=O)O)Oc2cccc(c2)Oc2cc([C@@H](Oc7c3)Oc1c6)cc(Oc1cc(Oc(c4)c8C(=O)O)ccc1)c2C(=O)O)ccc9)CCC(=O)O,CC(CCC=C(C)C)CC(=O)O,other,2.5999999046325684,O=C(O)CCC1c2cc3c4cc2O[C@H]2Oc5cc6c(cc51)[C@H](CCC(=O)O)c1cc5c7cc1O[C@H](O6)c1cc6c(C(=O)O)c(c1)Oc1cccc(c1)Oc1cc8cc(c1C(=O)O)Oc1cccc(c1)Oc1cc(cc(c1C(=O)O)Oc1cccc(c1)Oc1cc2cc(c1C(=O)O)Oc1cccc(c1)O6)[C@H](O4)Oc1cc(c(cc1C3CCC(=O)O)[C@H]5CCC(=O)O)O[C@@H]8O7,9910B6C324867B78C538BC824892433086D3864FCBD7A2F3E051B7730A9D9689,HOST_CAN_0118,PASS,CC(C)=CCCC(C)CC(=O)O,9581BBEC867A175BEE0AB0944A816BAA43DC7BF55AF73275055BC9B4798AA009,GUEST_CAN_0122,PASS,5.38909,XGB_pair,4,5
1501,3,864,OC[C@H]1O[C@@H]2O[C@@H]3[C@@H](CO)O[C@H](O[C@@H]4[C@@H](CO)O[C@H](O[C@@H]5[C@@H](CO)O[C@H](O[C@@H]6[C@@H](CO)O[C@H](O[C@@H]7[C@@H](CO)O[C@H](O[C@@H]8[C@@H](CO)O[C@H](O[C@H]1[C@H](O)[C@H]2O)[C@H](O)[C@H]8O)[C@H](O)[C@H]7O)[C@H](O)[C@H]6O)[C@H](O)[C@H]5O)[C@H](O)[C@H]4O)[C@H](O)[C@H]3O,[O-]C(=O)CCCc1ccccc1,cyclodextrin,2.6384999752044678,OC[C@H]1O[C@@H]2O[C@H]3[C@H](O)[C@@H](O)[C@@H](O[C@H]4[C@H](O)[C@@H](O)[C@@H](O[C@H]5[C@H](O)[C@@H](O)[C@@H](O[C@H]6[C@H](O)[C@@H](O)[C@@H](O[C@H]7[C@H](O)[C@@H](O)[C@@H](O[C@H]8[C@H](O)[C@@H](O)[C@@H](O[C@H]1[C@H](O)[C@H]2O)O[C@@H]8CO)O[C@@H]7CO)O[C@@H]6CO)O[C@@H]5CO)O[C@@H]4CO)O[C@@H]3CO,22584443D9512992310760C9871E3E6BDB3EDC92006F3EF1EC94F44373907EB1,HOST_CAN_0176,PASS,O=C([O-])CCCc1ccccc1,BFE9B2E7B7FBCE4C733C37C425FF71F231C8FD8A77BA43C6BF0E0CA68A90E548,GUEST_CAN_0900,PASS,2.4042602,XGB_pair,4,5
1511,139,464,Oc1c2Cc3cc(N)cc(c3O)Cc3cc(cc(Cc4c(c(Cc1cc(c2)N)cc(N)c4)O)c3O)N,CCCN1c2ccccc2C(/C/1=C/C=C/1\CCCC(=C1Cl)/C=C/C1=[N+](CCC)c2c(C1(C)C)cccc2)(C)C.[I-],calixarene,4.361700057983398,Nc1cc2c(O)c(c1)Cc1cc(N)cc(c1O)Cc1cc(N)cc(c1O)Cc1cc(N)cc(c1O)C2,7B9BCC020D8A5B4E379A7C1BEC086733022832265151879189B204E269014832,HOST_CAN_0115,PASS,CCCN1/C(=C\C=C2/CCCC(/C=C/C3=[N+](CCC)c4ccccc4C3(C)C)=C2Cl)C(C)(C)c2ccccc21.[I-],C6134AC374607D29755300A057745976433909E073A85C043D920EB96147F247,GUEST_CAN_0331,PASS,4.847845,XGB_pair,4,5
1526,3,871,OC[C@H]1O[C@@H]2O[C@@H]3[C@@H](CO)O[C@H](O[C@@H]4[C@@H](CO)O[C@H](O[C@@H]5[C@@H](CO)O[C@H](O[C@@H]6[C@@H](CO)O[C@H](O[C@@H]7[C@@H](CO)O[C@H](O[C@@H]8[C@@H](CO)O[C@H](O[C@H]1[C@H](O)[C@H]2O)[C@H](O)[C@H]8O)[C@H](O)[C@H]7O)[C@H](O)[C@H]6O)[C@H](O)[C@H]5O)[C@H](O)[C@H]4O)[C@H](O)[C@H]3O,C(C)C=1C=C2C(=C(C(OC2=CC1OC)=O)C1=CC=C(O1)C(=O)OCC)O,cyclodextrin,2.845099925994873,OC[C@H]1O[C@@H]2O[C@H]3[C@H](O)[C@@H](O)[C@@H](O[C@H]4[C@H](O)[C@@H](O)[C@@H](O[C@H]5[C@H](O)[C@@H](O)[C@@H](O[C@H]6[C@H](O)[C@@H](O)[C@@H](O[C@H]7[C@H](O)[C@@H](O)[C@@H](O[C@H]8[C@H](O)[C@@H](O)[C@@H](O[C@H]1[C@H](O)[C@H]2O)O[C@@H]8CO)O[C@@H]7CO)O[C@@H]6CO)O[C@@H]5CO)O[C@@H]4CO)O[C@@H]3CO,22584443D9512992310760C9871E3E6BDB3EDC92006F3EF1EC94F44373907EB1,HOST_CAN_0176,PASS,CCOC(=O)c1ccc(-c2c(O)c3cc(CC)c(OC)cc3oc2=O)o1,01817AF5B97E1BC9B1E7B40A74674A688899A174E0405A4514A771F409FFD2FB,GUEST_CAN_0363,PASS,2.5751593,XGB_pair,4,5
1529,23,32,OC[C@H]1O[C@@H]2O[C@@H]3[C@@H](CO)O[C@H](O[C@@H]4[C@@H](CO)O[C@H](O[C@@H]5[C@@H](CO)O[C@H](O[C@@H]6[C@@H](CO)O[C@H](O[C@@H]7[C@@H](CO)O[C@H](O[C@H]1[C@H](O)[C@H]2O)[C@H](O)[C@H]7O)[C@H](O)[C@H]6O)[C@H](O)[C@H]5O)[C@H](O)[C@H]4O)[C@H](O)[C@H]3O,CCCCCC[NH3+],cyclodextrin,2.589900016784668,OC[C@H]1O[C@@H]2O[C@H]3[C@H](O)[C@@H](O)[C@@H](O[C@H]4[C@H](O)[C@@H](O)[C@@H](O[C@H]5[C@H](O)[C@@H](O)[C@@H](O[C@H]6[C@H](O)[C@@H](O)[C@@H](O[C@H]7[C@H](O)[C@@H](O)[C@@H](O[C@H]1[C@H](O)[C@H]2O)O[C@@H]7CO)O[C@@H]6CO)O[C@@H]5CO)O[C@@H]4CO)O[C@@H]3CO,9CB41F926A4386D7C0E23599753E6EDC60802BE1DCF577DB9B32CBB20691DB1D,HOST_CAN_0175,PASS,CCCCCC[NH3+],8992B28ADCBCB2D79B0755BE71A544C4402BA92BF63E66FCAFB1B7947B8EB8A1,GUEST_CAN_0300,PASS,2.7442405,XGB_pair,4,5
1531,23,85,OC[C@H]1O[C@@H]2O[C@@H]3[C@@H](CO)O[C@H](O[C@@H]4[C@@H](CO)O[C@H](O[C@@H]5[C@@H](CO)O[C@H](O[C@@H]6[C@@H](CO)O[C@H](O[C@@H]7[C@@H](CO)O[C@H](O[C@H]1[C@H](O)[C@H]2O)[C@H](O)[C@H]7O)[C@H](O)[C@H]6O)[C@H](O)[C@H]5O)[C@H](O)[C@H]4O)[C@H](O)[C@H]3O,COC1=C(C2=C[N+]3=C(C=C2C=C1)C4=CC5=C(C=C4CC3)OCO5)OC.[Cl-],cyclodextrin,1.7782000303268433,OC[C@H]1O[C@@H]2O[C@H]3[C@H](O)[C@@H](O)[C@@H](O[C@H]4[C@H](O)[C@@H](O)[C@@H](O[C@H]5[C@H](O)[C@@H](O)[C@@H](O[C@H]6[C@H](O)[C@@H](O)[C@@H](O[C@H]7[C@H](O)[C@@H](O)[C@@H](O[C@H]1[C@H](O)[C@H]2O)O[C@@H]7CO)O[C@@H]6CO)O[C@@H]5CO)O[C@@H]4CO)O[C@@H]3CO,9CB41F926A4386D7C0E23599753E6EDC60802BE1DCF577DB9B32CBB20691DB1D,HOST_CAN_0175,PASS,COc1ccc2cc3[n+](cc2c1OC)CCc1cc2c(cc1-3)OCO2.[Cl-],2002F700467546FC920CE9A91096FEE4BBFBC89B967D34B7A6F925905277E3AF,GUEST_CAN_0500,PASS,3.5446188,XGB_pair,4,5
1533,3,874,OC[C@H]1O[C@@H]2O[C@@H]3[C@@H](CO)O[C@H](O[C@@H]4[C@@H](CO)O[C@H](O[C@@H]5[C@@H](CO)O[C@H](O[C@@H]6[C@@H](CO)O[C@H](O[C@@H]7[C@@H](CO)O[C@H](O[C@@H]8[C@@H](CO)O[C@H](O[C@H]1[C@H](O)[C@H]2O)[C@H](O)[C@H]8O)[C@H](O)[C@H]7O)[C@H](O)[C@H]6O)[C@H](O)[C@H]5O)[C@H](O)[C@H]4O)[C@H](O)[C@H]3O,C1=CC=C(C=C1)CC(C(=O)N)N,cyclodextrin,2.004300117492676,OC[C@H]1O[C@@H]2O[C@H]3[C@H](O)[C@@H](O)[C@@H](O[C@H]4[C@H](O)[C@@H](O)[C@@H](O[C@H]5[C@H](O)[C@@H](O)[C@@H](O[C@H]6[C@H](O)[C@@H](O)[C@@H](O[C@H]7[C@H](O)[C@@H](O)[C@@H](O[C@H]8[C@H](O)[C@@H](O)[C@@H](O[C@H]1[C@H](O)[C@H]2O)O[C@@H]8CO)O[C@@H]7CO)O[C@@H]6CO)O[C@@H]5CO)O[C@@H]4CO)O[C@@H]3CO,22584443D9512992310760C9871E3E6BDB3EDC92006F3EF1EC94F44373907EB1,HOST_CAN_0176,PASS,NC(=O)C(N)Cc1ccccc1,378D50B2C32B467D72AB4DCB176B3195E9B4AEBD99624E3D08AFB21381FA9226,GUEST_CAN_0724,PASS,2.270122,XGB_pair,4,5
1540,1,243,C1C2=CC(=CC(=C2O)CC3=CC(=CC(=C3O)CC4=C(C(=CC(=C4)S(=O)(=O)O)CC5=C(C1=CC(=C5)S(=O)(=O)O)O)O)S(=O)(=O)O)S(=O)(=O)O,Cl[Yb](Cl)Cl,calixarene,3.809999942779541,O=S(=O)(O)c1cc2c(O)c(c1)Cc1cc(S(=O)(=O)O)cc(c1O)Cc1cc(S(=O)(=O)O)cc(c1O)Cc1cc(S(=O)(=O)O)cc(c1O)C2,C1130CCDC8DA0C6458EF6C2E07E7F3330D8F8B055CBE4DEAADB70DC00C8CDFC1,HOST_CAN_0154,PASS,[Cl][Yb]([Cl])[Cl],59CFD47D9F207EC2824B835E6D02D9135A48C726F605678F4A01D79FC70A9A4A,GUEST_CAN_1048,PASS,3.9337826,XGB_pair,4,5
1547,3,412,OC[C@H]1O[C@@H]2O[C@@H]3[C@@H](CO)O[C@H](O[C@@H]4[C@@H](CO)O[C@H](O[C@@H]5[C@@H](CO)O[C@H](O[C@@H]6[C@@H](CO)O[C@H](O[C@@H]7[C@@H](CO)O[C@H](O[C@@H]8[C@@H](CO)O[C@H](O[C@H]1[C@H](O)[C@H]2O)[C@H](O)[C@H]8O)[C@H](O)[C@H]7O)[C@H](O)[C@H]6O)[C@H](O)[C@H]5O)[C@H](O)[C@H]4O)[C@H](O)[C@H]3O,C1=CC=C(C=C1)C(CO)O,cyclodextrin,1.7972999811172485,OC[C@H]1O[C@@H]2O[C@H]3[C@H](O)[C@@H](O)[C@@H](O[C@H]4[C@H](O)[C@@H](O)[C@@H](O[C@H]5[C@H](O)[C@@H](O)[C@@H](O[C@H]6[C@H](O)[C@@H](O)[C@@H](O[C@H]7[C@H](O)[C@@H](O)[C@@H](O[C@H]8[C@H](O)[C@@H](O)[C@@H](O[C@H]1[C@H](O)[C@H]2O)O[C@@H]8CO)O[C@@H]7CO)O[C@@H]6CO)O[C@@H]5CO)O[C@@H]4CO)O[C@@H]3CO,22584443D9512992310760C9871E3E6BDB3EDC92006F3EF1EC94F44373907EB1,HOST_CAN_0176,PASS,OCC(O)c1ccccc1,9103E594C120BB85413A67B43648D2E5A074C67648633BFF8AF83985259A36F6,GUEST_CAN_0968,PASS,2.3153625,XGB_pair,4,5
1551,3,395,OC[C@H]1O[C@@H]2O[C@@H]3[C@@H](CO)O[C@H](O[C@@H]4[C@@H](CO)O[C@H](O[C@@H]5[C@@H](CO)O[C@H](O[C@@H]6[C@@H](CO)O[C@H](O[C@@H]7[C@@H](CO)O[C@H](O[C@@H]8[C@@H](CO)O[C@H](O[C@H]1[C@H](O)[C@H]2O)[C@H](O)[C@H]8O)[C@H](O)[C@H]7O)[C@H](O)[C@H]6O)[C@H](O)[C@H]5O)[C@H](O)[C@H]4O)[C@H](O)[C@H]3O,CC(C(=O)O)NC(=O)OCC1=CC=CC=C1,cyclodextrin,2.1731998920440674,OC[C@H]1O[C@@H]2O[C@H]3[C@H](O)[C@@H](O)[C@@H](O[C@H]4[C@H](O)[C@@H](O)[C@@H](O[C@H]5[C@H](O)[C@@H](O)[C@@H](O[C@H]6[C@H](O)[C@@H](O)[C@@H](O[C@H]7[C@H](O)[C@@H](O)[C@@H](O[C@H]8[C@H](O)[C@@H](O)[C@@H](O[C@H]1[C@H](O)[C@H]2O)O[C@@H]8CO)O[C@@H]7CO)O[C@@H]6CO)O[C@@H]5CO)O[C@@H]4CO)O[C@@H]3CO,22584443D9512992310760C9871E3E6BDB3EDC92006F3EF1EC94F44373907EB1,HOST_CAN_0176,PASS,CC(NC(=O)OCc1ccccc1)C(=O)O,905C941D3A1920DB89C53AFB74AEE93B72889F50B4B15485967A9F749F5BEE34,GUEST_CAN_0188,PASS,2.4454157,XGB_pair,4,5
1593,1,255,C1C2=CC(=CC(=C2O)CC3=CC(=CC(=C3O)CC4=C(C(=CC(=C4)S(=O)(=O)O)CC5=C(C1=CC(=C5)S(=O)(=O)O)O)O)S(=O)(=O)O)S(=O)(=O)O,CCN1C=C(C(=O)C2=CC(=C(C=C21)N3CCNCC3)F)C(=O)O,calixarene,4.075500011444092,O=S(=O)(O)c1cc2c(O)c(c1)Cc1cc(S(=O)(=O)O)cc(c1O)Cc1cc(S(=O)(=O)O)cc(c1O)Cc1cc(S(=O)(=O)O)cc(c1O)C2,C1130CCDC8DA0C6458EF6C2E07E7F3330D8F8B055CBE4DEAADB70DC00C8CDFC1,HOST_CAN_0154,PASS,CCn1cc(C(=O)O)c(=O)c2cc(F)c(N3CCNCC3)cc21,51A13D1B35CE84294FAFDDC991735A9C36D89C1EB8D5241A29415246F6566D08,GUEST_CAN_0386,PASS,3.7651134,XGB_pair,4,5
1609,93,50,B(C1=CC=CC=C1CN(C)CC2=C3C=CC=CC3=CC4=CC=CC=C42)(O)O,C1=CC=C(C(=C1)O)O,other,3.307499885559082,CN(Cc1ccccc1B(O)O)Cc1c2ccccc2cc2ccccc12,9825767B9F0751EB9842923F025CD2CC724B335E584E46D5C77C9CA19EF79BB5,HOST_CAN_0052,PASS,Oc1ccccc1O,D6044096AF0493CF06B8B5FDAA8C090BB98BA46AF75026C46D7FE4ACEF4715BB,GUEST_CAN_1007,PASS,3.0777245,XGB_pair,4,5
1612,1,106,C1C2=CC(=CC(=C2O)CC3=CC(=CC(=C3O)CC4=C(C(=CC(=C4)S(=O)(=O)O)CC5=C(C1=CC(=C5)S(=O)(=O)O)O)O)S(=O)(=O)O)S(=O)(=O)O,CC1(C2CCC1(C(=O)C2)C)C,calixarene,2.8129000663757324,O=S(=O)(O)c1cc2c(O)c(c1)Cc1cc(S(=O)(=O)O)cc(c1O)Cc1cc(S(=O)(=O)O)cc(c1O)Cc1cc(S(=O)(=O)O)cc(c1O)C2,C1130CCDC8DA0C6458EF6C2E07E7F3330D8F8B055CBE4DEAADB70DC00C8CDFC1,HOST_CAN_0154,PASS,CC12CCC(CC1=O)C2(C)C,E24F935BD21DA0C5862F5F2938AB9A4C9205A66880F3E5382749307F674BBBCE,GUEST_CAN_0230,PASS,2.523081,XGB_pair,4,5
1623,3,903,OC[C@H]1O[C@@H]2O[C@@H]3[C@@H](CO)O[C@H](O[C@@H]4[C@@H](CO)O[C@H](O[C@@H]5[C@@H](CO)O[C@H](O[C@@H]6[C@@H](CO)O[C@H](O[C@@H]7[C@@H](CO)O[C@H](O[C@@H]8[C@@H](CO)O[C@H](O[C@H]1[C@H](O)[C@H]2O)[C@H](O)[C@H]8O)[C@H](O)[C@H]7O)[C@H](O)[C@H]6O)[C@H](O)[C@H]5O)[C@H](O)[C@H]4O)[C@H](O)[C@H]3O,CC(CCC1=CC=CC=C1)N,cyclodextrin,2.274199962615967,OC[C@H]1O[C@@H]2O[C@H]3[C@H](O)[C@@H](O)[C@@H](O[C@H]4[C@H](O)[C@@H](O)[C@@H](O[C@H]5[C@H](O)[C@@H](O)[C@@H](O[C@H]6[C@H](O)[C@@H](O)[C@@H](O[C@H]7[C@H](O)[C@@H](O)[C@@H](O[C@H]8[C@H](O)[C@@H](O)[C@@H](O[C@H]1[C@H](O)[C@H]2O)O[C@@H]8CO)O[C@@H]7CO)O[C@@H]6CO)O[C@@H]5CO)O[C@@H]4CO)O[C@@H]3CO,22584443D9512992310760C9871E3E6BDB3EDC92006F3EF1EC94F44373907EB1,HOST_CAN_0176,PASS,CC(N)CCc1ccccc1,EDD609AF8DD017C8304B7D021993B9DDD6EEFBF7B9CD027CFEE9688E8610AAF3,GUEST_CAN_0184,PASS,2.0819724,XGB_pair,4,5
1628,3,905,OC[C@H]1O[C@@H]2O[C@@H]3[C@@H](CO)O[C@H](O[C@@H]4[C@@H](CO)O[C@H](O[C@@H]5[C@@H](CO)O[C@H](O[C@@H]6[C@@H](CO)O[C@H](O[C@@H]7[C@@H](CO)O[C@H](O[C@@H]8[C@@H](CO)O[C@H](O[C@H]1[C@H](O)[C@H]2O)[C@H](O)[C@H]8O)[C@H](O)[C@H]7O)[C@H](O)[C@H]6O)[C@H](O)[C@H]5O)[C@H](O)[C@H]4O)[C@H](O)[C@H]3O,[O-]C(=O)Cc1ccc(cc1)C,cyclodextrin,1.6064000129699707,OC[C@H]1O[C@@H]2O[C@H]3[C@H](O)[C@@H](O)[C@@H](O[C@H]4[C@H](O)[C@@H](O)[C@@H](O[C@H]5[C@H](O)[C@@H](O)[C@@H](O[C@H]6[C@H](O)[C@@H](O)[C@@H](O[C@H]7[C@H](O)[C@@H](O)[C@@H](O[C@H]8[C@H](O)[C@@H](O)[C@@H](O[C@H]1[C@H](O)[C@H]2O)O[C@@H]8CO)O[C@@H]7CO)O[C@@H]6CO)O[C@@H]5CO)O[C@@H]4CO)O[C@@H]3CO,22584443D9512992310760C9871E3E6BDB3EDC92006F3EF1EC94F44373907EB1,HOST_CAN_0176,PASS,Cc1ccc(CC(=O)[O-])cc1,76CD6F93F5AC11A4656AE70BE5EB86D7B9323AA38F3EF1263B5AC76F366FC27F,GUEST_CAN_0657,PASS,2.446457,XGB_pair,4,5
1629,3,906,OC[C@H]1O[C@@H]2O[C@@H]3[C@@H](CO)O[C@H](O[C@@H]4[C@@H](CO)O[C@H](O[C@@H]5[C@@H](CO)O[C@H](O[C@@H]6[C@@H](CO)O[C@H](O[C@@H]7[C@@H](CO)O[C@H](O[C@@H]8[C@@H](CO)O[C@H](O[C@H]1[C@H](O)[C@H]2O)[C@H](O)[C@H]8O)[C@H](O)[C@H]7O)[C@H](O)[C@H]6O)[C@H](O)[C@H]5O)[C@H](O)[C@H]4O)[C@H](O)[C@H]3O,O=C(C1=CC2=C(C=C1)SC3=CC=CC=C3O2)O,cyclodextrin,3.527400016784668,OC[C@H]1O[C@@H]2O[C@H]3[C@H](O)[C@@H](O)[C@@H](O[C@H]4[C@H](O)[C@@H](O)[C@@H](O[C@H]5[C@H](O)[C@@H](O)[C@@H](O[C@H]6[C@H](O)[C@@H](O)[C@@H](O[C@H]7[C@H](O)[C@@H](O)[C@@H](O[C@H]8[C@H](O)[C@@H](O)[C@@H](O[C@H]1[C@H](O)[C@H]2O)O[C@@H]8CO)O[C@@H]7CO)O[C@@H]6CO)O[C@@H]5CO)O[C@@H]4CO)O[C@@H]3CO,22584443D9512992310760C9871E3E6BDB3EDC92006F3EF1EC94F44373907EB1,HOST_CAN_0176,PASS,O=C(O)c1ccc2c(c1)Oc1ccccc1S2,F57F57DF7F7C3B9DC217F8893FE29B88B5370539887A75BA9FFEC220318E7B42,GUEST_CAN_0886,PASS,3.394876,XGB_pair,4,5
1644,48,912,[Na]OS(=O)(=O)CCCOc1c2CN3C(=O)N4[C@]5([C@@]3(N(Cc2c(c2c1cccc2)OCCCS(=O)(=O)O[Na])C(=O)N5CN1[C@@]2(N(C4)C(=O)N3[C@]2(C)N(C1=O)Cc1c(C3)c(OCCCS(=O)(=O)O[Na])c2c(c1OCCCS(=O)(=O)O[Na])cccc2)C)C)C,Cc1ccc2c(c1)sc([n+]2C)c1ccc(cc1)N(C)C.[Cl-],other,5.14300012588501,C[C@]12N3Cc4c(c(OCCCS(=O)(=O)[O][Na])c5ccccc5c4OCCCS(=O)(=O)[O][Na])CN1C(=O)N1CN4C(=O)N5Cc6c(c(OCCCS(=O)(=O)[O][Na])c7ccccc7c6OCCCS(=O)(=O)[O][Na])CN6C(=O)N(CN(C3=O)[C@]12C)[C@]4(C)[C@@]56C,D18B807A904C56B05E199911FB10FFB774349CC49BBD32D2EFAFF4C892BA649F,HOST_CAN_0090,PASS,Cc1ccc2c(c1)sc(-c1ccc(N(C)C)cc1)[n+]2C.[Cl-],59661591AF56235C54776FEF326381E52912264AEC9EB61F4C08C6E57753BD25,GUEST_CAN_0664,PASS,4.8693047,XGB_pair,4,5
1652,3,874,OC[C@H]1O[C@@H]2O[C@@H]3[C@@H](CO)O[C@H](O[C@@H]4[C@@H](CO)O[C@H](O[C@@H]5[C@@H](CO)O[C@H](O[C@@H]6[C@@H](CO)O[C@H](O[C@@H]7[C@@H](CO)O[C@H](O[C@@H]8[C@@H](CO)O[C@H](O[C@H]1[C@H](O)[C@H]2O)[C@H](O)[C@H]8O)[C@H](O)[C@H]7O)[C@H](O)[C@H]6O)[C@H](O)[C@H]5O)[C@H](O)[C@H]4O)[C@H](O)[C@H]3O,C1=CC=C(C=C1)CC(C(=O)N)N,cyclodextrin,2.037400007247925,OC[C@H]1O[C@@H]2O[C@H]3[C@H](O)[C@@H](O)[C@@H](O[C@H]4[C@H](O)[C@@H](O)[C@@H](O[C@H]5[C@H](O)[C@@H](O)[C@@H](O[C@H]6[C@H](O)[C@@H](O)[C@@H](O[C@H]7[C@H](O)[C@@H](O)[C@@H](O[C@H]8[C@H](O)[C@@H](O)[C@@H](O[C@H]1[C@H](O)[C@H]2O)O[C@@H]8CO)O[C@@H]7CO)O[C@@H]6CO)O[C@@H]5CO)O[C@@H]4CO)O[C@@H]3CO,22584443D9512992310760C9871E3E6BDB3EDC92006F3EF1EC94F44373907EB1,HOST_CAN_0176,PASS,NC(=O)C(N)Cc1ccccc1,378D50B2C32B467D72AB4DCB176B3195E9B4AEBD99624E3D08AFB21381FA9226,GUEST_CAN_0724,PASS,2.270122,XGB_pair,4,5
1659,3,386,OC[C@H]1O[C@@H]2O[C@@H]3[C@@H](CO)O[C@H](O[C@@H]4[C@@H](CO)O[C@H](O[C@@H]5[C@@H](CO)O[C@H](O[C@@H]6[C@@H](CO)O[C@H](O[C@@H]7[C@@H](CO)O[C@H](O[C@@H]8[C@@H](CO)O[C@H](O[C@H]1[C@H](O)[C@H]2O)[C@H](O)[C@H]8O)[C@H](O)[C@H]7O)[C@H](O)[C@H]6O)[C@H](O)[C@H]5O)[C@H](O)[C@H]4O)[C@H](O)[C@H]3O,COC1=C(C2=C[N+]3=C(C=C2C=C1)C4=CC(=C(C=C4CC3)OC)OC)OC,cyclodextrin,2.7987000942230225,OC[C@H]1O[C@@H]2O[C@H]3[C@H](O)[C@@H](O)[C@@H](O[C@H]4[C@H](O)[C@@H](O)[C@@H](O[C@H]5[C@H](O)[C@@H](O)[C@@H](O[C@H]6[C@H](O)[C@@H](O)[C@@H](O[C@H]7[C@H](O)[C@@H](O)[C@@H](O[C@H]8[C@H](O)[C@@H](O)[C@@H](O[C@H]1[C@H](O)[C@H]2O)O[C@@H]8CO)O[C@@H]7CO)O[C@@H]6CO)O[C@@H]5CO)O[C@@H]4CO)O[C@@H]3CO,22584443D9512992310760C9871E3E6BDB3EDC92006F3EF1EC94F44373907EB1,HOST_CAN_0176,PASS,COc1cc2c(cc1OC)-c1cc3ccc(OC)c(OC)c3c[n+]1CC2,C080DC3D5F5CA09533B45EC4B15FBD65AFCA0AAB4061BC0856C81B961E60811F,GUEST_CAN_0479,PASS,3.2200825,XGB_pair,4,5
1670,81,544,[Na]OS(=O)(=O)CCCOc1c2CN3C(=O)N4[C@]5([C@@]3(N(Cc2c(c2c1cccc2)OCCCS(=O)(=O)O[Na])C(=O)N5CN1[C@@H]2N(C4)C(=O)N3[C@@H]2N(C1=O)CN1[C@@]2(N(C3)C(=O)N3[C@]2(C)N(C1=O)Cc1c(C3)c(OCCCS(=O)(=O)O[Na])c2c(c1OCCCS(=O)(=O)O[Na])cccc2)C)C)C,C1CN(CCN1CCC2=C(C=C3C(=C2)CC(=O)N3)Cl)C4=NSC5=CC=CC=C54,other,3.9911999702453613,C[C@]12N3Cc4c(c(OCCCS(=O)(=O)[O][Na])c5ccccc5c4OCCCS(=O)(=O)[O][Na])CN1C(=O)N1CN4C(=O)N5CN6C(=O)N7Cc8c(c(OCCCS(=O)(=O)[O][Na])c9ccccc9c8OCCCS(=O)(=O)[O][Na])CN8C(=O)N(CN9C(=O)N(CN(C3=O)[C@]12C)[C@@H]4[C@H]95)[C@]6(C)[C@@]78C,1051D36AAACAE48FD5F1E66929B325E14F767999AA707E5010C4574020990EA7,HOST_CAN_0089,PASS,O=C1Cc2cc(CCN3CCN(c4nsc5ccccc45)CC3)c(Cl)cc2N1,5C29CDC659AEEDE5E084EE663C3DDDAF5EC9373DB128425FD8B71EF81BA66DC6,GUEST_CAN_0920,PASS,5.898849,XGB_pair,4,5
1685,101,926,CC12C3(N4CN5C6C7N(C5=O)CN8C9C5N(C8=O)CN8C(=O)N%10CC%11=C(C=CC%12=C%11C(=C(C=C%12)OCCCS(=O)(=O)[O-])CN%11C%10(C8(N(C%11=O)CN5C(=O)N9CN7C(=O)N6CN3C(=O)N1CC1=C(C=CC3=C1C(=C(C=C3)OCCCS(=O)(=O)[O-])CN2C4=O)OCCCS(=O)(=O)[O-])C)C)OCCCS(=O)(=O)[O-])C.[Na+].[Na+].[Na+].[Na+],CNC(=C[N+](=O)[O-])NCCSCC1=CSC(=N1)CN(C)C,cucurbituril,4.477099895477295,CC12N3Cc4c(OCCCS(=O)(=O)[O-])ccc5ccc(OCCCS(=O)(=O)[O-])c(c45)CN1C(=O)N1CN4C(=O)N5CN6C(=O)N7CN8C(=O)N9Cc%10c(OCCCS(=O)(=O)[O-])ccc%11ccc(OCCCS(=O)(=O)[O-])c(c%10%11)CN%10C(=O)N(CN%11C(=O)N(CN%12C(=O)N(CN(C3=O)C12C)C4C%125)C6C%117)C8(C)C%109C.[Na+].[Na+].[Na+].[Na+],D06B992717C42348D2028871BE8CF32C393DC5D34135FC7CB387827D0E760D24,HOST_CAN_0017,PASS,CNC(=C[N+](=O)[O-])NCCSCc1csc(CN(C)C)n1,77FD15762F710BB622F6044D2B0708A212C6F4573911BAFFA74E6756D0FB8543,GUEST_CAN_0424,PASS,4.966361,XGB_pair,4,5
1697,51,930,C1N2C3C4N(C2=O)CN5C6C7N(C5=O)CN8C9C2N(C8=O)CN5C8C%10N(C5=O)CN5C%11C%12N(C5=O)CN5C%13C%14N(C5=O)CN5C%15C%16N(C5=O)CN5C%17C%18N(C5=O)CN5C%19C%20N(C5=O)CN5C%21C(N1C5=O)N1CN3C(=O)N4CN6C(=O)N7CN9C(=O)N2CN8C(=O)N%10CN%11C(=O)N%12CN%13C(=O)N%14CN%15C(=O)N%16CN%17C(=O)N%18CN%19C(=O)N%20CN%21C1=O,c1ccc(nc1)c1ccccn1.CCCC[NH2+]Cc1ccc(cc1)c1ccccn1.CCCC[NH2+]Cc1ccc(cc1)c1ccccn1.[Ir+],cucurbituril,6.698999881744385,O=C1N2CN3C(=O)N4CN5C(=O)N6CN7C(=O)N8CN9C(=O)N%10CN%11C(=O)N%12CN%13C(=O)N%14CN%15C(=O)N%16CN%17C(=O)N%18CN%19C(=O)N%20CN1C1C2N2CN%21C(=O)N(CN%22C(=O)N(CN%23C(=O)N(CN%24C(=O)N(CN%25C(=O)N(CN%26C(=O)N(CN%27C(=O)N(CN%28C(=O)N(CN%29C(=O)N(CN1C2=O)C%20C%19%29)C%18C%17%28)C%16C%15%27)C%14C%13%26)C%12C%11%25)C%10C9%24)C8C7%23)C6C5%22)C4C3%21,E6025A48DEEE6C9E6878EC627A6CB37BA95516523DC76F4BD8E7A3BC0D967C68,HOST_CAN_0142,PASS,CCCC[NH2+]Cc1ccc(-c2ccccn2)cc1.CCCC[NH2+]Cc1ccc(-c2ccccn2)cc1.[Ir+].c1ccc(-c2ccccn2)nc1,B1AA0B3584E5F63FFB08CA7B07C52DB7EF487DA693B5E48E87666F15B946D977,GUEST_CAN_0321,PASS,6.398265,XGB_pair,4,5
1713,25,942,CCCOc1c2Cc3cc(cc(c3OCCC)Cc3cc(cc(Cc4c(c(Cc1cc(c2)P(=O)(O)O)cc(c4)P(=O)(O)O)OCCC)c3OCCC)P(=O)(O)O)P(=O)(O)O,C1=CC=C(C(=C1)N)N.Cl.Cl,calixarene,1.0,CCCOc1c2cc(P(=O)(O)O)cc1Cc1cc(P(=O)(O)O)cc(c1OCCC)Cc1cc(P(=O)(O)O)cc(c1OCCC)Cc1cc(P(=O)(O)O)cc(c1OCCC)C2,C043E79A34829EDDBE86C6FC09E756E7D0FDCE1A2BB383803C5CAA52B9480850,HOST_CAN_0037,PASS,Cl.Cl.Nc1ccccc1N,2C92DDC7C6C053794C28C95C42283694C83ACF3616581E38869D1D17B25EF2B5,GUEST_CAN_0681,PASS,2.1830323,XGB_pair,4,5
1714,3,943,OC[C@H]1O[C@@H]2O[C@@H]3[C@@H](CO)O[C@H](O[C@@H]4[C@@H](CO)O[C@H](O[C@@H]5[C@@H](CO)O[C@H](O[C@@H]6[C@@H](CO)O[C@H](O[C@@H]7[C@@H](CO)O[C@H](O[C@@H]8[C@@H](CO)O[C@H](O[C@H]1[C@H](O)[C@H]2O)[C@H](O)[C@H]8O)[C@H](O)[C@H]7O)[C@H](O)[C@H]6O)[C@H](O)[C@H]5O)[C@H](O)[C@H]4O)[C@H](O)[C@H]3O,C[C@@H]1CC[C@H](CC1)O,cyclodextrin,3.328399896621704,OC[C@H]1O[C@@H]2O[C@H]3[C@H](O)[C@@H](O)[C@@H](O[C@H]4[C@H](O)[C@@H](O)[C@@H](O[C@H]5[C@H](O)[C@@H](O)[C@@H](O[C@H]6[C@H](O)[C@@H](O)[C@@H](O[C@H]7[C@H](O)[C@@H](O)[C@@H](O[C@H]8[C@H](O)[C@@H](O)[C@@H](O[C@H]1[C@H](O)[C@H]2O)O[C@@H]8CO)O[C@@H]7CO)O[C@@H]6CO)O[C@@H]5CO)O[C@@H]4CO)O[C@@H]3CO,22584443D9512992310760C9871E3E6BDB3EDC92006F3EF1EC94F44373907EB1,HOST_CAN_0176,PASS,C[C@H]1CC[C@H](O)CC1,93F6717A993242215ED7AE070CC1770E3B9670346C0B2E209A9C9DE36DFD12FF,GUEST_CAN_0549,PASS,2.3934224,XGB_pair,4,5
1738,168,425,CCOCCOc1c2Cc3cc(cc(c3O)Cc3cc(cc(Cc4c(c(Cc1cc(c2)S(=O)(=O)O)cc(c4)S(=O)(=O)O)O)c3OCCOCC)S(=O)(=O)O)S(=O)(=O)O,C[N+](C)(C)C.[Cl-],calixarene,2.5999999046325684,CCOCCOc1c2cc(S(=O)(=O)O)cc1Cc1cc(S(=O)(=O)O)cc(c1O)Cc1cc(S(=O)(=O)O)cc(c1OCCOCC)Cc1cc(S(=O)(=O)O)cc(c1O)C2,13C56BD80BCA0600A856097F06CE3050B87D596632145A959878353EAE517E67,HOST_CAN_0044,PASS,C[N+](C)(C)C.[Cl-],97CBE1F038662B7BAAFAA36975C0625535DAE38A6F8B98279CB23B458DDA3056,GUEST_CAN_0555,PASS,2.769951,XGB_pair,4,5
1767,3,629,OC[C@H]1O[C@@H]2O[C@@H]3[C@@H](CO)O[C@H](O[C@@H]4[C@@H](CO)O[C@H](O[C@@H]5[C@@H](CO)O[C@H](O[C@@H]6[C@@H](CO)O[C@H](O[C@@H]7[C@@H](CO)O[C@H](O[C@@H]8[C@@H](CO)O[C@H](O[C@H]1[C@H](O)[C@H]2O)[C@H](O)[C@H]8O)[C@H](O)[C@H]7O)[C@H](O)[C@H]6O)[C@H](O)[C@H]5O)[C@H](O)[C@H]4O)[C@H](O)[C@H]3O,CC(CC(=O)O)C1=CC=CC=C1,cyclodextrin,2.6033999919891357,OC[C@H]1O[C@@H]2O[C@H]3[C@H](O)[C@@H](O)[C@@H](O[C@H]4[C@H](O)[C@@H](O)[C@@H](O[C@H]5[C@H](O)[C@@H](O)[C@@H](O[C@H]6[C@H](O)[C@@H](O)[C@@H](O[C@H]7[C@H](O)[C@@H](O)[C@@H](O[C@H]8[C@H](O)[C@@H](O)[C@@H](O[C@H]1[C@H](O)[C@H]2O)O[C@@H]8CO)O[C@@H]7CO)O[C@@H]6CO)O[C@@H]5CO)O[C@@H]4CO)O[C@@H]3CO,22584443D9512992310760C9871E3E6BDB3EDC92006F3EF1EC94F44373907EB1,HOST_CAN_0176,PASS,CC(CC(=O)O)c1ccccc1,84936731DA143DFB043472F928EEF57FAD120A18E9FC66C78D8B6AFF4F836B2B,GUEST_CAN_0166,PASS,2.5123737,XGB_pair,4,5
1781,3,969,OC[C@H]1O[C@@H]2O[C@@H]3[C@@H](CO)O[C@H](O[C@@H]4[C@@H](CO)O[C@H](O[C@@H]5[C@@H](CO)O[C@H](O[C@@H]6[C@@H](CO)O[C@H](O[C@@H]7[C@@H](CO)O[C@H](O[C@@H]8[C@@H](CO)O[C@H](O[C@H]1[C@H](O)[C@H]2O)[C@H](O)[C@H]8O)[C@H](O)[C@H]7O)[C@H](O)[C@H]6O)[C@H](O)[C@H]5O)[C@H](O)[C@H]4O)[C@H](O)[C@H]3O,CC(C)C1=CC=C(C=C1)O,cyclodextrin,3.1721999645233154,OC[C@H]1O[C@@H]2O[C@H]3[C@H](O)[C@@H](O)[C@@H](O[C@H]4[C@H](O)[C@@H](O)[C@@H](O[C@H]5[C@H](O)[C@@H](O)[C@@H](O[C@H]6[C@H](O)[C@@H](O)[C@@H](O[C@H]7[C@H](O)[C@@H](O)[C@@H](O[C@H]8[C@H](O)[C@@H](O)[C@@H](O[C@H]1[C@H](O)[C@H]2O)O[C@@H]8CO)O[C@@H]7CO)O[C@@H]6CO)O[C@@H]5CO)O[C@@H]4CO)O[C@@H]3CO,22584443D9512992310760C9871E3E6BDB3EDC92006F3EF1EC94F44373907EB1,HOST_CAN_0176,PASS,CC(C)c1ccc(O)cc1,7958C50895C8C066C54AFADBFA00764D4AB338FF96B651DDF5CB93A825175342,GUEST_CAN_0165,PASS,2.807063,XGB_pair,4,5
1805,3,978,OC[C@H]1O[C@@H]2O[C@@H]3[C@@H](CO)O[C@H](O[C@@H]4[C@@H](CO)O[C@H](O[C@@H]5[C@@H](CO)O[C@H](O[C@@H]6[C@@H](CO)O[C@H](O[C@@H]7[C@@H](CO)O[C@H](O[C@@H]8[C@@H](CO)O[C@H](O[C@H]1[C@H](O)[C@H]2O)[C@H](O)[C@H]8O)[C@H](O)[C@H]7O)[C@H](O)[C@H]6O)[C@H](O)[C@H]5O)[C@H](O)[C@H]4O)[C@H](O)[C@H]3O,C(C)(C)(C)O,cyclodextrin,2.259999990463257,OC[C@H]1O[C@@H]2O[C@H]3[C@H](O)[C@@H](O)[C@@H](O[C@H]4[C@H](O)[C@@H](O)[C@@H](O[C@H]5[C@H](O)[C@@H](O)[C@@H](O[C@H]6[C@H](O)[C@@H](O)[C@@H](O[C@H]7[C@H](O)[C@@H](O)[C@@H](O[C@H]8[C@H](O)[C@@H](O)[C@@H](O[C@H]1[C@H](O)[C@H]2O)O[C@@H]8CO)O[C@@H]7CO)O[C@@H]6CO)O[C@@H]5CO)O[C@@H]4CO)O[C@@H]3CO,22584443D9512992310760C9871E3E6BDB3EDC92006F3EF1EC94F44373907EB1,HOST_CAN_0176,PASS,CC(C)(C)O,BAF10C6263079F541FDD995FACFA85E9BAE39042CB0AA93C8F9307E7136B988B,GUEST_CAN_0112,PASS,2.6654837,XGB_pair,4,5
1816,1,71,C1C2=CC(=CC(=C2O)CC3=CC(=CC(=C3O)CC4=C(C(=CC(=C4)S(=O)(=O)O)CC5=C(C1=CC(=C5)S(=O)(=O)O)O)O)S(=O)(=O)O)S(=O)(=O)O,CN(C)CCCCC(C(=O)O)N,calixarene,3.907399892807007,O=S(=O)(O)c1cc2c(O)c(c1)Cc1cc(S(=O)(=O)O)cc(c1O)Cc1cc(S(=O)(=O)O)cc(c1O)Cc1cc(S(=O)(=O)O)cc(c1O)C2,C1130CCDC8DA0C6458EF6C2E07E7F3330D8F8B055CBE4DEAADB70DC00C8CDFC1,HOST_CAN_0154,PASS,CN(C)CCCCC(N)C(=O)O,BE57C810F885229BE3BE11856EA3FF5C62BE8C72A7B5FCA869756891D0E4ACA5,GUEST_CAN_0395,PASS,2.8186004,XGB_pair,4,5
1817,26,171,[Li+].[Li+].B(C1=CC=CC=C1CNCC2=CC=C(C=C2)C(=O)NC3=CC(=CC(=C3)CP(=O)([O-])OC)CP(=O)([O-])OC)(O)O,C1=CC(=C(C=C1CCN)O)O,other,2.234100103378296,COP(=O)([O-])Cc1cc(CP(=O)([O-])OC)cc(NC(=O)c2ccc(CNCc3ccccc3B(O)O)cc2)c1.[Li+].[Li+],F42D7F8FEECED34D2A8CD9838DF697E6536F3F5A5AD106D19B9E9737F28D2790,HOST_CAN_0067,PASS,NCCc1ccc(O)c(O)c1,8C989074BC36C962545C6731CBB09A9BCEAD59D65B1AEE4A0B8B096CFFB8E510,GUEST_CAN_0808,PASS,2.2485945,XGB_pair,4,5
1829,89,985,O[C@@H]1[C@@H](O)[C@H](O[C@@H]2[C@H](O)[C@@H](O)[C@H](O3)[C@@H](COCCCCS(=O)([O-])=O)O2)[C@@H](COCCCCS(=O)([O-])=O)O[C@@H]1O[C@H]4[C@H](O)[C@@H](O)[C@@H](O[C@@H]5[C@@H](O)[C@H](O)[C@H](O[C@@H]6[C@@H](O)[C@H](O)[C@H](O[C@@H]7[C@@H](O)[C@H](O)[C@H](O[C@@H]8[C@@H](O)[C@H](O)[C@H]3O[C@H]8COCCCCS(=O)([O-])=O)O[C@H]7COCCCCS(=O)([O-])=O)O[C@H]6COCCCCS(=O)([O-])=O)O[C@H]5COCCCCS(=O)([O-])=O)O[C@@H]4COCCCCS(=O)([O-])=O.[Na+].[Na+].[Na+].[Na+].[Na+].[Na+].[Na+],C[N+]1=CC=C(C=C1)C2=C3C=CC(=C(C4=NC(=C(C5=CC=C(N5)C(=C6C=CC2=N6)C7=CC=[N+](C=C7)C)C8=CC=[N+](C=C8)C)C=C4)C9=CC=[N+](C=C9)C)N3,cyclodextrin,8.99120044708252,O=S(=O)([O-])CCCCOC[C@@H]1O[C@H]2O[C@@H]3[C@@H](O)[C@H](O)[C@H](O[C@H]4[C@H](O)[C@@H](O)[C@@H](O[C@H]5[C@H](O)[C@@H](O)[C@@H](O[C@H]6[C@H](O)[C@@H](O)[C@@H](O[C@@H]7[C@@H](O)[C@H](O)[C@H](O[C@@H]8[C@@H](O)[C@H](O)[C@H](O[C@@H]1[C@@H](O)[C@@H]2O)O[C@H]8COCCCCS(=O)(=O)[O-])O[C@H]7COCCCCS(=O)(=O)[O-])O[C@@H]6COCCCCS(=O)(=O)[O-])O[C@@H]5COCCCCS(=O)(=O)[O-])O[C@@H]4COCCCCS(=O)(=O)[O-])O[C@H]3COCCCCS(=O)(=O)[O-].[Na+].[Na+].[Na+].[Na+].[Na+].[Na+].[Na+],0EF453A8FEAB2DBB346A347C51767F5C4A37ED4747250CEC0BCF3880BBC2D023,HOST_CAN_0157,PASS,C[n+]1ccc(-c2c3nc(c(-c4cc[n+](C)cc4)c4ccc([nH]4)c(-c4cc[n+](C)cc4)c4nc(c(-c5cc[n+](C)cc5)c5ccc2[nH]5)C=C4)C=C3)cc1,CA00D38A747A334F988F4BF7C7A697DB64977046091C4765989707F0374C9D32,GUEST_CAN_0621,PASS,5.1727552,XGB_pair,4,5
1848,93,171,B(C1=CC=CC=C1CN(C)CC2=C3C=CC=CC3=CC4=CC=CC=C42)(O)O,C1=CC(=C(C=C1CCN)O)O,other,3.8192999362945557,CN(Cc1ccccc1B(O)O)Cc1c2ccccc2cc2ccccc12,9825767B9F0751EB9842923F025CD2CC724B335E584E46D5C77C9CA19EF79BB5,HOST_CAN_0052,PASS,NCCc1ccc(O)c(O)c1,8C989074BC36C962545C6731CBB09A9BCEAD59D65B1AEE4A0B8B096CFFB8E510,GUEST_CAN_0808,PASS,3.2132876,XGB_pair,4,5
1859,48,995,[Na]OS(=O)(=O)CCCOc1c2CN3C(=O)N4[C@]5([C@@]3(N(Cc2c(c2c1cccc2)OCCCS(=O)(=O)O[Na])C(=O)N5CN1[C@@]2(N(C4)C(=O)N3[C@]2(C)N(C1=O)Cc1c(C3)c(OCCCS(=O)(=O)O[Na])c2c(c1OCCCS(=O)(=O)O[Na])cccc2)C)C)C,C[N+](=C1C=CC2=NC3=C(C=C(C=C3)N)SC2=C1)C.[Cl-],other,6.770899772644043,C[C@]12N3Cc4c(c(OCCCS(=O)(=O)[O][Na])c5ccccc5c4OCCCS(=O)(=O)[O][Na])CN1C(=O)N1CN4C(=O)N5Cc6c(c(OCCCS(=O)(=O)[O][Na])c7ccccc7c6OCCCS(=O)(=O)[O][Na])CN6C(=O)N(CN(C3=O)[C@]12C)[C@]4(C)[C@@]56C,D18B807A904C56B05E199911FB10FFB774349CC49BBD32D2EFAFF4C892BA649F,HOST_CAN_0090,PASS,C[N+](C)=c1ccc2nc3ccc(N)cc3sc-2c1.[Cl-],17938274D295C15C3CE08BBF19B59B9363595052023413BBDB704D4CF7847C67,GUEST_CAN_0602,PASS,4.697281,XGB_pair,4,5
1866,1,998,C1C2=CC(=CC(=C2O)CC3=CC(=CC(=C3O)CC4=C(C(=CC(=C4)S(=O)(=O)O)CC5=C(C1=CC(=C5)S(=O)(=O)O)O)O)S(=O)(=O)O)S(=O)(=O)O,C(C)(=O)SCC[N+](C)(C)C,calixarene,4.69980001449585,O=S(=O)(O)c1cc2c(O)c(c1)Cc1cc(S(=O)(=O)O)cc(c1O)Cc1cc(S(=O)(=O)O)cc(c1O)Cc1cc(S(=O)(=O)O)cc(c1O)C2,C1130CCDC8DA0C6458EF6C2E07E7F3330D8F8B055CBE4DEAADB70DC00C8CDFC1,HOST_CAN_0154,PASS,CC(=O)SCC[N+](C)(C)C,5600E3C6559B3B5580B4FCAD665DFEFA27B0E97B313F3740030CCD27EF06E687,GUEST_CAN_0105,PASS,3.0761669,XGB_pair,4,5
1906,1,32,C1C2=CC(=CC(=C2O)CC3=CC(=CC(=C3O)CC4=C(C(=CC(=C4)S(=O)(=O)O)CC5=C(C1=CC(=C5)S(=O)(=O)O)O)O)S(=O)(=O)O)S(=O)(=O)O,CCCCCC[NH3+],calixarene,3.5999999046325684,O=S(=O)(O)c1cc2c(O)c(c1)Cc1cc(S(=O)(=O)O)cc(c1O)Cc1cc(S(=O)(=O)O)cc(c1O)Cc1cc(S(=O)(=O)O)cc(c1O)C2,C1130CCDC8DA0C6458EF6C2E07E7F3330D8F8B055CBE4DEAADB70DC00C8CDFC1,HOST_CAN_0154,PASS,CCCCCC[NH3+],8992B28ADCBCB2D79B0755BE71A544C4402BA92BF63E66FCAFB1B7947B8EB8A1,GUEST_CAN_0300,PASS,2.6725998,XGB_pair,4,5
1914,177,1013,OC1=C(C(CCCCCCCCCCC)C2=C(O)C=C(O)C(C(CCCCCCCCCCC)C3=CC(C(CCCCCCCCCCC)C4=C(O)C=C(O)C5=C4)=C(O)C=C3O)=C2)C=C(C5CCCCCCCCCCC)C(O)=C1,CC[N+](=C1C=CC2=NC3=C(C=C(C4=CC=CC=C43)N)OC2=C1)CC.[Cl-],calixarene,5.875100135803223,CCCCCCCCCCCC1c2cc(c(O)cc2O)C(CCCCCCCCCCC)c2cc(c(O)cc2O)C(CCCCCCCCCCC)c2cc(c(O)cc2O)C(CCCCCCCCCCC)c2cc1c(O)cc2O,22B236C675D1E6ACA5D27CF000205297A050D8E36D91827080FD40037A1854F8,HOST_CAN_0023,PASS,CC[N+](CC)=c1ccc2nc3c(cc(N)c4ccccc43)oc-2c1.[Cl-],35A92B9A491388E4BBC4AA3C56C4DE0FA661F3C94ED7E74EF52E6DB038474113,GUEST_CAN_0379,PASS,5.9039063,XGB_pair,4,5
1920,56,205,CC(COCC1C2C(C(C(O1)OC3C(OC(C(C3O)O)OC4C(OC(C(C4O)O)OC5C(OC(C(C5O)O)OC6C(OC(C(C6O)O)OC7C(OC(C(C7O)O)OC8C(OC(O2)C(C8O)O)COCC(C)O)COCC(C)O)COCC(C)O)COCC(C)O)COCC(C)O)COCC(C)O)O)O)O,CN(C)C1=CC2=C(C=C1)N=C3C=CC(=[N+](C)C)C=C3S2.[Cl-],cyclodextrin,2.513200044631958,CC(O)COCC1OC2OC3C(COCC(C)O)OC(OC4C(COCC(C)O)OC(OC5C(COCC(C)O)OC(OC6C(COCC(C)O)OC(OC7C(COCC(C)O)OC(OC8C(COCC(C)O)OC(OC1C(O)C2O)C(O)C8O)C(O)C7O)C(O)C6O)C(O)C5O)C(O)C4O)C(O)C3O,230541427DC92F12743008B2626A57F6159DF410C224BE8F505DFF020C17F26C,HOST_CAN_0012,PASS,CN(C)c1ccc2nc3ccc(=[N+](C)C)cc-3sc2c1.[Cl-],3DE370A1BA5793291E648A02AB38D5B7C28AB576253437EAD27954C74B3FA491,GUEST_CAN_0412,PASS,3.9448705,XGB_pair,4,5
1934,1,288,C1C2=CC(=CC(=C2O)CC3=CC(=CC(=C3O)CC4=C(C(=CC(=C4)S(=O)(=O)O)CC5=C(C1=CC(=C5)S(=O)(=O)O)O)O)S(=O)(=O)O)S(=O)(=O)O,CC(C)C(C(=O)O)NC(=O)CN,calixarene,3.240000009536743,O=S(=O)(O)c1cc2c(O)c(c1)Cc1cc(S(=O)(=O)O)cc(c1O)Cc1cc(S(=O)(=O)O)cc(c1O)Cc1cc(S(=O)(=O)O)cc(c1O)C2,C1130CCDC8DA0C6458EF6C2E07E7F3330D8F8B055CBE4DEAADB70DC00C8CDFC1,HOST_CAN_0154,PASS,CC(C)C(NC(=O)CN)C(=O)O,C7C4F9D491E695E32FCA9610C29E6F26B277BB7597A85B98A5CB97B4FB2C694B,GUEST_CAN_0128,PASS,2.183917,XGB_pair,4,5
1936,23,1020,OC[C@H]1O[C@@H]2O[C@@H]3[C@@H](CO)O[C@H](O[C@@H]4[C@@H](CO)O[C@H](O[C@@H]5[C@@H](CO)O[C@H](O[C@@H]6[C@@H](CO)O[C@H](O[C@@H]7[C@@H](CO)O[C@H](O[C@H]1[C@H](O)[C@H]2O)[C@H](O)[C@H]7O)[C@H](O)[C@H]6O)[C@H](O)[C@H]5O)[C@H](O)[C@H]4O)[C@H](O)[C@H]3O,C(C\C=C\CC)(=O)[O-],cyclodextrin,2.2067999839782715,OC[C@H]1O[C@@H]2O[C@H]3[C@H](O)[C@@H](O)[C@@H](O[C@H]4[C@H](O)[C@@H](O)[C@@H](O[C@H]5[C@H](O)[C@@H](O)[C@@H](O[C@H]6[C@H](O)[C@@H](O)[C@@H](O[C@H]7[C@H](O)[C@@H](O)[C@@H](O[C@H]1[C@H](O)[C@H]2O)O[C@@H]7CO)O[C@@H]6CO)O[C@@H]5CO)O[C@@H]4CO)O[C@@H]3CO,9CB41F926A4386D7C0E23599753E6EDC60802BE1DCF577DB9B32CBB20691DB1D,HOST_CAN_0175,PASS,CC/C=C/CC(=O)[O-],B125CCD6C82EE27F78EA80495E13A7A7C51688A1B984D600C4D813CABC6334CF,GUEST_CAN_0199,PASS,3.0549235,XGB_pair,4,5
1942,66,768,O=C1N(C2)[C@@](N3CN4[C@]5([H])N2C(N(CN6C(N(C7)[C@@](N8CN9[C@]%10(C)N7C(N(CC%11=C%12C(OCCCS(=O)(O[Na])=O)=CC=C%11OCCCS(=O)(O[Na])=O)[C@]%10(C)N(C%12)C9=O)=O)([H])[C@]6([H])N%13C8=O)=O)[C@]5([H])N(C%13)C4=O)=O)(C)[C@@]%14(C)N1CC%15=C(OCCCS(=O)(O[Na])=O)C=CC(OCCCS(=O)(O[Na])=O)=C%15CN%14C3=O,CCNC1=C(C=C2C(=C1)OC3=CC(=[NH+]CC)C(=CC3=C2C4=CC=CC=C4C(=O)OCC)C)C.[Cl-],cucurbituril,5.68120002746582,C[C@]12N3Cc4c(OCCCS(=O)(=O)[O][Na])ccc(OCCCS(=O)(=O)[O][Na])c4CN1C(=O)N1CN4C(=O)N5CN6C(=O)N7CN8C(=O)N9Cc%10c(OCCCS(=O)(=O)[O][Na])ccc(OCCCS(=O)(=O)[O][Na])c%10CN%10C(=O)N(CN%11C(=O)N(CN%12C(=O)N(CN(C3=O)[C@]12C)[C@@H]4[C@H]%125)[C@@H]6[C@H]%117)[C@]8(C)[C@@]9%10C,B0B6F4791435866F75671253874506D0002CE2D2DEBD31C6E0C5946D874F1D29,HOST_CAN_0085,PASS,CCNc1cc2oc3cc(=[NH+]CC)c(C)cc-3c(-c3ccccc3C(=O)OCC)c2cc1C.[Cl-],7747AE094C60B01CC68A562B284C6966F13F3487956DAAB5A7B13BEFB4A724EF,GUEST_CAN_0359,PASS,4.345673,XGB_pair,4,5
1950,1,1023,C1C2=CC(=CC(=C2O)CC3=CC(=CC(=C3O)CC4=C(C(=CC(=C4)S(=O)(=O)O)CC5=C(C1=CC(=C5)S(=O)(=O)O)O)O)S(=O)(=O)O)S(=O)(=O)O,OCC(C(=O)NC(C(=O)NCC(=O)NC(C(=O)N)Cc1ccc(cc1)O)C(O)C)NC(=O)C(NC(=O)C(NC(C(=O)NC(=O)C(C(O)C)[NH3+])C)CCCNC(=[NH2+])N)CCCC[N+](C)(C)C,calixarene,5.146100044250488,O=S(=O)(O)c1cc2c(O)c(c1)Cc1cc(S(=O)(=O)O)cc(c1O)Cc1cc(S(=O)(=O)O)cc(c1O)Cc1cc(S(=O)(=O)O)cc(c1O)C2,C1130CCDC8DA0C6458EF6C2E07E7F3330D8F8B055CBE4DEAADB70DC00C8CDFC1,HOST_CAN_0154,PASS,CC(NC(CCCNC(N)=[NH2+])C(=O)NC(CCCC[N+](C)(C)C)C(=O)NC(CO)C(=O)NC(C(=O)NCC(=O)NC(Cc1ccc(O)cc1)C(N)=O)C(C)O)C(=O)NC(=O)C([NH3+])C(C)O,EE9767229E968E4B84B7ACC189EED5656FB1078BD218D1E7621348DE00B7412E,GUEST_CAN_0189,PASS,7.0766807,XGB_pair,4,5
1957,179,156,COC1=C2C=C3CC4=CC(=C5C=C4CC6=CC(=C(C=C6CC3=C1)OCCOC7=C(C=C8CC9=CC(=C(C=C9CC1=CC(=C(C=C1CC8=C7)OC)OCCO2)OC)OCCO5)OC)OC)OC,[Xe],other,2.9293999671936035,COc1cc2c3cc1OCCOc1cc4c(cc1OC)Cc1cc5c(OC)cc1Cc1cc(c(OC)cc1C4)OCCOc1cc(c(cc1OC)C3)Cc1cc(OC)c(cc1C2)OCCO5,A994AA34EE464E5BE1AB0D787D9DDCAF17250B43466C4579A1059A23B26EAB0C,HOST_CAN_0070,PASS,[Xe],463C698387C428389929BF1416FF8D357192FAE637E5A26BA0E54A16E2EDDA63,GUEST_CAN_1116,PASS,3.0397444,XGB_pair,4,5
1961,21,27,Brc1ccc(cc1)S(=O)(=O)Nc1cc2Cc3cc(cc(c3O)Cc3cc(cc(Cc4c(c(Cc(c1)c2O)cc(c4)S(=O)(=O)O)O)c3O)S(=O)(=O)O)S(=O)(=O)O,NCCCCC(C(=O)NC(C(=O)NC(C(=O)NC(=O)C(NC(C(=O)NC(C(=O)NC(C(=O)NC(C(=O)NCC(=O)NC(C(=O)N)Cc1ccc(cc1)O)C(O)C)CO)CCCC[N+](C)(C)C)CCCNC(=N)N)C)C(O)C)CCC(=O)N)NC(=O)C(C(O)C)NC(=O)C(NC(=O)C(N)C)CCCNC(=N)N,calixarene,6.041399955749512,O=S(=O)(O)c1cc2c(O)c(c1)Cc1cc(S(=O)(=O)O)cc(c1O)Cc1cc(S(=O)(=O)O)cc(c1O)Cc1cc(NS(=O)(=O)c3ccc(Br)cc3)cc(c1O)C2,9740E1ADA78264243C242FDF917430805970CF99DF4E8ED560501F29D97FEA8B,HOST_CAN_0153,PASS,CC(N)C(=O)NC(CCCNC(=N)N)C(=O)NC(C(=O)NC(CCCCN)C(=O)NC(CCC(N)=O)C(=O)NC(C(=O)NC(=O)C(C)NC(CCCNC(=N)N)C(=O)NC(CCCC[N+](C)(C)C)C(=O)NC(CO)C(=O)NC(C(=O)NCC(=O)NC(Cc1ccc(O)cc1)C(N)=O)C(C)O)C(C)O)C(C)O,FDB24492C01844597473AA7C2BD6C580BEC794EA067753C199B126BE41E8D5FA,GUEST_CAN_0177,PASS,6.723044,XGB_pair,4,5
1995,23,165,OC[C@H]1O[C@@H]2O[C@@H]3[C@@H](CO)O[C@H](O[C@@H]4[C@@H](CO)O[C@H](O[C@@H]5[C@@H](CO)O[C@H](O[C@@H]6[C@@H](CO)O[C@H](O[C@@H]7[C@@H](CO)O[C@H](O[C@H]1[C@H](O)[C@H]2O)[C@H](O)[C@H]7O)[C@H](O)[C@H]6O)[C@H](O)[C@H]5O)[C@H](O)[C@H]4O)[C@H](O)[C@H]3O,CCCCC[NH3+],cyclodextrin,1.9943000078201294,OC[C@H]1O[C@@H]2O[C@H]3[C@H](O)[C@@H](O)[C@@H](O[C@H]4[C@H](O)[C@@H](O)[C@@H](O[C@H]5[C@H](O)[C@@H](O)[C@@H](O[C@H]6[C@H](O)[C@@H](O)[C@@H](O[C@H]7[C@H](O)[C@@H](O)[C@@H](O[C@H]1[C@H](O)[C@H]2O)O[C@@H]7CO)O[C@@H]6CO)O[C@@H]5CO)O[C@@H]4CO)O[C@@H]3CO,9CB41F926A4386D7C0E23599753E6EDC60802BE1DCF577DB9B32CBB20691DB1D,HOST_CAN_0175,PASS,CCCCC[NH3+],87469872E602061811AE44CAB9FD6AF6067BA08C39AA373262A49AD7E46387C5,GUEST_CAN_0307,PASS,3.514122,XGB_pair,4,5
2010,23,1036,OC[C@H]1O[C@@H]2O[C@@H]3[C@@H](CO)O[C@H](O[C@@H]4[C@@H](CO)O[C@H](O[C@@H]5[C@@H](CO)O[C@H](O[C@@H]6[C@@H](CO)O[C@H](O[C@@H]7[C@@H](CO)O[C@H](O[C@H]1[C@H](O)[C@H]2O)[C@H](O)[C@H]7O)[C@H](O)[C@H]6O)[C@H](O)[C@H]5O)[C@H](O)[C@H]4O)[C@H](O)[C@H]3O,[O-]C(=O)/C=C/CCC,cyclodextrin,2.450200080871582,OC[C@H]1O[C@@H]2O[C@H]3[C@H](O)[C@@H](O)[C@@H](O[C@H]4[C@H](O)[C@@H](O)[C@@H](O[C@H]5[C@H](O)[C@@H](O)[C@@H](O[C@H]6[C@H](O)[C@@H](O)[C@@H](O[C@H]7[C@H](O)[C@@H](O)[C@@H](O[C@H]1[C@H](O)[C@H]2O)O[C@@H]7CO)O[C@@H]6CO)O[C@@H]5CO)O[C@@H]4CO)O[C@@H]3CO,9CB41F926A4386D7C0E23599753E6EDC60802BE1DCF577DB9B32CBB20691DB1D,HOST_CAN_0175,PASS,CCC/C=C/C(=O)[O-],A941DAF7F1FB5B673036DC2FC55B3B0A7D31F679C710B3CAAD710C03E56614EC,GUEST_CAN_0262,PASS,3.0549235,XGB_pair,4,5
2011,3,1037,OC[C@H]1O[C@@H]2O[C@@H]3[C@@H](CO)O[C@H](O[C@@H]4[C@@H](CO)O[C@H](O[C@@H]5[C@@H](CO)O[C@H](O[C@@H]6[C@@H](CO)O[C@H](O[C@@H]7[C@@H](CO)O[C@H](O[C@@H]8[C@@H](CO)O[C@H](O[C@H]1[C@H](O)[C@H]2O)[C@H](O)[C@H]8O)[C@H](O)[C@H]7O)[C@H](O)[C@H]6O)[C@H](O)[C@H]5O)[C@H](O)[C@H]4O)[C@H](O)[C@H]3O,CC1CCCC(C1)O,cyclodextrin,2.919100046157837,OC[C@H]1O[C@@H]2O[C@H]3[C@H](O)[C@@H](O)[C@@H](O[C@H]4[C@H](O)[C@@H](O)[C@@H](O[C@H]5[C@H](O)[C@@H](O)[C@@H](O[C@H]6[C@H](O)[C@@H](O)[C@@H](O[C@H]7[C@H](O)[C@@H](O)[C@@H](O[C@H]8[C@H](O)[C@@H](O)[C@@H](O[C@H]1[C@H](O)[C@H]2O)O[C@@H]8CO)O[C@@H]7CO)O[C@@H]6CO)O[C@@H]5CO)O[C@@H]4CO)O[C@@H]3CO,22584443D9512992310760C9871E3E6BDB3EDC92006F3EF1EC94F44373907EB1,HOST_CAN_0176,PASS,CC1CCCC(O)C1,46868F2E931B838BF31AA559AD9B8D1033E54D6F292B2B6AB0DB032FF57C916A,GUEST_CAN_0240,PASS,2.3934224,XGB_pair,4,5
2029,42,108,OC1=C(CC2=CC(S(=O)([O-])=O)=CC(CC(C=C3S(=O)([O-])=O)=C4OCC(N)=O)=C2O)C=C(S(=O)([O-])=O)C=C1CC5=CC(S(=O)([O-])=O)=CC(CC4=C3)=C5O,OC(=O)C(CCCNC(=[NH2+])N)N,calixarene,2.924299955368042,NC(=O)COc1c2cc(S(=O)(=O)[O-])cc1Cc1cc(S(=O)(=O)[O-])cc(c1O)Cc1cc(S(=O)(=O)[O-])cc(c1O)Cc1cc(S(=O)(=O)[O-])cc(c1O)C2,1F2BEDA02D00DC2C1A2D3A5BD5460849E045F21D3B673D4626094BA71BDA0464,HOST_CAN_0104,PASS,NC(=[NH2+])NCCCC(N)C(=O)O,3A95B838A3F3E4B9211C1F9CE461FB93EA851D8F0AA68498288217A21AD77FAC,GUEST_CAN_0726,PASS,3.1001363,XGB_pair,4,5
2044,173,1042,COP(=O)(Cc1cc2COC(=O)c3ccc(cc3)C#Cc3ccc(cc3)C(=O)OCc3cc(c(COC(=O)c4ccc(C#Cc5ccc(C(=O)OCc1cc2CP(=O)(OC)[O-])cc5)cc4)cc3CP(=O)(OC)[O-])CP(=O)(OC)[O-])[O-],NC(C(=O)OC)CC1=CC=C(C=C1)OC,cyclophane,2.1270999908447266,COP(=O)([O-])Cc1cc2c(CP(=O)([O-])OC)cc1COC(=O)c1ccc(cc1)C#Cc1ccc(cc1)C(=O)OCc1cc(CP(=O)([O-])OC)c(cc1CP(=O)([O-])OC)COC(=O)c1ccc(cc1)C#Cc1ccc(cc1)C(=O)OC2,096970AF193D0B8087E6FDC09C169A73898FF4CEB8AE4017008FA58B2F1B3FF6,HOST_CAN_0068,PASS,COC(=O)C(N)Cc1ccc(OC)cc1,126C51A83BBFC2CB369A347DFEA79AA33A4E4971C99CAF6C2832C97CDD871F17,GUEST_CAN_0442,PASS,2.8719366,XGB_pair,4,5
2050,3,1044,OC[C@H]1O[C@@H]2O[C@@H]3[C@@H](CO)O[C@H](O[C@@H]4[C@@H](CO)O[C@H](O[C@@H]5[C@@H](CO)O[C@H](O[C@@H]6[C@@H](CO)O[C@H](O[C@@H]7[C@@H](CO)O[C@H](O[C@@H]8[C@@H](CO)O[C@H](O[C@H]1[C@H](O)[C@H]2O)[C@H](O)[C@H]8O)[C@H](O)[C@H]7O)[C@H](O)[C@H]6O)[C@H](O)[C@H]5O)[C@H](O)[C@H]4O)[C@H](O)[C@H]3O,O1C2=C(OCC1)C=C(C=C2)C=2C(OC1=CC(=C(C=C1C2O)CC)OC)=O,cyclodextrin,2.5315001010894775,OC[C@H]1O[C@@H]2O[C@H]3[C@H](O)[C@@H](O)[C@@H](O[C@H]4[C@H](O)[C@@H](O)[C@@H](O[C@H]5[C@H](O)[C@@H](O)[C@@H](O[C@H]6[C@H](O)[C@@H](O)[C@@H](O[C@H]7[C@H](O)[C@@H](O)[C@@H](O[C@H]8[C@H](O)[C@@H](O)[C@@H](O[C@H]1[C@H](O)[C@H]2O)O[C@@H]8CO)O[C@@H]7CO)O[C@@H]6CO)O[C@@H]5CO)O[C@@H]4CO)O[C@@H]3CO,22584443D9512992310760C9871E3E6BDB3EDC92006F3EF1EC94F44373907EB1,HOST_CAN_0176,PASS,CCc1cc2c(O)c(-c3ccc4c(c3)OCCO4)c(=O)oc2cc1OC,7507EC7F6B436686388F56568D1FC80C2A1511DCCC8B5A5F8F825D9095E92BBB,GUEST_CAN_0382,PASS,2.7563198,XGB_pair,4,5
2055,54,766,[O-]C(=O)COc1c2c(c(c3c1C1CC3c3c1cc1c(c3)C3CC1c1c3cccc1)OCC(=O)[O-])C1CC2c2c1cc1c(c2)C2CC1c1c2cccc1.[Na+].[Na+],C(CC(C(=O)O)N)CN=C(N)N.Cl,other,3.21560001373291,O=C([O-])COc1c2c(c(OCC(=O)[O-])c3c1C1CC3c3cc4c(cc31)C1CC4c3ccccc31)C1CC2c2cc3c(cc21)C1CC3c2ccccc21.[Na+].[Na+],71E90553B9BBF31920DD1BD183D0F0C0585830F890A72ECB34B8E8CE3C7EDE35,HOST_CAN_0137,PASS,Cl.NC(N)=NCCCC(N)C(=O)O,DCEE3A60E82EAC732CD6486BBD889ECB153461C3185992B7BB902D00316BB9B5,GUEST_CAN_0685,PASS,3.306924,XGB_pair,4,5
2060,48,1045,[Na]OS(=O)(=O)CCCOc1c2CN3C(=O)N4[C@]5([C@@]3(N(Cc2c(c2c1cccc2)OCCCS(=O)(=O)O[Na])C(=O)N5CN1[C@@]2(N(C4)C(=O)N3[C@]2(C)N(C1=O)Cc1c(C3)c(OCCCS(=O)(=O)O[Na])c2c(c1OCCCS(=O)(=O)O[Na])cccc2)C)C)C,NC1=CC2=[N+](C3=CC=CC=C3)C(C=C(N)C(C)=C4)C4N=C2C=C1C.[Cl-],other,4.801400184631348,C[C@]12N3Cc4c(c(OCCCS(=O)(=O)[O][Na])c5ccccc5c4OCCCS(=O)(=O)[O][Na])CN1C(=O)N1CN4C(=O)N5Cc6c(c(OCCCS(=O)(=O)[O][Na])c7ccccc7c6OCCCS(=O)(=O)[O][Na])CN6C(=O)N(CN(C3=O)[C@]12C)[C@]4(C)[C@@]56C,D18B807A904C56B05E199911FB10FFB774349CC49BBD32D2EFAFF4C892BA649F,HOST_CAN_0090,PASS,CC1=CC2N=c3cc(C)c(N)cc3=[N+](c3ccccc3)C2C=C1N.[Cl-],8A3C1D53583B6A43952C4F49655AA15189A4629A2CBEE5D988F1D523F2452BDC,GUEST_CAN_0237,PASS,4.5967455,XGB_pair,4,5
2083,1,1052,C1C2=CC(=CC(=C2O)CC3=CC(=CC(=C3O)CC4=C(C(=CC(=C4)S(=O)(=O)O)CC5=C(C1=CC(=C5)S(=O)(=O)O)O)O)S(=O)(=O)O)S(=O)(=O)O,[O-][N+](C)(C)C,calixarene,1.8162000179290771,O=S(=O)(O)c1cc2c(O)c(c1)Cc1cc(S(=O)(=O)O)cc(c1O)Cc1cc(S(=O)(=O)O)cc(c1O)Cc1cc(S(=O)(=O)O)cc(c1O)C2,C1130CCDC8DA0C6458EF6C2E07E7F3330D8F8B055CBE4DEAADB70DC00C8CDFC1,HOST_CAN_0154,PASS,C[N+](C)(C)[O-],4DB759A0012AC932B8EA6AED1F8E65169620716D15FE7CD3F5ACA63C95C1E141,GUEST_CAN_0583,PASS,3.1009579,XGB_pair,4,5
2084,165,558,O[C@@H]1[C@@H](O)[C@H](O[C@@H]2[C@H](O)[C@@H](O)[C@H](O[C@H]3[C@@H](O)[C@H](O)[C@@H](O[C@H]4[C@@H](O)[C@H](O)[C@@H](O[C@H]5[C@@H](O)[C@H](O)[C@@H](O6)[C@H](COCC(O)C)O5)[C@H](COCC(O)C)O4)[C@H](COCC(O)C)O3)[C@@H](COCC(O)C)O2)[C@@H](COCC(O)C)O[C@@H]1O[C@H]7[C@H](O)[C@@H](O)[C@@H](O[C@@H]8[C@@H](O)[C@H](O)[C@H](O[C@@H]9[C@@H](O)[C@H](O)C6O[C@H]9COCC(O)C)O[C@H]8COCC(O)C)O[C@@H]7COCC(O)C,C1=CC=C(C=C1)NC2=CC3=C(C=C2)C=C(C=C3)S(=O)(=O)[O-],cyclodextrin,2.397900104522705,CC(O)COC[C@@H]1OC2O[C@@H]3[C@@H](O)[C@H](O)[C@H](O[C@@H]4[C@@H](O)[C@H](O)[C@H](O[C@@H]5[C@@H](O)[C@H](O)[C@H](O[C@H]6[C@H](O)[C@@H](O)[C@@H](O[C@H]7[C@H](O)[C@@H](O)[C@@H](O[C@H]8[C@H](O)[C@@H](O)[C@@H](O[C@@H]9[C@@H](O)[C@H](O)[C@H](O[C@@H]1[C@@H](O)[C@@H]2O)O[C@H]9COCC(C)O)O[C@@H]8COCC(C)O)O[C@@H]7COCC(C)O)O[C@@H]6COCC(C)O)O[C@H]5COCC(C)O)O[C@H]4COCC(C)O)O[C@H]3COCC(C)O,A6463260767763AEEEE84358752649565D613E36139686EE469EAD950C115E6E,HOST_CAN_0013,PASS,O=S(=O)([O-])c1ccc2cc(Nc3ccccc3)ccc2c1,0824CC1DB2624A014F85DD652F99EC1BBB673337CABFEF6F0B2F4C09F94496B2,GUEST_CAN_0937,PASS,3.0957892,XGB_pair,4,5
2103,3,274,OC[C@H]1O[C@@H]2O[C@@H]3[C@@H](CO)O[C@H](O[C@@H]4[C@@H](CO)O[C@H](O[C@@H]5[C@@H](CO)O[C@H](O[C@@H]6[C@@H](CO)O[C@H](O[C@@H]7[C@@H](CO)O[C@H](O[C@@H]8[C@@H](CO)O[C@H](O[C@H]1[C@H](O)[C@H]2O)[C@H](O)[C@H]8O)[C@H](O)[C@H]7O)[C@H](O)[C@H]6O)[C@H](O)[C@H]5O)[C@H](O)[C@H]4O)[C@H](O)[C@H]3O,C1=CC=C(C=C1)COCC(C(=O)O)N,cyclodextrin,1.8513000011444092,OC[C@H]1O[C@@H]2O[C@H]3[C@H](O)[C@@H](O)[C@@H](O[C@H]4[C@H](O)[C@@H](O)[C@@H](O[C@H]5[C@H](O)[C@@H](O)[C@@H](O[C@H]6[C@H](O)[C@@H](O)[C@@H](O[C@H]7[C@H](O)[C@@H](O)[C@@H](O[C@H]8[C@H](O)[C@@H](O)[C@@H](O[C@H]1[C@H](O)[C@H]2O)O[C@@H]8CO)O[C@@H]7CO)O[C@@H]6CO)O[C@@H]5CO)O[C@@H]4CO)O[C@@H]3CO,22584443D9512992310760C9871E3E6BDB3EDC92006F3EF1EC94F44373907EB1,HOST_CAN_0176,PASS,NC(COCc1ccccc1)C(=O)O,FA5FFAB9C6D06BBEF4C54285076E93E6084A5D76882C8BE4C7DC89A27C87D084,GUEST_CAN_0735,PASS,2.2594438,XGB_pair,4,5
2109,1,165,C1C2=CC(=CC(=C2O)CC3=CC(=CC(=C3O)CC4=C(C(=CC(=C4)S(=O)(=O)O)CC5=C(C1=CC(=C5)S(=O)(=O)O)O)O)S(=O)(=O)O)S(=O)(=O)O,CCCCC[NH3+],calixarene,3.809999942779541,O=S(=O)(O)c1cc2c(O)c(c1)Cc1cc(S(=O)(=O)O)cc(c1O)Cc1cc(S(=O)(=O)O)cc(c1O)Cc1cc(S(=O)(=O)O)cc(c1O)C2,C1130CCDC8DA0C6458EF6C2E07E7F3330D8F8B055CBE4DEAADB70DC00C8CDFC1,HOST_CAN_0154,PASS,CCCCC[NH3+],87469872E602061811AE44CAB9FD6AF6067BA08C39AA373262A49AD7E46387C5,GUEST_CAN_0307,PASS,3.5338814,XGB_pair,4,5
2124,3,558,OC[C@H]1O[C@@H]2O[C@@H]3[C@@H](CO)O[C@H](O[C@@H]4[C@@H](CO)O[C@H](O[C@@H]5[C@@H](CO)O[C@H](O[C@@H]6[C@@H](CO)O[C@H](O[C@@H]7[C@@H](CO)O[C@H](O[C@@H]8[C@@H](CO)O[C@H](O[C@H]1[C@H](O)[C@H]2O)[C@H](O)[C@H]8O)[C@H](O)[C@H]7O)[C@H](O)[C@H]6O)[C@H](O)[C@H]5O)[C@H](O)[C@H]4O)[C@H](O)[C@H]3O,C1=CC=C(C=C1)NC2=CC3=C(C=C2)C=C(C=C3)S(=O)(=O)[O-],cyclodextrin,3.1303000450134277,OC[C@H]1O[C@@H]2O[C@H]3[C@H](O)[C@@H](O)[C@@H](O[C@H]4[C@H](O)[C@@H](O)[C@@H](O[C@H]5[C@H](O)[C@@H](O)[C@@H](O[C@H]6[C@H](O)[C@@H](O)[C@@H](O[C@H]7[C@H](O)[C@@H](O)[C@@H](O[C@H]8[C@H](O)[C@@H](O)[C@@H](O[C@H]1[C@H](O)[C@H]2O)O[C@@H]8CO)O[C@@H]7CO)O[C@@H]6CO)O[C@@H]5CO)O[C@@H]4CO)O[C@@H]3CO,22584443D9512992310760C9871E3E6BDB3EDC92006F3EF1EC94F44373907EB1,HOST_CAN_0176,PASS,O=S(=O)([O-])c1ccc2cc(Nc3ccccc3)ccc2c1,0824CC1DB2624A014F85DD652F99EC1BBB673337CABFEF6F0B2F4C09F94496B2,GUEST_CAN_0937,PASS,2.87467,XGB_pair,4,5
2132,17,773,COP(=O)(Cc1cc2ccc1OCc1cc(COc3ccc(cc3CP(=O)(OC)[O-])C(C)(C)c3ccc(OCc4cc(COc5ccc(C2(C)C)cc5CP(=O)(OC)[O-])cc(c4)[N+](=O)[O-])c(c3)CP(=O)(OC)[O-])cc(c1)[N+](=O)[O-])[O-],C(O)CN,other,1.7323999404907227,COP(=O)([O-])Cc1cc2ccc1OCc1cc(cc([N+](=O)[O-])c1)COc1ccc(cc1CP(=O)([O-])OC)C(C)(C)c1ccc(c(CP(=O)([O-])OC)c1)OCc1cc(cc([N+](=O)[O-])c1)COc1ccc(cc1CP(=O)([O-])OC)C2(C)C,5C9812D0AA59E8C93387DCBA9CDBD0E45705FA87B439937B162042CB092EC8B9,HOST_CAN_0069,PASS,NCCO,4976275C1BA8E4AC07B8B07E746A7BCEFAAB5F668FF027903A2869511480E972,GUEST_CAN_0805,PASS,2.0761588,XGB_pair,4,5
2145,3,1063,OC[C@H]1O[C@@H]2O[C@@H]3[C@@H](CO)O[C@H](O[C@@H]4[C@@H](CO)O[C@H](O[C@@H]5[C@@H](CO)O[C@H](O[C@@H]6[C@@H](CO)O[C@H](O[C@@H]7[C@@H](CO)O[C@H](O[C@@H]8[C@@H](CO)O[C@H](O[C@H]1[C@H](O)[C@H]2O)[C@H](O)[C@H]8O)[C@H](O)[C@H]7O)[C@H](O)[C@H]6O)[C@H](O)[C@H]5O)[C@H](O)[C@H]4O)[C@H](O)[C@H]3O,CC1=CC2=C(C=C1N)SC3=CC(=[N+](C)C)C=CC3=N2.[Cl-],cyclodextrin,2.645400047302246,OC[C@H]1O[C@@H]2O[C@H]3[C@H](O)[C@@H](O)[C@@H](O[C@H]4[C@H](O)[C@@H](O)[C@@H](O[C@H]5[C@H](O)[C@@H](O)[C@@H](O[C@H]6[C@H](O)[C@@H](O)[C@@H](O[C@H]7[C@H](O)[C@@H](O)[C@@H](O[C@H]8[C@H](O)[C@@H](O)[C@@H](O[C@H]1[C@H](O)[C@H]2O)O[C@@H]8CO)O[C@@H]7CO)O[C@@H]6CO)O[C@@H]5CO)O[C@@H]4CO)O[C@@H]3CO,22584443D9512992310760C9871E3E6BDB3EDC92006F3EF1EC94F44373907EB1,HOST_CAN_0176,PASS,Cc1cc2nc3ccc(=[N+](C)C)cc-3sc2cc1N.[Cl-],3980336E1D195EE960426FE5D3C53E5F9FC92C4D09A66DD3BCC9BB2F0492D4C8,GUEST_CAN_0652,PASS,3.4176788,XGB_pair,4,5
2148,1,1064,C1C2=CC(=CC(=C2O)CC3=CC(=CC(=C3O)CC4=C(C(=CC(=C4)S(=O)(=O)O)CC5=C(C1=CC(=C5)S(=O)(=O)O)O)O)S(=O)(=O)O)S(=O)(=O)O,[Cl-].[Eu+3].[Cl-].[Cl-],calixarene,3.8299999237060547,O=S(=O)(O)c1cc2c(O)c(c1)Cc1cc(S(=O)(=O)O)cc(c1O)Cc1cc(S(=O)(=O)O)cc(c1O)Cc1cc(S(=O)(=O)O)cc(c1O)C2,C1130CCDC8DA0C6458EF6C2E07E7F3330D8F8B055CBE4DEAADB70DC00C8CDFC1,HOST_CAN_0154,PASS,[Cl-].[Cl-].[Cl-].[Eu+3],50FFF1A32B53A3AA2E6015D8F96E55CF4E774BF141BFE16EC709B1DF2E34F844,GUEST_CAN_1025,PASS,4.7761545,XGB_pair,4,5
2149,3,205,OC[C@H]1O[C@@H]2O[C@@H]3[C@@H](CO)O[C@H](O[C@@H]4[C@@H](CO)O[C@H](O[C@@H]5[C@@H](CO)O[C@H](O[C@@H]6[C@@H](CO)O[C@H](O[C@@H]7[C@@H](CO)O[C@H](O[C@@H]8[C@@H](CO)O[C@H](O[C@H]1[C@H](O)[C@H]2O)[C@H](O)[C@H]8O)[C@H](O)[C@H]7O)[C@H](O)[C@H]6O)[C@H](O)[C@H]5O)[C@H](O)[C@H]4O)[C@H](O)[C@H]3O,CN(C)C1=CC2=C(C=C1)N=C3C=CC(=[N+](C)C)C=C3S2.[Cl-],cyclodextrin,2.612799882888794,OC[C@H]1O[C@@H]2O[C@H]3[C@H](O)[C@@H](O)[C@@H](O[C@H]4[C@H](O)[C@@H](O)[C@@H](O[C@H]5[C@H](O)[C@@H](O)[C@@H](O[C@H]6[C@H](O)[C@@H](O)[C@@H](O[C@H]7[C@H](O)[C@@H](O)[C@@H](O[C@H]8[C@H](O)[C@@H](O)[C@@H](O[C@H]1[C@H](O)[C@H]2O)O[C@@H]8CO)O[C@@H]7CO)O[C@@H]6CO)O[C@@H]5CO)O[C@@H]4CO)O[C@@H]3CO,22584443D9512992310760C9871E3E6BDB3EDC92006F3EF1EC94F44373907EB1,HOST_CAN_0176,PASS,CN(C)c1ccc2nc3ccc(=[N+](C)C)cc-3sc2c1.[Cl-],3DE370A1BA5793291E648A02AB38D5B7C28AB576253437EAD27954C74B3FA491,GUEST_CAN_0412,PASS,3.5629423,XGB_pair,4,5
2154,3,408,OC[C@H]1O[C@@H]2O[C@@H]3[C@@H](CO)O[C@H](O[C@@H]4[C@@H](CO)O[C@H](O[C@@H]5[C@@H](CO)O[C@H](O[C@@H]6[C@@H](CO)O[C@H](O[C@@H]7[C@@H](CO)O[C@H](O[C@@H]8[C@@H](CO)O[C@H](O[C@H]1[C@H](O)[C@H]2O)[C@H](O)[C@H]8O)[C@H](O)[C@H]7O)[C@H](O)[C@H]6O)[C@H](O)[C@H]5O)[C@H](O)[C@H]4O)[C@H](O)[C@H]3O,CC(C1=CC=CC=C1)C(=O)O,cyclodextrin,1.5563000440597534,OC[C@H]1O[C@@H]2O[C@H]3[C@H](O)[C@@H](O)[C@@H](O[C@H]4[C@H](O)[C@@H](O)[C@@H](O[C@H]5[C@H](O)[C@@H](O)[C@@H](O[C@H]6[C@H](O)[C@@H](O)[C@@H](O[C@H]7[C@H](O)[C@@H](O)[C@@H](O[C@H]8[C@H](O)[C@@H](O)[C@@H](O[C@H]1[C@H](O)[C@H]2O)O[C@@H]8CO)O[C@@H]7CO)O[C@@H]6CO)O[C@@H]5CO)O[C@@H]4CO)O[C@@H]3CO,22584443D9512992310760C9871E3E6BDB3EDC92006F3EF1EC94F44373907EB1,HOST_CAN_0176,PASS,CC(C(=O)O)c1ccccc1,39E81C14C70322EC40DB0016F5D8CC5F88B6124FB8BA69CBB0DE2E95D7C6979F,GUEST_CAN_0109,PASS,2.187166,XGB_pair,4,5
2157,101,793,CC12C3(N4CN5C6C7N(C5=O)CN8C9C5N(C8=O)CN8C(=O)N%10CC%11=C(C=CC%12=C%11C(=C(C=C%12)OCCCS(=O)(=O)[O-])CN%11C%10(C8(N(C%11=O)CN5C(=O)N9CN7C(=O)N6CN3C(=O)N1CC1=C(C=CC3=C1C(=C(C=C3)OCCCS(=O)(=O)[O-])CN2C4=O)OCCCS(=O)(=O)[O-])C)C)OCCCS(=O)(=O)[O-])C.[Na+].[Na+].[Na+].[Na+],CC(=O)NC1=CC=C(C=C1)O,cucurbituril,3.0413999557495117,CC12N3Cc4c(OCCCS(=O)(=O)[O-])ccc5ccc(OCCCS(=O)(=O)[O-])c(c45)CN1C(=O)N1CN4C(=O)N5CN6C(=O)N7CN8C(=O)N9Cc%10c(OCCCS(=O)(=O)[O-])ccc%11ccc(OCCCS(=O)(=O)[O-])c(c%10%11)CN%10C(=O)N(CN%11C(=O)N(CN%12C(=O)N(CN(C3=O)C12C)C4C%125)C6C%117)C8(C)C%109C.[Na+].[Na+].[Na+].[Na+],D06B992717C42348D2028871BE8CF32C393DC5D34135FC7CB387827D0E760D24,HOST_CAN_0017,PASS,CC(=O)Nc1ccc(O)cc1,2908012D4D1AF71B20B6CE8AA15EC902A6EC288A21BE1855D631A6045052FE25,GUEST_CAN_0090,PASS,4.6683736,XGB_pair,4,5
2158,3,1065,OC[C@H]1O[C@@H]2O[C@@H]3[C@@H](CO)O[C@H](O[C@@H]4[C@@H](CO)O[C@H](O[C@@H]5[C@@H](CO)O[C@H](O[C@@H]6[C@@H](CO)O[C@H](O[C@@H]7[C@@H](CO)O[C@H](O[C@@H]8[C@@H](CO)O[C@H](O[C@H]1[C@H](O)[C@H]2O)[C@H](O)[C@H]8O)[C@H](O)[C@H]7O)[C@H](O)[C@H]6O)[C@H](O)[C@H]5O)[C@H](O)[C@H]4O)[C@H](O)[C@H]3O,C1=CC(=CC=2OC3=CC=CC=C3SC12)C(C)=O,cyclodextrin,3.8880999088287354,OC[C@H]1O[C@@H]2O[C@H]3[C@H](O)[C@@H](O)[C@@H](O[C@H]4[C@H](O)[C@@H](O)[C@@H](O[C@H]5[C@H](O)[C@@H](O)[C@@H](O[C@H]6[C@H](O)[C@@H](O)[C@@H](O[C@H]7[C@H](O)[C@@H](O)[C@@H](O[C@H]8[C@H](O)[C@@H](O)[C@@H](O[C@H]1[C@H](O)[C@H]2O)O[C@@H]8CO)O[C@@H]7CO)O[C@@H]6CO)O[C@@H]5CO)O[C@@H]4CO)O[C@@H]3CO,22584443D9512992310760C9871E3E6BDB3EDC92006F3EF1EC94F44373907EB1,HOST_CAN_0176,PASS,CC(=O)c1ccc2c(c1)Oc1ccccc1S2,4F1957D2FA97FF5561C3208A1277904ECF1FCCA4872F3A969908718203F98290,GUEST_CAN_0107,PASS,3.6960413,XGB_pair,4,5
2160,1,1067,C1C2=CC(=CC(=C2O)CC3=CC(=CC(=C3O)CC4=C(C(=CC(=C4)S(=O)(=O)O)CC5=C(C1=CC(=C5)S(=O)(=O)O)O)O)S(=O)(=O)O)S(=O)(=O)O,[Cl-].[Sm+3].[Cl-].[Cl-],calixarene,3.819999933242798,O=S(=O)(O)c1cc2c(O)c(c1)Cc1cc(S(=O)(=O)O)cc(c1O)Cc1cc(S(=O)(=O)O)cc(c1O)Cc1cc(S(=O)(=O)O)cc(c1O)C2,C1130CCDC8DA0C6458EF6C2E07E7F3330D8F8B055CBE4DEAADB70DC00C8CDFC1,HOST_CAN_0154,PASS,[Cl-].[Cl-].[Cl-].[Sm+3],A74DA779C4483A4B99DDC359FED6A64CE9D709E603E1B417EE7434D70025BF07,GUEST_CAN_1027,PASS,4.745644,XGB_pair,4,5
2168,188,775,C1N2C3C4N(C2=O)CN5C6C7N(C5=O)CN8C9C2N(C8=O)CN5C8C%10N(C5=O)CN5C%11C%12N(C5=O)CN5C%13C%14N(C5=O)CN5C%15C(N1C5=O)N1CN3C(=O)N4CN6C(=O)N7CN9C(=O)N2CN8C(=O)N%10CN%11C(=O)N%12CN%13C(=O)N%14CN%15C1=O,[Al](Cl)(Cl)Cl,cucurbituril,2.900399923324585,O=C1N2CN3C(=O)N4CN5C(=O)N6CN7C(=O)N8CN9C(=O)N%10CN%11C(=O)N%12CN%13C(=O)N%14CN1C1C2N2CN%15C(=O)N(CN%16C(=O)N(CN%17C(=O)N(CN%18C(=O)N(CN%19C(=O)N(CN%20C(=O)N(CN1C2=O)C%14C%13%20)C%12C%11%19)C%10C9%18)C8C7%17)C6C5%16)C4C3%15,2DC65D621E765ED6549674FF1EC52FA438C064AF813048BB637692837EF09315,HOST_CAN_0144,PASS,[Cl][Al]([Cl])[Cl],F0478BBF39EF8FA089A0406FAD4DCAB78BB558C588F75029CDF3016B33C77BE3,GUEST_CAN_1043,PASS,4.0031643,XGB_pair,4,5
2170,188,1069,C1N2C3C4N(C2=O)CN5C6C7N(C5=O)CN8C9C2N(C8=O)CN5C8C%10N(C5=O)CN5C%11C%12N(C5=O)CN5C%13C%14N(C5=O)CN5C%15C(N1C5=O)N1CN3C(=O)N4CN6C(=O)N7CN9C(=O)N2CN8C(=O)N%10CN%11C(=O)N%12CN%13C(=O)N%14CN%15C1=O,CC1=CC2=CC3=CC(=C(C=C3N=C2C=C1N)N)C.Cl,cucurbituril,4.436399936676025,O=C1N2CN3C(=O)N4CN5C(=O)N6CN7C(=O)N8CN9C(=O)N%10CN%11C(=O)N%12CN%13C(=O)N%14CN1C1C2N2CN%15C(=O)N(CN%16C(=O)N(CN%17C(=O)N(CN%18C(=O)N(CN%19C(=O)N(CN%20C(=O)N(CN1C2=O)C%14C%13%20)C%12C%11%19)C%10C9%18)C8C7%17)C6C5%16)C4C3%15,2DC65D621E765ED6549674FF1EC52FA438C064AF813048BB637692837EF09315,HOST_CAN_0144,PASS,Cc1cc2cc3cc(C)c(N)cc3nc2cc1N.Cl,F9667DD326E4A726C70B9806DDC7429738A5184034592D53B9E5B6D9708A6637,GUEST_CAN_0648,PASS,5.8497066,XGB_pair,4,5
2173,188,1071,C1N2C3C4N(C2=O)CN5C6C7N(C5=O)CN8C9C2N(C8=O)CN5C8C%10N(C5=O)CN5C%11C%12N(C5=O)CN5C%13C%14N(C5=O)CN5C%15C(N1C5=O)N1CN3C(=O)N4CN6C(=O)N7CN9C(=O)N2CN8C(=O)N%10CN%11C(=O)N%12CN%13C(=O)N%14CN%15C1=O,CC1CCCC(C1=O)(C)C,cucurbituril,6.94890022277832,O=C1N2CN3C(=O)N4CN5C(=O)N6CN7C(=O)N8CN9C(=O)N%10CN%11C(=O)N%12CN%13C(=O)N%14CN1C1C2N2CN%15C(=O)N(CN%16C(=O)N(CN%17C(=O)N(CN%18C(=O)N(CN%19C(=O)N(CN%20C(=O)N(CN1C2=O)C%14C%13%20)C%12C%11%19)C%10C9%18)C8C7%17)C6C5%16)C4C3%15,2DC65D621E765ED6549674FF1EC52FA438C064AF813048BB637692837EF09315,HOST_CAN_0144,PASS,CC1CCCC(C)(C)C1=O,A8E4C479FF71DD6AADFD66373234C06530D618341DC314A5A79154BCF49CAEFF,GUEST_CAN_0239,PASS,4.9424224,XGB_pair,4,5
2178,188,34,C1N2C3C4N(C2=O)CN5C6C7N(C5=O)CN8C9C2N(C8=O)CN5C8C%10N(C5=O)CN5C%11C%12N(C5=O)CN5C%13C%14N(C5=O)CN5C%15C(N1C5=O)N1CN3C(=O)N4CN6C(=O)N7CN9C(=O)N2CN8C(=O)N%10CN%11C(=O)N%12CN%13C(=O)N%14CN%15C1=O,C1C2C3CC4(CC2C5CC1(CC3C5C4)O)O,cucurbituril,7.133500099182129,O=C1N2CN3C(=O)N4CN5C(=O)N6CN7C(=O)N8CN9C(=O)N%10CN%11C(=O)N%12CN%13C(=O)N%14CN1C1C2N2CN%15C(=O)N(CN%16C(=O)N(CN%17C(=O)N(CN%18C(=O)N(CN%19C(=O)N(CN%20C(=O)N(CN1C2=O)C%14C%13%20)C%12C%11%19)C%10C9%18)C8C7%17)C6C5%16)C4C3%15,2DC65D621E765ED6549674FF1EC52FA438C064AF813048BB637692837EF09315,HOST_CAN_0144,PASS,OC12CC3C4CC5(O)CC3C(C1)C(C5)C4C2,AC991E13407816F89CB45E71B476B54D6B95741F30D897BD6F1DC5BADA9048B7,GUEST_CAN_0958,PASS,6.7022367,XGB_pair,4,5
2187,188,800,C1N2C3C4N(C2=O)CN5C6C7N(C5=O)CN8C9C2N(C8=O)CN5C8C%10N(C5=O)CN5C%11C%12N(C5=O)CN5C%13C%14N(C5=O)CN5C%15C(N1C5=O)N1CN3C(=O)N4CN6C(=O)N7CN9C(=O)N2CN8C(=O)N%10CN%11C(=O)N%12CN%13C(=O)N%14CN%15C1=O,C1CCC(=O)CC1,cucurbituril,7.279799938201904,O=C1N2CN3C(=O)N4CN5C(=O)N6CN7C(=O)N8CN9C(=O)N%10CN%11C(=O)N%12CN%13C(=O)N%14CN1C1C2N2CN%15C(=O)N(CN%16C(=O)N(CN%17C(=O)N(CN%18C(=O)N(CN%19C(=O)N(CN%20C(=O)N(CN1C2=O)C%14C%13%20)C%12C%11%19)C%10C9%18)C8C7%17)C6C5%16)C4C3%15,2DC65D621E765ED6549674FF1EC52FA438C064AF813048BB637692837EF09315,HOST_CAN_0144,PASS,O=C1CCCCC1,28ED7F4ABC3F360949BEF088C4AFA4A77B693EB3C89E315AEDB1AFD64C9CEB92,GUEST_CAN_0919,PASS,3.684654,XGB_pair,4,5
2190,188,1058,C1N2C3C4N(C2=O)CN5C6C7N(C5=O)CN8C9C2N(C8=O)CN5C8C%10N(C5=O)CN5C%11C%12N(C5=O)CN5C%13C%14N(C5=O)CN5C%15C(N1C5=O)N1CN3C(=O)N4CN6C(=O)N7CN9C(=O)N2CN8C(=O)N%10CN%11C(=O)N%12CN%13C(=O)N%14CN%15C1=O,C(CCN)CCN.Cl.Cl,cucurbituril,8.146100044250488,O=C1N2CN3C(=O)N4CN5C(=O)N6CN7C(=O)N8CN9C(=O)N%10CN%11C(=O)N%12CN%13C(=O)N%14CN1C1C2N2CN%15C(=O)N(CN%16C(=O)N(CN%17C(=O)N(CN%18C(=O)N(CN%19C(=O)N(CN%20C(=O)N(CN1C2=O)C%14C%13%20)C%12C%11%19)C%10C9%18)C8C7%17)C6C5%16)C4C3%15,2DC65D621E765ED6549674FF1EC52FA438C064AF813048BB637692837EF09315,HOST_CAN_0144,PASS,Cl.Cl.NCCCCCN,DA3419270648DB1429833A98D27CEA247BCDF6EC9B10DD3836F4FC6C52993F7D,GUEST_CAN_0677,PASS,5.5760903,XGB_pair,4,5
2198,188,208,C1N2C3C4N(C2=O)CN5C6C7N(C5=O)CN8C9C2N(C8=O)CN5C8C%10N(C5=O)CN5C%11C%12N(C5=O)CN5C%13C%14N(C5=O)CN5C%15C(N1C5=O)N1CN3C(=O)N4CN6C(=O)N7CN9C(=O)N2CN8C(=O)N%10CN%11C(=O)N%12CN%13C(=O)N%14CN%15C1=O,C[N+]1=CN(C=C1)CC2=CC=C(C=C2)CN3C=C[N+](=C3)C,cucurbituril,6.420000076293945,O=C1N2CN3C(=O)N4CN5C(=O)N6CN7C(=O)N8CN9C(=O)N%10CN%11C(=O)N%12CN%13C(=O)N%14CN1C1C2N2CN%15C(=O)N(CN%16C(=O)N(CN%17C(=O)N(CN%18C(=O)N(CN%19C(=O)N(CN%20C(=O)N(CN1C2=O)C%14C%13%20)C%12C%11%19)C%10C9%18)C8C7%17)C6C5%16)C4C3%15,2DC65D621E765ED6549674FF1EC52FA438C064AF813048BB637692837EF09315,HOST_CAN_0144,PASS,C[n+]1ccn(Cc2ccc(Cn3cc[n+](C)c3)cc2)c1,8D1DE4FE1FCACBF350ABA8026FD3AF7094B7FD83151937BF5B7180EFDF194A97,GUEST_CAN_0643,PASS,5.6222157,XGB_pair,4,5
2202,188,1081,C1N2C3C4N(C2=O)CN5C6C7N(C5=O)CN8C9C2N(C8=O)CN5C8C%10N(C5=O)CN5C%11C%12N(C5=O)CN5C%13C%14N(C5=O)CN5C%15C(N1C5=O)N1CN3C(=O)N4CN6C(=O)N7CN9C(=O)N2CN8C(=O)N%10CN%11C(=O)N%12CN%13C(=O)N%14CN%15C1=O,C=CCNCC1=CC=C(C)O1,cucurbituril,6.041399955749512,O=C1N2CN3C(=O)N4CN5C(=O)N6CN7C(=O)N8CN9C(=O)N%10CN%11C(=O)N%12CN%13C(=O)N%14CN1C1C2N2CN%15C(=O)N(CN%16C(=O)N(CN%17C(=O)N(CN%18C(=O)N(CN%19C(=O)N(CN%20C(=O)N(CN1C2=O)C%14C%13%20)C%12C%11%19)C%10C9%18)C8C7%17)C6C5%16)C4C3%15,2DC65D621E765ED6549674FF1EC52FA438C064AF813048BB637692837EF09315,HOST_CAN_0144,PASS,C=CCNCc1ccc(C)o1,03AF57D901DDCF08E6CD1940CCA47F506659EC2CF7D0C7798776D24B41944FF3,GUEST_CAN_0050,PASS,4.2262635,XGB_pair,4,5
2208,188,598,C1N2C3C4N(C2=O)CN5C6C7N(C5=O)CN8C9C2N(C8=O)CN5C8C%10N(C5=O)CN5C%11C%12N(C5=O)CN5C%13C%14N(C5=O)CN5C%15C(N1C5=O)N1CN3C(=O)N4CN6C(=O)N7CN9C(=O)N2CN8C(=O)N%10CN%11C(=O)N%12CN%13C(=O)N%14CN%15C1=O,C[N+]1=CC2=C3C4=C(C=[N+](C)C=C4C=CC3=C1)C=C2,cucurbituril,8.970499992370605,O=C1N2CN3C(=O)N4CN5C(=O)N6CN7C(=O)N8CN9C(=O)N%10CN%11C(=O)N%12CN%13C(=O)N%14CN1C1C2N2CN%15C(=O)N(CN%16C(=O)N(CN%17C(=O)N(CN%18C(=O)N(CN%19C(=O)N(CN%20C(=O)N(CN1C2=O)C%14C%13%20)C%12C%11%19)C%10C9%18)C8C7%17)C6C5%16)C4C3%15,2DC65D621E765ED6549674FF1EC52FA438C064AF813048BB637692837EF09315,HOST_CAN_0144,PASS,C[n+]1cc2ccc3c[n+](C)cc4ccc(c1)c2c34,8C26809730C316FDCC2618BD5B3B525A51259CED54605034A946844E1215D09F,GUEST_CAN_0620,PASS,6.3467374,XGB_pair,4,5
2212,188,73,C1N2C3C4N(C2=O)CN5C6C7N(C5=O)CN8C9C2N(C8=O)CN5C8C%10N(C5=O)CN5C%11C%12N(C5=O)CN5C%13C%14N(C5=O)CN5C%15C(N1C5=O)N1CN3C(=O)N4CN6C(=O)N7CN9C(=O)N2CN8C(=O)N%10CN%11C(=O)N%12CN%13C(=O)N%14CN%15C1=O,COCCOCCOCCOCCOCCOCCOCCOCCOCCOCCOCCOCCOCCOCCOCCOCCOCCOCCOCCOCCOCCOCCOCCOCCOCCOCCOCCOCCOCCOCCOCCOCCOCCOCCOCCOCCOCCOCCOCCOCCOCCOCCOCCOCCOCCn1nnc(c1)C[N+](c1ccc2c(c1)cc1c(c2)cccc1)(C)C.[Cl-],cucurbituril,3.90310001373291,O=C1N2CN3C(=O)N4CN5C(=O)N6CN7C(=O)N8CN9C(=O)N%10CN%11C(=O)N%12CN%13C(=O)N%14CN1C1C2N2CN%15C(=O)N(CN%16C(=O)N(CN%17C(=O)N(CN%18C(=O)N(CN%19C(=O)N(CN%20C(=O)N(CN1C2=O)C%14C%13%20)C%12C%11%19)C%10C9%18)C8C7%17)C6C5%16)C4C3%15,2DC65D621E765ED6549674FF1EC52FA438C064AF813048BB637692837EF09315,HOST_CAN_0144,PASS,COCCOCCOCCOCCOCCOCCOCCOCCOCCOCCOCCOCCOCCOCCOCCOCCOCCOCCOCCOCCOCCOCCOCCOCCOCCOCCOCCOCCOCCOCCOCCOCCOCCOCCOCCOCCOCCOCCOCCOCCOCCOCCOCCOCCOCCn1cc(C[N+](C)(C)c2ccc3cc4ccccc4cc3c2)nn1.[Cl-],D6AA78167EA4054D9DD52A768B24F6AF4B46E5879DC990682493B566EA4588D8,GUEST_CAN_0473,PASS,4.7365117,XGB_pair,4,5
2216,188,1086,C1N2C3C4N(C2=O)CN5C6C7N(C5=O)CN8C9C2N(C8=O)CN5C8C%10N(C5=O)CN5C%11C%12N(C5=O)CN5C%13C%14N(C5=O)CN5C%15C(N1C5=O)N1CN3C(=O)N4CN6C(=O)N7CN9C(=O)N2CN8C(=O)N%10CN%11C(=O)N%12CN%13C(=O)N%14CN%15C1=O,CCCCN1C=C[N+](=C1)C.F[P-](F)(F)(F)(F)F,cucurbituril,6.880799770355225,O=C1N2CN3C(=O)N4CN5C(=O)N6CN7C(=O)N8CN9C(=O)N%10CN%11C(=O)N%12CN%13C(=O)N%14CN1C1C2N2CN%15C(=O)N(CN%16C(=O)N(CN%17C(=O)N(CN%18C(=O)N(CN%19C(=O)N(CN%20C(=O)N(CN1C2=O)C%14C%13%20)C%12C%11%19)C%10C9%18)C8C7%17)C6C5%16)C4C3%15,2DC65D621E765ED6549674FF1EC52FA438C064AF813048BB637692837EF09315,HOST_CAN_0144,PASS,CCCCn1cc[n+](C)c1.F[P-](F)(F)(F)(F)F,B4AB68918139F0D6D5F5FF6B08E87AECED76A5EF0CBCFA7A366FD3ABA505A377,GUEST_CAN_0327,PASS,5.556747,XGB_pair,4,5
2219,188,1088,C1N2C3C4N(C2=O)CN5C6C7N(C5=O)CN8C9C2N(C8=O)CN5C8C%10N(C5=O)CN5C%11C%12N(C5=O)CN5C%13C%14N(C5=O)CN5C%15C(N1C5=O)N1CN3C(=O)N4CN6C(=O)N7CN9C(=O)N2CN8C(=O)N%10CN%11C(=O)N%12CN%13C(=O)N%14CN%15C1=O,CC(=O)C(C)(C)C,cucurbituril,3.828700065612793,O=C1N2CN3C(=O)N4CN5C(=O)N6CN7C(=O)N8CN9C(=O)N%10CN%11C(=O)N%12CN%13C(=O)N%14CN1C1C2N2CN%15C(=O)N(CN%16C(=O)N(CN%17C(=O)N(CN%18C(=O)N(CN%19C(=O)N(CN%20C(=O)N(CN1C2=O)C%14C%13%20)C%12C%11%19)C%10C9%18)C8C7%17)C6C5%16)C4C3%15,2DC65D621E765ED6549674FF1EC52FA438C064AF813048BB637692837EF09315,HOST_CAN_0144,PASS,CC(=O)C(C)(C)C,3ABE1A990AA4B599517AB35682660175F21AF36719E6EBF45E4B00D4BEE98439,GUEST_CAN_0062,PASS,3.8769667,XGB_pair,4,5
2222,188,1090,C1N2C3C4N(C2=O)CN5C6C7N(C5=O)CN8C9C2N(C8=O)CN5C8C%10N(C5=O)CN5C%11C%12N(C5=O)CN5C%13C%14N(C5=O)CN5C%15C(N1C5=O)N1CN3C(=O)N4CN6C(=O)N7CN9C(=O)N2CN8C(=O)N%10CN%11C(=O)N%12CN%13C(=O)N%14CN%15C1=O,NCc1ccc(cc1)C[C@@H](C(=O)NCC(=O)NCC(=O)O)N,cucurbituril,9.021200180053711,O=C1N2CN3C(=O)N4CN5C(=O)N6CN7C(=O)N8CN9C(=O)N%10CN%11C(=O)N%12CN%13C(=O)N%14CN1C1C2N2CN%15C(=O)N(CN%16C(=O)N(CN%17C(=O)N(CN%18C(=O)N(CN%19C(=O)N(CN%20C(=O)N(CN1C2=O)C%14C%13%20)C%12C%11%19)C%10C9%18)C8C7%17)C6C5%16)C4C3%15,2DC65D621E765ED6549674FF1EC52FA438C064AF813048BB637692837EF09315,HOST_CAN_0144,PASS,NCc1ccc(C[C@H](N)C(=O)NCC(=O)NCC(=O)O)cc1,ECAF0E9F32FEF05E6D25538FBD6D9C58F90045AE3A7A66CEC7C4210CF4715701,GUEST_CAN_0814,PASS,4.8699226,XGB_pair,4,5
2225,188,1092,C1N2C3C4N(C2=O)CN5C6C7N(C5=O)CN8C9C2N(C8=O)CN5C8C%10N(C5=O)CN5C%11C%12N(C5=O)CN5C%13C%14N(C5=O)CN5C%15C(N1C5=O)N1CN3C(=O)N4CN6C(=O)N7CN9C(=O)N2CN8C(=O)N%10CN%11C(=O)N%12CN%13C(=O)N%14CN%15C1=O,COC(=O)C,cucurbituril,3.0085999965667725,O=C1N2CN3C(=O)N4CN5C(=O)N6CN7C(=O)N8CN9C(=O)N%10CN%11C(=O)N%12CN%13C(=O)N%14CN1C1C2N2CN%15C(=O)N(CN%16C(=O)N(CN%17C(=O)N(CN%18C(=O)N(CN%19C(=O)N(CN%20C(=O)N(CN1C2=O)C%14C%13%20)C%12C%11%19)C%10C9%18)C8C7%17)C6C5%16)C4C3%15,2DC65D621E765ED6549674FF1EC52FA438C064AF813048BB637692837EF09315,HOST_CAN_0144,PASS,COC(C)=O,9543426308EE37054196493DF7094987856D2A804A281E64F82D6615D1037229,GUEST_CAN_0455,PASS,4.2838893,XGB_pair,4,5
2231,188,1095,C1N2C3C4N(C2=O)CN5C6C7N(C5=O)CN8C9C2N(C8=O)CN5C8C%10N(C5=O)CN5C%11C%12N(C5=O)CN5C%13C%14N(C5=O)CN5C%15C(N1C5=O)N1CN3C(=O)N4CN6C(=O)N7CN9C(=O)N2CN8C(=O)N%10CN%11C(=O)N%12CN%13C(=O)N%14CN%15C1=O,CSCC[C@@H](C(=O)N)NC(=O)[C@@H](NC(=O)[C@@H](NC(=O)CNC(=O)C([C@H](O)C)N)C)Cc1ccccc1,cucurbituril,4.317299842834473,O=C1N2CN3C(=O)N4CN5C(=O)N6CN7C(=O)N8CN9C(=O)N%10CN%11C(=O)N%12CN%13C(=O)N%14CN1C1C2N2CN%15C(=O)N(CN%16C(=O)N(CN%17C(=O)N(CN%18C(=O)N(CN%19C(=O)N(CN%20C(=O)N(CN1C2=O)C%14C%13%20)C%12C%11%19)C%10C9%18)C8C7%17)C6C5%16)C4C3%15,2DC65D621E765ED6549674FF1EC52FA438C064AF813048BB637692837EF09315,HOST_CAN_0144,PASS,CSCC[C@H](NC(=O)[C@H](Cc1ccccc1)NC(=O)[C@H](C)NC(=O)CNC(=O)C(N)[C@@H](C)O)C(N)=O,27BEEAE60B06E3DB7EBB8DE9FF947436E8B1CA84C8F0EFCA9E143BC23D1DA6AE,GUEST_CAN_0534,PASS,5.861972,XGB_pair,4,5
2243,188,1099,C1N2C3C4N(C2=O)CN5C6C7N(C5=O)CN8C9C2N(C8=O)CN5C8C%10N(C5=O)CN5C%11C%12N(C5=O)CN5C%13C%14N(C5=O)CN5C%15C(N1C5=O)N1CN3C(=O)N4CN6C(=O)N7CN9C(=O)N2CN8C(=O)N%10CN%11C(=O)N%12CN%13C(=O)N%14CN%15C1=O,ClC12C=CC3(O2)CNCC3C1,cucurbituril,6.799300193786621,O=C1N2CN3C(=O)N4CN5C(=O)N6CN7C(=O)N8CN9C(=O)N%10CN%11C(=O)N%12CN%13C(=O)N%14CN1C1C2N2CN%15C(=O)N(CN%16C(=O)N(CN%17C(=O)N(CN%18C(=O)N(CN%19C(=O)N(CN%20C(=O)N(CN1C2=O)C%14C%13%20)C%12C%11%19)C%10C9%18)C8C7%17)C6C5%16)C4C3%15,2DC65D621E765ED6549674FF1EC52FA438C064AF813048BB637692837EF09315,HOST_CAN_0144,PASS,ClC12C=CC3(CNCC3C1)O2,E24A3C552F9C99AC8A19CC1C6BCD86ABA582D1394BB912FD26CA4B6F3D98CC40,GUEST_CAN_0696,PASS,5.980354,XGB_pair,4,5
2244,188,1100,C1N2C3C4N(C2=O)CN5C6C7N(C5=O)CN8C9C2N(C8=O)CN5C8C%10N(C5=O)CN5C%11C%12N(C5=O)CN5C%13C%14N(C5=O)CN5C%15C(N1C5=O)N1CN3C(=O)N4CN6C(=O)N7CN9C(=O)N2CN8C(=O)N%10CN%11C(=O)N%12CN%13C(=O)N%14CN%15C1=O,CSCCC(C(=O)O)NC(=O)C(CC1=CC=CC=C1)N,cucurbituril,7.146100044250488,O=C1N2CN3C(=O)N4CN5C(=O)N6CN7C(=O)N8CN9C(=O)N%10CN%11C(=O)N%12CN%13C(=O)N%14CN1C1C2N2CN%15C(=O)N(CN%16C(=O)N(CN%17C(=O)N(CN%18C(=O)N(CN%19C(=O)N(CN%20C(=O)N(CN1C2=O)C%14C%13%20)C%12C%11%19)C%10C9%18)C8C7%17)C6C5%16)C4C3%15,2DC65D621E765ED6549674FF1EC52FA438C064AF813048BB637692837EF09315,HOST_CAN_0144,PASS,CSCCC(NC(=O)C(N)Cc1ccccc1)C(=O)O,907D89788FA0FB6BF2C4B01404AA8935D7E20C0A839606E72F75094FC6723DC7,GUEST_CAN_0518,PASS,4.3262544,XGB_pair,4,5
2247,188,540,C1N2C3C4N(C2=O)CN5C6C7N(C5=O)CN8C9C2N(C8=O)CN5C8C%10N(C5=O)CN5C%11C%12N(C5=O)CN5C%13C%14N(C5=O)CN5C%15C(N1C5=O)N1CN3C(=O)N4CN6C(=O)N7CN9C(=O)N2CN8C(=O)N%10CN%11C(=O)N%12CN%13C(=O)N%14CN%15C1=O,C1C2CC3CC1CC(C2)(C3)[NH3+],cucurbituril,14.230400085449219,O=C1N2CN3C(=O)N4CN5C(=O)N6CN7C(=O)N8CN9C(=O)N%10CN%11C(=O)N%12CN%13C(=O)N%14CN1C1C2N2CN%15C(=O)N(CN%16C(=O)N(CN%17C(=O)N(CN%18C(=O)N(CN%19C(=O)N(CN%20C(=O)N(CN1C2=O)C%14C%13%20)C%12C%11%19)C%10C9%18)C8C7%17)C6C5%16)C4C3%15,2DC65D621E765ED6549674FF1EC52FA438C064AF813048BB637692837EF09315,HOST_CAN_0144,PASS,[NH3+]C12CC3CC(CC(C3)C1)C2,B35418080EFA563571273C6E3EC93ECC4BAA31A52E8EA95A4E158E37C4767C1F,GUEST_CAN_1075,PASS,7.765704,XGB_pair,4,5
2253,188,171,C1N2C3C4N(C2=O)CN5C6C7N(C5=O)CN8C9C2N(C8=O)CN5C8C%10N(C5=O)CN5C%11C%12N(C5=O)CN5C%13C%14N(C5=O)CN5C%15C(N1C5=O)N1CN3C(=O)N4CN6C(=O)N7CN9C(=O)N2CN8C(=O)N%10CN%11C(=O)N%12CN%13C(=O)N%14CN%15C1=O,C1=CC(=C(C=C1CCN)O)O,cucurbituril,5.668399810791016,O=C1N2CN3C(=O)N4CN5C(=O)N6CN7C(=O)N8CN9C(=O)N%10CN%11C(=O)N%12CN%13C(=O)N%14CN1C1C2N2CN%15C(=O)N(CN%16C(=O)N(CN%17C(=O)N(CN%18C(=O)N(CN%19C(=O)N(CN%20C(=O)N(CN1C2=O)C%14C%13%20)C%12C%11%19)C%10C9%18)C8C7%17)C6C5%16)C4C3%15,2DC65D621E765ED6549674FF1EC52FA438C064AF813048BB637692837EF09315,HOST_CAN_0144,PASS,NCCc1ccc(O)c(O)c1,8C989074BC36C962545C6731CBB09A9BCEAD59D65B1AEE4A0B8B096CFFB8E510,GUEST_CAN_0808,PASS,4.141596,XGB_pair,4,5
2261,188,243,C1N2C3C4N(C2=O)CN5C6C7N(C5=O)CN8C9C2N(C8=O)CN5C8C%10N(C5=O)CN5C%11C%12N(C5=O)CN5C%13C%14N(C5=O)CN5C%15C(N1C5=O)N1CN3C(=O)N4CN6C(=O)N7CN9C(=O)N2CN8C(=O)N%10CN%11C(=O)N%12CN%13C(=O)N%14CN%15C1=O,Cl[Yb](Cl)Cl,cucurbituril,4.420000076293945,O=C1N2CN3C(=O)N4CN5C(=O)N6CN7C(=O)N8CN9C(=O)N%10CN%11C(=O)N%12CN%13C(=O)N%14CN1C1C2N2CN%15C(=O)N(CN%16C(=O)N(CN%17C(=O)N(CN%18C(=O)N(CN%19C(=O)N(CN%20C(=O)N(CN1C2=O)C%14C%13%20)C%12C%11%19)C%10C9%18)C8C7%17)C6C5%16)C4C3%15,2DC65D621E765ED6549674FF1EC52FA438C064AF813048BB637692837EF09315,HOST_CAN_0144,PASS,[Cl][Yb]([Cl])[Cl],59CFD47D9F207EC2824B835E6D02D9135A48C726F605678F4A01D79FC70A9A4A,GUEST_CAN_1048,PASS,5.984052,XGB_pair,4,5
2266,188,1105,C1N2C3C4N(C2=O)CN5C6C7N(C5=O)CN8C9C2N(C8=O)CN5C8C%10N(C5=O)CN5C%11C%12N(C5=O)CN5C%13C%14N(C5=O)CN5C%15C(N1C5=O)N1CN3C(=O)N4CN6C(=O)N7CN9C(=O)N2CN8C(=O)N%10CN%11C(=O)N%12CN%13C(=O)N%14CN%15C1=O,C[N+](C=C1)=CC=C1SC2=CC(C(C=C2)=C3N=C(C4=C5C=CC(SC6=CC=[N+](C)C=C6)=C4)[N+]7=C5N=C8C(C=C(SC9=CC=[N+](C)C=C9)C=C%10)=C%10C%11=NC%12=[N+]%13[Zn-2](N3%14)7N8%11)=C%14N=C%13C%15=C%12C=C(SC%16=CC=[N+](C)C=C%16)C=C%15,cucurbituril,4.741000175476074,O=C1N2CN3C(=O)N4CN5C(=O)N6CN7C(=O)N8CN9C(=O)N%10CN%11C(=O)N%12CN%13C(=O)N%14CN1C1C2N2CN%15C(=O)N(CN%16C(=O)N(CN%17C(=O)N(CN%18C(=O)N(CN%19C(=O)N(CN%20C(=O)N(CN1C2=O)C%14C%13%20)C%12C%11%19)C%10C9%18)C8C7%17)C6C5%16)C4C3%15,2DC65D621E765ED6549674FF1EC52FA438C064AF813048BB637692837EF09315,HOST_CAN_0144,PASS,C[n+]1ccc(Sc2ccc3c(c2)C2=Nc4c5ccc(Sc6cc[n+](C)cc6)cc5c5[n]4[Zn-2]46[n]7c(c8ccc(Sc9cc[n+](C)cc9)cc8c7=NC3=[N+]24)=NC2=[N+]6C(=N5)c3ccc(Sc4cc[n+](C)cc4)cc32)cc1,34089A550BC0F8A0A6156A72AD612A93282FFD98E5FDADE9D9A8715D0D0D8EFC,GUEST_CAN_0636,PASS,5.9431434,XGB_pair,4,5
2272,188,1108,C1N2C3C4N(C2=O)CN5C6C7N(C5=O)CN8C9C2N(C8=O)CN5C8C%10N(C5=O)CN5C%11C%12N(C5=O)CN5C%13C%14N(C5=O)CN5C%15C(N1C5=O)N1CN3C(=O)N4CN6C(=O)N7CN9C(=O)N2CN8C(=O)N%10CN%11C(=O)N%12CN%13C(=O)N%14CN%15C1=O,OCCOCCOCCOCCN1C=C2[N](=N1)[Pt]([N]1=C2C=CC=C1)(Cl)Cl,cucurbituril,4.250400066375732,O=C1N2CN3C(=O)N4CN5C(=O)N6CN7C(=O)N8CN9C(=O)N%10CN%11C(=O)N%12CN%13C(=O)N%14CN1C1C2N2CN%15C(=O)N(CN%16C(=O)N(CN%17C(=O)N(CN%18C(=O)N(CN%19C(=O)N(CN%20C(=O)N(CN1C2=O)C%14C%13%20)C%12C%11%19)C%10C9%18)C8C7%17)C6C5%16)C4C3%15,2DC65D621E765ED6549674FF1EC52FA438C064AF813048BB637692837EF09315,HOST_CAN_0144,PASS,OCCOCCOCCOCCn1cc2-c3cccc[n]3->[Pt]([Cl])([Cl])<-[n]2n1,FEAC7DAF3EDD80939E7A98AF826C3CAC1BF409AC19894C377B87F626DE18DA12,GUEST_CAN_0978,PASS,4.7462234,XGB_pair,4,5
2277,188,985,C1N2C3C4N(C2=O)CN5C6C7N(C5=O)CN8C9C2N(C8=O)CN5C8C%10N(C5=O)CN5C%11C%12N(C5=O)CN5C%13C%14N(C5=O)CN5C%15C(N1C5=O)N1CN3C(=O)N4CN6C(=O)N7CN9C(=O)N2CN8C(=O)N%10CN%11C(=O)N%12CN%13C(=O)N%14CN%15C1=O,C[N+]1=CC=C(C=C1)C2=C3C=CC(=C(C4=NC(=C(C5=CC=C(N5)C(=C6C=CC2=N6)C7=CC=[N+](C=C7)C)C8=CC=[N+](C=C8)C)C=C4)C9=CC=[N+](C=C9)C)N3,cucurbituril,4.91379976272583,O=C1N2CN3C(=O)N4CN5C(=O)N6CN7C(=O)N8CN9C(=O)N%10CN%11C(=O)N%12CN%13C(=O)N%14CN1C1C2N2CN%15C(=O)N(CN%16C(=O)N(CN%17C(=O)N(CN%18C(=O)N(CN%19C(=O)N(CN%20C(=O)N(CN1C2=O)C%14C%13%20)C%12C%11%19)C%10C9%18)C8C7%17)C6C5%16)C4C3%15,2DC65D621E765ED6549674FF1EC52FA438C064AF813048BB637692837EF09315,HOST_CAN_0144,PASS,C[n+]1ccc(-c2c3nc(c(-c4cc[n+](C)cc4)c4ccc([nH]4)c(-c4cc[n+](C)cc4)c4nc(c(-c5cc[n+](C)cc5)c5ccc2[nH]5)C=C4)C=C3)cc1,CA00D38A747A334F988F4BF7C7A697DB64977046091C4765989707F0374C9D32,GUEST_CAN_0621,PASS,6.9956775,XGB_pair,4,5
2287,188,853,C1N2C3C4N(C2=O)CN5C6C7N(C5=O)CN8C9C2N(C8=O)CN5C8C%10N(C5=O)CN5C%11C%12N(C5=O)CN5C%13C%14N(C5=O)CN5C%15C(N1C5=O)N1CN3C(=O)N4CN6C(=O)N7CN9C(=O)N2CN8C(=O)N%10CN%11C(=O)N%12CN%13C(=O)N%14CN%15C1=O,[Cl-].[Cl-].[Ba+2],cucurbituril,5.030600070953369,O=C1N2CN3C(=O)N4CN5C(=O)N6CN7C(=O)N8CN9C(=O)N%10CN%11C(=O)N%12CN%13C(=O)N%14CN1C1C2N2CN%15C(=O)N(CN%16C(=O)N(CN%17C(=O)N(CN%18C(=O)N(CN%19C(=O)N(CN%20C(=O)N(CN1C2=O)C%14C%13%20)C%12C%11%19)C%10C9%18)C8C7%17)C6C5%16)C4C3%15,2DC65D621E765ED6549674FF1EC52FA438C064AF813048BB637692837EF09315,HOST_CAN_0144,PASS,[Ba+2].[Cl-].[Cl-],CC6C217A0D62B006B4A509CD7576F33E67A89C36B266641A0078C4262754A82B,GUEST_CAN_1013,PASS,5.940073,XGB_pair,4,5
2289,188,104,C1N2C3C4N(C2=O)CN5C6C7N(C5=O)CN8C9C2N(C8=O)CN5C8C%10N(C5=O)CN5C%11C%12N(C5=O)CN5C%13C%14N(C5=O)CN5C%15C(N1C5=O)N1CN3C(=O)N4CN6C(=O)N7CN9C(=O)N2CN8C(=O)N%10CN%11C(=O)N%12CN%13C(=O)N%14CN%15C1=O,C1CC2CCC1N=N2,cucurbituril,7.127099990844727,O=C1N2CN3C(=O)N4CN5C(=O)N6CN7C(=O)N8CN9C(=O)N%10CN%11C(=O)N%12CN%13C(=O)N%14CN1C1C2N2CN%15C(=O)N(CN%16C(=O)N(CN%17C(=O)N(CN%18C(=O)N(CN%19C(=O)N(CN%20C(=O)N(CN1C2=O)C%14C%13%20)C%12C%11%19)C%10C9%18)C8C7%17)C6C5%16)C4C3%15,2DC65D621E765ED6549674FF1EC52FA438C064AF813048BB637692837EF09315,HOST_CAN_0144,PASS,C1CC2CCC1N=N2,28524F2C321EA80222CEAE7EE74FE527F854D218FD4782A52CD6A817541C8DDA,GUEST_CAN_0024,PASS,5.006645,XGB_pair,4,5
2297,188,103,C1N2C3C4N(C2=O)CN5C6C7N(C5=O)CN8C9C2N(C8=O)CN5C8C%10N(C5=O)CN5C%11C%12N(C5=O)CN5C%13C%14N(C5=O)CN5C%15C(N1C5=O)N1CN3C(=O)N4CN6C(=O)N7CN9C(=O)N2CN8C(=O)N%10CN%11C(=O)N%12CN%13C(=O)N%14CN%15C1=O,CN(C)C1=CC=C(C=C1)C#N,cucurbituril,5.402400016784668,O=C1N2CN3C(=O)N4CN5C(=O)N6CN7C(=O)N8CN9C(=O)N%10CN%11C(=O)N%12CN%13C(=O)N%14CN1C1C2N2CN%15C(=O)N(CN%16C(=O)N(CN%17C(=O)N(CN%18C(=O)N(CN%19C(=O)N(CN%20C(=O)N(CN1C2=O)C%14C%13%20)C%12C%11%19)C%10C9%18)C8C7%17)C6C5%16)C4C3%15,2DC65D621E765ED6549674FF1EC52FA438C064AF813048BB637692837EF09315,HOST_CAN_0144,PASS,CN(C)c1ccc(C#N)cc1,F00B3B125A779B4E82547A15D344BF9EF0EFBEFED97B1235AF377FD0C1A186BB,GUEST_CAN_0403,PASS,4.3187957,XGB_pair,4,5
2301,188,1124,C1N2C3C4N(C2=O)CN5C6C7N(C5=O)CN8C9C2N(C8=O)CN5C8C%10N(C5=O)CN5C%11C%12N(C5=O)CN5C%13C%14N(C5=O)CN5C%15C(N1C5=O)N1CN3C(=O)N4CN6C(=O)N7CN9C(=O)N2CN8C(=O)N%10CN%11C(=O)N%12CN%13C(=O)N%14CN%15C1=O,CCCCCCCCN1C=C[N+](=C1)C.[Cl-],cucurbituril,6.949399948120117,O=C1N2CN3C(=O)N4CN5C(=O)N6CN7C(=O)N8CN9C(=O)N%10CN%11C(=O)N%12CN%13C(=O)N%14CN1C1C2N2CN%15C(=O)N(CN%16C(=O)N(CN%17C(=O)N(CN%18C(=O)N(CN%19C(=O)N(CN%20C(=O)N(CN1C2=O)C%14C%13%20)C%12C%11%19)C%10C9%18)C8C7%17)C6C5%16)C4C3%15,2DC65D621E765ED6549674FF1EC52FA438C064AF813048BB637692837EF09315,HOST_CAN_0144,PASS,CCCCCCCCn1cc[n+](C)c1.[Cl-],5EC1FD57F07E47E36E20B7D4D01762F0A6EBAF75453242C1F0183BAB303FF892,GUEST_CAN_0292,PASS,6.1832786,XGB_pair,4,5
2315,188,768,C1N2C3C4N(C2=O)CN5C6C7N(C5=O)CN8C9C2N(C8=O)CN5C8C%10N(C5=O)CN5C%11C%12N(C5=O)CN5C%13C%14N(C5=O)CN5C%15C(N1C5=O)N1CN3C(=O)N4CN6C(=O)N7CN9C(=O)N2CN8C(=O)N%10CN%11C(=O)N%12CN%13C(=O)N%14CN%15C1=O,CCNC1=C(C=C2C(=C1)OC3=CC(=[NH+]CC)C(=CC3=C2C4=CC=CC=C4C(=O)OCC)C)C.[Cl-],cucurbituril,4.698999881744385,O=C1N2CN3C(=O)N4CN5C(=O)N6CN7C(=O)N8CN9C(=O)N%10CN%11C(=O)N%12CN%13C(=O)N%14CN1C1C2N2CN%15C(=O)N(CN%16C(=O)N(CN%17C(=O)N(CN%18C(=O)N(CN%19C(=O)N(CN%20C(=O)N(CN1C2=O)C%14C%13%20)C%12C%11%19)C%10C9%18)C8C7%17)C6C5%16)C4C3%15,2DC65D621E765ED6549674FF1EC52FA438C064AF813048BB637692837EF09315,HOST_CAN_0144,PASS,CCNc1cc2oc3cc(=[NH+]CC)c(C)cc-3c(-c3ccccc3C(=O)OCC)c2cc1C.[Cl-],7747AE094C60B01CC68A562B284C6966F13F3487956DAAB5A7B13BEFB4A724EF,GUEST_CAN_0359,PASS,5.6796308,XGB_pair,4,5
2319,188,438,C1N2C3C4N(C2=O)CN5C6C7N(C5=O)CN8C9C2N(C8=O)CN5C8C%10N(C5=O)CN5C%11C%12N(C5=O)CN5C%13C%14N(C5=O)CN5C%15C(N1C5=O)N1CN3C(=O)N4CN6C(=O)N7CN9C(=O)N2CN8C(=O)N%10CN%11C(=O)N%12CN%13C(=O)N%14CN%15C1=O,[N+](=O)(O)[O-],cucurbituril,1.9443000555038452,O=C1N2CN3C(=O)N4CN5C(=O)N6CN7C(=O)N8CN9C(=O)N%10CN%11C(=O)N%12CN%13C(=O)N%14CN1C1C2N2CN%15C(=O)N(CN%16C(=O)N(CN%17C(=O)N(CN%18C(=O)N(CN%19C(=O)N(CN%20C(=O)N(CN1C2=O)C%14C%13%20)C%12C%11%19)C%10C9%18)C8C7%17)C6C5%16)C4C3%15,2DC65D621E765ED6549674FF1EC52FA438C064AF813048BB637692837EF09315,HOST_CAN_0144,PASS,O=[N+]([O-])O,746223A38410CCB722F9D000E7997C45EFB69E6EC772013A25D3AA01953298C0,GUEST_CAN_0939,PASS,3.7455652,XGB_pair,4,5
2321,188,419,C1N2C3C4N(C2=O)CN5C6C7N(C5=O)CN8C9C2N(C8=O)CN5C8C%10N(C5=O)CN5C%11C%12N(C5=O)CN5C%13C%14N(C5=O)CN5C%15C(N1C5=O)N1CN3C(=O)N4CN6C(=O)N7CN9C(=O)N2CN8C(=O)N%10CN%11C(=O)N%12CN%13C(=O)N%14CN%15C1=O,CCCCCC[N+](C)(C)C.[Br-],cucurbituril,6.7403998374938965,O=C1N2CN3C(=O)N4CN5C(=O)N6CN7C(=O)N8CN9C(=O)N%10CN%11C(=O)N%12CN%13C(=O)N%14CN1C1C2N2CN%15C(=O)N(CN%16C(=O)N(CN%17C(=O)N(CN%18C(=O)N(CN%19C(=O)N(CN%20C(=O)N(CN1C2=O)C%14C%13%20)C%12C%11%19)C%10C9%18)C8C7%17)C6C5%16)C4C3%15,2DC65D621E765ED6549674FF1EC52FA438C064AF813048BB637692837EF09315,HOST_CAN_0144,PASS,CCCCCC[N+](C)(C)C.[Br-],76B55977AFC0302462D04F005374F747475B4920E68C74B0533B003CB28CB41E,GUEST_CAN_0297,PASS,6.41261,XGB_pair,4,5
2327,188,470,C1N2C3C4N(C2=O)CN5C6C7N(C5=O)CN8C9C2N(C8=O)CN5C8C%10N(C5=O)CN5C%11C%12N(C5=O)CN5C%13C%14N(C5=O)CN5C%15C(N1C5=O)N1CN3C(=O)N4CN6C(=O)N7CN9C(=O)N2CN8C(=O)N%10CN%11C(=O)N%12CN%13C(=O)N%14CN%15C1=O,CS(=O)C,cucurbituril,2.130000114440918,O=C1N2CN3C(=O)N4CN5C(=O)N6CN7C(=O)N8CN9C(=O)N%10CN%11C(=O)N%12CN%13C(=O)N%14CN1C1C2N2CN%15C(=O)N(CN%16C(=O)N(CN%17C(=O)N(CN%18C(=O)N(CN%19C(=O)N(CN%20C(=O)N(CN1C2=O)C%14C%13%20)C%12C%11%19)C%10C9%18)C8C7%17)C6C5%16)C4C3%15,2DC65D621E765ED6549674FF1EC52FA438C064AF813048BB637692837EF09315,HOST_CAN_0144,PASS,CS(C)=O,EF4A329FE2B9444E2AE17D5A7D6B0FD38E35D5EAE829D6CA83527841C4D3898F,GUEST_CAN_0511,PASS,4.7474375,XGB_pair,4,5
2335,188,1136,C1N2C3C4N(C2=O)CN5C6C7N(C5=O)CN8C9C2N(C8=O)CN5C8C%10N(C5=O)CN5C%11C%12N(C5=O)CN5C%13C%14N(C5=O)CN5C%15C(N1C5=O)N1CN3C(=O)N4CN6C(=O)N7CN9C(=O)N2CN8C(=O)N%10CN%11C(=O)N%12CN%13C(=O)N%14CN%15C1=O,O=C(OCC1=CC=CC=C1)C2=CC=CC=C2C(C3=CC=C(N(CC)CC)C=C3O4)=C(C=C/5)C4=CC5=[N+](CC)\CC,cucurbituril,5.041399955749512,O=C1N2CN3C(=O)N4CN5C(=O)N6CN7C(=O)N8CN9C(=O)N%10CN%11C(=O)N%12CN%13C(=O)N%14CN1C1C2N2CN%15C(=O)N(CN%16C(=O)N(CN%17C(=O)N(CN%18C(=O)N(CN%19C(=O)N(CN%20C(=O)N(CN1C2=O)C%14C%13%20)C%12C%11%19)C%10C9%18)C8C7%17)C6C5%16)C4C3%15,2DC65D621E765ED6549674FF1EC52FA438C064AF813048BB637692837EF09315,HOST_CAN_0144,PASS,CCN(CC)c1ccc2c(-c3ccccc3C(=O)OCc3ccccc3)c3ccc(=[N+](CC)CC)cc-3oc2c1,CBCA14E9BAC25F7BA26C3A0DA74F75C3987F11E50B8A12DA9E156D2AF5107C86,GUEST_CAN_0348,PASS,6.1529274,XGB_pair,4,5
2343,188,1141,C1N2C3C4N(C2=O)CN5C6C7N(C5=O)CN8C9C2N(C8=O)CN5C8C%10N(C5=O)CN5C%11C%12N(C5=O)CN5C%13C%14N(C5=O)CN5C%15C(N1C5=O)N1CN3C(=O)N4CN6C(=O)N7CN9C(=O)N2CN8C(=O)N%10CN%11C(=O)N%12CN%13C(=O)N%14CN%15C1=O,CCN(c1ccc2c(c1)oc(=O)c(c2)/C=C/c1cc[n+](cc1)C)CC.[I-],cucurbituril,10.07919979095459,O=C1N2CN3C(=O)N4CN5C(=O)N6CN7C(=O)N8CN9C(=O)N%10CN%11C(=O)N%12CN%13C(=O)N%14CN1C1C2N2CN%15C(=O)N(CN%16C(=O)N(CN%17C(=O)N(CN%18C(=O)N(CN%19C(=O)N(CN%20C(=O)N(CN1C2=O)C%14C%13%20)C%12C%11%19)C%10C9%18)C8C7%17)C6C5%16)C4C3%15,2DC65D621E765ED6549674FF1EC52FA438C064AF813048BB637692837EF09315,HOST_CAN_0144,PASS,CCN(CC)c1ccc2cc(/C=C/c3cc[n+](C)cc3)c(=O)oc2c1.[I-],DF892F98BE5EFABFD6D53E338AA833D972F67789EC003EBDF1EA5537984F420C,GUEST_CAN_0352,PASS,6.254389,XGB_pair,4,5
2345,188,1142,C1N2C3C4N(C2=O)CN5C6C7N(C5=O)CN8C9C2N(C8=O)CN5C8C%10N(C5=O)CN5C%11C%12N(C5=O)CN5C%13C%14N(C5=O)CN5C%15C(N1C5=O)N1CN3C(=O)N4CN6C(=O)N7CN9C(=O)N2CN8C(=O)N%10CN%11C(=O)N%12CN%13C(=O)N%14CN%15C1=O,C[N+](c1ccc2c(c1)cc1c(c2)cccc1)(C)C.[Cl-],cucurbituril,5.612800121307373,O=C1N2CN3C(=O)N4CN5C(=O)N6CN7C(=O)N8CN9C(=O)N%10CN%11C(=O)N%12CN%13C(=O)N%14CN1C1C2N2CN%15C(=O)N(CN%16C(=O)N(CN%17C(=O)N(CN%18C(=O)N(CN%19C(=O)N(CN%20C(=O)N(CN1C2=O)C%14C%13%20)C%12C%11%19)C%10C9%18)C8C7%17)C6C5%16)C4C3%15,2DC65D621E765ED6549674FF1EC52FA438C064AF813048BB637692837EF09315,HOST_CAN_0144,PASS,C[N+](C)(C)c1ccc2cc3ccccc3cc2c1.[Cl-],036FA5CB44571DA69EA38AEFC58042F59F70CB74E8FE7B7D0CC11FD4637849C9,GUEST_CAN_0584,PASS,5.554399,XGB_pair,4,5
2346,188,1143,C1N2C3C4N(C2=O)CN5C6C7N(C5=O)CN8C9C2N(C8=O)CN5C8C%10N(C5=O)CN5C%11C%12N(C5=O)CN5C%13C%14N(C5=O)CN5C%15C(N1C5=O)N1CN3C(=O)N4CN6C(=O)N7CN9C(=O)N2CN8C(=O)N%10CN%11C(=O)N%12CN%13C(=O)N%14CN%15C1=O,[Eu+3],cucurbituril,3.3010001182556152,O=C1N2CN3C(=O)N4CN5C(=O)N6CN7C(=O)N8CN9C(=O)N%10CN%11C(=O)N%12CN%13C(=O)N%14CN1C1C2N2CN%15C(=O)N(CN%16C(=O)N(CN%17C(=O)N(CN%18C(=O)N(CN%19C(=O)N(CN%20C(=O)N(CN1C2=O)C%14C%13%20)C%12C%11%19)C%10C9%18)C8C7%17)C6C5%16)C4C3%15,2DC65D621E765ED6549674FF1EC52FA438C064AF813048BB637692837EF09315,HOST_CAN_0144,PASS,[Eu+3],0A527BCBB0B382CCDB9590688E4048F1C56FD9E1FFE67A933FEA50585007C4E8,GUEST_CAN_1054,PASS,5.136487,XGB_pair,4,5
2352,188,828,C1N2C3C4N(C2=O)CN5C6C7N(C5=O)CN8C9C2N(C8=O)CN5C8C%10N(C5=O)CN5C%11C%12N(C5=O)CN5C%13C%14N(C5=O)CN5C%15C(N1C5=O)N1CN3C(=O)N4CN6C(=O)N7CN9C(=O)N2CN8C(=O)N%10CN%11C(=O)N%12CN%13C(=O)N%14CN%15C1=O,C(CCC[NH3+])CC[NH3+],cucurbituril,9.322199821472168,O=C1N2CN3C(=O)N4CN5C(=O)N6CN7C(=O)N8CN9C(=O)N%10CN%11C(=O)N%12CN%13C(=O)N%14CN1C1C2N2CN%15C(=O)N(CN%16C(=O)N(CN%17C(=O)N(CN%18C(=O)N(CN%19C(=O)N(CN%20C(=O)N(CN1C2=O)C%14C%13%20)C%12C%11%19)C%10C9%18)C8C7%17)C6C5%16)C4C3%15,2DC65D621E765ED6549674FF1EC52FA438C064AF813048BB637692837EF09315,HOST_CAN_0144,PASS,[NH3+]CCCCCC[NH3+],F8B64A9C0C6C3056EB057C2D05280D91AB693D755C321785452FCBD6116BF573,GUEST_CAN_1085,PASS,6.752875,XGB_pair,4,5
2359,188,1149,C1N2C3C4N(C2=O)CN5C6C7N(C5=O)CN8C9C2N(C8=O)CN5C8C%10N(C5=O)CN5C%11C%12N(C5=O)CN5C%13C%14N(C5=O)CN5C%15C(N1C5=O)N1CN3C(=O)N4CN6C(=O)N7CN9C(=O)N2CN8C(=O)N%10CN%11C(=O)N%12CN%13C(=O)N%14CN%15C1=O,C1CC2(CCC1(CC2)CO)CO,cucurbituril,9.785300254821777,O=C1N2CN3C(=O)N4CN5C(=O)N6CN7C(=O)N8CN9C(=O)N%10CN%11C(=O)N%12CN%13C(=O)N%14CN1C1C2N2CN%15C(=O)N(CN%16C(=O)N(CN%17C(=O)N(CN%18C(=O)N(CN%19C(=O)N(CN%20C(=O)N(CN1C2=O)C%14C%13%20)C%12C%11%19)C%10C9%18)C8C7%17)C6C5%16)C4C3%15,2DC65D621E765ED6549674FF1EC52FA438C064AF813048BB637692837EF09315,HOST_CAN_0144,PASS,OCC12CCC(CO)(CC1)CC2,F95B7E466EB461F842D5B720B697CAC5DC6DC08AFCC1B1A2A53B4AD09E2C49EC,GUEST_CAN_0969,PASS,5.937774,XGB_pair,4,5
2369,188,558,C1N2C3C4N(C2=O)CN5C6C7N(C5=O)CN8C9C2N(C8=O)CN5C8C%10N(C5=O)CN5C%11C%12N(C5=O)CN5C%13C%14N(C5=O)CN5C%15C(N1C5=O)N1CN3C(=O)N4CN6C(=O)N7CN9C(=O)N2CN8C(=O)N%10CN%11C(=O)N%12CN%13C(=O)N%14CN%15C1=O,C1=CC=C(C=C1)NC2=CC3=C(C=C2)C=C(C=C3)S(=O)(=O)[O-],cucurbituril,2.7781999111175537,O=C1N2CN3C(=O)N4CN5C(=O)N6CN7C(=O)N8CN9C(=O)N%10CN%11C(=O)N%12CN%13C(=O)N%14CN1C1C2N2CN%15C(=O)N(CN%16C(=O)N(CN%17C(=O)N(CN%18C(=O)N(CN%19C(=O)N(CN%20C(=O)N(CN1C2=O)C%14C%13%20)C%12C%11%19)C%10C9%18)C8C7%17)C6C5%16)C4C3%15,2DC65D621E765ED6549674FF1EC52FA438C064AF813048BB637692837EF09315,HOST_CAN_0144,PASS,O=S(=O)([O-])c1ccc2cc(Nc3ccccc3)ccc2c1,0824CC1DB2624A014F85DD652F99EC1BBB673337CABFEF6F0B2F4C09F94496B2,GUEST_CAN_0937,PASS,5.5824018,XGB_pair,4,5
2371,188,452,C1N2C3C4N(C2=O)CN5C6C7N(C5=O)CN8C9C2N(C8=O)CN5C8C%10N(C5=O)CN5C%11C%12N(C5=O)CN5C%13C%14N(C5=O)CN5C%15C(N1C5=O)N1CN3C(=O)N4CN6C(=O)N7CN9C(=O)N2CN8C(=O)N%10CN%11C(=O)N%12CN%13C(=O)N%14CN%15C1=O,CC12CC(C3C(C1CCC2(C(=O)CO)O)CCC4=CC(=O)C=CC34C)O,cucurbituril,3.0,O=C1N2CN3C(=O)N4CN5C(=O)N6CN7C(=O)N8CN9C(=O)N%10CN%11C(=O)N%12CN%13C(=O)N%14CN1C1C2N2CN%15C(=O)N(CN%16C(=O)N(CN%17C(=O)N(CN%18C(=O)N(CN%19C(=O)N(CN%20C(=O)N(CN1C2=O)C%14C%13%20)C%12C%11%19)C%10C9%18)C8C7%17)C6C5%16)C4C3%15,2DC65D621E765ED6549674FF1EC52FA438C064AF813048BB637692837EF09315,HOST_CAN_0144,PASS,CC12C=CC(=O)C=C1CCC1C2C(O)CC2(C)C1CCC2(O)C(=O)CO,3F20FC56036425BF8AB5E1808E75B4F5EBF5537AE923BB0E05F8FABB26BF0D99,GUEST_CAN_0215,PASS,5.6887283,XGB_pair,4,5
2378,188,567,C1N2C3C4N(C2=O)CN5C6C7N(C5=O)CN8C9C2N(C8=O)CN5C8C%10N(C5=O)CN5C%11C%12N(C5=O)CN5C%13C%14N(C5=O)CN5C%15C(N1C5=O)N1CN3C(=O)N4CN6C(=O)N7CN9C(=O)N2CN8C(=O)N%10CN%11C(=O)N%12CN%13C(=O)N%14CN%15C1=O,C[N+]1=CC=C(C=C1)C2=CC=[N+](C=C2)CCC[NH3+],cucurbituril,7.146100044250488,O=C1N2CN3C(=O)N4CN5C(=O)N6CN7C(=O)N8CN9C(=O)N%10CN%11C(=O)N%12CN%13C(=O)N%14CN1C1C2N2CN%15C(=O)N(CN%16C(=O)N(CN%17C(=O)N(CN%18C(=O)N(CN%19C(=O)N(CN%20C(=O)N(CN1C2=O)C%14C%13%20)C%12C%11%19)C%10C9%18)C8C7%17)C6C5%16)C4C3%15,2DC65D621E765ED6549674FF1EC52FA438C064AF813048BB637692837EF09315,HOST_CAN_0144,PASS,C[n+]1ccc(-c2cc[n+](CCC[NH3+])cc2)cc1,5AF9011ACD490192411E4F4F4466541B7D70B44981EE48C9786433D9FE240D16,GUEST_CAN_0629,PASS,5.9198794,XGB_pair,4,5
2381,188,1163,C1N2C3C4N(C2=O)CN5C6C7N(C5=O)CN8C9C2N(C8=O)CN5C8C%10N(C5=O)CN5C%11C%12N(C5=O)CN5C%13C%14N(C5=O)CN5C%15C(N1C5=O)N1CN3C(=O)N4CN6C(=O)N7CN9C(=O)N2CN8C(=O)N%10CN%11C(=O)N%12CN%13C(=O)N%14CN%15C1=O,[B-](F)(F)(F)F.CCCCN1C=C[N+](=C1)C,cucurbituril,6.880799770355225,O=C1N2CN3C(=O)N4CN5C(=O)N6CN7C(=O)N8CN9C(=O)N%10CN%11C(=O)N%12CN%13C(=O)N%14CN1C1C2N2CN%15C(=O)N(CN%16C(=O)N(CN%17C(=O)N(CN%18C(=O)N(CN%19C(=O)N(CN%20C(=O)N(CN1C2=O)C%14C%13%20)C%12C%11%19)C%10C9%18)C8C7%17)C6C5%16)C4C3%15,2DC65D621E765ED6549674FF1EC52FA438C064AF813048BB637692837EF09315,HOST_CAN_0144,PASS,CCCCn1cc[n+](C)c1.F[B-](F)(F)F,1C66BE62C43450B96869C99CA9D7D14A3A812AD8E5071FC5CEF7C049297EC07F,GUEST_CAN_0326,PASS,5.0271215,XGB_pair,4,5
