row_index,host_id,guest_id,host_smiles,guest_smiles,family,y_true,host_canonical_smiles,host_canonical_key_sha256,host_alias_group_id,host_parse_status,guest_canonical_smiles,guest_canonical_key_sha256,guest_alias_group_id,guest_parse_status,model,seed,regime,fold,y_pred
0,0,0,O=C1N(C2)[C@@](N3CN4[C@]5([H])N2C(N(CN6C(N(C7)[C@@](N8CN9[C@]%10(C)N7C(N(CC%11=C%12C(OCCCS(=O)(O[Na])=O)=C(C=CC=C%13)C%13=C%11OCCCS(=O)(O[Na])=O)[C@]%10(C)N(C%12)C9=O)=O)([H])[C@]6([H])N%14C8=O)=O)[C@]5([H])N(C%14)C4=O)=O)(C)[C@@]%15(C)N1CC%16=C(OCCCS(=O)(O[Na])=O)C(C=CC=C%17)=C%17C(OCCCS(=O)(O[Na])=O)=C%16CN%15C3=O,CC(=O)OC1C(CC2C1(CCC3C2CCC4C3(CC(C(C4)O)N5CCOCC5)C)C)[N+]6(CCCC6)CC=C,cucurbituril,9.531499862670898,C[C@]12N3Cc4c(c(OCCCS(=O)(=O)[O][Na])c5ccccc5c4OCCCS(=O)(=O)[O][Na])CN1C(=O)N1CN4C(=O)N5CN6C(=O)N7CN8C(=O)N9Cc%10c(c(OCCCS(=O)(=O)[O][Na])c%11ccccc%11c%10OCCCS(=O)(=O)[O][Na])CN%10C(=O)N(CN%11C(=O)N(CN%12C(=O)N(CN(C3=O)[C@]12C)[C@@H]4[C@H]%125)[C@@H]6[C@H]%117)[C@]8(C)[C@@]9%10C,9EF4AEE70348DBF45901607A97132AC332124AFAE94A1B457DED67D40489BA37,HOST_CAN_0088,PASS,C=CC[N+]1(C2CC3C4CCC5CC(O)C(N6CCOCC6)CC5(C)C4CCC3(C)C2OC(C)=O)CCCC1,F52AB362BBB873748B76CEDA7907342EEA5F5D2F0774E854A83F5521AED8F3C6,GUEST_CAN_0053,PASS,AttentiveFP,1,random,4,7.367700576782227
3,2,3,C1N2C3C4N(C2=O)CN5C6C7N(C5=O)CN8C9C2N(C8=O)CN5C8C%10N(C5=O)CN5C%11C(N1C5=O)N1CN3C(=O)N4CN6C(=O)N7CN9C(=O)N2CN8C(=O)N%10CN%11C1=O,C[N+]1=C2C(=C3C=CC4=C(C3=C1)OCO4)C=CC5=CC6=C(C=C52)OCO6,cucurbituril,4.082799911499023,O=C1N2CN3C(=O)N4CN5C(=O)N6CN7C(=O)N8CN9C(=O)N%10CN1C1C2N2CN%11C(=O)N(CN%12C(=O)N(CN%13C(=O)N(CN%14C(=O)N(CN1C2=O)C%10C9%14)C8C7%13)C6C5%12)C4C3%11,EE085DEDB538468744A3EBDAC86A0BF01B424E1C1BBF9C3E804B43220B2C1DDA,HOST_CAN_0150,PASS,C[n+]1cc2c3c(ccc2c2ccc4cc5c(cc4c21)OCO5)OCO3,232E12C2CD073D28154FED05C0C8FCDDDE2B8CA8864E27CCCB4D4C935C3224C9,GUEST_CAN_0619,PASS,AttentiveFP,1,random,4,3.7918622493743896
7,6,7,OC(=O)CCC1c2cc3c4cc2O[C@@H]2Oc5c1cc1c(c5)O[C@@H]5Oc6c([C@@H]1CCC(=O)O)cc1[C@H](c7cc(C3CCC(=O)O)c3O[C@H](O4)c4cc8Oc9cc(Oc%10cc2cc(c%10C(=O)O)Oc2cccc(c2)Oc2cc5cc(c2C(=O)O)Oc2cccc(c2)Oc2cc([C@@H](Oc7c3)Oc1c6)cc(Oc1cc(Oc(c4)c8C(=O)O)ccc1)c2C(=O)O)ccc9)CCC(=O)O,C1=CC(=CC=C1C(=O)O)Cl,other,0.9638000130653381,O=C(O)CCC1c2cc3c4cc2O[C@H]2Oc5cc6c(cc51)[C@H](CCC(=O)O)c1cc5c7cc1O[C@H](O6)c1cc6c(C(=O)O)c(c1)Oc1cccc(c1)Oc1cc8cc(c1C(=O)O)Oc1cccc(c1)Oc1cc(cc(c1C(=O)O)Oc1cccc(c1)Oc1cc2cc(c1C(=O)O)Oc1cccc(c1)O6)[C@H](O4)Oc1cc(c(cc1C3CCC(=O)O)[C@H]5CCC(=O)O)O[C@@H]8O7,9910B6C324867B78C538BC824892433086D3864FCBD7A2F3E051B7730A9D9689,HOST_CAN_0118,PASS,O=C(O)c1ccc(Cl)cc1,FFB8075F0C06E5D5ACFE4FE21EBEB42838A7327AC0C38FA093CA39395418CE5B,GUEST_CAN_0884,PASS,AttentiveFP,1,random,4,3.9558746814727783
24,3,24,OC[C@H]1O[C@@H]2O[C@@H]3[C@@H](CO)O[C@H](O[C@@H]4[C@@H](CO)O[C@H](O[C@@H]5[C@@H](CO)O[C@H](O[C@@H]6[C@@H](CO)O[C@H](O[C@@H]7[C@@H](CO)O[C@H](O[C@@H]8[C@@H](CO)O[C@H](O[C@H]1[C@H](O)[C@H]2O)[C@H](O)[C@H]8O)[C@H](O)[C@H]7O)[C@H](O)[C@H]6O)[C@H](O)[C@H]5O)[C@H](O)[C@H]4O)[C@H](O)[C@H]3O,CCC(C1=CC=CC=C1)C(=O)O,cyclodextrin,1.9776999950408936,OC[C@H]1O[C@@H]2O[C@H]3[C@H](O)[C@@H](O)[C@@H](O[C@H]4[C@H](O)[C@@H](O)[C@@H](O[C@H]5[C@H](O)[C@@H](O)[C@@H](O[C@H]6[C@H](O)[C@@H](O)[C@@H](O[C@H]7[C@H](O)[C@@H](O)[C@@H](O[C@H]8[C@H](O)[C@@H](O)[C@@H](O[C@H]1[C@H](O)[C@H]2O)O[C@@H]8CO)O[C@@H]7CO)O[C@@H]6CO)O[C@@H]5CO)O[C@@H]4CO)O[C@@H]3CO,22584443D9512992310760C9871E3E6BDB3EDC92006F3EF1EC94F44373907EB1,HOST_CAN_0176,PASS,CCC(C(=O)O)c1ccccc1,A833AA32E4E4D5F47909A6A5843192B8E9172BC321A0D327A1BE77C60FB33C09,GUEST_CAN_0255,PASS,AttentiveFP,1,random,4,2.108480930328369
25,19,25,O=C1N(CC4=CC=C(C(O)=O)C=C4)C3C(N(CN%21C%20=O)C(N3CN(C(N7CN(C(N%11CN(C(N%15CN(C(N%19CN%20C%23C%21N(CC%25=CC=C(C(O)=O)C=C%25)C(N%23CC%24=CC=C(C(O)=O)C=C%24)=O)=O)C%17C%19N(CC%22=CC=C(C(O)=O)C=C%22)C(N%17CC%18=CC=C(C(O)=O)C=C%18)=O)=O)C%13C%15N(CC%16=CC=C(C(O)=O)C=C%16)C(N%13CC%14=CC=C(C(O)=O)C=C%14)=O)=O)C9C%11N(CC%12=CC=C(C(O)=O)C=C%12)C(N9CC%10=CC=C(C(O)=O)C=C%10)=O)=O)C5C7N(CC8=CC=C(C(O)=O)C=C8)C(N5CC6=CC=C(C(O)=O)C=C6)=O)=O)N1CC2=CC=C(C(O)=O)C=C2,[F-],other,1.5776000022888184,O=C(O)c1ccc(CN2C(=O)N(Cc3ccc(C(=O)O)cc3)C3C2N2CN4C(=O)N(CN5C(=O)N(CN6C(=O)N(CN7C(=O)N(CN8C(=O)N(CN3C2=O)C2C8N(Cc3ccc(C(=O)O)cc3)C(=O)N2Cc2ccc(C(=O)O)cc2)C2C7N(Cc3ccc(C(=O)O)cc3)C(=O)N2Cc2ccc(C(=O)O)cc2)C2C6N(Cc3ccc(C(=O)O)cc3)C(=O)N2Cc2ccc(C(=O)O)cc2)C2C5N(Cc3ccc(C(=O)O)cc3)C(=O)N2Cc2ccc(C(=O)O)cc2)C2C4N(Cc3ccc(C(=O)O)cc3)C(=O)N2Cc2ccc(C(=O)O)cc2)cc1,5BFAE42297A9EBC8CE307175405F2DA12222FDEAA2AA87FF2D5843CBEC077A9C,HOST_CAN_0133,PASS,[F-],C17C996842667FBF82C1D8316EB68D27A612300A8BEBEAF649ECAAB715D15BAA,GUEST_CAN_1055,PASS,AttentiveFP,1,random,4,4.235644340515137
26,20,26,O=C(COC1=CC(CC2=C(OCC(O)=O)C=C(C(OCC(O)=O)=C2)CC3=CC(COC(O)=O)=C(C4)C=C3OCC(O)=O)=C(OCC(O)=O)C=C1CC5=C[C@@H](OCC(O)=O)[C@H](C=C5OCC(O)=O)CC6=CC(COC(O)=O)=C(C=C6OCC(O)=O)CC7=C(OCC(O)=O)C=C4C(OCC(O)=O)=C7)O,C[N+](C)(C)C.[Br-],pillararene,4.966599941253662,O=C(O)COC1=C[C@@H]2Cc3cc(COC(=O)O)c(cc3OCC(=O)O)Cc3cc(OCC(=O)O)c(cc3OCC(=O)O)Cc3cc(OCC(=O)O)c(cc3COC(=O)O)Cc3cc(OCC(=O)O)c(cc3OCC(=O)O)Cc3cc(OCC(=O)O)c(cc3OCC(=O)O)CC1=C[C@H]2OCC(=O)O,EB7BB63E53C952B34EDD9A1AA221307EA37FEE1D4C687CFC64D6BC38CEFE6263,HOST_CAN_0126,PASS,C[N+](C)(C)C.[Br-],106908581BCF2696B3EEAD8D13589E489EE5CE3B80E72B912566C7953850AB09,GUEST_CAN_0554,PASS,AttentiveFP,1,random,4,3.6185600757598877
32,3,32,OC[C@H]1O[C@@H]2O[C@@H]3[C@@H](CO)O[C@H](O[C@@H]4[C@@H](CO)O[C@H](O[C@@H]5[C@@H](CO)O[C@H](O[C@@H]6[C@@H](CO)O[C@H](O[C@@H]7[C@@H](CO)O[C@H](O[C@@H]8[C@@H](CO)O[C@H](O[C@H]1[C@H](O)[C@H]2O)[C@H](O)[C@H]8O)[C@H](O)[C@H]7O)[C@H](O)[C@H]6O)[C@H](O)[C@H]5O)[C@H](O)[C@H]4O)[C@H](O)[C@H]3O,CCCCCC[NH3+],cyclodextrin,1.8220000267028809,OC[C@H]1O[C@@H]2O[C@H]3[C@H](O)[C@@H](O)[C@@H](O[C@H]4[C@H](O)[C@@H](O)[C@@H](O[C@H]5[C@H](O)[C@@H](O)[C@@H](O[C@H]6[C@H](O)[C@@H](O)[C@@H](O[C@H]7[C@H](O)[C@@H](O)[C@@H](O[C@H]8[C@H](O)[C@@H](O)[C@@H](O[C@H]1[C@H](O)[C@H]2O)O[C@@H]8CO)O[C@@H]7CO)O[C@@H]6CO)O[C@@H]5CO)O[C@@H]4CO)O[C@@H]3CO,22584443D9512992310760C9871E3E6BDB3EDC92006F3EF1EC94F44373907EB1,HOST_CAN_0176,PASS,CCCCCC[NH3+],8992B28ADCBCB2D79B0755BE71A544C4402BA92BF63E66FCAFB1B7947B8EB8A1,GUEST_CAN_0300,PASS,AttentiveFP,1,random,4,2.34228515625
63,3,61,OC[C@H]1O[C@@H]2O[C@@H]3[C@@H](CO)O[C@H](O[C@@H]4[C@@H](CO)O[C@H](O[C@@H]5[C@@H](CO)O[C@H](O[C@@H]6[C@@H](CO)O[C@H](O[C@@H]7[C@@H](CO)O[C@H](O[C@@H]8[C@@H](CO)O[C@H](O[C@H]1[C@H](O)[C@H]2O)[C@H](O)[C@H]8O)[C@H](O)[C@H]7O)[C@H](O)[C@H]6O)[C@H](O)[C@H]5O)[C@H](O)[C@H]4O)[C@H](O)[C@H]3O,CC(CCC(=O)[O-])C1CCC2C1(C(CC3C2C(CC4C3(CCC(C4)O)C)O)O)C.[Na+],cyclodextrin,3.6094000339508057,OC[C@H]1O[C@@H]2O[C@H]3[C@H](O)[C@@H](O)[C@@H](O[C@H]4[C@H](O)[C@@H](O)[C@@H](O[C@H]5[C@H](O)[C@@H](O)[C@@H](O[C@H]6[C@H](O)[C@@H](O)[C@@H](O[C@H]7[C@H](O)[C@@H](O)[C@@H](O[C@H]8[C@H](O)[C@@H](O)[C@@H](O[C@H]1[C@H](O)[C@H]2O)O[C@@H]8CO)O[C@@H]7CO)O[C@@H]6CO)O[C@@H]5CO)O[C@@H]4CO)O[C@@H]3CO,22584443D9512992310760C9871E3E6BDB3EDC92006F3EF1EC94F44373907EB1,HOST_CAN_0176,PASS,CC(CCC(=O)[O-])C1CCC2C3C(O)CC4CC(O)CCC4(C)C3CC(O)C12C.[Na+],6803A5516449CA62E6A3E8A89CDC620C550457C6B8ACEF02F50D3595007EB539,GUEST_CAN_0173,PASS,AttentiveFP,1,random,4,3.7253074645996094
67,38,65,C1C2C3=CC=CC=C3C4=C5C6CC7=CC=CC=C7C8=CC(=CC(=C8)C9=CC=CC=C9CC3C7=CC=CC=C7C(=C24)C3=C5C2=CC=CC=C62)C2=CC=CC=C21,CO[C@H]1C=CC2[C@@]34C1Oc1c4c(CC2[N+](CC3)(C)C)ccc1OC,cyclophane,6.227399826049805,c1ccc2c(c1)CC1c3ccccc3-c3c1c1c4c5c3C(Cc3ccccc3-c3cc-2cc(c3)-c2ccccc2CC4c2ccccc2-1)c1ccccc1-5,7D60610AC6275537B6952E12359C97C789A38E2FA1295732E16AF89573CE95C4,HOST_CAN_0186,PASS,COc1ccc2c3c1OC1[C@@H](OC)C=CC4C(C2)[N+](C)(C)CC[C@@]341,3EAA3F0AA1B8B467D2C6C34E653758618B2BADCFE09A73C2842BE54F33343144,GUEST_CAN_0496,PASS,AttentiveFP,1,random,4,5.403611183166504
72,40,70,CCCOC1=C(CC2=C3)C=C(CN4C=C[N+](C)=C4)C=C1CC5=CC(CN6C=C[N+](C)=C6)=CC(CC7=CC(CN8C=[N+](C)C=C8)=CC(CC(C=C3CN9C=[N+](C)C=C9)=C2OCCC)=C7OCCC)=C5OCCC.[Cl-].[Cl-].[Cl-].[Cl-],[O-]C(CN(CC([O-])=O)CCN1C(C2=CC=CC3=CC=CC(C1=O)=C23)=O)=O.[Na+].[Na+],calixarene,3.426800012588501,CCCOc1c2cc(Cn3cc[n+](C)c3)cc1Cc1cc(Cn3cc[n+](C)c3)cc(c1OCCC)Cc1cc(Cn3cc[n+](C)c3)cc(c1OCCC)Cc1cc(Cn3cc[n+](C)c3)cc(c1OCCC)C2.[Cl-].[Cl-].[Cl-].[Cl-],4995CE892BF426A6B84644652603CEBA2888332F3D209D40E8107789925FA342,HOST_CAN_0036,PASS,O=C([O-])CN(CCN1C(=O)c2cccc3cccc(c23)C1=O)CC(=O)[O-].[Na+].[Na+],4C18C6E30128441AE2D92251A55356A34DD4CCC607E1EB88DAEB588E30A3CDBD,GUEST_CAN_0901,PASS,AttentiveFP,1,random,4,4.251830101013184
84,46,81,C1C2=CC(=CC(=C2O)CC3=CC(=CC(=C3O)CC4=C(C(=CC(=C4)S(=O)(=O)O)CC5=C(C1=CC(=C5)S(=O)(=O)[O-])O)O)S(=O)(=O)O)S(=O)(=O)O.[Na+],Cc1cc2nc3-c([nH]c2cc1N)cc(=[N+](C)C)cc3,calixarene,3.914299964904785,O=S(=O)([O-])c1cc2c(O)c(c1)Cc1cc(S(=O)(=O)O)cc(c1O)Cc1cc(S(=O)(=O)O)cc(c1O)Cc1cc(S(=O)(=O)O)cc(c1O)C2.[Na+],CA94CECC10EDB9167B38E05C5D125873C9C1506ED227A3D9C6CBBCD696828A96,HOST_CAN_0163,PASS,Cc1cc2nc3ccc(=[N+](C)C)cc-3[nH]c2cc1N,C5DF1E7584A7298C9907FD74E586B8A2459B4C1C8328AB00C60A72DAE728E305,GUEST_CAN_0651,PASS,AttentiveFP,1,random,4,4.868236541748047
86,48,83,[Na]OS(=O)(=O)CCCOc1c2CN3C(=O)N4[C@]5([C@@]3(N(Cc2c(c2c1cccc2)OCCCS(=O)(=O)O[Na])C(=O)N5CN1[C@@]2(N(C4)C(=O)N3[C@]2(C)N(C1=O)Cc1c(C3)c(OCCCS(=O)(=O)O[Na])c2c(c1OCCCS(=O)(=O)O[Na])cccc2)C)C)C,O=C(N3CC[N+](C)([H])C)C1=C(C(C3=O)=CC=C2C4=O)C2=C(C(N4CC[N+](C)([H])C)=O)C=C1,other,6.353899955749512,C[C@]12N3Cc4c(c(OCCCS(=O)(=O)[O][Na])c5ccccc5c4OCCCS(=O)(=O)[O][Na])CN1C(=O)N1CN4C(=O)N5Cc6c(c(OCCCS(=O)(=O)[O][Na])c7ccccc7c6OCCCS(=O)(=O)[O][Na])CN6C(=O)N(CN(C3=O)[C@]12C)[C@]4(C)[C@@]56C,D18B807A904C56B05E199911FB10FFB774349CC49BBD32D2EFAFF4C892BA649F,HOST_CAN_0090,PASS,C[NH+](C)CCN1C(=O)c2ccc3c4c(ccc(c24)C1=O)C(=O)N(CC[NH+](C)C)C3=O,0BB6493CB2F67F81F00DB9AA77F018510857ABE0D4EA566204D594CFB758760B,GUEST_CAN_0607,PASS,AttentiveFP,1,random,4,5.722465991973877
91,1,87,C1C2=CC(=CC(=C2O)CC3=CC(=CC(=C3O)CC4=C(C(=CC(=C4)S(=O)(=O)O)CC5=C(C1=CC(=C5)S(=O)(=O)O)O)O)S(=O)(=O)O)S(=O)(=O)O,C[NH3+],calixarene,2.6500000953674316,O=S(=O)(O)c1cc2c(O)c(c1)Cc1cc(S(=O)(=O)O)cc(c1O)Cc1cc(S(=O)(=O)O)cc(c1O)Cc1cc(S(=O)(=O)O)cc(c1O)C2,C1130CCDC8DA0C6458EF6C2E07E7F3330D8F8B055CBE4DEAADB70DC00C8CDFC1,HOST_CAN_0154,PASS,C[NH3+],6DA39E332AA7A0F7159F846CDF5AF24EC2CE9FF81AFB0053468D422D57F35F45,GUEST_CAN_0611,PASS,AttentiveFP,1,random,4,3.3241114616394043
93,11,89,C1N2C3C4N(C2=O)CN5C6C7N(C5=O)CN8C9C2N(C8=O)CN5C8C%10N(C5=O)CN5C%11C%12N(C5=O)CN5C%13C%14N(C5=O)CN5C%15C%16N(C5=O)CN5C%17C(N1C5=O)N1CN3C(=O)N4CN6C(=O)N7CN9C(=O)N2CN8C(=O)N%10CN%11C(=O)N%12CN%13C(=O)N%14CN%15C(=O)N%16CN%17C1=O,C1OC2=C(O1)C=C(C=C2)O,cucurbituril,4.311600208282471,O=C1N2CN3C(=O)N4CN5C(=O)N6CN7C(=O)N8CN9C(=O)N%10CN%11C(=O)N%12CN%13C(=O)N%14CN%15C(=O)N%16CN1C1C2N2CN%17C(=O)N(CN%18C(=O)N(CN%19C(=O)N(CN%20C(=O)N(CN%21C(=O)N(CN%22C(=O)N(CN%23C(=O)N(CN1C2=O)C%16C%15%23)C%14C%13%22)C%12C%11%21)C%10C9%20)C8C7%19)C6C5%18)C4C3%17,E82CB7F52437B0147F435E3074F006752062FF8924E87C1DAF3210D182FF633B,HOST_CAN_0143,PASS,Oc1ccc2c(c1)OCO2,047C82A25C64B079210E12D34ADA35F9CA8575616A1149DDFA77E1BA78711DD7,GUEST_CAN_0998,PASS,AttentiveFP,1,random,4,4.235944747924805
94,49,90,[Na]OS(=O)(=O)CCCOc1ccc(c2c1CN1C(=O)N3[C@]4([C@@]1(N(C2)C(=O)N4CN1[C@@H]2N(C3)C(=O)N3[C@@H]2N(C1=O)CN1[C@@]2(N(C3)C(=O)N3[C@]2(C)N(C1=O)Cc1c(C3)c(OCCCS(=O)(=O)O[Na])ccc1OCCCS(=O)(=O)O[Na])C)C)C)OCCCS(=O)(=O)O[Na],O=C1C=C(NC(=O)c2cc3ccccc3nc2O)[C@@H]([C@H]2[C@@H]1O2)O,other,3.8691999912261963,C[C@]12N3Cc4c(OCCCS(=O)(=O)[O][Na])ccc(OCCCS(=O)(=O)[O][Na])c4CN1C(=O)N1CN4C(=O)N5CN6C(=O)N7Cc8c(OCCCS(=O)(=O)[O][Na])ccc(OCCCS(=O)(=O)[O][Na])c8CN8C(=O)N(CN9C(=O)N(CN(C3=O)[C@]12C)[C@@H]4[C@H]95)[C@]6(C)[C@@]78C,C826FABEE0CA0BEBE7AB2E620751B73EB48779DD6C9A550EDEC6672D0197E1E3,HOST_CAN_0086,PASS,O=C(NC1=CC(=O)[C@H]2O[C@H]2[C@H]1O)c1cc2ccccc2nc1O,FDF8CE2A8B4B2A3DB312AD1231F5B6666439F2E4BEB6DF93515A1333E1D206F0,GUEST_CAN_0852,PASS,AttentiveFP,1,random,4,3.438838243484497
99,52,15,OC(=O)COc1c2Cc3cc(cc(c3O)Cc3cc(cc(c3O)Cc3cc(cc(Cc4c(c(Cc5c(c(Cc1cc(c2)S(=O)(=O)O)cc(c5)S(=O)(=O)O)O)cc(c4)S(=O)(=O)O)O)c3O)S(=O)(=O)O)S(=O)(=O)O)S(=O)(=O)O,[O-]C(=O)CC(C(=O)O)N,calixarene,3.5053000450134277,O=C(O)COc1c2cc(S(=O)(=O)O)cc1Cc1cc(S(=O)(=O)O)cc(c1O)Cc1cc(S(=O)(=O)O)cc(c1O)Cc1cc(S(=O)(=O)O)cc(c1O)Cc1cc(S(=O)(=O)O)cc(c1O)Cc1cc(S(=O)(=O)O)cc(c1O)C2,89AB142F8D041F89710D49168CBEF0FA0D792576B82031818BFF7C2DE5D92117,HOST_CAN_0127,PASS,NC(CC(=O)[O-])C(=O)O,BB5F75F5A9C5B3B73A0A3B7339C8AC7150359761D5C24F8C1D742AB3AA3BCA26,GUEST_CAN_0731,PASS,AttentiveFP,1,random,4,2.7045159339904785
102,25,5,CCCOc1c2Cc3cc(cc(c3OCCC)Cc3cc(cc(Cc4c(c(Cc1cc(c2)P(=O)(O)O)cc(c4)P(=O)(O)O)OCCC)c3OCCC)P(=O)(O)O)P(=O)(O)O,C1=CC=C(C=C1)CCN.Cl,calixarene,2.161400079727173,CCCOc1c2cc(P(=O)(O)O)cc1Cc1cc(P(=O)(O)O)cc(c1OCCC)Cc1cc(P(=O)(O)O)cc(c1OCCC)Cc1cc(P(=O)(O)O)cc(c1OCCC)C2,C043E79A34829EDDBE86C6FC09E756E7D0FDCE1A2BB383803C5CAA52B9480850,HOST_CAN_0037,PASS,Cl.NCCc1ccccc1,694C353D974E43F94B1A87CEC52C279387A77EBF6FFAF0F180A66EE64E2F9B79,GUEST_CAN_0692,PASS,AttentiveFP,1,random,4,1.529435396194458
112,11,103,C1N2C3C4N(C2=O)CN5C6C7N(C5=O)CN8C9C2N(C8=O)CN5C8C%10N(C5=O)CN5C%11C%12N(C5=O)CN5C%13C%14N(C5=O)CN5C%15C%16N(C5=O)CN5C%17C(N1C5=O)N1CN3C(=O)N4CN6C(=O)N7CN9C(=O)N2CN8C(=O)N%10CN%11C(=O)N%12CN%13C(=O)N%14CN%15C(=O)N%16CN%17C1=O,CN(C)C1=CC=C(C=C1)C#N,cucurbituril,8.867799758911133,O=C1N2CN3C(=O)N4CN5C(=O)N6CN7C(=O)N8CN9C(=O)N%10CN%11C(=O)N%12CN%13C(=O)N%14CN%15C(=O)N%16CN1C1C2N2CN%17C(=O)N(CN%18C(=O)N(CN%19C(=O)N(CN%20C(=O)N(CN%21C(=O)N(CN%22C(=O)N(CN%23C(=O)N(CN1C2=O)C%16C%15%23)C%14C%13%22)C%12C%11%21)C%10C9%20)C8C7%19)C6C5%18)C4C3%17,E82CB7F52437B0147F435E3074F006752062FF8924E87C1DAF3210D182FF633B,HOST_CAN_0143,PASS,CN(C)c1ccc(C#N)cc1,F00B3B125A779B4E82547A15D344BF9EF0EFBEFED97B1235AF377FD0C1A186BB,GUEST_CAN_0403,PASS,AttentiveFP,1,random,4,5.256436347961426
126,58,92,O=S(CCCOC1=C(CC2=CC(OCCCS(=O)([O-])=O)=C(C3)C=C2OCCCS(=O)([O-])=O)C=C(OCCCS(=O)([O-])=O)C(CC4=C(OCCCS(=O)([O-])=O)C=C(CC5=CC(OCCCS(=O)([O-])=O)=C(CC6=C(OCCCS(=O)([O-])=O)C=C3C(OCCCS(=O)([O-])=O)=C6)C=C5OCCCS(=O)([O-])=O)C(OCCCS(=O)([O-])=O)=C4)=C1)([O-])=O.[Na+].[Na+].[Na+].[Na+].[Na+].[Na+].[Na+].[Na+].[Na+].[Na+],C[N+]1=CC=C(C=C1)C2=CC=[N+](C=C2)C.[Cl-].[Cl-],pillararene,5.309599876403809,O=S(=O)([O-])CCCOc1cc2c(OCCCS(=O)(=O)[O-])cc1Cc1cc(OCCCS(=O)(=O)[O-])c(cc1OCCCS(=O)(=O)[O-])Cc1cc(OCCCS(=O)(=O)[O-])c(cc1OCCCS(=O)(=O)[O-])Cc1cc(OCCCS(=O)(=O)[O-])c(cc1OCCCS(=O)(=O)[O-])Cc1cc(OCCCS(=O)(=O)[O-])c(cc1OCCCS(=O)(=O)[O-])C2.[Na+].[Na+].[Na+].[Na+].[Na+].[Na+].[Na+].[Na+].[Na+].[Na+],8E55C5A412B23CD95C7713D651F330D147B9931901ECBE48AB8C58473B83EFD3,HOST_CAN_0158,PASS,C[n+]1ccc(-c2cc[n+](C)cc2)cc1.[Cl-].[Cl-],A34A59C172ABA48CFA54144DF49E70D56803B22DE394E6F3154C1D8F7DC6E5F1,GUEST_CAN_0623,PASS,AttentiveFP,1,random,4,6.293481826782227
130,43,115,C1COCCN2CCOCCN1CCOCCOCC2,[K+],other,2.0,C1COCCN2CCOCCN(CCO1)CCOCC2,98A94C64ADA3B0E00FCE78FE7388B30022CC2F26C8BCF54DDABD5207E5AA7E8C,HOST_CAN_0002,PASS,[K+],E83A78F45A613BB8008932667E03FF097984CF2701657EB6EA0AB517A34DEC0B,GUEST_CAN_1068,PASS,AttentiveFP,1,random,4,3.954519510269165
134,3,34,OC[C@H]1O[C@@H]2O[C@@H]3[C@@H](CO)O[C@H](O[C@@H]4[C@@H](CO)O[C@H](O[C@@H]5[C@@H](CO)O[C@H](O[C@@H]6[C@@H](CO)O[C@H](O[C@@H]7[C@@H](CO)O[C@H](O[C@@H]8[C@@H](CO)O[C@H](O[C@H]1[C@H](O)[C@H]2O)[C@H](O)[C@H]8O)[C@H](O)[C@H]7O)[C@H](O)[C@H]6O)[C@H](O)[C@H]5O)[C@H](O)[C@H]4O)[C@H](O)[C@H]3O,C1C2C3CC4(CC2C5CC1(CC3C5C4)O)O,cyclodextrin,5.03380012512207,OC[C@H]1O[C@@H]2O[C@H]3[C@H](O)[C@@H](O)[C@@H](O[C@H]4[C@H](O)[C@@H](O)[C@@H](O[C@H]5[C@H](O)[C@@H](O)[C@@H](O[C@H]6[C@H](O)[C@@H](O)[C@@H](O[C@H]7[C@H](O)[C@@H](O)[C@@H](O[C@H]8[C@H](O)[C@@H](O)[C@@H](O[C@H]1[C@H](O)[C@H]2O)O[C@@H]8CO)O[C@@H]7CO)O[C@@H]6CO)O[C@@H]5CO)O[C@@H]4CO)O[C@@H]3CO,22584443D9512992310760C9871E3E6BDB3EDC92006F3EF1EC94F44373907EB1,HOST_CAN_0176,PASS,OC12CC3C4CC5(O)CC3C(C1)C(C5)C4C2,AC991E13407816F89CB45E71B476B54D6B95741F30D897BD6F1DC5BADA9048B7,GUEST_CAN_0958,PASS,AttentiveFP,1,random,4,3.676661252975464
136,56,120,CC(COCC1C2C(C(C(O1)OC3C(OC(C(C3O)O)OC4C(OC(C(C4O)O)OC5C(OC(C(C5O)O)OC6C(OC(C(C6O)O)OC7C(OC(C(C7O)O)OC8C(OC(O2)C(C8O)O)COCC(C)O)COCC(C)O)COCC(C)O)COCC(C)O)COCC(C)O)COCC(C)O)O)O)O,CC1=CC2=NC3=C(C=C(C=C3)N(C)C)N=C2C=C1N.Cl,cyclodextrin,3.065200090408325,CC(O)COCC1OC2OC3C(COCC(C)O)OC(OC4C(COCC(C)O)OC(OC5C(COCC(C)O)OC(OC6C(COCC(C)O)OC(OC7C(COCC(C)O)OC(OC8C(COCC(C)O)OC(OC1C(O)C2O)C(O)C8O)C(O)C7O)C(O)C6O)C(O)C5O)C(O)C4O)C(O)C3O,230541427DC92F12743008B2626A57F6159DF410C224BE8F505DFF020C17F26C,HOST_CAN_0012,PASS,Cc1cc2nc3ccc(N(C)C)cc3nc2cc1N.Cl,38DA61F40FBF04D6F8617D026997AD15F6CEDB2A1A227B5595A652A18AA9F05C,GUEST_CAN_0653,PASS,AttentiveFP,1,random,4,3.212028741836548
146,35,128,[O-]P(=O)(Oc1c2c(c(c3c1C1CC3c3c1cc1c(c3)C3CC1c1c3cccc1)OP(=O)(C)[O-])C1CC2c2c1cc1c(c2)C2CC1c1c2cccc1)C.[Li+].[Li+],CC(C(=O)NC(C)C(=O)O)NC(=O)C(CCCCN)N,other,3.061300039291382,CP(=O)([O-])Oc1c2c(c(OP(C)(=O)[O-])c3c1C1CC3c3cc4c(cc31)C1CC4c3ccccc31)C1CC2c2cc3c(cc21)C1CC3c2ccccc21.[Li+].[Li+],0523E219D88C79C8FF3952D24ADDE3A68E28198CE5EE5C77D8FECF429412627C,HOST_CAN_0082,PASS,CC(NC(=O)C(C)NC(=O)C(N)CCCCN)C(=O)O,6B60BD9D877B495644FFD1994D39DBA22E57ACB5DF9DF710853F9E07FADFADC2,GUEST_CAN_0185,PASS,AttentiveFP,1,random,4,3.949611186981201
151,20,131,O=C(COC1=CC(CC2=C(OCC(O)=O)C=C(C(OCC(O)=O)=C2)CC3=CC(COC(O)=O)=C(C4)C=C3OCC(O)=O)=C(OCC(O)=O)C=C1CC5=C[C@@H](OCC(O)=O)[C@H](C=C5OCC(O)=O)CC6=CC(COC(O)=O)=C(C=C6OCC(O)=O)CC7=C(OCC(O)=O)C=C4C(OCC(O)=O)=C7)O,[NH3+]CCCCC[NH3+],pillararene,6.298900127410889,O=C(O)COC1=C[C@@H]2Cc3cc(COC(=O)O)c(cc3OCC(=O)O)Cc3cc(OCC(=O)O)c(cc3OCC(=O)O)Cc3cc(OCC(=O)O)c(cc3COC(=O)O)Cc3cc(OCC(=O)O)c(cc3OCC(=O)O)Cc3cc(OCC(=O)O)c(cc3OCC(=O)O)CC1=C[C@H]2OCC(=O)O,EB7BB63E53C952B34EDD9A1AA221307EA37FEE1D4C687CFC64D6BC38CEFE6263,HOST_CAN_0126,PASS,[NH3+]CCCCC[NH3+],66335AEC2CB613CEAD8BC8785304D6F64176DBA93B3B28361722B02D88E5AE58,GUEST_CAN_1086,PASS,AttentiveFP,1,random,4,7.199440956115723
153,27,133,C[N+](CCCC1c2cc3c4cc2OCOc2c1cc1c(c2)OCOc2c(C1CCC[N+](C)(C)C)cc1C(c5cc(C3CCC[N+](C)(C)C)c(OCO4)cc5OCOc1c2)CCC[N+](C)(C)C)(C)C.[Cl-].[Cl-].[Cl-].[Cl-],[Cl-].[Cs+],cavitand,2.462399959564209,C[N+](C)(C)CCCC1c2cc3c4cc2OCOc2cc5c(cc21)C(CCC[N+](C)(C)C)c1cc2c(cc1OCO5)OCOc1cc(c(cc1C2CCC[N+](C)(C)C)C3CCC[N+](C)(C)C)OCO4.[Cl-].[Cl-].[Cl-].[Cl-],BE088984763C14FD65B8A34D618A60117E825B49BF929FD4529F9E4120B2F425,HOST_CAN_0095,PASS,[Cl-].[Cs+],92887686B9FCD5D7B4FF9C8AAFE34E6D69DCC3DF4F7D53B23D98EBC2D3E6DDEE,GUEST_CAN_1034,PASS,AttentiveFP,1,random,4,2.345524787902832
160,33,139,[H]C1(C(C(O[C@](OC2=C1C=C3[C@]4([H])CCC[N+](C)(C)C)([H])C5=CC(O6)=CC(OC7=CC8=CC(C[N+](C)(C)C)=C7)=C5)=C9)=CC%10=C9O[C@](C%11=CC(O8)=CC(OC%12=CC%13=CC(C[N+](C)(C)C)=C%12)=C%11)([H])OC%14=C(C%10([H])CCC[N+](C)(C)C)C=C%15C(O[C@](C%16=CC%17=CC(O%13)=C%16)([H])OC%18=CC(O[C@](C%19=CC(OC%20=CC(O%17)=CC(C[N+](C)(C)C)=C%20)=CC(OC%21=CC6=CC(C[N+](C)(C)C)=C%21)=C%19)([H])OC3=C2)=C4C=C%18[C@]%15([H])CCC[N+](C)(C)C)=C%14)CCC[N+](C)(C)C.[Cl-].[Cl-].[Cl-].[Cl-].[Cl-].[Cl-].[Cl-].[Cl-],[O-][Re](=O)(=O)=O.[Na+],other,3.556299924850464,C[N+](C)(C)CCCC1c2cc3c4cc2O[C@H]2Oc5cc6c(cc51)[C@H](CCC[N+](C)(C)C)c1cc5c7cc1O[C@H](O6)c1cc6cc(c1)Oc1cc(C[N+](C)(C)C)cc(c1)Oc1cc8cc(c1)[C@H](Oc1cc(c(cc1[C@H]5CCC[N+](C)(C)C)C3CCC[N+](C)(C)C)O[C@@H](O4)c1cc(cc(c1)Oc1cc(C[N+](C)(C)C)cc(c1)O8)Oc1cc(C[N+](C)(C)C)cc(c1)Oc1cc(cc2c1)Oc1cc(C[N+](C)(C)C)cc(c1)O6)O7.[Cl-].[Cl-].[Cl-].[Cl-].[Cl-].[Cl-].[Cl-].[Cl-],F783BB4F0E2D9595DCCBD26C1895FCF835428AF86721AF4DD7F78FB07FBB8527,HOST_CAN_0096,PASS,[Na+].[O]=[Re](=[O])(=[O])[O-],AF42F34AEEF70F9C56B1206AC16DC33D9D7E4B4A26CD3297530031FB0691E687,GUEST_CAN_1102,PASS,AttentiveFP,1,random,4,3.7037479877471924
163,66,141,O=C1N(C2)[C@@](N3CN4[C@]5([H])N2C(N(CN6C(N(C7)[C@@](N8CN9[C@]%10(C)N7C(N(CC%11=C%12C(OCCCS(=O)(O[Na])=O)=CC=C%11OCCCS(=O)(O[Na])=O)[C@]%10(C)N(C%12)C9=O)=O)([H])[C@]6([H])N%13C8=O)=O)[C@]5([H])N(C%13)C4=O)=O)(C)[C@@]%14(C)N1CC%15=C(OCCCS(=O)(O[Na])=O)C=CC(OCCCS(=O)(O[Na])=O)=C%15CN%14C3=O,CC(=O)OC1CC2CCC3C(C2(CC1[N+]4(CCCCC4)C)C)CCC5(C3CC(C5OC(=O)C)[N+]6(CCCCC6)C)C,cucurbituril,5.653200149536133,C[C@]12N3Cc4c(OCCCS(=O)(=O)[O][Na])ccc(OCCCS(=O)(=O)[O][Na])c4CN1C(=O)N1CN4C(=O)N5CN6C(=O)N7CN8C(=O)N9Cc%10c(OCCCS(=O)(=O)[O][Na])ccc(OCCCS(=O)(=O)[O][Na])c%10CN%10C(=O)N(CN%11C(=O)N(CN%12C(=O)N(CN(C3=O)[C@]12C)[C@@H]4[C@H]%125)[C@@H]6[C@H]%117)[C@]8(C)[C@@]9%10C,B0B6F4791435866F75671253874506D0002CE2D2DEBD31C6E0C5946D874F1D29,HOST_CAN_0085,PASS,CC(=O)OC1CC2CCC3C(CCC4(C)C3CC([N+]3(C)CCCCC3)C4OC(C)=O)C2(C)CC1[N+]1(C)CCCCC1,50E66CAB2E161F82F8A9960C08321F089FBABF411901A83069135F691E598254,GUEST_CAN_0098,PASS,AttentiveFP,1,random,4,7.331094741821289
164,11,142,C1N2C3C4N(C2=O)CN5C6C7N(C5=O)CN8C9C2N(C8=O)CN5C8C%10N(C5=O)CN5C%11C%12N(C5=O)CN5C%13C%14N(C5=O)CN5C%15C%16N(C5=O)CN5C%17C(N1C5=O)N1CN3C(=O)N4CN6C(=O)N7CN9C(=O)N2CN8C(=O)N%10CN%11C(=O)N%12CN%13C(=O)N%14CN%15C(=O)N%16CN%17C1=O,C1C2CC3C4C1C5CC(C4)(CC3C5C2)O,cucurbituril,6.885000228881836,O=C1N2CN3C(=O)N4CN5C(=O)N6CN7C(=O)N8CN9C(=O)N%10CN%11C(=O)N%12CN%13C(=O)N%14CN%15C(=O)N%16CN1C1C2N2CN%17C(=O)N(CN%18C(=O)N(CN%19C(=O)N(CN%20C(=O)N(CN%21C(=O)N(CN%22C(=O)N(CN%23C(=O)N(CN1C2=O)C%16C%15%23)C%14C%13%22)C%12C%11%21)C%10C9%20)C8C7%19)C6C5%18)C4C3%17,E82CB7F52437B0147F435E3074F006752062FF8924E87C1DAF3210D182FF633B,HOST_CAN_0143,PASS,OC12CC3C4CC5CC3C(C1)C(C5)C4C2,4CC29CDEC069B72D045F7DFB2F96E0A8C4E028991DD577A8DD610595AAF124A9,GUEST_CAN_0959,PASS,AttentiveFP,1,random,4,8.302785873413086
166,23,144,OC[C@H]1O[C@@H]2O[C@@H]3[C@@H](CO)O[C@H](O[C@@H]4[C@@H](CO)O[C@H](O[C@@H]5[C@@H](CO)O[C@H](O[C@@H]6[C@@H](CO)O[C@H](O[C@@H]7[C@@H](CO)O[C@H](O[C@H]1[C@H](O)[C@H]2O)[C@H](O)[C@H]7O)[C@H](O)[C@H]6O)[C@H](O)[C@H]5O)[C@H](O)[C@H]4O)[C@H](O)[C@H]3O,CCCCCCCC[NH3+],cyclodextrin,3.3757998943328857,OC[C@H]1O[C@@H]2O[C@H]3[C@H](O)[C@@H](O)[C@@H](O[C@H]4[C@H](O)[C@@H](O)[C@@H](O[C@H]5[C@H](O)[C@@H](O)[C@@H](O[C@H]6[C@H](O)[C@@H](O)[C@@H](O[C@H]7[C@H](O)[C@@H](O)[C@@H](O[C@H]1[C@H](O)[C@H]2O)O[C@@H]7CO)O[C@@H]6CO)O[C@@H]5CO)O[C@@H]4CO)O[C@@H]3CO,9CB41F926A4386D7C0E23599753E6EDC60802BE1DCF577DB9B32CBB20691DB1D,HOST_CAN_0175,PASS,CCCCCCCC[NH3+],1178012123C2560013F8A9850D3C737CDE7A80F90877A96DCDCEC52AF0305D60,GUEST_CAN_0290,PASS,AttentiveFP,1,random,4,2.787738561630249
168,15,146,C1=C2C=C3C=C1OC4=CC(=CC(=C4)C(=O)O)OC5=CC6=CC(=C5)C7OC8=CC9=C1C=C8C(C4=C(O7)C=C5C(=C4)C(C4=CC7=C(C=C4OC2O5)OC2C4=CC(=CC(=C4)OC4=CC(=CC(=C4)C(=O)O)OC4=CC(=CC(=C4)OC4=CC(=CC(=C4)O6)C(=O)O)C(O9)OC4=C(C1CCC(=O)O)C=C(C7CCC(=O)O)C(=C4)O2)OC1=CC(=CC(=C1)O3)C(=O)O)CCC(=O)O)CCC(=O)O,CC(CC=C)C(=O)O,cavitand,3.3673999309539795,O=C(O)CCC1c2cc3c4cc2OC2Oc5cc6c(cc51)C(CCC(=O)O)c1cc5c7cc1OC(O6)c1cc6cc(c1)Oc1cc(cc(C(=O)O)c1)Oc1cc8cc(c1)C(Oc1cc(c(cc1C5CCC(=O)O)C3CCC(=O)O)OC(O4)c1cc(cc(c1)Oc1cc(cc(C(=O)O)c1)O8)Oc1cc(cc(C(=O)O)c1)Oc1cc(cc2c1)Oc1cc(cc(C(=O)O)c1)O6)O7,AE6E8A9B8E3ECDE32B65BE9B8736ECC23E2311A112E2CA1B78F35ECF9046A382,HOST_CAN_0117,PASS,C=CCC(C)C(=O)O,51184B5BD1B19DE00A6B65CD75F4785FC00327935394FF712350D4BB68B7BAF7,GUEST_CAN_0045,PASS,AttentiveFP,1,random,4,3.8940372467041016
173,1,151,C1C2=CC(=CC(=C2O)CC3=CC(=CC(=C3O)CC4=C(C(=CC(=C4)S(=O)(=O)O)CC5=C(C1=CC(=C5)S(=O)(=O)O)O)O)S(=O)(=O)O)S(=O)(=O)O,C[N+](C)(C)C1=CC=CC=C1.[Cl-],calixarene,4.880199909210205,O=S(=O)(O)c1cc2c(O)c(c1)Cc1cc(S(=O)(=O)O)cc(c1O)Cc1cc(S(=O)(=O)O)cc(c1O)Cc1cc(S(=O)(=O)O)cc(c1O)C2,C1130CCDC8DA0C6458EF6C2E07E7F3330D8F8B055CBE4DEAADB70DC00C8CDFC1,HOST_CAN_0154,PASS,C[N+](C)(C)c1ccccc1.[Cl-],27562B4B8AA95F21ECCFF66F5F5C28733B08EDD64BDE5CD8658D46691A1EB6B6,GUEST_CAN_0586,PASS,AttentiveFP,1,random,4,4.384985446929932
176,68,27,Oc1c2cc(cc1Cc1cc(cc(c1O)Cc1c(c(Cc3c(c(C2)cc(c3)S(=O)(=O)O)O)cc(c1)S(=O)(=O)O)O)S(=O)(=O)O)NS(=O)(=O)c1ccc(cc1)C(=O)O,NCCCCC(C(=O)NC(C(=O)NC(C(=O)NC(=O)C(NC(C(=O)NC(C(=O)NC(C(=O)NC(C(=O)NCC(=O)NC(C(=O)N)Cc1ccc(cc1)O)C(O)C)CO)CCCC[N+](C)(C)C)CCCNC(=N)N)C)C(O)C)CCC(=O)N)NC(=O)C(C(O)C)NC(=O)C(NC(=O)C(N)C)CCCNC(=N)N,calixarene,6.724299907684326,O=C(O)c1ccc(S(=O)(=O)Nc2cc3c(O)c(c2)Cc2cc(S(=O)(=O)O)cc(c2O)Cc2cc(S(=O)(=O)O)cc(c2O)Cc2cc(S(=O)(=O)O)cc(c2O)C3)cc1,698FBD7126562AC5EF98798BC16D048473423AD0A0BD659BE98F031178BD7864,HOST_CAN_0136,PASS,CC(N)C(=O)NC(CCCNC(=N)N)C(=O)NC(C(=O)NC(CCCCN)C(=O)NC(CCC(N)=O)C(=O)NC(C(=O)NC(=O)C(C)NC(CCCNC(=N)N)C(=O)NC(CCCC[N+](C)(C)C)C(=O)NC(CO)C(=O)NC(C(=O)NCC(=O)NC(Cc1ccc(O)cc1)C(N)=O)C(C)O)C(C)O)C(C)O,FDB24492C01844597473AA7C2BD6C580BEC794EA067753C199B126BE41E8D5FA,GUEST_CAN_0177,PASS,AttentiveFP,1,random,4,5.855430603027344
180,23,99,OC[C@H]1O[C@@H]2O[C@@H]3[C@@H](CO)O[C@H](O[C@@H]4[C@@H](CO)O[C@H](O[C@@H]5[C@@H](CO)O[C@H](O[C@@H]6[C@@H](CO)O[C@H](O[C@@H]7[C@@H](CO)O[C@H](O[C@H]1[C@H](O)[C@H]2O)[C@H](O)[C@H]7O)[C@H](O)[C@H]6O)[C@H](O)[C@H]5O)[C@H](O)[C@H]4O)[C@H](O)[C@H]3O,[O-]Cl(=O)(=O)=O.[Na+],cyclodextrin,1.1324000358581543,OC[C@H]1O[C@@H]2O[C@H]3[C@H](O)[C@@H](O)[C@@H](O[C@H]4[C@H](O)[C@@H](O)[C@@H](O[C@H]5[C@H](O)[C@@H](O)[C@@H](O[C@H]6[C@H](O)[C@@H](O)[C@@H](O[C@H]7[C@H](O)[C@@H](O)[C@@H](O[C@H]1[C@H](O)[C@H]2O)O[C@@H]7CO)O[C@@H]6CO)O[C@@H]5CO)O[C@@H]4CO)O[C@@H]3CO,9CB41F926A4386D7C0E23599753E6EDC60802BE1DCF577DB9B32CBB20691DB1D,HOST_CAN_0175,PASS,[Na+].[O-][Cl+3]([O-])([O-])[O-],79F198E0F60D33505BEB2FD5A228F5DD74E58A284D9D51E59696EF81616913EE,GUEST_CAN_1100,PASS,AttentiveFP,1,random,4,1.7695655822753906
197,31,171,[Li+].[Li+].COP(OC)(=O)CC1=CC(=CC(=C1)NC(CCCNCC1=C(C=CC=C1)B(O)O)=O)CP([O-])([O-])=O,C1=CC(=C(C=C1CCN)O)O,other,2.3452999591827393,COP(=O)(Cc1cc(CP(=O)([O-])[O-])cc(NC(=O)CCCNCc2ccccc2B(O)O)c1)OC.[Li+].[Li+],7C21E70373346443530CC627F376BB4B733535AF04E79A7E4ACEFF4D5857B371,HOST_CAN_0066,PASS,NCCc1ccc(O)c(O)c1,8C989074BC36C962545C6731CBB09A9BCEAD59D65B1AEE4A0B8B096CFFB8E510,GUEST_CAN_0808,PASS,AttentiveFP,1,random,4,2.8485255241394043
199,18,173,CC1=C2C3=CC4=C1OC5C6=CC7=CC(=C6)OC8=CC(=CC(=C8)C(=O)O)OC9=CC1=CC(=C9)C6OC8=C(C=C(C4CCC(=O)O)C(=C8C)O5)C(C4=C(O6)C(=C5C(=C4)C(C4=C6C(=C(C(=C4)C3CCC(=O)O)OC(O2)C2=CC(=CC(=C2)OC2=CC(=CC(=C2)C(=O)O)OC2=CC(=CC(=C2)C(O5)O6)OC2=CC(=CC(=C2)C(=O)O)O1)OC1=CC(=CC(=C1)C(=O)O)O7)C)CCC(=O)O)C)CCC(=O)O,CC(=C)C1CCC(=CC1)C(=O)O,cavitand,4.992099761962891,Cc1c2c3cc4c1OC1Oc5c(cc6c(c5C)OC5Oc7c(cc8c(c7C)OC7Oc9c(cc(c(c9C)OC(O2)c2cc9cc(c2)Oc2cc(cc(C(=O)O)c2)Oc2cc(cc7c2)Oc2cc(cc(C(=O)O)c2)Oc2cc(cc5c2)Oc2cc(cc(C(=O)O)c2)Oc2cc(cc1c2)Oc1cc(cc(C(=O)O)c1)O9)C3CCC(=O)O)C8CCC(=O)O)C6CCC(=O)O)C4CCC(=O)O,326FFD4B5C5565D32207155C0B129AE16AFCA7B3342F0DAD815C24AB8DFA8483,HOST_CAN_0099,PASS,C=C(C)C1CC=C(C(=O)O)CC1,7411A08C1732941061C7E066D7426FC72483A8246B403E7217C058A46226BD11,GUEST_CAN_0042,PASS,AttentiveFP,1,random,4,4.5769243240356445
201,30,175,C1C2=CC(=CC(=C2O)CC3=CC(=CC(=C3O)CC4=CC(=CC(=C4O)CC5=C(C(=CC(=C5)S(=O)(=O)[O-])CC6=C(C(=CC(=C6)S(=O)(=O)[O-])CC7=C(C1=CC(=C7)S(=O)(=O)[O-])O)O)O)S(=O)(=O)[O-])S(=O)(=O)[O-])S(=O)(=O)[O-],CCCC[N+](CCCC)(CCCC)CCCC.[I-],calixarene,3.200000047683716,O=S(=O)([O-])c1cc2c(O)c(c1)Cc1cc(S(=O)(=O)[O-])cc(c1O)Cc1cc(S(=O)(=O)[O-])cc(c1O)Cc1cc(S(=O)(=O)[O-])cc(c1O)Cc1cc(S(=O)(=O)[O-])cc(c1O)Cc1cc(S(=O)(=O)[O-])cc(c1O)C2,175E9D01D3A7DD7BE73E9B8659E8BAA0A16B2D5C4CCEFE3BEFED10121429BF10,HOST_CAN_0164,PASS,CCCC[N+](CCCC)(CCCC)CCCC.[I-],AEB60E90607A4F8C1F949B3EACD125A2B91E0A4DEAD7B24D9097176DB9E506E4,GUEST_CAN_0318,PASS,AttentiveFP,1,random,4,3.9909465312957764
207,3,180,OC[C@H]1O[C@@H]2O[C@@H]3[C@@H](CO)O[C@H](O[C@@H]4[C@@H](CO)O[C@H](O[C@@H]5[C@@H](CO)O[C@H](O[C@@H]6[C@@H](CO)O[C@H](O[C@@H]7[C@@H](CO)O[C@H](O[C@@H]8[C@@H](CO)O[C@H](O[C@H]1[C@H](O)[C@H]2O)[C@H](O)[C@H]8O)[C@H](O)[C@H]7O)[C@H](O)[C@H]6O)[C@H](O)[C@H]5O)[C@H](O)[C@H]4O)[C@H](O)[C@H]3O,CC(C)(C)OC(=O)NC(CO)C(=O)O,cyclodextrin,2.4547998905181885,OC[C@H]1O[C@@H]2O[C@H]3[C@H](O)[C@@H](O)[C@@H](O[C@H]4[C@H](O)[C@@H](O)[C@@H](O[C@H]5[C@H](O)[C@@H](O)[C@@H](O[C@H]6[C@H](O)[C@@H](O)[C@@H](O[C@H]7[C@H](O)[C@@H](O)[C@@H](O[C@H]8[C@H](O)[C@@H](O)[C@@H](O[C@H]1[C@H](O)[C@H]2O)O[C@@H]8CO)O[C@@H]7CO)O[C@@H]6CO)O[C@@H]5CO)O[C@@H]4CO)O[C@@H]3CO,22584443D9512992310760C9871E3E6BDB3EDC92006F3EF1EC94F44373907EB1,HOST_CAN_0176,PASS,CC(C)(C)OC(=O)NC(CO)C(=O)O,9C072C635240272D161234ED2122491B5C1F5E1B1186597B887F19829F1581EE,GUEST_CAN_0113,PASS,AttentiveFP,1,random,4,2.156018018722534
209,9,182,[O-]C(=O)COc1ccc2c3c1CNC(=O)c1c(OCC(=O)[O-])ccc4c1ccc1c4C4CC(O1)Oc1c4c4ccc(c(C(=O)NCc5c6c(c7C8c2c(cc3)OC(C8)Oc7cc6)ccc5OCC(=O)[O-])c4cc1)OCC(=O)[O-].[NH4+].[NH4+].[NH4+].[NH4+],C1CCOCC1,other,1.8595000505447388,O=C([O-])COc1ccc2c3c4ccc2c1CNC(=O)c1c(OCC(=O)[O-])ccc2c5c(ccc12)OC1CC5c2c(ccc5c(c(OCC(=O)[O-])ccc25)C(=O)NCc2c(OCC(=O)[O-])ccc5c6c(ccc25)OC(CC36)O4)O1.[NH4+].[NH4+].[NH4+].[NH4+],7D3830C6A6E10F82EEBCC3ED68B861BB21ED63B1DDB277580F3032527E5A1183,HOST_CAN_0139,PASS,C1CCOCC1,E0A38598DE1D53573CE811CBA0B67722827A50C57A5C680311F16C1F0ECC1DD8,GUEST_CAN_0030,PASS,AttentiveFP,1,random,4,2.889150619506836
213,11,185,C1N2C3C4N(C2=O)CN5C6C7N(C5=O)CN8C9C2N(C8=O)CN5C8C%10N(C5=O)CN5C%11C%12N(C5=O)CN5C%13C%14N(C5=O)CN5C%15C%16N(C5=O)CN5C%17C(N1C5=O)N1CN3C(=O)N4CN6C(=O)N7CN9C(=O)N2CN8C(=O)N%10CN%11C(=O)N%12CN%13C(=O)N%14CN%15C(=O)N%16CN%17C1=O,C1=CC(=CC=C1CC(=O)C(=O)O)O,cucurbituril,4.230400085449219,O=C1N2CN3C(=O)N4CN5C(=O)N6CN7C(=O)N8CN9C(=O)N%10CN%11C(=O)N%12CN%13C(=O)N%14CN%15C(=O)N%16CN1C1C2N2CN%17C(=O)N(CN%18C(=O)N(CN%19C(=O)N(CN%20C(=O)N(CN%21C(=O)N(CN%22C(=O)N(CN%23C(=O)N(CN1C2=O)C%16C%15%23)C%14C%13%22)C%12C%11%21)C%10C9%20)C8C7%19)C6C5%18)C4C3%17,E82CB7F52437B0147F435E3074F006752062FF8924E87C1DAF3210D182FF633B,HOST_CAN_0143,PASS,O=C(O)C(=O)Cc1ccc(O)cc1,2CCB2E1EEA41CC576B3CDA516A7076D897E96FFE11800C22AA19BE51B925494E,GUEST_CAN_0853,PASS,AttentiveFP,1,random,4,3.338810920715332
216,72,181,O=C1N2CN3C(=O)N4C5C3N3CN6C2C2N1CN1C(=O)N7C8C1N(CN2C6=O)C(=O)N8CN1C2N(C7)C(=O)N6C2N(C1=O)CN1C2N(C6)C(=O)N6CN7C(=O)N(C4CCc4ccccc4)C4N(CN5C3=O)C(=O)N(C74)CN(C26)C1=O,C(CCC[NH3+])CC[NH3+].[Cl-].[Cl-],cucurbituril,8.531499862670898,O=C1N2CN3C(=O)N4CN5C(=O)N6CN7C(=O)N8CN9C(=O)N%10CN%11C(=O)N%12CN1C1C2N2CN%13C(=O)N(CN%14C(=O)N(CN%15C(=O)N(C8C7%15)C(CCc7ccccc7)N7C(=O)N(CN8C(=O)N(CN1C2=O)C%12C%118)C%10C97)C6C5%14)C4C3%13,36560286898506CAA57C8D987F07AFAC12E98F8C83DA8997C6DC1417F3238164,HOST_CAN_0148,PASS,[Cl-].[Cl-].[NH3+]CCCCCC[NH3+],C5972710ADEA5F593934762CCF65EB152DFF548B5145AFDEFD51BD47BE3931B7,GUEST_CAN_1029,PASS,AttentiveFP,1,random,4,7.995352745056152
221,11,192,C1N2C3C4N(C2=O)CN5C6C7N(C5=O)CN8C9C2N(C8=O)CN5C8C%10N(C5=O)CN5C%11C%12N(C5=O)CN5C%13C%14N(C5=O)CN5C%15C%16N(C5=O)CN5C%17C(N1C5=O)N1CN3C(=O)N4CN6C(=O)N7CN9C(=O)N2CN8C(=O)N%10CN%11C(=O)N%12CN%13C(=O)N%14CN%15C(=O)N%16CN%17C1=O,O=C(NCC(=O)NCC(=O)N[C@H](C(=O)NCC(=O)NCC(=O)N)Cc1c[nH]c2c1cccc2)CNC(=O)CNC(=O)[C@H](Cc1c[nH]c2c1cccc2)NC(=O)CNC(=O)CNC(=O)C,cucurbituril,5.719699859619141,O=C1N2CN3C(=O)N4CN5C(=O)N6CN7C(=O)N8CN9C(=O)N%10CN%11C(=O)N%12CN%13C(=O)N%14CN%15C(=O)N%16CN1C1C2N2CN%17C(=O)N(CN%18C(=O)N(CN%19C(=O)N(CN%20C(=O)N(CN%21C(=O)N(CN%22C(=O)N(CN%23C(=O)N(CN1C2=O)C%16C%15%23)C%14C%13%22)C%12C%11%21)C%10C9%20)C8C7%19)C6C5%18)C4C3%17,E82CB7F52437B0147F435E3074F006752062FF8924E87C1DAF3210D182FF633B,HOST_CAN_0143,PASS,CC(=O)NCC(=O)NCC(=O)N[C@@H](Cc1c[nH]c2ccccc12)C(=O)NCC(=O)NCC(=O)NCC(=O)NCC(=O)N[C@@H](Cc1c[nH]c2ccccc12)C(=O)NCC(=O)NCC(N)=O,D6AC6DD8ABE2CEA798E30183655F7B10BD81DCB49AA9B7DC7221EA6749E916C4,GUEST_CAN_0082,PASS,AttentiveFP,1,random,4,5.098346710205078
226,63,81,Oc1c2Cc3cc(cc(c3O)Cc3cc(cc(c3O)Cc3cc(cc(c3O)Cc3cc(cc(Cc4c(c(Cc5c(c(Cc6c(c(Cc1cc(c2)S(=O)(=O)[O-])cc(c6)S(=O)(=O)[O-])O)cc(c5)S(=O)(=O)[O-])O)cc(c4)S(=O)(=O)[O-])O)c3O)S(=O)(=O)[O-])S(=O)(=O)[O-])S(=O)(=O)[O-])S(=O)(=O)[O-],Cc1cc2nc3-c([nH]c2cc1N)cc(=[N+](C)C)cc3,calixarene,6.357999801635742,O=S(=O)([O-])c1cc2c(O)c(c1)Cc1cc(S(=O)(=O)[O-])cc(c1O)Cc1cc(S(=O)(=O)[O-])cc(c1O)Cc1cc(S(=O)(=O)[O-])cc(c1O)Cc1cc(S(=O)(=O)[O-])cc(c1O)Cc1cc(S(=O)(=O)[O-])cc(c1O)Cc1cc(S(=O)(=O)[O-])cc(c1O)Cc1cc(S(=O)(=O)[O-])cc(c1O)C2,3C24C9B25872FE0768A640DF44D242D9AEC5F3FA9C167A457997BAE8D628FFF1,HOST_CAN_0166,PASS,Cc1cc2nc3ccc(=[N+](C)C)cc-3[nH]c2cc1N,C5DF1E7584A7298C9907FD74E586B8A2459B4C1C8328AB00C60A72DAE728E305,GUEST_CAN_0651,PASS,AttentiveFP,1,random,4,5.270448684692383
237,3,204,OC[C@H]1O[C@@H]2O[C@@H]3[C@@H](CO)O[C@H](O[C@@H]4[C@@H](CO)O[C@H](O[C@@H]5[C@@H](CO)O[C@H](O[C@@H]6[C@@H](CO)O[C@H](O[C@@H]7[C@@H](CO)O[C@H](O[C@@H]8[C@@H](CO)O[C@H](O[C@H]1[C@H](O)[C@H]2O)[C@H](O)[C@H]8O)[C@H](O)[C@H]7O)[C@H](O)[C@H]6O)[C@H](O)[C@H]5O)[C@H](O)[C@H]4O)[C@H](O)[C@H]3O,OCC[n+]1ccc(cc1/C=C(/C=C/C=C(/C=C/C1=C(C)CCCC1(C)C)\C)\C)/C=C/C=C(/C=C/C1=C(C)CCCC1(C)C)\C,cyclodextrin,2.397900104522705,OC[C@H]1O[C@@H]2O[C@H]3[C@H](O)[C@@H](O)[C@@H](O[C@H]4[C@H](O)[C@@H](O)[C@@H](O[C@H]5[C@H](O)[C@@H](O)[C@@H](O[C@H]6[C@H](O)[C@@H](O)[C@@H](O[C@H]7[C@H](O)[C@@H](O)[C@@H](O[C@H]8[C@H](O)[C@@H](O)[C@@H](O[C@H]1[C@H](O)[C@H]2O)O[C@@H]8CO)O[C@@H]7CO)O[C@@H]6CO)O[C@@H]5CO)O[C@@H]4CO)O[C@@H]3CO,22584443D9512992310760C9871E3E6BDB3EDC92006F3EF1EC94F44373907EB1,HOST_CAN_0176,PASS,CC1=C(/C=C/C(C)=C/C=C/C(C)=C/c2cc(/C=C/C=C(C)/C=C/C3=C(C)CCCC3(C)C)cc[n+]2CCO)C(C)(C)CCC1,AF14544FD45BF36DD2281117A67D98511285A66EC9BB7F5547CB09A7BFEAD670,GUEST_CAN_0236,PASS,AttentiveFP,1,random,4,2.4880270957946777
246,45,201,C1C2=CC(=CC=C2)CC3=CC(=CC=C3)CC4=CC=CC(=C4)CC5=CC=CC1=C5,[Li+],calixarene,1.8740999698638916,c1cc2cc(c1)Cc1cccc(c1)Cc1cccc(c1)Cc1cccc(c1)C2,001BA14F081450375618B4DEC192A3633931B27A166EE11658CCCBFAB45E327F,HOST_CAN_0183,PASS,[Li+],A7557B375892DC7E581DDC6CA9773574F95B6514113F07A19BDE6059504332FE,GUEST_CAN_1071,PASS,AttentiveFP,1,random,4,2.4245190620422363
248,48,210,[Na]OS(=O)(=O)CCCOc1c2CN3C(=O)N4[C@]5([C@@]3(N(Cc2c(c2c1cccc2)OCCCS(=O)(=O)O[Na])C(=O)N5CN1[C@@]2(N(C4)C(=O)N3[C@]2(C)N(C1=O)Cc1c(C3)c(OCCCS(=O)(=O)O[Na])c2c(c1OCCCS(=O)(=O)O[Na])cccc2)C)C)C,C[N+]1=C2C=CC=CC2=CC3=CC=CC=C31.[I-],other,5.704999923706055,C[C@]12N3Cc4c(c(OCCCS(=O)(=O)[O][Na])c5ccccc5c4OCCCS(=O)(=O)[O][Na])CN1C(=O)N1CN4C(=O)N5Cc6c(c(OCCCS(=O)(=O)[O][Na])c7ccccc7c6OCCCS(=O)(=O)[O][Na])CN6C(=O)N(CN(C3=O)[C@]12C)[C@]4(C)[C@@]56C,D18B807A904C56B05E199911FB10FFB774349CC49BBD32D2EFAFF4C892BA649F,HOST_CAN_0090,PASS,C[n+]1c2ccccc2cc2ccccc21.[I-],57395AF4E840AAD41114ACF69A1D6974B59562282A4BEFF7601372F4680606B4,GUEST_CAN_0618,PASS,AttentiveFP,1,random,4,5.266977310180664
256,11,217,C1N2C3C4N(C2=O)CN5C6C7N(C5=O)CN8C9C2N(C8=O)CN5C8C%10N(C5=O)CN5C%11C%12N(C5=O)CN5C%13C%14N(C5=O)CN5C%15C%16N(C5=O)CN5C%17C(N1C5=O)N1CN3C(=O)N4CN6C(=O)N7CN9C(=O)N2CN8C(=O)N%10CN%11C(=O)N%12CN%13C(=O)N%14CN%15C(=O)N%16CN%17C1=O,N#CC1=CC=C([N+]2=CC=C(C3=CC=[N+](C4=CC=C(C#N)C=C4)C=C3)C=C2)C=C1,cucurbituril,6.397900104522705,O=C1N2CN3C(=O)N4CN5C(=O)N6CN7C(=O)N8CN9C(=O)N%10CN%11C(=O)N%12CN%13C(=O)N%14CN%15C(=O)N%16CN1C1C2N2CN%17C(=O)N(CN%18C(=O)N(CN%19C(=O)N(CN%20C(=O)N(CN%21C(=O)N(CN%22C(=O)N(CN%23C(=O)N(CN1C2=O)C%16C%15%23)C%14C%13%22)C%12C%11%21)C%10C9%20)C8C7%19)C6C5%18)C4C3%17,E82CB7F52437B0147F435E3074F006752062FF8924E87C1DAF3210D182FF633B,HOST_CAN_0143,PASS,N#Cc1ccc(-[n+]2ccc(-c3cc[n+](-c4ccc(C#N)cc4)cc3)cc2)cc1,D1DF3B625EC3ADFA63F7493281CF79C5CE5CFAA61847BD9D7BCDAB15F40FA2AD,GUEST_CAN_0715,PASS,AttentiveFP,1,random,4,6.957344055175781
257,23,125,OC[C@H]1O[C@@H]2O[C@@H]3[C@@H](CO)O[C@H](O[C@@H]4[C@@H](CO)O[C@H](O[C@@H]5[C@@H](CO)O[C@H](O[C@@H]6[C@@H](CO)O[C@H](O[C@@H]7[C@@H](CO)O[C@H](O[C@H]1[C@H](O)[C@H]2O)[C@H](O)[C@H]7O)[C@H](O)[C@H]6O)[C@H](O)[C@H]5O)[C@H](O)[C@H]4O)[C@H](O)[C@H]3O,C1CC(C1)O,cyclodextrin,1.4814000129699707,OC[C@H]1O[C@@H]2O[C@H]3[C@H](O)[C@@H](O)[C@@H](O[C@H]4[C@H](O)[C@@H](O)[C@@H](O[C@H]5[C@H](O)[C@@H](O)[C@@H](O[C@H]6[C@H](O)[C@@H](O)[C@@H](O[C@H]7[C@H](O)[C@@H](O)[C@@H](O[C@H]1[C@H](O)[C@H]2O)O[C@@H]7CO)O[C@@H]6CO)O[C@@H]5CO)O[C@@H]4CO)O[C@@H]3CO,9CB41F926A4386D7C0E23599753E6EDC60802BE1DCF577DB9B32CBB20691DB1D,HOST_CAN_0175,PASS,OC1CCC1,6ABC8DFAD34103D2D8FB2F1A217519BE817BF1B0BCCC0256615C47697225A6E2,GUEST_CAN_0961,PASS,AttentiveFP,1,random,4,1.952714204788208
273,1,228,C1C2=CC(=CC(=C2O)CC3=CC(=CC(=C3O)CC4=C(C(=CC(=C4)S(=O)(=O)O)CC5=C(C1=CC(=C5)S(=O)(=O)O)O)O)S(=O)(=O)O)S(=O)(=O)O,CN=C(N)NCCCC(C(=O)O)N,calixarene,2.8808000087738037,O=S(=O)(O)c1cc2c(O)c(c1)Cc1cc(S(=O)(=O)O)cc(c1O)Cc1cc(S(=O)(=O)O)cc(c1O)Cc1cc(S(=O)(=O)O)cc(c1O)C2,C1130CCDC8DA0C6458EF6C2E07E7F3330D8F8B055CBE4DEAADB70DC00C8CDFC1,HOST_CAN_0154,PASS,CN=C(N)NCCCC(N)C(=O)O,AC5DE4409F32BD2D17B5F0B4B252945C0CB19634FCFB964A1C3286EB34F2AD70,GUEST_CAN_0420,PASS,AttentiveFP,1,random,4,3.3680458068847656
274,23,154,OC[C@H]1O[C@@H]2O[C@@H]3[C@@H](CO)O[C@H](O[C@@H]4[C@@H](CO)O[C@H](O[C@@H]5[C@@H](CO)O[C@H](O[C@@H]6[C@@H](CO)O[C@H](O[C@@H]7[C@@H](CO)O[C@H](O[C@H]1[C@H](O)[C@H]2O)[C@H](O)[C@H]7O)[C@H](O)[C@H]6O)[C@H](O)[C@H]5O)[C@H](O)[C@H]4O)[C@H](O)[C@H]3O,C(CCCCCN)CCCCC(=O)O,cyclodextrin,3.159899950027466,OC[C@H]1O[C@@H]2O[C@H]3[C@H](O)[C@@H](O)[C@@H](O[C@H]4[C@H](O)[C@@H](O)[C@@H](O[C@H]5[C@H](O)[C@@H](O)[C@@H](O[C@H]6[C@H](O)[C@@H](O)[C@@H](O[C@H]7[C@H](O)[C@@H](O)[C@@H](O[C@H]1[C@H](O)[C@H]2O)O[C@@H]7CO)O[C@@H]6CO)O[C@@H]5CO)O[C@@H]4CO)O[C@@H]3CO,9CB41F926A4386D7C0E23599753E6EDC60802BE1DCF577DB9B32CBB20691DB1D,HOST_CAN_0175,PASS,NCCCCCCCCCCC(=O)O,D90EFEE84C464F882AC76B640D951FCA4E157CA4A4440656F6A9CC8622E8483C,GUEST_CAN_0791,PASS,AttentiveFP,1,random,4,3.2084617614746094
275,1,229,C1C2=CC(=CC(=C2O)CC3=CC(=CC(=C3O)CC4=C(C(=CC(=C4)S(=O)(=O)O)CC5=C(C1=CC(=C5)S(=O)(=O)O)O)O)S(=O)(=O)O)S(=O)(=O)O,[Na+],calixarene,2.3454999923706055,O=S(=O)(O)c1cc2c(O)c(c1)Cc1cc(S(=O)(=O)O)cc(c1O)Cc1cc(S(=O)(=O)O)cc(c1O)Cc1cc(S(=O)(=O)O)cc(c1O)C2,C1130CCDC8DA0C6458EF6C2E07E7F3330D8F8B055CBE4DEAADB70DC00C8CDFC1,HOST_CAN_0154,PASS,[Na+],C967F382B185E1578CB9153250886D12807928AF715FC44BD49BA94ACEDD7043,GUEST_CAN_1098,PASS,AttentiveFP,1,random,4,2.3637895584106445
277,86,114,[Na]OS(=O)(=O)CCCCOC=1C=C(C=CC1)[C@@H]1N=C(OC1)CC1=C(C(=C(C(=C1CC)CC=1OC[C@@H](N1)C1=CC(=CC=C1)OCCCCS(=O)(=O)O[Na])CC)CC=1OC[C@@H](N1)C1=CC(=CC=C1)OCCCCS(=O)(=O)O[Na])CC,C1=CC(=C(C=C1CCN)O)O.Cl,other,2.2504000663757324,CCc1c(CC2=N[C@@H](c3cccc(OCCCCS(=O)(=O)[O][Na])c3)CO2)c(CC)c(CC2=N[C@@H](c3cccc(OCCCCS(=O)(=O)[O][Na])c3)CO2)c(CC)c1CC1=N[C@@H](c2cccc(OCCCCS(=O)(=O)[O][Na])c2)CO1,A0794E3195B22DC21424CE7BDC74C772C0ED7BF37D1C4B8CF085F54EF0D1331E,HOST_CAN_0047,PASS,Cl.NCCc1ccc(O)c(O)c1,3F79E9799FBBC5EB4B4CED2B038F192B77EBCD775815447FBD52E31EB152AD2D,GUEST_CAN_0690,PASS,AttentiveFP,1,random,4,1.6688742637634277
280,3,232,OC[C@H]1O[C@@H]2O[C@@H]3[C@@H](CO)O[C@H](O[C@@H]4[C@@H](CO)O[C@H](O[C@@H]5[C@@H](CO)O[C@H](O[C@@H]6[C@@H](CO)O[C@H](O[C@@H]7[C@@H](CO)O[C@H](O[C@@H]8[C@@H](CO)O[C@H](O[C@H]1[C@H](O)[C@H]2O)[C@H](O)[C@H]8O)[C@H](O)[C@H]7O)[C@H](O)[C@H]6O)[C@H](O)[C@H]5O)[C@H](O)[C@H]4O)[C@H](O)[C@H]3O,CC1(C2CCC1(C(=O)C2=NO)C)C,cyclodextrin,3.3782999515533447,OC[C@H]1O[C@@H]2O[C@H]3[C@H](O)[C@@H](O)[C@@H](O[C@H]4[C@H](O)[C@@H](O)[C@@H](O[C@H]5[C@H](O)[C@@H](O)[C@@H](O[C@H]6[C@H](O)[C@@H](O)[C@@H](O[C@H]7[C@H](O)[C@@H](O)[C@@H](O[C@H]8[C@H](O)[C@@H](O)[C@@H](O[C@H]1[C@H](O)[C@H]2O)O[C@@H]8CO)O[C@@H]7CO)O[C@@H]6CO)O[C@@H]5CO)O[C@@H]4CO)O[C@@H]3CO,22584443D9512992310760C9871E3E6BDB3EDC92006F3EF1EC94F44373907EB1,HOST_CAN_0176,PASS,CC12CCC(C(=NO)C1=O)C2(C)C,9FB8A145473A7893F8AF8EED6E271DC8E14C517B6321519536601BF586DB8B7F,GUEST_CAN_0223,PASS,AttentiveFP,1,random,4,2.796877861022949
281,23,233,OC[C@H]1O[C@@H]2O[C@@H]3[C@@H](CO)O[C@H](O[C@@H]4[C@@H](CO)O[C@H](O[C@@H]5[C@@H](CO)O[C@H](O[C@@H]6[C@@H](CO)O[C@H](O[C@@H]7[C@@H](CO)O[C@H](O[C@H]1[C@H](O)[C@H]2O)[C@H](O)[C@H]7O)[C@H](O)[C@H]6O)[C@H](O)[C@H]5O)[C@H](O)[C@H]4O)[C@H](O)[C@H]3O,[O-]C(=O)CCC,cyclodextrin,1.0968999862670898,OC[C@H]1O[C@@H]2O[C@H]3[C@H](O)[C@@H](O)[C@@H](O[C@H]4[C@H](O)[C@@H](O)[C@@H](O[C@H]5[C@H](O)[C@@H](O)[C@@H](O[C@H]6[C@H](O)[C@@H](O)[C@@H](O[C@H]7[C@H](O)[C@@H](O)[C@@H](O[C@H]1[C@H](O)[C@H]2O)O[C@@H]7CO)O[C@@H]6CO)O[C@@H]5CO)O[C@@H]4CO)O[C@@H]3CO,9CB41F926A4386D7C0E23599753E6EDC60802BE1DCF577DB9B32CBB20691DB1D,HOST_CAN_0175,PASS,CCCC(=O)[O-],7B7CFB2FBAE2DF5E6E2393E45808772AC856698A76C81C982CC3567CE8672335,GUEST_CAN_0266,PASS,AttentiveFP,1,random,4,2.1289427280426025
282,87,234,CCCCOc1c(OCCCC)c2COCc3c(OCCCC)c(OCCCC)c(c4c3cccc4)COCc3c(c(c(COCc4c(c(c(COCc1c1c2cccc1)c1ccccc41)OCCCC)OCCCC)c1c3cccc1)OCCCC)OCCCC,CSc1ccc(cc1)C[N+](Cc1ccc(cc1)SC)(C)C,other,5.361700057983398,CCCCOc1c(OCCCC)c2c3ccccc3c1COCc1c(OCCCC)c(OCCCC)c(c3ccccc13)COCc1c(OCCCC)c(OCCCC)c(c3ccccc13)COCc1c(OCCCC)c(OCCCC)c(c3ccccc13)COC2,A699E12937358A216FBA45A53678131D8F7DBBB042BA5E7F52621C78F0465945,HOST_CAN_0031,PASS,CSc1ccc(C[N+](C)(C)Cc2ccc(SC)cc2)cc1,452D4C5D70F7FD3C24610097C33C01CFFCA59A04FC7CD065AD27A7327514ABD6,GUEST_CAN_0536,PASS,AttentiveFP,1,random,4,5.796652317047119
291,37,21,C(CN(CC(=O)O)CC(=O)O)N(CC(=O)O)CC(=O)O,[Sr+2],other,8.800000190734863,O=C(O)CN(CCN(CC(=O)O)CC(=O)O)CC(=O)O,6BFD1C3C84BE32FEF0887DE527CC95AE0C3680F389E80993C4242A4E3571F896,HOST_CAN_0123,PASS,[Sr+2],B6D37E5B591B608C4BE7D5E471532F87A202E5D6C60D3F594302E0BACEDD0483,GUEST_CAN_1113,PASS,AttentiveFP,1,random,4,8.22079849243164
292,3,241,OC[C@H]1O[C@@H]2O[C@@H]3[C@@H](CO)O[C@H](O[C@@H]4[C@@H](CO)O[C@H](O[C@@H]5[C@@H](CO)O[C@H](O[C@@H]6[C@@H](CO)O[C@H](O[C@@H]7[C@@H](CO)O[C@H](O[C@@H]8[C@@H](CO)O[C@H](O[C@H]1[C@H](O)[C@H]2O)[C@H](O)[C@H]8O)[C@H](O)[C@H]7O)[C@H](O)[C@H]6O)[C@H](O)[C@H]5O)[C@H](O)[C@H]4O)[C@H](O)[C@H]3O,C1=CC=C(C=C1)COC(=O)NC(CO)C(=O)O,cyclodextrin,2.037400007247925,OC[C@H]1O[C@@H]2O[C@H]3[C@H](O)[C@@H](O)[C@@H](O[C@H]4[C@H](O)[C@@H](O)[C@@H](O[C@H]5[C@H](O)[C@@H](O)[C@@H](O[C@H]6[C@H](O)[C@@H](O)[C@@H](O[C@H]7[C@H](O)[C@@H](O)[C@@H](O[C@H]8[C@H](O)[C@@H](O)[C@@H](O[C@H]1[C@H](O)[C@H]2O)O[C@@H]8CO)O[C@@H]7CO)O[C@@H]6CO)O[C@@H]5CO)O[C@@H]4CO)O[C@@H]3CO,22584443D9512992310760C9871E3E6BDB3EDC92006F3EF1EC94F44373907EB1,HOST_CAN_0176,PASS,O=C(NC(CO)C(=O)O)OCc1ccccc1,A09D16FC1626B0112ECCC9C15F6F43AEE0C7BCF662E9A440FE0947EC929413D7,GUEST_CAN_0850,PASS,AttentiveFP,1,random,4,2.0934104919433594
297,8,229,C1N2C3C4N(C2=O)CN5C6C7N(C5=O)CN8C9C2N(C8=O)CN5C8C%10N(C5=O)CN5C%11C%12N(C5=O)CN5C%13C(N1C5=O)N1CN3C(=O)N4CN6C(=O)N7CN9C(=O)N2CN8C(=O)N%10CN%11C(=O)N%12CN%13C1=O,[Na+],cucurbituril,3.2465999126434326,O=C1N2CN3C(=O)N4CN5C(=O)N6CN7C(=O)N8CN9C(=O)N%10CN%11C(=O)N%12CN1C1C2N2CN%13C(=O)N(CN%14C(=O)N(CN%15C(=O)N(CN%16C(=O)N(CN%17C(=O)N(CN1C2=O)C%12C%11%17)C%10C9%16)C8C7%15)C6C5%14)C4C3%13,2526C525F966BEE6CB589BBB60C9F4124C02584847747BDAFF4E92B4462536E8,HOST_CAN_0149,PASS,[Na+],C967F382B185E1578CB9153250886D12807928AF715FC44BD49BA94ACEDD7043,GUEST_CAN_1098,PASS,AttentiveFP,1,random,4,2.500833034515381
307,11,251,C1N2C3C4N(C2=O)CN5C6C7N(C5=O)CN8C9C2N(C8=O)CN5C8C%10N(C5=O)CN5C%11C%12N(C5=O)CN5C%13C%14N(C5=O)CN5C%15C%16N(C5=O)CN5C%17C(N1C5=O)N1CN3C(=O)N4CN6C(=O)N7CN9C(=O)N2CN8C(=O)N%10CN%11C(=O)N%12CN%13C(=O)N%14CN%15C(=O)N%16CN%17C1=O,C[N+]1=CN(C)C2=CC([N+](C)=CN3C)=C3C=C21,cucurbituril,5.623300075531006,O=C1N2CN3C(=O)N4CN5C(=O)N6CN7C(=O)N8CN9C(=O)N%10CN%11C(=O)N%12CN%13C(=O)N%14CN%15C(=O)N%16CN1C1C2N2CN%17C(=O)N(CN%18C(=O)N(CN%19C(=O)N(CN%20C(=O)N(CN%21C(=O)N(CN%22C(=O)N(CN%23C(=O)N(CN1C2=O)C%16C%15%23)C%14C%13%22)C%12C%11%21)C%10C9%20)C8C7%19)C6C5%18)C4C3%17,E82CB7F52437B0147F435E3074F006752062FF8924E87C1DAF3210D182FF633B,HOST_CAN_0143,PASS,Cn1c[n+](C)c2cc3c(cc21)[n+](C)cn3C,C0FDDC827BC0676CD8BDD2847C160C5CA71C25FDDFF31ADEBF61190A6C4C429E,GUEST_CAN_0701,PASS,AttentiveFP,1,random,4,5.303492546081543
323,91,63,C1COCCOCCN2CCOCCOCCN1CCOCCOCC2,[Rb+],other,4.350200176239014,C1COCCN2CCOCCOCCN(CCO1)CCOCCOCC2,40814B22E6CD93EB1FEFBD67E296A6414B9006E7DE8AD543F38C842653A2E43C,HOST_CAN_0004,PASS,[Rb+],A81E1030429F736D8E35EA84C21CDFC8BA21CABFAB462465BE82BDA25EAD58DF,GUEST_CAN_1109,PASS,AttentiveFP,1,random,4,2.731020450592041
324,85,262,OC[C@H]1O[C@@H]2O[C@@H]3[C@@H](CO)O[C@H](O[C@@H]4[C@@H](CO)O[C@H](O[C@@H]5[C@@H](CO)O[C@H](O[C@@H]6[C@@H](CO)O[C@H](O[C@@H]7[C@@H](CO)O[C@H](O[C@@H]8[C@@H](CO)O[C@H](O[C@@H]9[C@@H](CO)O[C@H](O[C@H]1[C@H](O)[C@H]2O)[C@H](O)[C@H]9O)[C@H](O)[C@H]8O)[C@H](O)[C@H]7O)[C@H](O)[C@H]6O)[C@H](O)[C@H]5O)[C@H](O)[C@H]4O)[C@H](O)[C@H]3O,CCN(CC)CCOC(=O)C1=CC=C(C=C1)N.Cl,cyclodextrin,1.4598000049591064,OC[C@H]1O[C@@H]2O[C@H]3[C@H](O)[C@@H](O)[C@@H](O[C@H]4[C@H](O)[C@@H](O)[C@@H](O[C@H]5[C@H](O)[C@@H](O)[C@@H](O[C@H]6[C@H](O)[C@@H](O)[C@@H](O[C@H]7[C@H](O)[C@@H](O)[C@@H](O[C@H]8[C@H](O)[C@@H](O)[C@@H](O[C@H]9[C@H](O)[C@@H](O)[C@@H](O[C@H]1[C@H](O)[C@H]2O)O[C@@H]9CO)O[C@@H]8CO)O[C@@H]7CO)O[C@@H]6CO)O[C@@H]5CO)O[C@@H]4CO)O[C@@H]3CO,4E4982FCAA8A96CE9D40EDC97C9574B542F86F2BEB463ECAA6DCE3670D2F9B83,HOST_CAN_0177,PASS,CCN(CC)CCOC(=O)c1ccc(N)cc1.Cl,B6592951C8A510E3B4F06E47C61517E830D4419A9C487D8E3D4F7EA1AAA33F0C,GUEST_CAN_0342,PASS,AttentiveFP,1,random,4,2.3899924755096436
327,9,265,[O-]C(=O)COc1ccc2c3c1CNC(=O)c1c(OCC(=O)[O-])ccc4c1ccc1c4C4CC(O1)Oc1c4c4ccc(c(C(=O)NCc5c6c(c7C8c2c(cc3)OC(C8)Oc7cc6)ccc5OCC(=O)[O-])c4cc1)OCC(=O)[O-].[NH4+].[NH4+].[NH4+].[NH4+],C1COCO1,other,2.654400110244751,O=C([O-])COc1ccc2c3c4ccc2c1CNC(=O)c1c(OCC(=O)[O-])ccc2c5c(ccc12)OC1CC5c2c(ccc5c(c(OCC(=O)[O-])ccc25)C(=O)NCc2c(OCC(=O)[O-])ccc5c6c(ccc25)OC(CC36)O4)O1.[NH4+].[NH4+].[NH4+].[NH4+],7D3830C6A6E10F82EEBCC3ED68B861BB21ED63B1DDB277580F3032527E5A1183,HOST_CAN_0139,PASS,C1COCO1,6329F6891F70FDFD32D72476ABBEFB6363AC07912B1D5C569A6DEAD6D6807EA4,GUEST_CAN_0038,PASS,AttentiveFP,1,random,4,2.5583903789520264
329,77,92,Oc1c2Cc3cc(cc(c3OCCOc3c4Cc5cc(cc(c5O)Cc5cc(cc(Cc6c(c(Cc3cc(c4)S(=O)(=O)[O-])cc(c6)S(=O)(=O)[O-])O)c5O)S(=O)(=O)[O-])S(=O)(=O)[O-])Cc3cc(cc(Cc4c(c(Cc1cc(c2)S(=O)(=O)[O-])cc(c4)S(=O)(=O)[O-])O)c3O)S(=O)(=O)[O-])S(=O)(=O)[O-],C[N+]1=CC=C(C=C1)C2=CC=[N+](C=C2)C.[Cl-].[Cl-],calixarene,7.089900016784668,O=S(=O)([O-])c1cc2c(O)c(c1)Cc1cc(S(=O)(=O)[O-])cc(c1O)Cc1cc(S(=O)(=O)[O-])cc(c1OCCOc1c3cc(S(=O)(=O)[O-])cc1Cc1cc(S(=O)(=O)[O-])cc(c1O)Cc1cc(S(=O)(=O)[O-])cc(c1O)Cc1cc(S(=O)(=O)[O-])cc(c1O)C3)Cc1cc(S(=O)(=O)[O-])cc(c1O)C2,3844EA5590DFD4493BBABC2061A4EDAE96C443037E252EB22277F09FB3CD68CF,HOST_CAN_0167,PASS,C[n+]1ccc(-c2cc[n+](C)cc2)cc1.[Cl-].[Cl-],A34A59C172ABA48CFA54144DF49E70D56803B22DE394E6F3154C1D8F7DC6E5F1,GUEST_CAN_0623,PASS,AttentiveFP,1,random,4,5.7767229080200195
339,11,272,C1N2C3C4N(C2=O)CN5C6C7N(C5=O)CN8C9C2N(C8=O)CN5C8C%10N(C5=O)CN5C%11C%12N(C5=O)CN5C%13C%14N(C5=O)CN5C%15C%16N(C5=O)CN5C%17C(N1C5=O)N1CN3C(=O)N4CN6C(=O)N7CN9C(=O)N2CN8C(=O)N%10CN%11C(=O)N%12CN%13C(=O)N%14CN%15C(=O)N%16CN%17C1=O,COC1=CC=C(C=C1)O,cucurbituril,3.7032999992370605,O=C1N2CN3C(=O)N4CN5C(=O)N6CN7C(=O)N8CN9C(=O)N%10CN%11C(=O)N%12CN%13C(=O)N%14CN%15C(=O)N%16CN1C1C2N2CN%17C(=O)N(CN%18C(=O)N(CN%19C(=O)N(CN%20C(=O)N(CN%21C(=O)N(CN%22C(=O)N(CN%23C(=O)N(CN1C2=O)C%16C%15%23)C%14C%13%22)C%12C%11%21)C%10C9%20)C8C7%19)C6C5%18)C4C3%17,E82CB7F52437B0147F435E3074F006752062FF8924E87C1DAF3210D182FF633B,HOST_CAN_0143,PASS,COc1ccc(O)cc1,0E8A5EBCE8CEE5B9A0D7F4F67EABC23510706FFB44E9A984B26572F669CE3228,GUEST_CAN_0488,PASS,AttentiveFP,1,random,4,3.957064390182495
343,68,275,Oc1c2cc(cc1Cc1cc(cc(c1O)Cc1c(c(Cc3c(c(C2)cc(c3)S(=O)(=O)O)O)cc(c1)S(=O)(=O)O)O)S(=O)(=O)O)NS(=O)(=O)c1ccc(cc1)C(=O)O,NCCCCC(C(=O)NC(C(=O)NC(C(=O)NCC(=O)NC(C(=O)N)Cc1ccc(cc1)O)C(O)C)CO)NC(=O)C(NC(C(=O)NC(=O)C(C(O)C)NC(=O)C(NC(=O)C(NC(=O)C(C(O)C)NC(=O)C(NC(=O)C(N)C)CCCNC(=N)N)CCCC[N+](C)(C)C)CCC(=O)N)C)CCCNC(=N)N,calixarene,7.790299892425537,O=C(O)c1ccc(S(=O)(=O)Nc2cc3c(O)c(c2)Cc2cc(S(=O)(=O)O)cc(c2O)Cc2cc(S(=O)(=O)O)cc(c2O)Cc2cc(S(=O)(=O)O)cc(c2O)C3)cc1,698FBD7126562AC5EF98798BC16D048473423AD0A0BD659BE98F031178BD7864,HOST_CAN_0136,PASS,CC(N)C(=O)NC(CCCNC(=N)N)C(=O)NC(C(=O)NC(CCCC[N+](C)(C)C)C(=O)NC(CCC(N)=O)C(=O)NC(C(=O)NC(=O)C(C)NC(CCCNC(=N)N)C(=O)NC(CCCCN)C(=O)NC(CO)C(=O)NC(C(=O)NCC(=O)NC(Cc1ccc(O)cc1)C(N)=O)C(C)O)C(C)O)C(C)O,25FDB195356441D0C34087BE8843E3CE8B61830D9520FAA57B9456D076F4D6B7,GUEST_CAN_0178,PASS,AttentiveFP,1,random,4,5.855430603027344
348,93,22,B(C1=CC=CC=C1CN(C)CC2=C3C=CC=CC3=CC4=CC=CC=C42)(O)O,CNCC(C1=CC(=C(C=C1)O)O)O,other,3.759700059890747,CN(Cc1ccccc1B(O)O)Cc1c2ccccc2cc2ccccc12,9825767B9F0751EB9842923F025CD2CC724B335E584E46D5C77C9CA19EF79BB5,HOST_CAN_0052,PASS,CNCC(O)c1ccc(O)c(O)c1,6ECE6CFFF6E84A2846BFDF3E647E6C18CCEA435B77A528E23C38803D697997FC,GUEST_CAN_0428,PASS,AttentiveFP,1,random,4,3.5425901412963867
355,94,283,CC(C(O[Na])=O)OC(C(OC(C)C(O[Na])=O)=C1)=CC2=C1C(C=C(OC(C(O[Na])=O)C)C(OC(C(O[Na])=O)C)=C3)=C3C4=C2C=C(OC(C(O[Na])=O)C)C(OC(C)C(O[Na])=O)=C4,C(C(C1C(=C(C(=O)O1)O)O)O)O,other,0.0,CC(Oc1cc2c3cc(OC(C)C(=O)[O][Na])c(OC(C)C(=O)[O][Na])cc3c3cc(OC(C)C(=O)[O][Na])c(OC(C)C(=O)[O][Na])cc3c2cc1OC(C)C(=O)[O][Na])C(=O)[O][Na],BA584CA32AF40B5CC01118169993C3B68F1DD55FC57084F45766D3D97748C6AD,HOST_CAN_0016,PASS,O=C1OC(C(O)CO)C(O)=C1O,CF1446AA0DE93D2468C2E70BEE2FCB331BFCB891BE0066305793D3E082434FE6,GUEST_CAN_0921,PASS,AttentiveFP,1,random,4,0.9144642353057861
365,24,289,OC1=C2C=C(S(=O)([O-])=O)C=C1CC3=C(O)C(CC4=CC(S(=O)([O-])=O)=CC(CC5=CC(S(=O)([O-])=O)=CC(CC6=CC(S(=O)([O-])=O)=CC(CC(C=C(S(=O)([O-])=O)C=C7C2)=C7O)=C6O)=C5O)=C4O)=CC(S(=O)([O-])=O)=C3.[Na+].[Na+].[Na+].[Na+].[Na+].[Na+],CC(C)CC(C(=O)NCC(=O)NCC(=O)O)N,calixarene,3.2200000286102295,O=S(=O)([O-])c1cc2c(O)c(c1)Cc1cc(S(=O)(=O)[O-])cc(c1O)Cc1cc(S(=O)(=O)[O-])cc(c1O)Cc1cc(S(=O)(=O)[O-])cc(c1O)Cc1cc(S(=O)(=O)[O-])cc(c1O)Cc1cc(S(=O)(=O)[O-])cc(c1O)C2.[Na+].[Na+].[Na+].[Na+].[Na+].[Na+],2C1F820212E47C3BD5C15E73832EDE6A35C8C7920DDCE445D20F661D969CA26F,HOST_CAN_0165,PASS,CC(C)CC(N)C(=O)NCC(=O)NCC(=O)O,D4CB6B17B725C35FD8BE8C81DB4944143150FA553B932E6B087A9D4D4C5F6D75,GUEST_CAN_0137,PASS,AttentiveFP,1,random,4,3.7586615085601807
368,98,95,C([C@@H]1[C@@H]2[C@@H]([C@H]([C@H](O1)O[C@@H]3[C@H](O[C@@H]([C@@H]([C@H]3O)O)O[C@@H]4[C@H](O[C@@H]([C@@H]([C@H]4O)O)O[C@@H]5[C@H](O[C@@H]([C@@H]([C@H]5O)O)O[C@@H]6[C@H](O[C@@H]([C@@H]([C@H]6O)O)O[C@@H]7[C@H](O[C@@H]([C@@H]([C@H]7O)O)O[C@@H]8[C@H](O[C@H](O2)[C@@H]([C@H]8O)O)CO)CO)CO)CO)CO)CO)O)O)NCC(=O)O,CC(CCC(=O)NCC(=O)[O-])C1CCC2C1(C(CC3C2C(CC4C3(CCC(C4)O)C)O)O)C.[Na+],cyclodextrin,3.3464999198913574,O=C(O)CNC[C@H]1O[C@@H]2O[C@H]3[C@H](O)[C@@H](O)[C@@H](O[C@H]4[C@H](O)[C@@H](O)[C@@H](O[C@H]5[C@H](O)[C@@H](O)[C@@H](O[C@H]6[C@H](O)[C@@H](O)[C@@H](O[C@H]7[C@H](O)[C@@H](O)[C@@H](O[C@H]8[C@H](O)[C@@H](O)[C@@H](O[C@H]1[C@H](O)[C@H]2O)O[C@@H]8CO)O[C@@H]7CO)O[C@@H]6CO)O[C@@H]5CO)O[C@@H]4CO)O[C@@H]3CO,1CB8BB8FC7131D0029408460C176413DD5567C2F911FE5DE54C9E901F56DC40B,HOST_CAN_0125,PASS,CC(CCC(=O)NCC(=O)[O-])C1CCC2C3C(O)CC4CC(O)CCC4(C)C3CC(O)C12C.[Na+],0BCA6077014E90D295BA8D0F775B98D0E05F6E94F5743C82532FD0782D283F1B,GUEST_CAN_0168,PASS,AttentiveFP,1,random,4,3.516843795776367
369,32,290,OC(=O)c1ccc(cc1)N=Nc1cc2Cc3cc(N=Nc4ccc(cc4)C(=O)O)cc(c3O)Cc3cc(cc(Cc4c(c(Cc(c1)c2O)cc(N=Nc1ccc(cc1)C(=O)O)c4)O)c3O)/N=N/c1ccc(cc1)C(=O)O,C1C(C(OC1N2C=C(C(=O)NC2=O)F)CO)O,calixarene,2.397900104522705,O=C(O)c1ccc(N=Nc2cc3c(O)c(c2)Cc2cc(N=Nc4ccc(C(=O)O)cc4)cc(c2O)Cc2cc(/N=N/c4ccc(C(=O)O)cc4)cc(c2O)Cc2cc(N=Nc4ccc(C(=O)O)cc4)cc(c2O)C3)cc1,5B585DBFF951CBB98E465DBECF308ACBE2EAF8773CE9C58156BE700CBB287248,HOST_CAN_0134,PASS,O=c1[nH]c(=O)n(C2CC(O)C(CO)O2)cc1F,C61E2F9FF939DD0A7AA7FD117F27AFBF7D85E7AB89D8481F6A8C6F0D5D925E56,GUEST_CAN_0954,PASS,AttentiveFP,1,random,4,7.0128631591796875
373,64,293,CCCCOc1cc2COCc3cc(OCCCC)cc4c3cc(OCCCC)cc4COCc3c(OCCCC)ccc4c3ccc(c4COCc3c4c(c(COCc5c(c1)c2cc(c5)OCCCC)c(OCCCC)cc4)ccc3OCCCC)OCCCC,[O-][N+](=O)c1ccc(cc1)C[N+](Cc1ccc(cc1)[N+](=O)[O-])(C)C,other,6.198699951171875,CCCCOc1cc2c3cc(OCCCC)cc(c3c1)COCc1cc(OCCCC)cc3c(cc(OCCCC)cc13)COCc1c(OCCCC)ccc3c(c(OCCCC)ccc13)COCc1c(OCCCC)ccc3c(c(OCCCC)ccc13)COC2,05C5083FBF551B3C1AE048E85E6B7F5EB796F7835740F408D7B4DF1173E7C142,HOST_CAN_0032,PASS,C[N+](C)(Cc1ccc([N+](=O)[O-])cc1)Cc1ccc([N+](=O)[O-])cc1,B7B16D57EEF93FB333246DB9F7219F5F97BF26B1F334141A4DA1AB5C24FE3538,GUEST_CAN_0597,PASS,AttentiveFP,1,random,4,4.7769036293029785
375,8,294,C1N2C3C4N(C2=O)CN5C6C7N(C5=O)CN8C9C2N(C8=O)CN5C8C%10N(C5=O)CN5C%11C%12N(C5=O)CN5C%13C(N1C5=O)N1CN3C(=O)N4CN6C(=O)N7CN9C(=O)N2CN8C(=O)N%10CN%11C(=O)N%12CN%13C1=O,Cl[Fe](Cl)Cl,cucurbituril,5.170300006866455,O=C1N2CN3C(=O)N4CN5C(=O)N6CN7C(=O)N8CN9C(=O)N%10CN%11C(=O)N%12CN1C1C2N2CN%13C(=O)N(CN%14C(=O)N(CN%15C(=O)N(CN%16C(=O)N(CN%17C(=O)N(CN1C2=O)C%12C%11%17)C%10C9%16)C8C7%15)C6C5%14)C4C3%13,2526C525F966BEE6CB589BBB60C9F4124C02584847747BDAFF4E92B4462536E8,HOST_CAN_0149,PASS,[Cl][Fe]([Cl])[Cl],00A56A250646250BC555AD4F337F6343FAE4957C946C1C7D8CF29518E860CDEC,GUEST_CAN_1045,PASS,AttentiveFP,1,random,4,3.301931142807007
388,9,304,[O-]C(=O)COc1ccc2c3c1CNC(=O)c1c(OCC(=O)[O-])ccc4c1ccc1c4C4CC(O1)Oc1c4c4ccc(c(C(=O)NCc5c6c(c7C8c2c(cc3)OC(C8)Oc7cc6)ccc5OCC(=O)[O-])c4cc1)OCC(=O)[O-].[NH4+].[NH4+].[NH4+].[NH4+],CCC1CO1,other,2.793100118637085,O=C([O-])COc1ccc2c3c4ccc2c1CNC(=O)c1c(OCC(=O)[O-])ccc2c5c(ccc12)OC1CC5c2c(ccc5c(c(OCC(=O)[O-])ccc25)C(=O)NCc2c(OCC(=O)[O-])ccc5c6c(ccc25)OC(CC36)O4)O1.[NH4+].[NH4+].[NH4+].[NH4+],7D3830C6A6E10F82EEBCC3ED68B861BB21ED63B1DDB277580F3032527E5A1183,HOST_CAN_0139,PASS,CCC1CO1,2E31AA0B5D09EDF5DEC83D16F27705763D59FA61A7FF121EC340896B856ADA1B,GUEST_CAN_0264,PASS,AttentiveFP,1,random,4,3.1443631649017334
400,8,314,C1N2C3C4N(C2=O)CN5C6C7N(C5=O)CN8C9C2N(C8=O)CN5C8C%10N(C5=O)CN5C%11C%12N(C5=O)CN5C%13C(N1C5=O)N1CN3C(=O)N4CN6C(=O)N7CN9C(=O)N2CN8C(=O)N%10CN%11C(=O)N%12CN%13C1=O,C(C(=O)NCC(=O)O)N,cucurbituril,2.9000000953674316,O=C1N2CN3C(=O)N4CN5C(=O)N6CN7C(=O)N8CN9C(=O)N%10CN%11C(=O)N%12CN1C1C2N2CN%13C(=O)N(CN%14C(=O)N(CN%15C(=O)N(CN%16C(=O)N(CN%17C(=O)N(CN1C2=O)C%12C%11%17)C%10C9%16)C8C7%15)C6C5%14)C4C3%13,2526C525F966BEE6CB589BBB60C9F4124C02584847747BDAFF4E92B4462536E8,HOST_CAN_0149,PASS,NCC(=O)NCC(=O)O,CBCC05D0D71B7353262B49DA950175F7023233A16A2FEDFC4011D88F9F93B0FB,GUEST_CAN_0770,PASS,AttentiveFP,1,random,4,2.8349125385284424
404,30,255,C1C2=CC(=CC(=C2O)CC3=CC(=CC(=C3O)CC4=CC(=CC(=C4O)CC5=C(C(=CC(=C5)S(=O)(=O)[O-])CC6=C(C(=CC(=C6)S(=O)(=O)[O-])CC7=C(C1=CC(=C7)S(=O)(=O)[O-])O)O)O)S(=O)(=O)[O-])S(=O)(=O)[O-])S(=O)(=O)[O-],CCN1C=C(C(=O)C2=CC(=C(C=C21)N3CCNCC3)F)C(=O)O,calixarene,4.601600170135498,O=S(=O)([O-])c1cc2c(O)c(c1)Cc1cc(S(=O)(=O)[O-])cc(c1O)Cc1cc(S(=O)(=O)[O-])cc(c1O)Cc1cc(S(=O)(=O)[O-])cc(c1O)Cc1cc(S(=O)(=O)[O-])cc(c1O)Cc1cc(S(=O)(=O)[O-])cc(c1O)C2,175E9D01D3A7DD7BE73E9B8659E8BAA0A16B2D5C4CCEFE3BEFED10121429BF10,HOST_CAN_0164,PASS,CCn1cc(C(=O)O)c(=O)c2cc(F)c(N3CCNCC3)cc21,51A13D1B35CE84294FAFDDC991735A9C36D89C1EB8D5241A29415246F6566D08,GUEST_CAN_0386,PASS,AttentiveFP,1,random,4,3.8971333503723145
407,22,31,Oc1c2Sc3cc(cc(c3O)Sc3cc(cc(Sc4c(c(Sc1cc(c2)S(=O)(=O)O)cc(c4)S(=O)(=O)O)O)c3O)S(=O)(=O)O)S(=O)(=O)O,CC(=O)OC(CC(=O)[O-])C[N+](C)(C)C,calixarene,1.3221999406814575,O=S(=O)(O)c1cc2c(O)c(c1)Sc1cc(S(=O)(=O)O)cc(c1O)Sc1cc(S(=O)(=O)O)cc(c1O)Sc1cc(S(=O)(=O)O)cc(c1O)S2,5FE888C1FB51BDA35D21231A31EDB8203ACD56DD9744D0C6B83351EC668D4256,HOST_CAN_0156,PASS,CC(=O)OC(CC(=O)[O-])C[N+](C)(C)C,84F3DE3A4774B1F6AF116A86D71ECC8AE9DDDEEB6CDC576B42DD15BBFC1D17CE,GUEST_CAN_0094,PASS,AttentiveFP,1,random,4,3.468294620513916
419,8,324,C1N2C3C4N(C2=O)CN5C6C7N(C5=O)CN8C9C2N(C8=O)CN5C8C%10N(C5=O)CN5C%11C%12N(C5=O)CN5C%13C(N1C5=O)N1CN3C(=O)N4CN6C(=O)N7CN9C(=O)N2CN8C(=O)N%10CN%11C(=O)N%12CN%13C1=O,CCCCCCCN1C=C[N+](=C1)C.[Br-],cucurbituril,4.0,O=C1N2CN3C(=O)N4CN5C(=O)N6CN7C(=O)N8CN9C(=O)N%10CN%11C(=O)N%12CN1C1C2N2CN%13C(=O)N(CN%14C(=O)N(CN%15C(=O)N(CN%16C(=O)N(CN%17C(=O)N(CN1C2=O)C%12C%11%17)C%10C9%16)C8C7%15)C6C5%14)C4C3%13,2526C525F966BEE6CB589BBB60C9F4124C02584847747BDAFF4E92B4462536E8,HOST_CAN_0149,PASS,CCCCCCCn1cc[n+](C)c1.[Br-],DAFAF4FD3169B5F2EB969C4FD183D4A7BB6CCC56AED80A062F064D2639ED86B4,GUEST_CAN_0295,PASS,AttentiveFP,1,random,4,5.1167168617248535
423,11,327,C1N2C3C4N(C2=O)CN5C6C7N(C5=O)CN8C9C2N(C8=O)CN5C8C%10N(C5=O)CN5C%11C%12N(C5=O)CN5C%13C%14N(C5=O)CN5C%15C%16N(C5=O)CN5C%17C(N1C5=O)N1CN3C(=O)N4CN6C(=O)N7CN9C(=O)N2CN8C(=O)N%10CN%11C(=O)N%12CN%13C(=O)N%14CN%15C(=O)N%16CN%17C1=O,O=C(CC[C@@H](C(=O)NCC(=O)NCC(=O)NCC(=O)NCC(=O)N[C@H](C(=O)NCC(=O)NCC(=O)N)CCC(=O)NCC[n+]1ccc(cc1)c1cc[n+](cc1)C)NC(=O)CNC(=O)CNC(=O)CNC(=O)CNC(=O)[C@@H](NC(=O)CNC(=O)CNC(=O)C)CCC(=O)NCC[n+]1ccc(cc1)c1cc[n+](cc1)C)NCC[n+]1ccc(cc1)c1cc[n+](cc1)C,cucurbituril,6.204100131988525,O=C1N2CN3C(=O)N4CN5C(=O)N6CN7C(=O)N8CN9C(=O)N%10CN%11C(=O)N%12CN%13C(=O)N%14CN%15C(=O)N%16CN1C1C2N2CN%17C(=O)N(CN%18C(=O)N(CN%19C(=O)N(CN%20C(=O)N(CN%21C(=O)N(CN%22C(=O)N(CN%23C(=O)N(CN1C2=O)C%16C%15%23)C%14C%13%22)C%12C%11%21)C%10C9%20)C8C7%19)C6C5%18)C4C3%17,E82CB7F52437B0147F435E3074F006752062FF8924E87C1DAF3210D182FF633B,HOST_CAN_0143,PASS,CC(=O)NCC(=O)NCC(=O)N[C@@H](CCC(=O)NCC[n+]1ccc(-c2cc[n+](C)cc2)cc1)C(=O)NCC(=O)NCC(=O)NCC(=O)NCC(=O)N[C@@H](CCC(=O)NCC[n+]1ccc(-c2cc[n+](C)cc2)cc1)C(=O)NCC(=O)NCC(=O)NCC(=O)NCC(=O)N[C@@H](CCC(=O)NCC[n+]1ccc(-c2cc[n+](C)cc2)cc1)C(=O)NCC(=O)NCC(N)=O,C67BCDB4965E29668A530C53F74FEE3D5270C83F6E4F6E35F8DE7E2085B8C2F7,GUEST_CAN_0079,PASS,AttentiveFP,1,random,4,5.894414901733398
428,8,143,C1N2C3C4N(C2=O)CN5C6C7N(C5=O)CN8C9C2N(C8=O)CN5C8C%10N(C5=O)CN5C%11C%12N(C5=O)CN5C%13C(N1C5=O)N1CN3C(=O)N4CN6C(=O)N7CN9C(=O)N2CN8C(=O)N%10CN%11C(=O)N%12CN%13C1=O,O.O.O.O.O.O.O.[Cl-].[Cl-].[Cl-].[La+3],cucurbituril,4.161399841308594,O=C1N2CN3C(=O)N4CN5C(=O)N6CN7C(=O)N8CN9C(=O)N%10CN%11C(=O)N%12CN1C1C2N2CN%13C(=O)N(CN%14C(=O)N(CN%15C(=O)N(CN%16C(=O)N(CN%17C(=O)N(CN1C2=O)C%12C%11%17)C%10C9%16)C8C7%15)C6C5%14)C4C3%13,2526C525F966BEE6CB589BBB60C9F4124C02584847747BDAFF4E92B4462536E8,HOST_CAN_0149,PASS,O.O.O.O.O.O.O.[Cl-].[Cl-].[Cl-].[La+3],1E37E2BF0692633D9CE24924BA2B24B23857130425674815F06A869898F2B330,GUEST_CAN_0843,PASS,AttentiveFP,1,random,4,3.4595682621002197
429,8,330,C1N2C3C4N(C2=O)CN5C6C7N(C5=O)CN8C9C2N(C8=O)CN5C8C%10N(C5=O)CN5C%11C%12N(C5=O)CN5C%13C(N1C5=O)N1CN3C(=O)N4CN6C(=O)N7CN9C(=O)N2CN8C(=O)N%10CN%11C(=O)N%12CN%13C1=O,C1=CC=C(C(=C1)N)N,cucurbituril,1.0,O=C1N2CN3C(=O)N4CN5C(=O)N6CN7C(=O)N8CN9C(=O)N%10CN%11C(=O)N%12CN1C1C2N2CN%13C(=O)N(CN%14C(=O)N(CN%15C(=O)N(CN%16C(=O)N(CN%17C(=O)N(CN1C2=O)C%12C%11%17)C%10C9%16)C8C7%15)C6C5%14)C4C3%13,2526C525F966BEE6CB589BBB60C9F4124C02584847747BDAFF4E92B4462536E8,HOST_CAN_0149,PASS,Nc1ccccc1N,445E2381EAFE63FDF2A17F2FA3432092BDFEA41385FD2BEA71C952577E657D03,GUEST_CAN_0838,PASS,AttentiveFP,1,random,4,2.983572483062744
430,11,85,C1N2C3C4N(C2=O)CN5C6C7N(C5=O)CN8C9C2N(C8=O)CN5C8C%10N(C5=O)CN5C%11C%12N(C5=O)CN5C%13C%14N(C5=O)CN5C%15C%16N(C5=O)CN5C%17C(N1C5=O)N1CN3C(=O)N4CN6C(=O)N7CN9C(=O)N2CN8C(=O)N%10CN%11C(=O)N%12CN%13C(=O)N%14CN%15C(=O)N%16CN%17C1=O,COC1=C(C2=C[N+]3=C(C=C2C=C1)C4=CC5=C(C=C4CC3)OCO5)OC.[Cl-],cucurbituril,7.018499851226807,O=C1N2CN3C(=O)N4CN5C(=O)N6CN7C(=O)N8CN9C(=O)N%10CN%11C(=O)N%12CN%13C(=O)N%14CN%15C(=O)N%16CN1C1C2N2CN%17C(=O)N(CN%18C(=O)N(CN%19C(=O)N(CN%20C(=O)N(CN%21C(=O)N(CN%22C(=O)N(CN%23C(=O)N(CN1C2=O)C%16C%15%23)C%14C%13%22)C%12C%11%21)C%10C9%20)C8C7%19)C6C5%18)C4C3%17,E82CB7F52437B0147F435E3074F006752062FF8924E87C1DAF3210D182FF633B,HOST_CAN_0143,PASS,COc1ccc2cc3[n+](cc2c1OC)CCc1cc2c(cc1-3)OCO2.[Cl-],2002F700467546FC920CE9A91096FEE4BBFBC89B967D34B7A6F925905277E3AF,GUEST_CAN_0500,PASS,AttentiveFP,1,random,4,6.9969282150268555
433,1,333,C1C2=CC(=CC(=C2O)CC3=CC(=CC(=C3O)CC4=C(C(=CC(=C4)S(=O)(=O)O)CC5=C(C1=CC(=C5)S(=O)(=O)O)O)O)S(=O)(=O)O)S(=O)(=O)O,C(CC[NH3+])CC(=O)[O-],calixarene,2.259999990463257,O=S(=O)(O)c1cc2c(O)c(c1)Cc1cc(S(=O)(=O)O)cc(c1O)Cc1cc(S(=O)(=O)O)cc(c1O)Cc1cc(S(=O)(=O)O)cc(c1O)C2,C1130CCDC8DA0C6458EF6C2E07E7F3330D8F8B055CBE4DEAADB70DC00C8CDFC1,HOST_CAN_0154,PASS,[NH3+]CCCCC(=O)[O-],45CFEA5FDAA8D7A65790935646985A3ABBFCF5B919C8D0D1B42395924442E282,GUEST_CAN_1081,PASS,AttentiveFP,1,random,4,3.074047088623047
437,99,178,N#CCOc1c2Cc3cc(cc(c3O)Cc3cc(cc(c3O)Cc3cc(cc(c3O)Cc3cc(cc(Cc4c(c(Cc5c(c(Cc6c(c(Cc1cc(c2)S(=O)(=O)O)cc(c6)S(=O)(=O)O)O)cc(c5)S(=O)(=O)O)O)cc(c4)S(=O)(=O)O)O)c3O)S(=O)(=O)O)S(=O)(=O)O)S(=O)(=O)O)S(=O)(=O)O,C(CCN)CC(C(=O)O)N,calixarene,2.8254001140594482,N#CCOc1c2cc(S(=O)(=O)O)cc1Cc1cc(S(=O)(=O)O)cc(c1O)Cc1cc(S(=O)(=O)O)cc(c1O)Cc1cc(S(=O)(=O)O)cc(c1O)Cc1cc(S(=O)(=O)O)cc(c1O)Cc1cc(S(=O)(=O)O)cc(c1O)Cc1cc(S(=O)(=O)O)cc(c1O)Cc1cc(S(=O)(=O)O)cc(c1O)C2,9C5AE9DC33FB7183D6DE570E4F40C5ED225E59EFD3C7E5485333524BCCF933C0,HOST_CAN_0103,PASS,NCCCCC(N)C(=O)O,BD55DE8B1F18BBBA0B9FB86FA685E52B4743F1B75F837E0522E8C602B3191BA0,GUEST_CAN_0785,PASS,AttentiveFP,1,random,4,2.886671543121338
444,1,338,C1C2=CC(=CC(=C2O)CC3=CC(=CC(=C3O)CC4=C(C(=CC(=C4)S(=O)(=O)O)CC5=C(C1=CC(=C5)S(=O)(=O)O)O)O)S(=O)(=O)O)S(=O)(=O)O,C1=CC=C(C=C1)C2=CC(=O)C3=C(C(=C(C=C3O2)OC4C(C(C(C(O4)C(=O)O)O)O)O)O)O,calixarene,4.214000225067139,O=S(=O)(O)c1cc2c(O)c(c1)Cc1cc(S(=O)(=O)O)cc(c1O)Cc1cc(S(=O)(=O)O)cc(c1O)Cc1cc(S(=O)(=O)O)cc(c1O)C2,C1130CCDC8DA0C6458EF6C2E07E7F3330D8F8B055CBE4DEAADB70DC00C8CDFC1,HOST_CAN_0154,PASS,O=C(O)C1OC(Oc2cc3oc(-c4ccccc4)cc(=O)c3c(O)c2O)C(O)C(O)C1O,127588582E4011E1A74BB8E2043EF5B42E49C4D847374CD8A901A330DA6D9033,GUEST_CAN_0870,PASS,AttentiveFP,1,random,4,3.916309356689453
449,3,342,OC[C@H]1O[C@@H]2O[C@@H]3[C@@H](CO)O[C@H](O[C@@H]4[C@@H](CO)O[C@H](O[C@@H]5[C@@H](CO)O[C@H](O[C@@H]6[C@@H](CO)O[C@H](O[C@@H]7[C@@H](CO)O[C@H](O[C@@H]8[C@@H](CO)O[C@H](O[C@H]1[C@H](O)[C@H]2O)[C@H](O)[C@H]8O)[C@H](O)[C@H]7O)[C@H](O)[C@H]6O)[C@H](O)[C@H]5O)[C@H](O)[C@H]4O)[C@H](O)[C@H]3O,C1=CC=C(C=C1)COCC=O,cyclodextrin,2.342400074005127,OC[C@H]1O[C@@H]2O[C@H]3[C@H](O)[C@@H](O)[C@@H](O[C@H]4[C@H](O)[C@@H](O)[C@@H](O[C@H]5[C@H](O)[C@@H](O)[C@@H](O[C@H]6[C@H](O)[C@@H](O)[C@@H](O[C@H]7[C@H](O)[C@@H](O)[C@@H](O[C@H]8[C@H](O)[C@@H](O)[C@@H](O[C@H]1[C@H](O)[C@H]2O)O[C@@H]8CO)O[C@@H]7CO)O[C@@H]6CO)O[C@@H]5CO)O[C@@H]4CO)O[C@@H]3CO,22584443D9512992310760C9871E3E6BDB3EDC92006F3EF1EC94F44373907EB1,HOST_CAN_0176,PASS,O=CCOCc1ccccc1,814634EABD1D2CFF1B20A4F82DC95C916F9BCF5874A301C1F888443B6BCB6FC7,GUEST_CAN_0927,PASS,AttentiveFP,1,random,4,2.033759593963623
454,11,346,C1N2C3C4N(C2=O)CN5C6C7N(C5=O)CN8C9C2N(C8=O)CN5C8C%10N(C5=O)CN5C%11C%12N(C5=O)CN5C%13C%14N(C5=O)CN5C%15C%16N(C5=O)CN5C%17C(N1C5=O)N1CN3C(=O)N4CN6C(=O)N7CN9C(=O)N2CN8C(=O)N%10CN%11C(=O)N%12CN%13C(=O)N%14CN%15C(=O)N%16CN%17C1=O,C=Cn1cc[n+](c1)Cc1cc(F)cc(c1)F,cucurbituril,5.812099933624268,O=C1N2CN3C(=O)N4CN5C(=O)N6CN7C(=O)N8CN9C(=O)N%10CN%11C(=O)N%12CN%13C(=O)N%14CN%15C(=O)N%16CN1C1C2N2CN%17C(=O)N(CN%18C(=O)N(CN%19C(=O)N(CN%20C(=O)N(CN%21C(=O)N(CN%22C(=O)N(CN%23C(=O)N(CN1C2=O)C%16C%15%23)C%14C%13%22)C%12C%11%21)C%10C9%20)C8C7%19)C6C5%18)C4C3%17,E82CB7F52437B0147F435E3074F006752062FF8924E87C1DAF3210D182FF633B,HOST_CAN_0143,PASS,C=Cn1cc[n+](Cc2cc(F)cc(F)c2)c1,73644E73F42B901B4AAC3D5D491F1550215017E4EC5CB601024E5C0BDDF64F8C,GUEST_CAN_0058,PASS,AttentiveFP,1,random,4,6.045008659362793
460,101,350,CC12C3(N4CN5C6C7N(C5=O)CN8C9C5N(C8=O)CN8C(=O)N%10CC%11=C(C=CC%12=C%11C(=C(C=C%12)OCCCS(=O)(=O)[O-])CN%11C%10(C8(N(C%11=O)CN5C(=O)N9CN7C(=O)N6CN3C(=O)N1CC1=C(C=CC3=C1C(=C(C=C3)OCCCS(=O)(=O)[O-])CN2C4=O)OCCCS(=O)(=O)[O-])C)C)OCCCS(=O)(=O)[O-])C.[Na+].[Na+].[Na+].[Na+],CNC(=C[N+](=O)[O-])NCCSCC1=CC=C(O1)CN(C)C,cucurbituril,5.230400085449219,CC12N3Cc4c(OCCCS(=O)(=O)[O-])ccc5ccc(OCCCS(=O)(=O)[O-])c(c45)CN1C(=O)N1CN4C(=O)N5CN6C(=O)N7CN8C(=O)N9Cc%10c(OCCCS(=O)(=O)[O-])ccc%11ccc(OCCCS(=O)(=O)[O-])c(c%10%11)CN%10C(=O)N(CN%11C(=O)N(CN%12C(=O)N(CN(C3=O)C12C)C4C%125)C6C%117)C8(C)C%109C.[Na+].[Na+].[Na+].[Na+],D06B992717C42348D2028871BE8CF32C393DC5D34135FC7CB387827D0E760D24,HOST_CAN_0017,PASS,CNC(=C[N+](=O)[O-])NCCSCc1ccc(CN(C)C)o1,81518DA11B0CE4F83FADB3B13E388327F49047BEDCBACA1266C7173F2B832477,GUEST_CAN_0423,PASS,AttentiveFP,1,random,4,5.372360706329346
469,11,357,C1N2C3C4N(C2=O)CN5C6C7N(C5=O)CN8C9C2N(C8=O)CN5C8C%10N(C5=O)CN5C%11C%12N(C5=O)CN5C%13C%14N(C5=O)CN5C%15C%16N(C5=O)CN5C%17C(N1C5=O)N1CN3C(=O)N4CN6C(=O)N7CN9C(=O)N2CN8C(=O)N%10CN%11C(=O)N%12CN%13C(=O)N%14CN%15C(=O)N%16CN%17C1=O,OCCOCCOCCOc1ccc(cc1)/N=N\c1ccccc1,cucurbituril,3.0,O=C1N2CN3C(=O)N4CN5C(=O)N6CN7C(=O)N8CN9C(=O)N%10CN%11C(=O)N%12CN%13C(=O)N%14CN%15C(=O)N%16CN1C1C2N2CN%17C(=O)N(CN%18C(=O)N(CN%19C(=O)N(CN%20C(=O)N(CN%21C(=O)N(CN%22C(=O)N(CN%23C(=O)N(CN1C2=O)C%16C%15%23)C%14C%13%22)C%12C%11%21)C%10C9%20)C8C7%19)C6C5%18)C4C3%17,E82CB7F52437B0147F435E3074F006752062FF8924E87C1DAF3210D182FF633B,HOST_CAN_0143,PASS,OCCOCCOCCOc1ccc(/N=N\c2ccccc2)cc1,82A3EB572BA4345C742BF01389414EF67062ECCAEA446355BBD1DB13D3375BE0,GUEST_CAN_0980,PASS,AttentiveFP,1,random,4,4.593653678894043
470,11,358,C1N2C3C4N(C2=O)CN5C6C7N(C5=O)CN8C9C2N(C8=O)CN5C8C%10N(C5=O)CN5C%11C%12N(C5=O)CN5C%13C%14N(C5=O)CN5C%15C%16N(C5=O)CN5C%17C(N1C5=O)N1CN3C(=O)N4CN6C(=O)N7CN9C(=O)N2CN8C(=O)N%10CN%11C(=O)N%12CN%13C(=O)N%14CN%15C(=O)N%16CN%17C1=O,NCCCC[C@@H](C(=O)N[C@H](C(=O)N[C@H](C(=O)N[C@H](C(=O)O)C)C)Cc1c[nH]c2c1cccc2)NC(=O)[C@@H](N)C,cucurbituril,4.230400085449219,O=C1N2CN3C(=O)N4CN5C(=O)N6CN7C(=O)N8CN9C(=O)N%10CN%11C(=O)N%12CN%13C(=O)N%14CN%15C(=O)N%16CN1C1C2N2CN%17C(=O)N(CN%18C(=O)N(CN%19C(=O)N(CN%20C(=O)N(CN%21C(=O)N(CN%22C(=O)N(CN%23C(=O)N(CN1C2=O)C%16C%15%23)C%14C%13%22)C%12C%11%21)C%10C9%20)C8C7%19)C6C5%18)C4C3%17,E82CB7F52437B0147F435E3074F006752062FF8924E87C1DAF3210D182FF633B,HOST_CAN_0143,PASS,C[C@H](N)C(=O)N[C@@H](CCCCN)C(=O)N[C@@H](Cc1c[nH]c2ccccc12)C(=O)N[C@@H](C)C(=O)N[C@@H](C)C(=O)O,9CA1A8F04AF2927E6EAA647B4C9F3CBDC2C0353BCE6E7BBD8646D41DEFC97CDE,GUEST_CAN_0543,PASS,AttentiveFP,1,random,4,5.07918643951416
497,106,376,CCCOC1=C2CC3=CC(P(OC)(O[Li])=O)=CC(CC4=C(OCCC)C(CC5=C(OCCC)C(CC1=CC(P(OC)(O[Li])=O)=C2)=CC(P(OC)(O[Li])=O)=C5)=CC(P(OC)(O[Li])=O)=C4)=C3OCCC,C(CO)N.Cl,calixarene,1.0,[Li][O]P(=O)(OC)c1cc2c(OCCC)c(c1)Cc1cc(P(=O)([O][Li])OC)cc(c1OCCC)Cc1cc(P(=O)([O][Li])OC)cc(c1OCCC)Cc1cc(P(=O)([O][Li])OC)cc(c1OCCC)C2,7E35E77A746111D0F7C2AD48B4236AD5F23EBD686B02C0BEF4D3F0D97CE016F4,HOST_CAN_0180,PASS,Cl.NCCO,B8BFC7F3AB287F02D64B1AF5D74B52A154A02E551CB075B8B8621A2F056ECCD2,GUEST_CAN_0689,PASS,AttentiveFP,1,random,4,0.950249195098877
499,74,378,[Li+].[Li+].COP(OC)(=O)CC1=CC(=CC(=C1)NC(CCCN(C)CC1=C(C=CC=C1)B(O)O)=O)CP([O-])([O-])=O,C1=CC=C2C(=C1)C(=O)C3=C(C2=O)C(=C(C(=C3)CN(CC(=O)O)CC(=O)O)O)O,other,3.536600112915039,COP(=O)(Cc1cc(CP(=O)([O-])[O-])cc(NC(=O)CCCN(C)Cc2ccccc2B(O)O)c1)OC.[Li+].[Li+],7E42F839F9338A49BA3ED36631C1EA08827315A2F7E1A716582040F5B64BDC5A,HOST_CAN_0065,PASS,O=C(O)CN(CC(=O)O)Cc1cc2c(c(O)c1O)C(=O)c1ccccc1C2=O,E887A26EAB39D6C9D28AD9BD84869C714BE8C45C9144226A9A92B6CA8F1CF041,GUEST_CAN_0877,PASS,AttentiveFP,1,random,4,2.9281973838806152
504,8,382,C1N2C3C4N(C2=O)CN5C6C7N(C5=O)CN8C9C2N(C8=O)CN5C8C%10N(C5=O)CN5C%11C%12N(C5=O)CN5C%13C(N1C5=O)N1CN3C(=O)N4CN6C(=O)N7CN9C(=O)N2CN8C(=O)N%10CN%11C(=O)N%12CN%13C1=O,C[Si](C)(C)CCC(=O)O,cucurbituril,1.0,O=C1N2CN3C(=O)N4CN5C(=O)N6CN7C(=O)N8CN9C(=O)N%10CN%11C(=O)N%12CN1C1C2N2CN%13C(=O)N(CN%14C(=O)N(CN%15C(=O)N(CN%16C(=O)N(CN%17C(=O)N(CN1C2=O)C%12C%11%17)C%10C9%16)C8C7%15)C6C5%14)C4C3%13,2526C525F966BEE6CB589BBB60C9F4124C02584847747BDAFF4E92B4462536E8,HOST_CAN_0149,PASS,C[Si](C)(C)CCC(=O)O,C8D127A62D6E7B1E4DF69DE29AE74EFF0F19528214C41E0598F3C311BE1E2051,GUEST_CAN_0615,PASS,AttentiveFP,1,random,4,1.554328203201294
508,48,385,[Na]OS(=O)(=O)CCCOc1c2CN3C(=O)N4[C@]5([C@@]3(N(Cc2c(c2c1cccc2)OCCCS(=O)(=O)O[Na])C(=O)N5CN1[C@@]2(N(C4)C(=O)N3[C@]2(C)N(C1=O)Cc1c(C3)c(OCCCS(=O)(=O)O[Na])c2c(c1OCCCS(=O)(=O)O[Na])cccc2)C)C)C,O=C1C=C2SC3=CC(N(C)C)=CC=C3N=C2C=C1,other,4.76039981842041,C[C@]12N3Cc4c(c(OCCCS(=O)(=O)[O][Na])c5ccccc5c4OCCCS(=O)(=O)[O][Na])CN1C(=O)N1CN4C(=O)N5Cc6c(c(OCCCS(=O)(=O)[O][Na])c7ccccc7c6OCCCS(=O)(=O)[O][Na])CN6C(=O)N(CN(C3=O)[C@]12C)[C@]4(C)[C@@]56C,D18B807A904C56B05E199911FB10FFB774349CC49BBD32D2EFAFF4C892BA649F,HOST_CAN_0090,PASS,CN(C)c1ccc2nc3ccc(=O)cc-3sc2c1,02EE801B8E4D4B73295CF311BB6A14DBD441A9E02300BFAF3AD49411805B9858,GUEST_CAN_0411,PASS,AttentiveFP,1,random,4,5.647990703582764
509,1,66,C1C2=CC(=CC(=C2O)CC3=CC(=CC(=C3O)CC4=C(C(=CC(=C4)S(=O)(=O)O)CC5=C(C1=CC(=C5)S(=O)(=O)O)O)O)S(=O)(=O)O)S(=O)(=O)O,CCN(CC)C1=CC2=C(C=C1)C(=C3C=CC(=[N+](CC)CC)C=C3O2)C4=CC=CC=C4C(=O)O.[Cl-],calixarene,3.0218000411987305,O=S(=O)(O)c1cc2c(O)c(c1)Cc1cc(S(=O)(=O)O)cc(c1O)Cc1cc(S(=O)(=O)O)cc(c1O)Cc1cc(S(=O)(=O)O)cc(c1O)C2,C1130CCDC8DA0C6458EF6C2E07E7F3330D8F8B055CBE4DEAADB70DC00C8CDFC1,HOST_CAN_0154,PASS,CCN(CC)c1ccc2c(-c3ccccc3C(=O)O)c3ccc(=[N+](CC)CC)cc-3oc2c1.[Cl-],E6B7F92F3A311CD3784FBF712B743266F1C434D81B8F11E34C9F34FDCF2DC073,GUEST_CAN_0347,PASS,AttentiveFP,1,random,4,3.7502493858337402
525,1,392,C1C2=CC(=CC(=C2O)CC3=CC(=CC(=C3O)CC4=C(C(=CC(=C4)S(=O)(=O)O)CC5=C(C1=CC(=C5)S(=O)(=O)O)O)O)S(=O)(=O)O)S(=O)(=O)O,C(CCO)CO,calixarene,1.2798999547958374,O=S(=O)(O)c1cc2c(O)c(c1)Cc1cc(S(=O)(=O)O)cc(c1O)Cc1cc(S(=O)(=O)O)cc(c1O)Cc1cc(S(=O)(=O)O)cc(c1O)C2,C1130CCDC8DA0C6458EF6C2E07E7F3330D8F8B055CBE4DEAADB70DC00C8CDFC1,HOST_CAN_0154,PASS,OCCCCO,ED163EE7BA76B1E7104AA03DF4E17A7C5D4AD5461513A3BFCEE8D3F9111FDE5C,GUEST_CAN_0976,PASS,AttentiveFP,1,random,4,2.62825870513916
537,73,400,C1C2=CC(=CC(=C2O)CC3=CC(=CC(=C3O)CC4=CC(=CC(=C4O)CC5=C(C(=CC(=C5)S(=O)(=O)O)CC6=C(C1=CC(=C6)S(=O)(=O)O)O)O)S(=O)(=O)O)S(=O)(=O)O)S(=O)(=O)O,CC1=NC(=CC=C1)C,calixarene,3.228600025177002,O=S(=O)(O)c1cc2c(O)c(c1)Cc1cc(S(=O)(=O)O)cc(c1O)Cc1cc(S(=O)(=O)O)cc(c1O)Cc1cc(S(=O)(=O)O)cc(c1O)Cc1cc(S(=O)(=O)O)cc(c1O)C2,CE64A1CA71928E5DE79CF9633E11D44D0BC2C175AB3D980BF8052807605CA8CC,HOST_CAN_0155,PASS,Cc1cccc(C)n1,DBFA28727E7253C6FF16A196350004E0257EBA3F3F69D11C8D90ABE7F3D7FD4B,GUEST_CAN_0665,PASS,AttentiveFP,1,random,4,3.2885303497314453
544,4,50,[Na]OS(=O)(=O)CCCCOC=1C=C(C=CC1)[C@@H]1N=C(OC1)CC1=C(C(=C(C(=C1C)CC=1OC[C@@H](N1)C1=CC(=CC=C1)OCCCCS(=O)(=O)O[Na])C)CC=1OC[C@@H](N1)C1=CC(=CC=C1)OCCCCS(=O)(=O)O[Na])C,C1=CC=C(C(=C1)O)O,other,1.0,Cc1c(CC2=N[C@@H](c3cccc(OCCCCS(=O)(=O)[O][Na])c3)CO2)c(C)c(CC2=N[C@@H](c3cccc(OCCCCS(=O)(=O)[O][Na])c3)CO2)c(C)c1CC1=N[C@@H](c2cccc(OCCCCS(=O)(=O)[O][Na])c2)CO1,9E3429786C624B72E8FD089068975D2A1C33E04632FEA26EF01294722587A124,HOST_CAN_0098,PASS,Oc1ccccc1O,D6044096AF0493CF06B8B5FDAA8C090BB98BA46AF75026C46D7FE4ACEF4715BB,GUEST_CAN_1007,PASS,AttentiveFP,1,random,4,1.4223830699920654
550,3,408,OC[C@H]1O[C@@H]2O[C@@H]3[C@@H](CO)O[C@H](O[C@@H]4[C@@H](CO)O[C@H](O[C@@H]5[C@@H](CO)O[C@H](O[C@@H]6[C@@H](CO)O[C@H](O[C@@H]7[C@@H](CO)O[C@H](O[C@@H]8[C@@H](CO)O[C@H](O[C@H]1[C@H](O)[C@H]2O)[C@H](O)[C@H]8O)[C@H](O)[C@H]7O)[C@H](O)[C@H]6O)[C@H](O)[C@H]5O)[C@H](O)[C@H]4O)[C@H](O)[C@H]3O,CC(C1=CC=CC=C1)C(=O)O,cyclodextrin,1.531499981880188,OC[C@H]1O[C@@H]2O[C@H]3[C@H](O)[C@@H](O)[C@@H](O[C@H]4[C@H](O)[C@@H](O)[C@@H](O[C@H]5[C@H](O)[C@@H](O)[C@@H](O[C@H]6[C@H](O)[C@@H](O)[C@@H](O[C@H]7[C@H](O)[C@@H](O)[C@@H](O[C@H]8[C@H](O)[C@@H](O)[C@@H](O[C@H]1[C@H](O)[C@H]2O)O[C@@H]8CO)O[C@@H]7CO)O[C@@H]6CO)O[C@@H]5CO)O[C@@H]4CO)O[C@@H]3CO,22584443D9512992310760C9871E3E6BDB3EDC92006F3EF1EC94F44373907EB1,HOST_CAN_0176,PASS,CC(C(=O)O)c1ccccc1,39E81C14C70322EC40DB0016F5D8CC5F88B6124FB8BA69CBB0DE2E95D7C6979F,GUEST_CAN_0109,PASS,AttentiveFP,1,random,4,2.060223340988159
555,3,412,OC[C@H]1O[C@@H]2O[C@@H]3[C@@H](CO)O[C@H](O[C@@H]4[C@@H](CO)O[C@H](O[C@@H]5[C@@H](CO)O[C@H](O[C@@H]6[C@@H](CO)O[C@H](O[C@@H]7[C@@H](CO)O[C@H](O[C@@H]8[C@@H](CO)O[C@H](O[C@H]1[C@H](O)[C@H]2O)[C@H](O)[C@H]8O)[C@H](O)[C@H]7O)[C@H](O)[C@H]6O)[C@H](O)[C@H]5O)[C@H](O)[C@H]4O)[C@H](O)[C@H]3O,C1=CC=C(C=C1)C(CO)O,cyclodextrin,1.7924000024795532,OC[C@H]1O[C@@H]2O[C@H]3[C@H](O)[C@@H](O)[C@@H](O[C@H]4[C@H](O)[C@@H](O)[C@@H](O[C@H]5[C@H](O)[C@@H](O)[C@@H](O[C@H]6[C@H](O)[C@@H](O)[C@@H](O[C@H]7[C@H](O)[C@@H](O)[C@@H](O[C@H]8[C@H](O)[C@@H](O)[C@@H](O[C@H]1[C@H](O)[C@H]2O)O[C@@H]8CO)O[C@@H]7CO)O[C@@H]6CO)O[C@@H]5CO)O[C@@H]4CO)O[C@@H]3CO,22584443D9512992310760C9871E3E6BDB3EDC92006F3EF1EC94F44373907EB1,HOST_CAN_0176,PASS,OCC(O)c1ccccc1,9103E594C120BB85413A67B43648D2E5A074C67648633BFF8AF83985259A36F6,GUEST_CAN_0968,PASS,AttentiveFP,1,random,4,1.9185316562652588
556,114,224,COC[C@H]1O[C@@H]2O[C@H]3[C@H](COC)O[C@H]([C@H]([C@@H]3OC)OC)O[C@H]3[C@H](COC)O[C@H]([C@H]([C@@H]3OC)OC)O[C@H]3[C@H](COC)O[C@H]([C@H]([C@@H]3OC)OC)O[C@H]3[C@@H](O[C@@H](O[C@@H]4[C@H](O[C@H](O[C@@H]5[C@H](O[C@H](O[C@H]1[C@@H]([C@H]2OC)OC)[C@H](OC)[C@H]5OC)COc1cccc2c1cccc2)[C@H](OC)[C@H]4OC)COC)[C@@H](OC)[C@@H]3OC)COC,[Na]OC(=O)CCC([C@H]1CC[C@@H]2[C@]1(C)[C@@H](O)C[C@H]1[C@H]2[C@H](O)C[C@H]2[C@]1(C)CC[C@H](C2)O)C,cyclodextrin,2.9590001106262207,COC[C@@H]1O[C@H]2O[C@@H]3[C@@H](OC)[C@H](OC)[C@H](O[C@H]4[C@H](OC)[C@@H](OC)[C@@H](O[C@H]5[C@H](OC)[C@@H](OC)[C@@H](O[C@H]6[C@H](OC)[C@@H](OC)[C@@H](O[C@@H]7[C@@H](OC)[C@H](OC)[C@H](O[C@@H]8[C@@H](OC)[C@H](OC)[C@H](O[C@@H]1[C@@H](OC)[C@@H]2OC)O[C@H]8COC)O[C@H]7COC)O[C@@H]6COC)O[C@@H]5COc1cccc2ccccc12)O[C@@H]4COC)O[C@H]3COC,7AE19FA8EF87D27413EA05F1D5DD130463E6A866CDA3A89A21EED2C3F3D61191,HOST_CAN_0062,PASS,CC(CCC(=O)[O][Na])[C@H]1CC[C@H]2[C@@H]3[C@H](O)C[C@@H]4C[C@H](O)CC[C@]4(C)[C@H]3C[C@H](O)[C@]12C,325F0710EF62CA3C12381A9A8CD6F83A5931D6CF0558E81C8EA783470AFA3F90,GUEST_CAN_0175,PASS,AttentiveFP,1,random,4,3.411088466644287
560,11,402,C1N2C3C4N(C2=O)CN5C6C7N(C5=O)CN8C9C2N(C8=O)CN5C8C%10N(C5=O)CN5C%11C%12N(C5=O)CN5C%13C%14N(C5=O)CN5C%15C%16N(C5=O)CN5C%17C(N1C5=O)N1CN3C(=O)N4CN6C(=O)N7CN9C(=O)N2CN8C(=O)N%10CN%11C(=O)N%12CN%13C(=O)N%14CN%15C(=O)N%16CN%17C1=O,CC(=O)OC1CC2CCC3C(C2(CC1N4CCCCC4)C)CCC5(C3CC(C5OC(=O)C)[N+]6(CCCCC6)C)C,cucurbituril,9.792400360107422,O=C1N2CN3C(=O)N4CN5C(=O)N6CN7C(=O)N8CN9C(=O)N%10CN%11C(=O)N%12CN%13C(=O)N%14CN%15C(=O)N%16CN1C1C2N2CN%17C(=O)N(CN%18C(=O)N(CN%19C(=O)N(CN%20C(=O)N(CN%21C(=O)N(CN%22C(=O)N(CN%23C(=O)N(CN1C2=O)C%16C%15%23)C%14C%13%22)C%12C%11%21)C%10C9%20)C8C7%19)C6C5%18)C4C3%17,E82CB7F52437B0147F435E3074F006752062FF8924E87C1DAF3210D182FF633B,HOST_CAN_0143,PASS,CC(=O)OC1CC2CCC3C(CCC4(C)C3CC([N+]3(C)CCCCC3)C4OC(C)=O)C2(C)CC1N1CCCCC1,4C65E168F159B5FCDF409C55805797947EC42F39592E08C90A54FAB10EDE3DB9,GUEST_CAN_0097,PASS,AttentiveFP,1,random,4,6.291364669799805
573,8,420,C1N2C3C4N(C2=O)CN5C6C7N(C5=O)CN8C9C2N(C8=O)CN5C8C%10N(C5=O)CN5C%11C%12N(C5=O)CN5C%13C(N1C5=O)N1CN3C(=O)N4CN6C(=O)N7CN9C(=O)N2CN8C(=O)N%10CN%11C(=O)N%12CN%13C1=O,CCCCCCC[NH3+],cucurbituril,3.763400077819824,O=C1N2CN3C(=O)N4CN5C(=O)N6CN7C(=O)N8CN9C(=O)N%10CN%11C(=O)N%12CN1C1C2N2CN%13C(=O)N(CN%14C(=O)N(CN%15C(=O)N(CN%16C(=O)N(CN%17C(=O)N(CN1C2=O)C%12C%11%17)C%10C9%16)C8C7%15)C6C5%14)C4C3%13,2526C525F966BEE6CB589BBB60C9F4124C02584847747BDAFF4E92B4462536E8,HOST_CAN_0149,PASS,CCCCCCC[NH3+],8B86E80E7A606F90A3E142792E25022A151B83C91A5DF63798EDA4A621EE932C,GUEST_CAN_0294,PASS,AttentiveFP,1,random,4,4.372076034545898
577,11,423,C1N2C3C4N(C2=O)CN5C6C7N(C5=O)CN8C9C2N(C8=O)CN5C8C%10N(C5=O)CN5C%11C%12N(C5=O)CN5C%13C%14N(C5=O)CN5C%15C%16N(C5=O)CN5C%17C(N1C5=O)N1CN3C(=O)N4CN6C(=O)N7CN9C(=O)N2CN8C(=O)N%10CN%11C(=O)N%12CN%13C(=O)N%14CN%15C(=O)N%16CN%17C1=O,COCCOCCOCCOCCOCCOCCOCCOCCOCCOCCOCCOCCOCCOCCOCCOCCOCCOCCOCCOCCOCCOCCOCCOCCOCCOCCOCCOCCOCCOCCOCCOCCOCCOCCOCCOCCOCCOCCOCCOCCOCCOCCOCCOCCOCCOCCOCCOCCOCCOCCOCCOCCOCCOCCOCCOCCOCCOCCOCCOCCOCCOCCOCCOCCOCCOCCOCCOCCOCCOCCOCCOCCOCCOCCOCCOCCOCCOCCOCCOCCOCCOCCOCCOCCOCCOCCOCCOCCOCCOCCOCCOCCOCCOCCOCCOCCOCCOCCOCCOCCOCCOCCOCCOCCOCCOCCOCCOCCOCCOCCOCCOCCOCCOC(=O)Nc1ccc2c(c1)cccc2,cucurbituril,5.113100051879883,O=C1N2CN3C(=O)N4CN5C(=O)N6CN7C(=O)N8CN9C(=O)N%10CN%11C(=O)N%12CN%13C(=O)N%14CN%15C(=O)N%16CN1C1C2N2CN%17C(=O)N(CN%18C(=O)N(CN%19C(=O)N(CN%20C(=O)N(CN%21C(=O)N(CN%22C(=O)N(CN%23C(=O)N(CN1C2=O)C%16C%15%23)C%14C%13%22)C%12C%11%21)C%10C9%20)C8C7%19)C6C5%18)C4C3%17,E82CB7F52437B0147F435E3074F006752062FF8924E87C1DAF3210D182FF633B,HOST_CAN_0143,PASS,COCCOCCOCCOCCOCCOCCOCCOCCOCCOCCOCCOCCOCCOCCOCCOCCOCCOCCOCCOCCOCCOCCOCCOCCOCCOCCOCCOCCOCCOCCOCCOCCOCCOCCOCCOCCOCCOCCOCCOCCOCCOCCOCCOCCOCCOCCOCCOCCOCCOCCOCCOCCOCCOCCOCCOCCOCCOCCOCCOCCOCCOCCOCCOCCOCCOCCOCCOCCOCCOCCOCCOCCOCCOCCOCCOCCOCCOCCOCCOCCOCCOCCOCCOCCOCCOCCOCCOCCOCCOCCOCCOCCOCCOCCOCCOCCOCCOCCOCCOCCOCCOCCOCCOCCOCCOCCOCCOCCOCCOCCOCCOCCOCCOC(=O)Nc1ccc2ccccc2c1,279FCF72EF5CEBC79A298C5B4DAD7B36320E6BCD0896B380002FC9CAD2FEDB07,GUEST_CAN_0469,PASS,AttentiveFP,1,random,4,4.937829494476318
584,4,427,[Na]OS(=O)(=O)CCCCOC=1C=C(C=CC1)[C@@H]1N=C(OC1)CC1=C(C(=C(C(=C1C)CC=1OC[C@@H](N1)C1=CC(=CC=C1)OCCCCS(=O)(=O)O[Na])C)CC=1OC[C@@H](N1)C1=CC(=CC=C1)OCCCCS(=O)(=O)O[Na])C,CC(=O)OCC[N+](C)(C)C.[Cl-],other,1.0,Cc1c(CC2=N[C@@H](c3cccc(OCCCCS(=O)(=O)[O][Na])c3)CO2)c(C)c(CC2=N[C@@H](c3cccc(OCCCCS(=O)(=O)[O][Na])c3)CO2)c(C)c1CC1=N[C@@H](c2cccc(OCCCCS(=O)(=O)[O][Na])c2)CO1,9E3429786C624B72E8FD089068975D2A1C33E04632FEA26EF01294722587A124,HOST_CAN_0098,PASS,CC(=O)OCC[N+](C)(C)C.[Cl-],4879DB6C417F8D989F6A62C99945BAB2F28386E52B872AFFF576ADC283F5F62A,GUEST_CAN_0101,PASS,AttentiveFP,1,random,4,2.343334674835205
585,33,428,[H]C1(C(C(O[C@](OC2=C1C=C3[C@]4([H])CCC[N+](C)(C)C)([H])C5=CC(O6)=CC(OC7=CC8=CC(C[N+](C)(C)C)=C7)=C5)=C9)=CC%10=C9O[C@](C%11=CC(O8)=CC(OC%12=CC%13=CC(C[N+](C)(C)C)=C%12)=C%11)([H])OC%14=C(C%10([H])CCC[N+](C)(C)C)C=C%15C(O[C@](C%16=CC%17=CC(O%13)=C%16)([H])OC%18=CC(O[C@](C%19=CC(OC%20=CC(O%17)=CC(C[N+](C)(C)C)=C%20)=CC(OC%21=CC6=CC(C[N+](C)(C)C)=C%21)=C%19)([H])OC3=C2)=C4C=C%18[C@]%15([H])CCC[N+](C)(C)C)=C%14)CCC[N+](C)(C)C.[Cl-].[Cl-].[Cl-].[Cl-].[Cl-].[Cl-].[Cl-].[Cl-],FC(S(=O)(=O)[O-])(F)F.[Na+],other,3.2751998901367188,C[N+](C)(C)CCCC1c2cc3c4cc2O[C@H]2Oc5cc6c(cc51)[C@H](CCC[N+](C)(C)C)c1cc5c7cc1O[C@H](O6)c1cc6cc(c1)Oc1cc(C[N+](C)(C)C)cc(c1)Oc1cc8cc(c1)[C@H](Oc1cc(c(cc1[C@H]5CCC[N+](C)(C)C)C3CCC[N+](C)(C)C)O[C@@H](O4)c1cc(cc(c1)Oc1cc(C[N+](C)(C)C)cc(c1)O8)Oc1cc(C[N+](C)(C)C)cc(c1)Oc1cc(cc2c1)Oc1cc(C[N+](C)(C)C)cc(c1)O6)O7.[Cl-].[Cl-].[Cl-].[Cl-].[Cl-].[Cl-].[Cl-].[Cl-],F783BB4F0E2D9595DCCBD26C1895FCF835428AF86721AF4DD7F78FB07FBB8527,HOST_CAN_0096,PASS,O=S(=O)([O-])C(F)(F)F.[Na+],07342045B9C55572D8E458E5295B1D6E4E6E29B7DBCAD161C4F57723BA371812,GUEST_CAN_0933,PASS,AttentiveFP,1,random,4,3.9777262210845947
586,9,429,[O-]C(=O)COc1ccc2c3c1CNC(=O)c1c(OCC(=O)[O-])ccc4c1ccc1c4C4CC(O1)Oc1c4c4ccc(c(C(=O)NCc5c6c(c7C8c2c(cc3)OC(C8)Oc7cc6)ccc5OCC(=O)[O-])c4cc1)OCC(=O)[O-].[NH4+].[NH4+].[NH4+].[NH4+],CC1COC(=O)O1,other,1.8217999935150146,O=C([O-])COc1ccc2c3c4ccc2c1CNC(=O)c1c(OCC(=O)[O-])ccc2c5c(ccc12)OC1CC5c2c(ccc5c(c(OCC(=O)[O-])ccc25)C(=O)NCc2c(OCC(=O)[O-])ccc5c6c(ccc25)OC(CC36)O4)O1.[NH4+].[NH4+].[NH4+].[NH4+],7D3830C6A6E10F82EEBCC3ED68B861BB21ED63B1DDB277580F3032527E5A1183,HOST_CAN_0139,PASS,CC1COC(=O)O1,77068C9132EF1FBCC6DE2E1A0677E0797777E16856E7BD70970730F64509F0B7,GUEST_CAN_0243,PASS,AttentiveFP,1,random,4,3.0267128944396973
591,17,171,COP(=O)(Cc1cc2ccc1OCc1cc(COc3ccc(cc3CP(=O)(OC)[O-])C(C)(C)c3ccc(OCc4cc(COc5ccc(C2(C)C)cc5CP(=O)(OC)[O-])cc(c4)[N+](=O)[O-])c(c3)CP(=O)(OC)[O-])cc(c1)[N+](=O)[O-])[O-],C1=CC(=C(C=C1CCN)O)O,other,2.390899896621704,COP(=O)([O-])Cc1cc2ccc1OCc1cc(cc([N+](=O)[O-])c1)COc1ccc(cc1CP(=O)([O-])OC)C(C)(C)c1ccc(c(CP(=O)([O-])OC)c1)OCc1cc(cc([N+](=O)[O-])c1)COc1ccc(cc1CP(=O)([O-])OC)C2(C)C,5C9812D0AA59E8C93387DCBA9CDBD0E45705FA87B439937B162042CB092EC8B9,HOST_CAN_0069,PASS,NCCc1ccc(O)c(O)c1,8C989074BC36C962545C6731CBB09A9BCEAD59D65B1AEE4A0B8B096CFFB8E510,GUEST_CAN_0808,PASS,AttentiveFP,1,random,4,2.5042479038238525
595,69,437,NCCN1C=C(N=N1)COC(C=C2)=C(CNCC3=C(OCC(N=N4)=CN4CCN)C=CC5=C3C=C6)C7=C2C8=C(C=C7)OC9CC8C%10=C(O9)C=CC%11=C%10C=CC(OCC(N=N%12)=CN%12CCN)=C%11CNCC%13=C(OCC(N=N%14)=CN%14CCN)C=CC%15=C%13C=CC(O%16)=C%15C%17C5=C6OC%16C%17,OC(C(=O)O)CC1=CC=CC=C1,other,3.8738999366760254,NCCn1cc(COc2ccc3c4c5ccc3c2CNCc2c(OCc3cn(CCN)nn3)ccc3c6c(ccc23)OC2CC6c3c(ccc6c(c(OCc7cn(CCN)nn7)ccc36)CNCc3c(OCc6cn(CCN)nn6)ccc6c7c(ccc36)OC(CC47)O5)O2)nn1,E69AC36986BDADC1E5A61FE9021251B6D5437DB096F231021CE94D055FF4BCBF,HOST_CAN_0113,PASS,O=C(O)C(O)Cc1ccccc1,E9397338BFA2DF2426F5EAFAC89A6A669CCB8C215710730D405A0EAD1E19A161,GUEST_CAN_0859,PASS,AttentiveFP,1,random,4,3.8855769634246826
603,1,440,C1C2=CC(=CC(=C2O)CC3=CC(=CC(=C3O)CC4=C(C(=CC(=C4)S(=O)(=O)O)CC5=C(C1=CC(=C5)S(=O)(=O)O)O)O)S(=O)(=O)O)S(=O)(=O)O,CC(C(=O)O)NC(=O)CN,calixarene,3.2100000381469727,O=S(=O)(O)c1cc2c(O)c(c1)Cc1cc(S(=O)(=O)O)cc(c1O)Cc1cc(S(=O)(=O)O)cc(c1O)Cc1cc(S(=O)(=O)O)cc(c1O)C2,C1130CCDC8DA0C6458EF6C2E07E7F3330D8F8B055CBE4DEAADB70DC00C8CDFC1,HOST_CAN_0154,PASS,CC(NC(=O)CN)C(=O)O,05890C7DD45D8F3107459006B72D4EDB9CC5C3A82EEA862EFDB24093E953F0AC,GUEST_CAN_0186,PASS,AttentiveFP,1,random,4,2.8083255290985107
606,1,57,C1C2=CC(=CC(=C2O)CC3=CC(=CC(=C3O)CC4=C(C(=CC(=C4)S(=O)(=O)O)CC5=C(C1=CC(=C5)S(=O)(=O)O)O)O)S(=O)(=O)O)S(=O)(=O)O,OC(=O)C1CCCN1,calixarene,3.1045000553131104,O=S(=O)(O)c1cc2c(O)c(c1)Cc1cc(S(=O)(=O)O)cc(c1O)Cc1cc(S(=O)(=O)O)cc(c1O)Cc1cc(S(=O)(=O)O)cc(c1O)C2,C1130CCDC8DA0C6458EF6C2E07E7F3330D8F8B055CBE4DEAADB70DC00C8CDFC1,HOST_CAN_0154,PASS,O=C(O)C1CCCN1,089AB51F23001BB951B8422598AD8ED1DBAD90EB1049857FB2A03F150DA120BA,GUEST_CAN_0869,PASS,AttentiveFP,1,random,4,2.4349920749664307
607,89,442,O[C@@H]1[C@@H](O)[C@H](O[C@@H]2[C@H](O)[C@@H](O)[C@H](O3)[C@@H](COCCCCS(=O)([O-])=O)O2)[C@@H](COCCCCS(=O)([O-])=O)O[C@@H]1O[C@H]4[C@H](O)[C@@H](O)[C@@H](O[C@@H]5[C@@H](O)[C@H](O)[C@H](O[C@@H]6[C@@H](O)[C@H](O)[C@H](O[C@@H]7[C@@H](O)[C@H](O)[C@H](O[C@@H]8[C@@H](O)[C@H](O)[C@H]3O[C@H]8COCCCCS(=O)([O-])=O)O[C@H]7COCCCCS(=O)([O-])=O)O[C@H]6COCCCCS(=O)([O-])=O)O[C@H]5COCCCCS(=O)([O-])=O)O[C@@H]4COCCCCS(=O)([O-])=O.[Na+].[Na+].[Na+].[Na+].[Na+].[Na+].[Na+],CC12CC3CC(C1)(CC(C3)(C2)N)C,cyclodextrin,3.702699899673462,O=S(=O)([O-])CCCCOC[C@@H]1O[C@H]2O[C@@H]3[C@@H](O)[C@H](O)[C@H](O[C@H]4[C@H](O)[C@@H](O)[C@@H](O[C@H]5[C@H](O)[C@@H](O)[C@@H](O[C@H]6[C@H](O)[C@@H](O)[C@@H](O[C@@H]7[C@@H](O)[C@H](O)[C@H](O[C@@H]8[C@@H](O)[C@H](O)[C@H](O[C@@H]1[C@@H](O)[C@@H]2O)O[C@H]8COCCCCS(=O)(=O)[O-])O[C@H]7COCCCCS(=O)(=O)[O-])O[C@@H]6COCCCCS(=O)(=O)[O-])O[C@@H]5COCCCCS(=O)(=O)[O-])O[C@@H]4COCCCCS(=O)(=O)[O-])O[C@H]3COCCCCS(=O)(=O)[O-].[Na+].[Na+].[Na+].[Na+].[Na+].[Na+].[Na+],0EF453A8FEAB2DBB346A347C51767F5C4A37ED4747250CEC0BCF3880BBC2D023,HOST_CAN_0157,PASS,CC12CC3CC(C)(C1)CC(N)(C3)C2,0AFD1A68AE2979847F2FE8C6289B56D5AE3344B3DCCB36D840CDC4248A6C7DFA,GUEST_CAN_0217,PASS,AttentiveFP,1,random,4,4.156367778778076
623,64,454,CCCCOc1cc2COCc3cc(OCCCC)cc4c3cc(OCCCC)cc4COCc3c(OCCCC)ccc4c3ccc(c4COCc3c4c(c(COCc5c(c1)c2cc(c5)OCCCC)c(OCCCC)cc4)ccc3OCCCC)OCCCC,C1=CC=C[N+]2=C1C1=[N+](CC2)C=CC=C1,other,3.2472000122070312,CCCCOc1cc2c3cc(OCCCC)cc(c3c1)COCc1cc(OCCCC)cc3c(cc(OCCCC)cc13)COCc1c(OCCCC)ccc3c(c(OCCCC)ccc13)COCc1c(OCCCC)ccc3c(c(OCCCC)ccc13)COC2,05C5083FBF551B3C1AE048E85E6B7F5EB796F7835740F408D7B4DF1173E7C142,HOST_CAN_0032,PASS,c1cc[n+]2c(c1)-c1cccc[n+]1CC2,129DC49EF4AB93F0D7CFF5529A53286D3BDA797A045B296BD0D89008262A749F,GUEST_CAN_1125,PASS,AttentiveFP,1,random,4,5.489283561706543
635,73,384,C1C2=CC(=CC(=C2O)CC3=CC(=CC(=C3O)CC4=CC(=CC(=C4O)CC5=C(C(=CC(=C5)S(=O)(=O)O)CC6=C(C1=CC(=C6)S(=O)(=O)O)O)O)S(=O)(=O)O)S(=O)(=O)O)S(=O)(=O)O,CC1=CC=NC=C1,calixarene,2.5120999813079834,O=S(=O)(O)c1cc2c(O)c(c1)Cc1cc(S(=O)(=O)O)cc(c1O)Cc1cc(S(=O)(=O)O)cc(c1O)Cc1cc(S(=O)(=O)O)cc(c1O)Cc1cc(S(=O)(=O)O)cc(c1O)C2,CE64A1CA71928E5DE79CF9633E11D44D0BC2C175AB3D980BF8052807605CA8CC,HOST_CAN_0155,PASS,Cc1ccncc1,793286ADE81890C85B833167A2C805C672C3C04BEE8A17A89412FEBE14BF75D9,GUEST_CAN_0675,PASS,AttentiveFP,1,random,4,3.032588005065918
637,15,459,C1=C2C=C3C=C1OC4=CC(=CC(=C4)C(=O)O)OC5=CC6=CC(=C5)C7OC8=CC9=C1C=C8C(C4=C(O7)C=C5C(=C4)C(C4=CC7=C(C=C4OC2O5)OC2C4=CC(=CC(=C4)OC4=CC(=CC(=C4)C(=O)O)OC4=CC(=CC(=C4)OC4=CC(=CC(=C4)O6)C(=O)O)C(O9)OC4=C(C1CCC(=O)O)C=C(C7CCC(=O)O)C(=C4)O2)OC1=CC(=CC(=C1)O3)C(=O)O)CCC(=O)O)CCC(=O)O,[Cl-].C[N+](CCC1=CC=CC=C1)(C)C,cavitand,3.1672000885009766,O=C(O)CCC1c2cc3c4cc2OC2Oc5cc6c(cc51)C(CCC(=O)O)c1cc5c7cc1OC(O6)c1cc6cc(c1)Oc1cc(cc(C(=O)O)c1)Oc1cc8cc(c1)C(Oc1cc(c(cc1C5CCC(=O)O)C3CCC(=O)O)OC(O4)c1cc(cc(c1)Oc1cc(cc(C(=O)O)c1)O8)Oc1cc(cc(C(=O)O)c1)Oc1cc(cc2c1)Oc1cc(cc(C(=O)O)c1)O6)O7,AE6E8A9B8E3ECDE32B65BE9B8736ECC23E2311A112E2CA1B78F35ECF9046A382,HOST_CAN_0117,PASS,C[N+](C)(C)CCc1ccccc1.[Cl-],8AA21FF0AAB07494D6AF72B69DE8836B282B9381B829638791C80C7E116E05FD,GUEST_CAN_0573,PASS,AttentiveFP,1,random,4,4.629839897155762
639,73,369,C1C2=CC(=CC(=C2O)CC3=CC(=CC(=C3O)CC4=CC(=CC(=C4O)CC5=C(C(=CC(=C5)S(=O)(=O)O)CC6=C(C1=CC(=C6)S(=O)(=O)O)O)O)S(=O)(=O)O)S(=O)(=O)O)S(=O)(=O)O,C1CC2CCC(C1)N=N2,calixarene,1.7648999691009521,O=S(=O)(O)c1cc2c(O)c(c1)Cc1cc(S(=O)(=O)O)cc(c1O)Cc1cc(S(=O)(=O)O)cc(c1O)Cc1cc(S(=O)(=O)O)cc(c1O)Cc1cc(S(=O)(=O)O)cc(c1O)C2,CE64A1CA71928E5DE79CF9633E11D44D0BC2C175AB3D980BF8052807605CA8CC,HOST_CAN_0155,PASS,C1CC2CCC(C1)N=N2,3CB1DE4B60C8143576E12CED092F576F3C060BF327141DD7E64000E135972BED,GUEST_CAN_0021,PASS,AttentiveFP,1,random,4,2.6566271781921387
647,3,466,OC[C@H]1O[C@@H]2O[C@@H]3[C@@H](CO)O[C@H](O[C@@H]4[C@@H](CO)O[C@H](O[C@@H]5[C@@H](CO)O[C@H](O[C@@H]6[C@@H](CO)O[C@H](O[C@@H]7[C@@H](CO)O[C@H](O[C@@H]8[C@@H](CO)O[C@H](O[C@H]1[C@H](O)[C@H]2O)[C@H](O)[C@H]8O)[C@H](O)[C@H]7O)[C@H](O)[C@H]6O)[C@H](O)[C@H]5O)[C@H](O)[C@H]4O)[C@H](O)[C@H]3O,CC(CO)CBr,cyclodextrin,2.1522998809814453,OC[C@H]1O[C@@H]2O[C@H]3[C@H](O)[C@@H](O)[C@@H](O[C@H]4[C@H](O)[C@@H](O)[C@@H](O[C@H]5[C@H](O)[C@@H](O)[C@@H](O[C@H]6[C@H](O)[C@@H](O)[C@@H](O[C@H]7[C@H](O)[C@@H](O)[C@@H](O[C@H]8[C@H](O)[C@@H](O)[C@@H](O[C@H]1[C@H](O)[C@H]2O)O[C@@H]8CO)O[C@@H]7CO)O[C@@H]6CO)O[C@@H]5CO)O[C@@H]4CO)O[C@@H]3CO,22584443D9512992310760C9871E3E6BDB3EDC92006F3EF1EC94F44373907EB1,HOST_CAN_0176,PASS,CC(CO)CBr,27C80B847871EC5DE010D7BF9E660C7D86FB8E4159E995EB0B8E9C730AC530F2,GUEST_CAN_0176,PASS,AttentiveFP,1,random,4,2.013303756713867
650,18,237,CC1=C2C3=CC4=C1OC5C6=CC7=CC(=C6)OC8=CC(=CC(=C8)C(=O)O)OC9=CC1=CC(=C9)C6OC8=C(C=C(C4CCC(=O)O)C(=C8C)O5)C(C4=C(O6)C(=C5C(=C4)C(C4=C6C(=C(C(=C4)C3CCC(=O)O)OC(O2)C2=CC(=CC(=C2)OC2=CC(=CC(=C2)C(=O)O)OC2=CC(=CC(=C2)C(O5)O6)OC2=CC(=CC(=C2)C(=O)O)O1)OC1=CC(=CC(=C1)C(=O)O)O7)C)CCC(=O)O)C)CCC(=O)O,C#CCCCC(=O)O,cavitand,3.924999952316284,Cc1c2c3cc4c1OC1Oc5c(cc6c(c5C)OC5Oc7c(cc8c(c7C)OC7Oc9c(cc(c(c9C)OC(O2)c2cc9cc(c2)Oc2cc(cc(C(=O)O)c2)Oc2cc(cc7c2)Oc2cc(cc(C(=O)O)c2)Oc2cc(cc5c2)Oc2cc(cc(C(=O)O)c2)Oc2cc(cc1c2)Oc1cc(cc(C(=O)O)c1)O9)C3CCC(=O)O)C8CCC(=O)O)C6CCC(=O)O)C4CCC(=O)O,326FFD4B5C5565D32207155C0B129AE16AFCA7B3342F0DAD815C24AB8DFA8483,HOST_CAN_0099,PASS,C#CCCCC(=O)O,44098F444A383255C50ABD8A5620E03A2E79ECC4071BA0A80188DEB1DF0F35FF,GUEST_CAN_0006,PASS,AttentiveFP,1,random,4,3.5632247924804688
659,91,229,C1COCCOCCN2CCOCCOCCN1CCOCCOCC2,[Na+],other,3.9000000953674316,C1COCCN2CCOCCOCCN(CCO1)CCOCCOCC2,40814B22E6CD93EB1FEFBD67E296A6414B9006E7DE8AD543F38C842653A2E43C,HOST_CAN_0004,PASS,[Na+],C967F382B185E1578CB9153250886D12807928AF715FC44BD49BA94ACEDD7043,GUEST_CAN_1098,PASS,AttentiveFP,1,random,4,2.9806365966796875
680,1,250,C1C2=CC(=CC(=C2O)CC3=CC(=CC(=C3O)CC4=C(C(=CC(=C4)S(=O)(=O)O)CC5=C(C1=CC(=C5)S(=O)(=O)O)O)O)S(=O)(=O)O)S(=O)(=O)O,C1=CC(=CC=C1C2=CC3=C(N2)C=C(C=C3)C(=[NH2+])N)C(=[NH2+])N,calixarene,4.447199821472168,O=S(=O)(O)c1cc2c(O)c(c1)Cc1cc(S(=O)(=O)O)cc(c1O)Cc1cc(S(=O)(=O)O)cc(c1O)Cc1cc(S(=O)(=O)O)cc(c1O)C2,C1130CCDC8DA0C6458EF6C2E07E7F3330D8F8B055CBE4DEAADB70DC00C8CDFC1,HOST_CAN_0154,PASS,NC(=[NH2+])c1ccc(-c2cc3ccc(C(N)=[NH2+])cc3[nH]2)cc1,CEEB6EEFB04D0B8CA13A0AE7419DA74A65BBB334871B9622AAFDF76333649B11,GUEST_CAN_0727,PASS,AttentiveFP,1,random,4,4.4642133712768555
690,9,487,[O-]C(=O)COc1ccc2c3c1CNC(=O)c1c(OCC(=O)[O-])ccc4c1ccc1c4C4CC(O1)Oc1c4c4ccc(c(C(=O)NCc5c6c(c7C8c2c(cc3)OC(C8)Oc7cc6)ccc5OCC(=O)[O-])c4cc1)OCC(=O)[O-].[NH4+].[NH4+].[NH4+].[NH4+],C1=CSC=C1,other,3.6071999073028564,O=C([O-])COc1ccc2c3c4ccc2c1CNC(=O)c1c(OCC(=O)[O-])ccc2c5c(ccc12)OC1CC5c2c(ccc5c(c(OCC(=O)[O-])ccc25)C(=O)NCc2c(OCC(=O)[O-])ccc5c6c(ccc25)OC(CC36)O4)O1.[NH4+].[NH4+].[NH4+].[NH4+],7D3830C6A6E10F82EEBCC3ED68B861BB21ED63B1DDB277580F3032527E5A1183,HOST_CAN_0139,PASS,c1ccsc1,5EE447CCF47CDA955DE9EE6F0CB99690E04D23B3BB5646E8372DD424DCBCDE12,GUEST_CAN_1149,PASS,AttentiveFP,1,random,4,3.186203956604004
691,110,488,O=S(OC1=C(CC2=C(OS(=O)([O-])=O)C=C(CC3=C(OS(=O)([O-])=O)C=C(CC4=C(OS(=O)([O-])=O)C=C(CC5=CC(OS(=O)([O-])=O)=C(CC6=C(OS(=O)([O-])=O)C=C(C7)C(OS(=O)([O-])=O)=C6)C=C5OS(=O)([O-])=O)C(OS(=O)([O-])=O)=C4)C(OS(=O)([O-])=O)=C3)C(OS(=O)([O-])=O)=C2)C=C(OS(=O)([O-])=O)C(CC8=CC(OS(=O)([O-])=O)=C7C=C8OS(=O)([O-])=O)=C1)([O-])=O.[Na+].[Na+].[Na+].[Na+].[Na+].[Na+].[Na+].[Na+].[Na+].[Na+].[Na+].[Na+].[Na+].[Na+],C[N+](Cc1ccc(cc1)C[N+](C)(C)C)(C)C.[Br-].[Br-],pillararene,6.411600112915039,O=S(=O)([O-])Oc1cc2c(OS(=O)(=O)[O-])cc1Cc1cc(OS(=O)(=O)[O-])c(cc1OS(=O)(=O)[O-])Cc1cc(OS(=O)(=O)[O-])c(cc1OS(=O)(=O)[O-])Cc1cc(OS(=O)(=O)[O-])c(cc1OS(=O)(=O)[O-])Cc1cc(OS(=O)(=O)[O-])c(cc1OS(=O)(=O)[O-])Cc1cc(OS(=O)(=O)[O-])c(cc1OS(=O)(=O)[O-])Cc1cc(OS(=O)(=O)[O-])c(cc1OS(=O)(=O)[O-])C2.[Na+].[Na+].[Na+].[Na+].[Na+].[Na+].[Na+].[Na+].[Na+].[Na+].[Na+].[Na+].[Na+].[Na+],363823965269421105355BE85F9BFA79372256835F74963F23DB34F5AAE9E20B,HOST_CAN_0162,PASS,C[N+](C)(C)Cc1ccc(C[N+](C)(C)C)cc1.[Br-].[Br-],B80921BC3D0BBD71EDC2FE2EE247A87CCF750826BFC517EBDE93EFDB7D90578E,GUEST_CAN_0575,PASS,AttentiveFP,1,random,4,6.984766960144043
698,34,18,OC1=C(CC2=CC(S(=O)([O-])=O)=CC(CC(C=C3S(=O)([O-])=O)=C4OCC(O)=O)=C2O)C=C(S(=O)([O-])=O)C=C1CC5=CC(S(=O)([O-])=O)=CC(CC4=C3)=C5O,OC(=O)C(Cc1c[nH]c2c1cccc2)N,calixarene,2.2504000663757324,O=C(O)COc1c2cc(S(=O)(=O)[O-])cc1Cc1cc(S(=O)(=O)[O-])cc(c1O)Cc1cc(S(=O)(=O)[O-])cc(c1O)Cc1cc(S(=O)(=O)[O-])cc(c1O)C2,EBB61F0F13AD36B6AF388F0A3BF11BFB93DBCC3093F712DCC0802C51D18DC147,HOST_CAN_0129,PASS,NC(Cc1c[nH]c2ccccc12)C(=O)O,640E1867764F94CAFE2D991B23E1B000681C8619E07309C47EB26888B7938B6E,GUEST_CAN_0740,PASS,AttentiveFP,1,random,4,2.784522294998169
702,11,495,C1N2C3C4N(C2=O)CN5C6C7N(C5=O)CN8C9C2N(C8=O)CN5C8C%10N(C5=O)CN5C%11C%12N(C5=O)CN5C%13C%14N(C5=O)CN5C%15C%16N(C5=O)CN5C%17C(N1C5=O)N1CN3C(=O)N4CN6C(=O)N7CN9C(=O)N2CN8C(=O)N%10CN%11C(=O)N%12CN%13C(=O)N%14CN%15C(=O)N%16CN%17C1=O,C1=CC=C2C(=C1)C(=CN2)CC(C(=O)O)NC(=O)C(CCC(=O)O)N,cucurbituril,4.860000133514404,O=C1N2CN3C(=O)N4CN5C(=O)N6CN7C(=O)N8CN9C(=O)N%10CN%11C(=O)N%12CN%13C(=O)N%14CN%15C(=O)N%16CN1C1C2N2CN%17C(=O)N(CN%18C(=O)N(CN%19C(=O)N(CN%20C(=O)N(CN%21C(=O)N(CN%22C(=O)N(CN%23C(=O)N(CN1C2=O)C%16C%15%23)C%14C%13%22)C%12C%11%21)C%10C9%20)C8C7%19)C6C5%18)C4C3%17,E82CB7F52437B0147F435E3074F006752062FF8924E87C1DAF3210D182FF633B,HOST_CAN_0143,PASS,NC(CCC(=O)O)C(=O)NC(Cc1c[nH]c2ccccc12)C(=O)O,17CC3BA7DF14CAE0F5CE3F1BACDBBF1FD95A0D66950067DEE2CA6FC63D8CAD4D,GUEST_CAN_0732,PASS,AttentiveFP,1,random,4,4.511526584625244
705,11,498,C1N2C3C4N(C2=O)CN5C6C7N(C5=O)CN8C9C2N(C8=O)CN5C8C%10N(C5=O)CN5C%11C%12N(C5=O)CN5C%13C%14N(C5=O)CN5C%15C%16N(C5=O)CN5C%17C(N1C5=O)N1CN3C(=O)N4CN6C(=O)N7CN9C(=O)N2CN8C(=O)N%10CN%11C(=O)N%12CN%13C(=O)N%14CN%15C(=O)N%16CN%17C1=O,C1CC(=O)N(C1=O)C2=CC=CC=C2,cucurbituril,4.477099895477295,O=C1N2CN3C(=O)N4CN5C(=O)N6CN7C(=O)N8CN9C(=O)N%10CN%11C(=O)N%12CN%13C(=O)N%14CN%15C(=O)N%16CN1C1C2N2CN%17C(=O)N(CN%18C(=O)N(CN%19C(=O)N(CN%20C(=O)N(CN%21C(=O)N(CN%22C(=O)N(CN%23C(=O)N(CN1C2=O)C%16C%15%23)C%14C%13%22)C%12C%11%21)C%10C9%20)C8C7%19)C6C5%18)C4C3%17,E82CB7F52437B0147F435E3074F006752062FF8924E87C1DAF3210D182FF633B,HOST_CAN_0143,PASS,O=C1CCC(=O)N1c1ccccc1,94F9D492410F2F56A9B6D65379770F0F282E5EEBE648CFB2E532709A924F639A,GUEST_CAN_0917,PASS,AttentiveFP,1,random,4,4.566488742828369
714,64,502,CCCCOc1cc2COCc3cc(OCCCC)cc4c3cc(OCCCC)cc4COCc3c(OCCCC)ccc4c3ccc(c4COCc3c4c(c(COCc5c(c1)c2cc(c5)OCCCC)c(OCCCC)cc4)ccc3OCCCC)OCCCC,[CH-]1C=CC=C1.[CH-]1C=CC=C1.[Co+2],other,5.531499862670898,CCCCOc1cc2c3cc(OCCCC)cc(c3c1)COCc1cc(OCCCC)cc3c(cc(OCCCC)cc13)COCc1c(OCCCC)ccc3c(c(OCCCC)ccc13)COCc1c(OCCCC)ccc3c(c(OCCCC)ccc13)COC2,05C5083FBF551B3C1AE048E85E6B7F5EB796F7835740F408D7B4DF1173E7C142,HOST_CAN_0032,PASS,[Co+2].c1cc[cH-]c1.c1cc[cH-]c1,B349EBCFF11E4FA8E9919763F46242109CA91617B25577A5208F9CF5D20717A9,GUEST_CAN_1051,PASS,AttentiveFP,1,random,4,5.533455848693848
718,1,503,C1C2=CC(=CC(=C2O)CC3=CC(=CC(=C3O)CC4=C(C(=CC(=C4)S(=O)(=O)O)CC5=C(C1=CC(=C5)S(=O)(=O)O)O)O)S(=O)(=O)O)S(=O)(=O)O,Cl[Cu]Cl,calixarene,3.752000093460083,O=S(=O)(O)c1cc2c(O)c(c1)Cc1cc(S(=O)(=O)O)cc(c1O)Cc1cc(S(=O)(=O)O)cc(c1O)Cc1cc(S(=O)(=O)O)cc(c1O)C2,C1130CCDC8DA0C6458EF6C2E07E7F3330D8F8B055CBE4DEAADB70DC00C8CDFC1,HOST_CAN_0154,PASS,[Cl][Cu][Cl],B6FEE526F8BD85529A9B50FCC3E83B95BF1E23A7154A31438738FA32E0619093,GUEST_CAN_1044,PASS,AttentiveFP,1,random,4,3.4442310333251953
719,13,504,O=C1N2CN3C(=O)N4C5C3N3CN6C2C2N1CN1C(=O)N7[C@H]8[C@@H]1N(CN2C6=O)C(=O)N8CN1C2(N(C7)C(=O)N6[C@@H]2N(C1=O)CN1[C@H]2N(C6)C(=O)N6[C@H]2N(C1=O)CN1C(=O)N2CN7C8C(N(C4)C(=O)N8CN4C2C1N(C4=O)C6)N(CN5C3=O)C7=O)O,n1ccc(cc1)c1ccncc1.Cl.Cl,cucurbituril,6.322199821472168,O=C1N2CN3C(=O)N4CN5C(=O)N6CN7C(=O)N8CN9C(=O)N%10CN%11C(=O)N%12CN%13C(=O)N%14CN1C1C2N2CN%15C(=O)N(CN%16C(=O)N(CN%17C(=O)N(CN%18C(=O)N(CN%19C(=O)N(CN%20C(=O)N(CN1C2=O)C%14C%13%20)[C@H]%12[C@@H]%19%11)C%10(O)[C@@H]%189)[C@@H]8[C@@H]7%17)C6C5%16)C4C3%15,834B504E9B204C59F3298F5D5A67B7E1A7ED973D91F3A1C9659C2402EB422334,HOST_CAN_0147,PASS,Cl.Cl.c1cc(-c2ccncc2)ccn1,FBA35AB7E0DEF4BD93A3A2177A54D4D616C65E044B2A3D219EB964CC0B7DDE98,GUEST_CAN_0682,PASS,AttentiveFP,1,random,4,5.181863307952881
730,6,328,OC(=O)CCC1c2cc3c4cc2O[C@@H]2Oc5c1cc1c(c5)O[C@@H]5Oc6c([C@@H]1CCC(=O)O)cc1[C@H](c7cc(C3CCC(=O)O)c3O[C@H](O4)c4cc8Oc9cc(Oc%10cc2cc(c%10C(=O)O)Oc2cccc(c2)Oc2cc5cc(c2C(=O)O)Oc2cccc(c2)Oc2cc([C@@H](Oc7c3)Oc1c6)cc(Oc1cc(Oc(c4)c8C(=O)O)ccc1)c2C(=O)O)ccc9)CCC(=O)O,C[N+](C)(C)C12CC3CC(C1)CC(C3)C2,other,5.620100021362305,O=C(O)CCC1c2cc3c4cc2O[C@H]2Oc5cc6c(cc51)[C@H](CCC(=O)O)c1cc5c7cc1O[C@H](O6)c1cc6c(C(=O)O)c(c1)Oc1cccc(c1)Oc1cc8cc(c1C(=O)O)Oc1cccc(c1)Oc1cc(cc(c1C(=O)O)Oc1cccc(c1)Oc1cc2cc(c1C(=O)O)Oc1cccc(c1)O6)[C@H](O4)Oc1cc(c(cc1C3CCC(=O)O)[C@H]5CCC(=O)O)O[C@@H]8O7,9910B6C324867B78C538BC824892433086D3864FCBD7A2F3E051B7730A9D9689,HOST_CAN_0118,PASS,C[N+](C)(C)C12CC3CC(CC(C3)C1)C2,592B1274AF36843687A4C28CB14599E0E7295207B2962D4756B9C9C885C8456D,GUEST_CAN_0558,PASS,AttentiveFP,1,random,4,6.956999778747559
732,1,510,C1C2=CC(=CC(=C2O)CC3=CC(=CC(=C3O)CC4=C(C(=CC(=C4)S(=O)(=O)O)CC5=C(C1=CC(=C5)S(=O)(=O)O)O)O)S(=O)(=O)O)S(=O)(=O)O,CP(OC(C)C)(OC(C)C)=O,calixarene,1.5535999536514282,O=S(=O)(O)c1cc2c(O)c(c1)Cc1cc(S(=O)(=O)O)cc(c1O)Cc1cc(S(=O)(=O)O)cc(c1O)Cc1cc(S(=O)(=O)O)cc(c1O)C2,C1130CCDC8DA0C6458EF6C2E07E7F3330D8F8B055CBE4DEAADB70DC00C8CDFC1,HOST_CAN_0154,PASS,CC(C)OP(C)(=O)OC(C)C,C2D0C2BEA50DD620BD1178D86C28FE918812B48459C0DC9EB4998004E1AD9425,GUEST_CAN_0164,PASS,AttentiveFP,1,random,4,1.5419573783874512
736,77,513,Oc1c2Cc3cc(cc(c3OCCOc3c4Cc5cc(cc(c5O)Cc5cc(cc(Cc6c(c(Cc3cc(c4)S(=O)(=O)[O-])cc(c6)S(=O)(=O)[O-])O)c5O)S(=O)(=O)[O-])S(=O)(=O)[O-])Cc3cc(cc(Cc4c(c(Cc1cc(c2)S(=O)(=O)[O-])cc(c4)S(=O)(=O)[O-])O)c3O)S(=O)(=O)[O-])S(=O)(=O)[O-],C[n+]1ccc(cc1)c1cc[n+](cc1)CCCCCC[n+]1ccc(cc1)c1cc[n+](cc1)C,calixarene,6.060699939727783,O=S(=O)([O-])c1cc2c(O)c(c1)Cc1cc(S(=O)(=O)[O-])cc(c1O)Cc1cc(S(=O)(=O)[O-])cc(c1OCCOc1c3cc(S(=O)(=O)[O-])cc1Cc1cc(S(=O)(=O)[O-])cc(c1O)Cc1cc(S(=O)(=O)[O-])cc(c1O)Cc1cc(S(=O)(=O)[O-])cc(c1O)C3)Cc1cc(S(=O)(=O)[O-])cc(c1O)C2,3844EA5590DFD4493BBABC2061A4EDAE96C443037E252EB22277F09FB3CD68CF,HOST_CAN_0167,PASS,C[n+]1ccc(-c2cc[n+](CCCCCC[n+]3ccc(-c4cc[n+](C)cc4)cc3)cc2)cc1,FA7F0FC15F06020C22FDDC5EBF9867E21D20C2FA86EDE3DB8AC24FEBBF21396E,GUEST_CAN_0627,PASS,AttentiveFP,1,random,4,6.408914089202881
738,85,91,OC[C@H]1O[C@@H]2O[C@@H]3[C@@H](CO)O[C@H](O[C@@H]4[C@@H](CO)O[C@H](O[C@@H]5[C@@H](CO)O[C@H](O[C@@H]6[C@@H](CO)O[C@H](O[C@@H]7[C@@H](CO)O[C@H](O[C@@H]8[C@@H](CO)O[C@H](O[C@@H]9[C@@H](CO)O[C@H](O[C@H]1[C@H](O)[C@H]2O)[C@H](O)[C@H]9O)[C@H](O)[C@H]8O)[C@H](O)[C@H]7O)[C@H](O)[C@H]6O)[C@H](O)[C@H]5O)[C@H](O)[C@H]4O)[C@H](O)[C@H]3O,C1C2CC3CC1CC(C2)(C3)N,cyclodextrin,1.0,OC[C@H]1O[C@@H]2O[C@H]3[C@H](O)[C@@H](O)[C@@H](O[C@H]4[C@H](O)[C@@H](O)[C@@H](O[C@H]5[C@H](O)[C@@H](O)[C@@H](O[C@H]6[C@H](O)[C@@H](O)[C@@H](O[C@H]7[C@H](O)[C@@H](O)[C@@H](O[C@H]8[C@H](O)[C@@H](O)[C@@H](O[C@H]9[C@H](O)[C@@H](O)[C@@H](O[C@H]1[C@H](O)[C@H]2O)O[C@@H]9CO)O[C@@H]8CO)O[C@@H]7CO)O[C@@H]6CO)O[C@@H]5CO)O[C@@H]4CO)O[C@@H]3CO,4E4982FCAA8A96CE9D40EDC97C9574B542F86F2BEB463ECAA6DCE3670D2F9B83,HOST_CAN_0177,PASS,NC12CC3CC(CC(C3)C1)C2,7A4D9C210824DA5713052FE54C9632224B5FB38B7401F407AC7A5312E48B504D,GUEST_CAN_0758,PASS,AttentiveFP,1,random,4,3.4563279151916504
739,101,514,CC12C3(N4CN5C6C7N(C5=O)CN8C9C5N(C8=O)CN8C(=O)N%10CC%11=C(C=CC%12=C%11C(=C(C=C%12)OCCCS(=O)(=O)[O-])CN%11C%10(C8(N(C%11=O)CN5C(=O)N9CN7C(=O)N6CN3C(=O)N1CC1=C(C=CC3=C1C(=C(C=C3)OCCCS(=O)(=O)[O-])CN2C4=O)OCCCS(=O)(=O)[O-])C)C)OCCCS(=O)(=O)[O-])C.[Na+].[Na+].[Na+].[Na+],CNCC(C1=CC(=CC=C1)O)O,cucurbituril,3.0413999557495117,CC12N3Cc4c(OCCCS(=O)(=O)[O-])ccc5ccc(OCCCS(=O)(=O)[O-])c(c45)CN1C(=O)N1CN4C(=O)N5CN6C(=O)N7CN8C(=O)N9Cc%10c(OCCCS(=O)(=O)[O-])ccc%11ccc(OCCCS(=O)(=O)[O-])c(c%10%11)CN%10C(=O)N(CN%11C(=O)N(CN%12C(=O)N(CN(C3=O)C12C)C4C%125)C6C%117)C8(C)C%109C.[Na+].[Na+].[Na+].[Na+],D06B992717C42348D2028871BE8CF32C393DC5D34135FC7CB387827D0E760D24,HOST_CAN_0017,PASS,CNCC(O)c1cccc(O)c1,C88E6F8E2033949D140A73A04120CE1B1B3A84B1B334942E4960AE4281F4B3A4,GUEST_CAN_0430,PASS,AttentiveFP,1,random,4,4.687872886657715
749,75,521,CN1[C@H]2[C@@H](N(C1=O)C)N3CN4[C@@H]5[C@@H](N(C(=O)N5C)C)N(C4=O)CN6[C@@H]7[C@@H](N(C(=O)N7C)C)N(C6=O)CN8[C@@H]9[C@@H](N(C(=O)N9C)C)N(C8=O)CN1[C@@H]4[C@@H](N(C(=O)N4C)C)N(C1=O)CN1[C@@H]4[C@@H](N(C(=O)N4C)C)N(C1=O)CN2C3=O,[Cl-],other,2.8910000324249268,CN1C(=O)N(C)[C@@H]2[C@H]1N1CN3C(=O)N(CN4C(=O)N(CN5C(=O)N(CN6C(=O)N(CN7C(=O)N(CN2C1=O)[C@@H]1[C@H]7N(C)C(=O)N1C)[C@@H]1[C@H]6N(C)C(=O)N1C)[C@@H]1[C@H]5N(C)C(=O)N1C)[C@@H]1[C@H]4N(C)C(=O)N1C)[C@@H]1[C@H]3N(C)C(=O)N1C,D6C3F21332661BB9069594818AE00619D2227BBAE869749EDEEAB00A6EE038AA,HOST_CAN_0053,PASS,[Cl-],21C8D33686776387B6A57D02C12EDC885AFA97A58E90478063570CDACEDA8054,GUEST_CAN_1022,PASS,AttentiveFP,1,random,4,3.566746950149536
755,133,523,OC1=C(CC2=CC(S(=O)([O-])=O)=CC(CC3=CC(S(=O)([O-])=O)=CC(CC4=CC(S(=O)([O-])=O)=CC(CC5=CC(S(=O)([O-])=O)=CC6=C5OCC(O)=O)=C4O)=C3O)=C2O)C=C(S(=O)([O-])=O)C=C1CC7=C(O)C(CC8=C(O)C(CC9=C(O)C(C6)=CC(S(=O)([O-])=O)=C9)=CC(S(=O)([O-])=O)=C8)=CC(S(=O)([O-])=O)=C7,C(C(=O)O)N,calixarene,1.6532000303268433,O=C(O)COc1c2cc(S(=O)(=O)[O-])cc1Cc1cc(S(=O)(=O)[O-])cc(c1O)Cc1cc(S(=O)(=O)[O-])cc(c1O)Cc1cc(S(=O)(=O)[O-])cc(c1O)Cc1cc(S(=O)(=O)[O-])cc(c1O)Cc1cc(S(=O)(=O)[O-])cc(c1O)Cc1cc(S(=O)(=O)[O-])cc(c1O)Cc1cc(S(=O)(=O)[O-])cc(c1O)C2,035C2443DCD42EB5D85B11E9A688FB2E331A4D0CA7EB7848E0D32F221FD3DC33,HOST_CAN_0130,PASS,NCC(=O)O,30FE3809EFBE5F6B082D9B94D27A0C7C9ECD1364A816D59C3D31CE32BCDF848E,GUEST_CAN_0774,PASS,AttentiveFP,1,random,4,2.0213377475738525
756,63,524,Oc1c2Cc3cc(cc(c3O)Cc3cc(cc(c3O)Cc3cc(cc(c3O)Cc3cc(cc(Cc4c(c(Cc5c(c(Cc6c(c(Cc1cc(c2)S(=O)(=O)[O-])cc(c6)S(=O)(=O)[O-])O)cc(c5)S(=O)(=O)[O-])O)cc(c4)S(=O)(=O)[O-])O)c3O)S(=O)(=O)[O-])S(=O)(=O)[O-])S(=O)(=O)[O-])S(=O)(=O)[O-],O=C1C(O)=C(O)[C@H](O1)[C@@H](O)CO,calixarene,1.429900050163269,O=S(=O)([O-])c1cc2c(O)c(c1)Cc1cc(S(=O)(=O)[O-])cc(c1O)Cc1cc(S(=O)(=O)[O-])cc(c1O)Cc1cc(S(=O)(=O)[O-])cc(c1O)Cc1cc(S(=O)(=O)[O-])cc(c1O)Cc1cc(S(=O)(=O)[O-])cc(c1O)Cc1cc(S(=O)(=O)[O-])cc(c1O)Cc1cc(S(=O)(=O)[O-])cc(c1O)C2,3C24C9B25872FE0768A640DF44D242D9AEC5F3FA9C167A457997BAE8D628FFF1,HOST_CAN_0166,PASS,O=C1O[C@H]([C@@H](O)CO)C(O)=C1O,BA826380B26AE91182914600C5C740C04E1F100BB4A933C1CC05AC9FBBBCE1F8,GUEST_CAN_0925,PASS,AttentiveFP,1,random,4,2.7915725708007812
763,11,528,C1N2C3C4N(C2=O)CN5C6C7N(C5=O)CN8C9C2N(C8=O)CN5C8C%10N(C5=O)CN5C%11C%12N(C5=O)CN5C%13C%14N(C5=O)CN5C%15C%16N(C5=O)CN5C%17C(N1C5=O)N1CN3C(=O)N4CN6C(=O)N7CN9C(=O)N2CN8C(=O)N%10CN%11C(=O)N%12CN%13C(=O)N%14CN%15C(=O)N%16CN%17C1=O,CC(C1C(=O)NC(C(=O)NC(C(=O)NC(C(=O)NC(CSSCC(C(=O)NC(C(=O)NC(C(=O)NC(C(=O)NC(C(=O)NC(C(=O)NC(C(=O)N1)CCCCN)CC2=CNC3=CC=CC=C32)CC4=CC=CC=C4)CC5=CC=CC=C5)CC(=O)N)CCCCN)NC(=O)CNC(=O)C(C)N)C(=O)O)CO)C(C)O)CC6=CC=CC=C6)O,cucurbituril,4.230400085449219,O=C1N2CN3C(=O)N4CN5C(=O)N6CN7C(=O)N8CN9C(=O)N%10CN%11C(=O)N%12CN%13C(=O)N%14CN%15C(=O)N%16CN1C1C2N2CN%17C(=O)N(CN%18C(=O)N(CN%19C(=O)N(CN%20C(=O)N(CN%21C(=O)N(CN%22C(=O)N(CN%23C(=O)N(CN1C2=O)C%16C%15%23)C%14C%13%22)C%12C%11%21)C%10C9%20)C8C7%19)C6C5%18)C4C3%17,E82CB7F52437B0147F435E3074F006752062FF8924E87C1DAF3210D182FF633B,HOST_CAN_0143,PASS,CC(N)C(=O)NCC(=O)NC1CSSCC(C(=O)O)NC(=O)C(CO)NC(=O)C(C(C)O)NC(=O)C(Cc2ccccc2)NC(=O)C(C(C)O)NC(=O)C(CCCCN)NC(=O)C(Cc2c[nH]c3ccccc23)NC(=O)C(Cc2ccccc2)NC(=O)C(Cc2ccccc2)NC(=O)C(CC(N)=O)NC(=O)C(CCCCN)NC1=O,4204D9D4DBFCADA8134CF5A110911172F4958A90BA0BD939FDB34F81AA629019,GUEST_CAN_0179,PASS,AttentiveFP,1,random,4,4.672950744628906
767,14,108,NCCOc1c2Cc3cc(cc(c3O)Cc3cc(cc(c3O)Cc3cc(cc(Cc4c(c(Cc5c(c(Cc1cc(c2)S(=O)(=O)O)cc(c5)S(=O)(=O)O)O)cc(c4)S(=O)(=O)O)O)c3O)S(=O)(=O)O)S(=O)(=O)O)S(=O)(=O)O,OC(=O)C(CCCNC(=[NH2+])N)N,calixarene,2.828000068664551,NCCOc1c2cc(S(=O)(=O)O)cc1Cc1cc(S(=O)(=O)O)cc(c1O)Cc1cc(S(=O)(=O)O)cc(c1O)Cc1cc(S(=O)(=O)O)cc(c1O)Cc1cc(S(=O)(=O)O)cc(c1O)Cc1cc(S(=O)(=O)O)cc(c1O)C2,C787A22C599703D921FA29CACAF002E9FF6ED12C44482B2905C84DCBDD5B4AC1,HOST_CAN_0110,PASS,NC(=[NH2+])NCCCC(N)C(=O)O,3A95B838A3F3E4B9211C1F9CE461FB93EA851D8F0AA68498288217A21AD77FAC,GUEST_CAN_0726,PASS,AttentiveFP,1,random,4,3.0556626319885254
770,30,353,C1C2=CC(=CC(=C2O)CC3=CC(=CC(=C3O)CC4=CC(=CC(=C4O)CC5=C(C(=CC(=C5)S(=O)(=O)[O-])CC6=C(C(=CC(=C6)S(=O)(=O)[O-])CC7=C(C1=CC(=C7)S(=O)(=O)[O-])O)O)O)S(=O)(=O)[O-])S(=O)(=O)[O-])S(=O)(=O)[O-],CNC1=CC2=C(C=C1)C=C3C=CC(=[NH+]C)C=C3O2.[Cl-],calixarene,4.350200176239014,O=S(=O)([O-])c1cc2c(O)c(c1)Cc1cc(S(=O)(=O)[O-])cc(c1O)Cc1cc(S(=O)(=O)[O-])cc(c1O)Cc1cc(S(=O)(=O)[O-])cc(c1O)Cc1cc(S(=O)(=O)[O-])cc(c1O)Cc1cc(S(=O)(=O)[O-])cc(c1O)C2,175E9D01D3A7DD7BE73E9B8659E8BAA0A16B2D5C4CCEFE3BEFED10121429BF10,HOST_CAN_0164,PASS,CNc1ccc2cc3ccc(=[NH+]C)cc-3oc2c1.[Cl-],40A1716939AF15B346C71DAB9A87CDCEA128A41E2582458E422054A1D912677D,GUEST_CAN_0433,PASS,AttentiveFP,1,random,4,4.755569934844971
774,3,532,OC[C@H]1O[C@@H]2O[C@@H]3[C@@H](CO)O[C@H](O[C@@H]4[C@@H](CO)O[C@H](O[C@@H]5[C@@H](CO)O[C@H](O[C@@H]6[C@@H](CO)O[C@H](O[C@@H]7[C@@H](CO)O[C@H](O[C@@H]8[C@@H](CO)O[C@H](O[C@H]1[C@H](O)[C@H]2O)[C@H](O)[C@H]8O)[C@H](O)[C@H]7O)[C@H](O)[C@H]6O)[C@H](O)[C@H]5O)[C@H](O)[C@H]4O)[C@H](O)[C@H]3O,CC1=CC=C(C=C1)NC2=CC3=C(C=C2)C=C(C=C3)S(=O)(=O)[O-].[Na+],cyclodextrin,3.474100112915039,OC[C@H]1O[C@@H]2O[C@H]3[C@H](O)[C@@H](O)[C@@H](O[C@H]4[C@H](O)[C@@H](O)[C@@H](O[C@H]5[C@H](O)[C@@H](O)[C@@H](O[C@H]6[C@H](O)[C@@H](O)[C@@H](O[C@H]7[C@H](O)[C@@H](O)[C@@H](O[C@H]8[C@H](O)[C@@H](O)[C@@H](O[C@H]1[C@H](O)[C@H]2O)O[C@@H]8CO)O[C@@H]7CO)O[C@@H]6CO)O[C@@H]5CO)O[C@@H]4CO)O[C@@H]3CO,22584443D9512992310760C9871E3E6BDB3EDC92006F3EF1EC94F44373907EB1,HOST_CAN_0176,PASS,Cc1ccc(Nc2ccc3cc(S(=O)(=O)[O-])ccc3c2)cc1.[Na+],1BC59EC31198E9880137AFAA6A584A1B8605E06881B738CB1BFFC54AF27E7C05,GUEST_CAN_0662,PASS,AttentiveFP,1,random,4,2.9113197326660156
786,45,178,C1C2=CC(=CC=C2)CC3=CC(=CC=C3)CC4=CC=CC(=C4)CC5=CC=CC1=C5,C(CCN)CC(C(=O)O)N,calixarene,3.0,c1cc2cc(c1)Cc1cccc(c1)Cc1cccc(c1)Cc1cccc(c1)C2,001BA14F081450375618B4DEC192A3633931B27A166EE11658CCCBFAB45E327F,HOST_CAN_0183,PASS,NCCCCC(N)C(=O)O,BD55DE8B1F18BBBA0B9FB86FA685E52B4743F1B75F837E0522E8C602B3191BA0,GUEST_CAN_0785,PASS,AttentiveFP,1,random,4,4.138391494750977
797,136,544,[Na]OS(=O)(=O)CCCOc1c2CN3C(=O)N4[C@]5([C@@]3(N(Cc2c(c2c1cccc2)OCCCS(=O)(=O)O[Na])C(=O)N5CN1[C@@]2(N(C4)C(=O)N3[C@@H]2N(C1=O)CN1[C@@H]2N(C3)C(=O)N3[C@]2(C)N(C1=O)CN1[C@@]2(N(C3)C(=O)N3[C@]2(C)N(C1=O)Cc1c(C3)c(OCCCS(=O)(=O)O[Na])c2c(c1OCCCS(=O)(=O)O[Na])cccc2)C)C)C)C,C1CN(CCN1CCC2=C(C=C3C(=C2)CC(=O)N3)Cl)C4=NSC5=CC=CC=C54,other,4.07919979095459,C[C@]12[C@H]3N4CN5C(=O)N6CN7C(=O)N8Cc9c(c(OCCCS(=O)(=O)[O][Na])c%10ccccc%10c9OCCCS(=O)(=O)[O][Na])CN9C(=O)N(CN%10C(=O)N(CN3C(=O)N1CN1C(=O)N3Cc%11c(c(OCCCS(=O)(=O)[O][Na])c%12ccccc%12c%11OCCCS(=O)(=O)[O][Na])CN%11C(=O)N(CN2C4=O)[C@]1(C)[C@@]3%11C)[C@@H]5[C@]%106C)[C@]7(C)[C@@]89C,1DCA0847E025F86C1C729E9FF98D736A19E955201DE9828E57DA9B852243C5EB,HOST_CAN_0094,PASS,O=C1Cc2cc(CCN3CCN(c4nsc5ccccc45)CC3)c(Cl)cc2N1,5C29CDC659AEEDE5E084EE663C3DDDAF5EC9373DB128425FD8B71EF81BA66DC6,GUEST_CAN_0920,PASS,AttentiveFP,1,random,4,7.110010147094727
800,9,545,[O-]C(=O)COc1ccc2c3c1CNC(=O)c1c(OCC(=O)[O-])ccc4c1ccc1c4C4CC(O1)Oc1c4c4ccc(c(C(=O)NCc5c6c(c7C8c2c(cc3)OC(C8)Oc7cc6)ccc5OCC(=O)[O-])c4cc1)OCC(=O)[O-].[NH4+].[NH4+].[NH4+].[NH4+],C1COC1,other,2.376499891281128,O=C([O-])COc1ccc2c3c4ccc2c1CNC(=O)c1c(OCC(=O)[O-])ccc2c5c(ccc12)OC1CC5c2c(ccc5c(c(OCC(=O)[O-])ccc25)C(=O)NCc2c(OCC(=O)[O-])ccc5c6c(ccc25)OC(CC36)O4)O1.[NH4+].[NH4+].[NH4+].[NH4+],7D3830C6A6E10F82EEBCC3ED68B861BB21ED63B1DDB277580F3032527E5A1183,HOST_CAN_0139,PASS,C1COC1,C87B7A7A34ED4CBE76FDF5D686528693E005FC0C0FF659CE71CE50DC277F1047,GUEST_CAN_0036,PASS,AttentiveFP,1,random,4,2.421708583831787
802,137,547,Oc1c2cc(cc1Cc1cc(cc(c1O)Cc1cc(cc(c1O)Cc1c(c(Cc3c(c(C2)cc(c3)CS(=O)(=O)[O-])O)cc(c1)CS(=O)(=O)[O-])O)CS(=O)(=O)[O-])CS(=O)(=O)[O-])CS(=O)(=O)[O-],C[N+](C)(C)CCOC(=O)CCC(=O)OCC[N+](C)(C)C,calixarene,5.262499809265137,O=S(=O)([O-])Cc1cc2c(O)c(c1)Cc1cc(CS(=O)(=O)[O-])cc(c1O)Cc1cc(CS(=O)(=O)[O-])cc(c1O)Cc1cc(CS(=O)(=O)[O-])cc(c1O)Cc1cc(CS(=O)(=O)[O-])cc(c1O)C2,3F66642BA28686E03663642EB8388C7853135C75C42F0050CC6C46992F28AC09,HOST_CAN_0160,PASS,C[N+](C)(C)CCOC(=O)CCC(=O)OCC[N+](C)(C)C,168122AB36303795CD3BE42ABCB877822F79FBE84B0D42505E86A89CF28DB147,GUEST_CAN_0569,PASS,AttentiveFP,1,random,4,5.018842697143555
804,9,549,[O-]C(=O)COc1ccc2c3c1CNC(=O)c1c(OCC(=O)[O-])ccc4c1ccc1c4C4CC(O1)Oc1c4c4ccc(c(C(=O)NCc5c6c(c7C8c2c(cc3)OC(C8)Oc7cc6)ccc5OCC(=O)[O-])c4cc1)OCC(=O)[O-].[NH4+].[NH4+].[NH4+].[NH4+],C=CCCCC1CO1,other,4.429800033569336,O=C([O-])COc1ccc2c3c4ccc2c1CNC(=O)c1c(OCC(=O)[O-])ccc2c5c(ccc12)OC1CC5c2c(ccc5c(c(OCC(=O)[O-])ccc25)C(=O)NCc2c(OCC(=O)[O-])ccc5c6c(ccc25)OC(CC36)O4)O1.[NH4+].[NH4+].[NH4+].[NH4+],7D3830C6A6E10F82EEBCC3ED68B861BB21ED63B1DDB277580F3032527E5A1183,HOST_CAN_0139,PASS,C=CCCCC1CO1,F7536540BA34C47B2678F2B94EC653BB986E9832E5ED7840D46ECFCBC4BD2DD7,GUEST_CAN_0047,PASS,AttentiveFP,1,random,4,3.830064058303833
807,94,550,CC(C(O[Na])=O)OC(C(OC(C)C(O[Na])=O)=C1)=CC2=C1C(C=C(OC(C(O[Na])=O)C)C(OC(C(O[Na])=O)C)=C3)=C3C4=C2C=C(OC(C(O[Na])=O)C)C(OC(C)C(O[Na])=O)=C4,C(CC1=CC=CC=C1)[NH3+],other,2.1731998920440674,CC(Oc1cc2c3cc(OC(C)C(=O)[O][Na])c(OC(C)C(=O)[O][Na])cc3c3cc(OC(C)C(=O)[O][Na])c(OC(C)C(=O)[O][Na])cc3c2cc1OC(C)C(=O)[O][Na])C(=O)[O][Na],BA584CA32AF40B5CC01118169993C3B68F1DD55FC57084F45766D3D97748C6AD,HOST_CAN_0016,PASS,[NH3+]CCc1ccccc1,E342F30D4EF12F2ABEACBAC3AD9015653451EE47B090DAA3A07430C7BFA1245F,GUEST_CAN_1092,PASS,AttentiveFP,1,random,4,1.7035574913024902
809,110,546,O=S(OC1=C(CC2=C(OS(=O)([O-])=O)C=C(CC3=C(OS(=O)([O-])=O)C=C(CC4=C(OS(=O)([O-])=O)C=C(CC5=CC(OS(=O)([O-])=O)=C(CC6=C(OS(=O)([O-])=O)C=C(C7)C(OS(=O)([O-])=O)=C6)C=C5OS(=O)([O-])=O)C(OS(=O)([O-])=O)=C4)C(OS(=O)([O-])=O)=C3)C(OS(=O)([O-])=O)=C2)C=C(OS(=O)([O-])=O)C(CC8=CC(OS(=O)([O-])=O)=C7C=C8OS(=O)([O-])=O)=C1)([O-])=O.[Na+].[Na+].[Na+].[Na+].[Na+].[Na+].[Na+].[Na+].[Na+].[Na+].[Na+].[Na+].[Na+].[Na+],[NH3+]Cc1ccc(cc1)C[NH3+].[Cl-].[Cl-],pillararene,6.518499851226807,O=S(=O)([O-])Oc1cc2c(OS(=O)(=O)[O-])cc1Cc1cc(OS(=O)(=O)[O-])c(cc1OS(=O)(=O)[O-])Cc1cc(OS(=O)(=O)[O-])c(cc1OS(=O)(=O)[O-])Cc1cc(OS(=O)(=O)[O-])c(cc1OS(=O)(=O)[O-])Cc1cc(OS(=O)(=O)[O-])c(cc1OS(=O)(=O)[O-])Cc1cc(OS(=O)(=O)[O-])c(cc1OS(=O)(=O)[O-])Cc1cc(OS(=O)(=O)[O-])c(cc1OS(=O)(=O)[O-])C2.[Na+].[Na+].[Na+].[Na+].[Na+].[Na+].[Na+].[Na+].[Na+].[Na+].[Na+].[Na+].[Na+].[Na+],363823965269421105355BE85F9BFA79372256835F74963F23DB34F5AAE9E20B,HOST_CAN_0162,PASS,[Cl-].[Cl-].[NH3+]Cc1ccc(C[NH3+])cc1,CE7F999399CD142893A4CC3D40A478F75FDB5344DBEECB9E212BA32295D1B8C5,GUEST_CAN_1031,PASS,AttentiveFP,1,random,4,5.924685001373291
816,11,556,C1N2C3C4N(C2=O)CN5C6C7N(C5=O)CN8C9C2N(C8=O)CN5C8C%10N(C5=O)CN5C%11C%12N(C5=O)CN5C%13C%14N(C5=O)CN5C%15C%16N(C5=O)CN5C%17C(N1C5=O)N1CN3C(=O)N4CN6C(=O)N7CN9C(=O)N2CN8C(=O)N%10CN%11C(=O)N%12CN%13C(=O)N%14CN%15C(=O)N%16CN%17C1=O,[Cl-].[Rb+],cucurbituril,2.640000104904175,O=C1N2CN3C(=O)N4CN5C(=O)N6CN7C(=O)N8CN9C(=O)N%10CN%11C(=O)N%12CN%13C(=O)N%14CN%15C(=O)N%16CN1C1C2N2CN%17C(=O)N(CN%18C(=O)N(CN%19C(=O)N(CN%20C(=O)N(CN%21C(=O)N(CN%22C(=O)N(CN%23C(=O)N(CN1C2=O)C%16C%15%23)C%14C%13%22)C%12C%11%21)C%10C9%20)C8C7%19)C6C5%18)C4C3%17,E82CB7F52437B0147F435E3074F006752062FF8924E87C1DAF3210D182FF633B,HOST_CAN_0143,PASS,[Cl-].[Rb+],F45F5EBA18BFE44CAB128A2E84C8B34A3194175A1497FEDAE86348640AB59865,GUEST_CAN_1041,PASS,AttentiveFP,1,random,4,2.5786795616149902
821,85,121,OC[C@H]1O[C@@H]2O[C@@H]3[C@@H](CO)O[C@H](O[C@@H]4[C@@H](CO)O[C@H](O[C@@H]5[C@@H](CO)O[C@H](O[C@@H]6[C@@H](CO)O[C@H](O[C@@H]7[C@@H](CO)O[C@H](O[C@@H]8[C@@H](CO)O[C@H](O[C@@H]9[C@@H](CO)O[C@H](O[C@H]1[C@H](O)[C@H]2O)[C@H](O)[C@H]9O)[C@H](O)[C@H]8O)[C@H](O)[C@H]7O)[C@H](O)[C@H]6O)[C@H](O)[C@H]5O)[C@H](O)[C@H]4O)[C@H](O)[C@H]3O,C1C2CC3C4C1C5CC(C4)(CC3C5C2)N,cyclodextrin,3.3947999477386475,OC[C@H]1O[C@@H]2O[C@H]3[C@H](O)[C@@H](O)[C@@H](O[C@H]4[C@H](O)[C@@H](O)[C@@H](O[C@H]5[C@H](O)[C@@H](O)[C@@H](O[C@H]6[C@H](O)[C@@H](O)[C@@H](O[C@H]7[C@H](O)[C@@H](O)[C@@H](O[C@H]8[C@H](O)[C@@H](O)[C@@H](O[C@H]9[C@H](O)[C@@H](O)[C@@H](O[C@H]1[C@H](O)[C@H]2O)O[C@@H]9CO)O[C@@H]8CO)O[C@@H]7CO)O[C@@H]6CO)O[C@@H]5CO)O[C@@H]4CO)O[C@@H]3CO,4E4982FCAA8A96CE9D40EDC97C9574B542F86F2BEB463ECAA6DCE3670D2F9B83,HOST_CAN_0177,PASS,NC12CC3C4CC5CC3C(C1)C(C5)C4C2,13B9624BB7CB2AACC46822A3C7F30E43D3C581BDAE726763E7DE160B3EE6B9AE,GUEST_CAN_0757,PASS,AttentiveFP,1,random,4,4.095144271850586
827,139,389,Oc1c2Cc3cc(N)cc(c3O)Cc3cc(cc(Cc4c(c(Cc1cc(c2)N)cc(N)c4)O)c3O)N,CC1C(C(CC(O1)OC2CC(CC3=C2C(=C4C(=C3O)C(=O)C5=C(C4=O)C(=CC=C5)OC)O)(C(=O)CO)O)N)O,calixarene,4.0,Nc1cc2c(O)c(c1)Cc1cc(N)cc(c1O)Cc1cc(N)cc(c1O)Cc1cc(N)cc(c1O)C2,7B9BCC020D8A5B4E379A7C1BEC086733022832265151879189B204E269014832,HOST_CAN_0115,PASS,COc1cccc2c1C(=O)c1c(O)c3c(c(O)c1C2=O)CC(O)(C(=O)CO)CC3OC1CC(N)C(O)C(C)O1,5E691EE01CBEED4195F6DBAC1948C0336399630FC27CE9AA76E2113537710ABA,GUEST_CAN_0506,PASS,AttentiveFP,1,random,4,4.35959005355835
835,3,104,OC[C@H]1O[C@@H]2O[C@@H]3[C@@H](CO)O[C@H](O[C@@H]4[C@@H](CO)O[C@H](O[C@@H]5[C@@H](CO)O[C@H](O[C@@H]6[C@@H](CO)O[C@H](O[C@@H]7[C@@H](CO)O[C@H](O[C@@H]8[C@@H](CO)O[C@H](O[C@H]1[C@H](O)[C@H]2O)[C@H](O)[C@H]8O)[C@H](O)[C@H]7O)[C@H](O)[C@H]6O)[C@H](O)[C@H]5O)[C@H](O)[C@H]4O)[C@H](O)[C@H]3O,C1CC2CCC1N=N2,cyclodextrin,2.992000102996826,OC[C@H]1O[C@@H]2O[C@H]3[C@H](O)[C@@H](O)[C@@H](O[C@H]4[C@H](O)[C@@H](O)[C@@H](O[C@H]5[C@H](O)[C@@H](O)[C@@H](O[C@H]6[C@H](O)[C@@H](O)[C@@H](O[C@H]7[C@H](O)[C@@H](O)[C@@H](O[C@H]8[C@H](O)[C@@H](O)[C@@H](O[C@H]1[C@H](O)[C@H]2O)O[C@@H]8CO)O[C@@H]7CO)O[C@@H]6CO)O[C@@H]5CO)O[C@@H]4CO)O[C@@H]3CO,22584443D9512992310760C9871E3E6BDB3EDC92006F3EF1EC94F44373907EB1,HOST_CAN_0176,PASS,C1CC2CCC1N=N2,28524F2C321EA80222CEAE7EE74FE527F854D218FD4782A52CD6A817541C8DDA,GUEST_CAN_0024,PASS,AttentiveFP,1,random,4,1.9743860960006714
836,140,523,CCCOc1c2cccc1Cc1cc(cc(c1O)Cc1c(c(Cc3c(c(C2)cc(c3)C(P(=O)(O)O)O)O)ccc1)OCCC)C(P(=O)(O)O)O,C(C(=O)O)N,calixarene,3.8636999130249023,CCCOc1c2cccc1Cc1cc(C(O)P(=O)(O)O)cc(c1O)Cc1cccc(c1OCCC)Cc1cc(C(O)P(=O)(O)O)cc(c1O)C2,7E37A1448B69308BE97A832CBDB926DD75192CE13258A59AFE8AD733B0848296,HOST_CAN_0038,PASS,NCC(=O)O,30FE3809EFBE5F6B082D9B94D27A0C7C9ECD1364A816D59C3D31CE32BCDF848E,GUEST_CAN_0774,PASS,AttentiveFP,1,random,4,1.6118099689483643
837,11,567,C1N2C3C4N(C2=O)CN5C6C7N(C5=O)CN8C9C2N(C8=O)CN5C8C%10N(C5=O)CN5C%11C%12N(C5=O)CN5C%13C%14N(C5=O)CN5C%15C%16N(C5=O)CN5C%17C(N1C5=O)N1CN3C(=O)N4CN6C(=O)N7CN9C(=O)N2CN8C(=O)N%10CN%11C(=O)N%12CN%13C(=O)N%14CN%15C(=O)N%16CN%17C1=O,C[N+]1=CC=C(C=C1)C2=CC=[N+](C=C2)CCC[NH3+],cucurbituril,6.86329984664917,O=C1N2CN3C(=O)N4CN5C(=O)N6CN7C(=O)N8CN9C(=O)N%10CN%11C(=O)N%12CN%13C(=O)N%14CN%15C(=O)N%16CN1C1C2N2CN%17C(=O)N(CN%18C(=O)N(CN%19C(=O)N(CN%20C(=O)N(CN%21C(=O)N(CN%22C(=O)N(CN%23C(=O)N(CN1C2=O)C%16C%15%23)C%14C%13%22)C%12C%11%21)C%10C9%20)C8C7%19)C6C5%18)C4C3%17,E82CB7F52437B0147F435E3074F006752062FF8924E87C1DAF3210D182FF633B,HOST_CAN_0143,PASS,C[n+]1ccc(-c2cc[n+](CCC[NH3+])cc2)cc1,5AF9011ACD490192411E4F4F4466541B7D70B44981EE48C9786433D9FE240D16,GUEST_CAN_0629,PASS,AttentiveFP,1,random,4,7.492977619171143
843,46,509,C1C2=CC(=CC(=C2O)CC3=CC(=CC(=C3O)CC4=C(C(=CC(=C4)S(=O)(=O)O)CC5=C(C1=CC(=C5)S(=O)(=O)[O-])O)O)S(=O)(=O)O)S(=O)(=O)O.[Na+],C[N+](C)(C)CC(=O)[O-],calixarene,2.6191000938415527,O=S(=O)([O-])c1cc2c(O)c(c1)Cc1cc(S(=O)(=O)O)cc(c1O)Cc1cc(S(=O)(=O)O)cc(c1O)Cc1cc(S(=O)(=O)O)cc(c1O)C2.[Na+],CA94CECC10EDB9167B38E05C5D125873C9C1506ED227A3D9C6CBBCD696828A96,HOST_CAN_0163,PASS,C[N+](C)(C)CC(=O)[O-],CDF9A85CA59152226925EF410E18806C9C78B4FF8A35831070A291AB98CB9DD4,GUEST_CAN_0560,PASS,AttentiveFP,1,random,4,3.836637258529663
851,27,576,C[N+](CCCC1c2cc3c4cc2OCOc2c1cc1c(c2)OCOc2c(C1CCC[N+](C)(C)C)cc1C(c5cc(C3CCC[N+](C)(C)C)c(OCO4)cc5OCOc1c2)CCC[N+](C)(C)C)(C)C.[Cl-].[Cl-].[Cl-].[Cl-],C(Cl)Br,cavitand,1.1761000156402588,C[N+](C)(C)CCCC1c2cc3c4cc2OCOc2cc5c(cc21)C(CCC[N+](C)(C)C)c1cc2c(cc1OCO5)OCOc1cc(c(cc1C2CCC[N+](C)(C)C)C3CCC[N+](C)(C)C)OCO4.[Cl-].[Cl-].[Cl-].[Cl-],BE088984763C14FD65B8A34D618A60117E825B49BF929FD4529F9E4120B2F425,HOST_CAN_0095,PASS,ClCBr,177F7B542C126D7B7B10AE6A601DB54ECD3F264077331C9F47619DA4484AC844,GUEST_CAN_0697,PASS,AttentiveFP,1,random,4,2.086677312850952
852,9,62,[O-]C(=O)COc1ccc2c3c1CNC(=O)c1c(OCC(=O)[O-])ccc4c1ccc1c4C4CC(O1)Oc1c4c4ccc(c(C(=O)NCc5c6c(c7C8c2c(cc3)OC(C8)Oc7cc6)ccc5OCC(=O)[O-])c4cc1)OCC(=O)[O-].[NH4+].[NH4+].[NH4+].[NH4+],CC(=O)C,other,1.9502999782562256,O=C([O-])COc1ccc2c3c4ccc2c1CNC(=O)c1c(OCC(=O)[O-])ccc2c5c(ccc12)OC1CC5c2c(ccc5c(c(OCC(=O)[O-])ccc25)C(=O)NCc2c(OCC(=O)[O-])ccc5c6c(ccc25)OC(CC36)O4)O1.[NH4+].[NH4+].[NH4+].[NH4+],7D3830C6A6E10F82EEBCC3ED68B861BB21ED63B1DDB277580F3032527E5A1183,HOST_CAN_0139,PASS,CC(C)=O,DE84A3A5E7D86FB53FE767B079B6E324B7F486E3EE690B86B06FD5D7231FB01C,GUEST_CAN_0123,PASS,AttentiveFP,1,random,4,2.7975637912750244
854,55,57,OC1=C(CC2=CC(S(=O)([O-])=O)=CC(CC3=C(O)C4=CC(S(=O)([O-])=O)=C3)=C2O)C=C(S(=O)([O-])=O)C=C1CC5=C(O)C(CC6=CC(S(=O)([O-])=O)=CC(CC7=CC(S(=O)([O-])=O)=CC(CC8=C(O)C(CC9=CC(S(=O)([O-])=O)=CC(C4)=C9O)=CC(S(=O)([O-])=O)=C8)=C7OCCN)=C6O)=CC(S(=O)([O-])=O)=C5,OC(=O)C1CCCN1,calixarene,1.8324999809265137,NCCOc1c2cc(S(=O)(=O)[O-])cc1Cc1cc(S(=O)(=O)[O-])cc(c1O)Cc1cc(S(=O)(=O)[O-])cc(c1O)Cc1cc(S(=O)(=O)[O-])cc(c1O)Cc1cc(S(=O)(=O)[O-])cc(c1O)Cc1cc(S(=O)(=O)[O-])cc(c1O)Cc1cc(S(=O)(=O)[O-])cc(c1O)Cc1cc(S(=O)(=O)[O-])cc(c1O)C2,46CD7FE84C8D6C4EF795EC2A85AC98203C8613778274664FF650C7423640E7D1,HOST_CAN_0112,PASS,O=C(O)C1CCCN1,089AB51F23001BB951B8422598AD8ED1DBAD90EB1049857FB2A03F150DA120BA,GUEST_CAN_0869,PASS,AttentiveFP,1,random,4,2.4776265621185303
859,11,580,C1N2C3C4N(C2=O)CN5C6C7N(C5=O)CN8C9C2N(C8=O)CN5C8C%10N(C5=O)CN5C%11C%12N(C5=O)CN5C%13C%14N(C5=O)CN5C%15C%16N(C5=O)CN5C%17C(N1C5=O)N1CN3C(=O)N4CN6C(=O)N7CN9C(=O)N2CN8C(=O)N%10CN%11C(=O)N%12CN%13C(=O)N%14CN%15C(=O)N%16CN%17C1=O,C1=CC(=C(C=C1O)CC(=O)O)O,cucurbituril,2.1461000442504883,O=C1N2CN3C(=O)N4CN5C(=O)N6CN7C(=O)N8CN9C(=O)N%10CN%11C(=O)N%12CN%13C(=O)N%14CN%15C(=O)N%16CN1C1C2N2CN%17C(=O)N(CN%18C(=O)N(CN%19C(=O)N(CN%20C(=O)N(CN%21C(=O)N(CN%22C(=O)N(CN%23C(=O)N(CN1C2=O)C%16C%15%23)C%14C%13%22)C%12C%11%21)C%10C9%20)C8C7%19)C6C5%18)C4C3%17,E82CB7F52437B0147F435E3074F006752062FF8924E87C1DAF3210D182FF633B,HOST_CAN_0143,PASS,O=C(O)Cc1cc(O)ccc1O,FF09201D992F53BD8558861FCC4FAC42A9EF8B25FBDB5BE10845D7E94087E8B1,GUEST_CAN_0879,PASS,AttentiveFP,1,random,4,3.2728323936462402
860,106,581,CCCOC1=C2CC3=CC(P(OC)(O[Li])=O)=CC(CC4=C(OCCC)C(CC5=C(OCCC)C(CC1=CC(P(OC)(O[Li])=O)=C2)=CC(P(OC)(O[Li])=O)=C5)=CC(P(OC)(O[Li])=O)=C4)=C3OCCC,CC(C(C1=CC=CC=C1)O)NC.Cl,calixarene,1.6532000303268433,[Li][O]P(=O)(OC)c1cc2c(OCCC)c(c1)Cc1cc(P(=O)([O][Li])OC)cc(c1OCCC)Cc1cc(P(=O)([O][Li])OC)cc(c1OCCC)Cc1cc(P(=O)([O][Li])OC)cc(c1OCCC)C2,7E35E77A746111D0F7C2AD48B4236AD5F23EBD686B02C0BEF4D3F0D97CE016F4,HOST_CAN_0180,PASS,CNC(C)C(O)c1ccccc1.Cl,D8615678964D3FE4EDA3B93E790EE8198756976629150E32922E603E5F5196BF,GUEST_CAN_0426,PASS,AttentiveFP,1,random,4,1.7119722366333008
865,15,584,C1=C2C=C3C=C1OC4=CC(=CC(=C4)C(=O)O)OC5=CC6=CC(=C5)C7OC8=CC9=C1C=C8C(C4=C(O7)C=C5C(=C4)C(C4=CC7=C(C=C4OC2O5)OC2C4=CC(=CC(=C4)OC4=CC(=CC(=C4)C(=O)O)OC4=CC(=CC(=C4)OC4=CC(=CC(=C4)O6)C(=O)O)C(O9)OC4=C(C1CCC(=O)O)C=C(C7CCC(=O)O)C(=C4)O2)OC1=CC(=CC(=C1)O3)C(=O)O)CCC(=O)O)CCC(=O)O,ClC=1C=C(C(=O)O)C=CC1,cavitand,3.8482000827789307,O=C(O)CCC1c2cc3c4cc2OC2Oc5cc6c(cc51)C(CCC(=O)O)c1cc5c7cc1OC(O6)c1cc6cc(c1)Oc1cc(cc(C(=O)O)c1)Oc1cc8cc(c1)C(Oc1cc(c(cc1C5CCC(=O)O)C3CCC(=O)O)OC(O4)c1cc(cc(c1)Oc1cc(cc(C(=O)O)c1)O8)Oc1cc(cc(C(=O)O)c1)Oc1cc(cc2c1)Oc1cc(cc(C(=O)O)c1)O6)O7,AE6E8A9B8E3ECDE32B65BE9B8736ECC23E2311A112E2CA1B78F35ECF9046A382,HOST_CAN_0117,PASS,O=C(O)c1cccc(Cl)c1,2974EA48A6FE07FF3065D16AE4AD99421FE3A985794D8A478EF53689988BAF7E,GUEST_CAN_0888,PASS,AttentiveFP,1,random,4,3.950871467590332
872,9,549,[O-]C(=O)COc1ccc2c3c1CNC(=O)c1c(OCC(=O)[O-])ccc4c1ccc1c4C4CC(O1)Oc1c4c4ccc(c(C(=O)NCc5c6c(c7C8c2c(cc3)OC(C8)Oc7cc6)ccc5OCC(=O)[O-])c4cc1)OCC(=O)[O-].[NH4+].[NH4+].[NH4+].[NH4+],C=CCCCC1CO1,other,3.7585999965667725,O=C([O-])COc1ccc2c3c4ccc2c1CNC(=O)c1c(OCC(=O)[O-])ccc2c5c(ccc12)OC1CC5c2c(ccc5c(c(OCC(=O)[O-])ccc25)C(=O)NCc2c(OCC(=O)[O-])ccc5c6c(ccc25)OC(CC36)O4)O1.[NH4+].[NH4+].[NH4+].[NH4+],7D3830C6A6E10F82EEBCC3ED68B861BB21ED63B1DDB277580F3032527E5A1183,HOST_CAN_0139,PASS,C=CCCCC1CO1,F7536540BA34C47B2678F2B94EC653BB986E9832E5ED7840D46ECFCBC4BD2DD7,GUEST_CAN_0047,PASS,AttentiveFP,1,random,4,3.830064058303833
873,67,589,COCCOCCOCCN1C2C(N(C1=O)CCOCCOCCOC)N1C(=O)N2CN2C(=O)N(C3C2N(CCOCCOCCOC)C(=O)N3CCOCCOCCOC)CN2C(=O)N(C3C2N(CCOCCOCCOC)C(=O)N3CCOCCOCCOC)CN2C(=O)N(CN3C(=O)N(CN4C(=O)N(C1)C1C4N(C(=O)N1CCOCCOCCOC)CCOCCOCCOC)C1C3N(C(=O)N1CCOCCOCCOC)CCOCCOCCOC)C1C2N(CCOCCOCCOC)C(=O)N1CCOCCOCCOC,[Br-].[Cs+],other,5.117300033569336,COCCOCCOCCN1C(=O)N(CCOCCOCCOC)C2C1N1CN3C(=O)N(CN4C(=O)N(CN5C(=O)N(CN6C(=O)N(CN7C(=O)N(CN2C1=O)C1C7N(CCOCCOCCOC)C(=O)N1CCOCCOCCOC)C1C6N(CCOCCOCCOC)C(=O)N1CCOCCOCCOC)C1C5N(CCOCCOCCOC)C(=O)N1CCOCCOCCOC)C1C4N(CCOCCOCCOC)C(=O)N1CCOCCOCCOC)C1C3N(CCOCCOCCOC)C(=O)N1CCOCCOCCOC,62192EF92C15D4B199D2DAB70679D4FE4B9DB65514F9B760A1D77C13905222B6,HOST_CAN_0056,PASS,[Br-].[Cs+],91A6471A54FC4889180DDC26F2948B4D5D02F6F35F4671ACB1705ADBB1001165,GUEST_CAN_1016,PASS,AttentiveFP,1,random,4,5.238264560699463
885,3,597,OC[C@H]1O[C@@H]2O[C@@H]3[C@@H](CO)O[C@H](O[C@@H]4[C@@H](CO)O[C@H](O[C@@H]5[C@@H](CO)O[C@H](O[C@@H]6[C@@H](CO)O[C@H](O[C@@H]7[C@@H](CO)O[C@H](O[C@@H]8[C@@H](CO)O[C@H](O[C@H]1[C@H](O)[C@H]2O)[C@H](O)[C@H]8O)[C@H](O)[C@H]7O)[C@H](O)[C@H]6O)[C@H](O)[C@H]5O)[C@H](O)[C@H]4O)[C@H](O)[C@H]3O,CC1(C2CC1C(C(C2)O)(C)O)C,cyclodextrin,3.803499937057495,OC[C@H]1O[C@@H]2O[C@H]3[C@H](O)[C@@H](O)[C@@H](O[C@H]4[C@H](O)[C@@H](O)[C@@H](O[C@H]5[C@H](O)[C@@H](O)[C@@H](O[C@H]6[C@H](O)[C@@H](O)[C@@H](O[C@H]7[C@H](O)[C@@H](O)[C@@H](O[C@H]8[C@H](O)[C@@H](O)[C@@H](O[C@H]1[C@H](O)[C@H]2O)O[C@@H]8CO)O[C@@H]7CO)O[C@@H]6CO)O[C@@H]5CO)O[C@@H]4CO)O[C@@H]3CO,22584443D9512992310760C9871E3E6BDB3EDC92006F3EF1EC94F44373907EB1,HOST_CAN_0176,PASS,CC1(C)C2CC(O)C(C)(O)C1C2,282648BC7918009015B793E35AB95D54DF929FE66B51C8939C09BC59415459E8,GUEST_CAN_0203,PASS,AttentiveFP,1,random,4,3.292182445526123
888,122,406,CC(C)(C)C1=CC(=C(C=C1)NC(=O)NC2=CC=C(C=C2)OC)C#CC3=CC(=CC(=C3)OC)C#CC4=C(C=CC(=C4)C(C)(C)C)NC(=O)NC5=CC=C(C=C5)OC,CCCC[N+](CCCC)(CCCC)CCCC.[Cl-],other,3.6749000549316406,COc1ccc(NC(=O)Nc2ccc(C(C)(C)C)cc2C#Cc2cc(C#Cc3cc(C(C)(C)C)ccc3NC(=O)Nc3ccc(OC)cc3)cc(OC)c2)cc1,D21F40FE6961DC5FE75A1A0699511BDB052F920FB1661CF34BFCAD5E05B4B593,HOST_CAN_0073,PASS,CCCC[N+](CCCC)(CCCC)CCCC.[Cl-],98322306CD8D2EE1FC0B30A96ADB07D77C4823F49CB80B37D40EC2A8BE6D6F00,GUEST_CAN_0317,PASS,AttentiveFP,1,random,4,3.2096333503723145
889,1,105,C1C2=CC(=CC(=C2O)CC3=CC(=CC(=C3O)CC4=C(C(=CC(=C4)S(=O)(=O)O)CC5=C(C1=CC(=C5)S(=O)(=O)O)O)O)S(=O)(=O)O)S(=O)(=O)O,C[N+]12CC[N+](CC1)(CC2)C,calixarene,7.17609977722168,O=S(=O)(O)c1cc2c(O)c(c1)Cc1cc(S(=O)(=O)O)cc(c1O)Cc1cc(S(=O)(=O)O)cc(c1O)Cc1cc(S(=O)(=O)O)cc(c1O)C2,C1130CCDC8DA0C6458EF6C2E07E7F3330D8F8B055CBE4DEAADB70DC00C8CDFC1,HOST_CAN_0154,PASS,C[N+]12CC[N+](C)(CC1)CC2,4A0B3FB25D57A204AAAED1CCC06C3AECC941629302D2B322E7A56F6DC2436CD2,GUEST_CAN_0605,PASS,AttentiveFP,1,random,4,7.071985244750977
894,1,599,C1C2=CC(=CC(=C2O)CC3=CC(=CC(=C3O)CC4=C(C(=CC(=C4)S(=O)(=O)O)CC5=C(C1=CC(=C5)S(=O)(=O)O)O)O)S(=O)(=O)O)S(=O)(=O)O,CC(c1ccccc1[N+](=O)[O-])OCC[N+](C)(C)C,calixarene,4.17609977722168,O=S(=O)(O)c1cc2c(O)c(c1)Cc1cc(S(=O)(=O)O)cc(c1O)Cc1cc(S(=O)(=O)O)cc(c1O)Cc1cc(S(=O)(=O)O)cc(c1O)C2,C1130CCDC8DA0C6458EF6C2E07E7F3330D8F8B055CBE4DEAADB70DC00C8CDFC1,HOST_CAN_0154,PASS,CC(OCC[N+](C)(C)C)c1ccccc1[N+](=O)[O-],564C2BD700BE3B4AC81778858439198198D65A7C0BD9F3BB910237FE048B6847,GUEST_CAN_0191,PASS,AttentiveFP,1,random,4,4.67726993560791
903,11,606,C1N2C3C4N(C2=O)CN5C6C7N(C5=O)CN8C9C2N(C8=O)CN5C8C%10N(C5=O)CN5C%11C%12N(C5=O)CN5C%13C%14N(C5=O)CN5C%15C%16N(C5=O)CN5C%17C(N1C5=O)N1CN3C(=O)N4CN6C(=O)N7CN9C(=O)N2CN8C(=O)N%10CN%11C(=O)N%12CN%13C(=O)N%14CN%15C(=O)N%16CN%17C1=O,CC12CCC3C(C1CCC2O)CCC4=CC(=O)CCC34C,cucurbituril,8.041399955749512,O=C1N2CN3C(=O)N4CN5C(=O)N6CN7C(=O)N8CN9C(=O)N%10CN%11C(=O)N%12CN%13C(=O)N%14CN%15C(=O)N%16CN1C1C2N2CN%17C(=O)N(CN%18C(=O)N(CN%19C(=O)N(CN%20C(=O)N(CN%21C(=O)N(CN%22C(=O)N(CN%23C(=O)N(CN1C2=O)C%16C%15%23)C%14C%13%22)C%12C%11%21)C%10C9%20)C8C7%19)C6C5%18)C4C3%17,E82CB7F52437B0147F435E3074F006752062FF8924E87C1DAF3210D182FF633B,HOST_CAN_0143,PASS,CC12CCC(=O)C=C1CCC1C2CCC2(C)C(O)CCC12,23DEA99CC7FFA441B2CF99D019192899AE5B6380699A4759C87591498A2D2854,GUEST_CAN_0222,PASS,AttentiveFP,1,random,4,6.556460380554199
908,14,18,NCCOc1c2Cc3cc(cc(c3O)Cc3cc(cc(c3O)Cc3cc(cc(Cc4c(c(Cc5c(c(Cc1cc(c2)S(=O)(=O)O)cc(c5)S(=O)(=O)O)O)cc(c4)S(=O)(=O)O)O)c3O)S(=O)(=O)O)S(=O)(=O)O)S(=O)(=O)O,OC(=O)C(Cc1c[nH]c2c1cccc2)N,calixarene,3.4735000133514404,NCCOc1c2cc(S(=O)(=O)O)cc1Cc1cc(S(=O)(=O)O)cc(c1O)Cc1cc(S(=O)(=O)O)cc(c1O)Cc1cc(S(=O)(=O)O)cc(c1O)Cc1cc(S(=O)(=O)O)cc(c1O)Cc1cc(S(=O)(=O)O)cc(c1O)C2,C787A22C599703D921FA29CACAF002E9FF6ED12C44482B2905C84DCBDD5B4AC1,HOST_CAN_0110,PASS,NC(Cc1c[nH]c2ccccc12)C(=O)O,640E1867764F94CAFE2D991B23E1B000681C8619E07309C47EB26888B7938B6E,GUEST_CAN_0740,PASS,AttentiveFP,1,random,4,2.851531744003296
925,63,15,Oc1c2Cc3cc(cc(c3O)Cc3cc(cc(c3O)Cc3cc(cc(c3O)Cc3cc(cc(Cc4c(c(Cc5c(c(Cc6c(c(Cc1cc(c2)S(=O)(=O)[O-])cc(c6)S(=O)(=O)[O-])O)cc(c5)S(=O)(=O)[O-])O)cc(c4)S(=O)(=O)[O-])O)c3O)S(=O)(=O)[O-])S(=O)(=O)[O-])S(=O)(=O)[O-])S(=O)(=O)[O-],[O-]C(=O)CC(C(=O)O)N,calixarene,2.7881999015808105,O=S(=O)([O-])c1cc2c(O)c(c1)Cc1cc(S(=O)(=O)[O-])cc(c1O)Cc1cc(S(=O)(=O)[O-])cc(c1O)Cc1cc(S(=O)(=O)[O-])cc(c1O)Cc1cc(S(=O)(=O)[O-])cc(c1O)Cc1cc(S(=O)(=O)[O-])cc(c1O)Cc1cc(S(=O)(=O)[O-])cc(c1O)Cc1cc(S(=O)(=O)[O-])cc(c1O)C2,3C24C9B25872FE0768A640DF44D242D9AEC5F3FA9C167A457997BAE8D628FFF1,HOST_CAN_0166,PASS,NC(CC(=O)[O-])C(=O)O,BB5F75F5A9C5B3B73A0A3B7339C8AC7150359761D5C24F8C1D742AB3AA3BCA26,GUEST_CAN_0731,PASS,AttentiveFP,1,random,4,2.8891818523406982
926,1,619,C1C2=CC(=CC(=C2O)CC3=CC(=CC(=C3O)CC4=C(C(=CC(=C4)S(=O)(=O)O)CC5=C(C1=CC(=C5)S(=O)(=O)O)O)O)S(=O)(=O)O)S(=O)(=O)O,[NH3+]CCCCC(C(=O)[O-])[NH3+],calixarene,2.869999885559082,O=S(=O)(O)c1cc2c(O)c(c1)Cc1cc(S(=O)(=O)O)cc(c1O)Cc1cc(S(=O)(=O)O)cc(c1O)Cc1cc(S(=O)(=O)O)cc(c1O)C2,C1130CCDC8DA0C6458EF6C2E07E7F3330D8F8B055CBE4DEAADB70DC00C8CDFC1,HOST_CAN_0154,PASS,[NH3+]CCCCC([NH3+])C(=O)[O-],088DBB3507C5E834DBD8033C58FA7844D3BEFFBB26E20C59DF5E0BD12C1A39BF,GUEST_CAN_1082,PASS,AttentiveFP,1,random,4,3.2827515602111816
928,46,31,C1C2=CC(=CC(=C2O)CC3=CC(=CC(=C3O)CC4=C(C(=CC(=C4)S(=O)(=O)O)CC5=C(C1=CC(=C5)S(=O)(=O)[O-])O)O)S(=O)(=O)O)S(=O)(=O)O.[Na+],CC(=O)OC(CC(=O)[O-])C[N+](C)(C)C,calixarene,2.8115999698638916,O=S(=O)([O-])c1cc2c(O)c(c1)Cc1cc(S(=O)(=O)O)cc(c1O)Cc1cc(S(=O)(=O)O)cc(c1O)Cc1cc(S(=O)(=O)O)cc(c1O)C2.[Na+],CA94CECC10EDB9167B38E05C5D125873C9C1506ED227A3D9C6CBBCD696828A96,HOST_CAN_0163,PASS,CC(=O)OC(CC(=O)[O-])C[N+](C)(C)C,84F3DE3A4774B1F6AF116A86D71ECC8AE9DDDEEB6CDC576B42DD15BBFC1D17CE,GUEST_CAN_0094,PASS,AttentiveFP,1,random,4,4.194247245788574
929,115,620,C(CCC)C1=C(C(OC2=CC(=CC=C12)N(CC)CC)=O)C=O,C(CCN)N,other,1.0968999862670898,CCCCc1c(C=O)c(=O)oc2cc(N(CC)CC)ccc12,50E4CC3B42DB2A1D81BA2FCB02D3EA8F0BF1EB0B92ACDAB1C80BFBFCC39A06BB,HOST_CAN_0035,PASS,NCCCN,D6687FDBD2C4984A1A7581F53F0B55E8175BE7D47D26CC440788FB46DA05D41A,GUEST_CAN_0801,PASS,AttentiveFP,1,random,4,2.05989933013916
931,69,621,NCCN1C=C(N=N1)COC(C=C2)=C(CNCC3=C(OCC(N=N4)=CN4CCN)C=CC5=C3C=C6)C7=C2C8=C(C=C7)OC9CC8C%10=C(O9)C=CC%11=C%10C=CC(OCC(N=N%12)=CN%12CCN)=C%11CNCC%13=C(OCC(N=N%14)=CN%14CCN)C=CC%15=C%13C=CC(O%16)=C%15C%17C5=C6OC%16C%17,CC1(C(N2C(S1)C(C2=O)NC(=O)C(C3=CC=CC=C3)N)C(=O)O)C,other,2.9781999588012695,NCCn1cc(COc2ccc3c4c5ccc3c2CNCc2c(OCc3cn(CCN)nn3)ccc3c6c(ccc23)OC2CC6c3c(ccc6c(c(OCc7cn(CCN)nn7)ccc36)CNCc3c(OCc6cn(CCN)nn6)ccc6c7c(ccc36)OC(CC47)O5)O2)nn1,E69AC36986BDADC1E5A61FE9021251B6D5437DB096F231021CE94D055FF4BCBF,HOST_CAN_0113,PASS,CC1(C)SC2C(NC(=O)C(N)c3ccccc3)C(=O)N2C1C(=O)O,DC0FE5259B2B79CDE53EF012AE17B2640C88D0347C20DE28018192C1511F5517,GUEST_CAN_0209,PASS,AttentiveFP,1,random,4,3.7197558879852295
932,1,497,C1C2=CC(=CC(=C2O)CC3=CC(=CC(=C3O)CC4=C(C(=CC(=C4)S(=O)(=O)O)CC5=C(C1=CC(=C5)S(=O)(=O)O)O)O)S(=O)(=O)O)S(=O)(=O)O,C1CC2CC1N=N2,calixarene,2.829200029373169,O=S(=O)(O)c1cc2c(O)c(c1)Cc1cc(S(=O)(=O)O)cc(c1O)Cc1cc(S(=O)(=O)O)cc(c1O)Cc1cc(S(=O)(=O)O)cc(c1O)C2,C1130CCDC8DA0C6458EF6C2E07E7F3330D8F8B055CBE4DEAADB70DC00C8CDFC1,HOST_CAN_0154,PASS,C1CC2CC1N=N2,A2496E9CCE3928D5E2403BB21D4F1D008596E587754FBC1A3268F4A4C1D0C131,GUEST_CAN_0020,PASS,AttentiveFP,1,random,4,2.5928468704223633
941,11,626,C1N2C3C4N(C2=O)CN5C6C7N(C5=O)CN8C9C2N(C8=O)CN5C8C%10N(C5=O)CN5C%11C%12N(C5=O)CN5C%13C%14N(C5=O)CN5C%15C%16N(C5=O)CN5C%17C(N1C5=O)N1CN3C(=O)N4CN6C(=O)N7CN9C(=O)N2CN8C(=O)N%10CN%11C(=O)N%12CN%13C(=O)N%14CN%15C(=O)N%16CN%17C1=O,C(C1=CC=CC=C1)(=O)[O-].[Na+],cucurbituril,3.0,O=C1N2CN3C(=O)N4CN5C(=O)N6CN7C(=O)N8CN9C(=O)N%10CN%11C(=O)N%12CN%13C(=O)N%14CN%15C(=O)N%16CN1C1C2N2CN%17C(=O)N(CN%18C(=O)N(CN%19C(=O)N(CN%20C(=O)N(CN%21C(=O)N(CN%22C(=O)N(CN%23C(=O)N(CN1C2=O)C%16C%15%23)C%14C%13%22)C%12C%11%21)C%10C9%20)C8C7%19)C6C5%18)C4C3%17,E82CB7F52437B0147F435E3074F006752062FF8924E87C1DAF3210D182FF633B,HOST_CAN_0143,PASS,O=C([O-])c1ccccc1.[Na+],73DFE7EE546613F373101971473DF14AC29AE374E1793BBCBA51571ABFB499C6,GUEST_CAN_0910,PASS,AttentiveFP,1,random,4,3.3309342861175537
945,11,627,C1N2C3C4N(C2=O)CN5C6C7N(C5=O)CN8C9C2N(C8=O)CN5C8C%10N(C5=O)CN5C%11C%12N(C5=O)CN5C%13C%14N(C5=O)CN5C%15C%16N(C5=O)CN5C%17C(N1C5=O)N1CN3C(=O)N4CN6C(=O)N7CN9C(=O)N2CN8C(=O)N%10CN%11C(=O)N%12CN%13C(=O)N%14CN%15C(=O)N%16CN%17C1=O,C1=CC(=CC=C1O)Cl,cucurbituril,4.113900184631348,O=C1N2CN3C(=O)N4CN5C(=O)N6CN7C(=O)N8CN9C(=O)N%10CN%11C(=O)N%12CN%13C(=O)N%14CN%15C(=O)N%16CN1C1C2N2CN%17C(=O)N(CN%18C(=O)N(CN%19C(=O)N(CN%20C(=O)N(CN%21C(=O)N(CN%22C(=O)N(CN%23C(=O)N(CN1C2=O)C%16C%15%23)C%14C%13%22)C%12C%11%21)C%10C9%20)C8C7%19)C6C5%18)C4C3%17,E82CB7F52437B0147F435E3074F006752062FF8924E87C1DAF3210D182FF633B,HOST_CAN_0143,PASS,Oc1ccc(Cl)cc1,193583DD9596D11021D1F2F61419C8ADDB9B73E8BDDE01405F650D6C7215C426,GUEST_CAN_0992,PASS,AttentiveFP,1,random,4,3.929687976837158
952,1,630,C1C2=CC(=CC(=C2O)CC3=CC(=CC(=C3O)CC4=C(C(=CC(=C4)S(=O)(=O)O)CC5=C(C1=CC(=C5)S(=O)(=O)O)O)O)S(=O)(=O)O)S(=O)(=O)O,CC(=O)NCCCCC(C(=O)O)N,calixarene,1.0799000263214111,O=S(=O)(O)c1cc2c(O)c(c1)Cc1cc(S(=O)(=O)O)cc(c1O)Cc1cc(S(=O)(=O)O)cc(c1O)Cc1cc(S(=O)(=O)O)cc(c1O)C2,C1130CCDC8DA0C6458EF6C2E07E7F3330D8F8B055CBE4DEAADB70DC00C8CDFC1,HOST_CAN_0154,PASS,CC(=O)NCCCCC(N)C(=O)O,4B432548414F64AF99E0FAD8549299C24B1295032042F7A161EE1DD6B8060367,GUEST_CAN_0085,PASS,AttentiveFP,1,random,4,3.2570905685424805
954,69,631,NCCN1C=C(N=N1)COC(C=C2)=C(CNCC3=C(OCC(N=N4)=CN4CCN)C=CC5=C3C=C6)C7=C2C8=C(C=C7)OC9CC8C%10=C(O9)C=CC%11=C%10C=CC(OCC(N=N%12)=CN%12CCN)=C%11CNCC%13=C(OCC(N=N%14)=CN%14CCN)C=CC%15=C%13C=CC(O%16)=C%15C%17C5=C6OC%16C%17,CC1(C(N2C(S1)C(C2=O)NC(=O)C(C3=CC=CC=C3)C(=O)O)C(=O)O)C,other,5.680300235748291,NCCn1cc(COc2ccc3c4c5ccc3c2CNCc2c(OCc3cn(CCN)nn3)ccc3c6c(ccc23)OC2CC6c3c(ccc6c(c(OCc7cn(CCN)nn7)ccc36)CNCc3c(OCc6cn(CCN)nn6)ccc6c7c(ccc36)OC(CC47)O5)O2)nn1,E69AC36986BDADC1E5A61FE9021251B6D5437DB096F231021CE94D055FF4BCBF,HOST_CAN_0113,PASS,CC1(C)SC2C(NC(=O)C(C(=O)O)c3ccccc3)C(=O)N2C1C(=O)O,151DED631C5746A3012B120AC3B90450EAA30CCBDE99BC507AEA457991B52051,GUEST_CAN_0208,PASS,AttentiveFP,1,random,4,3.9060921669006348
956,8,632,C1N2C3C4N(C2=O)CN5C6C7N(C5=O)CN8C9C2N(C8=O)CN5C8C%10N(C5=O)CN5C%11C%12N(C5=O)CN5C%13C(N1C5=O)N1CN3C(=O)N4CN6C(=O)N7CN9C(=O)N2CN8C(=O)N%10CN%11C(=O)N%12CN%13C1=O,NCCCO,cucurbituril,3.589900016784668,O=C1N2CN3C(=O)N4CN5C(=O)N6CN7C(=O)N8CN9C(=O)N%10CN%11C(=O)N%12CN1C1C2N2CN%13C(=O)N(CN%14C(=O)N(CN%15C(=O)N(CN%16C(=O)N(CN%17C(=O)N(CN1C2=O)C%12C%11%17)C%10C9%16)C8C7%15)C6C5%14)C4C3%13,2526C525F966BEE6CB589BBB60C9F4124C02584847747BDAFF4E92B4462536E8,HOST_CAN_0149,PASS,NCCCO,BAB206745F169618D187510EAA9912614CA2A1700DF4BAC325C6D0D33D96A5E2,GUEST_CAN_0803,PASS,AttentiveFP,1,random,4,2.812150001525879
967,69,637,NCCN1C=C(N=N1)COC(C=C2)=C(CNCC3=C(OCC(N=N4)=CN4CCN)C=CC5=C3C=C6)C7=C2C8=C(C=C7)OC9CC8C%10=C(O9)C=CC%11=C%10C=CC(OCC(N=N%12)=CN%12CCN)=C%11CNCC%13=C(OCC(N=N%14)=CN%14CCN)C=CC%15=C%13C=CC(O%16)=C%15C%17C5=C6OC%16C%17,C(C)(=O)NC(C(=O)O)C1=CC=CC=C1,other,3.6865999698638916,NCCn1cc(COc2ccc3c4c5ccc3c2CNCc2c(OCc3cn(CCN)nn3)ccc3c6c(ccc23)OC2CC6c3c(ccc6c(c(OCc7cn(CCN)nn7)ccc36)CNCc3c(OCc6cn(CCN)nn6)ccc6c7c(ccc36)OC(CC47)O5)O2)nn1,E69AC36986BDADC1E5A61FE9021251B6D5437DB096F231021CE94D055FF4BCBF,HOST_CAN_0113,PASS,CC(=O)NC(C(=O)O)c1ccccc1,76E13337757DBE3879D6A633FF092F28738489FA30EEEA0A5FAAF2E292B16ABC,GUEST_CAN_0065,PASS,AttentiveFP,1,random,4,3.9075777530670166
972,69,639,NCCN1C=C(N=N1)COC(C=C2)=C(CNCC3=C(OCC(N=N4)=CN4CCN)C=CC5=C3C=C6)C7=C2C8=C(C=C7)OC9CC8C%10=C(O9)C=CC%11=C%10C=CC(OCC(N=N%12)=CN%12CCN)=C%11CNCC%13=C(OCC(N=N%14)=CN%14CCN)C=CC%15=C%13C=CC(O%16)=C%15C%17C5=C6OC%16C%17,O=C(C(=O)O)CC1=CC=CC=C1,other,4.100399971008301,NCCn1cc(COc2ccc3c4c5ccc3c2CNCc2c(OCc3cn(CCN)nn3)ccc3c6c(ccc23)OC2CC6c3c(ccc6c(c(OCc7cn(CCN)nn7)ccc36)CNCc3c(OCc6cn(CCN)nn6)ccc6c7c(ccc36)OC(CC47)O5)O2)nn1,E69AC36986BDADC1E5A61FE9021251B6D5437DB096F231021CE94D055FF4BCBF,HOST_CAN_0113,PASS,O=C(O)C(=O)Cc1ccccc1,8E3E15981967EDD904A4C59059DCEF9E927444D34CA2823443CAAD02D98A0057,GUEST_CAN_0854,PASS,AttentiveFP,1,random,4,3.8940019607543945
973,82,18,OC1=C2C=C(S(=O)([O-])=O)C=C1CC3=C(O)C(CC4=CC(S(=O)([O-])=O)=CC(CC5=CC(S(=O)([O-])=O)=CC(CC6=CC(S(=O)([O-])=O)=CC(CC(C=C(S(=O)([O-])=O)C=C7C2)=C7O)=C6O)=C5OCCN)=C4O)=CC(S(=O)([O-])=O)=C3,OC(=O)C(Cc1c[nH]c2c1cccc2)N,calixarene,2.7032999992370605,NCCOc1c2cc(S(=O)(=O)[O-])cc1Cc1cc(S(=O)(=O)[O-])cc(c1O)Cc1cc(S(=O)(=O)[O-])cc(c1O)Cc1cc(S(=O)(=O)[O-])cc(c1O)Cc1cc(S(=O)(=O)[O-])cc(c1O)Cc1cc(S(=O)(=O)[O-])cc(c1O)C2,943BCEA8586BE526CE8501B61202A05D77257BC2BB9DA3A3C52BD077795B3D50,HOST_CAN_0111,PASS,NC(Cc1c[nH]c2ccccc12)C(=O)O,640E1867764F94CAFE2D991B23E1B000681C8619E07309C47EB26888B7938B6E,GUEST_CAN_0740,PASS,AttentiveFP,1,random,4,2.9139862060546875
975,66,455,O=C1N(C2)[C@@](N3CN4[C@]5([H])N2C(N(CN6C(N(C7)[C@@](N8CN9[C@]%10(C)N7C(N(CC%11=C%12C(OCCCS(=O)(O[Na])=O)=CC=C%11OCCCS(=O)(O[Na])=O)[C@]%10(C)N(C%12)C9=O)=O)([H])[C@]6([H])N%13C8=O)=O)[C@]5([H])N(C%13)C4=O)=O)(C)[C@@]%14(C)N1CC%15=C(OCCCS(=O)(O[Na])=O)C=CC(OCCCS(=O)(O[Na])=O)=C%15CN%14C3=O,CN1CCC2=CC(=C3C=C2C1CC4=CC=C(C=C4)OC5=C6C(CC7=CC(=C(C=C7)O)O3)[N+](CCC6=CC(=C5O)OC)(C)C)OC,cucurbituril,5.672100067138672,C[C@]12N3Cc4c(OCCCS(=O)(=O)[O][Na])ccc(OCCCS(=O)(=O)[O][Na])c4CN1C(=O)N1CN4C(=O)N5CN6C(=O)N7CN8C(=O)N9Cc%10c(OCCCS(=O)(=O)[O][Na])ccc(OCCCS(=O)(=O)[O][Na])c%10CN%10C(=O)N(CN%11C(=O)N(CN%12C(=O)N(CN(C3=O)[C@]12C)[C@@H]4[C@H]%125)[C@@H]6[C@H]%117)[C@]8(C)[C@@]9%10C,B0B6F4791435866F75671253874506D0002CE2D2DEBD31C6E0C5946D874F1D29,HOST_CAN_0085,PASS,COc1cc2c3cc1Oc1cc(ccc1O)CC1c4c(cc(OC)c(O)c4Oc4ccc(cc4)CC3N(C)CC2)CC[N+]1(C)C,1B7223C084CB85DD588388BA262115F08AB957FB0FAD473D2ADB5CCD9CBE51FB,GUEST_CAN_0481,PASS,AttentiveFP,1,random,4,6.5363311767578125
976,9,487,[O-]C(=O)COc1ccc2c3c1CNC(=O)c1c(OCC(=O)[O-])ccc4c1ccc1c4C4CC(O1)Oc1c4c4ccc(c(C(=O)NCc5c6c(c7C8c2c(cc3)OC(C8)Oc7cc6)ccc5OCC(=O)[O-])c4cc1)OCC(=O)[O-].[NH4+].[NH4+].[NH4+].[NH4+],C1=CSC=C1,other,3.3148999214172363,O=C([O-])COc1ccc2c3c4ccc2c1CNC(=O)c1c(OCC(=O)[O-])ccc2c5c(ccc12)OC1CC5c2c(ccc5c(c(OCC(=O)[O-])ccc25)C(=O)NCc2c(OCC(=O)[O-])ccc5c6c(ccc25)OC(CC36)O4)O1.[NH4+].[NH4+].[NH4+].[NH4+],7D3830C6A6E10F82EEBCC3ED68B861BB21ED63B1DDB277580F3032527E5A1183,HOST_CAN_0139,PASS,c1ccsc1,5EE447CCF47CDA955DE9EE6F0CB99690E04D23B3BB5646E8372DD424DCBCDE12,GUEST_CAN_1149,PASS,AttentiveFP,1,random,4,3.186203956604004
990,11,648,C1N2C3C4N(C2=O)CN5C6C7N(C5=O)CN8C9C2N(C8=O)CN5C8C%10N(C5=O)CN5C%11C%12N(C5=O)CN5C%13C%14N(C5=O)CN5C%15C%16N(C5=O)CN5C%17C(N1C5=O)N1CN3C(=O)N4CN6C(=O)N7CN9C(=O)N2CN8C(=O)N%10CN%11C(=O)N%12CN%13C(=O)N%14CN%15C(=O)N%16CN%17C1=O,CC(=C)C1CC2=C(O1)C=CC3=C2OC4COC5=CC(=C(C=C5C4C3=O)OC)OC,cucurbituril,3.6812000274658203,O=C1N2CN3C(=O)N4CN5C(=O)N6CN7C(=O)N8CN9C(=O)N%10CN%11C(=O)N%12CN%13C(=O)N%14CN%15C(=O)N%16CN1C1C2N2CN%17C(=O)N(CN%18C(=O)N(CN%19C(=O)N(CN%20C(=O)N(CN%21C(=O)N(CN%22C(=O)N(CN%23C(=O)N(CN1C2=O)C%16C%15%23)C%14C%13%22)C%12C%11%21)C%10C9%20)C8C7%19)C6C5%18)C4C3%17,E82CB7F52437B0147F435E3074F006752062FF8924E87C1DAF3210D182FF633B,HOST_CAN_0143,PASS,C=C(C)C1Cc2c(ccc3c2OC2COc4cc(OC)c(OC)cc4C2C3=O)O1,F740643AE55302221CA3D9B114AE43BAF8ECFC31C5D06F6FC6C2FC1CBD5498B2,GUEST_CAN_0043,PASS,AttentiveFP,1,random,4,6.694310188293457
998,11,654,C1N2C3C4N(C2=O)CN5C6C7N(C5=O)CN8C9C2N(C8=O)CN5C8C%10N(C5=O)CN5C%11C%12N(C5=O)CN5C%13C%14N(C5=O)CN5C%15C%16N(C5=O)CN5C%17C(N1C5=O)N1CN3C(=O)N4CN6C(=O)N7CN9C(=O)N2CN8C(=O)N%10CN%11C(=O)N%12CN%13C(=O)N%14CN%15C(=O)N%16CN%17C1=O,F[P-](F)(F)(F)(F)F.[CH-]1C=CC=C1.[CH-]1C=CC=C1.[Co+2],cucurbituril,8.278800010681152,O=C1N2CN3C(=O)N4CN5C(=O)N6CN7C(=O)N8CN9C(=O)N%10CN%11C(=O)N%12CN%13C(=O)N%14CN%15C(=O)N%16CN1C1C2N2CN%17C(=O)N(CN%18C(=O)N(CN%19C(=O)N(CN%20C(=O)N(CN%21C(=O)N(CN%22C(=O)N(CN%23C(=O)N(CN1C2=O)C%16C%15%23)C%14C%13%22)C%12C%11%21)C%10C9%20)C8C7%19)C6C5%18)C4C3%17,E82CB7F52437B0147F435E3074F006752062FF8924E87C1DAF3210D182FF633B,HOST_CAN_0143,PASS,F[P-](F)(F)(F)(F)F.[Co+2].c1cc[cH-]c1.c1cc[cH-]c1,9D8127FBE5741AD3C8477D88DA086802A797DF8E3C2F4598D05D92562BF7F155,GUEST_CAN_0709,PASS,AttentiveFP,1,random,4,9.573383331298828
1004,1,658,C1C2=CC(=CC(=C2O)CC3=CC(=CC(=C3O)CC4=C(C(=CC(=C4)S(=O)(=O)O)CC5=C(C1=CC(=C5)S(=O)(=O)O)O)O)S(=O)(=O)O)S(=O)(=O)O,CC[N+](CC)(CC)CC1=CC=CC=C1,calixarene,4.500100135803223,O=S(=O)(O)c1cc2c(O)c(c1)Cc1cc(S(=O)(=O)O)cc(c1O)Cc1cc(S(=O)(=O)O)cc(c1O)Cc1cc(S(=O)(=O)O)cc(c1O)C2,C1130CCDC8DA0C6458EF6C2E07E7F3330D8F8B055CBE4DEAADB70DC00C8CDFC1,HOST_CAN_0154,PASS,CC[N+](CC)(CC)Cc1ccccc1,D3082D17492ADECD8DFE6B302C61BEF55BEECCF7C5432D2FDC812E354CDD2BE4,GUEST_CAN_0376,PASS,AttentiveFP,1,random,4,3.302340030670166
1006,32,260,OC(=O)c1ccc(cc1)N=Nc1cc2Cc3cc(N=Nc4ccc(cc4)C(=O)O)cc(c3O)Cc3cc(cc(Cc4c(c(Cc(c1)c2O)cc(N=Nc1ccc(cc1)C(=O)O)c4)O)c3O)/N=N/c1ccc(cc1)C(=O)O,C1CCC(C(C1)[NH-])[NH-].C(=O)(C(=O)[O-])[O-].[Pt+4],calixarene,4.431399822235107,O=C(O)c1ccc(N=Nc2cc3c(O)c(c2)Cc2cc(N=Nc4ccc(C(=O)O)cc4)cc(c2O)Cc2cc(/N=N/c4ccc(C(=O)O)cc4)cc(c2O)Cc2cc(N=Nc4ccc(C(=O)O)cc4)cc(c2O)C3)cc1,5B585DBFF951CBB98E465DBECF308ACBE2EAF8773CE9C58156BE700CBB287248,HOST_CAN_0134,PASS,O=C([O-])C(=O)[O-].[NH-]C1CCCCC1[NH-].[Pt+4],0CDD95870040990434C583DE9E1CAA6F0E585FA27432CAAE3DAE2F8D1B0F1A60,GUEST_CAN_0893,PASS,AttentiveFP,1,random,4,5.6598591804504395
1007,32,659,OC(=O)c1ccc(cc1)N=Nc1cc2Cc3cc(N=Nc4ccc(cc4)C(=O)O)cc(c3O)Cc3cc(cc(Cc4c(c(Cc(c1)c2O)cc(N=Nc1ccc(cc1)C(=O)O)c4)O)c3O)/N=N/c1ccc(cc1)C(=O)O,C(C)[C@]1(C(OCC=2C(N3CC=4C=C5C=C(C=CC5=NC4C3=CC12)O)=O)=O)O,calixarene,5.041399955749512,O=C(O)c1ccc(N=Nc2cc3c(O)c(c2)Cc2cc(N=Nc4ccc(C(=O)O)cc4)cc(c2O)Cc2cc(/N=N/c4ccc(C(=O)O)cc4)cc(c2O)Cc2cc(N=Nc4ccc(C(=O)O)cc4)cc(c2O)C3)cc1,5B585DBFF951CBB98E465DBECF308ACBE2EAF8773CE9C58156BE700CBB287248,HOST_CAN_0134,PASS,CC[C@@]1(O)C(=O)OCc2c1cc1n(c2=O)Cc2cc3cc(O)ccc3nc2-1,9928DD20B2A19BEB9F12C2BF25A444C73D6D7308F74C3D66C50B5EA06713B7AB,GUEST_CAN_0370,PASS,AttentiveFP,1,random,4,6.816218852996826
1020,8,477,C1N2C3C4N(C2=O)CN5C6C7N(C5=O)CN8C9C2N(C8=O)CN5C8C%10N(C5=O)CN5C%11C%12N(C5=O)CN5C%13C(N1C5=O)N1CN3C(=O)N4CN6C(=O)N7CN9C(=O)N2CN8C(=O)N%10CN%11C(=O)N%12CN%13C1=O,C1=CC=C(C=C1)CC(C(=O)O)N,cucurbituril,3.1600000858306885,O=C1N2CN3C(=O)N4CN5C(=O)N6CN7C(=O)N8CN9C(=O)N%10CN%11C(=O)N%12CN1C1C2N2CN%13C(=O)N(CN%14C(=O)N(CN%15C(=O)N(CN%16C(=O)N(CN%17C(=O)N(CN1C2=O)C%12C%11%17)C%10C9%16)C8C7%15)C6C5%14)C4C3%13,2526C525F966BEE6CB589BBB60C9F4124C02584847747BDAFF4E92B4462536E8,HOST_CAN_0149,PASS,NC(Cc1ccccc1)C(=O)O,4B6B1236F1C31D28D9F95F736FF46B2960AFF4F6FCE3D9E76CF43DE2ADDE8B08,GUEST_CAN_0746,PASS,AttentiveFP,1,random,4,2.675602674484253
1022,110,641,O=S(OC1=C(CC2=C(OS(=O)([O-])=O)C=C(CC3=C(OS(=O)([O-])=O)C=C(CC4=C(OS(=O)([O-])=O)C=C(CC5=CC(OS(=O)([O-])=O)=C(CC6=C(OS(=O)([O-])=O)C=C(C7)C(OS(=O)([O-])=O)=C6)C=C5OS(=O)([O-])=O)C(OS(=O)([O-])=O)=C4)C(OS(=O)([O-])=O)=C3)C(OS(=O)([O-])=O)=C2)C=C(OS(=O)([O-])=O)C(CC8=CC(OS(=O)([O-])=O)=C7C=C8OS(=O)([O-])=O)=C1)([O-])=O.[Na+].[Na+].[Na+].[Na+].[Na+].[Na+].[Na+].[Na+].[Na+].[Na+].[Na+].[Na+].[Na+].[Na+],C[N+](CCCC[N+](C)(C)C)(C)C.[I-].[I-],pillararene,6.214799880981445,O=S(=O)([O-])Oc1cc2c(OS(=O)(=O)[O-])cc1Cc1cc(OS(=O)(=O)[O-])c(cc1OS(=O)(=O)[O-])Cc1cc(OS(=O)(=O)[O-])c(cc1OS(=O)(=O)[O-])Cc1cc(OS(=O)(=O)[O-])c(cc1OS(=O)(=O)[O-])Cc1cc(OS(=O)(=O)[O-])c(cc1OS(=O)(=O)[O-])Cc1cc(OS(=O)(=O)[O-])c(cc1OS(=O)(=O)[O-])Cc1cc(OS(=O)(=O)[O-])c(cc1OS(=O)(=O)[O-])C2.[Na+].[Na+].[Na+].[Na+].[Na+].[Na+].[Na+].[Na+].[Na+].[Na+].[Na+].[Na+].[Na+].[Na+],363823965269421105355BE85F9BFA79372256835F74963F23DB34F5AAE9E20B,HOST_CAN_0162,PASS,C[N+](C)(C)CCCC[N+](C)(C)C.[I-].[I-],0961B23269B09D0945FF55113CA3F7A39C98B181CCB0375A4E45EFAF61A5AF3F,GUEST_CAN_0566,PASS,AttentiveFP,1,random,4,6.338066577911377
1028,63,193,Oc1c2Cc3cc(cc(c3O)Cc3cc(cc(c3O)Cc3cc(cc(c3O)Cc3cc(cc(Cc4c(c(Cc5c(c(Cc6c(c(Cc1cc(c2)S(=O)(=O)[O-])cc(c6)S(=O)(=O)[O-])O)cc(c5)S(=O)(=O)[O-])O)cc(c4)S(=O)(=O)[O-])O)c3O)S(=O)(=O)[O-])S(=O)(=O)[O-])S(=O)(=O)[O-])S(=O)(=O)[O-],O=C(OCCCC)C1=CC=CC=C1C(C2=CC=C(N(CC)CC)C=C2O3)=C(C=C/4)C3=CC4=[N+](CC)\CC,calixarene,4.631999969482422,O=S(=O)([O-])c1cc2c(O)c(c1)Cc1cc(S(=O)(=O)[O-])cc(c1O)Cc1cc(S(=O)(=O)[O-])cc(c1O)Cc1cc(S(=O)(=O)[O-])cc(c1O)Cc1cc(S(=O)(=O)[O-])cc(c1O)Cc1cc(S(=O)(=O)[O-])cc(c1O)Cc1cc(S(=O)(=O)[O-])cc(c1O)Cc1cc(S(=O)(=O)[O-])cc(c1O)C2,3C24C9B25872FE0768A640DF44D242D9AEC5F3FA9C167A457997BAE8D628FFF1,HOST_CAN_0166,PASS,CCCCOC(=O)c1ccccc1-c1c2ccc(=[N+](CC)CC)cc-2oc2cc(N(CC)CC)ccc12,6ABF93E22B781100842BF1EFD6E3AD46FB805AD371C665171C9FD4F38F91728F,GUEST_CAN_0313,PASS,AttentiveFP,1,random,4,4.292063236236572
1033,87,671,CCCCOc1c(OCCCC)c2COCc3c(OCCCC)c(OCCCC)c(c4c3cccc4)COCc3c(c(c(COCc4c(c(c(COCc1c1c2cccc1)c1ccccc41)OCCCC)OCCCC)c1c3cccc1)OCCCC)OCCCC,C(C)(C)(C)C1=CC=C(C[N+](CC2=CC=C(C=C2)C(C)(C)C)(C)C)C=C1,other,4.361700057983398,CCCCOc1c(OCCCC)c2c3ccccc3c1COCc1c(OCCCC)c(OCCCC)c(c3ccccc13)COCc1c(OCCCC)c(OCCCC)c(c3ccccc13)COCc1c(OCCCC)c(OCCCC)c(c3ccccc13)COC2,A699E12937358A216FBA45A53678131D8F7DBBB042BA5E7F52621C78F0465945,HOST_CAN_0031,PASS,CC(C)(C)c1ccc(C[N+](C)(C)Cc2ccc(C(C)(C)C)cc2)cc1,A56AC3EDBC47667288FA5FCD405BCD965262FED2BB249A589B34327F55909478,GUEST_CAN_0118,PASS,AttentiveFP,1,random,4,5.356327533721924
1040,48,674,[Na]OS(=O)(=O)CCCOc1c2CN3C(=O)N4[C@]5([C@@]3(N(Cc2c(c2c1cccc2)OCCCS(=O)(=O)O[Na])C(=O)N5CN1[C@@]2(N(C4)C(=O)N3[C@]2(C)N(C1=O)Cc1c(C3)c(OCCCS(=O)(=O)O[Na])c2c(c1OCCCS(=O)(=O)O[Na])cccc2)C)C)C,C1=CC=C2C(=C1)C=C3C=CC=CC3=N2,other,4.037399768829346,C[C@]12N3Cc4c(c(OCCCS(=O)(=O)[O][Na])c5ccccc5c4OCCCS(=O)(=O)[O][Na])CN1C(=O)N1CN4C(=O)N5Cc6c(c(OCCCS(=O)(=O)[O][Na])c7ccccc7c6OCCCS(=O)(=O)[O][Na])CN6C(=O)N(CN(C3=O)[C@]12C)[C@]4(C)[C@@]56C,D18B807A904C56B05E199911FB10FFB774349CC49BBD32D2EFAFF4C892BA649F,HOST_CAN_0090,PASS,c1ccc2nc3ccccc3cc2c1,F08DBC8E15EE95F3C572CC08D88C6492869471C7E2E8A3300EA946A395F7CD88,GUEST_CAN_1142,PASS,AttentiveFP,1,random,4,3.651693105697632
1046,35,114,[O-]P(=O)(Oc1c2c(c(c3c1C1CC3c3c1cc1c(c3)C3CC1c1c3cccc1)OP(=O)(C)[O-])C1CC2c2c1cc1c(c2)C2CC1c1c2cccc1)C.[Li+].[Li+],C1=CC(=C(C=C1CCN)O)O.Cl,other,2.9911999702453613,CP(=O)([O-])Oc1c2c(c(OP(C)(=O)[O-])c3c1C1CC3c3cc4c(cc31)C1CC4c3ccccc31)C1CC2c2cc3c(cc21)C1CC3c2ccccc21.[Li+].[Li+],0523E219D88C79C8FF3952D24ADDE3A68E28198CE5EE5C77D8FECF429412627C,HOST_CAN_0082,PASS,Cl.NCCc1ccc(O)c(O)c1,3F79E9799FBBC5EB4B4CED2B038F192B77EBCD775815447FBD52E31EB152AD2D,GUEST_CAN_0690,PASS,AttentiveFP,1,random,4,3.0904507637023926
1048,19,521,O=C1N(CC4=CC=C(C(O)=O)C=C4)C3C(N(CN%21C%20=O)C(N3CN(C(N7CN(C(N%11CN(C(N%15CN(C(N%19CN%20C%23C%21N(CC%25=CC=C(C(O)=O)C=C%25)C(N%23CC%24=CC=C(C(O)=O)C=C%24)=O)=O)C%17C%19N(CC%22=CC=C(C(O)=O)C=C%22)C(N%17CC%18=CC=C(C(O)=O)C=C%18)=O)=O)C%13C%15N(CC%16=CC=C(C(O)=O)C=C%16)C(N%13CC%14=CC=C(C(O)=O)C=C%14)=O)=O)C9C%11N(CC%12=CC=C(C(O)=O)C=C%12)C(N9CC%10=CC=C(C(O)=O)C=C%10)=O)=O)C5C7N(CC8=CC=C(C(O)=O)C=C8)C(N5CC6=CC=C(C(O)=O)C=C6)=O)=O)N1CC2=CC=C(C(O)=O)C=C2,[Cl-],other,2.7804999351501465,O=C(O)c1ccc(CN2C(=O)N(Cc3ccc(C(=O)O)cc3)C3C2N2CN4C(=O)N(CN5C(=O)N(CN6C(=O)N(CN7C(=O)N(CN8C(=O)N(CN3C2=O)C2C8N(Cc3ccc(C(=O)O)cc3)C(=O)N2Cc2ccc(C(=O)O)cc2)C2C7N(Cc3ccc(C(=O)O)cc3)C(=O)N2Cc2ccc(C(=O)O)cc2)C2C6N(Cc3ccc(C(=O)O)cc3)C(=O)N2Cc2ccc(C(=O)O)cc2)C2C5N(Cc3ccc(C(=O)O)cc3)C(=O)N2Cc2ccc(C(=O)O)cc2)C2C4N(Cc3ccc(C(=O)O)cc3)C(=O)N2Cc2ccc(C(=O)O)cc2)cc1,5BFAE42297A9EBC8CE307175405F2DA12222FDEAA2AA87FF2D5843CBEC077A9C,HOST_CAN_0133,PASS,[Cl-],21C8D33686776387B6A57D02C12EDC885AFA97A58E90478063570CDACEDA8054,GUEST_CAN_1022,PASS,AttentiveFP,1,random,4,4.538623809814453
1053,8,133,C1N2C3C4N(C2=O)CN5C6C7N(C5=O)CN8C9C2N(C8=O)CN5C8C%10N(C5=O)CN5C%11C%12N(C5=O)CN5C%13C(N1C5=O)N1CN3C(=O)N4CN6C(=O)N7CN9C(=O)N2CN8C(=O)N%10CN%11C(=O)N%12CN%13C1=O,[Cl-].[Cs+],cucurbituril,5.309599876403809,O=C1N2CN3C(=O)N4CN5C(=O)N6CN7C(=O)N8CN9C(=O)N%10CN%11C(=O)N%12CN1C1C2N2CN%13C(=O)N(CN%14C(=O)N(CN%15C(=O)N(CN%16C(=O)N(CN%17C(=O)N(CN1C2=O)C%12C%11%17)C%10C9%16)C8C7%15)C6C5%14)C4C3%13,2526C525F966BEE6CB589BBB60C9F4124C02584847747BDAFF4E92B4462536E8,HOST_CAN_0149,PASS,[Cl-].[Cs+],92887686B9FCD5D7B4FF9C8AAFE34E6D69DCC3DF4F7D53B23D98EBC2D3E6DDEE,GUEST_CAN_1034,PASS,AttentiveFP,1,random,4,2.9293577671051025
1071,64,684,CCCCOc1cc2COCc3cc(OCCCC)cc4c3cc(OCCCC)cc4COCc3c(OCCCC)ccc4c3ccc(c4COCc3c4c(c(COCc5c(c1)c2cc(c5)OCCCC)c(OCCCC)cc4)ccc3OCCCC)OCCCC,BrC1=C(C[N+](CC2=C(C=CC=C2)Br)(C)C)C=CC=C1,other,2.021199941635132,CCCCOc1cc2c3cc(OCCCC)cc(c3c1)COCc1cc(OCCCC)cc3c(cc(OCCCC)cc13)COCc1c(OCCCC)ccc3c(c(OCCCC)ccc13)COCc1c(OCCCC)ccc3c(c(OCCCC)ccc13)COC2,05C5083FBF551B3C1AE048E85E6B7F5EB796F7835740F408D7B4DF1173E7C142,HOST_CAN_0032,PASS,C[N+](C)(Cc1ccccc1Br)Cc1ccccc1Br,56451328BA87454E38C5DDFE670F9005B23BCB323FC38BC6DDED8608851517F3,GUEST_CAN_0600,PASS,AttentiveFP,1,random,4,5.5860443115234375
1075,142,178,[Na]OS(=O)(=O)CCCc1ccc2c3c1CN1C(=O)N4[C@@]5([C@@]1(C)N(Cc3c(cc2)CCCS(=O)(=O)O[Na])C(=O)N5CN1[C@H]2N(C4)C(=O)N3[C@H]2N(C1=O)CN1[C@H]2N(C3)C(=O)N3[C@H]2N(C1=O)CN1[C@]2(N(C3)C(=O)N3[C@]2(N(C1=O)Cc1c2c(C3)c(CCCS(=O)(=O)O[Na])ccc2ccc1CCCS(=O)(=O)O[Na])C)C)C,C(CCN)CC(C(=O)O)N,cucurbituril,2.5315001010894775,C[C@]12N3Cc4c(CCCS(=O)(=O)[O][Na])ccc5ccc(CCCS(=O)(=O)[O][Na])c(c45)CN1C(=O)N1CN4C(=O)N5CN6C(=O)N7CN8C(=O)N9Cc%10c(CCCS(=O)(=O)[O][Na])ccc%11ccc(CCCS(=O)(=O)[O][Na])c(c%10%11)CN%10C(=O)N(CN%11C(=O)N(CN%12C(=O)N(CN(C3=O)[C@]12C)[C@@H]4[C@H]%125)[C@@H]6[C@H]%117)[C@]8(C)[C@@]9%10C,830BF403FA9E63AA91A49B5FFFE151ED426E5A39758FD44461918B9242146194,HOST_CAN_0084,PASS,NCCCCC(N)C(=O)O,BD55DE8B1F18BBBA0B9FB86FA685E52B4743F1B75F837E0522E8C602B3191BA0,GUEST_CAN_0785,PASS,AttentiveFP,1,random,4,4.322841644287109
1085,141,109,CC(C)(C)C1=CC2=C(C(=C1)CC3=CC(=CC(=C3OCC(=O)OC)CC4=CC(=CC(=C4OCC(=O)OC)CC5=C(C(=CC(=C5)C(C)(C)C)C2)OCC(=O)OC)C(C)(C)C)C(C)(C)C)OCC(=O)OC,C(CC(C(=O)O)N)CN=C(N)N,calixarene,2.544100046157837,COC(=O)COc1c2cc(C(C)(C)C)cc1Cc1cc(C(C)(C)C)cc(c1OCC(=O)OC)Cc1cc(C(C)(C)C)cc(c1OCC(=O)OC)Cc1cc(C(C)(C)C)cc(c1OCC(=O)OC)C2,73B080974E03CCE5E7AF3A160529C27640F25944AB15DBB90917A7E7BD8278A2,HOST_CAN_0054,PASS,NC(N)=NCCCC(N)C(=O)O,0E8C75093E2FC997DA04592D0B5BF85F1497CF3AA52A61C1DE57D4718119AA31,GUEST_CAN_0751,PASS,AttentiveFP,1,random,4,3.498427152633667
1098,129,691,COc1ccc2c(c1OCCOCCOCCOCCn1nnc(c1)COC13N4CN5[C@@H]6N7CN1C(=O)N1C3N(C4=O)CN3C4N(C1)C(=O)N1C4N(C3=O)CN3C4N(C1)C(=O)N1C4N(C3=O)CN3C(=O)N4CN8C(=O)N9CN(C5=O)[C@H]6N(C7=O)CN5[C@@H]9C8N(C5=O)CN5C4C3N(C1)C5=O)c[n+]1c(-c3cc4OCOc4cc3CC1)c2.[Br-],CC12CCC3C(C1CCC2O)CCC4=CC(=O)CCC34,cucurbituril,4.41349983215332,COc1ccc2cc3[n+](cc2c1OCCOCCOCCOCCn1cc(COC24C5N6CN7C(=O)N8CN9C(=O)N%10CN%11C(=O)N%12CN%13C(=O)N%14CN%15C(=O)N(CN2C6=O)[C@H]2[C@@H]%15N6CN%15C(=O)N(CN%16C(=O)N(CN%17C(=O)N(CN%18C(=O)N(CN5C(=O)N4CN2C6=O)C7C8%18)C9C%17%10)C%11C%16%12)C%13[C@@H]%15%14)nn1)CCc1cc2c(cc1-3)OCO2.[Br-],C6028DF2BF6BC14E931358CC886F67DB5852B3C2DAB9FCC4554578A323F6EEF9,HOST_CAN_0081,PASS,CC12CCC3C4CCC(=O)C=C4CCC3C1CCC2O,2B678EE256FDAB3D9570258A6D97B2570421F4F1BEA42377DF7C9D63A33B5947,GUEST_CAN_0231,PASS,AttentiveFP,1,random,4,5.124749660491943
1104,18,700,CC1=C2C3=CC4=C1OC5C6=CC7=CC(=C6)OC8=CC(=CC(=C8)C(=O)O)OC9=CC1=CC(=C9)C6OC8=C(C=C(C4CCC(=O)O)C(=C8C)O5)C(C4=C(O6)C(=C5C(=C4)C(C4=C6C(=C(C(=C4)C3CCC(=O)O)OC(O2)C2=CC(=CC(=C2)OC2=CC(=CC(=C2)C(=O)O)OC2=CC(=CC(=C2)C(O5)O6)OC2=CC(=CC(=C2)C(=O)O)O1)OC1=CC(=CC(=C1)C(=O)O)O7)C)CCC(=O)O)C)CCC(=O)O,CC(CCC(=O)O)C,cavitand,3.9600000381469727,Cc1c2c3cc4c1OC1Oc5c(cc6c(c5C)OC5Oc7c(cc8c(c7C)OC7Oc9c(cc(c(c9C)OC(O2)c2cc9cc(c2)Oc2cc(cc(C(=O)O)c2)Oc2cc(cc7c2)Oc2cc(cc(C(=O)O)c2)Oc2cc(cc5c2)Oc2cc(cc(C(=O)O)c2)Oc2cc(cc1c2)Oc1cc(cc(C(=O)O)c1)O9)C3CCC(=O)O)C8CCC(=O)O)C6CCC(=O)O)C4CCC(=O)O,326FFD4B5C5565D32207155C0B129AE16AFCA7B3342F0DAD815C24AB8DFA8483,HOST_CAN_0099,PASS,CC(C)CCC(=O)O,9DB6A901CBA7308F6BC713C27289E2B99E0C26D6FDDF46C5228D49BD5F44D881,GUEST_CAN_0144,PASS,AttentiveFP,1,random,4,3.8801403045654297
1107,85,360,OC[C@H]1O[C@@H]2O[C@@H]3[C@@H](CO)O[C@H](O[C@@H]4[C@@H](CO)O[C@H](O[C@@H]5[C@@H](CO)O[C@H](O[C@@H]6[C@@H](CO)O[C@H](O[C@@H]7[C@@H](CO)O[C@H](O[C@@H]8[C@@H](CO)O[C@H](O[C@@H]9[C@@H](CO)O[C@H](O[C@H]1[C@H](O)[C@H]2O)[C@H](O)[C@H]9O)[C@H](O)[C@H]8O)[C@H](O)[C@H]7O)[C@H](O)[C@H]6O)[C@H](O)[C@H]5O)[C@H](O)[C@H]4O)[C@H](O)[C@H]3O,CCN(CC)C1=CC2=C(C=C1)N=C3C=CC(=[N+](CC)CC)C=C3O2,cyclodextrin,2.133500099182129,OC[C@H]1O[C@@H]2O[C@H]3[C@H](O)[C@@H](O)[C@@H](O[C@H]4[C@H](O)[C@@H](O)[C@@H](O[C@H]5[C@H](O)[C@@H](O)[C@@H](O[C@H]6[C@H](O)[C@@H](O)[C@@H](O[C@H]7[C@H](O)[C@@H](O)[C@@H](O[C@H]8[C@H](O)[C@@H](O)[C@@H](O[C@H]9[C@H](O)[C@@H](O)[C@@H](O[C@H]1[C@H](O)[C@H]2O)O[C@@H]9CO)O[C@@H]8CO)O[C@@H]7CO)O[C@@H]6CO)O[C@@H]5CO)O[C@@H]4CO)O[C@@H]3CO,4E4982FCAA8A96CE9D40EDC97C9574B542F86F2BEB463ECAA6DCE3670D2F9B83,HOST_CAN_0177,PASS,CCN(CC)c1ccc2nc3ccc(=[N+](CC)CC)cc-3oc2c1,066F3D1B32F1748B3B78FD889501761911247912358CB368BEF1B1090F720B3D,GUEST_CAN_0355,PASS,AttentiveFP,1,random,4,2.4522480964660645
1111,2,156,C1N2C3C4N(C2=O)CN5C6C7N(C5=O)CN8C9C2N(C8=O)CN5C8C%10N(C5=O)CN5C%11C(N1C5=O)N1CN3C(=O)N4CN6C(=O)N7CN9C(=O)N2CN8C(=O)N%10CN%11C1=O,[Xe],cucurbituril,3.939500093460083,O=C1N2CN3C(=O)N4CN5C(=O)N6CN7C(=O)N8CN9C(=O)N%10CN1C1C2N2CN%11C(=O)N(CN%12C(=O)N(CN%13C(=O)N(CN%14C(=O)N(CN1C2=O)C%10C9%14)C8C7%13)C6C5%12)C4C3%11,EE085DEDB538468744A3EBDAC86A0BF01B424E1C1BBF9C3E804B43220B2C1DDA,HOST_CAN_0150,PASS,[Xe],463C698387C428389929BF1416FF8D357192FAE637E5A26BA0E54A16E2EDDA63,GUEST_CAN_1116,PASS,AttentiveFP,1,random,4,3.4737095832824707
1112,23,477,OC[C@H]1O[C@@H]2O[C@@H]3[C@@H](CO)O[C@H](O[C@@H]4[C@@H](CO)O[C@H](O[C@@H]5[C@@H](CO)O[C@H](O[C@@H]6[C@@H](CO)O[C@H](O[C@@H]7[C@@H](CO)O[C@H](O[C@H]1[C@H](O)[C@H]2O)[C@H](O)[C@H]7O)[C@H](O)[C@H]6O)[C@H](O)[C@H]5O)[C@H](O)[C@H]4O)[C@H](O)[C@H]3O,C1=CC=C(C=C1)CC(C(=O)O)N,cyclodextrin,2.409899950027466,OC[C@H]1O[C@@H]2O[C@H]3[C@H](O)[C@@H](O)[C@@H](O[C@H]4[C@H](O)[C@@H](O)[C@@H](O[C@H]5[C@H](O)[C@@H](O)[C@@H](O[C@H]6[C@H](O)[C@@H](O)[C@@H](O[C@H]7[C@H](O)[C@@H](O)[C@@H](O[C@H]1[C@H](O)[C@H]2O)O[C@@H]7CO)O[C@@H]6CO)O[C@@H]5CO)O[C@@H]4CO)O[C@@H]3CO,9CB41F926A4386D7C0E23599753E6EDC60802BE1DCF577DB9B32CBB20691DB1D,HOST_CAN_0175,PASS,NC(Cc1ccccc1)C(=O)O,4B6B1236F1C31D28D9F95F736FF46B2960AFF4F6FCE3D9E76CF43DE2ADDE8B08,GUEST_CAN_0746,PASS,AttentiveFP,1,random,4,2.034576892852783
1113,45,497,C1C2=CC(=CC=C2)CC3=CC(=CC=C3)CC4=CC=CC(=C4)CC5=CC=CC1=C5,C1CC2CC1N=N2,calixarene,2.6810998916625977,c1cc2cc(c1)Cc1cccc(c1)Cc1cccc(c1)Cc1cccc(c1)C2,001BA14F081450375618B4DEC192A3633931B27A166EE11658CCCBFAB45E327F,HOST_CAN_0183,PASS,C1CC2CC1N=N2,A2496E9CCE3928D5E2403BB21D4F1D008596E587754FBC1A3268F4A4C1D0C131,GUEST_CAN_0020,PASS,AttentiveFP,1,random,4,3.7367312908172607
1120,18,428,CC1=C2C3=CC4=C1OC5C6=CC7=CC(=C6)OC8=CC(=CC(=C8)C(=O)O)OC9=CC1=CC(=C9)C6OC8=C(C=C(C4CCC(=O)O)C(=C8C)O5)C(C4=C(O6)C(=C5C(=C4)C(C4=C6C(=C(C(=C4)C3CCC(=O)O)OC(O2)C2=CC(=CC(=C2)OC2=CC(=CC(=C2)C(=O)O)OC2=CC(=CC(=C2)C(O5)O6)OC2=CC(=CC(=C2)C(=O)O)O1)OC1=CC(=CC(=C1)C(=O)O)O7)C)CCC(=O)O)C)CCC(=O)O,FC(S(=O)(=O)[O-])(F)F.[Na+],cavitand,3.14739990234375,Cc1c2c3cc4c1OC1Oc5c(cc6c(c5C)OC5Oc7c(cc8c(c7C)OC7Oc9c(cc(c(c9C)OC(O2)c2cc9cc(c2)Oc2cc(cc(C(=O)O)c2)Oc2cc(cc7c2)Oc2cc(cc(C(=O)O)c2)Oc2cc(cc5c2)Oc2cc(cc(C(=O)O)c2)Oc2cc(cc1c2)Oc1cc(cc(C(=O)O)c1)O9)C3CCC(=O)O)C8CCC(=O)O)C6CCC(=O)O)C4CCC(=O)O,326FFD4B5C5565D32207155C0B129AE16AFCA7B3342F0DAD815C24AB8DFA8483,HOST_CAN_0099,PASS,O=S(=O)([O-])C(F)(F)F.[Na+],07342045B9C55572D8E458E5295B1D6E4E6E29B7DBCAD161C4F57723BA371812,GUEST_CAN_0933,PASS,AttentiveFP,1,random,4,2.8722100257873535
1130,11,712,C1N2C3C4N(C2=O)CN5C6C7N(C5=O)CN8C9C2N(C8=O)CN5C8C%10N(C5=O)CN5C%11C%12N(C5=O)CN5C%13C%14N(C5=O)CN5C%15C%16N(C5=O)CN5C%17C(N1C5=O)N1CN3C(=O)N4CN6C(=O)N7CN9C(=O)N2CN8C(=O)N%10CN%11C(=O)N%12CN%13C(=O)N%14CN%15C(=O)N%16CN%17C1=O,C[N+]1=CC=C(C2=CC(C3=C(C4=C(C)SC(C(C=C5)=CC=[N+]5C)=C4)CCC3)=C(C)S2)C=C1,cucurbituril,7.366199970245361,O=C1N2CN3C(=O)N4CN5C(=O)N6CN7C(=O)N8CN9C(=O)N%10CN%11C(=O)N%12CN%13C(=O)N%14CN%15C(=O)N%16CN1C1C2N2CN%17C(=O)N(CN%18C(=O)N(CN%19C(=O)N(CN%20C(=O)N(CN%21C(=O)N(CN%22C(=O)N(CN%23C(=O)N(CN1C2=O)C%16C%15%23)C%14C%13%22)C%12C%11%21)C%10C9%20)C8C7%19)C6C5%18)C4C3%17,E82CB7F52437B0147F435E3074F006752062FF8924E87C1DAF3210D182FF633B,HOST_CAN_0143,PASS,Cc1sc(-c2cc[n+](C)cc2)cc1C1=C(c2cc(-c3cc[n+](C)cc3)sc2C)CCC1,DE265792A44F30598E499A77826E9FF192ACA2AF59087431025CDC7939D9061E,GUEST_CAN_0676,PASS,AttentiveFP,1,random,4,6.976593971252441
1131,18,459,CC1=C2C3=CC4=C1OC5C6=CC7=CC(=C6)OC8=CC(=CC(=C8)C(=O)O)OC9=CC1=CC(=C9)C6OC8=C(C=C(C4CCC(=O)O)C(=C8C)O5)C(C4=C(O6)C(=C5C(=C4)C(C4=C6C(=C(C(=C4)C3CCC(=O)O)OC(O2)C2=CC(=CC(=C2)OC2=CC(=CC(=C2)C(=O)O)OC2=CC(=CC(=C2)C(O5)O6)OC2=CC(=CC(=C2)C(=O)O)O1)OC1=CC(=CC(=C1)C(=O)O)O7)C)CCC(=O)O)C)CCC(=O)O,[Cl-].C[N+](CCC1=CC=CC=C1)(C)C,cavitand,2.8626999855041504,Cc1c2c3cc4c1OC1Oc5c(cc6c(c5C)OC5Oc7c(cc8c(c7C)OC7Oc9c(cc(c(c9C)OC(O2)c2cc9cc(c2)Oc2cc(cc(C(=O)O)c2)Oc2cc(cc7c2)Oc2cc(cc(C(=O)O)c2)Oc2cc(cc5c2)Oc2cc(cc(C(=O)O)c2)Oc2cc(cc1c2)Oc1cc(cc(C(=O)O)c1)O9)C3CCC(=O)O)C8CCC(=O)O)C6CCC(=O)O)C4CCC(=O)O,326FFD4B5C5565D32207155C0B129AE16AFCA7B3342F0DAD815C24AB8DFA8483,HOST_CAN_0099,PASS,C[N+](C)(C)CCc1ccccc1.[Cl-],8AA21FF0AAB07494D6AF72B69DE8836B282B9381B829638791C80C7E116E05FD,GUEST_CAN_0573,PASS,AttentiveFP,1,random,4,4.654439926147461
1134,48,713,[Na]OS(=O)(=O)CCCOc1c2CN3C(=O)N4[C@]5([C@@]3(N(Cc2c(c2c1cccc2)OCCCS(=O)(=O)O[Na])C(=O)N5CN1[C@@]2(N(C4)C(=O)N3[C@]2(C)N(C1=O)Cc1c(C3)c(OCCCS(=O)(=O)O[Na])c2c(c1OCCCS(=O)(=O)O[Na])cccc2)C)C)C,C/[N+](C)=C1C=C/C(C=C/1)=C(C2=CC=C(N(C)C)C=C2)\C3=CC=C(N(C)C)C=C3.[Cl-],other,4.52370023727417,C[C@]12N3Cc4c(c(OCCCS(=O)(=O)[O][Na])c5ccccc5c4OCCCS(=O)(=O)[O][Na])CN1C(=O)N1CN4C(=O)N5Cc6c(c(OCCCS(=O)(=O)[O][Na])c7ccccc7c6OCCCS(=O)(=O)[O][Na])CN6C(=O)N(CN(C3=O)[C@]12C)[C@]4(C)[C@@]56C,D18B807A904C56B05E199911FB10FFB774349CC49BBD32D2EFAFF4C892BA649F,HOST_CAN_0090,PASS,CN(C)c1ccc(C(=C2C=CC(=[N+](C)C)C=C2)c2ccc(N(C)C)cc2)cc1.[Cl-],196AA30E65C9F36CDFC2FFD641DFAC0E54FBEB822628F9476B975575A078529A,GUEST_CAN_0404,PASS,AttentiveFP,1,random,4,5.484074592590332
1139,1,15,C1C2=CC(=CC(=C2O)CC3=CC(=CC(=C3O)CC4=C(C(=CC(=C4)S(=O)(=O)O)CC5=C(C1=CC(=C5)S(=O)(=O)O)O)O)S(=O)(=O)O)S(=O)(=O)O,[O-]C(=O)CC(C(=O)O)N,calixarene,2.7093000411987305,O=S(=O)(O)c1cc2c(O)c(c1)Cc1cc(S(=O)(=O)O)cc(c1O)Cc1cc(S(=O)(=O)O)cc(c1O)Cc1cc(S(=O)(=O)O)cc(c1O)C2,C1130CCDC8DA0C6458EF6C2E07E7F3330D8F8B055CBE4DEAADB70DC00C8CDFC1,HOST_CAN_0154,PASS,NC(CC(=O)[O-])C(=O)O,BB5F75F5A9C5B3B73A0A3B7339C8AC7150359761D5C24F8C1D742AB3AA3BCA26,GUEST_CAN_0731,PASS,AttentiveFP,1,random,4,2.7628297805786133
1141,30,56,C1C2=CC(=CC(=C2O)CC3=CC(=CC(=C3O)CC4=CC(=CC(=C4O)CC5=C(C(=CC(=C5)S(=O)(=O)[O-])CC6=C(C(=CC(=C6)S(=O)(=O)[O-])CC7=C(C1=CC(=C7)S(=O)(=O)[O-])O)O)O)S(=O)(=O)[O-])S(=O)(=O)[O-])S(=O)(=O)[O-],CCCC(C(=O)O)N,calixarene,2.539099931716919,O=S(=O)([O-])c1cc2c(O)c(c1)Cc1cc(S(=O)(=O)[O-])cc(c1O)Cc1cc(S(=O)(=O)[O-])cc(c1O)Cc1cc(S(=O)(=O)[O-])cc(c1O)Cc1cc(S(=O)(=O)[O-])cc(c1O)Cc1cc(S(=O)(=O)[O-])cc(c1O)C2,175E9D01D3A7DD7BE73E9B8659E8BAA0A16B2D5C4CCEFE3BEFED10121429BF10,HOST_CAN_0164,PASS,CCCC(N)C(=O)O,81F3215F9F46874A7436620E7AD92167936CF997FB3F203D4397A018C4B56861,GUEST_CAN_0268,PASS,AttentiveFP,1,random,4,2.84865403175354
1144,112,456,CC(C)(C)C1=CC(=C(C=C1)NC(=O)NC2=CC=C(C=C2)OC)C#CC3=CC(=CC(=C3)Cl)C#CC4=C(C=CC(=C4)C(C)(C)C)NC(=O)NC5=CC=C(C=C5)OC,[N+](=O)([O-])[O-].C(CCC)[N+](CCCC)(CCCC)CCCC,other,3.7418999671936035,COc1ccc(NC(=O)Nc2ccc(C(C)(C)C)cc2C#Cc2cc(Cl)cc(C#Cc3cc(C(C)(C)C)ccc3NC(=O)Nc3ccc(OC)cc3)c2)cc1,6714985C95FB4721F34200A13D77E1BF78C94A1DBA43CA1FDFE94E15E6C48A18,HOST_CAN_0075,PASS,CCCC[N+](CCCC)(CCCC)CCCC.O=[N+]([O-])[O-],6D4B26D3D683A1392C95388B8B9856D8C2F81515BE0ED5278F99FF88C33B25A7,GUEST_CAN_0315,PASS,AttentiveFP,1,random,4,3.7063632011413574
1152,48,719,[Na]OS(=O)(=O)CCCOc1c2CN3C(=O)N4[C@]5([C@@]3(N(Cc2c(c2c1cccc2)OCCCS(=O)(=O)O[Na])C(=O)N5CN1[C@@]2(N(C4)C(=O)N3[C@]2(C)N(C1=O)Cc1c(C3)c(OCCCS(=O)(=O)O[Na])c2c(c1OCCCS(=O)(=O)O[Na])cccc2)C)C)C,[NH3+]Cc1cccc(c1)C[NH3+].[Cl-].[Cl-],other,2.439300060272217,C[C@]12N3Cc4c(c(OCCCS(=O)(=O)[O][Na])c5ccccc5c4OCCCS(=O)(=O)[O][Na])CN1C(=O)N1CN4C(=O)N5Cc6c(c(OCCCS(=O)(=O)[O][Na])c7ccccc7c6OCCCS(=O)(=O)[O][Na])CN6C(=O)N(CN(C3=O)[C@]12C)[C@]4(C)[C@@]56C,D18B807A904C56B05E199911FB10FFB774349CC49BBD32D2EFAFF4C892BA649F,HOST_CAN_0090,PASS,[Cl-].[Cl-].[NH3+]Cc1cccc(C[NH3+])c1,3AA689D61D7DCE957AD8C4C1AF76203B5ADCC3284A07EC28B4250D2BF276B5B6,GUEST_CAN_1032,PASS,AttentiveFP,1,random,4,3.668473482131958
1153,69,720,NCCN1C=C(N=N1)COC(C=C2)=C(CNCC3=C(OCC(N=N4)=CN4CCN)C=CC5=C3C=C6)C7=C2C8=C(C=C7)OC9CC8C%10=C(O9)C=CC%11=C%10C=CC(OCC(N=N%12)=CN%12CCN)=C%11CNCC%13=C(OCC(N=N%14)=CN%14CCN)C=CC%15=C%13C=CC(O%16)=C%15C%17C5=C6OC%16C%17,C1(CC=CCC1)C(=O)O,other,2.841399908065796,NCCn1cc(COc2ccc3c4c5ccc3c2CNCc2c(OCc3cn(CCN)nn3)ccc3c6c(ccc23)OC2CC6c3c(ccc6c(c(OCc7cn(CCN)nn7)ccc36)CNCc3c(OCc6cn(CCN)nn6)ccc6c7c(ccc36)OC(CC47)O5)O2)nn1,E69AC36986BDADC1E5A61FE9021251B6D5437DB096F231021CE94D055FF4BCBF,HOST_CAN_0113,PASS,O=C(O)C1CC=CCC1,D956A52F2F67561653EEB6288B689FADD8FBF2B188316676381F62D1EA31A5B3,GUEST_CAN_0865,PASS,AttentiveFP,1,random,4,3.5172767639160156
1155,11,721,C1N2C3C4N(C2=O)CN5C6C7N(C5=O)CN8C9C2N(C8=O)CN5C8C%10N(C5=O)CN5C%11C%12N(C5=O)CN5C%13C%14N(C5=O)CN5C%15C%16N(C5=O)CN5C%17C(N1C5=O)N1CN3C(=O)N4CN6C(=O)N7CN9C(=O)N2CN8C(=O)N%10CN%11C(=O)N%12CN%13C(=O)N%14CN%15C(=O)N%16CN%17C1=O,FC=1C=C(C[N+]2=CN(C=C2)C=C)C=C(C1F)F,cucurbituril,5.993100166320801,O=C1N2CN3C(=O)N4CN5C(=O)N6CN7C(=O)N8CN9C(=O)N%10CN%11C(=O)N%12CN%13C(=O)N%14CN%15C(=O)N%16CN1C1C2N2CN%17C(=O)N(CN%18C(=O)N(CN%19C(=O)N(CN%20C(=O)N(CN%21C(=O)N(CN%22C(=O)N(CN%23C(=O)N(CN1C2=O)C%16C%15%23)C%14C%13%22)C%12C%11%21)C%10C9%20)C8C7%19)C6C5%18)C4C3%17,E82CB7F52437B0147F435E3074F006752062FF8924E87C1DAF3210D182FF633B,HOST_CAN_0143,PASS,C=Cn1cc[n+](Cc2cc(F)c(F)c(F)c2)c1,A1E3CC74557A5DD91E4C1D22670545A1741CACA6A7D80A5F37674B09C3BD912A,GUEST_CAN_0057,PASS,AttentiveFP,1,random,4,5.993436813354492
1156,3,291,OC[C@H]1O[C@@H]2O[C@@H]3[C@@H](CO)O[C@H](O[C@@H]4[C@@H](CO)O[C@H](O[C@@H]5[C@@H](CO)O[C@H](O[C@@H]6[C@@H](CO)O[C@H](O[C@@H]7[C@@H](CO)O[C@H](O[C@@H]8[C@@H](CO)O[C@H](O[C@H]1[C@H](O)[C@H]2O)[C@H](O)[C@H]8O)[C@H](O)[C@H]7O)[C@H](O)[C@H]6O)[C@H](O)[C@H]5O)[C@H](O)[C@H]4O)[C@H](O)[C@H]3O,CC(CBr)C(=O)OC,cyclodextrin,2.41759991645813,OC[C@H]1O[C@@H]2O[C@H]3[C@H](O)[C@@H](O)[C@@H](O[C@H]4[C@H](O)[C@@H](O)[C@@H](O[C@H]5[C@H](O)[C@@H](O)[C@@H](O[C@H]6[C@H](O)[C@@H](O)[C@@H](O[C@H]7[C@H](O)[C@@H](O)[C@@H](O[C@H]8[C@H](O)[C@@H](O)[C@@H](O[C@H]1[C@H](O)[C@H]2O)O[C@@H]8CO)O[C@@H]7CO)O[C@@H]6CO)O[C@@H]5CO)O[C@@H]4CO)O[C@@H]3CO,22584443D9512992310760C9871E3E6BDB3EDC92006F3EF1EC94F44373907EB1,HOST_CAN_0176,PASS,COC(=O)C(C)CBr,5640F037C1252373217D10D5980BCA1FB5C97C9612315CC9B7557CECE3695E25,GUEST_CAN_0434,PASS,AttentiveFP,1,random,4,2.1344099044799805
1159,3,677,OC[C@H]1O[C@@H]2O[C@@H]3[C@@H](CO)O[C@H](O[C@@H]4[C@@H](CO)O[C@H](O[C@@H]5[C@@H](CO)O[C@H](O[C@@H]6[C@@H](CO)O[C@H](O[C@@H]7[C@@H](CO)O[C@H](O[C@@H]8[C@@H](CO)O[C@H](O[C@H]1[C@H](O)[C@H]2O)[C@H](O)[C@H]8O)[C@H](O)[C@H]7O)[C@H](O)[C@H]6O)[C@H](O)[C@H]5O)[C@H](O)[C@H]4O)[C@H](O)[C@H]3O,COC(=O)C(CC1=CC=CC=C1)N.Cl,cyclodextrin,1.0426000356674194,OC[C@H]1O[C@@H]2O[C@H]3[C@H](O)[C@@H](O)[C@@H](O[C@H]4[C@H](O)[C@@H](O)[C@@H](O[C@H]5[C@H](O)[C@@H](O)[C@@H](O[C@H]6[C@H](O)[C@@H](O)[C@@H](O[C@H]7[C@H](O)[C@@H](O)[C@@H](O[C@H]8[C@H](O)[C@@H](O)[C@@H](O[C@H]1[C@H](O)[C@H]2O)O[C@@H]8CO)O[C@@H]7CO)O[C@@H]6CO)O[C@@H]5CO)O[C@@H]4CO)O[C@@H]3CO,22584443D9512992310760C9871E3E6BDB3EDC92006F3EF1EC94F44373907EB1,HOST_CAN_0176,PASS,COC(=O)C(N)Cc1ccccc1.Cl,5B454B834096BEA4462AF0D7BC5F9A29834DF09F8A7C6253461317B88450D71A,GUEST_CAN_0443,PASS,AttentiveFP,1,random,4,2.2067508697509766
1162,108,723,O=C1N2CN3C(=O)N4C5C3N3CN6C2C2N1CN1C(=O)N7C8C1N(CN2C6=O)C(=O)N8CN1[C@H]2N(C7)C(=O)N6C2N(C1=O)CN1[C@@H]2N(C6)C(=O)N6[C@@H]2N(C1=O)CN1[C@H]2[C@@H]7N(CN8C(=O)N(C4)C4N(CN5C3=O)C(=O)N(C84)CN7C1=O)C(=O)N2C6,[NH3+]Cc1ccc(cc1)C[NH3+],cucurbituril,6.95419979095459,O=C1N2CN3C(=O)N4CN5C(=O)N6CN7C(=O)N8CN9C(=O)N%10CN%11C(=O)N%12CN%13C(=O)N%14CN1C1C2N2CN%15C(=O)N(CN%16C(=O)N(CN%17C(=O)N(CN%18C(=O)N(CN%19C(=O)N(CN%20C(=O)N(CN1C2=O)C%14C%13%20)[C@H]%12C%11%19)[C@@H]%10[C@@H]9%18)[C@@H]8[C@@H]7%17)C6C5%16)C4C3%15,BD6B34731933265D03CE9AFCE130892456A328BC5C42751231203ABC90CAB3FC,HOST_CAN_0146,PASS,[NH3+]Cc1ccc(C[NH3+])cc1,BFF6771B7D0A8D45AB598F6B2C644590FDECA323F16688CB5DDCC18F502D7D45,GUEST_CAN_1093,PASS,AttentiveFP,1,random,4,7.357231140136719
1163,0,402,O=C1N(C2)[C@@](N3CN4[C@]5([H])N2C(N(CN6C(N(C7)[C@@](N8CN9[C@]%10(C)N7C(N(CC%11=C%12C(OCCCS(=O)(O[Na])=O)=C(C=CC=C%13)C%13=C%11OCCCS(=O)(O[Na])=O)[C@]%10(C)N(C%12)C9=O)=O)([H])[C@]6([H])N%14C8=O)=O)[C@]5([H])N(C%14)C4=O)=O)(C)[C@@]%15(C)N1CC%16=C(OCCCS(=O)(O[Na])=O)C(C=CC=C%17)=C%17C(OCCCS(=O)(O[Na])=O)=C%16CN%15C3=O,CC(=O)OC1CC2CCC3C(C2(CC1N4CCCCC4)C)CCC5(C3CC(C5OC(=O)C)[N+]6(CCCCC6)C)C,cucurbituril,9.204099655151367,C[C@]12N3Cc4c(c(OCCCS(=O)(=O)[O][Na])c5ccccc5c4OCCCS(=O)(=O)[O][Na])CN1C(=O)N1CN4C(=O)N5CN6C(=O)N7CN8C(=O)N9Cc%10c(c(OCCCS(=O)(=O)[O][Na])c%11ccccc%11c%10OCCCS(=O)(=O)[O][Na])CN%10C(=O)N(CN%11C(=O)N(CN%12C(=O)N(CN(C3=O)[C@]12C)[C@@H]4[C@H]%125)[C@@H]6[C@H]%117)[C@]8(C)[C@@]9%10C,9EF4AEE70348DBF45901607A97132AC332124AFAE94A1B457DED67D40489BA37,HOST_CAN_0088,PASS,CC(=O)OC1CC2CCC3C(CCC4(C)C3CC([N+]3(C)CCCCC3)C4OC(C)=O)C2(C)CC1N1CCCCC1,4C65E168F159B5FCDF409C55805797947EC42F39592E08C90A54FAB10EDE3DB9,GUEST_CAN_0097,PASS,AttentiveFP,1,random,4,7.477892875671387
1167,11,726,C1N2C3C4N(C2=O)CN5C6C7N(C5=O)CN8C9C2N(C8=O)CN5C8C%10N(C5=O)CN5C%11C%12N(C5=O)CN5C%13C%14N(C5=O)CN5C%15C%16N(C5=O)CN5C%17C(N1C5=O)N1CN3C(=O)N4CN6C(=O)N7CN9C(=O)N2CN8C(=O)N%10CN%11C(=O)N%12CN%13C(=O)N%14CN%15C(=O)N%16CN%17C1=O,O=C(NC1=CC=C2C3=CC=CC=C3CC2=C1)OCCOCCOCCOCCOCCOCCOCCOCCOCCOCCOCCOCCOCCOCCOCCOCCOCCOCCOCCOCCOCCOCCOCCOCCOCCOCCOCCOCCOCCOCCOCCOCCOCCOCCOCCOCCOCCOCCOCCOCCOCCOCCOCCOCCOC,cucurbituril,5.520699977874756,O=C1N2CN3C(=O)N4CN5C(=O)N6CN7C(=O)N8CN9C(=O)N%10CN%11C(=O)N%12CN%13C(=O)N%14CN%15C(=O)N%16CN1C1C2N2CN%17C(=O)N(CN%18C(=O)N(CN%19C(=O)N(CN%20C(=O)N(CN%21C(=O)N(CN%22C(=O)N(CN%23C(=O)N(CN1C2=O)C%16C%15%23)C%14C%13%22)C%12C%11%21)C%10C9%20)C8C7%19)C6C5%18)C4C3%17,E82CB7F52437B0147F435E3074F006752062FF8924E87C1DAF3210D182FF633B,HOST_CAN_0143,PASS,COCCOCCOCCOCCOCCOCCOCCOCCOCCOCCOCCOCCOCCOCCOCCOCCOCCOCCOCCOCCOCCOCCOCCOCCOCCOCCOCCOCCOCCOCCOCCOCCOCCOCCOCCOCCOCCOCCOCCOCCOCCOCCOCCOCCOC(=O)Nc1ccc2c(c1)Cc1ccccc1-2,862BAC55C2E792DECF7EF5233114D540ECA87A4A99AD4D2781FFBAEC7F52FDBE,GUEST_CAN_0460,PASS,AttentiveFP,1,random,4,4.512467861175537
1172,8,256,C1N2C3C4N(C2=O)CN5C6C7N(C5=O)CN8C9C2N(C8=O)CN5C8C%10N(C5=O)CN5C%11C%12N(C5=O)CN5C%13C(N1C5=O)N1CN3C(=O)N4CN6C(=O)N7CN9C(=O)N2CN8C(=O)N%10CN%11C(=O)N%12CN%13C1=O,CCCCO,cucurbituril,2.8089001178741455,O=C1N2CN3C(=O)N4CN5C(=O)N6CN7C(=O)N8CN9C(=O)N%10CN%11C(=O)N%12CN1C1C2N2CN%13C(=O)N(CN%14C(=O)N(CN%15C(=O)N(CN%16C(=O)N(CN%17C(=O)N(CN1C2=O)C%12C%11%17)C%10C9%16)C8C7%15)C6C5%14)C4C3%13,2526C525F966BEE6CB589BBB60C9F4124C02584847747BDAFF4E92B4462536E8,HOST_CAN_0149,PASS,CCCCO,581B7EFD3DCD0E0841EE9123D5670DDC43EF0E9A885955F904BAAFC5653A3E40,GUEST_CAN_0312,PASS,AttentiveFP,1,random,4,2.9419875144958496
1173,121,27,Oc1c2Cc3cc(cc(c3O)Cc3cc(cc(Cc4c(c(Cc1cc(c2)S(=O)(=O)O)cc(c4)NS(=O)(=O)c1ccc(cc1)C(=O)[O])O)c3O)S(=O)(=O)O)NS(=O)(=O)c1ccc(cc1)C(=O)[O],NCCCCC(C(=O)NC(C(=O)NC(C(=O)NC(=O)C(NC(C(=O)NC(C(=O)NC(C(=O)NC(C(=O)NCC(=O)NC(C(=O)N)Cc1ccc(cc1)O)C(O)C)CO)CCCC[N+](C)(C)C)CCCNC(=N)N)C)C(O)C)CCC(=O)N)NC(=O)C(C(O)C)NC(=O)C(NC(=O)C(N)C)CCCNC(=N)N,calixarene,6.301000118255615,[O]C(=O)c1ccc(S(=O)(=O)Nc2cc3c(O)c(c2)Cc2cc(S(=O)(=O)O)cc(c2O)Cc2cc(NS(=O)(=O)c4ccc(C([O])=O)cc4)cc(c2O)Cc2cc(S(=O)(=O)O)cc(c2O)C3)cc1,C8B53830D64E73BF90AC9C849CFB2B23C81A27721515EDA5A3469EA362472E0C,HOST_CAN_0182,PASS,CC(N)C(=O)NC(CCCNC(=N)N)C(=O)NC(C(=O)NC(CCCCN)C(=O)NC(CCC(N)=O)C(=O)NC(C(=O)NC(=O)C(C)NC(CCCNC(=N)N)C(=O)NC(CCCC[N+](C)(C)C)C(=O)NC(CO)C(=O)NC(C(=O)NCC(=O)NC(Cc1ccc(O)cc1)C(N)=O)C(C)O)C(C)O)C(C)O,FDB24492C01844597473AA7C2BD6C580BEC794EA067753C199B126BE41E8D5FA,GUEST_CAN_0177,PASS,AttentiveFP,1,random,4,5.5833892822265625
1176,22,384,Oc1c2Sc3cc(cc(c3O)Sc3cc(cc(Sc4c(c(Sc1cc(c2)S(=O)(=O)O)cc(c4)S(=O)(=O)O)O)c3O)S(=O)(=O)O)S(=O)(=O)O,CC1=CC=NC=C1,calixarene,2.4637999534606934,O=S(=O)(O)c1cc2c(O)c(c1)Sc1cc(S(=O)(=O)O)cc(c1O)Sc1cc(S(=O)(=O)O)cc(c1O)Sc1cc(S(=O)(=O)O)cc(c1O)S2,5FE888C1FB51BDA35D21231A31EDB8203ACD56DD9744D0C6B83351EC668D4256,HOST_CAN_0156,PASS,Cc1ccncc1,793286ADE81890C85B833167A2C805C672C3C04BEE8A17A89412FEBE14BF75D9,GUEST_CAN_0675,PASS,AttentiveFP,1,random,4,2.3190345764160156
1198,1,740,C1C2=CC(=CC(=C2O)CC3=CC(=CC(=C3O)CC4=C(C(=CC(=C4)S(=O)(=O)O)CC5=C(C1=CC(=C5)S(=O)(=O)O)O)O)S(=O)(=O)O)S(=O)(=O)O,C(C)[NH3+],calixarene,3.5799999237060547,O=S(=O)(O)c1cc2c(O)c(c1)Cc1cc(S(=O)(=O)O)cc(c1O)Cc1cc(S(=O)(=O)O)cc(c1O)Cc1cc(S(=O)(=O)O)cc(c1O)C2,C1130CCDC8DA0C6458EF6C2E07E7F3330D8F8B055CBE4DEAADB70DC00C8CDFC1,HOST_CAN_0154,PASS,CC[NH3+],D6FEDAD390E53EAC3D6B344582A6B5BEC80CB34C617B9276317B4FAD7825C62C,GUEST_CAN_0380,PASS,AttentiveFP,1,random,4,2.7493715286254883
1204,94,50,CC(C(O[Na])=O)OC(C(OC(C)C(O[Na])=O)=C1)=CC2=C1C(C=C(OC(C(O[Na])=O)C)C(OC(C(O[Na])=O)C)=C3)=C3C4=C2C=C(OC(C(O[Na])=O)C)C(OC(C)C(O[Na])=O)=C4,C1=CC=C(C(=C1)O)O,other,0.0,CC(Oc1cc2c3cc(OC(C)C(=O)[O][Na])c(OC(C)C(=O)[O][Na])cc3c3cc(OC(C)C(=O)[O][Na])c(OC(C)C(=O)[O][Na])cc3c2cc1OC(C)C(=O)[O][Na])C(=O)[O][Na],BA584CA32AF40B5CC01118169993C3B68F1DD55FC57084F45766D3D97748C6AD,HOST_CAN_0016,PASS,Oc1ccccc1O,D6044096AF0493CF06B8B5FDAA8C090BB98BA46AF75026C46D7FE4ACEF4715BB,GUEST_CAN_1007,PASS,AttentiveFP,1,random,4,1.8820786476135254
1206,2,745,C1N2C3C4N(C2=O)CN5C6C7N(C5=O)CN8C9C2N(C8=O)CN5C8C%10N(C5=O)CN5C%11C(N1C5=O)N1CN3C(=O)N4CN6C(=O)N7CN9C(=O)N2CN8C(=O)N%10CN%11C1=O,[Kr],cucurbituril,3.3784000873565674,O=C1N2CN3C(=O)N4CN5C(=O)N6CN7C(=O)N8CN9C(=O)N%10CN1C1C2N2CN%11C(=O)N(CN%12C(=O)N(CN%13C(=O)N(CN%14C(=O)N(CN1C2=O)C%10C9%14)C8C7%13)C6C5%12)C4C3%11,EE085DEDB538468744A3EBDAC86A0BF01B424E1C1BBF9C3E804B43220B2C1DDA,HOST_CAN_0150,PASS,[Kr],589AB91FDB32F94C0BD51A55BEBB49BE145A4FBF1C38BEEC4CF11D3D97DA7CA5,GUEST_CAN_1069,PASS,AttentiveFP,1,random,4,3.4737095832824707
1207,9,746,[O-]C(=O)COc1ccc2c3c1CNC(=O)c1c(OCC(=O)[O-])ccc4c1ccc1c4C4CC(O1)Oc1c4c4ccc(c(C(=O)NCc5c6c(c7C8c2c(cc3)OC(C8)Oc7cc6)ccc5OCC(=O)[O-])c4cc1)OCC(=O)[O-].[NH4+].[NH4+].[NH4+].[NH4+],COC(=O)OC,other,3.3547000885009766,O=C([O-])COc1ccc2c3c4ccc2c1CNC(=O)c1c(OCC(=O)[O-])ccc2c5c(ccc12)OC1CC5c2c(ccc5c(c(OCC(=O)[O-])ccc25)C(=O)NCc2c(OCC(=O)[O-])ccc5c6c(ccc25)OC(CC36)O4)O1.[NH4+].[NH4+].[NH4+].[NH4+],7D3830C6A6E10F82EEBCC3ED68B861BB21ED63B1DDB277580F3032527E5A1183,HOST_CAN_0139,PASS,COC(=O)OC,6CCAD973A4EAF78C167862A182B402AC2EC9ED740AA8040453E50A8F70C5D2C6,GUEST_CAN_0446,PASS,AttentiveFP,1,random,4,3.0033791065216064
1208,8,440,C1N2C3C4N(C2=O)CN5C6C7N(C5=O)CN8C9C2N(C8=O)CN5C8C%10N(C5=O)CN5C%11C%12N(C5=O)CN5C%13C(N1C5=O)N1CN3C(=O)N4CN6C(=O)N7CN9C(=O)N2CN8C(=O)N%10CN%11C(=O)N%12CN%13C1=O,CC(C(=O)O)NC(=O)CN,cucurbituril,2.799999952316284,O=C1N2CN3C(=O)N4CN5C(=O)N6CN7C(=O)N8CN9C(=O)N%10CN%11C(=O)N%12CN1C1C2N2CN%13C(=O)N(CN%14C(=O)N(CN%15C(=O)N(CN%16C(=O)N(CN%17C(=O)N(CN1C2=O)C%12C%11%17)C%10C9%16)C8C7%15)C6C5%14)C4C3%13,2526C525F966BEE6CB589BBB60C9F4124C02584847747BDAFF4E92B4462536E8,HOST_CAN_0149,PASS,CC(NC(=O)CN)C(=O)O,05890C7DD45D8F3107459006B72D4EDB9CC5C3A82EEA862EFDB24093E953F0AC,GUEST_CAN_0186,PASS,AttentiveFP,1,random,4,2.7833757400512695
1209,11,747,C1N2C3C4N(C2=O)CN5C6C7N(C5=O)CN8C9C2N(C8=O)CN5C8C%10N(C5=O)CN5C%11C%12N(C5=O)CN5C%13C%14N(C5=O)CN5C%15C%16N(C5=O)CN5C%17C(N1C5=O)N1CN3C(=O)N4CN6C(=O)N7CN9C(=O)N2CN8C(=O)N%10CN%11C(=O)N%12CN%13C(=O)N%14CN%15C(=O)N%16CN%17C1=O,O=C(N[C@H](C(=O)NCC(=O)NCC(=O)N)Cc1c[nH]c2c1cccc2)CNC(=O)CNC(=O)C,cucurbituril,4.267499923706055,O=C1N2CN3C(=O)N4CN5C(=O)N6CN7C(=O)N8CN9C(=O)N%10CN%11C(=O)N%12CN%13C(=O)N%14CN%15C(=O)N%16CN1C1C2N2CN%17C(=O)N(CN%18C(=O)N(CN%19C(=O)N(CN%20C(=O)N(CN%21C(=O)N(CN%22C(=O)N(CN%23C(=O)N(CN1C2=O)C%16C%15%23)C%14C%13%22)C%12C%11%21)C%10C9%20)C8C7%19)C6C5%18)C4C3%17,E82CB7F52437B0147F435E3074F006752062FF8924E87C1DAF3210D182FF633B,HOST_CAN_0143,PASS,CC(=O)NCC(=O)NCC(=O)N[C@@H](Cc1c[nH]c2ccccc12)C(=O)NCC(=O)NCC(N)=O,D8C6543391008B0158703C4FD5E8B0FCA8D5C2E81A775F7B44D43595DC039C00,GUEST_CAN_0083,PASS,AttentiveFP,1,random,4,5.386810302734375
1215,11,296,C1N2C3C4N(C2=O)CN5C6C7N(C5=O)CN8C9C2N(C8=O)CN5C8C%10N(C5=O)CN5C%11C%12N(C5=O)CN5C%13C%14N(C5=O)CN5C%15C%16N(C5=O)CN5C%17C(N1C5=O)N1CN3C(=O)N4CN6C(=O)N7CN9C(=O)N2CN8C(=O)N%10CN%11C(=O)N%12CN%13C(=O)N%14CN%15C(=O)N%16CN%17C1=O,CC(=O)NC(CC1=CNC2=CC=CC=C21)C(=O)O,cucurbituril,4.799300193786621,O=C1N2CN3C(=O)N4CN5C(=O)N6CN7C(=O)N8CN9C(=O)N%10CN%11C(=O)N%12CN%13C(=O)N%14CN%15C(=O)N%16CN1C1C2N2CN%17C(=O)N(CN%18C(=O)N(CN%19C(=O)N(CN%20C(=O)N(CN%21C(=O)N(CN%22C(=O)N(CN%23C(=O)N(CN1C2=O)C%16C%15%23)C%14C%13%22)C%12C%11%21)C%10C9%20)C8C7%19)C6C5%18)C4C3%17,E82CB7F52437B0147F435E3074F006752062FF8924E87C1DAF3210D182FF633B,HOST_CAN_0143,PASS,CC(=O)NC(Cc1c[nH]c2ccccc12)C(=O)O,98F7320D090E241BFC6744B0EF72D1F5ECE8246FC143C1E9CF373B4A144A7EE1,GUEST_CAN_0071,PASS,AttentiveFP,1,random,4,3.8157613277435303
1219,106,351,CCCOC1=C2CC3=CC(P(OC)(O[Li])=O)=CC(CC4=C(OCCC)C(CC5=C(OCCC)C(CC1=CC(P(OC)(O[Li])=O)=C2)=CC(P(OC)(O[Li])=O)=C5)=CC(P(OC)(O[Li])=O)=C4)=C3OCCC,C1=CC(=C(C=C1C(CN)O)O)O.Cl,calixarene,1.6532000303268433,[Li][O]P(=O)(OC)c1cc2c(OCCC)c(c1)Cc1cc(P(=O)([O][Li])OC)cc(c1OCCC)Cc1cc(P(=O)([O][Li])OC)cc(c1OCCC)Cc1cc(P(=O)([O][Li])OC)cc(c1OCCC)C2,7E35E77A746111D0F7C2AD48B4236AD5F23EBD686B02C0BEF4D3F0D97CE016F4,HOST_CAN_0180,PASS,Cl.NCC(O)c1ccc(O)c(O)c1,77292EA0463E2AED797CAE9779601581D37EB7B67F9EA7796D4F6EE168154886,GUEST_CAN_0687,PASS,AttentiveFP,1,random,4,1.8970835208892822
1225,30,557,C1C2=CC(=CC(=C2O)CC3=CC(=CC(=C3O)CC4=CC(=CC(=C4O)CC5=C(C(=CC(=C5)S(=O)(=O)[O-])CC6=C(C(=CC(=C6)S(=O)(=O)[O-])CC7=C(C1=CC(=C7)S(=O)(=O)[O-])O)O)O)S(=O)(=O)[O-])S(=O)(=O)[O-])S(=O)(=O)[O-],CN(C)C(=NCCCC(C(=O)O)N)N,calixarene,2.498300075531006,O=S(=O)([O-])c1cc2c(O)c(c1)Cc1cc(S(=O)(=O)[O-])cc(c1O)Cc1cc(S(=O)(=O)[O-])cc(c1O)Cc1cc(S(=O)(=O)[O-])cc(c1O)Cc1cc(S(=O)(=O)[O-])cc(c1O)Cc1cc(S(=O)(=O)[O-])cc(c1O)C2,175E9D01D3A7DD7BE73E9B8659E8BAA0A16B2D5C4CCEFE3BEFED10121429BF10,HOST_CAN_0164,PASS,CN(C)C(N)=NCCCC(N)C(=O)O,8FECDFE6FD8E3AB55B038D0BDBF122796AB039E405A2214EC5BD150967E713AD,GUEST_CAN_0391,PASS,AttentiveFP,1,random,4,3.5890073776245117
1229,1,758,C1C2=CC(=CC(=C2O)CC3=CC(=CC(=C3O)CC4=C(C(=CC(=C4)S(=O)(=O)O)CC5=C(C1=CC(=C5)S(=O)(=O)O)O)O)S(=O)(=O)O)S(=O)(=O)O,N1CCNCC1,calixarene,2.9828999042510986,O=S(=O)(O)c1cc2c(O)c(c1)Cc1cc(S(=O)(=O)O)cc(c1O)Cc1cc(S(=O)(=O)O)cc(c1O)Cc1cc(S(=O)(=O)O)cc(c1O)C2,C1130CCDC8DA0C6458EF6C2E07E7F3330D8F8B055CBE4DEAADB70DC00C8CDFC1,HOST_CAN_0154,PASS,C1CNCCN1,DCBEE0CE71A0A74F58734832A3AC6F70AAF67F6ECC73294D85B4FCCD1D324E29,GUEST_CAN_0034,PASS,AttentiveFP,1,random,4,3.6943933963775635
1241,30,764,C1C2=CC(=CC(=C2O)CC3=CC(=CC(=C3O)CC4=CC(=CC(=C4O)CC5=C(C(=CC(=C5)S(=O)(=O)[O-])CC6=C(C(=CC(=C6)S(=O)(=O)[O-])CC7=C(C1=CC(=C7)S(=O)(=O)[O-])O)O)O)S(=O)(=O)[O-])S(=O)(=O)[O-])S(=O)(=O)[O-],C1(=CCC2=CC=C3C=CC=C4C=CC1C2=C34)/C=C/C3=CCN(C=C3)C,calixarene,3.759999990463257,O=S(=O)([O-])c1cc2c(O)c(c1)Cc1cc(S(=O)(=O)[O-])cc(c1O)Cc1cc(S(=O)(=O)[O-])cc(c1O)Cc1cc(S(=O)(=O)[O-])cc(c1O)Cc1cc(S(=O)(=O)[O-])cc(c1O)Cc1cc(S(=O)(=O)[O-])cc(c1O)C2,175E9D01D3A7DD7BE73E9B8659E8BAA0A16B2D5C4CCEFE3BEFED10121429BF10,HOST_CAN_0164,PASS,CN1C=CC(/C=C/C2=CCc3ccc4cccc5c4c3C2C=C5)=CC1,312B6A5D578A533AEA667D63213D9DB8EF06CBF8CAC67B375C184BC36324F841,GUEST_CAN_0416,PASS,AttentiveFP,1,random,4,3.984900951385498
1242,48,765,[Na]OS(=O)(=O)CCCOc1c2CN3C(=O)N4[C@]5([C@@]3(N(Cc2c(c2c1cccc2)OCCCS(=O)(=O)O[Na])C(=O)N5CN1[C@@]2(N(C4)C(=O)N3[C@]2(C)N(C1=O)Cc1c(C3)c(OCCCS(=O)(=O)O[Na])c2c(c1OCCCS(=O)(=O)O[Na])cccc2)C)C)C,N1=CC=NC2=C1C=CC=C2,other,2.401400089263916,C[C@]12N3Cc4c(c(OCCCS(=O)(=O)[O][Na])c5ccccc5c4OCCCS(=O)(=O)[O][Na])CN1C(=O)N1CN4C(=O)N5Cc6c(c(OCCCS(=O)(=O)[O][Na])c7ccccc7c6OCCCS(=O)(=O)[O][Na])CN6C(=O)N(CN(C3=O)[C@]12C)[C@]4(C)[C@@]56C,D18B807A904C56B05E199911FB10FFB774349CC49BBD32D2EFAFF4C892BA649F,HOST_CAN_0090,PASS,c1ccc2nccnc2c1,B7224916C5D8F3C21D7784CF472EF4EBA9BD95FF537927CA3C209940744BCEC8,GUEST_CAN_1144,PASS,AttentiveFP,1,random,4,2.90877103805542
1247,3,628,OC[C@H]1O[C@@H]2O[C@@H]3[C@@H](CO)O[C@H](O[C@@H]4[C@@H](CO)O[C@H](O[C@@H]5[C@@H](CO)O[C@H](O[C@@H]6[C@@H](CO)O[C@H](O[C@@H]7[C@@H](CO)O[C@H](O[C@@H]8[C@@H](CO)O[C@H](O[C@H]1[C@H](O)[C@H]2O)[C@H](O)[C@H]8O)[C@H](O)[C@H]7O)[C@H](O)[C@H]6O)[C@H](O)[C@H]5O)[C@H](O)[C@H]4O)[C@H](O)[C@H]3O,CC(C(=O)OC)NC(=O)OC(C)(C)C,cyclodextrin,2.8189001083374023,OC[C@H]1O[C@@H]2O[C@H]3[C@H](O)[C@@H](O)[C@@H](O[C@H]4[C@H](O)[C@@H](O)[C@@H](O[C@H]5[C@H](O)[C@@H](O)[C@@H](O[C@H]6[C@H](O)[C@@H](O)[C@@H](O[C@H]7[C@H](O)[C@@H](O)[C@@H](O[C@H]8[C@H](O)[C@@H](O)[C@@H](O[C@H]1[C@H](O)[C@H]2O)O[C@@H]8CO)O[C@@H]7CO)O[C@@H]6CO)O[C@@H]5CO)O[C@@H]4CO)O[C@@H]3CO,22584443D9512992310760C9871E3E6BDB3EDC92006F3EF1EC94F44373907EB1,HOST_CAN_0176,PASS,COC(=O)C(C)NC(=O)OC(C)(C)C,F48D03FFE68C03D11ED8BFFCD21DD8BB01245203603FC7AB5EE431C6CE389B36,GUEST_CAN_0435,PASS,AttentiveFP,1,random,4,2.2689409255981445
1249,3,716,OC[C@H]1O[C@@H]2O[C@@H]3[C@@H](CO)O[C@H](O[C@@H]4[C@@H](CO)O[C@H](O[C@@H]5[C@@H](CO)O[C@H](O[C@@H]6[C@@H](CO)O[C@H](O[C@@H]7[C@@H](CO)O[C@H](O[C@@H]8[C@@H](CO)O[C@H](O[C@H]1[C@H](O)[C@H]2O)[C@H](O)[C@H]8O)[C@H](O)[C@H]7O)[C@H](O)[C@H]6O)[C@H](O)[C@H]5O)[C@H](O)[C@H]4O)[C@H](O)[C@H]3O,CC(=O)NC(CC1=CC=CC=C1)C(=O)O,cyclodextrin,1.7832000255584717,OC[C@H]1O[C@@H]2O[C@H]3[C@H](O)[C@@H](O)[C@@H](O[C@H]4[C@H](O)[C@@H](O)[C@@H](O[C@H]5[C@H](O)[C@@H](O)[C@@H](O[C@H]6[C@H](O)[C@@H](O)[C@@H](O[C@H]7[C@H](O)[C@@H](O)[C@@H](O[C@H]8[C@H](O)[C@@H](O)[C@@H](O[C@H]1[C@H](O)[C@H]2O)O[C@@H]8CO)O[C@@H]7CO)O[C@@H]6CO)O[C@@H]5CO)O[C@@H]4CO)O[C@@H]3CO,22584443D9512992310760C9871E3E6BDB3EDC92006F3EF1EC94F44373907EB1,HOST_CAN_0176,PASS,CC(=O)NC(Cc1ccccc1)C(=O)O,CC6FA7DBAD7ADEBC07F58FAA2BE6025206B6C31CC0D76EDEE142CE8D1EDA6C03,GUEST_CAN_0074,PASS,AttentiveFP,1,random,4,2.1299548149108887
1250,89,768,O[C@@H]1[C@@H](O)[C@H](O[C@@H]2[C@H](O)[C@@H](O)[C@H](O3)[C@@H](COCCCCS(=O)([O-])=O)O2)[C@@H](COCCCCS(=O)([O-])=O)O[C@@H]1O[C@H]4[C@H](O)[C@@H](O)[C@@H](O[C@@H]5[C@@H](O)[C@H](O)[C@H](O[C@@H]6[C@@H](O)[C@H](O)[C@H](O[C@@H]7[C@@H](O)[C@H](O)[C@H](O[C@@H]8[C@@H](O)[C@H](O)[C@H]3O[C@H]8COCCCCS(=O)([O-])=O)O[C@H]7COCCCCS(=O)([O-])=O)O[C@H]6COCCCCS(=O)([O-])=O)O[C@H]5COCCCCS(=O)([O-])=O)O[C@@H]4COCCCCS(=O)([O-])=O.[Na+].[Na+].[Na+].[Na+].[Na+].[Na+].[Na+],CCNC1=C(C=C2C(=C1)OC3=CC(=[NH+]CC)C(=CC3=C2C4=CC=CC=C4C(=O)OCC)C)C.[Cl-],cyclodextrin,6.805500030517578,O=S(=O)([O-])CCCCOC[C@@H]1O[C@H]2O[C@@H]3[C@@H](O)[C@H](O)[C@H](O[C@H]4[C@H](O)[C@@H](O)[C@@H](O[C@H]5[C@H](O)[C@@H](O)[C@@H](O[C@H]6[C@H](O)[C@@H](O)[C@@H](O[C@@H]7[C@@H](O)[C@H](O)[C@H](O[C@@H]8[C@@H](O)[C@H](O)[C@H](O[C@@H]1[C@@H](O)[C@@H]2O)O[C@H]8COCCCCS(=O)(=O)[O-])O[C@H]7COCCCCS(=O)(=O)[O-])O[C@@H]6COCCCCS(=O)(=O)[O-])O[C@@H]5COCCCCS(=O)(=O)[O-])O[C@@H]4COCCCCS(=O)(=O)[O-])O[C@H]3COCCCCS(=O)(=O)[O-].[Na+].[Na+].[Na+].[Na+].[Na+].[Na+].[Na+],0EF453A8FEAB2DBB346A347C51767F5C4A37ED4747250CEC0BCF3880BBC2D023,HOST_CAN_0157,PASS,CCNc1cc2oc3cc(=[NH+]CC)c(C)cc-3c(-c3ccccc3C(=O)OCC)c2cc1C.[Cl-],7747AE094C60B01CC68A562B284C6966F13F3487956DAAB5A7B13BEFB4A724EF,GUEST_CAN_0359,PASS,AttentiveFP,1,random,4,4.373785972595215
1251,23,474,OC[C@H]1O[C@@H]2O[C@@H]3[C@@H](CO)O[C@H](O[C@@H]4[C@@H](CO)O[C@H](O[C@@H]5[C@@H](CO)O[C@H](O[C@@H]6[C@@H](CO)O[C@H](O[C@@H]7[C@@H](CO)O[C@H](O[C@H]1[C@H](O)[C@H]2O)[C@H](O)[C@H]7O)[C@H](O)[C@H]6O)[C@H](O)[C@H]5O)[C@H](O)[C@H]4O)[C@H](O)[C@H]3O,C(CCCC(=O)O)CCCN,cyclodextrin,2.990000009536743,OC[C@H]1O[C@@H]2O[C@H]3[C@H](O)[C@@H](O)[C@@H](O[C@H]4[C@H](O)[C@@H](O)[C@@H](O[C@H]5[C@H](O)[C@@H](O)[C@@H](O[C@H]6[C@H](O)[C@@H](O)[C@@H](O[C@H]7[C@H](O)[C@@H](O)[C@@H](O[C@H]1[C@H](O)[C@H]2O)O[C@@H]7CO)O[C@@H]6CO)O[C@@H]5CO)O[C@@H]4CO)O[C@@H]3CO,9CB41F926A4386D7C0E23599753E6EDC60802BE1DCF577DB9B32CBB20691DB1D,HOST_CAN_0175,PASS,NCCCCCCCC(=O)O,C8E9A59B55CF547F7EA389C2DEA6D81C745542382F5063690CFB4A9F82E76996,GUEST_CAN_0790,PASS,AttentiveFP,1,random,4,2.7452707290649414
1252,73,593,C1C2=CC(=CC(=C2O)CC3=CC(=CC(=C3O)CC4=CC(=CC(=C4O)CC5=C(C(=CC(=C5)S(=O)(=O)O)CC6=C(C1=CC(=C6)S(=O)(=O)O)O)O)S(=O)(=O)O)S(=O)(=O)O)S(=O)(=O)O,C[N+](C)(C)CC1=CC=C([N+]([O-])=O)C=C1,calixarene,5.100399971008301,O=S(=O)(O)c1cc2c(O)c(c1)Cc1cc(S(=O)(=O)O)cc(c1O)Cc1cc(S(=O)(=O)O)cc(c1O)Cc1cc(S(=O)(=O)O)cc(c1O)Cc1cc(S(=O)(=O)O)cc(c1O)C2,CE64A1CA71928E5DE79CF9633E11D44D0BC2C175AB3D980BF8052807605CA8CC,HOST_CAN_0155,PASS,C[N+](C)(C)Cc1ccc([N+](=O)[O-])cc1,C81DFE1142CCEAC17EA508E9FB9CE73991FEBBC991F7E13643BFF32A03784961,GUEST_CAN_0576,PASS,AttentiveFP,1,random,4,4.349425315856934
1272,142,623,[Na]OS(=O)(=O)CCCc1ccc2c3c1CN1C(=O)N4[C@@]5([C@@]1(C)N(Cc3c(cc2)CCCS(=O)(=O)O[Na])C(=O)N5CN1[C@H]2N(C4)C(=O)N3[C@H]2N(C1=O)CN1[C@H]2N(C3)C(=O)N3[C@H]2N(C1=O)CN1[C@]2(N(C3)C(=O)N3[C@]2(N(C1=O)Cc1c2c(C3)c(CCCS(=O)(=O)O[Na])ccc2ccc1CCCS(=O)(=O)O[Na])C)C)C,N[C@@H](CC1=CNC=N1)CO,cucurbituril,3.176100015640259,C[C@]12N3Cc4c(CCCS(=O)(=O)[O][Na])ccc5ccc(CCCS(=O)(=O)[O][Na])c(c45)CN1C(=O)N1CN4C(=O)N5CN6C(=O)N7CN8C(=O)N9Cc%10c(CCCS(=O)(=O)[O][Na])ccc%11ccc(CCCS(=O)(=O)[O][Na])c(c%10%11)CN%10C(=O)N(CN%11C(=O)N(CN%12C(=O)N(CN(C3=O)[C@]12C)[C@@H]4[C@H]%125)[C@@H]6[C@H]%117)[C@]8(C)[C@@]9%10C,830BF403FA9E63AA91A49B5FFFE151ED426E5A39758FD44461918B9242146194,HOST_CAN_0084,PASS,N[C@H](CO)Cc1c[nH]cn1,66A8D08078E34D4F975D097A687A6C6930EC031B303646A1C9833BD3AC6B6174,GUEST_CAN_0821,PASS,AttentiveFP,1,random,4,5.087383270263672
1278,33,39,[H]C1(C(C(O[C@](OC2=C1C=C3[C@]4([H])CCC[N+](C)(C)C)([H])C5=CC(O6)=CC(OC7=CC8=CC(C[N+](C)(C)C)=C7)=C5)=C9)=CC%10=C9O[C@](C%11=CC(O8)=CC(OC%12=CC%13=CC(C[N+](C)(C)C)=C%12)=C%11)([H])OC%14=C(C%10([H])CCC[N+](C)(C)C)C=C%15C(O[C@](C%16=CC%17=CC(O%13)=C%16)([H])OC%18=CC(O[C@](C%19=CC(OC%20=CC(O%17)=CC(C[N+](C)(C)C)=C%20)=CC(OC%21=CC6=CC(C[N+](C)(C)C)=C%21)=C%19)([H])OC3=C2)=C4C=C%18[C@]%15([H])CCC[N+](C)(C)C)=C%14)CCC[N+](C)(C)C.[Cl-].[Cl-].[Cl-].[Cl-].[Cl-].[Cl-].[Cl-].[Cl-],[Na+].[I-],other,3.5051000118255615,C[N+](C)(C)CCCC1c2cc3c4cc2O[C@H]2Oc5cc6c(cc51)[C@H](CCC[N+](C)(C)C)c1cc5c7cc1O[C@H](O6)c1cc6cc(c1)Oc1cc(C[N+](C)(C)C)cc(c1)Oc1cc8cc(c1)[C@H](Oc1cc(c(cc1[C@H]5CCC[N+](C)(C)C)C3CCC[N+](C)(C)C)O[C@@H](O4)c1cc(cc(c1)Oc1cc(C[N+](C)(C)C)cc(c1)O8)Oc1cc(C[N+](C)(C)C)cc(c1)Oc1cc(cc2c1)Oc1cc(C[N+](C)(C)C)cc(c1)O6)O7.[Cl-].[Cl-].[Cl-].[Cl-].[Cl-].[Cl-].[Cl-].[Cl-],F783BB4F0E2D9595DCCBD26C1895FCF835428AF86721AF4DD7F78FB07FBB8527,HOST_CAN_0096,PASS,[I-].[Na+],73311483F334B57118E8BB4B950F1319B23923E3B04C12FF7EFEBC24A7D3AF4B,GUEST_CAN_1064,PASS,AttentiveFP,1,random,4,3.3279714584350586
1289,1,783,C1C2=CC(=CC(=C2O)CC3=CC(=CC(=C3O)CC4=C(C(=CC(=C4)S(=O)(=O)O)CC5=C(C1=CC(=C5)S(=O)(=O)O)O)O)S(=O)(=O)O)S(=O)(=O)O,C(CCCCO)O,calixarene,1.4300999641418457,O=S(=O)(O)c1cc2c(O)c(c1)Cc1cc(S(=O)(=O)O)cc(c1O)Cc1cc(S(=O)(=O)O)cc(c1O)Cc1cc(S(=O)(=O)O)cc(c1O)C2,C1130CCDC8DA0C6458EF6C2E07E7F3330D8F8B055CBE4DEAADB70DC00C8CDFC1,HOST_CAN_0154,PASS,OCCCCCO,B0C1010F63DB205130CA12BD53F799A737AB9B20479B742BBE6631D086FE43EA,GUEST_CAN_0975,PASS,AttentiveFP,1,random,4,2.7467174530029297
1297,158,406,C[C@H](C(NC1=CC=CC(C2=C(I)N([C@H](C)C(NC3=CC=CC(C4=C(I)N([C@H](C)C5=O)N=N4)=N3)=O)N=N2)=N1)=O)N6N=NC(C7=CC=CC(N5)=N7)=C6I,CCCC[N+](CCCC)(CCCC)CCCC.[Cl-],other,3.3550000190734863,C[C@@H]1C(=O)Nc2cccc(n2)-c2nnn(c2I)[C@H](C)C(=O)Nc2cccc(n2)-c2nnn(c2I)[C@H](C)C(=O)Nc2cccc(n2)-c2nnn1c2I,BF5A668BEAD04113CCC725A48DCD8DFE5BCBFFC115F87579E1B5C070BCD96197,HOST_CAN_0083,PASS,CCCC[N+](CCCC)(CCCC)CCCC.[Cl-],98322306CD8D2EE1FC0B30A96ADB07D77C4823F49CB80B37D40EC2A8BE6D6F00,GUEST_CAN_0317,PASS,AttentiveFP,1,random,4,3.613111972808838
1298,48,785,[Na]OS(=O)(=O)CCCOc1c2CN3C(=O)N4[C@]5([C@@]3(N(Cc2c(c2c1cccc2)OCCCS(=O)(=O)O[Na])C(=O)N5CN1[C@@]2(N(C4)C(=O)N3[C@]2(C)N(C1=O)Cc1c(C3)c(OCCCS(=O)(=O)O[Na])c2c(c1OCCCS(=O)(=O)O[Na])cccc2)C)C)C,[NH3+]CCCCCCCC[NH3+],other,2.646399974822998,C[C@]12N3Cc4c(c(OCCCS(=O)(=O)[O][Na])c5ccccc5c4OCCCS(=O)(=O)[O][Na])CN1C(=O)N1CN4C(=O)N5Cc6c(c(OCCCS(=O)(=O)[O][Na])c7ccccc7c6OCCCS(=O)(=O)[O][Na])CN6C(=O)N(CN(C3=O)[C@]12C)[C@]4(C)[C@@]56C,D18B807A904C56B05E199911FB10FFB774349CC49BBD32D2EFAFF4C892BA649F,HOST_CAN_0090,PASS,[NH3+]CCCCCCCC[NH3+],47F0379CA687D2E849E75B4E9DC41C5408141DA921297D905A353F3CC6B7CC64,GUEST_CAN_1084,PASS,AttentiveFP,1,random,4,2.9430127143859863
1304,69,600,NCCN1C=C(N=N1)COC(C=C2)=C(CNCC3=C(OCC(N=N4)=CN4CCN)C=CC5=C3C=C6)C7=C2C8=C(C=C7)OC9CC8C%10=C(O9)C=CC%11=C%10C=CC(OCC(N=N%12)=CN%12CCN)=C%11CNCC%13=C(OCC(N=N%14)=CN%14CCN)C=CC%15=C%13C=CC(O%16)=C%15C%17C5=C6OC%16C%17,COC(=O)CC1=CC=CC=C1,other,3.023099899291992,NCCn1cc(COc2ccc3c4c5ccc3c2CNCc2c(OCc3cn(CCN)nn3)ccc3c6c(ccc23)OC2CC6c3c(ccc6c(c(OCc7cn(CCN)nn7)ccc36)CNCc3c(OCc6cn(CCN)nn6)ccc6c7c(ccc36)OC(CC47)O5)O2)nn1,E69AC36986BDADC1E5A61FE9021251B6D5437DB096F231021CE94D055FF4BCBF,HOST_CAN_0113,PASS,COC(=O)Cc1ccccc1,D5FAAFE22A9B19EEF4EAB868DCBDC5B6F48F04FF6D709FEF880F0183722C8BC7,GUEST_CAN_0445,PASS,AttentiveFP,1,random,4,3.7892937660217285
1306,23,428,OC[C@H]1O[C@@H]2O[C@@H]3[C@@H](CO)O[C@H](O[C@@H]4[C@@H](CO)O[C@H](O[C@@H]5[C@@H](CO)O[C@H](O[C@@H]6[C@@H](CO)O[C@H](O[C@@H]7[C@@H](CO)O[C@H](O[C@H]1[C@H](O)[C@H]2O)[C@H](O)[C@H]7O)[C@H](O)[C@H]6O)[C@H](O)[C@H]5O)[C@H](O)[C@H]4O)[C@H](O)[C@H]3O,FC(S(=O)(=O)[O-])(F)F.[Na+],cyclodextrin,0.7781999707221985,OC[C@H]1O[C@@H]2O[C@H]3[C@H](O)[C@@H](O)[C@@H](O[C@H]4[C@H](O)[C@@H](O)[C@@H](O[C@H]5[C@H](O)[C@@H](O)[C@@H](O[C@H]6[C@H](O)[C@@H](O)[C@@H](O[C@H]7[C@H](O)[C@@H](O)[C@@H](O[C@H]1[C@H](O)[C@H]2O)O[C@@H]7CO)O[C@@H]6CO)O[C@@H]5CO)O[C@@H]4CO)O[C@@H]3CO,9CB41F926A4386D7C0E23599753E6EDC60802BE1DCF577DB9B32CBB20691DB1D,HOST_CAN_0175,PASS,O=S(=O)([O-])C(F)(F)F.[Na+],07342045B9C55572D8E458E5295B1D6E4E6E29B7DBCAD161C4F57723BA371812,GUEST_CAN_0933,PASS,AttentiveFP,1,random,4,1.543827772140503
1308,1,788,C1C2=CC(=CC(=C2O)CC3=CC(=CC(=C3O)CC4=C(C(=CC(=C4)S(=O)(=O)O)CC5=C(C1=CC(=C5)S(=O)(=O)O)O)O)S(=O)(=O)O)S(=O)(=O)O,CCC[NH3+],calixarene,4.12060022354126,O=S(=O)(O)c1cc2c(O)c(c1)Cc1cc(S(=O)(=O)O)cc(c1O)Cc1cc(S(=O)(=O)O)cc(c1O)Cc1cc(S(=O)(=O)O)cc(c1O)C2,C1130CCDC8DA0C6458EF6C2E07E7F3330D8F8B055CBE4DEAADB70DC00C8CDFC1,HOST_CAN_0154,PASS,CCC[NH3+],4AE8234A48B586530D7F45AECAABE9126E0648F04A0A0D70F3CF9DE7DDC6878C,GUEST_CAN_0337,PASS,AttentiveFP,1,random,4,3.169590950012207
1314,133,56,OC1=C(CC2=CC(S(=O)([O-])=O)=CC(CC3=CC(S(=O)([O-])=O)=CC(CC4=CC(S(=O)([O-])=O)=CC(CC5=CC(S(=O)([O-])=O)=CC6=C5OCC(O)=O)=C4O)=C3O)=C2O)C=C(S(=O)([O-])=O)C=C1CC7=C(O)C(CC8=C(O)C(CC9=C(O)C(C6)=CC(S(=O)([O-])=O)=C9)=CC(S(=O)([O-])=O)=C8)=CC(S(=O)([O-])=O)=C7,CCCC(C(=O)O)N,calixarene,2.037400007247925,O=C(O)COc1c2cc(S(=O)(=O)[O-])cc1Cc1cc(S(=O)(=O)[O-])cc(c1O)Cc1cc(S(=O)(=O)[O-])cc(c1O)Cc1cc(S(=O)(=O)[O-])cc(c1O)Cc1cc(S(=O)(=O)[O-])cc(c1O)Cc1cc(S(=O)(=O)[O-])cc(c1O)Cc1cc(S(=O)(=O)[O-])cc(c1O)Cc1cc(S(=O)(=O)[O-])cc(c1O)C2,035C2443DCD42EB5D85B11E9A688FB2E331A4D0CA7EB7848E0D32F221FD3DC33,HOST_CAN_0130,PASS,CCCC(N)C(=O)O,81F3215F9F46874A7436620E7AD92167936CF997FB3F203D4397A018C4B56861,GUEST_CAN_0268,PASS,AttentiveFP,1,random,4,2.809556007385254
1316,70,792,COc1ccc2-c3ccc(c(c3)C#Cc3cc(OC)ccc3-c3ccc(c(c3)C#Cc3cc(OC)ccc3-c3cc(C#Cc4c(-c5c(C#Cc6c(-c7c(C#Cc2c1)cc(OC)cc7)ccc(c6)OC)cc(OC)cc5)ccc(c4)OC)c(OC)cc3)OC)OC,C(CC[N+]1=CC=C(C=C1)C(C)(C)C)[N+]1=CC=C(C=C1)C(C)(C)C,other,3.9289000034332275,COc1ccc2c(c1)C#Cc1cc(ccc1OC)-c1ccc(OC)cc1C#Cc1cc(OC)ccc1-c1ccc(OC)cc1C#Cc1cc(OC)ccc1-c1ccc(OC)cc1C#Cc1cc(ccc1OC)-c1ccc(OC)cc1C#Cc1cc-2ccc1OC,B364BE40B8DDA45F28F670D2A9202F02E384B90196F7CF9F650990A32B5B26FC,HOST_CAN_0080,PASS,CC(C)(C)c1cc[n+](CCC[n+]2ccc(C(C)(C)C)cc2)cc1,BA0A7ABD54B9EB6DEB7A44D3D424433B186E7049C291E85766637E29623C5108,GUEST_CAN_0115,PASS,AttentiveFP,1,random,4,5.675910472869873
1329,36,115,C1CCC2C(C1)OCCOCCOC3CCCCC3OCCOCCO2,[K+],crown_ether,2.200000047683716,C1CCC2OCCOCCOC3CCCCC3OCCOCCOC2C1,6324056DD7B8D486CDD96CAFC63AEDD5DD6528EA1F170F5E566BD0A62E2BF929,HOST_CAN_0001,PASS,[K+],E83A78F45A613BB8008932667E03FF097984CF2701657EB6EA0AB517A34DEC0B,GUEST_CAN_1068,PASS,AttentiveFP,1,random,4,1.6070139408111572
1331,110,26,O=S(OC1=C(CC2=C(OS(=O)([O-])=O)C=C(CC3=C(OS(=O)([O-])=O)C=C(CC4=C(OS(=O)([O-])=O)C=C(CC5=CC(OS(=O)([O-])=O)=C(CC6=C(OS(=O)([O-])=O)C=C(C7)C(OS(=O)([O-])=O)=C6)C=C5OS(=O)([O-])=O)C(OS(=O)([O-])=O)=C4)C(OS(=O)([O-])=O)=C3)C(OS(=O)([O-])=O)=C2)C=C(OS(=O)([O-])=O)C(CC8=CC(OS(=O)([O-])=O)=C7C=C8OS(=O)([O-])=O)=C1)([O-])=O.[Na+].[Na+].[Na+].[Na+].[Na+].[Na+].[Na+].[Na+].[Na+].[Na+].[Na+].[Na+].[Na+].[Na+],C[N+](C)(C)C.[Br-],pillararene,4.966599941253662,O=S(=O)([O-])Oc1cc2c(OS(=O)(=O)[O-])cc1Cc1cc(OS(=O)(=O)[O-])c(cc1OS(=O)(=O)[O-])Cc1cc(OS(=O)(=O)[O-])c(cc1OS(=O)(=O)[O-])Cc1cc(OS(=O)(=O)[O-])c(cc1OS(=O)(=O)[O-])Cc1cc(OS(=O)(=O)[O-])c(cc1OS(=O)(=O)[O-])Cc1cc(OS(=O)(=O)[O-])c(cc1OS(=O)(=O)[O-])Cc1cc(OS(=O)(=O)[O-])c(cc1OS(=O)(=O)[O-])C2.[Na+].[Na+].[Na+].[Na+].[Na+].[Na+].[Na+].[Na+].[Na+].[Na+].[Na+].[Na+].[Na+].[Na+],363823965269421105355BE85F9BFA79372256835F74963F23DB34F5AAE9E20B,HOST_CAN_0162,PASS,C[N+](C)(C)C.[Br-],106908581BCF2696B3EEAD8D13589E489EE5CE3B80E72B912566C7953850AB09,GUEST_CAN_0554,PASS,AttentiveFP,1,random,4,4.899161338806152
1345,56,193,CC(COCC1C2C(C(C(O1)OC3C(OC(C(C3O)O)OC4C(OC(C(C4O)O)OC5C(OC(C(C5O)O)OC6C(OC(C(C6O)O)OC7C(OC(C(C7O)O)OC8C(OC(O2)C(C8O)O)COCC(C)O)COCC(C)O)COCC(C)O)COCC(C)O)COCC(C)O)COCC(C)O)O)O)O,O=C(OCCCC)C1=CC=CC=C1C(C2=CC=C(N(CC)CC)C=C2O3)=C(C=C/4)C3=CC4=[N+](CC)\CC,cyclodextrin,2.887500047683716,CC(O)COCC1OC2OC3C(COCC(C)O)OC(OC4C(COCC(C)O)OC(OC5C(COCC(C)O)OC(OC6C(COCC(C)O)OC(OC7C(COCC(C)O)OC(OC8C(COCC(C)O)OC(OC1C(O)C2O)C(O)C8O)C(O)C7O)C(O)C6O)C(O)C5O)C(O)C4O)C(O)C3O,230541427DC92F12743008B2626A57F6159DF410C224BE8F505DFF020C17F26C,HOST_CAN_0012,PASS,CCCCOC(=O)c1ccccc1-c1c2ccc(=[N+](CC)CC)cc-2oc2cc(N(CC)CC)ccc12,6ABF93E22B781100842BF1EFD6E3AD46FB805AD371C665171C9FD4F38F91728F,GUEST_CAN_0313,PASS,AttentiveFP,1,random,4,2.797600269317627
1346,8,802,C1N2C3C4N(C2=O)CN5C6C7N(C5=O)CN8C9C2N(C8=O)CN5C8C%10N(C5=O)CN5C%11C%12N(C5=O)CN5C%13C(N1C5=O)N1CN3C(=O)N4CN6C(=O)N7CN9C(=O)N2CN8C(=O)N%10CN%11C(=O)N%12CN%13C1=O,CC(CC[NH3+])C,cucurbituril,4.552700042724609,O=C1N2CN3C(=O)N4CN5C(=O)N6CN7C(=O)N8CN9C(=O)N%10CN%11C(=O)N%12CN1C1C2N2CN%13C(=O)N(CN%14C(=O)N(CN%15C(=O)N(CN%16C(=O)N(CN%17C(=O)N(CN1C2=O)C%12C%11%17)C%10C9%16)C8C7%15)C6C5%14)C4C3%13,2526C525F966BEE6CB589BBB60C9F4124C02584847747BDAFF4E92B4462536E8,HOST_CAN_0149,PASS,CC(C)CC[NH3+],65D133CCEB198C12DBC71733068E3809B4855807228DC3B63012E40A8B51BBFE,GUEST_CAN_0147,PASS,AttentiveFP,1,random,4,4.625190734863281
1347,161,803,O[C@H]1[C@H](O[C@@H]2[C@H](OC)[C@@H](O)[C@H](O3)[C@@H](COC)O2)[C@@H](COC)O[C@H](O[C@H]4[C@H](O)[C@@H](OC)[C@@H](O[C@@H]5[C@@H](O)[C@H](OC)[C@H](O[C@@H]6[C@@H](O)[C@H](OC)[C@H](O[C@@H]7[C@@H](O)[C@H](OC)[C@H](O[C@@H]8[C@@H](O)[C@H](OC)[C@H]3O[C@H]8COC)O[C@H]7COC)O[C@H]6COC)O[C@H]5COC)O[C@@H]4COC)[C@@H]1OC,CC[N+](=C1C=CC2=NC3C(C(=C(C=C3N)N)C)OC2=C1)CC.[Cl-],cyclodextrin,2.799299955368042,COC[C@@H]1O[C@H]2O[C@@H]3[C@@H](O)[C@H](OC)[C@H](O[C@H]4[C@H](O)[C@@H](OC)[C@@H](O[C@H]5[C@H](O)[C@@H](OC)[C@@H](O[C@H]6[C@H](O)[C@@H](OC)[C@@H](O[C@@H]7[C@@H](O)[C@H](OC)[C@H](O[C@@H]8[C@@H](O)[C@H](OC)[C@H](O[C@@H]1[C@@H](O)[C@@H]2OC)O[C@H]8COC)O[C@H]7COC)O[C@@H]6COC)O[C@@H]5COC)O[C@@H]4COC)O[C@H]3COC,6B71ABEC8E0141AB9038525DDD8F131A430CA51E02B777F4A3A571D47F79E19A,HOST_CAN_0058,PASS,CC[N+](CC)=C1C=CC2=NC3C(N)=CC(N)=C(C)C3OC2=C1.[Cl-],6830F35228C0ECB38BAEE550D3E613DC9CA93C110591DF19261CA9174EF7F0A2,GUEST_CAN_0378,PASS,AttentiveFP,1,random,4,2.4460577964782715
1348,12,115,O1CCOCCN2CCOCCOCCOCCN(CCOCC1)CCOCCOCCOCC2,[K+],other,2.0,C1COCCN2CCOCCOCCOCCN(CCOCCO1)CCOCCOCCOCC2,85C7C02142B236ECBC1FC9E9A1DD4E3252A7651F7F5B037994877CF5373B1DC8,HOST_CAN_0006,PASS,[K+],E83A78F45A613BB8008932667E03FF097984CF2701657EB6EA0AB517A34DEC0B,GUEST_CAN_1068,PASS,AttentiveFP,1,random,4,1.7129850387573242
1350,8,335,C1N2C3C4N(C2=O)CN5C6C7N(C5=O)CN8C9C2N(C8=O)CN5C8C%10N(C5=O)CN5C%11C%12N(C5=O)CN5C%13C(N1C5=O)N1CN3C(=O)N4CN6C(=O)N7CN9C(=O)N2CN8C(=O)N%10CN%11C(=O)N%12CN%13C1=O,[Li+].[Cl-],cucurbituril,2.4100000858306885,O=C1N2CN3C(=O)N4CN5C(=O)N6CN7C(=O)N8CN9C(=O)N%10CN%11C(=O)N%12CN1C1C2N2CN%13C(=O)N(CN%14C(=O)N(CN%15C(=O)N(CN%16C(=O)N(CN%17C(=O)N(CN1C2=O)C%12C%11%17)C%10C9%16)C8C7%15)C6C5%14)C4C3%13,2526C525F966BEE6CB589BBB60C9F4124C02584847747BDAFF4E92B4462536E8,HOST_CAN_0149,PASS,[Cl-].[Li+],9C20D725F6CDEBC3F46058296145BF8B00A1AB9C8A5165AC9523DEBA6449DA18,GUEST_CAN_1036,PASS,AttentiveFP,1,random,4,2.644954204559326
1352,129,804,COc1ccc2c(c1OCCOCCOCCOCCn1nnc(c1)COC13N4CN5[C@@H]6N7CN1C(=O)N1C3N(C4=O)CN3C4N(C1)C(=O)N1C4N(C3=O)CN3C4N(C1)C(=O)N1C4N(C3=O)CN3C(=O)N4CN8C(=O)N9CN(C5=O)[C@H]6N(C7=O)CN5[C@@H]9C8N(C5=O)CN5C4C3N(C1)C5=O)c[n+]1c(-c3cc4OCOc4cc3CC1)c2.[Br-],C(CC[NH2+]CCC[NH3+])C[NH2+]CCC[NH3+],cucurbituril,3.731300115585327,COc1ccc2cc3[n+](cc2c1OCCOCCOCCOCCn1cc(COC24C5N6CN7C(=O)N8CN9C(=O)N%10CN%11C(=O)N%12CN%13C(=O)N%14CN%15C(=O)N(CN2C6=O)[C@H]2[C@@H]%15N6CN%15C(=O)N(CN%16C(=O)N(CN%17C(=O)N(CN%18C(=O)N(CN5C(=O)N4CN2C6=O)C7C8%18)C9C%17%10)C%11C%16%12)C%13[C@@H]%15%14)nn1)CCc1cc2c(cc1-3)OCO2.[Br-],C6028DF2BF6BC14E931358CC886F67DB5852B3C2DAB9FCC4554578A323F6EEF9,HOST_CAN_0081,PASS,[NH3+]CCC[NH2+]CCCC[NH2+]CCC[NH3+],F142ABDE94046BD889A6018A8CC9A1CABFE1438B6BBCA9BCE41E1C9A457C9632,GUEST_CAN_1089,PASS,AttentiveFP,1,random,4,5.543835163116455
1371,151,201,C(C(=O)O)N(CC(=O)O)C1C(=O)NC(=O)NC1=O,[Li+],other,5.609600067138672,O=C(O)CN(CC(=O)O)C1C(=O)NC(=O)NC1=O,A79CF0157A796F0CD50BB6A621709E83B2F5701A5982B3FC05B4D244283FD579,HOST_CAN_0122,PASS,[Li+],A7557B375892DC7E581DDC6CA9773574F95B6514113F07A19BDE6059504332FE,GUEST_CAN_1071,PASS,AttentiveFP,1,random,4,1.3969879150390625
1378,23,814,OC[C@H]1O[C@@H]2O[C@@H]3[C@@H](CO)O[C@H](O[C@@H]4[C@@H](CO)O[C@H](O[C@@H]5[C@@H](CO)O[C@H](O[C@@H]6[C@@H](CO)O[C@H](O[C@@H]7[C@@H](CO)O[C@H](O[C@H]1[C@H](O)[C@H]2O)[C@H](O)[C@H]7O)[C@H](O)[C@H]6O)[C@H](O)[C@H]5O)[C@H](O)[C@H]4O)[C@H](O)[C@H]3O,CC(C(=O)[O-])CC,cyclodextrin,1.3710999488830566,OC[C@H]1O[C@@H]2O[C@H]3[C@H](O)[C@@H](O)[C@@H](O[C@H]4[C@H](O)[C@@H](O)[C@@H](O[C@H]5[C@H](O)[C@@H](O)[C@@H](O[C@H]6[C@H](O)[C@@H](O)[C@@H](O[C@H]7[C@H](O)[C@@H](O)[C@@H](O[C@H]1[C@H](O)[C@H]2O)O[C@@H]7CO)O[C@@H]6CO)O[C@@H]5CO)O[C@@H]4CO)O[C@@H]3CO,9CB41F926A4386D7C0E23599753E6EDC60802BE1DCF577DB9B32CBB20691DB1D,HOST_CAN_0175,PASS,CCC(C)C(=O)[O-],D8F6E112074C0312BC3E9416264984BE10774523FBC526A9D2D831DF1E0BE24A,GUEST_CAN_0257,PASS,AttentiveFP,1,random,4,2.211310863494873
1381,163,815,COCCOCCOCCOc1c2Cc3cc(NC(=N)[NH3+])cc(c3OCCOCCOCCOC)Cc3cc(cc(Cc4c(c(Cc1cc(c2)NC(=N)[NH3+])cc(NC(=N)[NH3+])c4)OCCOCCOCCOC)c3OCCOCCOCCOC)NC(=N)[NH3+],OC(=O)c1ccccc1c1c2cc(Br)c(c(c2oc2-c1cc(Br)c(=O)c2Br)Br)O,calixarene,5.37470006942749,COCCOCCOCCOc1c2cc(NC(=N)[NH3+])cc1Cc1cc(NC(=N)[NH3+])cc(c1OCCOCCOCCOC)Cc1cc(NC(=N)[NH3+])cc(c1OCCOCCOCCOC)Cc1cc(NC(=N)[NH3+])cc(c1OCCOCCOCCOC)C2,0BC50085F2037F5A28CDC92EE65A196554515366C6B8ABC6F8A10FFC3545D040,HOST_CAN_0057,PASS,O=C(O)c1ccccc1-c1c2cc(Br)c(=O)c(Br)c-2oc2c(Br)c(O)c(Br)cc12,ADBBA96650A1347B1A355A2F258A1E765973749007B6A61E21966B0A645B0771,GUEST_CAN_0891,PASS,AttentiveFP,1,random,4,6.614167213439941
1384,23,817,OC[C@H]1O[C@@H]2O[C@@H]3[C@@H](CO)O[C@H](O[C@@H]4[C@@H](CO)O[C@H](O[C@@H]5[C@@H](CO)O[C@H](O[C@@H]6[C@@H](CO)O[C@H](O[C@@H]7[C@@H](CO)O[C@H](O[C@H]1[C@H](O)[C@H]2O)[C@H](O)[C@H]7O)[C@H](O)[C@H]6O)[C@H](O)[C@H]5O)[C@H](O)[C@H]4O)[C@H](O)[C@H]3O,CCCC([NH3+])C,cyclodextrin,1.2922999858856201,OC[C@H]1O[C@@H]2O[C@H]3[C@H](O)[C@@H](O)[C@@H](O[C@H]4[C@H](O)[C@@H](O)[C@@H](O[C@H]5[C@H](O)[C@@H](O)[C@@H](O[C@H]6[C@H](O)[C@@H](O)[C@@H](O[C@H]7[C@H](O)[C@@H](O)[C@@H](O[C@H]1[C@H](O)[C@H]2O)O[C@@H]7CO)O[C@@H]6CO)O[C@@H]5CO)O[C@@H]4CO)O[C@@H]3CO,9CB41F926A4386D7C0E23599753E6EDC60802BE1DCF577DB9B32CBB20691DB1D,HOST_CAN_0175,PASS,CCCC(C)[NH3+],81988626E2560BC57F3C0B34E836A38C64CC6181B90A6B59D7418BF09B94355F,GUEST_CAN_0267,PASS,AttentiveFP,1,random,4,2.2458620071411133
1389,15,820,C1=C2C=C3C=C1OC4=CC(=CC(=C4)C(=O)O)OC5=CC6=CC(=C5)C7OC8=CC9=C1C=C8C(C4=C(O7)C=C5C(=C4)C(C4=CC7=C(C=C4OC2O5)OC2C4=CC(=CC(=C4)OC4=CC(=CC(=C4)C(=O)O)OC4=CC(=CC(=C4)OC4=CC(=CC(=C4)O6)C(=O)O)C(O9)OC4=C(C1CCC(=O)O)C=C(C7CCC(=O)O)C(=C4)O2)OC1=CC(=CC(=C1)O3)C(=O)O)CCC(=O)O)CCC(=O)O,C1=CC(=CC=C1C#N)C(=O)O,cavitand,3.288599967956543,O=C(O)CCC1c2cc3c4cc2OC2Oc5cc6c(cc51)C(CCC(=O)O)c1cc5c7cc1OC(O6)c1cc6cc(c1)Oc1cc(cc(C(=O)O)c1)Oc1cc8cc(c1)C(Oc1cc(c(cc1C5CCC(=O)O)C3CCC(=O)O)OC(O4)c1cc(cc(c1)Oc1cc(cc(C(=O)O)c1)O8)Oc1cc(cc(C(=O)O)c1)Oc1cc(cc2c1)Oc1cc(cc(C(=O)O)c1)O6)O7,AE6E8A9B8E3ECDE32B65BE9B8736ECC23E2311A112E2CA1B78F35ECF9046A382,HOST_CAN_0117,PASS,N#Cc1ccc(C(=O)O)cc1,4958BD941DCC40F0212E4E3C5AB66B223F86FDC2B2586D53FB4D501BF6D4B60C,GUEST_CAN_0716,PASS,AttentiveFP,1,random,4,3.9060025215148926
1392,45,221,C1C2=CC(=CC=C2)CC3=CC(=CC=C3)CC4=CC=CC(=C4)CC5=CC=CC1=C5,C1=C(NC=N1)CCN,calixarene,4.95419979095459,c1cc2cc(c1)Cc1cccc(c1)Cc1cccc(c1)Cc1cccc(c1)C2,001BA14F081450375618B4DEC192A3633931B27A166EE11658CCCBFAB45E327F,HOST_CAN_0183,PASS,NCCc1cnc[nH]1,15D090429620CA099A147C5AB92E85222F180B20A16D7D5EE0B5A640A2C40D3F,GUEST_CAN_0811,PASS,AttentiveFP,1,random,4,3.586129665374756
1393,63,821,Oc1c2Cc3cc(cc(c3O)Cc3cc(cc(c3O)Cc3cc(cc(c3O)Cc3cc(cc(Cc4c(c(Cc5c(c(Cc6c(c(Cc1cc(c2)S(=O)(=O)[O-])cc(c6)S(=O)(=O)[O-])O)cc(c5)S(=O)(=O)[O-])O)cc(c4)S(=O)(=O)[O-])O)c3O)S(=O)(=O)[O-])S(=O)(=O)[O-])S(=O)(=O)[O-])S(=O)(=O)[O-],S(=O)(=O)(C1=CC=CC=2C(N(C)C)=CC=CC12)OCC[N+](C)(C)C,calixarene,5.518499851226807,O=S(=O)([O-])c1cc2c(O)c(c1)Cc1cc(S(=O)(=O)[O-])cc(c1O)Cc1cc(S(=O)(=O)[O-])cc(c1O)Cc1cc(S(=O)(=O)[O-])cc(c1O)Cc1cc(S(=O)(=O)[O-])cc(c1O)Cc1cc(S(=O)(=O)[O-])cc(c1O)Cc1cc(S(=O)(=O)[O-])cc(c1O)Cc1cc(S(=O)(=O)[O-])cc(c1O)C2,3C24C9B25872FE0768A640DF44D242D9AEC5F3FA9C167A457997BAE8D628FFF1,HOST_CAN_0166,PASS,CN(C)c1cccc2c(S(=O)(=O)OCC[N+](C)(C)C)cccc12,8C5C0142EB1257A4E848706D7FF23B96310B55FD4A42A53F6608A5AED23A7D4E,GUEST_CAN_0413,PASS,AttentiveFP,1,random,4,4.788082599639893
1395,8,687,C1N2C3C4N(C2=O)CN5C6C7N(C5=O)CN8C9C2N(C8=O)CN5C8C%10N(C5=O)CN5C%11C%12N(C5=O)CN5C%13C(N1C5=O)N1CN3C(=O)N4CN6C(=O)N7CN9C(=O)N2CN8C(=O)N%10CN%11C(=O)N%12CN%13C1=O,NCCC(=O)O,cucurbituril,3.369999885559082,O=C1N2CN3C(=O)N4CN5C(=O)N6CN7C(=O)N8CN9C(=O)N%10CN%11C(=O)N%12CN1C1C2N2CN%13C(=O)N(CN%14C(=O)N(CN%15C(=O)N(CN%16C(=O)N(CN%17C(=O)N(CN1C2=O)C%12C%11%17)C%10C9%16)C8C7%15)C6C5%14)C4C3%13,2526C525F966BEE6CB589BBB60C9F4124C02584847747BDAFF4E92B4462536E8,HOST_CAN_0149,PASS,NCCC(=O)O,EBFC15AA53F03823F579A69DF53E93F7360864D03CD8771DB2628AC4F982B3B4,GUEST_CAN_0778,PASS,AttentiveFP,1,random,4,2.573507785797119
1398,3,824,OC[C@H]1O[C@@H]2O[C@@H]3[C@@H](CO)O[C@H](O[C@@H]4[C@@H](CO)O[C@H](O[C@@H]5[C@@H](CO)O[C@H](O[C@@H]6[C@@H](CO)O[C@H](O[C@@H]7[C@@H](CO)O[C@H](O[C@@H]8[C@@H](CO)O[C@H](O[C@H]1[C@H](O)[C@H]2O)[C@H](O)[C@H]8O)[C@H](O)[C@H]7O)[C@H](O)[C@H]6O)[C@H](O)[C@H]5O)[C@H](O)[C@H]4O)[C@H](O)[C@H]3O,CN(C)C(C=C1)=CC=C1C2=CN=C(C3=CC=C(S(=O)([O-])=O)C=C3)O2,cyclodextrin,3.7393999099731445,OC[C@H]1O[C@@H]2O[C@H]3[C@H](O)[C@@H](O)[C@@H](O[C@H]4[C@H](O)[C@@H](O)[C@@H](O[C@H]5[C@H](O)[C@@H](O)[C@@H](O[C@H]6[C@H](O)[C@@H](O)[C@@H](O[C@H]7[C@H](O)[C@@H](O)[C@@H](O[C@H]8[C@H](O)[C@@H](O)[C@@H](O[C@H]1[C@H](O)[C@H]2O)O[C@@H]8CO)O[C@@H]7CO)O[C@@H]6CO)O[C@@H]5CO)O[C@@H]4CO)O[C@@H]3CO,22584443D9512992310760C9871E3E6BDB3EDC92006F3EF1EC94F44373907EB1,HOST_CAN_0176,PASS,CN(C)c1ccc(-c2cnc(-c3ccc(S(=O)(=O)[O-])cc3)o2)cc1,9C25E8C7AB70A0295DF6E29A7120FF9119385CBC7EFD910E202795AEAAF1E63B,GUEST_CAN_0400,PASS,AttentiveFP,1,random,4,2.8710250854492188
1400,4,652,[Na]OS(=O)(=O)CCCCOC=1C=C(C=CC1)[C@@H]1N=C(OC1)CC1=C(C(=C(C(=C1C)CC=1OC[C@@H](N1)C1=CC(=CC=C1)OCCCCS(=O)(=O)O[Na])C)CC=1OC[C@@H](N1)C1=CC(=CC=C1)OCCCCS(=O)(=O)O[Na])C,Cl.COC(C(N)CC1=CC=C(C=C1)O)=O,other,1.8128999471664429,Cc1c(CC2=N[C@@H](c3cccc(OCCCCS(=O)(=O)[O][Na])c3)CO2)c(C)c(CC2=N[C@@H](c3cccc(OCCCCS(=O)(=O)[O][Na])c3)CO2)c(C)c1CC1=N[C@@H](c2cccc(OCCCCS(=O)(=O)[O][Na])c2)CO1,9E3429786C624B72E8FD089068975D2A1C33E04632FEA26EF01294722587A124,HOST_CAN_0098,PASS,COC(=O)C(N)Cc1ccc(O)cc1.Cl,EEFCE178F706B4BC72EA91A0EC8B91A444D69422C16131691CE36F31C88A27CC,GUEST_CAN_0441,PASS,AttentiveFP,1,random,4,1.6179957389831543
1416,115,523,C(CCC)C1=C(C(OC2=CC(=CC=C12)N(CC)CC)=O)C=O,C(C(=O)O)N,other,0.6021000146865845,CCCCc1c(C=O)c(=O)oc2cc(N(CC)CC)ccc12,50E4CC3B42DB2A1D81BA2FCB02D3EA8F0BF1EB0B92ACDAB1C80BFBFCC39A06BB,HOST_CAN_0035,PASS,NCC(=O)O,30FE3809EFBE5F6B082D9B94D27A0C7C9ECD1364A816D59C3D31CE32BCDF848E,GUEST_CAN_0774,PASS,AttentiveFP,1,random,4,1.283506155014038
1425,22,271,Oc1c2Sc3cc(cc(c3O)Sc3cc(cc(Sc4c(c(Sc1cc(c2)S(=O)(=O)O)cc(c4)S(=O)(=O)O)O)c3O)S(=O)(=O)O)S(=O)(=O)O,C1=CC=NC(=C1)N,calixarene,2.7184998989105225,O=S(=O)(O)c1cc2c(O)c(c1)Sc1cc(S(=O)(=O)O)cc(c1O)Sc1cc(S(=O)(=O)O)cc(c1O)Sc1cc(S(=O)(=O)O)cc(c1O)S2,5FE888C1FB51BDA35D21231A31EDB8203ACD56DD9744D0C6B83351EC668D4256,HOST_CAN_0156,PASS,Nc1ccccn1,37A89CEE84BAFA4BA4E4333AD3051B9409462C09645E500B0AEB6FECD2D14118,GUEST_CAN_0839,PASS,AttentiveFP,1,random,4,2.2206435203552246
1429,13,839,O=C1N2CN3C(=O)N4C5C3N3CN6C2C2N1CN1C(=O)N7[C@H]8[C@@H]1N(CN2C6=O)C(=O)N8CN1C2(N(C7)C(=O)N6[C@@H]2N(C1=O)CN1[C@H]2N(C6)C(=O)N6[C@H]2N(C1=O)CN1C(=O)N2CN7C8C(N(C4)C(=O)N8CN4C2C1N(C4=O)C6)N(CN5C3=O)C7=O)O,C1=CC(=CC=C1N)N.Cl.Cl,cucurbituril,6.146100044250488,O=C1N2CN3C(=O)N4CN5C(=O)N6CN7C(=O)N8CN9C(=O)N%10CN%11C(=O)N%12CN%13C(=O)N%14CN1C1C2N2CN%15C(=O)N(CN%16C(=O)N(CN%17C(=O)N(CN%18C(=O)N(CN%19C(=O)N(CN%20C(=O)N(CN1C2=O)C%14C%13%20)[C@H]%12[C@@H]%19%11)C%10(O)[C@@H]%189)[C@@H]8[C@@H]7%17)C6C5%16)C4C3%15,834B504E9B204C59F3298F5D5A67B7E1A7ED973D91F3A1C9659C2402EB422334,HOST_CAN_0147,PASS,Cl.Cl.Nc1ccc(N)cc1,AD943B229D7DABCFD4EADC88AF3D0F1D3CE8D4E71C7A66D1921AEE1B9B6344B2,GUEST_CAN_0680,PASS,AttentiveFP,1,random,4,6.161927223205566
1434,18,6,CC1=C2C3=CC4=C1OC5C6=CC7=CC(=C6)OC8=CC(=CC(=C8)C(=O)O)OC9=CC1=CC(=C9)C6OC8=C(C=C(C4CCC(=O)O)C(=C8C)O5)C(C4=C(O6)C(=C5C(=C4)C(C4=C6C(=C(C(=C4)C3CCC(=O)O)OC(O2)C2=CC(=CC(=C2)OC2=CC(=CC(=C2)C(=O)O)OC2=CC(=CC(=C2)C(O5)O6)OC2=CC(=CC(=C2)C(=O)O)O1)OC1=CC(=CC(=C1)C(=O)O)O7)C)CCC(=O)O)C)CCC(=O)O,CC1=CC=C(C=C1)C(=O)O,cavitand,4.8892998695373535,Cc1c2c3cc4c1OC1Oc5c(cc6c(c5C)OC5Oc7c(cc8c(c7C)OC7Oc9c(cc(c(c9C)OC(O2)c2cc9cc(c2)Oc2cc(cc(C(=O)O)c2)Oc2cc(cc7c2)Oc2cc(cc(C(=O)O)c2)Oc2cc(cc5c2)Oc2cc(cc(C(=O)O)c2)Oc2cc(cc1c2)Oc1cc(cc(C(=O)O)c1)O9)C3CCC(=O)O)C8CCC(=O)O)C6CCC(=O)O)C4CCC(=O)O,326FFD4B5C5565D32207155C0B129AE16AFCA7B3342F0DAD815C24AB8DFA8483,HOST_CAN_0099,PASS,Cc1ccc(C(=O)O)cc1,77120D4F215B3F6A20DC92D31FF568A8A5CC2FD03CD35785CF05B48416FB8C9C,GUEST_CAN_0655,PASS,AttentiveFP,1,random,4,4.047759532928467
1435,8,843,C1N2C3C4N(C2=O)CN5C6C7N(C5=O)CN8C9C2N(C8=O)CN5C8C%10N(C5=O)CN5C%11C%12N(C5=O)CN5C%13C(N1C5=O)N1CN3C(=O)N4CN6C(=O)N7CN9C(=O)N2CN8C(=O)N%10CN%11C(=O)N%12CN%13C1=O,C1(=CC=CC=C1)C1=CC=C(C=N1)N,cucurbituril,4.198699951171875,O=C1N2CN3C(=O)N4CN5C(=O)N6CN7C(=O)N8CN9C(=O)N%10CN%11C(=O)N%12CN1C1C2N2CN%13C(=O)N(CN%14C(=O)N(CN%15C(=O)N(CN%16C(=O)N(CN%17C(=O)N(CN1C2=O)C%12C%11%17)C%10C9%16)C8C7%15)C6C5%14)C4C3%13,2526C525F966BEE6CB589BBB60C9F4124C02584847747BDAFF4E92B4462536E8,HOST_CAN_0149,PASS,Nc1ccc(-c2ccccc2)nc1,DD82A2621C71E20185C05C612AB6AD0F5C6A274BDE79F3AADA02E3B587338A06,GUEST_CAN_0825,PASS,AttentiveFP,1,random,4,3.3008882999420166
1438,60,845,CCCCOc1ccc2c3c1COCc1c(OCCCC)ccc4c1ccc1c4C4CC(O1)Oc1c4c4ccc(c(COCc5c6c(c7C8c2c(cc3)OC(C8)Oc7cc6)ccc5OCCCC)c4cc1)OCCCC,C(CC[N+]12CCN(CC1)CC2)CC[N+]12CCN(CC1)CC2,other,6.322199821472168,CCCCOc1ccc2c3c4ccc2c1COCc1c(OCCCC)ccc2c5c(ccc12)OC1CC5c2c(ccc5c(c(OCCCC)ccc25)COCc2c(OCCCC)ccc5c6c(ccc25)OC(CC36)O4)O1,88DCF2D39B7DF2B43B3F0E5C1B57BDEDED9EEF541105412EB4DABE8747E45264,HOST_CAN_0034,PASS,C(CC[N+]12CCN(CC1)CC2)CC[N+]12CCN(CC1)CC2,BE2D47735363D9C36759D1F4B3006FD1D322B2D73150FB0570C4314CB6000ECE,GUEST_CAN_0011,PASS,AttentiveFP,1,random,4,7.38210916519165
1441,69,126,NCCN1C=C(N=N1)COC(C=C2)=C(CNCC3=C(OCC(N=N4)=CN4CCN)C=CC5=C3C=C6)C7=C2C8=C(C=C7)OC9CC8C%10=C(O9)C=CC%11=C%10C=CC(OCC(N=N%12)=CN%12CCN)=C%11CNCC%13=C(OCC(N=N%14)=CN%14CCN)C=CC%15=C%13C=CC(O%16)=C%15C%17C5=C6OC%16C%17,NC(C(=O)O)Cc1ccccc1,other,2.4149999618530273,NCCn1cc(COc2ccc3c4c5ccc3c2CNCc2c(OCc3cn(CCN)nn3)ccc3c6c(ccc23)OC2CC6c3c(ccc6c(c(OCc7cn(CCN)nn7)ccc36)CNCc3c(OCc6cn(CCN)nn6)ccc6c7c(ccc36)OC(CC47)O5)O2)nn1,E69AC36986BDADC1E5A61FE9021251B6D5437DB096F231021CE94D055FF4BCBF,HOST_CAN_0113,PASS,NC(Cc1ccccc1)C(=O)O,4B6B1236F1C31D28D9F95F736FF46B2960AFF4F6FCE3D9E76CF43DE2ADDE8B08,GUEST_CAN_0746,PASS,AttentiveFP,1,random,4,3.5833356380462646
1443,8,613,C1N2C3C4N(C2=O)CN5C6C7N(C5=O)CN8C9C2N(C8=O)CN5C8C%10N(C5=O)CN5C%11C%12N(C5=O)CN5C%13C(N1C5=O)N1CN3C(=O)N4CN6C(=O)N7CN9C(=O)N2CN8C(=O)N%10CN%11C(=O)N%12CN%13C1=O,C1=CNC=C1,cucurbituril,4.556300163269043,O=C1N2CN3C(=O)N4CN5C(=O)N6CN7C(=O)N8CN9C(=O)N%10CN%11C(=O)N%12CN1C1C2N2CN%13C(=O)N(CN%14C(=O)N(CN%15C(=O)N(CN%16C(=O)N(CN%17C(=O)N(CN1C2=O)C%12C%11%17)C%10C9%16)C8C7%15)C6C5%14)C4C3%13,2526C525F966BEE6CB589BBB60C9F4124C02584847747BDAFF4E92B4462536E8,HOST_CAN_0149,PASS,c1cc[nH]c1,F996E37E5A4B42FBC524EFA4BA2E9A15FBF3D1F561537DA9CA8ED1DFB7CD0E8F,GUEST_CAN_1126,PASS,AttentiveFP,1,random,4,2.9039385318756104
1445,75,748,CN1[C@H]2[C@@H](N(C1=O)C)N3CN4[C@@H]5[C@@H](N(C(=O)N5C)C)N(C4=O)CN6[C@@H]7[C@@H](N(C(=O)N7C)C)N(C6=O)CN8[C@@H]9[C@@H](N(C(=O)N9C)C)N(C8=O)CN1[C@@H]4[C@@H](N(C(=O)N4C)C)N(C1=O)CN1[C@@H]4[C@@H](N(C(=O)N4C)C)N(C1=O)CN2C3=O,[Na+].[Na+].[S-2],other,5.041399955749512,CN1C(=O)N(C)[C@@H]2[C@H]1N1CN3C(=O)N(CN4C(=O)N(CN5C(=O)N(CN6C(=O)N(CN7C(=O)N(CN2C1=O)[C@@H]1[C@H]7N(C)C(=O)N1C)[C@@H]1[C@H]6N(C)C(=O)N1C)[C@@H]1[C@H]5N(C)C(=O)N1C)[C@@H]1[C@H]4N(C)C(=O)N1C)[C@@H]1[C@H]3N(C)C(=O)N1C,D6C3F21332661BB9069594818AE00619D2227BBAE869749EDEEAB00A6EE038AA,HOST_CAN_0053,PASS,[Na+].[Na+].[S-2],27D4167B9C55CE3638E5CA89439C1FDA94F68C9F97B9BD6A9B1804CB06A21166,GUEST_CAN_1099,PASS,AttentiveFP,1,random,4,3.2299556732177734
1447,87,847,CCCCOc1c(OCCCC)c2COCc3c(OCCCC)c(OCCCC)c(c4c3cccc4)COCc3c(c(c(COCc4c(c(c(COCc1c1c2cccc1)c1ccccc41)OCCCC)OCCCC)c1c3cccc1)OCCCC)OCCCC,ClC1=CC=C(C[N+](CC2=CC=C(C=C2)Cl)(C)C)C=C1,other,5.342400074005127,CCCCOc1c(OCCCC)c2c3ccccc3c1COCc1c(OCCCC)c(OCCCC)c(c3ccccc13)COCc1c(OCCCC)c(OCCCC)c(c3ccccc13)COCc1c(OCCCC)c(OCCCC)c(c3ccccc13)COC2,A699E12937358A216FBA45A53678131D8F7DBBB042BA5E7F52621C78F0465945,HOST_CAN_0031,PASS,C[N+](C)(Cc1ccc(Cl)cc1)Cc1ccc(Cl)cc1,DC8AD954C24345EA589C1DB08B22AB1D9E767AFB72F208616B6684F99AAA07E9,GUEST_CAN_0594,PASS,AttentiveFP,1,random,4,5.433396339416504
1461,3,30,OC[C@H]1O[C@@H]2O[C@@H]3[C@@H](CO)O[C@H](O[C@@H]4[C@@H](CO)O[C@H](O[C@@H]5[C@@H](CO)O[C@H](O[C@@H]6[C@@H](CO)O[C@H](O[C@@H]7[C@@H](CO)O[C@H](O[C@@H]8[C@@H](CO)O[C@H](O[C@H]1[C@H](O)[C@H]2O)[C@H](O)[C@H]8O)[C@H](O)[C@H]7O)[C@H](O)[C@H]6O)[C@H](O)[C@H]5O)[C@H](O)[C@H]4O)[C@H](O)[C@H]3O,CCCCOC1=NC2=CC=CC=C2C(=C1)C(=O)NCCN(CC)CC.Cl,cyclodextrin,2.7929000854492188,OC[C@H]1O[C@@H]2O[C@H]3[C@H](O)[C@@H](O)[C@@H](O[C@H]4[C@H](O)[C@@H](O)[C@@H](O[C@H]5[C@H](O)[C@@H](O)[C@@H](O[C@H]6[C@H](O)[C@@H](O)[C@@H](O[C@H]7[C@H](O)[C@@H](O)[C@@H](O[C@H]8[C@H](O)[C@@H](O)[C@@H](O[C@H]1[C@H](O)[C@H]2O)O[C@@H]8CO)O[C@@H]7CO)O[C@@H]6CO)O[C@@H]5CO)O[C@@H]4CO)O[C@@H]3CO,22584443D9512992310760C9871E3E6BDB3EDC92006F3EF1EC94F44373907EB1,HOST_CAN_0176,PASS,CCCCOc1cc(C(=O)NCCN(CC)CC)c2ccccc2n1.Cl,9EE0A4C760C05959EF862E5A33BC41138F65BC2F1C0C020F262CB04579BA1A37,GUEST_CAN_0314,PASS,AttentiveFP,1,random,4,2.444516181945801
1465,30,733,C1C2=CC(=CC(=C2O)CC3=CC(=CC(=C3O)CC4=CC(=CC(=C4O)CC5=C(C(=CC(=C5)S(=O)(=O)[O-])CC6=C(C(=CC(=C6)S(=O)(=O)[O-])CC7=C(C1=CC(=C7)S(=O)(=O)[O-])O)O)O)S(=O)(=O)[O-])S(=O)(=O)[O-])S(=O)(=O)[O-],[Cl-].C(CC)[N+](CCC)(CCC)CCC,calixarene,4.198699951171875,O=S(=O)([O-])c1cc2c(O)c(c1)Cc1cc(S(=O)(=O)[O-])cc(c1O)Cc1cc(S(=O)(=O)[O-])cc(c1O)Cc1cc(S(=O)(=O)[O-])cc(c1O)Cc1cc(S(=O)(=O)[O-])cc(c1O)Cc1cc(S(=O)(=O)[O-])cc(c1O)C2,175E9D01D3A7DD7BE73E9B8659E8BAA0A16B2D5C4CCEFE3BEFED10121429BF10,HOST_CAN_0164,PASS,CCC[N+](CCC)(CCC)CCC.[Cl-],7E4FFA4592B5866D79017B7D3BA09FC8257193B2863C9C744D333FA1F98785E0,GUEST_CAN_0336,PASS,AttentiveFP,1,random,4,3.8759729862213135
1466,69,631,NCCN1C=C(N=N1)COC(C=C2)=C(CNCC3=C(OCC(N=N4)=CN4CCN)C=CC5=C3C=C6)C7=C2C8=C(C=C7)OC9CC8C%10=C(O9)C=CC%11=C%10C=CC(OCC(N=N%12)=CN%12CCN)=C%11CNCC%13=C(OCC(N=N%14)=CN%14CCN)C=CC%15=C%13C=CC(O%16)=C%15C%17C5=C6OC%16C%17,CC1(C(N2C(S1)C(C2=O)NC(=O)C(C3=CC=CC=C3)C(=O)O)C(=O)O)C,other,5.57289981842041,NCCn1cc(COc2ccc3c4c5ccc3c2CNCc2c(OCc3cn(CCN)nn3)ccc3c6c(ccc23)OC2CC6c3c(ccc6c(c(OCc7cn(CCN)nn7)ccc36)CNCc3c(OCc6cn(CCN)nn6)ccc6c7c(ccc36)OC(CC47)O5)O2)nn1,E69AC36986BDADC1E5A61FE9021251B6D5437DB096F231021CE94D055FF4BCBF,HOST_CAN_0113,PASS,CC1(C)SC2C(NC(=O)C(C(=O)O)c3ccccc3)C(=O)N2C1C(=O)O,151DED631C5746A3012B120AC3B90450EAA30CCBDE99BC507AEA457991B52051,GUEST_CAN_0208,PASS,AttentiveFP,1,random,4,3.9060921669006348
1468,136,90,[Na]OS(=O)(=O)CCCOc1c2CN3C(=O)N4[C@]5([C@@]3(N(Cc2c(c2c1cccc2)OCCCS(=O)(=O)O[Na])C(=O)N5CN1[C@@]2(N(C4)C(=O)N3[C@@H]2N(C1=O)CN1[C@@H]2N(C3)C(=O)N3[C@]2(C)N(C1=O)CN1[C@@]2(N(C3)C(=O)N3[C@]2(C)N(C1=O)Cc1c(C3)c(OCCCS(=O)(=O)O[Na])c2c(c1OCCCS(=O)(=O)O[Na])cccc2)C)C)C)C,O=C1C=C(NC(=O)c2cc3ccccc3nc2O)[C@@H]([C@H]2[C@@H]1O2)O,other,6.278800010681152,C[C@]12[C@H]3N4CN5C(=O)N6CN7C(=O)N8Cc9c(c(OCCCS(=O)(=O)[O][Na])c%10ccccc%10c9OCCCS(=O)(=O)[O][Na])CN9C(=O)N(CN%10C(=O)N(CN3C(=O)N1CN1C(=O)N3Cc%11c(c(OCCCS(=O)(=O)[O][Na])c%12ccccc%12c%11OCCCS(=O)(=O)[O][Na])CN%11C(=O)N(CN2C4=O)[C@]1(C)[C@@]3%11C)[C@@H]5[C@]%106C)[C@]7(C)[C@@]89C,1DCA0847E025F86C1C729E9FF98D736A19E955201DE9828E57DA9B852243C5EB,HOST_CAN_0094,PASS,O=C(NC1=CC(=O)[C@H]2O[C@H]2[C@H]1O)c1cc2ccccc2nc1O,FDF8CE2A8B4B2A3DB312AD1231F5B6666439F2E4BEB6DF93515A1333E1D206F0,GUEST_CAN_0852,PASS,AttentiveFP,1,random,4,5.788747310638428
1469,112,175,CC(C)(C)C1=CC(=C(C=C1)NC(=O)NC2=CC=C(C=C2)OC)C#CC3=CC(=CC(=C3)Cl)C#CC4=C(C=CC(=C4)C(C)(C)C)NC(=O)NC5=CC=C(C=C5)OC,CCCC[N+](CCCC)(CCCC)CCCC.[I-],other,2.462399959564209,COc1ccc(NC(=O)Nc2ccc(C(C)(C)C)cc2C#Cc2cc(Cl)cc(C#Cc3cc(C(C)(C)C)ccc3NC(=O)Nc3ccc(OC)cc3)c2)cc1,6714985C95FB4721F34200A13D77E1BF78C94A1DBA43CA1FDFE94E15E6C48A18,HOST_CAN_0075,PASS,CCCC[N+](CCCC)(CCCC)CCCC.[I-],AEB60E90607A4F8C1F949B3EACD125A2B91E0A4DEAD7B24D9097176DB9E506E4,GUEST_CAN_0318,PASS,AttentiveFP,1,random,4,3.410557746887207
1470,45,76,C1C2=CC(=CC=C2)CC3=CC(=CC=C3)CC4=CC=CC(=C4)CC5=CC=CC1=C5,[Ba+2],calixarene,3.829900026321411,c1cc2cc(c1)Cc1cccc(c1)Cc1cccc(c1)Cc1cccc(c1)C2,001BA14F081450375618B4DEC192A3633931B27A166EE11658CCCBFAB45E327F,HOST_CAN_0183,PASS,[Ba+2],646B641AF6E7E8BB0EF6865C6EADD1E8EF78BF2568880853D320270397B832AE,GUEST_CAN_1012,PASS,AttentiveFP,1,random,4,3.771045207977295
1472,1,854,C1C2=CC(=CC(=C2O)CC3=CC(=CC(=C3O)CC4=C(C(=CC(=C4)S(=O)(=O)O)CC5=C(C1=CC(=C5)S(=O)(=O)O)O)O)S(=O)(=O)O)S(=O)(=O)O,[Cl-].[Dy+3].[Cl-].[Cl-],calixarene,3.880000114440918,O=S(=O)(O)c1cc2c(O)c(c1)Cc1cc(S(=O)(=O)O)cc(c1O)Cc1cc(S(=O)(=O)O)cc(c1O)Cc1cc(S(=O)(=O)O)cc(c1O)C2,C1130CCDC8DA0C6458EF6C2E07E7F3330D8F8B055CBE4DEAADB70DC00C8CDFC1,HOST_CAN_0154,PASS,[Cl-].[Cl-].[Cl-].[Dy+3],B760CA04FC6C7648DFD3E9DEBC637D467A284C1978E5A6C11CB94DD4F0813D89,GUEST_CAN_1024,PASS,AttentiveFP,1,random,4,4.234875679016113
1479,110,328,O=S(OC1=C(CC2=C(OS(=O)([O-])=O)C=C(CC3=C(OS(=O)([O-])=O)C=C(CC4=C(OS(=O)([O-])=O)C=C(CC5=CC(OS(=O)([O-])=O)=C(CC6=C(OS(=O)([O-])=O)C=C(C7)C(OS(=O)([O-])=O)=C6)C=C5OS(=O)([O-])=O)C(OS(=O)([O-])=O)=C4)C(OS(=O)([O-])=O)=C3)C(OS(=O)([O-])=O)=C2)C=C(OS(=O)([O-])=O)C(CC8=CC(OS(=O)([O-])=O)=C7C=C8OS(=O)([O-])=O)=C1)([O-])=O.[Na+].[Na+].[Na+].[Na+].[Na+].[Na+].[Na+].[Na+].[Na+].[Na+].[Na+].[Na+].[Na+].[Na+],C[N+](C)(C)C12CC3CC(C1)CC(C3)C2,pillararene,7.250400066375732,O=S(=O)([O-])Oc1cc2c(OS(=O)(=O)[O-])cc1Cc1cc(OS(=O)(=O)[O-])c(cc1OS(=O)(=O)[O-])Cc1cc(OS(=O)(=O)[O-])c(cc1OS(=O)(=O)[O-])Cc1cc(OS(=O)(=O)[O-])c(cc1OS(=O)(=O)[O-])Cc1cc(OS(=O)(=O)[O-])c(cc1OS(=O)(=O)[O-])Cc1cc(OS(=O)(=O)[O-])c(cc1OS(=O)(=O)[O-])Cc1cc(OS(=O)(=O)[O-])c(cc1OS(=O)(=O)[O-])C2.[Na+].[Na+].[Na+].[Na+].[Na+].[Na+].[Na+].[Na+].[Na+].[Na+].[Na+].[Na+].[Na+].[Na+],363823965269421105355BE85F9BFA79372256835F74963F23DB34F5AAE9E20B,HOST_CAN_0162,PASS,C[N+](C)(C)C12CC3CC(CC(C3)C1)C2,592B1274AF36843687A4C28CB14599E0E7295207B2962D4756B9C9C885C8456D,GUEST_CAN_0558,PASS,AttentiveFP,1,random,4,6.4779510498046875
1483,67,472,COCCOCCOCCN1C2C(N(C1=O)CCOCCOCCOC)N1C(=O)N2CN2C(=O)N(C3C2N(CCOCCOCCOC)C(=O)N3CCOCCOCCOC)CN2C(=O)N(C3C2N(CCOCCOCCOC)C(=O)N3CCOCCOCCOC)CN2C(=O)N(CN3C(=O)N(CN4C(=O)N(C1)C1C4N(C(=O)N1CCOCCOCCOC)CCOCCOCCOC)C1C3N(C(=O)N1CCOCCOCCOC)CCOCCOCCOC)C1C2N(CCOCCOCCOC)C(=O)N1CCOCCOCCOC,CCCC[N+](CCCC)(CCCC)CCCC.[Br-],other,7.37060022354126,COCCOCCOCCN1C(=O)N(CCOCCOCCOC)C2C1N1CN3C(=O)N(CN4C(=O)N(CN5C(=O)N(CN6C(=O)N(CN7C(=O)N(CN2C1=O)C1C7N(CCOCCOCCOC)C(=O)N1CCOCCOCCOC)C1C6N(CCOCCOCCOC)C(=O)N1CCOCCOCCOC)C1C5N(CCOCCOCCOC)C(=O)N1CCOCCOCCOC)C1C4N(CCOCCOCCOC)C(=O)N1CCOCCOCCOC)C1C3N(CCOCCOCCOC)C(=O)N1CCOCCOCCOC,62192EF92C15D4B199D2DAB70679D4FE4B9DB65514F9B760A1D77C13905222B6,HOST_CAN_0056,PASS,CCCC[N+](CCCC)(CCCC)CCCC.[Br-],6DD8DD4627FCB94C4F4125FAFF1BB3C1B5671EA4BD5502CBFB668600B9692E59,GUEST_CAN_0316,PASS,AttentiveFP,1,random,4,5.35830020904541
1488,63,72,Oc1c2Cc3cc(cc(c3O)Cc3cc(cc(c3O)Cc3cc(cc(c3O)Cc3cc(cc(Cc4c(c(Cc5c(c(Cc6c(c(Cc1cc(c2)S(=O)(=O)[O-])cc(c6)S(=O)(=O)[O-])O)cc(c5)S(=O)(=O)[O-])O)cc(c4)S(=O)(=O)[O-])O)c3O)S(=O)(=O)[O-])S(=O)(=O)[O-])S(=O)(=O)[O-])S(=O)(=O)[O-],NC(C(=O)O)Cc1c[nH]cn1,calixarene,3.4518001079559326,O=S(=O)([O-])c1cc2c(O)c(c1)Cc1cc(S(=O)(=O)[O-])cc(c1O)Cc1cc(S(=O)(=O)[O-])cc(c1O)Cc1cc(S(=O)(=O)[O-])cc(c1O)Cc1cc(S(=O)(=O)[O-])cc(c1O)Cc1cc(S(=O)(=O)[O-])cc(c1O)Cc1cc(S(=O)(=O)[O-])cc(c1O)Cc1cc(S(=O)(=O)[O-])cc(c1O)C2,3C24C9B25872FE0768A640DF44D242D9AEC5F3FA9C167A457997BAE8D628FFF1,HOST_CAN_0166,PASS,NC(Cc1c[nH]cn1)C(=O)O,FB673C9EDBC2F6C509C14A12DA10308CC8AD4E94C32BC5F3BAD448FBAA74F381,GUEST_CAN_0741,PASS,AttentiveFP,1,random,4,2.960057258605957
1497,116,456,CC(C)(C)C1=CC(=C(C=C1)NC(=O)NC2=CC=C(C=C2)OC)C#CC3=CC(=CC(=C3)N(C)C)C#CC4=C(C=CC(=C4)C(C)(C)C)NC(=O)NC5=CC=C(C=C5)OC,[N+](=O)([O-])[O-].C(CCC)[N+](CCCC)(CCCC)CCCC,other,3.2355000972747803,COc1ccc(NC(=O)Nc2ccc(C(C)(C)C)cc2C#Cc2cc(C#Cc3cc(C(C)(C)C)ccc3NC(=O)Nc3ccc(OC)cc3)cc(N(C)C)c2)cc1,54B20EB27C4699C1202B0399C1AE71AFF8DC93A9AD03D3DF803BFDD7940389BD,HOST_CAN_0072,PASS,CCCC[N+](CCCC)(CCCC)CCCC.O=[N+]([O-])[O-],6D4B26D3D683A1392C95388B8B9856D8C2F81515BE0ED5278F99FF88C33B25A7,GUEST_CAN_0315,PASS,AttentiveFP,1,random,4,3.578443765640259
1499,11,863,C1N2C3C4N(C2=O)CN5C6C7N(C5=O)CN8C9C2N(C8=O)CN5C8C%10N(C5=O)CN5C%11C%12N(C5=O)CN5C%13C%14N(C5=O)CN5C%15C%16N(C5=O)CN5C%17C(N1C5=O)N1CN3C(=O)N4CN6C(=O)N7CN9C(=O)N2CN8C(=O)N%10CN%11C(=O)N%12CN%13C(=O)N%14CN%15C(=O)N%16CN%17C1=O,O=C(NCC(=O)NCC(=O)NCC(=O)N[C@H](C(=O)NCC(=O)NCC(=O)NCC(=O)N)Cc1c[nH]c2c1cccc2)CNC(=O)CNC(=O)CNC(=O)[C@H](Cc1c[nH]c2c1cccc2)NC(=O)CNC(=O)CNC(=O)CNC(=O)C,cucurbituril,5.6809000968933105,O=C1N2CN3C(=O)N4CN5C(=O)N6CN7C(=O)N8CN9C(=O)N%10CN%11C(=O)N%12CN%13C(=O)N%14CN%15C(=O)N%16CN1C1C2N2CN%17C(=O)N(CN%18C(=O)N(CN%19C(=O)N(CN%20C(=O)N(CN%21C(=O)N(CN%22C(=O)N(CN%23C(=O)N(CN1C2=O)C%16C%15%23)C%14C%13%22)C%12C%11%21)C%10C9%20)C8C7%19)C6C5%18)C4C3%17,E82CB7F52437B0147F435E3074F006752062FF8924E87C1DAF3210D182FF633B,HOST_CAN_0143,PASS,CC(=O)NCC(=O)NCC(=O)NCC(=O)N[C@@H](Cc1c[nH]c2ccccc12)C(=O)NCC(=O)NCC(=O)NCC(=O)NCC(=O)NCC(=O)NCC(=O)N[C@@H](Cc1c[nH]c2ccccc12)C(=O)NCC(=O)NCC(=O)NCC(N)=O,5D16E208552281A187792AB0BD5F1E4C14E1B5F5620E02C15D82F08C997760FB,GUEST_CAN_0077,PASS,AttentiveFP,1,random,4,5.691979885101318
1500,159,587,CCCCCCOc1c2Cc3cc(cc(c3OCCCCCC)Cc3cc(cc(c3OCCCCCC)Cc3cc(cc(Cc4c(c(Cc5c(c(Cc1cc(c2)S(=O)(=O)[O-])cc(c5)S(=O)(=O)[O-])OCCCCCC)cc(c4)S(=O)(=O)[O-])OCCCCCC)c3OCCCCCC)S(=O)(=O)[O-])S(=O)(=O)[O-])S(=O)(=O)[O-],C[n+]1ccc(cc1)c1cc[n+](cc1)C.[I-].[I-],calixarene,5.591100215911865,CCCCCCOc1c2cc(S(=O)(=O)[O-])cc1Cc1cc(S(=O)(=O)[O-])cc(c1OCCCCCC)Cc1cc(S(=O)(=O)[O-])cc(c1OCCCCCC)Cc1cc(S(=O)(=O)[O-])cc(c1OCCCCCC)Cc1cc(S(=O)(=O)[O-])cc(c1OCCCCCC)Cc1cc(S(=O)(=O)[O-])cc(c1OCCCCCC)C2,01CBB54F6C94047AC1A8BB7B7BEC7EE2A260A4A1EC23A8796F6DBB39F19C192F,HOST_CAN_0029,PASS,C[n+]1ccc(-c2cc[n+](C)cc2)cc1.[I-].[I-],FCA491A8B5C9289D74A682B83E3A35C297EDED2C00F5851674CB19F5C3125200,GUEST_CAN_0624,PASS,AttentiveFP,1,random,4,6.266216278076172
1514,8,866,C1N2C3C4N(C2=O)CN5C6C7N(C5=O)CN8C9C2N(C8=O)CN5C8C%10N(C5=O)CN5C%11C%12N(C5=O)CN5C%13C(N1C5=O)N1CN3C(=O)N4CN6C(=O)N7CN9C(=O)N2CN8C(=O)N%10CN%11C(=O)N%12CN%13C1=O,C(CCCC)N1C=[N+](C=C1)C,cucurbituril,0.0,O=C1N2CN3C(=O)N4CN5C(=O)N6CN7C(=O)N8CN9C(=O)N%10CN%11C(=O)N%12CN1C1C2N2CN%13C(=O)N(CN%14C(=O)N(CN%15C(=O)N(CN%16C(=O)N(CN%17C(=O)N(CN1C2=O)C%12C%11%17)C%10C9%16)C8C7%15)C6C5%14)C4C3%13,2526C525F966BEE6CB589BBB60C9F4124C02584847747BDAFF4E92B4462536E8,HOST_CAN_0149,PASS,CCCCCn1cc[n+](C)c1,0B04B9284355C9EF01B41B659A5BF1F532AA0CDE74342CB547264CE3841227A5,GUEST_CAN_0309,PASS,AttentiveFP,1,random,4,4.211126327514648
1522,133,215,OC1=C(CC2=CC(S(=O)([O-])=O)=CC(CC3=CC(S(=O)([O-])=O)=CC(CC4=CC(S(=O)([O-])=O)=CC(CC5=CC(S(=O)([O-])=O)=CC6=C5OCC(O)=O)=C4O)=C3O)=C2O)C=C(S(=O)([O-])=O)C=C1CC7=C(O)C(CC8=C(O)C(CC9=C(O)C(C6)=CC(S(=O)([O-])=O)=C9)=CC(S(=O)([O-])=O)=C8)=CC(S(=O)([O-])=O)=C7,CC(C(=O)O)N,calixarene,1.875100016593933,O=C(O)COc1c2cc(S(=O)(=O)[O-])cc1Cc1cc(S(=O)(=O)[O-])cc(c1O)Cc1cc(S(=O)(=O)[O-])cc(c1O)Cc1cc(S(=O)(=O)[O-])cc(c1O)Cc1cc(S(=O)(=O)[O-])cc(c1O)Cc1cc(S(=O)(=O)[O-])cc(c1O)Cc1cc(S(=O)(=O)[O-])cc(c1O)Cc1cc(S(=O)(=O)[O-])cc(c1O)C2,035C2443DCD42EB5D85B11E9A688FB2E331A4D0CA7EB7848E0D32F221FD3DC33,HOST_CAN_0130,PASS,CC(N)C(=O)O,6AC3AD1747D8E4C9B36EA5FBFB37965B87CCE816D9D72141F9005590B6D6FC3C,GUEST_CAN_0180,PASS,AttentiveFP,1,random,4,2.258371114730835
1531,23,85,OC[C@H]1O[C@@H]2O[C@@H]3[C@@H](CO)O[C@H](O[C@@H]4[C@@H](CO)O[C@H](O[C@@H]5[C@@H](CO)O[C@H](O[C@@H]6[C@@H](CO)O[C@H](O[C@@H]7[C@@H](CO)O[C@H](O[C@H]1[C@H](O)[C@H]2O)[C@H](O)[C@H]7O)[C@H](O)[C@H]6O)[C@H](O)[C@H]5O)[C@H](O)[C@H]4O)[C@H](O)[C@H]3O,COC1=C(C2=C[N+]3=C(C=C2C=C1)C4=CC5=C(C=C4CC3)OCO5)OC.[Cl-],cyclodextrin,1.7782000303268433,OC[C@H]1O[C@@H]2O[C@H]3[C@H](O)[C@@H](O)[C@@H](O[C@H]4[C@H](O)[C@@H](O)[C@@H](O[C@H]5[C@H](O)[C@@H](O)[C@@H](O[C@H]6[C@H](O)[C@@H](O)[C@@H](O[C@H]7[C@H](O)[C@@H](O)[C@@H](O[C@H]1[C@H](O)[C@H]2O)O[C@@H]7CO)O[C@@H]6CO)O[C@@H]5CO)O[C@@H]4CO)O[C@@H]3CO,9CB41F926A4386D7C0E23599753E6EDC60802BE1DCF577DB9B32CBB20691DB1D,HOST_CAN_0175,PASS,COc1ccc2cc3[n+](cc2c1OC)CCc1cc2c(cc1-3)OCO2.[Cl-],2002F700467546FC920CE9A91096FEE4BBFBC89B967D34B7A6F925905277E3AF,GUEST_CAN_0500,PASS,AttentiveFP,1,random,4,3.1046090126037598
1532,3,873,OC[C@H]1O[C@@H]2O[C@@H]3[C@@H](CO)O[C@H](O[C@@H]4[C@@H](CO)O[C@H](O[C@@H]5[C@@H](CO)O[C@H](O[C@@H]6[C@@H](CO)O[C@H](O[C@@H]7[C@@H](CO)O[C@H](O[C@@H]8[C@@H](CO)O[C@H](O[C@H]1[C@H](O)[C@H]2O)[C@H](O)[C@H]8O)[C@H](O)[C@H]7O)[C@H](O)[C@H]6O)[C@H](O)[C@H]5O)[C@H](O)[C@H]4O)[C@H](O)[C@H]3O,N[C@@H]([C@@H](O)C1=CC=CC=C1)C1=CC=CC=C1,cyclodextrin,1.6627999544143677,OC[C@H]1O[C@@H]2O[C@H]3[C@H](O)[C@@H](O)[C@@H](O[C@H]4[C@H](O)[C@@H](O)[C@@H](O[C@H]5[C@H](O)[C@@H](O)[C@@H](O[C@H]6[C@H](O)[C@@H](O)[C@@H](O[C@H]7[C@H](O)[C@@H](O)[C@@H](O[C@H]8[C@H](O)[C@@H](O)[C@@H](O[C@H]1[C@H](O)[C@H]2O)O[C@@H]8CO)O[C@@H]7CO)O[C@@H]6CO)O[C@@H]5CO)O[C@@H]4CO)O[C@@H]3CO,22584443D9512992310760C9871E3E6BDB3EDC92006F3EF1EC94F44373907EB1,HOST_CAN_0176,PASS,N[C@H](c1ccccc1)[C@@H](O)c1ccccc1,1443C456A74E008B931475A2F5B72F33390B3AA5BDF93963880DBAD1D7C13E24,GUEST_CAN_0823,PASS,AttentiveFP,1,random,4,2.491175651550293
1536,38,339,C1C2C3=CC=CC=C3C4=C5C6CC7=CC=CC=C7C8=CC(=CC(=C8)C9=CC=CC=C9CC3C7=CC=CC=C7C(=C24)C3=C5C2=CC=CC=C62)C2=CC=CC=C21,C[N+]1=CC2=CC=CC=C2C=C1,cyclophane,5.301000118255615,c1ccc2c(c1)CC1c3ccccc3-c3c1c1c4c5c3C(Cc3ccccc3-c3cc-2cc(c3)-c2ccccc2CC4c2ccccc2-1)c1ccccc1-5,7D60610AC6275537B6952E12359C97C789A38E2FA1295732E16AF89573CE95C4,HOST_CAN_0186,PASS,C[n+]1ccc2ccccc2c1,E0E3A8758F01B6E7EFEE6752B61621DBB91F8E2DF46ACE46FCD88F51F964AF40,GUEST_CAN_0638,PASS,AttentiveFP,1,random,4,4.37129020690918
1540,1,243,C1C2=CC(=CC(=C2O)CC3=CC(=CC(=C3O)CC4=C(C(=CC(=C4)S(=O)(=O)O)CC5=C(C1=CC(=C5)S(=O)(=O)O)O)O)S(=O)(=O)O)S(=O)(=O)O,Cl[Yb](Cl)Cl,calixarene,3.809999942779541,O=S(=O)(O)c1cc2c(O)c(c1)Cc1cc(S(=O)(=O)O)cc(c1O)Cc1cc(S(=O)(=O)O)cc(c1O)Cc1cc(S(=O)(=O)O)cc(c1O)C2,C1130CCDC8DA0C6458EF6C2E07E7F3330D8F8B055CBE4DEAADB70DC00C8CDFC1,HOST_CAN_0154,PASS,[Cl][Yb]([Cl])[Cl],59CFD47D9F207EC2824B835E6D02D9135A48C726F605678F4A01D79FC70A9A4A,GUEST_CAN_1048,PASS,AttentiveFP,1,random,4,4.152898788452148
1541,63,768,Oc1c2Cc3cc(cc(c3O)Cc3cc(cc(c3O)Cc3cc(cc(c3O)Cc3cc(cc(Cc4c(c(Cc5c(c(Cc6c(c(Cc1cc(c2)S(=O)(=O)[O-])cc(c6)S(=O)(=O)[O-])O)cc(c5)S(=O)(=O)[O-])O)cc(c4)S(=O)(=O)[O-])O)c3O)S(=O)(=O)[O-])S(=O)(=O)[O-])S(=O)(=O)[O-])S(=O)(=O)[O-],CCNC1=C(C=C2C(=C1)OC3=CC(=[NH+]CC)C(=CC3=C2C4=CC=CC=C4C(=O)OCC)C)C.[Cl-],calixarene,6.278800010681152,O=S(=O)([O-])c1cc2c(O)c(c1)Cc1cc(S(=O)(=O)[O-])cc(c1O)Cc1cc(S(=O)(=O)[O-])cc(c1O)Cc1cc(S(=O)(=O)[O-])cc(c1O)Cc1cc(S(=O)(=O)[O-])cc(c1O)Cc1cc(S(=O)(=O)[O-])cc(c1O)Cc1cc(S(=O)(=O)[O-])cc(c1O)Cc1cc(S(=O)(=O)[O-])cc(c1O)C2,3C24C9B25872FE0768A640DF44D242D9AEC5F3FA9C167A457997BAE8D628FFF1,HOST_CAN_0166,PASS,CCNc1cc2oc3cc(=[NH+]CC)c(C)cc-3c(-c3ccccc3C(=O)OCC)c2cc1C.[Cl-],7747AE094C60B01CC68A562B284C6966F13F3487956DAAB5A7B13BEFB4A724EF,GUEST_CAN_0359,PASS,AttentiveFP,1,random,4,4.674958229064941
1543,104,63,C1COCCOCCN2CCOCCOCCN1CCOCCOCCOCC2,[Rb+],other,2.049999952316284,C1COCCN2CCOCCOCCN(CCOCCO1)CCOCCOCC2,FC2FBDD1CDCC0BE65573222C4E8FD2959C4D898D99922B825F4B9F435E9AD133,HOST_CAN_0005,PASS,[Rb+],A81E1030429F736D8E35EA84C21CDFC8BA21CABFAB462465BE82BDA25EAD58DF,GUEST_CAN_1109,PASS,AttentiveFP,1,random,4,2.2714147567749023
1552,10,309,[O-]P(=O)(Oc1c2c(c(c3c1C1CC3c3c1cc1c(c3)C3CC1c1c3cccc1)OP(=O)([O-])[O-])C1CC2c2c1cc1c(c2)C2CC1c1c2cccc1)[O-].[Li+].[Li+].[Li+].[Li+],C(CC(C(=O)NCC(=O)NC(CC(=O)O)C(=O)O)N)CN=C(N)N,other,4.06820011138916,O=P([O-])([O-])Oc1c2c(c(OP(=O)([O-])[O-])c3c1C1CC3c3cc4c(cc31)C1CC4c3ccccc31)C1CC2c2cc3c(cc21)C1CC3c2ccccc21.[Li+].[Li+].[Li+].[Li+],9F96092125310177FDA593FD76E40B15009450ADCC25B07ACF29665B7272FC4E,HOST_CAN_0152,PASS,NC(N)=NCCCC(N)C(=O)NCC(=O)NC(CC(=O)O)C(=O)O,75B8F54B2446F97BADDAFBEF1FDAB4C52BDB7DBB59F03A5A8B4C94A46F7DF56A,GUEST_CAN_0750,PASS,AttentiveFP,1,random,4,4.556484222412109
1556,11,879,C1N2C3C4N(C2=O)CN5C6C7N(C5=O)CN8C9C2N(C8=O)CN5C8C%10N(C5=O)CN5C%11C%12N(C5=O)CN5C%13C%14N(C5=O)CN5C%15C%16N(C5=O)CN5C%17C(N1C5=O)N1CN3C(=O)N4CN6C(=O)N7CN9C(=O)N2CN8C(=O)N%10CN%11C(=O)N%12CN%13C(=O)N%14CN%15C(=O)N%16CN%17C1=O,N[C@@H](CC1=CC=C(C=C1)O)C(=O)N[C@@H](CCCCN)C(=O)N[C@@H](C)C(=O)O,cucurbituril,6.698999881744385,O=C1N2CN3C(=O)N4CN5C(=O)N6CN7C(=O)N8CN9C(=O)N%10CN%11C(=O)N%12CN%13C(=O)N%14CN%15C(=O)N%16CN1C1C2N2CN%17C(=O)N(CN%18C(=O)N(CN%19C(=O)N(CN%20C(=O)N(CN%21C(=O)N(CN%22C(=O)N(CN%23C(=O)N(CN1C2=O)C%16C%15%23)C%14C%13%22)C%12C%11%21)C%10C9%20)C8C7%19)C6C5%18)C4C3%17,E82CB7F52437B0147F435E3074F006752062FF8924E87C1DAF3210D182FF633B,HOST_CAN_0143,PASS,C[C@H](NC(=O)[C@H](CCCCN)NC(=O)[C@@H](N)Cc1ccc(O)cc1)C(=O)O,B165ED525BF5B47F32147969D1244640C0701B8E289564874392D6F6C312C752,GUEST_CAN_0545,PASS,AttentiveFP,1,random,4,5.715127944946289
1558,64,881,CCCCOc1cc2COCc3cc(OCCCC)cc4c3cc(OCCCC)cc4COCc3c(OCCCC)ccc4c3ccc(c4COCc3c4c(c(COCc5c(c1)c2cc(c5)OCCCC)c(OCCCC)cc4)ccc3OCCCC)OCCCC,C(CCCCC)[N+]1=CC=CC=C1,other,3.38700008392334,CCCCOc1cc2c3cc(OCCCC)cc(c3c1)COCc1cc(OCCCC)cc3c(cc(OCCCC)cc13)COCc1c(OCCCC)ccc3c(c(OCCCC)ccc13)COCc1c(OCCCC)ccc3c(c(OCCCC)ccc13)COC2,05C5083FBF551B3C1AE048E85E6B7F5EB796F7835740F408D7B4DF1173E7C142,HOST_CAN_0032,PASS,CCCCCC[n+]1ccccc1,F475C21AC1035C4620B48674F72A19F7349DCE54A4C2772ABD51391B13355FE3,GUEST_CAN_0302,PASS,AttentiveFP,1,random,4,3.487058162689209
1561,3,466,OC[C@H]1O[C@@H]2O[C@@H]3[C@@H](CO)O[C@H](O[C@@H]4[C@@H](CO)O[C@H](O[C@@H]5[C@@H](CO)O[C@H](O[C@@H]6[C@@H](CO)O[C@H](O[C@@H]7[C@@H](CO)O[C@H](O[C@@H]8[C@@H](CO)O[C@H](O[C@H]1[C@H](O)[C@H]2O)[C@H](O)[C@H]8O)[C@H](O)[C@H]7O)[C@H](O)[C@H]6O)[C@H](O)[C@H]5O)[C@H](O)[C@H]4O)[C@H](O)[C@H]3O,CC(CO)CBr,cyclodextrin,2.1461000442504883,OC[C@H]1O[C@@H]2O[C@H]3[C@H](O)[C@@H](O)[C@@H](O[C@H]4[C@H](O)[C@@H](O)[C@@H](O[C@H]5[C@H](O)[C@@H](O)[C@@H](O[C@H]6[C@H](O)[C@@H](O)[C@@H](O[C@H]7[C@H](O)[C@@H](O)[C@@H](O[C@H]8[C@H](O)[C@@H](O)[C@@H](O[C@H]1[C@H](O)[C@H]2O)O[C@@H]8CO)O[C@@H]7CO)O[C@@H]6CO)O[C@@H]5CO)O[C@@H]4CO)O[C@@H]3CO,22584443D9512992310760C9871E3E6BDB3EDC92006F3EF1EC94F44373907EB1,HOST_CAN_0176,PASS,CC(CO)CBr,27C80B847871EC5DE010D7BF9E660C7D86FB8E4159E995EB0B8E9C730AC530F2,GUEST_CAN_0176,PASS,AttentiveFP,1,random,4,2.013303756713867
1562,19,882,O=C1N(CC4=CC=C(C(O)=O)C=C4)C3C(N(CN%21C%20=O)C(N3CN(C(N7CN(C(N%11CN(C(N%15CN(C(N%19CN%20C%23C%21N(CC%25=CC=C(C(O)=O)C=C%25)C(N%23CC%24=CC=C(C(O)=O)C=C%24)=O)=O)C%17C%19N(CC%22=CC=C(C(O)=O)C=C%22)C(N%17CC%18=CC=C(C(O)=O)C=C%18)=O)=O)C%13C%15N(CC%16=CC=C(C(O)=O)C=C%16)C(N%13CC%14=CC=C(C(O)=O)C=C%14)=O)=O)C9C%11N(CC%12=CC=C(C(O)=O)C=C%12)C(N9CC%10=CC=C(C(O)=O)C=C%10)=O)=O)C5C7N(CC8=CC=C(C(O)=O)C=C8)C(N5CC6=CC=C(C(O)=O)C=C6)=O)=O)N1CC2=CC=C(C(O)=O)C=C2,[O-][I](=O)(=O)=O,other,3.8129000663757324,O=C(O)c1ccc(CN2C(=O)N(Cc3ccc(C(=O)O)cc3)C3C2N2CN4C(=O)N(CN5C(=O)N(CN6C(=O)N(CN7C(=O)N(CN8C(=O)N(CN3C2=O)C2C8N(Cc3ccc(C(=O)O)cc3)C(=O)N2Cc2ccc(C(=O)O)cc2)C2C7N(Cc3ccc(C(=O)O)cc3)C(=O)N2Cc2ccc(C(=O)O)cc2)C2C6N(Cc3ccc(C(=O)O)cc3)C(=O)N2Cc2ccc(C(=O)O)cc2)C2C5N(Cc3ccc(C(=O)O)cc3)C(=O)N2Cc2ccc(C(=O)O)cc2)C2C4N(Cc3ccc(C(=O)O)cc3)C(=O)N2Cc2ccc(C(=O)O)cc2)cc1,5BFAE42297A9EBC8CE307175405F2DA12222FDEAA2AA87FF2D5843CBEC077A9C,HOST_CAN_0133,PASS,[O-][I+3]([O-])([O-])[O-],9A0431753E38FD4BC142DE41CC9021A29521438B7680C6AEED710D4C686F81EE,GUEST_CAN_1106,PASS,AttentiveFP,1,random,4,5.9424591064453125
1563,139,707,Oc1c2Cc3cc(N)cc(c3O)Cc3cc(cc(Cc4c(c(Cc1cc(c2)N)cc(N)c4)O)c3O)N,C[N+](CCO[Si]1(OCC[N+](C)(C)C)n2c3/N=C/4\N=C(/N=c/5\n1/c(=N\C1=N/C(=N\c2c2c3cccc2)/c2c1cccc2)/c1c5cccc1)c1c4cccc1)(C)C,calixarene,4.544099807739258,Nc1cc2c(O)c(c1)Cc1cc(N)cc(c1O)Cc1cc(N)cc(c1O)Cc1cc(N)cc(c1O)C2,7B9BCC020D8A5B4E379A7C1BEC086733022832265151879189B204E269014832,HOST_CAN_0115,PASS,C[N+](C)(C)CCO[Si]1(OCC[N+](C)(C)C)n2c3c4ccccc4c2/N=C2N=C(/N=c4/c5ccccc5/c(n41)=N/C1=NC(=N\3)/c3ccccc31)c1ccccc1\2,99746B0158AA9AA29923AA4A6EF83BB0F176AAC5409BDBBA91BE330B7A2F6316,GUEST_CAN_0572,PASS,AttentiveFP,1,random,4,4.981928825378418
1565,12,88,O1CCOCCN2CCOCCOCCOCCN(CCOCC1)CCOCCOCCOCC2,[Ca+2],other,2.0,C1COCCN2CCOCCOCCOCCN(CCOCCO1)CCOCCOCCOCC2,85C7C02142B236ECBC1FC9E9A1DD4E3252A7651F7F5B037994877CF5373B1DC8,HOST_CAN_0006,PASS,[Ca+2],561732356B8592F747BA6C15EFCD099F7FAD62C4ABEDA9A81D86C4D38151E987,GUEST_CAN_1020,PASS,AttentiveFP,1,random,4,2.0701217651367188
1566,101,221,CC12C3(N4CN5C6C7N(C5=O)CN8C9C5N(C8=O)CN8C(=O)N%10CC%11=C(C=CC%12=C%11C(=C(C=C%12)OCCCS(=O)(=O)[O-])CN%11C%10(C8(N(C%11=O)CN5C(=O)N9CN7C(=O)N6CN3C(=O)N1CC1=C(C=CC3=C1C(=C(C=C3)OCCCS(=O)(=O)[O-])CN2C4=O)OCCCS(=O)(=O)[O-])C)C)OCCCS(=O)(=O)[O-])C.[Na+].[Na+].[Na+].[Na+],C1=C(NC=N1)CCN,cucurbituril,4.278800010681152,CC12N3Cc4c(OCCCS(=O)(=O)[O-])ccc5ccc(OCCCS(=O)(=O)[O-])c(c45)CN1C(=O)N1CN4C(=O)N5CN6C(=O)N7CN8C(=O)N9Cc%10c(OCCCS(=O)(=O)[O-])ccc%11ccc(OCCCS(=O)(=O)[O-])c(c%10%11)CN%10C(=O)N(CN%11C(=O)N(CN%12C(=O)N(CN(C3=O)C12C)C4C%125)C6C%117)C8(C)C%109C.[Na+].[Na+].[Na+].[Na+],D06B992717C42348D2028871BE8CF32C393DC5D34135FC7CB387827D0E760D24,HOST_CAN_0017,PASS,NCCc1cnc[nH]1,15D090429620CA099A147C5AB92E85222F180B20A16D7D5EE0B5A640A2C40D3F,GUEST_CAN_0811,PASS,AttentiveFP,1,random,4,4.908995628356934
1574,9,656,[O-]C(=O)COc1ccc2c3c1CNC(=O)c1c(OCC(=O)[O-])ccc4c1ccc1c4C4CC(O1)Oc1c4c4ccc(c(C(=O)NCc5c6c(c7C8c2c(cc3)OC(C8)Oc7cc6)ccc5OCC(=O)[O-])c4cc1)OCC(=O)[O-].[NH4+].[NH4+].[NH4+].[NH4+],CC1(OC1)C,other,2.4518001079559326,O=C([O-])COc1ccc2c3c4ccc2c1CNC(=O)c1c(OCC(=O)[O-])ccc2c5c(ccc12)OC1CC5c2c(ccc5c(c(OCC(=O)[O-])ccc25)C(=O)NCc2c(OCC(=O)[O-])ccc5c6c(ccc25)OC(CC36)O4)O1.[NH4+].[NH4+].[NH4+].[NH4+],7D3830C6A6E10F82EEBCC3ED68B861BB21ED63B1DDB277580F3032527E5A1183,HOST_CAN_0139,PASS,CC1(C)CO1,FCB3003CA77B8C6CB4ACB0FAB17248B1AD99F5C17CD1AF395AC306DD21211DAF,GUEST_CAN_0206,PASS,AttentiveFP,1,random,4,2.7004756927490234
1578,43,13,C1COCCN2CCOCCN1CCOCCOCC2,[Cs+],other,2.0,C1COCCN2CCOCCN(CCO1)CCOCC2,98A94C64ADA3B0E00FCE78FE7388B30022CC2F26C8BCF54DDABD5207E5AA7E8C,HOST_CAN_0002,PASS,[Cs+],2007C7CB8E9E407AF1FE3CC70080E500F82FCC5BB652DA30AE9309E09D1E52EF,GUEST_CAN_1052,PASS,AttentiveFP,1,random,4,3.451958179473877
1579,52,18,OC(=O)COc1c2Cc3cc(cc(c3O)Cc3cc(cc(c3O)Cc3cc(cc(Cc4c(c(Cc5c(c(Cc1cc(c2)S(=O)(=O)O)cc(c5)S(=O)(=O)O)O)cc(c4)S(=O)(=O)O)O)c3O)S(=O)(=O)O)S(=O)(=O)O)S(=O)(=O)O,OC(=O)C(Cc1c[nH]c2c1cccc2)N,calixarene,2.6364998817443848,O=C(O)COc1c2cc(S(=O)(=O)O)cc1Cc1cc(S(=O)(=O)O)cc(c1O)Cc1cc(S(=O)(=O)O)cc(c1O)Cc1cc(S(=O)(=O)O)cc(c1O)Cc1cc(S(=O)(=O)O)cc(c1O)Cc1cc(S(=O)(=O)O)cc(c1O)C2,89AB142F8D041F89710D49168CBEF0FA0D792576B82031818BFF7C2DE5D92117,HOST_CAN_0127,PASS,NC(Cc1c[nH]c2ccccc12)C(=O)O,640E1867764F94CAFE2D991B23E1B000681C8619E07309C47EB26888B7938B6E,GUEST_CAN_0740,PASS,AttentiveFP,1,random,4,2.877394199371338
1582,134,46,O[C@@H]1[C@H](OC([C@@H]2O)O[C@H](CO)[C@@H](O)[C@H]2O)[C@@H](CO)O[C@@H](OC[C@@H]3O[C@@H]4[C@@H](O)[C@H](O)[C@H]3O[C@H]5[C@@H](O)[C@H](O)[C@@H](O[C@H]6[C@@H](O)[C@H](O)[C@@H](O[C@H]7[C@@H](O)[C@H](O)[C@@H](O[C@@H]8[C@H](O)[C@@H](O)[C@H](O[C@@H]9[C@H](O)[C@@H](O)[C@H](O[C@@H]%10[C@H](O)[C@@H](O)[C@H](O4)[C@@H](CO)O%10)[C@@H](CO)O9)[C@@H](CO)O8)[C@H](CO)O7)[C@H](CO)O6)[C@H](CO)O5)[C@@H]1O,C1=CC=C(C=C1)NC2=CC=CC3=C2C(=CC=C3)S(=O)(=O)O,cyclodextrin,1.8387999534606934,OC[C@@H]1O[C@H]2O[C@@H]3[C@@H](O)[C@H](O)[C@H](O[C@H]4[C@H](O)[C@@H](O)[C@@H](O[C@H]5[C@H](O)[C@@H](O)[C@@H](O[C@H]6[C@H](O)[C@@H](O)[C@@H](O[C@@H]7[C@@H](O)[C@H](O)[C@H](O[C@@H]8[C@@H](O)[C@H](O)[C@H](O[C@@H]1[C@@H](O)[C@@H]2O)O[C@H]8CO)O[C@H]7CO)O[C@@H]6CO)O[C@@H]5CO)O[C@@H]4CO)O[C@H]3CO[C@@H]1O[C@H](CO)[C@@H](OC2O[C@H](CO)[C@@H](O)[C@@H](O)[C@H]2O)[C@@H](O)[C@H]1O,39E11931115A3C0980D148DAD371A06588B1E63ABA9B57E1CE9DA06DF4204CE0,HOST_CAN_0174,PASS,O=S(=O)(O)c1cccc2cccc(Nc3ccccc3)c12,C8ECBFB7BFF882EF953A90B709957BBDD5A708508C39AD89F6640E78DA78E786,GUEST_CAN_0932,PASS,AttentiveFP,1,random,4,2.6122097969055176
1589,15,158,C1=C2C=C3C=C1OC4=CC(=CC(=C4)C(=O)O)OC5=CC6=CC(=C5)C7OC8=CC9=C1C=C8C(C4=C(O7)C=C5C(=C4)C(C4=CC7=C(C=C4OC2O5)OC2C4=CC(=CC(=C4)OC4=CC(=CC(=C4)C(=O)O)OC4=CC(=CC(=C4)OC4=CC(=CC(=C4)O6)C(=O)O)C(O9)OC4=C(C1CCC(=O)O)C=C(C7CCC(=O)O)C(=C4)O2)OC1=CC(=CC(=C1)O3)C(=O)O)CCC(=O)O)CCC(=O)O,C1=CC=C(C=C1)C(=O)O,cavitand,2.731600046157837,O=C(O)CCC1c2cc3c4cc2OC2Oc5cc6c(cc51)C(CCC(=O)O)c1cc5c7cc1OC(O6)c1cc6cc(c1)Oc1cc(cc(C(=O)O)c1)Oc1cc8cc(c1)C(Oc1cc(c(cc1C5CCC(=O)O)C3CCC(=O)O)OC(O4)c1cc(cc(c1)Oc1cc(cc(C(=O)O)c1)O8)Oc1cc(cc(C(=O)O)c1)Oc1cc(cc2c1)Oc1cc(cc(C(=O)O)c1)O6)O7,AE6E8A9B8E3ECDE32B65BE9B8736ECC23E2311A112E2CA1B78F35ECF9046A382,HOST_CAN_0117,PASS,O=C(O)c1ccccc1,FB7121A404676CF43E907EAABFB098AF18557AB9D043E43ECEF0481B99D8D8F1,GUEST_CAN_0890,PASS,AttentiveFP,1,random,4,3.7506444454193115
1596,11,889,C1N2C3C4N(C2=O)CN5C6C7N(C5=O)CN8C9C2N(C8=O)CN5C8C%10N(C5=O)CN5C%11C%12N(C5=O)CN5C%13C%14N(C5=O)CN5C%15C%16N(C5=O)CN5C%17C(N1C5=O)N1CN3C(=O)N4CN6C(=O)N7CN9C(=O)N2CN8C(=O)N%10CN%11C(=O)N%12CN%13C(=O)N%14CN%15C(=O)N%16CN%17C1=O,C1=CC(=CC2=NC3=C(C=CC(=C3)N)C=C21)N,cucurbituril,7.278800010681152,O=C1N2CN3C(=O)N4CN5C(=O)N6CN7C(=O)N8CN9C(=O)N%10CN%11C(=O)N%12CN%13C(=O)N%14CN%15C(=O)N%16CN1C1C2N2CN%17C(=O)N(CN%18C(=O)N(CN%19C(=O)N(CN%20C(=O)N(CN%21C(=O)N(CN%22C(=O)N(CN%23C(=O)N(CN1C2=O)C%16C%15%23)C%14C%13%22)C%12C%11%21)C%10C9%20)C8C7%19)C6C5%18)C4C3%17,E82CB7F52437B0147F435E3074F006752062FF8924E87C1DAF3210D182FF633B,HOST_CAN_0143,PASS,Nc1ccc2cc3ccc(N)cc3nc2c1,D411B377C03BBABD2165E0B473286530D3BDAAD56721B49F00195B2F88920F18,GUEST_CAN_0834,PASS,AttentiveFP,1,random,4,7.839236736297607
1597,3,890,OC[C@H]1O[C@@H]2O[C@@H]3[C@@H](CO)O[C@H](O[C@@H]4[C@@H](CO)O[C@H](O[C@@H]5[C@@H](CO)O[C@H](O[C@@H]6[C@@H](CO)O[C@H](O[C@@H]7[C@@H](CO)O[C@H](O[C@@H]8[C@@H](CO)O[C@H](O[C@H]1[C@H](O)[C@H]2O)[C@H](O)[C@H]8O)[C@H](O)[C@H]7O)[C@H](O)[C@H]6O)[C@H](O)[C@H]5O)[C@H](O)[C@H]4O)[C@H](O)[C@H]3O,C[N+](C)(C)CC1=CC=C[CH-]1.[CH-]1C=CC=C1.[Fe+2],cyclodextrin,3.1582999229431152,OC[C@H]1O[C@@H]2O[C@H]3[C@H](O)[C@@H](O)[C@@H](O[C@H]4[C@H](O)[C@@H](O)[C@@H](O[C@H]5[C@H](O)[C@@H](O)[C@@H](O[C@H]6[C@H](O)[C@@H](O)[C@@H](O[C@H]7[C@H](O)[C@@H](O)[C@@H](O[C@H]8[C@H](O)[C@@H](O)[C@@H](O[C@H]1[C@H](O)[C@H]2O)O[C@@H]8CO)O[C@@H]7CO)O[C@@H]6CO)O[C@@H]5CO)O[C@@H]4CO)O[C@@H]3CO,22584443D9512992310760C9871E3E6BDB3EDC92006F3EF1EC94F44373907EB1,HOST_CAN_0176,PASS,C[N+](C)(C)Cc1ccc[cH-]1.[Fe+2].c1cc[cH-]c1,DF5E749BB3872D05FCFC1648C03337BECC96A374B6680A3E624701DF620678E7,GUEST_CAN_0577,PASS,AttentiveFP,1,random,4,3.53956937789917
1605,3,895,OC[C@H]1O[C@@H]2O[C@@H]3[C@@H](CO)O[C@H](O[C@@H]4[C@@H](CO)O[C@H](O[C@@H]5[C@@H](CO)O[C@H](O[C@@H]6[C@@H](CO)O[C@H](O[C@@H]7[C@@H](CO)O[C@H](O[C@@H]8[C@@H](CO)O[C@H](O[C@H]1[C@H](O)[C@H]2O)[C@H](O)[C@H]8O)[C@H](O)[C@H]7O)[C@H](O)[C@H]6O)[C@H](O)[C@H]5O)[C@H](O)[C@H]4O)[C@H](O)[C@H]3O,C1=CC=C(C=C1)C(=O)OC(C(C(=O)O)OC(=O)C2=CC=CC=C2)C(=O)O,cyclodextrin,1.2963999509811401,OC[C@H]1O[C@@H]2O[C@H]3[C@H](O)[C@@H](O)[C@@H](O[C@H]4[C@H](O)[C@@H](O)[C@@H](O[C@H]5[C@H](O)[C@@H](O)[C@@H](O[C@H]6[C@H](O)[C@@H](O)[C@@H](O[C@H]7[C@H](O)[C@@H](O)[C@@H](O[C@H]8[C@H](O)[C@@H](O)[C@@H](O[C@H]1[C@H](O)[C@H]2O)O[C@@H]8CO)O[C@@H]7CO)O[C@@H]6CO)O[C@@H]5CO)O[C@@H]4CO)O[C@@H]3CO,22584443D9512992310760C9871E3E6BDB3EDC92006F3EF1EC94F44373907EB1,HOST_CAN_0176,PASS,O=C(OC(C(=O)O)C(OC(=O)c1ccccc1)C(=O)O)c1ccccc1,214A3BD6230D1F304A9E7C3F75FC23FBA4E6FD1CBDED7A995CB55394E3581ACA,GUEST_CAN_0892,PASS,AttentiveFP,1,random,4,2.2822651863098145
1617,3,899,OC[C@H]1O[C@@H]2O[C@@H]3[C@@H](CO)O[C@H](O[C@@H]4[C@@H](CO)O[C@H](O[C@@H]5[C@@H](CO)O[C@H](O[C@@H]6[C@@H](CO)O[C@H](O[C@@H]7[C@@H](CO)O[C@H](O[C@@H]8[C@@H](CO)O[C@H](O[C@H]1[C@H](O)[C@H]2O)[C@H](O)[C@H]8O)[C@H](O)[C@H]7O)[C@H](O)[C@H]6O)[C@H](O)[C@H]5O)[C@H](O)[C@H]4O)[C@H](O)[C@H]3O,C1C2CC3CC1CC(C2)C3N.Cl,cyclodextrin,3.869999885559082,OC[C@H]1O[C@@H]2O[C@H]3[C@H](O)[C@@H](O)[C@@H](O[C@H]4[C@H](O)[C@@H](O)[C@@H](O[C@H]5[C@H](O)[C@@H](O)[C@@H](O[C@H]6[C@H](O)[C@@H](O)[C@@H](O[C@H]7[C@H](O)[C@@H](O)[C@@H](O[C@H]8[C@H](O)[C@@H](O)[C@@H](O[C@H]1[C@H](O)[C@H]2O)O[C@@H]8CO)O[C@@H]7CO)O[C@@H]6CO)O[C@@H]5CO)O[C@@H]4CO)O[C@@H]3CO,22584443D9512992310760C9871E3E6BDB3EDC92006F3EF1EC94F44373907EB1,HOST_CAN_0176,PASS,Cl.NC1C2CC3CC(C2)CC1C3,D68671D64773D50492D152DA662E8CA8201696637BA0E3AA247C46DB0C671C23,GUEST_CAN_0686,PASS,AttentiveFP,1,random,4,3.787377119064331
1619,19,699,O=C1N(CC4=CC=C(C(O)=O)C=C4)C3C(N(CN%21C%20=O)C(N3CN(C(N7CN(C(N%11CN(C(N%15CN(C(N%19CN%20C%23C%21N(CC%25=CC=C(C(O)=O)C=C%25)C(N%23CC%24=CC=C(C(O)=O)C=C%24)=O)=O)C%17C%19N(CC%22=CC=C(C(O)=O)C=C%22)C(N%17CC%18=CC=C(C(O)=O)C=C%18)=O)=O)C%13C%15N(CC%16=CC=C(C(O)=O)C=C%16)C(N%13CC%14=CC=C(C(O)=O)C=C%14)=O)=O)C9C%11N(CC%12=CC=C(C(O)=O)C=C%12)C(N9CC%10=CC=C(C(O)=O)C=C%10)=O)=O)C5C7N(CC8=CC=C(C(O)=O)C=C8)C(N5CC6=CC=C(C(O)=O)C=C6)=O)=O)N1CC2=CC=C(C(O)=O)C=C2,[N+](=O)([O-])[O-],other,5.68120002746582,O=C(O)c1ccc(CN2C(=O)N(Cc3ccc(C(=O)O)cc3)C3C2N2CN4C(=O)N(CN5C(=O)N(CN6C(=O)N(CN7C(=O)N(CN8C(=O)N(CN3C2=O)C2C8N(Cc3ccc(C(=O)O)cc3)C(=O)N2Cc2ccc(C(=O)O)cc2)C2C7N(Cc3ccc(C(=O)O)cc3)C(=O)N2Cc2ccc(C(=O)O)cc2)C2C6N(Cc3ccc(C(=O)O)cc3)C(=O)N2Cc2ccc(C(=O)O)cc2)C2C5N(Cc3ccc(C(=O)O)cc3)C(=O)N2Cc2ccc(C(=O)O)cc2)C2C4N(Cc3ccc(C(=O)O)cc3)C(=O)N2Cc2ccc(C(=O)O)cc2)cc1,5BFAE42297A9EBC8CE307175405F2DA12222FDEAA2AA87FF2D5843CBEC077A9C,HOST_CAN_0133,PASS,O=[N+]([O-])[O-],8EDFDB3DA8BB7AA2E992B049D5950CF49B785834A9F5AC1FB62D0A31E3906574,GUEST_CAN_0940,PASS,AttentiveFP,1,random,4,4.109151363372803
1626,19,904,O=C1N(CC4=CC=C(C(O)=O)C=C4)C3C(N(CN%21C%20=O)C(N3CN(C(N7CN(C(N%11CN(C(N%15CN(C(N%19CN%20C%23C%21N(CC%25=CC=C(C(O)=O)C=C%25)C(N%23CC%24=CC=C(C(O)=O)C=C%24)=O)=O)C%17C%19N(CC%22=CC=C(C(O)=O)C=C%22)C(N%17CC%18=CC=C(C(O)=O)C=C%18)=O)=O)C%13C%15N(CC%16=CC=C(C(O)=O)C=C%16)C(N%13CC%14=CC=C(C(O)=O)C=C%14)=O)=O)C9C%11N(CC%12=CC=C(C(O)=O)C=C%12)C(N9CC%10=CC=C(C(O)=O)C=C%10)=O)=O)C5C7N(CC8=CC=C(C(O)=O)C=C8)C(N5CC6=CC=C(C(O)=O)C=C6)=O)=O)N1CC2=CC=C(C(O)=O)C=C2,[O-]Cl(=O)(=O)=O,other,7.7403998374938965,O=C(O)c1ccc(CN2C(=O)N(Cc3ccc(C(=O)O)cc3)C3C2N2CN4C(=O)N(CN5C(=O)N(CN6C(=O)N(CN7C(=O)N(CN8C(=O)N(CN3C2=O)C2C8N(Cc3ccc(C(=O)O)cc3)C(=O)N2Cc2ccc(C(=O)O)cc2)C2C7N(Cc3ccc(C(=O)O)cc3)C(=O)N2Cc2ccc(C(=O)O)cc2)C2C6N(Cc3ccc(C(=O)O)cc3)C(=O)N2Cc2ccc(C(=O)O)cc2)C2C5N(Cc3ccc(C(=O)O)cc3)C(=O)N2Cc2ccc(C(=O)O)cc2)C2C4N(Cc3ccc(C(=O)O)cc3)C(=O)N2Cc2ccc(C(=O)O)cc2)cc1,5BFAE42297A9EBC8CE307175405F2DA12222FDEAA2AA87FF2D5843CBEC077A9C,HOST_CAN_0133,PASS,[O-][Cl+3]([O-])([O-])[O-],C1EFE6DCDD8349AD0AA7C20322B672701972F41777F2A31C5D8EB568BD417D1F,GUEST_CAN_1105,PASS,AttentiveFP,1,random,4,5.744656562805176
1634,8,3,C1N2C3C4N(C2=O)CN5C6C7N(C5=O)CN8C9C2N(C8=O)CN5C8C%10N(C5=O)CN5C%11C%12N(C5=O)CN5C%13C(N1C5=O)N1CN3C(=O)N4CN6C(=O)N7CN9C(=O)N2CN8C(=O)N%10CN%11C(=O)N%12CN%13C1=O,C[N+]1=C2C(=C3C=CC4=C(C3=C1)OCO4)C=CC5=CC6=C(C=C52)OCO6,cucurbituril,3.828000068664551,O=C1N2CN3C(=O)N4CN5C(=O)N6CN7C(=O)N8CN9C(=O)N%10CN%11C(=O)N%12CN1C1C2N2CN%13C(=O)N(CN%14C(=O)N(CN%15C(=O)N(CN%16C(=O)N(CN%17C(=O)N(CN1C2=O)C%12C%11%17)C%10C9%16)C8C7%15)C6C5%14)C4C3%13,2526C525F966BEE6CB589BBB60C9F4124C02584847747BDAFF4E92B4462536E8,HOST_CAN_0149,PASS,C[n+]1cc2c3c(ccc2c2ccc4cc5c(cc4c21)OCO5)OCO3,232E12C2CD073D28154FED05C0C8FCDDDE2B8CA8864E27CCCB4D4C935C3224C9,GUEST_CAN_0619,PASS,AttentiveFP,1,random,4,4.846375942230225
1640,30,910,C1C2=CC(=CC(=C2O)CC3=CC(=CC(=C3O)CC4=CC(=CC(=C4O)CC5=C(C(=CC(=C5)S(=O)(=O)[O-])CC6=C(C(=CC(=C6)S(=O)(=O)[O-])CC7=C(C1=CC(=C7)S(=O)(=O)[O-])O)O)O)S(=O)(=O)[O-])S(=O)(=O)[O-])S(=O)(=O)[O-],CN(C)C1=CC=C(C=C1)C(=N)C2=CC=C(C=C2)N(C)C.Cl,calixarene,4.184700012207031,O=S(=O)([O-])c1cc2c(O)c(c1)Cc1cc(S(=O)(=O)[O-])cc(c1O)Cc1cc(S(=O)(=O)[O-])cc(c1O)Cc1cc(S(=O)(=O)[O-])cc(c1O)Cc1cc(S(=O)(=O)[O-])cc(c1O)Cc1cc(S(=O)(=O)[O-])cc(c1O)C2,175E9D01D3A7DD7BE73E9B8659E8BAA0A16B2D5C4CCEFE3BEFED10121429BF10,HOST_CAN_0164,PASS,CN(C)c1ccc(C(=N)c2ccc(N(C)C)cc2)cc1.Cl,7CAC61A02B7841201EBA0EEAC3CCC2C701314C48BCD0471D0CC2D606D0415B35,GUEST_CAN_0405,PASS,AttentiveFP,1,random,4,4.383790016174316
1641,11,911,C1N2C3C4N(C2=O)CN5C6C7N(C5=O)CN8C9C2N(C8=O)CN5C8C%10N(C5=O)CN5C%11C%12N(C5=O)CN5C%13C%14N(C5=O)CN5C%15C%16N(C5=O)CN5C%17C(N1C5=O)N1CN3C(=O)N4CN6C(=O)N7CN9C(=O)N2CN8C(=O)N%10CN%11C(=O)N%12CN%13C(=O)N%14CN%15C(=O)N%16CN%17C1=O,C1(=CC=C(C=C1)C)[N+]1=CC=C(C=C1)C1=CC=[N+](C=C1)C1=CC=C(C=C1)C,cucurbituril,6.342400074005127,O=C1N2CN3C(=O)N4CN5C(=O)N6CN7C(=O)N8CN9C(=O)N%10CN%11C(=O)N%12CN%13C(=O)N%14CN%15C(=O)N%16CN1C1C2N2CN%17C(=O)N(CN%18C(=O)N(CN%19C(=O)N(CN%20C(=O)N(CN%21C(=O)N(CN%22C(=O)N(CN%23C(=O)N(CN1C2=O)C%16C%15%23)C%14C%13%22)C%12C%11%21)C%10C9%20)C8C7%19)C6C5%18)C4C3%17,E82CB7F52437B0147F435E3074F006752062FF8924E87C1DAF3210D182FF633B,HOST_CAN_0143,PASS,Cc1ccc(-[n+]2ccc(-c3cc[n+](-c4ccc(C)cc4)cc3)cc2)cc1,FDF24E4C3CCDD02EF93BD8C7D9F350A5F00F9F7872D248B8548311BB98247FE6,GUEST_CAN_0654,PASS,AttentiveFP,1,random,4,5.951941967010498
1644,48,912,[Na]OS(=O)(=O)CCCOc1c2CN3C(=O)N4[C@]5([C@@]3(N(Cc2c(c2c1cccc2)OCCCS(=O)(=O)O[Na])C(=O)N5CN1[C@@]2(N(C4)C(=O)N3[C@]2(C)N(C1=O)Cc1c(C3)c(OCCCS(=O)(=O)O[Na])c2c(c1OCCCS(=O)(=O)O[Na])cccc2)C)C)C,Cc1ccc2c(c1)sc([n+]2C)c1ccc(cc1)N(C)C.[Cl-],other,5.14300012588501,C[C@]12N3Cc4c(c(OCCCS(=O)(=O)[O][Na])c5ccccc5c4OCCCS(=O)(=O)[O][Na])CN1C(=O)N1CN4C(=O)N5Cc6c(c(OCCCS(=O)(=O)[O][Na])c7ccccc7c6OCCCS(=O)(=O)[O][Na])CN6C(=O)N(CN(C3=O)[C@]12C)[C@]4(C)[C@@]56C,D18B807A904C56B05E199911FB10FFB774349CC49BBD32D2EFAFF4C892BA649F,HOST_CAN_0090,PASS,Cc1ccc2c(c1)sc(-c1ccc(N(C)C)cc1)[n+]2C.[Cl-],59661591AF56235C54776FEF326381E52912264AEC9EB61F4C08C6E57753BD25,GUEST_CAN_0664,PASS,AttentiveFP,1,random,4,6.374052047729492
1645,16,15,NCCOc1c2Cc3cc(cc(c3O)Cc3cc(cc(Cc4c(c(Cc1cc(c2)S(=O)(=O)O)cc(c4)S(=O)(=O)O)O)c3O)S(=O)(=O)O)S(=O)(=O)O,[O-]C(=O)CC(C(=O)O)N,calixarene,3.7497000694274902,NCCOc1c2cc(S(=O)(=O)O)cc1Cc1cc(S(=O)(=O)O)cc(c1O)Cc1cc(S(=O)(=O)O)cc(c1O)Cc1cc(S(=O)(=O)O)cc(c1O)C2,7D8C32DEDAD770C68375EE2FF28F9CCD81B4D3DB3816F51D3CC994E73708AEBC,HOST_CAN_0109,PASS,NC(CC(=O)[O-])C(=O)O,BB5F75F5A9C5B3B73A0A3B7339C8AC7150359761D5C24F8C1D742AB3AA3BCA26,GUEST_CAN_0731,PASS,AttentiveFP,1,random,4,2.6261446475982666
1653,30,891,C1C2=CC(=CC(=C2O)CC3=CC(=CC(=C3O)CC4=CC(=CC(=C4O)CC5=C(C(=CC(=C5)S(=O)(=O)[O-])CC6=C(C(=CC(=C6)S(=O)(=O)[O-])CC7=C(C1=CC(=C7)S(=O)(=O)[O-])O)O)O)S(=O)(=O)[O-])S(=O)(=O)[O-])S(=O)(=O)[O-],C(CC(C(=O)NC(CCCN=C(N)N)C(=O)NC(CCCN=C(N)N)C(=O)O)N)CN=C(N)N,calixarene,3.2040998935699463,O=S(=O)([O-])c1cc2c(O)c(c1)Cc1cc(S(=O)(=O)[O-])cc(c1O)Cc1cc(S(=O)(=O)[O-])cc(c1O)Cc1cc(S(=O)(=O)[O-])cc(c1O)Cc1cc(S(=O)(=O)[O-])cc(c1O)Cc1cc(S(=O)(=O)[O-])cc(c1O)C2,175E9D01D3A7DD7BE73E9B8659E8BAA0A16B2D5C4CCEFE3BEFED10121429BF10,HOST_CAN_0164,PASS,NC(N)=NCCCC(N)C(=O)NC(CCCN=C(N)N)C(=O)NC(CCCN=C(N)N)C(=O)O,A9EE6309268C1B7B9709FEAFED1ABB412DB44B25953335CC5756B785F67289A0,GUEST_CAN_0748,PASS,AttentiveFP,1,random,4,3.9357733726501465
1660,11,919,C1N2C3C4N(C2=O)CN5C6C7N(C5=O)CN8C9C2N(C8=O)CN5C8C%10N(C5=O)CN5C%11C%12N(C5=O)CN5C%13C%14N(C5=O)CN5C%15C%16N(C5=O)CN5C%17C(N1C5=O)N1CN3C(=O)N4CN6C(=O)N7CN9C(=O)N2CN8C(=O)N%10CN%11C(=O)N%12CN%13C(=O)N%14CN%15C(=O)N%16CN%17C1=O,CC12CCC3C(C1CCC2=O)CCC4=C3C=CC(=C4)O,cucurbituril,6.397900104522705,O=C1N2CN3C(=O)N4CN5C(=O)N6CN7C(=O)N8CN9C(=O)N%10CN%11C(=O)N%12CN%13C(=O)N%14CN%15C(=O)N%16CN1C1C2N2CN%17C(=O)N(CN%18C(=O)N(CN%19C(=O)N(CN%20C(=O)N(CN%21C(=O)N(CN%22C(=O)N(CN%23C(=O)N(CN1C2=O)C%16C%15%23)C%14C%13%22)C%12C%11%21)C%10C9%20)C8C7%19)C6C5%18)C4C3%17,E82CB7F52437B0147F435E3074F006752062FF8924E87C1DAF3210D182FF633B,HOST_CAN_0143,PASS,CC12CCC3c4ccc(O)cc4CCC3C1CCC2=O,A4BEB260F8BE6D8CD5736C151EB1EF10F3C0AF04DA5BDD1B31C8646666782E3F,GUEST_CAN_0233,PASS,AttentiveFP,1,random,4,6.4747443199157715
1667,30,910,C1C2=CC(=CC(=C2O)CC3=CC(=CC(=C3O)CC4=CC(=CC(=C4O)CC5=C(C(=CC(=C5)S(=O)(=O)[O-])CC6=C(C(=CC(=C6)S(=O)(=O)[O-])CC7=C(C1=CC(=C7)S(=O)(=O)[O-])O)O)O)S(=O)(=O)[O-])S(=O)(=O)[O-])S(=O)(=O)[O-],CN(C)C1=CC=C(C=C1)C(=N)C2=CC=C(C=C2)N(C)C.Cl,calixarene,4.093400001525879,O=S(=O)([O-])c1cc2c(O)c(c1)Cc1cc(S(=O)(=O)[O-])cc(c1O)Cc1cc(S(=O)(=O)[O-])cc(c1O)Cc1cc(S(=O)(=O)[O-])cc(c1O)Cc1cc(S(=O)(=O)[O-])cc(c1O)Cc1cc(S(=O)(=O)[O-])cc(c1O)C2,175E9D01D3A7DD7BE73E9B8659E8BAA0A16B2D5C4CCEFE3BEFED10121429BF10,HOST_CAN_0164,PASS,CN(C)c1ccc(C(=N)c2ccc(N(C)C)cc2)cc1.Cl,7CAC61A02B7841201EBA0EEAC3CCC2C701314C48BCD0471D0CC2D606D0415B35,GUEST_CAN_0405,PASS,AttentiveFP,1,random,4,4.383790016174316
1669,48,804,[Na]OS(=O)(=O)CCCOc1c2CN3C(=O)N4[C@]5([C@@]3(N(Cc2c(c2c1cccc2)OCCCS(=O)(=O)O[Na])C(=O)N5CN1[C@@]2(N(C4)C(=O)N3[C@]2(C)N(C1=O)Cc1c(C3)c(OCCCS(=O)(=O)O[Na])c2c(c1OCCCS(=O)(=O)O[Na])cccc2)C)C)C,C(CC[NH2+]CCC[NH3+])C[NH2+]CCC[NH3+],other,2.926300048828125,C[C@]12N3Cc4c(c(OCCCS(=O)(=O)[O][Na])c5ccccc5c4OCCCS(=O)(=O)[O][Na])CN1C(=O)N1CN4C(=O)N5Cc6c(c(OCCCS(=O)(=O)[O][Na])c7ccccc7c6OCCCS(=O)(=O)[O][Na])CN6C(=O)N(CN(C3=O)[C@]12C)[C@]4(C)[C@@]56C,D18B807A904C56B05E199911FB10FFB774349CC49BBD32D2EFAFF4C892BA649F,HOST_CAN_0090,PASS,[NH3+]CCC[NH2+]CCCC[NH2+]CCC[NH3+],F142ABDE94046BD889A6018A8CC9A1CABFE1438B6BBCA9BCE41E1C9A457C9632,GUEST_CAN_1089,PASS,AttentiveFP,1,random,4,4.353415489196777
1671,46,343,C1C2=CC(=CC(=C2O)CC3=CC(=CC(=C3O)CC4=C(C(=CC(=C4)S(=O)(=O)O)CC5=C(C1=CC(=C5)S(=O)(=O)[O-])O)O)S(=O)(=O)O)S(=O)(=O)O.[Na+],C1=CC(=C(C=C1F)F)C(CN2C=NC=N2)(CN3C=NC=N3)O,calixarene,2.2227001190185547,O=S(=O)([O-])c1cc2c(O)c(c1)Cc1cc(S(=O)(=O)O)cc(c1O)Cc1cc(S(=O)(=O)O)cc(c1O)Cc1cc(S(=O)(=O)O)cc(c1O)C2.[Na+],CA94CECC10EDB9167B38E05C5D125873C9C1506ED227A3D9C6CBBCD696828A96,HOST_CAN_0163,PASS,OC(Cn1cncn1)(Cn1cncn1)c1ccc(F)cc1F,9594D6554481AE705E34C4725B7F3A9B5DBA2473D6C5446C3E91C1B9495B2086,GUEST_CAN_0957,PASS,AttentiveFP,1,random,4,3.9681808948516846
1672,9,608,[O-]C(=O)COc1ccc2c3c1CNC(=O)c1c(OCC(=O)[O-])ccc4c1ccc1c4C4CC(O1)Oc1c4c4ccc(c(C(=O)NCc5c6c(c7C8c2c(cc3)OC(C8)Oc7cc6)ccc5OCC(=O)[O-])c4cc1)OCC(=O)[O-].[NH4+].[NH4+].[NH4+].[NH4+],C12CCCC2O1,other,2.1303000450134277,O=C([O-])COc1ccc2c3c4ccc2c1CNC(=O)c1c(OCC(=O)[O-])ccc2c5c(ccc12)OC1CC5c2c(ccc5c(c(OCC(=O)[O-])ccc25)C(=O)NCc2c(OCC(=O)[O-])ccc5c6c(ccc25)OC(CC36)O4)O1.[NH4+].[NH4+].[NH4+].[NH4+],7D3830C6A6E10F82EEBCC3ED68B861BB21ED63B1DDB277580F3032527E5A1183,HOST_CAN_0139,PASS,C1CC2OC2C1,AD5402F59623FF096FB09FB5E439673682FDBBE4C8B9FE0054050E95FE2FEB01,GUEST_CAN_0026,PASS,AttentiveFP,1,random,4,3.744159460067749
1684,58,571,O=S(CCCOC1=C(CC2=CC(OCCCS(=O)([O-])=O)=C(C3)C=C2OCCCS(=O)([O-])=O)C=C(OCCCS(=O)([O-])=O)C(CC4=C(OCCCS(=O)([O-])=O)C=C(CC5=CC(OCCCS(=O)([O-])=O)=C(CC6=C(OCCCS(=O)([O-])=O)C=C3C(OCCCS(=O)([O-])=O)=C6)C=C5OCCCS(=O)([O-])=O)C(OCCCS(=O)([O-])=O)=C4)=C1)([O-])=O.[Na+].[Na+].[Na+].[Na+].[Na+].[Na+].[Na+].[Na+].[Na+].[Na+],C[NH+](CCCCCC[NH+](C)C)C.[Cl-].[Cl-],pillararene,5.8566999435424805,O=S(=O)([O-])CCCOc1cc2c(OCCCS(=O)(=O)[O-])cc1Cc1cc(OCCCS(=O)(=O)[O-])c(cc1OCCCS(=O)(=O)[O-])Cc1cc(OCCCS(=O)(=O)[O-])c(cc1OCCCS(=O)(=O)[O-])Cc1cc(OCCCS(=O)(=O)[O-])c(cc1OCCCS(=O)(=O)[O-])Cc1cc(OCCCS(=O)(=O)[O-])c(cc1OCCCS(=O)(=O)[O-])C2.[Na+].[Na+].[Na+].[Na+].[Na+].[Na+].[Na+].[Na+].[Na+].[Na+],8E55C5A412B23CD95C7713D651F330D147B9931901ECBE48AB8C58473B83EFD3,HOST_CAN_0158,PASS,C[NH+](C)CCCCCC[NH+](C)C.[Cl-].[Cl-],8B4BEF0E87E1F79B18593BF90F228DDB9EB4503C316DD07AD9C891FE7C4EC5FA,GUEST_CAN_0606,PASS,AttentiveFP,1,random,4,5.593585968017578
1690,51,927,C1N2C3C4N(C2=O)CN5C6C7N(C5=O)CN8C9C2N(C8=O)CN5C8C%10N(C5=O)CN5C%11C%12N(C5=O)CN5C%13C%14N(C5=O)CN5C%15C%16N(C5=O)CN5C%17C%18N(C5=O)CN5C%19C%20N(C5=O)CN5C%21C(N1C5=O)N1CN3C(=O)N4CN6C(=O)N7CN9C(=O)N2CN8C(=O)N%10CN%11C(=O)N%12CN%13C(=O)N%14CN%15C(=O)N%16CN%17C(=O)N%18CN%19C(=O)N%20CN%21C1=O,CC1=CC=NC(C2=CC(CCCCCCCC3=CC=NC(C4=CC(C)=CC=N4)=C3)=CC=N2)=C1.CC5=CC=NC6=C5C=CC7=C6N=CC(C)=C7.[Ru+2],cucurbituril,6.99560022354126,O=C1N2CN3C(=O)N4CN5C(=O)N6CN7C(=O)N8CN9C(=O)N%10CN%11C(=O)N%12CN%13C(=O)N%14CN%15C(=O)N%16CN%17C(=O)N%18CN%19C(=O)N%20CN1C1C2N2CN%21C(=O)N(CN%22C(=O)N(CN%23C(=O)N(CN%24C(=O)N(CN%25C(=O)N(CN%26C(=O)N(CN%27C(=O)N(CN%28C(=O)N(CN%29C(=O)N(CN1C2=O)C%20C%19%29)C%18C%17%28)C%16C%15%27)C%14C%13%26)C%12C%11%25)C%10C9%24)C8C7%23)C6C5%22)C4C3%21,E6025A48DEEE6C9E6878EC627A6CB37BA95516523DC76F4BD8E7A3BC0D967C68,HOST_CAN_0142,PASS,Cc1ccnc(-c2cc(CCCCCCCc3ccnc(-c4cc(C)ccn4)c3)ccn2)c1.Cc1cnc2c(ccc3c(C)ccnc32)c1.[Ru+2],F49EBAB20DCA3B7D03CD1A0F254401A443A34C4DF96675633C2B0EC429869D0D,GUEST_CAN_0672,PASS,AttentiveFP,1,random,4,7.636922836303711
1699,70,932,COc1ccc2-c3ccc(c(c3)C#Cc3cc(OC)ccc3-c3ccc(c(c3)C#Cc3cc(OC)ccc3-c3cc(C#Cc4c(-c5c(C#Cc6c(-c7c(C#Cc2c1)cc(OC)cc7)ccc(c6)OC)cc(OC)cc5)ccc(c4)OC)c(OC)cc3)OC)OC,C[n+]1cccc(c1)C(=O)O,other,3.6424999237060547,COc1ccc2c(c1)C#Cc1cc(ccc1OC)-c1ccc(OC)cc1C#Cc1cc(OC)ccc1-c1ccc(OC)cc1C#Cc1cc(OC)ccc1-c1ccc(OC)cc1C#Cc1cc(ccc1OC)-c1ccc(OC)cc1C#Cc1cc-2ccc1OC,B364BE40B8DDA45F28F670D2A9202F02E384B90196F7CF9F650990A32B5B26FC,HOST_CAN_0080,PASS,C[n+]1cccc(C(=O)O)c1,6AE1775A9FB332A19575AE5258E46CE3535C19360CDEC1F5E316B8DF5E35DFFA,GUEST_CAN_0639,PASS,AttentiveFP,1,random,4,3.9478583335876465
1700,25,581,CCCOc1c2Cc3cc(cc(c3OCCC)Cc3cc(cc(Cc4c(c(Cc1cc(c2)P(=O)(O)O)cc(c4)P(=O)(O)O)OCCC)c3OCCC)P(=O)(O)O)P(=O)(O)O,CC(C(C1=CC=CC=C1)O)NC.Cl,calixarene,1.9293999671936035,CCCOc1c2cc(P(=O)(O)O)cc1Cc1cc(P(=O)(O)O)cc(c1OCCC)Cc1cc(P(=O)(O)O)cc(c1OCCC)Cc1cc(P(=O)(O)O)cc(c1OCCC)C2,C043E79A34829EDDBE86C6FC09E756E7D0FDCE1A2BB383803C5CAA52B9480850,HOST_CAN_0037,PASS,CNC(C)C(O)c1ccccc1.Cl,D8615678964D3FE4EDA3B93E790EE8198756976629150E32922E603E5F5196BF,GUEST_CAN_0426,PASS,AttentiveFP,1,random,4,1.6259052753448486
1701,115,933,C(CCC)C1=C(C(OC2=CC(=CC=C12)N(CC)CC)=O)C=O,N[C@H](C(=O)O)CO,other,0.7160000205039978,CCCCc1c(C=O)c(=O)oc2cc(N(CC)CC)ccc12,50E4CC3B42DB2A1D81BA2FCB02D3EA8F0BF1EB0B92ACDAB1C80BFBFCC39A06BB,HOST_CAN_0035,PASS,N[C@@H](CO)C(=O)O,393FC58E201AE22891BF895E57CC96F0308A4AB9F195DA4C5539EA11326C17E1,GUEST_CAN_0818,PASS,AttentiveFP,1,random,4,1.337717056274414
1707,11,939,C1N2C3C4N(C2=O)CN5C6C7N(C5=O)CN8C9C2N(C8=O)CN5C8C%10N(C5=O)CN5C%11C%12N(C5=O)CN5C%13C%14N(C5=O)CN5C%15C%16N(C5=O)CN5C%17C(N1C5=O)N1CN3C(=O)N4CN6C(=O)N7CN9C(=O)N2CN8C(=O)N%10CN%11C(=O)N%12CN%13C(=O)N%14CN%15C(=O)N%16CN%17C1=O,ClC=1C=C(C=CC1)O,cucurbituril,4.778200149536133,O=C1N2CN3C(=O)N4CN5C(=O)N6CN7C(=O)N8CN9C(=O)N%10CN%11C(=O)N%12CN%13C(=O)N%14CN%15C(=O)N%16CN1C1C2N2CN%17C(=O)N(CN%18C(=O)N(CN%19C(=O)N(CN%20C(=O)N(CN%21C(=O)N(CN%22C(=O)N(CN%23C(=O)N(CN1C2=O)C%16C%15%23)C%14C%13%22)C%12C%11%21)C%10C9%20)C8C7%19)C6C5%18)C4C3%17,E82CB7F52437B0147F435E3074F006752062FF8924E87C1DAF3210D182FF633B,HOST_CAN_0143,PASS,Oc1cccc(Cl)c1,98D10DAA5D2B7FBBC0B26E7FA0717EF3FCFC5F6BBAEEF6F9DD9E2904869E0B92,GUEST_CAN_1002,PASS,AttentiveFP,1,random,4,3.842625617980957
1718,20,246,O=C(COC1=CC(CC2=C(OCC(O)=O)C=C(C(OCC(O)=O)=C2)CC3=CC(COC(O)=O)=C(C4)C=C3OCC(O)=O)=C(OCC(O)=O)C=C1CC5=C[C@@H](OCC(O)=O)[C@H](C=C5OCC(O)=O)CC6=CC(COC(O)=O)=C(C=C6OCC(O)=O)CC7=C(OCC(O)=O)C=C4C(OCC(O)=O)=C7)O,C[NH2+]CCCCCC[NH2+]C.[Cl-].[Cl-],pillararene,7.457900047302246,O=C(O)COC1=C[C@@H]2Cc3cc(COC(=O)O)c(cc3OCC(=O)O)Cc3cc(OCC(=O)O)c(cc3OCC(=O)O)Cc3cc(OCC(=O)O)c(cc3COC(=O)O)Cc3cc(OCC(=O)O)c(cc3OCC(=O)O)Cc3cc(OCC(=O)O)c(cc3OCC(=O)O)CC1=C[C@H]2OCC(=O)O,EB7BB63E53C952B34EDD9A1AA221307EA37FEE1D4C687CFC64D6BC38CEFE6263,HOST_CAN_0126,PASS,C[NH2+]CCCCCC[NH2+]C.[Cl-].[Cl-],2DC0727816F8B5C91CA849AACCF62E81FA1CD1F215425A9EEF72D8C23EA06FA6,GUEST_CAN_0610,PASS,AttentiveFP,1,random,4,7.70291805267334
1720,20,130,O=C(COC1=CC(CC2=C(OCC(O)=O)C=C(C(OCC(O)=O)=C2)CC3=CC(COC(O)=O)=C(C4)C=C3OCC(O)=O)=C(OCC(O)=O)C=C1CC5=C[C@@H](OCC(O)=O)[C@H](C=C5OCC(O)=O)CC6=CC(COC(O)=O)=C(C=C6OCC(O)=O)CC7=C(OCC(O)=O)C=C4C(OCC(O)=O)=C7)O,C[N+](CCCCC[N+](C)(C)C)(C)C.[I-].[I-],pillararene,7.414999961853027,O=C(O)COC1=C[C@@H]2Cc3cc(COC(=O)O)c(cc3OCC(=O)O)Cc3cc(OCC(=O)O)c(cc3OCC(=O)O)Cc3cc(OCC(=O)O)c(cc3COC(=O)O)Cc3cc(OCC(=O)O)c(cc3OCC(=O)O)Cc3cc(OCC(=O)O)c(cc3OCC(=O)O)CC1=C[C@H]2OCC(=O)O,EB7BB63E53C952B34EDD9A1AA221307EA37FEE1D4C687CFC64D6BC38CEFE6263,HOST_CAN_0126,PASS,C[N+](C)(C)CCCCC[N+](C)(C)C.[I-].[I-],1A401729657A9AD83E04415A4E9AEAD80678B422CE57935C1B26E8FC1A65D2C6,GUEST_CAN_0565,PASS,AttentiveFP,1,random,4,6.983983039855957
1723,134,66,O[C@@H]1[C@H](OC([C@@H]2O)O[C@H](CO)[C@@H](O)[C@H]2O)[C@@H](CO)O[C@@H](OC[C@@H]3O[C@@H]4[C@@H](O)[C@H](O)[C@H]3O[C@H]5[C@@H](O)[C@H](O)[C@@H](O[C@H]6[C@@H](O)[C@H](O)[C@@H](O[C@H]7[C@@H](O)[C@H](O)[C@@H](O[C@@H]8[C@H](O)[C@@H](O)[C@H](O[C@@H]9[C@H](O)[C@@H](O)[C@H](O[C@@H]%10[C@H](O)[C@@H](O)[C@H](O4)[C@@H](CO)O%10)[C@@H](CO)O9)[C@@H](CO)O8)[C@H](CO)O7)[C@H](CO)O6)[C@H](CO)O5)[C@@H]1O,CCN(CC)C1=CC2=C(C=C1)C(=C3C=CC(=[N+](CC)CC)C=C3O2)C4=CC=CC=C4C(=O)O.[Cl-],cyclodextrin,3.5185000896453857,OC[C@@H]1O[C@H]2O[C@@H]3[C@@H](O)[C@H](O)[C@H](O[C@H]4[C@H](O)[C@@H](O)[C@@H](O[C@H]5[C@H](O)[C@@H](O)[C@@H](O[C@H]6[C@H](O)[C@@H](O)[C@@H](O[C@@H]7[C@@H](O)[C@H](O)[C@H](O[C@@H]8[C@@H](O)[C@H](O)[C@H](O[C@@H]1[C@@H](O)[C@@H]2O)O[C@H]8CO)O[C@H]7CO)O[C@@H]6CO)O[C@@H]5CO)O[C@@H]4CO)O[C@H]3CO[C@@H]1O[C@H](CO)[C@@H](OC2O[C@H](CO)[C@@H](O)[C@@H](O)[C@H]2O)[C@@H](O)[C@H]1O,39E11931115A3C0980D148DAD371A06588B1E63ABA9B57E1CE9DA06DF4204CE0,HOST_CAN_0174,PASS,CCN(CC)c1ccc2c(-c3ccccc3C(=O)O)c3ccc(=[N+](CC)CC)cc-3oc2c1.[Cl-],E6B7F92F3A311CD3784FBF712B743266F1C434D81B8F11E34C9F34FDCF2DC073,GUEST_CAN_0347,PASS,AttentiveFP,1,random,4,2.752713441848755
1730,98,138,C([C@@H]1[C@@H]2[C@@H]([C@H]([C@H](O1)O[C@@H]3[C@H](O[C@@H]([C@@H]([C@H]3O)O)O[C@@H]4[C@H](O[C@@H]([C@@H]([C@H]4O)O)O[C@@H]5[C@H](O[C@@H]([C@@H]([C@H]5O)O)O[C@@H]6[C@H](O[C@@H]([C@@H]([C@H]6O)O)O[C@@H]7[C@H](O[C@@H]([C@@H]([C@H]7O)O)O[C@@H]8[C@H](O[C@H](O2)[C@@H]([C@H]8O)O)CO)CO)CO)CO)CO)CO)O)O)NCC(=O)O,CC1=CC2=C(C=C1N)[N+](=C3C=C(C(=CC3=N2)C)N)C4=CC=CC=C4.[Cl-],cyclodextrin,2.7781999111175537,O=C(O)CNC[C@H]1O[C@@H]2O[C@H]3[C@H](O)[C@@H](O)[C@@H](O[C@H]4[C@H](O)[C@@H](O)[C@@H](O[C@H]5[C@H](O)[C@@H](O)[C@@H](O[C@H]6[C@H](O)[C@@H](O)[C@@H](O[C@H]7[C@H](O)[C@@H](O)[C@@H](O[C@H]8[C@H](O)[C@@H](O)[C@@H](O[C@H]1[C@H](O)[C@H]2O)O[C@@H]8CO)O[C@@H]7CO)O[C@@H]6CO)O[C@@H]5CO)O[C@@H]4CO)O[C@@H]3CO,1CB8BB8FC7131D0029408460C176413DD5567C2F911FE5DE54C9E901F56DC40B,HOST_CAN_0125,PASS,Cc1cc2nc3cc(C)c(N)cc3[n+](-c3ccccc3)c2cc1N.[Cl-],6C23131E23824F74076AE480AD36D628F0F33D6700F3B35A67A21F791CA61E3F,GUEST_CAN_0650,PASS,AttentiveFP,1,random,4,3.3244807720184326
1731,15,947,C1=C2C=C3C=C1OC4=CC(=CC(=C4)C(=O)O)OC5=CC6=CC(=C5)C7OC8=CC9=C1C=C8C(C4=C(O7)C=C5C(=C4)C(C4=CC7=C(C=C4OC2O5)OC2C4=CC(=CC(=C4)OC4=CC(=CC(=C4)C(=O)O)OC4=CC(=CC(=C4)OC4=CC(=CC(=C4)O6)C(=O)O)C(O9)OC4=C(C1CCC(=O)O)C=C(C7CCC(=O)O)C(=C4)O2)OC1=CC(=CC(=C1)O3)C(=O)O)CCC(=O)O)CCC(=O)O,I(=O)(=O)(=O)[O-].[Na+],cavitand,2.3345000743865967,O=C(O)CCC1c2cc3c4cc2OC2Oc5cc6c(cc51)C(CCC(=O)O)c1cc5c7cc1OC(O6)c1cc6cc(c1)Oc1cc(cc(C(=O)O)c1)Oc1cc8cc(c1)C(Oc1cc(c(cc1C5CCC(=O)O)C3CCC(=O)O)OC(O4)c1cc(cc(c1)Oc1cc(cc(C(=O)O)c1)O8)Oc1cc(cc(C(=O)O)c1)Oc1cc(cc2c1)Oc1cc(cc(C(=O)O)c1)O6)O7,AE6E8A9B8E3ECDE32B65BE9B8736ECC23E2311A112E2CA1B78F35ECF9046A382,HOST_CAN_0117,PASS,[Na+].[O-][I+3]([O-])([O-])[O-],C2218346732EA1F963960990A1AC27ACB388147C05D658E253E42575FFD02F33,GUEST_CAN_1101,PASS,AttentiveFP,1,random,4,2.6631171703338623
1740,20,238,O=C(COC1=CC(CC2=C(OCC(O)=O)C=C(C(OCC(O)=O)=C2)CC3=CC(COC(O)=O)=C(C4)C=C3OCC(O)=O)=C(OCC(O)=O)C=C1CC5=C[C@@H](OCC(O)=O)[C@H](C=C5OCC(O)=O)CC6=CC(COC(O)=O)=C(C=C6OCC(O)=O)CC7=C(OCC(O)=O)C=C4C(OCC(O)=O)=C7)O,[NH3+][C@@H]1CC[C@H](CC1)[NH3+].[Cl-].[Cl-],pillararene,7.204100131988525,O=C(O)COC1=C[C@@H]2Cc3cc(COC(=O)O)c(cc3OCC(=O)O)Cc3cc(OCC(=O)O)c(cc3OCC(=O)O)Cc3cc(OCC(=O)O)c(cc3COC(=O)O)Cc3cc(OCC(=O)O)c(cc3OCC(=O)O)Cc3cc(OCC(=O)O)c(cc3OCC(=O)O)CC1=C[C@H]2OCC(=O)O,EB7BB63E53C952B34EDD9A1AA221307EA37FEE1D4C687CFC64D6BC38CEFE6263,HOST_CAN_0126,PASS,[Cl-].[Cl-].[NH3+][C@H]1CC[C@H]([NH3+])CC1,E9F9FA4299BFC1D79397C498274130D26D2EE95ED4CFAA951C8CFA2222B9A1F7,GUEST_CAN_1033,PASS,AttentiveFP,1,random,4,7.514569282531738
1744,3,245,OC[C@H]1O[C@@H]2O[C@@H]3[C@@H](CO)O[C@H](O[C@@H]4[C@@H](CO)O[C@H](O[C@@H]5[C@@H](CO)O[C@H](O[C@@H]6[C@@H](CO)O[C@H](O[C@@H]7[C@@H](CO)O[C@H](O[C@@H]8[C@@H](CO)O[C@H](O[C@H]1[C@H](O)[C@H]2O)[C@H](O)[C@H]8O)[C@H](O)[C@H]7O)[C@H](O)[C@H]6O)[C@H](O)[C@H]5O)[C@H](O)[C@H]4O)[C@H](O)[C@H]3O,C1=CC=C(C=C1)CC(C(=O)O)O,cyclodextrin,1.919100046157837,OC[C@H]1O[C@@H]2O[C@H]3[C@H](O)[C@@H](O)[C@@H](O[C@H]4[C@H](O)[C@@H](O)[C@@H](O[C@H]5[C@H](O)[C@@H](O)[C@@H](O[C@H]6[C@H](O)[C@@H](O)[C@@H](O[C@H]7[C@H](O)[C@@H](O)[C@@H](O[C@H]8[C@H](O)[C@@H](O)[C@@H](O[C@H]1[C@H](O)[C@H]2O)O[C@@H]8CO)O[C@@H]7CO)O[C@@H]6CO)O[C@@H]5CO)O[C@@H]4CO)O[C@@H]3CO,22584443D9512992310760C9871E3E6BDB3EDC92006F3EF1EC94F44373907EB1,HOST_CAN_0176,PASS,O=C(O)C(O)Cc1ccccc1,E9397338BFA2DF2426F5EAFAC89A6A669CCB8C215710730D405A0EAD1E19A161,GUEST_CAN_0859,PASS,AttentiveFP,1,random,4,1.9064319133758545
1750,11,956,C1N2C3C4N(C2=O)CN5C6C7N(C5=O)CN8C9C2N(C8=O)CN5C8C%10N(C5=O)CN5C%11C%12N(C5=O)CN5C%13C%14N(C5=O)CN5C%15C%16N(C5=O)CN5C%17C(N1C5=O)N1CN3C(=O)N4CN6C(=O)N7CN9C(=O)N2CN8C(=O)N%10CN%11C(=O)N%12CN%13C(=O)N%14CN%15C(=O)N%16CN%17C1=O,CCC(=O)NC1=CC(=C(C=C1)Cl)Cl,cucurbituril,3.90310001373291,O=C1N2CN3C(=O)N4CN5C(=O)N6CN7C(=O)N8CN9C(=O)N%10CN%11C(=O)N%12CN%13C(=O)N%14CN%15C(=O)N%16CN1C1C2N2CN%17C(=O)N(CN%18C(=O)N(CN%19C(=O)N(CN%20C(=O)N(CN%21C(=O)N(CN%22C(=O)N(CN%23C(=O)N(CN1C2=O)C%16C%15%23)C%14C%13%22)C%12C%11%21)C%10C9%20)C8C7%19)C6C5%18)C4C3%17,E82CB7F52437B0147F435E3074F006752062FF8924E87C1DAF3210D182FF633B,HOST_CAN_0143,PASS,CCC(=O)Nc1ccc(Cl)c(Cl)c1,77A18C8FED28F29E17A1D400380D6FEDD907E4406F79B3842D8A0B05863248A3,GUEST_CAN_0251,PASS,AttentiveFP,1,random,4,4.633378028869629
1769,9,964,[O-]C(=O)COc1ccc2c3c1CNC(=O)c1c(OCC(=O)[O-])ccc4c1ccc1c4C4CC(O1)Oc1c4c4ccc(c(C(=O)NCc5c6c(c7C8c2c(cc3)OC(C8)Oc7cc6)ccc5OCC(=O)[O-])c4cc1)OCC(=O)[O-].[NH4+].[NH4+].[NH4+].[NH4+],C1CCC2C(C1)O2,other,1.7633999586105347,O=C([O-])COc1ccc2c3c4ccc2c1CNC(=O)c1c(OCC(=O)[O-])ccc2c5c(ccc12)OC1CC5c2c(ccc5c(c(OCC(=O)[O-])ccc25)C(=O)NCc2c(OCC(=O)[O-])ccc5c6c(ccc25)OC(CC36)O4)O1.[NH4+].[NH4+].[NH4+].[NH4+],7D3830C6A6E10F82EEBCC3ED68B861BB21ED63B1DDB277580F3032527E5A1183,HOST_CAN_0139,PASS,C1CCC2OC2C1,78D4812342A7F88534719C2C2B467B0E7B72F0ECFBE8E31818F971D57D8D8A2B,GUEST_CAN_0027,PASS,AttentiveFP,1,random,4,3.8560850620269775
1777,9,800,[O-]C(=O)COc1ccc2c3c1CNC(=O)c1c(OCC(=O)[O-])ccc4c1ccc1c4C4CC(O1)Oc1c4c4ccc(c(C(=O)NCc5c6c(c7C8c2c(cc3)OC(C8)Oc7cc6)ccc5OCC(=O)[O-])c4cc1)OCC(=O)[O-].[NH4+].[NH4+].[NH4+].[NH4+],C1CCC(=O)CC1,other,1.544100046157837,O=C([O-])COc1ccc2c3c4ccc2c1CNC(=O)c1c(OCC(=O)[O-])ccc2c5c(ccc12)OC1CC5c2c(ccc5c(c(OCC(=O)[O-])ccc25)C(=O)NCc2c(OCC(=O)[O-])ccc5c6c(ccc25)OC(CC36)O4)O1.[NH4+].[NH4+].[NH4+].[NH4+],7D3830C6A6E10F82EEBCC3ED68B861BB21ED63B1DDB277580F3032527E5A1183,HOST_CAN_0139,PASS,O=C1CCCCC1,28ED7F4ABC3F360949BEF088C4AFA4A77B693EB3C89E315AEDB1AFD64C9CEB92,GUEST_CAN_0919,PASS,AttentiveFP,1,random,4,2.9407010078430176
1778,64,967,CCCCOc1cc2COCc3cc(OCCCC)cc4c3cc(OCCCC)cc4COCc3c(OCCCC)ccc4c3ccc(c4COCc3c4c(c(COCc5c(c1)c2cc(c5)OCCCC)c(OCCCC)cc4)ccc3OCCCC)OCCCC,Cc1cccc(c1)C[N+](Cc1cccc(c1)C)(C)C,other,4.676700115203857,CCCCOc1cc2c3cc(OCCCC)cc(c3c1)COCc1cc(OCCCC)cc3c(cc(OCCCC)cc13)COCc1c(OCCCC)ccc3c(c(OCCCC)ccc13)COCc1c(OCCCC)ccc3c(c(OCCCC)ccc13)COC2,05C5083FBF551B3C1AE048E85E6B7F5EB796F7835740F408D7B4DF1173E7C142,HOST_CAN_0032,PASS,Cc1cccc(C[N+](C)(C)Cc2cccc(C)c2)c1,C24554C20B6E768666F0876416D453AED50B7FB95A0110D9234F1E3B2D2E6391,GUEST_CAN_0667,PASS,AttentiveFP,1,random,4,4.9567461013793945
1792,55,523,OC1=C(CC2=CC(S(=O)([O-])=O)=CC(CC3=C(O)C4=CC(S(=O)([O-])=O)=C3)=C2O)C=C(S(=O)([O-])=O)C=C1CC5=C(O)C(CC6=CC(S(=O)([O-])=O)=CC(CC7=CC(S(=O)([O-])=O)=CC(CC8=C(O)C(CC9=CC(S(=O)([O-])=O)=CC(C4)=C9O)=CC(S(=O)([O-])=O)=C8)=C7OCCN)=C6O)=CC(S(=O)([O-])=O)=C5,C(C(=O)O)N,calixarene,1.4471999406814575,NCCOc1c2cc(S(=O)(=O)[O-])cc1Cc1cc(S(=O)(=O)[O-])cc(c1O)Cc1cc(S(=O)(=O)[O-])cc(c1O)Cc1cc(S(=O)(=O)[O-])cc(c1O)Cc1cc(S(=O)(=O)[O-])cc(c1O)Cc1cc(S(=O)(=O)[O-])cc(c1O)Cc1cc(S(=O)(=O)[O-])cc(c1O)Cc1cc(S(=O)(=O)[O-])cc(c1O)C2,46CD7FE84C8D6C4EF795EC2A85AC98203C8613778274664FF650C7423640E7D1,HOST_CAN_0112,PASS,NCC(=O)O,30FE3809EFBE5F6B082D9B94D27A0C7C9ECD1364A816D59C3D31CE32BCDF848E,GUEST_CAN_0774,PASS,AttentiveFP,1,random,4,2.0504746437072754
1795,38,974,C1C2C3=CC=CC=C3C4=C5C6CC7=CC=CC=C7C8=CC(=CC(=C8)C9=CC=CC=C9CC3C7=CC=CC=C7C(=C24)C3=C5C2=CC=CC=C62)C2=CC=CC=C21,COC1=C2O[C@@H]3[C@]45C2=C(C=C1)C[C@@H]([N+](CC5)(C)C)[C@]4([H])C=C[C@@H]3O,cyclophane,6.431399822235107,c1ccc2c(c1)CC1c3ccccc3-c3c1c1c4c5c3C(Cc3ccccc3-c3cc-2cc(c3)-c2ccccc2CC4c2ccccc2-1)c1ccccc1-5,7D60610AC6275537B6952E12359C97C789A38E2FA1295732E16AF89573CE95C4,HOST_CAN_0186,PASS,COc1ccc2c3c1O[C@H]1[C@@H](O)C=C[C@H]4[C@@H](C2)[N+](C)(C)CC[C@@]341,2CFD9EF56D796FC40E693AAE27F76D6D23744DAD4E5C5E3EF8587888A8AA1D98,GUEST_CAN_0497,PASS,AttentiveFP,1,random,4,5.317624092102051
1800,170,861,C(CCCCCCCCCCCCCCCCCCC)OC=1C=C(C=2C=CC3=C(C=C(C=4C=CC1C2C43)S(=O)(=O)[O-])S(=O)(=O)[O-])S(=O)(=O)[O-].[Na+].[Na+].[Na+],NCCCNCCCCNCCCN,other,6.322199821472168,CCCCCCCCCCCCCCCCCCCCOc1cc(S(=O)(=O)[O-])c2ccc3c(S(=O)(=O)[O-])cc(S(=O)(=O)[O-])c4ccc1c2c43.[Na+].[Na+].[Na+],B27E030E0C289DFB726320A97E22B8572B4BD8C0E48DD4AA72DC2B16C5FABE46,HOST_CAN_0024,PASS,NCCCNCCCCNCCCN,89EC2515667C6CC2F4199FFE131AE7FD274838F92C27EE7FE3B2B92748655134,GUEST_CAN_0802,PASS,AttentiveFP,1,random,4,6.430503845214844
1805,3,978,OC[C@H]1O[C@@H]2O[C@@H]3[C@@H](CO)O[C@H](O[C@@H]4[C@@H](CO)O[C@H](O[C@@H]5[C@@H](CO)O[C@H](O[C@@H]6[C@@H](CO)O[C@H](O[C@@H]7[C@@H](CO)O[C@H](O[C@@H]8[C@@H](CO)O[C@H](O[C@H]1[C@H](O)[C@H]2O)[C@H](O)[C@H]8O)[C@H](O)[C@H]7O)[C@H](O)[C@H]6O)[C@H](O)[C@H]5O)[C@H](O)[C@H]4O)[C@H](O)[C@H]3O,C(C)(C)(C)O,cyclodextrin,2.259999990463257,OC[C@H]1O[C@@H]2O[C@H]3[C@H](O)[C@@H](O)[C@@H](O[C@H]4[C@H](O)[C@@H](O)[C@@H](O[C@H]5[C@H](O)[C@@H](O)[C@@H](O[C@H]6[C@H](O)[C@@H](O)[C@@H](O[C@H]7[C@H](O)[C@@H](O)[C@@H](O[C@H]8[C@H](O)[C@@H](O)[C@@H](O[C@H]1[C@H](O)[C@H]2O)O[C@@H]8CO)O[C@@H]7CO)O[C@@H]6CO)O[C@@H]5CO)O[C@@H]4CO)O[C@@H]3CO,22584443D9512992310760C9871E3E6BDB3EDC92006F3EF1EC94F44373907EB1,HOST_CAN_0176,PASS,CC(C)(C)O,BAF10C6263079F541FDD995FACFA85E9BAE39042CB0AA93C8F9307E7136B988B,GUEST_CAN_0112,PASS,AttentiveFP,1,random,4,1.5394985675811768
1822,152,982,C1COCCOC2=NC3=CC=CC=C3N=C2OCCOCCOCCOC4=CC=CC=C4OCCO1,[NH2+](Cc1ccccc1)Cc1ccc(cc1)Oc1ccc(cc1)Oc1ccc(cc1)C[NH2+]Cc1ccccc1.C1COCCOc2ccccc2OCCOCCOCCOc2c(OCCO1)nc1ccccc1n2,other,2.4914000034332275,c1ccc2c(c1)OCCOCCOCCOc1nc3ccccc3nc1OCCOCCOCCO2,11E567E73A50D02BD46891CF13338BDDF57C27745B8926A9E8B83F56E359EA3E,HOST_CAN_0187,PASS,c1ccc(C[NH2+]Cc2ccc(Oc3ccc(Oc4ccc(C[NH2+]Cc5ccccc5)cc4)cc3)cc2)cc1.c1ccc2c(c1)OCCOCCOCCOc1nc3ccccc3nc1OCCOCCOCCO2,4A36451B15D9F785FA93F91117D7353EC168F48F257053925223ABE84F8D752B,GUEST_CAN_1132,PASS,AttentiveFP,1,random,4,3.5027413368225098
1823,69,951,NCCN1C=C(N=N1)COC(C=C2)=C(CNCC3=C(OCC(N=N4)=CN4CCN)C=CC5=C3C=C6)C7=C2C8=C(C=C7)OC9CC8C%10=C(O9)C=CC%11=C%10C=CC(OCC(N=N%12)=CN%12CCN)=C%11CNCC%13=C(OCC(N=N%14)=CN%14CCN)C=CC%15=C%13C=CC(O%16)=C%15C%17C5=C6OC%16C%17,OC(=O)C(Cc1ccccc1)NC(=O)C,other,3.110599994659424,NCCn1cc(COc2ccc3c4c5ccc3c2CNCc2c(OCc3cn(CCN)nn3)ccc3c6c(ccc23)OC2CC6c3c(ccc6c(c(OCc7cn(CCN)nn7)ccc36)CNCc3c(OCc6cn(CCN)nn6)ccc6c7c(ccc36)OC(CC47)O5)O2)nn1,E69AC36986BDADC1E5A61FE9021251B6D5437DB096F231021CE94D055FF4BCBF,HOST_CAN_0113,PASS,CC(=O)NC(Cc1ccccc1)C(=O)O,CC6FA7DBAD7ADEBC07F58FAA2BE6025206B6C31CC0D76EDEE142CE8D1EDA6C03,GUEST_CAN_0074,PASS,AttentiveFP,1,random,4,3.8966009616851807
1828,9,491,[O-]C(=O)COc1ccc2c3c1CNC(=O)c1c(OCC(=O)[O-])ccc4c1ccc1c4C4CC(O1)Oc1c4c4ccc(c(C(=O)NCc5c6c(c7C8c2c(cc3)OC(C8)Oc7cc6)ccc5OCC(=O)[O-])c4cc1)OCC(=O)[O-].[NH4+].[NH4+].[NH4+].[NH4+],[N+](=O)([O-])C,other,1.2303999662399292,O=C([O-])COc1ccc2c3c4ccc2c1CNC(=O)c1c(OCC(=O)[O-])ccc2c5c(ccc12)OC1CC5c2c(ccc5c(c(OCC(=O)[O-])ccc25)C(=O)NCc2c(OCC(=O)[O-])ccc5c6c(ccc25)OC(CC36)O4)O1.[NH4+].[NH4+].[NH4+].[NH4+],7D3830C6A6E10F82EEBCC3ED68B861BB21ED63B1DDB277580F3032527E5A1183,HOST_CAN_0139,PASS,C[N+](=O)[O-],9DD6477011E170DF8C6A8B067C399B43A2AD6B900754D12DFB60C91C14231420,GUEST_CAN_0551,PASS,AttentiveFP,1,random,4,2.569082736968994
1834,3,369,OC[C@H]1O[C@@H]2O[C@@H]3[C@@H](CO)O[C@H](O[C@@H]4[C@@H](CO)O[C@H](O[C@@H]5[C@@H](CO)O[C@H](O[C@@H]6[C@@H](CO)O[C@H](O[C@@H]7[C@@H](CO)O[C@H](O[C@@H]8[C@@H](CO)O[C@H](O[C@H]1[C@H](O)[C@H]2O)[C@H](O)[C@H]8O)[C@H](O)[C@H]7O)[C@H](O)[C@H]6O)[C@H](O)[C@H]5O)[C@H](O)[C@H]4O)[C@H](O)[C@H]3O,C1CC2CCC(C1)N=N2,cyclodextrin,3.428100109100342,OC[C@H]1O[C@@H]2O[C@H]3[C@H](O)[C@@H](O)[C@@H](O[C@H]4[C@H](O)[C@@H](O)[C@@H](O[C@H]5[C@H](O)[C@@H](O)[C@@H](O[C@H]6[C@H](O)[C@@H](O)[C@@H](O[C@H]7[C@H](O)[C@@H](O)[C@@H](O[C@H]8[C@H](O)[C@@H](O)[C@@H](O[C@H]1[C@H](O)[C@H]2O)O[C@@H]8CO)O[C@@H]7CO)O[C@@H]6CO)O[C@@H]5CO)O[C@@H]4CO)O[C@@H]3CO,22584443D9512992310760C9871E3E6BDB3EDC92006F3EF1EC94F44373907EB1,HOST_CAN_0176,PASS,C1CC2CCC(C1)N=N2,3CB1DE4B60C8143576E12CED092F576F3C060BF327141DD7E64000E135972BED,GUEST_CAN_0021,PASS,AttentiveFP,1,random,4,2.1768102645874023
1838,16,126,NCCOc1c2Cc3cc(cc(c3O)Cc3cc(cc(Cc4c(c(Cc1cc(c2)S(=O)(=O)O)cc(c4)S(=O)(=O)O)O)c3O)S(=O)(=O)O)S(=O)(=O)O,NC(C(=O)O)Cc1ccccc1,calixarene,2.4532999992370605,NCCOc1c2cc(S(=O)(=O)O)cc1Cc1cc(S(=O)(=O)O)cc(c1O)Cc1cc(S(=O)(=O)O)cc(c1O)Cc1cc(S(=O)(=O)O)cc(c1O)C2,7D8C32DEDAD770C68375EE2FF28F9CCD81B4D3DB3816F51D3CC994E73708AEBC,HOST_CAN_0109,PASS,NC(Cc1ccccc1)C(=O)O,4B6B1236F1C31D28D9F95F736FF46B2960AFF4F6FCE3D9E76CF43DE2ADDE8B08,GUEST_CAN_0746,PASS,AttentiveFP,1,random,4,2.5437746047973633
1844,3,353,OC[C@H]1O[C@@H]2O[C@@H]3[C@@H](CO)O[C@H](O[C@@H]4[C@@H](CO)O[C@H](O[C@@H]5[C@@H](CO)O[C@H](O[C@@H]6[C@@H](CO)O[C@H](O[C@@H]7[C@@H](CO)O[C@H](O[C@@H]8[C@@H](CO)O[C@H](O[C@H]1[C@H](O)[C@H]2O)[C@H](O)[C@H]8O)[C@H](O)[C@H]7O)[C@H](O)[C@H]6O)[C@H](O)[C@H]5O)[C@H](O)[C@H]4O)[C@H](O)[C@H]3O,CNC1=CC2=C(C=C1)C=C3C=CC(=[NH+]C)C=C3O2.[Cl-],cyclodextrin,3.4200000762939453,OC[C@H]1O[C@@H]2O[C@H]3[C@H](O)[C@@H](O)[C@@H](O[C@H]4[C@H](O)[C@@H](O)[C@@H](O[C@H]5[C@H](O)[C@@H](O)[C@@H](O[C@H]6[C@H](O)[C@@H](O)[C@@H](O[C@H]7[C@H](O)[C@@H](O)[C@@H](O[C@H]8[C@H](O)[C@@H](O)[C@@H](O[C@H]1[C@H](O)[C@H]2O)O[C@@H]8CO)O[C@@H]7CO)O[C@@H]6CO)O[C@@H]5CO)O[C@@H]4CO)O[C@@H]3CO,22584443D9512992310760C9871E3E6BDB3EDC92006F3EF1EC94F44373907EB1,HOST_CAN_0176,PASS,CNc1ccc2cc3ccc(=[NH+]C)cc-3oc2c1.[Cl-],40A1716939AF15B346C71DAB9A87CDCEA128A41E2582458E422054A1D912677D,GUEST_CAN_0433,PASS,AttentiveFP,1,random,4,3.0157296657562256
1847,17,37,COP(=O)(Cc1cc2ccc1OCc1cc(COc3ccc(cc3CP(=O)(OC)[O-])C(C)(C)c3ccc(OCc4cc(COc5ccc(C2(C)C)cc5CP(=O)(OC)[O-])cc(c4)[N+](=O)[O-])c(c3)CP(=O)(OC)[O-])cc(c1)[N+](=O)[O-])[O-],C1=CC(=C(C=C1C(CN)O)O)O,other,2.33240008354187,COP(=O)([O-])Cc1cc2ccc1OCc1cc(cc([N+](=O)[O-])c1)COc1ccc(cc1CP(=O)([O-])OC)C(C)(C)c1ccc(c(CP(=O)([O-])OC)c1)OCc1cc(cc([N+](=O)[O-])c1)COc1ccc(cc1CP(=O)([O-])OC)C2(C)C,5C9812D0AA59E8C93387DCBA9CDBD0E45705FA87B439937B162042CB092EC8B9,HOST_CAN_0069,PASS,NCC(O)c1ccc(O)c(O)c1,7F5D32A02DE5511E772E8422081F82EE16925B55633A6CB4BB4E730CF1565495,GUEST_CAN_0775,PASS,AttentiveFP,1,random,4,2.3910176753997803
1849,48,990,[Na]OS(=O)(=O)CCCOc1c2CN3C(=O)N4[C@]5([C@@]3(N(Cc2c(c2c1cccc2)OCCCS(=O)(=O)O[Na])C(=O)N5CN1[C@@]2(N(C4)C(=O)N3[C@]2(C)N(C1=O)Cc1c(C3)c(OCCCS(=O)(=O)O[Na])c2c(c1OCCCS(=O)(=O)O[Na])cccc2)C)C)C,OCc1ccc(cc1)CO,other,1.3978999853134155,C[C@]12N3Cc4c(c(OCCCS(=O)(=O)[O][Na])c5ccccc5c4OCCCS(=O)(=O)[O][Na])CN1C(=O)N1CN4C(=O)N5Cc6c(c(OCCCS(=O)(=O)[O][Na])c7ccccc7c6OCCCS(=O)(=O)[O][Na])CN6C(=O)N(CN(C3=O)[C@]12C)[C@]4(C)[C@@]56C,D18B807A904C56B05E199911FB10FFB774349CC49BBD32D2EFAFF4C892BA649F,HOST_CAN_0090,PASS,OCc1ccc(CO)cc1,4B4D89701A4F8685CE33E1F50AEFC1B6C00415A84B54FD9569BC841F35463E2B,GUEST_CAN_0984,PASS,AttentiveFP,1,random,4,2.0131289958953857
1850,12,229,O1CCOCCN2CCOCCOCCOCCN(CCOCC1)CCOCCOCCOCC2,[Na+],other,2.0,C1COCCN2CCOCCOCCOCCN(CCOCCO1)CCOCCOCCOCC2,85C7C02142B236ECBC1FC9E9A1DD4E3252A7651F7F5B037994877CF5373B1DC8,HOST_CAN_0006,PASS,[Na+],C967F382B185E1578CB9153250886D12807928AF715FC44BD49BA94ACEDD7043,GUEST_CAN_1098,PASS,AttentiveFP,1,random,4,1.63651704788208
1862,11,997,C1N2C3C4N(C2=O)CN5C6C7N(C5=O)CN8C9C2N(C8=O)CN5C8C%10N(C5=O)CN5C%11C%12N(C5=O)CN5C%13C%14N(C5=O)CN5C%15C%16N(C5=O)CN5C%17C(N1C5=O)N1CN3C(=O)N4CN6C(=O)N7CN9C(=O)N2CN8C(=O)N%10CN%11C(=O)N%12CN%13C(=O)N%14CN%15C(=O)N%16CN%17C1=O,CSCC[C@@H](C(=O)NCC(=O)NCC(=O)N[C@H](C(=O)O)Cc1ccc(cc1)O)NC(=O)[C@H](CC(C)C)N,cucurbituril,6.795899868011475,O=C1N2CN3C(=O)N4CN5C(=O)N6CN7C(=O)N8CN9C(=O)N%10CN%11C(=O)N%12CN%13C(=O)N%14CN%15C(=O)N%16CN1C1C2N2CN%17C(=O)N(CN%18C(=O)N(CN%19C(=O)N(CN%20C(=O)N(CN%21C(=O)N(CN%22C(=O)N(CN%23C(=O)N(CN1C2=O)C%16C%15%23)C%14C%13%22)C%12C%11%21)C%10C9%20)C8C7%19)C6C5%18)C4C3%17,E82CB7F52437B0147F435E3074F006752062FF8924E87C1DAF3210D182FF633B,HOST_CAN_0143,PASS,CSCC[C@H](NC(=O)[C@@H](N)CC(C)C)C(=O)NCC(=O)NCC(=O)N[C@@H](Cc1ccc(O)cc1)C(=O)O,E97F461FCA2D91C934C47A99CE955E8ECCCE9A8ED5A8660D1ABBADEA0B5DA87B,GUEST_CAN_0528,PASS,AttentiveFP,1,random,4,5.814732074737549
1863,24,525,OC1=C2C=C(S(=O)([O-])=O)C=C1CC3=C(O)C(CC4=CC(S(=O)([O-])=O)=CC(CC5=CC(S(=O)([O-])=O)=CC(CC6=CC(S(=O)([O-])=O)=CC(CC(C=C(S(=O)([O-])=O)C=C7C2)=C7O)=C6O)=C5O)=C4O)=CC(S(=O)([O-])=O)=C3.[Na+].[Na+].[Na+].[Na+].[Na+].[Na+],NCC(=O)N[C@@H](CC(C)C)C(=O)O,calixarene,3.190000057220459,O=S(=O)([O-])c1cc2c(O)c(c1)Cc1cc(S(=O)(=O)[O-])cc(c1O)Cc1cc(S(=O)(=O)[O-])cc(c1O)Cc1cc(S(=O)(=O)[O-])cc(c1O)Cc1cc(S(=O)(=O)[O-])cc(c1O)Cc1cc(S(=O)(=O)[O-])cc(c1O)C2.[Na+].[Na+].[Na+].[Na+].[Na+].[Na+],2C1F820212E47C3BD5C15E73832EDE6A35C8C7920DDCE445D20F661D969CA26F,HOST_CAN_0165,PASS,CC(C)C[C@H](NC(=O)CN)C(=O)O,369E589A87D863926710C3B33091598567B388CAB40B8814AF119330C012435F,GUEST_CAN_0152,PASS,AttentiveFP,1,random,4,3.375154495239258
1866,1,998,C1C2=CC(=CC(=C2O)CC3=CC(=CC(=C3O)CC4=C(C(=CC(=C4)S(=O)(=O)O)CC5=C(C1=CC(=C5)S(=O)(=O)O)O)O)S(=O)(=O)O)S(=O)(=O)O,C(C)(=O)SCC[N+](C)(C)C,calixarene,4.69980001449585,O=S(=O)(O)c1cc2c(O)c(c1)Cc1cc(S(=O)(=O)O)cc(c1O)Cc1cc(S(=O)(=O)O)cc(c1O)Cc1cc(S(=O)(=O)O)cc(c1O)C2,C1130CCDC8DA0C6458EF6C2E07E7F3330D8F8B055CBE4DEAADB70DC00C8CDFC1,HOST_CAN_0154,PASS,CC(=O)SCC[N+](C)(C)C,5600E3C6559B3B5580B4FCAD665DFEFA27B0E97B313F3740030CCD27EF06E687,GUEST_CAN_0105,PASS,AttentiveFP,1,random,4,4.345348358154297
1868,9,822,[O-]C(=O)COc1ccc2c3c1CNC(=O)c1c(OCC(=O)[O-])ccc4c1ccc1c4C4CC(O1)Oc1c4c4ccc(c(C(=O)NCc5c6c(c7C8c2c(cc3)OC(C8)Oc7cc6)ccc5OCC(=O)[O-])c4cc1)OCC(=O)[O-].[NH4+].[NH4+].[NH4+].[NH4+],O1C=NC=C1,other,2.1270999908447266,O=C([O-])COc1ccc2c3c4ccc2c1CNC(=O)c1c(OCC(=O)[O-])ccc2c5c(ccc12)OC1CC5c2c(ccc5c(c(OCC(=O)[O-])ccc25)C(=O)NCc2c(OCC(=O)[O-])ccc5c6c(ccc25)OC(CC36)O4)O1.[NH4+].[NH4+].[NH4+].[NH4+],7D3830C6A6E10F82EEBCC3ED68B861BB21ED63B1DDB277580F3032527E5A1183,HOST_CAN_0139,PASS,c1cocn1,7612215CFBC3EDEB7247928EB75F0E714FA4C90FAD6E501EB18D755F5D310C13,GUEST_CAN_1151,PASS,AttentiveFP,1,random,4,2.6516852378845215
1871,37,13,C(CN(CC(=O)O)CC(=O)O)N(CC(=O)O)CC(=O)O,[Cs+],other,0.14920000731945038,O=C(O)CN(CCN(CC(=O)O)CC(=O)O)CC(=O)O,6BFD1C3C84BE32FEF0887DE527CC95AE0C3680F389E80993C4242A4E3571F896,HOST_CAN_0123,PASS,[Cs+],2007C7CB8E9E407AF1FE3CC70080E500F82FCC5BB652DA30AE9309E09D1E52EF,GUEST_CAN_1052,PASS,AttentiveFP,1,random,4,1.4468011856079102
1876,11,104,C1N2C3C4N(C2=O)CN5C6C7N(C5=O)CN8C9C2N(C8=O)CN5C8C%10N(C5=O)CN5C%11C%12N(C5=O)CN5C%13C%14N(C5=O)CN5C%15C%16N(C5=O)CN5C%17C(N1C5=O)N1CN3C(=O)N4CN6C(=O)N7CN9C(=O)N2CN8C(=O)N%10CN%11C(=O)N%12CN%13C(=O)N%14CN%15C(=O)N%16CN%17C1=O,C1CC2CCC1N=N2,cucurbituril,4.204100131988525,O=C1N2CN3C(=O)N4CN5C(=O)N6CN7C(=O)N8CN9C(=O)N%10CN%11C(=O)N%12CN%13C(=O)N%14CN%15C(=O)N%16CN1C1C2N2CN%17C(=O)N(CN%18C(=O)N(CN%19C(=O)N(CN%20C(=O)N(CN%21C(=O)N(CN%22C(=O)N(CN%23C(=O)N(CN1C2=O)C%16C%15%23)C%14C%13%22)C%12C%11%21)C%10C9%20)C8C7%19)C6C5%18)C4C3%17,E82CB7F52437B0147F435E3074F006752062FF8924E87C1DAF3210D182FF633B,HOST_CAN_0143,PASS,C1CC2CCC1N=N2,28524F2C321EA80222CEAE7EE74FE527F854D218FD4782A52CD6A817541C8DDA,GUEST_CAN_0024,PASS,AttentiveFP,1,random,4,6.203004837036133
1877,1,143,C1C2=CC(=CC(=C2O)CC3=CC(=CC(=C3O)CC4=C(C(=CC(=C4)S(=O)(=O)O)CC5=C(C1=CC(=C5)S(=O)(=O)O)O)O)S(=O)(=O)O)S(=O)(=O)O,O.O.O.O.O.O.O.[Cl-].[Cl-].[Cl-].[La+3],calixarene,4.230400085449219,O=S(=O)(O)c1cc2c(O)c(c1)Cc1cc(S(=O)(=O)O)cc(c1O)Cc1cc(S(=O)(=O)O)cc(c1O)Cc1cc(S(=O)(=O)O)cc(c1O)C2,C1130CCDC8DA0C6458EF6C2E07E7F3330D8F8B055CBE4DEAADB70DC00C8CDFC1,HOST_CAN_0154,PASS,O.O.O.O.O.O.O.[Cl-].[Cl-].[Cl-].[La+3],1E37E2BF0692633D9CE24924BA2B24B23857130425674815F06A869898F2B330,GUEST_CAN_0843,PASS,AttentiveFP,1,random,4,4.056482315063477
1879,135,1001,C(N)(=O)CN(C(=O)C1=CC=C(N1)C(=O)NC(=[NH2+])N)C(C)C,C(C)(=O)NC(C(=O)[O-])CC1=CC=CC=C1,other,2.767199993133545,CC(C)N(CC(N)=O)C(=O)c1ccc(C(=O)NC(N)=[NH2+])[nH]1,E45E3D029035E3F73C86C1CEB4D1AB7DAEA8B675AB866EF1DA28E3B575A147C0,HOST_CAN_0011,PASS,CC(=O)NC(Cc1ccccc1)C(=O)[O-],41D4F641A39F943AA2D008CA61116653A1661CBA0A06AA8456F5798D286A7A0D,GUEST_CAN_0075,PASS,AttentiveFP,1,random,4,2.3931422233581543
1883,173,179,COP(=O)(Cc1cc2COC(=O)c3ccc(cc3)C#Cc3ccc(cc3)C(=O)OCc3cc(c(COC(=O)c4ccc(C#Cc5ccc(C(=O)OCc1cc2CP(=O)(OC)[O-])cc5)cc4)cc3CP(=O)(OC)[O-])CP(=O)(OC)[O-])[O-],C1=CC=C(C=C1)CCN,cyclophane,3.176100015640259,COP(=O)([O-])Cc1cc2c(CP(=O)([O-])OC)cc1COC(=O)c1ccc(cc1)C#Cc1ccc(cc1)C(=O)OCc1cc(CP(=O)([O-])OC)c(cc1CP(=O)([O-])OC)COC(=O)c1ccc(cc1)C#Cc1ccc(cc1)C(=O)OC2,096970AF193D0B8087E6FDC09C169A73898FF4CEB8AE4017008FA58B2F1B3FF6,HOST_CAN_0068,PASS,NCCc1ccccc1,20724EB6252B3BE684E3EEE1008167D05DC1C66AC6A0CE7431D3DA656212716C,GUEST_CAN_0810,PASS,AttentiveFP,1,random,4,2.0243539810180664
1889,1,1005,C1C2=CC(=CC(=C2O)CC3=CC(=CC(=C3O)CC4=C(C(=CC(=C4)S(=O)(=O)O)CC5=C(C1=CC(=C5)S(=O)(=O)O)O)O)S(=O)(=O)O)S(=O)(=O)O,NCCCCCC(=O)[O-],calixarene,1.1800999641418457,O=S(=O)(O)c1cc2c(O)c(c1)Cc1cc(S(=O)(=O)O)cc(c1O)Cc1cc(S(=O)(=O)O)cc(c1O)Cc1cc(S(=O)(=O)O)cc(c1O)C2,C1130CCDC8DA0C6458EF6C2E07E7F3330D8F8B055CBE4DEAADB70DC00C8CDFC1,HOST_CAN_0154,PASS,NCCCCCC(=O)[O-],CA78B5A126E0BE6C67614EDBF449C80F69FD69CAA923E9EFBC2212B47C688EA8,GUEST_CAN_0789,PASS,AttentiveFP,1,random,4,3.1282691955566406
1896,30,18,C1C2=CC(=CC(=C2O)CC3=CC(=CC(=C3O)CC4=CC(=CC(=C4O)CC5=C(C(=CC(=C5)S(=O)(=O)[O-])CC6=C(C(=CC(=C6)S(=O)(=O)[O-])CC7=C(C1=CC(=C7)S(=O)(=O)[O-])O)O)O)S(=O)(=O)[O-])S(=O)(=O)[O-])S(=O)(=O)[O-],OC(=O)C(Cc1c[nH]c2c1cccc2)N,calixarene,3.160799980163574,O=S(=O)([O-])c1cc2c(O)c(c1)Cc1cc(S(=O)(=O)[O-])cc(c1O)Cc1cc(S(=O)(=O)[O-])cc(c1O)Cc1cc(S(=O)(=O)[O-])cc(c1O)Cc1cc(S(=O)(=O)[O-])cc(c1O)Cc1cc(S(=O)(=O)[O-])cc(c1O)C2,175E9D01D3A7DD7BE73E9B8659E8BAA0A16B2D5C4CCEFE3BEFED10121429BF10,HOST_CAN_0164,PASS,NC(Cc1c[nH]c2ccccc12)C(=O)O,640E1867764F94CAFE2D991B23E1B000681C8619E07309C47EB26888B7938B6E,GUEST_CAN_0740,PASS,AttentiveFP,1,random,4,3.085226058959961
1897,33,6,[H]C1(C(C(O[C@](OC2=C1C=C3[C@]4([H])CCC[N+](C)(C)C)([H])C5=CC(O6)=CC(OC7=CC8=CC(C[N+](C)(C)C)=C7)=C5)=C9)=CC%10=C9O[C@](C%11=CC(O8)=CC(OC%12=CC%13=CC(C[N+](C)(C)C)=C%12)=C%11)([H])OC%14=C(C%10([H])CCC[N+](C)(C)C)C=C%15C(O[C@](C%16=CC%17=CC(O%13)=C%16)([H])OC%18=CC(O[C@](C%19=CC(OC%20=CC(O%17)=CC(C[N+](C)(C)C)=C%20)=CC(OC%21=CC6=CC(C[N+](C)(C)C)=C%21)=C%19)([H])OC3=C2)=C4C=C%18[C@]%15([H])CCC[N+](C)(C)C)=C%14)CCC[N+](C)(C)C.[Cl-].[Cl-].[Cl-].[Cl-].[Cl-].[Cl-].[Cl-].[Cl-],CC1=CC=C(C=C1)C(=O)O,other,4.484300136566162,C[N+](C)(C)CCCC1c2cc3c4cc2O[C@H]2Oc5cc6c(cc51)[C@H](CCC[N+](C)(C)C)c1cc5c7cc1O[C@H](O6)c1cc6cc(c1)Oc1cc(C[N+](C)(C)C)cc(c1)Oc1cc8cc(c1)[C@H](Oc1cc(c(cc1[C@H]5CCC[N+](C)(C)C)C3CCC[N+](C)(C)C)O[C@@H](O4)c1cc(cc(c1)Oc1cc(C[N+](C)(C)C)cc(c1)O8)Oc1cc(C[N+](C)(C)C)cc(c1)Oc1cc(cc2c1)Oc1cc(C[N+](C)(C)C)cc(c1)O6)O7.[Cl-].[Cl-].[Cl-].[Cl-].[Cl-].[Cl-].[Cl-].[Cl-],F783BB4F0E2D9595DCCBD26C1895FCF835428AF86721AF4DD7F78FB07FBB8527,HOST_CAN_0096,PASS,Cc1ccc(C(=O)O)cc1,77120D4F215B3F6A20DC92D31FF568A8A5CC2FD03CD35785CF05B48416FB8C9C,GUEST_CAN_0655,PASS,AttentiveFP,1,random,4,4.240508079528809
1899,123,66,[Na]OS(=O)(=O)c1ccc(cc1)N=Nc1cc2Cc3cc(N=Nc4ccc(cc4)S(=O)(=O)O[Na])cc(c3O)Cc3cc(cc(Cc4c(c(Cc(c1)c2O)cc(/N=N/c1ccc(cc1)S(=O)(=O)O[Na])c4)O)c3O)/N=N/c1ccc(cc1)S(=O)(=O)O[Na],CCN(CC)C1=CC2=C(C=C1)C(=C3C=CC(=[N+](CC)CC)C=C3O2)C4=CC=CC=C4C(=O)O.[Cl-],calixarene,6.07919979095459,O=S(=O)([O][Na])c1ccc(N=Nc2cc3c(O)c(c2)Cc2cc(/N=N/c4ccc(S(=O)(=O)[O][Na])cc4)cc(c2O)Cc2cc(/N=N/c4ccc(S(=O)(=O)[O][Na])cc4)cc(c2O)Cc2cc(N=Nc4ccc(S(=O)(=O)[O][Na])cc4)cc(c2O)C3)cc1,544EE97E01F97F0432023165405A220034C2FC0C5A49A4E738969204EB66D3D4,HOST_CAN_0170,PASS,CCN(CC)c1ccc2c(-c3ccccc3C(=O)O)c3ccc(=[N+](CC)CC)cc-3oc2c1.[Cl-],E6B7F92F3A311CD3784FBF712B743266F1C434D81B8F11E34C9F34FDCF2DC073,GUEST_CAN_0347,PASS,AttentiveFP,1,random,4,5.889226913452148
1904,1,215,C1C2=CC(=CC(=C2O)CC3=CC(=CC(=C3O)CC4=C(C(=CC(=C4)S(=O)(=O)O)CC5=C(C1=CC(=C5)S(=O)(=O)O)O)O)S(=O)(=O)O)S(=O)(=O)O,CC(C(=O)O)N,calixarene,1.8920999765396118,O=S(=O)(O)c1cc2c(O)c(c1)Cc1cc(S(=O)(=O)O)cc(c1O)Cc1cc(S(=O)(=O)O)cc(c1O)Cc1cc(S(=O)(=O)O)cc(c1O)C2,C1130CCDC8DA0C6458EF6C2E07E7F3330D8F8B055CBE4DEAADB70DC00C8CDFC1,HOST_CAN_0154,PASS,CC(N)C(=O)O,6AC3AD1747D8E4C9B36EA5FBFB37965B87CCE816D9D72141F9005590B6D6FC3C,GUEST_CAN_0180,PASS,AttentiveFP,1,random,4,2.4043898582458496
1905,38,1011,C1C2C3=CC=CC=C3C4=C5C6CC7=CC=CC=C7C8=CC(=CC(=C8)C9=CC=CC=C9CC3C7=CC=CC=C7C(=C24)C3=C5C2=CC=CC=C62)C2=CC=CC=C21,C1C=CC2C1C3C4=CC=CC=C4C2C5=CC=CC=[N+]35,cyclophane,5.518499851226807,c1ccc2c(c1)CC1c3ccccc3-c3c1c1c4c5c3C(Cc3ccccc3-c3cc-2cc(c3)-c2ccccc2CC4c2ccccc2-1)c1ccccc1-5,7D60610AC6275537B6952E12359C97C789A38E2FA1295732E16AF89573CE95C4,HOST_CAN_0186,PASS,C1=CC2C3c4ccccc4C(C2C1)[n+]1ccccc13,04F538198C063817EB0697587CEE62ECD7170D35DB7CDF20799D62A28FD3187D,GUEST_CAN_0015,PASS,AttentiveFP,1,random,4,4.991722106933594
1908,15,954,C1=C2C=C3C=C1OC4=CC(=CC(=C4)C(=O)O)OC5=CC6=CC(=C5)C7OC8=CC9=C1C=C8C(C4=C(O7)C=C5C(=C4)C(C4=CC7=C(C=C4OC2O5)OC2C4=CC(=CC(=C4)OC4=CC(=CC(=C4)C(=O)O)OC4=CC(=CC(=C4)OC4=CC(=CC(=C4)O6)C(=O)O)C(O9)OC4=C(C1CCC(=O)O)C=C(C7CCC(=O)O)C(=C4)O2)OC1=CC(=CC(=C1)O3)C(=O)O)CCC(=O)O)CCC(=O)O,C[C@@H]1CC[C@H](CC1)[N+](C)(C)C,cavitand,4.456399917602539,O=C(O)CCC1c2cc3c4cc2OC2Oc5cc6c(cc51)C(CCC(=O)O)c1cc5c7cc1OC(O6)c1cc6cc(c1)Oc1cc(cc(C(=O)O)c1)Oc1cc8cc(c1)C(Oc1cc(c(cc1C5CCC(=O)O)C3CCC(=O)O)OC(O4)c1cc(cc(c1)Oc1cc(cc(C(=O)O)c1)O8)Oc1cc(cc(C(=O)O)c1)Oc1cc(cc2c1)Oc1cc(cc(C(=O)O)c1)O6)O7,AE6E8A9B8E3ECDE32B65BE9B8736ECC23E2311A112E2CA1B78F35ECF9046A382,HOST_CAN_0117,PASS,C[N+](C)(C)[C@H]1CC[C@H](C)CC1,0F94948EB5E9BCC7622823095270E7F60C6621AA5737948B46BD519ADD5F96E2,GUEST_CAN_0580,PASS,AttentiveFP,1,random,4,5.349370002746582
1910,1,397,C1C2=CC(=CC(=C2O)CC3=CC(=CC(=C3O)CC4=C(C(=CC(=C4)S(=O)(=O)O)CC5=C(C1=CC(=C5)S(=O)(=O)O)O)O)S(=O)(=O)O)S(=O)(=O)O,C1=CC=C2C(=C1)C(=CN2)CC(C(=O)O)N,calixarene,3.130000114440918,O=S(=O)(O)c1cc2c(O)c(c1)Cc1cc(S(=O)(=O)O)cc(c1O)Cc1cc(S(=O)(=O)O)cc(c1O)Cc1cc(S(=O)(=O)O)cc(c1O)C2,C1130CCDC8DA0C6458EF6C2E07E7F3330D8F8B055CBE4DEAADB70DC00C8CDFC1,HOST_CAN_0154,PASS,NC(Cc1c[nH]c2ccccc12)C(=O)O,640E1867764F94CAFE2D991B23E1B000681C8619E07309C47EB26888B7938B6E,GUEST_CAN_0740,PASS,AttentiveFP,1,random,4,2.9497017860412598
1913,176,764,CCC1c2cc(C(C)c3cc(C(C)c4cc(C(C)c5cc1c(O)cc5O)c(O)cc4O)c(O)cc3O)c(O)cc2O,C1(=CCC2=CC=C3C=CC=C4C=CC1C2=C34)/C=C/C3=CCN(C=C3)C,other,5.361700057983398,CCC1c2cc(c(O)cc2O)C(C)c2cc(c(O)cc2O)C(C)c2cc(c(O)cc2O)C(C)c2cc1c(O)cc2O,46A6DDA139D6E902C92A2B544E887C33244535A26AF18F9518F006C12B3B6488,HOST_CAN_0022,PASS,CN1C=CC(/C=C/C2=CCc3ccc4cccc5c4c3C2C=C5)=CC1,312B6A5D578A533AEA667D63213D9DB8EF06CBF8CAC67B375C184BC36324F841,GUEST_CAN_0416,PASS,AttentiveFP,1,random,4,3.955207347869873
1915,63,57,Oc1c2Cc3cc(cc(c3O)Cc3cc(cc(c3O)Cc3cc(cc(c3O)Cc3cc(cc(Cc4c(c(Cc5c(c(Cc6c(c(Cc1cc(c2)S(=O)(=O)[O-])cc(c6)S(=O)(=O)[O-])O)cc(c5)S(=O)(=O)[O-])O)cc(c4)S(=O)(=O)[O-])O)c3O)S(=O)(=O)[O-])S(=O)(=O)[O-])S(=O)(=O)[O-])S(=O)(=O)[O-],OC(=O)C1CCCN1,calixarene,2.5315001010894775,O=S(=O)([O-])c1cc2c(O)c(c1)Cc1cc(S(=O)(=O)[O-])cc(c1O)Cc1cc(S(=O)(=O)[O-])cc(c1O)Cc1cc(S(=O)(=O)[O-])cc(c1O)Cc1cc(S(=O)(=O)[O-])cc(c1O)Cc1cc(S(=O)(=O)[O-])cc(c1O)Cc1cc(S(=O)(=O)[O-])cc(c1O)Cc1cc(S(=O)(=O)[O-])cc(c1O)C2,3C24C9B25872FE0768A640DF44D242D9AEC5F3FA9C167A457997BAE8D628FFF1,HOST_CAN_0166,PASS,O=C(O)C1CCCN1,089AB51F23001BB951B8422598AD8ED1DBAD90EB1049857FB2A03F150DA120BA,GUEST_CAN_0869,PASS,AttentiveFP,1,random,4,2.6107664108276367
1920,56,205,CC(COCC1C2C(C(C(O1)OC3C(OC(C(C3O)O)OC4C(OC(C(C4O)O)OC5C(OC(C(C5O)O)OC6C(OC(C(C6O)O)OC7C(OC(C(C7O)O)OC8C(OC(O2)C(C8O)O)COCC(C)O)COCC(C)O)COCC(C)O)COCC(C)O)COCC(C)O)COCC(C)O)O)O)O,CN(C)C1=CC2=C(C=C1)N=C3C=CC(=[N+](C)C)C=C3S2.[Cl-],cyclodextrin,2.513200044631958,CC(O)COCC1OC2OC3C(COCC(C)O)OC(OC4C(COCC(C)O)OC(OC5C(COCC(C)O)OC(OC6C(COCC(C)O)OC(OC7C(COCC(C)O)OC(OC8C(COCC(C)O)OC(OC1C(O)C2O)C(O)C8O)C(O)C7O)C(O)C6O)C(O)C5O)C(O)C4O)C(O)C3O,230541427DC92F12743008B2626A57F6159DF410C224BE8F505DFF020C17F26C,HOST_CAN_0012,PASS,CN(C)c1ccc2nc3ccc(=[N+](C)C)cc-3sc2c1.[Cl-],3DE370A1BA5793291E648A02AB38D5B7C28AB576253437EAD27954C74B3FA491,GUEST_CAN_0412,PASS,AttentiveFP,1,random,4,3.227956771850586
1921,11,621,C1N2C3C4N(C2=O)CN5C6C7N(C5=O)CN8C9C2N(C8=O)CN5C8C%10N(C5=O)CN5C%11C%12N(C5=O)CN5C%13C%14N(C5=O)CN5C%15C%16N(C5=O)CN5C%17C(N1C5=O)N1CN3C(=O)N4CN6C(=O)N7CN9C(=O)N2CN8C(=O)N%10CN%11C(=O)N%12CN%13C(=O)N%14CN%15C(=O)N%16CN%17C1=O,CC1(C(N2C(S1)C(C2=O)NC(=O)C(C3=CC=CC=C3)N)C(=O)O)C,cucurbituril,3.0,O=C1N2CN3C(=O)N4CN5C(=O)N6CN7C(=O)N8CN9C(=O)N%10CN%11C(=O)N%12CN%13C(=O)N%14CN%15C(=O)N%16CN1C1C2N2CN%17C(=O)N(CN%18C(=O)N(CN%19C(=O)N(CN%20C(=O)N(CN%21C(=O)N(CN%22C(=O)N(CN%23C(=O)N(CN1C2=O)C%16C%15%23)C%14C%13%22)C%12C%11%21)C%10C9%20)C8C7%19)C6C5%18)C4C3%17,E82CB7F52437B0147F435E3074F006752062FF8924E87C1DAF3210D182FF633B,HOST_CAN_0143,PASS,CC1(C)SC2C(NC(=O)C(N)c3ccccc3)C(=O)N2C1C(=O)O,DC0FE5259B2B79CDE53EF012AE17B2640C88D0347C20DE28018192C1511F5517,GUEST_CAN_0209,PASS,AttentiveFP,1,random,4,6.06455135345459
1925,8,1016,C1N2C3C4N(C2=O)CN5C6C7N(C5=O)CN8C9C2N(C8=O)CN5C8C%10N(C5=O)CN5C%11C%12N(C5=O)CN5C%13C(N1C5=O)N1CN3C(=O)N4CN6C(=O)N7CN9C(=O)N2CN8C(=O)N%10CN%11C(=O)N%12CN%13C1=O,CC1=CC=C(C=C1)N,cucurbituril,3.9532999992370605,O=C1N2CN3C(=O)N4CN5C(=O)N6CN7C(=O)N8CN9C(=O)N%10CN%11C(=O)N%12CN1C1C2N2CN%13C(=O)N(CN%14C(=O)N(CN%15C(=O)N(CN%16C(=O)N(CN%17C(=O)N(CN1C2=O)C%12C%11%17)C%10C9%16)C8C7%15)C6C5%14)C4C3%13,2526C525F966BEE6CB589BBB60C9F4124C02584847747BDAFF4E92B4462536E8,HOST_CAN_0149,PASS,Cc1ccc(N)cc1,2BD76CB4AD977788FC39710125EED357CBE48E019651ED1796BA176C091A6AE6,GUEST_CAN_0661,PASS,AttentiveFP,1,random,4,3.0891261100769043
1930,18,657,CC1=C2C3=CC4=C1OC5C6=CC7=CC(=C6)OC8=CC(=CC(=C8)C(=O)O)OC9=CC1=CC(=C9)C6OC8=C(C=C(C4CCC(=O)O)C(=C8C)O5)C(C4=C(O6)C(=C5C(=C4)C(C4=C6C(=C(C(=C4)C3CCC(=O)O)OC(O2)C2=CC(=CC(=C2)OC2=CC(=CC(=C2)C(=O)O)OC2=CC(=CC(=C2)C(O5)O6)OC2=CC(=CC(=C2)C(=O)O)O1)OC1=CC(=CC(=C1)C(=O)O)O7)C)CCC(=O)O)C)CCC(=O)O,C1=CC(=CC=C1O)Br,cavitand,6.1732001304626465,Cc1c2c3cc4c1OC1Oc5c(cc6c(c5C)OC5Oc7c(cc8c(c7C)OC7Oc9c(cc(c(c9C)OC(O2)c2cc9cc(c2)Oc2cc(cc(C(=O)O)c2)Oc2cc(cc7c2)Oc2cc(cc(C(=O)O)c2)Oc2cc(cc5c2)Oc2cc(cc(C(=O)O)c2)Oc2cc(cc1c2)Oc1cc(cc(C(=O)O)c1)O9)C3CCC(=O)O)C8CCC(=O)O)C6CCC(=O)O)C4CCC(=O)O,326FFD4B5C5565D32207155C0B129AE16AFCA7B3342F0DAD815C24AB8DFA8483,HOST_CAN_0099,PASS,Oc1ccc(Br)cc1,6A4C478C30304CFBEB1C11EC144CD8E3026E46E90E58D0A15F1CA821B60FA56A,GUEST_CAN_0990,PASS,AttentiveFP,1,random,4,3.9998226165771484
1940,162,22,C(=O)C1=C2C=CC=CC2=C(C2=CC=CC=C12)CN(C)CC1=C(C=CC=C1)B(O)O,CNCC(C1=CC(=C(C=C1)O)O)O,other,3.7032999992370605,CN(Cc1ccccc1B(O)O)Cc1c2ccccc2c(C=O)c2ccccc12,94D0F2CFA16D5D9C6F171BB4E6068DE9E6A3490EDCC513574DAFB97B086AE44A,HOST_CAN_0051,PASS,CNCC(O)c1ccc(O)c(O)c1,6ECE6CFFF6E84A2846BFDF3E647E6C18CCEA435B77A528E23C38803D697997FC,GUEST_CAN_0428,PASS,AttentiveFP,1,random,4,3.2883119583129883
1951,89,66,O[C@@H]1[C@@H](O)[C@H](O[C@@H]2[C@H](O)[C@@H](O)[C@H](O3)[C@@H](COCCCCS(=O)([O-])=O)O2)[C@@H](COCCCCS(=O)([O-])=O)O[C@@H]1O[C@H]4[C@H](O)[C@@H](O)[C@@H](O[C@@H]5[C@@H](O)[C@H](O)[C@H](O[C@@H]6[C@@H](O)[C@H](O)[C@H](O[C@@H]7[C@@H](O)[C@H](O)[C@H](O[C@@H]8[C@@H](O)[C@H](O)[C@H]3O[C@H]8COCCCCS(=O)([O-])=O)O[C@H]7COCCCCS(=O)([O-])=O)O[C@H]6COCCCCS(=O)([O-])=O)O[C@H]5COCCCCS(=O)([O-])=O)O[C@@H]4COCCCCS(=O)([O-])=O.[Na+].[Na+].[Na+].[Na+].[Na+].[Na+].[Na+],CCN(CC)C1=CC2=C(C=C1)C(=C3C=CC(=[N+](CC)CC)C=C3O2)C4=CC=CC=C4C(=O)O.[Cl-],cyclodextrin,6.421599864959717,O=S(=O)([O-])CCCCOC[C@@H]1O[C@H]2O[C@@H]3[C@@H](O)[C@H](O)[C@H](O[C@H]4[C@H](O)[C@@H](O)[C@@H](O[C@H]5[C@H](O)[C@@H](O)[C@@H](O[C@H]6[C@H](O)[C@@H](O)[C@@H](O[C@@H]7[C@@H](O)[C@H](O)[C@H](O[C@@H]8[C@@H](O)[C@H](O)[C@H](O[C@@H]1[C@@H](O)[C@@H]2O)O[C@H]8COCCCCS(=O)(=O)[O-])O[C@H]7COCCCCS(=O)(=O)[O-])O[C@@H]6COCCCCS(=O)(=O)[O-])O[C@@H]5COCCCCS(=O)(=O)[O-])O[C@@H]4COCCCCS(=O)(=O)[O-])O[C@H]3COCCCCS(=O)(=O)[O-].[Na+].[Na+].[Na+].[Na+].[Na+].[Na+].[Na+],0EF453A8FEAB2DBB346A347C51767F5C4A37ED4747250CEC0BCF3880BBC2D023,HOST_CAN_0157,PASS,CCN(CC)c1ccc2c(-c3ccccc3C(=O)O)c3ccc(=[N+](CC)CC)cc-3oc2c1.[Cl-],E6B7F92F3A311CD3784FBF712B743266F1C434D81B8F11E34C9F34FDCF2DC073,GUEST_CAN_0347,PASS,AttentiveFP,1,random,4,4.154474258422852
1954,2,725,C1N2C3C4N(C2=O)CN5C6C7N(C5=O)CN8C9C2N(C8=O)CN5C8C%10N(C5=O)CN5C%11C(N1C5=O)N1CN3C(=O)N4CN6C(=O)N7CN9C(=O)N2CN8C(=O)N%10CN%11C1=O,C1C[N+]2=C(C=C3C=CC4=C(C3=C2)OCO4)C5=CC6=C(C=C51)OCO6,cucurbituril,4.158400058746338,O=C1N2CN3C(=O)N4CN5C(=O)N6CN7C(=O)N8CN9C(=O)N%10CN1C1C2N2CN%11C(=O)N(CN%12C(=O)N(CN%13C(=O)N(CN%14C(=O)N(CN1C2=O)C%10C9%14)C8C7%13)C6C5%12)C4C3%11,EE085DEDB538468744A3EBDAC86A0BF01B424E1C1BBF9C3E804B43220B2C1DDA,HOST_CAN_0150,PASS,c1c2c(cc3c1OCO3)-c1cc3ccc4c(c3c[n+]1CC2)OCO4,52E6FF4B4FCFF3F1300181AF5671099D58DF318A6917C1B094B9470F04D24E49,GUEST_CAN_1119,PASS,AttentiveFP,1,random,4,3.525658130645752
1956,11,2,C1N2C3C4N(C2=O)CN5C6C7N(C5=O)CN8C9C2N(C8=O)CN5C8C%10N(C5=O)CN5C%11C%12N(C5=O)CN5C%13C%14N(C5=O)CN5C%15C%16N(C5=O)CN5C%17C(N1C5=O)N1CN3C(=O)N4CN6C(=O)N7CN9C(=O)N2CN8C(=O)N%10CN%11C(=O)N%12CN%13C(=O)N%14CN%15C(=O)N%16CN%17C1=O,[Cl-].[Cl-].[Ca+2],cucurbituril,3.309999942779541,O=C1N2CN3C(=O)N4CN5C(=O)N6CN7C(=O)N8CN9C(=O)N%10CN%11C(=O)N%12CN%13C(=O)N%14CN%15C(=O)N%16CN1C1C2N2CN%17C(=O)N(CN%18C(=O)N(CN%19C(=O)N(CN%20C(=O)N(CN%21C(=O)N(CN%22C(=O)N(CN%23C(=O)N(CN1C2=O)C%16C%15%23)C%14C%13%22)C%12C%11%21)C%10C9%20)C8C7%19)C6C5%18)C4C3%17,E82CB7F52437B0147F435E3074F006752062FF8924E87C1DAF3210D182FF633B,HOST_CAN_0143,PASS,[Ca+2].[Cl-].[Cl-],6006A4323204D22FA64247BB19A4427A9CEDE373E584F4DC919908CB4F15A7CA,GUEST_CAN_1021,PASS,AttentiveFP,1,random,4,4.141245365142822
1962,0,140,O=C1N(C2)[C@@](N3CN4[C@]5([H])N2C(N(CN6C(N(C7)[C@@](N8CN9[C@]%10(C)N7C(N(CC%11=C%12C(OCCCS(=O)(O[Na])=O)=C(C=CC=C%13)C%13=C%11OCCCS(=O)(O[Na])=O)[C@]%10(C)N(C%12)C9=O)=O)([H])[C@]6([H])N%14C8=O)=O)[C@]5([H])N(C%14)C4=O)=O)(C)[C@@]%15(C)N1CC%16=C(OCCCS(=O)(O[Na])=O)C(C=CC=C%17)=C%17C(OCCCS(=O)(O[Na])=O)=C%16CN%15C3=O,C[N+]1(CCC2=CC(=C(C=C2C1CC3=CC(=C(C=C3)OC)OC)OC)OC)CCC(=O)OCCCCCOC(=O)CC[N+]4(CCC5=CC(=C(C=C5C4CC6=CC(=C(C=C6)OC)OC)OC)OC)C,cucurbituril,6.68120002746582,C[C@]12N3Cc4c(c(OCCCS(=O)(=O)[O][Na])c5ccccc5c4OCCCS(=O)(=O)[O][Na])CN1C(=O)N1CN4C(=O)N5CN6C(=O)N7CN8C(=O)N9Cc%10c(c(OCCCS(=O)(=O)[O][Na])c%11ccccc%11c%10OCCCS(=O)(=O)[O][Na])CN%10C(=O)N(CN%11C(=O)N(CN%12C(=O)N(CN(C3=O)[C@]12C)[C@@H]4[C@H]%125)[C@@H]6[C@H]%117)[C@]8(C)[C@@]9%10C,9EF4AEE70348DBF45901607A97132AC332124AFAE94A1B457DED67D40489BA37,HOST_CAN_0088,PASS,COc1ccc(CC2c3cc(OC)c(OC)cc3CC[N+]2(C)CCC(=O)OCCCCCOC(=O)CC[N+]2(C)CCc3cc(OC)c(OC)cc3C2Cc2ccc(OC)c(OC)c2)cc1OC,7CB80D14DBDE4459301A58035D4B211AB0E120E8FE777FBFBF14FB9517D00D03,GUEST_CAN_0486,PASS,AttentiveFP,1,random,4,5.926417350769043
1963,3,1025,OC[C@H]1O[C@@H]2O[C@@H]3[C@@H](CO)O[C@H](O[C@@H]4[C@@H](CO)O[C@H](O[C@@H]5[C@@H](CO)O[C@H](O[C@@H]6[C@@H](CO)O[C@H](O[C@@H]7[C@@H](CO)O[C@H](O[C@@H]8[C@@H](CO)O[C@H](O[C@H]1[C@H](O)[C@H]2O)[C@H](O)[C@H]8O)[C@H](O)[C@H]7O)[C@H](O)[C@H]6O)[C@H](O)[C@H]5O)[C@H](O)[C@H]4O)[C@H](O)[C@H]3O,C1=CC=C(C=C1)C(=O)[O-],cyclodextrin,1.2014000415802002,OC[C@H]1O[C@@H]2O[C@H]3[C@H](O)[C@@H](O)[C@@H](O[C@H]4[C@H](O)[C@@H](O)[C@@H](O[C@H]5[C@H](O)[C@@H](O)[C@@H](O[C@H]6[C@H](O)[C@@H](O)[C@@H](O[C@H]7[C@H](O)[C@@H](O)[C@@H](O[C@H]8[C@H](O)[C@@H](O)[C@@H](O[C@H]1[C@H](O)[C@H]2O)O[C@@H]8CO)O[C@@H]7CO)O[C@@H]6CO)O[C@@H]5CO)O[C@@H]4CO)O[C@@H]3CO,22584443D9512992310760C9871E3E6BDB3EDC92006F3EF1EC94F44373907EB1,HOST_CAN_0176,PASS,O=C([O-])c1ccccc1,A5BBB709EE4644C00BCFDDD8838E359DE0E999AA380102017E2F133B58E2BD0E,GUEST_CAN_0908,PASS,AttentiveFP,1,random,4,2.0235612392425537
1966,11,1027,C1N2C3C4N(C2=O)CN5C6C7N(C5=O)CN8C9C2N(C8=O)CN5C8C%10N(C5=O)CN5C%11C%12N(C5=O)CN5C%13C%14N(C5=O)CN5C%15C%16N(C5=O)CN5C%17C(N1C5=O)N1CN3C(=O)N4CN6C(=O)N7CN9C(=O)N2CN8C(=O)N%10CN%11C(=O)N%12CN%13C(=O)N%14CN%15C(=O)N%16CN%17C1=O,COC1=CC=C(C=C1)OC,cucurbituril,3.633500099182129,O=C1N2CN3C(=O)N4CN5C(=O)N6CN7C(=O)N8CN9C(=O)N%10CN%11C(=O)N%12CN%13C(=O)N%14CN%15C(=O)N%16CN1C1C2N2CN%17C(=O)N(CN%18C(=O)N(CN%19C(=O)N(CN%20C(=O)N(CN%21C(=O)N(CN%22C(=O)N(CN%23C(=O)N(CN1C2=O)C%16C%15%23)C%14C%13%22)C%12C%11%21)C%10C9%20)C8C7%19)C6C5%18)C4C3%17,E82CB7F52437B0147F435E3074F006752062FF8924E87C1DAF3210D182FF633B,HOST_CAN_0143,PASS,COc1ccc(OC)cc1,69F42916E639EF2C85BF90049D94F378D9B3C340E5D41C30556C523F2C32259C,GUEST_CAN_0489,PASS,AttentiveFP,1,random,4,4.246780872344971
1967,165,534,O[C@@H]1[C@@H](O)[C@H](O[C@@H]2[C@H](O)[C@@H](O)[C@H](O[C@H]3[C@@H](O)[C@H](O)[C@@H](O[C@H]4[C@@H](O)[C@H](O)[C@@H](O[C@H]5[C@@H](O)[C@H](O)[C@@H](O6)[C@H](COCC(O)C)O5)[C@H](COCC(O)C)O4)[C@H](COCC(O)C)O3)[C@@H](COCC(O)C)O2)[C@@H](COCC(O)C)O[C@@H]1O[C@H]7[C@H](O)[C@@H](O)[C@@H](O[C@@H]8[C@@H](O)[C@H](O)[C@H](O[C@@H]9[C@@H](O)[C@H](O)C6O[C@H]9COCC(O)C)O[C@H]8COCC(O)C)O[C@@H]7COCC(O)C,COC1=CC=C2C=CC(OC2=C1)=O,cyclodextrin,1.6232000589370728,CC(O)COC[C@@H]1OC2O[C@@H]3[C@@H](O)[C@H](O)[C@H](O[C@@H]4[C@@H](O)[C@H](O)[C@H](O[C@@H]5[C@@H](O)[C@H](O)[C@H](O[C@H]6[C@H](O)[C@@H](O)[C@@H](O[C@H]7[C@H](O)[C@@H](O)[C@@H](O[C@H]8[C@H](O)[C@@H](O)[C@@H](O[C@@H]9[C@@H](O)[C@H](O)[C@H](O[C@@H]1[C@@H](O)[C@@H]2O)O[C@H]9COCC(C)O)O[C@@H]8COCC(C)O)O[C@@H]7COCC(C)O)O[C@@H]6COCC(C)O)O[C@H]5COCC(C)O)O[C@H]4COCC(C)O)O[C@H]3COCC(C)O,A6463260767763AEEEE84358752649565D613E36139686EE469EAD950C115E6E,HOST_CAN_0013,PASS,COc1ccc2ccc(=O)oc2c1,BBFF65292696BF603D542E884ED889303907761B22AFB5023666365137454B7D,GUEST_CAN_0501,PASS,AttentiveFP,1,random,4,3.3894805908203125
1970,87,502,CCCCOc1c(OCCCC)c2COCc3c(OCCCC)c(OCCCC)c(c4c3cccc4)COCc3c(c(c(COCc4c(c(c(COCc1c1c2cccc1)c1ccccc41)OCCCC)OCCCC)c1c3cccc1)OCCCC)OCCCC,[CH-]1C=CC=C1.[CH-]1C=CC=C1.[Co+2],other,4.633500099182129,CCCCOc1c(OCCCC)c2c3ccccc3c1COCc1c(OCCCC)c(OCCCC)c(c3ccccc13)COCc1c(OCCCC)c(OCCCC)c(c3ccccc13)COCc1c(OCCCC)c(OCCCC)c(c3ccccc13)COC2,A699E12937358A216FBA45A53678131D8F7DBBB042BA5E7F52621C78F0465945,HOST_CAN_0031,PASS,[Co+2].c1cc[cH-]c1.c1cc[cH-]c1,B349EBCFF11E4FA8E9919763F46242109CA91617B25577A5208F9CF5D20717A9,GUEST_CAN_1051,PASS,AttentiveFP,1,random,4,5.690771102905273
1971,39,803,O[C@H]1[C@H](O[C@@H]2[C@H](O)[C@@H](O)[C@H](O3)[C@@H](CO)O2)[C@@H](CO)O[C@H](O[C@H]4[C@H](O)[C@@H](O)[C@@H](O[C@@H]5[C@@H](O)[C@H](O)[C@H](O[C@@H]6[C@@H](O)[C@H](O)[C@H](O[C@@H]7[C@@H](O)[C@H](O)[C@H](O[C@@H]8[C@@H](O)[C@H](O)[C@H]3O[C@H]8CO)O[C@H]7CO)O[C@H]6CO)O[C@H]5CO)O[C@@H]4CO)[C@@H]1OCC(C)O,CC[N+](=C1C=CC2=NC3C(C(=C(C=C3N)N)C)OC2=C1)CC.[Cl-],cyclodextrin,2.9293999671936035,CC(O)CO[C@H]1[C@H]2O[C@H]3[C@H](O)[C@@H](O)[C@@H](O[C@@H]4[C@@H](O)[C@H](O)[C@H](O[C@@H]5[C@@H](O)[C@H](O)[C@H](O[C@@H]6[C@@H](O)[C@H](O)[C@H](O[C@@H]7[C@@H](O)[C@H](O)[C@H](O[C@H]8[C@H](O)[C@@H](O)[C@@H](O[C@@H]([C@@H]1O)[C@@H](CO)O2)O[C@@H]8CO)O[C@H]7CO)O[C@H]6CO)O[C@H]5CO)O[C@H]4CO)O[C@@H]3CO,8AB99E70351C6B712BA9565029AC4BD45934389743B63BEA912138E31943DA38,HOST_CAN_0015,PASS,CC[N+](CC)=C1C=CC2=NC3C(N)=CC(N)=C(C)C3OC2=C1.[Cl-],6830F35228C0ECB38BAEE550D3E613DC9CA93C110591DF19261CA9174EF7F0A2,GUEST_CAN_0378,PASS,AttentiveFP,1,random,4,2.2915613651275635
1973,30,998,C1C2=CC(=CC(=C2O)CC3=CC(=CC(=C3O)CC4=CC(=CC(=C4O)CC5=C(C(=CC(=C5)S(=O)(=O)[O-])CC6=C(C(=CC(=C6)S(=O)(=O)[O-])CC7=C(C1=CC(=C7)S(=O)(=O)[O-])O)O)O)S(=O)(=O)[O-])S(=O)(=O)[O-])S(=O)(=O)[O-],C(C)(=O)SCC[N+](C)(C)C,calixarene,4.69980001449585,O=S(=O)([O-])c1cc2c(O)c(c1)Cc1cc(S(=O)(=O)[O-])cc(c1O)Cc1cc(S(=O)(=O)[O-])cc(c1O)Cc1cc(S(=O)(=O)[O-])cc(c1O)Cc1cc(S(=O)(=O)[O-])cc(c1O)Cc1cc(S(=O)(=O)[O-])cc(c1O)C2,175E9D01D3A7DD7BE73E9B8659E8BAA0A16B2D5C4CCEFE3BEFED10121429BF10,HOST_CAN_0164,PASS,CC(=O)SCC[N+](C)(C)C,5600E3C6559B3B5580B4FCAD665DFEFA27B0E97B313F3740030CCD27EF06E687,GUEST_CAN_0105,PASS,AttentiveFP,1,random,4,3.8186888694763184
1978,3,219,OC[C@H]1O[C@@H]2O[C@@H]3[C@@H](CO)O[C@H](O[C@@H]4[C@@H](CO)O[C@H](O[C@@H]5[C@@H](CO)O[C@H](O[C@@H]6[C@@H](CO)O[C@H](O[C@@H]7[C@@H](CO)O[C@H](O[C@@H]8[C@@H](CO)O[C@H](O[C@H]1[C@H](O)[C@H]2O)[C@H](O)[C@H]8O)[C@H](O)[C@H]7O)[C@H](O)[C@H]6O)[C@H](O)[C@H]5O)[C@H](O)[C@H]4O)[C@H](O)[C@H]3O,CC1(C2(CCC1(OC2=O)C(=O)O)C)C,cyclodextrin,2.2504000663757324,OC[C@H]1O[C@@H]2O[C@H]3[C@H](O)[C@@H](O)[C@@H](O[C@H]4[C@H](O)[C@@H](O)[C@@H](O[C@H]5[C@H](O)[C@@H](O)[C@@H](O[C@H]6[C@H](O)[C@@H](O)[C@@H](O[C@H]7[C@H](O)[C@@H](O)[C@@H](O[C@H]8[C@H](O)[C@@H](O)[C@@H](O[C@H]1[C@H](O)[C@H]2O)O[C@@H]8CO)O[C@@H]7CO)O[C@@H]6CO)O[C@@H]5CO)O[C@@H]4CO)O[C@@H]3CO,22584443D9512992310760C9871E3E6BDB3EDC92006F3EF1EC94F44373907EB1,HOST_CAN_0176,PASS,CC12CCC(C(=O)O)(OC1=O)C2(C)C,2EF39C1296CB6DE11CB281E1A8B266C8BB2AC5ED9998D5BBA6726FECC2915FA6,GUEST_CAN_0224,PASS,AttentiveFP,1,random,4,2.7772738933563232
1987,36,975,C1CCC2C(C1)OCCOCCOC3CCCCC3OCCOCCO2,[NH4+],crown_ether,1.350100040435791,C1CCC2OCCOCCOC3CCCCC3OCCOCCOC2C1,6324056DD7B8D486CDD96CAFC63AEDD5DD6528EA1F170F5E566BD0A62E2BF929,HOST_CAN_0001,PASS,[NH4+],B262B2B94C0EB249A976DB52B98B60512B1ACB0BDB0C9A0675D9AFBF9BACACFB,GUEST_CAN_1097,PASS,AttentiveFP,1,random,4,1.4457056522369385
2008,52,523,OC(=O)COc1c2Cc3cc(cc(c3O)Cc3cc(cc(c3O)Cc3cc(cc(Cc4c(c(Cc5c(c(Cc1cc(c2)S(=O)(=O)O)cc(c5)S(=O)(=O)O)O)cc(c4)S(=O)(=O)O)O)c3O)S(=O)(=O)O)S(=O)(=O)O)S(=O)(=O)O,C(C(=O)O)N,calixarene,1.579800009727478,O=C(O)COc1c2cc(S(=O)(=O)O)cc1Cc1cc(S(=O)(=O)O)cc(c1O)Cc1cc(S(=O)(=O)O)cc(c1O)Cc1cc(S(=O)(=O)O)cc(c1O)Cc1cc(S(=O)(=O)O)cc(c1O)Cc1cc(S(=O)(=O)O)cc(c1O)C2,89AB142F8D041F89710D49168CBEF0FA0D792576B82031818BFF7C2DE5D92117,HOST_CAN_0127,PASS,NCC(=O)O,30FE3809EFBE5F6B082D9B94D27A0C7C9ECD1364A816D59C3D31CE32BCDF848E,GUEST_CAN_0774,PASS,AttentiveFP,1,random,4,2.019379138946533
2009,151,229,C(C(=O)O)N(CC(=O)O)C1C(=O)NC(=O)NC1=O,[Na+],other,3.3299999237060547,O=C(O)CN(CC(=O)O)C1C(=O)NC(=O)NC1=O,A79CF0157A796F0CD50BB6A621709E83B2F5701A5982B3FC05B4D244283FD579,HOST_CAN_0122,PASS,[Na+],C967F382B185E1578CB9153250886D12807928AF715FC44BD49BA94ACEDD7043,GUEST_CAN_1098,PASS,AttentiveFP,1,random,4,1.8357884883880615
2011,3,1037,OC[C@H]1O[C@@H]2O[C@@H]3[C@@H](CO)O[C@H](O[C@@H]4[C@@H](CO)O[C@H](O[C@@H]5[C@@H](CO)O[C@H](O[C@@H]6[C@@H](CO)O[C@H](O[C@@H]7[C@@H](CO)O[C@H](O[C@@H]8[C@@H](CO)O[C@H](O[C@H]1[C@H](O)[C@H]2O)[C@H](O)[C@H]8O)[C@H](O)[C@H]7O)[C@H](O)[C@H]6O)[C@H](O)[C@H]5O)[C@H](O)[C@H]4O)[C@H](O)[C@H]3O,CC1CCCC(C1)O,cyclodextrin,2.919100046157837,OC[C@H]1O[C@@H]2O[C@H]3[C@H](O)[C@@H](O)[C@@H](O[C@H]4[C@H](O)[C@@H](O)[C@@H](O[C@H]5[C@H](O)[C@@H](O)[C@@H](O[C@H]6[C@H](O)[C@@H](O)[C@@H](O[C@H]7[C@H](O)[C@@H](O)[C@@H](O[C@H]8[C@H](O)[C@@H](O)[C@@H](O[C@H]1[C@H](O)[C@H]2O)O[C@@H]8CO)O[C@@H]7CO)O[C@@H]6CO)O[C@@H]5CO)O[C@@H]4CO)O[C@@H]3CO,22584443D9512992310760C9871E3E6BDB3EDC92006F3EF1EC94F44373907EB1,HOST_CAN_0176,PASS,CC1CCCC(O)C1,46868F2E931B838BF31AA559AD9B8D1033E54D6F292B2B6AB0DB032FF57C916A,GUEST_CAN_0240,PASS,AttentiveFP,1,random,4,2.709089756011963
2022,73,837,C1C2=CC(=CC(=C2O)CC3=CC(=CC(=C3O)CC4=CC(=CC(=C4O)CC5=C(C(=CC(=C5)S(=O)(=O)O)CC6=C(C1=CC(=C6)S(=O)(=O)O)O)O)S(=O)(=O)O)S(=O)(=O)O)S(=O)(=O)O,N1=CC=C(C=C1)C1=CC=NC=C1,calixarene,3.3094000816345215,O=S(=O)(O)c1cc2c(O)c(c1)Cc1cc(S(=O)(=O)O)cc(c1O)Cc1cc(S(=O)(=O)O)cc(c1O)Cc1cc(S(=O)(=O)O)cc(c1O)Cc1cc(S(=O)(=O)O)cc(c1O)C2,CE64A1CA71928E5DE79CF9633E11D44D0BC2C175AB3D980BF8052807605CA8CC,HOST_CAN_0155,PASS,c1cc(-c2ccncc2)ccn1,DEE9BD7AA80FD759D9512F899E5B26B6D8953648388A070F9641BC1DACF28421,GUEST_CAN_1121,PASS,AttentiveFP,1,random,4,3.3347835540771484
2023,11,780,C1N2C3C4N(C2=O)CN5C6C7N(C5=O)CN8C9C2N(C8=O)CN5C8C%10N(C5=O)CN5C%11C%12N(C5=O)CN5C%13C%14N(C5=O)CN5C%15C%16N(C5=O)CN5C%17C(N1C5=O)N1CN3C(=O)N4CN6C(=O)N7CN9C(=O)N2CN8C(=O)N%10CN%11C(=O)N%12CN%13C(=O)N%14CN%15C(=O)N%16CN%17C1=O,Cl[Ag],cucurbituril,2.319999933242798,O=C1N2CN3C(=O)N4CN5C(=O)N6CN7C(=O)N8CN9C(=O)N%10CN%11C(=O)N%12CN%13C(=O)N%14CN%15C(=O)N%16CN1C1C2N2CN%17C(=O)N(CN%18C(=O)N(CN%19C(=O)N(CN%20C(=O)N(CN%21C(=O)N(CN%22C(=O)N(CN%23C(=O)N(CN1C2=O)C%16C%15%23)C%14C%13%22)C%12C%11%21)C%10C9%20)C8C7%19)C6C5%18)C4C3%17,E82CB7F52437B0147F435E3074F006752062FF8924E87C1DAF3210D182FF633B,HOST_CAN_0143,PASS,[Cl][Ag],4A933E184334874789768EEC6D400995440C723058F3A6FFAAB1D8F3A29103E8,GUEST_CAN_1042,PASS,AttentiveFP,1,random,4,3.0157394409179688
2024,12,63,O1CCOCCN2CCOCCOCCOCCN(CCOCC1)CCOCCOCCOCC2,[Rb+],other,0.49970000982284546,C1COCCN2CCOCCOCCOCCN(CCOCCO1)CCOCCOCCOCC2,85C7C02142B236ECBC1FC9E9A1DD4E3252A7651F7F5B037994877CF5373B1DC8,HOST_CAN_0006,PASS,[Rb+],A81E1030429F736D8E35EA84C21CDFC8BA21CABFAB462465BE82BDA25EAD58DF,GUEST_CAN_1109,PASS,AttentiveFP,1,random,4,1.5141265392303467
2036,11,294,C1N2C3C4N(C2=O)CN5C6C7N(C5=O)CN8C9C2N(C8=O)CN5C8C%10N(C5=O)CN5C%11C%12N(C5=O)CN5C%13C%14N(C5=O)CN5C%15C%16N(C5=O)CN5C%17C(N1C5=O)N1CN3C(=O)N4CN6C(=O)N7CN9C(=O)N2CN8C(=O)N%10CN%11C(=O)N%12CN%13C(=O)N%14CN%15C(=O)N%16CN%17C1=O,Cl[Fe](Cl)Cl,cucurbituril,2.9700000286102295,O=C1N2CN3C(=O)N4CN5C(=O)N6CN7C(=O)N8CN9C(=O)N%10CN%11C(=O)N%12CN%13C(=O)N%14CN%15C(=O)N%16CN1C1C2N2CN%17C(=O)N(CN%18C(=O)N(CN%19C(=O)N(CN%20C(=O)N(CN%21C(=O)N(CN%22C(=O)N(CN%23C(=O)N(CN1C2=O)C%16C%15%23)C%14C%13%22)C%12C%11%21)C%10C9%20)C8C7%19)C6C5%18)C4C3%17,E82CB7F52437B0147F435E3074F006752062FF8924E87C1DAF3210D182FF633B,HOST_CAN_0143,PASS,[Cl][Fe]([Cl])[Cl],00A56A250646250BC555AD4F337F6343FAE4957C946C1C7D8CF29518E860CDEC,GUEST_CAN_1045,PASS,AttentiveFP,1,random,4,4.5451788902282715
2040,41,764,CCC1c2cc(C(CC)c3cc(C(c4cc(C(c5cc1c(O)c(c5O)C#N)CC)c(O)c(c4O)C#N)CC)c(c(c3O)C#N)O)c(c(c2O)C#N)O,C1(=CCC2=CC=C3C=CC=C4C=CC1C2=C34)/C=C/C3=CCN(C=C3)C,other,6.62939977645874,CCC1c2cc(c(O)c(C#N)c2O)C(CC)c2cc(c(O)c(C#N)c2O)C(CC)c2cc(c(O)c(C#N)c2O)C(CC)c2cc1c(O)c(C#N)c2O,C7E59A18D7BDB1317D9A13B4AEB284A383135621556342941A7B2EDCC62018B3,HOST_CAN_0021,PASS,CN1C=CC(/C=C/C2=CCc3ccc4cccc5c4c3C2C=C5)=CC1,312B6A5D578A533AEA667D63213D9DB8EF06CBF8CAC67B375C184BC36324F841,GUEST_CAN_0416,PASS,AttentiveFP,1,random,4,3.727180242538452
2042,9,585,[O-]C(=O)COc1ccc2c3c1CNC(=O)c1c(OCC(=O)[O-])ccc4c1ccc1c4C4CC(O1)Oc1c4c4ccc(c(C(=O)NCc5c6c(c7C8c2c(cc3)OC(C8)Oc7cc6)ccc5OCC(=O)[O-])c4cc1)OCC(=O)[O-].[NH4+].[NH4+].[NH4+].[NH4+],C1COC=CO1,other,3.003499984741211,O=C([O-])COc1ccc2c3c4ccc2c1CNC(=O)c1c(OCC(=O)[O-])ccc2c5c(ccc12)OC1CC5c2c(ccc5c(c(OCC(=O)[O-])ccc25)C(=O)NCc2c(OCC(=O)[O-])ccc5c6c(ccc25)OC(CC36)O4)O1.[NH4+].[NH4+].[NH4+].[NH4+],7D3830C6A6E10F82EEBCC3ED68B861BB21ED63B1DDB277580F3032527E5A1183,HOST_CAN_0139,PASS,C1=COCCO1,62B89259694551775F024BAF22BB7717B9DD1ABB919F2BD142259B86044C2DEF,GUEST_CAN_0017,PASS,AttentiveFP,1,random,4,2.851534366607666
2043,9,746,[O-]C(=O)COc1ccc2c3c1CNC(=O)c1c(OCC(=O)[O-])ccc4c1ccc1c4C4CC(O1)Oc1c4c4ccc(c(C(=O)NCc5c6c(c7C8c2c(cc3)OC(C8)Oc7cc6)ccc5OCC(=O)[O-])c4cc1)OCC(=O)[O-].[NH4+].[NH4+].[NH4+].[NH4+],COC(=O)OC,other,3.1498000621795654,O=C([O-])COc1ccc2c3c4ccc2c1CNC(=O)c1c(OCC(=O)[O-])ccc2c5c(ccc12)OC1CC5c2c(ccc5c(c(OCC(=O)[O-])ccc25)C(=O)NCc2c(OCC(=O)[O-])ccc5c6c(ccc25)OC(CC36)O4)O1.[NH4+].[NH4+].[NH4+].[NH4+],7D3830C6A6E10F82EEBCC3ED68B861BB21ED63B1DDB277580F3032527E5A1183,HOST_CAN_0139,PASS,COC(=O)OC,6CCAD973A4EAF78C167862A182B402AC2EC9ED740AA8040453E50A8F70C5D2C6,GUEST_CAN_0446,PASS,AttentiveFP,1,random,4,3.0033791065216064
2046,9,964,[O-]C(=O)COc1ccc2c3c1CNC(=O)c1c(OCC(=O)[O-])ccc4c1ccc1c4C4CC(O1)Oc1c4c4ccc(c(C(=O)NCc5c6c(c7C8c2c(cc3)OC(C8)Oc7cc6)ccc5OCC(=O)[O-])c4cc1)OCC(=O)[O-].[NH4+].[NH4+].[NH4+].[NH4+],C1CCC2C(C1)O2,other,1.799299955368042,O=C([O-])COc1ccc2c3c4ccc2c1CNC(=O)c1c(OCC(=O)[O-])ccc2c5c(ccc12)OC1CC5c2c(ccc5c(c(OCC(=O)[O-])ccc25)C(=O)NCc2c(OCC(=O)[O-])ccc5c6c(ccc25)OC(CC36)O4)O1.[NH4+].[NH4+].[NH4+].[NH4+],7D3830C6A6E10F82EEBCC3ED68B861BB21ED63B1DDB277580F3032527E5A1183,HOST_CAN_0139,PASS,C1CCC2OC2C1,78D4812342A7F88534719C2C2B467B0E7B72F0ECFBE8E31818F971D57D8D8A2B,GUEST_CAN_0027,PASS,AttentiveFP,1,random,4,3.8560850620269775
2049,25,351,CCCOc1c2Cc3cc(cc(c3OCCC)Cc3cc(cc(Cc4c(c(Cc1cc(c2)P(=O)(O)O)cc(c4)P(=O)(O)O)OCCC)c3OCCC)P(=O)(O)O)P(=O)(O)O,C1=CC(=C(C=C1C(CN)O)O)O.Cl,calixarene,2.0569000244140625,CCCOc1c2cc(P(=O)(O)O)cc1Cc1cc(P(=O)(O)O)cc(c1OCCC)Cc1cc(P(=O)(O)O)cc(c1OCCC)Cc1cc(P(=O)(O)O)cc(c1OCCC)C2,C043E79A34829EDDBE86C6FC09E756E7D0FDCE1A2BB383803C5CAA52B9480850,HOST_CAN_0037,PASS,Cl.NCC(O)c1ccc(O)c(O)c1,77292EA0463E2AED797CAE9779601581D37EB7B67F9EA7796D4F6EE168154886,GUEST_CAN_0687,PASS,AttentiveFP,1,random,4,1.9755492210388184
2059,0,768,O=C1N(C2)[C@@](N3CN4[C@]5([H])N2C(N(CN6C(N(C7)[C@@](N8CN9[C@]%10(C)N7C(N(CC%11=C%12C(OCCCS(=O)(O[Na])=O)=C(C=CC=C%13)C%13=C%11OCCCS(=O)(O[Na])=O)[C@]%10(C)N(C%12)C9=O)=O)([H])[C@]6([H])N%14C8=O)=O)[C@]5([H])N(C%14)C4=O)=O)(C)[C@@]%15(C)N1CC%16=C(OCCCS(=O)(O[Na])=O)C(C=CC=C%17)=C%17C(OCCCS(=O)(O[Na])=O)=C%16CN%15C3=O,CCNC1=C(C=C2C(=C1)OC3=CC(=[NH+]CC)C(=CC3=C2C4=CC=CC=C4C(=O)OCC)C)C.[Cl-],cucurbituril,6.361700057983398,C[C@]12N3Cc4c(c(OCCCS(=O)(=O)[O][Na])c5ccccc5c4OCCCS(=O)(=O)[O][Na])CN1C(=O)N1CN4C(=O)N5CN6C(=O)N7CN8C(=O)N9Cc%10c(c(OCCCS(=O)(=O)[O][Na])c%11ccccc%11c%10OCCCS(=O)(=O)[O][Na])CN%10C(=O)N(CN%11C(=O)N(CN%12C(=O)N(CN(C3=O)[C@]12C)[C@@H]4[C@H]%125)[C@@H]6[C@H]%117)[C@]8(C)[C@@]9%10C,9EF4AEE70348DBF45901607A97132AC332124AFAE94A1B457DED67D40489BA37,HOST_CAN_0088,PASS,CCNc1cc2oc3cc(=[NH+]CC)c(C)cc-3c(-c3ccccc3C(=O)OCC)c2cc1C.[Cl-],7747AE094C60B01CC68A562B284C6966F13F3487956DAAB5A7B13BEFB4A724EF,GUEST_CAN_0359,PASS,AttentiveFP,1,random,4,5.957275867462158
2062,11,1046,C1N2C3C4N(C2=O)CN5C6C7N(C5=O)CN8C9C2N(C8=O)CN5C8C%10N(C5=O)CN5C%11C%12N(C5=O)CN5C%13C%14N(C5=O)CN5C%15C%16N(C5=O)CN5C%17C(N1C5=O)N1CN3C(=O)N4CN6C(=O)N7CN9C(=O)N2CN8C(=O)N%10CN%11C(=O)N%12CN%13C(=O)N%14CN%15C(=O)N%16CN%17C1=O,CC12CC3(CC(CC(C1)(C3)C)C2)[NH3+],cucurbituril,12.041399955749512,O=C1N2CN3C(=O)N4CN5C(=O)N6CN7C(=O)N8CN9C(=O)N%10CN%11C(=O)N%12CN%13C(=O)N%14CN%15C(=O)N%16CN1C1C2N2CN%17C(=O)N(CN%18C(=O)N(CN%19C(=O)N(CN%20C(=O)N(CN%21C(=O)N(CN%22C(=O)N(CN%23C(=O)N(CN1C2=O)C%16C%15%23)C%14C%13%22)C%12C%11%21)C%10C9%20)C8C7%19)C6C5%18)C4C3%17,E82CB7F52437B0147F435E3074F006752062FF8924E87C1DAF3210D182FF633B,HOST_CAN_0143,PASS,CC12CC3CC(C)(C1)CC([NH3+])(C3)C2,32F4880F2B1DAB93F6AF2FF57B43B06DA06ECD8C375DDA2C61D3DF4706FC3838,GUEST_CAN_0218,PASS,AttentiveFP,1,random,4,10.310391426086426
2071,86,5,[Na]OS(=O)(=O)CCCCOC=1C=C(C=CC1)[C@@H]1N=C(OC1)CC1=C(C(=C(C(=C1CC)CC=1OC[C@@H](N1)C1=CC(=CC=C1)OCCCCS(=O)(=O)O[Na])CC)CC=1OC[C@@H](N1)C1=CC(=CC=C1)OCCCCS(=O)(=O)O[Na])CC,C1=CC=C(C=C1)CCN.Cl,other,1.934499979019165,CCc1c(CC2=N[C@@H](c3cccc(OCCCCS(=O)(=O)[O][Na])c3)CO2)c(CC)c(CC2=N[C@@H](c3cccc(OCCCCS(=O)(=O)[O][Na])c3)CO2)c(CC)c1CC1=N[C@@H](c2cccc(OCCCCS(=O)(=O)[O][Na])c2)CO1,A0794E3195B22DC21424CE7BDC74C772C0ED7BF37D1C4B8CF085F54EF0D1331E,HOST_CAN_0047,PASS,Cl.NCCc1ccccc1,694C353D974E43F94B1A87CEC52C279387A77EBF6FFAF0F180A66EE64E2F9B79,GUEST_CAN_0692,PASS,AttentiveFP,1,random,4,1.035855770111084
2076,30,369,C1C2=CC(=CC(=C2O)CC3=CC(=CC(=C3O)CC4=CC(=CC(=C4O)CC5=C(C(=CC(=C5)S(=O)(=O)[O-])CC6=C(C(=CC(=C6)S(=O)(=O)[O-])CC7=C(C1=CC(=C7)S(=O)(=O)[O-])O)O)O)S(=O)(=O)[O-])S(=O)(=O)[O-])S(=O)(=O)[O-],C1CC2CCC(C1)N=N2,calixarene,1.1205999851226807,O=S(=O)([O-])c1cc2c(O)c(c1)Cc1cc(S(=O)(=O)[O-])cc(c1O)Cc1cc(S(=O)(=O)[O-])cc(c1O)Cc1cc(S(=O)(=O)[O-])cc(c1O)Cc1cc(S(=O)(=O)[O-])cc(c1O)Cc1cc(S(=O)(=O)[O-])cc(c1O)C2,175E9D01D3A7DD7BE73E9B8659E8BAA0A16B2D5C4CCEFE3BEFED10121429BF10,HOST_CAN_0164,PASS,C1CC2CCC(C1)N=N2,3CB1DE4B60C8143576E12CED092F576F3C060BF327141DD7E64000E135972BED,GUEST_CAN_0021,PASS,AttentiveFP,1,random,4,2.805081844329834
2080,83,661,O=C1N2CN(C(N3CN4C5[C@H]6N7C4=O)=O)C(C3N8C[N@]5C([N@@]6C[N@@]9C([N@@]([C@H]([N@](C[N@@]%10[C@H]%11C%12%13)C%14=O)[C@@H]9[N@]%14C7)C[N@@]%11C([N@]%13C%15N%16C(N%17CN%18C%19=O)=O)=O)=O)=O)N(C8=O)CN%19C2C%18N1CN%20C%17C%16N([C@H](C%21=C%15C=C(C=CC=C%22)C%22=C%21)N%12C%10=O)C%20=O,C(CCN=C(N)N)CN,cucurbituril,6.0,O=C1N2CN3C(=O)N4CN5C(=O)N6CN7C(=O)N8CN9C(=O)N%10C%11c%12cc%13ccccc%13cc%12[C@H]%12N%13C(=O)N%14CN%15C(=O)N(CN%16C(=O)N(CN%17C(=O)N(CN%18C(=O)N(CN%19C(=O)N%12C%10[C@@H]9%19)[C@@H]8[C@@H]7%18)[C@@H]6C5%17)C4C3%16)C2C%15N1CN1C(=O)N%11C%13C1%14,22BBC4A6182BB69D6F23E2210FF6FE0897FAD28735E766CF137DD2649852025C,HOST_CAN_0141,PASS,NCCCCN=C(N)N,147435922603679D62DCF688C9853E3AD71C8B15D4F61677EFF46B2F78910BA6,GUEST_CAN_0797,PASS,AttentiveFP,1,random,4,5.676302909851074
2081,11,1051,C1N2C3C4N(C2=O)CN5C6C7N(C5=O)CN8C9C2N(C8=O)CN5C8C%10N(C5=O)CN5C%11C%12N(C5=O)CN5C%13C%14N(C5=O)CN5C%15C%16N(C5=O)CN5C%17C(N1C5=O)N1CN3C(=O)N4CN6C(=O)N7CN9C(=O)N2CN8C(=O)N%10CN%11C(=O)N%12CN%13C(=O)N%14CN%15C(=O)N%16CN%17C1=O,CC(C)CCCC(C)C1CCC2C1(CCC3C2=CC=C4C3(CCC(C4)O)C)C,cucurbituril,5.0,O=C1N2CN3C(=O)N4CN5C(=O)N6CN7C(=O)N8CN9C(=O)N%10CN%11C(=O)N%12CN%13C(=O)N%14CN%15C(=O)N%16CN1C1C2N2CN%17C(=O)N(CN%18C(=O)N(CN%19C(=O)N(CN%20C(=O)N(CN%21C(=O)N(CN%22C(=O)N(CN%23C(=O)N(CN1C2=O)C%16C%15%23)C%14C%13%22)C%12C%11%21)C%10C9%20)C8C7%19)C6C5%18)C4C3%17,E82CB7F52437B0147F435E3074F006752062FF8924E87C1DAF3210D182FF633B,HOST_CAN_0143,PASS,CC(C)CCCC(C)C1CCC2C3=CC=C4CC(O)CCC4(C)C3CCC21C,990DC33C9A744B533CEB3548274D8372BAE27FAD063360D1A705721171420738,GUEST_CAN_0145,PASS,AttentiveFP,1,random,4,6.279085159301758
2082,11,369,C1N2C3C4N(C2=O)CN5C6C7N(C5=O)CN8C9C2N(C8=O)CN5C8C%10N(C5=O)CN5C%11C%12N(C5=O)CN5C%13C%14N(C5=O)CN5C%15C%16N(C5=O)CN5C%17C(N1C5=O)N1CN3C(=O)N4CN6C(=O)N7CN9C(=O)N2CN8C(=O)N%10CN%11C(=O)N%12CN%13C(=O)N%14CN%15C(=O)N%16CN%17C1=O,C1CC2CCC(C1)N=N2,cucurbituril,5.767199993133545,O=C1N2CN3C(=O)N4CN5C(=O)N6CN7C(=O)N8CN9C(=O)N%10CN%11C(=O)N%12CN%13C(=O)N%14CN%15C(=O)N%16CN1C1C2N2CN%17C(=O)N(CN%18C(=O)N(CN%19C(=O)N(CN%20C(=O)N(CN%21C(=O)N(CN%22C(=O)N(CN%23C(=O)N(CN1C2=O)C%16C%15%23)C%14C%13%22)C%12C%11%21)C%10C9%20)C8C7%19)C6C5%18)C4C3%17,E82CB7F52437B0147F435E3074F006752062FF8924E87C1DAF3210D182FF633B,HOST_CAN_0143,PASS,C1CC2CCC(C1)N=N2,3CB1DE4B60C8143576E12CED092F576F3C060BF327141DD7E64000E135972BED,GUEST_CAN_0021,PASS,AttentiveFP,1,random,4,6.1302080154418945
2084,165,558,O[C@@H]1[C@@H](O)[C@H](O[C@@H]2[C@H](O)[C@@H](O)[C@H](O[C@H]3[C@@H](O)[C@H](O)[C@@H](O[C@H]4[C@@H](O)[C@H](O)[C@@H](O[C@H]5[C@@H](O)[C@H](O)[C@@H](O6)[C@H](COCC(O)C)O5)[C@H](COCC(O)C)O4)[C@H](COCC(O)C)O3)[C@@H](COCC(O)C)O2)[C@@H](COCC(O)C)O[C@@H]1O[C@H]7[C@H](O)[C@@H](O)[C@@H](O[C@@H]8[C@@H](O)[C@H](O)[C@H](O[C@@H]9[C@@H](O)[C@H](O)C6O[C@H]9COCC(O)C)O[C@H]8COCC(O)C)O[C@@H]7COCC(O)C,C1=CC=C(C=C1)NC2=CC3=C(C=C2)C=C(C=C3)S(=O)(=O)[O-],cyclodextrin,2.397900104522705,CC(O)COC[C@@H]1OC2O[C@@H]3[C@@H](O)[C@H](O)[C@H](O[C@@H]4[C@@H](O)[C@H](O)[C@H](O[C@@H]5[C@@H](O)[C@H](O)[C@H](O[C@H]6[C@H](O)[C@@H](O)[C@@H](O[C@H]7[C@H](O)[C@@H](O)[C@@H](O[C@H]8[C@H](O)[C@@H](O)[C@@H](O[C@@H]9[C@@H](O)[C@H](O)[C@H](O[C@@H]1[C@@H](O)[C@@H]2O)O[C@H]9COCC(C)O)O[C@@H]8COCC(C)O)O[C@@H]7COCC(C)O)O[C@@H]6COCC(C)O)O[C@H]5COCC(C)O)O[C@H]4COCC(C)O)O[C@H]3COCC(C)O,A6463260767763AEEEE84358752649565D613E36139686EE469EAD950C115E6E,HOST_CAN_0013,PASS,O=S(=O)([O-])c1ccc2cc(Nc3ccccc3)ccc2c1,0824CC1DB2624A014F85DD652F99EC1BBB673337CABFEF6F0B2F4C09F94496B2,GUEST_CAN_0937,PASS,AttentiveFP,1,random,4,3.393126964569092
2089,151,76,C(C(=O)O)N(CC(=O)O)C1C(=O)NC(=O)NC1=O,[Ba+2],other,6.130300045013428,O=C(O)CN(CC(=O)O)C1C(=O)NC(=O)NC1=O,A79CF0157A796F0CD50BB6A621709E83B2F5701A5982B3FC05B4D244283FD579,HOST_CAN_0122,PASS,[Ba+2],646B641AF6E7E8BB0EF6865C6EADD1E8EF78BF2568880853D320270397B832AE,GUEST_CAN_1012,PASS,AttentiveFP,1,random,4,7.481801986694336
2091,3,1054,OC[C@H]1O[C@@H]2O[C@@H]3[C@@H](CO)O[C@H](O[C@@H]4[C@@H](CO)O[C@H](O[C@@H]5[C@@H](CO)O[C@H](O[C@@H]6[C@@H](CO)O[C@H](O[C@@H]7[C@@H](CO)O[C@H](O[C@@H]8[C@@H](CO)O[C@H](O[C@H]1[C@H](O)[C@H]2O)[C@H](O)[C@H]8O)[C@H](O)[C@H]7O)[C@H](O)[C@H]6O)[C@H](O)[C@H]5O)[C@H](O)[C@H]4O)[C@H](O)[C@H]3O,CC12CCC(C1(C)CS(=O)(=O)O)C(C2=O)Br,cyclodextrin,3.575200080871582,OC[C@H]1O[C@@H]2O[C@H]3[C@H](O)[C@@H](O)[C@@H](O[C@H]4[C@H](O)[C@@H](O)[C@@H](O[C@H]5[C@H](O)[C@@H](O)[C@@H](O[C@H]6[C@H](O)[C@@H](O)[C@@H](O[C@H]7[C@H](O)[C@@H](O)[C@@H](O[C@H]8[C@H](O)[C@@H](O)[C@@H](O[C@H]1[C@H](O)[C@H]2O)O[C@@H]8CO)O[C@@H]7CO)O[C@@H]6CO)O[C@@H]5CO)O[C@@H]4CO)O[C@@H]3CO,22584443D9512992310760C9871E3E6BDB3EDC92006F3EF1EC94F44373907EB1,HOST_CAN_0176,PASS,CC12CCC(C(Br)C1=O)C2(C)CS(=O)(=O)O,E5EAD09E6CBF316BD81A8FBDA6B3347AC26DAA245F37B1A07486F5ED57F5E53F,GUEST_CAN_0225,PASS,AttentiveFP,1,random,4,2.652863025665283
2096,109,229,N12CCOCCOCCOCCN(CCOCCOCCOCC1)CCOCC(OCC2)CO,[Na+],other,2.0,OCC1COCCN2CCOCCOCCOCCN(CCOCCOCCOCC2)CCO1,DBB244EB3484C25754CB49358AAB55D5F1CBE448F138204AFE8509E4D673E477,HOST_CAN_0171,PASS,[Na+],C967F382B185E1578CB9153250886D12807928AF715FC44BD49BA94ACEDD7043,GUEST_CAN_1098,PASS,AttentiveFP,1,random,4,1.7518079280853271
2105,94,301,CC(C(O[Na])=O)OC(C(OC(C)C(O[Na])=O)=C1)=CC2=C1C(C=C(OC(C(O[Na])=O)C)C(OC(C(O[Na])=O)C)=C3)=C3C4=C2C=C(OC(C(O[Na])=O)C)C(OC(C)C(O[Na])=O)=C4,CC(=O)OCC[N+](C)(C)C,other,1.973099946975708,CC(Oc1cc2c3cc(OC(C)C(=O)[O][Na])c(OC(C)C(=O)[O][Na])cc3c3cc(OC(C)C(=O)[O][Na])c(OC(C)C(=O)[O][Na])cc3c2cc1OC(C)C(=O)[O][Na])C(=O)[O][Na],BA584CA32AF40B5CC01118169993C3B68F1DD55FC57084F45766D3D97748C6AD,HOST_CAN_0016,PASS,CC(=O)OCC[N+](C)(C)C,84D51F4020B502D4D631E57EE68EFDE6A9760DA224964EB235142C0ADF7611B2,GUEST_CAN_0100,PASS,AttentiveFP,1,random,4,2.530855178833008
2110,83,1050,O=C1N2CN(C(N3CN4C5[C@H]6N7C4=O)=O)C(C3N8C[N@]5C([N@@]6C[N@@]9C([N@@]([C@H]([N@](C[N@@]%10[C@H]%11C%12%13)C%14=O)[C@@H]9[N@]%14C7)C[N@@]%11C([N@]%13C%15N%16C(N%17CN%18C%19=O)=O)=O)=O)=O)N(C8=O)CN%19C2C%18N1CN%20C%17C%16N([C@H](C%21=C%15C=C(C=CC=C%22)C%22=C%21)N%12C%10=O)C%20=O,NCCCCN,cucurbituril,6.0,O=C1N2CN3C(=O)N4CN5C(=O)N6CN7C(=O)N8CN9C(=O)N%10C%11c%12cc%13ccccc%13cc%12[C@H]%12N%13C(=O)N%14CN%15C(=O)N(CN%16C(=O)N(CN%17C(=O)N(CN%18C(=O)N(CN%19C(=O)N%12C%10[C@@H]9%19)[C@@H]8[C@@H]7%18)[C@@H]6C5%17)C4C3%16)C2C%15N1CN1C(=O)N%11C%13C1%14,22BBC4A6182BB69D6F23E2210FF6FE0897FAD28735E766CF137DD2649852025C,HOST_CAN_0141,PASS,NCCCCN,ABFB247B65D73EC882481ADE82D4889DA2B7C6B2DE8B16FFAFFD43B58E6A0D6C,GUEST_CAN_0796,PASS,AttentiveFP,1,random,4,6.1086626052856445
2112,11,243,C1N2C3C4N(C2=O)CN5C6C7N(C5=O)CN8C9C2N(C8=O)CN5C8C%10N(C5=O)CN5C%11C%12N(C5=O)CN5C%13C%14N(C5=O)CN5C%15C%16N(C5=O)CN5C%17C(N1C5=O)N1CN3C(=O)N4CN6C(=O)N7CN9C(=O)N2CN8C(=O)N%10CN%11C(=O)N%12CN%13C(=O)N%14CN%15C(=O)N%16CN%17C1=O,Cl[Yb](Cl)Cl,cucurbituril,3.440000057220459,O=C1N2CN3C(=O)N4CN5C(=O)N6CN7C(=O)N8CN9C(=O)N%10CN%11C(=O)N%12CN%13C(=O)N%14CN%15C(=O)N%16CN1C1C2N2CN%17C(=O)N(CN%18C(=O)N(CN%19C(=O)N(CN%20C(=O)N(CN%21C(=O)N(CN%22C(=O)N(CN%23C(=O)N(CN1C2=O)C%16C%15%23)C%14C%13%22)C%12C%11%21)C%10C9%20)C8C7%19)C6C5%18)C4C3%17,E82CB7F52437B0147F435E3074F006752062FF8924E87C1DAF3210D182FF633B,HOST_CAN_0143,PASS,[Cl][Yb]([Cl])[Cl],59CFD47D9F207EC2824B835E6D02D9135A48C726F605678F4A01D79FC70A9A4A,GUEST_CAN_1048,PASS,AttentiveFP,1,random,4,4.329838275909424
2116,25,604,CCCOc1c2Cc3cc(cc(c3OCCC)Cc3cc(cc(Cc4c(c(Cc1cc(c2)P(=O)(O)O)cc(c4)P(=O)(O)O)OCCC)c3OCCC)P(=O)(O)O)P(=O)(O)O,C1=CC=C(C=C1)CN.Cl,calixarene,1.857300043106079,CCCOc1c2cc(P(=O)(O)O)cc1Cc1cc(P(=O)(O)O)cc(c1OCCC)Cc1cc(P(=O)(O)O)cc(c1OCCC)Cc1cc(P(=O)(O)O)cc(c1OCCC)C2,C043E79A34829EDDBE86C6FC09E756E7D0FDCE1A2BB383803C5CAA52B9480850,HOST_CAN_0037,PASS,Cl.NCc1ccccc1,940B23638656F8FE23E14ED8A0BBBA6E62D42F8FE7C323CF9C1D5C7983D012F0,GUEST_CAN_0694,PASS,AttentiveFP,1,random,4,1.5101819038391113
2117,9,1055,[O-]C(=O)COc1ccc2c3c1CNC(=O)c1c(OCC(=O)[O-])ccc4c1ccc1c4C4CC(O1)Oc1c4c4ccc(c(C(=O)NCc5c6c(c7C8c2c(cc3)OC(C8)Oc7cc6)ccc5OCC(=O)[O-])c4cc1)OCC(=O)[O-].[NH4+].[NH4+].[NH4+].[NH4+],C1=COC=C1,other,2.6928000450134277,O=C([O-])COc1ccc2c3c4ccc2c1CNC(=O)c1c(OCC(=O)[O-])ccc2c5c(ccc12)OC1CC5c2c(ccc5c(c(OCC(=O)[O-])ccc25)C(=O)NCc2c(OCC(=O)[O-])ccc5c6c(ccc25)OC(CC36)O4)O1.[NH4+].[NH4+].[NH4+].[NH4+],7D3830C6A6E10F82EEBCC3ED68B861BB21ED63B1DDB277580F3032527E5A1183,HOST_CAN_0139,PASS,c1ccoc1,39D2B6272E06ABEFF6444DCFBDE680514F1577849516C3E373DBE4CD7A22B85D,GUEST_CAN_1148,PASS,AttentiveFP,1,random,4,2.744365692138672
2119,39,532,O[C@H]1[C@H](O[C@@H]2[C@H](O)[C@@H](O)[C@H](O3)[C@@H](CO)O2)[C@@H](CO)O[C@H](O[C@H]4[C@H](O)[C@@H](O)[C@@H](O[C@@H]5[C@@H](O)[C@H](O)[C@H](O[C@@H]6[C@@H](O)[C@H](O)[C@H](O[C@@H]7[C@@H](O)[C@H](O)[C@H](O[C@@H]8[C@@H](O)[C@H](O)[C@H]3O[C@H]8CO)O[C@H]7CO)O[C@H]6CO)O[C@H]5CO)O[C@@H]4CO)[C@@H]1OCC(C)O,CC1=CC=C(C=C1)NC2=CC3=C(C=C2)C=C(C=C3)S(=O)(=O)[O-].[Na+],cyclodextrin,3.4814000129699707,CC(O)CO[C@H]1[C@H]2O[C@H]3[C@H](O)[C@@H](O)[C@@H](O[C@@H]4[C@@H](O)[C@H](O)[C@H](O[C@@H]5[C@@H](O)[C@H](O)[C@H](O[C@@H]6[C@@H](O)[C@H](O)[C@H](O[C@@H]7[C@@H](O)[C@H](O)[C@H](O[C@H]8[C@H](O)[C@@H](O)[C@@H](O[C@@H]([C@@H]1O)[C@@H](CO)O2)O[C@@H]8CO)O[C@H]7CO)O[C@H]6CO)O[C@H]5CO)O[C@H]4CO)O[C@@H]3CO,8AB99E70351C6B712BA9565029AC4BD45934389743B63BEA912138E31943DA38,HOST_CAN_0015,PASS,Cc1ccc(Nc2ccc3cc(S(=O)(=O)[O-])ccc3c2)cc1.[Na+],1BC59EC31198E9880137AFAA6A584A1B8605E06881B738CB1BFFC54AF27E7C05,GUEST_CAN_0662,PASS,AttentiveFP,1,random,4,2.9671783447265625
2120,55,178,OC1=C(CC2=CC(S(=O)([O-])=O)=CC(CC3=C(O)C4=CC(S(=O)([O-])=O)=C3)=C2O)C=C(S(=O)([O-])=O)C=C1CC5=C(O)C(CC6=CC(S(=O)([O-])=O)=CC(CC7=CC(S(=O)([O-])=O)=CC(CC8=C(O)C(CC9=CC(S(=O)([O-])=O)=CC(C4)=C9O)=CC(S(=O)([O-])=O)=C8)=C7OCCN)=C6O)=CC(S(=O)([O-])=O)=C5,C(CCN)CC(C(=O)O)N,calixarene,2.9853999614715576,NCCOc1c2cc(S(=O)(=O)[O-])cc1Cc1cc(S(=O)(=O)[O-])cc(c1O)Cc1cc(S(=O)(=O)[O-])cc(c1O)Cc1cc(S(=O)(=O)[O-])cc(c1O)Cc1cc(S(=O)(=O)[O-])cc(c1O)Cc1cc(S(=O)(=O)[O-])cc(c1O)Cc1cc(S(=O)(=O)[O-])cc(c1O)Cc1cc(S(=O)(=O)[O-])cc(c1O)C2,46CD7FE84C8D6C4EF795EC2A85AC98203C8613778274664FF650C7423640E7D1,HOST_CAN_0112,PASS,NCCCCC(N)C(=O)O,BD55DE8B1F18BBBA0B9FB86FA685E52B4743F1B75F837E0522E8C602B3191BA0,GUEST_CAN_0785,PASS,AttentiveFP,1,random,4,2.925912857055664
2121,30,286,C1C2=CC(=CC(=C2O)CC3=CC(=CC(=C3O)CC4=CC(=CC(=C4O)CC5=C(C(=CC(=C5)S(=O)(=O)[O-])CC6=C(C(=CC(=C6)S(=O)(=O)[O-])CC7=C(C1=CC(=C7)S(=O)(=O)[O-])O)O)O)S(=O)(=O)[O-])S(=O)(=O)[O-])S(=O)(=O)[O-],C[N+](C)(C)CCO,calixarene,4.800000190734863,O=S(=O)([O-])c1cc2c(O)c(c1)Cc1cc(S(=O)(=O)[O-])cc(c1O)Cc1cc(S(=O)(=O)[O-])cc(c1O)Cc1cc(S(=O)(=O)[O-])cc(c1O)Cc1cc(S(=O)(=O)[O-])cc(c1O)Cc1cc(S(=O)(=O)[O-])cc(c1O)C2,175E9D01D3A7DD7BE73E9B8659E8BAA0A16B2D5C4CCEFE3BEFED10121429BF10,HOST_CAN_0164,PASS,C[N+](C)(C)CCO,EE2F222C864A3340CB6DC5C1A21FDDCC9B162B0220641118D30F914132FC0AFF,GUEST_CAN_0568,PASS,AttentiveFP,1,random,4,3.5023062229156494
2123,87,1060,CCCCOc1c(OCCCC)c2COCc3c(OCCCC)c(OCCCC)c(c4c3cccc4)COCc3c(c(c(COCc4c(c(c(COCc1c1c2cccc1)c1ccccc41)OCCCC)OCCCC)c1c3cccc1)OCCCC)OCCCC,F[P-](F)(F)(F)(F)F.C[N+](C)(C)C,other,3.672100067138672,CCCCOc1c(OCCCC)c2c3ccccc3c1COCc1c(OCCCC)c(OCCCC)c(c3ccccc13)COCc1c(OCCCC)c(OCCCC)c(c3ccccc13)COCc1c(OCCCC)c(OCCCC)c(c3ccccc13)COC2,A699E12937358A216FBA45A53678131D8F7DBBB042BA5E7F52621C78F0465945,HOST_CAN_0031,PASS,C[N+](C)(C)C.F[P-](F)(F)(F)(F)F,2F131996A35C73F830118E0DF8CAF96D2277A54AC56439E499DF910181D87706,GUEST_CAN_0553,PASS,AttentiveFP,1,random,4,3.663114547729492
2131,46,1062,C1C2=CC(=CC(=C2O)CC3=CC(=CC(=C3O)CC4=C(C(=CC(=C4)S(=O)(=O)O)CC5=C(C1=CC(=C5)S(=O)(=O)[O-])O)O)S(=O)(=O)O)S(=O)(=O)O.[Na+],NCCCCC(C(=O)NC(C(=O)NC(C(=O)NC(C(=O)NC(C(=O)NC(C(=O)NC(C(=O)O)CC(C)C)CCCNC(=N)N)CCCNC(=N)N)CC(C)C)[C@H](O)C)CCCNC(=N)N)NC(=O)C(Cc1c[nH]c2c1cccc2)N,calixarene,6.397900104522705,O=S(=O)([O-])c1cc2c(O)c(c1)Cc1cc(S(=O)(=O)O)cc(c1O)Cc1cc(S(=O)(=O)O)cc(c1O)Cc1cc(S(=O)(=O)O)cc(c1O)C2.[Na+],CA94CECC10EDB9167B38E05C5D125873C9C1506ED227A3D9C6CBBCD696828A96,HOST_CAN_0163,PASS,CC(C)CC(NC(=O)C(CCCNC(=N)N)NC(=O)C(CCCNC(=N)N)NC(=O)C(CC(C)C)NC(=O)C(NC(=O)C(CCCNC(=N)N)NC(=O)C(CCCCN)NC(=O)C(N)Cc1c[nH]c2ccccc12)[C@@H](C)O)C(=O)O,522C4C6F8AE66033BC060C6A7786E89641C15B48B1F6A423D47ECA424662111C,GUEST_CAN_0139,PASS,AttentiveFP,1,random,4,5.059107780456543
2135,3,360,OC[C@H]1O[C@@H]2O[C@@H]3[C@@H](CO)O[C@H](O[C@@H]4[C@@H](CO)O[C@H](O[C@@H]5[C@@H](CO)O[C@H](O[C@@H]6[C@@H](CO)O[C@H](O[C@@H]7[C@@H](CO)O[C@H](O[C@@H]8[C@@H](CO)O[C@H](O[C@H]1[C@H](O)[C@H]2O)[C@H](O)[C@H]8O)[C@H](O)[C@H]7O)[C@H](O)[C@H]6O)[C@H](O)[C@H]5O)[C@H](O)[C@H]4O)[C@H](O)[C@H]3O,CCN(CC)C1=CC2=C(C=C1)N=C3C=CC(=[N+](CC)CC)C=C3O2,cyclodextrin,3.0492000579833984,OC[C@H]1O[C@@H]2O[C@H]3[C@H](O)[C@@H](O)[C@@H](O[C@H]4[C@H](O)[C@@H](O)[C@@H](O[C@H]5[C@H](O)[C@@H](O)[C@@H](O[C@H]6[C@H](O)[C@@H](O)[C@@H](O[C@H]7[C@H](O)[C@@H](O)[C@@H](O[C@H]8[C@H](O)[C@@H](O)[C@@H](O[C@H]1[C@H](O)[C@H]2O)O[C@@H]8CO)O[C@@H]7CO)O[C@@H]6CO)O[C@@H]5CO)O[C@@H]4CO)O[C@@H]3CO,22584443D9512992310760C9871E3E6BDB3EDC92006F3EF1EC94F44373907EB1,HOST_CAN_0176,PASS,CCN(CC)c1ccc2nc3ccc(=[N+](CC)CC)cc-3oc2c1,066F3D1B32F1748B3B78FD889501761911247912358CB368BEF1B1090F720B3D,GUEST_CAN_0355,PASS,AttentiveFP,1,random,4,2.506223201751709
2139,135,516,C(N)(=O)CN(C(=O)C1=CC=C(N1)C(=O)NC(=[NH2+])N)C(C)C,CC(C(=O)[O-])NC(=O)C,other,3.2067999839782715,CC(C)N(CC(N)=O)C(=O)c1ccc(C(=O)NC(N)=[NH2+])[nH]1,E45E3D029035E3F73C86C1CEB4D1AB7DAEA8B675AB866EF1DA28E3B575A147C0,HOST_CAN_0011,PASS,CC(=O)NC(C)C(=O)[O-],223D3A7CF02799E4E69DE4CF10C536E7E3A130D2DECA6FB2E856007B979C6DE6,GUEST_CAN_0069,PASS,AttentiveFP,1,random,4,2.3169102668762207
2141,24,440,OC1=C2C=C(S(=O)([O-])=O)C=C1CC3=C(O)C(CC4=CC(S(=O)([O-])=O)=CC(CC5=CC(S(=O)([O-])=O)=CC(CC6=CC(S(=O)([O-])=O)=CC(CC(C=C(S(=O)([O-])=O)C=C7C2)=C7O)=C6O)=C5O)=C4O)=CC(S(=O)([O-])=O)=C3.[Na+].[Na+].[Na+].[Na+].[Na+].[Na+],CC(C(=O)O)NC(=O)CN,calixarene,3.4700000286102295,O=S(=O)([O-])c1cc2c(O)c(c1)Cc1cc(S(=O)(=O)[O-])cc(c1O)Cc1cc(S(=O)(=O)[O-])cc(c1O)Cc1cc(S(=O)(=O)[O-])cc(c1O)Cc1cc(S(=O)(=O)[O-])cc(c1O)Cc1cc(S(=O)(=O)[O-])cc(c1O)C2.[Na+].[Na+].[Na+].[Na+].[Na+].[Na+],2C1F820212E47C3BD5C15E73832EDE6A35C8C7920DDCE445D20F661D969CA26F,HOST_CAN_0165,PASS,CC(NC(=O)CN)C(=O)O,05890C7DD45D8F3107459006B72D4EDB9CC5C3A82EEA862EFDB24093E953F0AC,GUEST_CAN_0186,PASS,AttentiveFP,1,random,4,2.9848520755767822
2142,186,516,C(N)(=O)CNC(=O)C1=CC=C(N1)C(=O)NC(=[NH2+])N,CC(C(=O)[O-])NC(=O)C,other,2.8324999809265137,NC(=[NH2+])NC(=O)c1ccc(C(=O)NCC(N)=O)[nH]1,01438C93F0092E3FC86508FDA8C0360FAAFAD844C47170674590647CF391BC40,HOST_CAN_0105,PASS,CC(=O)NC(C)C(=O)[O-],223D3A7CF02799E4E69DE4CF10C536E7E3A130D2DECA6FB2E856007B979C6DE6,GUEST_CAN_0069,PASS,AttentiveFP,1,random,4,2.3369407653808594
2146,9,695,[O-]C(=O)COc1ccc2c3c1CNC(=O)c1c(OCC(=O)[O-])ccc4c1ccc1c4C4CC(O1)Oc1c4c4ccc(c(C(=O)NCc5c6c(c7C8c2c(cc3)OC(C8)Oc7cc6)ccc5OCC(=O)[O-])c4cc1)OCC(=O)[O-].[NH4+].[NH4+].[NH4+].[NH4+],CCNC(=O)C,other,1.8128999471664429,O=C([O-])COc1ccc2c3c4ccc2c1CNC(=O)c1c(OCC(=O)[O-])ccc2c5c(ccc12)OC1CC5c2c(ccc5c(c(OCC(=O)[O-])ccc25)C(=O)NCc2c(OCC(=O)[O-])ccc5c6c(ccc25)OC(CC36)O4)O1.[NH4+].[NH4+].[NH4+].[NH4+],7D3830C6A6E10F82EEBCC3ED68B861BB21ED63B1DDB277580F3032527E5A1183,HOST_CAN_0139,PASS,CCNC(C)=O,EDF7EB2AB74271CB75535D4B869AB5E3DF0B0F9AF7ADA5CB9AA9D08ED3A6255F,GUEST_CAN_0357,PASS,AttentiveFP,1,random,4,3.1285459995269775
2158,3,1065,OC[C@H]1O[C@@H]2O[C@@H]3[C@@H](CO)O[C@H](O[C@@H]4[C@@H](CO)O[C@H](O[C@@H]5[C@@H](CO)O[C@H](O[C@@H]6[C@@H](CO)O[C@H](O[C@@H]7[C@@H](CO)O[C@H](O[C@@H]8[C@@H](CO)O[C@H](O[C@H]1[C@H](O)[C@H]2O)[C@H](O)[C@H]8O)[C@H](O)[C@H]7O)[C@H](O)[C@H]6O)[C@H](O)[C@H]5O)[C@H](O)[C@H]4O)[C@H](O)[C@H]3O,C1=CC(=CC=2OC3=CC=CC=C3SC12)C(C)=O,cyclodextrin,3.8880999088287354,OC[C@H]1O[C@@H]2O[C@H]3[C@H](O)[C@@H](O)[C@@H](O[C@H]4[C@H](O)[C@@H](O)[C@@H](O[C@H]5[C@H](O)[C@@H](O)[C@@H](O[C@H]6[C@H](O)[C@@H](O)[C@@H](O[C@H]7[C@H](O)[C@@H](O)[C@@H](O[C@H]8[C@H](O)[C@@H](O)[C@@H](O[C@H]1[C@H](O)[C@H]2O)O[C@@H]8CO)O[C@@H]7CO)O[C@@H]6CO)O[C@@H]5CO)O[C@@H]4CO)O[C@@H]3CO,22584443D9512992310760C9871E3E6BDB3EDC92006F3EF1EC94F44373907EB1,HOST_CAN_0176,PASS,CC(=O)c1ccc2c(c1)Oc1ccccc1S2,4F1957D2FA97FF5561C3208A1277904ECF1FCCA4872F3A969908718203F98290,GUEST_CAN_0107,PASS,AttentiveFP,1,random,4,2.819133758544922
2159,8,1066,C1N2C3C4N(C2=O)CN5C6C7N(C5=O)CN8C9C2N(C8=O)CN5C8C%10N(C5=O)CN5C%11C%12N(C5=O)CN5C%13C(N1C5=O)N1CN3C(=O)N4CN6C(=O)N7CN9C(=O)N2CN8C(=O)N%10CN%11C(=O)N%12CN%13C1=O,[NH4+].[Cl-],cucurbituril,3.7899999618530273,O=C1N2CN3C(=O)N4CN5C(=O)N6CN7C(=O)N8CN9C(=O)N%10CN%11C(=O)N%12CN1C1C2N2CN%13C(=O)N(CN%14C(=O)N(CN%15C(=O)N(CN%16C(=O)N(CN%17C(=O)N(CN1C2=O)C%12C%11%17)C%10C9%16)C8C7%15)C6C5%14)C4C3%13,2526C525F966BEE6CB589BBB60C9F4124C02584847747BDAFF4E92B4462536E8,HOST_CAN_0149,PASS,[Cl-].[NH4+],BB81BE95719E892A58A99E0981144F5B5721B520F1DEFF581BD0847374E35342,GUEST_CAN_1039,PASS,AttentiveFP,1,random,4,3.159839630126953
2162,1,556,C1C2=CC(=CC(=C2O)CC3=CC(=CC(=C3O)CC4=C(C(=CC(=C4)S(=O)(=O)O)CC5=C(C1=CC(=C5)S(=O)(=O)O)O)O)S(=O)(=O)O)S(=O)(=O)O,[Cl-].[Rb+],calixarene,2.40310001373291,O=S(=O)(O)c1cc2c(O)c(c1)Cc1cc(S(=O)(=O)O)cc(c1O)Cc1cc(S(=O)(=O)O)cc(c1O)Cc1cc(S(=O)(=O)O)cc(c1O)C2,C1130CCDC8DA0C6458EF6C2E07E7F3330D8F8B055CBE4DEAADB70DC00C8CDFC1,HOST_CAN_0154,PASS,[Cl-].[Rb+],F45F5EBA18BFE44CAB128A2E84C8B34A3194175A1497FEDAE86348640AB59865,GUEST_CAN_1041,PASS,AttentiveFP,1,random,4,2.71315598487854
2163,3,75,OC[C@H]1O[C@@H]2O[C@@H]3[C@@H](CO)O[C@H](O[C@@H]4[C@@H](CO)O[C@H](O[C@@H]5[C@@H](CO)O[C@H](O[C@@H]6[C@@H](CO)O[C@H](O[C@@H]7[C@@H](CO)O[C@H](O[C@@H]8[C@@H](CO)O[C@H](O[C@H]1[C@H](O)[C@H]2O)[C@H](O)[C@H]8O)[C@H](O)[C@H]7O)[C@H](O)[C@H]6O)[C@H](O)[C@H]5O)[C@H](O)[C@H]4O)[C@H](O)[C@H]3O,C1CCCC(CCC1)O,cyclodextrin,3.643899917602539,OC[C@H]1O[C@@H]2O[C@H]3[C@H](O)[C@@H](O)[C@@H](O[C@H]4[C@H](O)[C@@H](O)[C@@H](O[C@H]5[C@H](O)[C@@H](O)[C@@H](O[C@H]6[C@H](O)[C@@H](O)[C@@H](O[C@H]7[C@H](O)[C@@H](O)[C@@H](O[C@H]8[C@H](O)[C@@H](O)[C@@H](O[C@H]1[C@H](O)[C@H]2O)O[C@@H]8CO)O[C@@H]7CO)O[C@@H]6CO)O[C@@H]5CO)O[C@@H]4CO)O[C@@H]3CO,22584443D9512992310760C9871E3E6BDB3EDC92006F3EF1EC94F44373907EB1,HOST_CAN_0176,PASS,OC1CCCCCCC1,ED9628745AB2C049C9CB75E7053732D87CB10F290C6DAF5FDB64893278C0DD30,GUEST_CAN_0966,PASS,AttentiveFP,1,random,4,2.7889976501464844
2169,188,229,C1N2C3C4N(C2=O)CN5C6C7N(C5=O)CN8C9C2N(C8=O)CN5C8C%10N(C5=O)CN5C%11C%12N(C5=O)CN5C%13C%14N(C5=O)CN5C%15C(N1C5=O)N1CN3C(=O)N4CN6C(=O)N7CN9C(=O)N2CN8C(=O)N%10CN%11C(=O)N%12CN%13C(=O)N%14CN%15C1=O,[Na+],cucurbituril,2.1449999809265137,O=C1N2CN3C(=O)N4CN5C(=O)N6CN7C(=O)N8CN9C(=O)N%10CN%11C(=O)N%12CN%13C(=O)N%14CN1C1C2N2CN%15C(=O)N(CN%16C(=O)N(CN%17C(=O)N(CN%18C(=O)N(CN%19C(=O)N(CN%20C(=O)N(CN1C2=O)C%14C%13%20)C%12C%11%19)C%10C9%18)C8C7%17)C6C5%16)C4C3%15,2DC65D621E765ED6549674FF1EC52FA438C064AF813048BB637692837EF09315,HOST_CAN_0144,PASS,[Na+],C967F382B185E1578CB9153250886D12807928AF715FC44BD49BA94ACEDD7043,GUEST_CAN_1098,PASS,AttentiveFP,1,random,4,2.3432722091674805
2170,188,1069,C1N2C3C4N(C2=O)CN5C6C7N(C5=O)CN8C9C2N(C8=O)CN5C8C%10N(C5=O)CN5C%11C%12N(C5=O)CN5C%13C%14N(C5=O)CN5C%15C(N1C5=O)N1CN3C(=O)N4CN6C(=O)N7CN9C(=O)N2CN8C(=O)N%10CN%11C(=O)N%12CN%13C(=O)N%14CN%15C1=O,CC1=CC2=CC3=CC(=C(C=C3N=C2C=C1N)N)C.Cl,cucurbituril,4.436399936676025,O=C1N2CN3C(=O)N4CN5C(=O)N6CN7C(=O)N8CN9C(=O)N%10CN%11C(=O)N%12CN%13C(=O)N%14CN1C1C2N2CN%15C(=O)N(CN%16C(=O)N(CN%17C(=O)N(CN%18C(=O)N(CN%19C(=O)N(CN%20C(=O)N(CN1C2=O)C%14C%13%20)C%12C%11%19)C%10C9%18)C8C7%17)C6C5%16)C4C3%15,2DC65D621E765ED6549674FF1EC52FA438C064AF813048BB637692837EF09315,HOST_CAN_0144,PASS,Cc1cc2cc3cc(C)c(N)cc3nc2cc1N.Cl,F9667DD326E4A726C70B9806DDC7429738A5184034592D53B9E5B6D9708A6637,GUEST_CAN_0648,PASS,AttentiveFP,1,random,4,6.632878303527832
2171,188,344,C1N2C3C4N(C2=O)CN5C6C7N(C5=O)CN8C9C2N(C8=O)CN5C8C%10N(C5=O)CN5C%11C%12N(C5=O)CN5C%13C%14N(C5=O)CN5C%15C(N1C5=O)N1CN3C(=O)N4CN6C(=O)N7CN9C(=O)N2CN8C(=O)N%10CN%11C(=O)N%12CN%13C(=O)N%14CN%15C1=O,C1C2CC3CC1CC(C2)(C3)O,cucurbituril,10.394399642944336,O=C1N2CN3C(=O)N4CN5C(=O)N6CN7C(=O)N8CN9C(=O)N%10CN%11C(=O)N%12CN%13C(=O)N%14CN1C1C2N2CN%15C(=O)N(CN%16C(=O)N(CN%17C(=O)N(CN%18C(=O)N(CN%19C(=O)N(CN%20C(=O)N(CN1C2=O)C%14C%13%20)C%12C%11%19)C%10C9%18)C8C7%17)C6C5%16)C4C3%15,2DC65D621E765ED6549674FF1EC52FA438C064AF813048BB637692837EF09315,HOST_CAN_0144,PASS,OC12CC3CC(CC(C3)C1)C2,87605B61E7E3C1822091D8A0EF784871FD8D7A403C25DAD6277FB9405CE7B193,GUEST_CAN_0960,PASS,AttentiveFP,1,random,4,10.09514045715332
2176,188,1074,C1N2C3C4N(C2=O)CN5C6C7N(C5=O)CN8C9C2N(C8=O)CN5C8C%10N(C5=O)CN5C%11C%12N(C5=O)CN5C%13C%14N(C5=O)CN5C%15C(N1C5=O)N1CN3C(=O)N4CN6C(=O)N7CN9C(=O)N2CN8C(=O)N%10CN%11C(=O)N%12CN%13C(=O)N%14CN%15C1=O,C12C=CC3(O2)CNCC3C1,cucurbituril,6.799300193786621,O=C1N2CN3C(=O)N4CN5C(=O)N6CN7C(=O)N8CN9C(=O)N%10CN%11C(=O)N%12CN%13C(=O)N%14CN1C1C2N2CN%15C(=O)N(CN%16C(=O)N(CN%17C(=O)N(CN%18C(=O)N(CN%19C(=O)N(CN%20C(=O)N(CN1C2=O)C%14C%13%20)C%12C%11%19)C%10C9%18)C8C7%17)C6C5%16)C4C3%15,2DC65D621E765ED6549674FF1EC52FA438C064AF813048BB637692837EF09315,HOST_CAN_0144,PASS,C1=CC23CNCC2CC1O3,DDCC619146CC3FFCD3D9FD6A8169C9510662A25D2B6BD24051D6A34B81D062F8,GUEST_CAN_0014,PASS,AttentiveFP,1,random,4,8.230956077575684
2177,188,1075,C1N2C3C4N(C2=O)CN5C6C7N(C5=O)CN8C9C2N(C8=O)CN5C8C%10N(C5=O)CN5C%11C%12N(C5=O)CN5C%13C%14N(C5=O)CN5C%15C(N1C5=O)N1CN3C(=O)N4CN6C(=O)N7CN9C(=O)N2CN8C(=O)N%10CN%11C(=O)N%12CN%13C(=O)N%14CN%15C1=O,Nc1nc(N)nc(n1)N,cucurbituril,4.599100112915039,O=C1N2CN3C(=O)N4CN5C(=O)N6CN7C(=O)N8CN9C(=O)N%10CN%11C(=O)N%12CN%13C(=O)N%14CN1C1C2N2CN%15C(=O)N(CN%16C(=O)N(CN%17C(=O)N(CN%18C(=O)N(CN%19C(=O)N(CN%20C(=O)N(CN1C2=O)C%14C%13%20)C%12C%11%19)C%10C9%18)C8C7%17)C6C5%16)C4C3%15,2DC65D621E765ED6549674FF1EC52FA438C064AF813048BB637692837EF09315,HOST_CAN_0144,PASS,Nc1nc(N)nc(N)n1,CFAD5BC1FC79BE06B9DF4B774FAD8C270945736F726ECA40F38E93E46BF6E3FB,GUEST_CAN_0841,PASS,AttentiveFP,1,random,4,5.100120544433594
2178,188,34,C1N2C3C4N(C2=O)CN5C6C7N(C5=O)CN8C9C2N(C8=O)CN5C8C%10N(C5=O)CN5C%11C%12N(C5=O)CN5C%13C%14N(C5=O)CN5C%15C(N1C5=O)N1CN3C(=O)N4CN6C(=O)N7CN9C(=O)N2CN8C(=O)N%10CN%11C(=O)N%12CN%13C(=O)N%14CN%15C1=O,C1C2C3CC4(CC2C5CC1(CC3C5C4)O)O,cucurbituril,7.133500099182129,O=C1N2CN3C(=O)N4CN5C(=O)N6CN7C(=O)N8CN9C(=O)N%10CN%11C(=O)N%12CN%13C(=O)N%14CN1C1C2N2CN%15C(=O)N(CN%16C(=O)N(CN%17C(=O)N(CN%18C(=O)N(CN%19C(=O)N(CN%20C(=O)N(CN1C2=O)C%14C%13%20)C%12C%11%19)C%10C9%18)C8C7%17)C6C5%16)C4C3%15,2DC65D621E765ED6549674FF1EC52FA438C064AF813048BB637692837EF09315,HOST_CAN_0144,PASS,OC12CC3C4CC5(O)CC3C(C1)C(C5)C4C2,AC991E13407816F89CB45E71B476B54D6B95741F30D897BD6F1DC5BADA9048B7,GUEST_CAN_0958,PASS,AttentiveFP,1,random,4,6.329425811767578
2181,188,1076,C1N2C3C4N(C2=O)CN5C6C7N(C5=O)CN8C9C2N(C8=O)CN5C8C%10N(C5=O)CN5C%11C%12N(C5=O)CN5C%13C%14N(C5=O)CN5C%15C(N1C5=O)N1CN3C(=O)N4CN6C(=O)N7CN9C(=O)N2CN8C(=O)N%10CN%11C(=O)N%12CN%13C(=O)N%14CN%15C1=O,CCCNCC1=CC=CO1,cucurbituril,5.361700057983398,O=C1N2CN3C(=O)N4CN5C(=O)N6CN7C(=O)N8CN9C(=O)N%10CN%11C(=O)N%12CN%13C(=O)N%14CN1C1C2N2CN%15C(=O)N(CN%16C(=O)N(CN%17C(=O)N(CN%18C(=O)N(CN%19C(=O)N(CN%20C(=O)N(CN1C2=O)C%14C%13%20)C%12C%11%19)C%10C9%18)C8C7%17)C6C5%16)C4C3%15,2DC65D621E765ED6549674FF1EC52FA438C064AF813048BB637692837EF09315,HOST_CAN_0144,PASS,CCCNCc1ccco1,33030E3B247710FA7174AC82B5C47809585F6E4875395D6CB35665DC3CCBFA54,GUEST_CAN_0333,PASS,AttentiveFP,1,random,4,6.712469100952148
2186,188,244,C1N2C3C4N(C2=O)CN5C6C7N(C5=O)CN8C9C2N(C8=O)CN5C8C%10N(C5=O)CN5C%11C%12N(C5=O)CN5C%13C%14N(C5=O)CN5C%15C(N1C5=O)N1CN3C(=O)N4CN6C(=O)N7CN9C(=O)N2CN8C(=O)N%10CN%11C(=O)N%12CN%13C(=O)N%14CN%15C1=O,CCCCCCCCCC[N+](C)(C)C.[Br-],cucurbituril,6.508500099182129,O=C1N2CN3C(=O)N4CN5C(=O)N6CN7C(=O)N8CN9C(=O)N%10CN%11C(=O)N%12CN%13C(=O)N%14CN1C1C2N2CN%15C(=O)N(CN%16C(=O)N(CN%17C(=O)N(CN%18C(=O)N(CN%19C(=O)N(CN%20C(=O)N(CN1C2=O)C%14C%13%20)C%12C%11%19)C%10C9%18)C8C7%17)C6C5%16)C4C3%15,2DC65D621E765ED6549674FF1EC52FA438C064AF813048BB637692837EF09315,HOST_CAN_0144,PASS,CCCCCCCCCC[N+](C)(C)C.[Br-],46BE8A29CE0984A9C005B7D3105241F65CFA57D29BB5DF70D6A0B949CE607463,GUEST_CAN_0288,PASS,AttentiveFP,1,random,4,6.355377674102783
2187,188,800,C1N2C3C4N(C2=O)CN5C6C7N(C5=O)CN8C9C2N(C8=O)CN5C8C%10N(C5=O)CN5C%11C%12N(C5=O)CN5C%13C%14N(C5=O)CN5C%15C(N1C5=O)N1CN3C(=O)N4CN6C(=O)N7CN9C(=O)N2CN8C(=O)N%10CN%11C(=O)N%12CN%13C(=O)N%14CN%15C1=O,C1CCC(=O)CC1,cucurbituril,7.279799938201904,O=C1N2CN3C(=O)N4CN5C(=O)N6CN7C(=O)N8CN9C(=O)N%10CN%11C(=O)N%12CN%13C(=O)N%14CN1C1C2N2CN%15C(=O)N(CN%16C(=O)N(CN%17C(=O)N(CN%18C(=O)N(CN%19C(=O)N(CN%20C(=O)N(CN1C2=O)C%14C%13%20)C%12C%11%19)C%10C9%18)C8C7%17)C6C5%16)C4C3%15,2DC65D621E765ED6549674FF1EC52FA438C064AF813048BB637692837EF09315,HOST_CAN_0144,PASS,O=C1CCCCC1,28ED7F4ABC3F360949BEF088C4AFA4A77B693EB3C89E315AEDB1AFD64C9CEB92,GUEST_CAN_0919,PASS,AttentiveFP,1,random,4,3.6121182441711426
2197,188,133,C1N2C3C4N(C2=O)CN5C6C7N(C5=O)CN8C9C2N(C8=O)CN5C8C%10N(C5=O)CN5C%11C%12N(C5=O)CN5C%13C%14N(C5=O)CN5C%15C(N1C5=O)N1CN3C(=O)N4CN6C(=O)N7CN9C(=O)N2CN8C(=O)N%10CN%11C(=O)N%12CN%13C(=O)N%14CN%15C1=O,[Cl-].[Cs+],cucurbituril,3.505000114440918,O=C1N2CN3C(=O)N4CN5C(=O)N6CN7C(=O)N8CN9C(=O)N%10CN%11C(=O)N%12CN%13C(=O)N%14CN1C1C2N2CN%15C(=O)N(CN%16C(=O)N(CN%17C(=O)N(CN%18C(=O)N(CN%19C(=O)N(CN%20C(=O)N(CN1C2=O)C%14C%13%20)C%12C%11%19)C%10C9%18)C8C7%17)C6C5%16)C4C3%15,2DC65D621E765ED6549674FF1EC52FA438C064AF813048BB637692837EF09315,HOST_CAN_0144,PASS,[Cl-].[Cs+],92887686B9FCD5D7B4FF9C8AAFE34E6D69DCC3DF4F7D53B23D98EBC2D3E6DDEE,GUEST_CAN_1034,PASS,AttentiveFP,1,random,4,2.6741762161254883
2205,188,1083,C1N2C3C4N(C2=O)CN5C6C7N(C5=O)CN8C9C2N(C8=O)CN5C8C%10N(C5=O)CN5C%11C%12N(C5=O)CN5C%13C%14N(C5=O)CN5C%15C(N1C5=O)N1CN3C(=O)N4CN6C(=O)N7CN9C(=O)N2CN8C(=O)N%10CN%11C(=O)N%12CN%13C(=O)N%14CN%15C1=O,NCc1ccc(cc1)C[C@@H](C(=O)N[C@H](C(=O)O)CCSC)N,cucurbituril,8.724300384521484,O=C1N2CN3C(=O)N4CN5C(=O)N6CN7C(=O)N8CN9C(=O)N%10CN%11C(=O)N%12CN%13C(=O)N%14CN1C1C2N2CN%15C(=O)N(CN%16C(=O)N(CN%17C(=O)N(CN%18C(=O)N(CN%19C(=O)N(CN%20C(=O)N(CN1C2=O)C%14C%13%20)C%12C%11%19)C%10C9%18)C8C7%17)C6C5%16)C4C3%15,2DC65D621E765ED6549674FF1EC52FA438C064AF813048BB637692837EF09315,HOST_CAN_0144,PASS,CSCC[C@H](NC(=O)[C@@H](N)Cc1ccc(CN)cc1)C(=O)O,F19A4242D2B2D818711AC54AFD4CC26CD079C25F76EDE37AC4D359AC7E2E9F95,GUEST_CAN_0529,PASS,AttentiveFP,1,random,4,5.883214473724365
2208,188,598,C1N2C3C4N(C2=O)CN5C6C7N(C5=O)CN8C9C2N(C8=O)CN5C8C%10N(C5=O)CN5C%11C%12N(C5=O)CN5C%13C%14N(C5=O)CN5C%15C(N1C5=O)N1CN3C(=O)N4CN6C(=O)N7CN9C(=O)N2CN8C(=O)N%10CN%11C(=O)N%12CN%13C(=O)N%14CN%15C1=O,C[N+]1=CC2=C3C4=C(C=[N+](C)C=C4C=CC3=C1)C=C2,cucurbituril,8.970499992370605,O=C1N2CN3C(=O)N4CN5C(=O)N6CN7C(=O)N8CN9C(=O)N%10CN%11C(=O)N%12CN%13C(=O)N%14CN1C1C2N2CN%15C(=O)N(CN%16C(=O)N(CN%17C(=O)N(CN%18C(=O)N(CN%19C(=O)N(CN%20C(=O)N(CN1C2=O)C%14C%13%20)C%12C%11%19)C%10C9%18)C8C7%17)C6C5%16)C4C3%15,2DC65D621E765ED6549674FF1EC52FA438C064AF813048BB637692837EF09315,HOST_CAN_0144,PASS,C[n+]1cc2ccc3c[n+](C)cc4ccc(c1)c2c34,8C26809730C316FDCC2618BD5B3B525A51259CED54605034A946844E1215D09F,GUEST_CAN_0620,PASS,AttentiveFP,1,random,4,5.1628923416137695
2214,188,418,C1N2C3C4N(C2=O)CN5C6C7N(C5=O)CN8C9C2N(C8=O)CN5C8C%10N(C5=O)CN5C%11C%12N(C5=O)CN5C%13C%14N(C5=O)CN5C%15C(N1C5=O)N1CN3C(=O)N4CN6C(=O)N7CN9C(=O)N2CN8C(=O)N%10CN%11C(=O)N%12CN%13C(=O)N%14CN%15C1=O,[CH]1[CH][CH][CH][CH]1.[CH]1[CH][CH][C]([CH]1)CO.[Fe],cucurbituril,9.423800468444824,O=C1N2CN3C(=O)N4CN5C(=O)N6CN7C(=O)N8CN9C(=O)N%10CN%11C(=O)N%12CN%13C(=O)N%14CN1C1C2N2CN%15C(=O)N(CN%16C(=O)N(CN%17C(=O)N(CN%18C(=O)N(CN%19C(=O)N(CN%20C(=O)N(CN1C2=O)C%14C%13%20)C%12C%11%19)C%10C9%18)C8C7%17)C6C5%16)C4C3%15,2DC65D621E765ED6549674FF1EC52FA438C064AF813048BB637692837EF09315,HOST_CAN_0144,PASS,OC[C]1[CH][CH][CH][CH]1.[CH]1[CH][CH][CH][CH]1.[Fe],598F58B7E73A7A8C503349E1FB5AEC855C474C9E6DEB14009D5A6FCA0DF34B7B,GUEST_CAN_0983,PASS,AttentiveFP,1,random,4,6.033651351928711
2217,188,992,C1N2C3C4N(C2=O)CN5C6C7N(C5=O)CN8C9C2N(C8=O)CN5C8C%10N(C5=O)CN5C%11C%12N(C5=O)CN5C%13C%14N(C5=O)CN5C%15C(N1C5=O)N1CN3C(=O)N4CN6C(=O)N7CN9C(=O)N2CN8C(=O)N%10CN%11C(=O)N%12CN%13C(=O)N%14CN%15C1=O,C1=CC=C(C=C1)CC(C(=O)NCC(=O)NCC(=O)O)N,cucurbituril,6.4781999588012695,O=C1N2CN3C(=O)N4CN5C(=O)N6CN7C(=O)N8CN9C(=O)N%10CN%11C(=O)N%12CN%13C(=O)N%14CN1C1C2N2CN%15C(=O)N(CN%16C(=O)N(CN%17C(=O)N(CN%18C(=O)N(CN%19C(=O)N(CN%20C(=O)N(CN1C2=O)C%14C%13%20)C%12C%11%19)C%10C9%18)C8C7%17)C6C5%16)C4C3%15,2DC65D621E765ED6549674FF1EC52FA438C064AF813048BB637692837EF09315,HOST_CAN_0144,PASS,NC(Cc1ccccc1)C(=O)NCC(=O)NCC(=O)O,1D2B698AB6660ADC32607C3803D04FB90333DFA90AEB8CAD44A44798B9093AA5,GUEST_CAN_0744,PASS,AttentiveFP,1,random,4,4.867624759674072
2219,188,1088,C1N2C3C4N(C2=O)CN5C6C7N(C5=O)CN8C9C2N(C8=O)CN5C8C%10N(C5=O)CN5C%11C%12N(C5=O)CN5C%13C%14N(C5=O)CN5C%15C(N1C5=O)N1CN3C(=O)N4CN6C(=O)N7CN9C(=O)N2CN8C(=O)N%10CN%11C(=O)N%12CN%13C(=O)N%14CN%15C1=O,CC(=O)C(C)(C)C,cucurbituril,3.828700065612793,O=C1N2CN3C(=O)N4CN5C(=O)N6CN7C(=O)N8CN9C(=O)N%10CN%11C(=O)N%12CN%13C(=O)N%14CN1C1C2N2CN%15C(=O)N(CN%16C(=O)N(CN%17C(=O)N(CN%18C(=O)N(CN%19C(=O)N(CN%20C(=O)N(CN1C2=O)C%14C%13%20)C%12C%11%19)C%10C9%18)C8C7%17)C6C5%16)C4C3%15,2DC65D621E765ED6549674FF1EC52FA438C064AF813048BB637692837EF09315,HOST_CAN_0144,PASS,CC(=O)C(C)(C)C,3ABE1A990AA4B599517AB35682660175F21AF36719E6EBF45E4B00D4BEE98439,GUEST_CAN_0062,PASS,AttentiveFP,1,random,4,3.1328043937683105
2222,188,1090,C1N2C3C4N(C2=O)CN5C6C7N(C5=O)CN8C9C2N(C8=O)CN5C8C%10N(C5=O)CN5C%11C%12N(C5=O)CN5C%13C%14N(C5=O)CN5C%15C(N1C5=O)N1CN3C(=O)N4CN6C(=O)N7CN9C(=O)N2CN8C(=O)N%10CN%11C(=O)N%12CN%13C(=O)N%14CN%15C1=O,NCc1ccc(cc1)C[C@@H](C(=O)NCC(=O)NCC(=O)O)N,cucurbituril,9.021200180053711,O=C1N2CN3C(=O)N4CN5C(=O)N6CN7C(=O)N8CN9C(=O)N%10CN%11C(=O)N%12CN%13C(=O)N%14CN1C1C2N2CN%15C(=O)N(CN%16C(=O)N(CN%17C(=O)N(CN%18C(=O)N(CN%19C(=O)N(CN%20C(=O)N(CN1C2=O)C%14C%13%20)C%12C%11%19)C%10C9%18)C8C7%17)C6C5%16)C4C3%15,2DC65D621E765ED6549674FF1EC52FA438C064AF813048BB637692837EF09315,HOST_CAN_0144,PASS,NCc1ccc(C[C@H](N)C(=O)NCC(=O)NCC(=O)O)cc1,ECAF0E9F32FEF05E6D25538FBD6D9C58F90045AE3A7A66CEC7C4210CF4715701,GUEST_CAN_0814,PASS,AttentiveFP,1,random,4,5.468812465667725
2251,188,1103,C1N2C3C4N(C2=O)CN5C6C7N(C5=O)CN8C9C2N(C8=O)CN5C8C%10N(C5=O)CN5C%11C%12N(C5=O)CN5C%13C%14N(C5=O)CN5C%15C(N1C5=O)N1CN3C(=O)N4CN6C(=O)N7CN9C(=O)N2CN8C(=O)N%10CN%11C(=O)N%12CN%13C(=O)N%14CN%15C1=O,C1=CC=C2C(=C1)N=C3C4=C(C5=C(C3=N2)C=CC=N5)N=CC=C4.C1=CC=NC(=C1)C2=CC=CC=N2.C1=CC=NC(=C1)C2=CC=CC=N2.[Ru+2],cucurbituril,3.447200059890747,O=C1N2CN3C(=O)N4CN5C(=O)N6CN7C(=O)N8CN9C(=O)N%10CN%11C(=O)N%12CN%13C(=O)N%14CN1C1C2N2CN%15C(=O)N(CN%16C(=O)N(CN%17C(=O)N(CN%18C(=O)N(CN%19C(=O)N(CN%20C(=O)N(CN1C2=O)C%14C%13%20)C%12C%11%19)C%10C9%18)C8C7%17)C6C5%16)C4C3%15,2DC65D621E765ED6549674FF1EC52FA438C064AF813048BB637692837EF09315,HOST_CAN_0144,PASS,[Ru+2].c1ccc(-c2ccccn2)nc1.c1ccc(-c2ccccn2)nc1.c1ccc2nc3c4cccnc4c4ncccc4c3nc2c1,3A3B9D912B460FBCC7647F7BFD3E07952CBC7B1C2A7EABAA0774707E6811F8FB,GUEST_CAN_1111,PASS,AttentiveFP,1,random,4,6.374500751495361
2259,188,250,C1N2C3C4N(C2=O)CN5C6C7N(C5=O)CN8C9C2N(C8=O)CN5C8C%10N(C5=O)CN5C%11C%12N(C5=O)CN5C%13C%14N(C5=O)CN5C%15C(N1C5=O)N1CN3C(=O)N4CN6C(=O)N7CN9C(=O)N2CN8C(=O)N%10CN%11C(=O)N%12CN%13C(=O)N%14CN%15C1=O,C1=CC(=CC=C1C2=CC3=C(N2)C=C(C=C3)C(=[NH2+])N)C(=[NH2+])N,cucurbituril,7.041399955749512,O=C1N2CN3C(=O)N4CN5C(=O)N6CN7C(=O)N8CN9C(=O)N%10CN%11C(=O)N%12CN%13C(=O)N%14CN1C1C2N2CN%15C(=O)N(CN%16C(=O)N(CN%17C(=O)N(CN%18C(=O)N(CN%19C(=O)N(CN%20C(=O)N(CN1C2=O)C%14C%13%20)C%12C%11%19)C%10C9%18)C8C7%17)C6C5%16)C4C3%15,2DC65D621E765ED6549674FF1EC52FA438C064AF813048BB637692837EF09315,HOST_CAN_0144,PASS,NC(=[NH2+])c1ccc(-c2cc3ccc(C(N)=[NH2+])cc3[nH]2)cc1,CEEB6EEFB04D0B8CA13A0AE7419DA74A65BBB334871B9622AAFDF76333649B11,GUEST_CAN_0727,PASS,AttentiveFP,1,random,4,7.7585859298706055
2270,188,1106,C1N2C3C4N(C2=O)CN5C6C7N(C5=O)CN8C9C2N(C8=O)CN5C8C%10N(C5=O)CN5C%11C%12N(C5=O)CN5C%13C%14N(C5=O)CN5C%15C(N1C5=O)N1CN3C(=O)N4CN6C(=O)N7CN9C(=O)N2CN8C(=O)N%10CN%11C(=O)N%12CN%13C(=O)N%14CN%15C1=O,C1=CC=C2C(=C1)C(=CN2)CC(C(=O)NCC(=O)O)N,cucurbituril,5.748199939727783,O=C1N2CN3C(=O)N4CN5C(=O)N6CN7C(=O)N8CN9C(=O)N%10CN%11C(=O)N%12CN%13C(=O)N%14CN1C1C2N2CN%15C(=O)N(CN%16C(=O)N(CN%17C(=O)N(CN%18C(=O)N(CN%19C(=O)N(CN%20C(=O)N(CN1C2=O)C%14C%13%20)C%12C%11%19)C%10C9%18)C8C7%17)C6C5%16)C4C3%15,2DC65D621E765ED6549674FF1EC52FA438C064AF813048BB637692837EF09315,HOST_CAN_0144,PASS,NC(Cc1c[nH]c2ccccc12)C(=O)NCC(=O)O,9B431D3556BAAF6440E3A0A686BAE43F150F213A005C2137462B106AB49282B7,GUEST_CAN_0739,PASS,AttentiveFP,1,random,4,4.3478569984436035
2271,188,1107,C1N2C3C4N(C2=O)CN5C6C7N(C5=O)CN8C9C2N(C8=O)CN5C8C%10N(C5=O)CN5C%11C%12N(C5=O)CN5C%13C%14N(C5=O)CN5C%15C(N1C5=O)N1CN3C(=O)N4CN6C(=O)N7CN9C(=O)N2CN8C(=O)N%10CN%11C(=O)N%12CN%13C(=O)N%14CN%15C1=O,C1C2CC3CC(C2)(CC1C3=O)Br,cucurbituril,8.485699653625488,O=C1N2CN3C(=O)N4CN5C(=O)N6CN7C(=O)N8CN9C(=O)N%10CN%11C(=O)N%12CN%13C(=O)N%14CN1C1C2N2CN%15C(=O)N(CN%16C(=O)N(CN%17C(=O)N(CN%18C(=O)N(CN%19C(=O)N(CN%20C(=O)N(CN1C2=O)C%14C%13%20)C%12C%11%19)C%10C9%18)C8C7%17)C6C5%16)C4C3%15,2DC65D621E765ED6549674FF1EC52FA438C064AF813048BB637692837EF09315,HOST_CAN_0144,PASS,O=C1C2CC3CC1CC(Br)(C3)C2,84E5E5D2B8D0F5EABC7407314ECB9FFCD9FB2F203AA86CAC014531D97686821D,GUEST_CAN_0913,PASS,AttentiveFP,1,random,4,9.709707260131836
2274,188,1109,C1N2C3C4N(C2=O)CN5C6C7N(C5=O)CN8C9C2N(C8=O)CN5C8C%10N(C5=O)CN5C%11C%12N(C5=O)CN5C%13C%14N(C5=O)CN5C%15C(N1C5=O)N1CN3C(=O)N4CN6C(=O)N7CN9C(=O)N2CN8C(=O)N%10CN%11C(=O)N%12CN%13C(=O)N%14CN%15C1=O,C=CCNCC1=CC=C(Cl)O1,cucurbituril,5.662799835205078,O=C1N2CN3C(=O)N4CN5C(=O)N6CN7C(=O)N8CN9C(=O)N%10CN%11C(=O)N%12CN%13C(=O)N%14CN1C1C2N2CN%15C(=O)N(CN%16C(=O)N(CN%17C(=O)N(CN%18C(=O)N(CN%19C(=O)N(CN%20C(=O)N(CN1C2=O)C%14C%13%20)C%12C%11%19)C%10C9%18)C8C7%17)C6C5%16)C4C3%15,2DC65D621E765ED6549674FF1EC52FA438C064AF813048BB637692837EF09315,HOST_CAN_0144,PASS,C=CCNCc1ccc(Cl)o1,C2F7C7F334996C222B5E10952AF182067DD17A1555E14466C6D9E024A6F9DBCD,GUEST_CAN_0051,PASS,AttentiveFP,1,random,4,7.128871917724609
2276,188,1110,C1N2C3C4N(C2=O)CN5C6C7N(C5=O)CN8C9C2N(C8=O)CN5C8C%10N(C5=O)CN5C%11C%12N(C5=O)CN5C%13C%14N(C5=O)CN5C%15C(N1C5=O)N1CN3C(=O)N4CN6C(=O)N7CN9C(=O)N2CN8C(=O)N%10CN%11C(=O)N%12CN%13C(=O)N%14CN%15C1=O,NCC12CCC(CC1)(CC2)CN,cucurbituril,14.300999641418457,O=C1N2CN3C(=O)N4CN5C(=O)N6CN7C(=O)N8CN9C(=O)N%10CN%11C(=O)N%12CN%13C(=O)N%14CN1C1C2N2CN%15C(=O)N(CN%16C(=O)N(CN%17C(=O)N(CN%18C(=O)N(CN%19C(=O)N(CN%20C(=O)N(CN1C2=O)C%14C%13%20)C%12C%11%19)C%10C9%18)C8C7%17)C6C5%16)C4C3%15,2DC65D621E765ED6549674FF1EC52FA438C064AF813048BB637692837EF09315,HOST_CAN_0144,PASS,NCC12CCC(CN)(CC1)CC2,8D745F3468B5810FC15259ADA3123CD599C321FBEDD05642323E29E7706A6212,GUEST_CAN_0776,PASS,AttentiveFP,1,random,4,10.94852066040039
2278,188,1111,C1N2C3C4N(C2=O)CN5C6C7N(C5=O)CN8C9C2N(C8=O)CN5C8C%10N(C5=O)CN5C%11C%12N(C5=O)CN5C%13C%14N(C5=O)CN5C%15C(N1C5=O)N1CN3C(=O)N4CN6C(=O)N7CN9C(=O)N2CN8C(=O)N%10CN%11C(=O)N%12CN%13C(=O)N%14CN%15C1=O,C[N+]1=CN(C=C1)CC2=CC=CC=C2.[Br-],cucurbituril,5.90310001373291,O=C1N2CN3C(=O)N4CN5C(=O)N6CN7C(=O)N8CN9C(=O)N%10CN%11C(=O)N%12CN%13C(=O)N%14CN1C1C2N2CN%15C(=O)N(CN%16C(=O)N(CN%17C(=O)N(CN%18C(=O)N(CN%19C(=O)N(CN%20C(=O)N(CN1C2=O)C%14C%13%20)C%12C%11%19)C%10C9%18)C8C7%17)C6C5%16)C4C3%15,2DC65D621E765ED6549674FF1EC52FA438C064AF813048BB637692837EF09315,HOST_CAN_0144,PASS,C[n+]1ccn(Cc2ccccc2)c1.[Br-],DDB85EAC5138247A9DF6AC47ED9B0F771BDB5DE1812E81352C53ED6999BBEB82,GUEST_CAN_0646,PASS,AttentiveFP,1,random,4,5.700819492340088
2280,188,1113,C1N2C3C4N(C2=O)CN5C6C7N(C5=O)CN8C9C2N(C8=O)CN5C8C%10N(C5=O)CN5C%11C%12N(C5=O)CN5C%13C%14N(C5=O)CN5C%15C(N1C5=O)N1CN3C(=O)N4CN6C(=O)N7CN9C(=O)N2CN8C(=O)N%10CN%11C(=O)N%12CN%13C(=O)N%14CN%15C1=O,COc1ccc2c(c1)[o+]c(cc2C)c1ccccc1,cucurbituril,5.928699970245361,O=C1N2CN3C(=O)N4CN5C(=O)N6CN7C(=O)N8CN9C(=O)N%10CN%11C(=O)N%12CN%13C(=O)N%14CN1C1C2N2CN%15C(=O)N(CN%16C(=O)N(CN%17C(=O)N(CN%18C(=O)N(CN%19C(=O)N(CN%20C(=O)N(CN1C2=O)C%14C%13%20)C%12C%11%19)C%10C9%18)C8C7%17)C6C5%16)C4C3%15,2DC65D621E765ED6549674FF1EC52FA438C064AF813048BB637692837EF09315,HOST_CAN_0144,PASS,COc1ccc2c(C)cc(-c3ccccc3)[o+]c2c1,584B5EFB7820925C65AC97C465C987195CAA55607D54B15FC8ABDB18116AA8BA,GUEST_CAN_0492,PASS,AttentiveFP,1,random,4,4.882783889770508
2282,188,556,C1N2C3C4N(C2=O)CN5C6C7N(C5=O)CN8C9C2N(C8=O)CN5C8C%10N(C5=O)CN5C%11C%12N(C5=O)CN5C%13C%14N(C5=O)CN5C%15C(N1C5=O)N1CN3C(=O)N4CN6C(=O)N7CN9C(=O)N2CN8C(=O)N%10CN%11C(=O)N%12CN%13C(=O)N%14CN%15C1=O,[Cl-].[Rb+],cucurbituril,3.424999952316284,O=C1N2CN3C(=O)N4CN5C(=O)N6CN7C(=O)N8CN9C(=O)N%10CN%11C(=O)N%12CN%13C(=O)N%14CN1C1C2N2CN%15C(=O)N(CN%16C(=O)N(CN%17C(=O)N(CN%18C(=O)N(CN%19C(=O)N(CN%20C(=O)N(CN1C2=O)C%14C%13%20)C%12C%11%19)C%10C9%18)C8C7%17)C6C5%16)C4C3%15,2DC65D621E765ED6549674FF1EC52FA438C064AF813048BB637692837EF09315,HOST_CAN_0144,PASS,[Cl-].[Rb+],F45F5EBA18BFE44CAB128A2E84C8B34A3194175A1497FEDAE86348640AB59865,GUEST_CAN_1041,PASS,AttentiveFP,1,random,4,2.6741762161254883
2287,188,853,C1N2C3C4N(C2=O)CN5C6C7N(C5=O)CN8C9C2N(C8=O)CN5C8C%10N(C5=O)CN5C%11C%12N(C5=O)CN5C%13C%14N(C5=O)CN5C%15C(N1C5=O)N1CN3C(=O)N4CN6C(=O)N7CN9C(=O)N2CN8C(=O)N%10CN%11C(=O)N%12CN%13C(=O)N%14CN%15C1=O,[Cl-].[Cl-].[Ba+2],cucurbituril,5.030600070953369,O=C1N2CN3C(=O)N4CN5C(=O)N6CN7C(=O)N8CN9C(=O)N%10CN%11C(=O)N%12CN%13C(=O)N%14CN1C1C2N2CN%15C(=O)N(CN%16C(=O)N(CN%17C(=O)N(CN%18C(=O)N(CN%19C(=O)N(CN%20C(=O)N(CN1C2=O)C%14C%13%20)C%12C%11%19)C%10C9%18)C8C7%17)C6C5%16)C4C3%15,2DC65D621E765ED6549674FF1EC52FA438C064AF813048BB637692837EF09315,HOST_CAN_0144,PASS,[Ba+2].[Cl-].[Cl-],CC6C217A0D62B006B4A509CD7576F33E67A89C36B266641A0078C4262754A82B,GUEST_CAN_1013,PASS,AttentiveFP,1,random,4,3.466764450073242
2292,188,1119,C1N2C3C4N(C2=O)CN5C6C7N(C5=O)CN8C9C2N(C8=O)CN5C8C%10N(C5=O)CN5C%11C%12N(C5=O)CN5C%13C%14N(C5=O)CN5C%15C(N1C5=O)N1CN3C(=O)N4CN6C(=O)N7CN9C(=O)N2CN8C(=O)N%10CN%11C(=O)N%12CN%13C(=O)N%14CN%15C1=O,C1=CC(=CC=C1CC(C(=O)NCC(=O)O)N)O,cucurbituril,6.556300163269043,O=C1N2CN3C(=O)N4CN5C(=O)N6CN7C(=O)N8CN9C(=O)N%10CN%11C(=O)N%12CN%13C(=O)N%14CN1C1C2N2CN%15C(=O)N(CN%16C(=O)N(CN%17C(=O)N(CN%18C(=O)N(CN%19C(=O)N(CN%20C(=O)N(CN1C2=O)C%14C%13%20)C%12C%11%19)C%10C9%18)C8C7%17)C6C5%16)C4C3%15,2DC65D621E765ED6549674FF1EC52FA438C064AF813048BB637692837EF09315,HOST_CAN_0144,PASS,NC(Cc1ccc(O)cc1)C(=O)NCC(=O)O,D7E807B9D09F5327FB6FA40F543DA477781979693B802EEAE01AE6DEE8F523CA,GUEST_CAN_0742,PASS,AttentiveFP,1,random,4,4.3890604972839355
2300,188,955,C1N2C3C4N(C2=O)CN5C6C7N(C5=O)CN8C9C2N(C8=O)CN5C8C%10N(C5=O)CN5C%11C%12N(C5=O)CN5C%13C%14N(C5=O)CN5C%15C(N1C5=O)N1CN3C(=O)N4CN6C(=O)N7CN9C(=O)N2CN8C(=O)N%10CN%11C(=O)N%12CN%13C(=O)N%14CN%15C1=O,COC1(OOC21[C@@H]1C[C@@H]3C[C@H]2C[C@H](C1)C3)c1cccc(c1)O,cucurbituril,7.22790002822876,O=C1N2CN3C(=O)N4CN5C(=O)N6CN7C(=O)N8CN9C(=O)N%10CN%11C(=O)N%12CN%13C(=O)N%14CN1C1C2N2CN%15C(=O)N(CN%16C(=O)N(CN%17C(=O)N(CN%18C(=O)N(CN%19C(=O)N(CN%20C(=O)N(CN1C2=O)C%14C%13%20)C%12C%11%19)C%10C9%18)C8C7%17)C6C5%16)C4C3%15,2DC65D621E765ED6549674FF1EC52FA438C064AF813048BB637692837EF09315,HOST_CAN_0144,PASS,COC1(c2cccc(O)c2)OOC12[C@H]1C[C@@H]3C[C@@H](C[C@H]2C3)C1,BCB95CF7A8421E784DA3F03023DDA4C8346DEC4519B43E14E1F6E5D874D7D65B,GUEST_CAN_0456,PASS,AttentiveFP,1,random,4,7.094117164611816
2305,188,1125,C1N2C3C4N(C2=O)CN5C6C7N(C5=O)CN8C9C2N(C8=O)CN5C8C%10N(C5=O)CN5C%11C%12N(C5=O)CN5C%13C%14N(C5=O)CN5C%15C(N1C5=O)N1CN3C(=O)N4CN6C(=O)N7CN9C(=O)N2CN8C(=O)N%10CN%11C(=O)N%12CN%13C(=O)N%14CN%15C1=O,CC12C=CC3(O2)CNCC3C1,cucurbituril,6.748199939727783,O=C1N2CN3C(=O)N4CN5C(=O)N6CN7C(=O)N8CN9C(=O)N%10CN%11C(=O)N%12CN%13C(=O)N%14CN1C1C2N2CN%15C(=O)N(CN%16C(=O)N(CN%17C(=O)N(CN%18C(=O)N(CN%19C(=O)N(CN%20C(=O)N(CN1C2=O)C%14C%13%20)C%12C%11%19)C%10C9%18)C8C7%17)C6C5%16)C4C3%15,2DC65D621E765ED6549674FF1EC52FA438C064AF813048BB637692837EF09315,HOST_CAN_0144,PASS,CC12C=CC3(CNCC3C1)O2,335FF14A9F0A884CEEAB31BE32E6E09CB249B8309EF26817754C992C905F7D3E,GUEST_CAN_0216,PASS,AttentiveFP,1,random,4,7.063828468322754
2306,188,1126,C1N2C3C4N(C2=O)CN5C6C7N(C5=O)CN8C9C2N(C8=O)CN5C8C%10N(C5=O)CN5C%11C%12N(C5=O)CN5C%13C%14N(C5=O)CN5C%15C(N1C5=O)N1CN3C(=O)N4CN6C(=O)N7CN9C(=O)N2CN8C(=O)N%10CN%11C(=O)N%12CN%13C(=O)N%14CN%15C1=O,CC(C[C@@H](C(=O)N)NC(=O)[C@@H](NC(=O)[C@@H](NC(=O)CNC(=O)C([C@H](O)C)N)C)Cc1ccccc1)C,cucurbituril,3.747499942779541,O=C1N2CN3C(=O)N4CN5C(=O)N6CN7C(=O)N8CN9C(=O)N%10CN%11C(=O)N%12CN%13C(=O)N%14CN1C1C2N2CN%15C(=O)N(CN%16C(=O)N(CN%17C(=O)N(CN%18C(=O)N(CN%19C(=O)N(CN%20C(=O)N(CN1C2=O)C%14C%13%20)C%12C%11%19)C%10C9%18)C8C7%17)C6C5%16)C4C3%15,2DC65D621E765ED6549674FF1EC52FA438C064AF813048BB637692837EF09315,HOST_CAN_0144,PASS,CC(C)C[C@H](NC(=O)[C@H](Cc1ccccc1)NC(=O)[C@H](C)NC(=O)CNC(=O)C(N)[C@@H](C)O)C(N)=O,C93E57F38353895323971C775D4D0AFF8F858C16627A6EB841E4B97918DB0D3E,GUEST_CAN_0160,PASS,AttentiveFP,1,random,4,4.841585159301758
2309,188,1128,C1N2C3C4N(C2=O)CN5C6C7N(C5=O)CN8C9C2N(C8=O)CN5C8C%10N(C5=O)CN5C%11C%12N(C5=O)CN5C%13C%14N(C5=O)CN5C%15C(N1C5=O)N1CN3C(=O)N4CN6C(=O)N7CN9C(=O)N2CN8C(=O)N%10CN%11C(=O)N%12CN%13C(=O)N%14CN%15C1=O,CCC(=O)C,cucurbituril,3.4914000034332275,O=C1N2CN3C(=O)N4CN5C(=O)N6CN7C(=O)N8CN9C(=O)N%10CN%11C(=O)N%12CN%13C(=O)N%14CN1C1C2N2CN%15C(=O)N(CN%16C(=O)N(CN%17C(=O)N(CN%18C(=O)N(CN%19C(=O)N(CN%20C(=O)N(CN1C2=O)C%14C%13%20)C%12C%11%19)C%10C9%18)C8C7%17)C6C5%16)C4C3%15,2DC65D621E765ED6549674FF1EC52FA438C064AF813048BB637692837EF09315,HOST_CAN_0144,PASS,CCC(C)=O,A6D7F82ACF053A5CEC9FA7ED55C11E87A5305315978CF13091F18AF82EBCD16C,GUEST_CAN_0256,PASS,AttentiveFP,1,random,4,3.7155628204345703
2346,188,1143,C1N2C3C4N(C2=O)CN5C6C7N(C5=O)CN8C9C2N(C8=O)CN5C8C%10N(C5=O)CN5C%11C%12N(C5=O)CN5C%13C%14N(C5=O)CN5C%15C(N1C5=O)N1CN3C(=O)N4CN6C(=O)N7CN9C(=O)N2CN8C(=O)N%10CN%11C(=O)N%12CN%13C(=O)N%14CN%15C1=O,[Eu+3],cucurbituril,3.3010001182556152,O=C1N2CN3C(=O)N4CN5C(=O)N6CN7C(=O)N8CN9C(=O)N%10CN%11C(=O)N%12CN%13C(=O)N%14CN1C1C2N2CN%15C(=O)N(CN%16C(=O)N(CN%17C(=O)N(CN%18C(=O)N(CN%19C(=O)N(CN%20C(=O)N(CN1C2=O)C%14C%13%20)C%12C%11%19)C%10C9%18)C8C7%17)C6C5%16)C4C3%15,2DC65D621E765ED6549674FF1EC52FA438C064AF813048BB637692837EF09315,HOST_CAN_0144,PASS,[Eu+3],0A527BCBB0B382CCDB9590688E4048F1C56FD9E1FFE67A933FEA50585007C4E8,GUEST_CAN_1054,PASS,AttentiveFP,1,random,4,4.781035423278809
2347,188,1144,C1N2C3C4N(C2=O)CN5C6C7N(C5=O)CN8C9C2N(C8=O)CN5C8C%10N(C5=O)CN5C%11C%12N(C5=O)CN5C%13C%14N(C5=O)CN5C%15C(N1C5=O)N1CN3C(=O)N4CN6C(=O)N7CN9C(=O)N2CN8C(=O)N%10CN%11C(=O)N%12CN%13C(=O)N%14CN%15C1=O,CCN(CC)C1=CC2=C(C=C1)C(=C3C=CC(=[N+](CC)CC)C=C3O2)C4=C(C=C(C=C4)S(=O)(=O)O)S(=O)(=O)[O-],cucurbituril,5.602099895477295,O=C1N2CN3C(=O)N4CN5C(=O)N6CN7C(=O)N8CN9C(=O)N%10CN%11C(=O)N%12CN%13C(=O)N%14CN1C1C2N2CN%15C(=O)N(CN%16C(=O)N(CN%17C(=O)N(CN%18C(=O)N(CN%19C(=O)N(CN%20C(=O)N(CN1C2=O)C%14C%13%20)C%12C%11%19)C%10C9%18)C8C7%17)C6C5%16)C4C3%15,2DC65D621E765ED6549674FF1EC52FA438C064AF813048BB637692837EF09315,HOST_CAN_0144,PASS,CCN(CC)c1ccc2c(-c3ccc(S(=O)(=O)O)cc3S(=O)(=O)[O-])c3ccc(=[N+](CC)CC)cc-3oc2c1,88376138D677D5EF89DA120EF749CB1C888748A6219B804AEC2CAEED8FB59F07,GUEST_CAN_0346,PASS,AttentiveFP,1,random,4,5.259177207946777
2352,188,828,C1N2C3C4N(C2=O)CN5C6C7N(C5=O)CN8C9C2N(C8=O)CN5C8C%10N(C5=O)CN5C%11C%12N(C5=O)CN5C%13C%14N(C5=O)CN5C%15C(N1C5=O)N1CN3C(=O)N4CN6C(=O)N7CN9C(=O)N2CN8C(=O)N%10CN%11C(=O)N%12CN%13C(=O)N%14CN%15C1=O,C(CCC[NH3+])CC[NH3+],cucurbituril,9.322199821472168,O=C1N2CN3C(=O)N4CN5C(=O)N6CN7C(=O)N8CN9C(=O)N%10CN%11C(=O)N%12CN%13C(=O)N%14CN1C1C2N2CN%15C(=O)N(CN%16C(=O)N(CN%17C(=O)N(CN%18C(=O)N(CN%19C(=O)N(CN%20C(=O)N(CN1C2=O)C%14C%13%20)C%12C%11%19)C%10C9%18)C8C7%17)C6C5%16)C4C3%15,2DC65D621E765ED6549674FF1EC52FA438C064AF813048BB637692837EF09315,HOST_CAN_0144,PASS,[NH3+]CCCCCC[NH3+],F8B64A9C0C6C3056EB057C2D05280D91AB693D755C321785452FCBD6116BF573,GUEST_CAN_1085,PASS,AttentiveFP,1,random,4,7.9588398933410645
2355,188,329,C1N2C3C4N(C2=O)CN5C6C7N(C5=O)CN8C9C2N(C8=O)CN5C8C%10N(C5=O)CN5C%11C%12N(C5=O)CN5C%13C%14N(C5=O)CN5C%15C(N1C5=O)N1CN3C(=O)N4CN6C(=O)N7CN9C(=O)N2CN8C(=O)N%10CN%11C(=O)N%12CN%13C(=O)N%14CN%15C1=O,CC(CCC(=O)O)C1CCC2C1(C(CC3C2C(CC4C3(CCC(C4)O)C)O)O)C,cucurbituril,3.0,O=C1N2CN3C(=O)N4CN5C(=O)N6CN7C(=O)N8CN9C(=O)N%10CN%11C(=O)N%12CN%13C(=O)N%14CN1C1C2N2CN%15C(=O)N(CN%16C(=O)N(CN%17C(=O)N(CN%18C(=O)N(CN%19C(=O)N(CN%20C(=O)N(CN1C2=O)C%14C%13%20)C%12C%11%19)C%10C9%18)C8C7%17)C6C5%16)C4C3%15,2DC65D621E765ED6549674FF1EC52FA438C064AF813048BB637692837EF09315,HOST_CAN_0144,PASS,CC(CCC(=O)O)C1CCC2C3C(O)CC4CC(O)CCC4(C)C3CC(O)C12C,46F12E930A795B55D2DAC174CF67D8ADF70C1DBFBC2991F3FE47E8F3F0D63A10,GUEST_CAN_0170,PASS,AttentiveFP,1,random,4,4.8902788162231445
2356,188,678,C1N2C3C4N(C2=O)CN5C6C7N(C5=O)CN8C9C2N(C8=O)CN5C8C%10N(C5=O)CN5C%11C%12N(C5=O)CN5C%13C%14N(C5=O)CN5C%15C(N1C5=O)N1CN3C(=O)N4CN6C(=O)N7CN9C(=O)N2CN8C(=O)N%10CN%11C(=O)N%12CN%13C(=O)N%14CN%15C1=O,CCN(CC)C1=CC=C(C=C1)C#N,cucurbituril,5.273200035095215,O=C1N2CN3C(=O)N4CN5C(=O)N6CN7C(=O)N8CN9C(=O)N%10CN%11C(=O)N%12CN%13C(=O)N%14CN1C1C2N2CN%15C(=O)N(CN%16C(=O)N(CN%17C(=O)N(CN%18C(=O)N(CN%19C(=O)N(CN%20C(=O)N(CN1C2=O)C%14C%13%20)C%12C%11%19)C%10C9%18)C8C7%17)C6C5%16)C4C3%15,2DC65D621E765ED6549674FF1EC52FA438C064AF813048BB637692837EF09315,HOST_CAN_0144,PASS,CCN(CC)c1ccc(C#N)cc1,20F337AB9691F4807A66F5F70F5D461212BAE2D962EC7D7D6D5325ED209B2AB5,GUEST_CAN_0344,PASS,AttentiveFP,1,random,4,6.879107475280762
2362,188,174,C1N2C3C4N(C2=O)CN5C6C7N(C5=O)CN8C9C2N(C8=O)CN5C8C%10N(C5=O)CN5C%11C%12N(C5=O)CN5C%13C%14N(C5=O)CN5C%15C(N1C5=O)N1CN3C(=O)N4CN6C(=O)N7CN9C(=O)N2CN8C(=O)N%10CN%11C(=O)N%12CN%13C(=O)N%14CN%15C1=O,C1CCC(=O)C1,cucurbituril,5.570899963378906,O=C1N2CN3C(=O)N4CN5C(=O)N6CN7C(=O)N8CN9C(=O)N%10CN%11C(=O)N%12CN%13C(=O)N%14CN1C1C2N2CN%15C(=O)N(CN%16C(=O)N(CN%17C(=O)N(CN%18C(=O)N(CN%19C(=O)N(CN%20C(=O)N(CN1C2=O)C%14C%13%20)C%12C%11%19)C%10C9%18)C8C7%17)C6C5%16)C4C3%15,2DC65D621E765ED6549674FF1EC52FA438C064AF813048BB637692837EF09315,HOST_CAN_0144,PASS,O=C1CCCC1,25EF9BCA067EFDF8312513E5FD1068CDF46BCEC786214EA2FEDA0313CE4A4F3B,GUEST_CAN_0918,PASS,AttentiveFP,1,random,4,3.4816784858703613
2364,188,1152,C1N2C3C4N(C2=O)CN5C6C7N(C5=O)CN8C9C2N(C8=O)CN5C8C%10N(C5=O)CN5C%11C%12N(C5=O)CN5C%13C%14N(C5=O)CN5C%15C(N1C5=O)N1CN3C(=O)N4CN6C(=O)N7CN9C(=O)N2CN8C(=O)N%10CN%11C(=O)N%12CN%13C(=O)N%14CN%15C1=O,CC(C)(C)C1=CC=C(C=C1)CC(C(=O)O)N,cucurbituril,6.602099895477295,O=C1N2CN3C(=O)N4CN5C(=O)N6CN7C(=O)N8CN9C(=O)N%10CN%11C(=O)N%12CN%13C(=O)N%14CN1C1C2N2CN%15C(=O)N(CN%16C(=O)N(CN%17C(=O)N(CN%18C(=O)N(CN%19C(=O)N(CN%20C(=O)N(CN1C2=O)C%14C%13%20)C%12C%11%19)C%10C9%18)C8C7%17)C6C5%16)C4C3%15,2DC65D621E765ED6549674FF1EC52FA438C064AF813048BB637692837EF09315,HOST_CAN_0144,PASS,CC(C)(C)c1ccc(CC(N)C(=O)O)cc1,9D7D4F5D4C858F070ABC02BA6C9BD0321AC17B44BD3ACC0B99E4E555D267A951,GUEST_CAN_0116,PASS,AttentiveFP,1,random,4,3.987731456756592
2367,188,1154,C1N2C3C4N(C2=O)CN5C6C7N(C5=O)CN8C9C2N(C8=O)CN5C8C%10N(C5=O)CN5C%11C%12N(C5=O)CN5C%13C%14N(C5=O)CN5C%15C(N1C5=O)N1CN3C(=O)N4CN6C(=O)N7CN9C(=O)N2CN8C(=O)N%10CN%11C(=O)N%12CN%13C(=O)N%14CN%15C1=O,CC(C1=CC2=CC=CC=C2C=C1)[NH3+],cucurbituril,7.025300025939941,O=C1N2CN3C(=O)N4CN5C(=O)N6CN7C(=O)N8CN9C(=O)N%10CN%11C(=O)N%12CN%13C(=O)N%14CN1C1C2N2CN%15C(=O)N(CN%16C(=O)N(CN%17C(=O)N(CN%18C(=O)N(CN%19C(=O)N(CN%20C(=O)N(CN1C2=O)C%14C%13%20)C%12C%11%19)C%10C9%18)C8C7%17)C6C5%16)C4C3%15,2DC65D621E765ED6549674FF1EC52FA438C064AF813048BB637692837EF09315,HOST_CAN_0144,PASS,CC([NH3+])c1ccc2ccccc2c1,9254C13F63069BFA3FEE9C4B84C19242AB0A70258A46A1B7520A680A5BC8A027,GUEST_CAN_0196,PASS,AttentiveFP,1,random,4,4.919463157653809
2379,188,1161,C1N2C3C4N(C2=O)CN5C6C7N(C5=O)CN8C9C2N(C8=O)CN5C8C%10N(C5=O)CN5C%11C%12N(C5=O)CN5C%13C%14N(C5=O)CN5C%15C(N1C5=O)N1CN3C(=O)N4CN6C(=O)N7CN9C(=O)N2CN8C(=O)N%10CN%11C(=O)N%12CN%13C(=O)N%14CN%15C1=O,CC(=O)c1ccccc1,cucurbituril,3.982300043106079,O=C1N2CN3C(=O)N4CN5C(=O)N6CN7C(=O)N8CN9C(=O)N%10CN%11C(=O)N%12CN%13C(=O)N%14CN1C1C2N2CN%15C(=O)N(CN%16C(=O)N(CN%17C(=O)N(CN%18C(=O)N(CN%19C(=O)N(CN%20C(=O)N(CN1C2=O)C%14C%13%20)C%12C%11%19)C%10C9%18)C8C7%17)C6C5%16)C4C3%15,2DC65D621E765ED6549674FF1EC52FA438C064AF813048BB637692837EF09315,HOST_CAN_0144,PASS,CC(=O)c1ccccc1,7C59097771241E56CB125E68E820592451B5D89AFC5149EB36C0E394E3E7DE36,GUEST_CAN_0108,PASS,AttentiveFP,1,random,4,3.546598196029663
