row_index,host_id,guest_id,host_smiles,guest_smiles,family,y_true,host_canonical_smiles,host_canonical_key_sha256,host_alias_group_id,host_parse_status,guest_canonical_smiles,guest_canonical_key_sha256,guest_alias_group_id,guest_parse_status,model,seed,regime,fold,y_pred
2,1,2,C1C2=CC(=CC(=C2O)CC3=CC(=CC(=C3O)CC4=C(C(=CC(=C4)S(=O)(=O)O)CC5=C(C1=CC(=C5)S(=O)(=O)O)O)O)S(=O)(=O)O)S(=O)(=O)O,[Cl-].[Cl-].[Ca+2],calixarene,3.608799934387207,O=S(=O)(O)c1cc2c(O)c(c1)Cc1cc(S(=O)(=O)O)cc(c1O)Cc1cc(S(=O)(=O)O)cc(c1O)Cc1cc(S(=O)(=O)O)cc(c1O)C2,C1130CCDC8DA0C6458EF6C2E07E7F3330D8F8B055CBE4DEAADB70DC00C8CDFC1,HOST_CAN_0154,PASS,[Ca+2].[Cl-].[Cl-],6006A4323204D22FA64247BB19A4427A9CEDE373E584F4DC919908CB4F15A7CA,GUEST_CAN_1021,PASS,AttentiveFP,3,guest_cold,4,3.8116343021392822
12,11,12,C1N2C3C4N(C2=O)CN5C6C7N(C5=O)CN8C9C2N(C8=O)CN5C8C%10N(C5=O)CN5C%11C%12N(C5=O)CN5C%13C%14N(C5=O)CN5C%15C%16N(C5=O)CN5C%17C(N1C5=O)N1CN3C(=O)N4CN6C(=O)N7CN9C(=O)N2CN8C(=O)N%10CN%11C(=O)N%12CN%13C(=O)N%14CN%15C(=O)N%16CN%17C1=O,CC(C)C(C(=O)O)NC(=O)C(CC1=CC=CC=C1)N,cucurbituril,6.161099910736084,O=C1N2CN3C(=O)N4CN5C(=O)N6CN7C(=O)N8CN9C(=O)N%10CN%11C(=O)N%12CN%13C(=O)N%14CN%15C(=O)N%16CN1C1C2N2CN%17C(=O)N(CN%18C(=O)N(CN%19C(=O)N(CN%20C(=O)N(CN%21C(=O)N(CN%22C(=O)N(CN%23C(=O)N(CN1C2=O)C%16C%15%23)C%14C%13%22)C%12C%11%21)C%10C9%20)C8C7%19)C6C5%18)C4C3%17,E82CB7F52437B0147F435E3074F006752062FF8924E87C1DAF3210D182FF633B,HOST_CAN_0143,PASS,CC(C)C(NC(=O)C(N)Cc1ccccc1)C(=O)O,40856B0DD036D1FEC64C61471D606AE87ACA80B5C0F7A2DEB5A57729F1933FEB,GUEST_CAN_0127,PASS,AttentiveFP,3,guest_cold,4,4.929660320281982
14,13,14,O=C1N2CN3C(=O)N4C5C3N3CN6C2C2N1CN1C(=O)N7[C@H]8[C@@H]1N(CN2C6=O)C(=O)N8CN1C2(N(C7)C(=O)N6[C@@H]2N(C1=O)CN1[C@H]2N(C6)C(=O)N6[C@H]2N(C1=O)CN1C(=O)N2CN7C8C(N(C4)C(=O)N8CN4C2C1N(C4=O)C6)N(CN5C3=O)C7=O)O,NCc1ccc(cc1)CN.Cl.Cl,cucurbituril,9.146100044250488,O=C1N2CN3C(=O)N4CN5C(=O)N6CN7C(=O)N8CN9C(=O)N%10CN%11C(=O)N%12CN%13C(=O)N%14CN1C1C2N2CN%15C(=O)N(CN%16C(=O)N(CN%17C(=O)N(CN%18C(=O)N(CN%19C(=O)N(CN%20C(=O)N(CN1C2=O)C%14C%13%20)[C@H]%12[C@@H]%19%11)C%10(O)[C@@H]%189)[C@@H]8[C@@H]7%17)C6C5%16)C4C3%15,834B504E9B204C59F3298F5D5A67B7E1A7ED973D91F3A1C9659C2402EB422334,HOST_CAN_0147,PASS,Cl.Cl.NCc1ccc(CN)cc1,114AF80F226EF51DB5A55C2229B8713FD0C0792BC7EECBECD389657A92924BD2,GUEST_CAN_0679,PASS,AttentiveFP,3,guest_cold,4,7.196579933166504
26,20,26,O=C(COC1=CC(CC2=C(OCC(O)=O)C=C(C(OCC(O)=O)=C2)CC3=CC(COC(O)=O)=C(C4)C=C3OCC(O)=O)=C(OCC(O)=O)C=C1CC5=C[C@@H](OCC(O)=O)[C@H](C=C5OCC(O)=O)CC6=CC(COC(O)=O)=C(C=C6OCC(O)=O)CC7=C(OCC(O)=O)C=C4C(OCC(O)=O)=C7)O,C[N+](C)(C)C.[Br-],pillararene,4.966599941253662,O=C(O)COC1=C[C@@H]2Cc3cc(COC(=O)O)c(cc3OCC(=O)O)Cc3cc(OCC(=O)O)c(cc3OCC(=O)O)Cc3cc(OCC(=O)O)c(cc3COC(=O)O)Cc3cc(OCC(=O)O)c(cc3OCC(=O)O)Cc3cc(OCC(=O)O)c(cc3OCC(=O)O)CC1=C[C@H]2OCC(=O)O,EB7BB63E53C952B34EDD9A1AA221307EA37FEE1D4C687CFC64D6BC38CEFE6263,HOST_CAN_0126,PASS,C[N+](C)(C)C.[Br-],106908581BCF2696B3EEAD8D13589E489EE5CE3B80E72B912566C7953850AB09,GUEST_CAN_0554,PASS,AttentiveFP,3,guest_cold,4,5.099342346191406
31,24,31,OC1=C2C=C(S(=O)([O-])=O)C=C1CC3=C(O)C(CC4=CC(S(=O)([O-])=O)=CC(CC5=CC(S(=O)([O-])=O)=CC(CC6=CC(S(=O)([O-])=O)=CC(CC(C=C(S(=O)([O-])=O)C=C7C2)=C7O)=C6O)=C5O)=C4O)=CC(S(=O)([O-])=O)=C3.[Na+].[Na+].[Na+].[Na+].[Na+].[Na+],CC(=O)OC(CC(=O)[O-])C[N+](C)(C)C,calixarene,2.7497000694274902,O=S(=O)([O-])c1cc2c(O)c(c1)Cc1cc(S(=O)(=O)[O-])cc(c1O)Cc1cc(S(=O)(=O)[O-])cc(c1O)Cc1cc(S(=O)(=O)[O-])cc(c1O)Cc1cc(S(=O)(=O)[O-])cc(c1O)Cc1cc(S(=O)(=O)[O-])cc(c1O)C2.[Na+].[Na+].[Na+].[Na+].[Na+].[Na+],2C1F820212E47C3BD5C15E73832EDE6A35C8C7920DDCE445D20F661D969CA26F,HOST_CAN_0165,PASS,CC(=O)OC(CC(=O)[O-])C[N+](C)(C)C,84F3DE3A4774B1F6AF116A86D71ECC8AE9DDDEEB6CDC576B42DD15BBFC1D17CE,GUEST_CAN_0094,PASS,AttentiveFP,3,guest_cold,4,3.868966579437256
34,11,34,C1N2C3C4N(C2=O)CN5C6C7N(C5=O)CN8C9C2N(C8=O)CN5C8C%10N(C5=O)CN5C%11C%12N(C5=O)CN5C%13C%14N(C5=O)CN5C%15C%16N(C5=O)CN5C%17C(N1C5=O)N1CN3C(=O)N4CN6C(=O)N7CN9C(=O)N2CN8C(=O)N%10CN%11C(=O)N%12CN%13C(=O)N%14CN%15C(=O)N%16CN%17C1=O,C1C2C3CC4(CC2C5CC1(CC3C5C4)O)O,cucurbituril,7.012199878692627,O=C1N2CN3C(=O)N4CN5C(=O)N6CN7C(=O)N8CN9C(=O)N%10CN%11C(=O)N%12CN%13C(=O)N%14CN%15C(=O)N%16CN1C1C2N2CN%17C(=O)N(CN%18C(=O)N(CN%19C(=O)N(CN%20C(=O)N(CN%21C(=O)N(CN%22C(=O)N(CN%23C(=O)N(CN1C2=O)C%16C%15%23)C%14C%13%22)C%12C%11%21)C%10C9%20)C8C7%19)C6C5%18)C4C3%17,E82CB7F52437B0147F435E3074F006752062FF8924E87C1DAF3210D182FF633B,HOST_CAN_0143,PASS,OC12CC3C4CC5(O)CC3C(C1)C(C5)C4C2,AC991E13407816F89CB45E71B476B54D6B95741F30D897BD6F1DC5BADA9048B7,GUEST_CAN_0958,PASS,AttentiveFP,3,guest_cold,4,6.306418418884277
35,25,35,CCCOc1c2Cc3cc(cc(c3OCCC)Cc3cc(cc(Cc4c(c(Cc1cc(c2)P(=O)(O)O)cc(c4)P(=O)(O)O)OCCC)c3OCCC)P(=O)(O)O)P(=O)(O)O,CC(C(C1=CC=CC=C1)O)N.Cl,calixarene,2.0085999965667725,CCCOc1c2cc(P(=O)(O)O)cc1Cc1cc(P(=O)(O)O)cc(c1OCCC)Cc1cc(P(=O)(O)O)cc(c1OCCC)Cc1cc(P(=O)(O)O)cc(c1OCCC)C2,C043E79A34829EDDBE86C6FC09E756E7D0FDCE1A2BB383803C5CAA52B9480850,HOST_CAN_0037,PASS,CC(N)C(O)c1ccccc1.Cl,F3CBF8AD0B3694DB4AF6CFE0D68F9D32EE1559DDDF9FC432AE2D1BBD4B3B4403,GUEST_CAN_0181,PASS,AttentiveFP,3,guest_cold,4,1.7162370681762695
38,11,38,C1N2C3C4N(C2=O)CN5C6C7N(C5=O)CN8C9C2N(C8=O)CN5C8C%10N(C5=O)CN5C%11C%12N(C5=O)CN5C%13C%14N(C5=O)CN5C%15C%16N(C5=O)CN5C%17C(N1C5=O)N1CN3C(=O)N4CN6C(=O)N7CN9C(=O)N2CN8C(=O)N%10CN%11C(=O)N%12CN%13C(=O)N%14CN%15C(=O)N%16CN%17C1=O,C(C)OC1=CC=C(C=C1)O,cucurbituril,3.0,O=C1N2CN3C(=O)N4CN5C(=O)N6CN7C(=O)N8CN9C(=O)N%10CN%11C(=O)N%12CN%13C(=O)N%14CN%15C(=O)N%16CN1C1C2N2CN%17C(=O)N(CN%18C(=O)N(CN%19C(=O)N(CN%20C(=O)N(CN%21C(=O)N(CN%22C(=O)N(CN%23C(=O)N(CN1C2=O)C%16C%15%23)C%14C%13%22)C%12C%11%21)C%10C9%20)C8C7%19)C6C5%18)C4C3%17,E82CB7F52437B0147F435E3074F006752062FF8924E87C1DAF3210D182FF633B,HOST_CAN_0143,PASS,CCOc1ccc(O)cc1,B6A3BA93C56DE33D9CEB0E841B51FF560379B69E9BC2C21080ACFE219FFBDC2F,GUEST_CAN_0369,PASS,AttentiveFP,3,guest_cold,4,4.3428263664245605
50,8,49,C1N2C3C4N(C2=O)CN5C6C7N(C5=O)CN8C9C2N(C8=O)CN5C8C%10N(C5=O)CN5C%11C%12N(C5=O)CN5C%13C(N1C5=O)N1CN3C(=O)N4CN6C(=O)N7CN9C(=O)N2CN8C(=O)N%10CN%11C(=O)N%12CN%13C1=O,CC(C)CC(C(=O)NC(CC1=CC=CC=C1)C(=O)O)N,cucurbituril,2.7799999713897705,O=C1N2CN3C(=O)N4CN5C(=O)N6CN7C(=O)N8CN9C(=O)N%10CN%11C(=O)N%12CN1C1C2N2CN%13C(=O)N(CN%14C(=O)N(CN%15C(=O)N(CN%16C(=O)N(CN%17C(=O)N(CN1C2=O)C%12C%11%17)C%10C9%16)C8C7%15)C6C5%14)C4C3%13,2526C525F966BEE6CB589BBB60C9F4124C02584847747BDAFF4E92B4462536E8,HOST_CAN_0149,PASS,CC(C)CC(N)C(=O)NC(Cc1ccccc1)C(=O)O,7A01D96B95CA61BCB454C45CF3B8A25A70770345D5C97AA2101AE8488C2EC192,GUEST_CAN_0135,PASS,AttentiveFP,3,guest_cold,4,3.999180555343628
61,36,59,C1CCC2C(C1)OCCOCCOC3CCCCC3OCCOCCO2,[Ag+],crown_ether,2.3499999046325684,C1CCC2OCCOCCOC3CCCCC3OCCOCCOC2C1,6324056DD7B8D486CDD96CAFC63AEDD5DD6528EA1F170F5E566BD0A62E2BF929,HOST_CAN_0001,PASS,[Ag+],385AB3836738C7EFC7DC808A8C5034474F3C2EEF8A7B03FBEE8E81030B96DBCF,GUEST_CAN_1008,PASS,AttentiveFP,3,guest_cold,4,2.313340663909912
69,3,67,OC[C@H]1O[C@@H]2O[C@@H]3[C@@H](CO)O[C@H](O[C@@H]4[C@@H](CO)O[C@H](O[C@@H]5[C@@H](CO)O[C@H](O[C@@H]6[C@@H](CO)O[C@H](O[C@@H]7[C@@H](CO)O[C@H](O[C@@H]8[C@@H](CO)O[C@H](O[C@H]1[C@H](O)[C@H]2O)[C@H](O)[C@H]8O)[C@H](O)[C@H]7O)[C@H](O)[C@H]6O)[C@H](O)[C@H]5O)[C@H](O)[C@H]4O)[C@H](O)[C@H]3O,C1C2CC3C4C1C5CC(C4)CC3(C5C2)N,cyclodextrin,3.4563000202178955,OC[C@H]1O[C@@H]2O[C@H]3[C@H](O)[C@@H](O)[C@@H](O[C@H]4[C@H](O)[C@@H](O)[C@@H](O[C@H]5[C@H](O)[C@@H](O)[C@@H](O[C@H]6[C@H](O)[C@@H](O)[C@@H](O[C@H]7[C@H](O)[C@@H](O)[C@@H](O[C@H]8[C@H](O)[C@@H](O)[C@@H](O[C@H]1[C@H](O)[C@H]2O)O[C@@H]8CO)O[C@@H]7CO)O[C@@H]6CO)O[C@@H]5CO)O[C@@H]4CO)O[C@@H]3CO,22584443D9512992310760C9871E3E6BDB3EDC92006F3EF1EC94F44373907EB1,HOST_CAN_0176,PASS,NC12CC3CC4C5CC(CC41)CC2C5C3,D0E71C799C5D754B47CE30EBAFAAC1CE58193893165226F4FD8A4098AB6D7F3B,GUEST_CAN_0759,PASS,AttentiveFP,3,guest_cold,4,3.9334425926208496
74,42,72,OC1=C(CC2=CC(S(=O)([O-])=O)=CC(CC(C=C3S(=O)([O-])=O)=C4OCC(N)=O)=C2O)C=C(S(=O)([O-])=O)C=C1CC5=CC(S(=O)([O-])=O)=CC(CC4=C3)=C5O,NC(C(=O)O)Cc1c[nH]cn1,calixarene,2.3180999755859375,NC(=O)COc1c2cc(S(=O)(=O)[O-])cc1Cc1cc(S(=O)(=O)[O-])cc(c1O)Cc1cc(S(=O)(=O)[O-])cc(c1O)Cc1cc(S(=O)(=O)[O-])cc(c1O)C2,1F2BEDA02D00DC2C1A2D3A5BD5460849E045F21D3B673D4626094BA71BDA0464,HOST_CAN_0104,PASS,NC(Cc1c[nH]cn1)C(=O)O,FB673C9EDBC2F6C509C14A12DA10308CC8AD4E94C32BC5F3BAD448FBAA74F381,GUEST_CAN_0741,PASS,AttentiveFP,3,guest_cold,4,2.4149222373962402
76,23,74,OC[C@H]1O[C@@H]2O[C@@H]3[C@@H](CO)O[C@H](O[C@@H]4[C@@H](CO)O[C@H](O[C@@H]5[C@@H](CO)O[C@H](O[C@@H]6[C@@H](CO)O[C@H](O[C@@H]7[C@@H](CO)O[C@H](O[C@H]1[C@H](O)[C@H]2O)[C@H](O)[C@H]7O)[C@H](O)[C@H]6O)[C@H](O)[C@H]5O)[C@H](O)[C@H]4O)[C@H](O)[C@H]3O,C(#N)[N-]C#N.[Na+],cyclodextrin,2.1596999168395996,OC[C@H]1O[C@@H]2O[C@H]3[C@H](O)[C@@H](O)[C@@H](O[C@H]4[C@H](O)[C@@H](O)[C@@H](O[C@H]5[C@H](O)[C@@H](O)[C@@H](O[C@H]6[C@H](O)[C@@H](O)[C@@H](O[C@H]7[C@H](O)[C@@H](O)[C@@H](O[C@H]1[C@H](O)[C@H]2O)O[C@@H]7CO)O[C@@H]6CO)O[C@@H]5CO)O[C@@H]4CO)O[C@@H]3CO,9CB41F926A4386D7C0E23599753E6EDC60802BE1DCF577DB9B32CBB20691DB1D,HOST_CAN_0175,PASS,N#C[N-]C#N.[Na+],6D37A61218B4FECFFD27D0B32DDAA5973744B2E07356552A8F2C7BA36C9A1D9A,GUEST_CAN_0713,PASS,AttentiveFP,3,guest_cold,4,2.014543056488037
83,11,80,C1N2C3C4N(C2=O)CN5C6C7N(C5=O)CN8C9C2N(C8=O)CN5C8C%10N(C5=O)CN5C%11C%12N(C5=O)CN5C%13C%14N(C5=O)CN5C%15C%16N(C5=O)CN5C%17C(N1C5=O)N1CN3C(=O)N4CN6C(=O)N7CN9C(=O)N2CN8C(=O)N%10CN%11C(=O)N%12CN%13C(=O)N%14CN%15C(=O)N%16CN%17C1=O,O=C(CNC(=O)[C@H](Cc1c[nH]c2c1cccc2)NC(=O)CNC(=O)CNC(=O)CNC(=O)CNC(=O)[C@H](Cc1c[nH]c2c1cccc2)NC(=O)CNC(=O)CNC(=O)[C@@H](NC(=O)[C@@H](NC(=O)C)CC(=O)O)CC(=O)O)NCC(=O)NCC(=O)NCC(=O)N[C@H](C(=O)NCC(=O)NCC(=O)N[C@H](C(=O)N[C@H](C(=O)N)CC(=O)O)CC(=O)O)Cc1c[nH]c2c1cccc2,cucurbituril,6.672100067138672,O=C1N2CN3C(=O)N4CN5C(=O)N6CN7C(=O)N8CN9C(=O)N%10CN%11C(=O)N%12CN%13C(=O)N%14CN%15C(=O)N%16CN1C1C2N2CN%17C(=O)N(CN%18C(=O)N(CN%19C(=O)N(CN%20C(=O)N(CN%21C(=O)N(CN%22C(=O)N(CN%23C(=O)N(CN1C2=O)C%16C%15%23)C%14C%13%22)C%12C%11%21)C%10C9%20)C8C7%19)C6C5%18)C4C3%17,E82CB7F52437B0147F435E3074F006752062FF8924E87C1DAF3210D182FF633B,HOST_CAN_0143,PASS,CC(=O)N[C@@H](CC(=O)O)C(=O)N[C@@H](CC(=O)O)C(=O)NCC(=O)NCC(=O)N[C@@H](Cc1c[nH]c2ccccc12)C(=O)NCC(=O)NCC(=O)NCC(=O)NCC(=O)N[C@@H](Cc1c[nH]c2ccccc12)C(=O)NCC(=O)NCC(=O)NCC(=O)NCC(=O)N[C@@H](Cc1c[nH]c2ccccc12)C(=O)NCC(=O)NCC(=O)N[C@@H](CC(=O)O)C(=O)N[C@@H](CC(=O)O)C(N)=O,F5CB05B2AF5577955B8E904B693D3696079C21221567DA36A7359FF16A620398,GUEST_CAN_0087,PASS,AttentiveFP,3,guest_cold,4,5.489543437957764
87,3,84,OC[C@H]1O[C@@H]2O[C@@H]3[C@@H](CO)O[C@H](O[C@@H]4[C@@H](CO)O[C@H](O[C@@H]5[C@@H](CO)O[C@H](O[C@@H]6[C@@H](CO)O[C@H](O[C@@H]7[C@@H](CO)O[C@H](O[C@@H]8[C@@H](CO)O[C@H](O[C@H]1[C@H](O)[C@H]2O)[C@H](O)[C@H]8O)[C@H](O)[C@H]7O)[C@H](O)[C@H]6O)[C@H](O)[C@H]5O)[C@H](O)[C@H]4O)[C@H](O)[C@H]3O,COC(=O)C(C1=CC=CC=C1)O,cyclodextrin,1.8021999597549438,OC[C@H]1O[C@@H]2O[C@H]3[C@H](O)[C@@H](O)[C@@H](O[C@H]4[C@H](O)[C@@H](O)[C@@H](O[C@H]5[C@H](O)[C@@H](O)[C@@H](O[C@H]6[C@H](O)[C@@H](O)[C@@H](O[C@H]7[C@H](O)[C@@H](O)[C@@H](O[C@H]8[C@H](O)[C@@H](O)[C@@H](O[C@H]1[C@H](O)[C@H]2O)O[C@@H]8CO)O[C@@H]7CO)O[C@@H]6CO)O[C@@H]5CO)O[C@@H]4CO)O[C@@H]3CO,22584443D9512992310760C9871E3E6BDB3EDC92006F3EF1EC94F44373907EB1,HOST_CAN_0176,PASS,COC(=O)C(O)c1ccccc1,B892487BE7DC6C082D50D46727606139C1C909344E69AFBACB6F0D3612DA1843,GUEST_CAN_0444,PASS,AttentiveFP,3,guest_cold,4,2.3686933517456055
94,49,90,[Na]OS(=O)(=O)CCCOc1ccc(c2c1CN1C(=O)N3[C@]4([C@@]1(N(C2)C(=O)N4CN1[C@@H]2N(C3)C(=O)N3[C@@H]2N(C1=O)CN1[C@@]2(N(C3)C(=O)N3[C@]2(C)N(C1=O)Cc1c(C3)c(OCCCS(=O)(=O)O[Na])ccc1OCCCS(=O)(=O)O[Na])C)C)C)OCCCS(=O)(=O)O[Na],O=C1C=C(NC(=O)c2cc3ccccc3nc2O)[C@@H]([C@H]2[C@@H]1O2)O,other,3.8691999912261963,C[C@]12N3Cc4c(OCCCS(=O)(=O)[O][Na])ccc(OCCCS(=O)(=O)[O][Na])c4CN1C(=O)N1CN4C(=O)N5CN6C(=O)N7Cc8c(OCCCS(=O)(=O)[O][Na])ccc(OCCCS(=O)(=O)[O][Na])c8CN8C(=O)N(CN9C(=O)N(CN(C3=O)[C@]12C)[C@@H]4[C@H]95)[C@]6(C)[C@@]78C,C826FABEE0CA0BEBE7AB2E620751B73EB48779DD6C9A550EDEC6672D0197E1E3,HOST_CAN_0086,PASS,O=C(NC1=CC(=O)[C@H]2O[C@H]2[C@H]1O)c1cc2ccccc2nc1O,FDF8CE2A8B4B2A3DB312AD1231F5B6666439F2E4BEB6DF93515A1333E1D206F0,GUEST_CAN_0852,PASS,AttentiveFP,3,guest_cold,4,3.568782091140747
97,51,93,C1N2C3C4N(C2=O)CN5C6C7N(C5=O)CN8C9C2N(C8=O)CN5C8C%10N(C5=O)CN5C%11C%12N(C5=O)CN5C%13C%14N(C5=O)CN5C%15C%16N(C5=O)CN5C%17C%18N(C5=O)CN5C%19C%20N(C5=O)CN5C%21C(N1C5=O)N1CN3C(=O)N4CN6C(=O)N7CN9C(=O)N2CN8C(=O)N%10CN%11C(=O)N%12CN%13C(=O)N%14CN%15C(=O)N%16CN%17C(=O)N%18CN%19C(=O)N%20CN%21C1=O,C1=CC2=C(C3=C(C=CC=N3)C=C2)N=C1.C1=CC2=C(C3=C(C=CC=N3)C=C2)N=C1.C1=CC2=C(C3=C(C=CC=N3)C=C2)N=C1.[Ru+2],cucurbituril,7.90310001373291,O=C1N2CN3C(=O)N4CN5C(=O)N6CN7C(=O)N8CN9C(=O)N%10CN%11C(=O)N%12CN%13C(=O)N%14CN%15C(=O)N%16CN%17C(=O)N%18CN%19C(=O)N%20CN1C1C2N2CN%21C(=O)N(CN%22C(=O)N(CN%23C(=O)N(CN%24C(=O)N(CN%25C(=O)N(CN%26C(=O)N(CN%27C(=O)N(CN%28C(=O)N(CN%29C(=O)N(CN1C2=O)C%20C%19%29)C%18C%17%28)C%16C%15%27)C%14C%13%26)C%12C%11%25)C%10C9%24)C8C7%23)C6C5%22)C4C3%21,E6025A48DEEE6C9E6878EC627A6CB37BA95516523DC76F4BD8E7A3BC0D967C68,HOST_CAN_0142,PASS,[Ru+2].c1cnc2c(c1)ccc1cccnc12.c1cnc2c(c1)ccc1cccnc12.c1cnc2c(c1)ccc1cccnc12,B2F313992E282E257BA975E62F4E552F1ACDDF6E52E3B55413FF57655D74E9C6,GUEST_CAN_1112,PASS,AttentiveFP,3,guest_cold,4,6.191135406494141
105,1,72,C1C2=CC(=CC(=C2O)CC3=CC(=CC(=C3O)CC4=C(C(=CC(=C4)S(=O)(=O)O)CC5=C(C1=CC(=C5)S(=O)(=O)O)O)O)S(=O)(=O)O)S(=O)(=O)O,NC(C(=O)O)Cc1c[nH]cn1,calixarene,2.700700044631958,O=S(=O)(O)c1cc2c(O)c(c1)Cc1cc(S(=O)(=O)O)cc(c1O)Cc1cc(S(=O)(=O)O)cc(c1O)Cc1cc(S(=O)(=O)O)cc(c1O)C2,C1130CCDC8DA0C6458EF6C2E07E7F3330D8F8B055CBE4DEAADB70DC00C8CDFC1,HOST_CAN_0154,PASS,NC(Cc1c[nH]cn1)C(=O)O,FB673C9EDBC2F6C509C14A12DA10308CC8AD4E94C32BC5F3BAD448FBAA74F381,GUEST_CAN_0741,PASS,AttentiveFP,3,guest_cold,4,2.8124353885650635
112,11,103,C1N2C3C4N(C2=O)CN5C6C7N(C5=O)CN8C9C2N(C8=O)CN5C8C%10N(C5=O)CN5C%11C%12N(C5=O)CN5C%13C%14N(C5=O)CN5C%15C%16N(C5=O)CN5C%17C(N1C5=O)N1CN3C(=O)N4CN6C(=O)N7CN9C(=O)N2CN8C(=O)N%10CN%11C(=O)N%12CN%13C(=O)N%14CN%15C(=O)N%16CN%17C1=O,CN(C)C1=CC=C(C=C1)C#N,cucurbituril,8.867799758911133,O=C1N2CN3C(=O)N4CN5C(=O)N6CN7C(=O)N8CN9C(=O)N%10CN%11C(=O)N%12CN%13C(=O)N%14CN%15C(=O)N%16CN1C1C2N2CN%17C(=O)N(CN%18C(=O)N(CN%19C(=O)N(CN%20C(=O)N(CN%21C(=O)N(CN%22C(=O)N(CN%23C(=O)N(CN1C2=O)C%16C%15%23)C%14C%13%22)C%12C%11%21)C%10C9%20)C8C7%19)C6C5%18)C4C3%17,E82CB7F52437B0147F435E3074F006752062FF8924E87C1DAF3210D182FF633B,HOST_CAN_0143,PASS,CN(C)c1ccc(C#N)cc1,F00B3B125A779B4E82547A15D344BF9EF0EFBEFED97B1235AF377FD0C1A186BB,GUEST_CAN_0403,PASS,AttentiveFP,3,guest_cold,4,4.476141929626465
115,23,106,OC[C@H]1O[C@@H]2O[C@@H]3[C@@H](CO)O[C@H](O[C@@H]4[C@@H](CO)O[C@H](O[C@@H]5[C@@H](CO)O[C@H](O[C@@H]6[C@@H](CO)O[C@H](O[C@@H]7[C@@H](CO)O[C@H](O[C@H]1[C@H](O)[C@H]2O)[C@H](O)[C@H]7O)[C@H](O)[C@H]6O)[C@H](O)[C@H]5O)[C@H](O)[C@H]4O)[C@H](O)[C@H]3O,CC1(C2CCC1(C(=O)C2)C)C,cyclodextrin,5.611000061035156,OC[C@H]1O[C@@H]2O[C@H]3[C@H](O)[C@@H](O)[C@@H](O[C@H]4[C@H](O)[C@@H](O)[C@@H](O[C@H]5[C@H](O)[C@@H](O)[C@@H](O[C@H]6[C@H](O)[C@@H](O)[C@@H](O[C@H]7[C@H](O)[C@@H](O)[C@@H](O[C@H]1[C@H](O)[C@H]2O)O[C@@H]7CO)O[C@@H]6CO)O[C@@H]5CO)O[C@@H]4CO)O[C@@H]3CO,9CB41F926A4386D7C0E23599753E6EDC60802BE1DCF577DB9B32CBB20691DB1D,HOST_CAN_0175,PASS,CC12CCC(CC1=O)C2(C)C,E24F935BD21DA0C5862F5F2938AB9A4C9205A66880F3E5382749307F674BBBCE,GUEST_CAN_0230,PASS,AttentiveFP,3,guest_cold,4,3.224703788757324
117,55,108,OC1=C(CC2=CC(S(=O)([O-])=O)=CC(CC3=C(O)C4=CC(S(=O)([O-])=O)=C3)=C2O)C=C(S(=O)([O-])=O)C=C1CC5=C(O)C(CC6=CC(S(=O)([O-])=O)=CC(CC7=CC(S(=O)([O-])=O)=CC(CC8=C(O)C(CC9=CC(S(=O)([O-])=O)=CC(C4)=C9O)=CC(S(=O)([O-])=O)=C8)=C7OCCN)=C6O)=CC(S(=O)([O-])=O)=C5,OC(=O)C(CCCNC(=[NH2+])N)N,calixarene,2.909600019454956,NCCOc1c2cc(S(=O)(=O)[O-])cc1Cc1cc(S(=O)(=O)[O-])cc(c1O)Cc1cc(S(=O)(=O)[O-])cc(c1O)Cc1cc(S(=O)(=O)[O-])cc(c1O)Cc1cc(S(=O)(=O)[O-])cc(c1O)Cc1cc(S(=O)(=O)[O-])cc(c1O)Cc1cc(S(=O)(=O)[O-])cc(c1O)Cc1cc(S(=O)(=O)[O-])cc(c1O)C2,46CD7FE84C8D6C4EF795EC2A85AC98203C8613778274664FF650C7423640E7D1,HOST_CAN_0112,PASS,NC(=[NH2+])NCCCC(N)C(=O)O,3A95B838A3F3E4B9211C1F9CE461FB93EA851D8F0AA68498288217A21AD77FAC,GUEST_CAN_0726,PASS,AttentiveFP,3,guest_cold,4,2.7846598625183105
122,3,111,OC[C@H]1O[C@@H]2O[C@@H]3[C@@H](CO)O[C@H](O[C@@H]4[C@@H](CO)O[C@H](O[C@@H]5[C@@H](CO)O[C@H](O[C@@H]6[C@@H](CO)O[C@H](O[C@@H]7[C@@H](CO)O[C@H](O[C@@H]8[C@@H](CO)O[C@H](O[C@H]1[C@H](O)[C@H]2O)[C@H](O)[C@H]8O)[C@H](O)[C@H]7O)[C@H](O)[C@H]6O)[C@H](O)[C@H]5O)[C@H](O)[C@H]4O)[C@H](O)[C@H]3O,[O-]C(=O)CC12C[C@@H]3C[C@H](C2)C[C@H](C1)C3.[K+],cyclodextrin,5.029399871826172,OC[C@H]1O[C@@H]2O[C@H]3[C@H](O)[C@@H](O)[C@@H](O[C@H]4[C@H](O)[C@@H](O)[C@@H](O[C@H]5[C@H](O)[C@@H](O)[C@@H](O[C@H]6[C@H](O)[C@@H](O)[C@@H](O[C@H]7[C@H](O)[C@@H](O)[C@@H](O[C@H]8[C@H](O)[C@@H](O)[C@@H](O[C@H]1[C@H](O)[C@H]2O)O[C@@H]8CO)O[C@@H]7CO)O[C@@H]6CO)O[C@@H]5CO)O[C@@H]4CO)O[C@@H]3CO,22584443D9512992310760C9871E3E6BDB3EDC92006F3EF1EC94F44373907EB1,HOST_CAN_0176,PASS,O=C([O-])CC12C[C@H]3C[C@@H](C1)C[C@@H](C2)C3.[K+],C5C5053DBF412D69C278883C5CA9706808D4A8C715517C37F2A6A2FC40562891,GUEST_CAN_0899,PASS,AttentiveFP,3,guest_cold,4,3.5136146545410156
127,1,113,C1C2=CC(=CC(=C2O)CC3=CC(=CC(=C3O)CC4=C(C(=CC(=C4)S(=O)(=O)O)CC5=C(C1=CC(=C5)S(=O)(=O)O)O)O)S(=O)(=O)O)S(=O)(=O)O,CCOP(=O)(C)OCC,calixarene,1.5232000350952148,O=S(=O)(O)c1cc2c(O)c(c1)Cc1cc(S(=O)(=O)O)cc(c1O)Cc1cc(S(=O)(=O)O)cc(c1O)Cc1cc(S(=O)(=O)O)cc(c1O)C2,C1130CCDC8DA0C6458EF6C2E07E7F3330D8F8B055CBE4DEAADB70DC00C8CDFC1,HOST_CAN_0154,PASS,CCOP(C)(=O)OCC,A5B35C2138144500E2AFF0B0BF4139B070106CADC6A7C6E1D8A6FB26ADEF000F,GUEST_CAN_0367,PASS,AttentiveFP,3,guest_cold,4,2.6161882877349854
134,3,34,OC[C@H]1O[C@@H]2O[C@@H]3[C@@H](CO)O[C@H](O[C@@H]4[C@@H](CO)O[C@H](O[C@@H]5[C@@H](CO)O[C@H](O[C@@H]6[C@@H](CO)O[C@H](O[C@@H]7[C@@H](CO)O[C@H](O[C@@H]8[C@@H](CO)O[C@H](O[C@H]1[C@H](O)[C@H]2O)[C@H](O)[C@H]8O)[C@H](O)[C@H]7O)[C@H](O)[C@H]6O)[C@H](O)[C@H]5O)[C@H](O)[C@H]4O)[C@H](O)[C@H]3O,C1C2C3CC4(CC2C5CC1(CC3C5C4)O)O,cyclodextrin,5.03380012512207,OC[C@H]1O[C@@H]2O[C@H]3[C@H](O)[C@@H](O)[C@@H](O[C@H]4[C@H](O)[C@@H](O)[C@@H](O[C@H]5[C@H](O)[C@@H](O)[C@@H](O[C@H]6[C@H](O)[C@@H](O)[C@@H](O[C@H]7[C@H](O)[C@@H](O)[C@@H](O[C@H]8[C@H](O)[C@@H](O)[C@@H](O[C@H]1[C@H](O)[C@H]2O)O[C@@H]8CO)O[C@@H]7CO)O[C@@H]6CO)O[C@@H]5CO)O[C@@H]4CO)O[C@@H]3CO,22584443D9512992310760C9871E3E6BDB3EDC92006F3EF1EC94F44373907EB1,HOST_CAN_0176,PASS,OC12CC3C4CC5(O)CC3C(C1)C(C5)C4C2,AC991E13407816F89CB45E71B476B54D6B95741F30D897BD6F1DC5BADA9048B7,GUEST_CAN_0958,PASS,AttentiveFP,3,guest_cold,4,3.6787428855895996
139,11,123,C1N2C3C4N(C2=O)CN5C6C7N(C5=O)CN8C9C2N(C8=O)CN5C8C%10N(C5=O)CN5C%11C%12N(C5=O)CN5C%13C%14N(C5=O)CN5C%15C%16N(C5=O)CN5C%17C(N1C5=O)N1CN3C(=O)N4CN6C(=O)N7CN9C(=O)N2CN8C(=O)N%10CN%11C(=O)N%12CN%13C(=O)N%14CN%15C(=O)N%16CN%17C1=O,C1=CC(=C2C(=C1NCCNCCO)C(=O)C3=C(C=CC(=C3C2=O)O)O)NCCNCCO,cucurbituril,10.770899772644043,O=C1N2CN3C(=O)N4CN5C(=O)N6CN7C(=O)N8CN9C(=O)N%10CN%11C(=O)N%12CN%13C(=O)N%14CN%15C(=O)N%16CN1C1C2N2CN%17C(=O)N(CN%18C(=O)N(CN%19C(=O)N(CN%20C(=O)N(CN%21C(=O)N(CN%22C(=O)N(CN%23C(=O)N(CN1C2=O)C%16C%15%23)C%14C%13%22)C%12C%11%21)C%10C9%20)C8C7%19)C6C5%18)C4C3%17,E82CB7F52437B0147F435E3074F006752062FF8924E87C1DAF3210D182FF633B,HOST_CAN_0143,PASS,O=C1c2c(O)ccc(O)c2C(=O)c2c(NCCNCCO)ccc(NCCNCCO)c21,48D865B5A18A0A808A050F9B92910F7A73E2C120D36161CB53756743A6339B6D,GUEST_CAN_0926,PASS,AttentiveFP,3,guest_cold,4,5.805540561676025
144,42,126,OC1=C(CC2=CC(S(=O)([O-])=O)=CC(CC(C=C3S(=O)([O-])=O)=C4OCC(N)=O)=C2O)C=C(S(=O)([O-])=O)C=C1CC5=CC(S(=O)([O-])=O)=CC(CC4=C3)=C5O,NC(C(=O)O)Cc1ccccc1,calixarene,2.6928000450134277,NC(=O)COc1c2cc(S(=O)(=O)[O-])cc1Cc1cc(S(=O)(=O)[O-])cc(c1O)Cc1cc(S(=O)(=O)[O-])cc(c1O)Cc1cc(S(=O)(=O)[O-])cc(c1O)C2,1F2BEDA02D00DC2C1A2D3A5BD5460849E045F21D3B673D4626094BA71BDA0464,HOST_CAN_0104,PASS,NC(Cc1ccccc1)C(=O)O,4B6B1236F1C31D28D9F95F736FF46B2960AFF4F6FCE3D9E76CF43DE2ADDE8B08,GUEST_CAN_0746,PASS,AttentiveFP,3,guest_cold,4,2.194521427154541
148,63,126,Oc1c2Cc3cc(cc(c3O)Cc3cc(cc(c3O)Cc3cc(cc(c3O)Cc3cc(cc(Cc4c(c(Cc5c(c(Cc6c(c(Cc1cc(c2)S(=O)(=O)[O-])cc(c6)S(=O)(=O)[O-])O)cc(c5)S(=O)(=O)[O-])O)cc(c4)S(=O)(=O)[O-])O)c3O)S(=O)(=O)[O-])S(=O)(=O)[O-])S(=O)(=O)[O-])S(=O)(=O)[O-],NC(C(=O)O)Cc1ccccc1,calixarene,3.4760000705718994,O=S(=O)([O-])c1cc2c(O)c(c1)Cc1cc(S(=O)(=O)[O-])cc(c1O)Cc1cc(S(=O)(=O)[O-])cc(c1O)Cc1cc(S(=O)(=O)[O-])cc(c1O)Cc1cc(S(=O)(=O)[O-])cc(c1O)Cc1cc(S(=O)(=O)[O-])cc(c1O)Cc1cc(S(=O)(=O)[O-])cc(c1O)Cc1cc(S(=O)(=O)[O-])cc(c1O)C2,3C24C9B25872FE0768A640DF44D242D9AEC5F3FA9C167A457997BAE8D628FFF1,HOST_CAN_0166,PASS,NC(Cc1ccccc1)C(=O)O,4B6B1236F1C31D28D9F95F736FF46B2960AFF4F6FCE3D9E76CF43DE2ADDE8B08,GUEST_CAN_0746,PASS,AttentiveFP,3,guest_cold,4,2.3937177658081055
154,11,134,C1N2C3C4N(C2=O)CN5C6C7N(C5=O)CN8C9C2N(C8=O)CN5C8C%10N(C5=O)CN5C%11C%12N(C5=O)CN5C%13C%14N(C5=O)CN5C%15C%16N(C5=O)CN5C%17C(N1C5=O)N1CN3C(=O)N4CN6C(=O)N7CN9C(=O)N2CN8C(=O)N%10CN%11C(=O)N%12CN%13C(=O)N%14CN%15C(=O)N%16CN%17C1=O,C1CC(N(C1)C(=O)C(CC2=CNC3=CC=CC=C32)N)C(=O)O,cucurbituril,5.166200160980225,O=C1N2CN3C(=O)N4CN5C(=O)N6CN7C(=O)N8CN9C(=O)N%10CN%11C(=O)N%12CN%13C(=O)N%14CN%15C(=O)N%16CN1C1C2N2CN%17C(=O)N(CN%18C(=O)N(CN%19C(=O)N(CN%20C(=O)N(CN%21C(=O)N(CN%22C(=O)N(CN%23C(=O)N(CN1C2=O)C%16C%15%23)C%14C%13%22)C%12C%11%21)C%10C9%20)C8C7%19)C6C5%18)C4C3%17,E82CB7F52437B0147F435E3074F006752062FF8924E87C1DAF3210D182FF633B,HOST_CAN_0143,PASS,NC(Cc1c[nH]c2ccccc12)C(=O)N1CCCC1C(=O)O,414D7EE3DF2F7105D0EA029C63576059D9B6E8F2FEF5797E34DE3BBBBCEA02D9,GUEST_CAN_0737,PASS,AttentiveFP,3,guest_cold,4,6.514744758605957
156,64,136,CCCCOc1cc2COCc3cc(OCCCC)cc4c3cc(OCCCC)cc4COCc3c(OCCCC)ccc4c3ccc(c4COCc3c4c(c(COCc5c(c1)c2cc(c5)OCCCC)c(OCCCC)cc4)ccc3OCCCC)OCCCC,Ic1ccc(cc1)C[N+](Cc1ccc(cc1)I)(C)C,other,6.1875,CCCCOc1cc2c3cc(OCCCC)cc(c3c1)COCc1cc(OCCCC)cc3c(cc(OCCCC)cc13)COCc1c(OCCCC)ccc3c(c(OCCCC)ccc13)COCc1c(OCCCC)ccc3c(c(OCCCC)ccc13)COC2,05C5083FBF551B3C1AE048E85E6B7F5EB796F7835740F408D7B4DF1173E7C142,HOST_CAN_0032,PASS,C[N+](C)(Cc1ccc(I)cc1)Cc1ccc(I)cc1,FA10A5527DEA09481BE819CE744AB7793DCECFAB19D5FD96A508CCC2E612D94A,GUEST_CAN_0596,PASS,AttentiveFP,3,guest_cold,4,4.2306342124938965
163,66,141,O=C1N(C2)[C@@](N3CN4[C@]5([H])N2C(N(CN6C(N(C7)[C@@](N8CN9[C@]%10(C)N7C(N(CC%11=C%12C(OCCCS(=O)(O[Na])=O)=CC=C%11OCCCS(=O)(O[Na])=O)[C@]%10(C)N(C%12)C9=O)=O)([H])[C@]6([H])N%13C8=O)=O)[C@]5([H])N(C%13)C4=O)=O)(C)[C@@]%14(C)N1CC%15=C(OCCCS(=O)(O[Na])=O)C=CC(OCCCS(=O)(O[Na])=O)=C%15CN%14C3=O,CC(=O)OC1CC2CCC3C(C2(CC1[N+]4(CCCCC4)C)C)CCC5(C3CC(C5OC(=O)C)[N+]6(CCCCC6)C)C,cucurbituril,5.653200149536133,C[C@]12N3Cc4c(OCCCS(=O)(=O)[O][Na])ccc(OCCCS(=O)(=O)[O][Na])c4CN1C(=O)N1CN4C(=O)N5CN6C(=O)N7CN8C(=O)N9Cc%10c(OCCCS(=O)(=O)[O][Na])ccc(OCCCS(=O)(=O)[O][Na])c%10CN%10C(=O)N(CN%11C(=O)N(CN%12C(=O)N(CN(C3=O)[C@]12C)[C@@H]4[C@H]%125)[C@@H]6[C@H]%117)[C@]8(C)[C@@]9%10C,B0B6F4791435866F75671253874506D0002CE2D2DEBD31C6E0C5946D874F1D29,HOST_CAN_0085,PASS,CC(=O)OC1CC2CCC3C(CCC4(C)C3CC([N+]3(C)CCCCC3)C4OC(C)=O)C2(C)CC1[N+]1(C)CCCCC1,50E66CAB2E161F82F8A9960C08321F089FBABF411901A83069135F691E598254,GUEST_CAN_0098,PASS,AttentiveFP,3,guest_cold,4,7.162448406219482
171,11,149,C1N2C3C4N(C2=O)CN5C6C7N(C5=O)CN8C9C2N(C8=O)CN5C8C%10N(C5=O)CN5C%11C%12N(C5=O)CN5C%13C%14N(C5=O)CN5C%15C%16N(C5=O)CN5C%17C(N1C5=O)N1CN3C(=O)N4CN6C(=O)N7CN9C(=O)N2CN8C(=O)N%10CN%11C(=O)N%12CN%13C(=O)N%14CN%15C(=O)N%16CN%17C1=O,CC(C)CC(C(=O)NC(C)C(=O)O)NC(=O)C(CCSC)N,cucurbituril,6.14300012588501,O=C1N2CN3C(=O)N4CN5C(=O)N6CN7C(=O)N8CN9C(=O)N%10CN%11C(=O)N%12CN%13C(=O)N%14CN%15C(=O)N%16CN1C1C2N2CN%17C(=O)N(CN%18C(=O)N(CN%19C(=O)N(CN%20C(=O)N(CN%21C(=O)N(CN%22C(=O)N(CN%23C(=O)N(CN1C2=O)C%16C%15%23)C%14C%13%22)C%12C%11%21)C%10C9%20)C8C7%19)C6C5%18)C4C3%17,E82CB7F52437B0147F435E3074F006752062FF8924E87C1DAF3210D182FF633B,HOST_CAN_0143,PASS,CSCCC(N)C(=O)NC(CC(C)C)C(=O)NC(C)C(=O)O,955B7299C72D538F45A4CEF85003CADF2AD895B5BDA010B2FEA42899045F5184,GUEST_CAN_0512,PASS,AttentiveFP,3,guest_cold,4,4.817049026489258
174,11,152,C1N2C3C4N(C2=O)CN5C6C7N(C5=O)CN8C9C2N(C8=O)CN5C8C%10N(C5=O)CN5C%11C%12N(C5=O)CN5C%13C%14N(C5=O)CN5C%15C%16N(C5=O)CN5C%17C(N1C5=O)N1CN3C(=O)N4CN6C(=O)N7CN9C(=O)N2CN8C(=O)N%10CN%11C(=O)N%12CN%13C(=O)N%14CN%15C(=O)N%16CN%17C1=O,c1ccc2c(c1)nccc2,cucurbituril,3.342400074005127,O=C1N2CN3C(=O)N4CN5C(=O)N6CN7C(=O)N8CN9C(=O)N%10CN%11C(=O)N%12CN%13C(=O)N%14CN%15C(=O)N%16CN1C1C2N2CN%17C(=O)N(CN%18C(=O)N(CN%19C(=O)N(CN%20C(=O)N(CN%21C(=O)N(CN%22C(=O)N(CN%23C(=O)N(CN1C2=O)C%16C%15%23)C%14C%13%22)C%12C%11%21)C%10C9%20)C8C7%19)C6C5%18)C4C3%17,E82CB7F52437B0147F435E3074F006752062FF8924E87C1DAF3210D182FF633B,HOST_CAN_0143,PASS,c1ccc2ncccc2c1,A8DAF8C5800683ABD84E08E8A2110091831372530075C04E828C13E3FB8EC92C,GUEST_CAN_1143,PASS,AttentiveFP,3,guest_cold,4,5.142619609832764
179,8,156,C1N2C3C4N(C2=O)CN5C6C7N(C5=O)CN8C9C2N(C8=O)CN5C8C%10N(C5=O)CN5C%11C%12N(C5=O)CN5C%13C(N1C5=O)N1CN3C(=O)N4CN6C(=O)N7CN9C(=O)N2CN8C(=O)N%10CN%11C(=O)N%12CN%13C1=O,[Xe],cucurbituril,3.4888999462127686,O=C1N2CN3C(=O)N4CN5C(=O)N6CN7C(=O)N8CN9C(=O)N%10CN%11C(=O)N%12CN1C1C2N2CN%13C(=O)N(CN%14C(=O)N(CN%15C(=O)N(CN%16C(=O)N(CN%17C(=O)N(CN1C2=O)C%12C%11%17)C%10C9%16)C8C7%15)C6C5%14)C4C3%13,2526C525F966BEE6CB589BBB60C9F4124C02584847747BDAFF4E92B4462536E8,HOST_CAN_0149,PASS,[Xe],463C698387C428389929BF1416FF8D357192FAE637E5A26BA0E54A16E2EDDA63,GUEST_CAN_1116,PASS,AttentiveFP,3,guest_cold,4,3.060642719268799
181,15,157,C1=C2C=C3C=C1OC4=CC(=CC(=C4)C(=O)O)OC5=CC6=CC(=C5)C7OC8=CC9=C1C=C8C(C4=C(O7)C=C5C(=C4)C(C4=CC7=C(C=C4OC2O5)OC2C4=CC(=CC(=C4)OC4=CC(=CC(=C4)C(=O)O)OC4=CC(=CC(=C4)OC4=CC(=CC(=C4)O6)C(=O)O)C(O9)OC4=C(C1CCC(=O)O)C=C(C7CCC(=O)O)C(=C4)O2)OC1=CC(=CC(=C1)O3)C(=O)O)CCC(=O)O)CCC(=O)O,F[P-](F)(F)(F)(F)F.[Na+],cavitand,3.0532000064849854,O=C(O)CCC1c2cc3c4cc2OC2Oc5cc6c(cc51)C(CCC(=O)O)c1cc5c7cc1OC(O6)c1cc6cc(c1)Oc1cc(cc(C(=O)O)c1)Oc1cc8cc(c1)C(Oc1cc(c(cc1C5CCC(=O)O)C3CCC(=O)O)OC(O4)c1cc(cc(c1)Oc1cc(cc(C(=O)O)c1)O8)Oc1cc(cc(C(=O)O)c1)Oc1cc(cc2c1)Oc1cc(cc(C(=O)O)c1)O6)O7,AE6E8A9B8E3ECDE32B65BE9B8736ECC23E2311A112E2CA1B78F35ECF9046A382,HOST_CAN_0117,PASS,F[P-](F)(F)(F)(F)F.[Na+],70B37F864AA04D4E558B70627441F815145BB79C93E4218BE310755F84FFDF85,GUEST_CAN_0710,PASS,AttentiveFP,3,guest_cold,4,2.8326029777526855
187,71,163,COC[C@@H]1O[C@H]2O[C@H]3[C@H](COC)O[C@H]([C@H]([C@@H]3OC)OC)O[C@H]3[C@H](COC)O[C@H]([C@H]([C@@H]3OC)OC)O[C@@H]3[C@@H](COC)O[C@@H]([C@@H]([C@H]3OC)OC)O[C@@H]3[C@H](O[C@H](O[C@@H]4[C@H](O[C@H](O[C@H]5[C@@H](O[C@@H](O[C@@H]1[C@H]([C@@H]2OC)OC)[C@@H](OC)[C@@H]5OC)CNCCN1C(=O)c2ccc5c6c2c(C1=O)ccc6c1c2c5ccc5c2c(cc1)C(=O)N(C5=O)CCNC[C@H]1O[C@@H]2O[C@@H]5[C@@H](COC)O[C@@H]([C@@H]([C@H]5OC)OC)O[C@H]5[C@H](COC)O[C@H]([C@H]([C@@H]5OC)OC)O[C@H]5[C@H](COC)O[C@H]([C@H]([C@@H]5OC)OC)O[C@H]5[C@@H](O[C@@H](O[C@H]6[C@@H](O[C@@H](O[C@@H]7[C@H](O[C@H](O[C@H]1[C@@H]([C@H]2OC)OC)[C@H](OC)[C@H]7OC)COC)[C@@H](OC)[C@@H]6OC)COC)[C@@H](OC)[C@@H]5OC)COC)[C@H](OC)[C@H]4OC)COC)[C@H](OC)[C@H]3OC)COC,[Na]OC(=O)CCCc1ccc2c3c1ccc1c3c(cc2)ccc1,cyclodextrin,4.598599910736084,COC[C@@H]1O[C@H]2O[C@@H]3[C@@H](OC)[C@H](OC)[C@H](O[C@H]4[C@H](OC)[C@@H](OC)[C@@H](O[C@H]5[C@H](OC)[C@@H](OC)[C@@H](O[C@H]6[C@H](OC)[C@@H](OC)[C@@H](O[C@@H]7[C@@H](OC)[C@H](OC)[C@H](O[C@@H]8[C@@H](OC)[C@H](OC)[C@H](O[C@@H]1[C@@H](OC)[C@@H]2OC)O[C@H]8COC)O[C@H]7COC)O[C@@H]6COC)O[C@@H]5CNCCN1C(=O)c2ccc5c6ccc7c8c(ccc(c9ccc(c2c59)C1=O)c86)C(=O)N(CCNC[C@@H]1O[C@H]2O[C@@H]5[C@@H](OC)[C@H](OC)[C@H](O[C@@H]6[C@@H](OC)[C@H](OC)[C@H](O[C@@H]8[C@@H](OC)[C@H](OC)[C@H](O[C@H]9[C@H](OC)[C@@H](OC)[C@@H](O[C@H]%10[C@H](OC)[C@@H](OC)[C@@H](O[C@H]%11[C@H](OC)[C@@H](OC)[C@@H](O[C@@H]1[C@@H](OC)[C@@H]2OC)O[C@@H]%11COC)O[C@@H]%10COC)O[C@@H]9COC)O[C@H]8COC)O[C@H]6COC)O[C@H]5COC)C7=O)O[C@@H]4COC)O[C@H]3COC,AA344ED0639038BDE60A18347E828CC07F0FE5021B69841313E8408CF4E680AF,HOST_CAN_0060,PASS,O=C(CCCc1ccc2ccc3cccc4ccc1c2c34)[O][Na],17AA4C46736144734AAA10362BAD5BA7E618FB659BD55B027DAC7EA58ED09425,GUEST_CAN_0847,PASS,AttentiveFP,3,guest_cold,4,4.601428985595703
200,30,174,C1C2=CC(=CC(=C2O)CC3=CC(=CC(=C3O)CC4=CC(=CC(=C4O)CC5=C(C(=CC(=C5)S(=O)(=O)[O-])CC6=C(C(=CC(=C6)S(=O)(=O)[O-])CC7=C(C1=CC(=C7)S(=O)(=O)[O-])O)O)O)S(=O)(=O)[O-])S(=O)(=O)[O-])S(=O)(=O)[O-],C1CCC(=O)C1,calixarene,3.5464999675750732,O=S(=O)([O-])c1cc2c(O)c(c1)Cc1cc(S(=O)(=O)[O-])cc(c1O)Cc1cc(S(=O)(=O)[O-])cc(c1O)Cc1cc(S(=O)(=O)[O-])cc(c1O)Cc1cc(S(=O)(=O)[O-])cc(c1O)Cc1cc(S(=O)(=O)[O-])cc(c1O)C2,175E9D01D3A7DD7BE73E9B8659E8BAA0A16B2D5C4CCEFE3BEFED10121429BF10,HOST_CAN_0164,PASS,O=C1CCCC1,25EF9BCA067EFDF8312513E5FD1068CDF46BCEC786214EA2FEDA0313CE4A4F3B,GUEST_CAN_0918,PASS,AttentiveFP,3,guest_cold,4,2.298778533935547
201,30,175,C1C2=CC(=CC(=C2O)CC3=CC(=CC(=C3O)CC4=CC(=CC(=C4O)CC5=C(C(=CC(=C5)S(=O)(=O)[O-])CC6=C(C(=CC(=C6)S(=O)(=O)[O-])CC7=C(C1=CC(=C7)S(=O)(=O)[O-])O)O)O)S(=O)(=O)[O-])S(=O)(=O)[O-])S(=O)(=O)[O-],CCCC[N+](CCCC)(CCCC)CCCC.[I-],calixarene,3.200000047683716,O=S(=O)([O-])c1cc2c(O)c(c1)Cc1cc(S(=O)(=O)[O-])cc(c1O)Cc1cc(S(=O)(=O)[O-])cc(c1O)Cc1cc(S(=O)(=O)[O-])cc(c1O)Cc1cc(S(=O)(=O)[O-])cc(c1O)Cc1cc(S(=O)(=O)[O-])cc(c1O)C2,175E9D01D3A7DD7BE73E9B8659E8BAA0A16B2D5C4CCEFE3BEFED10121429BF10,HOST_CAN_0164,PASS,CCCC[N+](CCCC)(CCCC)CCCC.[I-],AEB60E90607A4F8C1F949B3EACD125A2B91E0A4DEAD7B24D9097176DB9E506E4,GUEST_CAN_0318,PASS,AttentiveFP,3,guest_cold,4,3.630399227142334
207,3,180,OC[C@H]1O[C@@H]2O[C@@H]3[C@@H](CO)O[C@H](O[C@@H]4[C@@H](CO)O[C@H](O[C@@H]5[C@@H](CO)O[C@H](O[C@@H]6[C@@H](CO)O[C@H](O[C@@H]7[C@@H](CO)O[C@H](O[C@@H]8[C@@H](CO)O[C@H](O[C@H]1[C@H](O)[C@H]2O)[C@H](O)[C@H]8O)[C@H](O)[C@H]7O)[C@H](O)[C@H]6O)[C@H](O)[C@H]5O)[C@H](O)[C@H]4O)[C@H](O)[C@H]3O,CC(C)(C)OC(=O)NC(CO)C(=O)O,cyclodextrin,2.4547998905181885,OC[C@H]1O[C@@H]2O[C@H]3[C@H](O)[C@@H](O)[C@@H](O[C@H]4[C@H](O)[C@@H](O)[C@@H](O[C@H]5[C@H](O)[C@@H](O)[C@@H](O[C@H]6[C@H](O)[C@@H](O)[C@@H](O[C@H]7[C@H](O)[C@@H](O)[C@@H](O[C@H]8[C@H](O)[C@@H](O)[C@@H](O[C@H]1[C@H](O)[C@H]2O)O[C@@H]8CO)O[C@@H]7CO)O[C@@H]6CO)O[C@@H]5CO)O[C@@H]4CO)O[C@@H]3CO,22584443D9512992310760C9871E3E6BDB3EDC92006F3EF1EC94F44373907EB1,HOST_CAN_0176,PASS,CC(C)(C)OC(=O)NC(CO)C(=O)O,9C072C635240272D161234ED2122491B5C1F5E1B1186597B887F19829F1581EE,GUEST_CAN_0113,PASS,AttentiveFP,3,guest_cold,4,2.271146774291992
213,11,185,C1N2C3C4N(C2=O)CN5C6C7N(C5=O)CN8C9C2N(C8=O)CN5C8C%10N(C5=O)CN5C%11C%12N(C5=O)CN5C%13C%14N(C5=O)CN5C%15C%16N(C5=O)CN5C%17C(N1C5=O)N1CN3C(=O)N4CN6C(=O)N7CN9C(=O)N2CN8C(=O)N%10CN%11C(=O)N%12CN%13C(=O)N%14CN%15C(=O)N%16CN%17C1=O,C1=CC(=CC=C1CC(=O)C(=O)O)O,cucurbituril,4.230400085449219,O=C1N2CN3C(=O)N4CN5C(=O)N6CN7C(=O)N8CN9C(=O)N%10CN%11C(=O)N%12CN%13C(=O)N%14CN%15C(=O)N%16CN1C1C2N2CN%17C(=O)N(CN%18C(=O)N(CN%19C(=O)N(CN%20C(=O)N(CN%21C(=O)N(CN%22C(=O)N(CN%23C(=O)N(CN1C2=O)C%16C%15%23)C%14C%13%22)C%12C%11%21)C%10C9%20)C8C7%19)C6C5%18)C4C3%17,E82CB7F52437B0147F435E3074F006752062FF8924E87C1DAF3210D182FF633B,HOST_CAN_0143,PASS,O=C(O)C(=O)Cc1ccc(O)cc1,2CCB2E1EEA41CC576B3CDA516A7076D897E96FFE11800C22AA19BE51B925494E,GUEST_CAN_0853,PASS,AttentiveFP,3,guest_cold,4,3.7328615188598633
215,23,187,OC[C@H]1O[C@@H]2O[C@@H]3[C@@H](CO)O[C@H](O[C@@H]4[C@@H](CO)O[C@H](O[C@@H]5[C@@H](CO)O[C@H](O[C@@H]6[C@@H](CO)O[C@H](O[C@@H]7[C@@H](CO)O[C@H](O[C@H]1[C@H](O)[C@H]2O)[C@H](O)[C@H]7O)[C@H](O)[C@H]6O)[C@H](O)[C@H]5O)[C@H](O)[C@H]4O)[C@H](O)[C@H]3O,CCC(C)C(C1=CC=CC=C1)C(=O)OCC[N+](C)(CC)CC.[Br-],cyclodextrin,1.8997999429702759,OC[C@H]1O[C@@H]2O[C@H]3[C@H](O)[C@@H](O)[C@@H](O[C@H]4[C@H](O)[C@@H](O)[C@@H](O[C@H]5[C@H](O)[C@@H](O)[C@@H](O[C@H]6[C@H](O)[C@@H](O)[C@@H](O[C@H]7[C@H](O)[C@@H](O)[C@@H](O[C@H]1[C@H](O)[C@H]2O)O[C@@H]7CO)O[C@@H]6CO)O[C@@H]5CO)O[C@@H]4CO)O[C@@H]3CO,9CB41F926A4386D7C0E23599753E6EDC60802BE1DCF577DB9B32CBB20691DB1D,HOST_CAN_0175,PASS,CCC(C)C(C(=O)OCC[N+](C)(CC)CC)c1ccccc1.[Br-],F14832804F3AFFF114BFCBD52BEFB4558702666E47D58676E968FE363E66A6E0,GUEST_CAN_0258,PASS,AttentiveFP,3,guest_cold,4,2.9776041507720947
228,3,197,OC[C@H]1O[C@@H]2O[C@@H]3[C@@H](CO)O[C@H](O[C@@H]4[C@@H](CO)O[C@H](O[C@@H]5[C@@H](CO)O[C@H](O[C@@H]6[C@@H](CO)O[C@H](O[C@@H]7[C@@H](CO)O[C@H](O[C@@H]8[C@@H](CO)O[C@H](O[C@H]1[C@H](O)[C@H]2O)[C@H](O)[C@H]8O)[C@H](O)[C@H]7O)[C@H](O)[C@H]6O)[C@H](O)[C@H]5O)[C@H](O)[C@H]4O)[C@H](O)[C@H]3O,CC(CC(=O)[O-])C1=CC=CC=C1,cyclodextrin,2.5785999298095703,OC[C@H]1O[C@@H]2O[C@H]3[C@H](O)[C@@H](O)[C@@H](O[C@H]4[C@H](O)[C@@H](O)[C@@H](O[C@H]5[C@H](O)[C@@H](O)[C@@H](O[C@H]6[C@H](O)[C@@H](O)[C@@H](O[C@H]7[C@H](O)[C@@H](O)[C@@H](O[C@H]8[C@H](O)[C@@H](O)[C@@H](O[C@H]1[C@H](O)[C@H]2O)O[C@@H]8CO)O[C@@H]7CO)O[C@@H]6CO)O[C@@H]5CO)O[C@@H]4CO)O[C@@H]3CO,22584443D9512992310760C9871E3E6BDB3EDC92006F3EF1EC94F44373907EB1,HOST_CAN_0176,PASS,CC(CC(=O)[O-])c1ccccc1,A9CF174FC972F9A8D9A16439D2FD1FF5002FB2922B053D07F1C6EADA580066B0,GUEST_CAN_0167,PASS,AttentiveFP,3,guest_cold,4,2.4377291202545166
229,78,198,COC[C@@H]1O[C@H]2O[C@@H]3[C@@H](COC)O[C@@H]([C@@H]([C@H]3OC)OC)O[C@@H]3[C@@H](COC)O[C@@H]([C@@H]([C@H]3OC)OC)O[C@@H]3[C@@H](COC)O[C@@H]([C@@H]([C@H]3OC)OC)O[C@H]3[C@@H](O[C@@H](O[C@H]4[C@@H](O[C@@H](O[C@H]5[C@@H](O[C@@H](O[C@@H]1[C@H]([C@@H]2OC)OC)[C@@H](OC)[C@@H]5OC)COC)[C@@H](OC)[C@@H]4OC)COC)[C@@H](OC)[C@@H]3OC)COC,CC(CCC(=O)[O-])C1CCC2C1(C(CC3C2CCC4C3(CCC(C4)O)C)O)C.[Na+],cyclodextrin,2.888700008392334,COC[C@@H]1O[C@H]2O[C@@H]3[C@@H](OC)[C@H](OC)[C@H](O[C@H]4[C@H](OC)[C@@H](OC)[C@@H](O[C@H]5[C@H](OC)[C@@H](OC)[C@@H](O[C@H]6[C@H](OC)[C@@H](OC)[C@@H](O[C@@H]7[C@@H](OC)[C@H](OC)[C@H](O[C@@H]8[C@@H](OC)[C@H](OC)[C@H](O[C@@H]1[C@@H](OC)[C@@H]2OC)O[C@H]8COC)O[C@H]7COC)O[C@@H]6COC)O[C@@H]5COC)O[C@@H]4COC)O[C@H]3COC,4DBC704653D506001F39C2066C78337580D179894FB25234B01BA86A08D866EF,HOST_CAN_0061,PASS,CC(CCC(=O)[O-])C1CCC2C3CCC4CC(O)CCC4(C)C3CC(O)C12C.[Na+],AAE8955CE9801473265577821D0239EBE4B6812D89DD2C64FBC72356DA8A31D4,GUEST_CAN_0174,PASS,AttentiveFP,3,guest_cold,4,3.1092045307159424
234,37,201,C(CN(CC(=O)O)CC(=O)O)N(CC(=O)O)CC(=O)O,[Li+],other,2.8499999046325684,O=C(O)CN(CCN(CC(=O)O)CC(=O)O)CC(=O)O,6BFD1C3C84BE32FEF0887DE527CC95AE0C3680F389E80993C4242A4E3571F896,HOST_CAN_0123,PASS,[Li+],A7557B375892DC7E581DDC6CA9773574F95B6514113F07A19BDE6059504332FE,GUEST_CAN_1071,PASS,AttentiveFP,3,guest_cold,4,0.36178040504455566
239,3,180,OC[C@H]1O[C@@H]2O[C@@H]3[C@@H](CO)O[C@H](O[C@@H]4[C@@H](CO)O[C@H](O[C@@H]5[C@@H](CO)O[C@H](O[C@@H]6[C@@H](CO)O[C@H](O[C@@H]7[C@@H](CO)O[C@H](O[C@@H]8[C@@H](CO)O[C@H](O[C@H]1[C@H](O)[C@H]2O)[C@H](O)[C@H]8O)[C@H](O)[C@H]7O)[C@H](O)[C@H]6O)[C@H](O)[C@H]5O)[C@H](O)[C@H]4O)[C@H](O)[C@H]3O,CC(C)(C)OC(=O)NC(CO)C(=O)O,cyclodextrin,2.4856998920440674,OC[C@H]1O[C@@H]2O[C@H]3[C@H](O)[C@@H](O)[C@@H](O[C@H]4[C@H](O)[C@@H](O)[C@@H](O[C@H]5[C@H](O)[C@@H](O)[C@@H](O[C@H]6[C@H](O)[C@@H](O)[C@@H](O[C@H]7[C@H](O)[C@@H](O)[C@@H](O[C@H]8[C@H](O)[C@@H](O)[C@@H](O[C@H]1[C@H](O)[C@H]2O)O[C@@H]8CO)O[C@@H]7CO)O[C@@H]6CO)O[C@@H]5CO)O[C@@H]4CO)O[C@@H]3CO,22584443D9512992310760C9871E3E6BDB3EDC92006F3EF1EC94F44373907EB1,HOST_CAN_0176,PASS,CC(C)(C)OC(=O)NC(CO)C(=O)O,9C072C635240272D161234ED2122491B5C1F5E1B1186597B887F19829F1581EE,GUEST_CAN_0113,PASS,AttentiveFP,3,guest_cold,4,2.271146774291992
240,20,141,O=C(COC1=CC(CC2=C(OCC(O)=O)C=C(C(OCC(O)=O)=C2)CC3=CC(COC(O)=O)=C(C4)C=C3OCC(O)=O)=C(OCC(O)=O)C=C1CC5=C[C@@H](OCC(O)=O)[C@H](C=C5OCC(O)=O)CC6=CC(COC(O)=O)=C(C=C6OCC(O)=O)CC7=C(OCC(O)=O)C=C4C(OCC(O)=O)=C7)O,CC(=O)OC1CC2CCC3C(C2(CC1[N+]4(CCCCC4)C)C)CCC5(C3CC(C5OC(=O)C)[N+]6(CCCCC6)C)C,pillararene,6.195899963378906,O=C(O)COC1=C[C@@H]2Cc3cc(COC(=O)O)c(cc3OCC(=O)O)Cc3cc(OCC(=O)O)c(cc3OCC(=O)O)Cc3cc(OCC(=O)O)c(cc3COC(=O)O)Cc3cc(OCC(=O)O)c(cc3OCC(=O)O)Cc3cc(OCC(=O)O)c(cc3OCC(=O)O)CC1=C[C@H]2OCC(=O)O,EB7BB63E53C952B34EDD9A1AA221307EA37FEE1D4C687CFC64D6BC38CEFE6263,HOST_CAN_0126,PASS,CC(=O)OC1CC2CCC3C(CCC4(C)C3CC([N+]3(C)CCCCC3)C4OC(C)=O)C2(C)CC1[N+]1(C)CCCCC1,50E66CAB2E161F82F8A9960C08321F089FBABF411901A83069135F691E598254,GUEST_CAN_0098,PASS,AttentiveFP,3,guest_cold,4,6.939260005950928
241,38,206,C1C2C3=CC=CC=C3C4=C5C6CC7=CC=CC=C7C8=CC(=CC(=C8)C9=CC=CC=C9CC3C7=CC=CC=C7C(=C24)C3=C5C2=CC=CC=C62)C2=CC=CC=C21,C1=CC=C2C=NC=CC2=C1,cyclophane,3.322200059890747,c1ccc2c(c1)CC1c3ccccc3-c3c1c1c4c5c3C(Cc3ccccc3-c3cc-2cc(c3)-c2ccccc2CC4c2ccccc2-1)c1ccccc1-5,7D60610AC6275537B6952E12359C97C789A38E2FA1295732E16AF89573CE95C4,HOST_CAN_0186,PASS,c1ccc2cnccc2c1,928B59C2A28E6A58DE5AA06A7F4D9FF4CE2E177C6081881D5AAA0ECA61C76111,GUEST_CAN_1141,PASS,AttentiveFP,3,guest_cold,4,3.6828744411468506
246,45,201,C1C2=CC(=CC=C2)CC3=CC(=CC=C3)CC4=CC=CC(=C4)CC5=CC=CC1=C5,[Li+],calixarene,1.8740999698638916,c1cc2cc(c1)Cc1cccc(c1)Cc1cccc(c1)Cc1cccc(c1)C2,001BA14F081450375618B4DEC192A3633931B27A166EE11658CCCBFAB45E327F,HOST_CAN_0183,PASS,[Li+],A7557B375892DC7E581DDC6CA9773574F95B6514113F07A19BDE6059504332FE,GUEST_CAN_1071,PASS,AttentiveFP,3,guest_cold,4,1.6113264560699463
248,48,210,[Na]OS(=O)(=O)CCCOc1c2CN3C(=O)N4[C@]5([C@@]3(N(Cc2c(c2c1cccc2)OCCCS(=O)(=O)O[Na])C(=O)N5CN1[C@@]2(N(C4)C(=O)N3[C@]2(C)N(C1=O)Cc1c(C3)c(OCCCS(=O)(=O)O[Na])c2c(c1OCCCS(=O)(=O)O[Na])cccc2)C)C)C,C[N+]1=C2C=CC=CC2=CC3=CC=CC=C31.[I-],other,5.704999923706055,C[C@]12N3Cc4c(c(OCCCS(=O)(=O)[O][Na])c5ccccc5c4OCCCS(=O)(=O)[O][Na])CN1C(=O)N1CN4C(=O)N5Cc6c(c(OCCCS(=O)(=O)[O][Na])c7ccccc7c6OCCCS(=O)(=O)[O][Na])CN6C(=O)N(CN(C3=O)[C@]12C)[C@]4(C)[C@@]56C,D18B807A904C56B05E199911FB10FFB774349CC49BBD32D2EFAFF4C892BA649F,HOST_CAN_0090,PASS,C[n+]1c2ccccc2cc2ccccc21.[I-],57395AF4E840AAD41114ACF69A1D6974B59562282A4BEFF7601372F4680606B4,GUEST_CAN_0618,PASS,AttentiveFP,3,guest_cold,4,4.546140670776367
263,3,219,OC[C@H]1O[C@@H]2O[C@@H]3[C@@H](CO)O[C@H](O[C@@H]4[C@@H](CO)O[C@H](O[C@@H]5[C@@H](CO)O[C@H](O[C@@H]6[C@@H](CO)O[C@H](O[C@@H]7[C@@H](CO)O[C@H](O[C@@H]8[C@@H](CO)O[C@H](O[C@H]1[C@H](O)[C@H]2O)[C@H](O)[C@H]8O)[C@H](O)[C@H]7O)[C@H](O)[C@H]6O)[C@H](O)[C@H]5O)[C@H](O)[C@H]4O)[C@H](O)[C@H]3O,CC1(C2(CCC1(OC2=O)C(=O)O)C)C,cyclodextrin,2.315999984741211,OC[C@H]1O[C@@H]2O[C@H]3[C@H](O)[C@@H](O)[C@@H](O[C@H]4[C@H](O)[C@@H](O)[C@@H](O[C@H]5[C@H](O)[C@@H](O)[C@@H](O[C@H]6[C@H](O)[C@@H](O)[C@@H](O[C@H]7[C@H](O)[C@@H](O)[C@@H](O[C@H]8[C@H](O)[C@@H](O)[C@@H](O[C@H]1[C@H](O)[C@H]2O)O[C@@H]8CO)O[C@@H]7CO)O[C@@H]6CO)O[C@@H]5CO)O[C@@H]4CO)O[C@@H]3CO,22584443D9512992310760C9871E3E6BDB3EDC92006F3EF1EC94F44373907EB1,HOST_CAN_0176,PASS,CC12CCC(C(=O)O)(OC1=O)C2(C)C,2EF39C1296CB6DE11CB281E1A8B266C8BB2AC5ED9998D5BBA6726FECC2915FA6,GUEST_CAN_0224,PASS,AttentiveFP,3,guest_cold,4,3.0875749588012695
266,8,222,C1N2C3C4N(C2=O)CN5C6C7N(C5=O)CN8C9C2N(C8=O)CN5C8C%10N(C5=O)CN5C%11C%12N(C5=O)CN5C%13C(N1C5=O)N1CN3C(=O)N4CN6C(=O)N7CN9C(=O)N2CN8C(=O)N%10CN%11C(=O)N%12CN%13C1=O,[NH3+]CC1CC1,cucurbituril,4.377099990844727,O=C1N2CN3C(=O)N4CN5C(=O)N6CN7C(=O)N8CN9C(=O)N%10CN%11C(=O)N%12CN1C1C2N2CN%13C(=O)N(CN%14C(=O)N(CN%15C(=O)N(CN%16C(=O)N(CN%17C(=O)N(CN1C2=O)C%12C%11%17)C%10C9%16)C8C7%15)C6C5%14)C4C3%13,2526C525F966BEE6CB589BBB60C9F4124C02584847747BDAFF4E92B4462536E8,HOST_CAN_0149,PASS,[NH3+]CC1CC1,B3170F4D121CEBE91AB2AFD1F0A78CFD031353C8B86994E41283B46DE30C0A57,GUEST_CAN_1076,PASS,AttentiveFP,3,guest_cold,4,4.484421730041504
269,78,224,COC[C@@H]1O[C@H]2O[C@@H]3[C@@H](COC)O[C@@H]([C@@H]([C@H]3OC)OC)O[C@@H]3[C@@H](COC)O[C@@H]([C@@H]([C@H]3OC)OC)O[C@@H]3[C@@H](COC)O[C@@H]([C@@H]([C@H]3OC)OC)O[C@H]3[C@@H](O[C@@H](O[C@H]4[C@@H](O[C@@H](O[C@H]5[C@@H](O[C@@H](O[C@@H]1[C@H]([C@@H]2OC)OC)[C@@H](OC)[C@@H]5OC)COC)[C@@H](OC)[C@@H]4OC)COC)[C@@H](OC)[C@@H]3OC)COC,[Na]OC(=O)CCC([C@H]1CC[C@@H]2[C@]1(C)[C@@H](O)C[C@H]1[C@H]2[C@H](O)C[C@H]2[C@]1(C)CC[C@H](C2)O)C,cyclodextrin,1.7853000164031982,COC[C@@H]1O[C@H]2O[C@@H]3[C@@H](OC)[C@H](OC)[C@H](O[C@H]4[C@H](OC)[C@@H](OC)[C@@H](O[C@H]5[C@H](OC)[C@@H](OC)[C@@H](O[C@H]6[C@H](OC)[C@@H](OC)[C@@H](O[C@@H]7[C@@H](OC)[C@H](OC)[C@H](O[C@@H]8[C@@H](OC)[C@H](OC)[C@H](O[C@@H]1[C@@H](OC)[C@@H]2OC)O[C@H]8COC)O[C@H]7COC)O[C@@H]6COC)O[C@@H]5COC)O[C@@H]4COC)O[C@H]3COC,4DBC704653D506001F39C2066C78337580D179894FB25234B01BA86A08D866EF,HOST_CAN_0061,PASS,CC(CCC(=O)[O][Na])[C@H]1CC[C@H]2[C@@H]3[C@H](O)C[C@@H]4C[C@H](O)CC[C@]4(C)[C@H]3C[C@H](O)[C@]12C,325F0710EF62CA3C12381A9A8CD6F83A5931D6CF0558E81C8EA783470AFA3F90,GUEST_CAN_0175,PASS,AttentiveFP,3,guest_cold,4,3.1309738159179688
273,1,228,C1C2=CC(=CC(=C2O)CC3=CC(=CC(=C3O)CC4=C(C(=CC(=C4)S(=O)(=O)O)CC5=C(C1=CC(=C5)S(=O)(=O)O)O)O)S(=O)(=O)O)S(=O)(=O)O,CN=C(N)NCCCC(C(=O)O)N,calixarene,2.8808000087738037,O=S(=O)(O)c1cc2c(O)c(c1)Cc1cc(S(=O)(=O)O)cc(c1O)Cc1cc(S(=O)(=O)O)cc(c1O)Cc1cc(S(=O)(=O)O)cc(c1O)C2,C1130CCDC8DA0C6458EF6C2E07E7F3330D8F8B055CBE4DEAADB70DC00C8CDFC1,HOST_CAN_0154,PASS,CN=C(N)NCCCC(N)C(=O)O,AC5DE4409F32BD2D17B5F0B4B252945C0CB19634FCFB964A1C3286EB34F2AD70,GUEST_CAN_0420,PASS,AttentiveFP,3,guest_cold,4,3.092021942138672
292,3,241,OC[C@H]1O[C@@H]2O[C@@H]3[C@@H](CO)O[C@H](O[C@@H]4[C@@H](CO)O[C@H](O[C@@H]5[C@@H](CO)O[C@H](O[C@@H]6[C@@H](CO)O[C@H](O[C@@H]7[C@@H](CO)O[C@H](O[C@@H]8[C@@H](CO)O[C@H](O[C@H]1[C@H](O)[C@H]2O)[C@H](O)[C@H]8O)[C@H](O)[C@H]7O)[C@H](O)[C@H]6O)[C@H](O)[C@H]5O)[C@H](O)[C@H]4O)[C@H](O)[C@H]3O,C1=CC=C(C=C1)COC(=O)NC(CO)C(=O)O,cyclodextrin,2.037400007247925,OC[C@H]1O[C@@H]2O[C@H]3[C@H](O)[C@@H](O)[C@@H](O[C@H]4[C@H](O)[C@@H](O)[C@@H](O[C@H]5[C@H](O)[C@@H](O)[C@@H](O[C@H]6[C@H](O)[C@@H](O)[C@@H](O[C@H]7[C@H](O)[C@@H](O)[C@@H](O[C@H]8[C@H](O)[C@@H](O)[C@@H](O[C@H]1[C@H](O)[C@H]2O)O[C@@H]8CO)O[C@@H]7CO)O[C@@H]6CO)O[C@@H]5CO)O[C@@H]4CO)O[C@@H]3CO,22584443D9512992310760C9871E3E6BDB3EDC92006F3EF1EC94F44373907EB1,HOST_CAN_0176,PASS,O=C(NC(CO)C(=O)O)OCc1ccccc1,A09D16FC1626B0112ECCC9C15F6F43AEE0C7BCF662E9A440FE0947EC929413D7,GUEST_CAN_0850,PASS,AttentiveFP,3,guest_cold,4,2.378640651702881
298,11,244,C1N2C3C4N(C2=O)CN5C6C7N(C5=O)CN8C9C2N(C8=O)CN5C8C%10N(C5=O)CN5C%11C%12N(C5=O)CN5C%13C%14N(C5=O)CN5C%15C%16N(C5=O)CN5C%17C(N1C5=O)N1CN3C(=O)N4CN6C(=O)N7CN9C(=O)N2CN8C(=O)N%10CN%11C(=O)N%12CN%13C(=O)N%14CN%15C(=O)N%16CN%17C1=O,CCCCCCCCCC[N+](C)(C)C.[Br-],cucurbituril,6.68120002746582,O=C1N2CN3C(=O)N4CN5C(=O)N6CN7C(=O)N8CN9C(=O)N%10CN%11C(=O)N%12CN%13C(=O)N%14CN%15C(=O)N%16CN1C1C2N2CN%17C(=O)N(CN%18C(=O)N(CN%19C(=O)N(CN%20C(=O)N(CN%21C(=O)N(CN%22C(=O)N(CN%23C(=O)N(CN1C2=O)C%16C%15%23)C%14C%13%22)C%12C%11%21)C%10C9%20)C8C7%19)C6C5%18)C4C3%17,E82CB7F52437B0147F435E3074F006752062FF8924E87C1DAF3210D182FF633B,HOST_CAN_0143,PASS,CCCCCCCCCC[N+](C)(C)C.[Br-],46BE8A29CE0984A9C005B7D3105241F65CFA57D29BB5DF70D6A0B949CE607463,GUEST_CAN_0288,PASS,AttentiveFP,3,guest_cold,4,7.033478260040283
300,3,103,OC[C@H]1O[C@@H]2O[C@@H]3[C@@H](CO)O[C@H](O[C@@H]4[C@@H](CO)O[C@H](O[C@@H]5[C@@H](CO)O[C@H](O[C@@H]6[C@@H](CO)O[C@H](O[C@@H]7[C@@H](CO)O[C@H](O[C@@H]8[C@@H](CO)O[C@H](O[C@H]1[C@H](O)[C@H]2O)[C@H](O)[C@H]8O)[C@H](O)[C@H]7O)[C@H](O)[C@H]6O)[C@H](O)[C@H]5O)[C@H](O)[C@H]4O)[C@H](O)[C@H]3O,CN(C)C1=CC=C(C=C1)C#N,cyclodextrin,2.748199939727783,OC[C@H]1O[C@@H]2O[C@H]3[C@H](O)[C@@H](O)[C@@H](O[C@H]4[C@H](O)[C@@H](O)[C@@H](O[C@H]5[C@H](O)[C@@H](O)[C@@H](O[C@H]6[C@H](O)[C@@H](O)[C@@H](O[C@H]7[C@H](O)[C@@H](O)[C@@H](O[C@H]8[C@H](O)[C@@H](O)[C@@H](O[C@H]1[C@H](O)[C@H]2O)O[C@@H]8CO)O[C@@H]7CO)O[C@@H]6CO)O[C@@H]5CO)O[C@@H]4CO)O[C@@H]3CO,22584443D9512992310760C9871E3E6BDB3EDC92006F3EF1EC94F44373907EB1,HOST_CAN_0176,PASS,CN(C)c1ccc(C#N)cc1,F00B3B125A779B4E82547A15D344BF9EF0EFBEFED97B1235AF377FD0C1A186BB,GUEST_CAN_0403,PASS,AttentiveFP,3,guest_cold,4,2.409302234649658
301,33,157,[H]C1(C(C(O[C@](OC2=C1C=C3[C@]4([H])CCC[N+](C)(C)C)([H])C5=CC(O6)=CC(OC7=CC8=CC(C[N+](C)(C)C)=C7)=C5)=C9)=CC%10=C9O[C@](C%11=CC(O8)=CC(OC%12=CC%13=CC(C[N+](C)(C)C)=C%12)=C%11)([H])OC%14=C(C%10([H])CCC[N+](C)(C)C)C=C%15C(O[C@](C%16=CC%17=CC(O%13)=C%16)([H])OC%18=CC(O[C@](C%19=CC(OC%20=CC(O%17)=CC(C[N+](C)(C)C)=C%20)=CC(OC%21=CC6=CC(C[N+](C)(C)C)=C%21)=C%19)([H])OC3=C2)=C4C=C%18[C@]%15([H])CCC[N+](C)(C)C)=C%14)CCC[N+](C)(C)C.[Cl-].[Cl-].[Cl-].[Cl-].[Cl-].[Cl-].[Cl-].[Cl-],F[P-](F)(F)(F)(F)F.[Na+],other,3.627700090408325,C[N+](C)(C)CCCC1c2cc3c4cc2O[C@H]2Oc5cc6c(cc51)[C@H](CCC[N+](C)(C)C)c1cc5c7cc1O[C@H](O6)c1cc6cc(c1)Oc1cc(C[N+](C)(C)C)cc(c1)Oc1cc8cc(c1)[C@H](Oc1cc(c(cc1[C@H]5CCC[N+](C)(C)C)C3CCC[N+](C)(C)C)O[C@@H](O4)c1cc(cc(c1)Oc1cc(C[N+](C)(C)C)cc(c1)O8)Oc1cc(C[N+](C)(C)C)cc(c1)Oc1cc(cc2c1)Oc1cc(C[N+](C)(C)C)cc(c1)O6)O7.[Cl-].[Cl-].[Cl-].[Cl-].[Cl-].[Cl-].[Cl-].[Cl-],F783BB4F0E2D9595DCCBD26C1895FCF835428AF86721AF4DD7F78FB07FBB8527,HOST_CAN_0096,PASS,F[P-](F)(F)(F)(F)F.[Na+],70B37F864AA04D4E558B70627441F815145BB79C93E4218BE310755F84FFDF85,GUEST_CAN_0710,PASS,AttentiveFP,3,guest_cold,4,2.9886131286621094
306,89,250,O[C@@H]1[C@@H](O)[C@H](O[C@@H]2[C@H](O)[C@@H](O)[C@H](O3)[C@@H](COCCCCS(=O)([O-])=O)O2)[C@@H](COCCCCS(=O)([O-])=O)O[C@@H]1O[C@H]4[C@H](O)[C@@H](O)[C@@H](O[C@@H]5[C@@H](O)[C@H](O)[C@H](O[C@@H]6[C@@H](O)[C@H](O)[C@H](O[C@@H]7[C@@H](O)[C@H](O)[C@H](O[C@@H]8[C@@H](O)[C@H](O)[C@H]3O[C@H]8COCCCCS(=O)([O-])=O)O[C@H]7COCCCCS(=O)([O-])=O)O[C@H]6COCCCCS(=O)([O-])=O)O[C@H]5COCCCCS(=O)([O-])=O)O[C@@H]4COCCCCS(=O)([O-])=O.[Na+].[Na+].[Na+].[Na+].[Na+].[Na+].[Na+],C1=CC(=CC=C1C2=CC3=C(N2)C=C(C=C3)C(=[NH2+])N)C(=[NH2+])N,cyclodextrin,5.146100044250488,O=S(=O)([O-])CCCCOC[C@@H]1O[C@H]2O[C@@H]3[C@@H](O)[C@H](O)[C@H](O[C@H]4[C@H](O)[C@@H](O)[C@@H](O[C@H]5[C@H](O)[C@@H](O)[C@@H](O[C@H]6[C@H](O)[C@@H](O)[C@@H](O[C@@H]7[C@@H](O)[C@H](O)[C@H](O[C@@H]8[C@@H](O)[C@H](O)[C@H](O[C@@H]1[C@@H](O)[C@@H]2O)O[C@H]8COCCCCS(=O)(=O)[O-])O[C@H]7COCCCCS(=O)(=O)[O-])O[C@@H]6COCCCCS(=O)(=O)[O-])O[C@@H]5COCCCCS(=O)(=O)[O-])O[C@@H]4COCCCCS(=O)(=O)[O-])O[C@H]3COCCCCS(=O)(=O)[O-].[Na+].[Na+].[Na+].[Na+].[Na+].[Na+].[Na+],0EF453A8FEAB2DBB346A347C51767F5C4A37ED4747250CEC0BCF3880BBC2D023,HOST_CAN_0157,PASS,NC(=[NH2+])c1ccc(-c2cc3ccc(C(N)=[NH2+])cc3[nH]2)cc1,CEEB6EEFB04D0B8CA13A0AE7419DA74A65BBB334871B9622AAFDF76333649B11,GUEST_CAN_0727,PASS,AttentiveFP,3,guest_cold,4,4.322783470153809
315,1,254,C1C2=CC(=CC(=C2O)CC3=CC(=CC(=C3O)CC4=C(C(=CC(=C4)S(=O)(=O)O)CC5=C(C1=CC(=C5)S(=O)(=O)O)O)O)S(=O)(=O)O)S(=O)(=O)O,NC(=O)CCC(C(=O)NC(C(=O)NC(=O)C(NC(C(=O)N)Cc1ccc(cc1)O)C)C(O)C)NC(=O)C(NC(=O)C(C(O)C)NC(=O)C(NC(=O)C([NH3+])C)CCCNC(=[NH2+])N)CCCC[N+](C)(C)C,calixarene,5.301000118255615,O=S(=O)(O)c1cc2c(O)c(c1)Cc1cc(S(=O)(=O)O)cc(c1O)Cc1cc(S(=O)(=O)O)cc(c1O)Cc1cc(S(=O)(=O)O)cc(c1O)C2,C1130CCDC8DA0C6458EF6C2E07E7F3330D8F8B055CBE4DEAADB70DC00C8CDFC1,HOST_CAN_0154,PASS,CC([NH3+])C(=O)NC(CCCNC(N)=[NH2+])C(=O)NC(C(=O)NC(CCCC[N+](C)(C)C)C(=O)NC(CCC(N)=O)C(=O)NC(C(=O)NC(=O)C(C)NC(Cc1ccc(O)cc1)C(N)=O)C(C)O)C(C)O,D63983BAE8F238F31AAEE8CD424E7B2AEFCB66E397A6E28FAE654123C434FB31,GUEST_CAN_0194,PASS,AttentiveFP,3,guest_cold,4,5.109363555908203
317,3,256,OC[C@H]1O[C@@H]2O[C@@H]3[C@@H](CO)O[C@H](O[C@@H]4[C@@H](CO)O[C@H](O[C@@H]5[C@@H](CO)O[C@H](O[C@@H]6[C@@H](CO)O[C@H](O[C@@H]7[C@@H](CO)O[C@H](O[C@@H]8[C@@H](CO)O[C@H](O[C@H]1[C@H](O)[C@H]2O)[C@H](O)[C@H]8O)[C@H](O)[C@H]7O)[C@H](O)[C@H]6O)[C@H](O)[C@H]5O)[C@H](O)[C@H]4O)[C@H](O)[C@H]3O,CCCCO,cyclodextrin,2.0,OC[C@H]1O[C@@H]2O[C@H]3[C@H](O)[C@@H](O)[C@@H](O[C@H]4[C@H](O)[C@@H](O)[C@@H](O[C@H]5[C@H](O)[C@@H](O)[C@@H](O[C@H]6[C@H](O)[C@@H](O)[C@@H](O[C@H]7[C@H](O)[C@@H](O)[C@@H](O[C@H]8[C@H](O)[C@@H](O)[C@@H](O[C@H]1[C@H](O)[C@H]2O)O[C@@H]8CO)O[C@@H]7CO)O[C@@H]6CO)O[C@@H]5CO)O[C@@H]4CO)O[C@@H]3CO,22584443D9512992310760C9871E3E6BDB3EDC92006F3EF1EC94F44373907EB1,HOST_CAN_0176,PASS,CCCCO,581B7EFD3DCD0E0841EE9123D5670DDC43EF0E9A885955F904BAAFC5653A3E40,GUEST_CAN_0312,PASS,AttentiveFP,3,guest_cold,4,1.9597389698028564
318,15,257,C1=C2C=C3C=C1OC4=CC(=CC(=C4)C(=O)O)OC5=CC6=CC(=C5)C7OC8=CC9=C1C=C8C(C4=C(O7)C=C5C(=C4)C(C4=CC7=C(C=C4OC2O5)OC2C4=CC(=CC(=C4)OC4=CC(=CC(=C4)C(=O)O)OC4=CC(=CC(=C4)OC4=CC(=CC(=C4)O6)C(=O)O)C(O9)OC4=C(C1CCC(=O)O)C=C(C7CCC(=O)O)C(=C4)O2)OC1=CC(=CC(=C1)O3)C(=O)O)CCC(=O)O)CCC(=O)O,[B-]C#N.[Na+],cavitand,2.003999948501587,O=C(O)CCC1c2cc3c4cc2OC2Oc5cc6c(cc51)C(CCC(=O)O)c1cc5c7cc1OC(O6)c1cc6cc(c1)Oc1cc(cc(C(=O)O)c1)Oc1cc8cc(c1)C(Oc1cc(c(cc1C5CCC(=O)O)C3CCC(=O)O)OC(O4)c1cc(cc(c1)Oc1cc(cc(C(=O)O)c1)O8)Oc1cc(cc(C(=O)O)c1)Oc1cc(cc2c1)Oc1cc(cc(C(=O)O)c1)O6)O7,AE6E8A9B8E3ECDE32B65BE9B8736ECC23E2311A112E2CA1B78F35ECF9046A382,HOST_CAN_0117,PASS,[B-]C#N.[Na+],6E772614713BBC86FC89ED5E24C8307A59F018048CC86C967F9B9862D42B8DE7,GUEST_CAN_1011,PASS,AttentiveFP,3,guest_cold,4,2.116281270980835
319,1,258,C1C2=CC(=CC(=C2O)CC3=CC(=CC(=C3O)CC4=C(C(=CC(=C4)S(=O)(=O)O)CC5=C(C1=CC(=C5)S(=O)(=O)O)O)O)S(=O)(=O)O)S(=O)(=O)O,CCCO,calixarene,1.340000033378601,O=S(=O)(O)c1cc2c(O)c(c1)Cc1cc(S(=O)(=O)O)cc(c1O)Cc1cc(S(=O)(=O)O)cc(c1O)Cc1cc(S(=O)(=O)O)cc(c1O)C2,C1130CCDC8DA0C6458EF6C2E07E7F3330D8F8B055CBE4DEAADB70DC00C8CDFC1,HOST_CAN_0154,PASS,CCCO,462B618A7419D00DD59FB15AED29E14BAFD4A7D7D862F15758CAC9C392890247,GUEST_CAN_0334,PASS,AttentiveFP,3,guest_cold,4,2.1219422817230225
335,16,108,NCCOc1c2Cc3cc(cc(c3O)Cc3cc(cc(Cc4c(c(Cc1cc(c2)S(=O)(=O)O)cc(c4)S(=O)(=O)O)O)c3O)S(=O)(=O)O)S(=O)(=O)O,OC(=O)C(CCCNC(=[NH2+])N)N,calixarene,2.6503000259399414,NCCOc1c2cc(S(=O)(=O)O)cc1Cc1cc(S(=O)(=O)O)cc(c1O)Cc1cc(S(=O)(=O)O)cc(c1O)Cc1cc(S(=O)(=O)O)cc(c1O)C2,7D8C32DEDAD770C68375EE2FF28F9CCD81B4D3DB3816F51D3CC994E73708AEBC,HOST_CAN_0109,PASS,NC(=[NH2+])NCCCC(N)C(=O)O,3A95B838A3F3E4B9211C1F9CE461FB93EA851D8F0AA68498288217A21AD77FAC,GUEST_CAN_0726,PASS,AttentiveFP,3,guest_cold,4,2.7136707305908203
336,73,270,C1C2=CC(=CC(=C2O)CC3=CC(=CC(=C3O)CC4=CC(=CC(=C4O)CC5=C(C(=CC(=C5)S(=O)(=O)O)CC6=C(C1=CC(=C6)S(=O)(=O)O)O)O)S(=O)(=O)O)S(=O)(=O)O)S(=O)(=O)O,[H][C@@]1(C=C)[C@@H]2C[C@@]([C@@H](O)C3=CC=NC4=CC=CC=C43)([H])[N@](C1)CC2,calixarene,4.756800174713135,O=S(=O)(O)c1cc2c(O)c(c1)Cc1cc(S(=O)(=O)O)cc(c1O)Cc1cc(S(=O)(=O)O)cc(c1O)Cc1cc(S(=O)(=O)O)cc(c1O)Cc1cc(S(=O)(=O)O)cc(c1O)C2,CE64A1CA71928E5DE79CF9633E11D44D0BC2C175AB3D980BF8052807605CA8CC,HOST_CAN_0155,PASS,C=C[C@H]1C[N@]2CC[C@H]1C[C@@H]2[C@@H](O)c1ccnc2ccccc12,614D9CAAD2EDBD077C05B77BC250ED9BDBB32D9955FD3E39F65BA91829D1DB5E,GUEST_CAN_0054,PASS,AttentiveFP,3,guest_cold,4,4.813231468200684
338,46,271,C1C2=CC(=CC(=C2O)CC3=CC(=CC(=C3O)CC4=C(C(=CC(=C4)S(=O)(=O)O)CC5=C(C1=CC(=C5)S(=O)(=O)[O-])O)O)S(=O)(=O)O)S(=O)(=O)O.[Na+],C1=CC=NC(=C1)N,calixarene,3.717600107192993,O=S(=O)([O-])c1cc2c(O)c(c1)Cc1cc(S(=O)(=O)O)cc(c1O)Cc1cc(S(=O)(=O)O)cc(c1O)Cc1cc(S(=O)(=O)O)cc(c1O)C2.[Na+],CA94CECC10EDB9167B38E05C5D125873C9C1506ED227A3D9C6CBBCD696828A96,HOST_CAN_0163,PASS,Nc1ccccn1,37A89CEE84BAFA4BA4E4333AD3051B9409462C09645E500B0AEB6FECD2D14118,GUEST_CAN_0839,PASS,AttentiveFP,3,guest_cold,4,2.69177508354187
352,15,281,C1=C2C=C3C=C1OC4=CC(=CC(=C4)C(=O)O)OC5=CC6=CC(=C5)C7OC8=CC9=C1C=C8C(C4=C(O7)C=C5C(=C4)C(C4=CC7=C(C=C4OC2O5)OC2C4=CC(=CC(=C4)OC4=CC(=CC(=C4)C(=O)O)OC4=CC(=CC(=C4)OC4=CC(=CC(=C4)O6)C(=O)O)C(O9)OC4=C(C1CCC(=O)O)C=C(C7CCC(=O)O)C(=C4)O2)OC1=CC(=CC(=C1)O3)C(=O)O)CCC(=O)O)CCC(=O)O,C1CCC(C1)CC(=O)O,cavitand,4.167300224304199,O=C(O)CCC1c2cc3c4cc2OC2Oc5cc6c(cc51)C(CCC(=O)O)c1cc5c7cc1OC(O6)c1cc6cc(c1)Oc1cc(cc(C(=O)O)c1)Oc1cc8cc(c1)C(Oc1cc(c(cc1C5CCC(=O)O)C3CCC(=O)O)OC(O4)c1cc(cc(c1)Oc1cc(cc(C(=O)O)c1)O8)Oc1cc(cc(C(=O)O)c1)Oc1cc(cc2c1)Oc1cc(cc(C(=O)O)c1)O6)O7,AE6E8A9B8E3ECDE32B65BE9B8736ECC23E2311A112E2CA1B78F35ECF9046A382,HOST_CAN_0117,PASS,O=C(O)CC1CCCC1,B26B5C1A414F0F248B420D703FE03E508390EEBAF5F9AB5DAA4D5EC46659AD77,GUEST_CAN_0871,PASS,AttentiveFP,3,guest_cold,4,3.105288028717041
354,1,282,C1C2=CC(=CC(=C2O)CC3=CC(=CC(=C3O)CC4=C(C(=CC(=C4)S(=O)(=O)O)CC5=C(C1=CC(=C5)S(=O)(=O)O)O)O)S(=O)(=O)O)S(=O)(=O)O,C[N+](Cc1ccccc1)(C)C.[Cl-],calixarene,4.039599895477295,O=S(=O)(O)c1cc2c(O)c(c1)Cc1cc(S(=O)(=O)O)cc(c1O)Cc1cc(S(=O)(=O)O)cc(c1O)Cc1cc(S(=O)(=O)O)cc(c1O)C2,C1130CCDC8DA0C6458EF6C2E07E7F3330D8F8B055CBE4DEAADB70DC00C8CDFC1,HOST_CAN_0154,PASS,C[N+](C)(C)Cc1ccccc1.[Cl-],E2B72B1017236ED2C69E32C9B5E76732BCFAE5D22D33A5C5E5E41D1D3289A9C6,GUEST_CAN_0579,PASS,AttentiveFP,3,guest_cold,4,4.199593544006348
355,94,283,CC(C(O[Na])=O)OC(C(OC(C)C(O[Na])=O)=C1)=CC2=C1C(C=C(OC(C(O[Na])=O)C)C(OC(C(O[Na])=O)C)=C3)=C3C4=C2C=C(OC(C(O[Na])=O)C)C(OC(C)C(O[Na])=O)=C4,C(C(C1C(=C(C(=O)O1)O)O)O)O,other,0.0,CC(Oc1cc2c3cc(OC(C)C(=O)[O][Na])c(OC(C)C(=O)[O][Na])cc3c3cc(OC(C)C(=O)[O][Na])c(OC(C)C(=O)[O][Na])cc3c2cc1OC(C)C(=O)[O][Na])C(=O)[O][Na],BA584CA32AF40B5CC01118169993C3B68F1DD55FC57084F45766D3D97748C6AD,HOST_CAN_0016,PASS,O=C1OC(C(O)CO)C(O)=C1O,CF1446AA0DE93D2468C2E70BEE2FCB331BFCB891BE0066305793D3E082434FE6,GUEST_CAN_0921,PASS,AttentiveFP,3,guest_cold,4,1.0494701862335205
357,95,157,COC[C@H]1O[C@@H]2O[C@H]3[CH][CH][C@H](O[CH]3)O[C@H]3[C@H](OC)[C@@H](OC)[C@H](O[C@@H]3COC)O[C@H]3[C@H](OC)[C@@H](OC)[C@H](O[C@@H]3COC)O[C@H]3[C@H](OC)[C@@H](OC)[C@H](O[C@@H]3COC)O[C@H]3[C@H](OC)[C@@H](OC)[C@H](O[C@@H]3COC)O[C@H]1[C@H](OC)[C@H]2OC,F[P-](F)(F)(F)(F)F.[Na+],cyclodextrin,1.7199000120162964,COC[C@H]1O[C@@H]2O[C@H]3[C@H](OC)[C@@H](OC)[C@@H](O[C@H]4[C@H](OC)[C@@H](OC)[C@@H](O[C@H]5[C@H](OC)[C@@H](OC)[C@@H](O[C@H]6[C@H](OC)[C@@H](OC)[C@@H](O[C@H]7[CH][CH][C@H](O[CH]7)O[C@H]1[C@H](OC)[C@H]2OC)O[C@@H]6COC)O[C@@H]5COC)O[C@@H]4COC)O[C@@H]3COC,BA1F8E9DE02B15AC84054A5C62EC8B5DF0CD7AD851D8A1EF33FE4C916623E590,HOST_CAN_0064,PASS,F[P-](F)(F)(F)(F)F.[Na+],70B37F864AA04D4E558B70627441F815145BB79C93E4218BE310755F84FFDF85,GUEST_CAN_0710,PASS,AttentiveFP,3,guest_cold,4,1.7219746112823486
363,45,31,C1C2=CC(=CC=C2)CC3=CC(=CC=C3)CC4=CC=CC(=C4)CC5=CC=CC1=C5,CC(=O)OC(CC(=O)[O-])C[N+](C)(C)C,calixarene,3.3833000659942627,c1cc2cc(c1)Cc1cccc(c1)Cc1cccc(c1)Cc1cccc(c1)C2,001BA14F081450375618B4DEC192A3633931B27A166EE11658CCCBFAB45E327F,HOST_CAN_0183,PASS,CC(=O)OC(CC(=O)[O-])C[N+](C)(C)C,84F3DE3A4774B1F6AF116A86D71ECC8AE9DDDEEB6CDC576B42DD15BBFC1D17CE,GUEST_CAN_0094,PASS,AttentiveFP,3,guest_cold,4,4.43303108215332
374,8,201,C1N2C3C4N(C2=O)CN5C6C7N(C5=O)CN8C9C2N(C8=O)CN5C8C%10N(C5=O)CN5C%11C%12N(C5=O)CN5C%13C(N1C5=O)N1CN3C(=O)N4CN6C(=O)N7CN9C(=O)N2CN8C(=O)N%10CN%11C(=O)N%12CN%13C1=O,[Li+],cucurbituril,2.380000114440918,O=C1N2CN3C(=O)N4CN5C(=O)N6CN7C(=O)N8CN9C(=O)N%10CN%11C(=O)N%12CN1C1C2N2CN%13C(=O)N(CN%14C(=O)N(CN%15C(=O)N(CN%16C(=O)N(CN%17C(=O)N(CN1C2=O)C%12C%11%17)C%10C9%16)C8C7%15)C6C5%14)C4C3%13,2526C525F966BEE6CB589BBB60C9F4124C02584847747BDAFF4E92B4462536E8,HOST_CAN_0149,PASS,[Li+],A7557B375892DC7E581DDC6CA9773574F95B6514113F07A19BDE6059504332FE,GUEST_CAN_1071,PASS,AttentiveFP,3,guest_cold,4,1.6863245964050293
376,9,295,[O-]C(=O)COc1ccc2c3c1CNC(=O)c1c(OCC(=O)[O-])ccc4c1ccc1c4C4CC(O1)Oc1c4c4ccc(c(C(=O)NCc5c6c(c7C8c2c(cc3)OC(C8)Oc7cc6)ccc5OCC(=O)[O-])c4cc1)OCC(=O)[O-].[NH4+].[NH4+].[NH4+].[NH4+],C1CCSCC1,other,2.079200029373169,O=C([O-])COc1ccc2c3c4ccc2c1CNC(=O)c1c(OCC(=O)[O-])ccc2c5c(ccc12)OC1CC5c2c(ccc5c(c(OCC(=O)[O-])ccc25)C(=O)NCc2c(OCC(=O)[O-])ccc5c6c(ccc25)OC(CC36)O4)O1.[NH4+].[NH4+].[NH4+].[NH4+],7D3830C6A6E10F82EEBCC3ED68B861BB21ED63B1DDB277580F3032527E5A1183,HOST_CAN_0139,PASS,C1CCSCC1,A9CBF306F6DA1FCB34760A9B9B96AD454AFE05B414B3AB4EB9CC9F5731B70047,GUEST_CAN_0031,PASS,AttentiveFP,3,guest_cold,4,2.0311949253082275
378,52,72,OC(=O)COc1c2Cc3cc(cc(c3O)Cc3cc(cc(c3O)Cc3cc(cc(Cc4c(c(Cc5c(c(Cc1cc(c2)S(=O)(=O)O)cc(c5)S(=O)(=O)O)O)cc(c4)S(=O)(=O)O)O)c3O)S(=O)(=O)O)S(=O)(=O)O)S(=O)(=O)O,NC(C(=O)O)Cc1c[nH]cn1,calixarene,3.0174999237060547,O=C(O)COc1c2cc(S(=O)(=O)O)cc1Cc1cc(S(=O)(=O)O)cc(c1O)Cc1cc(S(=O)(=O)O)cc(c1O)Cc1cc(S(=O)(=O)O)cc(c1O)Cc1cc(S(=O)(=O)O)cc(c1O)Cc1cc(S(=O)(=O)O)cc(c1O)C2,89AB142F8D041F89710D49168CBEF0FA0D792576B82031818BFF7C2DE5D92117,HOST_CAN_0127,PASS,NC(Cc1c[nH]cn1)C(=O)O,FB673C9EDBC2F6C509C14A12DA10308CC8AD4E94C32BC5F3BAD448FBAA74F381,GUEST_CAN_0741,PASS,AttentiveFP,3,guest_cold,4,2.5008134841918945
380,60,298,CCCCOc1ccc2c3c1COCc1c(OCCCC)ccc4c1ccc1c4C4CC(O1)Oc1c4c4ccc(c(COCc5c6c(c7C8c2c(cc3)OC(C8)Oc7cc6)ccc5OCCCC)c4cc1)OCCCC,C(CC[N+]12CCN(CC1)CC2)CCC[N+]12CCN(CC1)CC2,other,6.255300045013428,CCCCOc1ccc2c3c4ccc2c1COCc1c(OCCCC)ccc2c5c(ccc12)OC1CC5c2c(ccc5c(c(OCCCC)ccc25)COCc2c(OCCCC)ccc5c6c(ccc25)OC(CC36)O4)O1,88DCF2D39B7DF2B43B3F0E5C1B57BDEDED9EEF541105412EB4DABE8747E45264,HOST_CAN_0034,PASS,C(CCC[N+]12CCN(CC1)CC2)CC[N+]12CCN(CC1)CC2,CA03940268A096E4FD0F87AF5612090AAF7029B2564BA733EDE8CFECC3E28C75,GUEST_CAN_0010,PASS,AttentiveFP,3,guest_cold,4,7.452879905700684
385,55,126,OC1=C(CC2=CC(S(=O)([O-])=O)=CC(CC3=C(O)C4=CC(S(=O)([O-])=O)=C3)=C2O)C=C(S(=O)([O-])=O)C=C1CC5=C(O)C(CC6=CC(S(=O)([O-])=O)=CC(CC7=CC(S(=O)([O-])=O)=CC(CC8=C(O)C(CC9=CC(S(=O)([O-])=O)=CC(C4)=C9O)=CC(S(=O)([O-])=O)=C8)=C7OCCN)=C6O)=CC(S(=O)([O-])=O)=C5,NC(C(=O)O)Cc1ccccc1,calixarene,2.3180999755859375,NCCOc1c2cc(S(=O)(=O)[O-])cc1Cc1cc(S(=O)(=O)[O-])cc(c1O)Cc1cc(S(=O)(=O)[O-])cc(c1O)Cc1cc(S(=O)(=O)[O-])cc(c1O)Cc1cc(S(=O)(=O)[O-])cc(c1O)Cc1cc(S(=O)(=O)[O-])cc(c1O)Cc1cc(S(=O)(=O)[O-])cc(c1O)Cc1cc(S(=O)(=O)[O-])cc(c1O)C2,46CD7FE84C8D6C4EF795EC2A85AC98203C8613778274664FF650C7423640E7D1,HOST_CAN_0112,PASS,NC(Cc1ccccc1)C(=O)O,4B6B1236F1C31D28D9F95F736FF46B2960AFF4F6FCE3D9E76CF43DE2ADDE8B08,GUEST_CAN_0746,PASS,AttentiveFP,3,guest_cold,4,2.4031596183776855
386,82,126,OC1=C2C=C(S(=O)([O-])=O)C=C1CC3=C(O)C(CC4=CC(S(=O)([O-])=O)=CC(CC5=CC(S(=O)([O-])=O)=CC(CC6=CC(S(=O)([O-])=O)=CC(CC(C=C(S(=O)([O-])=O)C=C7C2)=C7O)=C6O)=C5OCCN)=C4O)=CC(S(=O)([O-])=O)=C3,NC(C(=O)O)Cc1ccccc1,calixarene,2.5657999515533447,NCCOc1c2cc(S(=O)(=O)[O-])cc1Cc1cc(S(=O)(=O)[O-])cc(c1O)Cc1cc(S(=O)(=O)[O-])cc(c1O)Cc1cc(S(=O)(=O)[O-])cc(c1O)Cc1cc(S(=O)(=O)[O-])cc(c1O)Cc1cc(S(=O)(=O)[O-])cc(c1O)C2,943BCEA8586BE526CE8501B61202A05D77257BC2BB9DA3A3C52BD077795B3D50,HOST_CAN_0111,PASS,NC(Cc1ccccc1)C(=O)O,4B6B1236F1C31D28D9F95F736FF46B2960AFF4F6FCE3D9E76CF43DE2ADDE8B08,GUEST_CAN_0746,PASS,AttentiveFP,3,guest_cold,4,2.32279109954834
392,11,307,C1N2C3C4N(C2=O)CN5C6C7N(C5=O)CN8C9C2N(C8=O)CN5C8C%10N(C5=O)CN5C%11C%12N(C5=O)CN5C%13C%14N(C5=O)CN5C%15C%16N(C5=O)CN5C%17C(N1C5=O)N1CN3C(=O)N4CN6C(=O)N7CN9C(=O)N2CN8C(=O)N%10CN%11C(=O)N%12CN%13C(=O)N%14CN%15C(=O)N%16CN%17C1=O,C[N+](C)(CCN1C(=O)C2=C3C(=CC=C4C3=C(C=C2)C5=C6C4=CC=C7C6=C(C=C5)C(=O)N(C7=O)CC[N+](C)(C)CCO)C1=O)CCO,cucurbituril,5.301000118255615,O=C1N2CN3C(=O)N4CN5C(=O)N6CN7C(=O)N8CN9C(=O)N%10CN%11C(=O)N%12CN%13C(=O)N%14CN%15C(=O)N%16CN1C1C2N2CN%17C(=O)N(CN%18C(=O)N(CN%19C(=O)N(CN%20C(=O)N(CN%21C(=O)N(CN%22C(=O)N(CN%23C(=O)N(CN1C2=O)C%16C%15%23)C%14C%13%22)C%12C%11%21)C%10C9%20)C8C7%19)C6C5%18)C4C3%17,E82CB7F52437B0147F435E3074F006752062FF8924E87C1DAF3210D182FF633B,HOST_CAN_0143,PASS,C[N+](C)(CCO)CCN1C(=O)c2ccc3c4ccc5c6c(ccc(c7ccc(c2c37)C1=O)c64)C(=O)N(CC[N+](C)(C)CCO)C5=O,16139860E4A84E9CCC8E86E0D7F4F6020857A97B6F066B644CD69969D8520665,GUEST_CAN_0589,PASS,AttentiveFP,3,guest_cold,4,7.230827331542969
402,3,315,OC[C@H]1O[C@@H]2O[C@@H]3[C@@H](CO)O[C@H](O[C@@H]4[C@@H](CO)O[C@H](O[C@@H]5[C@@H](CO)O[C@H](O[C@@H]6[C@@H](CO)O[C@H](O[C@@H]7[C@@H](CO)O[C@H](O[C@@H]8[C@@H](CO)O[C@H](O[C@H]1[C@H](O)[C@H]2O)[C@H](O)[C@H]8O)[C@H](O)[C@H]7O)[C@H](O)[C@H]6O)[C@H](O)[C@H]5O)[C@H](O)[C@H]4O)[C@H](O)[C@H]3O,CC(C)NCC(COC1=CC=CC2=CC=CC=C21)O.Cl,cyclodextrin,2.06820011138916,OC[C@H]1O[C@@H]2O[C@H]3[C@H](O)[C@@H](O)[C@@H](O[C@H]4[C@H](O)[C@@H](O)[C@@H](O[C@H]5[C@H](O)[C@@H](O)[C@@H](O[C@H]6[C@H](O)[C@@H](O)[C@@H](O[C@H]7[C@H](O)[C@@H](O)[C@@H](O[C@H]8[C@H](O)[C@@H](O)[C@@H](O[C@H]1[C@H](O)[C@H]2O)O[C@@H]8CO)O[C@@H]7CO)O[C@@H]6CO)O[C@@H]5CO)O[C@@H]4CO)O[C@@H]3CO,22584443D9512992310760C9871E3E6BDB3EDC92006F3EF1EC94F44373907EB1,HOST_CAN_0176,PASS,CC(C)NCC(O)COc1cccc2ccccc12.Cl,7E3AE29C6BF9E41BF9911620AA6F0D58B216046EE525533BCB3FF29556ECAB25,GUEST_CAN_0162,PASS,AttentiveFP,3,guest_cold,4,2.832911491394043
407,22,31,Oc1c2Sc3cc(cc(c3O)Sc3cc(cc(Sc4c(c(Sc1cc(c2)S(=O)(=O)O)cc(c4)S(=O)(=O)O)O)c3O)S(=O)(=O)O)S(=O)(=O)O,CC(=O)OC(CC(=O)[O-])C[N+](C)(C)C,calixarene,1.3221999406814575,O=S(=O)(O)c1cc2c(O)c(c1)Sc1cc(S(=O)(=O)O)cc(c1O)Sc1cc(S(=O)(=O)O)cc(c1O)Sc1cc(S(=O)(=O)O)cc(c1O)S2,5FE888C1FB51BDA35D21231A31EDB8203ACD56DD9744D0C6B83351EC668D4256,HOST_CAN_0156,PASS,CC(=O)OC(CC(=O)[O-])C[N+](C)(C)C,84F3DE3A4774B1F6AF116A86D71ECC8AE9DDDEEB6CDC576B42DD15BBFC1D17CE,GUEST_CAN_0094,PASS,AttentiveFP,3,guest_cold,4,3.0590102672576904
409,3,317,OC[C@H]1O[C@@H]2O[C@@H]3[C@@H](CO)O[C@H](O[C@@H]4[C@@H](CO)O[C@H](O[C@@H]5[C@@H](CO)O[C@H](O[C@@H]6[C@@H](CO)O[C@H](O[C@@H]7[C@@H](CO)O[C@H](O[C@@H]8[C@@H](CO)O[C@H](O[C@H]1[C@H](O)[C@H]2O)[C@H](O)[C@H]8O)[C@H](O)[C@H]7O)[C@H](O)[C@H]6O)[C@H](O)[C@H]5O)[C@H](O)[C@H]4O)[C@H](O)[C@H]3O,C1CCC(C(C1)O)O,cyclodextrin,1.9293999671936035,OC[C@H]1O[C@@H]2O[C@H]3[C@H](O)[C@@H](O)[C@@H](O[C@H]4[C@H](O)[C@@H](O)[C@@H](O[C@H]5[C@H](O)[C@@H](O)[C@@H](O[C@H]6[C@H](O)[C@@H](O)[C@@H](O[C@H]7[C@H](O)[C@@H](O)[C@@H](O[C@H]8[C@H](O)[C@@H](O)[C@@H](O[C@H]1[C@H](O)[C@H]2O)O[C@@H]8CO)O[C@@H]7CO)O[C@@H]6CO)O[C@@H]5CO)O[C@@H]4CO)O[C@@H]3CO,22584443D9512992310760C9871E3E6BDB3EDC92006F3EF1EC94F44373907EB1,HOST_CAN_0176,PASS,OC1CCCCC1O,68517F5E2C4E7A6C5B57748F5CC516315EA14A9348D8746ED8A985C007ADFF97,GUEST_CAN_0964,PASS,AttentiveFP,3,guest_cold,4,2.409374713897705
410,45,108,C1C2=CC(=CC=C2)CC3=CC(=CC=C3)CC4=CC=CC(=C4)CC5=CC=CC1=C5,OC(=O)C(CCCNC(=[NH2+])N)N,calixarene,3.447200059890747,c1cc2cc(c1)Cc1cccc(c1)Cc1cccc(c1)Cc1cccc(c1)C2,001BA14F081450375618B4DEC192A3633931B27A166EE11658CCCBFAB45E327F,HOST_CAN_0183,PASS,NC(=[NH2+])NCCCC(N)C(=O)O,3A95B838A3F3E4B9211C1F9CE461FB93EA851D8F0AA68498288217A21AD77FAC,GUEST_CAN_0726,PASS,AttentiveFP,3,guest_cold,4,3.8368780612945557
412,3,319,OC[C@H]1O[C@@H]2O[C@@H]3[C@@H](CO)O[C@H](O[C@@H]4[C@@H](CO)O[C@H](O[C@@H]5[C@@H](CO)O[C@H](O[C@@H]6[C@@H](CO)O[C@H](O[C@@H]7[C@@H](CO)O[C@H](O[C@@H]8[C@@H](CO)O[C@H](O[C@H]1[C@H](O)[C@H]2O)[C@H](O)[C@H]8O)[C@H](O)[C@H]7O)[C@H](O)[C@H]6O)[C@H](O)[C@H]5O)[C@H](O)[C@H]4O)[C@H](O)[C@H]3O,C1=CC(=CC=C1C(C2=CC=C(C=C2)O)(C(F)(F)F)C(F)(F)F)O,cyclodextrin,4.247000217437744,OC[C@H]1O[C@@H]2O[C@H]3[C@H](O)[C@@H](O)[C@@H](O[C@H]4[C@H](O)[C@@H](O)[C@@H](O[C@H]5[C@H](O)[C@@H](O)[C@@H](O[C@H]6[C@H](O)[C@@H](O)[C@@H](O[C@H]7[C@H](O)[C@@H](O)[C@@H](O[C@H]8[C@H](O)[C@@H](O)[C@@H](O[C@H]1[C@H](O)[C@H]2O)O[C@@H]8CO)O[C@@H]7CO)O[C@@H]6CO)O[C@@H]5CO)O[C@@H]4CO)O[C@@H]3CO,22584443D9512992310760C9871E3E6BDB3EDC92006F3EF1EC94F44373907EB1,HOST_CAN_0176,PASS,Oc1ccc(C(c2ccc(O)cc2)(C(F)(F)F)C(F)(F)F)cc1,CB868649F37E42F36AE2CA1AB541933F6D36640D26FCA15D1FEE745EAD58B548,GUEST_CAN_0991,PASS,AttentiveFP,3,guest_cold,4,2.692455291748047
423,11,327,C1N2C3C4N(C2=O)CN5C6C7N(C5=O)CN8C9C2N(C8=O)CN5C8C%10N(C5=O)CN5C%11C%12N(C5=O)CN5C%13C%14N(C5=O)CN5C%15C%16N(C5=O)CN5C%17C(N1C5=O)N1CN3C(=O)N4CN6C(=O)N7CN9C(=O)N2CN8C(=O)N%10CN%11C(=O)N%12CN%13C(=O)N%14CN%15C(=O)N%16CN%17C1=O,O=C(CC[C@@H](C(=O)NCC(=O)NCC(=O)NCC(=O)NCC(=O)N[C@H](C(=O)NCC(=O)NCC(=O)N)CCC(=O)NCC[n+]1ccc(cc1)c1cc[n+](cc1)C)NC(=O)CNC(=O)CNC(=O)CNC(=O)CNC(=O)[C@@H](NC(=O)CNC(=O)CNC(=O)C)CCC(=O)NCC[n+]1ccc(cc1)c1cc[n+](cc1)C)NCC[n+]1ccc(cc1)c1cc[n+](cc1)C,cucurbituril,6.204100131988525,O=C1N2CN3C(=O)N4CN5C(=O)N6CN7C(=O)N8CN9C(=O)N%10CN%11C(=O)N%12CN%13C(=O)N%14CN%15C(=O)N%16CN1C1C2N2CN%17C(=O)N(CN%18C(=O)N(CN%19C(=O)N(CN%20C(=O)N(CN%21C(=O)N(CN%22C(=O)N(CN%23C(=O)N(CN1C2=O)C%16C%15%23)C%14C%13%22)C%12C%11%21)C%10C9%20)C8C7%19)C6C5%18)C4C3%17,E82CB7F52437B0147F435E3074F006752062FF8924E87C1DAF3210D182FF633B,HOST_CAN_0143,PASS,CC(=O)NCC(=O)NCC(=O)N[C@@H](CCC(=O)NCC[n+]1ccc(-c2cc[n+](C)cc2)cc1)C(=O)NCC(=O)NCC(=O)NCC(=O)NCC(=O)N[C@@H](CCC(=O)NCC[n+]1ccc(-c2cc[n+](C)cc2)cc1)C(=O)NCC(=O)NCC(=O)NCC(=O)NCC(=O)N[C@@H](CCC(=O)NCC[n+]1ccc(-c2cc[n+](C)cc2)cc1)C(=O)NCC(=O)NCC(N)=O,C67BCDB4965E29668A530C53F74FEE3D5270C83F6E4F6E35F8DE7E2085B8C2F7,GUEST_CAN_0079,PASS,AttentiveFP,3,guest_cold,4,6.386107444763184
431,18,331,CC1=C2C3=CC4=C1OC5C6=CC7=CC(=C6)OC8=CC(=CC(=C8)C(=O)O)OC9=CC1=CC(=C9)C6OC8=C(C=C(C4CCC(=O)O)C(=C8C)O5)C(C4=C(O6)C(=C5C(=C4)C(C4=C6C(=C(C(=C4)C3CCC(=O)O)OC(O2)C2=CC(=CC(=C2)OC2=CC(=CC(=C2)C(=O)O)OC2=CC(=CC(=C2)C(O5)O6)OC2=CC(=CC(=C2)C(=O)O)O1)OC1=CC(=CC(=C1)C(=O)O)O7)C)CCC(=O)O)C)CCC(=O)O,C1C2CC3CC(C2)(CC1C3Br)C(=O)O,cavitand,1.370300054550171,Cc1c2c3cc4c1OC1Oc5c(cc6c(c5C)OC5Oc7c(cc8c(c7C)OC7Oc9c(cc(c(c9C)OC(O2)c2cc9cc(c2)Oc2cc(cc(C(=O)O)c2)Oc2cc(cc7c2)Oc2cc(cc(C(=O)O)c2)Oc2cc(cc5c2)Oc2cc(cc(C(=O)O)c2)Oc2cc(cc1c2)Oc1cc(cc(C(=O)O)c1)O9)C3CCC(=O)O)C8CCC(=O)O)C6CCC(=O)O)C4CCC(=O)O,326FFD4B5C5565D32207155C0B129AE16AFCA7B3342F0DAD815C24AB8DFA8483,HOST_CAN_0099,PASS,O=C(O)C12CC3CC(C1)C(Br)C(C3)C2,2B1B5D617BF3C1AF1FA4EA56A3E2892507C8BE85259EA3CFB9B7E157479F0A0F,GUEST_CAN_0862,PASS,AttentiveFP,3,guest_cold,4,5.518547058105469
434,98,198,C([C@@H]1[C@@H]2[C@@H]([C@H]([C@H](O1)O[C@@H]3[C@H](O[C@@H]([C@@H]([C@H]3O)O)O[C@@H]4[C@H](O[C@@H]([C@@H]([C@H]4O)O)O[C@@H]5[C@H](O[C@@H]([C@@H]([C@H]5O)O)O[C@@H]6[C@H](O[C@@H]([C@@H]([C@H]6O)O)O[C@@H]7[C@H](O[C@@H]([C@@H]([C@H]7O)O)O[C@@H]8[C@H](O[C@H](O2)[C@@H]([C@H]8O)O)CO)CO)CO)CO)CO)CO)O)O)NCC(=O)O,CC(CCC(=O)[O-])C1CCC2C1(C(CC3C2CCC4C3(CCC(C4)O)C)O)C.[Na+],cyclodextrin,3.6057000160217285,O=C(O)CNC[C@H]1O[C@@H]2O[C@H]3[C@H](O)[C@@H](O)[C@@H](O[C@H]4[C@H](O)[C@@H](O)[C@@H](O[C@H]5[C@H](O)[C@@H](O)[C@@H](O[C@H]6[C@H](O)[C@@H](O)[C@@H](O[C@H]7[C@H](O)[C@@H](O)[C@@H](O[C@H]8[C@H](O)[C@@H](O)[C@@H](O[C@H]1[C@H](O)[C@H]2O)O[C@@H]8CO)O[C@@H]7CO)O[C@@H]6CO)O[C@@H]5CO)O[C@@H]4CO)O[C@@H]3CO,1CB8BB8FC7131D0029408460C176413DD5567C2F911FE5DE54C9E901F56DC40B,HOST_CAN_0125,PASS,CC(CCC(=O)[O-])C1CCC2C3CCC4CC(O)CCC4(C)C3CC(O)C12C.[Na+],AAE8955CE9801473265577821D0239EBE4B6812D89DD2C64FBC72356DA8A31D4,GUEST_CAN_0174,PASS,AttentiveFP,3,guest_cold,4,3.5973849296569824
438,3,187,OC[C@H]1O[C@@H]2O[C@@H]3[C@@H](CO)O[C@H](O[C@@H]4[C@@H](CO)O[C@H](O[C@@H]5[C@@H](CO)O[C@H](O[C@@H]6[C@@H](CO)O[C@H](O[C@@H]7[C@@H](CO)O[C@H](O[C@@H]8[C@@H](CO)O[C@H](O[C@H]1[C@H](O)[C@H]2O)[C@H](O)[C@H]8O)[C@H](O)[C@H]7O)[C@H](O)[C@H]6O)[C@H](O)[C@H]5O)[C@H](O)[C@H]4O)[C@H](O)[C@H]3O,CCC(C)C(C1=CC=CC=C1)C(=O)OCC[N+](C)(CC)CC.[Br-],cyclodextrin,4.202099800109863,OC[C@H]1O[C@@H]2O[C@H]3[C@H](O)[C@@H](O)[C@@H](O[C@H]4[C@H](O)[C@@H](O)[C@@H](O[C@H]5[C@H](O)[C@@H](O)[C@@H](O[C@H]6[C@H](O)[C@@H](O)[C@@H](O[C@H]7[C@H](O)[C@@H](O)[C@@H](O[C@H]8[C@H](O)[C@@H](O)[C@@H](O[C@H]1[C@H](O)[C@H]2O)O[C@@H]8CO)O[C@@H]7CO)O[C@@H]6CO)O[C@@H]5CO)O[C@@H]4CO)O[C@@H]3CO,22584443D9512992310760C9871E3E6BDB3EDC92006F3EF1EC94F44373907EB1,HOST_CAN_0176,PASS,CCC(C)C(C(=O)OCC[N+](C)(CC)CC)c1ccccc1.[Br-],F14832804F3AFFF114BFCBD52BEFB4558702666E47D58676E968FE363E66A6E0,GUEST_CAN_0258,PASS,AttentiveFP,3,guest_cold,4,2.9848673343658447
442,52,337,OC(=O)COc1c2Cc3cc(cc(c3O)Cc3cc(cc(c3O)Cc3cc(cc(Cc4c(c(Cc5c(c(Cc1cc(c2)S(=O)(=O)O)cc(c5)S(=O)(=O)O)O)cc(c4)S(=O)(=O)O)O)c3O)S(=O)(=O)O)S(=O)(=O)O)S(=O)(=O)O,OCC(C(=O)O)N,calixarene,2.2253000736236572,O=C(O)COc1c2cc(S(=O)(=O)O)cc1Cc1cc(S(=O)(=O)O)cc(c1O)Cc1cc(S(=O)(=O)O)cc(c1O)Cc1cc(S(=O)(=O)O)cc(c1O)Cc1cc(S(=O)(=O)O)cc(c1O)Cc1cc(S(=O)(=O)O)cc(c1O)C2,89AB142F8D041F89710D49168CBEF0FA0D792576B82031818BFF7C2DE5D92117,HOST_CAN_0127,PASS,NC(CO)C(=O)O,2EBE58D687C0AA53F22B8D1549C80A85A6D27FB38ECC46BD2A35B25250CAEFA2,GUEST_CAN_0734,PASS,AttentiveFP,3,guest_cold,4,1.8623709678649902
449,3,342,OC[C@H]1O[C@@H]2O[C@@H]3[C@@H](CO)O[C@H](O[C@@H]4[C@@H](CO)O[C@H](O[C@@H]5[C@@H](CO)O[C@H](O[C@@H]6[C@@H](CO)O[C@H](O[C@@H]7[C@@H](CO)O[C@H](O[C@@H]8[C@@H](CO)O[C@H](O[C@H]1[C@H](O)[C@H]2O)[C@H](O)[C@H]8O)[C@H](O)[C@H]7O)[C@H](O)[C@H]6O)[C@H](O)[C@H]5O)[C@H](O)[C@H]4O)[C@H](O)[C@H]3O,C1=CC=C(C=C1)COCC=O,cyclodextrin,2.342400074005127,OC[C@H]1O[C@@H]2O[C@H]3[C@H](O)[C@@H](O)[C@@H](O[C@H]4[C@H](O)[C@@H](O)[C@@H](O[C@H]5[C@H](O)[C@@H](O)[C@@H](O[C@H]6[C@H](O)[C@@H](O)[C@@H](O[C@H]7[C@H](O)[C@@H](O)[C@@H](O[C@H]8[C@H](O)[C@@H](O)[C@@H](O[C@H]1[C@H](O)[C@H]2O)O[C@@H]8CO)O[C@@H]7CO)O[C@@H]6CO)O[C@@H]5CO)O[C@@H]4CO)O[C@@H]3CO,22584443D9512992310760C9871E3E6BDB3EDC92006F3EF1EC94F44373907EB1,HOST_CAN_0176,PASS,O=CCOCc1ccccc1,814634EABD1D2CFF1B20A4F82DC95C916F9BCF5874A301C1F888443B6BCB6FC7,GUEST_CAN_0927,PASS,AttentiveFP,3,guest_cold,4,2.3471927642822266
450,24,343,OC1=C2C=C(S(=O)([O-])=O)C=C1CC3=C(O)C(CC4=CC(S(=O)([O-])=O)=CC(CC5=CC(S(=O)([O-])=O)=CC(CC6=CC(S(=O)([O-])=O)=CC(CC(C=C(S(=O)([O-])=O)C=C7C2)=C7O)=C6O)=C5O)=C4O)=CC(S(=O)([O-])=O)=C3.[Na+].[Na+].[Na+].[Na+].[Na+].[Na+],C1=CC(=C(C=C1F)F)C(CN2C=NC=N2)(CN3C=NC=N3)O,calixarene,2.380199909210205,O=S(=O)([O-])c1cc2c(O)c(c1)Cc1cc(S(=O)(=O)[O-])cc(c1O)Cc1cc(S(=O)(=O)[O-])cc(c1O)Cc1cc(S(=O)(=O)[O-])cc(c1O)Cc1cc(S(=O)(=O)[O-])cc(c1O)Cc1cc(S(=O)(=O)[O-])cc(c1O)C2.[Na+].[Na+].[Na+].[Na+].[Na+].[Na+],2C1F820212E47C3BD5C15E73832EDE6A35C8C7920DDCE445D20F661D969CA26F,HOST_CAN_0165,PASS,OC(Cn1cncn1)(Cn1cncn1)c1ccc(F)cc1F,9594D6554481AE705E34C4725B7F3A9B5DBA2473D6C5446C3E91C1B9495B2086,GUEST_CAN_0957,PASS,AttentiveFP,3,guest_cold,4,3.472273111343384
456,3,84,OC[C@H]1O[C@@H]2O[C@@H]3[C@@H](CO)O[C@H](O[C@@H]4[C@@H](CO)O[C@H](O[C@@H]5[C@@H](CO)O[C@H](O[C@@H]6[C@@H](CO)O[C@H](O[C@@H]7[C@@H](CO)O[C@H](O[C@@H]8[C@@H](CO)O[C@H](O[C@H]1[C@H](O)[C@H]2O)[C@H](O)[C@H]8O)[C@H](O)[C@H]7O)[C@H](O)[C@H]6O)[C@H](O)[C@H]5O)[C@H](O)[C@H]4O)[C@H](O)[C@H]3O,COC(=O)C(C1=CC=CC=C1)O,cyclodextrin,1.8384000062942505,OC[C@H]1O[C@@H]2O[C@H]3[C@H](O)[C@@H](O)[C@@H](O[C@H]4[C@H](O)[C@@H](O)[C@@H](O[C@H]5[C@H](O)[C@@H](O)[C@@H](O[C@H]6[C@H](O)[C@@H](O)[C@@H](O[C@H]7[C@H](O)[C@@H](O)[C@@H](O[C@H]8[C@H](O)[C@@H](O)[C@@H](O[C@H]1[C@H](O)[C@H]2O)O[C@@H]8CO)O[C@@H]7CO)O[C@@H]6CO)O[C@@H]5CO)O[C@@H]4CO)O[C@@H]3CO,22584443D9512992310760C9871E3E6BDB3EDC92006F3EF1EC94F44373907EB1,HOST_CAN_0176,PASS,COC(=O)C(O)c1ccccc1,B892487BE7DC6C082D50D46727606139C1C909344E69AFBACB6F0D3612DA1843,GUEST_CAN_0444,PASS,AttentiveFP,3,guest_cold,4,2.3686933517456055
462,87,352,CCCCOc1c(OCCCC)c2COCc3c(OCCCC)c(OCCCC)c(c4c3cccc4)COCc3c(c(c(COCc4c(c(c(COCc1c1c2cccc1)c1ccccc41)OCCCC)OCCCC)c1c3cccc1)OCCCC)OCCCC,N#Cc1ccc(cc1)C[N+](Cc1ccc(cc1)C#N)(C)C,other,4.934500217437744,CCCCOc1c(OCCCC)c2c3ccccc3c1COCc1c(OCCCC)c(OCCCC)c(c3ccccc13)COCc1c(OCCCC)c(OCCCC)c(c3ccccc13)COCc1c(OCCCC)c(OCCCC)c(c3ccccc13)COC2,A699E12937358A216FBA45A53678131D8F7DBBB042BA5E7F52621C78F0465945,HOST_CAN_0031,PASS,C[N+](C)(Cc1ccc(C#N)cc1)Cc1ccc(C#N)cc1,2F8F334B5B50AFDC6347AB9DF6186F07DF6A6F58AC0AAEEFA7AD4FBC403E8EFB,GUEST_CAN_0592,PASS,AttentiveFP,3,guest_cold,4,3.874309778213501
472,103,359,O=C(N1C2N3CN4C5N6C1)N(CN78)[C@@]2(C)N(CN9[C@]8(C)C(N(C%10)C9=O)N(CN(C(N(C[N@]%11C(N%12C%13)=O)C%14N%15C[N@@]%16C([N@]([C@@]%12(C)[C@@H]%16%11)C[N@]%17C([N@](C([N@]%18C[N@]%19C%20(C)[C@H]%21N%22C[N@](C4=O)[C@]5(C)[N@@](C[N@]%21C%19=O)C6=O)(C)[C@H]%17[N@]%13C%18=O)C[N@]%20C%22=O)=O)=O)=O)[C@]%14(C)N%10C%15=O)C7=O)C3=O,CC1=CC=NC2=C(N=CC=C3C)C3=CC=C21,cucurbituril,5.847899913787842,CC12[C@H]3N4CN5C(=O)N6CN7C(=O)N8CN9C(=O)N%10CN%11C(=O)N%12CN%13C(=O)N%14CN%15C(=O)N(CN1C4=O)C1(C)[C@H]%15N4CN%15C(=O)N(CN%16C(=O)N(CN%17C(=O)N(CN%18C(=O)N(CN%19C(=O)N(CN3C(=O)N2CN1C4=O)[C@]5(C)C6%19)C7[C@]8%18C)[C@@]9(C)C%17%10)[C@@]%11(C)C%16%12)[C@H]%13[C@@]%15%14C,688A602B66AB5828BA1859CDAB7C361EE423503C6F2754A4E8B77175874A5027,HOST_CAN_0018,PASS,Cc1ccnc2c1ccc1c(C)ccnc12,4C59FDD6324B23EF5F7D7B37512D45E3175D67ABD46BBAA3E1FD2259244428B4,GUEST_CAN_0674,PASS,AttentiveFP,3,guest_cold,4,5.466861724853516
473,11,360,C1N2C3C4N(C2=O)CN5C6C7N(C5=O)CN8C9C2N(C8=O)CN5C8C%10N(C5=O)CN5C%11C%12N(C5=O)CN5C%13C%14N(C5=O)CN5C%15C%16N(C5=O)CN5C%17C(N1C5=O)N1CN3C(=O)N4CN6C(=O)N7CN9C(=O)N2CN8C(=O)N%10CN%11C(=O)N%12CN%13C(=O)N%14CN%15C(=O)N%16CN%17C1=O,CCN(CC)C1=CC2=C(C=C1)N=C3C=CC(=[N+](CC)CC)C=C3O2,cucurbituril,5.755899906158447,O=C1N2CN3C(=O)N4CN5C(=O)N6CN7C(=O)N8CN9C(=O)N%10CN%11C(=O)N%12CN%13C(=O)N%14CN%15C(=O)N%16CN1C1C2N2CN%17C(=O)N(CN%18C(=O)N(CN%19C(=O)N(CN%20C(=O)N(CN%21C(=O)N(CN%22C(=O)N(CN%23C(=O)N(CN1C2=O)C%16C%15%23)C%14C%13%22)C%12C%11%21)C%10C9%20)C8C7%19)C6C5%18)C4C3%17,E82CB7F52437B0147F435E3074F006752062FF8924E87C1DAF3210D182FF633B,HOST_CAN_0143,PASS,CCN(CC)c1ccc2nc3ccc(=[N+](CC)CC)cc-3oc2c1,066F3D1B32F1748B3B78FD889501761911247912358CB368BEF1B1090F720B3D,GUEST_CAN_0355,PASS,AttentiveFP,3,guest_cold,4,7.856754779815674
478,3,315,OC[C@H]1O[C@@H]2O[C@@H]3[C@@H](CO)O[C@H](O[C@@H]4[C@@H](CO)O[C@H](O[C@@H]5[C@@H](CO)O[C@H](O[C@@H]6[C@@H](CO)O[C@H](O[C@@H]7[C@@H](CO)O[C@H](O[C@@H]8[C@@H](CO)O[C@H](O[C@H]1[C@H](O)[C@H]2O)[C@H](O)[C@H]8O)[C@H](O)[C@H]7O)[C@H](O)[C@H]6O)[C@H](O)[C@H]5O)[C@H](O)[C@H]4O)[C@H](O)[C@H]3O,CC(C)NCC(COC1=CC=CC2=CC=CC=C21)O.Cl,cyclodextrin,2.060699939727783,OC[C@H]1O[C@@H]2O[C@H]3[C@H](O)[C@@H](O)[C@@H](O[C@H]4[C@H](O)[C@@H](O)[C@@H](O[C@H]5[C@H](O)[C@@H](O)[C@@H](O[C@H]6[C@H](O)[C@@H](O)[C@@H](O[C@H]7[C@H](O)[C@@H](O)[C@@H](O[C@H]8[C@H](O)[C@@H](O)[C@@H](O[C@H]1[C@H](O)[C@H]2O)O[C@@H]8CO)O[C@@H]7CO)O[C@@H]6CO)O[C@@H]5CO)O[C@@H]4CO)O[C@@H]3CO,22584443D9512992310760C9871E3E6BDB3EDC92006F3EF1EC94F44373907EB1,HOST_CAN_0176,PASS,CC(C)NCC(O)COc1cccc2ccccc12.Cl,7E3AE29C6BF9E41BF9911620AA6F0D58B216046EE525533BCB3FF29556ECAB25,GUEST_CAN_0162,PASS,AttentiveFP,3,guest_cold,4,2.832911491394043
480,14,126,NCCOc1c2Cc3cc(cc(c3O)Cc3cc(cc(c3O)Cc3cc(cc(Cc4c(c(Cc5c(c(Cc1cc(c2)S(=O)(=O)O)cc(c5)S(=O)(=O)O)O)cc(c4)S(=O)(=O)O)O)c3O)S(=O)(=O)O)S(=O)(=O)O)S(=O)(=O)O,NC(C(=O)O)Cc1ccccc1,calixarene,2.3096001148223877,NCCOc1c2cc(S(=O)(=O)O)cc1Cc1cc(S(=O)(=O)O)cc(c1O)Cc1cc(S(=O)(=O)O)cc(c1O)Cc1cc(S(=O)(=O)O)cc(c1O)Cc1cc(S(=O)(=O)O)cc(c1O)Cc1cc(S(=O)(=O)O)cc(c1O)C2,C787A22C599703D921FA29CACAF002E9FF6ED12C44482B2905C84DCBDD5B4AC1,HOST_CAN_0110,PASS,NC(Cc1ccccc1)C(=O)O,4B6B1236F1C31D28D9F95F736FF46B2960AFF4F6FCE3D9E76CF43DE2ADDE8B08,GUEST_CAN_0746,PASS,AttentiveFP,3,guest_cold,4,2.3356189727783203
483,3,367,OC[C@H]1O[C@@H]2O[C@@H]3[C@@H](CO)O[C@H](O[C@@H]4[C@@H](CO)O[C@H](O[C@@H]5[C@@H](CO)O[C@H](O[C@@H]6[C@@H](CO)O[C@H](O[C@@H]7[C@@H](CO)O[C@H](O[C@@H]8[C@@H](CO)O[C@H](O[C@H]1[C@H](O)[C@H]2O)[C@H](O)[C@H]8O)[C@H](O)[C@H]7O)[C@H](O)[C@H]6O)[C@H](O)[C@H]5O)[C@H](O)[C@H]4O)[C@H](O)[C@H]3O,C1CCC(CC1)O,cyclodextrin,2.8457000255584717,OC[C@H]1O[C@@H]2O[C@H]3[C@H](O)[C@@H](O)[C@@H](O[C@H]4[C@H](O)[C@@H](O)[C@@H](O[C@H]5[C@H](O)[C@@H](O)[C@@H](O[C@H]6[C@H](O)[C@@H](O)[C@@H](O[C@H]7[C@H](O)[C@@H](O)[C@@H](O[C@H]8[C@H](O)[C@@H](O)[C@@H](O[C@H]1[C@H](O)[C@H]2O)O[C@@H]8CO)O[C@@H]7CO)O[C@@H]6CO)O[C@@H]5CO)O[C@@H]4CO)O[C@@H]3CO,22584443D9512992310760C9871E3E6BDB3EDC92006F3EF1EC94F44373907EB1,HOST_CAN_0176,PASS,OC1CCCCC1,E36B66A9146ED31803D5E93963C648E31D0F8767C42A5AF0CFDECA7D124CE29D,GUEST_CAN_0963,PASS,AttentiveFP,3,guest_cold,4,2.2856028079986572
487,1,369,C1C2=CC(=CC(=C2O)CC3=CC(=CC(=C3O)CC4=C(C(=CC(=C4)S(=O)(=O)O)CC5=C(C1=CC(=C5)S(=O)(=O)O)O)O)S(=O)(=O)O)S(=O)(=O)O,C1CC2CCC(C1)N=N2,calixarene,2.934499979019165,O=S(=O)(O)c1cc2c(O)c(c1)Cc1cc(S(=O)(=O)O)cc(c1O)Cc1cc(S(=O)(=O)O)cc(c1O)Cc1cc(S(=O)(=O)O)cc(c1O)C2,C1130CCDC8DA0C6458EF6C2E07E7F3330D8F8B055CBE4DEAADB70DC00C8CDFC1,HOST_CAN_0154,PASS,C1CC2CCC(C1)N=N2,3CB1DE4B60C8143576E12CED092F576F3C060BF327141DD7E64000E135972BED,GUEST_CAN_0021,PASS,AttentiveFP,3,guest_cold,4,2.821167469024658
493,11,315,C1N2C3C4N(C2=O)CN5C6C7N(C5=O)CN8C9C2N(C8=O)CN5C8C%10N(C5=O)CN5C%11C%12N(C5=O)CN5C%13C%14N(C5=O)CN5C%15C%16N(C5=O)CN5C%17C(N1C5=O)N1CN3C(=O)N4CN6C(=O)N7CN9C(=O)N2CN8C(=O)N%10CN%11C(=O)N%12CN%13C(=O)N%14CN%15C(=O)N%16CN%17C1=O,CC(C)NCC(COC1=CC=CC2=CC=CC=C21)O.Cl,cucurbituril,3.9375,O=C1N2CN3C(=O)N4CN5C(=O)N6CN7C(=O)N8CN9C(=O)N%10CN%11C(=O)N%12CN%13C(=O)N%14CN%15C(=O)N%16CN1C1C2N2CN%17C(=O)N(CN%18C(=O)N(CN%19C(=O)N(CN%20C(=O)N(CN%21C(=O)N(CN%22C(=O)N(CN%23C(=O)N(CN1C2=O)C%16C%15%23)C%14C%13%22)C%12C%11%21)C%10C9%20)C8C7%19)C6C5%18)C4C3%17,E82CB7F52437B0147F435E3074F006752062FF8924E87C1DAF3210D182FF633B,HOST_CAN_0143,PASS,CC(C)NCC(O)COc1cccc2ccccc12.Cl,7E3AE29C6BF9E41BF9911620AA6F0D58B216046EE525533BCB3FF29556ECAB25,GUEST_CAN_0162,PASS,AttentiveFP,3,guest_cold,4,4.497747898101807
494,30,250,C1C2=CC(=CC(=C2O)CC3=CC(=CC(=C3O)CC4=CC(=CC(=C4O)CC5=C(C(=CC(=C5)S(=O)(=O)[O-])CC6=C(C(=CC(=C6)S(=O)(=O)[O-])CC7=C(C1=CC(=C7)S(=O)(=O)[O-])O)O)O)S(=O)(=O)[O-])S(=O)(=O)[O-])S(=O)(=O)[O-],C1=CC(=CC=C1C2=CC3=C(N2)C=C(C=C3)C(=[NH2+])N)C(=[NH2+])N,calixarene,5.949399948120117,O=S(=O)([O-])c1cc2c(O)c(c1)Cc1cc(S(=O)(=O)[O-])cc(c1O)Cc1cc(S(=O)(=O)[O-])cc(c1O)Cc1cc(S(=O)(=O)[O-])cc(c1O)Cc1cc(S(=O)(=O)[O-])cc(c1O)Cc1cc(S(=O)(=O)[O-])cc(c1O)C2,175E9D01D3A7DD7BE73E9B8659E8BAA0A16B2D5C4CCEFE3BEFED10121429BF10,HOST_CAN_0164,PASS,NC(=[NH2+])c1ccc(-c2cc3ccc(C(N)=[NH2+])cc3[nH]2)cc1,CEEB6EEFB04D0B8CA13A0AE7419DA74A65BBB334871B9622AAFDF76333649B11,GUEST_CAN_0727,PASS,AttentiveFP,3,guest_cold,4,4.908073902130127
498,11,377,C1N2C3C4N(C2=O)CN5C6C7N(C5=O)CN8C9C2N(C8=O)CN5C8C%10N(C5=O)CN5C%11C%12N(C5=O)CN5C%13C%14N(C5=O)CN5C%15C%16N(C5=O)CN5C%17C(N1C5=O)N1CN3C(=O)N4CN6C(=O)N7CN9C(=O)N2CN8C(=O)N%10CN%11C(=O)N%12CN%13C(=O)N%14CN%15C(=O)N%16CN%17C1=O,N[C@@H](CCSC)C(=O)N[C@@H](CCCCN)C(=O)N[C@@H](C)C(=O)NCC(=O)N[C@@H](CC1=CC=C(C=C1)O)C(=O)O,cucurbituril,6.049200057983398,O=C1N2CN3C(=O)N4CN5C(=O)N6CN7C(=O)N8CN9C(=O)N%10CN%11C(=O)N%12CN%13C(=O)N%14CN%15C(=O)N%16CN1C1C2N2CN%17C(=O)N(CN%18C(=O)N(CN%19C(=O)N(CN%20C(=O)N(CN%21C(=O)N(CN%22C(=O)N(CN%23C(=O)N(CN1C2=O)C%16C%15%23)C%14C%13%22)C%12C%11%21)C%10C9%20)C8C7%19)C6C5%18)C4C3%17,E82CB7F52437B0147F435E3074F006752062FF8924E87C1DAF3210D182FF633B,HOST_CAN_0143,PASS,CSCC[C@H](N)C(=O)N[C@@H](CCCCN)C(=O)N[C@@H](C)C(=O)NCC(=O)N[C@@H](Cc1ccc(O)cc1)C(=O)O,780765FA6777017FD1F3B5D56A2262D8AE2DAD3987CF785F9E509EC2CD6B634D,GUEST_CAN_0522,PASS,AttentiveFP,3,guest_cold,4,5.623505115509033
499,74,378,[Li+].[Li+].COP(OC)(=O)CC1=CC(=CC(=C1)NC(CCCN(C)CC1=C(C=CC=C1)B(O)O)=O)CP([O-])([O-])=O,C1=CC=C2C(=C1)C(=O)C3=C(C2=O)C(=C(C(=C3)CN(CC(=O)O)CC(=O)O)O)O,other,3.536600112915039,COP(=O)(Cc1cc(CP(=O)([O-])[O-])cc(NC(=O)CCCN(C)Cc2ccccc2B(O)O)c1)OC.[Li+].[Li+],7E42F839F9338A49BA3ED36631C1EA08827315A2F7E1A716582040F5B64BDC5A,HOST_CAN_0065,PASS,O=C(O)CN(CC(=O)O)Cc1cc2c(c(O)c1O)C(=O)c1ccccc1C2=O,E887A26EAB39D6C9D28AD9BD84869C714BE8C45C9144226A9A92B6CA8F1CF041,GUEST_CAN_0877,PASS,AttentiveFP,3,guest_cold,4,3.6501171588897705
501,107,380,OC1=C(CC2=C(C(CC3=C(O)C(C4)=CC(N=NC5=CC=C(C(O)=O)C=C5)=C3)=CC(N=NC6=CC=C(C(O)=O)C=C6)=C2)O)C=C(N=NC7=CC=C(C(O)=O)C=C7)C=C1CC8=C(O)C4=CC(N=NC9=CC=C(C(O)=O)C=C9)=C8,COC(=O)C1=CC=CC=C1C2=C3C=CC(=N)C=C3OC4=C2C=CC(=C4)N.Cl,calixarene,7.146100044250488,O=C(O)c1ccc(N=Nc2cc3c(O)c(c2)Cc2cc(N=Nc4ccc(C(=O)O)cc4)cc(c2O)Cc2cc(N=Nc4ccc(C(=O)O)cc4)cc(c2O)Cc2cc(N=Nc4ccc(C(=O)O)cc4)cc(c2O)C3)cc1,5A6AA76AB59CCD1FAB474526DD8000E6FCE420722542BE5E9687FA5C9EE01379,HOST_CAN_0135,PASS,COC(=O)c1ccccc1-c1c2ccc(=N)cc-2oc2cc(N)ccc12.Cl,5E7CB4F855C7DF07A7FE5C5A6B1FEDBF120212FEF7EB6F9F895F19484B6B423C,GUEST_CAN_0451,PASS,AttentiveFP,3,guest_cold,4,6.338791847229004
503,16,72,NCCOc1c2Cc3cc(cc(c3O)Cc3cc(cc(Cc4c(c(Cc1cc(c2)S(=O)(=O)O)cc(c4)S(=O)(=O)O)O)c3O)S(=O)(=O)O)S(=O)(=O)O,NC(C(=O)O)Cc1c[nH]cn1,calixarene,2.3138999938964844,NCCOc1c2cc(S(=O)(=O)O)cc1Cc1cc(S(=O)(=O)O)cc(c1O)Cc1cc(S(=O)(=O)O)cc(c1O)Cc1cc(S(=O)(=O)O)cc(c1O)C2,7D8C32DEDAD770C68375EE2FF28F9CCD81B4D3DB3816F51D3CC994E73708AEBC,HOST_CAN_0109,PASS,NC(Cc1c[nH]cn1)C(=O)O,FB673C9EDBC2F6C509C14A12DA10308CC8AD4E94C32BC5F3BAD448FBAA74F381,GUEST_CAN_0741,PASS,AttentiveFP,3,guest_cold,4,2.484337568283081
515,1,256,C1C2=CC(=CC(=C2O)CC3=CC(=CC(=C3O)CC4=C(C(=CC(=C4)S(=O)(=O)O)CC5=C(C1=CC(=C5)S(=O)(=O)O)O)O)S(=O)(=O)O)S(=O)(=O)O,CCCCO,calixarene,1.5800000429153442,O=S(=O)(O)c1cc2c(O)c(c1)Cc1cc(S(=O)(=O)O)cc(c1O)Cc1cc(S(=O)(=O)O)cc(c1O)Cc1cc(S(=O)(=O)O)cc(c1O)C2,C1130CCDC8DA0C6458EF6C2E07E7F3330D8F8B055CBE4DEAADB70DC00C8CDFC1,HOST_CAN_0154,PASS,CCCCO,581B7EFD3DCD0E0841EE9123D5670DDC43EF0E9A885955F904BAAFC5653A3E40,GUEST_CAN_0312,PASS,AttentiveFP,3,guest_cold,4,2.2538583278656006
520,109,201,N12CCOCCOCCOCCN(CCOCCOCCOCC1)CCOCC(OCC2)CO,[Li+],other,2.0,OCC1COCCN2CCOCCOCCOCCN(CCOCCOCCOCC2)CCO1,DBB244EB3484C25754CB49358AAB55D5F1CBE448F138204AFE8509E4D673E477,HOST_CAN_0171,PASS,[Li+],A7557B375892DC7E581DDC6CA9773574F95B6514113F07A19BDE6059504332FE,GUEST_CAN_1071,PASS,AttentiveFP,3,guest_cold,4,1.6365749835968018
522,46,391,C1C2=CC(=CC(=C2O)CC3=CC(=CC(=C3O)CC4=C(C(=CC(=C4)S(=O)(=O)O)CC5=C(C1=CC(=C5)S(=O)(=O)[O-])O)O)S(=O)(=O)O)S(=O)(=O)O.[Na+],C1=CN=CC=C1C=O,calixarene,1.8632999658584595,O=S(=O)([O-])c1cc2c(O)c(c1)Cc1cc(S(=O)(=O)O)cc(c1O)Cc1cc(S(=O)(=O)O)cc(c1O)Cc1cc(S(=O)(=O)O)cc(c1O)C2.[Na+],CA94CECC10EDB9167B38E05C5D125873C9C1506ED227A3D9C6CBBCD696828A96,HOST_CAN_0163,PASS,O=Cc1ccncc1,300F72978E119D6191EFFB58ABDF916646C3C9D5C1EF15B1F698CD7D7B61E692,GUEST_CAN_0930,PASS,AttentiveFP,3,guest_cold,4,2.9116008281707764
526,15,393,C1=C2C=C3C=C1OC4=CC(=CC(=C4)C(=O)O)OC5=CC6=CC(=C5)C7OC8=CC9=C1C=C8C(C4=C(O7)C=C5C(=C4)C(C4=CC7=C(C=C4OC2O5)OC2C4=CC(=CC(=C4)OC4=CC(=CC(=C4)C(=O)O)OC4=CC(=CC(=C4)OC4=CC(=CC(=C4)O6)C(=O)O)C(O9)OC4=C(C1CCC(=O)O)C=C(C7CCC(=O)O)C(=C4)O2)OC1=CC(=CC(=C1)O3)C(=O)O)CCC(=O)O)CCC(=O)O,CC(C(=O)O)(CC=C)C,cavitand,4.556300163269043,O=C(O)CCC1c2cc3c4cc2OC2Oc5cc6c(cc51)C(CCC(=O)O)c1cc5c7cc1OC(O6)c1cc6cc(c1)Oc1cc(cc(C(=O)O)c1)Oc1cc8cc(c1)C(Oc1cc(c(cc1C5CCC(=O)O)C3CCC(=O)O)OC(O4)c1cc(cc(c1)Oc1cc(cc(C(=O)O)c1)O8)Oc1cc(cc(C(=O)O)c1)Oc1cc(cc2c1)Oc1cc(cc(C(=O)O)c1)O6)O7,AE6E8A9B8E3ECDE32B65BE9B8736ECC23E2311A112E2CA1B78F35ECF9046A382,HOST_CAN_0117,PASS,C=CCC(C)(C)C(=O)O,7A277F8950B7F161775E624E31A7234B87C9D24EC354999D20B7511D018BA08A,GUEST_CAN_0044,PASS,AttentiveFP,3,guest_cold,4,3.0903353691101074
529,110,141,O=S(OC1=C(CC2=C(OS(=O)([O-])=O)C=C(CC3=C(OS(=O)([O-])=O)C=C(CC4=C(OS(=O)([O-])=O)C=C(CC5=CC(OS(=O)([O-])=O)=C(CC6=C(OS(=O)([O-])=O)C=C(C7)C(OS(=O)([O-])=O)=C6)C=C5OS(=O)([O-])=O)C(OS(=O)([O-])=O)=C4)C(OS(=O)([O-])=O)=C3)C(OS(=O)([O-])=O)=C2)C=C(OS(=O)([O-])=O)C(CC8=CC(OS(=O)([O-])=O)=C7C=C8OS(=O)([O-])=O)=C1)([O-])=O.[Na+].[Na+].[Na+].[Na+].[Na+].[Na+].[Na+].[Na+].[Na+].[Na+].[Na+].[Na+].[Na+].[Na+],CC(=O)OC1CC2CCC3C(C2(CC1[N+]4(CCCCC4)C)C)CCC5(C3CC(C5OC(=O)C)[N+]6(CCCCC6)C)C,pillararene,6.879700183868408,O=S(=O)([O-])Oc1cc2c(OS(=O)(=O)[O-])cc1Cc1cc(OS(=O)(=O)[O-])c(cc1OS(=O)(=O)[O-])Cc1cc(OS(=O)(=O)[O-])c(cc1OS(=O)(=O)[O-])Cc1cc(OS(=O)(=O)[O-])c(cc1OS(=O)(=O)[O-])Cc1cc(OS(=O)(=O)[O-])c(cc1OS(=O)(=O)[O-])Cc1cc(OS(=O)(=O)[O-])c(cc1OS(=O)(=O)[O-])Cc1cc(OS(=O)(=O)[O-])c(cc1OS(=O)(=O)[O-])C2.[Na+].[Na+].[Na+].[Na+].[Na+].[Na+].[Na+].[Na+].[Na+].[Na+].[Na+].[Na+].[Na+].[Na+],363823965269421105355BE85F9BFA79372256835F74963F23DB34F5AAE9E20B,HOST_CAN_0162,PASS,CC(=O)OC1CC2CCC3C(CCC4(C)C3CC([N+]3(C)CCCCC3)C4OC(C)=O)C2(C)CC1[N+]1(C)CCCCC1,50E66CAB2E161F82F8A9960C08321F089FBABF411901A83069135F691E598254,GUEST_CAN_0098,PASS,AttentiveFP,3,guest_cold,4,7.486292362213135
530,55,72,OC1=C(CC2=CC(S(=O)([O-])=O)=CC(CC3=C(O)C4=CC(S(=O)([O-])=O)=C3)=C2O)C=C(S(=O)([O-])=O)C=C1CC5=C(O)C(CC6=CC(S(=O)([O-])=O)=CC(CC7=CC(S(=O)([O-])=O)=CC(CC8=C(O)C(CC9=CC(S(=O)([O-])=O)=CC(C4)=C9O)=CC(S(=O)([O-])=O)=C8)=C7OCCN)=C6O)=CC(S(=O)([O-])=O)=C5,NC(C(=O)O)Cc1c[nH]cn1,calixarene,2.869800090789795,NCCOc1c2cc(S(=O)(=O)[O-])cc1Cc1cc(S(=O)(=O)[O-])cc(c1O)Cc1cc(S(=O)(=O)[O-])cc(c1O)Cc1cc(S(=O)(=O)[O-])cc(c1O)Cc1cc(S(=O)(=O)[O-])cc(c1O)Cc1cc(S(=O)(=O)[O-])cc(c1O)Cc1cc(S(=O)(=O)[O-])cc(c1O)Cc1cc(S(=O)(=O)[O-])cc(c1O)C2,46CD7FE84C8D6C4EF795EC2A85AC98203C8613778274664FF650C7423640E7D1,HOST_CAN_0112,PASS,NC(Cc1c[nH]cn1)C(=O)O,FB673C9EDBC2F6C509C14A12DA10308CC8AD4E94C32BC5F3BAD448FBAA74F381,GUEST_CAN_0741,PASS,AttentiveFP,3,guest_cold,4,2.5569686889648438
537,73,400,C1C2=CC(=CC(=C2O)CC3=CC(=CC(=C3O)CC4=CC(=CC(=C4O)CC5=C(C(=CC(=C5)S(=O)(=O)O)CC6=C(C1=CC(=C6)S(=O)(=O)O)O)O)S(=O)(=O)O)S(=O)(=O)O)S(=O)(=O)O,CC1=NC(=CC=C1)C,calixarene,3.228600025177002,O=S(=O)(O)c1cc2c(O)c(c1)Cc1cc(S(=O)(=O)O)cc(c1O)Cc1cc(S(=O)(=O)O)cc(c1O)Cc1cc(S(=O)(=O)O)cc(c1O)Cc1cc(S(=O)(=O)O)cc(c1O)C2,CE64A1CA71928E5DE79CF9633E11D44D0BC2C175AB3D980BF8052807605CA8CC,HOST_CAN_0155,PASS,Cc1cccc(C)n1,DBFA28727E7253C6FF16A196350004E0257EBA3F3F69D11C8D90ABE7F3D7FD4B,GUEST_CAN_0665,PASS,AttentiveFP,3,guest_cold,4,3.230102062225342
538,1,401,C1C2=CC(=CC(=C2O)CC3=CC(=CC(=C3O)CC4=C(C(=CC(=C4)S(=O)(=O)O)CC5=C(C1=CC(=C5)S(=O)(=O)O)O)O)S(=O)(=O)O)S(=O)(=O)O,[Mg+2].[Cl-].[Cl-],calixarene,3.4398999214172363,O=S(=O)(O)c1cc2c(O)c(c1)Cc1cc(S(=O)(=O)O)cc(c1O)Cc1cc(S(=O)(=O)O)cc(c1O)Cc1cc(S(=O)(=O)O)cc(c1O)C2,C1130CCDC8DA0C6458EF6C2E07E7F3330D8F8B055CBE4DEAADB70DC00C8CDFC1,HOST_CAN_0154,PASS,[Cl-].[Cl-].[Mg+2],B087D688B9146A717BF8B7C99307F8366B8209D8F51C624197BC0C66B921DAF9,GUEST_CAN_1028,PASS,AttentiveFP,3,guest_cold,4,3.8212103843688965
542,3,404,OC[C@H]1O[C@@H]2O[C@@H]3[C@@H](CO)O[C@H](O[C@@H]4[C@@H](CO)O[C@H](O[C@@H]5[C@@H](CO)O[C@H](O[C@@H]6[C@@H](CO)O[C@H](O[C@@H]7[C@@H](CO)O[C@H](O[C@@H]8[C@@H](CO)O[C@H](O[C@H]1[C@H](O)[C@H]2O)[C@H](O)[C@H]8O)[C@H](O)[C@H]7O)[C@H](O)[C@H]6O)[C@H](O)[C@H]5O)[C@H](O)[C@H]4O)[C@H](O)[C@H]3O,C(CO)CBr,cyclodextrin,1.3488999605178833,OC[C@H]1O[C@@H]2O[C@H]3[C@H](O)[C@@H](O)[C@@H](O[C@H]4[C@H](O)[C@@H](O)[C@@H](O[C@H]5[C@H](O)[C@@H](O)[C@@H](O[C@H]6[C@H](O)[C@@H](O)[C@@H](O[C@H]7[C@H](O)[C@@H](O)[C@@H](O[C@H]8[C@H](O)[C@@H](O)[C@@H](O[C@H]1[C@H](O)[C@H]2O)O[C@@H]8CO)O[C@@H]7CO)O[C@@H]6CO)O[C@@H]5CO)O[C@@H]4CO)O[C@@H]3CO,22584443D9512992310760C9871E3E6BDB3EDC92006F3EF1EC94F44373907EB1,HOST_CAN_0176,PASS,OCCCBr,DA6BAAC14F5DF51FC882FF64CA541FA8F80E3C7CB53A25714869D077516D0164,GUEST_CAN_0974,PASS,AttentiveFP,3,guest_cold,4,1.8733882904052734
545,18,157,CC1=C2C3=CC4=C1OC5C6=CC7=CC(=C6)OC8=CC(=CC(=C8)C(=O)O)OC9=CC1=CC(=C9)C6OC8=C(C=C(C4CCC(=O)O)C(=C8C)O5)C(C4=C(O6)C(=C5C(=C4)C(C4=C6C(=C(C(=C4)C3CCC(=O)O)OC(O2)C2=CC(=CC(=C2)OC2=CC(=CC(=C2)C(=O)O)OC2=CC(=CC(=C2)C(O5)O6)OC2=CC(=CC(=C2)C(=O)O)O1)OC1=CC(=CC(=C1)C(=O)O)O7)C)CCC(=O)O)C)CCC(=O)O,F[P-](F)(F)(F)(F)F.[Na+],cavitand,4.1819000244140625,Cc1c2c3cc4c1OC1Oc5c(cc6c(c5C)OC5Oc7c(cc8c(c7C)OC7Oc9c(cc(c(c9C)OC(O2)c2cc9cc(c2)Oc2cc(cc(C(=O)O)c2)Oc2cc(cc7c2)Oc2cc(cc(C(=O)O)c2)Oc2cc(cc5c2)Oc2cc(cc(C(=O)O)c2)Oc2cc(cc1c2)Oc1cc(cc(C(=O)O)c1)O9)C3CCC(=O)O)C8CCC(=O)O)C6CCC(=O)O)C4CCC(=O)O,326FFD4B5C5565D32207155C0B129AE16AFCA7B3342F0DAD815C24AB8DFA8483,HOST_CAN_0099,PASS,F[P-](F)(F)(F)(F)F.[Na+],70B37F864AA04D4E558B70627441F815145BB79C93E4218BE310755F84FFDF85,GUEST_CAN_0710,PASS,AttentiveFP,3,guest_cold,4,2.853590488433838
550,3,408,OC[C@H]1O[C@@H]2O[C@@H]3[C@@H](CO)O[C@H](O[C@@H]4[C@@H](CO)O[C@H](O[C@@H]5[C@@H](CO)O[C@H](O[C@@H]6[C@@H](CO)O[C@H](O[C@@H]7[C@@H](CO)O[C@H](O[C@@H]8[C@@H](CO)O[C@H](O[C@H]1[C@H](O)[C@H]2O)[C@H](O)[C@H]8O)[C@H](O)[C@H]7O)[C@H](O)[C@H]6O)[C@H](O)[C@H]5O)[C@H](O)[C@H]4O)[C@H](O)[C@H]3O,CC(C1=CC=CC=C1)C(=O)O,cyclodextrin,1.531499981880188,OC[C@H]1O[C@@H]2O[C@H]3[C@H](O)[C@@H](O)[C@@H](O[C@H]4[C@H](O)[C@@H](O)[C@@H](O[C@H]5[C@H](O)[C@@H](O)[C@@H](O[C@H]6[C@H](O)[C@@H](O)[C@@H](O[C@H]7[C@H](O)[C@@H](O)[C@@H](O[C@H]8[C@H](O)[C@@H](O)[C@@H](O[C@H]1[C@H](O)[C@H]2O)O[C@@H]8CO)O[C@@H]7CO)O[C@@H]6CO)O[C@@H]5CO)O[C@@H]4CO)O[C@@H]3CO,22584443D9512992310760C9871E3E6BDB3EDC92006F3EF1EC94F44373907EB1,HOST_CAN_0176,PASS,CC(C(=O)O)c1ccccc1,39E81C14C70322EC40DB0016F5D8CC5F88B6124FB8BA69CBB0DE2E95D7C6979F,GUEST_CAN_0109,PASS,AttentiveFP,3,guest_cold,4,2.3043041229248047
556,114,224,COC[C@H]1O[C@@H]2O[C@H]3[C@H](COC)O[C@H]([C@H]([C@@H]3OC)OC)O[C@H]3[C@H](COC)O[C@H]([C@H]([C@@H]3OC)OC)O[C@H]3[C@H](COC)O[C@H]([C@H]([C@@H]3OC)OC)O[C@H]3[C@@H](O[C@@H](O[C@@H]4[C@H](O[C@H](O[C@@H]5[C@H](O[C@H](O[C@H]1[C@@H]([C@H]2OC)OC)[C@H](OC)[C@H]5OC)COc1cccc2c1cccc2)[C@H](OC)[C@H]4OC)COC)[C@@H](OC)[C@@H]3OC)COC,[Na]OC(=O)CCC([C@H]1CC[C@@H]2[C@]1(C)[C@@H](O)C[C@H]1[C@H]2[C@H](O)C[C@H]2[C@]1(C)CC[C@H](C2)O)C,cyclodextrin,2.9590001106262207,COC[C@@H]1O[C@H]2O[C@@H]3[C@@H](OC)[C@H](OC)[C@H](O[C@H]4[C@H](OC)[C@@H](OC)[C@@H](O[C@H]5[C@H](OC)[C@@H](OC)[C@@H](O[C@H]6[C@H](OC)[C@@H](OC)[C@@H](O[C@@H]7[C@@H](OC)[C@H](OC)[C@H](O[C@@H]8[C@@H](OC)[C@H](OC)[C@H](O[C@@H]1[C@@H](OC)[C@@H]2OC)O[C@H]8COC)O[C@H]7COC)O[C@@H]6COC)O[C@@H]5COc1cccc2ccccc12)O[C@@H]4COC)O[C@H]3COC,7AE19FA8EF87D27413EA05F1D5DD130463E6A866CDA3A89A21EED2C3F3D61191,HOST_CAN_0062,PASS,CC(CCC(=O)[O][Na])[C@H]1CC[C@H]2[C@@H]3[C@H](O)C[C@@H]4C[C@H](O)CC[C@]4(C)[C@H]3C[C@H](O)[C@]12C,325F0710EF62CA3C12381A9A8CD6F83A5931D6CF0558E81C8EA783470AFA3F90,GUEST_CAN_0175,PASS,AttentiveFP,3,guest_cold,4,3.5387513637542725
569,8,417,C1N2C3C4N(C2=O)CN5C6C7N(C5=O)CN8C9C2N(C8=O)CN5C8C%10N(C5=O)CN5C%11C%12N(C5=O)CN5C%13C(N1C5=O)N1CN3C(=O)N4CN6C(=O)N7CN9C(=O)N2CN8C(=O)N%10CN%11C(=O)N%12CN%13C1=O,N[C@@H](CC(C)C)C(=O)N[C@@H](CC1=CNC2=CC=CC=C12)C(=O)O,cucurbituril,2.9200000762939453,O=C1N2CN3C(=O)N4CN5C(=O)N6CN7C(=O)N8CN9C(=O)N%10CN%11C(=O)N%12CN1C1C2N2CN%13C(=O)N(CN%14C(=O)N(CN%15C(=O)N(CN%16C(=O)N(CN%17C(=O)N(CN1C2=O)C%12C%11%17)C%10C9%16)C8C7%15)C6C5%14)C4C3%13,2526C525F966BEE6CB589BBB60C9F4124C02584847747BDAFF4E92B4462536E8,HOST_CAN_0149,PASS,CC(C)C[C@H](N)C(=O)N[C@@H](Cc1c[nH]c2ccccc12)C(=O)O,906F52BB5133E2F521D9A864A5C9B7011CDD88DBC03840928FD88A6A9702C72F,GUEST_CAN_0150,PASS,AttentiveFP,3,guest_cold,4,4.257750988006592
571,116,175,CC(C)(C)C1=CC(=C(C=C1)NC(=O)NC2=CC=C(C=C2)OC)C#CC3=CC(=CC(=C3)N(C)C)C#CC4=C(C=CC(=C4)C(C)(C)C)NC(=O)NC5=CC=C(C=C5)OC,CCCC[N+](CCCC)(CCCC)CCCC.[I-],other,2.0,COc1ccc(NC(=O)Nc2ccc(C(C)(C)C)cc2C#Cc2cc(C#Cc3cc(C(C)(C)C)ccc3NC(=O)Nc3ccc(OC)cc3)cc(N(C)C)c2)cc1,54B20EB27C4699C1202B0399C1AE71AFF8DC93A9AD03D3DF803BFDD7940389BD,HOST_CAN_0072,PASS,CCCC[N+](CCCC)(CCCC)CCCC.[I-],AEB60E90607A4F8C1F949B3EACD125A2B91E0A4DEAD7B24D9097176DB9E506E4,GUEST_CAN_0318,PASS,AttentiveFP,3,guest_cold,4,3.402942180633545
576,117,175,CC(C)(C)C1=CC(=C(C=C1)NC(=O)NC2=CC=C(C=C2)OC)C#CC3=CC(=CC=C3)C#CC4=C(C=CC(=C4)C(C)(C)C)NC(=O)NC5=CC=C(C=C5)OC,CCCC[N+](CCCC)(CCCC)CCCC.[I-],other,2.176100015640259,COc1ccc(NC(=O)Nc2ccc(C(C)(C)C)cc2C#Cc2cccc(C#Cc3cc(C(C)(C)C)ccc3NC(=O)Nc3ccc(OC)cc3)c2)cc1,494C057AF3883280A50FECE7741A3608EDE28ABABC7B8B78AEB79306A119556D,HOST_CAN_0078,PASS,CCCC[N+](CCCC)(CCCC)CCCC.[I-],AEB60E90607A4F8C1F949B3EACD125A2B91E0A4DEAD7B24D9097176DB9E506E4,GUEST_CAN_0318,PASS,AttentiveFP,3,guest_cold,4,3.5256311893463135
583,99,108,N#CCOc1c2Cc3cc(cc(c3O)Cc3cc(cc(c3O)Cc3cc(cc(c3O)Cc3cc(cc(Cc4c(c(Cc5c(c(Cc6c(c(Cc1cc(c2)S(=O)(=O)O)cc(c6)S(=O)(=O)O)O)cc(c5)S(=O)(=O)O)O)cc(c4)S(=O)(=O)O)O)c3O)S(=O)(=O)O)S(=O)(=O)O)S(=O)(=O)O)S(=O)(=O)O,OC(=O)C(CCCNC(=[NH2+])N)N,calixarene,2.6284000873565674,N#CCOc1c2cc(S(=O)(=O)O)cc1Cc1cc(S(=O)(=O)O)cc(c1O)Cc1cc(S(=O)(=O)O)cc(c1O)Cc1cc(S(=O)(=O)O)cc(c1O)Cc1cc(S(=O)(=O)O)cc(c1O)Cc1cc(S(=O)(=O)O)cc(c1O)Cc1cc(S(=O)(=O)O)cc(c1O)Cc1cc(S(=O)(=O)O)cc(c1O)C2,9C5AE9DC33FB7183D6DE570E4F40C5ED225E59EFD3C7E5485333524BCCF933C0,HOST_CAN_0103,PASS,NC(=[NH2+])NCCCC(N)C(=O)O,3A95B838A3F3E4B9211C1F9CE461FB93EA851D8F0AA68498288217A21AD77FAC,GUEST_CAN_0726,PASS,AttentiveFP,3,guest_cold,4,2.8686130046844482
587,11,430,C1N2C3C4N(C2=O)CN5C6C7N(C5=O)CN8C9C2N(C8=O)CN5C8C%10N(C5=O)CN5C%11C%12N(C5=O)CN5C%13C%14N(C5=O)CN5C%15C%16N(C5=O)CN5C%17C(N1C5=O)N1CN3C(=O)N4CN6C(=O)N7CN9C(=O)N2CN8C(=O)N%10CN%11C(=O)N%12CN%13C(=O)N%14CN%15C(=O)N%16CN%17C1=O,O=C(NC1=CC2=CC=CC=C2C=C1)OCCOCCOCCOCCOCCOCCOCCOCCOCCOCCOCCOCCOCCOCCOCCOCCOCCOCCOCCOCCOCCOCCOCCOCCOCCOCCOCCOCCOCCOCCOCCOCCOCCOCCOCCOCCOCCOCCOCCOCCOCCOCCOCCOCCOC,cucurbituril,5.651299953460693,O=C1N2CN3C(=O)N4CN5C(=O)N6CN7C(=O)N8CN9C(=O)N%10CN%11C(=O)N%12CN%13C(=O)N%14CN%15C(=O)N%16CN1C1C2N2CN%17C(=O)N(CN%18C(=O)N(CN%19C(=O)N(CN%20C(=O)N(CN%21C(=O)N(CN%22C(=O)N(CN%23C(=O)N(CN1C2=O)C%16C%15%23)C%14C%13%22)C%12C%11%21)C%10C9%20)C8C7%19)C6C5%18)C4C3%17,E82CB7F52437B0147F435E3074F006752062FF8924E87C1DAF3210D182FF633B,HOST_CAN_0143,PASS,COCCOCCOCCOCCOCCOCCOCCOCCOCCOCCOCCOCCOCCOCCOCCOCCOCCOCCOCCOCCOCCOCCOCCOCCOCCOCCOCCOCCOCCOCCOCCOCCOCCOCCOCCOCCOCCOCCOCCOCCOCCOCCOCCOCCOC(=O)Nc1ccc2ccccc2c1,43C2F3F7934D74743711EF101E8CD9C395868A6E2CA107B763502143071D5DB2,GUEST_CAN_0462,PASS,AttentiveFP,3,guest_cold,4,4.665258884429932
593,3,435,OC[C@H]1O[C@@H]2O[C@@H]3[C@@H](CO)O[C@H](O[C@@H]4[C@@H](CO)O[C@H](O[C@@H]5[C@@H](CO)O[C@H](O[C@@H]6[C@@H](CO)O[C@H](O[C@@H]7[C@@H](CO)O[C@H](O[C@@H]8[C@@H](CO)O[C@H](O[C@H]1[C@H](O)[C@H]2O)[C@H](O)[C@H]8O)[C@H](O)[C@H]7O)[C@H](O)[C@H]6O)[C@H](O)[C@H]5O)[C@H](O)[C@H]4O)[C@H](O)[C@H]3O,C[C@@H]1CC[C@@H](CC1)O,cyclodextrin,3.164900064468384,OC[C@H]1O[C@@H]2O[C@H]3[C@H](O)[C@@H](O)[C@@H](O[C@H]4[C@H](O)[C@@H](O)[C@@H](O[C@H]5[C@H](O)[C@@H](O)[C@@H](O[C@H]6[C@H](O)[C@@H](O)[C@@H](O[C@H]7[C@H](O)[C@@H](O)[C@@H](O[C@H]8[C@H](O)[C@@H](O)[C@@H](O[C@H]1[C@H](O)[C@H]2O)O[C@@H]8CO)O[C@@H]7CO)O[C@@H]6CO)O[C@@H]5CO)O[C@@H]4CO)O[C@@H]3CO,22584443D9512992310760C9871E3E6BDB3EDC92006F3EF1EC94F44373907EB1,HOST_CAN_0176,PASS,C[C@H]1CC[C@@H](O)CC1,0536F5D34FC351BE954BCB85D4BFEDB0D7848A09BD449D75524FBA5D1B202482,GUEST_CAN_0548,PASS,AttentiveFP,3,guest_cold,4,2.6948330402374268
595,69,437,NCCN1C=C(N=N1)COC(C=C2)=C(CNCC3=C(OCC(N=N4)=CN4CCN)C=CC5=C3C=C6)C7=C2C8=C(C=C7)OC9CC8C%10=C(O9)C=CC%11=C%10C=CC(OCC(N=N%12)=CN%12CCN)=C%11CNCC%13=C(OCC(N=N%14)=CN%14CCN)C=CC%15=C%13C=CC(O%16)=C%15C%17C5=C6OC%16C%17,OC(C(=O)O)CC1=CC=CC=C1,other,3.8738999366760254,NCCn1cc(COc2ccc3c4c5ccc3c2CNCc2c(OCc3cn(CCN)nn3)ccc3c6c(ccc23)OC2CC6c3c(ccc6c(c(OCc7cn(CCN)nn7)ccc36)CNCc3c(OCc6cn(CCN)nn6)ccc6c7c(ccc36)OC(CC47)O5)O2)nn1,E69AC36986BDADC1E5A61FE9021251B6D5437DB096F231021CE94D055FF4BCBF,HOST_CAN_0113,PASS,O=C(O)C(O)Cc1ccccc1,E9397338BFA2DF2426F5EAFAC89A6A669CCB8C215710730D405A0EAD1E19A161,GUEST_CAN_0859,PASS,AttentiveFP,3,guest_cold,4,3.4149718284606934
596,63,108,Oc1c2Cc3cc(cc(c3O)Cc3cc(cc(c3O)Cc3cc(cc(c3O)Cc3cc(cc(Cc4c(c(Cc5c(c(Cc6c(c(Cc1cc(c2)S(=O)(=O)[O-])cc(c6)S(=O)(=O)[O-])O)cc(c5)S(=O)(=O)[O-])O)cc(c4)S(=O)(=O)[O-])O)c3O)S(=O)(=O)[O-])S(=O)(=O)[O-])S(=O)(=O)[O-])S(=O)(=O)[O-],OC(=O)C(CCCNC(=[NH2+])N)N,calixarene,4.004300117492676,O=S(=O)([O-])c1cc2c(O)c(c1)Cc1cc(S(=O)(=O)[O-])cc(c1O)Cc1cc(S(=O)(=O)[O-])cc(c1O)Cc1cc(S(=O)(=O)[O-])cc(c1O)Cc1cc(S(=O)(=O)[O-])cc(c1O)Cc1cc(S(=O)(=O)[O-])cc(c1O)Cc1cc(S(=O)(=O)[O-])cc(c1O)Cc1cc(S(=O)(=O)[O-])cc(c1O)C2,3C24C9B25872FE0768A640DF44D242D9AEC5F3FA9C167A457997BAE8D628FFF1,HOST_CAN_0166,PASS,NC(=[NH2+])NCCCC(N)C(=O)O,3A95B838A3F3E4B9211C1F9CE461FB93EA851D8F0AA68498288217A21AD77FAC,GUEST_CAN_0726,PASS,AttentiveFP,3,guest_cold,4,2.8318071365356445
601,63,337,Oc1c2Cc3cc(cc(c3O)Cc3cc(cc(c3O)Cc3cc(cc(c3O)Cc3cc(cc(Cc4c(c(Cc5c(c(Cc6c(c(Cc1cc(c2)S(=O)(=O)[O-])cc(c6)S(=O)(=O)[O-])O)cc(c5)S(=O)(=O)[O-])O)cc(c4)S(=O)(=O)[O-])O)c3O)S(=O)(=O)[O-])S(=O)(=O)[O-])S(=O)(=O)[O-])S(=O)(=O)[O-],OCC(C(=O)O)N,calixarene,2.5051000118255615,O=S(=O)([O-])c1cc2c(O)c(c1)Cc1cc(S(=O)(=O)[O-])cc(c1O)Cc1cc(S(=O)(=O)[O-])cc(c1O)Cc1cc(S(=O)(=O)[O-])cc(c1O)Cc1cc(S(=O)(=O)[O-])cc(c1O)Cc1cc(S(=O)(=O)[O-])cc(c1O)Cc1cc(S(=O)(=O)[O-])cc(c1O)Cc1cc(S(=O)(=O)[O-])cc(c1O)C2,3C24C9B25872FE0768A640DF44D242D9AEC5F3FA9C167A457997BAE8D628FFF1,HOST_CAN_0166,PASS,NC(CO)C(=O)O,2EBE58D687C0AA53F22B8D1549C80A85A6D27FB38ECC46BD2A35B25250CAEFA2,GUEST_CAN_0734,PASS,AttentiveFP,3,guest_cold,4,1.8074426651000977
603,1,440,C1C2=CC(=CC(=C2O)CC3=CC(=CC(=C3O)CC4=C(C(=CC(=C4)S(=O)(=O)O)CC5=C(C1=CC(=C5)S(=O)(=O)O)O)O)S(=O)(=O)O)S(=O)(=O)O,CC(C(=O)O)NC(=O)CN,calixarene,3.2100000381469727,O=S(=O)(O)c1cc2c(O)c(c1)Cc1cc(S(=O)(=O)O)cc(c1O)Cc1cc(S(=O)(=O)O)cc(c1O)Cc1cc(S(=O)(=O)O)cc(c1O)C2,C1130CCDC8DA0C6458EF6C2E07E7F3330D8F8B055CBE4DEAADB70DC00C8CDFC1,HOST_CAN_0154,PASS,CC(NC(=O)CN)C(=O)O,05890C7DD45D8F3107459006B72D4EDB9CC5C3A82EEA862EFDB24093E953F0AC,GUEST_CAN_0186,PASS,AttentiveFP,3,guest_cold,4,2.703429698944092
608,8,174,C1N2C3C4N(C2=O)CN5C6C7N(C5=O)CN8C9C2N(C8=O)CN5C8C%10N(C5=O)CN5C%11C%12N(C5=O)CN5C%13C(N1C5=O)N1CN3C(=O)N4CN6C(=O)N7CN9C(=O)N2CN8C(=O)N%10CN%11C(=O)N%12CN%13C1=O,C1CCC(=O)C1,cucurbituril,3.2040998935699463,O=C1N2CN3C(=O)N4CN5C(=O)N6CN7C(=O)N8CN9C(=O)N%10CN%11C(=O)N%12CN1C1C2N2CN%13C(=O)N(CN%14C(=O)N(CN%15C(=O)N(CN%16C(=O)N(CN%17C(=O)N(CN1C2=O)C%12C%11%17)C%10C9%16)C8C7%15)C6C5%14)C4C3%13,2526C525F966BEE6CB589BBB60C9F4124C02584847747BDAFF4E92B4462536E8,HOST_CAN_0149,PASS,O=C1CCCC1,25EF9BCA067EFDF8312513E5FD1068CDF46BCEC786214EA2FEDA0313CE4A4F3B,GUEST_CAN_0918,PASS,AttentiveFP,3,guest_cold,4,3.610600471496582
611,11,445,C1N2C3C4N(C2=O)CN5C6C7N(C5=O)CN8C9C2N(C8=O)CN5C8C%10N(C5=O)CN5C%11C%12N(C5=O)CN5C%13C%14N(C5=O)CN5C%15C%16N(C5=O)CN5C%17C(N1C5=O)N1CN3C(=O)N4CN6C(=O)N7CN9C(=O)N2CN8C(=O)N%10CN%11C(=O)N%12CN%13C(=O)N%14CN%15C(=O)N%16CN%17C1=O,C1=CC2=C(C=C(C=C2)O)C(=C1)O,cucurbituril,4.732399940490723,O=C1N2CN3C(=O)N4CN5C(=O)N6CN7C(=O)N8CN9C(=O)N%10CN%11C(=O)N%12CN%13C(=O)N%14CN%15C(=O)N%16CN1C1C2N2CN%17C(=O)N(CN%18C(=O)N(CN%19C(=O)N(CN%20C(=O)N(CN%21C(=O)N(CN%22C(=O)N(CN%23C(=O)N(CN1C2=O)C%16C%15%23)C%14C%13%22)C%12C%11%21)C%10C9%20)C8C7%19)C6C5%18)C4C3%17,E82CB7F52437B0147F435E3074F006752062FF8924E87C1DAF3210D182FF633B,HOST_CAN_0143,PASS,Oc1ccc2cccc(O)c2c1,EFAA8683E4C003388B1CD26AE7B563EED1BF120CAF3D6EBAA3B1144B21DAC87A,GUEST_CAN_1000,PASS,AttentiveFP,3,guest_cold,4,4.908087730407715
616,69,126,NCCN1C=C(N=N1)COC(C=C2)=C(CNCC3=C(OCC(N=N4)=CN4CCN)C=CC5=C3C=C6)C7=C2C8=C(C=C7)OC9CC8C%10=C(O9)C=CC%11=C%10C=CC(OCC(N=N%12)=CN%12CCN)=C%11CNCC%13=C(OCC(N=N%14)=CN%14CCN)C=CC%15=C%13C=CC(O%16)=C%15C%17C5=C6OC%16C%17,NC(C(=O)O)Cc1ccccc1,other,1.9138000011444092,NCCn1cc(COc2ccc3c4c5ccc3c2CNCc2c(OCc3cn(CCN)nn3)ccc3c6c(ccc23)OC2CC6c3c(ccc6c(c(OCc7cn(CCN)nn7)ccc36)CNCc3c(OCc6cn(CCN)nn6)ccc6c7c(ccc36)OC(CC47)O5)O2)nn1,E69AC36986BDADC1E5A61FE9021251B6D5437DB096F231021CE94D055FF4BCBF,HOST_CAN_0113,PASS,NC(Cc1ccccc1)C(=O)O,4B6B1236F1C31D28D9F95F736FF46B2960AFF4F6FCE3D9E76CF43DE2ADDE8B08,GUEST_CAN_0746,PASS,AttentiveFP,3,guest_cold,4,3.2006008625030518
621,11,452,C1N2C3C4N(C2=O)CN5C6C7N(C5=O)CN8C9C2N(C8=O)CN5C8C%10N(C5=O)CN5C%11C%12N(C5=O)CN5C%13C%14N(C5=O)CN5C%15C%16N(C5=O)CN5C%17C(N1C5=O)N1CN3C(=O)N4CN6C(=O)N7CN9C(=O)N2CN8C(=O)N%10CN%11C(=O)N%12CN%13C(=O)N%14CN%15C(=O)N%16CN%17C1=O,CC12CC(C3C(C1CCC2(C(=O)CO)O)CCC4=CC(=O)C=CC34C)O,cucurbituril,6.148200035095215,O=C1N2CN3C(=O)N4CN5C(=O)N6CN7C(=O)N8CN9C(=O)N%10CN%11C(=O)N%12CN%13C(=O)N%14CN%15C(=O)N%16CN1C1C2N2CN%17C(=O)N(CN%18C(=O)N(CN%19C(=O)N(CN%20C(=O)N(CN%21C(=O)N(CN%22C(=O)N(CN%23C(=O)N(CN1C2=O)C%16C%15%23)C%14C%13%22)C%12C%11%21)C%10C9%20)C8C7%19)C6C5%18)C4C3%17,E82CB7F52437B0147F435E3074F006752062FF8924E87C1DAF3210D182FF633B,HOST_CAN_0143,PASS,CC12C=CC(=O)C=C1CCC1C2C(O)CC2(C)C1CCC2(O)C(=O)CO,3F20FC56036425BF8AB5E1808E75B4F5EBF5537AE923BB0E05F8FABB26BF0D99,GUEST_CAN_0215,PASS,AttentiveFP,3,guest_cold,4,5.567495346069336
624,95,257,COC[C@H]1O[C@@H]2O[C@H]3[CH][CH][C@H](O[CH]3)O[C@H]3[C@H](OC)[C@@H](OC)[C@H](O[C@@H]3COC)O[C@H]3[C@H](OC)[C@@H](OC)[C@H](O[C@@H]3COC)O[C@H]3[C@H](OC)[C@@H](OC)[C@H](O[C@@H]3COC)O[C@H]3[C@H](OC)[C@@H](OC)[C@H](O[C@@H]3COC)O[C@H]1[C@H](OC)[C@H]2OC,[B-]C#N.[Na+],cyclodextrin,1.9991999864578247,COC[C@H]1O[C@@H]2O[C@H]3[C@H](OC)[C@@H](OC)[C@@H](O[C@H]4[C@H](OC)[C@@H](OC)[C@@H](O[C@H]5[C@H](OC)[C@@H](OC)[C@@H](O[C@H]6[C@H](OC)[C@@H](OC)[C@@H](O[C@H]7[CH][CH][C@H](O[CH]7)O[C@H]1[C@H](OC)[C@H]2OC)O[C@@H]6COC)O[C@@H]5COC)O[C@@H]4COC)O[C@@H]3COC,BA1F8E9DE02B15AC84054A5C62EC8B5DF0CD7AD851D8A1EF33FE4C916623E590,HOST_CAN_0064,PASS,[B-]C#N.[Na+],6E772614713BBC86FC89ED5E24C8307A59F018048CC86C967F9B9862D42B8DE7,GUEST_CAN_1011,PASS,AttentiveFP,3,guest_cold,4,1.3518428802490234
631,122,456,CC(C)(C)C1=CC(=C(C=C1)NC(=O)NC2=CC=C(C=C2)OC)C#CC3=CC(=CC(=C3)OC)C#CC4=C(C=CC(=C4)C(C)(C)C)NC(=O)NC5=CC=C(C=C5)OC,[N+](=O)([O-])[O-].C(CCC)[N+](CCCC)(CCCC)CCCC,other,3.4856998920440674,COc1ccc(NC(=O)Nc2ccc(C(C)(C)C)cc2C#Cc2cc(C#Cc3cc(C(C)(C)C)ccc3NC(=O)Nc3ccc(OC)cc3)cc(OC)c2)cc1,D21F40FE6961DC5FE75A1A0699511BDB052F920FB1661CF34BFCAD5E05B4B593,HOST_CAN_0073,PASS,CCCC[N+](CCCC)(CCCC)CCCC.O=[N+]([O-])[O-],6D4B26D3D683A1392C95388B8B9856D8C2F81515BE0ED5278F99FF88C33B25A7,GUEST_CAN_0315,PASS,AttentiveFP,3,guest_cold,4,2.9536290168762207
634,11,458,C1N2C3C4N(C2=O)CN5C6C7N(C5=O)CN8C9C2N(C8=O)CN5C8C%10N(C5=O)CN5C%11C%12N(C5=O)CN5C%13C%14N(C5=O)CN5C%15C%16N(C5=O)CN5C%17C(N1C5=O)N1CN3C(=O)N4CN6C(=O)N7CN9C(=O)N2CN8C(=O)N%10CN%11C(=O)N%12CN%13C(=O)N%14CN%15C(=O)N%16CN%17C1=O,C12=CC=CC=C1NC=N2,cucurbituril,3.8750998973846436,O=C1N2CN3C(=O)N4CN5C(=O)N6CN7C(=O)N8CN9C(=O)N%10CN%11C(=O)N%12CN%13C(=O)N%14CN%15C(=O)N%16CN1C1C2N2CN%17C(=O)N(CN%18C(=O)N(CN%19C(=O)N(CN%20C(=O)N(CN%21C(=O)N(CN%22C(=O)N(CN%23C(=O)N(CN1C2=O)C%16C%15%23)C%14C%13%22)C%12C%11%21)C%10C9%20)C8C7%19)C6C5%18)C4C3%17,E82CB7F52437B0147F435E3074F006752062FF8924E87C1DAF3210D182FF633B,HOST_CAN_0143,PASS,c1ccc2[nH]cnc2c1,567811B65BB1B5DD89776D690AE90D3C5EF828D8CBA07B703185756578E9497B,GUEST_CAN_1136,PASS,AttentiveFP,3,guest_cold,4,4.477738380432129
639,73,369,C1C2=CC(=CC(=C2O)CC3=CC(=CC(=C3O)CC4=CC(=CC(=C4O)CC5=C(C(=CC(=C5)S(=O)(=O)O)CC6=C(C1=CC(=C6)S(=O)(=O)O)O)O)S(=O)(=O)O)S(=O)(=O)O)S(=O)(=O)O,C1CC2CCC(C1)N=N2,calixarene,1.7648999691009521,O=S(=O)(O)c1cc2c(O)c(c1)Cc1cc(S(=O)(=O)O)cc(c1O)Cc1cc(S(=O)(=O)O)cc(c1O)Cc1cc(S(=O)(=O)O)cc(c1O)Cc1cc(S(=O)(=O)O)cc(c1O)C2,CE64A1CA71928E5DE79CF9633E11D44D0BC2C175AB3D980BF8052807605CA8CC,HOST_CAN_0155,PASS,C1CC2CCC(C1)N=N2,3CB1DE4B60C8143576E12CED092F576F3C060BF327141DD7E64000E135972BED,GUEST_CAN_0021,PASS,AttentiveFP,3,guest_cold,4,2.654282569885254
643,8,462,C1N2C3C4N(C2=O)CN5C6C7N(C5=O)CN8C9C2N(C8=O)CN5C8C%10N(C5=O)CN5C%11C%12N(C5=O)CN5C%13C(N1C5=O)N1CN3C(=O)N4CN6C(=O)N7CN9C(=O)N2CN8C(=O)N%10CN%11C(=O)N%12CN%13C1=O,CCCCCCO,cucurbituril,2.7076001167297363,O=C1N2CN3C(=O)N4CN5C(=O)N6CN7C(=O)N8CN9C(=O)N%10CN%11C(=O)N%12CN1C1C2N2CN%13C(=O)N(CN%14C(=O)N(CN%15C(=O)N(CN%16C(=O)N(CN%17C(=O)N(CN1C2=O)C%12C%11%17)C%10C9%16)C8C7%15)C6C5%14)C4C3%13,2526C525F966BEE6CB589BBB60C9F4124C02584847747BDAFF4E92B4462536E8,HOST_CAN_0149,PASS,CCCCCCO,A0EBC1A7EEB18CCB45AA6917241B5355FA0BD20A9D2FF511212F55F4F5B4C58B,GUEST_CAN_0296,PASS,AttentiveFP,3,guest_cold,4,2.808426856994629
648,42,337,OC1=C(CC2=CC(S(=O)([O-])=O)=CC(CC(C=C3S(=O)([O-])=O)=C4OCC(N)=O)=C2O)C=C(S(=O)([O-])=O)C=C1CC5=CC(S(=O)([O-])=O)=CC(CC4=C3)=C5O,OCC(C(=O)O)N,calixarene,2.7323999404907227,NC(=O)COc1c2cc(S(=O)(=O)[O-])cc1Cc1cc(S(=O)(=O)[O-])cc(c1O)Cc1cc(S(=O)(=O)[O-])cc(c1O)Cc1cc(S(=O)(=O)[O-])cc(c1O)C2,1F2BEDA02D00DC2C1A2D3A5BD5460849E045F21D3B673D4626094BA71BDA0464,HOST_CAN_0104,PASS,NC(CO)C(=O)O,2EBE58D687C0AA53F22B8D1549C80A85A6D27FB38ECC46BD2A35B25250CAEFA2,GUEST_CAN_0734,PASS,AttentiveFP,3,guest_cold,4,1.7965829372406006
655,9,468,[O-]C(=O)COc1ccc2c3c1CNC(=O)c1c(OCC(=O)[O-])ccc4c1ccc1c4C4CC(O1)Oc1c4c4ccc(c(C(=O)NCc5c6c(c7C8c2c(cc3)OC(C8)Oc7cc6)ccc5OCC(=O)[O-])c4cc1)OCC(=O)[O-].[NH4+].[NH4+].[NH4+].[NH4+],CCOC(=O)C,other,3.3559999465942383,O=C([O-])COc1ccc2c3c4ccc2c1CNC(=O)c1c(OCC(=O)[O-])ccc2c5c(ccc12)OC1CC5c2c(ccc5c(c(OCC(=O)[O-])ccc25)C(=O)NCc2c(OCC(=O)[O-])ccc5c6c(ccc25)OC(CC36)O4)O1.[NH4+].[NH4+].[NH4+].[NH4+],7D3830C6A6E10F82EEBCC3ED68B861BB21ED63B1DDB277580F3032527E5A1183,HOST_CAN_0139,PASS,CCOC(C)=O,AA776D017A7413EAA98D958836BF2321D599C41772392950B900F195A10B0042,GUEST_CAN_0364,PASS,AttentiveFP,3,guest_cold,4,2.1514782905578613
668,125,90,[Na]OS(=O)(=O)CCCOc1ccc(c2c1CN1C(=O)N3[C@]4([C@@]1(N(C2)C(=O)N4CN1[C@@]2(N(C3)C(=O)N3[C@@H]2N(C1=O)CN1[C@@H]2N(C3)C(=O)N3[C@]2(C)N(C1=O)CN1[C@@]2(N(C3)C(=O)N3[C@]2(C)N(C1=O)Cc1c(C3)c(OCCCS(=O)(=O)O[Na])ccc1OCCCS(=O)(=O)O[Na])C)C)C)C)OCCCS(=O)(=O)O[Na],O=C1C=C(NC(=O)c2cc3ccccc3nc2O)[C@@H]([C@H]2[C@@H]1O2)O,other,5.7403998374938965,C[C@]12[C@H]3N4CN5C(=O)N6CN7C(=O)N8Cc9c(OCCCS(=O)(=O)[O][Na])ccc(OCCCS(=O)(=O)[O][Na])c9CN9C(=O)N(CN%10C(=O)N(CN3C(=O)N1CN1C(=O)N3Cc%11c(OCCCS(=O)(=O)[O][Na])ccc(OCCCS(=O)(=O)[O][Na])c%11CN%11C(=O)N(CN2C4=O)[C@]1(C)[C@@]3%11C)[C@@H]5[C@]%106C)[C@]7(C)[C@@]89C,6655E742DDAE6A5857CFC3FAA80FCCF84A4CB9CBDED2995FB1F915E7618100DC,HOST_CAN_0093,PASS,O=C(NC1=CC(=O)[C@H]2O[C@H]2[C@H]1O)c1cc2ccccc2nc1O,FDF8CE2A8B4B2A3DB312AD1231F5B6666439F2E4BEB6DF93515A1333E1D206F0,GUEST_CAN_0852,PASS,AttentiveFP,3,guest_cold,4,4.222804069519043
673,11,477,C1N2C3C4N(C2=O)CN5C6C7N(C5=O)CN8C9C2N(C8=O)CN5C8C%10N(C5=O)CN5C%11C%12N(C5=O)CN5C%13C%14N(C5=O)CN5C%15C%16N(C5=O)CN5C%17C(N1C5=O)N1CN3C(=O)N4CN6C(=O)N7CN9C(=O)N2CN8C(=O)N%10CN%11C(=O)N%12CN%13C(=O)N%14CN%15C(=O)N%16CN%17C1=O,C1=CC=C(C=C1)CC(C(=O)O)N,cucurbituril,3.6810998916625977,O=C1N2CN3C(=O)N4CN5C(=O)N6CN7C(=O)N8CN9C(=O)N%10CN%11C(=O)N%12CN%13C(=O)N%14CN%15C(=O)N%16CN1C1C2N2CN%17C(=O)N(CN%18C(=O)N(CN%19C(=O)N(CN%20C(=O)N(CN%21C(=O)N(CN%22C(=O)N(CN%23C(=O)N(CN1C2=O)C%16C%15%23)C%14C%13%22)C%12C%11%21)C%10C9%20)C8C7%19)C6C5%18)C4C3%17,E82CB7F52437B0147F435E3074F006752062FF8924E87C1DAF3210D182FF633B,HOST_CAN_0143,PASS,NC(Cc1ccccc1)C(=O)O,4B6B1236F1C31D28D9F95F736FF46B2960AFF4F6FCE3D9E76CF43DE2ADDE8B08,GUEST_CAN_0746,PASS,AttentiveFP,3,guest_cold,4,4.154561519622803
678,48,480,[Na]OS(=O)(=O)CCCOc1c2CN3C(=O)N4[C@]5([C@@]3(N(Cc2c(c2c1cccc2)OCCCS(=O)(=O)O[Na])C(=O)N5CN1[C@@]2(N(C4)C(=O)N3[C@]2(C)N(C1=O)Cc1c(C3)c(OCCCS(=O)(=O)O[Na])c2c(c1OCCCS(=O)(=O)O[Na])cccc2)C)C)C,[I-].C[N+]1=CC=CC2=CC=CC=C12,other,3.9047000408172607,C[C@]12N3Cc4c(c(OCCCS(=O)(=O)[O][Na])c5ccccc5c4OCCCS(=O)(=O)[O][Na])CN1C(=O)N1CN4C(=O)N5Cc6c(c(OCCCS(=O)(=O)[O][Na])c7ccccc7c6OCCCS(=O)(=O)[O][Na])CN6C(=O)N(CN(C3=O)[C@]12C)[C@]4(C)[C@@]56C,D18B807A904C56B05E199911FB10FFB774349CC49BBD32D2EFAFF4C892BA649F,HOST_CAN_0090,PASS,C[n+]1cccc2ccccc21.[I-],D2EA43A34E9063DD5B7CAB294870DC77C4E7819A93BCE49755772C9E5AA93DD0,GUEST_CAN_0640,PASS,AttentiveFP,3,guest_cold,4,3.817537546157837
679,9,481,[O-]C(=O)COc1ccc2c3c1CNC(=O)c1c(OCC(=O)[O-])ccc4c1ccc1c4C4CC(O1)Oc1c4c4ccc(c(C(=O)NCc5c6c(c7C8c2c(cc3)OC(C8)Oc7cc6)ccc5OCC(=O)[O-])c4cc1)OCC(=O)[O-].[NH4+].[NH4+].[NH4+].[NH4+],C1C(O1)C2=CC=CC=C2,other,4.655099868774414,O=C([O-])COc1ccc2c3c4ccc2c1CNC(=O)c1c(OCC(=O)[O-])ccc2c5c(ccc12)OC1CC5c2c(ccc5c(c(OCC(=O)[O-])ccc25)C(=O)NCc2c(OCC(=O)[O-])ccc5c6c(ccc25)OC(CC36)O4)O1.[NH4+].[NH4+].[NH4+].[NH4+],7D3830C6A6E10F82EEBCC3ED68B861BB21ED63B1DDB277580F3032527E5A1183,HOST_CAN_0139,PASS,c1ccc(C2CO2)cc1,0026890506BC5D2564373C8A2879DB5D29E92A6F4A0380E2579E1B29F8784017,GUEST_CAN_1130,PASS,AttentiveFP,3,guest_cold,4,2.8109655380249023
680,1,250,C1C2=CC(=CC(=C2O)CC3=CC(=CC(=C3O)CC4=C(C(=CC(=C4)S(=O)(=O)O)CC5=C(C1=CC(=C5)S(=O)(=O)O)O)O)S(=O)(=O)O)S(=O)(=O)O,C1=CC(=CC=C1C2=CC3=C(N2)C=C(C=C3)C(=[NH2+])N)C(=[NH2+])N,calixarene,4.447199821472168,O=S(=O)(O)c1cc2c(O)c(c1)Cc1cc(S(=O)(=O)O)cc(c1O)Cc1cc(S(=O)(=O)O)cc(c1O)Cc1cc(S(=O)(=O)O)cc(c1O)C2,C1130CCDC8DA0C6458EF6C2E07E7F3330D8F8B055CBE4DEAADB70DC00C8CDFC1,HOST_CAN_0154,PASS,NC(=[NH2+])c1ccc(-c2cc3ccc(C(N)=[NH2+])cc3[nH]2)cc1,CEEB6EEFB04D0B8CA13A0AE7419DA74A65BBB334871B9622AAFDF76333649B11,GUEST_CAN_0727,PASS,AttentiveFP,3,guest_cold,4,4.893118858337402
691,110,488,O=S(OC1=C(CC2=C(OS(=O)([O-])=O)C=C(CC3=C(OS(=O)([O-])=O)C=C(CC4=C(OS(=O)([O-])=O)C=C(CC5=CC(OS(=O)([O-])=O)=C(CC6=C(OS(=O)([O-])=O)C=C(C7)C(OS(=O)([O-])=O)=C6)C=C5OS(=O)([O-])=O)C(OS(=O)([O-])=O)=C4)C(OS(=O)([O-])=O)=C3)C(OS(=O)([O-])=O)=C2)C=C(OS(=O)([O-])=O)C(CC8=CC(OS(=O)([O-])=O)=C7C=C8OS(=O)([O-])=O)=C1)([O-])=O.[Na+].[Na+].[Na+].[Na+].[Na+].[Na+].[Na+].[Na+].[Na+].[Na+].[Na+].[Na+].[Na+].[Na+],C[N+](Cc1ccc(cc1)C[N+](C)(C)C)(C)C.[Br-].[Br-],pillararene,6.411600112915039,O=S(=O)([O-])Oc1cc2c(OS(=O)(=O)[O-])cc1Cc1cc(OS(=O)(=O)[O-])c(cc1OS(=O)(=O)[O-])Cc1cc(OS(=O)(=O)[O-])c(cc1OS(=O)(=O)[O-])Cc1cc(OS(=O)(=O)[O-])c(cc1OS(=O)(=O)[O-])Cc1cc(OS(=O)(=O)[O-])c(cc1OS(=O)(=O)[O-])Cc1cc(OS(=O)(=O)[O-])c(cc1OS(=O)(=O)[O-])Cc1cc(OS(=O)(=O)[O-])c(cc1OS(=O)(=O)[O-])C2.[Na+].[Na+].[Na+].[Na+].[Na+].[Na+].[Na+].[Na+].[Na+].[Na+].[Na+].[Na+].[Na+].[Na+],363823965269421105355BE85F9BFA79372256835F74963F23DB34F5AAE9E20B,HOST_CAN_0162,PASS,C[N+](C)(C)Cc1ccc(C[N+](C)(C)C)cc1.[Br-].[Br-],B80921BC3D0BBD71EDC2FE2EE247A87CCF750826BFC517EBDE93EFDB7D90578E,GUEST_CAN_0575,PASS,AttentiveFP,3,guest_cold,4,6.488530158996582
697,15,74,C1=C2C=C3C=C1OC4=CC(=CC(=C4)C(=O)O)OC5=CC6=CC(=C5)C7OC8=CC9=C1C=C8C(C4=C(O7)C=C5C(=C4)C(C4=CC7=C(C=C4OC2O5)OC2C4=CC(=CC(=C4)OC4=CC(=CC(=C4)C(=O)O)OC4=CC(=CC(=C4)OC4=CC(=CC(=C4)O6)C(=O)O)C(O9)OC4=C(C1CCC(=O)O)C=C(C7CCC(=O)O)C(=C4)O2)OC1=CC(=CC(=C1)O3)C(=O)O)CCC(=O)O)CCC(=O)O,C(#N)[N-]C#N.[Na+],cavitand,1.28410005569458,O=C(O)CCC1c2cc3c4cc2OC2Oc5cc6c(cc51)C(CCC(=O)O)c1cc5c7cc1OC(O6)c1cc6cc(c1)Oc1cc(cc(C(=O)O)c1)Oc1cc8cc(c1)C(Oc1cc(c(cc1C5CCC(=O)O)C3CCC(=O)O)OC(O4)c1cc(cc(c1)Oc1cc(cc(C(=O)O)c1)O8)Oc1cc(cc(C(=O)O)c1)Oc1cc(cc2c1)Oc1cc(cc(C(=O)O)c1)O6)O7,AE6E8A9B8E3ECDE32B65BE9B8736ECC23E2311A112E2CA1B78F35ECF9046A382,HOST_CAN_0117,PASS,N#C[N-]C#N.[Na+],6D37A61218B4FECFFD27D0B32DDAA5973744B2E07356552A8F2C7BA36C9A1D9A,GUEST_CAN_0713,PASS,AttentiveFP,3,guest_cold,4,2.339909553527832
702,11,495,C1N2C3C4N(C2=O)CN5C6C7N(C5=O)CN8C9C2N(C8=O)CN5C8C%10N(C5=O)CN5C%11C%12N(C5=O)CN5C%13C%14N(C5=O)CN5C%15C%16N(C5=O)CN5C%17C(N1C5=O)N1CN3C(=O)N4CN6C(=O)N7CN9C(=O)N2CN8C(=O)N%10CN%11C(=O)N%12CN%13C(=O)N%14CN%15C(=O)N%16CN%17C1=O,C1=CC=C2C(=C1)C(=CN2)CC(C(=O)O)NC(=O)C(CCC(=O)O)N,cucurbituril,4.860000133514404,O=C1N2CN3C(=O)N4CN5C(=O)N6CN7C(=O)N8CN9C(=O)N%10CN%11C(=O)N%12CN%13C(=O)N%14CN%15C(=O)N%16CN1C1C2N2CN%17C(=O)N(CN%18C(=O)N(CN%19C(=O)N(CN%20C(=O)N(CN%21C(=O)N(CN%22C(=O)N(CN%23C(=O)N(CN1C2=O)C%16C%15%23)C%14C%13%22)C%12C%11%21)C%10C9%20)C8C7%19)C6C5%18)C4C3%17,E82CB7F52437B0147F435E3074F006752062FF8924E87C1DAF3210D182FF633B,HOST_CAN_0143,PASS,NC(CCC(=O)O)C(=O)NC(Cc1c[nH]c2ccccc12)C(=O)O,17CC3BA7DF14CAE0F5CE3F1BACDBBF1FD95A0D66950067DEE2CA6FC63D8CAD4D,GUEST_CAN_0732,PASS,AttentiveFP,3,guest_cold,4,4.842349052429199
703,108,496,O=C1N2CN3C(=O)N4C5C3N3CN6C2C2N1CN1C(=O)N7C8C1N(CN2C6=O)C(=O)N8CN1[C@H]2N(C7)C(=O)N6C2N(C1=O)CN1[C@@H]2N(C6)C(=O)N6[C@@H]2N(C1=O)CN1[C@H]2[C@@H]7N(CN8C(=O)N(C4)C4N(CN5C3=O)C(=O)N(C84)CN7C1=O)C(=O)N2C6,C1=C(NC=N1)CC(C(=O)O)N,cucurbituril,3.819499969482422,O=C1N2CN3C(=O)N4CN5C(=O)N6CN7C(=O)N8CN9C(=O)N%10CN%11C(=O)N%12CN%13C(=O)N%14CN1C1C2N2CN%15C(=O)N(CN%16C(=O)N(CN%17C(=O)N(CN%18C(=O)N(CN%19C(=O)N(CN%20C(=O)N(CN1C2=O)C%14C%13%20)[C@H]%12C%11%19)[C@@H]%10[C@@H]9%18)[C@@H]8[C@@H]7%17)C6C5%16)C4C3%15,BD6B34731933265D03CE9AFCE130892456A328BC5C42751231203ABC90CAB3FC,HOST_CAN_0146,PASS,NC(Cc1cnc[nH]1)C(=O)O,7C085295B5AC6364210176B9283E1AB2809045883D7D063847762F3893E57418,GUEST_CAN_0747,PASS,AttentiveFP,3,guest_cold,4,3.838325023651123
707,127,26,O=C(N2CN(C(N4CN(C(N6CN(C(N8CN(C(N%10CN%11C%13C%12N(CCCCCC(O)=O)C(N%13CCCCCC(O)=O)=O)=O)C9C%10N(CCCCCC(O)=O)C(N9CCCCCC(O)=O)=O)=O)C7C8N(CCCCCC(O)=O)C(N7CCCCCC(O)=O)=O)=O)C5C6N(CCCCCC(O)=O)C(N5CCCCCC(O)=O)=O)=O)C3C4N(CCCCCC(O)=O)C(N3CCCCCC(O)=O)=O)N(CN%12C%11=O)C1C2N(CCCCCC(O)=O)C(N1CCCCCC(O)=O)=O,C[N+](C)(C)C.[Br-],other,3.2304000854492188,O=C(O)CCCCCN1C(=O)N(CCCCCC(=O)O)C2C1N1CN3C(=O)N(CN4C(=O)N(CN5C(=O)N(CN6C(=O)N(CN7C(=O)N(CN2C1=O)C1C7N(CCCCCC(=O)O)C(=O)N1CCCCCC(=O)O)C1C6N(CCCCCC(=O)O)C(=O)N1CCCCCC(=O)O)C1C5N(CCCCCC(=O)O)C(=O)N1CCCCCC(=O)O)C1C4N(CCCCCC(=O)O)C(=O)N1CCCCCC(=O)O)C1C3N(CCCCCC(=O)O)C(=O)N1CCCCCC(=O)O,6A9FAF5530BC770B4CCEB7505462A63A98672DFE66B97D638131737C1C2705FD,HOST_CAN_0119,PASS,C[N+](C)(C)C.[Br-],106908581BCF2696B3EEAD8D13589E489EE5CE3B80E72B912566C7953850AB09,GUEST_CAN_0554,PASS,AttentiveFP,3,guest_cold,4,5.302764892578125
718,1,503,C1C2=CC(=CC(=C2O)CC3=CC(=CC(=C3O)CC4=C(C(=CC(=C4)S(=O)(=O)O)CC5=C(C1=CC(=C5)S(=O)(=O)O)O)O)S(=O)(=O)O)S(=O)(=O)O,Cl[Cu]Cl,calixarene,3.752000093460083,O=S(=O)(O)c1cc2c(O)c(c1)Cc1cc(S(=O)(=O)O)cc(c1O)Cc1cc(S(=O)(=O)O)cc(c1O)Cc1cc(S(=O)(=O)O)cc(c1O)C2,C1130CCDC8DA0C6458EF6C2E07E7F3330D8F8B055CBE4DEAADB70DC00C8CDFC1,HOST_CAN_0154,PASS,[Cl][Cu][Cl],B6FEE526F8BD85529A9B50FCC3E83B95BF1E23A7154A31438738FA32E0619093,GUEST_CAN_1044,PASS,AttentiveFP,3,guest_cold,4,2.8929636478424072
727,11,508,C1N2C3C4N(C2=O)CN5C6C7N(C5=O)CN8C9C2N(C8=O)CN5C8C%10N(C5=O)CN5C%11C%12N(C5=O)CN5C%13C%14N(C5=O)CN5C%15C%16N(C5=O)CN5C%17C(N1C5=O)N1CN3C(=O)N4CN6C(=O)N7CN9C(=O)N2CN8C(=O)N%10CN%11C(=O)N%12CN%13C(=O)N%14CN%15C(=O)N%16CN%17C1=O,N[C@@H](CC1=CC=C(C=C1)O)C(=O)N[C@@H](CCSC)C(=O)N[C@@H](C)C(=O)O,cucurbituril,5.885900020599365,O=C1N2CN3C(=O)N4CN5C(=O)N6CN7C(=O)N8CN9C(=O)N%10CN%11C(=O)N%12CN%13C(=O)N%14CN%15C(=O)N%16CN1C1C2N2CN%17C(=O)N(CN%18C(=O)N(CN%19C(=O)N(CN%20C(=O)N(CN%21C(=O)N(CN%22C(=O)N(CN%23C(=O)N(CN1C2=O)C%16C%15%23)C%14C%13%22)C%12C%11%21)C%10C9%20)C8C7%19)C6C5%18)C4C3%17,E82CB7F52437B0147F435E3074F006752062FF8924E87C1DAF3210D182FF633B,HOST_CAN_0143,PASS,CSCC[C@H](NC(=O)[C@@H](N)Cc1ccc(O)cc1)C(=O)N[C@@H](C)C(=O)O,7F6BF89EC2A69AA5C55205C0D410A21CE925BD5EF8DA4E5D7DE472978E544576,GUEST_CAN_0530,PASS,AttentiveFP,3,guest_cold,4,5.817623615264893
732,1,510,C1C2=CC(=CC(=C2O)CC3=CC(=CC(=C3O)CC4=C(C(=CC(=C4)S(=O)(=O)O)CC5=C(C1=CC(=C5)S(=O)(=O)O)O)O)S(=O)(=O)O)S(=O)(=O)O,CP(OC(C)C)(OC(C)C)=O,calixarene,1.5535999536514282,O=S(=O)(O)c1cc2c(O)c(c1)Cc1cc(S(=O)(=O)O)cc(c1O)Cc1cc(S(=O)(=O)O)cc(c1O)Cc1cc(S(=O)(=O)O)cc(c1O)C2,C1130CCDC8DA0C6458EF6C2E07E7F3330D8F8B055CBE4DEAADB70DC00C8CDFC1,HOST_CAN_0154,PASS,CC(C)OP(C)(=O)OC(C)C,C2D0C2BEA50DD620BD1178D86C28FE918812B48459C0DC9EB4998004E1AD9425,GUEST_CAN_0164,PASS,AttentiveFP,3,guest_cold,4,3.0540454387664795
743,131,516,C(C)NC(=O)C1=CC=C(N1)C(=O)NC(=[NH2+])N,CC(C(=O)[O-])NC(=O)C,other,2.8864998817443848,CCNC(=O)c1ccc(C(=O)NC(N)=[NH2+])[nH]1,90B1C4254FCF6AE64E03F9D1916038B6C478F84A2BD8575DC59AA5BEB06CD223,HOST_CAN_0042,PASS,CC(=O)NC(C)C(=O)[O-],223D3A7CF02799E4E69DE4CF10C536E7E3A130D2DECA6FB2E856007B979C6DE6,GUEST_CAN_0069,PASS,AttentiveFP,3,guest_cold,4,2.4236416816711426
744,51,517,C1N2C3C4N(C2=O)CN5C6C7N(C5=O)CN8C9C2N(C8=O)CN5C8C%10N(C5=O)CN5C%11C%12N(C5=O)CN5C%13C%14N(C5=O)CN5C%15C%16N(C5=O)CN5C%17C%18N(C5=O)CN5C%19C%20N(C5=O)CN5C%21C(N1C5=O)N1CN3C(=O)N4CN6C(=O)N7CN9C(=O)N2CN8C(=O)N%10CN%11C(=O)N%12CN%13C(=O)N%14CN%15C(=O)N%16CN%17C(=O)N%18CN%19C(=O)N%20CN%21C1=O,c1ccc(nc1)c1ccccn1.c1ccc(nc1)c1ccccn1.c1ccc(nc1)c1ccccn1.[Ir+3],cucurbituril,7.0,O=C1N2CN3C(=O)N4CN5C(=O)N6CN7C(=O)N8CN9C(=O)N%10CN%11C(=O)N%12CN%13C(=O)N%14CN%15C(=O)N%16CN%17C(=O)N%18CN%19C(=O)N%20CN1C1C2N2CN%21C(=O)N(CN%22C(=O)N(CN%23C(=O)N(CN%24C(=O)N(CN%25C(=O)N(CN%26C(=O)N(CN%27C(=O)N(CN%28C(=O)N(CN%29C(=O)N(CN1C2=O)C%20C%19%29)C%18C%17%28)C%16C%15%27)C%14C%13%26)C%12C%11%25)C%10C9%24)C8C7%23)C6C5%22)C4C3%21,E6025A48DEEE6C9E6878EC627A6CB37BA95516523DC76F4BD8E7A3BC0D967C68,HOST_CAN_0142,PASS,[Ir+3].c1ccc(-c2ccccn2)nc1.c1ccc(-c2ccccn2)nc1.c1ccc(-c2ccccn2)nc1,6C788CB6290904146CFE86D072D92562813FB2C06FC290F39F043DF81C8DBA13,GUEST_CAN_1065,PASS,AttentiveFP,3,guest_cold,4,5.699538707733154
749,75,521,CN1[C@H]2[C@@H](N(C1=O)C)N3CN4[C@@H]5[C@@H](N(C(=O)N5C)C)N(C4=O)CN6[C@@H]7[C@@H](N(C(=O)N7C)C)N(C6=O)CN8[C@@H]9[C@@H](N(C(=O)N9C)C)N(C8=O)CN1[C@@H]4[C@@H](N(C(=O)N4C)C)N(C1=O)CN1[C@@H]4[C@@H](N(C(=O)N4C)C)N(C1=O)CN2C3=O,[Cl-],other,2.8910000324249268,CN1C(=O)N(C)[C@@H]2[C@H]1N1CN3C(=O)N(CN4C(=O)N(CN5C(=O)N(CN6C(=O)N(CN7C(=O)N(CN2C1=O)[C@@H]1[C@H]7N(C)C(=O)N1C)[C@@H]1[C@H]6N(C)C(=O)N1C)[C@@H]1[C@H]5N(C)C(=O)N1C)[C@@H]1[C@H]4N(C)C(=O)N1C)[C@@H]1[C@H]3N(C)C(=O)N1C,D6C3F21332661BB9069594818AE00619D2227BBAE869749EDEEAB00A6EE038AA,HOST_CAN_0053,PASS,[Cl-],21C8D33686776387B6A57D02C12EDC885AFA97A58E90478063570CDACEDA8054,GUEST_CAN_1022,PASS,AttentiveFP,3,guest_cold,4,3.5653645992279053
763,11,528,C1N2C3C4N(C2=O)CN5C6C7N(C5=O)CN8C9C2N(C8=O)CN5C8C%10N(C5=O)CN5C%11C%12N(C5=O)CN5C%13C%14N(C5=O)CN5C%15C%16N(C5=O)CN5C%17C(N1C5=O)N1CN3C(=O)N4CN6C(=O)N7CN9C(=O)N2CN8C(=O)N%10CN%11C(=O)N%12CN%13C(=O)N%14CN%15C(=O)N%16CN%17C1=O,CC(C1C(=O)NC(C(=O)NC(C(=O)NC(C(=O)NC(CSSCC(C(=O)NC(C(=O)NC(C(=O)NC(C(=O)NC(C(=O)NC(C(=O)NC(C(=O)N1)CCCCN)CC2=CNC3=CC=CC=C32)CC4=CC=CC=C4)CC5=CC=CC=C5)CC(=O)N)CCCCN)NC(=O)CNC(=O)C(C)N)C(=O)O)CO)C(C)O)CC6=CC=CC=C6)O,cucurbituril,4.230400085449219,O=C1N2CN3C(=O)N4CN5C(=O)N6CN7C(=O)N8CN9C(=O)N%10CN%11C(=O)N%12CN%13C(=O)N%14CN%15C(=O)N%16CN1C1C2N2CN%17C(=O)N(CN%18C(=O)N(CN%19C(=O)N(CN%20C(=O)N(CN%21C(=O)N(CN%22C(=O)N(CN%23C(=O)N(CN1C2=O)C%16C%15%23)C%14C%13%22)C%12C%11%21)C%10C9%20)C8C7%19)C6C5%18)C4C3%17,E82CB7F52437B0147F435E3074F006752062FF8924E87C1DAF3210D182FF633B,HOST_CAN_0143,PASS,CC(N)C(=O)NCC(=O)NC1CSSCC(C(=O)O)NC(=O)C(CO)NC(=O)C(C(C)O)NC(=O)C(Cc2ccccc2)NC(=O)C(C(C)O)NC(=O)C(CCCCN)NC(=O)C(Cc2c[nH]c3ccccc23)NC(=O)C(Cc2ccccc2)NC(=O)C(Cc2ccccc2)NC(=O)C(CC(N)=O)NC(=O)C(CCCCN)NC1=O,4204D9D4DBFCADA8134CF5A110911172F4958A90BA0BD939FDB34F81AA629019,GUEST_CAN_0179,PASS,AttentiveFP,3,guest_cold,4,4.864617824554443
767,14,108,NCCOc1c2Cc3cc(cc(c3O)Cc3cc(cc(c3O)Cc3cc(cc(Cc4c(c(Cc5c(c(Cc1cc(c2)S(=O)(=O)O)cc(c5)S(=O)(=O)O)O)cc(c4)S(=O)(=O)O)O)c3O)S(=O)(=O)O)S(=O)(=O)O)S(=O)(=O)O,OC(=O)C(CCCNC(=[NH2+])N)N,calixarene,2.828000068664551,NCCOc1c2cc(S(=O)(=O)O)cc1Cc1cc(S(=O)(=O)O)cc(c1O)Cc1cc(S(=O)(=O)O)cc(c1O)Cc1cc(S(=O)(=O)O)cc(c1O)Cc1cc(S(=O)(=O)O)cc(c1O)Cc1cc(S(=O)(=O)O)cc(c1O)C2,C787A22C599703D921FA29CACAF002E9FF6ED12C44482B2905C84DCBDD5B4AC1,HOST_CAN_0110,PASS,NC(=[NH2+])NCCCC(N)C(=O)O,3A95B838A3F3E4B9211C1F9CE461FB93EA851D8F0AA68498288217A21AD77FAC,GUEST_CAN_0726,PASS,AttentiveFP,3,guest_cold,4,2.7839927673339844
780,3,317,OC[C@H]1O[C@@H]2O[C@@H]3[C@@H](CO)O[C@H](O[C@@H]4[C@@H](CO)O[C@H](O[C@@H]5[C@@H](CO)O[C@H](O[C@@H]6[C@@H](CO)O[C@H](O[C@@H]7[C@@H](CO)O[C@H](O[C@@H]8[C@@H](CO)O[C@H](O[C@H]1[C@H](O)[C@H]2O)[C@H](O)[C@H]8O)[C@H](O)[C@H]7O)[C@H](O)[C@H]6O)[C@H](O)[C@H]5O)[C@H](O)[C@H]4O)[C@H](O)[C@H]3O,C1CCC(C(C1)O)O,cyclodextrin,1.934499979019165,OC[C@H]1O[C@@H]2O[C@H]3[C@H](O)[C@@H](O)[C@@H](O[C@H]4[C@H](O)[C@@H](O)[C@@H](O[C@H]5[C@H](O)[C@@H](O)[C@@H](O[C@H]6[C@H](O)[C@@H](O)[C@@H](O[C@H]7[C@H](O)[C@@H](O)[C@@H](O[C@H]8[C@H](O)[C@@H](O)[C@@H](O[C@H]1[C@H](O)[C@H]2O)O[C@@H]8CO)O[C@@H]7CO)O[C@@H]6CO)O[C@@H]5CO)O[C@@H]4CO)O[C@@H]3CO,22584443D9512992310760C9871E3E6BDB3EDC92006F3EF1EC94F44373907EB1,HOST_CAN_0176,PASS,OC1CCCCC1O,68517F5E2C4E7A6C5B57748F5CC516315EA14A9348D8746ED8A985C007ADFF97,GUEST_CAN_0964,PASS,AttentiveFP,3,guest_cold,4,2.409374713897705
782,94,536,CC(C(O[Na])=O)OC(C(OC(C)C(O[Na])=O)=C1)=CC2=C1C(C=C(OC(C(O[Na])=O)C)C(OC(C(O[Na])=O)C)=C3)=C3C4=C2C=C(OC(C(O[Na])=O)C)C(OC(C)C(O[Na])=O)=C4,C1=CC2=C(C=C1O)C(=CN2)CCN,other,2.3032000064849854,CC(Oc1cc2c3cc(OC(C)C(=O)[O][Na])c(OC(C)C(=O)[O][Na])cc3c3cc(OC(C)C(=O)[O][Na])c(OC(C)C(=O)[O][Na])cc3c2cc1OC(C)C(=O)[O][Na])C(=O)[O][Na],BA584CA32AF40B5CC01118169993C3B68F1DD55FC57084F45766D3D97748C6AD,HOST_CAN_0016,PASS,NCCc1c[nH]c2ccc(O)cc12,50C092FACAED55A658C6A1AE3522860D2E1569D33526588B723A5129AA5EBE61,GUEST_CAN_0806,PASS,AttentiveFP,3,guest_cold,4,1.3117270469665527
784,8,537,C1N2C3C4N(C2=O)CN5C6C7N(C5=O)CN8C9C2N(C8=O)CN5C8C%10N(C5=O)CN5C%11C%12N(C5=O)CN5C%13C(N1C5=O)N1CN3C(=O)N4CN6C(=O)N7CN9C(=O)N2CN8C(=O)N%10CN%11C(=O)N%12CN%13C1=O,CCCCCCN1C=C[N+](=C1)C.[Br-],cucurbituril,4.537799835205078,O=C1N2CN3C(=O)N4CN5C(=O)N6CN7C(=O)N8CN9C(=O)N%10CN%11C(=O)N%12CN1C1C2N2CN%13C(=O)N(CN%14C(=O)N(CN%15C(=O)N(CN%16C(=O)N(CN%17C(=O)N(CN1C2=O)C%12C%11%17)C%10C9%16)C8C7%15)C6C5%14)C4C3%13,2526C525F966BEE6CB589BBB60C9F4124C02584847747BDAFF4E92B4462536E8,HOST_CAN_0149,PASS,CCCCCCn1cc[n+](C)c1.[Br-],15B1B4F53B7D62E378A109E635A60B5495DBBE0C4F2C1679FF0301EE3D7C7E95,GUEST_CAN_0303,PASS,AttentiveFP,3,guest_cold,4,4.335400104522705
793,11,541,C1N2C3C4N(C2=O)CN5C6C7N(C5=O)CN8C9C2N(C8=O)CN5C8C%10N(C5=O)CN5C%11C%12N(C5=O)CN5C%13C%14N(C5=O)CN5C%15C%16N(C5=O)CN5C%17C(N1C5=O)N1CN3C(=O)N4CN6C(=O)N7CN9C(=O)N2CN8C(=O)N%10CN%11C(=O)N%12CN%13C(=O)N%14CN%15C(=O)N%16CN%17C1=O,C1=CC(=CC=C1O)F,cucurbituril,3.8324999809265137,O=C1N2CN3C(=O)N4CN5C(=O)N6CN7C(=O)N8CN9C(=O)N%10CN%11C(=O)N%12CN%13C(=O)N%14CN%15C(=O)N%16CN1C1C2N2CN%17C(=O)N(CN%18C(=O)N(CN%19C(=O)N(CN%20C(=O)N(CN%21C(=O)N(CN%22C(=O)N(CN%23C(=O)N(CN1C2=O)C%16C%15%23)C%14C%13%22)C%12C%11%21)C%10C9%20)C8C7%19)C6C5%18)C4C3%17,E82CB7F52437B0147F435E3074F006752062FF8924E87C1DAF3210D182FF633B,HOST_CAN_0143,PASS,Oc1ccc(F)cc1,7D67A3FA139EDDB68E49DD1F4A21588CAC2AC9BED37C6A95845BC700D5BED663,GUEST_CAN_0993,PASS,AttentiveFP,3,guest_cold,4,4.101584434509277
799,83,496,O=C1N2CN(C(N3CN4C5[C@H]6N7C4=O)=O)C(C3N8C[N@]5C([N@@]6C[N@@]9C([N@@]([C@H]([N@](C[N@@]%10[C@H]%11C%12%13)C%14=O)[C@@H]9[N@]%14C7)C[N@@]%11C([N@]%13C%15N%16C(N%17CN%18C%19=O)=O)=O)=O)=O)N(C8=O)CN%19C2C%18N1CN%20C%17C%16N([C@H](C%21=C%15C=C(C=CC=C%22)C%22=C%21)N%12C%10=O)C%20=O,C1=C(NC=N1)CC(C(=O)O)N,cucurbituril,3.2304000854492188,O=C1N2CN3C(=O)N4CN5C(=O)N6CN7C(=O)N8CN9C(=O)N%10C%11c%12cc%13ccccc%13cc%12[C@H]%12N%13C(=O)N%14CN%15C(=O)N(CN%16C(=O)N(CN%17C(=O)N(CN%18C(=O)N(CN%19C(=O)N%12C%10[C@@H]9%19)[C@@H]8[C@@H]7%18)[C@@H]6C5%17)C4C3%16)C2C%15N1CN1C(=O)N%11C%13C1%14,22BBC4A6182BB69D6F23E2210FF6FE0897FAD28735E766CF137DD2649852025C,HOST_CAN_0141,PASS,NC(Cc1cnc[nH]1)C(=O)O,7C085295B5AC6364210176B9283E1AB2809045883D7D063847762F3893E57418,GUEST_CAN_0747,PASS,AttentiveFP,3,guest_cold,4,3.63555908203125
803,11,548,C1N2C3C4N(C2=O)CN5C6C7N(C5=O)CN8C9C2N(C8=O)CN5C8C%10N(C5=O)CN5C%11C%12N(C5=O)CN5C%13C%14N(C5=O)CN5C%15C%16N(C5=O)CN5C%17C(N1C5=O)N1CN3C(=O)N4CN6C(=O)N7CN9C(=O)N2CN8C(=O)N%10CN%11C(=O)N%12CN%13C(=O)N%14CN%15C(=O)N%16CN%17C1=O,C[N+]1=CC=C(C=C1)C2=CC=NC=C2,cucurbituril,10.230400085449219,O=C1N2CN3C(=O)N4CN5C(=O)N6CN7C(=O)N8CN9C(=O)N%10CN%11C(=O)N%12CN%13C(=O)N%14CN%15C(=O)N%16CN1C1C2N2CN%17C(=O)N(CN%18C(=O)N(CN%19C(=O)N(CN%20C(=O)N(CN%21C(=O)N(CN%22C(=O)N(CN%23C(=O)N(CN1C2=O)C%16C%15%23)C%14C%13%22)C%12C%11%21)C%10C9%20)C8C7%19)C6C5%18)C4C3%17,E82CB7F52437B0147F435E3074F006752062FF8924E87C1DAF3210D182FF633B,HOST_CAN_0143,PASS,C[n+]1ccc(-c2ccncc2)cc1,EC8828216E9FB755C092C22B7F9637650A5115A576B076FC6DDB526D9E9ADE47,GUEST_CAN_0632,PASS,AttentiveFP,3,guest_cold,4,6.508261680603027
813,3,198,OC[C@H]1O[C@@H]2O[C@@H]3[C@@H](CO)O[C@H](O[C@@H]4[C@@H](CO)O[C@H](O[C@@H]5[C@@H](CO)O[C@H](O[C@@H]6[C@@H](CO)O[C@H](O[C@@H]7[C@@H](CO)O[C@H](O[C@@H]8[C@@H](CO)O[C@H](O[C@H]1[C@H](O)[C@H]2O)[C@H](O)[C@H]8O)[C@H](O)[C@H]7O)[C@H](O)[C@H]6O)[C@H](O)[C@H]5O)[C@H](O)[C@H]4O)[C@H](O)[C@H]3O,CC(CCC(=O)[O-])C1CCC2C1(C(CC3C2CCC4C3(CCC(C4)O)C)O)C.[Na+],cyclodextrin,3.6851999759674072,OC[C@H]1O[C@@H]2O[C@H]3[C@H](O)[C@@H](O)[C@@H](O[C@H]4[C@H](O)[C@@H](O)[C@@H](O[C@H]5[C@H](O)[C@@H](O)[C@@H](O[C@H]6[C@H](O)[C@@H](O)[C@@H](O[C@H]7[C@H](O)[C@@H](O)[C@@H](O[C@H]8[C@H](O)[C@@H](O)[C@@H](O[C@H]1[C@H](O)[C@H]2O)O[C@@H]8CO)O[C@@H]7CO)O[C@@H]6CO)O[C@@H]5CO)O[C@@H]4CO)O[C@@H]3CO,22584443D9512992310760C9871E3E6BDB3EDC92006F3EF1EC94F44373907EB1,HOST_CAN_0176,PASS,CC(CCC(=O)[O-])C1CCC2C3CCC4CC(O)CCC4(C)C3CC(O)C12C.[Na+],AAE8955CE9801473265577821D0239EBE4B6812D89DD2C64FBC72356DA8A31D4,GUEST_CAN_0174,PASS,AttentiveFP,3,guest_cold,4,3.6211438179016113
818,1,557,C1C2=CC(=CC(=C2O)CC3=CC(=CC(=C3O)CC4=C(C(=CC(=C4)S(=O)(=O)O)CC5=C(C1=CC(=C5)S(=O)(=O)O)O)O)S(=O)(=O)O)S(=O)(=O)O,CN(C)C(=NCCCC(C(=O)O)N)N,calixarene,3.077699899673462,O=S(=O)(O)c1cc2c(O)c(c1)Cc1cc(S(=O)(=O)O)cc(c1O)Cc1cc(S(=O)(=O)O)cc(c1O)Cc1cc(S(=O)(=O)O)cc(c1O)C2,C1130CCDC8DA0C6458EF6C2E07E7F3330D8F8B055CBE4DEAADB70DC00C8CDFC1,HOST_CAN_0154,PASS,CN(C)C(N)=NCCCC(N)C(=O)O,8FECDFE6FD8E3AB55B038D0BDBF122796AB039E405A2214EC5BD150967E713AD,GUEST_CAN_0391,PASS,AttentiveFP,3,guest_cold,4,3.2097251415252686
822,124,456,CC(C)(C)C1=CC(=C(C=C1)NC(=O)NC2=CC=C(C=C2)OC)C#CC3=CC(=CC(=C3)[N+](=O)[O-])C#CC4=C(C=CC(=C4)C(C)(C)C)NC(=O)NC5=CC=C(C=C5)OC,[N+](=O)([O-])[O-].C(CCC)[N+](CCCC)(CCCC)CCCC,other,4.025300025939941,COc1ccc(NC(=O)Nc2ccc(C(C)(C)C)cc2C#Cc2cc(C#Cc3cc(C(C)(C)C)ccc3NC(=O)Nc3ccc(OC)cc3)cc([N+](=O)[O-])c2)cc1,8DCC7464D23383F1AE40036D7D458C209BF9C2BB013AE26B6E3A977C1D16796E,HOST_CAN_0074,PASS,CCCC[N+](CCCC)(CCCC)CCCC.O=[N+]([O-])[O-],6D4B26D3D683A1392C95388B8B9856D8C2F81515BE0ED5278F99FF88C33B25A7,GUEST_CAN_0315,PASS,AttentiveFP,3,guest_cold,4,3.055708169937134
824,30,559,C1C2=CC(=CC(=C2O)CC3=CC(=CC(=C3O)CC4=CC(=CC(=C4O)CC5=C(C(=CC(=C5)S(=O)(=O)[O-])CC6=C(C(=CC(=C6)S(=O)(=O)[O-])CC7=C(C1=CC(=C7)S(=O)(=O)[O-])O)O)O)S(=O)(=O)[O-])S(=O)(=O)[O-])S(=O)(=O)[O-],CCC(COC(=O)C1=CC(=C(C(=C1)OC)OC)OC)(C2=CC=CC=C2)N(C)C,calixarene,4.809500217437744,O=S(=O)([O-])c1cc2c(O)c(c1)Cc1cc(S(=O)(=O)[O-])cc(c1O)Cc1cc(S(=O)(=O)[O-])cc(c1O)Cc1cc(S(=O)(=O)[O-])cc(c1O)Cc1cc(S(=O)(=O)[O-])cc(c1O)Cc1cc(S(=O)(=O)[O-])cc(c1O)C2,175E9D01D3A7DD7BE73E9B8659E8BAA0A16B2D5C4CCEFE3BEFED10121429BF10,HOST_CAN_0164,PASS,CCC(COC(=O)c1cc(OC)c(OC)c(OC)c1)(c1ccccc1)N(C)C,8FF4B6324A457C57C099C820716A66D348B22787EF048D39E582F99F85E5290E,GUEST_CAN_0260,PASS,AttentiveFP,3,guest_cold,4,3.698892116546631
834,23,566,OC[C@H]1O[C@@H]2O[C@@H]3[C@@H](CO)O[C@H](O[C@@H]4[C@@H](CO)O[C@H](O[C@@H]5[C@@H](CO)O[C@H](O[C@@H]6[C@@H](CO)O[C@H](O[C@@H]7[C@@H](CO)O[C@H](O[C@H]1[C@H](O)[C@H]2O)[C@H](O)[C@H]7O)[C@H](O)[C@H]6O)[C@H](O)[C@H]5O)[C@H](O)[C@H]4O)[C@H](O)[C@H]3O,CCCCC(=O)[O-],cyclodextrin,1.902500033378601,OC[C@H]1O[C@@H]2O[C@H]3[C@H](O)[C@@H](O)[C@@H](O[C@H]4[C@H](O)[C@@H](O)[C@@H](O[C@H]5[C@H](O)[C@@H](O)[C@@H](O[C@H]6[C@H](O)[C@@H](O)[C@@H](O[C@H]7[C@H](O)[C@@H](O)[C@@H](O[C@H]1[C@H](O)[C@H]2O)O[C@@H]7CO)O[C@@H]6CO)O[C@@H]5CO)O[C@@H]4CO)O[C@@H]3CO,9CB41F926A4386D7C0E23599753E6EDC60802BE1DCF577DB9B32CBB20691DB1D,HOST_CAN_0175,PASS,CCCCC(=O)[O-],98E03BF83A033EB52A065A3BD571888894C3D905AEAE7D5CD0C1FBFEA8C73E5A,GUEST_CAN_0270,PASS,AttentiveFP,3,guest_cold,4,2.3105733394622803
841,45,72,C1C2=CC(=CC=C2)CC3=CC(=CC=C3)CC4=CC=CC(=C4)CC5=CC=CC1=C5,NC(C(=O)O)Cc1c[nH]cn1,calixarene,2.748199939727783,c1cc2cc(c1)Cc1cccc(c1)Cc1cccc(c1)Cc1cccc(c1)C2,001BA14F081450375618B4DEC192A3633931B27A166EE11658CCCBFAB45E327F,HOST_CAN_0183,PASS,NC(Cc1c[nH]cn1)C(=O)O,FB673C9EDBC2F6C509C14A12DA10308CC8AD4E94C32BC5F3BAD448FBAA74F381,GUEST_CAN_0741,PASS,AttentiveFP,3,guest_cold,4,3.566040277481079
849,142,574,[Na]OS(=O)(=O)CCCc1ccc2c3c1CN1C(=O)N4[C@@]5([C@@]1(C)N(Cc3c(cc2)CCCS(=O)(=O)O[Na])C(=O)N5CN1[C@H]2N(C4)C(=O)N3[C@H]2N(C1=O)CN1[C@H]2N(C3)C(=O)N3[C@H]2N(C1=O)CN1[C@]2(N(C3)C(=O)N3[C@]2(N(C1=O)Cc1c2c(C3)c(CCCS(=O)(=O)O[Na])ccc2ccc1CCCS(=O)(=O)O[Na])C)C)C,C1CC(N(C1)C(=O)C(CCCCN)NC(CCC2=CC=CC=C2)C(=O)O)C(=O)O,cucurbituril,3.5797998905181885,C[C@]12N3Cc4c(CCCS(=O)(=O)[O][Na])ccc5ccc(CCCS(=O)(=O)[O][Na])c(c45)CN1C(=O)N1CN4C(=O)N5CN6C(=O)N7CN8C(=O)N9Cc%10c(CCCS(=O)(=O)[O][Na])ccc%11ccc(CCCS(=O)(=O)[O][Na])c(c%10%11)CN%10C(=O)N(CN%11C(=O)N(CN%12C(=O)N(CN(C3=O)[C@]12C)[C@@H]4[C@H]%125)[C@@H]6[C@H]%117)[C@]8(C)[C@@]9%10C,830BF403FA9E63AA91A49B5FFFE151ED426E5A39758FD44461918B9242146194,HOST_CAN_0084,PASS,NCCCCC(NC(CCc1ccccc1)C(=O)O)C(=O)N1CCCC1C(=O)O,9F1F4766E22F0C54E66436DE0560ACFBB55C275E2F4C2132E6F6E3F469D6A6DB,GUEST_CAN_0787,PASS,AttentiveFP,3,guest_cold,4,4.163262367248535
853,83,574,O=C1N2CN(C(N3CN4C5[C@H]6N7C4=O)=O)C(C3N8C[N@]5C([N@@]6C[N@@]9C([N@@]([C@H]([N@](C[N@@]%10[C@H]%11C%12%13)C%14=O)[C@@H]9[N@]%14C7)C[N@@]%11C([N@]%13C%15N%16C(N%17CN%18C%19=O)=O)=O)=O)=O)N(C8=O)CN%19C2C%18N1CN%20C%17C%16N([C@H](C%21=C%15C=C(C=CC=C%22)C%22=C%21)N%12C%10=O)C%20=O,C1CC(N(C1)C(=O)C(CCCCN)NC(CCC2=CC=CC=C2)C(=O)O)C(=O)O,cucurbituril,2.857300043106079,O=C1N2CN3C(=O)N4CN5C(=O)N6CN7C(=O)N8CN9C(=O)N%10C%11c%12cc%13ccccc%13cc%12[C@H]%12N%13C(=O)N%14CN%15C(=O)N(CN%16C(=O)N(CN%17C(=O)N(CN%18C(=O)N(CN%19C(=O)N%12C%10[C@@H]9%19)[C@@H]8[C@@H]7%18)[C@@H]6C5%17)C4C3%16)C2C%15N1CN1C(=O)N%11C%13C1%14,22BBC4A6182BB69D6F23E2210FF6FE0897FAD28735E766CF137DD2649852025C,HOST_CAN_0141,PASS,NCCCCC(NC(CCc1ccccc1)C(=O)O)C(=O)N1CCCC1C(=O)O,9F1F4766E22F0C54E66436DE0560ACFBB55C275E2F4C2132E6F6E3F469D6A6DB,GUEST_CAN_0787,PASS,AttentiveFP,3,guest_cold,4,4.046176910400391
856,94,578,CC(C(O[Na])=O)OC(C(OC(C)C(O[Na])=O)=C1)=CC2=C1C(C=C(OC(C(O[Na])=O)C)C(OC(C(O[Na])=O)C)=C3)=C3C4=C2C=C(OC(C(O[Na])=O)C)C(OC(C)C(O[Na])=O)=C4,C(C1C(C(C(C(O1)O)O)O)O)O,other,0.0,CC(Oc1cc2c3cc(OC(C)C(=O)[O][Na])c(OC(C)C(=O)[O][Na])cc3c3cc(OC(C)C(=O)[O][Na])c(OC(C)C(=O)[O][Na])cc3c2cc1OC(C)C(=O)[O][Na])C(=O)[O][Na],BA584CA32AF40B5CC01118169993C3B68F1DD55FC57084F45766D3D97748C6AD,HOST_CAN_0016,PASS,OCC1OC(O)C(O)C(O)C1O,A3DAB45FCA948729C76193FD9D1F7171EAA4D1B268421C55636ADA1834EB1411,GUEST_CAN_0970,PASS,AttentiveFP,3,guest_cold,4,1.36332106590271
866,9,585,[O-]C(=O)COc1ccc2c3c1CNC(=O)c1c(OCC(=O)[O-])ccc4c1ccc1c4C4CC(O1)Oc1c4c4ccc(c(C(=O)NCc5c6c(c7C8c2c(cc3)OC(C8)Oc7cc6)ccc5OCC(=O)[O-])c4cc1)OCC(=O)[O-].[NH4+].[NH4+].[NH4+].[NH4+],C1COC=CO1,other,3.2553000450134277,O=C([O-])COc1ccc2c3c4ccc2c1CNC(=O)c1c(OCC(=O)[O-])ccc2c5c(ccc12)OC1CC5c2c(ccc5c(c(OCC(=O)[O-])ccc25)C(=O)NCc2c(OCC(=O)[O-])ccc5c6c(ccc25)OC(CC36)O4)O1.[NH4+].[NH4+].[NH4+].[NH4+],7D3830C6A6E10F82EEBCC3ED68B861BB21ED63B1DDB277580F3032527E5A1183,HOST_CAN_0139,PASS,C1=COCCO1,62B89259694551775F024BAF22BB7717B9DD1ABB919F2BD142259B86044C2DEF,GUEST_CAN_0017,PASS,AttentiveFP,3,guest_cold,4,2.087311267852783
871,32,588,OC(=O)c1ccc(cc1)N=Nc1cc2Cc3cc(N=Nc4ccc(cc4)C(=O)O)cc(c3O)Cc3cc(cc(Cc4c(c(Cc(c1)c2O)cc(N=Nc1ccc(cc1)C(=O)O)c4)O)c3O)/N=N/c1ccc(cc1)C(=O)O,C1(=CC=CC=C1)/C(=C(\CC)/C1=CC=CC=C1)/C1=CC=C(OCCN(C)C)C=C1,calixarene,5.301000118255615,O=C(O)c1ccc(N=Nc2cc3c(O)c(c2)Cc2cc(N=Nc4ccc(C(=O)O)cc4)cc(c2O)Cc2cc(/N=N/c4ccc(C(=O)O)cc4)cc(c2O)Cc2cc(N=Nc4ccc(C(=O)O)cc4)cc(c2O)C3)cc1,5B585DBFF951CBB98E465DBECF308ACBE2EAF8773CE9C58156BE700CBB287248,HOST_CAN_0134,PASS,CC/C(=C(\c1ccccc1)c1ccc(OCCN(C)C)cc1)c1ccccc1,5ACDA16CB277C39C304264A8998B93023328B939D55AAAE2BB19D9B80C4E63B6,GUEST_CAN_0198,PASS,AttentiveFP,3,guest_cold,4,5.717442035675049
878,79,593,OC(=O)COc1c2cccc1Cc1cccc(c1OCC(=O)O)Cc1c(c(Cc3c(c(C2)ccc3)OCC(=O)O)ccc1)OCC(=O)O,C[N+](C)(C)CC1=CC=C([N+]([O-])=O)C=C1,calixarene,1.7000000476837158,O=C(O)COc1c2cccc1Cc1cccc(c1OCC(=O)O)Cc1cccc(c1OCC(=O)O)Cc1cccc(c1OCC(=O)O)C2,31282512BE72F48E4C936E57F962376202BAF175B8430F712603BAF04D68B020,HOST_CAN_0131,PASS,C[N+](C)(C)Cc1ccc([N+](=O)[O-])cc1,C81DFE1142CCEAC17EA508E9FB9CE73991FEBBC991F7E13643BFF32A03784961,GUEST_CAN_0576,PASS,AttentiveFP,3,guest_cold,4,3.5603373050689697
879,135,594,C(N)(=O)CN(C(=O)C1=CC=C(N1)C(=O)NC(=[NH2+])N)C(C)C,C(C)(=O)N[C@@H](C)C(=O)[O-],other,2.9684998989105225,CC(C)N(CC(N)=O)C(=O)c1ccc(C(=O)NC(N)=[NH2+])[nH]1,E45E3D029035E3F73C86C1CEB4D1AB7DAEA8B675AB866EF1DA28E3B575A147C0,HOST_CAN_0011,PASS,CC(=O)N[C@@H](C)C(=O)[O-],1641762B9E21DD1BF73C6918FD884BAA3A19B2CD464B79CBCB6ECA127C1A0347,GUEST_CAN_0086,PASS,AttentiveFP,3,guest_cold,4,2.2995612621307373
902,1,605,C1C2=CC(=CC(=C2O)CC3=CC(=CC(=C3O)CC4=C(C(=CC(=C4)S(=O)(=O)O)CC5=C(C1=CC(=C5)S(=O)(=O)O)O)O)S(=O)(=O)O)S(=O)(=O)O,CC1(C)C(/C=C/C2=C([O-])C=CC([N+]([O-])=O)=C2)=[N+](CCO)C3=CC=CC=C31,calixarene,3.544100046157837,O=S(=O)(O)c1cc2c(O)c(c1)Cc1cc(S(=O)(=O)O)cc(c1O)Cc1cc(S(=O)(=O)O)cc(c1O)Cc1cc(S(=O)(=O)O)cc(c1O)C2,C1130CCDC8DA0C6458EF6C2E07E7F3330D8F8B055CBE4DEAADB70DC00C8CDFC1,HOST_CAN_0154,PASS,CC1(C)C(/C=C/c2cc([N+](=O)[O-])ccc2[O-])=[N+](CCO)c2ccccc21,144A51A235A50D485F4E5A7B22995D3A39E2CF9EC0F9970C460E9E7F213BAD85,GUEST_CAN_0202,PASS,AttentiveFP,3,guest_cold,4,4.451165199279785
903,11,606,C1N2C3C4N(C2=O)CN5C6C7N(C5=O)CN8C9C2N(C8=O)CN5C8C%10N(C5=O)CN5C%11C%12N(C5=O)CN5C%13C%14N(C5=O)CN5C%15C%16N(C5=O)CN5C%17C(N1C5=O)N1CN3C(=O)N4CN6C(=O)N7CN9C(=O)N2CN8C(=O)N%10CN%11C(=O)N%12CN%13C(=O)N%14CN%15C(=O)N%16CN%17C1=O,CC12CCC3C(C1CCC2O)CCC4=CC(=O)CCC34C,cucurbituril,8.041399955749512,O=C1N2CN3C(=O)N4CN5C(=O)N6CN7C(=O)N8CN9C(=O)N%10CN%11C(=O)N%12CN%13C(=O)N%14CN%15C(=O)N%16CN1C1C2N2CN%17C(=O)N(CN%18C(=O)N(CN%19C(=O)N(CN%20C(=O)N(CN%21C(=O)N(CN%22C(=O)N(CN%23C(=O)N(CN1C2=O)C%16C%15%23)C%14C%13%22)C%12C%11%21)C%10C9%20)C8C7%19)C6C5%18)C4C3%17,E82CB7F52437B0147F435E3074F006752062FF8924E87C1DAF3210D182FF633B,HOST_CAN_0143,PASS,CC12CCC(=O)C=C1CCC1C2CCC2(C)C(O)CCC12,23DEA99CC7FFA441B2CF99D019192899AE5B6380699A4759C87591498A2D2854,GUEST_CAN_0222,PASS,AttentiveFP,3,guest_cold,4,7.474465847015381
910,8,258,C1N2C3C4N(C2=O)CN5C6C7N(C5=O)CN8C9C2N(C8=O)CN5C8C%10N(C5=O)CN5C%11C%12N(C5=O)CN5C%13C(N1C5=O)N1CN3C(=O)N4CN6C(=O)N7CN9C(=O)N2CN8C(=O)N%10CN%11C(=O)N%12CN%13C1=O,CCCO,cucurbituril,2.5583999156951904,O=C1N2CN3C(=O)N4CN5C(=O)N6CN7C(=O)N8CN9C(=O)N%10CN%11C(=O)N%12CN1C1C2N2CN%13C(=O)N(CN%14C(=O)N(CN%15C(=O)N(CN%16C(=O)N(CN%17C(=O)N(CN1C2=O)C%12C%11%17)C%10C9%16)C8C7%15)C6C5%14)C4C3%13,2526C525F966BEE6CB589BBB60C9F4124C02584847747BDAFF4E92B4462536E8,HOST_CAN_0149,PASS,CCCO,462B618A7419D00DD59FB15AED29E14BAFD4A7D7D862F15758CAC9C392890247,GUEST_CAN_0334,PASS,AttentiveFP,3,guest_cold,4,2.6370677947998047
917,9,613,[O-]C(=O)COc1ccc2c3c1CNC(=O)c1c(OCC(=O)[O-])ccc4c1ccc1c4C4CC(O1)Oc1c4c4ccc(c(C(=O)NCc5c6c(c7C8c2c(cc3)OC(C8)Oc7cc6)ccc5OCC(=O)[O-])c4cc1)OCC(=O)[O-].[NH4+].[NH4+].[NH4+].[NH4+],C1=CNC=C1,other,2.5954999923706055,O=C([O-])COc1ccc2c3c4ccc2c1CNC(=O)c1c(OCC(=O)[O-])ccc2c5c(ccc12)OC1CC5c2c(ccc5c(c(OCC(=O)[O-])ccc25)C(=O)NCc2c(OCC(=O)[O-])ccc5c6c(ccc25)OC(CC36)O4)O1.[NH4+].[NH4+].[NH4+].[NH4+],7D3830C6A6E10F82EEBCC3ED68B861BB21ED63B1DDB277580F3032527E5A1183,HOST_CAN_0139,PASS,c1cc[nH]c1,F996E37E5A4B42FBC524EFA4BA2E9A15FBF3D1F561537DA9CA8ED1DFB7CD0E8F,GUEST_CAN_1126,PASS,AttentiveFP,3,guest_cold,4,1.6007287502288818
918,11,614,C1N2C3C4N(C2=O)CN5C6C7N(C5=O)CN8C9C2N(C8=O)CN5C8C%10N(C5=O)CN5C%11C%12N(C5=O)CN5C%13C%14N(C5=O)CN5C%15C%16N(C5=O)CN5C%17C(N1C5=O)N1CN3C(=O)N4CN6C(=O)N7CN9C(=O)N2CN8C(=O)N%10CN%11C(=O)N%12CN%13C(=O)N%14CN%15C(=O)N%16CN%17C1=O,C1=CC=C2C=C3C=CC=CC3=CC2=C1,cucurbituril,6.204100131988525,O=C1N2CN3C(=O)N4CN5C(=O)N6CN7C(=O)N8CN9C(=O)N%10CN%11C(=O)N%12CN%13C(=O)N%14CN%15C(=O)N%16CN1C1C2N2CN%17C(=O)N(CN%18C(=O)N(CN%19C(=O)N(CN%20C(=O)N(CN%21C(=O)N(CN%22C(=O)N(CN%23C(=O)N(CN1C2=O)C%16C%15%23)C%14C%13%22)C%12C%11%21)C%10C9%20)C8C7%19)C6C5%18)C4C3%17,E82CB7F52437B0147F435E3074F006752062FF8924E87C1DAF3210D182FF633B,HOST_CAN_0143,PASS,c1ccc2cc3ccccc3cc2c1,6FB4CBEEBF372106F231809B04D2E59457E458B96E53F5F359418C2987F132C4,GUEST_CAN_1139,PASS,AttentiveFP,3,guest_cold,4,6.165215969085693
926,1,619,C1C2=CC(=CC(=C2O)CC3=CC(=CC(=C3O)CC4=C(C(=CC(=C4)S(=O)(=O)O)CC5=C(C1=CC(=C5)S(=O)(=O)O)O)O)S(=O)(=O)O)S(=O)(=O)O,[NH3+]CCCCC(C(=O)[O-])[NH3+],calixarene,2.869999885559082,O=S(=O)(O)c1cc2c(O)c(c1)Cc1cc(S(=O)(=O)O)cc(c1O)Cc1cc(S(=O)(=O)O)cc(c1O)Cc1cc(S(=O)(=O)O)cc(c1O)C2,C1130CCDC8DA0C6458EF6C2E07E7F3330D8F8B055CBE4DEAADB70DC00C8CDFC1,HOST_CAN_0154,PASS,[NH3+]CCCCC([NH3+])C(=O)[O-],088DBB3507C5E834DBD8033C58FA7844D3BEFFBB26E20C59DF5E0BD12C1A39BF,GUEST_CAN_1082,PASS,AttentiveFP,3,guest_cold,4,3.0048012733459473
928,46,31,C1C2=CC(=CC(=C2O)CC3=CC(=CC(=C3O)CC4=C(C(=CC(=C4)S(=O)(=O)O)CC5=C(C1=CC(=C5)S(=O)(=O)[O-])O)O)S(=O)(=O)O)S(=O)(=O)O.[Na+],CC(=O)OC(CC(=O)[O-])C[N+](C)(C)C,calixarene,2.8115999698638916,O=S(=O)([O-])c1cc2c(O)c(c1)Cc1cc(S(=O)(=O)O)cc(c1O)Cc1cc(S(=O)(=O)O)cc(c1O)Cc1cc(S(=O)(=O)O)cc(c1O)C2.[Na+],CA94CECC10EDB9167B38E05C5D125873C9C1506ED227A3D9C6CBBCD696828A96,HOST_CAN_0163,PASS,CC(=O)OC(CC(=O)[O-])C[N+](C)(C)C,84F3DE3A4774B1F6AF116A86D71ECC8AE9DDDEEB6CDC576B42DD15BBFC1D17CE,GUEST_CAN_0094,PASS,AttentiveFP,3,guest_cold,4,3.902329206466675
938,9,481,[O-]C(=O)COc1ccc2c3c1CNC(=O)c1c(OCC(=O)[O-])ccc4c1ccc1c4C4CC(O1)Oc1c4c4ccc(c(C(=O)NCc5c6c(c7C8c2c(cc3)OC(C8)Oc7cc6)ccc5OCC(=O)[O-])c4cc1)OCC(=O)[O-].[NH4+].[NH4+].[NH4+].[NH4+],C1C(O1)C2=CC=CC=C2,other,4.091400146484375,O=C([O-])COc1ccc2c3c4ccc2c1CNC(=O)c1c(OCC(=O)[O-])ccc2c5c(ccc12)OC1CC5c2c(ccc5c(c(OCC(=O)[O-])ccc25)C(=O)NCc2c(OCC(=O)[O-])ccc5c6c(ccc25)OC(CC36)O4)O1.[NH4+].[NH4+].[NH4+].[NH4+],7D3830C6A6E10F82EEBCC3ED68B861BB21ED63B1DDB277580F3032527E5A1183,HOST_CAN_0139,PASS,c1ccc(C2CO2)cc1,0026890506BC5D2564373C8A2879DB5D29E92A6F4A0380E2579E1B29F8784017,GUEST_CAN_1130,PASS,AttentiveFP,3,guest_cold,4,2.8109655380249023
945,11,627,C1N2C3C4N(C2=O)CN5C6C7N(C5=O)CN8C9C2N(C8=O)CN5C8C%10N(C5=O)CN5C%11C%12N(C5=O)CN5C%13C%14N(C5=O)CN5C%15C%16N(C5=O)CN5C%17C(N1C5=O)N1CN3C(=O)N4CN6C(=O)N7CN9C(=O)N2CN8C(=O)N%10CN%11C(=O)N%12CN%13C(=O)N%14CN%15C(=O)N%16CN%17C1=O,C1=CC(=CC=C1O)Cl,cucurbituril,4.113900184631348,O=C1N2CN3C(=O)N4CN5C(=O)N6CN7C(=O)N8CN9C(=O)N%10CN%11C(=O)N%12CN%13C(=O)N%14CN%15C(=O)N%16CN1C1C2N2CN%17C(=O)N(CN%18C(=O)N(CN%19C(=O)N(CN%20C(=O)N(CN%21C(=O)N(CN%22C(=O)N(CN%23C(=O)N(CN1C2=O)C%16C%15%23)C%14C%13%22)C%12C%11%21)C%10C9%20)C8C7%19)C6C5%18)C4C3%17,E82CB7F52437B0147F435E3074F006752062FF8924E87C1DAF3210D182FF633B,HOST_CAN_0143,PASS,Oc1ccc(Cl)cc1,193583DD9596D11021D1F2F61419C8ADDB9B73E8BDDE01405F650D6C7215C426,GUEST_CAN_0992,PASS,AttentiveFP,3,guest_cold,4,3.948402166366577
954,69,631,NCCN1C=C(N=N1)COC(C=C2)=C(CNCC3=C(OCC(N=N4)=CN4CCN)C=CC5=C3C=C6)C7=C2C8=C(C=C7)OC9CC8C%10=C(O9)C=CC%11=C%10C=CC(OCC(N=N%12)=CN%12CCN)=C%11CNCC%13=C(OCC(N=N%14)=CN%14CCN)C=CC%15=C%13C=CC(O%16)=C%15C%17C5=C6OC%16C%17,CC1(C(N2C(S1)C(C2=O)NC(=O)C(C3=CC=CC=C3)C(=O)O)C(=O)O)C,other,5.680300235748291,NCCn1cc(COc2ccc3c4c5ccc3c2CNCc2c(OCc3cn(CCN)nn3)ccc3c6c(ccc23)OC2CC6c3c(ccc6c(c(OCc7cn(CCN)nn7)ccc36)CNCc3c(OCc6cn(CCN)nn6)ccc6c7c(ccc36)OC(CC47)O5)O2)nn1,E69AC36986BDADC1E5A61FE9021251B6D5437DB096F231021CE94D055FF4BCBF,HOST_CAN_0113,PASS,CC1(C)SC2C(NC(=O)C(C(=O)O)c3ccccc3)C(=O)N2C1C(=O)O,151DED631C5746A3012B120AC3B90450EAA30CCBDE99BC507AEA457991B52051,GUEST_CAN_0208,PASS,AttentiveFP,3,guest_cold,4,3.79732346534729
961,18,281,CC1=C2C3=CC4=C1OC5C6=CC7=CC(=C6)OC8=CC(=CC(=C8)C(=O)O)OC9=CC1=CC(=C9)C6OC8=C(C=C(C4CCC(=O)O)C(=C8C)O5)C(C4=C(O6)C(=C5C(=C4)C(C4=C6C(=C(C(=C4)C3CCC(=O)O)OC(O2)C2=CC(=CC(=C2)OC2=CC(=CC(=C2)C(=O)O)OC2=CC(=CC(=C2)C(O5)O6)OC2=CC(=CC(=C2)C(=O)O)O1)OC1=CC(=CC(=C1)C(=O)O)O7)C)CCC(=O)O)C)CCC(=O)O,C1CCC(C1)CC(=O)O,cavitand,4.344600200653076,Cc1c2c3cc4c1OC1Oc5c(cc6c(c5C)OC5Oc7c(cc8c(c7C)OC7Oc9c(cc(c(c9C)OC(O2)c2cc9cc(c2)Oc2cc(cc(C(=O)O)c2)Oc2cc(cc7c2)Oc2cc(cc(C(=O)O)c2)Oc2cc(cc5c2)Oc2cc(cc(C(=O)O)c2)Oc2cc(cc1c2)Oc1cc(cc(C(=O)O)c1)O9)C3CCC(=O)O)C8CCC(=O)O)C6CCC(=O)O)C4CCC(=O)O,326FFD4B5C5565D32207155C0B129AE16AFCA7B3342F0DAD815C24AB8DFA8483,HOST_CAN_0099,PASS,O=C(O)CC1CCCC1,B26B5C1A414F0F248B420D703FE03E508390EEBAF5F9AB5DAA4D5EC46659AD77,GUEST_CAN_0871,PASS,AttentiveFP,3,guest_cold,4,3.133345603942871
964,108,477,O=C1N2CN3C(=O)N4C5C3N3CN6C2C2N1CN1C(=O)N7C8C1N(CN2C6=O)C(=O)N8CN1[C@H]2N(C7)C(=O)N6C2N(C1=O)CN1[C@@H]2N(C6)C(=O)N6[C@@H]2N(C1=O)CN1[C@H]2[C@@H]7N(CN8C(=O)N(C4)C4N(CN5C3=O)C(=O)N(C84)CN7C1=O)C(=O)N2C6,C1=CC=C(C=C1)CC(C(=O)O)N,cucurbituril,5.029399871826172,O=C1N2CN3C(=O)N4CN5C(=O)N6CN7C(=O)N8CN9C(=O)N%10CN%11C(=O)N%12CN%13C(=O)N%14CN1C1C2N2CN%15C(=O)N(CN%16C(=O)N(CN%17C(=O)N(CN%18C(=O)N(CN%19C(=O)N(CN%20C(=O)N(CN1C2=O)C%14C%13%20)[C@H]%12C%11%19)[C@@H]%10[C@@H]9%18)[C@@H]8[C@@H]7%17)C6C5%16)C4C3%15,BD6B34731933265D03CE9AFCE130892456A328BC5C42751231203ABC90CAB3FC,HOST_CAN_0146,PASS,NC(Cc1ccccc1)C(=O)O,4B6B1236F1C31D28D9F95F736FF46B2960AFF4F6FCE3D9E76CF43DE2ADDE8B08,GUEST_CAN_0746,PASS,AttentiveFP,3,guest_cold,4,3.837721824645996
966,46,636,C1C2=CC(=CC(=C2O)CC3=CC(=CC(=C3O)CC4=C(C(=CC(=C4)S(=O)(=O)O)CC5=C(C1=CC(=C5)S(=O)(=O)[O-])O)O)S(=O)(=O)O)S(=O)(=O)O.[Na+],OCC(C(=O)NC(C(=O)NCC(=O)O)CC(C)C)NC(=O)C(Cc1c[nH]c2c1cccc2)NC(=O)C(NC(=O)C(NC(=O)C(CC(C)C)N)CCCNC(=N)N)CCCNC(=N)N,calixarene,5.698999881744385,O=S(=O)([O-])c1cc2c(O)c(c1)Cc1cc(S(=O)(=O)O)cc(c1O)Cc1cc(S(=O)(=O)O)cc(c1O)Cc1cc(S(=O)(=O)O)cc(c1O)C2.[Na+],CA94CECC10EDB9167B38E05C5D125873C9C1506ED227A3D9C6CBBCD696828A96,HOST_CAN_0163,PASS,CC(C)CC(N)C(=O)NC(CCCNC(=N)N)C(=O)NC(CCCNC(=N)N)C(=O)NC(Cc1c[nH]c2ccccc12)C(=O)NC(CO)C(=O)NC(CC(C)C)C(=O)NCC(=O)O,91E79D05D8AAAEF2652FEE2F675C7E7B9C5394F0B00C93370198BA9C41501284,GUEST_CAN_0133,PASS,AttentiveFP,3,guest_cold,4,4.271356105804443
968,148,224,COC[C@H]1O[C@@H]2O[C@H]3[C@H](COC)O[C@H]([C@H]([C@@H]3OC)OC)O[C@H]3[C@H](COC)O[C@H]([C@H]([C@@H]3OC)OC)O[C@H]3[C@H](COC)O[C@H]([C@H]([C@@H]3OC)OC)O[C@H]3[C@@H](O[C@@H](O[C@@H]4[C@H](O[C@H](O[C@@H]5[C@H](O[C@H](O[C@H]1[C@@H]([C@H]2OC)OC)[C@H](OC)[C@H]5OC)COc1cccc2c1nccc2)[C@H](OC)[C@H]4OC)COC)[C@@H](OC)[C@@H]3OC)COC,[Na]OC(=O)CCC([C@H]1CC[C@@H]2[C@]1(C)[C@@H](O)C[C@H]1[C@H]2[C@H](O)C[C@H]2[C@]1(C)CC[C@H](C2)O)C,cyclodextrin,3.517199993133545,COC[C@@H]1O[C@H]2O[C@@H]3[C@@H](OC)[C@H](OC)[C@H](O[C@H]4[C@H](OC)[C@@H](OC)[C@@H](O[C@H]5[C@H](OC)[C@@H](OC)[C@@H](O[C@H]6[C@H](OC)[C@@H](OC)[C@@H](O[C@@H]7[C@@H](OC)[C@H](OC)[C@H](O[C@@H]8[C@@H](OC)[C@H](OC)[C@H](O[C@@H]1[C@@H](OC)[C@@H]2OC)O[C@H]8COC)O[C@H]7COC)O[C@@H]6COC)O[C@@H]5COc1cccc2cccnc12)O[C@@H]4COC)O[C@H]3COC,BE6818D0F7F39A9C8E583555E0CBF232C6316093EE196DB44DE66AC74E86FDDD,HOST_CAN_0063,PASS,CC(CCC(=O)[O][Na])[C@H]1CC[C@H]2[C@@H]3[C@H](O)C[C@@H]4C[C@H](O)CC[C@]4(C)[C@H]3C[C@H](O)[C@]12C,325F0710EF62CA3C12381A9A8CD6F83A5931D6CF0558E81C8EA783470AFA3F90,GUEST_CAN_0175,PASS,AttentiveFP,3,guest_cold,4,3.4892680644989014
969,149,516,C(=N)(N)N.Cl,CC(C(=O)[O-])NC(=O)C,other,1.0,Cl.N=C(N)N,7928BD6C585C2C7D39BB1153A2FE73CB82D4B396737C0A3E4F560ADFE451CA83,HOST_CAN_0101,PASS,CC(=O)NC(C)C(=O)[O-],223D3A7CF02799E4E69DE4CF10C536E7E3A130D2DECA6FB2E856007B979C6DE6,GUEST_CAN_0069,PASS,AttentiveFP,3,guest_cold,4,3.3479413986206055
971,85,67,OC[C@H]1O[C@@H]2O[C@@H]3[C@@H](CO)O[C@H](O[C@@H]4[C@@H](CO)O[C@H](O[C@@H]5[C@@H](CO)O[C@H](O[C@@H]6[C@@H](CO)O[C@H](O[C@@H]7[C@@H](CO)O[C@H](O[C@@H]8[C@@H](CO)O[C@H](O[C@@H]9[C@@H](CO)O[C@H](O[C@H]1[C@H](O)[C@H]2O)[C@H](O)[C@H]9O)[C@H](O)[C@H]8O)[C@H](O)[C@H]7O)[C@H](O)[C@H]6O)[C@H](O)[C@H]5O)[C@H](O)[C@H]4O)[C@H](O)[C@H]3O,C1C2CC3C4C1C5CC(C4)CC3(C5C2)N,cyclodextrin,3.7816998958587646,OC[C@H]1O[C@@H]2O[C@H]3[C@H](O)[C@@H](O)[C@@H](O[C@H]4[C@H](O)[C@@H](O)[C@@H](O[C@H]5[C@H](O)[C@@H](O)[C@@H](O[C@H]6[C@H](O)[C@@H](O)[C@@H](O[C@H]7[C@H](O)[C@@H](O)[C@@H](O[C@H]8[C@H](O)[C@@H](O)[C@@H](O[C@H]9[C@H](O)[C@@H](O)[C@@H](O[C@H]1[C@H](O)[C@H]2O)O[C@@H]9CO)O[C@@H]8CO)O[C@@H]7CO)O[C@@H]6CO)O[C@@H]5CO)O[C@@H]4CO)O[C@@H]3CO,4E4982FCAA8A96CE9D40EDC97C9574B542F86F2BEB463ECAA6DCE3670D2F9B83,HOST_CAN_0177,PASS,NC12CC3CC4C5CC(CC41)CC2C5C3,D0E71C799C5D754B47CE30EBAFAAC1CE58193893165226F4FD8A4098AB6D7F3B,GUEST_CAN_0759,PASS,AttentiveFP,3,guest_cold,4,3.8700737953186035
977,58,641,O=S(CCCOC1=C(CC2=CC(OCCCS(=O)([O-])=O)=C(C3)C=C2OCCCS(=O)([O-])=O)C=C(OCCCS(=O)([O-])=O)C(CC4=C(OCCCS(=O)([O-])=O)C=C(CC5=CC(OCCCS(=O)([O-])=O)=C(CC6=C(OCCCS(=O)([O-])=O)C=C3C(OCCCS(=O)([O-])=O)=C6)C=C5OCCCS(=O)([O-])=O)C(OCCCS(=O)([O-])=O)=C4)=C1)([O-])=O.[Na+].[Na+].[Na+].[Na+].[Na+].[Na+].[Na+].[Na+].[Na+].[Na+],C[N+](CCCC[N+](C)(C)C)(C)C.[I-].[I-],pillararene,5.443999767303467,O=S(=O)([O-])CCCOc1cc2c(OCCCS(=O)(=O)[O-])cc1Cc1cc(OCCCS(=O)(=O)[O-])c(cc1OCCCS(=O)(=O)[O-])Cc1cc(OCCCS(=O)(=O)[O-])c(cc1OCCCS(=O)(=O)[O-])Cc1cc(OCCCS(=O)(=O)[O-])c(cc1OCCCS(=O)(=O)[O-])Cc1cc(OCCCS(=O)(=O)[O-])c(cc1OCCCS(=O)(=O)[O-])C2.[Na+].[Na+].[Na+].[Na+].[Na+].[Na+].[Na+].[Na+].[Na+].[Na+],8E55C5A412B23CD95C7713D651F330D147B9931901ECBE48AB8C58473B83EFD3,HOST_CAN_0158,PASS,C[N+](C)(C)CCCC[N+](C)(C)C.[I-].[I-],0961B23269B09D0945FF55113CA3F7A39C98B181CCB0375A4E45EFAF61A5AF3F,GUEST_CAN_0566,PASS,AttentiveFP,3,guest_cold,4,5.41070032119751
982,8,645,C1N2C3C4N(C2=O)CN5C6C7N(C5=O)CN8C9C2N(C8=O)CN5C8C%10N(C5=O)CN5C%11C%12N(C5=O)CN5C%13C(N1C5=O)N1CN3C(=O)N4CN6C(=O)N7CN9C(=O)N2CN8C(=O)N%10CN%11C(=O)N%12CN%13C1=O,[Br-].C[N+]1=CN(C=C1)CCCCC,cucurbituril,5.342400074005127,O=C1N2CN3C(=O)N4CN5C(=O)N6CN7C(=O)N8CN9C(=O)N%10CN%11C(=O)N%12CN1C1C2N2CN%13C(=O)N(CN%14C(=O)N(CN%15C(=O)N(CN%16C(=O)N(CN%17C(=O)N(CN1C2=O)C%12C%11%17)C%10C9%16)C8C7%15)C6C5%14)C4C3%13,2526C525F966BEE6CB589BBB60C9F4124C02584847747BDAFF4E92B4462536E8,HOST_CAN_0149,PASS,CCCCCn1cc[n+](C)c1.[Br-],33A25B0DBDD6D321C26EBCFEFF62E8DB9EC8B08D10E55D74742090B7805459B7,GUEST_CAN_0310,PASS,AttentiveFP,3,guest_cold,4,4.286880016326904
986,38,206,C1C2C3=CC=CC=C3C4=C5C6CC7=CC=CC=C7C8=CC(=CC(=C8)C9=CC=CC=C9CC3C7=CC=CC=C7C(=C24)C3=C5C2=CC=CC=C62)C2=CC=CC=C21,C1=CC=C2C=NC=CC2=C1,cyclophane,3.322200059890747,c1ccc2c(c1)CC1c3ccccc3-c3c1c1c4c5c3C(Cc3ccccc3-c3cc-2cc(c3)-c2ccccc2CC4c2ccccc2-1)c1ccccc1-5,7D60610AC6275537B6952E12359C97C789A38E2FA1295732E16AF89573CE95C4,HOST_CAN_0186,PASS,c1ccc2cnccc2c1,928B59C2A28E6A58DE5AA06A7F4D9FF4CE2E177C6081881D5AAA0ECA61C76111,GUEST_CAN_1141,PASS,AttentiveFP,3,guest_cold,4,3.6828744411468506
988,3,250,OC[C@H]1O[C@@H]2O[C@@H]3[C@@H](CO)O[C@H](O[C@@H]4[C@@H](CO)O[C@H](O[C@@H]5[C@@H](CO)O[C@H](O[C@@H]6[C@@H](CO)O[C@H](O[C@@H]7[C@@H](CO)O[C@H](O[C@@H]8[C@@H](CO)O[C@H](O[C@H]1[C@H](O)[C@H]2O)[C@H](O)[C@H]8O)[C@H](O)[C@H]7O)[C@H](O)[C@H]6O)[C@H](O)[C@H]5O)[C@H](O)[C@H]4O)[C@H](O)[C@H]3O,C1=CC(=CC=C1C2=CC3=C(N2)C=C(C=C3)C(=[NH2+])N)C(=[NH2+])N,cyclodextrin,2.1138999462127686,OC[C@H]1O[C@@H]2O[C@H]3[C@H](O)[C@@H](O)[C@@H](O[C@H]4[C@H](O)[C@@H](O)[C@@H](O[C@H]5[C@H](O)[C@@H](O)[C@@H](O[C@H]6[C@H](O)[C@@H](O)[C@@H](O[C@H]7[C@H](O)[C@@H](O)[C@@H](O[C@H]8[C@H](O)[C@@H](O)[C@@H](O[C@H]1[C@H](O)[C@H]2O)O[C@@H]8CO)O[C@@H]7CO)O[C@@H]6CO)O[C@@H]5CO)O[C@@H]4CO)O[C@@H]3CO,22584443D9512992310760C9871E3E6BDB3EDC92006F3EF1EC94F44373907EB1,HOST_CAN_0176,PASS,NC(=[NH2+])c1ccc(-c2cc3ccc(C(N)=[NH2+])cc3[nH]2)cc1,CEEB6EEFB04D0B8CA13A0AE7419DA74A65BBB334871B9622AAFDF76333649B11,GUEST_CAN_0727,PASS,AttentiveFP,3,guest_cold,4,3.0680184364318848
989,85,250,OC[C@H]1O[C@@H]2O[C@@H]3[C@@H](CO)O[C@H](O[C@@H]4[C@@H](CO)O[C@H](O[C@@H]5[C@@H](CO)O[C@H](O[C@@H]6[C@@H](CO)O[C@H](O[C@@H]7[C@@H](CO)O[C@H](O[C@@H]8[C@@H](CO)O[C@H](O[C@@H]9[C@@H](CO)O[C@H](O[C@H]1[C@H](O)[C@H]2O)[C@H](O)[C@H]9O)[C@H](O)[C@H]8O)[C@H](O)[C@H]7O)[C@H](O)[C@H]6O)[C@H](O)[C@H]5O)[C@H](O)[C@H]4O)[C@H](O)[C@H]3O,C1=CC(=CC=C1C2=CC3=C(N2)C=C(C=C3)C(=[NH2+])N)C(=[NH2+])N,cyclodextrin,1.4771000146865845,OC[C@H]1O[C@@H]2O[C@H]3[C@H](O)[C@@H](O)[C@@H](O[C@H]4[C@H](O)[C@@H](O)[C@@H](O[C@H]5[C@H](O)[C@@H](O)[C@@H](O[C@H]6[C@H](O)[C@@H](O)[C@@H](O[C@H]7[C@H](O)[C@@H](O)[C@@H](O[C@H]8[C@H](O)[C@@H](O)[C@@H](O[C@H]9[C@H](O)[C@@H](O)[C@@H](O[C@H]1[C@H](O)[C@H]2O)O[C@@H]9CO)O[C@@H]8CO)O[C@@H]7CO)O[C@@H]6CO)O[C@@H]5CO)O[C@@H]4CO)O[C@@H]3CO,4E4982FCAA8A96CE9D40EDC97C9574B542F86F2BEB463ECAA6DCE3670D2F9B83,HOST_CAN_0177,PASS,NC(=[NH2+])c1ccc(-c2cc3ccc(C(N)=[NH2+])cc3[nH]2)cc1,CEEB6EEFB04D0B8CA13A0AE7419DA74A65BBB334871B9622AAFDF76333649B11,GUEST_CAN_0727,PASS,AttentiveFP,3,guest_cold,4,2.983829975128174
994,11,651,C1N2C3C4N(C2=O)CN5C6C7N(C5=O)CN8C9C2N(C8=O)CN5C8C%10N(C5=O)CN5C%11C%12N(C5=O)CN5C%13C%14N(C5=O)CN5C%15C%16N(C5=O)CN5C%17C(N1C5=O)N1CN3C(=O)N4CN6C(=O)N7CN9C(=O)N2CN8C(=O)N%10CN%11C(=O)N%12CN%13C(=O)N%14CN%15C(=O)N%16CN%17C1=O,C1=CC=C(C(=C1)O)Cl,cucurbituril,4.897600173950195,O=C1N2CN3C(=O)N4CN5C(=O)N6CN7C(=O)N8CN9C(=O)N%10CN%11C(=O)N%12CN%13C(=O)N%14CN%15C(=O)N%16CN1C1C2N2CN%17C(=O)N(CN%18C(=O)N(CN%19C(=O)N(CN%20C(=O)N(CN%21C(=O)N(CN%22C(=O)N(CN%23C(=O)N(CN1C2=O)C%16C%15%23)C%14C%13%22)C%12C%11%21)C%10C9%20)C8C7%19)C6C5%18)C4C3%17,E82CB7F52437B0147F435E3074F006752062FF8924E87C1DAF3210D182FF633B,HOST_CAN_0143,PASS,Oc1ccccc1Cl,CB9CC56561229A8C2B47022B62190D1A54B51ED3C4A529226915D3A660C91A6B,GUEST_CAN_1006,PASS,AttentiveFP,3,guest_cold,4,3.684854507446289
995,86,652,[Na]OS(=O)(=O)CCCCOC=1C=C(C=CC1)[C@@H]1N=C(OC1)CC1=C(C(=C(C(=C1CC)CC=1OC[C@@H](N1)C1=CC(=CC=C1)OCCCCS(=O)(=O)O[Na])CC)CC=1OC[C@@H](N1)C1=CC(=CC=C1)OCCCCS(=O)(=O)O[Na])CC,Cl.COC(C(N)CC1=CC=C(C=C1)O)=O,other,1.857300043106079,CCc1c(CC2=N[C@@H](c3cccc(OCCCCS(=O)(=O)[O][Na])c3)CO2)c(CC)c(CC2=N[C@@H](c3cccc(OCCCCS(=O)(=O)[O][Na])c3)CO2)c(CC)c1CC1=N[C@@H](c2cccc(OCCCCS(=O)(=O)[O][Na])c2)CO1,A0794E3195B22DC21424CE7BDC74C772C0ED7BF37D1C4B8CF085F54EF0D1331E,HOST_CAN_0047,PASS,COC(=O)C(N)Cc1ccc(O)cc1.Cl,EEFCE178F706B4BC72EA91A0EC8B91A444D69422C16131691CE36F31C88A27CC,GUEST_CAN_0441,PASS,AttentiveFP,3,guest_cold,4,2.2089924812316895
999,87,136,CCCCOc1c(OCCCC)c2COCc3c(OCCCC)c(OCCCC)c(c4c3cccc4)COCc3c(c(c(COCc4c(c(c(COCc1c1c2cccc1)c1ccccc41)OCCCC)OCCCC)c1c3cccc1)OCCCC)OCCCC,Ic1ccc(cc1)C[N+](Cc1ccc(cc1)I)(C)C,other,5.6528000831604,CCCCOc1c(OCCCC)c2c3ccccc3c1COCc1c(OCCCC)c(OCCCC)c(c3ccccc13)COCc1c(OCCCC)c(OCCCC)c(c3ccccc13)COCc1c(OCCCC)c(OCCCC)c(c3ccccc13)COC2,A699E12937358A216FBA45A53678131D8F7DBBB042BA5E7F52621C78F0465945,HOST_CAN_0031,PASS,C[N+](C)(Cc1ccc(I)cc1)Cc1ccc(I)cc1,FA10A5527DEA09481BE819CE744AB7793DCECFAB19D5FD96A508CCC2E612D94A,GUEST_CAN_0596,PASS,AttentiveFP,3,guest_cold,4,4.303070545196533
1012,11,662,C1N2C3C4N(C2=O)CN5C6C7N(C5=O)CN8C9C2N(C8=O)CN5C8C%10N(C5=O)CN5C%11C%12N(C5=O)CN5C%13C%14N(C5=O)CN5C%15C%16N(C5=O)CN5C%17C(N1C5=O)N1CN3C(=O)N4CN6C(=O)N7CN9C(=O)N2CN8C(=O)N%10CN%11C(=O)N%12CN%13C(=O)N%14CN%15C(=O)N%16CN%17C1=O,C1=CC(=CC=C1O)O,cucurbituril,3.7873001098632812,O=C1N2CN3C(=O)N4CN5C(=O)N6CN7C(=O)N8CN9C(=O)N%10CN%11C(=O)N%12CN%13C(=O)N%14CN%15C(=O)N%16CN1C1C2N2CN%17C(=O)N(CN%18C(=O)N(CN%19C(=O)N(CN%20C(=O)N(CN%21C(=O)N(CN%22C(=O)N(CN%23C(=O)N(CN1C2=O)C%16C%15%23)C%14C%13%22)C%12C%11%21)C%10C9%20)C8C7%19)C6C5%18)C4C3%17,E82CB7F52437B0147F435E3074F006752062FF8924E87C1DAF3210D182FF633B,HOST_CAN_0143,PASS,Oc1ccc(O)cc1,CD6FBB7E874F775D4495911C430A7FE6334C8CCB9683C517762F3290B7F7E9C6,GUEST_CAN_0996,PASS,AttentiveFP,3,guest_cold,4,3.7513561248779297
1015,52,108,OC(=O)COc1c2Cc3cc(cc(c3O)Cc3cc(cc(c3O)Cc3cc(cc(Cc4c(c(Cc5c(c(Cc1cc(c2)S(=O)(=O)O)cc(c5)S(=O)(=O)O)O)cc(c4)S(=O)(=O)O)O)c3O)S(=O)(=O)O)S(=O)(=O)O)S(=O)(=O)O,OC(=O)C(CCCNC(=[NH2+])N)N,calixarene,3.168800115585327,O=C(O)COc1c2cc(S(=O)(=O)O)cc1Cc1cc(S(=O)(=O)O)cc(c1O)Cc1cc(S(=O)(=O)O)cc(c1O)Cc1cc(S(=O)(=O)O)cc(c1O)Cc1cc(S(=O)(=O)O)cc(c1O)Cc1cc(S(=O)(=O)O)cc(c1O)C2,89AB142F8D041F89710D49168CBEF0FA0D792576B82031818BFF7C2DE5D92117,HOST_CAN_0127,PASS,NC(=[NH2+])NCCCC(N)C(=O)O,3A95B838A3F3E4B9211C1F9CE461FB93EA851D8F0AA68498288217A21AD77FAC,GUEST_CAN_0726,PASS,AttentiveFP,3,guest_cold,4,2.793764352798462
1020,8,477,C1N2C3C4N(C2=O)CN5C6C7N(C5=O)CN8C9C2N(C8=O)CN5C8C%10N(C5=O)CN5C%11C%12N(C5=O)CN5C%13C(N1C5=O)N1CN3C(=O)N4CN6C(=O)N7CN9C(=O)N2CN8C(=O)N%10CN%11C(=O)N%12CN%13C1=O,C1=CC=C(C=C1)CC(C(=O)O)N,cucurbituril,3.1600000858306885,O=C1N2CN3C(=O)N4CN5C(=O)N6CN7C(=O)N8CN9C(=O)N%10CN%11C(=O)N%12CN1C1C2N2CN%13C(=O)N(CN%14C(=O)N(CN%15C(=O)N(CN%16C(=O)N(CN%17C(=O)N(CN1C2=O)C%12C%11%17)C%10C9%16)C8C7%15)C6C5%14)C4C3%13,2526C525F966BEE6CB589BBB60C9F4124C02584847747BDAFF4E92B4462536E8,HOST_CAN_0149,PASS,NC(Cc1ccccc1)C(=O)O,4B6B1236F1C31D28D9F95F736FF46B2960AFF4F6FCE3D9E76CF43DE2ADDE8B08,GUEST_CAN_0746,PASS,AttentiveFP,3,guest_cold,4,3.136319875717163
1021,23,103,OC[C@H]1O[C@@H]2O[C@@H]3[C@@H](CO)O[C@H](O[C@@H]4[C@@H](CO)O[C@H](O[C@@H]5[C@@H](CO)O[C@H](O[C@@H]6[C@@H](CO)O[C@H](O[C@@H]7[C@@H](CO)O[C@H](O[C@H]1[C@H](O)[C@H]2O)[C@H](O)[C@H]7O)[C@H](O)[C@H]6O)[C@H](O)[C@H]5O)[C@H](O)[C@H]4O)[C@H](O)[C@H]3O,CN(C)C1=CC=C(C=C1)C#N,cyclodextrin,2.7160000801086426,OC[C@H]1O[C@@H]2O[C@H]3[C@H](O)[C@@H](O)[C@@H](O[C@H]4[C@H](O)[C@@H](O)[C@@H](O[C@H]5[C@H](O)[C@@H](O)[C@@H](O[C@H]6[C@H](O)[C@@H](O)[C@@H](O[C@H]7[C@H](O)[C@@H](O)[C@@H](O[C@H]1[C@H](O)[C@H]2O)O[C@@H]7CO)O[C@@H]6CO)O[C@@H]5CO)O[C@@H]4CO)O[C@@H]3CO,9CB41F926A4386D7C0E23599753E6EDC60802BE1DCF577DB9B32CBB20691DB1D,HOST_CAN_0175,PASS,CN(C)c1ccc(C#N)cc1,F00B3B125A779B4E82547A15D344BF9EF0EFBEFED97B1235AF377FD0C1A186BB,GUEST_CAN_0403,PASS,AttentiveFP,3,guest_cold,4,2.4799845218658447
1022,110,641,O=S(OC1=C(CC2=C(OS(=O)([O-])=O)C=C(CC3=C(OS(=O)([O-])=O)C=C(CC4=C(OS(=O)([O-])=O)C=C(CC5=CC(OS(=O)([O-])=O)=C(CC6=C(OS(=O)([O-])=O)C=C(C7)C(OS(=O)([O-])=O)=C6)C=C5OS(=O)([O-])=O)C(OS(=O)([O-])=O)=C4)C(OS(=O)([O-])=O)=C3)C(OS(=O)([O-])=O)=C2)C=C(OS(=O)([O-])=O)C(CC8=CC(OS(=O)([O-])=O)=C7C=C8OS(=O)([O-])=O)=C1)([O-])=O.[Na+].[Na+].[Na+].[Na+].[Na+].[Na+].[Na+].[Na+].[Na+].[Na+].[Na+].[Na+].[Na+].[Na+],C[N+](CCCC[N+](C)(C)C)(C)C.[I-].[I-],pillararene,6.214799880981445,O=S(=O)([O-])Oc1cc2c(OS(=O)(=O)[O-])cc1Cc1cc(OS(=O)(=O)[O-])c(cc1OS(=O)(=O)[O-])Cc1cc(OS(=O)(=O)[O-])c(cc1OS(=O)(=O)[O-])Cc1cc(OS(=O)(=O)[O-])c(cc1OS(=O)(=O)[O-])Cc1cc(OS(=O)(=O)[O-])c(cc1OS(=O)(=O)[O-])Cc1cc(OS(=O)(=O)[O-])c(cc1OS(=O)(=O)[O-])Cc1cc(OS(=O)(=O)[O-])c(cc1OS(=O)(=O)[O-])C2.[Na+].[Na+].[Na+].[Na+].[Na+].[Na+].[Na+].[Na+].[Na+].[Na+].[Na+].[Na+].[Na+].[Na+],363823965269421105355BE85F9BFA79372256835F74963F23DB34F5AAE9E20B,HOST_CAN_0162,PASS,C[N+](C)(C)CCCC[N+](C)(C)C.[I-].[I-],0961B23269B09D0945FF55113CA3F7A39C98B181CCB0375A4E45EFAF61A5AF3F,GUEST_CAN_0566,PASS,AttentiveFP,3,guest_cold,4,6.174525260925293
1031,3,669,OC[C@H]1O[C@@H]2O[C@@H]3[C@@H](CO)O[C@H](O[C@@H]4[C@@H](CO)O[C@H](O[C@@H]5[C@@H](CO)O[C@H](O[C@@H]6[C@@H](CO)O[C@H](O[C@@H]7[C@@H](CO)O[C@H](O[C@@H]8[C@@H](CO)O[C@H](O[C@H]1[C@H](O)[C@H]2O)[C@H](O)[C@H]8O)[C@H](O)[C@H]7O)[C@H](O)[C@H]6O)[C@H](O)[C@H]5O)[C@H](O)[C@H]4O)[C@H](O)[C@H]3O,C1=CC=C(C=C1)C(C(C2=CC=CC=C2)O)N,cyclodextrin,1.7344000339508057,OC[C@H]1O[C@@H]2O[C@H]3[C@H](O)[C@@H](O)[C@@H](O[C@H]4[C@H](O)[C@@H](O)[C@@H](O[C@H]5[C@H](O)[C@@H](O)[C@@H](O[C@H]6[C@H](O)[C@@H](O)[C@@H](O[C@H]7[C@H](O)[C@@H](O)[C@@H](O[C@H]8[C@H](O)[C@@H](O)[C@@H](O[C@H]1[C@H](O)[C@H]2O)O[C@@H]8CO)O[C@@H]7CO)O[C@@H]6CO)O[C@@H]5CO)O[C@@H]4CO)O[C@@H]3CO,22584443D9512992310760C9871E3E6BDB3EDC92006F3EF1EC94F44373907EB1,HOST_CAN_0176,PASS,NC(c1ccccc1)C(O)c1ccccc1,48146EB22B8066232453553D2479C9BB2685DF28F6646A76A6C1F4434CD76114,GUEST_CAN_0755,PASS,AttentiveFP,3,guest_cold,4,2.8211135864257812
1033,87,671,CCCCOc1c(OCCCC)c2COCc3c(OCCCC)c(OCCCC)c(c4c3cccc4)COCc3c(c(c(COCc4c(c(c(COCc1c1c2cccc1)c1ccccc41)OCCCC)OCCCC)c1c3cccc1)OCCCC)OCCCC,C(C)(C)(C)C1=CC=C(C[N+](CC2=CC=C(C=C2)C(C)(C)C)(C)C)C=C1,other,4.361700057983398,CCCCOc1c(OCCCC)c2c3ccccc3c1COCc1c(OCCCC)c(OCCCC)c(c3ccccc13)COCc1c(OCCCC)c(OCCCC)c(c3ccccc13)COCc1c(OCCCC)c(OCCCC)c(c3ccccc13)COC2,A699E12937358A216FBA45A53678131D8F7DBBB042BA5E7F52621C78F0465945,HOST_CAN_0031,PASS,CC(C)(C)c1ccc(C[N+](C)(C)Cc2ccc(C(C)(C)C)cc2)cc1,A56AC3EDBC47667288FA5FCD405BCD965262FED2BB249A589B34327F55909478,GUEST_CAN_0118,PASS,AttentiveFP,3,guest_cold,4,4.473341941833496
1038,11,141,C1N2C3C4N(C2=O)CN5C6C7N(C5=O)CN8C9C2N(C8=O)CN5C8C%10N(C5=O)CN5C%11C%12N(C5=O)CN5C%13C%14N(C5=O)CN5C%15C%16N(C5=O)CN5C%17C(N1C5=O)N1CN3C(=O)N4CN6C(=O)N7CN9C(=O)N2CN8C(=O)N%10CN%11C(=O)N%12CN%13C(=O)N%14CN%15C(=O)N%16CN%17C1=O,CC(=O)OC1CC2CCC3C(C2(CC1[N+]4(CCCCC4)C)C)CCC5(C3CC(C5OC(=O)C)[N+]6(CCCCC6)C)C,cucurbituril,8.300999641418457,O=C1N2CN3C(=O)N4CN5C(=O)N6CN7C(=O)N8CN9C(=O)N%10CN%11C(=O)N%12CN%13C(=O)N%14CN%15C(=O)N%16CN1C1C2N2CN%17C(=O)N(CN%18C(=O)N(CN%19C(=O)N(CN%20C(=O)N(CN%21C(=O)N(CN%22C(=O)N(CN%23C(=O)N(CN1C2=O)C%16C%15%23)C%14C%13%22)C%12C%11%21)C%10C9%20)C8C7%19)C6C5%18)C4C3%17,E82CB7F52437B0147F435E3074F006752062FF8924E87C1DAF3210D182FF633B,HOST_CAN_0143,PASS,CC(=O)OC1CC2CCC3C(CCC4(C)C3CC([N+]3(C)CCCCC3)C4OC(C)=O)C2(C)CC1[N+]1(C)CCCCC1,50E66CAB2E161F82F8A9960C08321F089FBABF411901A83069135F691E598254,GUEST_CAN_0098,PASS,AttentiveFP,3,guest_cold,4,8.184453964233398
1039,43,201,C1COCCN2CCOCCN1CCOCCOCC2,[Li+],other,5.49970006942749,C1COCCN2CCOCCN(CCO1)CCOCC2,98A94C64ADA3B0E00FCE78FE7388B30022CC2F26C8BCF54DDABD5207E5AA7E8C,HOST_CAN_0002,PASS,[Li+],A7557B375892DC7E581DDC6CA9773574F95B6514113F07A19BDE6059504332FE,GUEST_CAN_1071,PASS,AttentiveFP,3,guest_cold,4,2.3547186851501465
1048,19,521,O=C1N(CC4=CC=C(C(O)=O)C=C4)C3C(N(CN%21C%20=O)C(N3CN(C(N7CN(C(N%11CN(C(N%15CN(C(N%19CN%20C%23C%21N(CC%25=CC=C(C(O)=O)C=C%25)C(N%23CC%24=CC=C(C(O)=O)C=C%24)=O)=O)C%17C%19N(CC%22=CC=C(C(O)=O)C=C%22)C(N%17CC%18=CC=C(C(O)=O)C=C%18)=O)=O)C%13C%15N(CC%16=CC=C(C(O)=O)C=C%16)C(N%13CC%14=CC=C(C(O)=O)C=C%14)=O)=O)C9C%11N(CC%12=CC=C(C(O)=O)C=C%12)C(N9CC%10=CC=C(C(O)=O)C=C%10)=O)=O)C5C7N(CC8=CC=C(C(O)=O)C=C8)C(N5CC6=CC=C(C(O)=O)C=C6)=O)=O)N1CC2=CC=C(C(O)=O)C=C2,[Cl-],other,2.7804999351501465,O=C(O)c1ccc(CN2C(=O)N(Cc3ccc(C(=O)O)cc3)C3C2N2CN4C(=O)N(CN5C(=O)N(CN6C(=O)N(CN7C(=O)N(CN8C(=O)N(CN3C2=O)C2C8N(Cc3ccc(C(=O)O)cc3)C(=O)N2Cc2ccc(C(=O)O)cc2)C2C7N(Cc3ccc(C(=O)O)cc3)C(=O)N2Cc2ccc(C(=O)O)cc2)C2C6N(Cc3ccc(C(=O)O)cc3)C(=O)N2Cc2ccc(C(=O)O)cc2)C2C5N(Cc3ccc(C(=O)O)cc3)C(=O)N2Cc2ccc(C(=O)O)cc2)C2C4N(Cc3ccc(C(=O)O)cc3)C(=O)N2Cc2ccc(C(=O)O)cc2)cc1,5BFAE42297A9EBC8CE307175405F2DA12222FDEAA2AA87FF2D5843CBEC077A9C,HOST_CAN_0133,PASS,[Cl-],21C8D33686776387B6A57D02C12EDC885AFA97A58E90478063570CDACEDA8054,GUEST_CAN_1022,PASS,AttentiveFP,3,guest_cold,4,4.239521026611328
1049,8,676,C1N2C3C4N(C2=O)CN5C6C7N(C5=O)CN8C9C2N(C8=O)CN5C8C%10N(C5=O)CN5C%11C%12N(C5=O)CN5C%13C(N1C5=O)N1CN3C(=O)N4CN6C(=O)N7CN9C(=O)N2CN8C(=O)N%10CN%11C(=O)N%12CN%13C1=O,N[C@H](C(=O)O)CCC(=O)N[C@@H](CS)C(=O)NCC(=O)O,cucurbituril,2.740000009536743,O=C1N2CN3C(=O)N4CN5C(=O)N6CN7C(=O)N8CN9C(=O)N%10CN%11C(=O)N%12CN1C1C2N2CN%13C(=O)N(CN%14C(=O)N(CN%15C(=O)N(CN%16C(=O)N(CN%17C(=O)N(CN1C2=O)C%12C%11%17)C%10C9%16)C8C7%15)C6C5%14)C4C3%13,2526C525F966BEE6CB589BBB60C9F4124C02584847747BDAFF4E92B4462536E8,HOST_CAN_0149,PASS,N[C@@H](CCC(=O)N[C@@H](CS)C(=O)NCC(=O)O)C(=O)O,C4218FE51FA1E547C365D6CB5C7BCE3734CA6D2C4CAF04BAAD3647182AA9E46D,GUEST_CAN_0817,PASS,AttentiveFP,3,guest_cold,4,3.2025721073150635
1059,122,175,CC(C)(C)C1=CC(=C(C=C1)NC(=O)NC2=CC=C(C=C2)OC)C#CC3=CC(=CC(=C3)OC)C#CC4=C(C=CC(=C4)C(C)(C)C)NC(=O)NC5=CC=C(C=C5)OC,CCCC[N+](CCCC)(CCCC)CCCC.[I-],other,2.2304000854492188,COc1ccc(NC(=O)Nc2ccc(C(C)(C)C)cc2C#Cc2cc(C#Cc3cc(C(C)(C)C)ccc3NC(=O)Nc3ccc(OC)cc3)cc(OC)c2)cc1,D21F40FE6961DC5FE75A1A0699511BDB052F920FB1661CF34BFCAD5E05B4B593,HOST_CAN_0073,PASS,CCCC[N+](CCCC)(CCCC)CCCC.[I-],AEB60E90607A4F8C1F949B3EACD125A2B91E0A4DEAD7B24D9097176DB9E506E4,GUEST_CAN_0318,PASS,AttentiveFP,3,guest_cold,4,3.384686231613159
1076,48,686,[Na]OS(=O)(=O)CCCOc1c2CN3C(=O)N4[C@]5([C@@]3(N(Cc2c(c2c1cccc2)OCCCS(=O)(=O)O[Na])C(=O)N5CN1[C@@]2(N(C4)C(=O)N3[C@]2(C)N(C1=O)Cc1c(C3)c(OCCCS(=O)(=O)O[Na])c2c(c1OCCCS(=O)(=O)O[Na])cccc2)C)C)C,[NH3+]CCCCCCCCCC[NH3+],other,2.544100046157837,C[C@]12N3Cc4c(c(OCCCS(=O)(=O)[O][Na])c5ccccc5c4OCCCS(=O)(=O)[O][Na])CN1C(=O)N1CN4C(=O)N5Cc6c(c(OCCCS(=O)(=O)[O][Na])c7ccccc7c6OCCCS(=O)(=O)[O][Na])CN6C(=O)N(CN(C3=O)[C@]12C)[C@]4(C)[C@@]56C,D18B807A904C56B05E199911FB10FFB774349CC49BBD32D2EFAFF4C892BA649F,HOST_CAN_0090,PASS,[NH3+]CCCCCCCCCC[NH3+],90DA5EF1A7C1D3143D5E218086356FAA0E7ECA7264C252E84EDA9FDCFD1ADCAE,GUEST_CAN_1083,PASS,AttentiveFP,3,guest_cold,4,2.879016399383545
1079,155,456,CC(C)(C)C1=CC(=C(C=C1)NC(=O)NC2=CC=C(C=C2)OC)C#CC3=CC(=CC(=C3)C(C)(C)C)C#CC4=C(C=CC(=C4)C(C)(C)C)NC(=O)NC5=CC=C(C=C5)OC,[N+](=O)([O-])[O-].C(CCC)[N+](CCCC)(CCCC)CCCC,other,3.4314000606536865,COc1ccc(NC(=O)Nc2ccc(C(C)(C)C)cc2C#Cc2cc(C#Cc3cc(C(C)(C)C)ccc3NC(=O)Nc3ccc(OC)cc3)cc(C(C)(C)C)c2)cc1,C1F98F22E617AF796A86E6F9C15E60915AF24AEF9854A119C87E891B126F642A,HOST_CAN_0071,PASS,CCCC[N+](CCCC)(CCCC)CCCC.O=[N+]([O-])[O-],6D4B26D3D683A1392C95388B8B9856D8C2F81515BE0ED5278F99FF88C33B25A7,GUEST_CAN_0315,PASS,AttentiveFP,3,guest_cold,4,2.9431333541870117
1081,35,689,[O-]P(=O)(Oc1c2c(c(c3c1C1CC3c3c1cc1c(c3)C3CC1c1c3cccc1)OP(=O)(C)[O-])C1CC2c2c1cc1c(c2)C2CC1c1c2cccc1)C.[Li+].[Li+],NCCCC[C@@H](C(=O)N[C@H](C(=O)N[C@H](C(=O)N[C@H](C(=O)N[C@H](C(=O)O)CO)CCCCN)[C@H](O)C)[C@H](O)C)N,other,3.623199939727783,CP(=O)([O-])Oc1c2c(c(OP(C)(=O)[O-])c3c1C1CC3c3cc4c(cc31)C1CC4c3ccccc31)C1CC2c2cc3c(cc21)C1CC3c2ccccc21.[Li+].[Li+],0523E219D88C79C8FF3952D24ADDE3A68E28198CE5EE5C77D8FECF429412627C,HOST_CAN_0082,PASS,C[C@@H](O)[C@H](NC(=O)[C@@H](NC(=O)[C@@H](N)CCCCN)[C@@H](C)O)C(=O)N[C@@H](CCCCN)C(=O)N[C@@H](CO)C(=O)O,375261A10BAAEA27781D5836EC4ECF5B278C04F0134F9D478DE2F0507C007988,GUEST_CAN_0539,PASS,AttentiveFP,3,guest_cold,4,3.9686129093170166
1089,0,141,O=C1N(C2)[C@@](N3CN4[C@]5([H])N2C(N(CN6C(N(C7)[C@@](N8CN9[C@]%10(C)N7C(N(CC%11=C%12C(OCCCS(=O)(O[Na])=O)=C(C=CC=C%13)C%13=C%11OCCCS(=O)(O[Na])=O)[C@]%10(C)N(C%12)C9=O)=O)([H])[C@]6([H])N%14C8=O)=O)[C@]5([H])N(C%14)C4=O)=O)(C)[C@@]%15(C)N1CC%16=C(OCCCS(=O)(O[Na])=O)C(C=CC=C%17)=C%17C(OCCCS(=O)(O[Na])=O)=C%16CN%15C3=O,CC(=O)OC1CC2CCC3C(C2(CC1[N+]4(CCCCC4)C)C)CCC5(C3CC(C5OC(=O)C)[N+]6(CCCCC6)C)C,cucurbituril,8.724300384521484,C[C@]12N3Cc4c(c(OCCCS(=O)(=O)[O][Na])c5ccccc5c4OCCCS(=O)(=O)[O][Na])CN1C(=O)N1CN4C(=O)N5CN6C(=O)N7CN8C(=O)N9Cc%10c(c(OCCCS(=O)(=O)[O][Na])c%11ccccc%11c%10OCCCS(=O)(=O)[O][Na])CN%10C(=O)N(CN%11C(=O)N(CN%12C(=O)N(CN(C3=O)[C@]12C)[C@@H]4[C@H]%125)[C@@H]6[C@H]%117)[C@]8(C)[C@@]9%10C,9EF4AEE70348DBF45901607A97132AC332124AFAE94A1B457DED67D40489BA37,HOST_CAN_0088,PASS,CC(=O)OC1CC2CCC3C(CCC4(C)C3CC([N+]3(C)CCCCC3)C4OC(C)=O)C2(C)CC1[N+]1(C)CCCCC1,50E66CAB2E161F82F8A9960C08321F089FBABF411901A83069135F691E598254,GUEST_CAN_0098,PASS,AttentiveFP,3,guest_cold,4,7.425718784332275
1093,30,126,C1C2=CC(=CC(=C2O)CC3=CC(=CC(=C3O)CC4=CC(=CC(=C4O)CC5=C(C(=CC(=C5)S(=O)(=O)[O-])CC6=C(C(=CC(=C6)S(=O)(=O)[O-])CC7=C(C1=CC(=C7)S(=O)(=O)[O-])O)O)O)S(=O)(=O)[O-])S(=O)(=O)[O-])S(=O)(=O)[O-],NC(C(=O)O)Cc1ccccc1,calixarene,2.5820999145507812,O=S(=O)([O-])c1cc2c(O)c(c1)Cc1cc(S(=O)(=O)[O-])cc(c1O)Cc1cc(S(=O)(=O)[O-])cc(c1O)Cc1cc(S(=O)(=O)[O-])cc(c1O)Cc1cc(S(=O)(=O)[O-])cc(c1O)Cc1cc(S(=O)(=O)[O-])cc(c1O)C2,175E9D01D3A7DD7BE73E9B8659E8BAA0A16B2D5C4CCEFE3BEFED10121429BF10,HOST_CAN_0164,PASS,NC(Cc1ccccc1)C(=O)O,4B6B1236F1C31D28D9F95F736FF46B2960AFF4F6FCE3D9E76CF43DE2ADDE8B08,GUEST_CAN_0746,PASS,AttentiveFP,3,guest_cold,4,2.457409381866455
1095,44,201,C1COCCN2CCOCCOCCN1CCOCCOCC2,[Li+],other,2.5,C1COCCN2CCOCCOCCN(CCO1)CCOCC2,32931B055F3C7DC5134671B8211003699C695F3A170DAFEAC54A6E2274B3149A,HOST_CAN_0003,PASS,[Li+],A7557B375892DC7E581DDC6CA9773574F95B6514113F07A19BDE6059504332FE,GUEST_CAN_1071,PASS,AttentiveFP,3,guest_cold,4,2.327791213989258
1097,11,697,C1N2C3C4N(C2=O)CN5C6C7N(C5=O)CN8C9C2N(C8=O)CN5C8C%10N(C5=O)CN5C%11C%12N(C5=O)CN5C%13C%14N(C5=O)CN5C%15C%16N(C5=O)CN5C%17C(N1C5=O)N1CN3C(=O)N4CN6C(=O)N7CN9C(=O)N2CN8C(=O)N%10CN%11C(=O)N%12CN%13C(=O)N%14CN%15C(=O)N%16CN%17C1=O,C1=CC(=CC(=C1)O)O,cucurbituril,3.7160000801086426,O=C1N2CN3C(=O)N4CN5C(=O)N6CN7C(=O)N8CN9C(=O)N%10CN%11C(=O)N%12CN%13C(=O)N%14CN%15C(=O)N%16CN1C1C2N2CN%17C(=O)N(CN%18C(=O)N(CN%19C(=O)N(CN%20C(=O)N(CN%21C(=O)N(CN%22C(=O)N(CN%23C(=O)N(CN1C2=O)C%16C%15%23)C%14C%13%22)C%12C%11%21)C%10C9%20)C8C7%19)C6C5%18)C4C3%17,E82CB7F52437B0147F435E3074F006752062FF8924E87C1DAF3210D182FF633B,HOST_CAN_0143,PASS,Oc1cccc(O)c1,39F5A9F6D46165B8485164493B32F792FDFD585E3702FBB78C9B6AF892DEE742,GUEST_CAN_1003,PASS,AttentiveFP,3,guest_cold,4,3.6040408611297607
1099,8,698,C1N2C3C4N(C2=O)CN5C6C7N(C5=O)CN8C9C2N(C8=O)CN5C8C%10N(C5=O)CN5C%11C%12N(C5=O)CN5C%13C(N1C5=O)N1CN3C(=O)N4CN6C(=O)N7CN9C(=O)N2CN8C(=O)N%10CN%11C(=O)N%12CN%13C1=O,CCCC[NH3+],cucurbituril,6.491399765014648,O=C1N2CN3C(=O)N4CN5C(=O)N6CN7C(=O)N8CN9C(=O)N%10CN%11C(=O)N%12CN1C1C2N2CN%13C(=O)N(CN%14C(=O)N(CN%15C(=O)N(CN%16C(=O)N(CN%17C(=O)N(CN1C2=O)C%12C%11%17)C%10C9%16)C8C7%15)C6C5%14)C4C3%13,2526C525F966BEE6CB589BBB60C9F4124C02584847747BDAFF4E92B4462536E8,HOST_CAN_0149,PASS,CCCC[NH3+],6A71D8302F7F41484EDE7CB008CCE4F2AFAAFDA27C6FFB24A0361849051D3340,GUEST_CAN_0322,PASS,AttentiveFP,3,guest_cold,4,3.950376033782959
1104,18,700,CC1=C2C3=CC4=C1OC5C6=CC7=CC(=C6)OC8=CC(=CC(=C8)C(=O)O)OC9=CC1=CC(=C9)C6OC8=C(C=C(C4CCC(=O)O)C(=C8C)O5)C(C4=C(O6)C(=C5C(=C4)C(C4=C6C(=C(C(=C4)C3CCC(=O)O)OC(O2)C2=CC(=CC(=C2)OC2=CC(=CC(=C2)C(=O)O)OC2=CC(=CC(=C2)C(O5)O6)OC2=CC(=CC(=C2)C(=O)O)O1)OC1=CC(=CC(=C1)C(=O)O)O7)C)CCC(=O)O)C)CCC(=O)O,CC(CCC(=O)O)C,cavitand,3.9600000381469727,Cc1c2c3cc4c1OC1Oc5c(cc6c(c5C)OC5Oc7c(cc8c(c7C)OC7Oc9c(cc(c(c9C)OC(O2)c2cc9cc(c2)Oc2cc(cc(C(=O)O)c2)Oc2cc(cc7c2)Oc2cc(cc(C(=O)O)c2)Oc2cc(cc5c2)Oc2cc(cc(C(=O)O)c2)Oc2cc(cc1c2)Oc1cc(cc(C(=O)O)c1)O9)C3CCC(=O)O)C8CCC(=O)O)C6CCC(=O)O)C4CCC(=O)O,326FFD4B5C5565D32207155C0B129AE16AFCA7B3342F0DAD815C24AB8DFA8483,HOST_CAN_0099,PASS,CC(C)CCC(=O)O,9DB6A901CBA7308F6BC713C27289E2B99E0C26D6FDDF46C5228D49BD5F44D881,GUEST_CAN_0144,PASS,AttentiveFP,3,guest_cold,4,3.0238420963287354
1105,94,477,CC(C(O[Na])=O)OC(C(OC(C)C(O[Na])=O)=C1)=CC2=C1C(C=C(OC(C(O[Na])=O)C)C(OC(C(O[Na])=O)C)=C3)=C3C4=C2C=C(OC(C(O[Na])=O)C)C(OC(C)C(O[Na])=O)=C4,C1=CC=C(C=C1)CC(C(=O)O)N,other,0.0,CC(Oc1cc2c3cc(OC(C)C(=O)[O][Na])c(OC(C)C(=O)[O][Na])cc3c3cc(OC(C)C(=O)[O][Na])c(OC(C)C(=O)[O][Na])cc3c2cc1OC(C)C(=O)[O][Na])C(=O)[O][Na],BA584CA32AF40B5CC01118169993C3B68F1DD55FC57084F45766D3D97748C6AD,HOST_CAN_0016,PASS,NC(Cc1ccccc1)C(=O)O,4B6B1236F1C31D28D9F95F736FF46B2960AFF4F6FCE3D9E76CF43DE2ADDE8B08,GUEST_CAN_0746,PASS,AttentiveFP,3,guest_cold,4,1.0348241329193115
1107,85,360,OC[C@H]1O[C@@H]2O[C@@H]3[C@@H](CO)O[C@H](O[C@@H]4[C@@H](CO)O[C@H](O[C@@H]5[C@@H](CO)O[C@H](O[C@@H]6[C@@H](CO)O[C@H](O[C@@H]7[C@@H](CO)O[C@H](O[C@@H]8[C@@H](CO)O[C@H](O[C@@H]9[C@@H](CO)O[C@H](O[C@H]1[C@H](O)[C@H]2O)[C@H](O)[C@H]9O)[C@H](O)[C@H]8O)[C@H](O)[C@H]7O)[C@H](O)[C@H]6O)[C@H](O)[C@H]5O)[C@H](O)[C@H]4O)[C@H](O)[C@H]3O,CCN(CC)C1=CC2=C(C=C1)N=C3C=CC(=[N+](CC)CC)C=C3O2,cyclodextrin,2.133500099182129,OC[C@H]1O[C@@H]2O[C@H]3[C@H](O)[C@@H](O)[C@@H](O[C@H]4[C@H](O)[C@@H](O)[C@@H](O[C@H]5[C@H](O)[C@@H](O)[C@@H](O[C@H]6[C@H](O)[C@@H](O)[C@@H](O[C@H]7[C@H](O)[C@@H](O)[C@@H](O[C@H]8[C@H](O)[C@@H](O)[C@@H](O[C@H]9[C@H](O)[C@@H](O)[C@@H](O[C@H]1[C@H](O)[C@H]2O)O[C@@H]9CO)O[C@@H]8CO)O[C@@H]7CO)O[C@@H]6CO)O[C@@H]5CO)O[C@@H]4CO)O[C@@H]3CO,4E4982FCAA8A96CE9D40EDC97C9574B542F86F2BEB463ECAA6DCE3670D2F9B83,HOST_CAN_0177,PASS,CCN(CC)c1ccc2nc3ccc(=[N+](CC)CC)cc-3oc2c1,066F3D1B32F1748B3B78FD889501761911247912358CB368BEF1B1090F720B3D,GUEST_CAN_0355,PASS,AttentiveFP,3,guest_cold,4,2.8091139793395996
1111,2,156,C1N2C3C4N(C2=O)CN5C6C7N(C5=O)CN8C9C2N(C8=O)CN5C8C%10N(C5=O)CN5C%11C(N1C5=O)N1CN3C(=O)N4CN6C(=O)N7CN9C(=O)N2CN8C(=O)N%10CN%11C1=O,[Xe],cucurbituril,3.939500093460083,O=C1N2CN3C(=O)N4CN5C(=O)N6CN7C(=O)N8CN9C(=O)N%10CN1C1C2N2CN%11C(=O)N(CN%12C(=O)N(CN%13C(=O)N(CN%14C(=O)N(CN1C2=O)C%10C9%14)C8C7%13)C6C5%12)C4C3%11,EE085DEDB538468744A3EBDAC86A0BF01B424E1C1BBF9C3E804B43220B2C1DDA,HOST_CAN_0150,PASS,[Xe],463C698387C428389929BF1416FF8D357192FAE637E5A26BA0E54A16E2EDDA63,GUEST_CAN_1116,PASS,AttentiveFP,3,guest_cold,4,2.795591354370117
1112,23,477,OC[C@H]1O[C@@H]2O[C@@H]3[C@@H](CO)O[C@H](O[C@@H]4[C@@H](CO)O[C@H](O[C@@H]5[C@@H](CO)O[C@H](O[C@@H]6[C@@H](CO)O[C@H](O[C@@H]7[C@@H](CO)O[C@H](O[C@H]1[C@H](O)[C@H]2O)[C@H](O)[C@H]7O)[C@H](O)[C@H]6O)[C@H](O)[C@H]5O)[C@H](O)[C@H]4O)[C@H](O)[C@H]3O,C1=CC=C(C=C1)CC(C(=O)O)N,cyclodextrin,2.409899950027466,OC[C@H]1O[C@@H]2O[C@H]3[C@H](O)[C@@H](O)[C@@H](O[C@H]4[C@H](O)[C@@H](O)[C@@H](O[C@H]5[C@H](O)[C@@H](O)[C@@H](O[C@H]6[C@H](O)[C@@H](O)[C@@H](O[C@H]7[C@H](O)[C@@H](O)[C@@H](O[C@H]1[C@H](O)[C@H]2O)O[C@@H]7CO)O[C@@H]6CO)O[C@@H]5CO)O[C@@H]4CO)O[C@@H]3CO,9CB41F926A4386D7C0E23599753E6EDC60802BE1DCF577DB9B32CBB20691DB1D,HOST_CAN_0175,PASS,NC(Cc1ccccc1)C(=O)O,4B6B1236F1C31D28D9F95F736FF46B2960AFF4F6FCE3D9E76CF43DE2ADDE8B08,GUEST_CAN_0746,PASS,AttentiveFP,3,guest_cold,4,2.4149222373962402
1116,30,510,C1C2=CC(=CC(=C2O)CC3=CC(=CC(=C3O)CC4=CC(=CC(=C4O)CC5=C(C(=CC(=C5)S(=O)(=O)[O-])CC6=C(C(=CC(=C6)S(=O)(=O)[O-])CC7=C(C1=CC(=C7)S(=O)(=O)[O-])O)O)O)S(=O)(=O)[O-])S(=O)(=O)[O-])S(=O)(=O)[O-],CP(OC(C)C)(OC(C)C)=O,calixarene,1.252500057220459,O=S(=O)([O-])c1cc2c(O)c(c1)Cc1cc(S(=O)(=O)[O-])cc(c1O)Cc1cc(S(=O)(=O)[O-])cc(c1O)Cc1cc(S(=O)(=O)[O-])cc(c1O)Cc1cc(S(=O)(=O)[O-])cc(c1O)Cc1cc(S(=O)(=O)[O-])cc(c1O)C2,175E9D01D3A7DD7BE73E9B8659E8BAA0A16B2D5C4CCEFE3BEFED10121429BF10,HOST_CAN_0164,PASS,CC(C)OP(C)(=O)OC(C)C,C2D0C2BEA50DD620BD1178D86C28FE918812B48459C0DC9EB4998004E1AD9425,GUEST_CAN_0164,PASS,AttentiveFP,3,guest_cold,4,2.9087166786193848
1121,60,706,CCCCOc1ccc2c3c1COCc1c(OCCCC)ccc4c1ccc1c4C4CC(O1)Oc1c4c4ccc(c(COCc5c6c(c7C8c2c(cc3)OC(C8)Oc7cc6)ccc5OCCCC)c4cc1)OCCCC,CCCCC[N+]12CCN(CC1)CC2,other,3.973099946975708,CCCCOc1ccc2c3c4ccc2c1COCc1c(OCCCC)ccc2c5c(ccc12)OC1CC5c2c(ccc5c(c(OCCCC)ccc25)COCc2c(OCCCC)ccc5c6c(ccc25)OC(CC36)O4)O1,88DCF2D39B7DF2B43B3F0E5C1B57BDEDED9EEF541105412EB4DABE8747E45264,HOST_CAN_0034,PASS,CCCCC[N+]12CCN(CC1)CC2,AB878C5BB92673BED6DD9B3AE084D3E092100760FED770D1CAF1C61813E904E2,GUEST_CAN_0306,PASS,AttentiveFP,3,guest_cold,4,4.542340278625488
1135,48,714,[Na]OS(=O)(=O)CCCOc1c2CN3C(=O)N4[C@]5([C@@]3(N(Cc2c(c2c1cccc2)OCCCS(=O)(=O)O[Na])C(=O)N5CN1[C@@]2(N(C4)C(=O)N3[C@]2(C)N(C1=O)Cc1c(C3)c(OCCCS(=O)(=O)O[Na])c2c(c1OCCCS(=O)(=O)O[Na])cccc2)C)C)C,CC1=CC=C(C=C1)S(=O)(=O)[O-].CN1C2=CC=CC=C2SC1=CC3=CC=[N+](C4=CC=CC=C34)C,other,4.915900230407715,C[C@]12N3Cc4c(c(OCCCS(=O)(=O)[O][Na])c5ccccc5c4OCCCS(=O)(=O)[O][Na])CN1C(=O)N1CN4C(=O)N5Cc6c(c(OCCCS(=O)(=O)[O][Na])c7ccccc7c6OCCCS(=O)(=O)[O][Na])CN6C(=O)N(CN(C3=O)[C@]12C)[C@]4(C)[C@@]56C,D18B807A904C56B05E199911FB10FFB774349CC49BBD32D2EFAFF4C892BA649F,HOST_CAN_0090,PASS,CN1C(=Cc2cc[n+](C)c3ccccc23)Sc2ccccc21.Cc1ccc(S(=O)(=O)[O-])cc1,37AFE90B2A9CFC9A7716FFC5BF6C8F5DC7CB0DAD8979653122109A0BD39F8D13,GUEST_CAN_0415,PASS,AttentiveFP,3,guest_cold,4,4.811939716339111
1140,157,516,N1C(=CC=C1)C(=O)NC(=[NH2+])N,CC(C(=O)[O-])NC(=O)C,other,2.1138999462127686,NC(=[NH2+])NC(=O)c1ccc[nH]1,5C0961F35D62C1556FEC81C18CF4A86721228002AA7771617FE16644053C96DC,HOST_CAN_0106,PASS,CC(=O)NC(C)C(=O)[O-],223D3A7CF02799E4E69DE4CF10C536E7E3A130D2DECA6FB2E856007B979C6DE6,GUEST_CAN_0069,PASS,AttentiveFP,3,guest_cold,4,2.9508066177368164
1143,3,716,OC[C@H]1O[C@@H]2O[C@@H]3[C@@H](CO)O[C@H](O[C@@H]4[C@@H](CO)O[C@H](O[C@@H]5[C@@H](CO)O[C@H](O[C@@H]6[C@@H](CO)O[C@H](O[C@@H]7[C@@H](CO)O[C@H](O[C@@H]8[C@@H](CO)O[C@H](O[C@H]1[C@H](O)[C@H]2O)[C@H](O)[C@H]8O)[C@H](O)[C@H]7O)[C@H](O)[C@H]6O)[C@H](O)[C@H]5O)[C@H](O)[C@H]4O)[C@H](O)[C@H]3O,CC(=O)NC(CC1=CC=CC=C1)C(=O)O,cyclodextrin,1.829300045967102,OC[C@H]1O[C@@H]2O[C@H]3[C@H](O)[C@@H](O)[C@@H](O[C@H]4[C@H](O)[C@@H](O)[C@@H](O[C@H]5[C@H](O)[C@@H](O)[C@@H](O[C@H]6[C@H](O)[C@@H](O)[C@@H](O[C@H]7[C@H](O)[C@@H](O)[C@@H](O[C@H]8[C@H](O)[C@@H](O)[C@@H](O[C@H]1[C@H](O)[C@H]2O)O[C@@H]8CO)O[C@@H]7CO)O[C@@H]6CO)O[C@@H]5CO)O[C@@H]4CO)O[C@@H]3CO,22584443D9512992310760C9871E3E6BDB3EDC92006F3EF1EC94F44373907EB1,HOST_CAN_0176,PASS,CC(=O)NC(Cc1ccccc1)C(=O)O,CC6FA7DBAD7ADEBC07F58FAA2BE6025206B6C31CC0D76EDEE142CE8D1EDA6C03,GUEST_CAN_0074,PASS,AttentiveFP,3,guest_cold,4,2.409428119659424
1144,112,456,CC(C)(C)C1=CC(=C(C=C1)NC(=O)NC2=CC=C(C=C2)OC)C#CC3=CC(=CC(=C3)Cl)C#CC4=C(C=CC(=C4)C(C)(C)C)NC(=O)NC5=CC=C(C=C5)OC,[N+](=O)([O-])[O-].C(CCC)[N+](CCCC)(CCCC)CCCC,other,3.7418999671936035,COc1ccc(NC(=O)Nc2ccc(C(C)(C)C)cc2C#Cc2cc(Cl)cc(C#Cc3cc(C(C)(C)C)ccc3NC(=O)Nc3ccc(OC)cc3)c2)cc1,6714985C95FB4721F34200A13D77E1BF78C94A1DBA43CA1FDFE94E15E6C48A18,HOST_CAN_0075,PASS,CCCC[N+](CCCC)(CCCC)CCCC.O=[N+]([O-])[O-],6D4B26D3D683A1392C95388B8B9856D8C2F81515BE0ED5278F99FF88C33B25A7,GUEST_CAN_0315,PASS,AttentiveFP,3,guest_cold,4,3.0156092643737793
1147,158,175,C[C@H](C(NC1=CC=CC(C2=C(I)N([C@H](C)C(NC3=CC=CC(C4=C(I)N([C@H](C)C5=O)N=N4)=N3)=O)N=N2)=N1)=O)N6N=NC(C7=CC=CC(N5)=N7)=C6I,CCCC[N+](CCCC)(CCCC)CCCC.[I-],other,2.1500000953674316,C[C@@H]1C(=O)Nc2cccc(n2)-c2nnn(c2I)[C@H](C)C(=O)Nc2cccc(n2)-c2nnn(c2I)[C@H](C)C(=O)Nc2cccc(n2)-c2nnn1c2I,BF5A668BEAD04113CCC725A48DCD8DFE5BCBFFC115F87579E1B5C070BCD96197,HOST_CAN_0083,PASS,CCCC[N+](CCCC)(CCCC)CCCC.[I-],AEB60E90607A4F8C1F949B3EACD125A2B91E0A4DEAD7B24D9097176DB9E506E4,GUEST_CAN_0318,PASS,AttentiveFP,3,guest_cold,4,3.678001642227173
1152,48,719,[Na]OS(=O)(=O)CCCOc1c2CN3C(=O)N4[C@]5([C@@]3(N(Cc2c(c2c1cccc2)OCCCS(=O)(=O)O[Na])C(=O)N5CN1[C@@]2(N(C4)C(=O)N3[C@]2(C)N(C1=O)Cc1c(C3)c(OCCCS(=O)(=O)O[Na])c2c(c1OCCCS(=O)(=O)O[Na])cccc2)C)C)C,[NH3+]Cc1cccc(c1)C[NH3+].[Cl-].[Cl-],other,2.439300060272217,C[C@]12N3Cc4c(c(OCCCS(=O)(=O)[O][Na])c5ccccc5c4OCCCS(=O)(=O)[O][Na])CN1C(=O)N1CN4C(=O)N5Cc6c(c(OCCCS(=O)(=O)[O][Na])c7ccccc7c6OCCCS(=O)(=O)[O][Na])CN6C(=O)N(CN(C3=O)[C@]12C)[C@]4(C)[C@@]56C,D18B807A904C56B05E199911FB10FFB774349CC49BBD32D2EFAFF4C892BA649F,HOST_CAN_0090,PASS,[Cl-].[Cl-].[NH3+]Cc1cccc(C[NH3+])c1,3AA689D61D7DCE957AD8C4C1AF76203B5ADCC3284A07EC28B4250D2BF276B5B6,GUEST_CAN_1032,PASS,AttentiveFP,3,guest_cold,4,3.171722173690796
1161,48,152,[Na]OS(=O)(=O)CCCOc1c2CN3C(=O)N4[C@]5([C@@]3(N(Cc2c(c2c1cccc2)OCCCS(=O)(=O)O[Na])C(=O)N5CN1[C@@]2(N(C4)C(=O)N3[C@]2(C)N(C1=O)Cc1c(C3)c(OCCCS(=O)(=O)O[Na])c2c(c1OCCCS(=O)(=O)O[Na])cccc2)C)C)C,c1ccc2c(c1)nccc2,other,2.444000005722046,C[C@]12N3Cc4c(c(OCCCS(=O)(=O)[O][Na])c5ccccc5c4OCCCS(=O)(=O)[O][Na])CN1C(=O)N1CN4C(=O)N5Cc6c(c(OCCCS(=O)(=O)[O][Na])c7ccccc7c6OCCCS(=O)(=O)[O][Na])CN6C(=O)N(CN(C3=O)[C@]12C)[C@]4(C)[C@@]56C,D18B807A904C56B05E199911FB10FFB774349CC49BBD32D2EFAFF4C892BA649F,HOST_CAN_0090,PASS,c1ccc2ncccc2c1,A8DAF8C5800683ABD84E08E8A2110091831372530075C04E828C13E3FB8EC92C,GUEST_CAN_1143,PASS,AttentiveFP,3,guest_cold,4,2.1729555130004883
1167,11,726,C1N2C3C4N(C2=O)CN5C6C7N(C5=O)CN8C9C2N(C8=O)CN5C8C%10N(C5=O)CN5C%11C%12N(C5=O)CN5C%13C%14N(C5=O)CN5C%15C%16N(C5=O)CN5C%17C(N1C5=O)N1CN3C(=O)N4CN6C(=O)N7CN9C(=O)N2CN8C(=O)N%10CN%11C(=O)N%12CN%13C(=O)N%14CN%15C(=O)N%16CN%17C1=O,O=C(NC1=CC=C2C3=CC=CC=C3CC2=C1)OCCOCCOCCOCCOCCOCCOCCOCCOCCOCCOCCOCCOCCOCCOCCOCCOCCOCCOCCOCCOCCOCCOCCOCCOCCOCCOCCOCCOCCOCCOCCOCCOCCOCCOCCOCCOCCOCCOCCOCCOCCOCCOCCOCCOC,cucurbituril,5.520699977874756,O=C1N2CN3C(=O)N4CN5C(=O)N6CN7C(=O)N8CN9C(=O)N%10CN%11C(=O)N%12CN%13C(=O)N%14CN%15C(=O)N%16CN1C1C2N2CN%17C(=O)N(CN%18C(=O)N(CN%19C(=O)N(CN%20C(=O)N(CN%21C(=O)N(CN%22C(=O)N(CN%23C(=O)N(CN1C2=O)C%16C%15%23)C%14C%13%22)C%12C%11%21)C%10C9%20)C8C7%19)C6C5%18)C4C3%17,E82CB7F52437B0147F435E3074F006752062FF8924E87C1DAF3210D182FF633B,HOST_CAN_0143,PASS,COCCOCCOCCOCCOCCOCCOCCOCCOCCOCCOCCOCCOCCOCCOCCOCCOCCOCCOCCOCCOCCOCCOCCOCCOCCOCCOCCOCCOCCOCCOCCOCCOCCOCCOCCOCCOCCOCCOCCOCCOCCOCCOCCOCCOC(=O)Nc1ccc2c(c1)Cc1ccccc1-2,862BAC55C2E792DECF7EF5233114D540ECA87A4A99AD4D2781FFBAEC7F52FDBE,GUEST_CAN_0460,PASS,AttentiveFP,3,guest_cold,4,4.660207271575928
1172,8,256,C1N2C3C4N(C2=O)CN5C6C7N(C5=O)CN8C9C2N(C8=O)CN5C8C%10N(C5=O)CN5C%11C%12N(C5=O)CN5C%13C(N1C5=O)N1CN3C(=O)N4CN6C(=O)N7CN9C(=O)N2CN8C(=O)N%10CN%11C(=O)N%12CN%13C1=O,CCCCO,cucurbituril,2.8089001178741455,O=C1N2CN3C(=O)N4CN5C(=O)N6CN7C(=O)N8CN9C(=O)N%10CN%11C(=O)N%12CN1C1C2N2CN%13C(=O)N(CN%14C(=O)N(CN%15C(=O)N(CN%16C(=O)N(CN%17C(=O)N(CN1C2=O)C%12C%11%17)C%10C9%16)C8C7%15)C6C5%14)C4C3%13,2526C525F966BEE6CB589BBB60C9F4124C02584847747BDAFF4E92B4462536E8,HOST_CAN_0149,PASS,CCCCO,581B7EFD3DCD0E0841EE9123D5670DDC43EF0E9A885955F904BAAFC5653A3E40,GUEST_CAN_0312,PASS,AttentiveFP,3,guest_cold,4,2.704272747039795
1175,30,72,C1C2=CC(=CC(=C2O)CC3=CC(=CC(=C3O)CC4=CC(=CC(=C4O)CC5=C(C(=CC(=C5)S(=O)(=O)[O-])CC6=C(C(=CC(=C6)S(=O)(=O)[O-])CC7=C(C1=CC(=C7)S(=O)(=O)[O-])O)O)O)S(=O)(=O)[O-])S(=O)(=O)[O-])S(=O)(=O)[O-],NC(C(=O)O)Cc1c[nH]cn1,calixarene,3.285599946975708,O=S(=O)([O-])c1cc2c(O)c(c1)Cc1cc(S(=O)(=O)[O-])cc(c1O)Cc1cc(S(=O)(=O)[O-])cc(c1O)Cc1cc(S(=O)(=O)[O-])cc(c1O)Cc1cc(S(=O)(=O)[O-])cc(c1O)Cc1cc(S(=O)(=O)[O-])cc(c1O)C2,175E9D01D3A7DD7BE73E9B8659E8BAA0A16B2D5C4CCEFE3BEFED10121429BF10,HOST_CAN_0164,PASS,NC(Cc1c[nH]cn1)C(=O)O,FB673C9EDBC2F6C509C14A12DA10308CC8AD4E94C32BC5F3BAD448FBAA74F381,GUEST_CAN_0741,PASS,AttentiveFP,3,guest_cold,4,2.6500189304351807
1178,3,730,OC[C@H]1O[C@@H]2O[C@@H]3[C@@H](CO)O[C@H](O[C@@H]4[C@@H](CO)O[C@H](O[C@@H]5[C@@H](CO)O[C@H](O[C@@H]6[C@@H](CO)O[C@H](O[C@@H]7[C@@H](CO)O[C@H](O[C@@H]8[C@@H](CO)O[C@H](O[C@H]1[C@H](O)[C@H]2O)[C@H](O)[C@H]8O)[C@H](O)[C@H]7O)[C@H](O)[C@H]6O)[C@H](O)[C@H]5O)[C@H](O)[C@H]4O)[C@H](O)[C@H]3O,C1C(O1)COCC2=CC=CC=C2,cyclodextrin,2.3691999912261963,OC[C@H]1O[C@@H]2O[C@H]3[C@H](O)[C@@H](O)[C@@H](O[C@H]4[C@H](O)[C@@H](O)[C@@H](O[C@H]5[C@H](O)[C@@H](O)[C@@H](O[C@H]6[C@H](O)[C@@H](O)[C@@H](O[C@H]7[C@H](O)[C@@H](O)[C@@H](O[C@H]8[C@H](O)[C@@H](O)[C@@H](O[C@H]1[C@H](O)[C@H]2O)O[C@@H]8CO)O[C@@H]7CO)O[C@@H]6CO)O[C@@H]5CO)O[C@@H]4CO)O[C@@H]3CO,22584443D9512992310760C9871E3E6BDB3EDC92006F3EF1EC94F44373907EB1,HOST_CAN_0176,PASS,c1ccc(COCC2CO2)cc1,B28F518C4CB072EBAF296564909976E515D10AE2E304E94C33FEE443DEBC2C60,GUEST_CAN_1131,PASS,AttentiveFP,3,guest_cold,4,2.634603977203369
1181,8,732,C1N2C3C4N(C2=O)CN5C6C7N(C5=O)CN8C9C2N(C8=O)CN5C8C%10N(C5=O)CN5C%11C%12N(C5=O)CN5C%13C(N1C5=O)N1CN3C(=O)N4CN6C(=O)N7CN9C(=O)N2CN8C(=O)N%10CN%11C(=O)N%12CN%13C1=O,C1CC(CCC1N)N,cucurbituril,6.146100044250488,O=C1N2CN3C(=O)N4CN5C(=O)N6CN7C(=O)N8CN9C(=O)N%10CN%11C(=O)N%12CN1C1C2N2CN%13C(=O)N(CN%14C(=O)N(CN%15C(=O)N(CN%16C(=O)N(CN%17C(=O)N(CN1C2=O)C%12C%11%17)C%10C9%16)C8C7%15)C6C5%14)C4C3%13,2526C525F966BEE6CB589BBB60C9F4124C02584847747BDAFF4E92B4462536E8,HOST_CAN_0149,PASS,NC1CCC(N)CC1,192947493091C281BC4B716E34F673A8237ADA9D29CFC03100A1251046E7C8D3,GUEST_CAN_0761,PASS,AttentiveFP,3,guest_cold,4,8.58816146850586
1185,46,735,C1C2=CC(=CC(=C2O)CC3=CC(=CC(=C3O)CC4=C(C(=CC(=C4)S(=O)(=O)O)CC5=C(C1=CC(=C5)S(=O)(=O)[O-])O)O)S(=O)(=O)O)S(=O)(=O)O.[Na+],CC(CC(C(=O)NCC(=O)O)NC(=O)C(NC(=O)C(Cc1c[nH]c2c1cccc2)NC(=O)C(NC(=O)C(NC(=O)C(CC(C)C)N)CCCNC(=N)N)CCCNC(=N)N)COP(=O)(O)O)C,calixarene,3.6989998817443848,O=S(=O)([O-])c1cc2c(O)c(c1)Cc1cc(S(=O)(=O)O)cc(c1O)Cc1cc(S(=O)(=O)O)cc(c1O)Cc1cc(S(=O)(=O)O)cc(c1O)C2.[Na+],CA94CECC10EDB9167B38E05C5D125873C9C1506ED227A3D9C6CBBCD696828A96,HOST_CAN_0163,PASS,CC(C)CC(N)C(=O)NC(CCCNC(=N)N)C(=O)NC(CCCNC(=N)N)C(=O)NC(Cc1c[nH]c2ccccc12)C(=O)NC(COP(=O)(O)O)C(=O)NC(CC(C)C)C(=O)NCC(=O)O,ABBF60D61CE1AD685370E43DE1B4C731A2D91B4A3016BAA0E4C81D1C9B015A86,GUEST_CAN_0134,PASS,AttentiveFP,3,guest_cold,4,4.406945705413818
1196,46,400,C1C2=CC(=CC(=C2O)CC3=CC(=CC(=C3O)CC4=C(C(=CC(=C4)S(=O)(=O)O)CC5=C(C1=CC(=C5)S(=O)(=O)[O-])O)O)S(=O)(=O)O)S(=O)(=O)O.[Na+],CC1=NC(=CC=C1)C,calixarene,4.105100154876709,O=S(=O)([O-])c1cc2c(O)c(c1)Cc1cc(S(=O)(=O)O)cc(c1O)Cc1cc(S(=O)(=O)O)cc(c1O)Cc1cc(S(=O)(=O)O)cc(c1O)C2.[Na+],CA94CECC10EDB9167B38E05C5D125873C9C1506ED227A3D9C6CBBCD696828A96,HOST_CAN_0163,PASS,Cc1cccc(C)n1,DBFA28727E7253C6FF16A196350004E0257EBA3F3F69D11C8D90ABE7F3D7FD4B,GUEST_CAN_0665,PASS,AttentiveFP,3,guest_cold,4,3.3581907749176025
1198,1,740,C1C2=CC(=CC(=C2O)CC3=CC(=CC(=C3O)CC4=C(C(=CC(=C4)S(=O)(=O)O)CC5=C(C1=CC(=C5)S(=O)(=O)O)O)O)S(=O)(=O)O)S(=O)(=O)O,C(C)[NH3+],calixarene,3.5799999237060547,O=S(=O)(O)c1cc2c(O)c(c1)Cc1cc(S(=O)(=O)O)cc(c1O)Cc1cc(S(=O)(=O)O)cc(c1O)Cc1cc(S(=O)(=O)O)cc(c1O)C2,C1130CCDC8DA0C6458EF6C2E07E7F3330D8F8B055CBE4DEAADB70DC00C8CDFC1,HOST_CAN_0154,PASS,CC[NH3+],D6FEDAD390E53EAC3D6B344582A6B5BEC80CB34C617B9276317B4FAD7825C62C,GUEST_CAN_0380,PASS,AttentiveFP,3,guest_cold,4,2.5276005268096924
1208,8,440,C1N2C3C4N(C2=O)CN5C6C7N(C5=O)CN8C9C2N(C8=O)CN5C8C%10N(C5=O)CN5C%11C%12N(C5=O)CN5C%13C(N1C5=O)N1CN3C(=O)N4CN6C(=O)N7CN9C(=O)N2CN8C(=O)N%10CN%11C(=O)N%12CN%13C1=O,CC(C(=O)O)NC(=O)CN,cucurbituril,2.799999952316284,O=C1N2CN3C(=O)N4CN5C(=O)N6CN7C(=O)N8CN9C(=O)N%10CN%11C(=O)N%12CN1C1C2N2CN%13C(=O)N(CN%14C(=O)N(CN%15C(=O)N(CN%16C(=O)N(CN%17C(=O)N(CN1C2=O)C%12C%11%17)C%10C9%16)C8C7%15)C6C5%14)C4C3%13,2526C525F966BEE6CB589BBB60C9F4124C02584847747BDAFF4E92B4462536E8,HOST_CAN_0149,PASS,CC(NC(=O)CN)C(=O)O,05890C7DD45D8F3107459006B72D4EDB9CC5C3A82EEA862EFDB24093E953F0AC,GUEST_CAN_0186,PASS,AttentiveFP,3,guest_cold,4,2.698873281478882
1209,11,747,C1N2C3C4N(C2=O)CN5C6C7N(C5=O)CN8C9C2N(C8=O)CN5C8C%10N(C5=O)CN5C%11C%12N(C5=O)CN5C%13C%14N(C5=O)CN5C%15C%16N(C5=O)CN5C%17C(N1C5=O)N1CN3C(=O)N4CN6C(=O)N7CN9C(=O)N2CN8C(=O)N%10CN%11C(=O)N%12CN%13C(=O)N%14CN%15C(=O)N%16CN%17C1=O,O=C(N[C@H](C(=O)NCC(=O)NCC(=O)N)Cc1c[nH]c2c1cccc2)CNC(=O)CNC(=O)C,cucurbituril,4.267499923706055,O=C1N2CN3C(=O)N4CN5C(=O)N6CN7C(=O)N8CN9C(=O)N%10CN%11C(=O)N%12CN%13C(=O)N%14CN%15C(=O)N%16CN1C1C2N2CN%17C(=O)N(CN%18C(=O)N(CN%19C(=O)N(CN%20C(=O)N(CN%21C(=O)N(CN%22C(=O)N(CN%23C(=O)N(CN1C2=O)C%16C%15%23)C%14C%13%22)C%12C%11%21)C%10C9%20)C8C7%19)C6C5%18)C4C3%17,E82CB7F52437B0147F435E3074F006752062FF8924E87C1DAF3210D182FF633B,HOST_CAN_0143,PASS,CC(=O)NCC(=O)NCC(=O)N[C@@H](Cc1c[nH]c2ccccc12)C(=O)NCC(=O)NCC(N)=O,D8C6543391008B0158703C4FD5E8B0FCA8D5C2E81A775F7B44D43595DC039C00,GUEST_CAN_0083,PASS,AttentiveFP,3,guest_cold,4,5.174530029296875
1213,87,751,CCCCOc1c(OCCCC)c2COCc3c(OCCCC)c(OCCCC)c(c4c3cccc4)COCc3c(c(c(COCc4c(c(c(COCc1c1c2cccc1)c1ccccc41)OCCCC)OCCCC)c1c3cccc1)OCCCC)OCCCC,FC(c1ccc(cc1)C[N+](Cc1ccc(cc1)C(F)(F)F)(C)C)(F)F,other,5.278800010681152,CCCCOc1c(OCCCC)c2c3ccccc3c1COCc1c(OCCCC)c(OCCCC)c(c3ccccc13)COCc1c(OCCCC)c(OCCCC)c(c3ccccc13)COCc1c(OCCCC)c(OCCCC)c(c3ccccc13)COC2,A699E12937358A216FBA45A53678131D8F7DBBB042BA5E7F52621C78F0465945,HOST_CAN_0031,PASS,C[N+](C)(Cc1ccc(C(F)(F)F)cc1)Cc1ccc(C(F)(F)F)cc1,2AE386B58E36DE802C263016A5B7C74BAC5ACEF6C37F934EA215DAAB280D78ED,GUEST_CAN_0593,PASS,AttentiveFP,3,guest_cold,4,3.9679949283599854
1218,11,754,C1N2C3C4N(C2=O)CN5C6C7N(C5=O)CN8C9C2N(C8=O)CN5C8C%10N(C5=O)CN5C%11C%12N(C5=O)CN5C%13C%14N(C5=O)CN5C%15C%16N(C5=O)CN5C%17C(N1C5=O)N1CN3C(=O)N4CN6C(=O)N7CN9C(=O)N2CN8C(=O)N%10CN%11C(=O)N%12CN%13C(=O)N%14CN%15C(=O)N%16CN%17C1=O,C1=CC=C(C=C1)C(=O)N,cucurbituril,4.130000114440918,O=C1N2CN3C(=O)N4CN5C(=O)N6CN7C(=O)N8CN9C(=O)N%10CN%11C(=O)N%12CN%13C(=O)N%14CN%15C(=O)N%16CN1C1C2N2CN%17C(=O)N(CN%18C(=O)N(CN%19C(=O)N(CN%20C(=O)N(CN%21C(=O)N(CN%22C(=O)N(CN%23C(=O)N(CN1C2=O)C%16C%15%23)C%14C%13%22)C%12C%11%21)C%10C9%20)C8C7%19)C6C5%18)C4C3%17,E82CB7F52437B0147F435E3074F006752062FF8924E87C1DAF3210D182FF633B,HOST_CAN_0143,PASS,NC(=O)c1ccccc1,938A783C4E867DDF7FCD0341A56A9792E1A4E27ACD23686DF1A448DC0AAF1087,GUEST_CAN_0725,PASS,AttentiveFP,3,guest_cold,4,4.034693241119385
1225,30,557,C1C2=CC(=CC(=C2O)CC3=CC(=CC(=C3O)CC4=CC(=CC(=C4O)CC5=C(C(=CC(=C5)S(=O)(=O)[O-])CC6=C(C(=CC(=C6)S(=O)(=O)[O-])CC7=C(C1=CC(=C7)S(=O)(=O)[O-])O)O)O)S(=O)(=O)[O-])S(=O)(=O)[O-])S(=O)(=O)[O-],CN(C)C(=NCCCC(C(=O)O)N)N,calixarene,2.498300075531006,O=S(=O)([O-])c1cc2c(O)c(c1)Cc1cc(S(=O)(=O)[O-])cc(c1O)Cc1cc(S(=O)(=O)[O-])cc(c1O)Cc1cc(S(=O)(=O)[O-])cc(c1O)Cc1cc(S(=O)(=O)[O-])cc(c1O)Cc1cc(S(=O)(=O)[O-])cc(c1O)C2,175E9D01D3A7DD7BE73E9B8659E8BAA0A16B2D5C4CCEFE3BEFED10121429BF10,HOST_CAN_0164,PASS,CN(C)C(N)=NCCCC(N)C(=O)O,8FECDFE6FD8E3AB55B038D0BDBF122796AB039E405A2214EC5BD150967E713AD,GUEST_CAN_0391,PASS,AttentiveFP,3,guest_cold,4,3.1064772605895996
1231,46,760,C1C2=CC(=CC(=C2O)CC3=CC(=CC(=C3O)CC4=C(C(=CC(=C4)S(=O)(=O)O)CC5=C(C1=CC(=C5)S(=O)(=O)[O-])O)O)S(=O)(=O)O)S(=O)(=O)O.[Na+],O(CC[n+]1ccccc1)CC[n+]1ccccc1.[Br-].[Br-],calixarene,6.968500137329102,O=S(=O)([O-])c1cc2c(O)c(c1)Cc1cc(S(=O)(=O)O)cc(c1O)Cc1cc(S(=O)(=O)O)cc(c1O)Cc1cc(S(=O)(=O)O)cc(c1O)C2.[Na+],CA94CECC10EDB9167B38E05C5D125873C9C1506ED227A3D9C6CBBCD696828A96,HOST_CAN_0163,PASS,[Br-].[Br-].c1cc[n+](CCOCC[n+]2ccccc2)cc1,FCCC85C7A819BE8C060104EB1DE606858B68A72974429620A79DA1DD1203FD8D,GUEST_CAN_1015,PASS,AttentiveFP,3,guest_cold,4,3.086226463317871
1234,23,257,OC[C@H]1O[C@@H]2O[C@@H]3[C@@H](CO)O[C@H](O[C@@H]4[C@@H](CO)O[C@H](O[C@@H]5[C@@H](CO)O[C@H](O[C@@H]6[C@@H](CO)O[C@H](O[C@@H]7[C@@H](CO)O[C@H](O[C@H]1[C@H](O)[C@H]2O)[C@H](O)[C@H]7O)[C@H](O)[C@H]6O)[C@H](O)[C@H]5O)[C@H](O)[C@H]4O)[C@H](O)[C@H]3O,[B-]C#N.[Na+],cyclodextrin,2.0594000816345215,OC[C@H]1O[C@@H]2O[C@H]3[C@H](O)[C@@H](O)[C@@H](O[C@H]4[C@H](O)[C@@H](O)[C@@H](O[C@H]5[C@H](O)[C@@H](O)[C@@H](O[C@H]6[C@H](O)[C@@H](O)[C@@H](O[C@H]7[C@H](O)[C@@H](O)[C@@H](O[C@H]1[C@H](O)[C@H]2O)O[C@@H]7CO)O[C@@H]6CO)O[C@@H]5CO)O[C@@H]4CO)O[C@@H]3CO,9CB41F926A4386D7C0E23599753E6EDC60802BE1DCF577DB9B32CBB20691DB1D,HOST_CAN_0175,PASS,[B-]C#N.[Na+],6E772614713BBC86FC89ED5E24C8307A59F018048CC86C967F9B9862D42B8DE7,GUEST_CAN_1011,PASS,AttentiveFP,3,guest_cold,4,1.8737897872924805
1249,3,716,OC[C@H]1O[C@@H]2O[C@@H]3[C@@H](CO)O[C@H](O[C@@H]4[C@@H](CO)O[C@H](O[C@@H]5[C@@H](CO)O[C@H](O[C@@H]6[C@@H](CO)O[C@H](O[C@@H]7[C@@H](CO)O[C@H](O[C@@H]8[C@@H](CO)O[C@H](O[C@H]1[C@H](O)[C@H]2O)[C@H](O)[C@H]8O)[C@H](O)[C@H]7O)[C@H](O)[C@H]6O)[C@H](O)[C@H]5O)[C@H](O)[C@H]4O)[C@H](O)[C@H]3O,CC(=O)NC(CC1=CC=CC=C1)C(=O)O,cyclodextrin,1.7832000255584717,OC[C@H]1O[C@@H]2O[C@H]3[C@H](O)[C@@H](O)[C@@H](O[C@H]4[C@H](O)[C@@H](O)[C@@H](O[C@H]5[C@H](O)[C@@H](O)[C@@H](O[C@H]6[C@H](O)[C@@H](O)[C@@H](O[C@H]7[C@H](O)[C@@H](O)[C@@H](O[C@H]8[C@H](O)[C@@H](O)[C@@H](O[C@H]1[C@H](O)[C@H]2O)O[C@@H]8CO)O[C@@H]7CO)O[C@@H]6CO)O[C@@H]5CO)O[C@@H]4CO)O[C@@H]3CO,22584443D9512992310760C9871E3E6BDB3EDC92006F3EF1EC94F44373907EB1,HOST_CAN_0176,PASS,CC(=O)NC(Cc1ccccc1)C(=O)O,CC6FA7DBAD7ADEBC07F58FAA2BE6025206B6C31CC0D76EDEE142CE8D1EDA6C03,GUEST_CAN_0074,PASS,AttentiveFP,3,guest_cold,4,2.409428119659424
1252,73,593,C1C2=CC(=CC(=C2O)CC3=CC(=CC(=C3O)CC4=CC(=CC(=C4O)CC5=C(C(=CC(=C5)S(=O)(=O)O)CC6=C(C1=CC(=C6)S(=O)(=O)O)O)O)S(=O)(=O)O)S(=O)(=O)O)S(=O)(=O)O,C[N+](C)(C)CC1=CC=C([N+]([O-])=O)C=C1,calixarene,5.100399971008301,O=S(=O)(O)c1cc2c(O)c(c1)Cc1cc(S(=O)(=O)O)cc(c1O)Cc1cc(S(=O)(=O)O)cc(c1O)Cc1cc(S(=O)(=O)O)cc(c1O)Cc1cc(S(=O)(=O)O)cc(c1O)C2,CE64A1CA71928E5DE79CF9633E11D44D0BC2C175AB3D980BF8052807605CA8CC,HOST_CAN_0155,PASS,C[N+](C)(C)Cc1ccc([N+](=O)[O-])cc1,C81DFE1142CCEAC17EA508E9FB9CE73991FEBBC991F7E13643BFF32A03784961,GUEST_CAN_0576,PASS,AttentiveFP,3,guest_cold,4,4.153863430023193
1256,3,771,OC[C@H]1O[C@@H]2O[C@@H]3[C@@H](CO)O[C@H](O[C@@H]4[C@@H](CO)O[C@H](O[C@@H]5[C@@H](CO)O[C@H](O[C@@H]6[C@@H](CO)O[C@H](O[C@@H]7[C@@H](CO)O[C@H](O[C@@H]8[C@@H](CO)O[C@H](O[C@H]1[C@H](O)[C@H]2O)[C@H](O)[C@H]8O)[C@H](O)[C@H]7O)[C@H](O)[C@H]6O)[C@H](O)[C@H]5O)[C@H](O)[C@H]4O)[C@H](O)[C@H]3O,C1=C(C=CC=2OC3=CC=CC=C3SC12)C1=NC2=CC=CC=C2N=C1,cyclodextrin,3.34689998626709,OC[C@H]1O[C@@H]2O[C@H]3[C@H](O)[C@@H](O)[C@@H](O[C@H]4[C@H](O)[C@@H](O)[C@@H](O[C@H]5[C@H](O)[C@@H](O)[C@@H](O[C@H]6[C@H](O)[C@@H](O)[C@@H](O[C@H]7[C@H](O)[C@@H](O)[C@@H](O[C@H]8[C@H](O)[C@@H](O)[C@@H](O[C@H]1[C@H](O)[C@H]2O)O[C@@H]8CO)O[C@@H]7CO)O[C@@H]6CO)O[C@@H]5CO)O[C@@H]4CO)O[C@@H]3CO,22584443D9512992310760C9871E3E6BDB3EDC92006F3EF1EC94F44373907EB1,HOST_CAN_0176,PASS,c1ccc2c(c1)Oc1ccc(-c3cnc4ccccc4n3)cc1S2,A6043F0C9FD50BC4E07C29142E39E39042F4D0643FE9F522166C653F2871B357,GUEST_CAN_1138,PASS,AttentiveFP,3,guest_cold,4,3.2537600994110107
1257,1,175,C1C2=CC(=CC(=C2O)CC3=CC(=CC(=C3O)CC4=C(C(=CC(=C4)S(=O)(=O)O)CC5=C(C1=CC(=C5)S(=O)(=O)O)O)O)S(=O)(=O)O)S(=O)(=O)O,CCCC[N+](CCCC)(CCCC)CCCC.[I-],calixarene,4.104800224304199,O=S(=O)(O)c1cc2c(O)c(c1)Cc1cc(S(=O)(=O)O)cc(c1O)Cc1cc(S(=O)(=O)O)cc(c1O)Cc1cc(S(=O)(=O)O)cc(c1O)C2,C1130CCDC8DA0C6458EF6C2E07E7F3330D8F8B055CBE4DEAADB70DC00C8CDFC1,HOST_CAN_0154,PASS,CCCC[N+](CCCC)(CCCC)CCCC.[I-],AEB60E90607A4F8C1F949B3EACD125A2B91E0A4DEAD7B24D9097176DB9E506E4,GUEST_CAN_0318,PASS,AttentiveFP,3,guest_cold,4,3.668886184692383
1265,1,126,C1C2=CC(=CC(=C2O)CC3=CC(=CC(=C3O)CC4=C(C(=CC(=C4)S(=O)(=O)O)CC5=C(C1=CC(=C5)S(=O)(=O)O)O)O)S(=O)(=O)O)S(=O)(=O)O,NC(C(=O)O)Cc1ccccc1,calixarene,2.913300037384033,O=S(=O)(O)c1cc2c(O)c(c1)Cc1cc(S(=O)(=O)O)cc(c1O)Cc1cc(S(=O)(=O)O)cc(c1O)Cc1cc(S(=O)(=O)O)cc(c1O)C2,C1130CCDC8DA0C6458EF6C2E07E7F3330D8F8B055CBE4DEAADB70DC00C8CDFC1,HOST_CAN_0154,PASS,NC(Cc1ccccc1)C(=O)O,4B6B1236F1C31D28D9F95F736FF46B2960AFF4F6FCE3D9E76CF43DE2ADDE8B08,GUEST_CAN_0746,PASS,AttentiveFP,3,guest_cold,4,2.610532760620117
1270,11,778,C1N2C3C4N(C2=O)CN5C6C7N(C5=O)CN8C9C2N(C8=O)CN5C8C%10N(C5=O)CN5C%11C%12N(C5=O)CN5C%13C%14N(C5=O)CN5C%15C%16N(C5=O)CN5C%17C(N1C5=O)N1CN3C(=O)N4CN6C(=O)N7CN9C(=O)N2CN8C(=O)N%10CN%11C(=O)N%12CN%13C(=O)N%14CN%15C(=O)N%16CN%17C1=O,CC12CCC3C(C1CC(C2O)O)CCC4=C3C=CC(=C4)O,cucurbituril,5.90310001373291,O=C1N2CN3C(=O)N4CN5C(=O)N6CN7C(=O)N8CN9C(=O)N%10CN%11C(=O)N%12CN%13C(=O)N%14CN%15C(=O)N%16CN1C1C2N2CN%17C(=O)N(CN%18C(=O)N(CN%19C(=O)N(CN%20C(=O)N(CN%21C(=O)N(CN%22C(=O)N(CN%23C(=O)N(CN1C2=O)C%16C%15%23)C%14C%13%22)C%12C%11%21)C%10C9%20)C8C7%19)C6C5%18)C4C3%17,E82CB7F52437B0147F435E3074F006752062FF8924E87C1DAF3210D182FF633B,HOST_CAN_0143,PASS,CC12CCC3c4ccc(O)cc4CCC3C1CC(O)C2O,70557DB4977C6EB8B96455BB86D37BA31EADF08F80C6A7DC06190AA78CFED284,GUEST_CAN_0232,PASS,AttentiveFP,3,guest_cold,4,5.854944229125977
1274,33,257,[H]C1(C(C(O[C@](OC2=C1C=C3[C@]4([H])CCC[N+](C)(C)C)([H])C5=CC(O6)=CC(OC7=CC8=CC(C[N+](C)(C)C)=C7)=C5)=C9)=CC%10=C9O[C@](C%11=CC(O8)=CC(OC%12=CC%13=CC(C[N+](C)(C)C)=C%12)=C%11)([H])OC%14=C(C%10([H])CCC[N+](C)(C)C)C=C%15C(O[C@](C%16=CC%17=CC(O%13)=C%16)([H])OC%18=CC(O[C@](C%19=CC(OC%20=CC(O%17)=CC(C[N+](C)(C)C)=C%20)=CC(OC%21=CC6=CC(C[N+](C)(C)C)=C%21)=C%19)([H])OC3=C2)=C4C=C%18[C@]%15([H])CCC[N+](C)(C)C)=C%14)CCC[N+](C)(C)C.[Cl-].[Cl-].[Cl-].[Cl-].[Cl-].[Cl-].[Cl-].[Cl-],[B-]C#N.[Na+],other,3.335099935531616,C[N+](C)(C)CCCC1c2cc3c4cc2O[C@H]2Oc5cc6c(cc51)[C@H](CCC[N+](C)(C)C)c1cc5c7cc1O[C@H](O6)c1cc6cc(c1)Oc1cc(C[N+](C)(C)C)cc(c1)Oc1cc8cc(c1)[C@H](Oc1cc(c(cc1[C@H]5CCC[N+](C)(C)C)C3CCC[N+](C)(C)C)O[C@@H](O4)c1cc(cc(c1)Oc1cc(C[N+](C)(C)C)cc(c1)O8)Oc1cc(C[N+](C)(C)C)cc(c1)Oc1cc(cc2c1)Oc1cc(C[N+](C)(C)C)cc(c1)O6)O7.[Cl-].[Cl-].[Cl-].[Cl-].[Cl-].[Cl-].[Cl-].[Cl-],F783BB4F0E2D9595DCCBD26C1895FCF835428AF86721AF4DD7F78FB07FBB8527,HOST_CAN_0096,PASS,[B-]C#N.[Na+],6E772614713BBC86FC89ED5E24C8307A59F018048CC86C967F9B9862D42B8DE7,GUEST_CAN_1011,PASS,AttentiveFP,3,guest_cold,4,3.0445263385772705
1275,0,732,O=C1N(C2)[C@@](N3CN4[C@]5([H])N2C(N(CN6C(N(C7)[C@@](N8CN9[C@]%10(C)N7C(N(CC%11=C%12C(OCCCS(=O)(O[Na])=O)=C(C=CC=C%13)C%13=C%11OCCCS(=O)(O[Na])=O)[C@]%10(C)N(C%12)C9=O)=O)([H])[C@]6([H])N%14C8=O)=O)[C@]5([H])N(C%14)C4=O)=O)(C)[C@@]%15(C)N1CC%16=C(OCCCS(=O)(O[Na])=O)C(C=CC=C%17)=C%17C(OCCCS(=O)(O[Na])=O)=C%16CN%15C3=O,C1CC(CCC1N)N,cucurbituril,6.322199821472168,C[C@]12N3Cc4c(c(OCCCS(=O)(=O)[O][Na])c5ccccc5c4OCCCS(=O)(=O)[O][Na])CN1C(=O)N1CN4C(=O)N5CN6C(=O)N7CN8C(=O)N9Cc%10c(c(OCCCS(=O)(=O)[O][Na])c%11ccccc%11c%10OCCCS(=O)(=O)[O][Na])CN%10C(=O)N(CN%11C(=O)N(CN%12C(=O)N(CN(C3=O)[C@]12C)[C@@H]4[C@H]%125)[C@@H]6[C@H]%117)[C@]8(C)[C@@]9%10C,9EF4AEE70348DBF45901607A97132AC332124AFAE94A1B457DED67D40489BA37,HOST_CAN_0088,PASS,NC1CCC(N)CC1,192947493091C281BC4B716E34F673A8237ADA9D29CFC03100A1251046E7C8D3,GUEST_CAN_0761,PASS,AttentiveFP,3,guest_cold,4,6.035945415496826
1282,11,781,C1N2C3C4N(C2=O)CN5C6C7N(C5=O)CN8C9C2N(C8=O)CN5C8C%10N(C5=O)CN5C%11C%12N(C5=O)CN5C%13C%14N(C5=O)CN5C%15C%16N(C5=O)CN5C%17C(N1C5=O)N1CN3C(=O)N4CN6C(=O)N7CN9C(=O)N2CN8C(=O)N%10CN%11C(=O)N%12CN%13C(=O)N%14CN%15C(=O)N%16CN%17C1=O,C[N+](C=C1)=CC=C1/C=C/C2=CC=[N+](C)C=C2,cucurbituril,5.8572998046875,O=C1N2CN3C(=O)N4CN5C(=O)N6CN7C(=O)N8CN9C(=O)N%10CN%11C(=O)N%12CN%13C(=O)N%14CN%15C(=O)N%16CN1C1C2N2CN%17C(=O)N(CN%18C(=O)N(CN%19C(=O)N(CN%20C(=O)N(CN%21C(=O)N(CN%22C(=O)N(CN%23C(=O)N(CN1C2=O)C%16C%15%23)C%14C%13%22)C%12C%11%21)C%10C9%20)C8C7%19)C6C5%18)C4C3%17,E82CB7F52437B0147F435E3074F006752062FF8924E87C1DAF3210D182FF633B,HOST_CAN_0143,PASS,C[n+]1ccc(/C=C/c2cc[n+](C)cc2)cc1,14818FE10F046EBD0B8696923FD529607C8E7F65FCD645EC173AF08C6F65A94F,GUEST_CAN_0633,PASS,AttentiveFP,3,guest_cold,4,6.355135917663574
1283,8,401,C1N2C3C4N(C2=O)CN5C6C7N(C5=O)CN8C9C2N(C8=O)CN5C8C%10N(C5=O)CN5C%11C%12N(C5=O)CN5C%13C(N1C5=O)N1CN3C(=O)N4CN6C(=O)N7CN9C(=O)N2CN8C(=O)N%10CN%11C(=O)N%12CN%13C1=O,[Mg+2].[Cl-].[Cl-],cucurbituril,2.569999933242798,O=C1N2CN3C(=O)N4CN5C(=O)N6CN7C(=O)N8CN9C(=O)N%10CN%11C(=O)N%12CN1C1C2N2CN%13C(=O)N(CN%14C(=O)N(CN%15C(=O)N(CN%16C(=O)N(CN%17C(=O)N(CN1C2=O)C%12C%11%17)C%10C9%16)C8C7%15)C6C5%14)C4C3%13,2526C525F966BEE6CB589BBB60C9F4124C02584847747BDAFF4E92B4462536E8,HOST_CAN_0149,PASS,[Cl-].[Cl-].[Mg+2],B087D688B9146A717BF8B7C99307F8366B8209D8F51C624197BC0C66B921DAF9,GUEST_CAN_1028,PASS,AttentiveFP,3,guest_cold,4,4.016622543334961
1288,20,488,O=C(COC1=CC(CC2=C(OCC(O)=O)C=C(C(OCC(O)=O)=C2)CC3=CC(COC(O)=O)=C(C4)C=C3OCC(O)=O)=C(OCC(O)=O)C=C1CC5=C[C@@H](OCC(O)=O)[C@H](C=C5OCC(O)=O)CC6=CC(COC(O)=O)=C(C=C6OCC(O)=O)CC7=C(OCC(O)=O)C=C4C(OCC(O)=O)=C7)O,C[N+](Cc1ccc(cc1)C[N+](C)(C)C)(C)C.[Br-].[Br-],pillararene,7.9278998374938965,O=C(O)COC1=C[C@@H]2Cc3cc(COC(=O)O)c(cc3OCC(=O)O)Cc3cc(OCC(=O)O)c(cc3OCC(=O)O)Cc3cc(OCC(=O)O)c(cc3COC(=O)O)Cc3cc(OCC(=O)O)c(cc3OCC(=O)O)Cc3cc(OCC(=O)O)c(cc3OCC(=O)O)CC1=C[C@H]2OCC(=O)O,EB7BB63E53C952B34EDD9A1AA221307EA37FEE1D4C687CFC64D6BC38CEFE6263,HOST_CAN_0126,PASS,C[N+](C)(C)Cc1ccc(C[N+](C)(C)C)cc1.[Br-].[Br-],B80921BC3D0BBD71EDC2FE2EE247A87CCF750826BFC517EBDE93EFDB7D90578E,GUEST_CAN_0575,PASS,AttentiveFP,3,guest_cold,4,7.1546783447265625
1292,69,437,NCCN1C=C(N=N1)COC(C=C2)=C(CNCC3=C(OCC(N=N4)=CN4CCN)C=CC5=C3C=C6)C7=C2C8=C(C=C7)OC9CC8C%10=C(O9)C=CC%11=C%10C=CC(OCC(N=N%12)=CN%12CCN)=C%11CNCC%13=C(OCC(N=N%14)=CN%14CCN)C=CC%15=C%13C=CC(O%16)=C%15C%17C5=C6OC%16C%17,OC(C(=O)O)CC1=CC=CC=C1,other,3.6394999027252197,NCCn1cc(COc2ccc3c4c5ccc3c2CNCc2c(OCc3cn(CCN)nn3)ccc3c6c(ccc23)OC2CC6c3c(ccc6c(c(OCc7cn(CCN)nn7)ccc36)CNCc3c(OCc6cn(CCN)nn6)ccc6c7c(ccc36)OC(CC47)O5)O2)nn1,E69AC36986BDADC1E5A61FE9021251B6D5437DB096F231021CE94D055FF4BCBF,HOST_CAN_0113,PASS,O=C(O)C(O)Cc1ccccc1,E9397338BFA2DF2426F5EAFAC89A6A669CCB8C215710730D405A0EAD1E19A161,GUEST_CAN_0859,PASS,AttentiveFP,3,guest_cold,4,3.4149718284606934
1293,106,35,CCCOC1=C2CC3=CC(P(OC)(O[Li])=O)=CC(CC4=C(OCCC)C(CC5=C(OCCC)C(CC1=CC(P(OC)(O[Li])=O)=C2)=CC(P(OC)(O[Li])=O)=C5)=CC(P(OC)(O[Li])=O)=C4)=C3OCCC,CC(C(C1=CC=CC=C1)O)N.Cl,calixarene,1.7633999586105347,[Li][O]P(=O)(OC)c1cc2c(OCCC)c(c1)Cc1cc(P(=O)([O][Li])OC)cc(c1OCCC)Cc1cc(P(=O)([O][Li])OC)cc(c1OCCC)Cc1cc(P(=O)([O][Li])OC)cc(c1OCCC)C2,7E35E77A746111D0F7C2AD48B4236AD5F23EBD686B02C0BEF4D3F0D97CE016F4,HOST_CAN_0180,PASS,CC(N)C(O)c1ccccc1.Cl,F3CBF8AD0B3694DB4AF6CFE0D68F9D32EE1559DDDF9FC432AE2D1BBD4B3B4403,GUEST_CAN_0181,PASS,AttentiveFP,3,guest_cold,4,1.2454190254211426
1298,48,785,[Na]OS(=O)(=O)CCCOc1c2CN3C(=O)N4[C@]5([C@@]3(N(Cc2c(c2c1cccc2)OCCCS(=O)(=O)O[Na])C(=O)N5CN1[C@@]2(N(C4)C(=O)N3[C@]2(C)N(C1=O)Cc1c(C3)c(OCCCS(=O)(=O)O[Na])c2c(c1OCCCS(=O)(=O)O[Na])cccc2)C)C)C,[NH3+]CCCCCCCC[NH3+],other,2.646399974822998,C[C@]12N3Cc4c(c(OCCCS(=O)(=O)[O][Na])c5ccccc5c4OCCCS(=O)(=O)[O][Na])CN1C(=O)N1CN4C(=O)N5Cc6c(c(OCCCS(=O)(=O)[O][Na])c7ccccc7c6OCCCS(=O)(=O)[O][Na])CN6C(=O)N(CN(C3=O)[C@]12C)[C@]4(C)[C@@]56C,D18B807A904C56B05E199911FB10FFB774349CC49BBD32D2EFAFF4C892BA649F,HOST_CAN_0090,PASS,[NH3+]CCCCCCCC[NH3+],47F0379CA687D2E849E75B4E9DC41C5408141DA921297D905A353F3CC6B7CC64,GUEST_CAN_1084,PASS,AttentiveFP,3,guest_cold,4,2.675628185272217
1316,70,792,COc1ccc2-c3ccc(c(c3)C#Cc3cc(OC)ccc3-c3ccc(c(c3)C#Cc3cc(OC)ccc3-c3cc(C#Cc4c(-c5c(C#Cc6c(-c7c(C#Cc2c1)cc(OC)cc7)ccc(c6)OC)cc(OC)cc5)ccc(c4)OC)c(OC)cc3)OC)OC,C(CC[N+]1=CC=C(C=C1)C(C)(C)C)[N+]1=CC=C(C=C1)C(C)(C)C,other,3.9289000034332275,COc1ccc2c(c1)C#Cc1cc(ccc1OC)-c1ccc(OC)cc1C#Cc1cc(OC)ccc1-c1ccc(OC)cc1C#Cc1cc(OC)ccc1-c1ccc(OC)cc1C#Cc1cc(ccc1OC)-c1ccc(OC)cc1C#Cc1cc-2ccc1OC,B364BE40B8DDA45F28F670D2A9202F02E384B90196F7CF9F650990A32B5B26FC,HOST_CAN_0080,PASS,CC(C)(C)c1cc[n+](CCC[n+]2ccc(C(C)(C)C)cc2)cc1,BA0A7ABD54B9EB6DEB7A44D3D424433B186E7049C291E85766637E29623C5108,GUEST_CAN_0115,PASS,AttentiveFP,3,guest_cold,4,4.575721740722656
1319,34,337,OC1=C(CC2=CC(S(=O)([O-])=O)=CC(CC(C=C3S(=O)([O-])=O)=C4OCC(O)=O)=C2O)C=C(S(=O)([O-])=O)C=C1CC5=CC(S(=O)([O-])=O)=CC(CC4=C3)=C5O,OCC(C(=O)O)N,calixarene,3.550800085067749,O=C(O)COc1c2cc(S(=O)(=O)[O-])cc1Cc1cc(S(=O)(=O)[O-])cc(c1O)Cc1cc(S(=O)(=O)[O-])cc(c1O)Cc1cc(S(=O)(=O)[O-])cc(c1O)C2,EBB61F0F13AD36B6AF388F0A3BF11BFB93DBCC3093F712DCC0802C51D18DC147,HOST_CAN_0129,PASS,NC(CO)C(=O)O,2EBE58D687C0AA53F22B8D1549C80A85A6D27FB38ECC46BD2A35B25250CAEFA2,GUEST_CAN_0734,PASS,AttentiveFP,3,guest_cold,4,1.8501791954040527
1327,34,108,OC1=C(CC2=CC(S(=O)([O-])=O)=CC(CC(C=C3S(=O)([O-])=O)=C4OCC(O)=O)=C2O)C=C(S(=O)([O-])=O)C=C1CC5=CC(S(=O)([O-])=O)=CC(CC4=C3)=C5O,OC(=O)C(CCCNC(=[NH2+])N)N,calixarene,2.90310001373291,O=C(O)COc1c2cc(S(=O)(=O)[O-])cc1Cc1cc(S(=O)(=O)[O-])cc(c1O)Cc1cc(S(=O)(=O)[O-])cc(c1O)Cc1cc(S(=O)(=O)[O-])cc(c1O)C2,EBB61F0F13AD36B6AF388F0A3BF11BFB93DBCC3093F712DCC0802C51D18DC147,HOST_CAN_0129,PASS,NC(=[NH2+])NCCCC(N)C(=O)O,3A95B838A3F3E4B9211C1F9CE461FB93EA851D8F0AA68498288217A21AD77FAC,GUEST_CAN_0726,PASS,AttentiveFP,3,guest_cold,4,2.7596192359924316
1328,82,72,OC1=C2C=C(S(=O)([O-])=O)C=C1CC3=C(O)C(CC4=CC(S(=O)([O-])=O)=CC(CC5=CC(S(=O)([O-])=O)=CC(CC6=CC(S(=O)([O-])=O)=CC(CC(C=C(S(=O)([O-])=O)C=C7C2)=C7O)=C6O)=C5OCCN)=C4O)=CC(S(=O)([O-])=O)=C3,NC(C(=O)O)Cc1c[nH]cn1,calixarene,2.789599895477295,NCCOc1c2cc(S(=O)(=O)[O-])cc1Cc1cc(S(=O)(=O)[O-])cc(c1O)Cc1cc(S(=O)(=O)[O-])cc(c1O)Cc1cc(S(=O)(=O)[O-])cc(c1O)Cc1cc(S(=O)(=O)[O-])cc(c1O)Cc1cc(S(=O)(=O)[O-])cc(c1O)C2,943BCEA8586BE526CE8501B61202A05D77257BC2BB9DA3A3C52BD077795B3D50,HOST_CAN_0111,PASS,NC(Cc1c[nH]cn1)C(=O)O,FB673C9EDBC2F6C509C14A12DA10308CC8AD4E94C32BC5F3BAD448FBAA74F381,GUEST_CAN_0741,PASS,AttentiveFP,3,guest_cold,4,2.532682418823242
1331,110,26,O=S(OC1=C(CC2=C(OS(=O)([O-])=O)C=C(CC3=C(OS(=O)([O-])=O)C=C(CC4=C(OS(=O)([O-])=O)C=C(CC5=CC(OS(=O)([O-])=O)=C(CC6=C(OS(=O)([O-])=O)C=C(C7)C(OS(=O)([O-])=O)=C6)C=C5OS(=O)([O-])=O)C(OS(=O)([O-])=O)=C4)C(OS(=O)([O-])=O)=C3)C(OS(=O)([O-])=O)=C2)C=C(OS(=O)([O-])=O)C(CC8=CC(OS(=O)([O-])=O)=C7C=C8OS(=O)([O-])=O)=C1)([O-])=O.[Na+].[Na+].[Na+].[Na+].[Na+].[Na+].[Na+].[Na+].[Na+].[Na+].[Na+].[Na+].[Na+].[Na+],C[N+](C)(C)C.[Br-],pillararene,4.966599941253662,O=S(=O)([O-])Oc1cc2c(OS(=O)(=O)[O-])cc1Cc1cc(OS(=O)(=O)[O-])c(cc1OS(=O)(=O)[O-])Cc1cc(OS(=O)(=O)[O-])c(cc1OS(=O)(=O)[O-])Cc1cc(OS(=O)(=O)[O-])c(cc1OS(=O)(=O)[O-])Cc1cc(OS(=O)(=O)[O-])c(cc1OS(=O)(=O)[O-])Cc1cc(OS(=O)(=O)[O-])c(cc1OS(=O)(=O)[O-])Cc1cc(OS(=O)(=O)[O-])c(cc1OS(=O)(=O)[O-])C2.[Na+].[Na+].[Na+].[Na+].[Na+].[Na+].[Na+].[Na+].[Na+].[Na+].[Na+].[Na+].[Na+].[Na+],363823965269421105355BE85F9BFA79372256835F74963F23DB34F5AAE9E20B,HOST_CAN_0162,PASS,C[N+](C)(C)C.[Br-],106908581BCF2696B3EEAD8D13589E489EE5CE3B80E72B912566C7953850AB09,GUEST_CAN_0554,PASS,AttentiveFP,3,guest_cold,4,4.8604536056518555
1333,64,671,CCCCOc1cc2COCc3cc(OCCCC)cc4c3cc(OCCCC)cc4COCc3c(OCCCC)ccc4c3ccc(c4COCc3c4c(c(COCc5c(c1)c2cc(c5)OCCCC)c(OCCCC)cc4)ccc3OCCCC)OCCCC,C(C)(C)(C)C1=CC=C(C[N+](CC2=CC=C(C=C2)C(C)(C)C)(C)C)C=C1,other,5.082799911499023,CCCCOc1cc2c3cc(OCCCC)cc(c3c1)COCc1cc(OCCCC)cc3c(cc(OCCCC)cc13)COCc1c(OCCCC)ccc3c(c(OCCCC)ccc13)COCc1c(OCCCC)ccc3c(c(OCCCC)ccc13)COC2,05C5083FBF551B3C1AE048E85E6B7F5EB796F7835740F408D7B4DF1173E7C142,HOST_CAN_0032,PASS,CC(C)(C)c1ccc(C[N+](C)(C)Cc2ccc(C(C)(C)C)cc2)cc1,A56AC3EDBC47667288FA5FCD405BCD965262FED2BB249A589B34327F55909478,GUEST_CAN_0118,PASS,AttentiveFP,3,guest_cold,4,4.41297721862793
1335,1,799,C1C2=CC(=CC(=C2O)CC3=CC(=CC(=C3O)CC4=C(C(=CC(=C4)S(=O)(=O)O)CC5=C(C1=CC(=C5)S(=O)(=O)O)O)O)S(=O)(=O)O)S(=O)(=O)O,C[NH+]=C(N)N,calixarene,3.0399999618530273,O=S(=O)(O)c1cc2c(O)c(c1)Cc1cc(S(=O)(=O)O)cc(c1O)Cc1cc(S(=O)(=O)O)cc(c1O)Cc1cc(S(=O)(=O)O)cc(c1O)C2,C1130CCDC8DA0C6458EF6C2E07E7F3330D8F8B055CBE4DEAADB70DC00C8CDFC1,HOST_CAN_0154,PASS,C[NH+]=C(N)N,CE24F9CEC157E4B9C8B63D561872F2D1A9B0820890617E4A1917784C75EBC190,GUEST_CAN_0609,PASS,AttentiveFP,3,guest_cold,4,3.2773289680480957
1336,9,468,[O-]C(=O)COc1ccc2c3c1CNC(=O)c1c(OCC(=O)[O-])ccc4c1ccc1c4C4CC(O1)Oc1c4c4ccc(c(C(=O)NCc5c6c(c7C8c2c(cc3)OC(C8)Oc7cc6)ccc5OCC(=O)[O-])c4cc1)OCC(=O)[O-].[NH4+].[NH4+].[NH4+].[NH4+],CCOC(=O)C,other,3.529400110244751,O=C([O-])COc1ccc2c3c4ccc2c1CNC(=O)c1c(OCC(=O)[O-])ccc2c5c(ccc12)OC1CC5c2c(ccc5c(c(OCC(=O)[O-])ccc25)C(=O)NCc2c(OCC(=O)[O-])ccc5c6c(ccc25)OC(CC36)O4)O1.[NH4+].[NH4+].[NH4+].[NH4+],7D3830C6A6E10F82EEBCC3ED68B861BB21ED63B1DDB277580F3032527E5A1183,HOST_CAN_0139,PASS,CCOC(C)=O,AA776D017A7413EAA98D958836BF2321D599C41772392950B900F195A10B0042,GUEST_CAN_0364,PASS,AttentiveFP,3,guest_cold,4,2.1514782905578613
1340,8,503,C1N2C3C4N(C2=O)CN5C6C7N(C5=O)CN8C9C2N(C8=O)CN5C8C%10N(C5=O)CN5C%11C%12N(C5=O)CN5C%13C(N1C5=O)N1CN3C(=O)N4CN6C(=O)N7CN9C(=O)N2CN8C(=O)N%10CN%11C(=O)N%12CN%13C1=O,Cl[Cu]Cl,cucurbituril,2.880000114440918,O=C1N2CN3C(=O)N4CN5C(=O)N6CN7C(=O)N8CN9C(=O)N%10CN%11C(=O)N%12CN1C1C2N2CN%13C(=O)N(CN%14C(=O)N(CN%15C(=O)N(CN%16C(=O)N(CN%17C(=O)N(CN1C2=O)C%12C%11%17)C%10C9%16)C8C7%15)C6C5%14)C4C3%13,2526C525F966BEE6CB589BBB60C9F4124C02584847747BDAFF4E92B4462536E8,HOST_CAN_0149,PASS,[Cl][Cu][Cl],B6FEE526F8BD85529A9B50FCC3E83B95BF1E23A7154A31438738FA32E0619093,GUEST_CAN_1044,PASS,AttentiveFP,3,guest_cold,4,3.18143892288208
1347,161,803,O[C@H]1[C@H](O[C@@H]2[C@H](OC)[C@@H](O)[C@H](O3)[C@@H](COC)O2)[C@@H](COC)O[C@H](O[C@H]4[C@H](O)[C@@H](OC)[C@@H](O[C@@H]5[C@@H](O)[C@H](OC)[C@H](O[C@@H]6[C@@H](O)[C@H](OC)[C@H](O[C@@H]7[C@@H](O)[C@H](OC)[C@H](O[C@@H]8[C@@H](O)[C@H](OC)[C@H]3O[C@H]8COC)O[C@H]7COC)O[C@H]6COC)O[C@H]5COC)O[C@@H]4COC)[C@@H]1OC,CC[N+](=C1C=CC2=NC3C(C(=C(C=C3N)N)C)OC2=C1)CC.[Cl-],cyclodextrin,2.799299955368042,COC[C@@H]1O[C@H]2O[C@@H]3[C@@H](O)[C@H](OC)[C@H](O[C@H]4[C@H](O)[C@@H](OC)[C@@H](O[C@H]5[C@H](O)[C@@H](OC)[C@@H](O[C@H]6[C@H](O)[C@@H](OC)[C@@H](O[C@@H]7[C@@H](O)[C@H](OC)[C@H](O[C@@H]8[C@@H](O)[C@H](OC)[C@H](O[C@@H]1[C@@H](O)[C@@H]2OC)O[C@H]8COC)O[C@H]7COC)O[C@@H]6COC)O[C@@H]5COC)O[C@@H]4COC)O[C@H]3COC,6B71ABEC8E0141AB9038525DDD8F131A430CA51E02B777F4A3A571D47F79E19A,HOST_CAN_0058,PASS,CC[N+](CC)=C1C=CC2=NC3C(N)=CC(N)=C(C)C3OC2=C1.[Cl-],6830F35228C0ECB38BAEE550D3E613DC9CA93C110591DF19261CA9174EF7F0A2,GUEST_CAN_0378,PASS,AttentiveFP,3,guest_cold,4,2.664590835571289
1349,11,714,C1N2C3C4N(C2=O)CN5C6C7N(C5=O)CN8C9C2N(C8=O)CN5C8C%10N(C5=O)CN5C%11C%12N(C5=O)CN5C%13C%14N(C5=O)CN5C%15C%16N(C5=O)CN5C%17C(N1C5=O)N1CN3C(=O)N4CN6C(=O)N7CN9C(=O)N2CN8C(=O)N%10CN%11C(=O)N%12CN%13C(=O)N%14CN%15C(=O)N%16CN%17C1=O,CC1=CC=C(C=C1)S(=O)(=O)[O-].CN1C2=CC=CC=C2SC1=CC3=CC=[N+](C4=CC=CC=C34)C,cucurbituril,11.778200149536133,O=C1N2CN3C(=O)N4CN5C(=O)N6CN7C(=O)N8CN9C(=O)N%10CN%11C(=O)N%12CN%13C(=O)N%14CN%15C(=O)N%16CN1C1C2N2CN%17C(=O)N(CN%18C(=O)N(CN%19C(=O)N(CN%20C(=O)N(CN%21C(=O)N(CN%22C(=O)N(CN%23C(=O)N(CN1C2=O)C%16C%15%23)C%14C%13%22)C%12C%11%21)C%10C9%20)C8C7%19)C6C5%18)C4C3%17,E82CB7F52437B0147F435E3074F006752062FF8924E87C1DAF3210D182FF633B,HOST_CAN_0143,PASS,CN1C(=Cc2cc[n+](C)c3ccccc23)Sc2ccccc21.Cc1ccc(S(=O)(=O)[O-])cc1,37AFE90B2A9CFC9A7716FFC5BF6C8F5DC7CB0DAD8979653122109A0BD39F8D13,GUEST_CAN_0415,PASS,AttentiveFP,3,guest_cold,4,5.241090774536133
1352,129,804,COc1ccc2c(c1OCCOCCOCCOCCn1nnc(c1)COC13N4CN5[C@@H]6N7CN1C(=O)N1C3N(C4=O)CN3C4N(C1)C(=O)N1C4N(C3=O)CN3C4N(C1)C(=O)N1C4N(C3=O)CN3C(=O)N4CN8C(=O)N9CN(C5=O)[C@H]6N(C7=O)CN5[C@@H]9C8N(C5=O)CN5C4C3N(C1)C5=O)c[n+]1c(-c3cc4OCOc4cc3CC1)c2.[Br-],C(CC[NH2+]CCC[NH3+])C[NH2+]CCC[NH3+],cucurbituril,3.731300115585327,COc1ccc2cc3[n+](cc2c1OCCOCCOCCOCCn1cc(COC24C5N6CN7C(=O)N8CN9C(=O)N%10CN%11C(=O)N%12CN%13C(=O)N%14CN%15C(=O)N(CN2C6=O)[C@H]2[C@@H]%15N6CN%15C(=O)N(CN%16C(=O)N(CN%17C(=O)N(CN%18C(=O)N(CN5C(=O)N4CN2C6=O)C7C8%18)C9C%17%10)C%11C%16%12)C%13[C@@H]%15%14)nn1)CCc1cc2c(cc1-3)OCO2.[Br-],C6028DF2BF6BC14E931358CC886F67DB5852B3C2DAB9FCC4554578A323F6EEF9,HOST_CAN_0081,PASS,[NH3+]CCC[NH2+]CCCC[NH2+]CCC[NH3+],F142ABDE94046BD889A6018A8CC9A1CABFE1438B6BBCA9BCE41E1C9A457C9632,GUEST_CAN_1089,PASS,AttentiveFP,3,guest_cold,4,6.4257917404174805
1357,85,187,OC[C@H]1O[C@@H]2O[C@@H]3[C@@H](CO)O[C@H](O[C@@H]4[C@@H](CO)O[C@H](O[C@@H]5[C@@H](CO)O[C@H](O[C@@H]6[C@@H](CO)O[C@H](O[C@@H]7[C@@H](CO)O[C@H](O[C@@H]8[C@@H](CO)O[C@H](O[C@@H]9[C@@H](CO)O[C@H](O[C@H]1[C@H](O)[C@H]2O)[C@H](O)[C@H]9O)[C@H](O)[C@H]8O)[C@H](O)[C@H]7O)[C@H](O)[C@H]6O)[C@H](O)[C@H]5O)[C@H](O)[C@H]4O)[C@H](O)[C@H]3O,CCC(C)C(C1=CC=CC=C1)C(=O)OCC[N+](C)(CC)CC.[Br-],cyclodextrin,2.401400089263916,OC[C@H]1O[C@@H]2O[C@H]3[C@H](O)[C@@H](O)[C@@H](O[C@H]4[C@H](O)[C@@H](O)[C@@H](O[C@H]5[C@H](O)[C@@H](O)[C@@H](O[C@H]6[C@H](O)[C@@H](O)[C@@H](O[C@H]7[C@H](O)[C@@H](O)[C@@H](O[C@H]8[C@H](O)[C@@H](O)[C@@H](O[C@H]9[C@H](O)[C@@H](O)[C@@H](O[C@H]1[C@H](O)[C@H]2O)O[C@@H]9CO)O[C@@H]8CO)O[C@@H]7CO)O[C@@H]6CO)O[C@@H]5CO)O[C@@H]4CO)O[C@@H]3CO,4E4982FCAA8A96CE9D40EDC97C9574B542F86F2BEB463ECAA6DCE3670D2F9B83,HOST_CAN_0177,PASS,CCC(C)C(C(=O)OCC[N+](C)(CC)CC)c1ccccc1.[Br-],F14832804F3AFFF114BFCBD52BEFB4558702666E47D58676E968FE363E66A6E0,GUEST_CAN_0258,PASS,AttentiveFP,3,guest_cold,4,2.960089683532715
1363,87,808,CCCCOc1c(OCCCC)c2COCc3c(OCCCC)c(OCCCC)c(c4c3cccc4)COCc3c(c(c(COCc4c(c(c(COCc1c1c2cccc1)c1ccccc41)OCCCC)OCCCC)c1c3cccc1)OCCCC)OCCCC,C[N+](Cc1ccccc1)(Cc1ccccc1)C,other,4.732399940490723,CCCCOc1c(OCCCC)c2c3ccccc3c1COCc1c(OCCCC)c(OCCCC)c(c3ccccc13)COCc1c(OCCCC)c(OCCCC)c(c3ccccc13)COCc1c(OCCCC)c(OCCCC)c(c3ccccc13)COC2,A699E12937358A216FBA45A53678131D8F7DBBB042BA5E7F52621C78F0465945,HOST_CAN_0031,PASS,C[N+](C)(Cc1ccccc1)Cc1ccccc1,0B02CE89B1DB28D22345212D26E06F3F4037FC87280F51638F33F1C22928BCE8,GUEST_CAN_0599,PASS,AttentiveFP,3,guest_cold,4,3.496837615966797
1365,69,810,NCCN1C=C(N=N1)COC(C=C2)=C(CNCC3=C(OCC(N=N4)=CN4CCN)C=CC5=C3C=C6)C7=C2C8=C(C=C7)OC9CC8C%10=C(O9)C=CC%11=C%10C=CC(OCC(N=N%12)=CN%12CCN)=C%11CNCC%13=C(OCC(N=N%14)=CN%14CCN)C=CC%15=C%13C=CC(O%16)=C%15C%17C5=C6OC%16C%17,C1=CC=C(C=C1)C(C(=O)O)N,other,1.9911999702453613,NCCn1cc(COc2ccc3c4c5ccc3c2CNCc2c(OCc3cn(CCN)nn3)ccc3c6c(ccc23)OC2CC6c3c(ccc6c(c(OCc7cn(CCN)nn7)ccc36)CNCc3c(OCc6cn(CCN)nn6)ccc6c7c(ccc36)OC(CC47)O5)O2)nn1,E69AC36986BDADC1E5A61FE9021251B6D5437DB096F231021CE94D055FF4BCBF,HOST_CAN_0113,PASS,NC(C(=O)O)c1ccccc1,E1EE48BC2F1341B9FB8D634CA81F93D4C0432CFDD613C9AB5049A2DEEE2D8D8B,GUEST_CAN_0728,PASS,AttentiveFP,3,guest_cold,4,3.3019981384277344
1366,1,593,C1C2=CC(=CC(=C2O)CC3=CC(=CC(=C3O)CC4=C(C(=CC(=C4)S(=O)(=O)O)CC5=C(C1=CC(=C5)S(=O)(=O)O)O)O)S(=O)(=O)O)S(=O)(=O)O,C[N+](C)(C)CC1=CC=C([N+]([O-])=O)C=C1,calixarene,4.198699951171875,O=S(=O)(O)c1cc2c(O)c(c1)Cc1cc(S(=O)(=O)O)cc(c1O)Cc1cc(S(=O)(=O)O)cc(c1O)Cc1cc(S(=O)(=O)O)cc(c1O)C2,C1130CCDC8DA0C6458EF6C2E07E7F3330D8F8B055CBE4DEAADB70DC00C8CDFC1,HOST_CAN_0154,PASS,C[N+](C)(C)Cc1ccc([N+](=O)[O-])cc1,C81DFE1142CCEAC17EA508E9FB9CE73991FEBBC991F7E13643BFF32A03784961,GUEST_CAN_0576,PASS,AttentiveFP,3,guest_cold,4,4.274202346801758
1367,18,393,CC1=C2C3=CC4=C1OC5C6=CC7=CC(=C6)OC8=CC(=CC(=C8)C(=O)O)OC9=CC1=CC(=C9)C6OC8=C(C=C(C4CCC(=O)O)C(=C8C)O5)C(C4=C(O6)C(=C5C(=C4)C(C4=C6C(=C(C(=C4)C3CCC(=O)O)OC(O2)C2=CC(=CC(=C2)OC2=CC(=CC(=C2)C(=O)O)OC2=CC(=CC(=C2)C(O5)O6)OC2=CC(=CC(=C2)C(=O)O)O1)OC1=CC(=CC(=C1)C(=O)O)O7)C)CCC(=O)O)C)CCC(=O)O,CC(C(=O)O)(CC=C)C,cavitand,3.029400110244751,Cc1c2c3cc4c1OC1Oc5c(cc6c(c5C)OC5Oc7c(cc8c(c7C)OC7Oc9c(cc(c(c9C)OC(O2)c2cc9cc(c2)Oc2cc(cc(C(=O)O)c2)Oc2cc(cc7c2)Oc2cc(cc(C(=O)O)c2)Oc2cc(cc5c2)Oc2cc(cc(C(=O)O)c2)Oc2cc(cc1c2)Oc1cc(cc(C(=O)O)c1)O9)C3CCC(=O)O)C8CCC(=O)O)C6CCC(=O)O)C4CCC(=O)O,326FFD4B5C5565D32207155C0B129AE16AFCA7B3342F0DAD815C24AB8DFA8483,HOST_CAN_0099,PASS,C=CCC(C)(C)C(=O)O,7A277F8950B7F161775E624E31A7234B87C9D24EC354999D20B7511D018BA08A,GUEST_CAN_0044,PASS,AttentiveFP,3,guest_cold,4,3.1258983612060547
1370,34,126,OC1=C(CC2=CC(S(=O)([O-])=O)=CC(CC(C=C3S(=O)([O-])=O)=C4OCC(O)=O)=C2O)C=C(S(=O)([O-])=O)C=C1CC5=CC(S(=O)([O-])=O)=CC(CC4=C3)=C5O,NC(C(=O)O)Cc1ccccc1,calixarene,2.5933001041412354,O=C(O)COc1c2cc(S(=O)(=O)[O-])cc1Cc1cc(S(=O)(=O)[O-])cc(c1O)Cc1cc(S(=O)(=O)[O-])cc(c1O)Cc1cc(S(=O)(=O)[O-])cc(c1O)C2,EBB61F0F13AD36B6AF388F0A3BF11BFB93DBCC3093F712DCC0802C51D18DC147,HOST_CAN_0129,PASS,NC(Cc1ccccc1)C(=O)O,4B6B1236F1C31D28D9F95F736FF46B2960AFF4F6FCE3D9E76CF43DE2ADDE8B08,GUEST_CAN_0746,PASS,AttentiveFP,3,guest_cold,4,2.2758431434631348
1371,151,201,C(C(=O)O)N(CC(=O)O)C1C(=O)NC(=O)NC1=O,[Li+],other,5.609600067138672,O=C(O)CN(CC(=O)O)C1C(=O)NC(=O)NC1=O,A79CF0157A796F0CD50BB6A621709E83B2F5701A5982B3FC05B4D244283FD579,HOST_CAN_0122,PASS,[Li+],A7557B375892DC7E581DDC6CA9773574F95B6514113F07A19BDE6059504332FE,GUEST_CAN_1071,PASS,AttentiveFP,3,guest_cold,4,0.8594634532928467
1379,22,282,Oc1c2Sc3cc(cc(c3O)Sc3cc(cc(Sc4c(c(Sc1cc(c2)S(=O)(=O)O)cc(c4)S(=O)(=O)O)O)c3O)S(=O)(=O)O)S(=O)(=O)O,C[N+](Cc1ccccc1)(C)C.[Cl-],calixarene,3.2699999809265137,O=S(=O)(O)c1cc2c(O)c(c1)Sc1cc(S(=O)(=O)O)cc(c1O)Sc1cc(S(=O)(=O)O)cc(c1O)Sc1cc(S(=O)(=O)O)cc(c1O)S2,5FE888C1FB51BDA35D21231A31EDB8203ACD56DD9744D0C6B83351EC668D4256,HOST_CAN_0156,PASS,C[N+](C)(C)Cc1ccccc1.[Cl-],E2B72B1017236ED2C69E32C9B5E76732BCFAE5D22D33A5C5E5E41D1D3289A9C6,GUEST_CAN_0579,PASS,AttentiveFP,3,guest_cold,4,2.9328041076660156
1381,163,815,COCCOCCOCCOc1c2Cc3cc(NC(=N)[NH3+])cc(c3OCCOCCOCCOC)Cc3cc(cc(Cc4c(c(Cc1cc(c2)NC(=N)[NH3+])cc(NC(=N)[NH3+])c4)OCCOCCOCCOC)c3OCCOCCOCCOC)NC(=N)[NH3+],OC(=O)c1ccccc1c1c2cc(Br)c(c(c2oc2-c1cc(Br)c(=O)c2Br)Br)O,calixarene,5.37470006942749,COCCOCCOCCOc1c2cc(NC(=N)[NH3+])cc1Cc1cc(NC(=N)[NH3+])cc(c1OCCOCCOCCOC)Cc1cc(NC(=N)[NH3+])cc(c1OCCOCCOCCOC)Cc1cc(NC(=N)[NH3+])cc(c1OCCOCCOCCOC)C2,0BC50085F2037F5A28CDC92EE65A196554515366C6B8ABC6F8A10FFC3545D040,HOST_CAN_0057,PASS,O=C(O)c1ccccc1-c1c2cc(Br)c(=O)c(Br)c-2oc2c(Br)c(O)c(Br)cc12,ADBBA96650A1347B1A355A2F258A1E765973749007B6A61E21966B0A645B0771,GUEST_CAN_0891,PASS,AttentiveFP,3,guest_cold,4,4.881477355957031
1383,63,605,Oc1c2Cc3cc(cc(c3O)Cc3cc(cc(c3O)Cc3cc(cc(c3O)Cc3cc(cc(Cc4c(c(Cc5c(c(Cc6c(c(Cc1cc(c2)S(=O)(=O)[O-])cc(c6)S(=O)(=O)[O-])O)cc(c5)S(=O)(=O)[O-])O)cc(c4)S(=O)(=O)[O-])O)c3O)S(=O)(=O)[O-])S(=O)(=O)[O-])S(=O)(=O)[O-])S(=O)(=O)[O-],CC1(C)C(/C=C/C2=C([O-])C=CC([N+]([O-])=O)=C2)=[N+](CCO)C3=CC=CC=C31,calixarene,3.5051000118255615,O=S(=O)([O-])c1cc2c(O)c(c1)Cc1cc(S(=O)(=O)[O-])cc(c1O)Cc1cc(S(=O)(=O)[O-])cc(c1O)Cc1cc(S(=O)(=O)[O-])cc(c1O)Cc1cc(S(=O)(=O)[O-])cc(c1O)Cc1cc(S(=O)(=O)[O-])cc(c1O)Cc1cc(S(=O)(=O)[O-])cc(c1O)Cc1cc(S(=O)(=O)[O-])cc(c1O)C2,3C24C9B25872FE0768A640DF44D242D9AEC5F3FA9C167A457997BAE8D628FFF1,HOST_CAN_0166,PASS,CC1(C)C(/C=C/c2cc([N+](=O)[O-])ccc2[O-])=[N+](CCO)c2ccccc21,144A51A235A50D485F4E5A7B22995D3A39E2CF9EC0F9970C460E9E7F213BAD85,GUEST_CAN_0202,PASS,AttentiveFP,3,guest_cold,4,5.078986167907715
1393,63,821,Oc1c2Cc3cc(cc(c3O)Cc3cc(cc(c3O)Cc3cc(cc(c3O)Cc3cc(cc(Cc4c(c(Cc5c(c(Cc6c(c(Cc1cc(c2)S(=O)(=O)[O-])cc(c6)S(=O)(=O)[O-])O)cc(c5)S(=O)(=O)[O-])O)cc(c4)S(=O)(=O)[O-])O)c3O)S(=O)(=O)[O-])S(=O)(=O)[O-])S(=O)(=O)[O-])S(=O)(=O)[O-],S(=O)(=O)(C1=CC=CC=2C(N(C)C)=CC=CC12)OCC[N+](C)(C)C,calixarene,5.518499851226807,O=S(=O)([O-])c1cc2c(O)c(c1)Cc1cc(S(=O)(=O)[O-])cc(c1O)Cc1cc(S(=O)(=O)[O-])cc(c1O)Cc1cc(S(=O)(=O)[O-])cc(c1O)Cc1cc(S(=O)(=O)[O-])cc(c1O)Cc1cc(S(=O)(=O)[O-])cc(c1O)Cc1cc(S(=O)(=O)[O-])cc(c1O)Cc1cc(S(=O)(=O)[O-])cc(c1O)C2,3C24C9B25872FE0768A640DF44D242D9AEC5F3FA9C167A457997BAE8D628FFF1,HOST_CAN_0166,PASS,CN(C)c1cccc2c(S(=O)(=O)OCC[N+](C)(C)C)cccc12,8C5C0142EB1257A4E848706D7FF23B96310B55FD4A42A53F6608A5AED23A7D4E,GUEST_CAN_0413,PASS,AttentiveFP,3,guest_cold,4,4.853092670440674
1400,4,652,[Na]OS(=O)(=O)CCCCOC=1C=C(C=CC1)[C@@H]1N=C(OC1)CC1=C(C(=C(C(=C1C)CC=1OC[C@@H](N1)C1=CC(=CC=C1)OCCCCS(=O)(=O)O[Na])C)CC=1OC[C@@H](N1)C1=CC(=CC=C1)OCCCCS(=O)(=O)O[Na])C,Cl.COC(C(N)CC1=CC=C(C=C1)O)=O,other,1.8128999471664429,Cc1c(CC2=N[C@@H](c3cccc(OCCCCS(=O)(=O)[O][Na])c3)CO2)c(C)c(CC2=N[C@@H](c3cccc(OCCCCS(=O)(=O)[O][Na])c3)CO2)c(C)c1CC1=N[C@@H](c2cccc(OCCCCS(=O)(=O)[O][Na])c2)CO1,9E3429786C624B72E8FD089068975D2A1C33E04632FEA26EF01294722587A124,HOST_CAN_0098,PASS,COC(=O)C(N)Cc1ccc(O)cc1.Cl,EEFCE178F706B4BC72EA91A0EC8B91A444D69422C16131691CE36F31C88A27CC,GUEST_CAN_0441,PASS,AttentiveFP,3,guest_cold,4,2.0738306045532227
1403,11,827,C1N2C3C4N(C2=O)CN5C6C7N(C5=O)CN8C9C2N(C8=O)CN5C8C%10N(C5=O)CN5C%11C%12N(C5=O)CN5C%13C%14N(C5=O)CN5C%15C%16N(C5=O)CN5C%17C(N1C5=O)N1CN3C(=O)N4CN6C(=O)N7CN9C(=O)N2CN8C(=O)N%10CN%11C(=O)N%12CN%13C(=O)N%14CN%15C(=O)N%16CN%17C1=O,CSCC[C@@H](C(=O)N[C@H](C(=O)NCC(=O)NCC(=O)N[C@H](C(=O)O)Cc1ccc(cc1)O)CCCNC(=N)N)N,cucurbituril,5.677599906921387,O=C1N2CN3C(=O)N4CN5C(=O)N6CN7C(=O)N8CN9C(=O)N%10CN%11C(=O)N%12CN%13C(=O)N%14CN%15C(=O)N%16CN1C1C2N2CN%17C(=O)N(CN%18C(=O)N(CN%19C(=O)N(CN%20C(=O)N(CN%21C(=O)N(CN%22C(=O)N(CN%23C(=O)N(CN1C2=O)C%16C%15%23)C%14C%13%22)C%12C%11%21)C%10C9%20)C8C7%19)C6C5%18)C4C3%17,E82CB7F52437B0147F435E3074F006752062FF8924E87C1DAF3210D182FF633B,HOST_CAN_0143,PASS,CSCC[C@H](N)C(=O)N[C@@H](CCCNC(=N)N)C(=O)NCC(=O)NCC(=O)N[C@@H](Cc1ccc(O)cc1)C(=O)O,6B99E24A8B66E19088B6129CAD3AFDBBF801EB9D6CD99C7AE2D2B5F303CFC42C,GUEST_CAN_0525,PASS,AttentiveFP,3,guest_cold,4,5.743462562561035
1406,36,201,C1CCC2C(C1)OCCOCCOC3CCCCC3OCCOCCO2,[Li+],crown_ether,0.5999000072479248,C1CCC2OCCOCCOC3CCCCC3OCCOCCOC2C1,6324056DD7B8D486CDD96CAFC63AEDD5DD6528EA1F170F5E566BD0A62E2BF929,HOST_CAN_0001,PASS,[Li+],A7557B375892DC7E581DDC6CA9773574F95B6514113F07A19BDE6059504332FE,GUEST_CAN_1071,PASS,AttentiveFP,3,guest_cold,4,1.275198221206665
1411,11,106,C1N2C3C4N(C2=O)CN5C6C7N(C5=O)CN8C9C2N(C8=O)CN5C8C%10N(C5=O)CN5C%11C%12N(C5=O)CN5C%13C%14N(C5=O)CN5C%15C%16N(C5=O)CN5C%17C(N1C5=O)N1CN3C(=O)N4CN6C(=O)N7CN9C(=O)N2CN8C(=O)N%10CN%11C(=O)N%12CN%13C(=O)N%14CN%15C(=O)N%16CN%17C1=O,CC1(C2CCC1(C(=O)C2)C)C,cucurbituril,7.484300136566162,O=C1N2CN3C(=O)N4CN5C(=O)N6CN7C(=O)N8CN9C(=O)N%10CN%11C(=O)N%12CN%13C(=O)N%14CN%15C(=O)N%16CN1C1C2N2CN%17C(=O)N(CN%18C(=O)N(CN%19C(=O)N(CN%20C(=O)N(CN%21C(=O)N(CN%22C(=O)N(CN%23C(=O)N(CN1C2=O)C%16C%15%23)C%14C%13%22)C%12C%11%21)C%10C9%20)C8C7%19)C6C5%18)C4C3%17,E82CB7F52437B0147F435E3074F006752062FF8924E87C1DAF3210D182FF633B,HOST_CAN_0143,PASS,CC12CCC(CC1=O)C2(C)C,E24F935BD21DA0C5862F5F2938AB9A4C9205A66880F3E5382749307F674BBBCE,GUEST_CAN_0230,PASS,AttentiveFP,3,guest_cold,4,7.743136405944824
1418,3,835,OC[C@H]1O[C@@H]2O[C@@H]3[C@@H](CO)O[C@H](O[C@@H]4[C@@H](CO)O[C@H](O[C@@H]5[C@@H](CO)O[C@H](O[C@@H]6[C@@H](CO)O[C@H](O[C@@H]7[C@@H](CO)O[C@H](O[C@@H]8[C@@H](CO)O[C@H](O[C@H]1[C@H](O)[C@H]2O)[C@H](O)[C@H]8O)[C@H](O)[C@H]7O)[C@H](O)[C@H]6O)[C@H](O)[C@H]5O)[C@H](O)[C@H]4O)[C@H](O)[C@H]3O,OC1=CC(OC2=CC(=CC=C12)OC)=O,cyclodextrin,1.9084999561309814,OC[C@H]1O[C@@H]2O[C@H]3[C@H](O)[C@@H](O)[C@@H](O[C@H]4[C@H](O)[C@@H](O)[C@@H](O[C@H]5[C@H](O)[C@@H](O)[C@@H](O[C@H]6[C@H](O)[C@@H](O)[C@@H](O[C@H]7[C@H](O)[C@@H](O)[C@@H](O[C@H]8[C@H](O)[C@@H](O)[C@@H](O[C@H]1[C@H](O)[C@H]2O)O[C@@H]8CO)O[C@@H]7CO)O[C@@H]6CO)O[C@@H]5CO)O[C@@H]4CO)O[C@@H]3CO,22584443D9512992310760C9871E3E6BDB3EDC92006F3EF1EC94F44373907EB1,HOST_CAN_0176,PASS,COc1ccc2c(O)cc(=O)oc2c1,BDA9B25EC59469580246CD74B087CA523D1B8DB0CC89C2E5E545A4957CADE801,GUEST_CAN_0493,PASS,AttentiveFP,3,guest_cold,4,3.0118460655212402
1425,22,271,Oc1c2Sc3cc(cc(c3O)Sc3cc(cc(Sc4c(c(Sc1cc(c2)S(=O)(=O)O)cc(c4)S(=O)(=O)O)O)c3O)S(=O)(=O)O)S(=O)(=O)O,C1=CC=NC(=C1)N,calixarene,2.7184998989105225,O=S(=O)(O)c1cc2c(O)c(c1)Sc1cc(S(=O)(=O)O)cc(c1O)Sc1cc(S(=O)(=O)O)cc(c1O)Sc1cc(S(=O)(=O)O)cc(c1O)S2,5FE888C1FB51BDA35D21231A31EDB8203ACD56DD9744D0C6B83351EC668D4256,HOST_CAN_0156,PASS,Nc1ccccn1,37A89CEE84BAFA4BA4E4333AD3051B9409462C09645E500B0AEB6FECD2D14118,GUEST_CAN_0839,PASS,AttentiveFP,3,guest_cold,4,1.8971405029296875
1429,13,839,O=C1N2CN3C(=O)N4C5C3N3CN6C2C2N1CN1C(=O)N7[C@H]8[C@@H]1N(CN2C6=O)C(=O)N8CN1C2(N(C7)C(=O)N6[C@@H]2N(C1=O)CN1[C@H]2N(C6)C(=O)N6[C@H]2N(C1=O)CN1C(=O)N2CN7C8C(N(C4)C(=O)N8CN4C2C1N(C4=O)C6)N(CN5C3=O)C7=O)O,C1=CC(=CC=C1N)N.Cl.Cl,cucurbituril,6.146100044250488,O=C1N2CN3C(=O)N4CN5C(=O)N6CN7C(=O)N8CN9C(=O)N%10CN%11C(=O)N%12CN%13C(=O)N%14CN1C1C2N2CN%15C(=O)N(CN%16C(=O)N(CN%17C(=O)N(CN%18C(=O)N(CN%19C(=O)N(CN%20C(=O)N(CN1C2=O)C%14C%13%20)[C@H]%12[C@@H]%19%11)C%10(O)[C@@H]%189)[C@@H]8[C@@H]7%17)C6C5%16)C4C3%15,834B504E9B204C59F3298F5D5A67B7E1A7ED973D91F3A1C9659C2402EB422334,HOST_CAN_0147,PASS,Cl.Cl.Nc1ccc(N)cc1,AD943B229D7DABCFD4EADC88AF3D0F1D3CE8D4E71C7A66D1921AEE1B9B6344B2,GUEST_CAN_0680,PASS,AttentiveFP,3,guest_cold,4,4.804793357849121
1433,36,842,C1CCC2C(C1)OCCOCCOC3CCCCC3OCCOCCO2,[Pb+2],crown_ether,4.899799823760986,C1CCC2OCCOCCOC3CCCCC3OCCOCCOC2C1,6324056DD7B8D486CDD96CAFC63AEDD5DD6528EA1F170F5E566BD0A62E2BF929,HOST_CAN_0001,PASS,[Pb+2],A8E61765CCB16C0DF61E3FA6705171596628B9855EA18AD3B2B3834135EC54B6,GUEST_CAN_1108,PASS,AttentiveFP,3,guest_cold,4,2.6223247051239014
1437,67,26,COCCOCCOCCN1C2C(N(C1=O)CCOCCOCCOC)N1C(=O)N2CN2C(=O)N(C3C2N(CCOCCOCCOC)C(=O)N3CCOCCOCCOC)CN2C(=O)N(C3C2N(CCOCCOCCOC)C(=O)N3CCOCCOCCOC)CN2C(=O)N(CN3C(=O)N(CN4C(=O)N(C1)C1C4N(C(=O)N1CCOCCOCCOC)CCOCCOCCOC)C1C3N(C(=O)N1CCOCCOCCOC)CCOCCOCCOC)C1C2N(CCOCCOCCOC)C(=O)N1CCOCCOCCOC,C[N+](C)(C)C.[Br-],other,5.113900184631348,COCCOCCOCCN1C(=O)N(CCOCCOCCOC)C2C1N1CN3C(=O)N(CN4C(=O)N(CN5C(=O)N(CN6C(=O)N(CN7C(=O)N(CN2C1=O)C1C7N(CCOCCOCCOC)C(=O)N1CCOCCOCCOC)C1C6N(CCOCCOCCOC)C(=O)N1CCOCCOCCOC)C1C5N(CCOCCOCCOC)C(=O)N1CCOCCOCCOC)C1C4N(CCOCCOCCOC)C(=O)N1CCOCCOCCOC)C1C3N(CCOCCOCCOC)C(=O)N1CCOCCOCCOC,62192EF92C15D4B199D2DAB70679D4FE4B9DB65514F9B760A1D77C13905222B6,HOST_CAN_0056,PASS,C[N+](C)(C)C.[Br-],106908581BCF2696B3EEAD8D13589E489EE5CE3B80E72B912566C7953850AB09,GUEST_CAN_0554,PASS,AttentiveFP,3,guest_cold,4,4.988688945770264
1441,69,126,NCCN1C=C(N=N1)COC(C=C2)=C(CNCC3=C(OCC(N=N4)=CN4CCN)C=CC5=C3C=C6)C7=C2C8=C(C=C7)OC9CC8C%10=C(O9)C=CC%11=C%10C=CC(OCC(N=N%12)=CN%12CCN)=C%11CNCC%13=C(OCC(N=N%14)=CN%14CCN)C=CC%15=C%13C=CC(O%16)=C%15C%17C5=C6OC%16C%17,NC(C(=O)O)Cc1ccccc1,other,2.4149999618530273,NCCn1cc(COc2ccc3c4c5ccc3c2CNCc2c(OCc3cn(CCN)nn3)ccc3c6c(ccc23)OC2CC6c3c(ccc6c(c(OCc7cn(CCN)nn7)ccc36)CNCc3c(OCc6cn(CCN)nn6)ccc6c7c(ccc36)OC(CC47)O5)O2)nn1,E69AC36986BDADC1E5A61FE9021251B6D5437DB096F231021CE94D055FF4BCBF,HOST_CAN_0113,PASS,NC(Cc1ccccc1)C(=O)O,4B6B1236F1C31D28D9F95F736FF46B2960AFF4F6FCE3D9E76CF43DE2ADDE8B08,GUEST_CAN_0746,PASS,AttentiveFP,3,guest_cold,4,3.2006008625030518
1443,8,613,C1N2C3C4N(C2=O)CN5C6C7N(C5=O)CN8C9C2N(C8=O)CN5C8C%10N(C5=O)CN5C%11C%12N(C5=O)CN5C%13C(N1C5=O)N1CN3C(=O)N4CN6C(=O)N7CN9C(=O)N2CN8C(=O)N%10CN%11C(=O)N%12CN%13C1=O,C1=CNC=C1,cucurbituril,4.556300163269043,O=C1N2CN3C(=O)N4CN5C(=O)N6CN7C(=O)N8CN9C(=O)N%10CN%11C(=O)N%12CN1C1C2N2CN%13C(=O)N(CN%14C(=O)N(CN%15C(=O)N(CN%16C(=O)N(CN%17C(=O)N(CN1C2=O)C%12C%11%17)C%10C9%16)C8C7%15)C6C5%14)C4C3%13,2526C525F966BEE6CB589BBB60C9F4124C02584847747BDAFF4E92B4462536E8,HOST_CAN_0149,PASS,c1cc[nH]c1,F996E37E5A4B42FBC524EFA4BA2E9A15FBF3D1F561537DA9CA8ED1DFB7CD0E8F,GUEST_CAN_1126,PASS,AttentiveFP,3,guest_cold,4,2.6680972576141357
1449,11,849,C1N2C3C4N(C2=O)CN5C6C7N(C5=O)CN8C9C2N(C8=O)CN5C8C%10N(C5=O)CN5C%11C%12N(C5=O)CN5C%13C%14N(C5=O)CN5C%15C%16N(C5=O)CN5C%17C(N1C5=O)N1CN3C(=O)N4CN6C(=O)N7CN9C(=O)N2CN8C(=O)N%10CN%11C(=O)N%12CN%13C(=O)N%14CN%15C(=O)N%16CN%17C1=O,O=C(NC1=CC=C(/N=N/C2=CC=CC=C2)C=C1)OCCOCCOCCOCCOCCOCCOCCOCCOCCOCCOCCOCCOCCOCCOCCOCCOCCOCCOCCOCCOCCOCCOCCOCCOCCOCCOCCOCCOCCOCCOCCOCCOCCOCCOCCOCCOCCOCCOCCOCCOCCOCCOCCOCCOCCOCCOC,cucurbituril,4.416200160980225,O=C1N2CN3C(=O)N4CN5C(=O)N6CN7C(=O)N8CN9C(=O)N%10CN%11C(=O)N%12CN%13C(=O)N%14CN%15C(=O)N%16CN1C1C2N2CN%17C(=O)N(CN%18C(=O)N(CN%19C(=O)N(CN%20C(=O)N(CN%21C(=O)N(CN%22C(=O)N(CN%23C(=O)N(CN1C2=O)C%16C%15%23)C%14C%13%22)C%12C%11%21)C%10C9%20)C8C7%19)C6C5%18)C4C3%17,E82CB7F52437B0147F435E3074F006752062FF8924E87C1DAF3210D182FF633B,HOST_CAN_0143,PASS,COCCOCCOCCOCCOCCOCCOCCOCCOCCOCCOCCOCCOCCOCCOCCOCCOCCOCCOCCOCCOCCOCCOCCOCCOCCOCCOCCOCCOCCOCCOCCOCCOCCOCCOCCOCCOCCOCCOCCOCCOCCOCCOCCOCCOCCOCCOC(=O)Nc1ccc(/N=N/c2ccccc2)cc1,3E778CF11E09E244833495EFC06B3B18F9AC41ECE75097385EB24E3DAC002A35,GUEST_CAN_0466,PASS,AttentiveFP,3,guest_cold,4,4.699313163757324
1450,18,257,CC1=C2C3=CC4=C1OC5C6=CC7=CC(=C6)OC8=CC(=CC(=C8)C(=O)O)OC9=CC1=CC(=C9)C6OC8=C(C=C(C4CCC(=O)O)C(=C8C)O5)C(C4=C(O6)C(=C5C(=C4)C(C4=C6C(=C(C(=C4)C3CCC(=O)O)OC(O2)C2=CC(=CC(=C2)OC2=CC(=CC(=C2)C(=O)O)OC2=CC(=CC(=C2)C(O5)O6)OC2=CC(=CC(=C2)C(=O)O)O1)OC1=CC(=CC(=C1)C(=O)O)O7)C)CCC(=O)O)C)CCC(=O)O,[B-]C#N.[Na+],cavitand,2.014899969100952,Cc1c2c3cc4c1OC1Oc5c(cc6c(c5C)OC5Oc7c(cc8c(c7C)OC7Oc9c(cc(c(c9C)OC(O2)c2cc9cc(c2)Oc2cc(cc(C(=O)O)c2)Oc2cc(cc7c2)Oc2cc(cc(C(=O)O)c2)Oc2cc(cc5c2)Oc2cc(cc(C(=O)O)c2)Oc2cc(cc1c2)Oc1cc(cc(C(=O)O)c1)O9)C3CCC(=O)O)C8CCC(=O)O)C6CCC(=O)O)C4CCC(=O)O,326FFD4B5C5565D32207155C0B129AE16AFCA7B3342F0DAD815C24AB8DFA8483,HOST_CAN_0099,PASS,[B-]C#N.[Na+],6E772614713BBC86FC89ED5E24C8307A59F018048CC86C967F9B9862D42B8DE7,GUEST_CAN_1011,PASS,AttentiveFP,3,guest_cold,4,2.1495046615600586
1451,91,201,C1COCCOCCN2CCOCCOCCN1CCOCCOCC2,[Li+],other,2.0,C1COCCN2CCOCCOCCN(CCO1)CCOCCOCC2,40814B22E6CD93EB1FEFBD67E296A6414B9006E7DE8AD543F38C842653A2E43C,HOST_CAN_0004,PASS,[Li+],A7557B375892DC7E581DDC6CA9773574F95B6514113F07A19BDE6059504332FE,GUEST_CAN_1071,PASS,AttentiveFP,3,guest_cold,4,2.235158920288086
1454,64,781,CCCCOc1cc2COCc3cc(OCCCC)cc4c3cc(OCCCC)cc4COCc3c(OCCCC)ccc4c3ccc(c4COCc3c4c(c(COCc5c(c1)c2cc(c5)OCCCC)c(OCCCC)cc4)ccc3OCCCC)OCCCC,C[N+](C=C1)=CC=C1/C=C/C2=CC=[N+](C)C=C2,other,3.470099925994873,CCCCOc1cc2c3cc(OCCCC)cc(c3c1)COCc1cc(OCCCC)cc3c(cc(OCCCC)cc13)COCc1c(OCCCC)ccc3c(c(OCCCC)ccc13)COCc1c(OCCCC)ccc3c(c(OCCCC)ccc13)COC2,05C5083FBF551B3C1AE048E85E6B7F5EB796F7835740F408D7B4DF1173E7C142,HOST_CAN_0032,PASS,C[n+]1ccc(/C=C/c2cc[n+](C)cc2)cc1,14818FE10F046EBD0B8696923FD529607C8E7F65FCD645EC173AF08C6F65A94F,GUEST_CAN_0633,PASS,AttentiveFP,3,guest_cold,4,5.39127254486084
1466,69,631,NCCN1C=C(N=N1)COC(C=C2)=C(CNCC3=C(OCC(N=N4)=CN4CCN)C=CC5=C3C=C6)C7=C2C8=C(C=C7)OC9CC8C%10=C(O9)C=CC%11=C%10C=CC(OCC(N=N%12)=CN%12CCN)=C%11CNCC%13=C(OCC(N=N%14)=CN%14CCN)C=CC%15=C%13C=CC(O%16)=C%15C%17C5=C6OC%16C%17,CC1(C(N2C(S1)C(C2=O)NC(=O)C(C3=CC=CC=C3)C(=O)O)C(=O)O)C,other,5.57289981842041,NCCn1cc(COc2ccc3c4c5ccc3c2CNCc2c(OCc3cn(CCN)nn3)ccc3c6c(ccc23)OC2CC6c3c(ccc6c(c(OCc7cn(CCN)nn7)ccc36)CNCc3c(OCc6cn(CCN)nn6)ccc6c7c(ccc36)OC(CC47)O5)O2)nn1,E69AC36986BDADC1E5A61FE9021251B6D5437DB096F231021CE94D055FF4BCBF,HOST_CAN_0113,PASS,CC1(C)SC2C(NC(=O)C(C(=O)O)c3ccccc3)C(=O)N2C1C(=O)O,151DED631C5746A3012B120AC3B90450EAA30CCBDE99BC507AEA457991B52051,GUEST_CAN_0208,PASS,AttentiveFP,3,guest_cold,4,3.79732346534729
1467,155,175,CC(C)(C)C1=CC(=C(C=C1)NC(=O)NC2=CC=C(C=C2)OC)C#CC3=CC(=CC(=C3)C(C)(C)C)C#CC4=C(C=CC(=C4)C(C)(C)C)NC(=O)NC5=CC=C(C=C5)OC,CCCC[N+](CCCC)(CCCC)CCCC.[I-],other,2.176100015640259,COc1ccc(NC(=O)Nc2ccc(C(C)(C)C)cc2C#Cc2cc(C#Cc3cc(C(C)(C)C)ccc3NC(=O)Nc3ccc(OC)cc3)cc(C(C)(C)C)c2)cc1,C1F98F22E617AF796A86E6F9C15E60915AF24AEF9854A119C87E891B126F642A,HOST_CAN_0071,PASS,CCCC[N+](CCCC)(CCCC)CCCC.[I-],AEB60E90607A4F8C1F949B3EACD125A2B91E0A4DEAD7B24D9097176DB9E506E4,GUEST_CAN_0318,PASS,AttentiveFP,3,guest_cold,4,3.3613409996032715
1468,136,90,[Na]OS(=O)(=O)CCCOc1c2CN3C(=O)N4[C@]5([C@@]3(N(Cc2c(c2c1cccc2)OCCCS(=O)(=O)O[Na])C(=O)N5CN1[C@@]2(N(C4)C(=O)N3[C@@H]2N(C1=O)CN1[C@@H]2N(C3)C(=O)N3[C@]2(C)N(C1=O)CN1[C@@]2(N(C3)C(=O)N3[C@]2(C)N(C1=O)Cc1c(C3)c(OCCCS(=O)(=O)O[Na])c2c(c1OCCCS(=O)(=O)O[Na])cccc2)C)C)C)C,O=C1C=C(NC(=O)c2cc3ccccc3nc2O)[C@@H]([C@H]2[C@@H]1O2)O,other,6.278800010681152,C[C@]12[C@H]3N4CN5C(=O)N6CN7C(=O)N8Cc9c(c(OCCCS(=O)(=O)[O][Na])c%10ccccc%10c9OCCCS(=O)(=O)[O][Na])CN9C(=O)N(CN%10C(=O)N(CN3C(=O)N1CN1C(=O)N3Cc%11c(c(OCCCS(=O)(=O)[O][Na])c%12ccccc%12c%11OCCCS(=O)(=O)[O][Na])CN%11C(=O)N(CN2C4=O)[C@]1(C)[C@@]3%11C)[C@@H]5[C@]%106C)[C@]7(C)[C@@]89C,1DCA0847E025F86C1C729E9FF98D736A19E955201DE9828E57DA9B852243C5EB,HOST_CAN_0094,PASS,O=C(NC1=CC(=O)[C@H]2O[C@H]2[C@H]1O)c1cc2ccccc2nc1O,FDF8CE2A8B4B2A3DB312AD1231F5B6666439F2E4BEB6DF93515A1333E1D206F0,GUEST_CAN_0852,PASS,AttentiveFP,3,guest_cold,4,4.881972789764404
1469,112,175,CC(C)(C)C1=CC(=C(C=C1)NC(=O)NC2=CC=C(C=C2)OC)C#CC3=CC(=CC(=C3)Cl)C#CC4=C(C=CC(=C4)C(C)(C)C)NC(=O)NC5=CC=C(C=C5)OC,CCCC[N+](CCCC)(CCCC)CCCC.[I-],other,2.462399959564209,COc1ccc(NC(=O)Nc2ccc(C(C)(C)C)cc2C#Cc2cc(Cl)cc(C#Cc3cc(C(C)(C)C)ccc3NC(=O)Nc3ccc(OC)cc3)c2)cc1,6714985C95FB4721F34200A13D77E1BF78C94A1DBA43CA1FDFE94E15E6C48A18,HOST_CAN_0075,PASS,CCCC[N+](CCCC)(CCCC)CCCC.[I-],AEB60E90607A4F8C1F949B3EACD125A2B91E0A4DEAD7B24D9097176DB9E506E4,GUEST_CAN_0318,PASS,AttentiveFP,3,guest_cold,4,3.4639012813568115
1477,15,700,C1=C2C=C3C=C1OC4=CC(=CC(=C4)C(=O)O)OC5=CC6=CC(=C5)C7OC8=CC9=C1C=C8C(C4=C(O7)C=C5C(=C4)C(C4=CC7=C(C=C4OC2O5)OC2C4=CC(=CC(=C4)OC4=CC(=CC(=C4)C(=O)O)OC4=CC(=CC(=C4)OC4=CC(=CC(=C4)O6)C(=O)O)C(O9)OC4=C(C1CCC(=O)O)C=C(C7CCC(=O)O)C(=C4)O2)OC1=CC(=CC(=C1)O3)C(=O)O)CCC(=O)O)CCC(=O)O,CC(CCC(=O)O)C,cavitand,3.640500068664551,O=C(O)CCC1c2cc3c4cc2OC2Oc5cc6c(cc51)C(CCC(=O)O)c1cc5c7cc1OC(O6)c1cc6cc(c1)Oc1cc(cc(C(=O)O)c1)Oc1cc8cc(c1)C(Oc1cc(c(cc1C5CCC(=O)O)C3CCC(=O)O)OC(O4)c1cc(cc(c1)Oc1cc(cc(C(=O)O)c1)O8)Oc1cc(cc(C(=O)O)c1)Oc1cc(cc2c1)Oc1cc(cc(C(=O)O)c1)O6)O7,AE6E8A9B8E3ECDE32B65BE9B8736ECC23E2311A112E2CA1B78F35ECF9046A382,HOST_CAN_0117,PASS,CC(C)CCC(=O)O,9DB6A901CBA7308F6BC713C27289E2B99E0C26D6FDDF46C5228D49BD5F44D881,GUEST_CAN_0144,PASS,AttentiveFP,3,guest_cold,4,2.987736701965332
1480,1,856,C1C2=CC(=CC(=C2O)CC3=CC(=CC(=C3O)CC4=C(C(=CC(=C4)S(=O)(=O)O)CC5=C(C1=CC(=C5)S(=O)(=O)O)O)O)S(=O)(=O)O)S(=O)(=O)O,[NH3+]CCCCC(=O)[O-],calixarene,1.9500000476837158,O=S(=O)(O)c1cc2c(O)c(c1)Cc1cc(S(=O)(=O)O)cc(c1O)Cc1cc(S(=O)(=O)O)cc(c1O)Cc1cc(S(=O)(=O)O)cc(c1O)C2,C1130CCDC8DA0C6458EF6C2E07E7F3330D8F8B055CBE4DEAADB70DC00C8CDFC1,HOST_CAN_0154,PASS,[NH3+]CCCCC(=O)[O-],45CFEA5FDAA8D7A65790935646985A3ABBFCF5B919C8D0D1B42395924442E282,GUEST_CAN_1081,PASS,AttentiveFP,3,guest_cold,4,2.847890853881836
1488,63,72,Oc1c2Cc3cc(cc(c3O)Cc3cc(cc(c3O)Cc3cc(cc(c3O)Cc3cc(cc(Cc4c(c(Cc5c(c(Cc6c(c(Cc1cc(c2)S(=O)(=O)[O-])cc(c6)S(=O)(=O)[O-])O)cc(c5)S(=O)(=O)[O-])O)cc(c4)S(=O)(=O)[O-])O)c3O)S(=O)(=O)[O-])S(=O)(=O)[O-])S(=O)(=O)[O-])S(=O)(=O)[O-],NC(C(=O)O)Cc1c[nH]cn1,calixarene,3.4518001079559326,O=S(=O)([O-])c1cc2c(O)c(c1)Cc1cc(S(=O)(=O)[O-])cc(c1O)Cc1cc(S(=O)(=O)[O-])cc(c1O)Cc1cc(S(=O)(=O)[O-])cc(c1O)Cc1cc(S(=O)(=O)[O-])cc(c1O)Cc1cc(S(=O)(=O)[O-])cc(c1O)Cc1cc(S(=O)(=O)[O-])cc(c1O)Cc1cc(S(=O)(=O)[O-])cc(c1O)C2,3C24C9B25872FE0768A640DF44D242D9AEC5F3FA9C167A457997BAE8D628FFF1,HOST_CAN_0166,PASS,NC(Cc1c[nH]cn1)C(=O)O,FB673C9EDBC2F6C509C14A12DA10308CC8AD4E94C32BC5F3BAD448FBAA74F381,GUEST_CAN_0741,PASS,AttentiveFP,3,guest_cold,4,2.550997495651245
1493,82,108,OC1=C2C=C(S(=O)([O-])=O)C=C1CC3=C(O)C(CC4=CC(S(=O)([O-])=O)=CC(CC5=CC(S(=O)([O-])=O)=CC(CC6=CC(S(=O)([O-])=O)=CC(CC(C=C(S(=O)([O-])=O)C=C7C2)=C7O)=C6O)=C5OCCN)=C4O)=CC(S(=O)([O-])=O)=C3,OC(=O)C(CCCNC(=[NH2+])N)N,calixarene,3.3048999309539795,NCCOc1c2cc(S(=O)(=O)[O-])cc1Cc1cc(S(=O)(=O)[O-])cc(c1O)Cc1cc(S(=O)(=O)[O-])cc(c1O)Cc1cc(S(=O)(=O)[O-])cc(c1O)Cc1cc(S(=O)(=O)[O-])cc(c1O)Cc1cc(S(=O)(=O)[O-])cc(c1O)C2,943BCEA8586BE526CE8501B61202A05D77257BC2BB9DA3A3C52BD077795B3D50,HOST_CAN_0111,PASS,NC(=[NH2+])NCCCC(N)C(=O)O,3A95B838A3F3E4B9211C1F9CE461FB93EA851D8F0AA68498288217A21AD77FAC,GUEST_CAN_0726,PASS,AttentiveFP,3,guest_cold,4,2.7670013904571533
1495,1,698,C1C2=CC(=CC(=C2O)CC3=CC(=CC(=C3O)CC4=C(C(=CC(=C4)S(=O)(=O)O)CC5=C(C1=CC(=C5)S(=O)(=O)O)O)O)S(=O)(=O)O)S(=O)(=O)O,CCCC[NH3+],calixarene,4.008600234985352,O=S(=O)(O)c1cc2c(O)c(c1)Cc1cc(S(=O)(=O)O)cc(c1O)Cc1cc(S(=O)(=O)O)cc(c1O)Cc1cc(S(=O)(=O)O)cc(c1O)C2,C1130CCDC8DA0C6458EF6C2E07E7F3330D8F8B055CBE4DEAADB70DC00C8CDFC1,HOST_CAN_0154,PASS,CCCC[NH3+],6A71D8302F7F41484EDE7CB008CCE4F2AFAAFDA27C6FFB24A0361849051D3340,GUEST_CAN_0322,PASS,AttentiveFP,3,guest_cold,4,3.0139453411102295
1496,141,861,CC(C)(C)C1=CC2=C(C(=C1)CC3=CC(=CC(=C3OCC(=O)OC)CC4=CC(=CC(=C4OCC(=O)OC)CC5=C(C(=CC(=C5)C(C)(C)C)C2)OCC(=O)OC)C(C)(C)C)C(C)(C)C)OCC(=O)OC,NCCCNCCCCNCCCN,calixarene,6.924300193786621,COC(=O)COc1c2cc(C(C)(C)C)cc1Cc1cc(C(C)(C)C)cc(c1OCC(=O)OC)Cc1cc(C(C)(C)C)cc(c1OCC(=O)OC)Cc1cc(C(C)(C)C)cc(c1OCC(=O)OC)C2,73B080974E03CCE5E7AF3A160529C27640F25944AB15DBB90917A7E7BD8278A2,HOST_CAN_0054,PASS,NCCCNCCCCNCCCN,89EC2515667C6CC2F4199FFE131AE7FD274838F92C27EE7FE3B2B92748655134,GUEST_CAN_0802,PASS,AttentiveFP,3,guest_cold,4,3.651123285293579
1497,116,456,CC(C)(C)C1=CC(=C(C=C1)NC(=O)NC2=CC=C(C=C2)OC)C#CC3=CC(=CC(=C3)N(C)C)C#CC4=C(C=CC(=C4)C(C)(C)C)NC(=O)NC5=CC=C(C=C5)OC,[N+](=O)([O-])[O-].C(CCC)[N+](CCCC)(CCCC)CCCC,other,3.2355000972747803,COc1ccc(NC(=O)Nc2ccc(C(C)(C)C)cc2C#Cc2cc(C#Cc3cc(C(C)(C)C)ccc3NC(=O)Nc3ccc(OC)cc3)cc(N(C)C)c2)cc1,54B20EB27C4699C1202B0399C1AE71AFF8DC93A9AD03D3DF803BFDD7940389BD,HOST_CAN_0072,PASS,CCCC[N+](CCCC)(CCCC)CCCC.O=[N+]([O-])[O-],6D4B26D3D683A1392C95388B8B9856D8C2F81515BE0ED5278F99FF88C33B25A7,GUEST_CAN_0315,PASS,AttentiveFP,3,guest_cold,4,2.9576902389526367
1499,11,863,C1N2C3C4N(C2=O)CN5C6C7N(C5=O)CN8C9C2N(C8=O)CN5C8C%10N(C5=O)CN5C%11C%12N(C5=O)CN5C%13C%14N(C5=O)CN5C%15C%16N(C5=O)CN5C%17C(N1C5=O)N1CN3C(=O)N4CN6C(=O)N7CN9C(=O)N2CN8C(=O)N%10CN%11C(=O)N%12CN%13C(=O)N%14CN%15C(=O)N%16CN%17C1=O,O=C(NCC(=O)NCC(=O)NCC(=O)N[C@H](C(=O)NCC(=O)NCC(=O)NCC(=O)N)Cc1c[nH]c2c1cccc2)CNC(=O)CNC(=O)CNC(=O)[C@H](Cc1c[nH]c2c1cccc2)NC(=O)CNC(=O)CNC(=O)CNC(=O)C,cucurbituril,5.6809000968933105,O=C1N2CN3C(=O)N4CN5C(=O)N6CN7C(=O)N8CN9C(=O)N%10CN%11C(=O)N%12CN%13C(=O)N%14CN%15C(=O)N%16CN1C1C2N2CN%17C(=O)N(CN%18C(=O)N(CN%19C(=O)N(CN%20C(=O)N(CN%21C(=O)N(CN%22C(=O)N(CN%23C(=O)N(CN1C2=O)C%16C%15%23)C%14C%13%22)C%12C%11%21)C%10C9%20)C8C7%19)C6C5%18)C4C3%17,E82CB7F52437B0147F435E3074F006752062FF8924E87C1DAF3210D182FF633B,HOST_CAN_0143,PASS,CC(=O)NCC(=O)NCC(=O)NCC(=O)N[C@@H](Cc1c[nH]c2ccccc12)C(=O)NCC(=O)NCC(=O)NCC(=O)NCC(=O)NCC(=O)NCC(=O)N[C@@H](Cc1c[nH]c2ccccc12)C(=O)NCC(=O)NCC(=O)NCC(N)=O,5D16E208552281A187792AB0BD5F1E4C14E1B5F5620E02C15D82F08C997760FB,GUEST_CAN_0077,PASS,AttentiveFP,3,guest_cold,4,5.624370098114014
1512,50,804,O=C1N2CN3C4N5CN6C2C2(N1CN1[C@@H]7N(CN2C6=O)C(=O)N2[C@@H]7N(C1=O)CN1[C@@H]6N(C2)C(=O)N2C6N(C1=O)CN1C6N(C2)C(=O)N2C6N(C1=O)CN1C(=O)N6CN7C(=O)N8CN(C3=O)C4N(C5=O)CN3C8C7N(C3=O)CN3C6C1N(C3=O)C2)OCc1nnn(c1)CCOCCOCCOCCOCCOCCCOc1ccc2c(c1O)c[n+]1c(-c3cc4OCOc4cc3CC1)c2.[Br-],C(CC[NH2+]CCC[NH3+])C[NH2+]CCC[NH3+],cucurbituril,3.5239999294281006,O=C1N2CN3C(=O)N4CN5C(=O)N6CN7C(=O)N8CN9C(=O)N%10CN%11C(=O)N%12CN%13C(=O)N%14CN1C1C2N2CN%15C(=O)N(CN%16C(=O)N(CN%17C(=O)N(CN%18C(=O)N(CN%19C(=O)N(CN%20C(=O)N(CN1C2=O)C%14C%13%20)C%12C%11%19OCc1cn(CCOCCOCCOCCOCCOCCCOc2ccc%11cc%12[n+](cc%11c2O)CCc2cc%11c(cc2-%12)OCO%11)nn1)[C@H]%10[C@@H]%189)[C@H]8C7%17)C6C5%16)C4C3%15.[Br-],D99990050A2891EE4F0CCCB85E149BF7C34C3D3B1868342CE2D7EAA4BF20A6D6,HOST_CAN_0145,PASS,[NH3+]CCC[NH2+]CCCC[NH2+]CCC[NH3+],F142ABDE94046BD889A6018A8CC9A1CABFE1438B6BBCA9BCE41E1C9A457C9632,GUEST_CAN_1089,PASS,AttentiveFP,3,guest_cold,4,6.356375694274902
1520,15,868,C1=C2C=C3C=C1OC4=CC(=CC(=C4)C(=O)O)OC5=CC6=CC(=C5)C7OC8=CC9=C1C=C8C(C4=C(O7)C=C5C(=C4)C(C4=CC7=C(C=C4OC2O5)OC2C4=CC(=CC(=C4)OC4=CC(=CC(=C4)C(=O)O)OC4=CC(=CC(=C4)OC4=CC(=CC(=C4)O6)C(=O)O)C(O9)OC4=C(C1CCC(=O)O)C=C(C7CCC(=O)O)C(=C4)O2)OC1=CC(=CC(=C1)O3)C(=O)O)CCC(=O)O)CCC(=O)O,C1(CCCCC1)C(=O)O,cavitand,4.123899936676025,O=C(O)CCC1c2cc3c4cc2OC2Oc5cc6c(cc51)C(CCC(=O)O)c1cc5c7cc1OC(O6)c1cc6cc(c1)Oc1cc(cc(C(=O)O)c1)Oc1cc8cc(c1)C(Oc1cc(c(cc1C5CCC(=O)O)C3CCC(=O)O)OC(O4)c1cc(cc(c1)Oc1cc(cc(C(=O)O)c1)O8)Oc1cc(cc(C(=O)O)c1)Oc1cc(cc2c1)Oc1cc(cc(C(=O)O)c1)O6)O7,AE6E8A9B8E3ECDE32B65BE9B8736ECC23E2311A112E2CA1B78F35ECF9046A382,HOST_CAN_0117,PASS,O=C(O)C1CCCCC1,8287F11D64C67CE0895EDC7AF581932518DB783E3F201E5DB906FC1B22E6AD04,GUEST_CAN_0867,PASS,AttentiveFP,3,guest_cold,4,3.0514321327209473
1534,8,2,C1N2C3C4N(C2=O)CN5C6C7N(C5=O)CN8C9C2N(C8=O)CN5C8C%10N(C5=O)CN5C%11C%12N(C5=O)CN5C%13C(N1C5=O)N1CN3C(=O)N4CN6C(=O)N7CN9C(=O)N2CN8C(=O)N%10CN%11C(=O)N%12CN%13C1=O,[Cl-].[Cl-].[Ca+2],cucurbituril,4.220099925994873,O=C1N2CN3C(=O)N4CN5C(=O)N6CN7C(=O)N8CN9C(=O)N%10CN%11C(=O)N%12CN1C1C2N2CN%13C(=O)N(CN%14C(=O)N(CN%15C(=O)N(CN%16C(=O)N(CN%17C(=O)N(CN1C2=O)C%12C%11%17)C%10C9%16)C8C7%15)C6C5%14)C4C3%13,2526C525F966BEE6CB589BBB60C9F4124C02584847747BDAFF4E92B4462536E8,HOST_CAN_0149,PASS,[Ca+2].[Cl-].[Cl-],6006A4323204D22FA64247BB19A4427A9CEDE373E584F4DC919908CB4F15A7CA,GUEST_CAN_1021,PASS,AttentiveFP,3,guest_cold,4,4.078578948974609
1539,101,876,CC12C3(N4CN5C6C7N(C5=O)CN8C9C5N(C8=O)CN8C(=O)N%10CC%11=C(C=CC%12=C%11C(=C(C=C%12)OCCCS(=O)(=O)[O-])CN%11C%10(C8(N(C%11=O)CN5C(=O)N9CN7C(=O)N6CN3C(=O)N1CC1=C(C=CC3=C1C(=C(C=C3)OCCCS(=O)(=O)[O-])CN2C4=O)OCCCS(=O)(=O)[O-])C)C)OCCCS(=O)(=O)[O-])C.[Na+].[Na+].[Na+].[Na+],CC1=C(N=CN1)CSCCNC(=NC)NC#N,cucurbituril,4.544099807739258,CC12N3Cc4c(OCCCS(=O)(=O)[O-])ccc5ccc(OCCCS(=O)(=O)[O-])c(c45)CN1C(=O)N1CN4C(=O)N5CN6C(=O)N7CN8C(=O)N9Cc%10c(OCCCS(=O)(=O)[O-])ccc%11ccc(OCCCS(=O)(=O)[O-])c(c%10%11)CN%10C(=O)N(CN%11C(=O)N(CN%12C(=O)N(CN(C3=O)C12C)C4C%125)C6C%117)C8(C)C%109C.[Na+].[Na+].[Na+].[Na+],D06B992717C42348D2028871BE8CF32C393DC5D34135FC7CB387827D0E760D24,HOST_CAN_0017,PASS,CN=C(NC#N)NCCSCc1nc[nH]c1C,6BB19FE2E802D6CFBBB8E1417D7699BA543C39DC0612B324992AD0434FE9864C,GUEST_CAN_0421,PASS,AttentiveFP,3,guest_cold,4,4.876425743103027
1548,3,536,OC[C@H]1O[C@@H]2O[C@@H]3[C@@H](CO)O[C@H](O[C@@H]4[C@@H](CO)O[C@H](O[C@@H]5[C@@H](CO)O[C@H](O[C@@H]6[C@@H](CO)O[C@H](O[C@@H]7[C@@H](CO)O[C@H](O[C@@H]8[C@@H](CO)O[C@H](O[C@H]1[C@H](O)[C@H]2O)[C@H](O)[C@H]8O)[C@H](O)[C@H]7O)[C@H](O)[C@H]6O)[C@H](O)[C@H]5O)[C@H](O)[C@H]4O)[C@H](O)[C@H]3O,C1=CC2=C(C=C1O)C(=CN2)CCN,cyclodextrin,1.7259000539779663,OC[C@H]1O[C@@H]2O[C@H]3[C@H](O)[C@@H](O)[C@@H](O[C@H]4[C@H](O)[C@@H](O)[C@@H](O[C@H]5[C@H](O)[C@@H](O)[C@@H](O[C@H]6[C@H](O)[C@@H](O)[C@@H](O[C@H]7[C@H](O)[C@@H](O)[C@@H](O[C@H]8[C@H](O)[C@@H](O)[C@@H](O[C@H]1[C@H](O)[C@H]2O)O[C@@H]8CO)O[C@@H]7CO)O[C@@H]6CO)O[C@@H]5CO)O[C@@H]4CO)O[C@@H]3CO,22584443D9512992310760C9871E3E6BDB3EDC92006F3EF1EC94F44373907EB1,HOST_CAN_0176,PASS,NCCc1c[nH]c2ccc(O)cc12,50C092FACAED55A658C6A1AE3522860D2E1569D33526588B723A5129AA5EBE61,GUEST_CAN_0806,PASS,AttentiveFP,3,guest_cold,4,2.553767442703247
1549,3,730,OC[C@H]1O[C@@H]2O[C@@H]3[C@@H](CO)O[C@H](O[C@@H]4[C@@H](CO)O[C@H](O[C@@H]5[C@@H](CO)O[C@H](O[C@@H]6[C@@H](CO)O[C@H](O[C@@H]7[C@@H](CO)O[C@H](O[C@@H]8[C@@H](CO)O[C@H](O[C@H]1[C@H](O)[C@H]2O)[C@H](O)[C@H]8O)[C@H](O)[C@H]7O)[C@H](O)[C@H]6O)[C@H](O)[C@H]5O)[C@H](O)[C@H]4O)[C@H](O)[C@H]3O,C1C(O1)COCC2=CC=CC=C2,cyclodextrin,2.3578999042510986,OC[C@H]1O[C@@H]2O[C@H]3[C@H](O)[C@@H](O)[C@@H](O[C@H]4[C@H](O)[C@@H](O)[C@@H](O[C@H]5[C@H](O)[C@@H](O)[C@@H](O[C@H]6[C@H](O)[C@@H](O)[C@@H](O[C@H]7[C@H](O)[C@@H](O)[C@@H](O[C@H]8[C@H](O)[C@@H](O)[C@@H](O[C@H]1[C@H](O)[C@H]2O)O[C@@H]8CO)O[C@@H]7CO)O[C@@H]6CO)O[C@@H]5CO)O[C@@H]4CO)O[C@@H]3CO,22584443D9512992310760C9871E3E6BDB3EDC92006F3EF1EC94F44373907EB1,HOST_CAN_0176,PASS,c1ccc(COCC2CO2)cc1,B28F518C4CB072EBAF296564909976E515D10AE2E304E94C33FEE443DEBC2C60,GUEST_CAN_1131,PASS,AttentiveFP,3,guest_cold,4,2.634603977203369
1553,69,810,NCCN1C=C(N=N1)COC(C=C2)=C(CNCC3=C(OCC(N=N4)=CN4CCN)C=CC5=C3C=C6)C7=C2C8=C(C=C7)OC9CC8C%10=C(O9)C=CC%11=C%10C=CC(OCC(N=N%12)=CN%12CCN)=C%11CNCC%13=C(OCC(N=N%14)=CN%14CCN)C=CC%15=C%13C=CC(O%16)=C%15C%17C5=C6OC%16C%17,C1=CC=C(C=C1)C(C(=O)O)N,other,2.079200029373169,NCCn1cc(COc2ccc3c4c5ccc3c2CNCc2c(OCc3cn(CCN)nn3)ccc3c6c(ccc23)OC2CC6c3c(ccc6c(c(OCc7cn(CCN)nn7)ccc36)CNCc3c(OCc6cn(CCN)nn6)ccc6c7c(ccc36)OC(CC47)O5)O2)nn1,E69AC36986BDADC1E5A61FE9021251B6D5437DB096F231021CE94D055FF4BCBF,HOST_CAN_0113,PASS,NC(C(=O)O)c1ccccc1,E1EE48BC2F1341B9FB8D634CA81F93D4C0432CFDD613C9AB5049A2DEEE2D8D8B,GUEST_CAN_0728,PASS,AttentiveFP,3,guest_cold,4,3.3019981384277344
1555,117,456,CC(C)(C)C1=CC(=C(C=C1)NC(=O)NC2=CC=C(C=C2)OC)C#CC3=CC(=CC=C3)C#CC4=C(C=CC(=C4)C(C)(C)C)NC(=O)NC5=CC=C(C=C5)OC,[N+](=O)([O-])[O-].C(CCC)[N+](CCCC)(CCCC)CCCC,other,3.5197999477386475,COc1ccc(NC(=O)Nc2ccc(C(C)(C)C)cc2C#Cc2cccc(C#Cc3cc(C(C)(C)C)ccc3NC(=O)Nc3ccc(OC)cc3)c2)cc1,494C057AF3883280A50FECE7741A3608EDE28ABABC7B8B78AEB79306A119556D,HOST_CAN_0078,PASS,CCCC[N+](CCCC)(CCCC)CCCC.O=[N+]([O-])[O-],6D4B26D3D683A1392C95388B8B9856D8C2F81515BE0ED5278F99FF88C33B25A7,GUEST_CAN_0315,PASS,AttentiveFP,3,guest_cold,4,3.0575668811798096
1558,64,881,CCCCOc1cc2COCc3cc(OCCCC)cc4c3cc(OCCCC)cc4COCc3c(OCCCC)ccc4c3ccc(c4COCc3c4c(c(COCc5c(c1)c2cc(c5)OCCCC)c(OCCCC)cc4)ccc3OCCCC)OCCCC,C(CCCCC)[N+]1=CC=CC=C1,other,3.38700008392334,CCCCOc1cc2c3cc(OCCCC)cc(c3c1)COCc1cc(OCCCC)cc3c(cc(OCCCC)cc13)COCc1c(OCCCC)ccc3c(c(OCCCC)ccc13)COCc1c(OCCCC)ccc3c(c(OCCCC)ccc13)COC2,05C5083FBF551B3C1AE048E85E6B7F5EB796F7835740F408D7B4DF1173E7C142,HOST_CAN_0032,PASS,CCCCCC[n+]1ccccc1,F475C21AC1035C4620B48674F72A19F7349DCE54A4C2772ABD51391B13355FE3,GUEST_CAN_0302,PASS,AttentiveFP,3,guest_cold,4,2.626781463623047
1571,31,378,[Li+].[Li+].COP(OC)(=O)CC1=CC(=CC(=C1)NC(CCCNCC1=C(C=CC=C1)B(O)O)=O)CP([O-])([O-])=O,C1=CC=C2C(=C1)C(=O)C3=C(C2=O)C(=C(C(=C3)CN(CC(=O)O)CC(=O)O)O)O,other,3.2040998935699463,COP(=O)(Cc1cc(CP(=O)([O-])[O-])cc(NC(=O)CCCNCc2ccccc2B(O)O)c1)OC.[Li+].[Li+],7C21E70373346443530CC627F376BB4B733535AF04E79A7E4ACEFF4D5857B371,HOST_CAN_0066,PASS,O=C(O)CN(CC(=O)O)Cc1cc2c(c(O)c1O)C(=O)c1ccccc1C2=O,E887A26EAB39D6C9D28AD9BD84869C714BE8C45C9144226A9A92B6CA8F1CF041,GUEST_CAN_0877,PASS,AttentiveFP,3,guest_cold,4,3.829206943511963
1577,11,886,C1N2C3C4N(C2=O)CN5C6C7N(C5=O)CN8C9C2N(C8=O)CN5C8C%10N(C5=O)CN5C%11C%12N(C5=O)CN5C%13C%14N(C5=O)CN5C%15C%16N(C5=O)CN5C%17C(N1C5=O)N1CN3C(=O)N4CN6C(=O)N7CN9C(=O)N2CN8C(=O)N%10CN%11C(=O)N%12CN%13C(=O)N%14CN%15C(=O)N%16CN%17C1=O,CC(C)CC(C(=O)NC(CCSC)C(=O)NC(C)C(=O)O)N,cucurbituril,6.222700119018555,O=C1N2CN3C(=O)N4CN5C(=O)N6CN7C(=O)N8CN9C(=O)N%10CN%11C(=O)N%12CN%13C(=O)N%14CN%15C(=O)N%16CN1C1C2N2CN%17C(=O)N(CN%18C(=O)N(CN%19C(=O)N(CN%20C(=O)N(CN%21C(=O)N(CN%22C(=O)N(CN%23C(=O)N(CN1C2=O)C%16C%15%23)C%14C%13%22)C%12C%11%21)C%10C9%20)C8C7%19)C6C5%18)C4C3%17,E82CB7F52437B0147F435E3074F006752062FF8924E87C1DAF3210D182FF633B,HOST_CAN_0143,PASS,CSCCC(NC(=O)C(N)CC(C)C)C(=O)NC(C)C(=O)O,1F81B2A1DA99FCB4DB71ECA8529CEE443756485A588EA4BC085E985C7CC7EEA4,GUEST_CAN_0514,PASS,AttentiveFP,3,guest_cold,4,4.951504230499268
1581,9,295,[O-]C(=O)COc1ccc2c3c1CNC(=O)c1c(OCC(=O)[O-])ccc4c1ccc1c4C4CC(O1)Oc1c4c4ccc(c(C(=O)NCc5c6c(c7C8c2c(cc3)OC(C8)Oc7cc6)ccc5OCC(=O)[O-])c4cc1)OCC(=O)[O-].[NH4+].[NH4+].[NH4+].[NH4+],C1CCSCC1,other,1.8128999471664429,O=C([O-])COc1ccc2c3c4ccc2c1CNC(=O)c1c(OCC(=O)[O-])ccc2c5c(ccc12)OC1CC5c2c(ccc5c(c(OCC(=O)[O-])ccc25)C(=O)NCc2c(OCC(=O)[O-])ccc5c6c(ccc25)OC(CC36)O4)O1.[NH4+].[NH4+].[NH4+].[NH4+],7D3830C6A6E10F82EEBCC3ED68B861BB21ED63B1DDB277580F3032527E5A1183,HOST_CAN_0139,PASS,C1CCSCC1,A9CBF306F6DA1FCB34760A9B9B96AD454AFE05B414B3AB4EB9CC9F5731B70047,GUEST_CAN_0031,PASS,AttentiveFP,3,guest_cold,4,2.0311949253082275
1584,53,198,C([C@@H]1[C@@H]2[C@@H]([C@H]([C@H](O1)O[C@@H]3[C@H](O[C@@H]([C@@H]([C@H]3O)O)O[C@@H]4[C@H](O[C@@H]([C@@H]([C@H]4O)O)O[C@@H]5[C@H](O[C@@H]([C@@H]([C@H]5O)O)O[C@@H]6[C@H](O[C@@H]([C@@H]([C@H]6O)O)O[C@@H]7[C@H](O[C@@H]([C@@H]([C@H]7O)O)O[C@@H]8[C@H](O[C@H](O2)[C@@H]([C@H]8O)O)CO)CO)CO)CO)CO)CO)O)O)[NH3+],CC(CCC(=O)[O-])C1CCC2C1(C(CC3C2CCC4C3(CCC(C4)O)C)O)C.[Na+],cyclodextrin,3.8868000507354736,[NH3+]C[C@H]1O[C@@H]2O[C@H]3[C@H](O)[C@@H](O)[C@@H](O[C@H]4[C@H](O)[C@@H](O)[C@@H](O[C@H]5[C@H](O)[C@@H](O)[C@@H](O[C@H]6[C@H](O)[C@@H](O)[C@@H](O[C@H]7[C@H](O)[C@@H](O)[C@@H](O[C@H]8[C@H](O)[C@@H](O)[C@@H](O[C@H]1[C@H](O)[C@H]2O)O[C@@H]8CO)O[C@@H]7CO)O[C@@H]6CO)O[C@@H]5CO)O[C@@H]4CO)O[C@@H]3CO,E50ADAE49E5E5640E0A36839434FA950E715A8F1C6CD35B316EAEA03E1DF54FD,HOST_CAN_0181,PASS,CC(CCC(=O)[O-])C1CCC2C3CCC4CC(O)CCC4(C)C3CC(O)C12C.[Na+],AAE8955CE9801473265577821D0239EBE4B6812D89DD2C64FBC72356DA8A31D4,GUEST_CAN_0174,PASS,AttentiveFP,3,guest_cold,4,3.560107707977295
1590,14,72,NCCOc1c2Cc3cc(cc(c3O)Cc3cc(cc(c3O)Cc3cc(cc(Cc4c(c(Cc5c(c(Cc1cc(c2)S(=O)(=O)O)cc(c5)S(=O)(=O)O)O)cc(c4)S(=O)(=O)O)O)c3O)S(=O)(=O)O)S(=O)(=O)O)S(=O)(=O)O,NC(C(=O)O)Cc1c[nH]cn1,calixarene,2.7588999271392822,NCCOc1c2cc(S(=O)(=O)O)cc1Cc1cc(S(=O)(=O)O)cc(c1O)Cc1cc(S(=O)(=O)O)cc(c1O)Cc1cc(S(=O)(=O)O)cc(c1O)Cc1cc(S(=O)(=O)O)cc(c1O)Cc1cc(S(=O)(=O)O)cc(c1O)C2,C787A22C599703D921FA29CACAF002E9FF6ED12C44482B2905C84DCBDD5B4AC1,HOST_CAN_0110,PASS,NC(Cc1c[nH]cn1)C(=O)O,FB673C9EDBC2F6C509C14A12DA10308CC8AD4E94C32BC5F3BAD448FBAA74F381,GUEST_CAN_0741,PASS,AttentiveFP,3,guest_cold,4,2.5358357429504395
1598,1,891,C1C2=CC(=CC(=C2O)CC3=CC(=CC(=C3O)CC4=C(C(=CC(=C4)S(=O)(=O)O)CC5=C(C1=CC(=C5)S(=O)(=O)O)O)O)S(=O)(=O)O)S(=O)(=O)O,C(CC(C(=O)NC(CCCN=C(N)N)C(=O)NC(CCCN=C(N)N)C(=O)O)N)CN=C(N)N,calixarene,4.544099807739258,O=S(=O)(O)c1cc2c(O)c(c1)Cc1cc(S(=O)(=O)O)cc(c1O)Cc1cc(S(=O)(=O)O)cc(c1O)Cc1cc(S(=O)(=O)O)cc(c1O)C2,C1130CCDC8DA0C6458EF6C2E07E7F3330D8F8B055CBE4DEAADB70DC00C8CDFC1,HOST_CAN_0154,PASS,NC(N)=NCCCC(N)C(=O)NC(CCCN=C(N)N)C(=O)NC(CCCN=C(N)N)C(=O)O,A9EE6309268C1B7B9709FEAFED1ABB412DB44B25953335CC5756B785F67289A0,GUEST_CAN_0748,PASS,AttentiveFP,3,guest_cold,4,3.645297050476074
1601,81,90,[Na]OS(=O)(=O)CCCOc1c2CN3C(=O)N4[C@]5([C@@]3(N(Cc2c(c2c1cccc2)OCCCS(=O)(=O)O[Na])C(=O)N5CN1[C@@H]2N(C4)C(=O)N3[C@@H]2N(C1=O)CN1[C@@]2(N(C3)C(=O)N3[C@]2(C)N(C1=O)Cc1c(C3)c(OCCCS(=O)(=O)O[Na])c2c(c1OCCCS(=O)(=O)O[Na])cccc2)C)C)C,O=C1C=C(NC(=O)c2cc3ccccc3nc2O)[C@@H]([C@H]2[C@@H]1O2)O,other,4.556300163269043,C[C@]12N3Cc4c(c(OCCCS(=O)(=O)[O][Na])c5ccccc5c4OCCCS(=O)(=O)[O][Na])CN1C(=O)N1CN4C(=O)N5CN6C(=O)N7Cc8c(c(OCCCS(=O)(=O)[O][Na])c9ccccc9c8OCCCS(=O)(=O)[O][Na])CN8C(=O)N(CN9C(=O)N(CN(C3=O)[C@]12C)[C@@H]4[C@H]95)[C@]6(C)[C@@]78C,1051D36AAACAE48FD5F1E66929B325E14F767999AA707E5010C4574020990EA7,HOST_CAN_0089,PASS,O=C(NC1=CC(=O)[C@H]2O[C@H]2[C@H]1O)c1cc2ccccc2nc1O,FDF8CE2A8B4B2A3DB312AD1231F5B6666439F2E4BEB6DF93515A1333E1D206F0,GUEST_CAN_0852,PASS,AttentiveFP,3,guest_cold,4,4.3255295753479
1603,11,894,C1N2C3C4N(C2=O)CN5C6C7N(C5=O)CN8C9C2N(C8=O)CN5C8C%10N(C5=O)CN5C%11C%12N(C5=O)CN5C%13C%14N(C5=O)CN5C%15C%16N(C5=O)CN5C%17C(N1C5=O)N1CN3C(=O)N4CN6C(=O)N7CN9C(=O)N2CN8C(=O)N%10CN%11C(=O)N%12CN%13C(=O)N%14CN%15C(=O)N%16CN%17C1=O,C=Cn1cc[n+](c1)Cc1c(F)c(F)cc(c1F)F,cucurbituril,5.940100193023682,O=C1N2CN3C(=O)N4CN5C(=O)N6CN7C(=O)N8CN9C(=O)N%10CN%11C(=O)N%12CN%13C(=O)N%14CN%15C(=O)N%16CN1C1C2N2CN%17C(=O)N(CN%18C(=O)N(CN%19C(=O)N(CN%20C(=O)N(CN%21C(=O)N(CN%22C(=O)N(CN%23C(=O)N(CN1C2=O)C%16C%15%23)C%14C%13%22)C%12C%11%21)C%10C9%20)C8C7%19)C6C5%18)C4C3%17,E82CB7F52437B0147F435E3074F006752062FF8924E87C1DAF3210D182FF633B,HOST_CAN_0143,PASS,C=Cn1cc[n+](Cc2c(F)c(F)cc(F)c2F)c1,5AEED4486B3BB0E78B0234F0C3B0E6B752136B41852E28B37A6E7DAE01243EC0,GUEST_CAN_0056,PASS,AttentiveFP,3,guest_cold,4,5.9212751388549805
1612,1,106,C1C2=CC(=CC(=C2O)CC3=CC(=CC(=C3O)CC4=C(C(=CC(=C4)S(=O)(=O)O)CC5=C(C1=CC(=C5)S(=O)(=O)O)O)O)S(=O)(=O)O)S(=O)(=O)O,CC1(C2CCC1(C(=O)C2)C)C,calixarene,2.8129000663757324,O=S(=O)(O)c1cc2c(O)c(c1)Cc1cc(S(=O)(=O)O)cc(c1O)Cc1cc(S(=O)(=O)O)cc(c1O)Cc1cc(S(=O)(=O)O)cc(c1O)C2,C1130CCDC8DA0C6458EF6C2E07E7F3330D8F8B055CBE4DEAADB70DC00C8CDFC1,HOST_CAN_0154,PASS,CC12CCC(CC1=O)C2(C)C,E24F935BD21DA0C5862F5F2938AB9A4C9205A66880F3E5382749307F674BBBCE,GUEST_CAN_0230,PASS,AttentiveFP,3,guest_cold,4,4.51650857925415
1615,113,456,CC(C)(C)C1=CC(=C(C=C1)NC(=O)NC2=CC=C(C=C2)OC)C#CC3=CC(=CC(=C3)F)C#CC4=C(C=CC(=C4)C(C)(C)C)NC(=O)NC5=CC=C(C=C5)OC,[N+](=O)([O-])[O-].C(CCC)[N+](CCCC)(CCCC)CCCC,other,3.6821000576019287,COc1ccc(NC(=O)Nc2ccc(C(C)(C)C)cc2C#Cc2cc(F)cc(C#Cc3cc(C(C)(C)C)ccc3NC(=O)Nc3ccc(OC)cc3)c2)cc1,CC14C98694D7DB72052C5901A8B30B3BF101C436F16C1C7E4CC798C85C914ABF,HOST_CAN_0076,PASS,CCCC[N+](CCCC)(CCCC)CCCC.O=[N+]([O-])[O-],6D4B26D3D683A1392C95388B8B9856D8C2F81515BE0ED5278F99FF88C33B25A7,GUEST_CAN_0315,PASS,AttentiveFP,3,guest_cold,4,3.026169538497925
1620,3,901,OC[C@H]1O[C@@H]2O[C@@H]3[C@@H](CO)O[C@H](O[C@@H]4[C@@H](CO)O[C@H](O[C@@H]5[C@@H](CO)O[C@H](O[C@@H]6[C@@H](CO)O[C@H](O[C@@H]7[C@@H](CO)O[C@H](O[C@@H]8[C@@H](CO)O[C@H](O[C@H]1[C@H](O)[C@H]2O)[C@H](O)[C@H]8O)[C@H](O)[C@H]7O)[C@H](O)[C@H]6O)[C@H](O)[C@H]5O)[C@H](O)[C@H]4O)[C@H](O)[C@H]3O,COC(C1=CC=CC=C1)C(=O)O,cyclodextrin,0.9986000061035156,OC[C@H]1O[C@@H]2O[C@H]3[C@H](O)[C@@H](O)[C@@H](O[C@H]4[C@H](O)[C@@H](O)[C@@H](O[C@H]5[C@H](O)[C@@H](O)[C@@H](O[C@H]6[C@H](O)[C@@H](O)[C@@H](O[C@H]7[C@H](O)[C@@H](O)[C@@H](O[C@H]8[C@H](O)[C@@H](O)[C@@H](O[C@H]1[C@H](O)[C@H]2O)O[C@@H]8CO)O[C@@H]7CO)O[C@@H]6CO)O[C@@H]5CO)O[C@@H]4CO)O[C@@H]3CO,22584443D9512992310760C9871E3E6BDB3EDC92006F3EF1EC94F44373907EB1,HOST_CAN_0176,PASS,COC(C(=O)O)c1ccccc1,54678FA8D963898169DC8A9BB54D73147D3A227DAAEC7A42E2E3C8C4083D2314,GUEST_CAN_0453,PASS,AttentiveFP,3,guest_cold,4,2.424037456512451
1627,113,175,CC(C)(C)C1=CC(=C(C=C1)NC(=O)NC2=CC=C(C=C2)OC)C#CC3=CC(=CC(=C3)F)C#CC4=C(C=CC(=C4)C(C)(C)C)NC(=O)NC5=CC=C(C=C5)OC,CCCC[N+](CCCC)(CCCC)CCCC.[I-],other,2.380199909210205,COc1ccc(NC(=O)Nc2ccc(C(C)(C)C)cc2C#Cc2cc(F)cc(C#Cc3cc(C(C)(C)C)ccc3NC(=O)Nc3ccc(OC)cc3)c2)cc1,CC14C98694D7DB72052C5901A8B30B3BF101C436F16C1C7E4CC798C85C914ABF,HOST_CAN_0076,PASS,CCCC[N+](CCCC)(CCCC)CCCC.[I-],AEB60E90607A4F8C1F949B3EACD125A2B91E0A4DEAD7B24D9097176DB9E506E4,GUEST_CAN_0318,PASS,AttentiveFP,3,guest_cold,4,3.4720704555511475
1628,3,905,OC[C@H]1O[C@@H]2O[C@@H]3[C@@H](CO)O[C@H](O[C@@H]4[C@@H](CO)O[C@H](O[C@@H]5[C@@H](CO)O[C@H](O[C@@H]6[C@@H](CO)O[C@H](O[C@@H]7[C@@H](CO)O[C@H](O[C@@H]8[C@@H](CO)O[C@H](O[C@H]1[C@H](O)[C@H]2O)[C@H](O)[C@H]8O)[C@H](O)[C@H]7O)[C@H](O)[C@H]6O)[C@H](O)[C@H]5O)[C@H](O)[C@H]4O)[C@H](O)[C@H]3O,[O-]C(=O)Cc1ccc(cc1)C,cyclodextrin,1.6064000129699707,OC[C@H]1O[C@@H]2O[C@H]3[C@H](O)[C@@H](O)[C@@H](O[C@H]4[C@H](O)[C@@H](O)[C@@H](O[C@H]5[C@H](O)[C@@H](O)[C@@H](O[C@H]6[C@H](O)[C@@H](O)[C@@H](O[C@H]7[C@H](O)[C@@H](O)[C@@H](O[C@H]8[C@H](O)[C@@H](O)[C@@H](O[C@H]1[C@H](O)[C@H]2O)O[C@@H]8CO)O[C@@H]7CO)O[C@@H]6CO)O[C@@H]5CO)O[C@@H]4CO)O[C@@H]3CO,22584443D9512992310760C9871E3E6BDB3EDC92006F3EF1EC94F44373907EB1,HOST_CAN_0176,PASS,Cc1ccc(CC(=O)[O-])cc1,76CD6F93F5AC11A4656AE70BE5EB86D7B9323AA38F3EF1263B5AC76F366FC27F,GUEST_CAN_0657,PASS,AttentiveFP,3,guest_cold,4,2.4198999404907227
1633,11,174,C1N2C3C4N(C2=O)CN5C6C7N(C5=O)CN8C9C2N(C8=O)CN5C8C%10N(C5=O)CN5C%11C%12N(C5=O)CN5C%13C%14N(C5=O)CN5C%15C%16N(C5=O)CN5C%17C(N1C5=O)N1CN3C(=O)N4CN6C(=O)N7CN9C(=O)N2CN8C(=O)N%10CN%11C(=O)N%12CN%13C(=O)N%14CN%15C(=O)N%16CN%17C1=O,C1CCC(=O)C1,cucurbituril,3.0413999557495117,O=C1N2CN3C(=O)N4CN5C(=O)N6CN7C(=O)N8CN9C(=O)N%10CN%11C(=O)N%12CN%13C(=O)N%14CN%15C(=O)N%16CN1C1C2N2CN%17C(=O)N(CN%18C(=O)N(CN%19C(=O)N(CN%20C(=O)N(CN%21C(=O)N(CN%22C(=O)N(CN%23C(=O)N(CN1C2=O)C%16C%15%23)C%14C%13%22)C%12C%11%21)C%10C9%20)C8C7%19)C6C5%18)C4C3%17,E82CB7F52437B0147F435E3074F006752062FF8924E87C1DAF3210D182FF633B,HOST_CAN_0143,PASS,O=C1CCCC1,25EF9BCA067EFDF8312513E5FD1068CDF46BCEC786214EA2FEDA0313CE4A4F3B,GUEST_CAN_0918,PASS,AttentiveFP,3,guest_cold,4,5.199110507965088
1642,3,803,OC[C@H]1O[C@@H]2O[C@@H]3[C@@H](CO)O[C@H](O[C@@H]4[C@@H](CO)O[C@H](O[C@@H]5[C@@H](CO)O[C@H](O[C@@H]6[C@@H](CO)O[C@H](O[C@@H]7[C@@H](CO)O[C@H](O[C@@H]8[C@@H](CO)O[C@H](O[C@H]1[C@H](O)[C@H]2O)[C@H](O)[C@H]8O)[C@H](O)[C@H]7O)[C@H](O)[C@H]6O)[C@H](O)[C@H]5O)[C@H](O)[C@H]4O)[C@H](O)[C@H]3O,CC[N+](=C1C=CC2=NC3C(C(=C(C=C3N)N)C)OC2=C1)CC.[Cl-],cyclodextrin,2.7135000228881836,OC[C@H]1O[C@@H]2O[C@H]3[C@H](O)[C@@H](O)[C@@H](O[C@H]4[C@H](O)[C@@H](O)[C@@H](O[C@H]5[C@H](O)[C@@H](O)[C@@H](O[C@H]6[C@H](O)[C@@H](O)[C@@H](O[C@H]7[C@H](O)[C@@H](O)[C@@H](O[C@H]8[C@H](O)[C@@H](O)[C@@H](O[C@H]1[C@H](O)[C@H]2O)O[C@@H]8CO)O[C@@H]7CO)O[C@@H]6CO)O[C@@H]5CO)O[C@@H]4CO)O[C@@H]3CO,22584443D9512992310760C9871E3E6BDB3EDC92006F3EF1EC94F44373907EB1,HOST_CAN_0176,PASS,CC[N+](CC)=C1C=CC2=NC3C(N)=CC(N)=C(C)C3OC2=C1.[Cl-],6830F35228C0ECB38BAEE550D3E613DC9CA93C110591DF19261CA9174EF7F0A2,GUEST_CAN_0378,PASS,AttentiveFP,3,guest_cold,4,2.7071900367736816
1646,8,913,C1N2C3C4N(C2=O)CN5C6C7N(C5=O)CN8C9C2N(C8=O)CN5C8C%10N(C5=O)CN5C%11C%12N(C5=O)CN5C%13C(N1C5=O)N1CN3C(=O)N4CN6C(=O)N7CN9C(=O)N2CN8C(=O)N%10CN%11C(=O)N%12CN%13C1=O,C(C1=CC=CC=C1)[NH3+],cucurbituril,2.43179988861084,O=C1N2CN3C(=O)N4CN5C(=O)N6CN7C(=O)N8CN9C(=O)N%10CN%11C(=O)N%12CN1C1C2N2CN%13C(=O)N(CN%14C(=O)N(CN%15C(=O)N(CN%16C(=O)N(CN%17C(=O)N(CN1C2=O)C%12C%11%17)C%10C9%16)C8C7%15)C6C5%14)C4C3%13,2526C525F966BEE6CB589BBB60C9F4124C02584847747BDAFF4E92B4462536E8,HOST_CAN_0149,PASS,[NH3+]Cc1ccccc1,866BA1086C256C20A0F0A52901D8D889D4D162AB6005A2B8E393BE66CFDF0A3D,GUEST_CAN_1095,PASS,AttentiveFP,3,guest_cold,4,3.3852357864379883
1650,12,201,O1CCOCCN2CCOCCOCCOCCN(CCOCC1)CCOCCOCCOCC2,[Li+],other,2.0,C1COCCN2CCOCCOCCOCCN(CCOCCO1)CCOCCOCCOCC2,85C7C02142B236ECBC1FC9E9A1DD4E3252A7651F7F5B037994877CF5373B1DC8,HOST_CAN_0006,PASS,[Li+],A7557B375892DC7E581DDC6CA9773574F95B6514113F07A19BDE6059504332FE,GUEST_CAN_1071,PASS,AttentiveFP,3,guest_cold,4,1.553856372833252
1653,30,891,C1C2=CC(=CC(=C2O)CC3=CC(=CC(=C3O)CC4=CC(=CC(=C4O)CC5=C(C(=CC(=C5)S(=O)(=O)[O-])CC6=C(C(=CC(=C6)S(=O)(=O)[O-])CC7=C(C1=CC(=C7)S(=O)(=O)[O-])O)O)O)S(=O)(=O)[O-])S(=O)(=O)[O-])S(=O)(=O)[O-],C(CC(C(=O)NC(CCCN=C(N)N)C(=O)NC(CCCN=C(N)N)C(=O)O)N)CN=C(N)N,calixarene,3.2040998935699463,O=S(=O)([O-])c1cc2c(O)c(c1)Cc1cc(S(=O)(=O)[O-])cc(c1O)Cc1cc(S(=O)(=O)[O-])cc(c1O)Cc1cc(S(=O)(=O)[O-])cc(c1O)Cc1cc(S(=O)(=O)[O-])cc(c1O)Cc1cc(S(=O)(=O)[O-])cc(c1O)C2,175E9D01D3A7DD7BE73E9B8659E8BAA0A16B2D5C4CCEFE3BEFED10121429BF10,HOST_CAN_0164,PASS,NC(N)=NCCCC(N)C(=O)NC(CCCN=C(N)N)C(=O)NC(CCCN=C(N)N)C(=O)O,A9EE6309268C1B7B9709FEAFED1ABB412DB44B25953335CC5756B785F67289A0,GUEST_CAN_0748,PASS,AttentiveFP,3,guest_cold,4,3.699098587036133
1656,38,175,C1C2C3=CC=CC=C3C4=C5C6CC7=CC=CC=C7C8=CC(=CC(=C8)C9=CC=CC=C9CC3C7=CC=CC=C7C(=C24)C3=C5C2=CC=CC=C62)C2=CC=CC=C21,CCCC[N+](CCCC)(CCCC)CCCC.[I-],cyclophane,4.99560022354126,c1ccc2c(c1)CC1c3ccccc3-c3c1c1c4c5c3C(Cc3ccccc3-c3cc-2cc(c3)-c2ccccc2CC4c2ccccc2-1)c1ccccc1-5,7D60610AC6275537B6952E12359C97C789A38E2FA1295732E16AF89573CE95C4,HOST_CAN_0186,PASS,CCCC[N+](CCCC)(CCCC)CCCC.[I-],AEB60E90607A4F8C1F949B3EACD125A2B91E0A4DEAD7B24D9097176DB9E506E4,GUEST_CAN_0318,PASS,AttentiveFP,3,guest_cold,4,4.3044233322143555
1660,11,919,C1N2C3C4N(C2=O)CN5C6C7N(C5=O)CN8C9C2N(C8=O)CN5C8C%10N(C5=O)CN5C%11C%12N(C5=O)CN5C%13C%14N(C5=O)CN5C%15C%16N(C5=O)CN5C%17C(N1C5=O)N1CN3C(=O)N4CN6C(=O)N7CN9C(=O)N2CN8C(=O)N%10CN%11C(=O)N%12CN%13C(=O)N%14CN%15C(=O)N%16CN%17C1=O,CC12CCC3C(C1CCC2=O)CCC4=C3C=CC(=C4)O,cucurbituril,6.397900104522705,O=C1N2CN3C(=O)N4CN5C(=O)N6CN7C(=O)N8CN9C(=O)N%10CN%11C(=O)N%12CN%13C(=O)N%14CN%15C(=O)N%16CN1C1C2N2CN%17C(=O)N(CN%18C(=O)N(CN%19C(=O)N(CN%20C(=O)N(CN%21C(=O)N(CN%22C(=O)N(CN%23C(=O)N(CN1C2=O)C%16C%15%23)C%14C%13%22)C%12C%11%21)C%10C9%20)C8C7%19)C6C5%18)C4C3%17,E82CB7F52437B0147F435E3074F006752062FF8924E87C1DAF3210D182FF633B,HOST_CAN_0143,PASS,CC12CCC3c4ccc(O)cc4CCC3C1CCC2=O,A4BEB260F8BE6D8CD5736C151EB1EF10F3C0AF04DA5BDD1B31C8646666782E3F,GUEST_CAN_0233,PASS,AttentiveFP,3,guest_cold,4,6.893060207366943
1666,23,157,OC[C@H]1O[C@@H]2O[C@@H]3[C@@H](CO)O[C@H](O[C@@H]4[C@@H](CO)O[C@H](O[C@@H]5[C@@H](CO)O[C@H](O[C@@H]6[C@@H](CO)O[C@H](O[C@@H]7[C@@H](CO)O[C@H](O[C@H]1[C@H](O)[C@H]2O)[C@H](O)[C@H]7O)[C@H](O)[C@H]6O)[C@H](O)[C@H]5O)[C@H](O)[C@H]4O)[C@H](O)[C@H]3O,F[P-](F)(F)(F)(F)F.[Na+],cyclodextrin,1.3580000400543213,OC[C@H]1O[C@@H]2O[C@H]3[C@H](O)[C@@H](O)[C@@H](O[C@H]4[C@H](O)[C@@H](O)[C@@H](O[C@H]5[C@H](O)[C@@H](O)[C@@H](O[C@H]6[C@H](O)[C@@H](O)[C@@H](O[C@H]7[C@H](O)[C@@H](O)[C@@H](O[C@H]1[C@H](O)[C@H]2O)O[C@@H]7CO)O[C@@H]6CO)O[C@@H]5CO)O[C@@H]4CO)O[C@@H]3CO,9CB41F926A4386D7C0E23599753E6EDC60802BE1DCF577DB9B32CBB20691DB1D,HOST_CAN_0175,PASS,F[P-](F)(F)(F)(F)F.[Na+],70B37F864AA04D4E558B70627441F815145BB79C93E4218BE310755F84FFDF85,GUEST_CAN_0710,PASS,AttentiveFP,3,guest_cold,4,2.2960970401763916
1669,48,804,[Na]OS(=O)(=O)CCCOc1c2CN3C(=O)N4[C@]5([C@@]3(N(Cc2c(c2c1cccc2)OCCCS(=O)(=O)O[Na])C(=O)N5CN1[C@@]2(N(C4)C(=O)N3[C@]2(C)N(C1=O)Cc1c(C3)c(OCCCS(=O)(=O)O[Na])c2c(c1OCCCS(=O)(=O)O[Na])cccc2)C)C)C,C(CC[NH2+]CCC[NH3+])C[NH2+]CCC[NH3+],other,2.926300048828125,C[C@]12N3Cc4c(c(OCCCS(=O)(=O)[O][Na])c5ccccc5c4OCCCS(=O)(=O)[O][Na])CN1C(=O)N1CN4C(=O)N5Cc6c(c(OCCCS(=O)(=O)[O][Na])c7ccccc7c6OCCCS(=O)(=O)[O][Na])CN6C(=O)N(CN(C3=O)[C@]12C)[C@]4(C)[C@@]56C,D18B807A904C56B05E199911FB10FFB774349CC49BBD32D2EFAFF4C892BA649F,HOST_CAN_0090,PASS,[NH3+]CCC[NH2+]CCCC[NH2+]CCC[NH3+],F142ABDE94046BD889A6018A8CC9A1CABFE1438B6BBCA9BCE41E1C9A457C9632,GUEST_CAN_1089,PASS,AttentiveFP,3,guest_cold,4,3.494786262512207
1671,46,343,C1C2=CC(=CC(=C2O)CC3=CC(=CC(=C3O)CC4=C(C(=CC(=C4)S(=O)(=O)O)CC5=C(C1=CC(=C5)S(=O)(=O)[O-])O)O)S(=O)(=O)O)S(=O)(=O)O.[Na+],C1=CC(=C(C=C1F)F)C(CN2C=NC=N2)(CN3C=NC=N3)O,calixarene,2.2227001190185547,O=S(=O)([O-])c1cc2c(O)c(c1)Cc1cc(S(=O)(=O)O)cc(c1O)Cc1cc(S(=O)(=O)O)cc(c1O)Cc1cc(S(=O)(=O)O)cc(c1O)C2.[Na+],CA94CECC10EDB9167B38E05C5D125873C9C1506ED227A3D9C6CBBCD696828A96,HOST_CAN_0163,PASS,OC(Cn1cncn1)(Cn1cncn1)c1ccc(F)cc1F,9594D6554481AE705E34C4725B7F3A9B5DBA2473D6C5446C3E91C1B9495B2086,GUEST_CAN_0957,PASS,AttentiveFP,3,guest_cold,4,3.2430009841918945
1678,101,923,CC12C3(N4CN5C6C7N(C5=O)CN8C9C5N(C8=O)CN8C(=O)N%10CC%11=C(C=CC%12=C%11C(=C(C=C%12)OCCCS(=O)(=O)[O-])CN%11C%10(C8(N(C%11=O)CN5C(=O)N9CN7C(=O)N6CN3C(=O)N1CC1=C(C=CC3=C1C(=C(C=C3)OCCCS(=O)(=O)[O-])CN2C4=O)OCCCS(=O)(=O)[O-])C)C)OCCCS(=O)(=O)[O-])C.[Na+].[Na+].[Na+].[Na+],C1=C(N=C(S1)N=C(N)N)CSCCC(=NS(=O)(=O)N)N,cucurbituril,5.431399822235107,CC12N3Cc4c(OCCCS(=O)(=O)[O-])ccc5ccc(OCCCS(=O)(=O)[O-])c(c45)CN1C(=O)N1CN4C(=O)N5CN6C(=O)N7CN8C(=O)N9Cc%10c(OCCCS(=O)(=O)[O-])ccc%11ccc(OCCCS(=O)(=O)[O-])c(c%10%11)CN%10C(=O)N(CN%11C(=O)N(CN%12C(=O)N(CN(C3=O)C12C)C4C%125)C6C%117)C8(C)C%109C.[Na+].[Na+].[Na+].[Na+],D06B992717C42348D2028871BE8CF32C393DC5D34135FC7CB387827D0E760D24,HOST_CAN_0017,PASS,NC(N)=Nc1nc(CSCCC(N)=NS(N)(=O)=O)cs1,C278CD41E303334ECE190B1DCB1D3235703FA571589B367F21226679E0903877,GUEST_CAN_0752,PASS,AttentiveFP,3,guest_cold,4,5.00726318359375
1682,51,925,C1N2C3C4N(C2=O)CN5C6C7N(C5=O)CN8C9C2N(C8=O)CN5C8C%10N(C5=O)CN5C%11C%12N(C5=O)CN5C%13C%14N(C5=O)CN5C%15C%16N(C5=O)CN5C%17C%18N(C5=O)CN5C%19C%20N(C5=O)CN5C%21C(N1C5=O)N1CN3C(=O)N4CN6C(=O)N7CN9C(=O)N2CN8C(=O)N%10CN%11C(=O)N%12CN%13C(=O)N%14CN%15C(=O)N%16CN%17C(=O)N%18CN%19C(=O)N%20CN%21C1=O,c1ccc2c(n1)c1ncccc1cc2.c1ccc2c(n1)c1ncccc1cc2.c1ccc2c(n1)c1ncccc1cc2.[Ir+3],cucurbituril,7.0,O=C1N2CN3C(=O)N4CN5C(=O)N6CN7C(=O)N8CN9C(=O)N%10CN%11C(=O)N%12CN%13C(=O)N%14CN%15C(=O)N%16CN%17C(=O)N%18CN%19C(=O)N%20CN1C1C2N2CN%21C(=O)N(CN%22C(=O)N(CN%23C(=O)N(CN%24C(=O)N(CN%25C(=O)N(CN%26C(=O)N(CN%27C(=O)N(CN%28C(=O)N(CN%29C(=O)N(CN1C2=O)C%20C%19%29)C%18C%17%28)C%16C%15%27)C%14C%13%26)C%12C%11%25)C%10C9%24)C8C7%23)C6C5%22)C4C3%21,E6025A48DEEE6C9E6878EC627A6CB37BA95516523DC76F4BD8E7A3BC0D967C68,HOST_CAN_0142,PASS,[Ir+3].c1cnc2c(c1)ccc1cccnc12.c1cnc2c(c1)ccc1cccnc12.c1cnc2c(c1)ccc1cccnc12,1B782584E4FDDB9DDEF7F5F5CEE10371FBA62BF5316F56E291FB7B4B074F243F,GUEST_CAN_1066,PASS,AttentiveFP,3,guest_cold,4,6.191135406494141
1688,1,477,C1C2=CC(=CC(=C2O)CC3=CC(=CC(=C3O)CC4=C(C(=CC(=C4)S(=O)(=O)O)CC5=C(C1=CC(=C5)S(=O)(=O)O)O)O)S(=O)(=O)O)S(=O)(=O)O,C1=CC=C(C=C1)CC(C(=O)O)N,calixarene,3.140000104904175,O=S(=O)(O)c1cc2c(O)c(c1)Cc1cc(S(=O)(=O)O)cc(c1O)Cc1cc(S(=O)(=O)O)cc(c1O)Cc1cc(S(=O)(=O)O)cc(c1O)C2,C1130CCDC8DA0C6458EF6C2E07E7F3330D8F8B055CBE4DEAADB70DC00C8CDFC1,HOST_CAN_0154,PASS,NC(Cc1ccccc1)C(=O)O,4B6B1236F1C31D28D9F95F736FF46B2960AFF4F6FCE3D9E76CF43DE2ADDE8B08,GUEST_CAN_0746,PASS,AttentiveFP,3,guest_cold,4,2.610532760620117
1698,27,931,C[N+](CCCC1c2cc3c4cc2OCOc2c1cc1c(c2)OCOc2c(C1CCC[N+](C)(C)C)cc1C(c5cc(C3CCC[N+](C)(C)C)c(OCO4)cc5OCOc1c2)CCC[N+](C)(C)C)(C)C.[Cl-].[Cl-].[Cl-].[Cl-],[F-].[Na+],cavitand,2.0169999599456787,C[N+](C)(C)CCCC1c2cc3c4cc2OCOc2cc5c(cc21)C(CCC[N+](C)(C)C)c1cc2c(cc1OCO5)OCOc1cc(c(cc1C2CCC[N+](C)(C)C)C3CCC[N+](C)(C)C)OCO4.[Cl-].[Cl-].[Cl-].[Cl-],BE088984763C14FD65B8A34D618A60117E825B49BF929FD4529F9E4120B2F425,HOST_CAN_0095,PASS,[F-].[Na+],6C44921675629797D9854E796F25771DFB2E004F4878E464505355BC9484C5D4,GUEST_CAN_1056,PASS,AttentiveFP,3,guest_cold,4,1.9991705417633057
1704,30,936,C1C2=CC(=CC(=C2O)CC3=CC(=CC(=C3O)CC4=CC(=CC(=C4O)CC5=C(C(=CC(=C5)S(=O)(=O)[O-])CC6=C(C(=CC(=C6)S(=O)(=O)[O-])CC7=C(C1=CC(=C7)S(=O)(=O)[O-])O)O)O)S(=O)(=O)[O-])S(=O)(=O)[O-])S(=O)(=O)[O-],[Co+2],calixarene,3.754300117492676,O=S(=O)([O-])c1cc2c(O)c(c1)Cc1cc(S(=O)(=O)[O-])cc(c1O)Cc1cc(S(=O)(=O)[O-])cc(c1O)Cc1cc(S(=O)(=O)[O-])cc(c1O)Cc1cc(S(=O)(=O)[O-])cc(c1O)Cc1cc(S(=O)(=O)[O-])cc(c1O)C2,175E9D01D3A7DD7BE73E9B8659E8BAA0A16B2D5C4CCEFE3BEFED10121429BF10,HOST_CAN_0164,PASS,[Co+2],EEBF38895788BC7455EBBA493D0BB2107793654FEE6BBB7B104B871D0A04E786,GUEST_CAN_1050,PASS,AttentiveFP,3,guest_cold,4,3.296830415725708
1714,3,943,OC[C@H]1O[C@@H]2O[C@@H]3[C@@H](CO)O[C@H](O[C@@H]4[C@@H](CO)O[C@H](O[C@@H]5[C@@H](CO)O[C@H](O[C@@H]6[C@@H](CO)O[C@H](O[C@@H]7[C@@H](CO)O[C@H](O[C@@H]8[C@@H](CO)O[C@H](O[C@H]1[C@H](O)[C@H]2O)[C@H](O)[C@H]8O)[C@H](O)[C@H]7O)[C@H](O)[C@H]6O)[C@H](O)[C@H]5O)[C@H](O)[C@H]4O)[C@H](O)[C@H]3O,C[C@@H]1CC[C@H](CC1)O,cyclodextrin,3.328399896621704,OC[C@H]1O[C@@H]2O[C@H]3[C@H](O)[C@@H](O)[C@@H](O[C@H]4[C@H](O)[C@@H](O)[C@@H](O[C@H]5[C@H](O)[C@@H](O)[C@@H](O[C@H]6[C@H](O)[C@@H](O)[C@@H](O[C@H]7[C@H](O)[C@@H](O)[C@@H](O[C@H]8[C@H](O)[C@@H](O)[C@@H](O[C@H]1[C@H](O)[C@H]2O)O[C@@H]8CO)O[C@@H]7CO)O[C@@H]6CO)O[C@@H]5CO)O[C@@H]4CO)O[C@@H]3CO,22584443D9512992310760C9871E3E6BDB3EDC92006F3EF1EC94F44373907EB1,HOST_CAN_0176,PASS,C[C@H]1CC[C@H](O)CC1,93F6717A993242215ED7AE070CC1770E3B9670346C0B2E209A9C9DE36DFD12FF,GUEST_CAN_0549,PASS,AttentiveFP,3,guest_cold,4,2.6948328018188477
1721,156,521,C1N2[C@H]3[C@@H](N(C2=O)CN4[C@H]5[C@@H](N(C4=O)CN6[C@H]7[C@@H](N(C6=O)CN8[C@H]9[C@@H](N(C8=O)CN2[C@H]4[C@@H](N(C2=O)CN2[C@H]6[C@@H](N1C2=O)N(C(=O)N6CC1=CC=CC=C1)CC1=CC=CC=C1)N(C(=O)N4CC1=CC=CC=C1)CC1=CC=CC=C1)N(C(=O)N9CC1=CC=CC=C1)CC1=CC=CC=C1)N(C(=O)N7CC1=CC=CC=C1)CC1=CC=CC=C1)N(C(=O)N5CC1=CC=CC=C1)CC1=CC=CC=C1)N(C(=O)N3CC1=CC=CC=C1)CC1=CC=CC=C1,[Cl-],other,6.959000110626221,O=C1N(Cc2ccccc2)[C@H]2[C@@H](N1Cc1ccccc1)N1CN3C(=O)N(CN4C(=O)N(CN5C(=O)N(CN6C(=O)N(CN7C(=O)N(CN2C1=O)[C@H]1[C@@H]7N(Cc2ccccc2)C(=O)N1Cc1ccccc1)[C@H]1[C@@H]6N(Cc2ccccc2)C(=O)N1Cc1ccccc1)[C@H]1[C@@H]5N(Cc2ccccc2)C(=O)N1Cc1ccccc1)[C@H]1[C@@H]4N(Cc2ccccc2)C(=O)N1Cc1ccccc1)[C@H]1[C@@H]3N(Cc2ccccc2)C(=O)N1Cc1ccccc1,491792C091BC32640F3328D1424439A6D9709A148A5262B4DDD07A91FD704657,HOST_CAN_0140,PASS,[Cl-],21C8D33686776387B6A57D02C12EDC885AFA97A58E90478063570CDACEDA8054,GUEST_CAN_1022,PASS,AttentiveFP,3,guest_cold,4,4.0528106689453125
1735,30,949,C1C2=CC(=CC(=C2O)CC3=CC(=CC(=C3O)CC4=CC(=CC(=C4O)CC5=C(C(=CC(=C5)S(=O)(=O)[O-])CC6=C(C(=CC(=C6)S(=O)(=O)[O-])CC7=C(C1=CC(=C7)S(=O)(=O)[O-])O)O)O)S(=O)(=O)[O-])S(=O)(=O)[O-])S(=O)(=O)[O-],[O-]c1ccc2c(c1)oc1-c(c2c2ccccc2C(=O)[O-])ccc(=O)c1,calixarene,3.783900022506714,O=S(=O)([O-])c1cc2c(O)c(c1)Cc1cc(S(=O)(=O)[O-])cc(c1O)Cc1cc(S(=O)(=O)[O-])cc(c1O)Cc1cc(S(=O)(=O)[O-])cc(c1O)Cc1cc(S(=O)(=O)[O-])cc(c1O)Cc1cc(S(=O)(=O)[O-])cc(c1O)C2,175E9D01D3A7DD7BE73E9B8659E8BAA0A16B2D5C4CCEFE3BEFED10121429BF10,HOST_CAN_0164,PASS,O=C([O-])c1ccccc1-c1c2ccc(=O)cc-2oc2cc([O-])ccc12,46256330BE528666D111033C130C7C029A2092FF2942927C1803A9F444584A3F,GUEST_CAN_0909,PASS,AttentiveFP,3,guest_cold,4,4.865697383880615
1736,11,950,C1N2C3C4N(C2=O)CN5C6C7N(C5=O)CN8C9C2N(C8=O)CN5C8C%10N(C5=O)CN5C%11C%12N(C5=O)CN5C%13C%14N(C5=O)CN5C%15C%16N(C5=O)CN5C%17C(N1C5=O)N1CN3C(=O)N4CN6C(=O)N7CN9C(=O)N2CN8C(=O)N%10CN%11C(=O)N%12CN%13C(=O)N%14CN%15C(=O)N%16CN%17C1=O,[N+](=O)([O-])C1=CC=C(C[C@@H](N)C(=O)O)C=C1,cucurbituril,4.698999881744385,O=C1N2CN3C(=O)N4CN5C(=O)N6CN7C(=O)N8CN9C(=O)N%10CN%11C(=O)N%12CN%13C(=O)N%14CN%15C(=O)N%16CN1C1C2N2CN%17C(=O)N(CN%18C(=O)N(CN%19C(=O)N(CN%20C(=O)N(CN%21C(=O)N(CN%22C(=O)N(CN%23C(=O)N(CN1C2=O)C%16C%15%23)C%14C%13%22)C%12C%11%21)C%10C9%20)C8C7%19)C6C5%18)C4C3%17,E82CB7F52437B0147F435E3074F006752062FF8924E87C1DAF3210D182FF633B,HOST_CAN_0143,PASS,N[C@H](Cc1ccc([N+](=O)[O-])cc1)C(=O)O,C0A92DA2BA0FECBA08E85F3B98F453278C08E181C7FB316C1EA5A85D326C8A3E,GUEST_CAN_0822,PASS,AttentiveFP,3,guest_cold,4,4.203810691833496
1741,148,198,COC[C@H]1O[C@@H]2O[C@H]3[C@H](COC)O[C@H]([C@H]([C@@H]3OC)OC)O[C@H]3[C@H](COC)O[C@H]([C@H]([C@@H]3OC)OC)O[C@H]3[C@H](COC)O[C@H]([C@H]([C@@H]3OC)OC)O[C@H]3[C@@H](O[C@@H](O[C@@H]4[C@H](O[C@H](O[C@@H]5[C@H](O[C@H](O[C@H]1[C@@H]([C@H]2OC)OC)[C@H](OC)[C@H]5OC)COc1cccc2c1nccc2)[C@H](OC)[C@H]4OC)COC)[C@@H](OC)[C@@H]3OC)COC,CC(CCC(=O)[O-])C1CCC2C1(C(CC3C2CCC4C3(CCC(C4)O)C)O)C.[Na+],cyclodextrin,3.8726999759674072,COC[C@@H]1O[C@H]2O[C@@H]3[C@@H](OC)[C@H](OC)[C@H](O[C@H]4[C@H](OC)[C@@H](OC)[C@@H](O[C@H]5[C@H](OC)[C@@H](OC)[C@@H](O[C@H]6[C@H](OC)[C@@H](OC)[C@@H](O[C@@H]7[C@@H](OC)[C@H](OC)[C@H](O[C@@H]8[C@@H](OC)[C@H](OC)[C@H](O[C@@H]1[C@@H](OC)[C@@H]2OC)O[C@H]8COC)O[C@H]7COC)O[C@@H]6COC)O[C@@H]5COc1cccc2cccnc12)O[C@@H]4COC)O[C@H]3COC,BE6818D0F7F39A9C8E583555E0CBF232C6316093EE196DB44DE66AC74E86FDDD,HOST_CAN_0063,PASS,CC(CCC(=O)[O-])C1CCC2C3CCC4CC(O)CCC4(C)C3CC(O)C12C.[Na+],AAE8955CE9801473265577821D0239EBE4B6812D89DD2C64FBC72356DA8A31D4,GUEST_CAN_0174,PASS,AttentiveFP,3,guest_cold,4,3.3860416412353516
1751,124,175,CC(C)(C)C1=CC(=C(C=C1)NC(=O)NC2=CC=C(C=C2)OC)C#CC3=CC(=CC(=C3)[N+](=O)[O-])C#CC4=C(C=CC(=C4)C(C)(C)C)NC(=O)NC5=CC=C(C=C5)OC,CCCC[N+](CCCC)(CCCC)CCCC.[I-],other,2.763400077819824,COc1ccc(NC(=O)Nc2ccc(C(C)(C)C)cc2C#Cc2cc(C#Cc3cc(C(C)(C)C)ccc3NC(=O)Nc3ccc(OC)cc3)cc([N+](=O)[O-])c2)cc1,8DCC7464D23383F1AE40036D7D458C209BF9C2BB013AE26B6E3A977C1D16796E,HOST_CAN_0074,PASS,CCCC[N+](CCCC)(CCCC)CCCC.[I-],AEB60E90607A4F8C1F949B3EACD125A2B91E0A4DEAD7B24D9097176DB9E506E4,GUEST_CAN_0318,PASS,AttentiveFP,3,guest_cold,4,3.5734641551971436
1753,11,958,C1N2C3C4N(C2=O)CN5C6C7N(C5=O)CN8C9C2N(C8=O)CN5C8C%10N(C5=O)CN5C%11C%12N(C5=O)CN5C%13C%14N(C5=O)CN5C%15C%16N(C5=O)CN5C%17C(N1C5=O)N1CN3C(=O)N4CN6C(=O)N7CN9C(=O)N2CN8C(=O)N%10CN%11C(=O)N%12CN%13C(=O)N%14CN%15C(=O)N%16CN%17C1=O,O=C(NC1=CC=CC2=CC=CC=C21)OCCOCCOCCOCCOCCOCCOCCOCCOCCOCCOCCOCCOCCOCCOCCOCCOCCOCCOCCOCCOCCOCCOCCOCCOCCOCCOCCOCCOCCOCCOCCOCCOCCOCCOCCOCCOCCOCCOCCOCCOCCOCCOCCOCCOC,cucurbituril,4.113900184631348,O=C1N2CN3C(=O)N4CN5C(=O)N6CN7C(=O)N8CN9C(=O)N%10CN%11C(=O)N%12CN%13C(=O)N%14CN%15C(=O)N%16CN1C1C2N2CN%17C(=O)N(CN%18C(=O)N(CN%19C(=O)N(CN%20C(=O)N(CN%21C(=O)N(CN%22C(=O)N(CN%23C(=O)N(CN1C2=O)C%16C%15%23)C%14C%13%22)C%12C%11%21)C%10C9%20)C8C7%19)C6C5%18)C4C3%17,E82CB7F52437B0147F435E3074F006752062FF8924E87C1DAF3210D182FF633B,HOST_CAN_0143,PASS,COCCOCCOCCOCCOCCOCCOCCOCCOCCOCCOCCOCCOCCOCCOCCOCCOCCOCCOCCOCCOCCOCCOCCOCCOCCOCCOCCOCCOCCOCCOCCOCCOCCOCCOCCOCCOCCOCCOCCOCCOCCOCCOCCOCCOC(=O)Nc1cccc2ccccc12,F5E80A909A6847A976E16DC27ADEBDB7F6A28441E68BEB314903F4A233810F24,GUEST_CAN_0463,PASS,AttentiveFP,3,guest_cold,4,4.651937484741211
1758,52,126,OC(=O)COc1c2Cc3cc(cc(c3O)Cc3cc(cc(c3O)Cc3cc(cc(Cc4c(c(Cc5c(c(Cc1cc(c2)S(=O)(=O)O)cc(c5)S(=O)(=O)O)O)cc(c4)S(=O)(=O)O)O)c3O)S(=O)(=O)O)S(=O)(=O)O)S(=O)(=O)O,NC(C(=O)O)Cc1ccccc1,calixarene,1.973099946975708,O=C(O)COc1c2cc(S(=O)(=O)O)cc1Cc1cc(S(=O)(=O)O)cc(c1O)Cc1cc(S(=O)(=O)O)cc(c1O)Cc1cc(S(=O)(=O)O)cc(c1O)Cc1cc(S(=O)(=O)O)cc(c1O)Cc1cc(S(=O)(=O)O)cc(c1O)C2,89AB142F8D041F89710D49168CBEF0FA0D792576B82031818BFF7C2DE5D92117,HOST_CAN_0127,PASS,NC(Cc1ccccc1)C(=O)O,4B6B1236F1C31D28D9F95F736FF46B2960AFF4F6FCE3D9E76CF43DE2ADDE8B08,GUEST_CAN_0746,PASS,AttentiveFP,3,guest_cold,4,2.3230652809143066
1760,64,751,CCCCOc1cc2COCc3cc(OCCCC)cc4c3cc(OCCCC)cc4COCc3c(OCCCC)ccc4c3ccc(c4COCc3c4c(c(COCc5c(c1)c2cc(c5)OCCCC)c(OCCCC)cc4)ccc3OCCCC)OCCCC,FC(c1ccc(cc1)C[N+](Cc1ccc(cc1)C(F)(F)F)(C)C)(F)F,other,5.686600208282471,CCCCOc1cc2c3cc(OCCCC)cc(c3c1)COCc1cc(OCCCC)cc3c(cc(OCCCC)cc13)COCc1c(OCCCC)ccc3c(c(OCCCC)ccc13)COCc1c(OCCCC)ccc3c(c(OCCCC)ccc13)COC2,05C5083FBF551B3C1AE048E85E6B7F5EB796F7835740F408D7B4DF1173E7C142,HOST_CAN_0032,PASS,C[N+](C)(Cc1ccc(C(F)(F)F)cc1)Cc1ccc(C(F)(F)F)cc1,2AE386B58E36DE802C263016A5B7C74BAC5ACEF6C37F934EA215DAAB280D78ED,GUEST_CAN_0593,PASS,AttentiveFP,3,guest_cold,4,3.9117188453674316
1764,15,331,C1=C2C=C3C=C1OC4=CC(=CC(=C4)C(=O)O)OC5=CC6=CC(=C5)C7OC8=CC9=C1C=C8C(C4=C(O7)C=C5C(=C4)C(C4=CC7=C(C=C4OC2O5)OC2C4=CC(=CC(=C4)OC4=CC(=CC(=C4)C(=O)O)OC4=CC(=CC(=C4)OC4=CC(=CC(=C4)O6)C(=O)O)C(O9)OC4=C(C1CCC(=O)O)C=C(C7CCC(=O)O)C(=C4)O2)OC1=CC(=CC(=C1)O3)C(=O)O)CCC(=O)O)CCC(=O)O,C1C2CC3CC(C2)(CC1C3Br)C(=O)O,cavitand,6.870999813079834,O=C(O)CCC1c2cc3c4cc2OC2Oc5cc6c(cc51)C(CCC(=O)O)c1cc5c7cc1OC(O6)c1cc6cc(c1)Oc1cc(cc(C(=O)O)c1)Oc1cc8cc(c1)C(Oc1cc(c(cc1C5CCC(=O)O)C3CCC(=O)O)OC(O4)c1cc(cc(c1)Oc1cc(cc(C(=O)O)c1)O8)Oc1cc(cc(C(=O)O)c1)Oc1cc(cc2c1)Oc1cc(cc(C(=O)O)c1)O6)O7,AE6E8A9B8E3ECDE32B65BE9B8736ECC23E2311A112E2CA1B78F35ECF9046A382,HOST_CAN_0117,PASS,O=C(O)C12CC3CC(C1)C(Br)C(C3)C2,2B1B5D617BF3C1AF1FA4EA56A3E2892507C8BE85259EA3CFB9B7E157479F0A0F,GUEST_CAN_0862,PASS,AttentiveFP,3,guest_cold,4,5.507527828216553
1774,23,965,OC[C@H]1O[C@@H]2O[C@@H]3[C@@H](CO)O[C@H](O[C@@H]4[C@@H](CO)O[C@H](O[C@@H]5[C@@H](CO)O[C@H](O[C@@H]6[C@@H](CO)O[C@H](O[C@@H]7[C@@H](CO)O[C@H](O[C@H]1[C@H](O)[C@H]2O)[C@H](O)[C@H]7O)[C@H](O)[C@H]6O)[C@H](O)[C@H]5O)[C@H](O)[C@H]4O)[C@H](O)[C@H]3O,C1=CC2=C(C=C1N)SC3=CC(=[NH2+])C=CC3=N2.[Cl-],cyclodextrin,2.8241000175476074,OC[C@H]1O[C@@H]2O[C@H]3[C@H](O)[C@@H](O)[C@@H](O[C@H]4[C@H](O)[C@@H](O)[C@@H](O[C@H]5[C@H](O)[C@@H](O)[C@@H](O[C@H]6[C@H](O)[C@@H](O)[C@@H](O[C@H]7[C@H](O)[C@@H](O)[C@@H](O[C@H]1[C@H](O)[C@H]2O)O[C@@H]7CO)O[C@@H]6CO)O[C@@H]5CO)O[C@@H]4CO)O[C@@H]3CO,9CB41F926A4386D7C0E23599753E6EDC60802BE1DCF577DB9B32CBB20691DB1D,HOST_CAN_0175,PASS,Nc1ccc2nc3ccc(=[NH2+])cc-3sc2c1.[Cl-],48DC014FDEC270D04716C609432C89238E48472679D893E7E070BEE60CE2C6DE,GUEST_CAN_0835,PASS,AttentiveFP,3,guest_cold,4,3.264737367630005
1776,147,966,c1cc2ccc1C[n+]1ccc(-c3ccc(-c4cc[n+](cc4)Cc4ccc(C[n+]5ccc(-c6ccc(-c7cc[n+](C2)cc7)cc6)cc5)cc4)cc3)cc1.[Cl-].[Cl-].[Cl-].[Cl-],CC(=O)NCCC1=CNC2=C1C=C(C=C2)OC,other,5.060699939727783,[Cl-].[Cl-].[Cl-].[Cl-].c1cc2ccc1C[n+]1ccc(cc1)-c1ccc(cc1)-c1cc[n+](cc1)Cc1ccc(cc1)C[n+]1ccc(cc1)-c1ccc(cc1)-c1cc[n+](cc1)C2,8838F5DB3CA725944E62DBB950261A7EF8FD82FF096002A58FF5E9CD907B8660,HOST_CAN_0178,PASS,COc1ccc2[nH]cc(CCNC(C)=O)c2c1,6A010F61D3933E3E5F720E52F2A0CB0DA9B0188982C60053A8BCE708A81B2D3C,GUEST_CAN_0490,PASS,AttentiveFP,3,guest_cold,4,3.7692010402679443
1785,22,400,Oc1c2Sc3cc(cc(c3O)Sc3cc(cc(Sc4c(c(Sc1cc(c2)S(=O)(=O)O)cc(c4)S(=O)(=O)O)O)c3O)S(=O)(=O)O)S(=O)(=O)O,CC1=NC(=CC=C1)C,calixarene,3.333400011062622,O=S(=O)(O)c1cc2c(O)c(c1)Sc1cc(S(=O)(=O)O)cc(c1O)Sc1cc(S(=O)(=O)O)cc(c1O)Sc1cc(S(=O)(=O)O)cc(c1O)S2,5FE888C1FB51BDA35D21231A31EDB8203ACD56DD9744D0C6B83351EC668D4256,HOST_CAN_0156,PASS,Cc1cccc(C)n1,DBFA28727E7253C6FF16A196350004E0257EBA3F3F69D11C8D90ABE7F3D7FD4B,GUEST_CAN_0665,PASS,AttentiveFP,3,guest_cold,4,2.389064311981201
1794,11,973,C1N2C3C4N(C2=O)CN5C6C7N(C5=O)CN8C9C2N(C8=O)CN5C8C%10N(C5=O)CN5C%11C%12N(C5=O)CN5C%13C%14N(C5=O)CN5C%15C%16N(C5=O)CN5C%17C(N1C5=O)N1CN3C(=O)N4CN6C(=O)N7CN9C(=O)N2CN8C(=O)N%10CN%11C(=O)N%12CN%13C(=O)N%14CN%15C(=O)N%16CN%17C1=O,N[C@@H](CCSC)C(=O)N[C@@H](CC1=CC=C(C=C1)O)C(=O)N[C@@H](C)C(=O)O,cucurbituril,6.602099895477295,O=C1N2CN3C(=O)N4CN5C(=O)N6CN7C(=O)N8CN9C(=O)N%10CN%11C(=O)N%12CN%13C(=O)N%14CN%15C(=O)N%16CN1C1C2N2CN%17C(=O)N(CN%18C(=O)N(CN%19C(=O)N(CN%20C(=O)N(CN%21C(=O)N(CN%22C(=O)N(CN%23C(=O)N(CN1C2=O)C%16C%15%23)C%14C%13%22)C%12C%11%21)C%10C9%20)C8C7%19)C6C5%18)C4C3%17,E82CB7F52437B0147F435E3074F006752062FF8924E87C1DAF3210D182FF633B,HOST_CAN_0143,PASS,CSCC[C@H](N)C(=O)N[C@@H](Cc1ccc(O)cc1)C(=O)N[C@@H](C)C(=O)O,DB52DD74D4E3BC4514D3B3B0300FD881DD579E1D7B07CE1F41130BEBF24C51C4,GUEST_CAN_0527,PASS,AttentiveFP,3,guest_cold,4,5.628318786621094
1800,170,861,C(CCCCCCCCCCCCCCCCCCC)OC=1C=C(C=2C=CC3=C(C=C(C=4C=CC1C2C43)S(=O)(=O)[O-])S(=O)(=O)[O-])S(=O)(=O)[O-].[Na+].[Na+].[Na+],NCCCNCCCCNCCCN,other,6.322199821472168,CCCCCCCCCCCCCCCCCCCCOc1cc(S(=O)(=O)[O-])c2ccc3c(S(=O)(=O)[O-])cc(S(=O)(=O)[O-])c4ccc1c2c43.[Na+].[Na+].[Na+],B27E030E0C289DFB726320A97E22B8572B4BD8C0E48DD4AA72DC2B16C5FABE46,HOST_CAN_0024,PASS,NCCCNCCCCNCCCN,89EC2515667C6CC2F4199FFE131AE7FD274838F92C27EE7FE3B2B92748655134,GUEST_CAN_0802,PASS,AttentiveFP,3,guest_cold,4,4.540559768676758
1807,46,979,C1C2=CC(=CC(=C2O)CC3=CC(=CC(=C3O)CC4=C(C(=CC(=C4)S(=O)(=O)O)CC5=C(C1=CC(=C5)S(=O)(=O)[O-])O)O)S(=O)(=O)O)S(=O)(=O)O.[Na+],NC1=CC=NC=C1,calixarene,2.933500051498413,O=S(=O)([O-])c1cc2c(O)c(c1)Cc1cc(S(=O)(=O)O)cc(c1O)Cc1cc(S(=O)(=O)O)cc(c1O)Cc1cc(S(=O)(=O)O)cc(c1O)C2.[Na+],CA94CECC10EDB9167B38E05C5D125873C9C1506ED227A3D9C6CBBCD696828A96,HOST_CAN_0163,PASS,Nc1ccncc1,CEC5078599FE0F065A74BE06F99F85ECB9F5D4A310E56C7D637E739DBC41FCA9,GUEST_CAN_0840,PASS,AttentiveFP,3,guest_cold,4,2.78475284576416
1811,11,503,C1N2C3C4N(C2=O)CN5C6C7N(C5=O)CN8C9C2N(C8=O)CN5C8C%10N(C5=O)CN5C%11C%12N(C5=O)CN5C%13C%14N(C5=O)CN5C%15C%16N(C5=O)CN5C%17C(N1C5=O)N1CN3C(=O)N4CN6C(=O)N7CN9C(=O)N2CN8C(=O)N%10CN%11C(=O)N%12CN%13C(=O)N%14CN%15C(=O)N%16CN%17C1=O,Cl[Cu]Cl,cucurbituril,2.859999895095825,O=C1N2CN3C(=O)N4CN5C(=O)N6CN7C(=O)N8CN9C(=O)N%10CN%11C(=O)N%12CN%13C(=O)N%14CN%15C(=O)N%16CN1C1C2N2CN%17C(=O)N(CN%18C(=O)N(CN%19C(=O)N(CN%20C(=O)N(CN%21C(=O)N(CN%22C(=O)N(CN%23C(=O)N(CN1C2=O)C%16C%15%23)C%14C%13%22)C%12C%11%21)C%10C9%20)C8C7%19)C6C5%18)C4C3%17,E82CB7F52437B0147F435E3074F006752062FF8924E87C1DAF3210D182FF633B,HOST_CAN_0143,PASS,[Cl][Cu][Cl],B6FEE526F8BD85529A9B50FCC3E83B95BF1E23A7154A31438738FA32E0619093,GUEST_CAN_1044,PASS,AttentiveFP,3,guest_cold,4,3.296053409576416
1820,48,90,[Na]OS(=O)(=O)CCCOc1c2CN3C(=O)N4[C@]5([C@@]3(N(Cc2c(c2c1cccc2)OCCCS(=O)(=O)O[Na])C(=O)N5CN1[C@@]2(N(C4)C(=O)N3[C@]2(C)N(C1=O)Cc1c(C3)c(OCCCS(=O)(=O)O[Na])c2c(c1OCCCS(=O)(=O)O[Na])cccc2)C)C)C,O=C1C=C(NC(=O)c2cc3ccccc3nc2O)[C@@H]([C@H]2[C@@H]1O2)O,other,4.041399955749512,C[C@]12N3Cc4c(c(OCCCS(=O)(=O)[O][Na])c5ccccc5c4OCCCS(=O)(=O)[O][Na])CN1C(=O)N1CN4C(=O)N5Cc6c(c(OCCCS(=O)(=O)[O][Na])c7ccccc7c6OCCCS(=O)(=O)[O][Na])CN6C(=O)N(CN(C3=O)[C@]12C)[C@]4(C)[C@@]56C,D18B807A904C56B05E199911FB10FFB774349CC49BBD32D2EFAFF4C892BA649F,HOST_CAN_0090,PASS,O=C(NC1=CC(=O)[C@H]2O[C@H]2[C@H]1O)c1cc2ccccc2nc1O,FDF8CE2A8B4B2A3DB312AD1231F5B6666439F2E4BEB6DF93515A1333E1D206F0,GUEST_CAN_0852,PASS,AttentiveFP,3,guest_cold,4,3.651373863220215
1821,89,981,O[C@@H]1[C@@H](O)[C@H](O[C@@H]2[C@H](O)[C@@H](O)[C@H](O3)[C@@H](COCCCCS(=O)([O-])=O)O2)[C@@H](COCCCCS(=O)([O-])=O)O[C@@H]1O[C@H]4[C@H](O)[C@@H](O)[C@@H](O[C@@H]5[C@@H](O)[C@H](O)[C@H](O[C@@H]6[C@@H](O)[C@H](O)[C@H](O[C@@H]7[C@@H](O)[C@H](O)[C@H](O[C@@H]8[C@@H](O)[C@H](O)[C@H]3O[C@H]8COCCCCS(=O)([O-])=O)O[C@H]7COCCCCS(=O)([O-])=O)O[C@H]6COCCCCS(=O)([O-])=O)O[C@H]5COCCCCS(=O)([O-])=O)O[C@@H]4COCCCCS(=O)([O-])=O.[Na+].[Na+].[Na+].[Na+].[Na+].[Na+].[Na+],CC(C12CC3CC(C1)CC(C3)C2)N,cyclodextrin,4.332399845123291,O=S(=O)([O-])CCCCOC[C@@H]1O[C@H]2O[C@@H]3[C@@H](O)[C@H](O)[C@H](O[C@H]4[C@H](O)[C@@H](O)[C@@H](O[C@H]5[C@H](O)[C@@H](O)[C@@H](O[C@H]6[C@H](O)[C@@H](O)[C@@H](O[C@@H]7[C@@H](O)[C@H](O)[C@H](O[C@@H]8[C@@H](O)[C@H](O)[C@H](O[C@@H]1[C@@H](O)[C@@H]2O)O[C@H]8COCCCCS(=O)(=O)[O-])O[C@H]7COCCCCS(=O)(=O)[O-])O[C@@H]6COCCCCS(=O)(=O)[O-])O[C@@H]5COCCCCS(=O)(=O)[O-])O[C@@H]4COCCCCS(=O)(=O)[O-])O[C@H]3COCCCCS(=O)(=O)[O-].[Na+].[Na+].[Na+].[Na+].[Na+].[Na+].[Na+],0EF453A8FEAB2DBB346A347C51767F5C4A37ED4747250CEC0BCF3880BBC2D023,HOST_CAN_0157,PASS,CC(N)C12CC3CC(CC(C3)C1)C2,3D5B3416C24909C52C0BE2FD145D0FC4CC9EC4826D66F6A837149ACCCB471211,GUEST_CAN_0182,PASS,AttentiveFP,3,guest_cold,4,3.757366418838501
1831,95,74,COC[C@H]1O[C@@H]2O[C@H]3[CH][CH][C@H](O[CH]3)O[C@H]3[C@H](OC)[C@@H](OC)[C@H](O[C@@H]3COC)O[C@H]3[C@H](OC)[C@@H](OC)[C@H](O[C@@H]3COC)O[C@H]3[C@H](OC)[C@@H](OC)[C@H](O[C@@H]3COC)O[C@H]3[C@H](OC)[C@@H](OC)[C@H](O[C@@H]3COC)O[C@H]1[C@H](OC)[C@H]2OC,C(#N)[N-]C#N.[Na+],cyclodextrin,1.861299991607666,COC[C@H]1O[C@@H]2O[C@H]3[C@H](OC)[C@@H](OC)[C@@H](O[C@H]4[C@H](OC)[C@@H](OC)[C@@H](O[C@H]5[C@H](OC)[C@@H](OC)[C@@H](O[C@H]6[C@H](OC)[C@@H](OC)[C@@H](O[C@H]7[CH][CH][C@H](O[CH]7)O[C@H]1[C@H](OC)[C@H]2OC)O[C@@H]6COC)O[C@@H]5COC)O[C@@H]4COC)O[C@@H]3COC,BA1F8E9DE02B15AC84054A5C62EC8B5DF0CD7AD851D8A1EF33FE4C916623E590,HOST_CAN_0064,PASS,N#C[N-]C#N.[Na+],6D37A61218B4FECFFD27D0B32DDAA5973744B2E07356552A8F2C7BA36C9A1D9A,GUEST_CAN_0713,PASS,AttentiveFP,3,guest_cold,4,1.5370516777038574
1834,3,369,OC[C@H]1O[C@@H]2O[C@@H]3[C@@H](CO)O[C@H](O[C@@H]4[C@@H](CO)O[C@H](O[C@@H]5[C@@H](CO)O[C@H](O[C@@H]6[C@@H](CO)O[C@H](O[C@@H]7[C@@H](CO)O[C@H](O[C@@H]8[C@@H](CO)O[C@H](O[C@H]1[C@H](O)[C@H]2O)[C@H](O)[C@H]8O)[C@H](O)[C@H]7O)[C@H](O)[C@H]6O)[C@H](O)[C@H]5O)[C@H](O)[C@H]4O)[C@H](O)[C@H]3O,C1CC2CCC(C1)N=N2,cyclodextrin,3.428100109100342,OC[C@H]1O[C@@H]2O[C@H]3[C@H](O)[C@@H](O)[C@@H](O[C@H]4[C@H](O)[C@@H](O)[C@@H](O[C@H]5[C@H](O)[C@@H](O)[C@@H](O[C@H]6[C@H](O)[C@@H](O)[C@@H](O[C@H]7[C@H](O)[C@@H](O)[C@@H](O[C@H]8[C@H](O)[C@@H](O)[C@@H](O[C@H]1[C@H](O)[C@H]2O)O[C@@H]8CO)O[C@@H]7CO)O[C@@H]6CO)O[C@@H]5CO)O[C@@H]4CO)O[C@@H]3CO,22584443D9512992310760C9871E3E6BDB3EDC92006F3EF1EC94F44373907EB1,HOST_CAN_0176,PASS,C1CC2CCC(C1)N=N2,3CB1DE4B60C8143576E12CED092F576F3C060BF327141DD7E64000E135972BED,GUEST_CAN_0021,PASS,AttentiveFP,3,guest_cold,4,2.398000955581665
1835,89,714,O[C@@H]1[C@@H](O)[C@H](O[C@@H]2[C@H](O)[C@@H](O)[C@H](O3)[C@@H](COCCCCS(=O)([O-])=O)O2)[C@@H](COCCCCS(=O)([O-])=O)O[C@@H]1O[C@H]4[C@H](O)[C@@H](O)[C@@H](O[C@@H]5[C@@H](O)[C@H](O)[C@H](O[C@@H]6[C@@H](O)[C@H](O)[C@H](O[C@@H]7[C@@H](O)[C@H](O)[C@H](O[C@@H]8[C@@H](O)[C@H](O)[C@H]3O[C@H]8COCCCCS(=O)([O-])=O)O[C@H]7COCCCCS(=O)([O-])=O)O[C@H]6COCCCCS(=O)([O-])=O)O[C@H]5COCCCCS(=O)([O-])=O)O[C@@H]4COCCCCS(=O)([O-])=O.[Na+].[Na+].[Na+].[Na+].[Na+].[Na+].[Na+],CC1=CC=C(C=C1)S(=O)(=O)[O-].CN1C2=CC=CC=C2SC1=CC3=CC=[N+](C4=CC=CC=C34)C,cyclodextrin,4.897600173950195,O=S(=O)([O-])CCCCOC[C@@H]1O[C@H]2O[C@@H]3[C@@H](O)[C@H](O)[C@H](O[C@H]4[C@H](O)[C@@H](O)[C@@H](O[C@H]5[C@H](O)[C@@H](O)[C@@H](O[C@H]6[C@H](O)[C@@H](O)[C@@H](O[C@@H]7[C@@H](O)[C@H](O)[C@H](O[C@@H]8[C@@H](O)[C@H](O)[C@H](O[C@@H]1[C@@H](O)[C@@H]2O)O[C@H]8COCCCCS(=O)(=O)[O-])O[C@H]7COCCCCS(=O)(=O)[O-])O[C@@H]6COCCCCS(=O)(=O)[O-])O[C@@H]5COCCCCS(=O)(=O)[O-])O[C@@H]4COCCCCS(=O)(=O)[O-])O[C@H]3COCCCCS(=O)(=O)[O-].[Na+].[Na+].[Na+].[Na+].[Na+].[Na+].[Na+],0EF453A8FEAB2DBB346A347C51767F5C4A37ED4747250CEC0BCF3880BBC2D023,HOST_CAN_0157,PASS,CN1C(=Cc2cc[n+](C)c3ccccc23)Sc2ccccc21.Cc1ccc(S(=O)(=O)[O-])cc1,37AFE90B2A9CFC9A7716FFC5BF6C8F5DC7CB0DAD8979653122109A0BD39F8D13,GUEST_CAN_0415,PASS,AttentiveFP,3,guest_cold,4,6.304893493652344
1838,16,126,NCCOc1c2Cc3cc(cc(c3O)Cc3cc(cc(Cc4c(c(Cc1cc(c2)S(=O)(=O)O)cc(c4)S(=O)(=O)O)O)c3O)S(=O)(=O)O)S(=O)(=O)O,NC(C(=O)O)Cc1ccccc1,calixarene,2.4532999992370605,NCCOc1c2cc(S(=O)(=O)O)cc1Cc1cc(S(=O)(=O)O)cc(c1O)Cc1cc(S(=O)(=O)O)cc(c1O)Cc1cc(S(=O)(=O)O)cc(c1O)C2,7D8C32DEDAD770C68375EE2FF28F9CCD81B4D3DB3816F51D3CC994E73708AEBC,HOST_CAN_0109,PASS,NC(Cc1ccccc1)C(=O)O,4B6B1236F1C31D28D9F95F736FF46B2960AFF4F6FCE3D9E76CF43DE2ADDE8B08,GUEST_CAN_0746,PASS,AttentiveFP,3,guest_cold,4,2.2766594886779785
1840,171,987,[Pt](Cl)Cl.C(C)(C)(C)C1=CC=2C(C3=CC(=CC(=C3OC2C(=C1)C1=CC=C(C(=O)O)C=C1)C1=CC(=CC(=C1)C=1C=NC=CC1)C1=NC=CC=C1)C(C)(C)C)(C)C,N[C@H](C(=O)O)CS,other,4.899799823760986,CC(C)(C)c1cc(-c2ccc(C(=O)O)cc2)c2c(c1)C(C)(C)c1cc(C(C)(C)C)cc(-c3cc(-c4cccnc4)cc(-c4ccccn4)c3)c1O2.[Cl][Pt][Cl],3435BFB611D6779844CF1631DD1E3E806DB1449EA6169DFA3C5A176CFBE522B7,HOST_CAN_0010,PASS,N[C@@H](CS)C(=O)O,F1EE6155C5B869409D1A7B1239433EB54323E0DBFAAEE8D26F10B164B5CB0437,GUEST_CAN_0819,PASS,AttentiveFP,3,guest_cold,4,1.918180227279663
1856,18,74,CC1=C2C3=CC4=C1OC5C6=CC7=CC(=C6)OC8=CC(=CC(=C8)C(=O)O)OC9=CC1=CC(=C9)C6OC8=C(C=C(C4CCC(=O)O)C(=C8C)O5)C(C4=C(O6)C(=C5C(=C4)C(C4=C6C(=C(C(=C4)C3CCC(=O)O)OC(O2)C2=CC(=CC(=C2)OC2=CC(=CC(=C2)C(=O)O)OC2=CC(=CC(=C2)C(O5)O6)OC2=CC(=CC(=C2)C(=O)O)O1)OC1=CC(=CC(=C1)C(=O)O)O7)C)CCC(=O)O)C)CCC(=O)O,C(#N)[N-]C#N.[Na+],cavitand,0.954200029373169,Cc1c2c3cc4c1OC1Oc5c(cc6c(c5C)OC5Oc7c(cc8c(c7C)OC7Oc9c(cc(c(c9C)OC(O2)c2cc9cc(c2)Oc2cc(cc(C(=O)O)c2)Oc2cc(cc7c2)Oc2cc(cc(C(=O)O)c2)Oc2cc(cc5c2)Oc2cc(cc(C(=O)O)c2)Oc2cc(cc1c2)Oc1cc(cc(C(=O)O)c1)O9)C3CCC(=O)O)C8CCC(=O)O)C6CCC(=O)O)C4CCC(=O)O,326FFD4B5C5565D32207155C0B129AE16AFCA7B3342F0DAD815C24AB8DFA8483,HOST_CAN_0099,PASS,N#C[N-]C#N.[Na+],6D37A61218B4FECFFD27D0B32DDAA5973744B2E07356552A8F2C7BA36C9A1D9A,GUEST_CAN_0713,PASS,AttentiveFP,3,guest_cold,4,2.367199420928955
1858,32,994,OC(=O)c1ccc(cc1)N=Nc1cc2Cc3cc(N=Nc4ccc(cc4)C(=O)O)cc(c3O)Cc3cc(cc(Cc4c(c(Cc(c1)c2O)cc(N=Nc1ccc(cc1)C(=O)O)c4)O)c3O)/N=N/c1ccc(cc1)C(=O)O,CCC1=C2CN3C(=CC4=C(C3=O)COC(=O)C4(CC)O)C2=NC5=C1C=C(C=C5)OC(=O)N6CCC(CC6)N7CCCCC7,calixarene,6.732399940490723,O=C(O)c1ccc(N=Nc2cc3c(O)c(c2)Cc2cc(N=Nc4ccc(C(=O)O)cc4)cc(c2O)Cc2cc(/N=N/c4ccc(C(=O)O)cc4)cc(c2O)Cc2cc(N=Nc4ccc(C(=O)O)cc4)cc(c2O)C3)cc1,5B585DBFF951CBB98E465DBECF308ACBE2EAF8773CE9C58156BE700CBB287248,HOST_CAN_0134,PASS,CCc1c2c(nc3ccc(OC(=O)N4CCC(N5CCCCC5)CC4)cc13)-c1cc3c(c(=O)n1C2)COC(=O)C3(O)CC,FB515519F2684933EF92ECC9C22E23DBC401D5049B1A15BCD330F25CDFAA31AD,GUEST_CAN_0381,PASS,AttentiveFP,3,guest_cold,4,7.124358177185059
1874,11,1000,C1N2C3C4N(C2=O)CN5C6C7N(C5=O)CN8C9C2N(C8=O)CN5C8C%10N(C5=O)CN5C%11C%12N(C5=O)CN5C%13C%14N(C5=O)CN5C%15C%16N(C5=O)CN5C%17C(N1C5=O)N1CN3C(=O)N4CN6C(=O)N7CN9C(=O)N2CN8C(=O)N%10CN%11C(=O)N%12CN%13C(=O)N%14CN%15C(=O)N%16CN%17C1=O,NCCCC[C@@H](C(=O)NCC(=O)NCC(=O)N[C@H](C(=O)O)Cc1ccc(cc1)O)NC(=O)[C@H](CCSC)N,cucurbituril,6.3765997886657715,O=C1N2CN3C(=O)N4CN5C(=O)N6CN7C(=O)N8CN9C(=O)N%10CN%11C(=O)N%12CN%13C(=O)N%14CN%15C(=O)N%16CN1C1C2N2CN%17C(=O)N(CN%18C(=O)N(CN%19C(=O)N(CN%20C(=O)N(CN%21C(=O)N(CN%22C(=O)N(CN%23C(=O)N(CN1C2=O)C%16C%15%23)C%14C%13%22)C%12C%11%21)C%10C9%20)C8C7%19)C6C5%18)C4C3%17,E82CB7F52437B0147F435E3074F006752062FF8924E87C1DAF3210D182FF633B,HOST_CAN_0143,PASS,CSCC[C@H](N)C(=O)N[C@@H](CCCCN)C(=O)NCC(=O)NCC(=O)N[C@@H](Cc1ccc(O)cc1)C(=O)O,5D3267765A93ED1C14096C56ED7BDCDC2F863D694BE58745AB49C7F55817610A,GUEST_CAN_0521,PASS,AttentiveFP,3,guest_cold,4,5.975314140319824
1887,34,72,OC1=C(CC2=CC(S(=O)([O-])=O)=CC(CC(C=C3S(=O)([O-])=O)=C4OCC(O)=O)=C2O)C=C(S(=O)([O-])=O)C=C1CC5=CC(S(=O)([O-])=O)=CC(CC4=C3)=C5O,NC(C(=O)O)Cc1c[nH]cn1,calixarene,2.4856998920440674,O=C(O)COc1c2cc(S(=O)(=O)[O-])cc1Cc1cc(S(=O)(=O)[O-])cc(c1O)Cc1cc(S(=O)(=O)[O-])cc(c1O)Cc1cc(S(=O)(=O)[O-])cc(c1O)C2,EBB61F0F13AD36B6AF388F0A3BF11BFB93DBCC3093F712DCC0802C51D18DC147,HOST_CAN_0129,PASS,NC(Cc1c[nH]cn1)C(=O)O,FB673C9EDBC2F6C509C14A12DA10308CC8AD4E94C32BC5F3BAD448FBAA74F381,GUEST_CAN_0741,PASS,AttentiveFP,3,guest_cold,4,2.493536949157715
1888,174,516,C(C)(=O)[NH+]=C(N)N,CC(C(=O)[O-])NC(=O)C,other,1.6990000009536743,CC(=O)[NH+]=C(N)N,C9D1B2F75607AB32D8DCE5A562CA27872356A42E44D2CE1DC62C88F72BA9A38A,HOST_CAN_0009,PASS,CC(=O)NC(C)C(=O)[O-],223D3A7CF02799E4E69DE4CF10C536E7E3A130D2DECA6FB2E856007B979C6DE6,GUEST_CAN_0069,PASS,AttentiveFP,3,guest_cold,4,3.1807708740234375
1890,26,378,[Li+].[Li+].B(C1=CC=CC=C1CNCC2=CC=C(C=C2)C(=O)NC3=CC(=CC(=C3)CP(=O)([O-])OC)CP(=O)([O-])OC)(O)O,C1=CC=C2C(=C1)C(=O)C3=C(C2=O)C(=C(C(=C3)CN(CC(=O)O)CC(=O)O)O)O,other,3.311800003051758,COP(=O)([O-])Cc1cc(CP(=O)([O-])OC)cc(NC(=O)c2ccc(CNCc3ccccc3B(O)O)cc2)c1.[Li+].[Li+],F42D7F8FEECED34D2A8CD9838DF697E6536F3F5A5AD106D19B9E9737F28D2790,HOST_CAN_0067,PASS,O=C(O)CN(CC(=O)O)Cc1cc2c(c(O)c1O)C(=O)c1ccccc1C2=O,E887A26EAB39D6C9D28AD9BD84869C714BE8C45C9144226A9A92B6CA8F1CF041,GUEST_CAN_0877,PASS,AttentiveFP,3,guest_cold,4,3.5302860736846924
1891,8,1006,C1N2C3C4N(C2=O)CN5C6C7N(C5=O)CN8C9C2N(C8=O)CN5C8C%10N(C5=O)CN5C%11C%12N(C5=O)CN5C%13C(N1C5=O)N1CN3C(=O)N4CN6C(=O)N7CN9C(=O)N2CN8C(=O)N%10CN%11C(=O)N%12CN%13C1=O,NC(=O)N,cucurbituril,1.659999966621399,O=C1N2CN3C(=O)N4CN5C(=O)N6CN7C(=O)N8CN9C(=O)N%10CN%11C(=O)N%12CN1C1C2N2CN%13C(=O)N(CN%14C(=O)N(CN%15C(=O)N(CN%16C(=O)N(CN%17C(=O)N(CN1C2=O)C%12C%11%17)C%10C9%16)C8C7%15)C6C5%14)C4C3%13,2526C525F966BEE6CB589BBB60C9F4124C02584847747BDAFF4E92B4462536E8,HOST_CAN_0149,PASS,NC(N)=O,574548E4EFDD7BC6F1FD6DC7F4160480FA0907EE51511C7E164DB64E6180FB4F,GUEST_CAN_0753,PASS,AttentiveFP,3,guest_cold,4,3.056009292602539
1893,16,337,NCCOc1c2Cc3cc(cc(c3O)Cc3cc(cc(Cc4c(c(Cc1cc(c2)S(=O)(=O)O)cc(c4)S(=O)(=O)O)O)c3O)S(=O)(=O)O)S(=O)(=O)O,OCC(C(=O)O)N,calixarene,2.623199939727783,NCCOc1c2cc(S(=O)(=O)O)cc1Cc1cc(S(=O)(=O)O)cc(c1O)Cc1cc(S(=O)(=O)O)cc(c1O)Cc1cc(S(=O)(=O)O)cc(c1O)C2,7D8C32DEDAD770C68375EE2FF28F9CCD81B4D3DB3816F51D3CC994E73708AEBC,HOST_CAN_0109,PASS,NC(CO)C(=O)O,2EBE58D687C0AA53F22B8D1549C80A85A6D27FB38ECC46BD2A35B25250CAEFA2,GUEST_CAN_0734,PASS,AttentiveFP,3,guest_cold,4,1.9270894527435303
1905,38,1011,C1C2C3=CC=CC=C3C4=C5C6CC7=CC=CC=C7C8=CC(=CC(=C8)C9=CC=CC=C9CC3C7=CC=CC=C7C(=C24)C3=C5C2=CC=CC=C62)C2=CC=CC=C21,C1C=CC2C1C3C4=CC=CC=C4C2C5=CC=CC=[N+]35,cyclophane,5.518499851226807,c1ccc2c(c1)CC1c3ccccc3-c3c1c1c4c5c3C(Cc3ccccc3-c3cc-2cc(c3)-c2ccccc2CC4c2ccccc2-1)c1ccccc1-5,7D60610AC6275537B6952E12359C97C789A38E2FA1295732E16AF89573CE95C4,HOST_CAN_0186,PASS,C1=CC2C3c4ccccc4C(C2C1)[n+]1ccccc13,04F538198C063817EB0697587CEE62ECD7170D35DB7CDF20799D62A28FD3187D,GUEST_CAN_0015,PASS,AttentiveFP,3,guest_cold,4,4.920992374420166
1907,175,516,COC(=O)C1=CC=C(N1)C(=O)NC(=[NH2+])N,CC(C(=O)[O-])NC(=O)C,other,2.973099946975708,COC(=O)c1ccc(C(=O)NC(N)=[NH2+])[nH]1,4336DEF1BAE4D0921E4842BA4B4C5962C46BCCE4AA346852860E47CCD48C72A8,HOST_CAN_0055,PASS,CC(=O)NC(C)C(=O)[O-],223D3A7CF02799E4E69DE4CF10C536E7E3A130D2DECA6FB2E856007B979C6DE6,GUEST_CAN_0069,PASS,AttentiveFP,3,guest_cold,4,2.6734721660614014
1911,24,282,OC1=C2C=C(S(=O)([O-])=O)C=C1CC3=C(O)C(CC4=CC(S(=O)([O-])=O)=CC(CC5=CC(S(=O)([O-])=O)=CC(CC6=CC(S(=O)([O-])=O)=CC(CC(C=C(S(=O)([O-])=O)C=C7C2)=C7O)=C6O)=C5O)=C4O)=CC(S(=O)([O-])=O)=C3.[Na+].[Na+].[Na+].[Na+].[Na+].[Na+],C[N+](Cc1ccccc1)(C)C.[Cl-],calixarene,3.640000104904175,O=S(=O)([O-])c1cc2c(O)c(c1)Cc1cc(S(=O)(=O)[O-])cc(c1O)Cc1cc(S(=O)(=O)[O-])cc(c1O)Cc1cc(S(=O)(=O)[O-])cc(c1O)Cc1cc(S(=O)(=O)[O-])cc(c1O)Cc1cc(S(=O)(=O)[O-])cc(c1O)C2.[Na+].[Na+].[Na+].[Na+].[Na+].[Na+],2C1F820212E47C3BD5C15E73832EDE6A35C8C7920DDCE445D20F661D969CA26F,HOST_CAN_0165,PASS,C[N+](C)(C)Cc1ccccc1.[Cl-],E2B72B1017236ED2C69E32C9B5E76732BCFAE5D22D33A5C5E5E41D1D3289A9C6,GUEST_CAN_0579,PASS,AttentiveFP,3,guest_cold,4,3.9008007049560547
1914,177,1013,OC1=C(C(CCCCCCCCCCC)C2=C(O)C=C(O)C(C(CCCCCCCCCCC)C3=CC(C(CCCCCCCCCCC)C4=C(O)C=C(O)C5=C4)=C(O)C=C3O)=C2)C=C(C5CCCCCCCCCCC)C(O)=C1,CC[N+](=C1C=CC2=NC3=C(C=C(C4=CC=CC=C43)N)OC2=C1)CC.[Cl-],calixarene,5.875100135803223,CCCCCCCCCCCC1c2cc(c(O)cc2O)C(CCCCCCCCCCC)c2cc(c(O)cc2O)C(CCCCCCCCCCC)c2cc(c(O)cc2O)C(CCCCCCCCCCC)c2cc1c(O)cc2O,22B236C675D1E6ACA5D27CF000205297A050D8E36D91827080FD40037A1854F8,HOST_CAN_0023,PASS,CC[N+](CC)=c1ccc2nc3c(cc(N)c4ccccc43)oc-2c1.[Cl-],35A92B9A491388E4BBC4AA3C56C4DE0FA661F3C94ED7E74EF52E6DB038474113,GUEST_CAN_0379,PASS,AttentiveFP,3,guest_cold,4,5.483160018920898
1919,85,111,OC[C@H]1O[C@@H]2O[C@@H]3[C@@H](CO)O[C@H](O[C@@H]4[C@@H](CO)O[C@H](O[C@@H]5[C@@H](CO)O[C@H](O[C@@H]6[C@@H](CO)O[C@H](O[C@@H]7[C@@H](CO)O[C@H](O[C@@H]8[C@@H](CO)O[C@H](O[C@@H]9[C@@H](CO)O[C@H](O[C@H]1[C@H](O)[C@H]2O)[C@H](O)[C@H]9O)[C@H](O)[C@H]8O)[C@H](O)[C@H]7O)[C@H](O)[C@H]6O)[C@H](O)[C@H]5O)[C@H](O)[C@H]4O)[C@H](O)[C@H]3O,[O-]C(=O)CC12C[C@@H]3C[C@H](C2)C[C@H](C1)C3.[K+],cyclodextrin,3.0127999782562256,OC[C@H]1O[C@@H]2O[C@H]3[C@H](O)[C@@H](O)[C@@H](O[C@H]4[C@H](O)[C@@H](O)[C@@H](O[C@H]5[C@H](O)[C@@H](O)[C@@H](O[C@H]6[C@H](O)[C@@H](O)[C@@H](O[C@H]7[C@H](O)[C@@H](O)[C@@H](O[C@H]8[C@H](O)[C@@H](O)[C@@H](O[C@H]9[C@H](O)[C@@H](O)[C@@H](O[C@H]1[C@H](O)[C@H]2O)O[C@@H]9CO)O[C@@H]8CO)O[C@@H]7CO)O[C@@H]6CO)O[C@@H]5CO)O[C@@H]4CO)O[C@@H]3CO,4E4982FCAA8A96CE9D40EDC97C9574B542F86F2BEB463ECAA6DCE3670D2F9B83,HOST_CAN_0177,PASS,O=C([O-])CC12C[C@H]3C[C@@H](C1)C[C@@H](C2)C3.[K+],C5C5053DBF412D69C278883C5CA9706808D4A8C715517C37F2A6A2FC40562891,GUEST_CAN_0899,PASS,AttentiveFP,3,guest_cold,4,3.3880903720855713
1928,178,1018,CC1c2cc(c(cc2O)O)C(C)c2cc(c(cc2O)O)C(c2cc(C(c3cc1c(O)cc3O)C)c(O)cc2O)C,[Br-].C(C)[N+](CC)(CC)CC,calixarene,3.5,CC1c2cc(c(O)cc2O)C(C)c2cc(c(O)cc2O)C(C)c2cc(c(O)cc2O)C(C)c2cc1c(O)cc2O,F8F3531601E46BE363757E4958384DC8A131D5BFE667EF4EB7FA3F2E61704A87,HOST_CAN_0019,PASS,CC[N+](CC)(CC)CC.[Br-],2F3B9FCC3CBE3E0BC134993375AC329DB2F8CB3D659344415C73B1C20CFA5845,GUEST_CAN_0374,PASS,AttentiveFP,3,guest_cold,4,3.442171096801758
1932,76,198,O[C@@H]1C([C@H](O[C@@H]2[C@H](O)C(O)[C@H](O3)[C@@H](CO)O2)[C@@H](CN[C@](CO)([H])CC)O[C@@H]1O[C@@H]4[C@@H](CO)O[C@H](O[C@H]5C(O)[C@@H](O)[C@@H](O[C@@H]6[C@@H](CO)O[C@H](O[C@@H]7[C@@H](O)[C@@H]([C@H](O[C@H]8[C@H](O)[C@H]([C@@H]3O[C@@H]8CO)O)O[C@H]7CO)O)[C@H](O)C6O)O[C@@H]5CO)[C@H](O)[C@H]4O)O,CC(CCC(=O)[O-])C1CCC2C1(C(CC3C2CCC4C3(CCC(C4)O)C)O)C.[Na+],cyclodextrin,3.9723000526428223,CC[C@H](CO)NC[C@H]1O[C@@H]2O[C@H]3[C@H](O)[C@@H](O)[C@H](O[C@@H]3CO)O[C@H]3C(O)[C@@H](O)[C@H](O[C@@H]3CO)O[C@H]3C(O)[C@@H](O)[C@@H](O[C@@H]4[C@@H](O)[C@H](O)[C@H](O[C@H]5[C@H](O)[C@@H](O)[C@H](O[C@@H]5CO)O[C@H]5C(O)[C@@H](O)[C@H](O[C@@H]5CO)O[C@H]1C(O)[C@H]2O)O[C@H]4CO)O[C@@H]3CO,20CEEC542C502719CA99EE0FF60D301FD6593CC513BEB9E2F6E87B8EC887713C,HOST_CAN_0046,PASS,CC(CCC(=O)[O-])C1CCC2C3CCC4CC(O)CCC4(C)C3CC(O)C12C.[Na+],AAE8955CE9801473265577821D0239EBE4B6812D89DD2C64FBC72356DA8A31D4,GUEST_CAN_0174,PASS,AttentiveFP,3,guest_cold,4,3.633488655090332
1946,11,401,C1N2C3C4N(C2=O)CN5C6C7N(C5=O)CN8C9C2N(C8=O)CN5C8C%10N(C5=O)CN5C%11C%12N(C5=O)CN5C%13C%14N(C5=O)CN5C%15C%16N(C5=O)CN5C%17C(N1C5=O)N1CN3C(=O)N4CN6C(=O)N7CN9C(=O)N2CN8C(=O)N%10CN%11C(=O)N%12CN%13C(=O)N%14CN%15C(=O)N%16CN%17C1=O,[Mg+2].[Cl-].[Cl-],cucurbituril,2.7200000286102295,O=C1N2CN3C(=O)N4CN5C(=O)N6CN7C(=O)N8CN9C(=O)N%10CN%11C(=O)N%12CN%13C(=O)N%14CN%15C(=O)N%16CN1C1C2N2CN%17C(=O)N(CN%18C(=O)N(CN%19C(=O)N(CN%20C(=O)N(CN%21C(=O)N(CN%22C(=O)N(CN%23C(=O)N(CN1C2=O)C%16C%15%23)C%14C%13%22)C%12C%11%21)C%10C9%20)C8C7%19)C6C5%18)C4C3%17,E82CB7F52437B0147F435E3074F006752062FF8924E87C1DAF3210D182FF633B,HOST_CAN_0143,PASS,[Cl-].[Cl-].[Mg+2],B087D688B9146A717BF8B7C99307F8366B8209D8F51C624197BC0C66B921DAF9,GUEST_CAN_1028,PASS,AttentiveFP,3,guest_cold,4,4.314949989318848
1950,1,1023,C1C2=CC(=CC(=C2O)CC3=CC(=CC(=C3O)CC4=C(C(=CC(=C4)S(=O)(=O)O)CC5=C(C1=CC(=C5)S(=O)(=O)O)O)O)S(=O)(=O)O)S(=O)(=O)O,OCC(C(=O)NC(C(=O)NCC(=O)NC(C(=O)N)Cc1ccc(cc1)O)C(O)C)NC(=O)C(NC(=O)C(NC(C(=O)NC(=O)C(C(O)C)[NH3+])C)CCCNC(=[NH2+])N)CCCC[N+](C)(C)C,calixarene,5.146100044250488,O=S(=O)(O)c1cc2c(O)c(c1)Cc1cc(S(=O)(=O)O)cc(c1O)Cc1cc(S(=O)(=O)O)cc(c1O)Cc1cc(S(=O)(=O)O)cc(c1O)C2,C1130CCDC8DA0C6458EF6C2E07E7F3330D8F8B055CBE4DEAADB70DC00C8CDFC1,HOST_CAN_0154,PASS,CC(NC(CCCNC(N)=[NH2+])C(=O)NC(CCCC[N+](C)(C)C)C(=O)NC(CO)C(=O)NC(C(=O)NCC(=O)NC(Cc1ccc(O)cc1)C(N)=O)C(C)O)C(=O)NC(=O)C([NH3+])C(C)O,EE9767229E968E4B84B7ACC189EED5656FB1078BD218D1E7621348DE00B7412E,GUEST_CAN_0189,PASS,AttentiveFP,3,guest_cold,4,4.914363384246826
1956,11,2,C1N2C3C4N(C2=O)CN5C6C7N(C5=O)CN8C9C2N(C8=O)CN5C8C%10N(C5=O)CN5C%11C%12N(C5=O)CN5C%13C%14N(C5=O)CN5C%15C%16N(C5=O)CN5C%17C(N1C5=O)N1CN3C(=O)N4CN6C(=O)N7CN9C(=O)N2CN8C(=O)N%10CN%11C(=O)N%12CN%13C(=O)N%14CN%15C(=O)N%16CN%17C1=O,[Cl-].[Cl-].[Ca+2],cucurbituril,3.309999942779541,O=C1N2CN3C(=O)N4CN5C(=O)N6CN7C(=O)N8CN9C(=O)N%10CN%11C(=O)N%12CN%13C(=O)N%14CN%15C(=O)N%16CN1C1C2N2CN%17C(=O)N(CN%18C(=O)N(CN%19C(=O)N(CN%20C(=O)N(CN%21C(=O)N(CN%22C(=O)N(CN%23C(=O)N(CN1C2=O)C%16C%15%23)C%14C%13%22)C%12C%11%21)C%10C9%20)C8C7%19)C6C5%18)C4C3%17,E82CB7F52437B0147F435E3074F006752062FF8924E87C1DAF3210D182FF633B,HOST_CAN_0143,PASS,[Ca+2].[Cl-].[Cl-],6006A4323204D22FA64247BB19A4427A9CEDE373E584F4DC919908CB4F15A7CA,GUEST_CAN_1021,PASS,AttentiveFP,3,guest_cold,4,4.494556903839111
1957,179,156,COC1=C2C=C3CC4=CC(=C5C=C4CC6=CC(=C(C=C6CC3=C1)OCCOC7=C(C=C8CC9=CC(=C(C=C9CC1=CC(=C(C=C1CC8=C7)OC)OCCO2)OC)OCCO5)OC)OC)OC,[Xe],other,2.9293999671936035,COc1cc2c3cc1OCCOc1cc4c(cc1OC)Cc1cc5c(OC)cc1Cc1cc(c(OC)cc1C4)OCCOc1cc(c(cc1OC)C3)Cc1cc(OC)c(cc1C2)OCCO5,A994AA34EE464E5BE1AB0D787D9DDCAF17250B43466C4579A1059A23B26EAB0C,HOST_CAN_0070,PASS,[Xe],463C698387C428389929BF1416FF8D357192FAE637E5A26BA0E54A16E2EDDA63,GUEST_CAN_1116,PASS,AttentiveFP,3,guest_cold,4,1.8559260368347168
1959,1,337,C1C2=CC(=CC(=C2O)CC3=CC(=CC(=C3O)CC4=C(C(=CC(=C4)S(=O)(=O)O)CC5=C(C1=CC(=C5)S(=O)(=O)O)O)O)S(=O)(=O)O)S(=O)(=O)O,OCC(C(=O)O)N,calixarene,2.079200029373169,O=S(=O)(O)c1cc2c(O)c(c1)Cc1cc(S(=O)(=O)O)cc(c1O)Cc1cc(S(=O)(=O)O)cc(c1O)Cc1cc(S(=O)(=O)O)cc(c1O)C2,C1130CCDC8DA0C6458EF6C2E07E7F3330D8F8B055CBE4DEAADB70DC00C8CDFC1,HOST_CAN_0154,PASS,NC(CO)C(=O)O,2EBE58D687C0AA53F22B8D1549C80A85A6D27FB38ECC46BD2A35B25250CAEFA2,GUEST_CAN_0734,PASS,AttentiveFP,3,guest_cold,4,2.2214651107788086
1968,8,686,C1N2C3C4N(C2=O)CN5C6C7N(C5=O)CN8C9C2N(C8=O)CN5C8C%10N(C5=O)CN5C%11C%12N(C5=O)CN5C%13C(N1C5=O)N1CN3C(=O)N4CN6C(=O)N7CN9C(=O)N2CN8C(=O)N%10CN%11C(=O)N%12CN%13C1=O,[NH3+]CCCCCCCCCC[NH3+],cucurbituril,4.222700119018555,O=C1N2CN3C(=O)N4CN5C(=O)N6CN7C(=O)N8CN9C(=O)N%10CN%11C(=O)N%12CN1C1C2N2CN%13C(=O)N(CN%14C(=O)N(CN%15C(=O)N(CN%16C(=O)N(CN%17C(=O)N(CN1C2=O)C%12C%11%17)C%10C9%16)C8C7%15)C6C5%14)C4C3%13,2526C525F966BEE6CB589BBB60C9F4124C02584847747BDAFF4E92B4462536E8,HOST_CAN_0149,PASS,[NH3+]CCCCCCCCCC[NH3+],90DA5EF1A7C1D3143D5E218086356FAA0E7ECA7264C252E84EDA9FDCFD1ADCAE,GUEST_CAN_1083,PASS,AttentiveFP,3,guest_cold,4,6.9092512130737305
1971,39,803,O[C@H]1[C@H](O[C@@H]2[C@H](O)[C@@H](O)[C@H](O3)[C@@H](CO)O2)[C@@H](CO)O[C@H](O[C@H]4[C@H](O)[C@@H](O)[C@@H](O[C@@H]5[C@@H](O)[C@H](O)[C@H](O[C@@H]6[C@@H](O)[C@H](O)[C@H](O[C@@H]7[C@@H](O)[C@H](O)[C@H](O[C@@H]8[C@@H](O)[C@H](O)[C@H]3O[C@H]8CO)O[C@H]7CO)O[C@H]6CO)O[C@H]5CO)O[C@@H]4CO)[C@@H]1OCC(C)O,CC[N+](=C1C=CC2=NC3C(C(=C(C=C3N)N)C)OC2=C1)CC.[Cl-],cyclodextrin,2.9293999671936035,CC(O)CO[C@H]1[C@H]2O[C@H]3[C@H](O)[C@@H](O)[C@@H](O[C@@H]4[C@@H](O)[C@H](O)[C@H](O[C@@H]5[C@@H](O)[C@H](O)[C@H](O[C@@H]6[C@@H](O)[C@H](O)[C@H](O[C@@H]7[C@@H](O)[C@H](O)[C@H](O[C@H]8[C@H](O)[C@@H](O)[C@@H](O[C@@H]([C@@H]1O)[C@@H](CO)O2)O[C@@H]8CO)O[C@H]7CO)O[C@H]6CO)O[C@H]5CO)O[C@H]4CO)O[C@@H]3CO,8AB99E70351C6B712BA9565029AC4BD45934389743B63BEA912138E31943DA38,HOST_CAN_0015,PASS,CC[N+](CC)=C1C=CC2=NC3C(N)=CC(N)=C(C)C3OC2=C1.[Cl-],6830F35228C0ECB38BAEE550D3E613DC9CA93C110591DF19261CA9174EF7F0A2,GUEST_CAN_0378,PASS,AttentiveFP,3,guest_cold,4,2.7237355709075928
1972,8,1028,C1N2C3C4N(C2=O)CN5C6C7N(C5=O)CN8C9C2N(C8=O)CN5C8C%10N(C5=O)CN5C%11C%12N(C5=O)CN5C%13C(N1C5=O)N1CN3C(=O)N4CN6C(=O)N7CN9C(=O)N2CN8C(=O)N%10CN%11C(=O)N%12CN%13C1=O,C(CCCCCC)O,cucurbituril,2.6435000896453857,O=C1N2CN3C(=O)N4CN5C(=O)N6CN7C(=O)N8CN9C(=O)N%10CN%11C(=O)N%12CN1C1C2N2CN%13C(=O)N(CN%14C(=O)N(CN%15C(=O)N(CN%16C(=O)N(CN%17C(=O)N(CN1C2=O)C%12C%11%17)C%10C9%16)C8C7%15)C6C5%14)C4C3%13,2526C525F966BEE6CB589BBB60C9F4124C02584847747BDAFF4E92B4462536E8,HOST_CAN_0149,PASS,CCCCCCCO,CA8F78DA4D573C001BB36B90E2453AA665C674A4FA5A128AC3E0860DA89F5A52,GUEST_CAN_0293,PASS,AttentiveFP,3,guest_cold,4,2.8795809745788574
1978,3,219,OC[C@H]1O[C@@H]2O[C@@H]3[C@@H](CO)O[C@H](O[C@@H]4[C@@H](CO)O[C@H](O[C@@H]5[C@@H](CO)O[C@H](O[C@@H]6[C@@H](CO)O[C@H](O[C@@H]7[C@@H](CO)O[C@H](O[C@@H]8[C@@H](CO)O[C@H](O[C@H]1[C@H](O)[C@H]2O)[C@H](O)[C@H]8O)[C@H](O)[C@H]7O)[C@H](O)[C@H]6O)[C@H](O)[C@H]5O)[C@H](O)[C@H]4O)[C@H](O)[C@H]3O,CC1(C2(CCC1(OC2=O)C(=O)O)C)C,cyclodextrin,2.2504000663757324,OC[C@H]1O[C@@H]2O[C@H]3[C@H](O)[C@@H](O)[C@@H](O[C@H]4[C@H](O)[C@@H](O)[C@@H](O[C@H]5[C@H](O)[C@@H](O)[C@@H](O[C@H]6[C@H](O)[C@@H](O)[C@@H](O[C@H]7[C@H](O)[C@@H](O)[C@@H](O[C@H]8[C@H](O)[C@@H](O)[C@@H](O[C@H]1[C@H](O)[C@H]2O)O[C@@H]8CO)O[C@@H]7CO)O[C@@H]6CO)O[C@@H]5CO)O[C@@H]4CO)O[C@@H]3CO,22584443D9512992310760C9871E3E6BDB3EDC92006F3EF1EC94F44373907EB1,HOST_CAN_0176,PASS,CC12CCC(C(=O)O)(OC1=O)C2(C)C,2EF39C1296CB6DE11CB281E1A8B266C8BB2AC5ED9998D5BBA6726FECC2915FA6,GUEST_CAN_0224,PASS,AttentiveFP,3,guest_cold,4,3.0875749588012695
1985,178,26,CC1c2cc(c(cc2O)O)C(C)c2cc(c(cc2O)O)C(c2cc(C(c3cc1c(O)cc3O)C)c(O)cc2O)C,C[N+](C)(C)C.[Br-],calixarene,3.200000047683716,CC1c2cc(c(O)cc2O)C(C)c2cc(c(O)cc2O)C(C)c2cc(c(O)cc2O)C(C)c2cc1c(O)cc2O,F8F3531601E46BE363757E4958384DC8A131D5BFE667EF4EB7FA3F2E61704A87,HOST_CAN_0019,PASS,C[N+](C)(C)C.[Br-],106908581BCF2696B3EEAD8D13589E489EE5CE3B80E72B912566C7953850AB09,GUEST_CAN_0554,PASS,AttentiveFP,3,guest_cold,4,3.306147813796997
1991,9,613,[O-]C(=O)COc1ccc2c3c1CNC(=O)c1c(OCC(=O)[O-])ccc4c1ccc1c4C4CC(O1)Oc1c4c4ccc(c(C(=O)NCc5c6c(c7C8c2c(cc3)OC(C8)Oc7cc6)ccc5OCC(=O)[O-])c4cc1)OCC(=O)[O-].[NH4+].[NH4+].[NH4+].[NH4+],C1=CNC=C1,other,3.1835999488830566,O=C([O-])COc1ccc2c3c4ccc2c1CNC(=O)c1c(OCC(=O)[O-])ccc2c5c(ccc12)OC1CC5c2c(ccc5c(c(OCC(=O)[O-])ccc25)C(=O)NCc2c(OCC(=O)[O-])ccc5c6c(ccc25)OC(CC36)O4)O1.[NH4+].[NH4+].[NH4+].[NH4+],7D3830C6A6E10F82EEBCC3ED68B861BB21ED63B1DDB277580F3032527E5A1183,HOST_CAN_0139,PASS,c1cc[nH]c1,F996E37E5A4B42FBC524EFA4BA2E9A15FBF3D1F561537DA9CA8ED1DFB7CD0E8F,GUEST_CAN_1126,PASS,AttentiveFP,3,guest_cold,4,1.6007287502288818
1997,3,1033,OC[C@H]1O[C@@H]2O[C@@H]3[C@@H](CO)O[C@H](O[C@@H]4[C@@H](CO)O[C@H](O[C@@H]5[C@@H](CO)O[C@H](O[C@@H]6[C@@H](CO)O[C@H](O[C@@H]7[C@@H](CO)O[C@H](O[C@@H]8[C@@H](CO)O[C@H](O[C@H]1[C@H](O)[C@H]2O)[C@H](O)[C@H]8O)[C@H](O)[C@H]7O)[C@H](O)[C@H]6O)[C@H](O)[C@H]5O)[C@H](O)[C@H]4O)[C@H](O)[C@H]3O,C([C@]1(C)C(C)(C)[C@H](C(=O)O)CC1)(=O)O,cyclodextrin,1.3802000284194946,OC[C@H]1O[C@@H]2O[C@H]3[C@H](O)[C@@H](O)[C@@H](O[C@H]4[C@H](O)[C@@H](O)[C@@H](O[C@H]5[C@H](O)[C@@H](O)[C@@H](O[C@H]6[C@H](O)[C@@H](O)[C@@H](O[C@H]7[C@H](O)[C@@H](O)[C@@H](O[C@H]8[C@H](O)[C@@H](O)[C@@H](O[C@H]1[C@H](O)[C@H]2O)O[C@@H]8CO)O[C@@H]7CO)O[C@@H]6CO)O[C@@H]5CO)O[C@@H]4CO)O[C@@H]3CO,22584443D9512992310760C9871E3E6BDB3EDC92006F3EF1EC94F44373907EB1,HOST_CAN_0176,PASS,CC1(C)[C@H](C(=O)O)CC[C@]1(C)C(=O)O,630485A366DB2008F82B5620B02FA4FE0065993D71460DA9DB1B0079B0557119,GUEST_CAN_0212,PASS,AttentiveFP,3,guest_cold,4,2.9460341930389404
2002,3,965,OC[C@H]1O[C@@H]2O[C@@H]3[C@@H](CO)O[C@H](O[C@@H]4[C@@H](CO)O[C@H](O[C@@H]5[C@@H](CO)O[C@H](O[C@@H]6[C@@H](CO)O[C@H](O[C@@H]7[C@@H](CO)O[C@H](O[C@@H]8[C@@H](CO)O[C@H](O[C@H]1[C@H](O)[C@H]2O)[C@H](O)[C@H]8O)[C@H](O)[C@H]7O)[C@H](O)[C@H]6O)[C@H](O)[C@H]5O)[C@H](O)[C@H]4O)[C@H](O)[C@H]3O,C1=CC2=C(C=C1N)SC3=CC(=[NH2+])C=CC3=N2.[Cl-],cyclodextrin,3.2504000663757324,OC[C@H]1O[C@@H]2O[C@H]3[C@H](O)[C@@H](O)[C@@H](O[C@H]4[C@H](O)[C@@H](O)[C@@H](O[C@H]5[C@H](O)[C@@H](O)[C@@H](O[C@H]6[C@H](O)[C@@H](O)[C@@H](O[C@H]7[C@H](O)[C@@H](O)[C@@H](O[C@H]8[C@H](O)[C@@H](O)[C@@H](O[C@H]1[C@H](O)[C@H]2O)O[C@@H]8CO)O[C@@H]7CO)O[C@@H]6CO)O[C@@H]5CO)O[C@@H]4CO)O[C@@H]3CO,22584443D9512992310760C9871E3E6BDB3EDC92006F3EF1EC94F44373907EB1,HOST_CAN_0176,PASS,Nc1ccc2nc3ccc(=[NH2+])cc-3sc2c1.[Cl-],48DC014FDEC270D04716C609432C89238E48472679D893E7E070BEE60CE2C6DE,GUEST_CAN_0835,PASS,AttentiveFP,3,guest_cold,4,3.209160327911377
2012,8,1038,C1N2C3C4N(C2=O)CN5C6C7N(C5=O)CN8C9C2N(C8=O)CN5C8C%10N(C5=O)CN5C%11C%12N(C5=O)CN5C%13C(N1C5=O)N1CN3C(=O)N4CN6C(=O)N7CN9C(=O)N2CN8C(=O)N%10CN%11C(=O)N%12CN%13C1=O,CC(C)C,cucurbituril,5.959000110626221,O=C1N2CN3C(=O)N4CN5C(=O)N6CN7C(=O)N8CN9C(=O)N%10CN%11C(=O)N%12CN1C1C2N2CN%13C(=O)N(CN%14C(=O)N(CN%15C(=O)N(CN%16C(=O)N(CN%17C(=O)N(CN1C2=O)C%12C%11%17)C%10C9%16)C8C7%15)C6C5%14)C4C3%13,2526C525F966BEE6CB589BBB60C9F4124C02584847747BDAFF4E92B4462536E8,HOST_CAN_0149,PASS,CC(C)C,A4989E0F473EE4981C8DC330F4867DF3B27E9F8185A9C92AD25D1885D924F3B9,GUEST_CAN_0124,PASS,AttentiveFP,3,guest_cold,4,2.8687744140625
2025,183,516,C(CCC)NC(=O)C1=CC=C(N1)C(=O)NC(=[NH2+])N,CC(C(=O)[O-])NC(=O)C,other,2.8387999534606934,CCCCNC(=O)c1ccc(C(=O)NC(N)=[NH2+])[nH]1,E9BEE7F84953C193FB83615ACE007EF830C762622B10C8FD1D87FE4D11D418B4,HOST_CAN_0030,PASS,CC(=O)NC(C)C(=O)[O-],223D3A7CF02799E4E69DE4CF10C536E7E3A130D2DECA6FB2E856007B979C6DE6,GUEST_CAN_0069,PASS,AttentiveFP,3,guest_cold,4,2.029008388519287
2027,102,536,C1C2=CC=C(C[N+]3=CC=C(C=C3)C4=CC=[N+](CC5=CC=C(C[N+]6=CC=C(C=C6)C7=CC=[N+]1C=C7)C=C5)C=C4)C=C2.F[P-](F)(F)(F)(F)F.F[P-](F)(F)(F)(F)F.F[P-](F)(F)(F)(F)F.F[P-](F)(F)(F)(F)F,C1=CC2=C(C=C1O)C(=CN2)CCN,other,3.1902999877929688,F[P-](F)(F)(F)(F)F.F[P-](F)(F)(F)(F)F.F[P-](F)(F)(F)(F)F.F[P-](F)(F)(F)(F)F.c1cc2ccc1C[n+]1ccc(cc1)-c1cc[n+](cc1)Cc1ccc(cc1)C[n+]1ccc(cc1)-c1cc[n+](cc1)C2,0F2553E080CE2D9CBEC36FEC297EF4CF441DFE215349B4C10A84D4A1E91451C0,HOST_CAN_0102,PASS,NCCc1c[nH]c2ccc(O)cc12,50C092FACAED55A658C6A1AE3522860D2E1569D33526588B723A5129AA5EBE61,GUEST_CAN_0806,PASS,AttentiveFP,3,guest_cold,4,3.1573774814605713
2029,42,108,OC1=C(CC2=CC(S(=O)([O-])=O)=CC(CC(C=C3S(=O)([O-])=O)=C4OCC(N)=O)=C2O)C=C(S(=O)([O-])=O)C=C1CC5=CC(S(=O)([O-])=O)=CC(CC4=C3)=C5O,OC(=O)C(CCCNC(=[NH2+])N)N,calixarene,2.924299955368042,NC(=O)COc1c2cc(S(=O)(=O)[O-])cc1Cc1cc(S(=O)(=O)[O-])cc(c1O)Cc1cc(S(=O)(=O)[O-])cc(c1O)Cc1cc(S(=O)(=O)[O-])cc(c1O)C2,1F2BEDA02D00DC2C1A2D3A5BD5460849E045F21D3B673D4626094BA71BDA0464,HOST_CAN_0104,PASS,NC(=[NH2+])NCCCC(N)C(=O)O,3A95B838A3F3E4B9211C1F9CE461FB93EA851D8F0AA68498288217A21AD77FAC,GUEST_CAN_0726,PASS,AttentiveFP,3,guest_cold,4,2.662217617034912
2030,23,698,OC[C@H]1O[C@@H]2O[C@@H]3[C@@H](CO)O[C@H](O[C@@H]4[C@@H](CO)O[C@H](O[C@@H]5[C@@H](CO)O[C@H](O[C@@H]6[C@@H](CO)O[C@H](O[C@@H]7[C@@H](CO)O[C@H](O[C@H]1[C@H](O)[C@H]2O)[C@H](O)[C@H]7O)[C@H](O)[C@H]6O)[C@H](O)[C@H]5O)[C@H](O)[C@H]4O)[C@H](O)[C@H]3O,CCCC[NH3+],cyclodextrin,1.1553000211715698,OC[C@H]1O[C@@H]2O[C@H]3[C@H](O)[C@@H](O)[C@@H](O[C@H]4[C@H](O)[C@@H](O)[C@@H](O[C@H]5[C@H](O)[C@@H](O)[C@@H](O[C@H]6[C@H](O)[C@@H](O)[C@@H](O[C@H]7[C@H](O)[C@@H](O)[C@@H](O[C@H]1[C@H](O)[C@H]2O)O[C@@H]7CO)O[C@@H]6CO)O[C@@H]5CO)O[C@@H]4CO)O[C@@H]3CO,9CB41F926A4386D7C0E23599753E6EDC60802BE1DCF577DB9B32CBB20691DB1D,HOST_CAN_0175,PASS,CCCC[NH3+],6A71D8302F7F41484EDE7CB008CCE4F2AFAAFDA27C6FFB24A0361849051D3340,GUEST_CAN_0322,PASS,AttentiveFP,3,guest_cold,4,2.0878491401672363
2032,20,641,O=C(COC1=CC(CC2=C(OCC(O)=O)C=C(C(OCC(O)=O)=C2)CC3=CC(COC(O)=O)=C(C4)C=C3OCC(O)=O)=C(OCC(O)=O)C=C1CC5=C[C@@H](OCC(O)=O)[C@H](C=C5OCC(O)=O)CC6=CC(COC(O)=O)=C(C=C6OCC(O)=O)CC7=C(OCC(O)=O)C=C4C(OCC(O)=O)=C7)O,C[N+](CCCC[N+](C)(C)C)(C)C.[I-].[I-],pillararene,7.184700012207031,O=C(O)COC1=C[C@@H]2Cc3cc(COC(=O)O)c(cc3OCC(=O)O)Cc3cc(OCC(=O)O)c(cc3OCC(=O)O)Cc3cc(OCC(=O)O)c(cc3COC(=O)O)Cc3cc(OCC(=O)O)c(cc3OCC(=O)O)Cc3cc(OCC(=O)O)c(cc3OCC(=O)O)CC1=C[C@H]2OCC(=O)O,EB7BB63E53C952B34EDD9A1AA221307EA37FEE1D4C687CFC64D6BC38CEFE6263,HOST_CAN_0126,PASS,C[N+](C)(C)CCCC[N+](C)(C)C.[I-].[I-],0961B23269B09D0945FF55113CA3F7A39C98B181CCB0375A4E45EFAF61A5AF3F,GUEST_CAN_0566,PASS,AttentiveFP,3,guest_cold,4,7.102242469787598
2042,9,585,[O-]C(=O)COc1ccc2c3c1CNC(=O)c1c(OCC(=O)[O-])ccc4c1ccc1c4C4CC(O1)Oc1c4c4ccc(c(C(=O)NCc5c6c(c7C8c2c(cc3)OC(C8)Oc7cc6)ccc5OCC(=O)[O-])c4cc1)OCC(=O)[O-].[NH4+].[NH4+].[NH4+].[NH4+],C1COC=CO1,other,3.003499984741211,O=C([O-])COc1ccc2c3c4ccc2c1CNC(=O)c1c(OCC(=O)[O-])ccc2c5c(ccc12)OC1CC5c2c(ccc5c(c(OCC(=O)[O-])ccc25)C(=O)NCc2c(OCC(=O)[O-])ccc5c6c(ccc25)OC(CC36)O4)O1.[NH4+].[NH4+].[NH4+].[NH4+],7D3830C6A6E10F82EEBCC3ED68B861BB21ED63B1DDB277580F3032527E5A1183,HOST_CAN_0139,PASS,C1=COCCO1,62B89259694551775F024BAF22BB7717B9DD1ABB919F2BD142259B86044C2DEF,GUEST_CAN_0017,PASS,AttentiveFP,3,guest_cold,4,2.087311267852783
2045,14,337,NCCOc1c2Cc3cc(cc(c3O)Cc3cc(cc(c3O)Cc3cc(cc(Cc4c(c(Cc5c(c(Cc1cc(c2)S(=O)(=O)O)cc(c5)S(=O)(=O)O)O)cc(c4)S(=O)(=O)O)O)c3O)S(=O)(=O)O)S(=O)(=O)O)S(=O)(=O)O,OCC(C(=O)O)N,calixarene,2.2504000663757324,NCCOc1c2cc(S(=O)(=O)O)cc1Cc1cc(S(=O)(=O)O)cc(c1O)Cc1cc(S(=O)(=O)O)cc(c1O)Cc1cc(S(=O)(=O)O)cc(c1O)Cc1cc(S(=O)(=O)O)cc(c1O)Cc1cc(S(=O)(=O)O)cc(c1O)C2,C787A22C599703D921FA29CACAF002E9FF6ED12C44482B2905C84DCBDD5B4AC1,HOST_CAN_0110,PASS,NC(CO)C(=O)O,2EBE58D687C0AA53F22B8D1549C80A85A6D27FB38ECC46BD2A35B25250CAEFA2,GUEST_CAN_0734,PASS,AttentiveFP,3,guest_cold,4,1.9364333152770996
2047,3,1043,OC[C@H]1O[C@@H]2O[C@@H]3[C@@H](CO)O[C@H](O[C@@H]4[C@@H](CO)O[C@H](O[C@@H]5[C@@H](CO)O[C@H](O[C@@H]6[C@@H](CO)O[C@H](O[C@@H]7[C@@H](CO)O[C@H](O[C@@H]8[C@@H](CO)O[C@H](O[C@H]1[C@H](O)[C@H]2O)[C@H](O)[C@H]8O)[C@H](O)[C@H]7O)[C@H](O)[C@H]6O)[C@H](O)[C@H]5O)[C@H](O)[C@H]4O)[C@H](O)[C@H]3O,CC12CCC(C1(C)CS(=O)(=O)[O-])C(C2=O)Br.[NH4+],cyclodextrin,3.5599000453948975,OC[C@H]1O[C@@H]2O[C@H]3[C@H](O)[C@@H](O)[C@@H](O[C@H]4[C@H](O)[C@@H](O)[C@@H](O[C@H]5[C@H](O)[C@@H](O)[C@@H](O[C@H]6[C@H](O)[C@@H](O)[C@@H](O[C@H]7[C@H](O)[C@@H](O)[C@@H](O[C@H]8[C@H](O)[C@@H](O)[C@@H](O[C@H]1[C@H](O)[C@H]2O)O[C@@H]8CO)O[C@@H]7CO)O[C@@H]6CO)O[C@@H]5CO)O[C@@H]4CO)O[C@@H]3CO,22584443D9512992310760C9871E3E6BDB3EDC92006F3EF1EC94F44373907EB1,HOST_CAN_0176,PASS,CC12CCC(C(Br)C1=O)C2(C)CS(=O)(=O)[O-].[NH4+],82FCB2E91E9EF2FF355229823B9A550C633F8DC4E464B4FDF0D56CAF15AA902A,GUEST_CAN_0226,PASS,AttentiveFP,3,guest_cold,4,3.1310741901397705
2051,83,923,O=C1N2CN(C(N3CN4C5[C@H]6N7C4=O)=O)C(C3N8C[N@]5C([N@@]6C[N@@]9C([N@@]([C@H]([N@](C[N@@]%10[C@H]%11C%12%13)C%14=O)[C@@H]9[N@]%14C7)C[N@@]%11C([N@]%13C%15N%16C(N%17CN%18C%19=O)=O)=O)=O)=O)N(C8=O)CN%19C2C%18N1CN%20C%17C%16N([C@H](C%21=C%15C=C(C=CC=C%22)C%22=C%21)N%12C%10=O)C%20=O,C1=C(N=C(S1)N=C(N)N)CSCCC(=NS(=O)(=O)N)N,cucurbituril,4.07919979095459,O=C1N2CN3C(=O)N4CN5C(=O)N6CN7C(=O)N8CN9C(=O)N%10C%11c%12cc%13ccccc%13cc%12[C@H]%12N%13C(=O)N%14CN%15C(=O)N(CN%16C(=O)N(CN%17C(=O)N(CN%18C(=O)N(CN%19C(=O)N%12C%10[C@@H]9%19)[C@@H]8[C@@H]7%18)[C@@H]6C5%17)C4C3%16)C2C%15N1CN1C(=O)N%11C%13C1%14,22BBC4A6182BB69D6F23E2210FF6FE0897FAD28735E766CF137DD2649852025C,HOST_CAN_0141,PASS,NC(N)=Nc1nc(CSCCC(N)=NS(N)(=O)=O)cs1,C278CD41E303334ECE190B1DCB1D3235703FA571589B367F21226679E0903877,GUEST_CAN_0752,PASS,AttentiveFP,3,guest_cold,4,5.489067077636719
2054,30,337,C1C2=CC(=CC(=C2O)CC3=CC(=CC(=C3O)CC4=CC(=CC(=C4O)CC5=C(C(=CC(=C5)S(=O)(=O)[O-])CC6=C(C(=CC(=C6)S(=O)(=O)[O-])CC7=C(C1=CC(=C7)S(=O)(=O)[O-])O)O)O)S(=O)(=O)[O-])S(=O)(=O)[O-])S(=O)(=O)[O-],OCC(C(=O)O)N,calixarene,2.0492000579833984,O=S(=O)([O-])c1cc2c(O)c(c1)Cc1cc(S(=O)(=O)[O-])cc(c1O)Cc1cc(S(=O)(=O)[O-])cc(c1O)Cc1cc(S(=O)(=O)[O-])cc(c1O)Cc1cc(S(=O)(=O)[O-])cc(c1O)Cc1cc(S(=O)(=O)[O-])cc(c1O)C2,175E9D01D3A7DD7BE73E9B8659E8BAA0A16B2D5C4CCEFE3BEFED10121429BF10,HOST_CAN_0164,PASS,NC(CO)C(=O)O,2EBE58D687C0AA53F22B8D1549C80A85A6D27FB38ECC46BD2A35B25250CAEFA2,GUEST_CAN_0734,PASS,AttentiveFP,3,guest_cold,4,1.9921125173568726
2066,2,1048,C1N2C3C4N(C2=O)CN5C6C7N(C5=O)CN8C9C2N(C8=O)CN5C8C%10N(C5=O)CN5C%11C(N1C5=O)N1CN3C(=O)N4CN6C(=O)N7CN9C(=O)N2CN8C(=O)N%10CN%11C1=O,[N+](=O)([O-])[O-].[Mg+2].[N+](=O)([O-])[O-],cucurbituril,2.5,O=C1N2CN3C(=O)N4CN5C(=O)N6CN7C(=O)N8CN9C(=O)N%10CN1C1C2N2CN%11C(=O)N(CN%12C(=O)N(CN%13C(=O)N(CN%14C(=O)N(CN1C2=O)C%10C9%14)C8C7%13)C6C5%12)C4C3%11,EE085DEDB538468744A3EBDAC86A0BF01B424E1C1BBF9C3E804B43220B2C1DDA,HOST_CAN_0150,PASS,O=[N+]([O-])[O-].O=[N+]([O-])[O-].[Mg+2],6DEB00A87B566973F6D5308C69D8A88D1E0F9376E66D77A9055A02AA3112E879,GUEST_CAN_0944,PASS,AttentiveFP,3,guest_cold,4,3.2847061157226562
2076,30,369,C1C2=CC(=CC(=C2O)CC3=CC(=CC(=C3O)CC4=CC(=CC(=C4O)CC5=C(C(=CC(=C5)S(=O)(=O)[O-])CC6=C(C(=CC(=C6)S(=O)(=O)[O-])CC7=C(C1=CC(=C7)S(=O)(=O)[O-])O)O)O)S(=O)(=O)[O-])S(=O)(=O)[O-])S(=O)(=O)[O-],C1CC2CCC(C1)N=N2,calixarene,1.1205999851226807,O=S(=O)([O-])c1cc2c(O)c(c1)Cc1cc(S(=O)(=O)[O-])cc(c1O)Cc1cc(S(=O)(=O)[O-])cc(c1O)Cc1cc(S(=O)(=O)[O-])cc(c1O)Cc1cc(S(=O)(=O)[O-])cc(c1O)Cc1cc(S(=O)(=O)[O-])cc(c1O)C2,175E9D01D3A7DD7BE73E9B8659E8BAA0A16B2D5C4CCEFE3BEFED10121429BF10,HOST_CAN_0164,PASS,C1CC2CCC(C1)N=N2,3CB1DE4B60C8143576E12CED092F576F3C060BF327141DD7E64000E135972BED,GUEST_CAN_0021,PASS,AttentiveFP,3,guest_cold,4,2.5727643966674805
2078,82,337,OC1=C2C=C(S(=O)([O-])=O)C=C1CC3=C(O)C(CC4=CC(S(=O)([O-])=O)=CC(CC5=CC(S(=O)([O-])=O)=CC(CC6=CC(S(=O)([O-])=O)=CC(CC(C=C(S(=O)([O-])=O)C=C7C2)=C7O)=C6O)=C5OCCN)=C4O)=CC(S(=O)([O-])=O)=C3,OCC(C(=O)O)N,calixarene,2.3710999488830566,NCCOc1c2cc(S(=O)(=O)[O-])cc1Cc1cc(S(=O)(=O)[O-])cc(c1O)Cc1cc(S(=O)(=O)[O-])cc(c1O)Cc1cc(S(=O)(=O)[O-])cc(c1O)Cc1cc(S(=O)(=O)[O-])cc(c1O)Cc1cc(S(=O)(=O)[O-])cc(c1O)C2,943BCEA8586BE526CE8501B61202A05D77257BC2BB9DA3A3C52BD077795B3D50,HOST_CAN_0111,PASS,NC(CO)C(=O)O,2EBE58D687C0AA53F22B8D1549C80A85A6D27FB38ECC46BD2A35B25250CAEFA2,GUEST_CAN_0734,PASS,AttentiveFP,3,guest_cold,4,1.878136396408081
2082,11,369,C1N2C3C4N(C2=O)CN5C6C7N(C5=O)CN8C9C2N(C8=O)CN5C8C%10N(C5=O)CN5C%11C%12N(C5=O)CN5C%13C%14N(C5=O)CN5C%15C%16N(C5=O)CN5C%17C(N1C5=O)N1CN3C(=O)N4CN6C(=O)N7CN9C(=O)N2CN8C(=O)N%10CN%11C(=O)N%12CN%13C(=O)N%14CN%15C(=O)N%16CN%17C1=O,C1CC2CCC(C1)N=N2,cucurbituril,5.767199993133545,O=C1N2CN3C(=O)N4CN5C(=O)N6CN7C(=O)N8CN9C(=O)N%10CN%11C(=O)N%12CN%13C(=O)N%14CN%15C(=O)N%16CN1C1C2N2CN%17C(=O)N(CN%18C(=O)N(CN%19C(=O)N(CN%20C(=O)N(CN%21C(=O)N(CN%22C(=O)N(CN%23C(=O)N(CN1C2=O)C%16C%15%23)C%14C%13%22)C%12C%11%21)C%10C9%20)C8C7%19)C6C5%18)C4C3%17,E82CB7F52437B0147F435E3074F006752062FF8924E87C1DAF3210D182FF633B,HOST_CAN_0143,PASS,C1CC2CCC(C1)N=N2,3CB1DE4B60C8143576E12CED092F576F3C060BF327141DD7E64000E135972BED,GUEST_CAN_0021,PASS,AttentiveFP,3,guest_cold,4,5.03944206237793
2091,3,1054,OC[C@H]1O[C@@H]2O[C@@H]3[C@@H](CO)O[C@H](O[C@@H]4[C@@H](CO)O[C@H](O[C@@H]5[C@@H](CO)O[C@H](O[C@@H]6[C@@H](CO)O[C@H](O[C@@H]7[C@@H](CO)O[C@H](O[C@@H]8[C@@H](CO)O[C@H](O[C@H]1[C@H](O)[C@H]2O)[C@H](O)[C@H]8O)[C@H](O)[C@H]7O)[C@H](O)[C@H]6O)[C@H](O)[C@H]5O)[C@H](O)[C@H]4O)[C@H](O)[C@H]3O,CC12CCC(C1(C)CS(=O)(=O)O)C(C2=O)Br,cyclodextrin,3.575200080871582,OC[C@H]1O[C@@H]2O[C@H]3[C@H](O)[C@@H](O)[C@@H](O[C@H]4[C@H](O)[C@@H](O)[C@@H](O[C@H]5[C@H](O)[C@@H](O)[C@@H](O[C@H]6[C@H](O)[C@@H](O)[C@@H](O[C@H]7[C@H](O)[C@@H](O)[C@@H](O[C@H]8[C@H](O)[C@@H](O)[C@@H](O[C@H]1[C@H](O)[C@H]2O)O[C@@H]8CO)O[C@@H]7CO)O[C@@H]6CO)O[C@@H]5CO)O[C@@H]4CO)O[C@@H]3CO,22584443D9512992310760C9871E3E6BDB3EDC92006F3EF1EC94F44373907EB1,HOST_CAN_0176,PASS,CC12CCC(C(Br)C1=O)C2(C)CS(=O)(=O)O,E5EAD09E6CBF316BD81A8FBDA6B3347AC26DAA245F37B1A07486F5ED57F5E53F,GUEST_CAN_0225,PASS,AttentiveFP,3,guest_cold,4,3.157046318054199
2092,1,201,C1C2=CC(=CC(=C2O)CC3=CC(=CC(=C3O)CC4=C(C(=CC(=C4)S(=O)(=O)O)CC5=C(C1=CC(=C5)S(=O)(=O)O)O)O)S(=O)(=O)O)S(=O)(=O)O,[Li+],calixarene,2.1429998874664307,O=S(=O)(O)c1cc2c(O)c(c1)Cc1cc(S(=O)(=O)O)cc(c1O)Cc1cc(S(=O)(=O)O)cc(c1O)Cc1cc(S(=O)(=O)O)cc(c1O)C2,C1130CCDC8DA0C6458EF6C2E07E7F3330D8F8B055CBE4DEAADB70DC00C8CDFC1,HOST_CAN_0154,PASS,[Li+],A7557B375892DC7E581DDC6CA9773574F95B6514113F07A19BDE6059504332FE,GUEST_CAN_1071,PASS,AttentiveFP,3,guest_cold,4,1.2645823955535889
2095,185,803,O[C@H]1[C@H](O[C@@H]2[C@H](O)[C@@H](O)[C@H](O3)[C@@H](CO)O2)[C@@H](CO)O[C@H](O[C@H]4[C@H](O)[C@@H](O)[C@@H](O[C@@H]5[C@@H](O)[C@H](O)[C@H](O[C@@H]6[C@@H](O)[C@H](O)[C@H](O[C@@H]7[C@@H](O)[C@H](O)[C@H](O[C@@H]8[C@@H](O)[C@H](O)[C@H]3O[C@H]8CO)O[C@H]7CO)O[C@H]6CO)O[C@H]5CO)O[C@@H]4CO)[C@@H]1OCCO,CC[N+](=C1C=CC2=NC3C(C(=C(C=C3N)N)C)OC2=C1)CC.[Cl-],cyclodextrin,2.876199960708618,OCCO[C@H]1[C@H]2O[C@H]3[C@H](O)[C@@H](O)[C@@H](O[C@@H]4[C@@H](O)[C@H](O)[C@H](O[C@@H]5[C@@H](O)[C@H](O)[C@H](O[C@@H]6[C@@H](O)[C@H](O)[C@H](O[C@@H]7[C@@H](O)[C@H](O)[C@H](O[C@H]8[C@H](O)[C@@H](O)[C@@H](O[C@@H]([C@@H]1O)[C@@H](CO)O2)O[C@@H]8CO)O[C@H]7CO)O[C@H]6CO)O[C@H]5CO)O[C@H]4CO)O[C@@H]3CO,38FE179C31F6F0664EF4E25353C0098520B92825F61BFBB3CB494C6965B9AD3E,HOST_CAN_0173,PASS,CC[N+](CC)=C1C=CC2=NC3C(N)=CC(N)=C(C)C3OC2=C1.[Cl-],6830F35228C0ECB38BAEE550D3E613DC9CA93C110591DF19261CA9174EF7F0A2,GUEST_CAN_0378,PASS,AttentiveFP,3,guest_cold,4,2.715965747833252
2106,99,72,N#CCOc1c2Cc3cc(cc(c3O)Cc3cc(cc(c3O)Cc3cc(cc(c3O)Cc3cc(cc(Cc4c(c(Cc5c(c(Cc6c(c(Cc1cc(c2)S(=O)(=O)O)cc(c6)S(=O)(=O)O)O)cc(c5)S(=O)(=O)O)O)cc(c4)S(=O)(=O)O)O)c3O)S(=O)(=O)O)S(=O)(=O)O)S(=O)(=O)O)S(=O)(=O)O,NC(C(=O)O)Cc1c[nH]cn1,calixarene,2.819499969482422,N#CCOc1c2cc(S(=O)(=O)O)cc1Cc1cc(S(=O)(=O)O)cc(c1O)Cc1cc(S(=O)(=O)O)cc(c1O)Cc1cc(S(=O)(=O)O)cc(c1O)Cc1cc(S(=O)(=O)O)cc(c1O)Cc1cc(S(=O)(=O)O)cc(c1O)Cc1cc(S(=O)(=O)O)cc(c1O)Cc1cc(S(=O)(=O)O)cc(c1O)C2,9C5AE9DC33FB7183D6DE570E4F40C5ED225E59EFD3C7E5485333524BCCF933C0,HOST_CAN_0103,PASS,NC(Cc1c[nH]cn1)C(=O)O,FB673C9EDBC2F6C509C14A12DA10308CC8AD4E94C32BC5F3BAD448FBAA74F381,GUEST_CAN_0741,PASS,AttentiveFP,3,guest_cold,4,2.577767848968506
2113,3,901,OC[C@H]1O[C@@H]2O[C@@H]3[C@@H](CO)O[C@H](O[C@@H]4[C@@H](CO)O[C@H](O[C@@H]5[C@@H](CO)O[C@H](O[C@@H]6[C@@H](CO)O[C@H](O[C@@H]7[C@@H](CO)O[C@H](O[C@@H]8[C@@H](CO)O[C@H](O[C@H]1[C@H](O)[C@H]2O)[C@H](O)[C@H]8O)[C@H](O)[C@H]7O)[C@H](O)[C@H]6O)[C@H](O)[C@H]5O)[C@H](O)[C@H]4O)[C@H](O)[C@H]3O,COC(C1=CC=CC=C1)C(=O)O,cyclodextrin,1.0338000059127808,OC[C@H]1O[C@@H]2O[C@H]3[C@H](O)[C@@H](O)[C@@H](O[C@H]4[C@H](O)[C@@H](O)[C@@H](O[C@H]5[C@H](O)[C@@H](O)[C@@H](O[C@H]6[C@H](O)[C@@H](O)[C@@H](O[C@H]7[C@H](O)[C@@H](O)[C@@H](O[C@H]8[C@H](O)[C@@H](O)[C@@H](O[C@H]1[C@H](O)[C@H]2O)O[C@@H]8CO)O[C@@H]7CO)O[C@@H]6CO)O[C@@H]5CO)O[C@@H]4CO)O[C@@H]3CO,22584443D9512992310760C9871E3E6BDB3EDC92006F3EF1EC94F44373907EB1,HOST_CAN_0176,PASS,COC(C(=O)O)c1ccccc1,54678FA8D963898169DC8A9BB54D73147D3A227DAAEC7A42E2E3C8C4083D2314,GUEST_CAN_0453,PASS,AttentiveFP,3,guest_cold,4,2.424037456512451
2118,38,1011,C1C2C3=CC=CC=C3C4=C5C6CC7=CC=CC=C7C8=CC(=CC(=C8)C9=CC=CC=C9CC3C7=CC=CC=C7C(=C24)C3=C5C2=CC=CC=C62)C2=CC=CC=C21,C1C=CC2C1C3C4=CC=CC=C4C2C5=CC=CC=[N+]35,cyclophane,5.556300163269043,c1ccc2c(c1)CC1c3ccccc3-c3c1c1c4c5c3C(Cc3ccccc3-c3cc-2cc(c3)-c2ccccc2CC4c2ccccc2-1)c1ccccc1-5,7D60610AC6275537B6952E12359C97C789A38E2FA1295732E16AF89573CE95C4,HOST_CAN_0186,PASS,C1=CC2C3c4ccccc4C(C2C1)[n+]1ccccc13,04F538198C063817EB0697587CEE62ECD7170D35DB7CDF20799D62A28FD3187D,GUEST_CAN_0015,PASS,AttentiveFP,3,guest_cold,4,4.920992374420166
2128,2,1061,C1N2C3C4N(C2=O)CN5C6C7N(C5=O)CN8C9C2N(C8=O)CN5C8C%10N(C5=O)CN5C%11C(N1C5=O)N1CN3C(=O)N4CN6C(=O)N7CN9C(=O)N2CN8C(=O)N%10CN%11C1=O,[N+](=O)([O-])[O-].[N+](=O)([O-])[O-].[Sr+2],cucurbituril,4.969699859619141,O=C1N2CN3C(=O)N4CN5C(=O)N6CN7C(=O)N8CN9C(=O)N%10CN1C1C2N2CN%11C(=O)N(CN%12C(=O)N(CN%13C(=O)N(CN%14C(=O)N(CN1C2=O)C%10C9%14)C8C7%13)C6C5%12)C4C3%11,EE085DEDB538468744A3EBDAC86A0BF01B424E1C1BBF9C3E804B43220B2C1DDA,HOST_CAN_0150,PASS,O=[N+]([O-])[O-].O=[N+]([O-])[O-].[Sr+2],6355C49DAB4BA9B348AD0FD18846586D23C6A4ACAFAA8E9805922A51CC362F9C,GUEST_CAN_0946,PASS,AttentiveFP,3,guest_cold,4,3.2847061157226562
2133,104,201,C1COCCOCCN2CCOCCOCCN1CCOCCOCCOCC2,[Li+],other,2.0,C1COCCN2CCOCCOCCN(CCOCCO1)CCOCCOCC2,FC2FBDD1CDCC0BE65573222C4E8FD2959C4D898D99922B825F4B9F435E9AD133,HOST_CAN_0005,PASS,[Li+],A7557B375892DC7E581DDC6CA9773574F95B6514113F07A19BDE6059504332FE,GUEST_CAN_1071,PASS,AttentiveFP,3,guest_cold,4,2.033310890197754
2134,72,698,O=C1N2CN3C(=O)N4C5C3N3CN6C2C2N1CN1C(=O)N7C8C1N(CN2C6=O)C(=O)N8CN1C2N(C7)C(=O)N6C2N(C1=O)CN1C2N(C6)C(=O)N6CN7C(=O)N(C4CCc4ccccc4)C4N(CN5C3=O)C(=O)N(C74)CN(C26)C1=O,CCCC[NH3+],cucurbituril,6.528900146484375,O=C1N2CN3C(=O)N4CN5C(=O)N6CN7C(=O)N8CN9C(=O)N%10CN%11C(=O)N%12CN1C1C2N2CN%13C(=O)N(CN%14C(=O)N(CN%15C(=O)N(C8C7%15)C(CCc7ccccc7)N7C(=O)N(CN8C(=O)N(CN1C2=O)C%12C%118)C%10C97)C6C5%14)C4C3%13,36560286898506CAA57C8D987F07AFAC12E98F8C83DA8997C6DC1417F3238164,HOST_CAN_0148,PASS,CCCC[NH3+],6A71D8302F7F41484EDE7CB008CCE4F2AFAAFDA27C6FFB24A0361849051D3340,GUEST_CAN_0322,PASS,AttentiveFP,3,guest_cold,4,4.461407661437988
2135,3,360,OC[C@H]1O[C@@H]2O[C@@H]3[C@@H](CO)O[C@H](O[C@@H]4[C@@H](CO)O[C@H](O[C@@H]5[C@@H](CO)O[C@H](O[C@@H]6[C@@H](CO)O[C@H](O[C@@H]7[C@@H](CO)O[C@H](O[C@@H]8[C@@H](CO)O[C@H](O[C@H]1[C@H](O)[C@H]2O)[C@H](O)[C@H]8O)[C@H](O)[C@H]7O)[C@H](O)[C@H]6O)[C@H](O)[C@H]5O)[C@H](O)[C@H]4O)[C@H](O)[C@H]3O,CCN(CC)C1=CC2=C(C=C1)N=C3C=CC(=[N+](CC)CC)C=C3O2,cyclodextrin,3.0492000579833984,OC[C@H]1O[C@@H]2O[C@H]3[C@H](O)[C@@H](O)[C@@H](O[C@H]4[C@H](O)[C@@H](O)[C@@H](O[C@H]5[C@H](O)[C@@H](O)[C@@H](O[C@H]6[C@H](O)[C@@H](O)[C@@H](O[C@H]7[C@H](O)[C@@H](O)[C@@H](O[C@H]8[C@H](O)[C@@H](O)[C@@H](O[C@H]1[C@H](O)[C@H]2O)O[C@@H]8CO)O[C@@H]7CO)O[C@@H]6CO)O[C@@H]5CO)O[C@@H]4CO)O[C@@H]3CO,22584443D9512992310760C9871E3E6BDB3EDC92006F3EF1EC94F44373907EB1,HOST_CAN_0176,PASS,CCN(CC)c1ccc2nc3ccc(=[N+](CC)CC)cc-3oc2c1,066F3D1B32F1748B3B78FD889501761911247912358CB368BEF1B1090F720B3D,GUEST_CAN_0355,PASS,AttentiveFP,3,guest_cold,4,2.835787773132324
2136,114,198,COC[C@H]1O[C@@H]2O[C@H]3[C@H](COC)O[C@H]([C@H]([C@@H]3OC)OC)O[C@H]3[C@H](COC)O[C@H]([C@H]([C@@H]3OC)OC)O[C@H]3[C@H](COC)O[C@H]([C@H]([C@@H]3OC)OC)O[C@H]3[C@@H](O[C@@H](O[C@@H]4[C@H](O[C@H](O[C@@H]5[C@H](O[C@H](O[C@H]1[C@@H]([C@H]2OC)OC)[C@H](OC)[C@H]5OC)COc1cccc2c1cccc2)[C@H](OC)[C@H]4OC)COC)[C@@H](OC)[C@@H]3OC)COC,CC(CCC(=O)[O-])C1CCC2C1(C(CC3C2CCC4C3(CCC(C4)O)C)O)C.[Na+],cyclodextrin,3.635499954223633,COC[C@@H]1O[C@H]2O[C@@H]3[C@@H](OC)[C@H](OC)[C@H](O[C@H]4[C@H](OC)[C@@H](OC)[C@@H](O[C@H]5[C@H](OC)[C@@H](OC)[C@@H](O[C@H]6[C@H](OC)[C@@H](OC)[C@@H](O[C@@H]7[C@@H](OC)[C@H](OC)[C@H](O[C@@H]8[C@@H](OC)[C@H](OC)[C@H](O[C@@H]1[C@@H](OC)[C@@H]2OC)O[C@H]8COC)O[C@H]7COC)O[C@@H]6COC)O[C@@H]5COc1cccc2ccccc12)O[C@@H]4COC)O[C@H]3COC,7AE19FA8EF87D27413EA05F1D5DD130463E6A866CDA3A89A21EED2C3F3D61191,HOST_CAN_0062,PASS,CC(CCC(=O)[O-])C1CCC2C3CCC4CC(O)CCC4(C)C3CC(O)C12C.[Na+],AAE8955CE9801473265577821D0239EBE4B6812D89DD2C64FBC72356DA8A31D4,GUEST_CAN_0174,PASS,AttentiveFP,3,guest_cold,4,3.4310717582702637
2138,8,698,C1N2C3C4N(C2=O)CN5C6C7N(C5=O)CN8C9C2N(C8=O)CN5C8C%10N(C5=O)CN5C%11C%12N(C5=O)CN5C%13C(N1C5=O)N1CN3C(=O)N4CN6C(=O)N7CN9C(=O)N2CN8C(=O)N%10CN%11C(=O)N%12CN%13C1=O,CCCC[NH3+],cucurbituril,5.0,O=C1N2CN3C(=O)N4CN5C(=O)N6CN7C(=O)N8CN9C(=O)N%10CN%11C(=O)N%12CN1C1C2N2CN%13C(=O)N(CN%14C(=O)N(CN%15C(=O)N(CN%16C(=O)N(CN%17C(=O)N(CN1C2=O)C%12C%11%17)C%10C9%16)C8C7%15)C6C5%14)C4C3%13,2526C525F966BEE6CB589BBB60C9F4124C02584847747BDAFF4E92B4462536E8,HOST_CAN_0149,PASS,CCCC[NH3+],6A71D8302F7F41484EDE7CB008CCE4F2AFAAFDA27C6FFB24A0361849051D3340,GUEST_CAN_0322,PASS,AttentiveFP,3,guest_cold,4,3.950376033782959
2139,135,516,C(N)(=O)CN(C(=O)C1=CC=C(N1)C(=O)NC(=[NH2+])N)C(C)C,CC(C(=O)[O-])NC(=O)C,other,3.2067999839782715,CC(C)N(CC(N)=O)C(=O)c1ccc(C(=O)NC(N)=[NH2+])[nH]1,E45E3D029035E3F73C86C1CEB4D1AB7DAEA8B675AB866EF1DA28E3B575A147C0,HOST_CAN_0011,PASS,CC(=O)NC(C)C(=O)[O-],223D3A7CF02799E4E69DE4CF10C536E7E3A130D2DECA6FB2E856007B979C6DE6,GUEST_CAN_0069,PASS,AttentiveFP,3,guest_cold,4,2.2995615005493164
2140,22,979,Oc1c2Sc3cc(cc(c3O)Sc3cc(cc(Sc4c(c(Sc1cc(c2)S(=O)(=O)O)cc(c4)S(=O)(=O)O)O)c3O)S(=O)(=O)O)S(=O)(=O)O,NC1=CC=NC=C1,calixarene,2.465399980545044,O=S(=O)(O)c1cc2c(O)c(c1)Sc1cc(S(=O)(=O)O)cc(c1O)Sc1cc(S(=O)(=O)O)cc(c1O)Sc1cc(S(=O)(=O)O)cc(c1O)S2,5FE888C1FB51BDA35D21231A31EDB8203ACD56DD9744D0C6B83351EC668D4256,HOST_CAN_0156,PASS,Nc1ccncc1,CEC5078599FE0F065A74BE06F99F85ECB9F5D4A310E56C7D637E739DBC41FCA9,GUEST_CAN_0840,PASS,AttentiveFP,3,guest_cold,4,1.9529714584350586
2141,24,440,OC1=C2C=C(S(=O)([O-])=O)C=C1CC3=C(O)C(CC4=CC(S(=O)([O-])=O)=CC(CC5=CC(S(=O)([O-])=O)=CC(CC6=CC(S(=O)([O-])=O)=CC(CC(C=C(S(=O)([O-])=O)C=C7C2)=C7O)=C6O)=C5O)=C4O)=CC(S(=O)([O-])=O)=C3.[Na+].[Na+].[Na+].[Na+].[Na+].[Na+],CC(C(=O)O)NC(=O)CN,calixarene,3.4700000286102295,O=S(=O)([O-])c1cc2c(O)c(c1)Cc1cc(S(=O)(=O)[O-])cc(c1O)Cc1cc(S(=O)(=O)[O-])cc(c1O)Cc1cc(S(=O)(=O)[O-])cc(c1O)Cc1cc(S(=O)(=O)[O-])cc(c1O)Cc1cc(S(=O)(=O)[O-])cc(c1O)C2.[Na+].[Na+].[Na+].[Na+].[Na+].[Na+],2C1F820212E47C3BD5C15E73832EDE6A35C8C7920DDCE445D20F661D969CA26F,HOST_CAN_0165,PASS,CC(NC(=O)CN)C(=O)O,05890C7DD45D8F3107459006B72D4EDB9CC5C3A82EEA862EFDB24093E953F0AC,GUEST_CAN_0186,PASS,AttentiveFP,3,guest_cold,4,2.577572822570801
2142,186,516,C(N)(=O)CNC(=O)C1=CC=C(N1)C(=O)NC(=[NH2+])N,CC(C(=O)[O-])NC(=O)C,other,2.8324999809265137,NC(=[NH2+])NC(=O)c1ccc(C(=O)NCC(N)=O)[nH]1,01438C93F0092E3FC86508FDA8C0360FAAFAD844C47170674590647CF391BC40,HOST_CAN_0105,PASS,CC(=O)NC(C)C(=O)[O-],223D3A7CF02799E4E69DE4CF10C536E7E3A130D2DECA6FB2E856007B979C6DE6,GUEST_CAN_0069,PASS,AttentiveFP,3,guest_cold,4,2.4085772037506104
2152,90,949,CCCCCCCCCCCCCOc1c2cc(cc1Cc1cc(NC(=N)[NH3+])cc(c1OCCCCCCCCCCCC)Cc1cc(NC(=N)[NH3+])cc(c1OCCCCCCCCCCCC)Cc1c(c(Cc3c(c(C2)cc(NC(=N)[NH3+])c3)OCCCCCCCCCCCC)cc(NC(=N)[NH3+])c1)OCCCCCCCCCCCC)NC(=N)[NH3+],[O-]c1ccc2c(c1)oc1-c(c2c2ccccc2C(=O)[O-])ccc(=O)c1,calixarene,7.278800010681152,CCCCCCCCCCCCCOc1c2cc(NC(=N)[NH3+])cc1Cc1cc(NC(=N)[NH3+])cc(c1OCCCCCCCCCCCC)Cc1cc(NC(=N)[NH3+])cc(c1OCCCCCCCCCCCC)Cc1cc(NC(=N)[NH3+])cc(c1OCCCCCCCCCCCC)Cc1cc(NC(=N)[NH3+])cc(c1OCCCCCCCCCCCC)C2,A5AE0C6743B4C191BBE311A7590CE3620FD85BC6216E8A86BBF33F2997A94F95,HOST_CAN_0025,PASS,O=C([O-])c1ccccc1-c1c2ccc(=O)cc-2oc2cc([O-])ccc12,46256330BE528666D111033C130C7C029A2092FF2942927C1803A9F444584A3F,GUEST_CAN_0909,PASS,AttentiveFP,3,guest_cold,4,5.3250813484191895
2154,3,408,OC[C@H]1O[C@@H]2O[C@@H]3[C@@H](CO)O[C@H](O[C@@H]4[C@@H](CO)O[C@H](O[C@@H]5[C@@H](CO)O[C@H](O[C@@H]6[C@@H](CO)O[C@H](O[C@@H]7[C@@H](CO)O[C@H](O[C@@H]8[C@@H](CO)O[C@H](O[C@H]1[C@H](O)[C@H]2O)[C@H](O)[C@H]8O)[C@H](O)[C@H]7O)[C@H](O)[C@H]6O)[C@H](O)[C@H]5O)[C@H](O)[C@H]4O)[C@H](O)[C@H]3O,CC(C1=CC=CC=C1)C(=O)O,cyclodextrin,1.5563000440597534,OC[C@H]1O[C@@H]2O[C@H]3[C@H](O)[C@@H](O)[C@@H](O[C@H]4[C@H](O)[C@@H](O)[C@@H](O[C@H]5[C@H](O)[C@@H](O)[C@@H](O[C@H]6[C@H](O)[C@@H](O)[C@@H](O[C@H]7[C@H](O)[C@@H](O)[C@@H](O[C@H]8[C@H](O)[C@@H](O)[C@@H](O[C@H]1[C@H](O)[C@H]2O)O[C@@H]8CO)O[C@@H]7CO)O[C@@H]6CO)O[C@@H]5CO)O[C@@H]4CO)O[C@@H]3CO,22584443D9512992310760C9871E3E6BDB3EDC92006F3EF1EC94F44373907EB1,HOST_CAN_0176,PASS,CC(C(=O)O)c1ccccc1,39E81C14C70322EC40DB0016F5D8CC5F88B6124FB8BA69CBB0DE2E95D7C6979F,GUEST_CAN_0109,PASS,AttentiveFP,3,guest_cold,4,2.3043041229248047
2156,99,126,N#CCOc1c2Cc3cc(cc(c3O)Cc3cc(cc(c3O)Cc3cc(cc(c3O)Cc3cc(cc(Cc4c(c(Cc5c(c(Cc6c(c(Cc1cc(c2)S(=O)(=O)O)cc(c6)S(=O)(=O)O)O)cc(c5)S(=O)(=O)O)O)cc(c4)S(=O)(=O)O)O)c3O)S(=O)(=O)O)S(=O)(=O)O)S(=O)(=O)O)S(=O)(=O)O,NC(C(=O)O)Cc1ccccc1,calixarene,2.2528998851776123,N#CCOc1c2cc(S(=O)(=O)O)cc1Cc1cc(S(=O)(=O)O)cc(c1O)Cc1cc(S(=O)(=O)O)cc(c1O)Cc1cc(S(=O)(=O)O)cc(c1O)Cc1cc(S(=O)(=O)O)cc(c1O)Cc1cc(S(=O)(=O)O)cc(c1O)Cc1cc(S(=O)(=O)O)cc(c1O)Cc1cc(S(=O)(=O)O)cc(c1O)C2,9C5AE9DC33FB7183D6DE570E4F40C5ED225E59EFD3C7E5485333524BCCF933C0,HOST_CAN_0103,PASS,NC(Cc1ccccc1)C(=O)O,4B6B1236F1C31D28D9F95F736FF46B2960AFF4F6FCE3D9E76CF43DE2ADDE8B08,GUEST_CAN_0746,PASS,AttentiveFP,3,guest_cold,4,2.431925058364868
2160,1,1067,C1C2=CC(=CC(=C2O)CC3=CC(=CC(=C3O)CC4=C(C(=CC(=C4)S(=O)(=O)O)CC5=C(C1=CC(=C5)S(=O)(=O)O)O)O)S(=O)(=O)O)S(=O)(=O)O,[Cl-].[Sm+3].[Cl-].[Cl-],calixarene,3.819999933242798,O=S(=O)(O)c1cc2c(O)c(c1)Cc1cc(S(=O)(=O)O)cc(c1O)Cc1cc(S(=O)(=O)O)cc(c1O)Cc1cc(S(=O)(=O)O)cc(c1O)C2,C1130CCDC8DA0C6458EF6C2E07E7F3330D8F8B055CBE4DEAADB70DC00C8CDFC1,HOST_CAN_0154,PASS,[Cl-].[Cl-].[Cl-].[Sm+3],A74DA779C4483A4B99DDC359FED6A64CE9D709E603E1B417EE7434D70025BF07,GUEST_CAN_1027,PASS,AttentiveFP,3,guest_cold,4,3.7251880168914795
2167,188,201,C1N2C3C4N(C2=O)CN5C6C7N(C5=O)CN8C9C2N(C8=O)CN5C8C%10N(C5=O)CN5C%11C%12N(C5=O)CN5C%13C%14N(C5=O)CN5C%15C(N1C5=O)N1CN3C(=O)N4CN6C(=O)N7CN9C(=O)N2CN8C(=O)N%10CN%11C(=O)N%12CN%13C(=O)N%14CN%15C1=O,[Li+],cucurbituril,1.4149999618530273,O=C1N2CN3C(=O)N4CN5C(=O)N6CN7C(=O)N8CN9C(=O)N%10CN%11C(=O)N%12CN%13C(=O)N%14CN1C1C2N2CN%15C(=O)N(CN%16C(=O)N(CN%17C(=O)N(CN%18C(=O)N(CN%19C(=O)N(CN%20C(=O)N(CN1C2=O)C%14C%13%20)C%12C%11%19)C%10C9%18)C8C7%17)C6C5%16)C4C3%15,2DC65D621E765ED6549674FF1EC52FA438C064AF813048BB637692837EF09315,HOST_CAN_0144,PASS,[Li+],A7557B375892DC7E581DDC6CA9773574F95B6514113F07A19BDE6059504332FE,GUEST_CAN_1071,PASS,AttentiveFP,3,guest_cold,4,1.9957817792892456
2174,188,1072,C1N2C3C4N(C2=O)CN5C6C7N(C5=O)CN8C9C2N(C8=O)CN5C8C%10N(C5=O)CN5C%11C%12N(C5=O)CN5C%13C%14N(C5=O)CN5C%15C(N1C5=O)N1CN3C(=O)N4CN6C(=O)N7CN9C(=O)N2CN8C(=O)N%10CN%11C(=O)N%12CN%13C(=O)N%14CN%15C1=O,[O-]C(=O)c1cc[n+](cc1)Cc1ccc(cc1)C[n+]1ccc(cc1)C(=O)[O-],cucurbituril,5.812900066375732,O=C1N2CN3C(=O)N4CN5C(=O)N6CN7C(=O)N8CN9C(=O)N%10CN%11C(=O)N%12CN%13C(=O)N%14CN1C1C2N2CN%15C(=O)N(CN%16C(=O)N(CN%17C(=O)N(CN%18C(=O)N(CN%19C(=O)N(CN%20C(=O)N(CN1C2=O)C%14C%13%20)C%12C%11%19)C%10C9%18)C8C7%17)C6C5%16)C4C3%15,2DC65D621E765ED6549674FF1EC52FA438C064AF813048BB637692837EF09315,HOST_CAN_0144,PASS,O=C([O-])c1cc[n+](Cc2ccc(C[n+]3ccc(C(=O)[O-])cc3)cc2)cc1,B011965FD4DCE636263E92A61B874EF7AB71AC05D457BB77BA73DC61C9636621,GUEST_CAN_0906,PASS,AttentiveFP,3,guest_cold,4,4.85611629486084
2178,188,34,C1N2C3C4N(C2=O)CN5C6C7N(C5=O)CN8C9C2N(C8=O)CN5C8C%10N(C5=O)CN5C%11C%12N(C5=O)CN5C%13C%14N(C5=O)CN5C%15C(N1C5=O)N1CN3C(=O)N4CN6C(=O)N7CN9C(=O)N2CN8C(=O)N%10CN%11C(=O)N%12CN%13C(=O)N%14CN%15C1=O,C1C2C3CC4(CC2C5CC1(CC3C5C4)O)O,cucurbituril,7.133500099182129,O=C1N2CN3C(=O)N4CN5C(=O)N6CN7C(=O)N8CN9C(=O)N%10CN%11C(=O)N%12CN%13C(=O)N%14CN1C1C2N2CN%15C(=O)N(CN%16C(=O)N(CN%17C(=O)N(CN%18C(=O)N(CN%19C(=O)N(CN%20C(=O)N(CN1C2=O)C%14C%13%20)C%12C%11%19)C%10C9%18)C8C7%17)C6C5%16)C4C3%15,2DC65D621E765ED6549674FF1EC52FA438C064AF813048BB637692837EF09315,HOST_CAN_0144,PASS,OC12CC3C4CC5(O)CC3C(C1)C(C5)C4C2,AC991E13407816F89CB45E71B476B54D6B95741F30D897BD6F1DC5BADA9048B7,GUEST_CAN_0958,PASS,AttentiveFP,3,guest_cold,4,6.130562782287598
2183,188,613,C1N2C3C4N(C2=O)CN5C6C7N(C5=O)CN8C9C2N(C8=O)CN5C8C%10N(C5=O)CN5C%11C%12N(C5=O)CN5C%13C%14N(C5=O)CN5C%15C(N1C5=O)N1CN3C(=O)N4CN6C(=O)N7CN9C(=O)N2CN8C(=O)N%10CN%11C(=O)N%12CN%13C(=O)N%14CN%15C1=O,C1=CNC=C1,cucurbituril,3.2304000854492188,O=C1N2CN3C(=O)N4CN5C(=O)N6CN7C(=O)N8CN9C(=O)N%10CN%11C(=O)N%12CN%13C(=O)N%14CN1C1C2N2CN%15C(=O)N(CN%16C(=O)N(CN%17C(=O)N(CN%18C(=O)N(CN%19C(=O)N(CN%20C(=O)N(CN1C2=O)C%14C%13%20)C%12C%11%19)C%10C9%18)C8C7%17)C6C5%16)C4C3%15,2DC65D621E765ED6549674FF1EC52FA438C064AF813048BB637692837EF09315,HOST_CAN_0144,PASS,c1cc[nH]c1,F996E37E5A4B42FBC524EFA4BA2E9A15FBF3D1F561537DA9CA8ED1DFB7CD0E8F,GUEST_CAN_1126,PASS,AttentiveFP,3,guest_cold,4,3.1067512035369873
2185,188,1077,C1N2C3C4N(C2=O)CN5C6C7N(C5=O)CN8C9C2N(C8=O)CN5C8C%10N(C5=O)CN5C%11C%12N(C5=O)CN5C%13C%14N(C5=O)CN5C%15C(N1C5=O)N1CN3C(=O)N4CN6C(=O)N7CN9C(=O)N2CN8C(=O)N%10CN%11C(=O)N%12CN%13C(=O)N%14CN%15C1=O,CCCCCCN1C=C[N+](=C1)C.[Cl-],cucurbituril,7.301000118255615,O=C1N2CN3C(=O)N4CN5C(=O)N6CN7C(=O)N8CN9C(=O)N%10CN%11C(=O)N%12CN%13C(=O)N%14CN1C1C2N2CN%15C(=O)N(CN%16C(=O)N(CN%17C(=O)N(CN%18C(=O)N(CN%19C(=O)N(CN%20C(=O)N(CN1C2=O)C%14C%13%20)C%12C%11%19)C%10C9%18)C8C7%17)C6C5%16)C4C3%15,2DC65D621E765ED6549674FF1EC52FA438C064AF813048BB637692837EF09315,HOST_CAN_0144,PASS,CCCCCCn1cc[n+](C)c1.[Cl-],A20051C819F6E8DEB27899A33FE7CE9E9065818AFF81F91119A5B9581FF326AC,GUEST_CAN_0304,PASS,AttentiveFP,3,guest_cold,4,5.458052635192871
2186,188,244,C1N2C3C4N(C2=O)CN5C6C7N(C5=O)CN8C9C2N(C8=O)CN5C8C%10N(C5=O)CN5C%11C%12N(C5=O)CN5C%13C%14N(C5=O)CN5C%15C(N1C5=O)N1CN3C(=O)N4CN6C(=O)N7CN9C(=O)N2CN8C(=O)N%10CN%11C(=O)N%12CN%13C(=O)N%14CN%15C1=O,CCCCCCCCCC[N+](C)(C)C.[Br-],cucurbituril,6.508500099182129,O=C1N2CN3C(=O)N4CN5C(=O)N6CN7C(=O)N8CN9C(=O)N%10CN%11C(=O)N%12CN%13C(=O)N%14CN1C1C2N2CN%15C(=O)N(CN%16C(=O)N(CN%17C(=O)N(CN%18C(=O)N(CN%19C(=O)N(CN%20C(=O)N(CN1C2=O)C%14C%13%20)C%12C%11%19)C%10C9%18)C8C7%17)C6C5%16)C4C3%15,2DC65D621E765ED6549674FF1EC52FA438C064AF813048BB637692837EF09315,HOST_CAN_0144,PASS,CCCCCCCCCC[N+](C)(C)C.[Br-],46BE8A29CE0984A9C005B7D3105241F65CFA57D29BB5DF70D6A0B949CE607463,GUEST_CAN_0288,PASS,AttentiveFP,3,guest_cold,4,6.790800094604492
2195,188,536,C1N2C3C4N(C2=O)CN5C6C7N(C5=O)CN8C9C2N(C8=O)CN5C8C%10N(C5=O)CN5C%11C%12N(C5=O)CN5C%13C%14N(C5=O)CN5C%15C(N1C5=O)N1CN3C(=O)N4CN6C(=O)N7CN9C(=O)N2CN8C(=O)N%10CN%11C(=O)N%12CN%13C(=O)N%14CN%15C1=O,C1=CC2=C(C=C1O)C(=CN2)CCN,cucurbituril,4.835100173950195,O=C1N2CN3C(=O)N4CN5C(=O)N6CN7C(=O)N8CN9C(=O)N%10CN%11C(=O)N%12CN%13C(=O)N%14CN1C1C2N2CN%15C(=O)N(CN%16C(=O)N(CN%17C(=O)N(CN%18C(=O)N(CN%19C(=O)N(CN%20C(=O)N(CN1C2=O)C%14C%13%20)C%12C%11%19)C%10C9%18)C8C7%17)C6C5%16)C4C3%15,2DC65D621E765ED6549674FF1EC52FA438C064AF813048BB637692837EF09315,HOST_CAN_0144,PASS,NCCc1c[nH]c2ccc(O)cc12,50C092FACAED55A658C6A1AE3522860D2E1569D33526588B723A5129AA5EBE61,GUEST_CAN_0806,PASS,AttentiveFP,3,guest_cold,4,4.754410743713379
2204,188,1082,C1N2C3C4N(C2=O)CN5C6C7N(C5=O)CN8C9C2N(C8=O)CN5C8C%10N(C5=O)CN5C%11C%12N(C5=O)CN5C%13C%14N(C5=O)CN5C%15C(N1C5=O)N1CN3C(=O)N4CN6C(=O)N7CN9C(=O)N2CN8C(=O)N%10CN%11C(=O)N%12CN%13C(=O)N%14CN%15C1=O,C1=CC(=CC=C1CC(C(=O)O)NC(=O)CN)O,cucurbituril,2.3010001182556152,O=C1N2CN3C(=O)N4CN5C(=O)N6CN7C(=O)N8CN9C(=O)N%10CN%11C(=O)N%12CN%13C(=O)N%14CN1C1C2N2CN%15C(=O)N(CN%16C(=O)N(CN%17C(=O)N(CN%18C(=O)N(CN%19C(=O)N(CN%20C(=O)N(CN1C2=O)C%14C%13%20)C%12C%11%19)C%10C9%18)C8C7%17)C6C5%16)C4C3%15,2DC65D621E765ED6549674FF1EC52FA438C064AF813048BB637692837EF09315,HOST_CAN_0144,PASS,NCC(=O)NC(Cc1ccc(O)cc1)C(=O)O,AD1BBB0CB51FCF6E531EBD47A561151BDEF0A690D523030D70600A04D925D090,GUEST_CAN_0765,PASS,AttentiveFP,3,guest_cold,4,4.006283760070801
2218,188,1087,C1N2C3C4N(C2=O)CN5C6C7N(C5=O)CN8C9C2N(C8=O)CN5C8C%10N(C5=O)CN5C%11C%12N(C5=O)CN5C%13C%14N(C5=O)CN5C%15C(N1C5=O)N1CN3C(=O)N4CN6C(=O)N7CN9C(=O)N2CN8C(=O)N%10CN%11C(=O)N%12CN%13C(=O)N%14CN%15C1=O,O=C(C(CC[N+](C)(C)C)C1=O)C2=CC=C3C4=C2C1=CC=C4C(C(CC[N+](C)(C)C)C3=O)=O,cucurbituril,4.868100166320801,O=C1N2CN3C(=O)N4CN5C(=O)N6CN7C(=O)N8CN9C(=O)N%10CN%11C(=O)N%12CN%13C(=O)N%14CN1C1C2N2CN%15C(=O)N(CN%16C(=O)N(CN%17C(=O)N(CN%18C(=O)N(CN%19C(=O)N(CN%20C(=O)N(CN1C2=O)C%14C%13%20)C%12C%11%19)C%10C9%18)C8C7%17)C6C5%16)C4C3%15,2DC65D621E765ED6549674FF1EC52FA438C064AF813048BB637692837EF09315,HOST_CAN_0144,PASS,C[N+](C)(C)CCC1C(=O)c2ccc3c4c(ccc(c24)C1=O)C(=O)C(CC[N+](C)(C)C)C3=O,53BC4D9915A70EBBFFE8F781028327973F460325A5CC110A2BA66A26ED3F7EB0,GUEST_CAN_0562,PASS,AttentiveFP,3,guest_cold,4,7.551019668579102
2225,188,1092,C1N2C3C4N(C2=O)CN5C6C7N(C5=O)CN8C9C2N(C8=O)CN5C8C%10N(C5=O)CN5C%11C%12N(C5=O)CN5C%13C%14N(C5=O)CN5C%15C(N1C5=O)N1CN3C(=O)N4CN6C(=O)N7CN9C(=O)N2CN8C(=O)N%10CN%11C(=O)N%12CN%13C(=O)N%14CN%15C1=O,COC(=O)C,cucurbituril,3.0085999965667725,O=C1N2CN3C(=O)N4CN5C(=O)N6CN7C(=O)N8CN9C(=O)N%10CN%11C(=O)N%12CN%13C(=O)N%14CN1C1C2N2CN%15C(=O)N(CN%16C(=O)N(CN%17C(=O)N(CN%18C(=O)N(CN%19C(=O)N(CN%20C(=O)N(CN1C2=O)C%14C%13%20)C%12C%11%19)C%10C9%18)C8C7%17)C6C5%16)C4C3%15,2DC65D621E765ED6549674FF1EC52FA438C064AF813048BB637692837EF09315,HOST_CAN_0144,PASS,COC(C)=O,9543426308EE37054196493DF7094987856D2A804A281E64F82D6615D1037229,GUEST_CAN_0455,PASS,AttentiveFP,3,guest_cold,4,3.1915786266326904
2234,188,462,C1N2C3C4N(C2=O)CN5C6C7N(C5=O)CN8C9C2N(C8=O)CN5C8C%10N(C5=O)CN5C%11C%12N(C5=O)CN5C%13C%14N(C5=O)CN5C%15C(N1C5=O)N1CN3C(=O)N4CN6C(=O)N7CN9C(=O)N2CN8C(=O)N%10CN%11C(=O)N%12CN%13C(=O)N%14CN%15C1=O,CCCCCCO,cucurbituril,5.775599956512451,O=C1N2CN3C(=O)N4CN5C(=O)N6CN7C(=O)N8CN9C(=O)N%10CN%11C(=O)N%12CN%13C(=O)N%14CN1C1C2N2CN%15C(=O)N(CN%16C(=O)N(CN%17C(=O)N(CN%18C(=O)N(CN%19C(=O)N(CN%20C(=O)N(CN1C2=O)C%14C%13%20)C%12C%11%19)C%10C9%18)C8C7%17)C6C5%16)C4C3%15,2DC65D621E765ED6549674FF1EC52FA438C064AF813048BB637692837EF09315,HOST_CAN_0144,PASS,CCCCCCO,A0EBC1A7EEB18CCB45AA6917241B5355FA0BD20A9D2FF511212F55F4F5B4C58B,GUEST_CAN_0296,PASS,AttentiveFP,3,guest_cold,4,3.335237503051758
2239,188,1097,C1N2C3C4N(C2=O)CN5C6C7N(C5=O)CN8C9C2N(C8=O)CN5C8C%10N(C5=O)CN5C%11C%12N(C5=O)CN5C%13C%14N(C5=O)CN5C%15C(N1C5=O)N1CN3C(=O)N4CN6C(=O)N7CN9C(=O)N2CN8C(=O)N%10CN%11C(=O)N%12CN%13C(=O)N%14CN%15C1=O,[CH-]1C=CC=C1.[CH-]1C=CC=C1.[Fe+2],cucurbituril,6.0,O=C1N2CN3C(=O)N4CN5C(=O)N6CN7C(=O)N8CN9C(=O)N%10CN%11C(=O)N%12CN%13C(=O)N%14CN1C1C2N2CN%15C(=O)N(CN%16C(=O)N(CN%17C(=O)N(CN%18C(=O)N(CN%19C(=O)N(CN%20C(=O)N(CN1C2=O)C%14C%13%20)C%12C%11%19)C%10C9%18)C8C7%17)C6C5%16)C4C3%15,2DC65D621E765ED6549674FF1EC52FA438C064AF813048BB637692837EF09315,HOST_CAN_0144,PASS,[Fe+2].c1cc[cH-]c1.c1cc[cH-]c1,229EA89DF88B2C508B8E13AFA7DD772B64E31E9B3295DDB84B6AF2159F09DAF1,GUEST_CAN_1057,PASS,AttentiveFP,3,guest_cold,4,8.403026580810547
2250,188,1102,C1N2C3C4N(C2=O)CN5C6C7N(C5=O)CN8C9C2N(C8=O)CN5C8C%10N(C5=O)CN5C%11C%12N(C5=O)CN5C%13C%14N(C5=O)CN5C%15C(N1C5=O)N1CN3C(=O)N4CN6C(=O)N7CN9C(=O)N2CN8C(=O)N%10CN%11C(=O)N%12CN%13C(=O)N%14CN%15C1=O,CCC(=O)Cc1ccccc1,cucurbituril,3.6628000736236572,O=C1N2CN3C(=O)N4CN5C(=O)N6CN7C(=O)N8CN9C(=O)N%10CN%11C(=O)N%12CN%13C(=O)N%14CN1C1C2N2CN%15C(=O)N(CN%16C(=O)N(CN%17C(=O)N(CN%18C(=O)N(CN%19C(=O)N(CN%20C(=O)N(CN1C2=O)C%14C%13%20)C%12C%11%19)C%10C9%18)C8C7%17)C6C5%16)C4C3%15,2DC65D621E765ED6549674FF1EC52FA438C064AF813048BB637692837EF09315,HOST_CAN_0144,PASS,CCC(=O)Cc1ccccc1,F0058D5EA42C85AAB66C7FB3F79DC685F3F2A63DBC04DB50DC963CCE2B3258D6,GUEST_CAN_0250,PASS,AttentiveFP,3,guest_cold,4,3.994248628616333
2258,188,732,C1N2C3C4N(C2=O)CN5C6C7N(C5=O)CN8C9C2N(C8=O)CN5C8C%10N(C5=O)CN5C%11C%12N(C5=O)CN5C%13C%14N(C5=O)CN5C%15C(N1C5=O)N1CN3C(=O)N4CN6C(=O)N7CN9C(=O)N2CN8C(=O)N%10CN%11C(=O)N%12CN%13C(=O)N%14CN%15C1=O,C1CC(CCC1N)N,cucurbituril,8.361700057983398,O=C1N2CN3C(=O)N4CN5C(=O)N6CN7C(=O)N8CN9C(=O)N%10CN%11C(=O)N%12CN%13C(=O)N%14CN1C1C2N2CN%15C(=O)N(CN%16C(=O)N(CN%17C(=O)N(CN%18C(=O)N(CN%19C(=O)N(CN%20C(=O)N(CN1C2=O)C%14C%13%20)C%12C%11%19)C%10C9%18)C8C7%17)C6C5%16)C4C3%15,2DC65D621E765ED6549674FF1EC52FA438C064AF813048BB637692837EF09315,HOST_CAN_0144,PASS,NC1CCC(N)CC1,192947493091C281BC4B716E34F673A8237ADA9D29CFC03100A1251046E7C8D3,GUEST_CAN_0761,PASS,AttentiveFP,3,guest_cold,4,9.980887413024902
2259,188,250,C1N2C3C4N(C2=O)CN5C6C7N(C5=O)CN8C9C2N(C8=O)CN5C8C%10N(C5=O)CN5C%11C%12N(C5=O)CN5C%13C%14N(C5=O)CN5C%15C(N1C5=O)N1CN3C(=O)N4CN6C(=O)N7CN9C(=O)N2CN8C(=O)N%10CN%11C(=O)N%12CN%13C(=O)N%14CN%15C1=O,C1=CC(=CC=C1C2=CC3=C(N2)C=C(C=C3)C(=[NH2+])N)C(=[NH2+])N,cucurbituril,7.041399955749512,O=C1N2CN3C(=O)N4CN5C(=O)N6CN7C(=O)N8CN9C(=O)N%10CN%11C(=O)N%12CN%13C(=O)N%14CN1C1C2N2CN%15C(=O)N(CN%16C(=O)N(CN%17C(=O)N(CN%18C(=O)N(CN%19C(=O)N(CN%20C(=O)N(CN1C2=O)C%14C%13%20)C%12C%11%19)C%10C9%18)C8C7%17)C6C5%16)C4C3%15,2DC65D621E765ED6549674FF1EC52FA438C064AF813048BB637692837EF09315,HOST_CAN_0144,PASS,NC(=[NH2+])c1ccc(-c2cc3ccc(C(N)=[NH2+])cc3[nH]2)cc1,CEEB6EEFB04D0B8CA13A0AE7419DA74A65BBB334871B9622AAFDF76333649B11,GUEST_CAN_0727,PASS,AttentiveFP,3,guest_cold,4,8.617500305175781
2260,188,714,C1N2C3C4N(C2=O)CN5C6C7N(C5=O)CN8C9C2N(C8=O)CN5C8C%10N(C5=O)CN5C%11C%12N(C5=O)CN5C%13C%14N(C5=O)CN5C%15C(N1C5=O)N1CN3C(=O)N4CN6C(=O)N7CN9C(=O)N2CN8C(=O)N%10CN%11C(=O)N%12CN%13C(=O)N%14CN%15C1=O,CC1=CC=C(C=C1)S(=O)(=O)[O-].CN1C2=CC=CC=C2SC1=CC3=CC=[N+](C4=CC=CC=C34)C,cucurbituril,5.447199821472168,O=C1N2CN3C(=O)N4CN5C(=O)N6CN7C(=O)N8CN9C(=O)N%10CN%11C(=O)N%12CN%13C(=O)N%14CN1C1C2N2CN%15C(=O)N(CN%16C(=O)N(CN%17C(=O)N(CN%18C(=O)N(CN%19C(=O)N(CN%20C(=O)N(CN1C2=O)C%14C%13%20)C%12C%11%19)C%10C9%18)C8C7%17)C6C5%16)C4C3%15,2DC65D621E765ED6549674FF1EC52FA438C064AF813048BB637692837EF09315,HOST_CAN_0144,PASS,CN1C(=Cc2cc[n+](C)c3ccccc23)Sc2ccccc21.Cc1ccc(S(=O)(=O)[O-])cc1,37AFE90B2A9CFC9A7716FFC5BF6C8F5DC7CB0DAD8979653122109A0BD39F8D13,GUEST_CAN_0415,PASS,AttentiveFP,3,guest_cold,4,5.043365478515625
2262,188,380,C1N2C3C4N(C2=O)CN5C6C7N(C5=O)CN8C9C2N(C8=O)CN5C8C%10N(C5=O)CN5C%11C%12N(C5=O)CN5C%13C%14N(C5=O)CN5C%15C(N1C5=O)N1CN3C(=O)N4CN6C(=O)N7CN9C(=O)N2CN8C(=O)N%10CN%11C(=O)N%12CN%13C(=O)N%14CN%15C1=O,COC(=O)C1=CC=CC=C1C2=C3C=CC(=N)C=C3OC4=C2C=CC(=C4)N.Cl,cucurbituril,3.0,O=C1N2CN3C(=O)N4CN5C(=O)N6CN7C(=O)N8CN9C(=O)N%10CN%11C(=O)N%12CN%13C(=O)N%14CN1C1C2N2CN%15C(=O)N(CN%16C(=O)N(CN%17C(=O)N(CN%18C(=O)N(CN%19C(=O)N(CN%20C(=O)N(CN1C2=O)C%14C%13%20)C%12C%11%19)C%10C9%18)C8C7%17)C6C5%16)C4C3%15,2DC65D621E765ED6549674FF1EC52FA438C064AF813048BB637692837EF09315,HOST_CAN_0144,PASS,COC(=O)c1ccccc1-c1c2ccc(=N)cc-2oc2cc(N)ccc12.Cl,5E7CB4F855C7DF07A7FE5C5A6B1FEDBF120212FEF7EB6F9F895F19484B6B423C,GUEST_CAN_0451,PASS,AttentiveFP,3,guest_cold,4,6.173233509063721
2264,188,141,C1N2C3C4N(C2=O)CN5C6C7N(C5=O)CN8C9C2N(C8=O)CN5C8C%10N(C5=O)CN5C%11C%12N(C5=O)CN5C%13C%14N(C5=O)CN5C%15C(N1C5=O)N1CN3C(=O)N4CN6C(=O)N7CN9C(=O)N2CN8C(=O)N%10CN%11C(=O)N%12CN%13C(=O)N%14CN%15C1=O,CC(=O)OC1CC2CCC3C(C2(CC1[N+]4(CCCCC4)C)C)CCC5(C3CC(C5OC(=O)C)[N+]6(CCCCC6)C)C,cucurbituril,5.770899772644043,O=C1N2CN3C(=O)N4CN5C(=O)N6CN7C(=O)N8CN9C(=O)N%10CN%11C(=O)N%12CN%13C(=O)N%14CN1C1C2N2CN%15C(=O)N(CN%16C(=O)N(CN%17C(=O)N(CN%18C(=O)N(CN%19C(=O)N(CN%20C(=O)N(CN1C2=O)C%14C%13%20)C%12C%11%19)C%10C9%18)C8C7%17)C6C5%16)C4C3%15,2DC65D621E765ED6549674FF1EC52FA438C064AF813048BB637692837EF09315,HOST_CAN_0144,PASS,CC(=O)OC1CC2CCC3C(CCC4(C)C3CC([N+]3(C)CCCCC3)C4OC(C)=O)C2(C)CC1[N+]1(C)CCCCC1,50E66CAB2E161F82F8A9960C08321F089FBABF411901A83069135F691E598254,GUEST_CAN_0098,PASS,AttentiveFP,3,guest_cold,4,8.203357696533203
2271,188,1107,C1N2C3C4N(C2=O)CN5C6C7N(C5=O)CN8C9C2N(C8=O)CN5C8C%10N(C5=O)CN5C%11C%12N(C5=O)CN5C%13C%14N(C5=O)CN5C%15C(N1C5=O)N1CN3C(=O)N4CN6C(=O)N7CN9C(=O)N2CN8C(=O)N%10CN%11C(=O)N%12CN%13C(=O)N%14CN%15C1=O,C1C2CC3CC(C2)(CC1C3=O)Br,cucurbituril,8.485699653625488,O=C1N2CN3C(=O)N4CN5C(=O)N6CN7C(=O)N8CN9C(=O)N%10CN%11C(=O)N%12CN%13C(=O)N%14CN1C1C2N2CN%15C(=O)N(CN%16C(=O)N(CN%17C(=O)N(CN%18C(=O)N(CN%19C(=O)N(CN%20C(=O)N(CN1C2=O)C%14C%13%20)C%12C%11%19)C%10C9%18)C8C7%17)C6C5%16)C4C3%15,2DC65D621E765ED6549674FF1EC52FA438C064AF813048BB637692837EF09315,HOST_CAN_0144,PASS,O=C1C2CC3CC1CC(Br)(C3)C2,84E5E5D2B8D0F5EABC7407314ECB9FFCD9FB2F203AA86CAC014531D97686821D,GUEST_CAN_0913,PASS,AttentiveFP,3,guest_cold,4,8.241500854492188
2279,188,1112,C1N2C3C4N(C2=O)CN5C6C7N(C5=O)CN8C9C2N(C8=O)CN5C8C%10N(C5=O)CN5C%11C%12N(C5=O)CN5C%13C%14N(C5=O)CN5C%15C(N1C5=O)N1CN3C(=O)N4CN6C(=O)N7CN9C(=O)N2CN8C(=O)N%10CN%11C(=O)N%12CN%13C(=O)N%14CN%15C1=O,CN(C)C1=CC2=C(C=C1)C(=C3C=CC(=[N+](C)C)C=C3O2)C4=CC=CC=C4C(=O)[O-],cucurbituril,4.146100044250488,O=C1N2CN3C(=O)N4CN5C(=O)N6CN7C(=O)N8CN9C(=O)N%10CN%11C(=O)N%12CN%13C(=O)N%14CN1C1C2N2CN%15C(=O)N(CN%16C(=O)N(CN%17C(=O)N(CN%18C(=O)N(CN%19C(=O)N(CN%20C(=O)N(CN1C2=O)C%14C%13%20)C%12C%11%19)C%10C9%18)C8C7%17)C6C5%16)C4C3%15,2DC65D621E765ED6549674FF1EC52FA438C064AF813048BB637692837EF09315,HOST_CAN_0144,PASS,CN(C)c1ccc2c(-c3ccccc3C(=O)[O-])c3ccc(=[N+](C)C)cc-3oc2c1,A442DA346281F5868D529B87D9863EE01E8AF7D085D32E2E78F951C108F2477A,GUEST_CAN_0406,PASS,AttentiveFP,3,guest_cold,4,6.3912458419799805
2288,188,1117,C1N2C3C4N(C2=O)CN5C6C7N(C5=O)CN8C9C2N(C8=O)CN5C8C%10N(C5=O)CN5C%11C%12N(C5=O)CN5C%13C%14N(C5=O)CN5C%15C(N1C5=O)N1CN3C(=O)N4CN6C(=O)N7CN9C(=O)N2CN8C(=O)N%10CN%11C(=O)N%12CN%13C(=O)N%14CN%15C1=O,C1=CC(=CC=C1CC(C(=O)O)N)CN,cucurbituril,6.33650016784668,O=C1N2CN3C(=O)N4CN5C(=O)N6CN7C(=O)N8CN9C(=O)N%10CN%11C(=O)N%12CN%13C(=O)N%14CN1C1C2N2CN%15C(=O)N(CN%16C(=O)N(CN%17C(=O)N(CN%18C(=O)N(CN%19C(=O)N(CN%20C(=O)N(CN1C2=O)C%14C%13%20)C%12C%11%19)C%10C9%18)C8C7%17)C6C5%16)C4C3%15,2DC65D621E765ED6549674FF1EC52FA438C064AF813048BB637692837EF09315,HOST_CAN_0144,PASS,NCc1ccc(CC(N)C(=O)O)cc1,C389803348F81A703C5000EB3C374D0A88840831BED41B86CEBDC3439CBCA052,GUEST_CAN_0812,PASS,AttentiveFP,3,guest_cold,4,5.946392059326172
2296,188,1122,C1N2C3C4N(C2=O)CN5C6C7N(C5=O)CN8C9C2N(C8=O)CN5C8C%10N(C5=O)CN5C%11C%12N(C5=O)CN5C%13C%14N(C5=O)CN5C%15C(N1C5=O)N1CN3C(=O)N4CN6C(=O)N7CN9C(=O)N2CN8C(=O)N%10CN%11C(=O)N%12CN%13C(=O)N%14CN%15C1=O,C[N+]1=CC=CC2=C1C=CC(=C2)OC,cucurbituril,6.299600124359131,O=C1N2CN3C(=O)N4CN5C(=O)N6CN7C(=O)N8CN9C(=O)N%10CN%11C(=O)N%12CN%13C(=O)N%14CN1C1C2N2CN%15C(=O)N(CN%16C(=O)N(CN%17C(=O)N(CN%18C(=O)N(CN%19C(=O)N(CN%20C(=O)N(CN1C2=O)C%14C%13%20)C%12C%11%19)C%10C9%18)C8C7%17)C6C5%16)C4C3%15,2DC65D621E765ED6549674FF1EC52FA438C064AF813048BB637692837EF09315,HOST_CAN_0144,PASS,COc1ccc2c(ccc[n+]2C)c1,73C99DDAFF83DEA8A2940A58AD2D1C37D6F1741C44C946BC9A90DAC81A4A5828,GUEST_CAN_0494,PASS,AttentiveFP,3,guest_cold,4,5.382164001464844
2297,188,103,C1N2C3C4N(C2=O)CN5C6C7N(C5=O)CN8C9C2N(C8=O)CN5C8C%10N(C5=O)CN5C%11C%12N(C5=O)CN5C%13C%14N(C5=O)CN5C%15C(N1C5=O)N1CN3C(=O)N4CN6C(=O)N7CN9C(=O)N2CN8C(=O)N%10CN%11C(=O)N%12CN%13C(=O)N%14CN%15C1=O,CN(C)C1=CC=C(C=C1)C#N,cucurbituril,5.402400016784668,O=C1N2CN3C(=O)N4CN5C(=O)N6CN7C(=O)N8CN9C(=O)N%10CN%11C(=O)N%12CN%13C(=O)N%14CN1C1C2N2CN%15C(=O)N(CN%16C(=O)N(CN%17C(=O)N(CN%18C(=O)N(CN%19C(=O)N(CN%20C(=O)N(CN1C2=O)C%14C%13%20)C%12C%11%19)C%10C9%18)C8C7%17)C6C5%16)C4C3%15,2DC65D621E765ED6549674FF1EC52FA438C064AF813048BB637692837EF09315,HOST_CAN_0144,PASS,CN(C)c1ccc(C#N)cc1,F00B3B125A779B4E82547A15D344BF9EF0EFBEFED97B1235AF377FD0C1A186BB,GUEST_CAN_0403,PASS,AttentiveFP,3,guest_cold,4,4.156548976898193
2307,188,1127,C1N2C3C4N(C2=O)CN5C6C7N(C5=O)CN8C9C2N(C8=O)CN5C8C%10N(C5=O)CN5C%11C%12N(C5=O)CN5C%13C%14N(C5=O)CN5C%15C(N1C5=O)N1CN3C(=O)N4CN6C(=O)N7CN9C(=O)N2CN8C(=O)N%10CN%11C(=O)N%12CN%13C(=O)N%14CN%15C1=O,CC(C)CC(C(=O)O)NC(=O)C(CC1=CC=CC=C1)N,cucurbituril,6.525599956512451,O=C1N2CN3C(=O)N4CN5C(=O)N6CN7C(=O)N8CN9C(=O)N%10CN%11C(=O)N%12CN%13C(=O)N%14CN1C1C2N2CN%15C(=O)N(CN%16C(=O)N(CN%17C(=O)N(CN%18C(=O)N(CN%19C(=O)N(CN%20C(=O)N(CN1C2=O)C%14C%13%20)C%12C%11%19)C%10C9%18)C8C7%17)C6C5%16)C4C3%15,2DC65D621E765ED6549674FF1EC52FA438C064AF813048BB637692837EF09315,HOST_CAN_0144,PASS,CC(C)CC(NC(=O)C(N)Cc1ccccc1)C(=O)O,7BDEE1861FF13BDFF91CA29A708F9C2656DA24C9421C36CEB73AB3274D49B07C,GUEST_CAN_0141,PASS,AttentiveFP,3,guest_cold,4,4.989295482635498
2317,188,1132,C1N2C3C4N(C2=O)CN5C6C7N(C5=O)CN8C9C2N(C8=O)CN5C8C%10N(C5=O)CN5C%11C%12N(C5=O)CN5C%13C%14N(C5=O)CN5C%15C(N1C5=O)N1CN3C(=O)N4CN6C(=O)N7CN9C(=O)N2CN8C(=O)N%10CN%11C(=O)N%12CN%13C(=O)N%14CN%15C1=O,CSCCC(C(=O)NCC(=O)O)NC(=O)C(CC1=CNC2=CC=CC=C21)N,cucurbituril,5.361700057983398,O=C1N2CN3C(=O)N4CN5C(=O)N6CN7C(=O)N8CN9C(=O)N%10CN%11C(=O)N%12CN%13C(=O)N%14CN1C1C2N2CN%15C(=O)N(CN%16C(=O)N(CN%17C(=O)N(CN%18C(=O)N(CN%19C(=O)N(CN%20C(=O)N(CN1C2=O)C%14C%13%20)C%12C%11%19)C%10C9%18)C8C7%17)C6C5%16)C4C3%15,2DC65D621E765ED6549674FF1EC52FA438C064AF813048BB637692837EF09315,HOST_CAN_0144,PASS,CSCCC(NC(=O)C(N)Cc1c[nH]c2ccccc12)C(=O)NCC(=O)O,E495A0BC599B6F1BAF4A5C238FEE7F1D86902E9AAD7F69B7418DD5D2EB248562,GUEST_CAN_0516,PASS,AttentiveFP,3,guest_cold,4,6.352818489074707
2322,188,256,C1N2C3C4N(C2=O)CN5C6C7N(C5=O)CN8C9C2N(C8=O)CN5C8C%10N(C5=O)CN5C%11C%12N(C5=O)CN5C%13C%14N(C5=O)CN5C%15C(N1C5=O)N1CN3C(=O)N4CN6C(=O)N7CN9C(=O)N2CN8C(=O)N%10CN%11C(=O)N%12CN%13C(=O)N%14CN%15C1=O,CCCCO,cucurbituril,4.789999961853027,O=C1N2CN3C(=O)N4CN5C(=O)N6CN7C(=O)N8CN9C(=O)N%10CN%11C(=O)N%12CN%13C(=O)N%14CN1C1C2N2CN%15C(=O)N(CN%16C(=O)N(CN%17C(=O)N(CN%18C(=O)N(CN%19C(=O)N(CN%20C(=O)N(CN1C2=O)C%14C%13%20)C%12C%11%19)C%10C9%18)C8C7%17)C6C5%16)C4C3%15,2DC65D621E765ED6549674FF1EC52FA438C064AF813048BB637692837EF09315,HOST_CAN_0144,PASS,CCCCO,581B7EFD3DCD0E0841EE9123D5670DDC43EF0E9A885955F904BAAFC5653A3E40,GUEST_CAN_0312,PASS,AttentiveFP,3,guest_cold,4,3.151130199432373
2324,188,14,C1N2C3C4N(C2=O)CN5C6C7N(C5=O)CN8C9C2N(C8=O)CN5C8C%10N(C5=O)CN5C%11C%12N(C5=O)CN5C%13C%14N(C5=O)CN5C%15C(N1C5=O)N1CN3C(=O)N4CN6C(=O)N7CN9C(=O)N2CN8C(=O)N%10CN%11C(=O)N%12CN%13C(=O)N%14CN%15C1=O,NCc1ccc(cc1)CN.Cl.Cl,cucurbituril,9.518500328063965,O=C1N2CN3C(=O)N4CN5C(=O)N6CN7C(=O)N8CN9C(=O)N%10CN%11C(=O)N%12CN%13C(=O)N%14CN1C1C2N2CN%15C(=O)N(CN%16C(=O)N(CN%17C(=O)N(CN%18C(=O)N(CN%19C(=O)N(CN%20C(=O)N(CN1C2=O)C%14C%13%20)C%12C%11%19)C%10C9%18)C8C7%17)C6C5%16)C4C3%15,2DC65D621E765ED6549674FF1EC52FA438C064AF813048BB637692837EF09315,HOST_CAN_0144,PASS,Cl.Cl.NCc1ccc(CN)cc1,114AF80F226EF51DB5A55C2229B8713FD0C0792BC7EECBECD389657A92924BD2,GUEST_CAN_0679,PASS,AttentiveFP,3,guest_cold,4,7.243154525756836
2332,188,2,C1N2C3C4N(C2=O)CN5C6C7N(C5=O)CN8C9C2N(C8=O)CN5C8C%10N(C5=O)CN5C%11C%12N(C5=O)CN5C%13C%14N(C5=O)CN5C%15C(N1C5=O)N1CN3C(=O)N4CN6C(=O)N7CN9C(=O)N2CN8C(=O)N%10CN%11C(=O)N%12CN%13C(=O)N%14CN%15C1=O,[Cl-].[Cl-].[Ca+2],cucurbituril,4.129499912261963,O=C1N2CN3C(=O)N4CN5C(=O)N6CN7C(=O)N8CN9C(=O)N%10CN%11C(=O)N%12CN%13C(=O)N%14CN1C1C2N2CN%15C(=O)N(CN%16C(=O)N(CN%17C(=O)N(CN%18C(=O)N(CN%19C(=O)N(CN%20C(=O)N(CN1C2=O)C%14C%13%20)C%12C%11%19)C%10C9%18)C8C7%17)C6C5%16)C4C3%15,2DC65D621E765ED6549674FF1EC52FA438C064AF813048BB637692837EF09315,HOST_CAN_0144,PASS,[Ca+2].[Cl-].[Cl-],6006A4323204D22FA64247BB19A4427A9CEDE373E584F4DC919908CB4F15A7CA,GUEST_CAN_1021,PASS,AttentiveFP,3,guest_cold,4,4.324542045593262
2333,188,401,C1N2C3C4N(C2=O)CN5C6C7N(C5=O)CN8C9C2N(C8=O)CN5C8C%10N(C5=O)CN5C%11C%12N(C5=O)CN5C%13C%14N(C5=O)CN5C%15C(N1C5=O)N1CN3C(=O)N4CN6C(=O)N7CN9C(=O)N2CN8C(=O)N%10CN%11C(=O)N%12CN%13C(=O)N%14CN%15C1=O,[Mg+2].[Cl-].[Cl-],cucurbituril,3.240000009536743,O=C1N2CN3C(=O)N4CN5C(=O)N6CN7C(=O)N8CN9C(=O)N%10CN%11C(=O)N%12CN%13C(=O)N%14CN1C1C2N2CN%15C(=O)N(CN%16C(=O)N(CN%17C(=O)N(CN%18C(=O)N(CN%19C(=O)N(CN%20C(=O)N(CN1C2=O)C%14C%13%20)C%12C%11%19)C%10C9%18)C8C7%17)C6C5%16)C4C3%15,2DC65D621E765ED6549674FF1EC52FA438C064AF813048BB637692837EF09315,HOST_CAN_0144,PASS,[Cl-].[Cl-].[Mg+2],B087D688B9146A717BF8B7C99307F8366B8209D8F51C624197BC0C66B921DAF9,GUEST_CAN_1028,PASS,AttentiveFP,3,guest_cold,4,4.211984157562256
2336,188,1137,C1N2C3C4N(C2=O)CN5C6C7N(C5=O)CN8C9C2N(C8=O)CN5C8C%10N(C5=O)CN5C%11C%12N(C5=O)CN5C%13C%14N(C5=O)CN5C%15C(N1C5=O)N1CN3C(=O)N4CN6C(=O)N7CN9C(=O)N2CN8C(=O)N%10CN%11C(=O)N%12CN%13C(=O)N%14CN%15C1=O,CSCC[C@@H](C(=O)N)NC(=O)[C@H](Cc1ccccc1)NC(=O)CNC(=O)CNC(=O)C([C@H](O)C)N,cucurbituril,4.3495001792907715,O=C1N2CN3C(=O)N4CN5C(=O)N6CN7C(=O)N8CN9C(=O)N%10CN%11C(=O)N%12CN%13C(=O)N%14CN1C1C2N2CN%15C(=O)N(CN%16C(=O)N(CN%17C(=O)N(CN%18C(=O)N(CN%19C(=O)N(CN%20C(=O)N(CN1C2=O)C%14C%13%20)C%12C%11%19)C%10C9%18)C8C7%17)C6C5%16)C4C3%15,2DC65D621E765ED6549674FF1EC52FA438C064AF813048BB637692837EF09315,HOST_CAN_0144,PASS,CSCC[C@H](NC(=O)[C@H](Cc1ccccc1)NC(=O)CNC(=O)CNC(=O)C(N)[C@@H](C)O)C(N)=O,FFEC8290A16D559147A742FE80B59791AD75902201847308E8F8336C5547F478,GUEST_CAN_0532,PASS,AttentiveFP,3,guest_cold,4,5.338129997253418
2339,188,360,C1N2C3C4N(C2=O)CN5C6C7N(C5=O)CN8C9C2N(C8=O)CN5C8C%10N(C5=O)CN5C%11C%12N(C5=O)CN5C%13C%14N(C5=O)CN5C%15C(N1C5=O)N1CN3C(=O)N4CN6C(=O)N7CN9C(=O)N2CN8C(=O)N%10CN%11C(=O)N%12CN%13C(=O)N%14CN%15C1=O,CCN(CC)C1=CC2=C(C=C1)N=C3C=CC(=[N+](CC)CC)C=C3O2,cucurbituril,6.278800010681152,O=C1N2CN3C(=O)N4CN5C(=O)N6CN7C(=O)N8CN9C(=O)N%10CN%11C(=O)N%12CN%13C(=O)N%14CN1C1C2N2CN%15C(=O)N(CN%16C(=O)N(CN%17C(=O)N(CN%18C(=O)N(CN%19C(=O)N(CN%20C(=O)N(CN1C2=O)C%14C%13%20)C%12C%11%19)C%10C9%18)C8C7%17)C6C5%16)C4C3%15,2DC65D621E765ED6549674FF1EC52FA438C064AF813048BB637692837EF09315,HOST_CAN_0144,PASS,CCN(CC)c1ccc2nc3ccc(=[N+](CC)CC)cc-3oc2c1,066F3D1B32F1748B3B78FD889501761911247912358CB368BEF1B1090F720B3D,GUEST_CAN_0355,PASS,AttentiveFP,3,guest_cold,4,7.71754264831543
2345,188,1142,C1N2C3C4N(C2=O)CN5C6C7N(C5=O)CN8C9C2N(C8=O)CN5C8C%10N(C5=O)CN5C%11C%12N(C5=O)CN5C%13C%14N(C5=O)CN5C%15C(N1C5=O)N1CN3C(=O)N4CN6C(=O)N7CN9C(=O)N2CN8C(=O)N%10CN%11C(=O)N%12CN%13C(=O)N%14CN%15C1=O,C[N+](c1ccc2c(c1)cc1c(c2)cccc1)(C)C.[Cl-],cucurbituril,5.612800121307373,O=C1N2CN3C(=O)N4CN5C(=O)N6CN7C(=O)N8CN9C(=O)N%10CN%11C(=O)N%12CN%13C(=O)N%14CN1C1C2N2CN%15C(=O)N(CN%16C(=O)N(CN%17C(=O)N(CN%18C(=O)N(CN%19C(=O)N(CN%20C(=O)N(CN1C2=O)C%14C%13%20)C%12C%11%19)C%10C9%18)C8C7%17)C6C5%16)C4C3%15,2DC65D621E765ED6549674FF1EC52FA438C064AF813048BB637692837EF09315,HOST_CAN_0144,PASS,C[N+](C)(C)c1ccc2cc3ccccc3cc2c1.[Cl-],036FA5CB44571DA69EA38AEFC58042F59F70CB74E8FE7B7D0CC11FD4637849C9,GUEST_CAN_0584,PASS,AttentiveFP,3,guest_cold,4,7.747812747955322
2351,188,1147,C1N2C3C4N(C2=O)CN5C6C7N(C5=O)CN8C9C2N(C8=O)CN5C8C%10N(C5=O)CN5C%11C%12N(C5=O)CN5C%13C%14N(C5=O)CN5C%15C(N1C5=O)N1CN3C(=O)N4CN6C(=O)N7CN9C(=O)N2CN8C(=O)N%10CN%11C(=O)N%12CN%13C(=O)N%14CN%15C1=O,CC(C[C@@H](C(=O)O)NC(=O)[C@@H](NC(=O)[C@@H](NC(=O)CNC(=O)C([C@H](O)C)N)C)Cc1ccccc1)C,cucurbituril,3.458699941635132,O=C1N2CN3C(=O)N4CN5C(=O)N6CN7C(=O)N8CN9C(=O)N%10CN%11C(=O)N%12CN%13C(=O)N%14CN1C1C2N2CN%15C(=O)N(CN%16C(=O)N(CN%17C(=O)N(CN%18C(=O)N(CN%19C(=O)N(CN%20C(=O)N(CN1C2=O)C%14C%13%20)C%12C%11%19)C%10C9%18)C8C7%17)C6C5%16)C4C3%15,2DC65D621E765ED6549674FF1EC52FA438C064AF813048BB637692837EF09315,HOST_CAN_0144,PASS,CC(C)C[C@H](NC(=O)[C@H](Cc1ccccc1)NC(=O)[C@H](C)NC(=O)CNC(=O)C(N)[C@@H](C)O)C(=O)O,DCE65CFC48F277816BA128A44ECE8AAB25FC87BC999A2BF410093BE1E995CFE7,GUEST_CAN_0159,PASS,AttentiveFP,3,guest_cold,4,4.3188090324401855
2358,188,839,C1N2C3C4N(C2=O)CN5C6C7N(C5=O)CN8C9C2N(C8=O)CN5C8C%10N(C5=O)CN5C%11C%12N(C5=O)CN5C%13C%14N(C5=O)CN5C%15C(N1C5=O)N1CN3C(=O)N4CN6C(=O)N7CN9C(=O)N2CN8C(=O)N%10CN%11C(=O)N%12CN%13C(=O)N%14CN%15C1=O,C1=CC(=CC=C1N)N.Cl.Cl,cucurbituril,6.255300045013428,O=C1N2CN3C(=O)N4CN5C(=O)N6CN7C(=O)N8CN9C(=O)N%10CN%11C(=O)N%12CN%13C(=O)N%14CN1C1C2N2CN%15C(=O)N(CN%16C(=O)N(CN%17C(=O)N(CN%18C(=O)N(CN%19C(=O)N(CN%20C(=O)N(CN1C2=O)C%14C%13%20)C%12C%11%19)C%10C9%18)C8C7%17)C6C5%16)C4C3%15,2DC65D621E765ED6549674FF1EC52FA438C064AF813048BB637692837EF09315,HOST_CAN_0144,PASS,Cl.Cl.Nc1ccc(N)cc1,AD943B229D7DABCFD4EADC88AF3D0F1D3CE8D4E71C7A66D1921AEE1B9B6344B2,GUEST_CAN_0680,PASS,AttentiveFP,3,guest_cold,4,4.814241409301758
2362,188,174,C1N2C3C4N(C2=O)CN5C6C7N(C5=O)CN8C9C2N(C8=O)CN5C8C%10N(C5=O)CN5C%11C%12N(C5=O)CN5C%13C%14N(C5=O)CN5C%15C(N1C5=O)N1CN3C(=O)N4CN6C(=O)N7CN9C(=O)N2CN8C(=O)N%10CN%11C(=O)N%12CN%13C(=O)N%14CN%15C1=O,C1CCC(=O)C1,cucurbituril,5.570899963378906,O=C1N2CN3C(=O)N4CN5C(=O)N6CN7C(=O)N8CN9C(=O)N%10CN%11C(=O)N%12CN%13C(=O)N%14CN1C1C2N2CN%15C(=O)N(CN%16C(=O)N(CN%17C(=O)N(CN%18C(=O)N(CN%19C(=O)N(CN%20C(=O)N(CN1C2=O)C%14C%13%20)C%12C%11%19)C%10C9%18)C8C7%17)C6C5%16)C4C3%15,2DC65D621E765ED6549674FF1EC52FA438C064AF813048BB637692837EF09315,HOST_CAN_0144,PASS,O=C1CCCC1,25EF9BCA067EFDF8312513E5FD1068CDF46BCEC786214EA2FEDA0313CE4A4F3B,GUEST_CAN_0918,PASS,AttentiveFP,3,guest_cold,4,4.628966331481934
2364,188,1152,C1N2C3C4N(C2=O)CN5C6C7N(C5=O)CN8C9C2N(C8=O)CN5C8C%10N(C5=O)CN5C%11C%12N(C5=O)CN5C%13C%14N(C5=O)CN5C%15C(N1C5=O)N1CN3C(=O)N4CN6C(=O)N7CN9C(=O)N2CN8C(=O)N%10CN%11C(=O)N%12CN%13C(=O)N%14CN%15C1=O,CC(C)(C)C1=CC=C(C=C1)CC(C(=O)O)N,cucurbituril,6.602099895477295,O=C1N2CN3C(=O)N4CN5C(=O)N6CN7C(=O)N8CN9C(=O)N%10CN%11C(=O)N%12CN%13C(=O)N%14CN1C1C2N2CN%15C(=O)N(CN%16C(=O)N(CN%17C(=O)N(CN%18C(=O)N(CN%19C(=O)N(CN%20C(=O)N(CN1C2=O)C%14C%13%20)C%12C%11%19)C%10C9%18)C8C7%17)C6C5%16)C4C3%15,2DC65D621E765ED6549674FF1EC52FA438C064AF813048BB637692837EF09315,HOST_CAN_0144,PASS,CC(C)(C)c1ccc(CC(N)C(=O)O)cc1,9D7D4F5D4C858F070ABC02BA6C9BD0321AC17B44BD3ACC0B99E4E555D267A951,GUEST_CAN_0116,PASS,AttentiveFP,3,guest_cold,4,4.677786827087402
2371,188,452,C1N2C3C4N(C2=O)CN5C6C7N(C5=O)CN8C9C2N(C8=O)CN5C8C%10N(C5=O)CN5C%11C%12N(C5=O)CN5C%13C%14N(C5=O)CN5C%15C(N1C5=O)N1CN3C(=O)N4CN6C(=O)N7CN9C(=O)N2CN8C(=O)N%10CN%11C(=O)N%12CN%13C(=O)N%14CN%15C1=O,CC12CC(C3C(C1CCC2(C(=O)CO)O)CCC4=CC(=O)C=CC34C)O,cucurbituril,3.0,O=C1N2CN3C(=O)N4CN5C(=O)N6CN7C(=O)N8CN9C(=O)N%10CN%11C(=O)N%12CN%13C(=O)N%14CN1C1C2N2CN%15C(=O)N(CN%16C(=O)N(CN%17C(=O)N(CN%18C(=O)N(CN%19C(=O)N(CN%20C(=O)N(CN1C2=O)C%14C%13%20)C%12C%11%19)C%10C9%18)C8C7%17)C6C5%16)C4C3%15,2DC65D621E765ED6549674FF1EC52FA438C064AF813048BB637692837EF09315,HOST_CAN_0144,PASS,CC12C=CC(=O)C=C1CCC1C2C(O)CC2(C)C1CCC2(O)C(=O)CO,3F20FC56036425BF8AB5E1808E75B4F5EBF5537AE923BB0E05F8FABB26BF0D99,GUEST_CAN_0215,PASS,AttentiveFP,3,guest_cold,4,5.408499717712402
2372,188,1157,C1N2C3C4N(C2=O)CN5C6C7N(C5=O)CN8C9C2N(C8=O)CN5C8C%10N(C5=O)CN5C%11C%12N(C5=O)CN5C%13C%14N(C5=O)CN5C%15C(N1C5=O)N1CN3C(=O)N4CN6C(=O)N7CN9C(=O)N2CN8C(=O)N%10CN%11C(=O)N%12CN%13C(=O)N%14CN%15C1=O,C1C2CC3CC1CC(C2)C3=O,cucurbituril,10.591099739074707,O=C1N2CN3C(=O)N4CN5C(=O)N6CN7C(=O)N8CN9C(=O)N%10CN%11C(=O)N%12CN%13C(=O)N%14CN1C1C2N2CN%15C(=O)N(CN%16C(=O)N(CN%17C(=O)N(CN%18C(=O)N(CN%19C(=O)N(CN%20C(=O)N(CN1C2=O)C%14C%13%20)C%12C%11%19)C%10C9%18)C8C7%17)C6C5%16)C4C3%15,2DC65D621E765ED6549674FF1EC52FA438C064AF813048BB637692837EF09315,HOST_CAN_0144,PASS,O=C1C2CC3CC(C2)CC1C3,03B9B36B4414C4853245E4BACA55D317618CFCCA9A491D8790A599CA7E5A8AEB,GUEST_CAN_0912,PASS,AttentiveFP,3,guest_cold,4,8.901471138000488
2375,188,537,C1N2C3C4N(C2=O)CN5C6C7N(C5=O)CN8C9C2N(C8=O)CN5C8C%10N(C5=O)CN5C%11C%12N(C5=O)CN5C%13C%14N(C5=O)CN5C%15C(N1C5=O)N1CN3C(=O)N4CN6C(=O)N7CN9C(=O)N2CN8C(=O)N%10CN%11C(=O)N%12CN%13C(=O)N%14CN%15C1=O,CCCCCCN1C=C[N+](=C1)C.[Br-],cucurbituril,7.278800010681152,O=C1N2CN3C(=O)N4CN5C(=O)N6CN7C(=O)N8CN9C(=O)N%10CN%11C(=O)N%12CN%13C(=O)N%14CN1C1C2N2CN%15C(=O)N(CN%16C(=O)N(CN%17C(=O)N(CN%18C(=O)N(CN%19C(=O)N(CN%20C(=O)N(CN1C2=O)C%14C%13%20)C%12C%11%19)C%10C9%18)C8C7%17)C6C5%16)C4C3%15,2DC65D621E765ED6549674FF1EC52FA438C064AF813048BB637692837EF09315,HOST_CAN_0144,PASS,CCCCCCn1cc[n+](C)c1.[Br-],15B1B4F53B7D62E378A109E635A60B5495DBBE0C4F2C1679FF0301EE3D7C7E95,GUEST_CAN_0303,PASS,AttentiveFP,3,guest_cold,4,5.234541893005371
2377,188,503,C1N2C3C4N(C2=O)CN5C6C7N(C5=O)CN8C9C2N(C8=O)CN5C8C%10N(C5=O)CN5C%11C%12N(C5=O)CN5C%13C%14N(C5=O)CN5C%15C(N1C5=O)N1CN3C(=O)N4CN6C(=O)N7CN9C(=O)N2CN8C(=O)N%10CN%11C(=O)N%12CN%13C(=O)N%14CN%15C1=O,Cl[Cu]Cl,cucurbituril,3.75,O=C1N2CN3C(=O)N4CN5C(=O)N6CN7C(=O)N8CN9C(=O)N%10CN%11C(=O)N%12CN%13C(=O)N%14CN1C1C2N2CN%15C(=O)N(CN%16C(=O)N(CN%17C(=O)N(CN%18C(=O)N(CN%19C(=O)N(CN%20C(=O)N(CN1C2=O)C%14C%13%20)C%12C%11%19)C%10C9%18)C8C7%17)C6C5%16)C4C3%15,2DC65D621E765ED6549674FF1EC52FA438C064AF813048BB637692837EF09315,HOST_CAN_0144,PASS,[Cl][Cu][Cl],B6FEE526F8BD85529A9B50FCC3E83B95BF1E23A7154A31438738FA32E0619093,GUEST_CAN_1044,PASS,AttentiveFP,3,guest_cold,4,3.331690788269043
2380,188,1162,C1N2C3C4N(C2=O)CN5C6C7N(C5=O)CN8C9C2N(C8=O)CN5C8C%10N(C5=O)CN5C%11C%12N(C5=O)CN5C%13C%14N(C5=O)CN5C%15C(N1C5=O)N1CN3C(=O)N4CN6C(=O)N7CN9C(=O)N2CN8C(=O)N%10CN%11C(=O)N%12CN%13C(=O)N%14CN%15C1=O,CCCCN1C=C[N+](=C1)C.[Cl-],cucurbituril,6.826099872589111,O=C1N2CN3C(=O)N4CN5C(=O)N6CN7C(=O)N8CN9C(=O)N%10CN%11C(=O)N%12CN%13C(=O)N%14CN1C1C2N2CN%15C(=O)N(CN%16C(=O)N(CN%17C(=O)N(CN%18C(=O)N(CN%19C(=O)N(CN%20C(=O)N(CN1C2=O)C%14C%13%20)C%12C%11%19)C%10C9%18)C8C7%17)C6C5%16)C4C3%15,2DC65D621E765ED6549674FF1EC52FA438C064AF813048BB637692837EF09315,HOST_CAN_0144,PASS,CCCCn1cc[n+](C)c1.[Cl-],37D057617E3E337434627E89EAF9BD96BE29E9DA0BC4E5088092479EB4C2E8E1,GUEST_CAN_0328,PASS,AttentiveFP,3,guest_cold,4,5.246569633483887
2381,188,1163,C1N2C3C4N(C2=O)CN5C6C7N(C5=O)CN8C9C2N(C8=O)CN5C8C%10N(C5=O)CN5C%11C%12N(C5=O)CN5C%13C%14N(C5=O)CN5C%15C(N1C5=O)N1CN3C(=O)N4CN6C(=O)N7CN9C(=O)N2CN8C(=O)N%10CN%11C(=O)N%12CN%13C(=O)N%14CN%15C1=O,[B-](F)(F)(F)F.CCCCN1C=C[N+](=C1)C,cucurbituril,6.880799770355225,O=C1N2CN3C(=O)N4CN5C(=O)N6CN7C(=O)N8CN9C(=O)N%10CN%11C(=O)N%12CN%13C(=O)N%14CN1C1C2N2CN%15C(=O)N(CN%16C(=O)N(CN%17C(=O)N(CN%18C(=O)N(CN%19C(=O)N(CN%20C(=O)N(CN1C2=O)C%14C%13%20)C%12C%11%19)C%10C9%18)C8C7%17)C6C5%16)C4C3%15,2DC65D621E765ED6549674FF1EC52FA438C064AF813048BB637692837EF09315,HOST_CAN_0144,PASS,CCCCn1cc[n+](C)c1.F[B-](F)(F)F,1C66BE62C43450B96869C99CA9D7D14A3A812AD8E5071FC5CEF7C049297EC07F,GUEST_CAN_0326,PASS,AttentiveFP,3,guest_cold,4,2.899168014526367
2382,188,548,C1N2C3C4N(C2=O)CN5C6C7N(C5=O)CN8C9C2N(C8=O)CN5C8C%10N(C5=O)CN5C%11C%12N(C5=O)CN5C%13C%14N(C5=O)CN5C%15C(N1C5=O)N1CN3C(=O)N4CN6C(=O)N7CN9C(=O)N2CN8C(=O)N%10CN%11C(=O)N%12CN%13C(=O)N%14CN%15C1=O,C[N+]1=CC=C(C=C1)C2=CC=NC=C2,cucurbituril,6.07919979095459,O=C1N2CN3C(=O)N4CN5C(=O)N6CN7C(=O)N8CN9C(=O)N%10CN%11C(=O)N%12CN%13C(=O)N%14CN1C1C2N2CN%15C(=O)N(CN%16C(=O)N(CN%17C(=O)N(CN%18C(=O)N(CN%19C(=O)N(CN%20C(=O)N(CN1C2=O)C%14C%13%20)C%12C%11%19)C%10C9%18)C8C7%17)C6C5%16)C4C3%15,2DC65D621E765ED6549674FF1EC52FA438C064AF813048BB637692837EF09315,HOST_CAN_0144,PASS,C[n+]1ccc(-c2ccncc2)cc1,EC8828216E9FB755C092C22B7F9637650A5115A576B076FC6DDB526D9E9ADE47,GUEST_CAN_0632,PASS,AttentiveFP,3,guest_cold,4,6.269545555114746
