row_index,host_id,guest_id,host_smiles,guest_smiles,family,y_true,host_canonical_smiles,host_canonical_key_sha256,host_alias_group_id,host_parse_status,guest_canonical_smiles,guest_canonical_key_sha256,guest_alias_group_id,guest_parse_status,model,seed,regime,fold,y_pred
1,1,1,C1C2=CC(=CC(=C2O)CC3=CC(=CC(=C3O)CC4=C(C(=CC(=C4)S(=O)(=O)O)CC5=C(C1=CC(=C5)S(=O)(=O)O)O)O)S(=O)(=O)O)S(=O)(=O)O,Cl[Gd](Cl)Cl,calixarene,3.940000057220459,O=S(=O)(O)c1cc2c(O)c(c1)Cc1cc(S(=O)(=O)O)cc(c1O)Cc1cc(S(=O)(=O)O)cc(c1O)Cc1cc(S(=O)(=O)O)cc(c1O)C2,C1130CCDC8DA0C6458EF6C2E07E7F3330D8F8B055CBE4DEAADB70DC00C8CDFC1,HOST_CAN_0154,PASS,[Cl][Gd]([Cl])[Cl],54CADD1968564365502D35F4B2143637E7CB91B88321B9C948D4EA66153B2A79,GUEST_CAN_1046,PASS,GINE,2,guest_cold,2,2.7189877033233643
9,8,9,C1N2C3C4N(C2=O)CN5C6C7N(C5=O)CN8C9C2N(C8=O)CN5C8C%10N(C5=O)CN5C%11C%12N(C5=O)CN5C%13C(N1C5=O)N1CN3C(=O)N4CN6C(=O)N7CN9C(=O)N2CN8C(=O)N%10CN%11C(=O)N%12CN%13C1=O,C1CCC(CC1)C[NH3+],cucurbituril,1.986899971961975,O=C1N2CN3C(=O)N4CN5C(=O)N6CN7C(=O)N8CN9C(=O)N%10CN%11C(=O)N%12CN1C1C2N2CN%13C(=O)N(CN%14C(=O)N(CN%15C(=O)N(CN%16C(=O)N(CN%17C(=O)N(CN1C2=O)C%12C%11%17)C%10C9%16)C8C7%15)C6C5%14)C4C3%13,2526C525F966BEE6CB589BBB60C9F4124C02584847747BDAFF4E92B4462536E8,HOST_CAN_0149,PASS,[NH3+]CC1CCCCC1,DF21C8335BE240A791770DC93EFCD1C54E4FA39D0589D9C3EFABFAAD09B448D1,GUEST_CAN_1079,PASS,GINE,2,guest_cold,2,2.8232572078704834
16,15,16,C1=C2C=C3C=C1OC4=CC(=CC(=C4)C(=O)O)OC5=CC6=CC(=C5)C7OC8=CC9=C1C=C8C(C4=C(O7)C=C5C(=C4)C(C4=CC7=C(C=C4OC2O5)OC2C4=CC(=CC(=C4)OC4=CC(=CC(=C4)C(=O)O)OC4=CC(=CC(=C4)OC4=CC(=CC(=C4)O6)C(=O)O)C(O9)OC4=C(C1CCC(=O)O)C=C(C7CCC(=O)O)C(=C4)O2)OC1=CC(=CC(=C1)O3)C(=O)O)CCC(=O)O)CCC(=O)O,CCCCCC(=O)O,cavitand,3.7332000732421875,O=C(O)CCC1c2cc3c4cc2OC2Oc5cc6c(cc51)C(CCC(=O)O)c1cc5c7cc1OC(O6)c1cc6cc(c1)Oc1cc(cc(C(=O)O)c1)Oc1cc8cc(c1)C(Oc1cc(c(cc1C5CCC(=O)O)C3CCC(=O)O)OC(O4)c1cc(cc(c1)Oc1cc(cc(C(=O)O)c1)O8)Oc1cc(cc(C(=O)O)c1)Oc1cc(cc2c1)Oc1cc(cc(C(=O)O)c1)O6)O7,AE6E8A9B8E3ECDE32B65BE9B8736ECC23E2311A112E2CA1B78F35ECF9046A382,HOST_CAN_0117,PASS,CCCCCC(=O)O,C0D22B5F44C4EE10006DE3B7B916C74F314AAA41ABEC5D6A6A7CB49811FF0F01,GUEST_CAN_0271,PASS,GINE,2,guest_cold,2,3.98319673538208
19,3,19,OC[C@H]1O[C@@H]2O[C@@H]3[C@@H](CO)O[C@H](O[C@@H]4[C@@H](CO)O[C@H](O[C@@H]5[C@@H](CO)O[C@H](O[C@@H]6[C@@H](CO)O[C@H](O[C@@H]7[C@@H](CO)O[C@H](O[C@@H]8[C@@H](CO)O[C@H](O[C@H]1[C@H](O)[C@H]2O)[C@H](O)[C@H]8O)[C@H](O)[C@H]7O)[C@H](O)[C@H]6O)[C@H](O)[C@H]5O)[C@H](O)[C@H]4O)[C@H](O)[C@H]3O,C1C2CC3C4C1C5CC(C4)CC3(C5C2)C(=O)O,cyclodextrin,4.700699806213379,OC[C@H]1O[C@@H]2O[C@H]3[C@H](O)[C@@H](O)[C@@H](O[C@H]4[C@H](O)[C@@H](O)[C@@H](O[C@H]5[C@H](O)[C@@H](O)[C@@H](O[C@H]6[C@H](O)[C@@H](O)[C@@H](O[C@H]7[C@H](O)[C@@H](O)[C@@H](O[C@H]8[C@H](O)[C@@H](O)[C@@H](O[C@H]1[C@H](O)[C@H]2O)O[C@@H]8CO)O[C@@H]7CO)O[C@@H]6CO)O[C@@H]5CO)O[C@@H]4CO)O[C@@H]3CO,22584443D9512992310760C9871E3E6BDB3EDC92006F3EF1EC94F44373907EB1,HOST_CAN_0176,PASS,O=C(O)C12CC3CC4C5CC(CC41)CC2C5C3,48FAABB3BEFF31C1DDB1F994E4251281E4462EC26D3B7665941A4D4A844D5537,GUEST_CAN_0864,PASS,GINE,2,guest_cold,2,4.039827346801758
23,18,23,CC1=C2C3=CC4=C1OC5C6=CC7=CC(=C6)OC8=CC(=CC(=C8)C(=O)O)OC9=CC1=CC(=C9)C6OC8=C(C=C(C4CCC(=O)O)C(=C8C)O5)C(C4=C(O6)C(=C5C(=C4)C(C4=C6C(=C(C(=C4)C3CCC(=O)O)OC(O2)C2=CC(=CC(=C2)OC2=CC(=CC(=C2)C(=O)O)OC2=CC(=CC(=C2)C(O5)O6)OC2=CC(=CC(=C2)C(=O)O)O1)OC1=CC(=CC(=C1)C(=O)O)O7)C)CCC(=O)O)C)CCC(=O)O,C(#N)[S-].[Na+],cavitand,1.1461000442504883,Cc1c2c3cc4c1OC1Oc5c(cc6c(c5C)OC5Oc7c(cc8c(c7C)OC7Oc9c(cc(c(c9C)OC(O2)c2cc9cc(c2)Oc2cc(cc(C(=O)O)c2)Oc2cc(cc7c2)Oc2cc(cc(C(=O)O)c2)Oc2cc(cc5c2)Oc2cc(cc(C(=O)O)c2)Oc2cc(cc1c2)Oc1cc(cc(C(=O)O)c1)O9)C3CCC(=O)O)C8CCC(=O)O)C6CCC(=O)O)C4CCC(=O)O,326FFD4B5C5565D32207155C0B129AE16AFCA7B3342F0DAD815C24AB8DFA8483,HOST_CAN_0099,PASS,N#C[S-].[Na+],C7EA3C834D4CD40D84736D62A55B84043DA6CC95962CF4DF2592DE68C06B9A69,GUEST_CAN_0714,PASS,GINE,2,guest_cold,2,1.7127885818481445
28,18,28,CC1=C2C3=CC4=C1OC5C6=CC7=CC(=C6)OC8=CC(=CC(=C8)C(=O)O)OC9=CC1=CC(=C9)C6OC8=C(C=C(C4CCC(=O)O)C(=C8C)O5)C(C4=C(O6)C(=C5C(=C4)C(C4=C6C(=C(C(=C4)C3CCC(=O)O)OC(O2)C2=CC(=CC(=C2)OC2=CC(=CC(=C2)C(=O)O)OC2=CC(=CC(=C2)C(O5)O6)OC2=CC(=CC(=C2)C(=O)O)O1)OC1=CC(=CC(=C1)C(=O)O)O7)C)CCC(=O)O)C)CCC(=O)O,CS(=O)(=S)[O-].[Na+],cavitand,1.9330999851226807,Cc1c2c3cc4c1OC1Oc5c(cc6c(c5C)OC5Oc7c(cc8c(c7C)OC7Oc9c(cc(c(c9C)OC(O2)c2cc9cc(c2)Oc2cc(cc(C(=O)O)c2)Oc2cc(cc7c2)Oc2cc(cc(C(=O)O)c2)Oc2cc(cc5c2)Oc2cc(cc(C(=O)O)c2)Oc2cc(cc1c2)Oc1cc(cc(C(=O)O)c1)O9)C3CCC(=O)O)C8CCC(=O)O)C6CCC(=O)O)C4CCC(=O)O,326FFD4B5C5565D32207155C0B129AE16AFCA7B3342F0DAD815C24AB8DFA8483,HOST_CAN_0099,PASS,CS(=O)([O-])=S.[Na+],7330D51C337EE9B62FC3ED40CF088AA4E32D16B47C1B9BB338FE8B957DFD6752,GUEST_CAN_0510,PASS,GINE,2,guest_cold,2,1.740231990814209
37,26,37,[Li+].[Li+].B(C1=CC=CC=C1CNCC2=CC=C(C=C2)C(=O)NC3=CC(=CC(=C3)CP(=O)([O-])OC)CP(=O)([O-])OC)(O)O,C1=CC(=C(C=C1C(CN)O)O)O,other,2.263400077819824,COP(=O)([O-])Cc1cc(CP(=O)([O-])OC)cc(NC(=O)c2ccc(CNCc3ccccc3B(O)O)cc2)c1.[Li+].[Li+],F42D7F8FEECED34D2A8CD9838DF697E6536F3F5A5AD106D19B9E9737F28D2790,HOST_CAN_0067,PASS,NCC(O)c1ccc(O)c(O)c1,7F5D32A02DE5511E772E8422081F82EE16925B55633A6CB4BB4E730CF1565495,GUEST_CAN_0775,PASS,GINE,2,guest_cold,2,2.157412528991699
43,28,43,O=C1N2[C@@]3([H])[C@@]4([H])N1CC5=CC=CC=C5CN4C(N3CN(C(N6CN(C(N7CN(C(N8CC(C=CC=C9)=C9C%10)=O)[C@]([C@]8([H])N%10C%11=O)([H])N%11C%12)=O)[C@]([C@]7([H])N%12C%13=O)([H])N%13C%14)=O)[C@]([C@]6([H])N%14C%15=O)([H])N%15C2)=O,C[n+]1ccc(cc1)/C=C/c1cc[n+](cc1)C,other,4.4278998374938965,O=C1N2Cc3ccccc3CN3C(=O)N4CN5C(=O)N6CN7C(=O)N8CN9C(=O)N%10Cc%11ccccc%11CN%11C(=O)N(CN%12C(=O)N(CN%13C(=O)N(CN1[C@H]4[C@H]32)[C@@H]5[C@H]%136)[C@@H]7[C@H]%128)[C@@H]9[C@H]%11%10,C06DBA8CB1A01AEB8337B71D87CD1B30E9CBAC6D34129CB5457249ED32FE0331,HOST_CAN_0151,PASS,C[n+]1ccc(/C=C/c2cc[n+](C)cc2)cc1,14818FE10F046EBD0B8696923FD529607C8E7F65FCD645EC173AF08C6F65A94F,GUEST_CAN_0633,PASS,GINE,2,guest_cold,2,5.075818061828613
44,11,44,C1N2C3C4N(C2=O)CN5C6C7N(C5=O)CN8C9C2N(C8=O)CN5C8C%10N(C5=O)CN5C%11C%12N(C5=O)CN5C%13C%14N(C5=O)CN5C%15C%16N(C5=O)CN5C%17C(N1C5=O)N1CN3C(=O)N4CN6C(=O)N7CN9C(=O)N2CN8C(=O)N%10CN%11C(=O)N%12CN%13C(=O)N%14CN%15C(=O)N%16CN%17C1=O,O=C([C@H](Cc1ccc(cc1)O)N)N[C@H](C(=O)N[C@H](C(=O)O)C)Cc1ccccc1,cucurbituril,6.537799835205078,O=C1N2CN3C(=O)N4CN5C(=O)N6CN7C(=O)N8CN9C(=O)N%10CN%11C(=O)N%12CN%13C(=O)N%14CN%15C(=O)N%16CN1C1C2N2CN%17C(=O)N(CN%18C(=O)N(CN%19C(=O)N(CN%20C(=O)N(CN%21C(=O)N(CN%22C(=O)N(CN%23C(=O)N(CN1C2=O)C%16C%15%23)C%14C%13%22)C%12C%11%21)C%10C9%20)C8C7%19)C6C5%18)C4C3%17,E82CB7F52437B0147F435E3074F006752062FF8924E87C1DAF3210D182FF633B,HOST_CAN_0143,PASS,C[C@H](NC(=O)[C@H](Cc1ccccc1)NC(=O)[C@@H](N)Cc1ccc(O)cc1)C(=O)O,A631500F810B1FA74482AF42815042A9593417775134D0FDCBE60F3AD7A5AB96,GUEST_CAN_0547,PASS,GINE,2,guest_cold,2,5.541946887969971
51,31,50,[Li+].[Li+].COP(OC)(=O)CC1=CC(=CC(=C1)NC(CCCNCC1=C(C=CC=C1)B(O)O)=O)CP([O-])([O-])=O,C1=CC=C(C(=C1)O)O,other,2.171799898147583,COP(=O)(Cc1cc(CP(=O)([O-])[O-])cc(NC(=O)CCCNCc2ccccc2B(O)O)c1)OC.[Li+].[Li+],7C21E70373346443530CC627F376BB4B733535AF04E79A7E4ACEFF4D5857B371,HOST_CAN_0066,PASS,Oc1ccccc1O,D6044096AF0493CF06B8B5FDAA8C090BB98BA46AF75026C46D7FE4ACEF4715BB,GUEST_CAN_1007,PASS,GINE,2,guest_cold,2,1.5246076583862305
53,32,52,OC(=O)c1ccc(cc1)N=Nc1cc2Cc3cc(N=Nc4ccc(cc4)C(=O)O)cc(c3O)Cc3cc(cc(Cc4c(c(Cc(c1)c2O)cc(N=Nc1ccc(cc1)C(=O)O)c4)O)c3O)/N=N/c1ccc(cc1)C(=O)O,CC1C(C(CC(O1)OC2CC(CC3=C2C(=C4C(=C3O)C(=O)C5=C(C4=O)C(=CC=C5)OC)O)(C(=O)CO)O)N)OC6CCCCO6,calixarene,7.698999881744385,O=C(O)c1ccc(N=Nc2cc3c(O)c(c2)Cc2cc(N=Nc4ccc(C(=O)O)cc4)cc(c2O)Cc2cc(/N=N/c4ccc(C(=O)O)cc4)cc(c2O)Cc2cc(N=Nc4ccc(C(=O)O)cc4)cc(c2O)C3)cc1,5B585DBFF951CBB98E465DBECF308ACBE2EAF8773CE9C58156BE700CBB287248,HOST_CAN_0134,PASS,COc1cccc2c1C(=O)c1c(O)c3c(c(O)c1C2=O)CC(O)(C(=O)CO)CC3OC1CC(N)C(OC2CCCCO2)C(C)O1,F056E1E6711D31787704E6156994A50FE1F7CB3D1872FC558FCCE41B0FD8B68E,GUEST_CAN_0507,PASS,GINE,2,guest_cold,2,4.7388458251953125
54,8,53,C1N2C3C4N(C2=O)CN5C6C7N(C5=O)CN8C9C2N(C8=O)CN5C8C%10N(C5=O)CN5C%11C%12N(C5=O)CN5C%13C(N1C5=O)N1CN3C(=O)N4CN6C(=O)N7CN9C(=O)N2CN8C(=O)N%10CN%11C(=O)N%12CN%13C1=O,[Na+].[Cl-],cucurbituril,3.890000104904175,O=C1N2CN3C(=O)N4CN5C(=O)N6CN7C(=O)N8CN9C(=O)N%10CN%11C(=O)N%12CN1C1C2N2CN%13C(=O)N(CN%14C(=O)N(CN%15C(=O)N(CN%16C(=O)N(CN%17C(=O)N(CN1C2=O)C%12C%11%17)C%10C9%16)C8C7%15)C6C5%14)C4C3%13,2526C525F966BEE6CB589BBB60C9F4124C02584847747BDAFF4E92B4462536E8,HOST_CAN_0149,PASS,[Cl-].[Na+],75BE434EC1982F4169BCC68DFF522D1CE80C4ED9F32BD5BD82D1768FC8A5ED44,GUEST_CAN_1040,PASS,GINE,2,guest_cold,2,3.07606840133667
55,33,54,[H]C1(C(C(O[C@](OC2=C1C=C3[C@]4([H])CCC[N+](C)(C)C)([H])C5=CC(O6)=CC(OC7=CC8=CC(C[N+](C)(C)C)=C7)=C5)=C9)=CC%10=C9O[C@](C%11=CC(O8)=CC(OC%12=CC%13=CC(C[N+](C)(C)C)=C%12)=C%11)([H])OC%14=C(C%10([H])CCC[N+](C)(C)C)C=C%15C(O[C@](C%16=CC%17=CC(O%13)=C%16)([H])OC%18=CC(O[C@](C%19=CC(OC%20=CC(O%17)=CC(C[N+](C)(C)C)=C%20)=CC(OC%21=CC6=CC(C[N+](C)(C)C)=C%21)=C%19)([H])OC3=C2)=C4C=C%18[C@]%15([H])CCC[N+](C)(C)C)=C%14)CCC[N+](C)(C)C.[Cl-].[Cl-].[Cl-].[Cl-].[Cl-].[Cl-].[Cl-].[Cl-],C1C2CC3CC1CC(C2)(C3)C(=O)O,other,6.857900142669678,C[N+](C)(C)CCCC1c2cc3c4cc2O[C@H]2Oc5cc6c(cc51)[C@H](CCC[N+](C)(C)C)c1cc5c7cc1O[C@H](O6)c1cc6cc(c1)Oc1cc(C[N+](C)(C)C)cc(c1)Oc1cc8cc(c1)[C@H](Oc1cc(c(cc1[C@H]5CCC[N+](C)(C)C)C3CCC[N+](C)(C)C)O[C@@H](O4)c1cc(cc(c1)Oc1cc(C[N+](C)(C)C)cc(c1)O8)Oc1cc(C[N+](C)(C)C)cc(c1)Oc1cc(cc2c1)Oc1cc(C[N+](C)(C)C)cc(c1)O6)O7.[Cl-].[Cl-].[Cl-].[Cl-].[Cl-].[Cl-].[Cl-].[Cl-],F783BB4F0E2D9595DCCBD26C1895FCF835428AF86721AF4DD7F78FB07FBB8527,HOST_CAN_0096,PASS,O=C(O)C12CC3CC(CC(C3)C1)C2,BDD5C5A261E793089EEA24870ABE3EB6AAE16382F79784242493A375DCA0EDE8,GUEST_CAN_0863,PASS,GINE,2,guest_cold,2,4.609303951263428
57,34,56,OC1=C(CC2=CC(S(=O)([O-])=O)=CC(CC(C=C3S(=O)([O-])=O)=C4OCC(O)=O)=C2O)C=C(S(=O)([O-])=O)C=C1CC5=CC(S(=O)([O-])=O)=CC(CC4=C3)=C5O,CCCC(C(=O)O)N,calixarene,2.6884000301361084,O=C(O)COc1c2cc(S(=O)(=O)[O-])cc1Cc1cc(S(=O)(=O)[O-])cc(c1O)Cc1cc(S(=O)(=O)[O-])cc(c1O)Cc1cc(S(=O)(=O)[O-])cc(c1O)C2,EBB61F0F13AD36B6AF388F0A3BF11BFB93DBCC3093F712DCC0802C51D18DC147,HOST_CAN_0129,PASS,CCCC(N)C(=O)O,81F3215F9F46874A7436620E7AD92167936CF997FB3F203D4397A018C4B56861,GUEST_CAN_0268,PASS,GINE,2,guest_cold,2,2.32635498046875
65,37,63,C(CN(CC(=O)O)CC(=O)O)N(CC(=O)O)CC(=O)O,[Rb+],other,0.589900016784668,O=C(O)CN(CCN(CC(=O)O)CC(=O)O)CC(=O)O,6BFD1C3C84BE32FEF0887DE527CC95AE0C3680F389E80993C4242A4E3571F896,HOST_CAN_0123,PASS,[Rb+],A81E1030429F736D8E35EA84C21CDFC8BA21CABFAB462465BE82BDA25EAD58DF,GUEST_CAN_1109,PASS,GINE,2,guest_cold,2,2.9951183795928955
66,30,64,C1C2=CC(=CC(=C2O)CC3=CC(=CC(=C3O)CC4=CC(=CC(=C4O)CC5=C(C(=CC(=C5)S(=O)(=O)[O-])CC6=C(C(=CC(=C6)S(=O)(=O)[O-])CC7=C(C1=CC(=C7)S(=O)(=O)[O-])O)O)O)S(=O)(=O)[O-])S(=O)(=O)[O-])S(=O)(=O)[O-],COC1=C(C=CC(=C1)C=CC(=O)O)O,calixarene,3.9902000427246094,O=S(=O)([O-])c1cc2c(O)c(c1)Cc1cc(S(=O)(=O)[O-])cc(c1O)Cc1cc(S(=O)(=O)[O-])cc(c1O)Cc1cc(S(=O)(=O)[O-])cc(c1O)Cc1cc(S(=O)(=O)[O-])cc(c1O)Cc1cc(S(=O)(=O)[O-])cc(c1O)C2,175E9D01D3A7DD7BE73E9B8659E8BAA0A16B2D5C4CCEFE3BEFED10121429BF10,HOST_CAN_0164,PASS,COc1cc(C=CC(=O)O)ccc1O,FBA2624599D3DF61E64A1CD01004296006570403D519166BB73FAE5CFC4F262F,GUEST_CAN_0476,PASS,GINE,2,guest_cold,2,2.6388440132141113
70,8,68,C1N2C3C4N(C2=O)CN5C6C7N(C5=O)CN8C9C2N(C8=O)CN5C8C%10N(C5=O)CN5C%11C%12N(C5=O)CN5C%13C(N1C5=O)N1CN3C(=O)N4CN6C(=O)N7CN9C(=O)N2CN8C(=O)N%10CN%11C(=O)N%12CN%13C1=O,[NH3+]Cc1ccc(cc1)C,cucurbituril,2.7184998989105225,O=C1N2CN3C(=O)N4CN5C(=O)N6CN7C(=O)N8CN9C(=O)N%10CN%11C(=O)N%12CN1C1C2N2CN%13C(=O)N(CN%14C(=O)N(CN%15C(=O)N(CN%16C(=O)N(CN%17C(=O)N(CN1C2=O)C%12C%11%17)C%10C9%16)C8C7%15)C6C5%14)C4C3%13,2526C525F966BEE6CB589BBB60C9F4124C02584847747BDAFF4E92B4462536E8,HOST_CAN_0149,PASS,Cc1ccc(C[NH3+])cc1,8CA1D6D1D151C03EEEC415EBE16F69D25172F71794EEE9BA61D4F1AF4171B417,GUEST_CAN_0660,PASS,GINE,2,guest_cold,2,5.4145965576171875
77,23,75,OC[C@H]1O[C@@H]2O[C@@H]3[C@@H](CO)O[C@H](O[C@@H]4[C@@H](CO)O[C@H](O[C@@H]5[C@@H](CO)O[C@H](O[C@@H]6[C@@H](CO)O[C@H](O[C@@H]7[C@@H](CO)O[C@H](O[C@H]1[C@H](O)[C@H]2O)[C@H](O)[C@H]7O)[C@H](O)[C@H]6O)[C@H](O)[C@H]5O)[C@H](O)[C@H]4O)[C@H](O)[C@H]3O,C1CCCC(CCC1)O,cyclodextrin,2.3650999069213867,OC[C@H]1O[C@@H]2O[C@H]3[C@H](O)[C@@H](O)[C@@H](O[C@H]4[C@H](O)[C@@H](O)[C@@H](O[C@H]5[C@H](O)[C@@H](O)[C@@H](O[C@H]6[C@H](O)[C@@H](O)[C@@H](O[C@H]7[C@H](O)[C@@H](O)[C@@H](O[C@H]1[C@H](O)[C@H]2O)O[C@@H]7CO)O[C@@H]6CO)O[C@@H]5CO)O[C@@H]4CO)O[C@@H]3CO,9CB41F926A4386D7C0E23599753E6EDC60802BE1DCF577DB9B32CBB20691DB1D,HOST_CAN_0175,PASS,OC1CCCCCCC1,ED9628745AB2C049C9CB75E7053732D87CB10F290C6DAF5FDB64893278C0DD30,GUEST_CAN_0966,PASS,GINE,2,guest_cold,2,2.1575889587402344
84,46,81,C1C2=CC(=CC(=C2O)CC3=CC(=CC(=C3O)CC4=C(C(=CC(=C4)S(=O)(=O)O)CC5=C(C1=CC(=C5)S(=O)(=O)[O-])O)O)S(=O)(=O)O)S(=O)(=O)O.[Na+],Cc1cc2nc3-c([nH]c2cc1N)cc(=[N+](C)C)cc3,calixarene,3.914299964904785,O=S(=O)([O-])c1cc2c(O)c(c1)Cc1cc(S(=O)(=O)O)cc(c1O)Cc1cc(S(=O)(=O)O)cc(c1O)Cc1cc(S(=O)(=O)O)cc(c1O)C2.[Na+],CA94CECC10EDB9167B38E05C5D125873C9C1506ED227A3D9C6CBBCD696828A96,HOST_CAN_0163,PASS,Cc1cc2nc3ccc(=[N+](C)C)cc-3[nH]c2cc1N,C5DF1E7584A7298C9907FD74E586B8A2459B4C1C8328AB00C60A72DAE728E305,GUEST_CAN_0651,PASS,GINE,2,guest_cold,2,4.204434394836426
89,1,81,C1C2=CC(=CC(=C2O)CC3=CC(=CC(=C3O)CC4=C(C(=CC(=C4)S(=O)(=O)O)CC5=C(C1=CC(=C5)S(=O)(=O)O)O)O)S(=O)(=O)O)S(=O)(=O)O,Cc1cc2nc3-c([nH]c2cc1N)cc(=[N+](C)C)cc3,calixarene,3.5332999229431152,O=S(=O)(O)c1cc2c(O)c(c1)Cc1cc(S(=O)(=O)O)cc(c1O)Cc1cc(S(=O)(=O)O)cc(c1O)Cc1cc(S(=O)(=O)O)cc(c1O)C2,C1130CCDC8DA0C6458EF6C2E07E7F3330D8F8B055CBE4DEAADB70DC00C8CDFC1,HOST_CAN_0154,PASS,Cc1cc2nc3ccc(=[N+](C)C)cc-3[nH]c2cc1N,C5DF1E7584A7298C9907FD74E586B8A2459B4C1C8328AB00C60A72DAE728E305,GUEST_CAN_0651,PASS,GINE,2,guest_cold,2,4.236138343811035
90,1,86,C1C2=CC(=CC(=C2O)CC3=CC(=CC(=C3O)CC4=C(C(=CC(=C4)S(=O)(=O)O)CC5=C(C1=CC(=C5)S(=O)(=O)O)O)O)S(=O)(=O)O)S(=O)(=O)O,NCCCCC(C(=O)NC(C(=O)NC(C(=O)N1CCCC1C(=O)NC(C(=O)N)Cc1ccc(cc1)O)C)CO)NC(=O)C(NC(=O)C(NC(=O)C(NC(=O)C)C)C)CCCNC(=N)N,calixarene,3.6575000286102295,O=S(=O)(O)c1cc2c(O)c(c1)Cc1cc(S(=O)(=O)O)cc(c1O)Cc1cc(S(=O)(=O)O)cc(c1O)Cc1cc(S(=O)(=O)O)cc(c1O)C2,C1130CCDC8DA0C6458EF6C2E07E7F3330D8F8B055CBE4DEAADB70DC00C8CDFC1,HOST_CAN_0154,PASS,CC(=O)NC(C)C(=O)NC(C)C(=O)NC(CCCNC(=N)N)C(=O)NC(CCCCN)C(=O)NC(CO)C(=O)NC(C)C(=O)N1CCCC1C(=O)NC(Cc1ccc(O)cc1)C(N)=O,01342FA3A0FD2332D1E57247D45797751C97AE0D2C44E587126C77004310C9F6,GUEST_CAN_0066,PASS,GINE,2,guest_cold,2,4.498840808868408
96,13,92,O=C1N2CN3C(=O)N4C5C3N3CN6C2C2N1CN1C(=O)N7[C@H]8[C@@H]1N(CN2C6=O)C(=O)N8CN1C2(N(C7)C(=O)N6[C@@H]2N(C1=O)CN1[C@H]2N(C6)C(=O)N6[C@H]2N(C1=O)CN1C(=O)N2CN7C8C(N(C4)C(=O)N8CN4C2C1N(C4=O)C6)N(CN5C3=O)C7=O)O,C[N+]1=CC=C(C=C1)C2=CC=[N+](C=C2)C.[Cl-].[Cl-],cucurbituril,7.204100131988525,O=C1N2CN3C(=O)N4CN5C(=O)N6CN7C(=O)N8CN9C(=O)N%10CN%11C(=O)N%12CN%13C(=O)N%14CN1C1C2N2CN%15C(=O)N(CN%16C(=O)N(CN%17C(=O)N(CN%18C(=O)N(CN%19C(=O)N(CN%20C(=O)N(CN1C2=O)C%14C%13%20)[C@H]%12[C@@H]%19%11)C%10(O)[C@@H]%189)[C@@H]8[C@@H]7%17)C6C5%16)C4C3%15,834B504E9B204C59F3298F5D5A67B7E1A7ED973D91F3A1C9659C2402EB422334,HOST_CAN_0147,PASS,C[n+]1ccc(-c2cc[n+](C)cc2)cc1.[Cl-].[Cl-],A34A59C172ABA48CFA54144DF49E70D56803B22DE394E6F3154C1D8F7DC6E5F1,GUEST_CAN_0623,PASS,GINE,2,guest_cold,2,6.740145683288574
103,11,97,C1N2C3C4N(C2=O)CN5C6C7N(C5=O)CN8C9C2N(C8=O)CN5C8C%10N(C5=O)CN5C%11C%12N(C5=O)CN5C%13C%14N(C5=O)CN5C%15C%16N(C5=O)CN5C%17C(N1C5=O)N1CN3C(=O)N4CN6C(=O)N7CN9C(=O)N2CN8C(=O)N%10CN%11C(=O)N%12CN%13C(=O)N%14CN%15C(=O)N%16CN%17C1=O,C1=CC=C(C=C1)OC2C(C(C(C(O2)CO)O)O)O,cucurbituril,4.450699806213379,O=C1N2CN3C(=O)N4CN5C(=O)N6CN7C(=O)N8CN9C(=O)N%10CN%11C(=O)N%12CN%13C(=O)N%14CN%15C(=O)N%16CN1C1C2N2CN%17C(=O)N(CN%18C(=O)N(CN%19C(=O)N(CN%20C(=O)N(CN%21C(=O)N(CN%22C(=O)N(CN%23C(=O)N(CN1C2=O)C%16C%15%23)C%14C%13%22)C%12C%11%21)C%10C9%20)C8C7%19)C6C5%18)C4C3%17,E82CB7F52437B0147F435E3074F006752062FF8924E87C1DAF3210D182FF633B,HOST_CAN_0143,PASS,OCC1OC(Oc2ccccc2)C(O)C(O)C1O,C6657B0BE0E907980D2E2AB37D61697BF26DFBDE4F9572D95B88C9FA6C3C0E37,GUEST_CAN_0972,PASS,GINE,2,guest_cold,2,3.15200138092041
106,18,99,CC1=C2C3=CC4=C1OC5C6=CC7=CC(=C6)OC8=CC(=CC(=C8)C(=O)O)OC9=CC1=CC(=C9)C6OC8=C(C=C(C4CCC(=O)O)C(=C8C)O5)C(C4=C(O6)C(=C5C(=C4)C(C4=C6C(=C(C(=C4)C3CCC(=O)O)OC(O2)C2=CC(=CC(=C2)OC2=CC(=CC(=C2)C(=O)O)OC2=CC(=CC(=C2)C(O5)O6)OC2=CC(=CC(=C2)C(=O)O)O1)OC1=CC(=CC(=C1)C(=O)O)O7)C)CCC(=O)O)C)CCC(=O)O,[O-]Cl(=O)(=O)=O.[Na+],cavitand,1.8588000535964966,Cc1c2c3cc4c1OC1Oc5c(cc6c(c5C)OC5Oc7c(cc8c(c7C)OC7Oc9c(cc(c(c9C)OC(O2)c2cc9cc(c2)Oc2cc(cc(C(=O)O)c2)Oc2cc(cc7c2)Oc2cc(cc(C(=O)O)c2)Oc2cc(cc5c2)Oc2cc(cc(C(=O)O)c2)Oc2cc(cc1c2)Oc1cc(cc(C(=O)O)c1)O9)C3CCC(=O)O)C8CCC(=O)O)C6CCC(=O)O)C4CCC(=O)O,326FFD4B5C5565D32207155C0B129AE16AFCA7B3342F0DAD815C24AB8DFA8483,HOST_CAN_0099,PASS,[Na+].[O-][Cl+3]([O-])([O-])[O-],79F198E0F60D33505BEB2FD5A228F5DD74E58A284D9D51E59696EF81616913EE,GUEST_CAN_1100,PASS,GINE,2,guest_cold,2,3.7335987091064453
108,3,101,OC[C@H]1O[C@@H]2O[C@@H]3[C@@H](CO)O[C@H](O[C@@H]4[C@@H](CO)O[C@H](O[C@@H]5[C@@H](CO)O[C@H](O[C@@H]6[C@@H](CO)O[C@H](O[C@@H]7[C@@H](CO)O[C@H](O[C@@H]8[C@@H](CO)O[C@H](O[C@H]1[C@H](O)[C@H]2O)[C@H](O)[C@H]8O)[C@H](O)[C@H]7O)[C@H](O)[C@H]6O)[C@H](O)[C@H]5O)[C@H](O)[C@H]4O)[C@H](O)[C@H]3O,[O-]C(=O)Cc1cccc(c1)C,cyclodextrin,1.0755000114440918,OC[C@H]1O[C@@H]2O[C@H]3[C@H](O)[C@@H](O)[C@@H](O[C@H]4[C@H](O)[C@@H](O)[C@@H](O[C@H]5[C@H](O)[C@@H](O)[C@@H](O[C@H]6[C@H](O)[C@@H](O)[C@@H](O[C@H]7[C@H](O)[C@@H](O)[C@@H](O[C@H]8[C@H](O)[C@@H](O)[C@@H](O[C@H]1[C@H](O)[C@H]2O)O[C@@H]8CO)O[C@@H]7CO)O[C@@H]6CO)O[C@@H]5CO)O[C@@H]4CO)O[C@@H]3CO,22584443D9512992310760C9871E3E6BDB3EDC92006F3EF1EC94F44373907EB1,HOST_CAN_0176,PASS,Cc1cccc(CC(=O)[O-])c1,EA8EE72BEF68030647CD297CF5BD0F5EB33EE9279E33131C9E84C0970897F94B,GUEST_CAN_0666,PASS,GINE,2,guest_cold,2,2.0634894371032715
113,1,104,C1C2=CC(=CC(=C2O)CC3=CC(=CC(=C3O)CC4=C(C(=CC(=C4)S(=O)(=O)O)CC5=C(C1=CC(=C5)S(=O)(=O)O)O)O)S(=O)(=O)O)S(=O)(=O)O,C1CC2CCC1N=N2,calixarene,2.971400022506714,O=S(=O)(O)c1cc2c(O)c(c1)Cc1cc(S(=O)(=O)O)cc(c1O)Cc1cc(S(=O)(=O)O)cc(c1O)Cc1cc(S(=O)(=O)O)cc(c1O)C2,C1130CCDC8DA0C6458EF6C2E07E7F3330D8F8B055CBE4DEAADB70DC00C8CDFC1,HOST_CAN_0154,PASS,C1CC2CCC1N=N2,28524F2C321EA80222CEAE7EE74FE527F854D218FD4782A52CD6A817541C8DDA,GUEST_CAN_0024,PASS,GINE,2,guest_cold,2,2.295443534851074
121,48,92,[Na]OS(=O)(=O)CCCOc1c2CN3C(=O)N4[C@]5([C@@]3(N(Cc2c(c2c1cccc2)OCCCS(=O)(=O)O[Na])C(=O)N5CN1[C@@]2(N(C4)C(=O)N3[C@]2(C)N(C1=O)Cc1c(C3)c(OCCCS(=O)(=O)O[Na])c2c(c1OCCCS(=O)(=O)O[Na])cccc2)C)C)C,C[N+]1=CC=C(C=C1)C2=CC=[N+](C=C2)C.[Cl-].[Cl-],other,5.448699951171875,C[C@]12N3Cc4c(c(OCCCS(=O)(=O)[O][Na])c5ccccc5c4OCCCS(=O)(=O)[O][Na])CN1C(=O)N1CN4C(=O)N5Cc6c(c(OCCCS(=O)(=O)[O][Na])c7ccccc7c6OCCCS(=O)(=O)[O][Na])CN6C(=O)N(CN(C3=O)[C@]12C)[C@]4(C)[C@@]56C,D18B807A904C56B05E199911FB10FFB774349CC49BBD32D2EFAFF4C892BA649F,HOST_CAN_0090,PASS,C[n+]1ccc(-c2cc[n+](C)cc2)cc1.[Cl-].[Cl-],A34A59C172ABA48CFA54144DF49E70D56803B22DE394E6F3154C1D8F7DC6E5F1,GUEST_CAN_0623,PASS,GINE,2,guest_cold,2,5.05509090423584
126,58,92,O=S(CCCOC1=C(CC2=CC(OCCCS(=O)([O-])=O)=C(C3)C=C2OCCCS(=O)([O-])=O)C=C(OCCCS(=O)([O-])=O)C(CC4=C(OCCCS(=O)([O-])=O)C=C(CC5=CC(OCCCS(=O)([O-])=O)=C(CC6=C(OCCCS(=O)([O-])=O)C=C3C(OCCCS(=O)([O-])=O)=C6)C=C5OCCCS(=O)([O-])=O)C(OCCCS(=O)([O-])=O)=C4)=C1)([O-])=O.[Na+].[Na+].[Na+].[Na+].[Na+].[Na+].[Na+].[Na+].[Na+].[Na+],C[N+]1=CC=C(C=C1)C2=CC=[N+](C=C2)C.[Cl-].[Cl-],pillararene,5.309599876403809,O=S(=O)([O-])CCCOc1cc2c(OCCCS(=O)(=O)[O-])cc1Cc1cc(OCCCS(=O)(=O)[O-])c(cc1OCCCS(=O)(=O)[O-])Cc1cc(OCCCS(=O)(=O)[O-])c(cc1OCCCS(=O)(=O)[O-])Cc1cc(OCCCS(=O)(=O)[O-])c(cc1OCCCS(=O)(=O)[O-])Cc1cc(OCCCS(=O)(=O)[O-])c(cc1OCCCS(=O)(=O)[O-])C2.[Na+].[Na+].[Na+].[Na+].[Na+].[Na+].[Na+].[Na+].[Na+].[Na+],8E55C5A412B23CD95C7713D651F330D147B9931901ECBE48AB8C58473B83EFD3,HOST_CAN_0158,PASS,C[n+]1ccc(-c2cc[n+](C)cc2)cc1.[Cl-].[Cl-],A34A59C172ABA48CFA54144DF49E70D56803B22DE394E6F3154C1D8F7DC6E5F1,GUEST_CAN_0623,PASS,GINE,2,guest_cold,2,5.5982208251953125
132,23,117,OC[C@H]1O[C@@H]2O[C@@H]3[C@@H](CO)O[C@H](O[C@@H]4[C@@H](CO)O[C@H](O[C@@H]5[C@@H](CO)O[C@H](O[C@@H]6[C@@H](CO)O[C@H](O[C@@H]7[C@@H](CO)O[C@H](O[C@H]1[C@H](O)[C@H]2O)[C@H](O)[C@H]7O)[C@H](O)[C@H]6O)[C@H](O)[C@H]5O)[C@H](O)[C@H]4O)[C@H](O)[C@H]3O,CCCCCCCC(=O)[O-],cyclodextrin,3.3889999389648438,OC[C@H]1O[C@@H]2O[C@H]3[C@H](O)[C@@H](O)[C@@H](O[C@H]4[C@H](O)[C@@H](O)[C@@H](O[C@H]5[C@H](O)[C@@H](O)[C@@H](O[C@H]6[C@H](O)[C@@H](O)[C@@H](O[C@H]7[C@H](O)[C@@H](O)[C@@H](O[C@H]1[C@H](O)[C@H]2O)O[C@@H]7CO)O[C@@H]6CO)O[C@@H]5CO)O[C@@H]4CO)O[C@@H]3CO,9CB41F926A4386D7C0E23599753E6EDC60802BE1DCF577DB9B32CBB20691DB1D,HOST_CAN_0175,PASS,CCCCCCCC(=O)[O-],6C7F59955968D6F66A25FA20F972DD1B465784053C347AEBF93F2935785EE3D8,GUEST_CAN_0278,PASS,GINE,2,guest_cold,2,2.6731133460998535
137,3,121,OC[C@H]1O[C@@H]2O[C@@H]3[C@@H](CO)O[C@H](O[C@@H]4[C@@H](CO)O[C@H](O[C@@H]5[C@@H](CO)O[C@H](O[C@@H]6[C@@H](CO)O[C@H](O[C@@H]7[C@@H](CO)O[C@H](O[C@@H]8[C@@H](CO)O[C@H](O[C@H]1[C@H](O)[C@H]2O)[C@H](O)[C@H]8O)[C@H](O)[C@H]7O)[C@H](O)[C@H]6O)[C@H](O)[C@H]5O)[C@H](O)[C@H]4O)[C@H](O)[C@H]3O,C1C2CC3C4C1C5CC(C4)(CC3C5C2)N,cyclodextrin,5.054699897766113,OC[C@H]1O[C@@H]2O[C@H]3[C@H](O)[C@@H](O)[C@@H](O[C@H]4[C@H](O)[C@@H](O)[C@@H](O[C@H]5[C@H](O)[C@@H](O)[C@@H](O[C@H]6[C@H](O)[C@@H](O)[C@@H](O[C@H]7[C@H](O)[C@@H](O)[C@@H](O[C@H]8[C@H](O)[C@@H](O)[C@@H](O[C@H]1[C@H](O)[C@H]2O)O[C@@H]8CO)O[C@@H]7CO)O[C@@H]6CO)O[C@@H]5CO)O[C@@H]4CO)O[C@@H]3CO,22584443D9512992310760C9871E3E6BDB3EDC92006F3EF1EC94F44373907EB1,HOST_CAN_0176,PASS,NC12CC3C4CC5CC3C(C1)C(C5)C4C2,13B9624BB7CB2AACC46822A3C7F30E43D3C581BDAE726763E7DE160B3EE6B9AE,GUEST_CAN_0757,PASS,GINE,2,guest_cold,2,4.045306205749512
141,61,92,Oc1c2Cc3cc(cc4c3OCCOc3c5Cc6cc(cc(Cc7c(OCCOc8c(Cc1cc(c2)S(=O)(=O)[O-])cc(cc8Cc1c(c(C4)cc(c1)S(=O)(=O)[O-])O)S(=O)(=O)[O-])c(Cc1c(c(Cc3cc(c5)S(=O)(=O)[O-])cc(c1)S(=O)(=O)[O-])O)cc(c7)S(=O)(=O)[O-])c6O)S(=O)(=O)[O-])S(=O)(=O)[O-],C[N+]1=CC=C(C=C1)C2=CC=[N+](C=C2)C.[Cl-].[Cl-],calixarene,6.555099964141846,O=S(=O)([O-])c1cc2c(O)c(c1)Cc1cc(S(=O)(=O)[O-])cc3c1OCCOc1c4cc(S(=O)(=O)[O-])cc1Cc1cc(S(=O)(=O)[O-])cc(c1O)Cc1cc(S(=O)(=O)[O-])cc(c1OCCOc1c(cc(S(=O)(=O)[O-])cc1Cc1cc(S(=O)(=O)[O-])cc(c1O)C3)C2)Cc1cc(S(=O)(=O)[O-])cc(c1O)C4,C2455B556D8BCD7020D1A83F7BB4B442A591F4C2B5AA0A2B0B23B912297BEA73,HOST_CAN_0168,PASS,C[n+]1ccc(-c2cc[n+](C)cc2)cc1.[Cl-].[Cl-],A34A59C172ABA48CFA54144DF49E70D56803B22DE394E6F3154C1D8F7DC6E5F1,GUEST_CAN_0623,PASS,GINE,2,guest_cold,2,5.112307548522949
145,62,127,C1COCCOCCOCCOCCO1,[Li+].[O-]Cl(=O)(=O)=O,crown_ether,4.0,C1COCCOCCOCCOCCO1,BEB7D22FF3811F202D419FD374114A9736FF5E8F5D9D6362CAE0F12DDF65B6BE,HOST_CAN_0007,PASS,[Li+].[O-][Cl+3]([O-])([O-])[O-],14F13333FF03F308B52D2A3A315F4E50C7400B9F35301F80CD9A592CDBF36E88,GUEST_CAN_1072,PASS,GINE,2,guest_cold,2,2.591308116912842
158,15,137,C1=C2C=C3C=C1OC4=CC(=CC(=C4)C(=O)O)OC5=CC6=CC(=C5)C7OC8=CC9=C1C=C8C(C4=C(O7)C=C5C(=C4)C(C4=CC7=C(C=C4OC2O5)OC2C4=CC(=CC(=C4)OC4=CC(=CC(=C4)C(=O)O)OC4=CC(=CC(=C4)OC4=CC(=CC(=C4)O6)C(=O)O)C(O9)OC4=C(C1CCC(=O)O)C=C(C7CCC(=O)O)C(=C4)O2)OC1=CC(=CC(=C1)O3)C(=O)O)CCC(=O)O)CCC(=O)O,C1CCCC(CC1)C(=O)O,cavitand,4.861299991607666,O=C(O)CCC1c2cc3c4cc2OC2Oc5cc6c(cc51)C(CCC(=O)O)c1cc5c7cc1OC(O6)c1cc6cc(c1)Oc1cc(cc(C(=O)O)c1)Oc1cc8cc(c1)C(Oc1cc(c(cc1C5CCC(=O)O)C3CCC(=O)O)OC(O4)c1cc(cc(c1)Oc1cc(cc(C(=O)O)c1)O8)Oc1cc(cc(C(=O)O)c1)Oc1cc(cc2c1)Oc1cc(cc(C(=O)O)c1)O6)O7,AE6E8A9B8E3ECDE32B65BE9B8736ECC23E2311A112E2CA1B78F35ECF9046A382,HOST_CAN_0117,PASS,O=C(O)C1CCCCCC1,7DE99E8EC96822F0E0053306845B7454F406E4822F7250FBDD06B19D717E53E0,GUEST_CAN_0868,PASS,GINE,2,guest_cold,2,2.686171054840088
159,1,138,C1C2=CC(=CC(=C2O)CC3=CC(=CC(=C3O)CC4=C(C(=CC(=C4)S(=O)(=O)O)CC5=C(C1=CC(=C5)S(=O)(=O)O)O)O)S(=O)(=O)O)S(=O)(=O)O,CC1=CC2=C(C=C1N)[N+](=C3C=C(C(=CC3=N2)C)N)C4=CC=CC=C4.[Cl-],calixarene,4.289400100708008,O=S(=O)(O)c1cc2c(O)c(c1)Cc1cc(S(=O)(=O)O)cc(c1O)Cc1cc(S(=O)(=O)O)cc(c1O)Cc1cc(S(=O)(=O)O)cc(c1O)C2,C1130CCDC8DA0C6458EF6C2E07E7F3330D8F8B055CBE4DEAADB70DC00C8CDFC1,HOST_CAN_0154,PASS,Cc1cc2nc3cc(C)c(N)cc3[n+](-c3ccccc3)c2cc1N.[Cl-],6C23131E23824F74076AE480AD36D628F0F33D6700F3B35A67A21F791CA61E3F,GUEST_CAN_0650,PASS,GINE,2,guest_cold,2,4.472967147827148
161,65,140,O=C(COC1=C(CC2=CC(OCC(O)=O)=C(C3)C=C2OCC(O)=O)C=C(OCC(O)=O)C(CC4=C(OCC(O)=O)C=C(CC5=CC(OCC(O)=O)=C(CC6=C(OCC(O)=O)C=C3C(OCC(O)=O)=C6)C=C5OCC(O)=O)C(OCC(O)=O)=C4)=C1)O,C[N+]1(CCC2=CC(=C(C=C2C1CC3=CC(=C(C=C3)OC)OC)OC)OC)CCC(=O)OCCCCCOC(=O)CC[N+]4(CCC5=CC(=C(C=C5C4CC6=CC(=C(C=C6)OC)OC)OC)OC)C,pillararene,5.18179988861084,O=C(O)COc1cc2c(OCC(=O)O)cc1Cc1cc(OCC(=O)O)c(cc1OCC(=O)O)Cc1cc(OCC(=O)O)c(cc1OCC(=O)O)Cc1cc(OCC(=O)O)c(cc1OCC(=O)O)Cc1cc(OCC(=O)O)c(cc1OCC(=O)O)C2,D554EF58E2285AB1E087AF8FFC6B903FE8A63389351C9D80310C0632D55CFBCA,HOST_CAN_0132,PASS,COc1ccc(CC2c3cc(OC)c(OC)cc3CC[N+]2(C)CCC(=O)OCCCCCOC(=O)CC[N+]2(C)CCc3cc(OC)c(OC)cc3C2Cc2ccc(OC)c(OC)c2)cc1OC,7CB80D14DBDE4459301A58035D4B211AB0E120E8FE777FBFBF14FB9517D00D03,GUEST_CAN_0486,PASS,GINE,2,guest_cold,2,6.0761213302612305
165,11,143,C1N2C3C4N(C2=O)CN5C6C7N(C5=O)CN8C9C2N(C8=O)CN5C8C%10N(C5=O)CN5C%11C%12N(C5=O)CN5C%13C%14N(C5=O)CN5C%15C%16N(C5=O)CN5C%17C(N1C5=O)N1CN3C(=O)N4CN6C(=O)N7CN9C(=O)N2CN8C(=O)N%10CN%11C(=O)N%12CN%13C(=O)N%14CN%15C(=O)N%16CN%17C1=O,O.O.O.O.O.O.O.[Cl-].[Cl-].[Cl-].[La+3],cucurbituril,3.759999990463257,O=C1N2CN3C(=O)N4CN5C(=O)N6CN7C(=O)N8CN9C(=O)N%10CN%11C(=O)N%12CN%13C(=O)N%14CN%15C(=O)N%16CN1C1C2N2CN%17C(=O)N(CN%18C(=O)N(CN%19C(=O)N(CN%20C(=O)N(CN%21C(=O)N(CN%22C(=O)N(CN%23C(=O)N(CN1C2=O)C%16C%15%23)C%14C%13%22)C%12C%11%21)C%10C9%20)C8C7%19)C6C5%18)C4C3%17,E82CB7F52437B0147F435E3074F006752062FF8924E87C1DAF3210D182FF633B,HOST_CAN_0143,PASS,O.O.O.O.O.O.O.[Cl-].[Cl-].[Cl-].[La+3],1E37E2BF0692633D9CE24924BA2B24B23857130425674815F06A869898F2B330,GUEST_CAN_0843,PASS,GINE,2,guest_cold,2,3.6068878173828125
168,15,146,C1=C2C=C3C=C1OC4=CC(=CC(=C4)C(=O)O)OC5=CC6=CC(=C5)C7OC8=CC9=C1C=C8C(C4=C(O7)C=C5C(=C4)C(C4=CC7=C(C=C4OC2O5)OC2C4=CC(=CC(=C4)OC4=CC(=CC(=C4)C(=O)O)OC4=CC(=CC(=C4)OC4=CC(=CC(=C4)O6)C(=O)O)C(O9)OC4=C(C1CCC(=O)O)C=C(C7CCC(=O)O)C(=C4)O2)OC1=CC(=CC(=C1)O3)C(=O)O)CCC(=O)O)CCC(=O)O,CC(CC=C)C(=O)O,cavitand,3.3673999309539795,O=C(O)CCC1c2cc3c4cc2OC2Oc5cc6c(cc51)C(CCC(=O)O)c1cc5c7cc1OC(O6)c1cc6cc(c1)Oc1cc(cc(C(=O)O)c1)Oc1cc8cc(c1)C(Oc1cc(c(cc1C5CCC(=O)O)C3CCC(=O)O)OC(O4)c1cc(cc(c1)Oc1cc(cc(C(=O)O)c1)O8)Oc1cc(cc(C(=O)O)c1)Oc1cc(cc2c1)Oc1cc(cc(C(=O)O)c1)O6)O7,AE6E8A9B8E3ECDE32B65BE9B8736ECC23E2311A112E2CA1B78F35ECF9046A382,HOST_CAN_0117,PASS,C=CCC(C)C(=O)O,51184B5BD1B19DE00A6B65CD75F4785FC00327935394FF712350D4BB68B7BAF7,GUEST_CAN_0045,PASS,GINE,2,guest_cold,2,2.9364330768585205
175,20,153,O=C(COC1=CC(CC2=C(OCC(O)=O)C=C(C(OCC(O)=O)=C2)CC3=CC(COC(O)=O)=C(C4)C=C3OCC(O)=O)=C(OCC(O)=O)C=C1CC5=C[C@@H](OCC(O)=O)[C@H](C=C5OCC(O)=O)CC6=CC(COC(O)=O)=C(C=C6OCC(O)=O)CC7=C(OCC(O)=O)C=C4C(OCC(O)=O)=C7)O,[NH3+]C1CCCCC1.[Cl-],pillararene,5.638500213623047,O=C(O)COC1=C[C@@H]2Cc3cc(COC(=O)O)c(cc3OCC(=O)O)Cc3cc(OCC(=O)O)c(cc3OCC(=O)O)Cc3cc(OCC(=O)O)c(cc3COC(=O)O)Cc3cc(OCC(=O)O)c(cc3OCC(=O)O)Cc3cc(OCC(=O)O)c(cc3OCC(=O)O)CC1=C[C@H]2OCC(=O)O,EB7BB63E53C952B34EDD9A1AA221307EA37FEE1D4C687CFC64D6BC38CEFE6263,HOST_CAN_0126,PASS,[Cl-].[NH3+]C1CCCCC1,2162787C3E2FAC35A50418434382F9CBB2B93A16A7A688D5A6BEB4BB92F60FDD,GUEST_CAN_1038,PASS,GINE,2,guest_cold,2,4.472073078155518
180,23,99,OC[C@H]1O[C@@H]2O[C@@H]3[C@@H](CO)O[C@H](O[C@@H]4[C@@H](CO)O[C@H](O[C@@H]5[C@@H](CO)O[C@H](O[C@@H]6[C@@H](CO)O[C@H](O[C@@H]7[C@@H](CO)O[C@H](O[C@H]1[C@H](O)[C@H]2O)[C@H](O)[C@H]7O)[C@H](O)[C@H]6O)[C@H](O)[C@H]5O)[C@H](O)[C@H]4O)[C@H](O)[C@H]3O,[O-]Cl(=O)(=O)=O.[Na+],cyclodextrin,1.1324000358581543,OC[C@H]1O[C@@H]2O[C@H]3[C@H](O)[C@@H](O)[C@@H](O[C@H]4[C@H](O)[C@@H](O)[C@@H](O[C@H]5[C@H](O)[C@@H](O)[C@@H](O[C@H]6[C@H](O)[C@@H](O)[C@@H](O[C@H]7[C@H](O)[C@@H](O)[C@@H](O[C@H]1[C@H](O)[C@H]2O)O[C@@H]7CO)O[C@@H]6CO)O[C@@H]5CO)O[C@@H]4CO)O[C@@H]3CO,9CB41F926A4386D7C0E23599753E6EDC60802BE1DCF577DB9B32CBB20691DB1D,HOST_CAN_0175,PASS,[Na+].[O-][Cl+3]([O-])([O-])[O-],79F198E0F60D33505BEB2FD5A228F5DD74E58A284D9D51E59696EF81616913EE,GUEST_CAN_1100,PASS,GINE,2,guest_cold,2,2.18074893951416
190,15,166,C1=C2C=C3C=C1OC4=CC(=CC(=C4)C(=O)O)OC5=CC6=CC(=C5)C7OC8=CC9=C1C=C8C(C4=C(O7)C=C5C(=C4)C(C4=CC7=C(C=C4OC2O5)OC2C4=CC(=CC(=C4)OC4=CC(=CC(=C4)C(=O)O)OC4=CC(=CC(=C4)OC4=CC(=CC(=C4)O6)C(=O)O)C(O9)OC4=C(C1CCC(=O)O)C=C(C7CCC(=O)O)C(=C4)O2)OC1=CC(=CC(=C1)O3)C(=O)O)CCC(=O)O)CCC(=O)O,CC1CCC(CC1)C(=O)O,cavitand,5.602099895477295,O=C(O)CCC1c2cc3c4cc2OC2Oc5cc6c(cc51)C(CCC(=O)O)c1cc5c7cc1OC(O6)c1cc6cc(c1)Oc1cc(cc(C(=O)O)c1)Oc1cc8cc(c1)C(Oc1cc(c(cc1C5CCC(=O)O)C3CCC(=O)O)OC(O4)c1cc(cc(c1)Oc1cc(cc(C(=O)O)c1)O8)Oc1cc(cc(C(=O)O)c1)Oc1cc(cc2c1)Oc1cc(cc(C(=O)O)c1)O6)O7,AE6E8A9B8E3ECDE32B65BE9B8736ECC23E2311A112E2CA1B78F35ECF9046A382,HOST_CAN_0117,PASS,CC1CCC(C(=O)O)CC1,3FDB2838F187634251A1B431DE076D2F7BA27A48B712FA498CA3AA06B531DC9D,GUEST_CAN_0238,PASS,GINE,2,guest_cold,2,2.884016990661621
191,9,167,[O-]C(=O)COc1ccc2c3c1CNC(=O)c1c(OCC(=O)[O-])ccc4c1ccc1c4C4CC(O1)Oc1c4c4ccc(c(C(=O)NCc5c6c(c7C8c2c(cc3)OC(C8)Oc7cc6)ccc5OCC(=O)[O-])c4cc1)OCC(=O)[O-].[NH4+].[NH4+].[NH4+].[NH4+],C1COCCO1,other,3.5434999465942383,O=C([O-])COc1ccc2c3c4ccc2c1CNC(=O)c1c(OCC(=O)[O-])ccc2c5c(ccc12)OC1CC5c2c(ccc5c(c(OCC(=O)[O-])ccc25)C(=O)NCc2c(OCC(=O)[O-])ccc5c6c(ccc25)OC(CC36)O4)O1.[NH4+].[NH4+].[NH4+].[NH4+],7D3830C6A6E10F82EEBCC3ED68B861BB21ED63B1DDB277580F3032527E5A1183,HOST_CAN_0139,PASS,C1COCCO1,53B5B2411B4BFE41E435D13DF6E66C572946E99310064792E760333B1B14CB05,GUEST_CAN_0037,PASS,GINE,2,guest_cold,2,2.4835615158081055
198,4,172,[Na]OS(=O)(=O)CCCCOC=1C=C(C=CC1)[C@@H]1N=C(OC1)CC1=C(C(=C(C(=C1C)CC=1OC[C@@H](N1)C1=CC(=CC=C1)OCCCCS(=O)(=O)O[Na])C)CC=1OC[C@@H](N1)C1=CC(=CC=C1)OCCCCS(=O)(=O)O[Na])C,C(CC(=O)O)CN,other,1.0,Cc1c(CC2=N[C@@H](c3cccc(OCCCCS(=O)(=O)[O][Na])c3)CO2)c(C)c(CC2=N[C@@H](c3cccc(OCCCCS(=O)(=O)[O][Na])c3)CO2)c(C)c1CC1=N[C@@H](c2cccc(OCCCCS(=O)(=O)[O][Na])c2)CO1,9E3429786C624B72E8FD089068975D2A1C33E04632FEA26EF01294722587A124,HOST_CAN_0098,PASS,NCCCC(=O)O,27B4AB76DF9E47A44493DE80500C8BD7328EB6FF0484FAA1847C0A6236987891,GUEST_CAN_0779,PASS,GINE,2,guest_cold,2,1.6654889583587646
205,74,50,[Li+].[Li+].COP(OC)(=O)CC1=CC(=CC(=C1)NC(CCCN(C)CC1=C(C=CC=C1)B(O)O)=O)CP([O-])([O-])=O,C1=CC=C(C(=C1)O)O,other,2.3696000576019287,COP(=O)(Cc1cc(CP(=O)([O-])[O-])cc(NC(=O)CCCN(C)Cc2ccccc2B(O)O)c1)OC.[Li+].[Li+],7E42F839F9338A49BA3ED36631C1EA08827315A2F7E1A716582040F5B64BDC5A,HOST_CAN_0065,PASS,Oc1ccccc1O,D6044096AF0493CF06B8B5FDAA8C090BB98BA46AF75026C46D7FE4ACEF4715BB,GUEST_CAN_1007,PASS,GINE,2,guest_cold,2,1.6229228973388672
208,20,181,O=C(COC1=CC(CC2=C(OCC(O)=O)C=C(C(OCC(O)=O)=C2)CC3=CC(COC(O)=O)=C(C4)C=C3OCC(O)=O)=C(OCC(O)=O)C=C1CC5=C[C@@H](OCC(O)=O)[C@H](C=C5OCC(O)=O)CC6=CC(COC(O)=O)=C(C=C6OCC(O)=O)CC7=C(OCC(O)=O)C=C4C(OCC(O)=O)=C7)O,C(CCC[NH3+])CC[NH3+].[Cl-].[Cl-],pillararene,7.4232001304626465,O=C(O)COC1=C[C@@H]2Cc3cc(COC(=O)O)c(cc3OCC(=O)O)Cc3cc(OCC(=O)O)c(cc3OCC(=O)O)Cc3cc(OCC(=O)O)c(cc3COC(=O)O)Cc3cc(OCC(=O)O)c(cc3OCC(=O)O)Cc3cc(OCC(=O)O)c(cc3OCC(=O)O)CC1=C[C@H]2OCC(=O)O,EB7BB63E53C952B34EDD9A1AA221307EA37FEE1D4C687CFC64D6BC38CEFE6263,HOST_CAN_0126,PASS,[Cl-].[Cl-].[NH3+]CCCCCC[NH3+],C5972710ADEA5F593934762CCF65EB152DFF548B5145AFDEFD51BD47BE3931B7,GUEST_CAN_1029,PASS,GINE,2,guest_cold,2,6.0031232833862305
210,75,183,CN1[C@H]2[C@@H](N(C1=O)C)N3CN4[C@@H]5[C@@H](N(C(=O)N5C)C)N(C4=O)CN6[C@@H]7[C@@H](N(C(=O)N7C)C)N(C6=O)CN8[C@@H]9[C@@H](N(C(=O)N9C)C)N(C8=O)CN1[C@@H]4[C@@H](N(C(=O)N4C)C)N(C1=O)CN1[C@@H]4[C@@H](N(C(=O)N4C)C)N(C1=O)CN2C3=O,[B-](F)(F)(F)F,other,4.320099830627441,CN1C(=O)N(C)[C@@H]2[C@H]1N1CN3C(=O)N(CN4C(=O)N(CN5C(=O)N(CN6C(=O)N(CN7C(=O)N(CN2C1=O)[C@@H]1[C@H]7N(C)C(=O)N1C)[C@@H]1[C@H]6N(C)C(=O)N1C)[C@@H]1[C@H]5N(C)C(=O)N1C)[C@@H]1[C@H]4N(C)C(=O)N1C)[C@@H]1[C@H]3N(C)C(=O)N1C,D6C3F21332661BB9069594818AE00619D2227BBAE869749EDEEAB00A6EE038AA,HOST_CAN_0053,PASS,F[B-](F)(F)F,436A6B8CF102290FA624E32B2AE01FCD96D5223071B27811CF6FDE8C8695D533,GUEST_CAN_0704,PASS,GINE,2,guest_cold,2,0.6462786197662354
216,72,181,O=C1N2CN3C(=O)N4C5C3N3CN6C2C2N1CN1C(=O)N7C8C1N(CN2C6=O)C(=O)N8CN1C2N(C7)C(=O)N6C2N(C1=O)CN1C2N(C6)C(=O)N6CN7C(=O)N(C4CCc4ccccc4)C4N(CN5C3=O)C(=O)N(C74)CN(C26)C1=O,C(CCC[NH3+])CC[NH3+].[Cl-].[Cl-],cucurbituril,8.531499862670898,O=C1N2CN3C(=O)N4CN5C(=O)N6CN7C(=O)N8CN9C(=O)N%10CN%11C(=O)N%12CN1C1C2N2CN%13C(=O)N(CN%14C(=O)N(CN%15C(=O)N(C8C7%15)C(CCc7ccccc7)N7C(=O)N(CN8C(=O)N(CN1C2=O)C%12C%118)C%10C97)C6C5%14)C4C3%13,36560286898506CAA57C8D987F07AFAC12E98F8C83DA8997C6DC1417F3238164,HOST_CAN_0148,PASS,[Cl-].[Cl-].[NH3+]CCCCCC[NH3+],C5972710ADEA5F593934762CCF65EB152DFF548B5145AFDEFD51BD47BE3931B7,GUEST_CAN_1029,PASS,GINE,2,guest_cold,2,5.654603004455566
219,3,190,OC[C@H]1O[C@@H]2O[C@@H]3[C@@H](CO)O[C@H](O[C@@H]4[C@@H](CO)O[C@H](O[C@@H]5[C@@H](CO)O[C@H](O[C@@H]6[C@@H](CO)O[C@H](O[C@@H]7[C@@H](CO)O[C@H](O[C@@H]8[C@@H](CO)O[C@H](O[C@H]1[C@H](O)[C@H]2O)[C@H](O)[C@H]8O)[C@H](O)[C@H]7O)[C@H](O)[C@H]6O)[C@H](O)[C@H]5O)[C@H](O)[C@H]4O)[C@H](O)[C@H]3O,O=CC1=CC2=C(C=C1)SC3=CC=CC=C3O2,cyclodextrin,3.709700107574463,OC[C@H]1O[C@@H]2O[C@H]3[C@H](O)[C@@H](O)[C@@H](O[C@H]4[C@H](O)[C@@H](O)[C@@H](O[C@H]5[C@H](O)[C@@H](O)[C@@H](O[C@H]6[C@H](O)[C@@H](O)[C@@H](O[C@H]7[C@H](O)[C@@H](O)[C@@H](O[C@H]8[C@H](O)[C@@H](O)[C@@H](O[C@H]1[C@H](O)[C@H]2O)O[C@@H]8CO)O[C@@H]7CO)O[C@@H]6CO)O[C@@H]5CO)O[C@@H]4CO)O[C@@H]3CO,22584443D9512992310760C9871E3E6BDB3EDC92006F3EF1EC94F44373907EB1,HOST_CAN_0176,PASS,O=Cc1ccc2c(c1)Oc1ccccc1S2,0371CA049A24F756EA56B5A2DCD4377B6CA983C0CF51F1A38D09CDF0B5ECD17E,GUEST_CAN_0929,PASS,GINE,2,guest_cold,2,2.9406986236572266
220,11,191,C1N2C3C4N(C2=O)CN5C6C7N(C5=O)CN8C9C2N(C8=O)CN5C8C%10N(C5=O)CN5C%11C%12N(C5=O)CN5C%13C%14N(C5=O)CN5C%15C%16N(C5=O)CN5C%17C(N1C5=O)N1CN3C(=O)N4CN6C(=O)N7CN9C(=O)N2CN8C(=O)N%10CN%11C(=O)N%12CN%13C(=O)N%14CN%15C(=O)N%16CN%17C1=O,O.O.O.O.O.O.[Cl-].[Cl-].[Sr+2],cucurbituril,3.630000114440918,O=C1N2CN3C(=O)N4CN5C(=O)N6CN7C(=O)N8CN9C(=O)N%10CN%11C(=O)N%12CN%13C(=O)N%14CN%15C(=O)N%16CN1C1C2N2CN%17C(=O)N(CN%18C(=O)N(CN%19C(=O)N(CN%20C(=O)N(CN%21C(=O)N(CN%22C(=O)N(CN%23C(=O)N(CN1C2=O)C%16C%15%23)C%14C%13%22)C%12C%11%21)C%10C9%20)C8C7%19)C6C5%18)C4C3%17,E82CB7F52437B0147F435E3074F006752062FF8924E87C1DAF3210D182FF633B,HOST_CAN_0143,PASS,O.O.O.O.O.O.[Cl-].[Cl-].[Sr+2],3C32050D7E5AD41C7BC6DC47F8AF4E8E287A431913D4C7D7380ACBE3018A2B81,GUEST_CAN_0845,PASS,GINE,2,guest_cold,2,3.601410388946533
226,63,81,Oc1c2Cc3cc(cc(c3O)Cc3cc(cc(c3O)Cc3cc(cc(c3O)Cc3cc(cc(Cc4c(c(Cc5c(c(Cc6c(c(Cc1cc(c2)S(=O)(=O)[O-])cc(c6)S(=O)(=O)[O-])O)cc(c5)S(=O)(=O)[O-])O)cc(c4)S(=O)(=O)[O-])O)c3O)S(=O)(=O)[O-])S(=O)(=O)[O-])S(=O)(=O)[O-])S(=O)(=O)[O-],Cc1cc2nc3-c([nH]c2cc1N)cc(=[N+](C)C)cc3,calixarene,6.357999801635742,O=S(=O)([O-])c1cc2c(O)c(c1)Cc1cc(S(=O)(=O)[O-])cc(c1O)Cc1cc(S(=O)(=O)[O-])cc(c1O)Cc1cc(S(=O)(=O)[O-])cc(c1O)Cc1cc(S(=O)(=O)[O-])cc(c1O)Cc1cc(S(=O)(=O)[O-])cc(c1O)Cc1cc(S(=O)(=O)[O-])cc(c1O)Cc1cc(S(=O)(=O)[O-])cc(c1O)C2,3C24C9B25872FE0768A640DF44D242D9AEC5F3FA9C167A457997BAE8D628FFF1,HOST_CAN_0166,PASS,Cc1cc2nc3ccc(=[N+](C)C)cc-3[nH]c2cc1N,C5DF1E7584A7298C9907FD74E586B8A2459B4C1C8328AB00C60A72DAE728E305,GUEST_CAN_0651,PASS,GINE,2,guest_cold,2,4.232229709625244
231,32,200,OC(=O)c1ccc(cc1)N=Nc1cc2Cc3cc(N=Nc4ccc(cc4)C(=O)O)cc(c3O)Cc3cc(cc(Cc4c(c(Cc(c1)c2O)cc(N=Nc1ccc(cc1)C(=O)O)c4)O)c3O)/N=N/c1ccc(cc1)C(=O)O,CC1C(C(CC(O1)OC2CC(CC3=C2C(=C4C(=C3O)C(=O)C5=CC=CC=C5C4=O)O)(C(=O)C)O)N)O,calixarene,6.748199939727783,O=C(O)c1ccc(N=Nc2cc3c(O)c(c2)Cc2cc(N=Nc4ccc(C(=O)O)cc4)cc(c2O)Cc2cc(/N=N/c4ccc(C(=O)O)cc4)cc(c2O)Cc2cc(N=Nc4ccc(C(=O)O)cc4)cc(c2O)C3)cc1,5B585DBFF951CBB98E465DBECF308ACBE2EAF8773CE9C58156BE700CBB287248,HOST_CAN_0134,PASS,CC(=O)C1(O)Cc2c(O)c3c(c(O)c2C(OC2CC(N)C(O)C(C)O2)C1)C(=O)c1ccccc1C3=O,288DCA2C0779B0DCA4D3DDD0FA49905F70AEC43D045EE6CAA7CCA330FF8D1524,GUEST_CAN_0063,PASS,GINE,2,guest_cold,2,5.037491798400879
247,24,209,OC1=C2C=C(S(=O)([O-])=O)C=C1CC3=C(O)C(CC4=CC(S(=O)([O-])=O)=CC(CC5=CC(S(=O)([O-])=O)=CC(CC6=CC(S(=O)([O-])=O)=CC(CC(C=C(S(=O)([O-])=O)C=C7C2)=C7O)=C6O)=C5O)=C4O)=CC(S(=O)([O-])=O)=C3.[Na+].[Na+].[Na+].[Na+].[Na+].[Na+],CC(C[C@@H](C(=O)NCC(=O)O)N)C,calixarene,3.2100000381469727,O=S(=O)([O-])c1cc2c(O)c(c1)Cc1cc(S(=O)(=O)[O-])cc(c1O)Cc1cc(S(=O)(=O)[O-])cc(c1O)Cc1cc(S(=O)(=O)[O-])cc(c1O)Cc1cc(S(=O)(=O)[O-])cc(c1O)Cc1cc(S(=O)(=O)[O-])cc(c1O)C2.[Na+].[Na+].[Na+].[Na+].[Na+].[Na+],2C1F820212E47C3BD5C15E73832EDE6A35C8C7920DDCE445D20F661D969CA26F,HOST_CAN_0165,PASS,CC(C)C[C@H](N)C(=O)NCC(=O)O,4AACD6ADFD9EB7A0F9E18F2EB11FB06642A4BDAADA272AF3C28B555F438D9EC6,GUEST_CAN_0148,PASS,GINE,2,guest_cold,2,3.5020484924316406
254,82,215,OC1=C2C=C(S(=O)([O-])=O)C=C1CC3=C(O)C(CC4=CC(S(=O)([O-])=O)=CC(CC5=CC(S(=O)([O-])=O)=CC(CC6=CC(S(=O)([O-])=O)=CC(CC(C=C(S(=O)([O-])=O)C=C7C2)=C7O)=C6O)=C5OCCN)=C4O)=CC(S(=O)([O-])=O)=C3,CC(C(=O)O)N,calixarene,1.9637999534606934,NCCOc1c2cc(S(=O)(=O)[O-])cc1Cc1cc(S(=O)(=O)[O-])cc(c1O)Cc1cc(S(=O)(=O)[O-])cc(c1O)Cc1cc(S(=O)(=O)[O-])cc(c1O)Cc1cc(S(=O)(=O)[O-])cc(c1O)Cc1cc(S(=O)(=O)[O-])cc(c1O)C2,943BCEA8586BE526CE8501B61202A05D77257BC2BB9DA3A3C52BD077795B3D50,HOST_CAN_0111,PASS,CC(N)C(=O)O,6AC3AD1747D8E4C9B36EA5FBFB37965B87CCE816D9D72141F9005590B6D6FC3C,GUEST_CAN_0180,PASS,GINE,2,guest_cold,2,2.2866127490997314
256,11,217,C1N2C3C4N(C2=O)CN5C6C7N(C5=O)CN8C9C2N(C8=O)CN5C8C%10N(C5=O)CN5C%11C%12N(C5=O)CN5C%13C%14N(C5=O)CN5C%15C%16N(C5=O)CN5C%17C(N1C5=O)N1CN3C(=O)N4CN6C(=O)N7CN9C(=O)N2CN8C(=O)N%10CN%11C(=O)N%12CN%13C(=O)N%14CN%15C(=O)N%16CN%17C1=O,N#CC1=CC=C([N+]2=CC=C(C3=CC=[N+](C4=CC=C(C#N)C=C4)C=C3)C=C2)C=C1,cucurbituril,6.397900104522705,O=C1N2CN3C(=O)N4CN5C(=O)N6CN7C(=O)N8CN9C(=O)N%10CN%11C(=O)N%12CN%13C(=O)N%14CN%15C(=O)N%16CN1C1C2N2CN%17C(=O)N(CN%18C(=O)N(CN%19C(=O)N(CN%20C(=O)N(CN%21C(=O)N(CN%22C(=O)N(CN%23C(=O)N(CN1C2=O)C%16C%15%23)C%14C%13%22)C%12C%11%21)C%10C9%20)C8C7%19)C6C5%18)C4C3%17,E82CB7F52437B0147F435E3074F006752062FF8924E87C1DAF3210D182FF633B,HOST_CAN_0143,PASS,N#Cc1ccc(-[n+]2ccc(-c3cc[n+](-c4ccc(C#N)cc4)cc3)cc2)cc1,D1DF3B625EC3ADFA63F7493281CF79C5CE5CFAA61847BD9D7BCDAB15F40FA2AD,GUEST_CAN_0715,PASS,GINE,2,guest_cold,2,7.354615211486816
260,48,81,[Na]OS(=O)(=O)CCCOc1c2CN3C(=O)N4[C@]5([C@@]3(N(Cc2c(c2c1cccc2)OCCCS(=O)(=O)O[Na])C(=O)N5CN1[C@@]2(N(C4)C(=O)N3[C@]2(C)N(C1=O)Cc1c(C3)c(OCCCS(=O)(=O)O[Na])c2c(c1OCCCS(=O)(=O)O[Na])cccc2)C)C)C,Cc1cc2nc3-c([nH]c2cc1N)cc(=[N+](C)C)cc3,other,5.418300151824951,C[C@]12N3Cc4c(c(OCCCS(=O)(=O)[O][Na])c5ccccc5c4OCCCS(=O)(=O)[O][Na])CN1C(=O)N1CN4C(=O)N5Cc6c(c(OCCCS(=O)(=O)[O][Na])c7ccccc7c6OCCCS(=O)(=O)[O][Na])CN6C(=O)N(CN(C3=O)[C@]12C)[C@]4(C)[C@@]56C,D18B807A904C56B05E199911FB10FFB774349CC49BBD32D2EFAFF4C892BA649F,HOST_CAN_0090,PASS,Cc1cc2nc3ccc(=[N+](C)C)cc-3[nH]c2cc1N,C5DF1E7584A7298C9907FD74E586B8A2459B4C1C8328AB00C60A72DAE728E305,GUEST_CAN_0651,PASS,GINE,2,guest_cold,2,4.272139549255371
262,3,54,OC[C@H]1O[C@@H]2O[C@@H]3[C@@H](CO)O[C@H](O[C@@H]4[C@@H](CO)O[C@H](O[C@@H]5[C@@H](CO)O[C@H](O[C@@H]6[C@@H](CO)O[C@H](O[C@@H]7[C@@H](CO)O[C@H](O[C@@H]8[C@@H](CO)O[C@H](O[C@H]1[C@H](O)[C@H]2O)[C@H](O)[C@H]8O)[C@H](O)[C@H]7O)[C@H](O)[C@H]6O)[C@H](O)[C@H]5O)[C@H](O)[C@H]4O)[C@H](O)[C@H]3O,C1C2CC3CC1CC(C2)(C3)C(=O)O,cyclodextrin,4.440899848937988,OC[C@H]1O[C@@H]2O[C@H]3[C@H](O)[C@@H](O)[C@@H](O[C@H]4[C@H](O)[C@@H](O)[C@@H](O[C@H]5[C@H](O)[C@@H](O)[C@@H](O[C@H]6[C@H](O)[C@@H](O)[C@@H](O[C@H]7[C@H](O)[C@@H](O)[C@@H](O[C@H]8[C@H](O)[C@@H](O)[C@@H](O[C@H]1[C@H](O)[C@H]2O)O[C@@H]8CO)O[C@@H]7CO)O[C@@H]6CO)O[C@@H]5CO)O[C@@H]4CO)O[C@@H]3CO,22584443D9512992310760C9871E3E6BDB3EDC92006F3EF1EC94F44373907EB1,HOST_CAN_0176,PASS,O=C(O)C12CC3CC(CC(C3)C1)C2,BDD5C5A261E793089EEA24870ABE3EB6AAE16382F79784242493A375DCA0EDE8,GUEST_CAN_0863,PASS,GINE,2,guest_cold,2,3.4363279342651367
265,83,221,O=C1N2CN(C(N3CN4C5[C@H]6N7C4=O)=O)C(C3N8C[N@]5C([N@@]6C[N@@]9C([N@@]([C@H]([N@](C[N@@]%10[C@H]%11C%12%13)C%14=O)[C@@H]9[N@]%14C7)C[N@@]%11C([N@]%13C%15N%16C(N%17CN%18C%19=O)=O)=O)=O)=O)N(C8=O)CN%19C2C%18N1CN%20C%17C%16N([C@H](C%21=C%15C=C(C=CC=C%22)C%22=C%21)N%12C%10=O)C%20=O,C1=C(NC=N1)CCN,cucurbituril,4.468999862670898,O=C1N2CN3C(=O)N4CN5C(=O)N6CN7C(=O)N8CN9C(=O)N%10C%11c%12cc%13ccccc%13cc%12[C@H]%12N%13C(=O)N%14CN%15C(=O)N(CN%16C(=O)N(CN%17C(=O)N(CN%18C(=O)N(CN%19C(=O)N%12C%10[C@@H]9%19)[C@@H]8[C@@H]7%18)[C@@H]6C5%17)C4C3%16)C2C%15N1CN1C(=O)N%11C%13C1%14,22BBC4A6182BB69D6F23E2210FF6FE0897FAD28735E766CF137DD2649852025C,HOST_CAN_0141,PASS,NCCc1cnc[nH]1,15D090429620CA099A147C5AB92E85222F180B20A16D7D5EE0B5A640A2C40D3F,GUEST_CAN_0811,PASS,GINE,2,guest_cold,2,4.228819847106934
270,11,225,C1N2C3C4N(C2=O)CN5C6C7N(C5=O)CN8C9C2N(C8=O)CN5C8C%10N(C5=O)CN5C%11C%12N(C5=O)CN5C%13C%14N(C5=O)CN5C%15C%16N(C5=O)CN5C%17C(N1C5=O)N1CN3C(=O)N4CN6C(=O)N7CN9C(=O)N2CN8C(=O)N%10CN%11C(=O)N%12CN%13C(=O)N%14CN%15C(=O)N%16CN%17C1=O,NCCCC[C@@H](C(=O)N[C@H](C(=O)NCC(=O)N[C@H](C(=O)O)Cc1ccc(cc1)O)C(C)C)NC(=O)[C@H](CCSC)N,cucurbituril,5.214799880981445,O=C1N2CN3C(=O)N4CN5C(=O)N6CN7C(=O)N8CN9C(=O)N%10CN%11C(=O)N%12CN%13C(=O)N%14CN%15C(=O)N%16CN1C1C2N2CN%17C(=O)N(CN%18C(=O)N(CN%19C(=O)N(CN%20C(=O)N(CN%21C(=O)N(CN%22C(=O)N(CN%23C(=O)N(CN1C2=O)C%16C%15%23)C%14C%13%22)C%12C%11%21)C%10C9%20)C8C7%19)C6C5%18)C4C3%17,E82CB7F52437B0147F435E3074F006752062FF8924E87C1DAF3210D182FF633B,HOST_CAN_0143,PASS,CSCC[C@H](N)C(=O)N[C@@H](CCCCN)C(=O)N[C@H](C(=O)NCC(=O)N[C@@H](Cc1ccc(O)cc1)C(=O)O)C(C)C,8167E5B9D467D3517CB5E026ABC440323FD783B543B9969360208D926D546B5A,GUEST_CAN_0524,PASS,GINE,2,guest_cold,2,5.658401966094971
281,23,233,OC[C@H]1O[C@@H]2O[C@@H]3[C@@H](CO)O[C@H](O[C@@H]4[C@@H](CO)O[C@H](O[C@@H]5[C@@H](CO)O[C@H](O[C@@H]6[C@@H](CO)O[C@H](O[C@@H]7[C@@H](CO)O[C@H](O[C@H]1[C@H](O)[C@H]2O)[C@H](O)[C@H]7O)[C@H](O)[C@H]6O)[C@H](O)[C@H]5O)[C@H](O)[C@H]4O)[C@H](O)[C@H]3O,[O-]C(=O)CCC,cyclodextrin,1.0968999862670898,OC[C@H]1O[C@@H]2O[C@H]3[C@H](O)[C@@H](O)[C@@H](O[C@H]4[C@H](O)[C@@H](O)[C@@H](O[C@H]5[C@H](O)[C@@H](O)[C@@H](O[C@H]6[C@H](O)[C@@H](O)[C@@H](O[C@H]7[C@H](O)[C@@H](O)[C@@H](O[C@H]1[C@H](O)[C@H]2O)O[C@@H]7CO)O[C@@H]6CO)O[C@@H]5CO)O[C@@H]4CO)O[C@@H]3CO,9CB41F926A4386D7C0E23599753E6EDC60802BE1DCF577DB9B32CBB20691DB1D,HOST_CAN_0175,PASS,CCCC(=O)[O-],7B7CFB2FBAE2DF5E6E2393E45808772AC856698A76C81C982CC3567CE8672335,GUEST_CAN_0266,PASS,GINE,2,guest_cold,2,1.971089482307434
282,87,234,CCCCOc1c(OCCCC)c2COCc3c(OCCCC)c(OCCCC)c(c4c3cccc4)COCc3c(c(c(COCc4c(c(c(COCc1c1c2cccc1)c1ccccc41)OCCCC)OCCCC)c1c3cccc1)OCCCC)OCCCC,CSc1ccc(cc1)C[N+](Cc1ccc(cc1)SC)(C)C,other,5.361700057983398,CCCCOc1c(OCCCC)c2c3ccccc3c1COCc1c(OCCCC)c(OCCCC)c(c3ccccc13)COCc1c(OCCCC)c(OCCCC)c(c3ccccc13)COCc1c(OCCCC)c(OCCCC)c(c3ccccc13)COC2,A699E12937358A216FBA45A53678131D8F7DBBB042BA5E7F52621C78F0465945,HOST_CAN_0031,PASS,CSc1ccc(C[N+](C)(C)Cc2ccc(SC)cc2)cc1,452D4C5D70F7FD3C24610097C33C01CFFCA59A04FC7CD065AD27A7327514ABD6,GUEST_CAN_0536,PASS,GINE,2,guest_cold,2,4.304069995880127
285,8,215,C1N2C3C4N(C2=O)CN5C6C7N(C5=O)CN8C9C2N(C8=O)CN5C8C%10N(C5=O)CN5C%11C%12N(C5=O)CN5C%13C(N1C5=O)N1CN3C(=O)N4CN6C(=O)N7CN9C(=O)N2CN8C(=O)N%10CN%11C(=O)N%12CN%13C1=O,CC(C(=O)O)N,cucurbituril,3.01990008354187,O=C1N2CN3C(=O)N4CN5C(=O)N6CN7C(=O)N8CN9C(=O)N%10CN%11C(=O)N%12CN1C1C2N2CN%13C(=O)N(CN%14C(=O)N(CN%15C(=O)N(CN%16C(=O)N(CN%17C(=O)N(CN1C2=O)C%12C%11%17)C%10C9%16)C8C7%15)C6C5%14)C4C3%13,2526C525F966BEE6CB589BBB60C9F4124C02584847747BDAFF4E92B4462536E8,HOST_CAN_0149,PASS,CC(N)C(=O)O,6AC3AD1747D8E4C9B36EA5FBFB37965B87CCE816D9D72141F9005590B6D6FC3C,GUEST_CAN_0180,PASS,GINE,2,guest_cold,2,2.850935935974121
287,48,238,[Na]OS(=O)(=O)CCCOc1c2CN3C(=O)N4[C@]5([C@@]3(N(Cc2c(c2c1cccc2)OCCCS(=O)(=O)O[Na])C(=O)N5CN1[C@@]2(N(C4)C(=O)N3[C@]2(C)N(C1=O)Cc1c(C3)c(OCCCS(=O)(=O)O[Na])c2c(c1OCCCS(=O)(=O)O[Na])cccc2)C)C)C,[NH3+][C@@H]1CC[C@H](CC1)[NH3+].[Cl-].[Cl-],other,1.7559000253677368,C[C@]12N3Cc4c(c(OCCCS(=O)(=O)[O][Na])c5ccccc5c4OCCCS(=O)(=O)[O][Na])CN1C(=O)N1CN4C(=O)N5Cc6c(c(OCCCS(=O)(=O)[O][Na])c7ccccc7c6OCCCS(=O)(=O)[O][Na])CN6C(=O)N(CN(C3=O)[C@]12C)[C@]4(C)[C@@]56C,D18B807A904C56B05E199911FB10FFB774349CC49BBD32D2EFAFF4C892BA649F,HOST_CAN_0090,PASS,[Cl-].[Cl-].[NH3+][C@H]1CC[C@H]([NH3+])CC1,E9F9FA4299BFC1D79397C498274130D26D2EE95ED4CFAA951C8CFA2222B9A1F7,GUEST_CAN_1033,PASS,GINE,2,guest_cold,2,3.034409284591675
293,15,54,C1=C2C=C3C=C1OC4=CC(=CC(=C4)C(=O)O)OC5=CC6=CC(=C5)C7OC8=CC9=C1C=C8C(C4=C(O7)C=C5C(=C4)C(C4=CC7=C(C=C4OC2O5)OC2C4=CC(=CC(=C4)OC4=CC(=CC(=C4)C(=O)O)OC4=CC(=CC(=C4)OC4=CC(=CC(=C4)O6)C(=O)O)C(O9)OC4=C(C1CCC(=O)O)C=C(C7CCC(=O)O)C(=C4)O2)OC1=CC(=CC(=C1)O3)C(=O)O)CCC(=O)O)CCC(=O)O,C1C2CC3CC1CC(C2)(C3)C(=O)O,cavitand,6.90310001373291,O=C(O)CCC1c2cc3c4cc2OC2Oc5cc6c(cc51)C(CCC(=O)O)c1cc5c7cc1OC(O6)c1cc6cc(c1)Oc1cc(cc(C(=O)O)c1)Oc1cc8cc(c1)C(Oc1cc(c(cc1C5CCC(=O)O)C3CCC(=O)O)OC(O4)c1cc(cc(c1)Oc1cc(cc(C(=O)O)c1)O8)Oc1cc(cc(C(=O)O)c1)Oc1cc(cc2c1)Oc1cc(cc(C(=O)O)c1)O6)O7,AE6E8A9B8E3ECDE32B65BE9B8736ECC23E2311A112E2CA1B78F35ECF9046A382,HOST_CAN_0117,PASS,O=C(O)C12CC3CC(CC(C3)C1)C2,BDD5C5A261E793089EEA24870ABE3EB6AAE16382F79784242493A375DCA0EDE8,GUEST_CAN_0863,PASS,GINE,2,guest_cold,2,4.297996997833252
294,33,53,[H]C1(C(C(O[C@](OC2=C1C=C3[C@]4([H])CCC[N+](C)(C)C)([H])C5=CC(O6)=CC(OC7=CC8=CC(C[N+](C)(C)C)=C7)=C5)=C9)=CC%10=C9O[C@](C%11=CC(O8)=CC(OC%12=CC%13=CC(C[N+](C)(C)C)=C%12)=C%11)([H])OC%14=C(C%10([H])CCC[N+](C)(C)C)C=C%15C(O[C@](C%16=CC%17=CC(O%13)=C%16)([H])OC%18=CC(O[C@](C%19=CC(OC%20=CC(O%17)=CC(C[N+](C)(C)C)=C%20)=CC(OC%21=CC6=CC(C[N+](C)(C)C)=C%21)=C%19)([H])OC3=C2)=C4C=C%18[C@]%15([H])CCC[N+](C)(C)C)=C%14)CCC[N+](C)(C)C.[Cl-].[Cl-].[Cl-].[Cl-].[Cl-].[Cl-].[Cl-].[Cl-],[Na+].[Cl-],other,2.079200029373169,C[N+](C)(C)CCCC1c2cc3c4cc2O[C@H]2Oc5cc6c(cc51)[C@H](CCC[N+](C)(C)C)c1cc5c7cc1O[C@H](O6)c1cc6cc(c1)Oc1cc(C[N+](C)(C)C)cc(c1)Oc1cc8cc(c1)[C@H](Oc1cc(c(cc1[C@H]5CCC[N+](C)(C)C)C3CCC[N+](C)(C)C)O[C@@H](O4)c1cc(cc(c1)Oc1cc(C[N+](C)(C)C)cc(c1)O8)Oc1cc(C[N+](C)(C)C)cc(c1)Oc1cc(cc2c1)Oc1cc(C[N+](C)(C)C)cc(c1)O6)O7.[Cl-].[Cl-].[Cl-].[Cl-].[Cl-].[Cl-].[Cl-].[Cl-],F783BB4F0E2D9595DCCBD26C1895FCF835428AF86721AF4DD7F78FB07FBB8527,HOST_CAN_0096,PASS,[Cl-].[Na+],75BE434EC1982F4169BCC68DFF522D1CE80C4ED9F32BD5BD82D1768FC8A5ED44,GUEST_CAN_1040,PASS,GINE,2,guest_cold,2,2.8521060943603516
296,8,243,C1N2C3C4N(C2=O)CN5C6C7N(C5=O)CN8C9C2N(C8=O)CN5C8C%10N(C5=O)CN5C%11C%12N(C5=O)CN5C%13C(N1C5=O)N1CN3C(=O)N4CN6C(=O)N7CN9C(=O)N2CN8C(=O)N%10CN%11C(=O)N%12CN%13C1=O,Cl[Yb](Cl)Cl,cucurbituril,3.5,O=C1N2CN3C(=O)N4CN5C(=O)N6CN7C(=O)N8CN9C(=O)N%10CN%11C(=O)N%12CN1C1C2N2CN%13C(=O)N(CN%14C(=O)N(CN%15C(=O)N(CN%16C(=O)N(CN%17C(=O)N(CN1C2=O)C%12C%11%17)C%10C9%16)C8C7%15)C6C5%14)C4C3%13,2526C525F966BEE6CB589BBB60C9F4124C02584847747BDAFF4E92B4462536E8,HOST_CAN_0149,PASS,[Cl][Yb]([Cl])[Cl],59CFD47D9F207EC2824B835E6D02D9135A48C726F605678F4A01D79FC70A9A4A,GUEST_CAN_1048,PASS,GINE,2,guest_cold,2,2.145507335662842
303,35,247,[O-]P(=O)(Oc1c2c(c(c3c1C1CC3c3c1cc1c(c3)C3CC1c1c3cccc1)OP(=O)(C)[O-])C1CC2c2c1cc1c(c2)C2CC1c1c2cccc1)C.[Li+].[Li+],CCCN.Cl,other,2.949399948120117,CP(=O)([O-])Oc1c2c(c(OP(C)(=O)[O-])c3c1C1CC3c3cc4c(cc31)C1CC4c3ccccc31)C1CC2c2cc3c(cc21)C1CC3c2ccccc21.[Li+].[Li+],0523E219D88C79C8FF3952D24ADDE3A68E28198CE5EE5C77D8FECF429412627C,HOST_CAN_0082,PASS,CCCN.Cl,0DCC17E8B00F17B7291FB9769588B735E70476832867685D99D2E1845EF423BB,GUEST_CAN_0330,PASS,GINE,2,guest_cold,2,2.094820737838745
305,11,249,C1N2C3C4N(C2=O)CN5C6C7N(C5=O)CN8C9C2N(C8=O)CN5C8C%10N(C5=O)CN5C%11C%12N(C5=O)CN5C%13C%14N(C5=O)CN5C%15C%16N(C5=O)CN5C%17C(N1C5=O)N1CN3C(=O)N4CN6C(=O)N7CN9C(=O)N2CN8C(=O)N%10CN%11C(=O)N%12CN%13C(=O)N%14CN%15C(=O)N%16CN%17C1=O,COCCOCCOCCOCCOCCOCCOCCOCCOCCOCCOCCOCCOCCOCCOCCOCCOCCOCCOCCOCCOCCOCCOCCOCCOCCOCCOCCOCCOCCOCCOCCOCCOCCOCCOCCOCCOCCOCCOCCOCCOCCOCCOCCOCCOCCOCCOCCOCCOCCOCCOCCOCCOCCOCCOCCOCCOCCOCCOCCOCCOCCOCCOCCOCCOCCOCCOCCOCCOCCOCCOCCOCCOCCOCCOCCOCCOCCOCCOCCOCCOCCOCCOCCOCCOCCOCCOCCOCCOCCOCCOCCOCCOCCOCCOCCOCCOCCOCCOCCOCCOCCOCCOCCOCCOCCOCCOCCOCCOCCOCCOCCOCCOCCOCCOC(=O)Nc1cc2oc3c(c2cc1OC)cccc3,cucurbituril,5.0920000076293945,O=C1N2CN3C(=O)N4CN5C(=O)N6CN7C(=O)N8CN9C(=O)N%10CN%11C(=O)N%12CN%13C(=O)N%14CN%15C(=O)N%16CN1C1C2N2CN%17C(=O)N(CN%18C(=O)N(CN%19C(=O)N(CN%20C(=O)N(CN%21C(=O)N(CN%22C(=O)N(CN%23C(=O)N(CN1C2=O)C%16C%15%23)C%14C%13%22)C%12C%11%21)C%10C9%20)C8C7%19)C6C5%18)C4C3%17,E82CB7F52437B0147F435E3074F006752062FF8924E87C1DAF3210D182FF633B,HOST_CAN_0143,PASS,COCCOCCOCCOCCOCCOCCOCCOCCOCCOCCOCCOCCOCCOCCOCCOCCOCCOCCOCCOCCOCCOCCOCCOCCOCCOCCOCCOCCOCCOCCOCCOCCOCCOCCOCCOCCOCCOCCOCCOCCOCCOCCOCCOCCOCCOCCOCCOCCOCCOCCOCCOCCOCCOCCOCCOCCOCCOCCOCCOCCOCCOCCOCCOCCOCCOCCOCCOCCOCCOCCOCCOCCOCCOCCOCCOCCOCCOCCOCCOCCOCCOCCOCCOCCOCCOCCOCCOCCOCCOCCOCCOCCOCCOCCOCCOCCOCCOCCOCCOCCOCCOCCOCCOCCOCCOCCOCCOCCOCCOCCOCCOCCOCCOCCOC(=O)Nc1cc2oc3ccccc3c2cc1OC,57D6B7B590414ACD7074207B73B61A4F4568B8DA1E02991C6343F12F100B783C,GUEST_CAN_0470,PASS,GINE,2,guest_cold,2,4.968072891235352
308,42,215,OC1=C(CC2=CC(S(=O)([O-])=O)=CC(CC(C=C3S(=O)([O-])=O)=C4OCC(N)=O)=C2O)C=C(S(=O)([O-])=O)C=C1CC5=CC(S(=O)([O-])=O)=CC(CC4=C3)=C5O,CC(C(=O)O)N,calixarene,2.0085999965667725,NC(=O)COc1c2cc(S(=O)(=O)[O-])cc1Cc1cc(S(=O)(=O)[O-])cc(c1O)Cc1cc(S(=O)(=O)[O-])cc(c1O)Cc1cc(S(=O)(=O)[O-])cc(c1O)C2,1F2BEDA02D00DC2C1A2D3A5BD5460849E045F21D3B673D4626094BA71BDA0464,HOST_CAN_0104,PASS,CC(N)C(=O)O,6AC3AD1747D8E4C9B36EA5FBFB37965B87CCE816D9D72141F9005590B6D6FC3C,GUEST_CAN_0180,PASS,GINE,2,guest_cold,2,2.2124180793762207
323,91,63,C1COCCOCCN2CCOCCOCCN1CCOCCOCC2,[Rb+],other,4.350200176239014,C1COCCN2CCOCCOCCN(CCO1)CCOCCOCC2,40814B22E6CD93EB1FEFBD67E296A6414B9006E7DE8AD543F38C842653A2E43C,HOST_CAN_0004,PASS,[Rb+],A81E1030429F736D8E35EA84C21CDFC8BA21CABFAB462465BE82BDA25EAD58DF,GUEST_CAN_1109,PASS,GINE,2,guest_cold,2,2.096346378326416
325,11,263,C1N2C3C4N(C2=O)CN5C6C7N(C5=O)CN8C9C2N(C8=O)CN5C8C%10N(C5=O)CN5C%11C%12N(C5=O)CN5C%13C%14N(C5=O)CN5C%15C%16N(C5=O)CN5C%17C(N1C5=O)N1CN3C(=O)N4CN6C(=O)N7CN9C(=O)N2CN8C(=O)N%10CN%11C(=O)N%12CN%13C(=O)N%14CN%15C(=O)N%16CN%17C1=O,C1=CC=C2C(=C1)C(=CN2)CCC(=O)O,cucurbituril,3.3617000579833984,O=C1N2CN3C(=O)N4CN5C(=O)N6CN7C(=O)N8CN9C(=O)N%10CN%11C(=O)N%12CN%13C(=O)N%14CN%15C(=O)N%16CN1C1C2N2CN%17C(=O)N(CN%18C(=O)N(CN%19C(=O)N(CN%20C(=O)N(CN%21C(=O)N(CN%22C(=O)N(CN%23C(=O)N(CN1C2=O)C%16C%15%23)C%14C%13%22)C%12C%11%21)C%10C9%20)C8C7%19)C6C5%18)C4C3%17,E82CB7F52437B0147F435E3074F006752062FF8924E87C1DAF3210D182FF633B,HOST_CAN_0143,PASS,O=C(O)CCc1c[nH]c2ccccc12,9C0240128783BD816CC91DFF15572C86784F353074E981E4706811ED89CE7E04,GUEST_CAN_0875,PASS,GINE,2,guest_cold,2,3.5647950172424316
327,9,265,[O-]C(=O)COc1ccc2c3c1CNC(=O)c1c(OCC(=O)[O-])ccc4c1ccc1c4C4CC(O1)Oc1c4c4ccc(c(C(=O)NCc5c6c(c7C8c2c(cc3)OC(C8)Oc7cc6)ccc5OCC(=O)[O-])c4cc1)OCC(=O)[O-].[NH4+].[NH4+].[NH4+].[NH4+],C1COCO1,other,2.654400110244751,O=C([O-])COc1ccc2c3c4ccc2c1CNC(=O)c1c(OCC(=O)[O-])ccc2c5c(ccc12)OC1CC5c2c(ccc5c(c(OCC(=O)[O-])ccc25)C(=O)NCc2c(OCC(=O)[O-])ccc5c6c(ccc25)OC(CC36)O4)O1.[NH4+].[NH4+].[NH4+].[NH4+],7D3830C6A6E10F82EEBCC3ED68B861BB21ED63B1DDB277580F3032527E5A1183,HOST_CAN_0139,PASS,C1COCO1,6329F6891F70FDFD32D72476ABBEFB6363AC07912B1D5C569A6DEAD6D6807EA4,GUEST_CAN_0038,PASS,GINE,2,guest_cold,2,2.4737093448638916
329,77,92,Oc1c2Cc3cc(cc(c3OCCOc3c4Cc5cc(cc(c5O)Cc5cc(cc(Cc6c(c(Cc3cc(c4)S(=O)(=O)[O-])cc(c6)S(=O)(=O)[O-])O)c5O)S(=O)(=O)[O-])S(=O)(=O)[O-])Cc3cc(cc(Cc4c(c(Cc1cc(c2)S(=O)(=O)[O-])cc(c4)S(=O)(=O)[O-])O)c3O)S(=O)(=O)[O-])S(=O)(=O)[O-],C[N+]1=CC=C(C=C1)C2=CC=[N+](C=C2)C.[Cl-].[Cl-],calixarene,7.089900016784668,O=S(=O)([O-])c1cc2c(O)c(c1)Cc1cc(S(=O)(=O)[O-])cc(c1O)Cc1cc(S(=O)(=O)[O-])cc(c1OCCOc1c3cc(S(=O)(=O)[O-])cc1Cc1cc(S(=O)(=O)[O-])cc(c1O)Cc1cc(S(=O)(=O)[O-])cc(c1O)Cc1cc(S(=O)(=O)[O-])cc(c1O)C3)Cc1cc(S(=O)(=O)[O-])cc(c1O)C2,3844EA5590DFD4493BBABC2061A4EDAE96C443037E252EB22277F09FB3CD68CF,HOST_CAN_0167,PASS,C[n+]1ccc(-c2cc[n+](C)cc2)cc1.[Cl-].[Cl-],A34A59C172ABA48CFA54144DF49E70D56803B22DE394E6F3154C1D8F7DC6E5F1,GUEST_CAN_0623,PASS,GINE,2,guest_cold,2,5.434534072875977
340,11,273,C1N2C3C4N(C2=O)CN5C6C7N(C5=O)CN8C9C2N(C8=O)CN5C8C%10N(C5=O)CN5C%11C%12N(C5=O)CN5C%13C%14N(C5=O)CN5C%15C%16N(C5=O)CN5C%17C(N1C5=O)N1CN3C(=O)N4CN6C(=O)N7CN9C(=O)N2CN8C(=O)N%10CN%11C(=O)N%12CN%13C(=O)N%14CN%15C(=O)N%16CN%17C1=O,C1=CC(=CC(=C1)O)C#N,cucurbituril,3.7160000801086426,O=C1N2CN3C(=O)N4CN5C(=O)N6CN7C(=O)N8CN9C(=O)N%10CN%11C(=O)N%12CN%13C(=O)N%14CN%15C(=O)N%16CN1C1C2N2CN%17C(=O)N(CN%18C(=O)N(CN%19C(=O)N(CN%20C(=O)N(CN%21C(=O)N(CN%22C(=O)N(CN%23C(=O)N(CN1C2=O)C%16C%15%23)C%14C%13%22)C%12C%11%21)C%10C9%20)C8C7%19)C6C5%18)C4C3%17,E82CB7F52437B0147F435E3074F006752062FF8924E87C1DAF3210D182FF633B,HOST_CAN_0143,PASS,N#Cc1cccc(O)c1,A402F56EB37984B87F5CF1EB4FC260D4E7495F92BA4877400F92C3674B69CFFF,GUEST_CAN_0718,PASS,GINE,2,guest_cold,2,3.8983712196350098
345,3,277,OC[C@H]1O[C@@H]2O[C@@H]3[C@@H](CO)O[C@H](O[C@@H]4[C@@H](CO)O[C@H](O[C@@H]5[C@@H](CO)O[C@H](O[C@@H]6[C@@H](CO)O[C@H](O[C@@H]7[C@@H](CO)O[C@H](O[C@@H]8[C@@H](CO)O[C@H](O[C@H]1[C@H](O)[C@H]2O)[C@H](O)[C@H]8O)[C@H](O)[C@H]7O)[C@H](O)[C@H]6O)[C@H](O)[C@H]5O)[C@H](O)[C@H]4O)[C@H](O)[C@H]3O,C1CCC(CC1)C(C(=O)O)O,cyclodextrin,2.8115999698638916,OC[C@H]1O[C@@H]2O[C@H]3[C@H](O)[C@@H](O)[C@@H](O[C@H]4[C@H](O)[C@@H](O)[C@@H](O[C@H]5[C@H](O)[C@@H](O)[C@@H](O[C@H]6[C@H](O)[C@@H](O)[C@@H](O[C@H]7[C@H](O)[C@@H](O)[C@@H](O[C@H]8[C@H](O)[C@@H](O)[C@@H](O[C@H]1[C@H](O)[C@H]2O)O[C@@H]8CO)O[C@@H]7CO)O[C@@H]6CO)O[C@@H]5CO)O[C@@H]4CO)O[C@@H]3CO,22584443D9512992310760C9871E3E6BDB3EDC92006F3EF1EC94F44373907EB1,HOST_CAN_0176,PASS,O=C(O)C(O)C1CCCCC1,D147072B9CEBE6E5F03115921BABCAEDC15D884F87A1CE77EC427197F6EA4E79,GUEST_CAN_0858,PASS,GINE,2,guest_cold,2,2.0113556385040283
353,82,56,OC1=C2C=C(S(=O)([O-])=O)C=C1CC3=C(O)C(CC4=CC(S(=O)([O-])=O)=CC(CC5=CC(S(=O)([O-])=O)=CC(CC6=CC(S(=O)([O-])=O)=CC(CC(C=C(S(=O)([O-])=O)C=C7C2)=C7O)=C6O)=C5OCCN)=C4O)=CC(S(=O)([O-])=O)=C3,CCCC(C(=O)O)N,calixarene,2.1461000442504883,NCCOc1c2cc(S(=O)(=O)[O-])cc1Cc1cc(S(=O)(=O)[O-])cc(c1O)Cc1cc(S(=O)(=O)[O-])cc(c1O)Cc1cc(S(=O)(=O)[O-])cc(c1O)Cc1cc(S(=O)(=O)[O-])cc(c1O)Cc1cc(S(=O)(=O)[O-])cc(c1O)C2,943BCEA8586BE526CE8501B61202A05D77257BC2BB9DA3A3C52BD077795B3D50,HOST_CAN_0111,PASS,CCCC(N)C(=O)O,81F3215F9F46874A7436620E7AD92167936CF997FB3F203D4397A018C4B56861,GUEST_CAN_0268,PASS,GINE,2,guest_cold,2,2.3028159141540527
359,33,23,[H]C1(C(C(O[C@](OC2=C1C=C3[C@]4([H])CCC[N+](C)(C)C)([H])C5=CC(O6)=CC(OC7=CC8=CC(C[N+](C)(C)C)=C7)=C5)=C9)=CC%10=C9O[C@](C%11=CC(O8)=CC(OC%12=CC%13=CC(C[N+](C)(C)C)=C%12)=C%11)([H])OC%14=C(C%10([H])CCC[N+](C)(C)C)C=C%15C(O[C@](C%16=CC%17=CC(O%13)=C%16)([H])OC%18=CC(O[C@](C%19=CC(OC%20=CC(O%17)=CC(C[N+](C)(C)C)=C%20)=CC(OC%21=CC6=CC(C[N+](C)(C)C)=C%21)=C%19)([H])OC3=C2)=C4C=C%18[C@]%15([H])CCC[N+](C)(C)C)=C%14)CCC[N+](C)(C)C.[Cl-].[Cl-].[Cl-].[Cl-].[Cl-].[Cl-].[Cl-].[Cl-],C(#N)[S-].[Na+],other,3.110100030899048,C[N+](C)(C)CCCC1c2cc3c4cc2O[C@H]2Oc5cc6c(cc51)[C@H](CCC[N+](C)(C)C)c1cc5c7cc1O[C@H](O6)c1cc6cc(c1)Oc1cc(C[N+](C)(C)C)cc(c1)Oc1cc8cc(c1)[C@H](Oc1cc(c(cc1[C@H]5CCC[N+](C)(C)C)C3CCC[N+](C)(C)C)O[C@@H](O4)c1cc(cc(c1)Oc1cc(C[N+](C)(C)C)cc(c1)O8)Oc1cc(C[N+](C)(C)C)cc(c1)Oc1cc(cc2c1)Oc1cc(C[N+](C)(C)C)cc(c1)O6)O7.[Cl-].[Cl-].[Cl-].[Cl-].[Cl-].[Cl-].[Cl-].[Cl-],F783BB4F0E2D9595DCCBD26C1895FCF835428AF86721AF4DD7F78FB07FBB8527,HOST_CAN_0096,PASS,N#C[S-].[Na+],C7EA3C834D4CD40D84736D62A55B84043DA6CC95962CF4DF2592DE68C06B9A69,GUEST_CAN_0714,PASS,GINE,2,guest_cold,2,2.226966381072998
361,97,286,Oc1c2Cc3cc(cc(c3O)Cc3cc(cc(Cc4c(c(Cc1cc(c2)CS(=O)(=O)[O-])cc(c4)CS(=O)(=O)[O-])O)c3O)CS(=O)(=O)[O-])CS(=O)(=O)[O-],C[N+](C)(C)CCO,calixarene,4.09689998626709,O=S(=O)([O-])Cc1cc2c(O)c(c1)Cc1cc(CS(=O)(=O)[O-])cc(c1O)Cc1cc(CS(=O)(=O)[O-])cc(c1O)Cc1cc(CS(=O)(=O)[O-])cc(c1O)C2,6C2781D41B8CAD714B4AF531A18425F9ED354E810FB86EEACD62378860EDFA3D,HOST_CAN_0159,PASS,C[N+](C)(C)CCO,EE2F222C864A3340CB6DC5C1A21FDDCC9B162B0220641118D30F914132FC0AFF,GUEST_CAN_0568,PASS,GINE,2,guest_cold,2,4.493167877197266
362,8,287,C1N2C3C4N(C2=O)CN5C6C7N(C5=O)CN8C9C2N(C8=O)CN5C8C%10N(C5=O)CN5C%11C%12N(C5=O)CN5C%13C(N1C5=O)N1CN3C(=O)N4CN6C(=O)N7CN9C(=O)N2CN8C(=O)N%10CN%11C(=O)N%12CN%13C1=O,C1=CC=NC(=C1)C2=CC=C(C=C2)N,cucurbituril,4.800000190734863,O=C1N2CN3C(=O)N4CN5C(=O)N6CN7C(=O)N8CN9C(=O)N%10CN%11C(=O)N%12CN1C1C2N2CN%13C(=O)N(CN%14C(=O)N(CN%15C(=O)N(CN%16C(=O)N(CN%17C(=O)N(CN1C2=O)C%12C%11%17)C%10C9%16)C8C7%15)C6C5%14)C4C3%13,2526C525F966BEE6CB589BBB60C9F4124C02584847747BDAFF4E92B4462536E8,HOST_CAN_0149,PASS,Nc1ccc(-c2ccccn2)cc1,E696463078AD27CE823B0E82EBD6BFA9AE54BB096EA64F6408290D0C2BE486B6,GUEST_CAN_0826,PASS,GINE,2,guest_cold,2,5.327956676483154
364,24,288,OC1=C2C=C(S(=O)([O-])=O)C=C1CC3=C(O)C(CC4=CC(S(=O)([O-])=O)=CC(CC5=CC(S(=O)([O-])=O)=CC(CC6=CC(S(=O)([O-])=O)=CC(CC(C=C(S(=O)([O-])=O)C=C7C2)=C7O)=C6O)=C5O)=C4O)=CC(S(=O)([O-])=O)=C3.[Na+].[Na+].[Na+].[Na+].[Na+].[Na+],CC(C)C(C(=O)O)NC(=O)CN,calixarene,3.2100000381469727,O=S(=O)([O-])c1cc2c(O)c(c1)Cc1cc(S(=O)(=O)[O-])cc(c1O)Cc1cc(S(=O)(=O)[O-])cc(c1O)Cc1cc(S(=O)(=O)[O-])cc(c1O)Cc1cc(S(=O)(=O)[O-])cc(c1O)Cc1cc(S(=O)(=O)[O-])cc(c1O)C2.[Na+].[Na+].[Na+].[Na+].[Na+].[Na+],2C1F820212E47C3BD5C15E73832EDE6A35C8C7920DDCE445D20F661D969CA26F,HOST_CAN_0165,PASS,CC(C)C(NC(=O)CN)C(=O)O,C7C4F9D491E695E32FCA9610C29E6F26B277BB7597A85B98A5CB97B4FB2C694B,GUEST_CAN_0128,PASS,GINE,2,guest_cold,2,3.509953498840332
367,16,215,NCCOc1c2Cc3cc(cc(c3O)Cc3cc(cc(Cc4c(c(Cc1cc(c2)S(=O)(=O)O)cc(c4)S(=O)(=O)O)O)c3O)S(=O)(=O)O)S(=O)(=O)O,CC(C(=O)O)N,calixarene,1.9955999851226807,NCCOc1c2cc(S(=O)(=O)O)cc1Cc1cc(S(=O)(=O)O)cc(c1O)Cc1cc(S(=O)(=O)O)cc(c1O)Cc1cc(S(=O)(=O)O)cc(c1O)C2,7D8C32DEDAD770C68375EE2FF28F9CCD81B4D3DB3816F51D3CC994E73708AEBC,HOST_CAN_0109,PASS,CC(N)C(=O)O,6AC3AD1747D8E4C9B36EA5FBFB37965B87CCE816D9D72141F9005590B6D6FC3C,GUEST_CAN_0180,PASS,GINE,2,guest_cold,2,2.315242290496826
370,64,234,CCCCOc1cc2COCc3cc(OCCCC)cc4c3cc(OCCCC)cc4COCc3c(OCCCC)ccc4c3ccc(c4COCc3c4c(c(COCc5c(c1)c2cc(c5)OCCCC)c(OCCCC)cc4)ccc3OCCCC)OCCCC,CSc1ccc(cc1)C[N+](Cc1ccc(cc1)SC)(C)C,other,5.478600025177002,CCCCOc1cc2c3cc(OCCCC)cc(c3c1)COCc1cc(OCCCC)cc3c(cc(OCCCC)cc13)COCc1c(OCCCC)ccc3c(c(OCCCC)ccc13)COCc1c(OCCCC)ccc3c(c(OCCCC)ccc13)COC2,05C5083FBF551B3C1AE048E85E6B7F5EB796F7835740F408D7B4DF1173E7C142,HOST_CAN_0032,PASS,CSc1ccc(C[N+](C)(C)Cc2ccc(SC)cc2)cc1,452D4C5D70F7FD3C24610097C33C01CFFCA59A04FC7CD065AD27A7327514ABD6,GUEST_CAN_0536,PASS,GINE,2,guest_cold,2,4.708012104034424
371,3,291,OC[C@H]1O[C@@H]2O[C@@H]3[C@@H](CO)O[C@H](O[C@@H]4[C@@H](CO)O[C@H](O[C@@H]5[C@@H](CO)O[C@H](O[C@@H]6[C@@H](CO)O[C@H](O[C@@H]7[C@@H](CO)O[C@H](O[C@@H]8[C@@H](CO)O[C@H](O[C@H]1[C@H](O)[C@H]2O)[C@H](O)[C@H]8O)[C@H](O)[C@H]7O)[C@H](O)[C@H]6O)[C@H](O)[C@H]5O)[C@H](O)[C@H]4O)[C@H](O)[C@H]3O,CC(CBr)C(=O)OC,cyclodextrin,2.4351999759674072,OC[C@H]1O[C@@H]2O[C@H]3[C@H](O)[C@@H](O)[C@@H](O[C@H]4[C@H](O)[C@@H](O)[C@@H](O[C@H]5[C@H](O)[C@@H](O)[C@@H](O[C@H]6[C@H](O)[C@@H](O)[C@@H](O[C@H]7[C@H](O)[C@@H](O)[C@@H](O[C@H]8[C@H](O)[C@@H](O)[C@@H](O[C@H]1[C@H](O)[C@H]2O)O[C@@H]8CO)O[C@@H]7CO)O[C@@H]6CO)O[C@@H]5CO)O[C@@H]4CO)O[C@@H]3CO,22584443D9512992310760C9871E3E6BDB3EDC92006F3EF1EC94F44373907EB1,HOST_CAN_0176,PASS,COC(=O)C(C)CBr,5640F037C1252373217D10D5980BCA1FB5C97C9612315CC9B7557CECE3695E25,GUEST_CAN_0434,PASS,GINE,2,guest_cold,2,1.7662856578826904
375,8,294,C1N2C3C4N(C2=O)CN5C6C7N(C5=O)CN8C9C2N(C8=O)CN5C8C%10N(C5=O)CN5C%11C%12N(C5=O)CN5C%13C(N1C5=O)N1CN3C(=O)N4CN6C(=O)N7CN9C(=O)N2CN8C(=O)N%10CN%11C(=O)N%12CN%13C1=O,Cl[Fe](Cl)Cl,cucurbituril,5.170300006866455,O=C1N2CN3C(=O)N4CN5C(=O)N6CN7C(=O)N8CN9C(=O)N%10CN%11C(=O)N%12CN1C1C2N2CN%13C(=O)N(CN%14C(=O)N(CN%15C(=O)N(CN%16C(=O)N(CN%17C(=O)N(CN1C2=O)C%12C%11%17)C%10C9%16)C8C7%15)C6C5%14)C4C3%13,2526C525F966BEE6CB589BBB60C9F4124C02584847747BDAFF4E92B4462536E8,HOST_CAN_0149,PASS,[Cl][Fe]([Cl])[Cl],00A56A250646250BC555AD4F337F6343FAE4957C946C1C7D8CF29518E860CDEC,GUEST_CAN_1045,PASS,GINE,2,guest_cold,2,2.5370850563049316
384,46,302,C1C2=CC(=CC(=C2O)CC3=CC(=CC(=C3O)CC4=C(C(=CC(=C4)S(=O)(=O)O)CC5=C(C1=CC(=C5)S(=O)(=O)[O-])O)O)S(=O)(=O)O)S(=O)(=O)O.[Na+],CCN(CC)CCNC(=O)C1=CC=C(C=C1)N.Cl,calixarene,4.008600234985352,O=S(=O)([O-])c1cc2c(O)c(c1)Cc1cc(S(=O)(=O)O)cc(c1O)Cc1cc(S(=O)(=O)O)cc(c1O)Cc1cc(S(=O)(=O)O)cc(c1O)C2.[Na+],CA94CECC10EDB9167B38E05C5D125873C9C1506ED227A3D9C6CBBCD696828A96,HOST_CAN_0163,PASS,CCN(CC)CCNC(=O)c1ccc(N)cc1.Cl,1AC612C62ED223451DD5E85353D496B5723797F663C332269EA3EC33D33CF585,GUEST_CAN_0340,PASS,GINE,2,guest_cold,2,3.6572282314300537
390,1,56,C1C2=CC(=CC(=C2O)CC3=CC(=CC(=C3O)CC4=C(C(=CC(=C4)S(=O)(=O)O)CC5=C(C1=CC(=C5)S(=O)(=O)O)O)O)S(=O)(=O)O)S(=O)(=O)O,CCCC(C(=O)O)N,calixarene,2.893199920654297,O=S(=O)(O)c1cc2c(O)c(c1)Cc1cc(S(=O)(=O)O)cc(c1O)Cc1cc(S(=O)(=O)O)cc(c1O)Cc1cc(S(=O)(=O)O)cc(c1O)C2,C1130CCDC8DA0C6458EF6C2E07E7F3330D8F8B055CBE4DEAADB70DC00C8CDFC1,HOST_CAN_0154,PASS,CCCC(N)C(=O)O,81F3215F9F46874A7436620E7AD92167936CF997FB3F203D4397A018C4B56861,GUEST_CAN_0268,PASS,GINE,2,guest_cold,2,2.3618736267089844
395,35,309,[O-]P(=O)(Oc1c2c(c(c3c1C1CC3c3c1cc1c(c3)C3CC1c1c3cccc1)OP(=O)(C)[O-])C1CC2c2c1cc1c(c2)C2CC1c1c2cccc1)C.[Li+].[Li+],C(CC(C(=O)NCC(=O)NC(CC(=O)O)C(=O)O)N)CN=C(N)N,other,3.039599895477295,CP(=O)([O-])Oc1c2c(c(OP(C)(=O)[O-])c3c1C1CC3c3cc4c(cc31)C1CC4c3ccccc31)C1CC2c2cc3c(cc21)C1CC3c2ccccc21.[Li+].[Li+],0523E219D88C79C8FF3952D24ADDE3A68E28198CE5EE5C77D8FECF429412627C,HOST_CAN_0082,PASS,NC(N)=NCCCC(N)C(=O)NCC(=O)NC(CC(=O)O)C(=O)O,75B8F54B2446F97BADDAFBEF1FDAB4C52BDB7DBB59F03A5A8B4C94A46F7DF56A,GUEST_CAN_0750,PASS,GINE,2,guest_cold,2,2.8955397605895996
397,11,311,C1N2C3C4N(C2=O)CN5C6C7N(C5=O)CN8C9C2N(C8=O)CN5C8C%10N(C5=O)CN5C%11C%12N(C5=O)CN5C%13C%14N(C5=O)CN5C%15C%16N(C5=O)CN5C%17C(N1C5=O)N1CN3C(=O)N4CN6C(=O)N7CN9C(=O)N2CN8C(=O)N%10CN%11C(=O)N%12CN%13C(=O)N%14CN%15C(=O)N%16CN%17C1=O,CCN(C(C(C1=CC=CC=C1)CO)=O)CC2=CC=[NH+]C=C2,cucurbituril,6.602099895477295,O=C1N2CN3C(=O)N4CN5C(=O)N6CN7C(=O)N8CN9C(=O)N%10CN%11C(=O)N%12CN%13C(=O)N%14CN%15C(=O)N%16CN1C1C2N2CN%17C(=O)N(CN%18C(=O)N(CN%19C(=O)N(CN%20C(=O)N(CN%21C(=O)N(CN%22C(=O)N(CN%23C(=O)N(CN1C2=O)C%16C%15%23)C%14C%13%22)C%12C%11%21)C%10C9%20)C8C7%19)C6C5%18)C4C3%17,E82CB7F52437B0147F435E3074F006752062FF8924E87C1DAF3210D182FF633B,HOST_CAN_0143,PASS,CCN(Cc1cc[nH+]cc1)C(=O)C(CO)c1ccccc1,28363DD759A968104902D61C7E8EF3B9F304B8D1099E76F18FD1E9EA5ECBCC4A,GUEST_CAN_0356,PASS,GINE,2,guest_cold,2,5.384584426879883
399,45,313,C1C2=CC(=CC=C2)CC3=CC(=CC=C3)CC4=CC=CC(=C4)CC5=CC=CC1=C5,C(CCN)CCN,calixarene,5.431399822235107,c1cc2cc(c1)Cc1cccc(c1)Cc1cccc(c1)Cc1cccc(c1)C2,001BA14F081450375618B4DEC192A3633931B27A166EE11658CCCBFAB45E327F,HOST_CAN_0183,PASS,NCCCCCN,686B1F1D37E58EE9E8D62CED35D9E35B25EB8DBA4BB8BAA773577CEE8422D320,GUEST_CAN_0794,PASS,GINE,2,guest_cold,2,4.256608009338379
401,52,215,OC(=O)COc1c2Cc3cc(cc(c3O)Cc3cc(cc(c3O)Cc3cc(cc(Cc4c(c(Cc5c(c(Cc1cc(c2)S(=O)(=O)O)cc(c5)S(=O)(=O)O)O)cc(c4)S(=O)(=O)O)O)c3O)S(=O)(=O)O)S(=O)(=O)O)S(=O)(=O)O,CC(C(=O)O)N,calixarene,1.8387999534606934,O=C(O)COc1c2cc(S(=O)(=O)O)cc1Cc1cc(S(=O)(=O)O)cc(c1O)Cc1cc(S(=O)(=O)O)cc(c1O)Cc1cc(S(=O)(=O)O)cc(c1O)Cc1cc(S(=O)(=O)O)cc(c1O)Cc1cc(S(=O)(=O)O)cc(c1O)C2,89AB142F8D041F89710D49168CBEF0FA0D792576B82031818BFF7C2DE5D92117,HOST_CAN_0127,PASS,CC(N)C(=O)O,6AC3AD1747D8E4C9B36EA5FBFB37965B87CCE816D9D72141F9005590B6D6FC3C,GUEST_CAN_0180,PASS,GINE,2,guest_cold,2,2.3051133155822754
408,14,215,NCCOc1c2Cc3cc(cc(c3O)Cc3cc(cc(c3O)Cc3cc(cc(Cc4c(c(Cc5c(c(Cc1cc(c2)S(=O)(=O)O)cc(c5)S(=O)(=O)O)O)cc(c4)S(=O)(=O)O)O)c3O)S(=O)(=O)O)S(=O)(=O)O)S(=O)(=O)O,CC(C(=O)O)N,calixarene,2.100399971008301,NCCOc1c2cc(S(=O)(=O)O)cc1Cc1cc(S(=O)(=O)O)cc(c1O)Cc1cc(S(=O)(=O)O)cc(c1O)Cc1cc(S(=O)(=O)O)cc(c1O)Cc1cc(S(=O)(=O)O)cc(c1O)Cc1cc(S(=O)(=O)O)cc(c1O)C2,C787A22C599703D921FA29CACAF002E9FF6ED12C44482B2905C84DCBDD5B4AC1,HOST_CAN_0110,PASS,CC(N)C(=O)O,6AC3AD1747D8E4C9B36EA5FBFB37965B87CCE816D9D72141F9005590B6D6FC3C,GUEST_CAN_0180,PASS,GINE,2,guest_cold,2,2.3155734539031982
414,94,321,CC(C(O[Na])=O)OC(C(OC(C)C(O[Na])=O)=C1)=CC2=C1C(C=C(OC(C(O[Na])=O)C)C(OC(C(O[Na])=O)C)=C3)=C3C4=C2C=C(OC(C(O[Na])=O)C)C(OC(C)C(O[Na])=O)=C4,COC(=O)C(CC1=CNC2=CC=CC=C21)N,other,2.2040998935699463,CC(Oc1cc2c3cc(OC(C)C(=O)[O][Na])c(OC(C)C(=O)[O][Na])cc3c3cc(OC(C)C(=O)[O][Na])c(OC(C)C(=O)[O][Na])cc3c2cc1OC(C)C(=O)[O][Na])C(=O)[O][Na],BA584CA32AF40B5CC01118169993C3B68F1DD55FC57084F45766D3D97748C6AD,HOST_CAN_0016,PASS,COC(=O)C(N)Cc1c[nH]c2ccccc12,44125A154E9864C1CBD5A3EA78B4B0F50F0BA1B8879956CF8D6C328C5174C222,GUEST_CAN_0440,PASS,GINE,2,guest_cold,2,1.8183317184448242
417,27,53,C[N+](CCCC1c2cc3c4cc2OCOc2c1cc1c(c2)OCOc2c(C1CCC[N+](C)(C)C)cc1C(c5cc(C3CCC[N+](C)(C)C)c(OCO4)cc5OCOc1c2)CCC[N+](C)(C)C)(C)C.[Cl-].[Cl-].[Cl-].[Cl-],[Na+].[Cl-],cavitand,2.0422000885009766,C[N+](C)(C)CCCC1c2cc3c4cc2OCOc2cc5c(cc21)C(CCC[N+](C)(C)C)c1cc2c(cc1OCO5)OCOc1cc(c(cc1C2CCC[N+](C)(C)C)C3CCC[N+](C)(C)C)OCO4.[Cl-].[Cl-].[Cl-].[Cl-],BE088984763C14FD65B8A34D618A60117E825B49BF929FD4529F9E4120B2F425,HOST_CAN_0095,PASS,[Cl-].[Na+],75BE434EC1982F4169BCC68DFF522D1CE80C4ED9F32BD5BD82D1768FC8A5ED44,GUEST_CAN_1040,PASS,GINE,2,guest_cold,2,2.785053253173828
418,3,323,OC[C@H]1O[C@@H]2O[C@@H]3[C@@H](CO)O[C@H](O[C@@H]4[C@@H](CO)O[C@H](O[C@@H]5[C@@H](CO)O[C@H](O[C@@H]6[C@@H](CO)O[C@H](O[C@@H]7[C@@H](CO)O[C@H](O[C@@H]8[C@@H](CO)O[C@H](O[C@H]1[C@H](O)[C@H]2O)[C@H](O)[C@H]8O)[C@H](O)[C@H]7O)[C@H](O)[C@H]6O)[C@H](O)[C@H]5O)[C@H](O)[C@H]4O)[C@H](O)[C@H]3O,COC(C1=CC=CC=C1)(C(=O)O)C(F)(F)F,cyclodextrin,2.149199962615967,OC[C@H]1O[C@@H]2O[C@H]3[C@H](O)[C@@H](O)[C@@H](O[C@H]4[C@H](O)[C@@H](O)[C@@H](O[C@H]5[C@H](O)[C@@H](O)[C@@H](O[C@H]6[C@H](O)[C@@H](O)[C@@H](O[C@H]7[C@H](O)[C@@H](O)[C@@H](O[C@H]8[C@H](O)[C@@H](O)[C@@H](O[C@H]1[C@H](O)[C@H]2O)O[C@@H]8CO)O[C@@H]7CO)O[C@@H]6CO)O[C@@H]5CO)O[C@@H]4CO)O[C@@H]3CO,22584443D9512992310760C9871E3E6BDB3EDC92006F3EF1EC94F44373907EB1,HOST_CAN_0176,PASS,COC(C(=O)O)(c1ccccc1)C(F)(F)F,85C96E7903F4019B3669733EFEF7B9E39FB06B27FF49E9C8368DDDC0E9C8C069,GUEST_CAN_0452,PASS,GINE,2,guest_cold,2,1.637484073638916
420,63,64,Oc1c2Cc3cc(cc(c3O)Cc3cc(cc(c3O)Cc3cc(cc(c3O)Cc3cc(cc(Cc4c(c(Cc5c(c(Cc6c(c(Cc1cc(c2)S(=O)(=O)[O-])cc(c6)S(=O)(=O)[O-])O)cc(c5)S(=O)(=O)[O-])O)cc(c4)S(=O)(=O)[O-])O)c3O)S(=O)(=O)[O-])S(=O)(=O)[O-])S(=O)(=O)[O-])S(=O)(=O)[O-],COC1=C(C=CC(=C1)C=CC(=O)O)O,calixarene,2.3510000705718994,O=S(=O)([O-])c1cc2c(O)c(c1)Cc1cc(S(=O)(=O)[O-])cc(c1O)Cc1cc(S(=O)(=O)[O-])cc(c1O)Cc1cc(S(=O)(=O)[O-])cc(c1O)Cc1cc(S(=O)(=O)[O-])cc(c1O)Cc1cc(S(=O)(=O)[O-])cc(c1O)Cc1cc(S(=O)(=O)[O-])cc(c1O)Cc1cc(S(=O)(=O)[O-])cc(c1O)C2,3C24C9B25872FE0768A640DF44D242D9AEC5F3FA9C167A457997BAE8D628FFF1,HOST_CAN_0166,PASS,COc1cc(C=CC(=O)O)ccc1O,FBA2624599D3DF61E64A1CD01004296006570403D519166BB73FAE5CFC4F262F,GUEST_CAN_0476,PASS,GINE,2,guest_cold,2,2.6388440132141113
428,8,143,C1N2C3C4N(C2=O)CN5C6C7N(C5=O)CN8C9C2N(C8=O)CN5C8C%10N(C5=O)CN5C%11C%12N(C5=O)CN5C%13C(N1C5=O)N1CN3C(=O)N4CN6C(=O)N7CN9C(=O)N2CN8C(=O)N%10CN%11C(=O)N%12CN%13C1=O,O.O.O.O.O.O.O.[Cl-].[Cl-].[Cl-].[La+3],cucurbituril,4.161399841308594,O=C1N2CN3C(=O)N4CN5C(=O)N6CN7C(=O)N8CN9C(=O)N%10CN%11C(=O)N%12CN1C1C2N2CN%13C(=O)N(CN%14C(=O)N(CN%15C(=O)N(CN%16C(=O)N(CN%17C(=O)N(CN1C2=O)C%12C%11%17)C%10C9%16)C8C7%15)C6C5%14)C4C3%13,2526C525F966BEE6CB589BBB60C9F4124C02584847747BDAFF4E92B4462536E8,HOST_CAN_0149,PASS,O.O.O.O.O.O.O.[Cl-].[Cl-].[Cl-].[La+3],1E37E2BF0692633D9CE24924BA2B24B23857130425674815F06A869898F2B330,GUEST_CAN_0843,PASS,GINE,2,guest_cold,2,3.6068880558013916
433,1,333,C1C2=CC(=CC(=C2O)CC3=CC(=CC(=C3O)CC4=C(C(=CC(=C4)S(=O)(=O)O)CC5=C(C1=CC(=C5)S(=O)(=O)O)O)O)S(=O)(=O)O)S(=O)(=O)O,C(CC[NH3+])CC(=O)[O-],calixarene,2.259999990463257,O=S(=O)(O)c1cc2c(O)c(c1)Cc1cc(S(=O)(=O)O)cc(c1O)Cc1cc(S(=O)(=O)O)cc(c1O)Cc1cc(S(=O)(=O)O)cc(c1O)C2,C1130CCDC8DA0C6458EF6C2E07E7F3330D8F8B055CBE4DEAADB70DC00C8CDFC1,HOST_CAN_0154,PASS,[NH3+]CCCCC(=O)[O-],45CFEA5FDAA8D7A65790935646985A3ABBFCF5B919C8D0D1B42395924442E282,GUEST_CAN_1081,PASS,GINE,2,guest_cold,2,2.7183752059936523
435,23,334,OC[C@H]1O[C@@H]2O[C@@H]3[C@@H](CO)O[C@H](O[C@@H]4[C@@H](CO)O[C@H](O[C@@H]5[C@@H](CO)O[C@H](O[C@@H]6[C@@H](CO)O[C@H](O[C@@H]7[C@@H](CO)O[C@H](O[C@H]1[C@H](O)[C@H]2O)[C@H](O)[C@H]7O)[C@H](O)[C@H]6O)[C@H](O)[C@H]5O)[C@H](O)[C@H]4O)[C@H](O)[C@H]3O,C(CCC(=O)O)CCN,cyclodextrin,3.1800999641418457,OC[C@H]1O[C@@H]2O[C@H]3[C@H](O)[C@@H](O)[C@@H](O[C@H]4[C@H](O)[C@@H](O)[C@@H](O[C@H]5[C@H](O)[C@@H](O)[C@@H](O[C@H]6[C@H](O)[C@@H](O)[C@@H](O[C@H]7[C@H](O)[C@@H](O)[C@@H](O[C@H]1[C@H](O)[C@H]2O)O[C@@H]7CO)O[C@@H]6CO)O[C@@H]5CO)O[C@@H]4CO)O[C@@H]3CO,9CB41F926A4386D7C0E23599753E6EDC60802BE1DCF577DB9B32CBB20691DB1D,HOST_CAN_0175,PASS,NCCCCCC(=O)O,556BB6F16F621D91B1DC645383B3B2E4F01F4052B797211787737B4069A13D18,GUEST_CAN_0788,PASS,GINE,2,guest_cold,2,2.483536720275879
441,73,286,C1C2=CC(=CC(=C2O)CC3=CC(=CC(=C3O)CC4=CC(=CC(=C4O)CC5=C(C(=CC(=C5)S(=O)(=O)O)CC6=C(C1=CC(=C6)S(=O)(=O)O)O)O)S(=O)(=O)O)S(=O)(=O)O)S(=O)(=O)O,C[N+](C)(C)CCO,calixarene,4.155300140380859,O=S(=O)(O)c1cc2c(O)c(c1)Cc1cc(S(=O)(=O)O)cc(c1O)Cc1cc(S(=O)(=O)O)cc(c1O)Cc1cc(S(=O)(=O)O)cc(c1O)Cc1cc(S(=O)(=O)O)cc(c1O)C2,CE64A1CA71928E5DE79CF9633E11D44D0BC2C175AB3D980BF8052807605CA8CC,HOST_CAN_0155,PASS,C[N+](C)(C)CCO,EE2F222C864A3340CB6DC5C1A21FDDCC9B162B0220641118D30F914132FC0AFF,GUEST_CAN_0568,PASS,GINE,2,guest_cold,2,3.73508620262146
445,38,339,C1C2C3=CC=CC=C3C4=C5C6CC7=CC=CC=C7C8=CC(=CC(=C8)C9=CC=CC=C9CC3C7=CC=CC=C7C(=C24)C3=C5C2=CC=CC=C62)C2=CC=CC=C21,C[N+]1=CC2=CC=CC=C2C=C1,cyclophane,4.653200149536133,c1ccc2c(c1)CC1c3ccccc3-c3c1c1c4c5c3C(Cc3ccccc3-c3cc-2cc(c3)-c2ccccc2CC4c2ccccc2-1)c1ccccc1-5,7D60610AC6275537B6952E12359C97C789A38E2FA1295732E16AF89573CE95C4,HOST_CAN_0186,PASS,C[n+]1ccc2ccccc2c1,E0E3A8758F01B6E7EFEE6752B61621DBB91F8E2DF46ACE46FCD88F51F964AF40,GUEST_CAN_0638,PASS,GINE,2,guest_cold,2,3.8781485557556152
454,11,346,C1N2C3C4N(C2=O)CN5C6C7N(C5=O)CN8C9C2N(C8=O)CN5C8C%10N(C5=O)CN5C%11C%12N(C5=O)CN5C%13C%14N(C5=O)CN5C%15C%16N(C5=O)CN5C%17C(N1C5=O)N1CN3C(=O)N4CN6C(=O)N7CN9C(=O)N2CN8C(=O)N%10CN%11C(=O)N%12CN%13C(=O)N%14CN%15C(=O)N%16CN%17C1=O,C=Cn1cc[n+](c1)Cc1cc(F)cc(c1)F,cucurbituril,5.812099933624268,O=C1N2CN3C(=O)N4CN5C(=O)N6CN7C(=O)N8CN9C(=O)N%10CN%11C(=O)N%12CN%13C(=O)N%14CN%15C(=O)N%16CN1C1C2N2CN%17C(=O)N(CN%18C(=O)N(CN%19C(=O)N(CN%20C(=O)N(CN%21C(=O)N(CN%22C(=O)N(CN%23C(=O)N(CN1C2=O)C%16C%15%23)C%14C%13%22)C%12C%11%21)C%10C9%20)C8C7%19)C6C5%18)C4C3%17,E82CB7F52437B0147F435E3074F006752062FF8924E87C1DAF3210D182FF633B,HOST_CAN_0143,PASS,C=Cn1cc[n+](Cc2cc(F)cc(F)c2)c1,73644E73F42B901B4AAC3D5D491F1550215017E4EC5CB601024E5C0BDDF64F8C,GUEST_CAN_0058,PASS,GINE,2,guest_cold,2,6.101201057434082
461,35,351,[O-]P(=O)(Oc1c2c(c(c3c1C1CC3c3c1cc1c(c3)C3CC1c1c3cccc1)OP(=O)(C)[O-])C1CC2c2c1cc1c(c2)C2CC1c1c2cccc1)C.[Li+].[Li+],C1=CC(=C(C=C1C(CN)O)O)O.Cl,other,2.2553000450134277,CP(=O)([O-])Oc1c2c(c(OP(C)(=O)[O-])c3c1C1CC3c3cc4c(cc31)C1CC4c3ccccc31)C1CC2c2cc3c(cc21)C1CC3c2ccccc21.[Li+].[Li+],0523E219D88C79C8FF3952D24ADDE3A68E28198CE5EE5C77D8FECF429412627C,HOST_CAN_0082,PASS,Cl.NCC(O)c1ccc(O)c(O)c1,77292EA0463E2AED797CAE9779601581D37EB7B67F9EA7796D4F6EE168154886,GUEST_CAN_0687,PASS,GINE,2,guest_cold,2,2.337430238723755
463,8,172,C1N2C3C4N(C2=O)CN5C6C7N(C5=O)CN8C9C2N(C8=O)CN5C8C%10N(C5=O)CN5C%11C%12N(C5=O)CN5C%13C(N1C5=O)N1CN3C(=O)N4CN6C(=O)N7CN9C(=O)N2CN8C(=O)N%10CN%11C(=O)N%12CN%13C1=O,C(CC(=O)O)CN,cucurbituril,3.4000000953674316,O=C1N2CN3C(=O)N4CN5C(=O)N6CN7C(=O)N8CN9C(=O)N%10CN%11C(=O)N%12CN1C1C2N2CN%13C(=O)N(CN%14C(=O)N(CN%15C(=O)N(CN%16C(=O)N(CN%17C(=O)N(CN1C2=O)C%12C%11%17)C%10C9%16)C8C7%15)C6C5%14)C4C3%13,2526C525F966BEE6CB589BBB60C9F4124C02584847747BDAFF4E92B4462536E8,HOST_CAN_0149,PASS,NCCCC(=O)O,27B4AB76DF9E47A44493DE80500C8BD7328EB6FF0484FAA1847C0A6236987891,GUEST_CAN_0779,PASS,GINE,2,guest_cold,2,3.6130361557006836
468,60,356,CCCCOc1ccc2c3c1COCc1c(OCCCC)ccc4c1ccc1c4C4CC(O1)Oc1c4c4ccc(c(COCc5c6c(c7C8c2c(cc3)OC(C8)Oc7cc6)ccc5OCCCC)c4cc1)OCCCC,C(C[N+]12CCN(CC1)CC2)CC[N+]12CCN(CC1)CC2,other,4.832499980926514,CCCCOc1ccc2c3c4ccc2c1COCc1c(OCCCC)ccc2c5c(ccc12)OC1CC5c2c(ccc5c(c(OCCCC)ccc25)COCc2c(OCCCC)ccc5c6c(ccc25)OC(CC36)O4)O1,88DCF2D39B7DF2B43B3F0E5C1B57BDEDED9EEF541105412EB4DABE8747E45264,HOST_CAN_0034,PASS,C(CC[N+]12CCN(CC1)CC2)C[N+]12CCN(CC1)CC2,212DADB77C0BCCDE6BCA1CD86FD6A4AD90DB8B4CFC983717D0AE3C5EF207BF86,GUEST_CAN_0012,PASS,GINE,2,guest_cold,2,5.524762153625488
474,8,361,C1N2C3C4N(C2=O)CN5C6C7N(C5=O)CN8C9C2N(C8=O)CN5C8C%10N(C5=O)CN5C%11C%12N(C5=O)CN5C%13C(N1C5=O)N1CN3C(=O)N4CN6C(=O)N7CN9C(=O)N2CN8C(=O)N%10CN%11C(=O)N%12CN%13C1=O,CC,cucurbituril,3.897599935531616,O=C1N2CN3C(=O)N4CN5C(=O)N6CN7C(=O)N8CN9C(=O)N%10CN%11C(=O)N%12CN1C1C2N2CN%13C(=O)N(CN%14C(=O)N(CN%15C(=O)N(CN%16C(=O)N(CN%17C(=O)N(CN1C2=O)C%12C%11%17)C%10C9%16)C8C7%15)C6C5%14)C4C3%13,2526C525F966BEE6CB589BBB60C9F4124C02584847747BDAFF4E92B4462536E8,HOST_CAN_0149,PASS,CC,A56362A10C816ABF206D72CB914E2D5CA454EB9C7E744F88B1A1422C379E9942,GUEST_CAN_0060,PASS,GINE,2,guest_cold,2,3.2909178733825684
477,11,364,C1N2C3C4N(C2=O)CN5C6C7N(C5=O)CN8C9C2N(C8=O)CN5C8C%10N(C5=O)CN5C%11C%12N(C5=O)CN5C%13C%14N(C5=O)CN5C%15C%16N(C5=O)CN5C%17C(N1C5=O)N1CN3C(=O)N4CN6C(=O)N7CN9C(=O)N2CN8C(=O)N%10CN%11C(=O)N%12CN%13C(=O)N%14CN%15C(=O)N%16CN%17C1=O,O=C(CC[C@@H](C(=O)NCC(=O)N[C@H](C(=O)NCC(=O)N)CCC(=O)NCC[n+]1ccc(cc1)c1cc[n+](cc1)C)NC(=O)CNC(=O)C)NCC[n+]1ccc(cc1)c1cc[n+](cc1)C,cucurbituril,6.322199821472168,O=C1N2CN3C(=O)N4CN5C(=O)N6CN7C(=O)N8CN9C(=O)N%10CN%11C(=O)N%12CN%13C(=O)N%14CN%15C(=O)N%16CN1C1C2N2CN%17C(=O)N(CN%18C(=O)N(CN%19C(=O)N(CN%20C(=O)N(CN%21C(=O)N(CN%22C(=O)N(CN%23C(=O)N(CN1C2=O)C%16C%15%23)C%14C%13%22)C%12C%11%21)C%10C9%20)C8C7%19)C6C5%18)C4C3%17,E82CB7F52437B0147F435E3074F006752062FF8924E87C1DAF3210D182FF633B,HOST_CAN_0143,PASS,CC(=O)NCC(=O)N[C@@H](CCC(=O)NCC[n+]1ccc(-c2cc[n+](C)cc2)cc1)C(=O)NCC(=O)N[C@@H](CCC(=O)NCC[n+]1ccc(-c2cc[n+](C)cc2)cc1)C(=O)NCC(N)=O,7B2BB356BDA6EC20BF918346C4372FC4924F385594D7185DB76C315CC9F000C3,GUEST_CAN_0084,PASS,GINE,2,guest_cold,2,6.100162506103516
482,30,81,C1C2=CC(=CC(=C2O)CC3=CC(=CC(=C3O)CC4=CC(=CC(=C4O)CC5=C(C(=CC(=C5)S(=O)(=O)[O-])CC6=C(C(=CC(=C6)S(=O)(=O)[O-])CC7=C(C1=CC(=C7)S(=O)(=O)[O-])O)O)O)S(=O)(=O)[O-])S(=O)(=O)[O-])S(=O)(=O)[O-],Cc1cc2nc3-c([nH]c2cc1N)cc(=[N+](C)C)cc3,calixarene,4.4253997802734375,O=S(=O)([O-])c1cc2c(O)c(c1)Cc1cc(S(=O)(=O)[O-])cc(c1O)Cc1cc(S(=O)(=O)[O-])cc(c1O)Cc1cc(S(=O)(=O)[O-])cc(c1O)Cc1cc(S(=O)(=O)[O-])cc(c1O)Cc1cc(S(=O)(=O)[O-])cc(c1O)C2,175E9D01D3A7DD7BE73E9B8659E8BAA0A16B2D5C4CCEFE3BEFED10121429BF10,HOST_CAN_0164,PASS,Cc1cc2nc3ccc(=[N+](C)C)cc-3[nH]c2cc1N,C5DF1E7584A7298C9907FD74E586B8A2459B4C1C8328AB00C60A72DAE728E305,GUEST_CAN_0651,PASS,GINE,2,guest_cold,2,4.232229709625244
488,1,370,C1C2=CC(=CC(=C2O)CC3=CC(=CC(=C3O)CC4=C(C(=CC(=C4)S(=O)(=O)O)CC5=C(C1=CC(=C5)S(=O)(=O)O)O)O)S(=O)(=O)O)S(=O)(=O)O,C[NH3+].[Cl-],calixarene,2.725600004196167,O=S(=O)(O)c1cc2c(O)c(c1)Cc1cc(S(=O)(=O)O)cc(c1O)Cc1cc(S(=O)(=O)O)cc(c1O)Cc1cc(S(=O)(=O)O)cc(c1O)C2,C1130CCDC8DA0C6458EF6C2E07E7F3330D8F8B055CBE4DEAADB70DC00C8CDFC1,HOST_CAN_0154,PASS,C[NH3+].[Cl-],A2C62504C739A146AF67BA17040EB085FABB9996F038951E4F75C0A99986EC03,GUEST_CAN_0612,PASS,GINE,2,guest_cold,2,3.412632942199707
497,106,376,CCCOC1=C2CC3=CC(P(OC)(O[Li])=O)=CC(CC4=C(OCCC)C(CC5=C(OCCC)C(CC1=CC(P(OC)(O[Li])=O)=C2)=CC(P(OC)(O[Li])=O)=C5)=CC(P(OC)(O[Li])=O)=C4)=C3OCCC,C(CO)N.Cl,calixarene,1.0,[Li][O]P(=O)(OC)c1cc2c(OCCC)c(c1)Cc1cc(P(=O)([O][Li])OC)cc(c1OCCC)Cc1cc(P(=O)([O][Li])OC)cc(c1OCCC)Cc1cc(P(=O)([O][Li])OC)cc(c1OCCC)C2,7E35E77A746111D0F7C2AD48B4236AD5F23EBD686B02C0BEF4D3F0D97CE016F4,HOST_CAN_0180,PASS,Cl.NCCO,B8BFC7F3AB287F02D64B1AF5D74B52A154A02E551CB075B8B8621A2F056ECCD2,GUEST_CAN_0689,PASS,GINE,2,guest_cold,2,1.0437839031219482
502,92,381,[O-]C(=O)COc1cc(OCC(=O)[O-])c2-c3ccc4c(c3)cc(-c3cc(Cc5cc(-c6cc7cc(-c8cc(Cc1c2)c(OCC(=O)[O-])cc8OCC(=O)[O-])ccc7cc6)c(OCC(=O)[O-])cc5OCC(=O)[O-])c(cc3OCC(=O)[O-])OCC(=O)[O-])cc4.[NH4+].[NH4+].[NH4+].[NH4+].[NH4+].[NH4+].[NH4+].[NH4+],C[n+]1ccc(cc1)c1cc[n+](cc1)C,other,6.517000198364258,O=C([O-])COc1cc(OCC(=O)[O-])c2cc1Cc1cc(c(OCC(=O)[O-])cc1OCC(=O)[O-])-c1ccc3ccc(cc3c1)-c1cc(c(OCC(=O)[O-])cc1OCC(=O)[O-])Cc1cc(c(OCC(=O)[O-])cc1OCC(=O)[O-])-c1ccc3ccc-2cc3c1.[NH4+].[NH4+].[NH4+].[NH4+].[NH4+].[NH4+].[NH4+].[NH4+],56D3222FBB5E69B73B3A70699D6C6231A5D1E6246B2D1238D3BD2287A4DAF3AF,HOST_CAN_0138,PASS,C[n+]1ccc(-c2cc[n+](C)cc2)cc1,746D1F1B269C698A27BEF0406242710F82E0F70BD3E279BC7561F243CFB140A9,GUEST_CAN_0622,PASS,GINE,2,guest_cold,2,6.52116584777832
510,92,386,[O-]C(=O)COc1cc(OCC(=O)[O-])c2-c3ccc4c(c3)cc(-c3cc(Cc5cc(-c6cc7cc(-c8cc(Cc1c2)c(OCC(=O)[O-])cc8OCC(=O)[O-])ccc7cc6)c(OCC(=O)[O-])cc5OCC(=O)[O-])c(cc3OCC(=O)[O-])OCC(=O)[O-])cc4.[NH4+].[NH4+].[NH4+].[NH4+].[NH4+].[NH4+].[NH4+].[NH4+],COC1=C(C2=C[N+]3=C(C=C2C=C1)C4=CC(=C(C=C4CC3)OC)OC)OC,other,6.192999839782715,O=C([O-])COc1cc(OCC(=O)[O-])c2cc1Cc1cc(c(OCC(=O)[O-])cc1OCC(=O)[O-])-c1ccc3ccc(cc3c1)-c1cc(c(OCC(=O)[O-])cc1OCC(=O)[O-])Cc1cc(c(OCC(=O)[O-])cc1OCC(=O)[O-])-c1ccc3ccc-2cc3c1.[NH4+].[NH4+].[NH4+].[NH4+].[NH4+].[NH4+].[NH4+].[NH4+],56D3222FBB5E69B73B3A70699D6C6231A5D1E6246B2D1238D3BD2287A4DAF3AF,HOST_CAN_0138,PASS,COc1cc2c(cc1OC)-c1cc3ccc(OC)c(OC)c3c[n+]1CC2,C080DC3D5F5CA09533B45EC4B15FBD65AFCA0AAB4061BC0856C81B961E60811F,GUEST_CAN_0479,PASS,GINE,2,guest_cold,2,5.515598773956299
511,20,92,O=C(COC1=CC(CC2=C(OCC(O)=O)C=C(C(OCC(O)=O)=C2)CC3=CC(COC(O)=O)=C(C4)C=C3OCC(O)=O)=C(OCC(O)=O)C=C1CC5=C[C@@H](OCC(O)=O)[C@H](C=C5OCC(O)=O)CC6=CC(COC(O)=O)=C(C=C6OCC(O)=O)CC7=C(OCC(O)=O)C=C4C(OCC(O)=O)=C7)O,C[N+]1=CC=C(C=C1)C2=CC=[N+](C=C2)C.[Cl-].[Cl-],pillararene,7.4969000816345215,O=C(O)COC1=C[C@@H]2Cc3cc(COC(=O)O)c(cc3OCC(=O)O)Cc3cc(OCC(=O)O)c(cc3OCC(=O)O)Cc3cc(OCC(=O)O)c(cc3COC(=O)O)Cc3cc(OCC(=O)O)c(cc3OCC(=O)O)Cc3cc(OCC(=O)O)c(cc3OCC(=O)O)CC1=C[C@H]2OCC(=O)O,EB7BB63E53C952B34EDD9A1AA221307EA37FEE1D4C687CFC64D6BC38CEFE6263,HOST_CAN_0126,PASS,C[n+]1ccc(-c2cc[n+](C)cc2)cc1.[Cl-].[Cl-],A34A59C172ABA48CFA54144DF49E70D56803B22DE394E6F3154C1D8F7DC6E5F1,GUEST_CAN_0623,PASS,GINE,2,guest_cold,2,6.722118854522705
517,55,215,OC1=C(CC2=CC(S(=O)([O-])=O)=CC(CC3=C(O)C4=CC(S(=O)([O-])=O)=C3)=C2O)C=C(S(=O)([O-])=O)C=C1CC5=C(O)C(CC6=CC(S(=O)([O-])=O)=CC(CC7=CC(S(=O)([O-])=O)=CC(CC8=C(O)C(CC9=CC(S(=O)([O-])=O)=CC(C4)=C9O)=CC(S(=O)([O-])=O)=C8)=C7OCCN)=C6O)=CC(S(=O)([O-])=O)=C5,CC(C(=O)O)N,calixarene,1.7482000589370728,NCCOc1c2cc(S(=O)(=O)[O-])cc1Cc1cc(S(=O)(=O)[O-])cc(c1O)Cc1cc(S(=O)(=O)[O-])cc(c1O)Cc1cc(S(=O)(=O)[O-])cc(c1O)Cc1cc(S(=O)(=O)[O-])cc(c1O)Cc1cc(S(=O)(=O)[O-])cc(c1O)Cc1cc(S(=O)(=O)[O-])cc(c1O)Cc1cc(S(=O)(=O)[O-])cc(c1O)C2,46CD7FE84C8D6C4EF795EC2A85AC98203C8613778274664FF650C7423640E7D1,HOST_CAN_0112,PASS,CC(N)C(=O)O,6AC3AD1747D8E4C9B36EA5FBFB37965B87CCE816D9D72141F9005590B6D6FC3C,GUEST_CAN_0180,PASS,GINE,2,guest_cold,2,2.2854301929473877
518,32,389,OC(=O)c1ccc(cc1)N=Nc1cc2Cc3cc(N=Nc4ccc(cc4)C(=O)O)cc(c3O)Cc3cc(cc(Cc4c(c(Cc(c1)c2O)cc(N=Nc1ccc(cc1)C(=O)O)c4)O)c3O)/N=N/c1ccc(cc1)C(=O)O,CC1C(C(CC(O1)OC2CC(CC3=C2C(=C4C(=C3O)C(=O)C5=C(C4=O)C(=CC=C5)OC)O)(C(=O)CO)O)N)O,calixarene,8.204099655151367,O=C(O)c1ccc(N=Nc2cc3c(O)c(c2)Cc2cc(N=Nc4ccc(C(=O)O)cc4)cc(c2O)Cc2cc(/N=N/c4ccc(C(=O)O)cc4)cc(c2O)Cc2cc(N=Nc4ccc(C(=O)O)cc4)cc(c2O)C3)cc1,5B585DBFF951CBB98E465DBECF308ACBE2EAF8773CE9C58156BE700CBB287248,HOST_CAN_0134,PASS,COc1cccc2c1C(=O)c1c(O)c3c(c(O)c1C2=O)CC(O)(C(=O)CO)CC3OC1CC(N)C(O)C(C)O1,5E691EE01CBEED4195F6DBAC1948C0336399630FC27CE9AA76E2113537710ABA,GUEST_CAN_0506,PASS,GINE,2,guest_cold,2,4.94622802734375
524,3,323,OC[C@H]1O[C@@H]2O[C@@H]3[C@@H](CO)O[C@H](O[C@@H]4[C@@H](CO)O[C@H](O[C@@H]5[C@@H](CO)O[C@H](O[C@@H]6[C@@H](CO)O[C@H](O[C@@H]7[C@@H](CO)O[C@H](O[C@@H]8[C@@H](CO)O[C@H](O[C@H]1[C@H](O)[C@H]2O)[C@H](O)[C@H]8O)[C@H](O)[C@H]7O)[C@H](O)[C@H]6O)[C@H](O)[C@H]5O)[C@H](O)[C@H]4O)[C@H](O)[C@H]3O,COC(C1=CC=CC=C1)(C(=O)O)C(F)(F)F,cyclodextrin,2.243000030517578,OC[C@H]1O[C@@H]2O[C@H]3[C@H](O)[C@@H](O)[C@@H](O[C@H]4[C@H](O)[C@@H](O)[C@@H](O[C@H]5[C@H](O)[C@@H](O)[C@@H](O[C@H]6[C@H](O)[C@@H](O)[C@@H](O[C@H]7[C@H](O)[C@@H](O)[C@@H](O[C@H]8[C@H](O)[C@@H](O)[C@@H](O[C@H]1[C@H](O)[C@H]2O)O[C@@H]8CO)O[C@@H]7CO)O[C@@H]6CO)O[C@@H]5CO)O[C@@H]4CO)O[C@@H]3CO,22584443D9512992310760C9871E3E6BDB3EDC92006F3EF1EC94F44373907EB1,HOST_CAN_0176,PASS,COC(C(=O)O)(c1ccccc1)C(F)(F)F,85C96E7903F4019B3669733EFEF7B9E39FB06B27FF49E9C8368DDDC0E9C8C069,GUEST_CAN_0452,PASS,GINE,2,guest_cold,2,1.637484073638916
531,48,396,[Na]OS(=O)(=O)CCCOc1c2CN3C(=O)N4[C@]5([C@@]3(N(Cc2c(c2c1cccc2)OCCCS(=O)(=O)O[Na])C(=O)N5CN1[C@@]2(N(C4)C(=O)N3[C@]2(C)N(C1=O)Cc1c(C3)c(OCCCS(=O)(=O)O[Na])c2c(c1OCCCS(=O)(=O)O[Na])cccc2)C)C)C,O=C1N(CC[NH+](C)C)C(=O)c2c3c1ccc1c3c(cc2)c2c3c1ccc1c3c(cc2)C(=O)N(C1=O)CC[NH+](C)C,other,6.257699966430664,C[C@]12N3Cc4c(c(OCCCS(=O)(=O)[O][Na])c5ccccc5c4OCCCS(=O)(=O)[O][Na])CN1C(=O)N1CN4C(=O)N5Cc6c(c(OCCCS(=O)(=O)[O][Na])c7ccccc7c6OCCCS(=O)(=O)[O][Na])CN6C(=O)N(CN(C3=O)[C@]12C)[C@]4(C)[C@@]56C,D18B807A904C56B05E199911FB10FFB774349CC49BBD32D2EFAFF4C892BA649F,HOST_CAN_0090,PASS,C[NH+](C)CCN1C(=O)c2ccc3c4ccc5c6c(ccc(c7ccc(c2c37)C1=O)c64)C(=O)N(CC[NH+](C)C)C5=O,AF93E9FD694F4E81340277F7550D69F1A8903F00C648983B0C445DF2B1BB54E6,GUEST_CAN_0608,PASS,GINE,2,guest_cold,2,5.558382987976074
534,8,398,C1N2C3C4N(C2=O)CN5C6C7N(C5=O)CN8C9C2N(C8=O)CN5C8C%10N(C5=O)CN5C%11C%12N(C5=O)CN5C%13C(N1C5=O)N1CN3C(=O)N4CN6C(=O)N7CN9C(=O)N2CN8C(=O)N%10CN%11C(=O)N%12CN%13C1=O,C(CCCC)O,cucurbituril,2.672600030899048,O=C1N2CN3C(=O)N4CN5C(=O)N6CN7C(=O)N8CN9C(=O)N%10CN%11C(=O)N%12CN1C1C2N2CN%13C(=O)N(CN%14C(=O)N(CN%15C(=O)N(CN%16C(=O)N(CN%17C(=O)N(CN1C2=O)C%12C%11%17)C%10C9%16)C8C7%15)C6C5%14)C4C3%13,2526C525F966BEE6CB589BBB60C9F4124C02584847747BDAFF4E92B4462536E8,HOST_CAN_0149,PASS,CCCCCO,64D1BEDCA3AD9A1D51E4CD33942B548F132A9D77C656AB793A10C46594F30167,GUEST_CAN_0305,PASS,GINE,2,guest_cold,2,3.9322421550750732
535,1,215,C1C2=CC(=CC(=C2O)CC3=CC(=CC(=C3O)CC4=C(C(=CC(=C4)S(=O)(=O)O)CC5=C(C1=CC(=C5)S(=O)(=O)O)O)O)S(=O)(=O)O)S(=O)(=O)O,CC(C(=O)O)N,calixarene,3.2200000286102295,O=S(=O)(O)c1cc2c(O)c(c1)Cc1cc(S(=O)(=O)O)cc(c1O)Cc1cc(S(=O)(=O)O)cc(c1O)Cc1cc(S(=O)(=O)O)cc(c1O)C2,C1130CCDC8DA0C6458EF6C2E07E7F3330D8F8B055CBE4DEAADB70DC00C8CDFC1,HOST_CAN_0154,PASS,CC(N)C(=O)O,6AC3AD1747D8E4C9B36EA5FBFB37965B87CCE816D9D72141F9005590B6D6FC3C,GUEST_CAN_0180,PASS,GINE,2,guest_cold,2,2.3169167041778564
544,4,50,[Na]OS(=O)(=O)CCCCOC=1C=C(C=CC1)[C@@H]1N=C(OC1)CC1=C(C(=C(C(=C1C)CC=1OC[C@@H](N1)C1=CC(=CC=C1)OCCCCS(=O)(=O)O[Na])C)CC=1OC[C@@H](N1)C1=CC(=CC=C1)OCCCCS(=O)(=O)O[Na])C,C1=CC=C(C(=C1)O)O,other,1.0,Cc1c(CC2=N[C@@H](c3cccc(OCCCCS(=O)(=O)[O][Na])c3)CO2)c(C)c(CC2=N[C@@H](c3cccc(OCCCCS(=O)(=O)[O][Na])c3)CO2)c(C)c1CC1=N[C@@H](c2cccc(OCCCCS(=O)(=O)[O][Na])c2)CO1,9E3429786C624B72E8FD089068975D2A1C33E04632FEA26EF01294722587A124,HOST_CAN_0098,PASS,Oc1ccccc1O,D6044096AF0493CF06B8B5FDAA8C090BB98BA46AF75026C46D7FE4ACEF4715BB,GUEST_CAN_1007,PASS,GINE,2,guest_cold,2,1.7378928661346436
552,11,410,C1N2C3C4N(C2=O)CN5C6C7N(C5=O)CN8C9C2N(C8=O)CN5C8C%10N(C5=O)CN5C%11C%12N(C5=O)CN5C%13C%14N(C5=O)CN5C%15C%16N(C5=O)CN5C%17C(N1C5=O)N1CN3C(=O)N4CN6C(=O)N7CN9C(=O)N2CN8C(=O)N%10CN%11C(=O)N%12CN%13C(=O)N%14CN%15C(=O)N%16CN%17C1=O,O=C(NC1=CC=C2C3=C1C=CC4=C3C(C=C2)=CC=C4)OCCOCCOCCOCCOCCOCCOCCOCCOCCOCCOCCOCCOCCOCCOCCOCCOCCOCCOCCOCCOCCOCCOCCOCCOCCOCCOCCOCCOCCOCCOCCOCCOCCOCCOCCOCCOCCOCCOCCOCCOCCOCCOCCOCCOC,cucurbituril,4.946000099182129,O=C1N2CN3C(=O)N4CN5C(=O)N6CN7C(=O)N8CN9C(=O)N%10CN%11C(=O)N%12CN%13C(=O)N%14CN%15C(=O)N%16CN1C1C2N2CN%17C(=O)N(CN%18C(=O)N(CN%19C(=O)N(CN%20C(=O)N(CN%21C(=O)N(CN%22C(=O)N(CN%23C(=O)N(CN1C2=O)C%16C%15%23)C%14C%13%22)C%12C%11%21)C%10C9%20)C8C7%19)C6C5%18)C4C3%17,E82CB7F52437B0147F435E3074F006752062FF8924E87C1DAF3210D182FF633B,HOST_CAN_0143,PASS,COCCOCCOCCOCCOCCOCCOCCOCCOCCOCCOCCOCCOCCOCCOCCOCCOCCOCCOCCOCCOCCOCCOCCOCCOCCOCCOCCOCCOCCOCCOCCOCCOCCOCCOCCOCCOCCOCCOCCOCCOCCOCCOCCOCCOC(=O)Nc1ccc2ccc3cccc4ccc1c2c34,54554CBC48E29613B207C63BA9FE3B79F581F81F0D80F56B7EC33DF0EB427218,GUEST_CAN_0461,PASS,GINE,2,guest_cold,2,5.106529235839844
554,85,54,OC[C@H]1O[C@@H]2O[C@@H]3[C@@H](CO)O[C@H](O[C@@H]4[C@@H](CO)O[C@H](O[C@@H]5[C@@H](CO)O[C@H](O[C@@H]6[C@@H](CO)O[C@H](O[C@@H]7[C@@H](CO)O[C@H](O[C@@H]8[C@@H](CO)O[C@H](O[C@@H]9[C@@H](CO)O[C@H](O[C@H]1[C@H](O)[C@H]2O)[C@H](O)[C@H]9O)[C@H](O)[C@H]8O)[C@H](O)[C@H]7O)[C@H](O)[C@H]6O)[C@H](O)[C@H]5O)[C@H](O)[C@H]4O)[C@H](O)[C@H]3O,C1C2CC3CC1CC(C2)(C3)C(=O)O,cyclodextrin,2.283400058746338,OC[C@H]1O[C@@H]2O[C@H]3[C@H](O)[C@@H](O)[C@@H](O[C@H]4[C@H](O)[C@@H](O)[C@@H](O[C@H]5[C@H](O)[C@@H](O)[C@@H](O[C@H]6[C@H](O)[C@@H](O)[C@@H](O[C@H]7[C@H](O)[C@@H](O)[C@@H](O[C@H]8[C@H](O)[C@@H](O)[C@@H](O[C@H]9[C@H](O)[C@@H](O)[C@@H](O[C@H]1[C@H](O)[C@H]2O)O[C@@H]9CO)O[C@@H]8CO)O[C@@H]7CO)O[C@@H]6CO)O[C@@H]5CO)O[C@@H]4CO)O[C@@H]3CO,4E4982FCAA8A96CE9D40EDC97C9574B542F86F2BEB463ECAA6DCE3670D2F9B83,HOST_CAN_0177,PASS,O=C(O)C12CC3CC(CC(C3)C1)C2,BDD5C5A261E793089EEA24870ABE3EB6AAE16382F79784242493A375DCA0EDE8,GUEST_CAN_0863,PASS,GINE,2,guest_cold,2,3.4363279342651367
563,3,413,OC[C@H]1O[C@@H]2O[C@@H]3[C@@H](CO)O[C@H](O[C@@H]4[C@@H](CO)O[C@H](O[C@@H]5[C@@H](CO)O[C@H](O[C@@H]6[C@@H](CO)O[C@H](O[C@@H]7[C@@H](CO)O[C@H](O[C@@H]8[C@@H](CO)O[C@H](O[C@H]1[C@H](O)[C@H]2O)[C@H](O)[C@H]8O)[C@H](O)[C@H]7O)[C@H](O)[C@H]6O)[C@H](O)[C@H]5O)[C@H](O)[C@H]4O)[C@H](O)[C@H]3O,OC1=CC=C(C=C1)N=NC1=CC=CC=C1,cyclodextrin,2.5302000045776367,OC[C@H]1O[C@@H]2O[C@H]3[C@H](O)[C@@H](O)[C@@H](O[C@H]4[C@H](O)[C@@H](O)[C@@H](O[C@H]5[C@H](O)[C@@H](O)[C@@H](O[C@H]6[C@H](O)[C@@H](O)[C@@H](O[C@H]7[C@H](O)[C@@H](O)[C@@H](O[C@H]8[C@H](O)[C@@H](O)[C@@H](O[C@H]1[C@H](O)[C@H]2O)O[C@@H]8CO)O[C@@H]7CO)O[C@@H]6CO)O[C@@H]5CO)O[C@@H]4CO)O[C@@H]3CO,22584443D9512992310760C9871E3E6BDB3EDC92006F3EF1EC94F44373907EB1,HOST_CAN_0176,PASS,Oc1ccc(N=Nc2ccccc2)cc1,758D2839B54A895381DCF3B47E19C1E793C860CD75C37FD79A798417D0F22D3E,GUEST_CAN_0995,PASS,GINE,2,guest_cold,2,1.5445318222045898
567,115,215,C(CCC)C1=C(C(OC2=CC(=CC=C12)N(CC)CC)=O)C=O,CC(C(=O)O)N,other,0.1460999995470047,CCCCc1c(C=O)c(=O)oc2cc(N(CC)CC)ccc12,50E4CC3B42DB2A1D81BA2FCB02D3EA8F0BF1EB0B92ACDAB1C80BFBFCC39A06BB,HOST_CAN_0035,PASS,CC(N)C(=O)O,6AC3AD1747D8E4C9B36EA5FBFB37965B87CCE816D9D72141F9005590B6D6FC3C,GUEST_CAN_0180,PASS,GINE,2,guest_cold,2,1.8712408542633057
570,11,418,C1N2C3C4N(C2=O)CN5C6C7N(C5=O)CN8C9C2N(C8=O)CN5C8C%10N(C5=O)CN5C%11C%12N(C5=O)CN5C%13C%14N(C5=O)CN5C%15C%16N(C5=O)CN5C%17C(N1C5=O)N1CN3C(=O)N4CN6C(=O)N7CN9C(=O)N2CN8C(=O)N%10CN%11C(=O)N%12CN%13C(=O)N%14CN%15C(=O)N%16CN%17C1=O,[CH]1[CH][CH][CH][CH]1.[CH]1[CH][CH][C]([CH]1)CO.[Fe],cucurbituril,6.55810022354126,O=C1N2CN3C(=O)N4CN5C(=O)N6CN7C(=O)N8CN9C(=O)N%10CN%11C(=O)N%12CN%13C(=O)N%14CN%15C(=O)N%16CN1C1C2N2CN%17C(=O)N(CN%18C(=O)N(CN%19C(=O)N(CN%20C(=O)N(CN%21C(=O)N(CN%22C(=O)N(CN%23C(=O)N(CN1C2=O)C%16C%15%23)C%14C%13%22)C%12C%11%21)C%10C9%20)C8C7%19)C6C5%18)C4C3%17,E82CB7F52437B0147F435E3074F006752062FF8924E87C1DAF3210D182FF633B,HOST_CAN_0143,PASS,OC[C]1[CH][CH][CH][CH]1.[CH]1[CH][CH][CH][CH]1.[Fe],598F58B7E73A7A8C503349E1FB5AEC855C474C9E6DEB14009D5A6FCA0DF34B7B,GUEST_CAN_0983,PASS,GINE,2,guest_cold,2,3.3655004501342773
577,11,423,C1N2C3C4N(C2=O)CN5C6C7N(C5=O)CN8C9C2N(C8=O)CN5C8C%10N(C5=O)CN5C%11C%12N(C5=O)CN5C%13C%14N(C5=O)CN5C%15C%16N(C5=O)CN5C%17C(N1C5=O)N1CN3C(=O)N4CN6C(=O)N7CN9C(=O)N2CN8C(=O)N%10CN%11C(=O)N%12CN%13C(=O)N%14CN%15C(=O)N%16CN%17C1=O,COCCOCCOCCOCCOCCOCCOCCOCCOCCOCCOCCOCCOCCOCCOCCOCCOCCOCCOCCOCCOCCOCCOCCOCCOCCOCCOCCOCCOCCOCCOCCOCCOCCOCCOCCOCCOCCOCCOCCOCCOCCOCCOCCOCCOCCOCCOCCOCCOCCOCCOCCOCCOCCOCCOCCOCCOCCOCCOCCOCCOCCOCCOCCOCCOCCOCCOCCOCCOCCOCCOCCOCCOCCOCCOCCOCCOCCOCCOCCOCCOCCOCCOCCOCCOCCOCCOCCOCCOCCOCCOCCOCCOCCOCCOCCOCCOCCOCCOCCOCCOCCOCCOCCOCCOCCOCCOCCOCCOCCOCCOCCOCCOCCOC(=O)Nc1ccc2c(c1)cccc2,cucurbituril,5.113100051879883,O=C1N2CN3C(=O)N4CN5C(=O)N6CN7C(=O)N8CN9C(=O)N%10CN%11C(=O)N%12CN%13C(=O)N%14CN%15C(=O)N%16CN1C1C2N2CN%17C(=O)N(CN%18C(=O)N(CN%19C(=O)N(CN%20C(=O)N(CN%21C(=O)N(CN%22C(=O)N(CN%23C(=O)N(CN1C2=O)C%16C%15%23)C%14C%13%22)C%12C%11%21)C%10C9%20)C8C7%19)C6C5%18)C4C3%17,E82CB7F52437B0147F435E3074F006752062FF8924E87C1DAF3210D182FF633B,HOST_CAN_0143,PASS,COCCOCCOCCOCCOCCOCCOCCOCCOCCOCCOCCOCCOCCOCCOCCOCCOCCOCCOCCOCCOCCOCCOCCOCCOCCOCCOCCOCCOCCOCCOCCOCCOCCOCCOCCOCCOCCOCCOCCOCCOCCOCCOCCOCCOCCOCCOCCOCCOCCOCCOCCOCCOCCOCCOCCOCCOCCOCCOCCOCCOCCOCCOCCOCCOCCOCCOCCOCCOCCOCCOCCOCCOCCOCCOCCOCCOCCOCCOCCOCCOCCOCCOCCOCCOCCOCCOCCOCCOCCOCCOCCOCCOCCOCCOCCOCCOCCOCCOCCOCCOCCOCCOCCOCCOCCOCCOCCOCCOCCOCCOCCOCCOCCOC(=O)Nc1ccc2ccccc2c1,279FCF72EF5CEBC79A298C5B4DAD7B36320E6BCD0896B380002FC9CAD2FEDB07,GUEST_CAN_0469,PASS,GINE,2,guest_cold,2,4.949157238006592
581,86,351,[Na]OS(=O)(=O)CCCCOC=1C=C(C=CC1)[C@@H]1N=C(OC1)CC1=C(C(=C(C(=C1CC)CC=1OC[C@@H](N1)C1=CC(=CC=C1)OCCCCS(=O)(=O)O[Na])CC)CC=1OC[C@@H](N1)C1=CC(=CC=C1)OCCCCS(=O)(=O)O[Na])CC,C1=CC(=C(C=C1C(CN)O)O)O.Cl,other,1.8691999912261963,CCc1c(CC2=N[C@@H](c3cccc(OCCCCS(=O)(=O)[O][Na])c3)CO2)c(CC)c(CC2=N[C@@H](c3cccc(OCCCCS(=O)(=O)[O][Na])c3)CO2)c(CC)c1CC1=N[C@@H](c2cccc(OCCCCS(=O)(=O)[O][Na])c2)CO1,A0794E3195B22DC21424CE7BDC74C772C0ED7BF37D1C4B8CF085F54EF0D1331E,HOST_CAN_0047,PASS,Cl.NCC(O)c1ccc(O)c(O)c1,77292EA0463E2AED797CAE9779601581D37EB7B67F9EA7796D4F6EE168154886,GUEST_CAN_0687,PASS,GINE,2,guest_cold,2,2.200385570526123
582,45,286,C1C2=CC(=CC=C2)CC3=CC(=CC=C3)CC4=CC=CC(=C4)CC5=CC=CC1=C5,C[N+](C)(C)CCO,calixarene,4.479499816894531,c1cc2cc(c1)Cc1cccc(c1)Cc1cccc(c1)Cc1cccc(c1)C2,001BA14F081450375618B4DEC192A3633931B27A166EE11658CCCBFAB45E327F,HOST_CAN_0183,PASS,C[N+](C)(C)CCO,EE2F222C864A3340CB6DC5C1A21FDDCC9B162B0220641118D30F914132FC0AFF,GUEST_CAN_0568,PASS,GINE,2,guest_cold,2,3.4247734546661377
589,2,432,C1N2C3C4N(C2=O)CN5C6C7N(C5=O)CN8C9C2N(C8=O)CN5C8C%10N(C5=O)CN5C%11C(N1C5=O)N1CN3C(=O)N4CN6C(=O)N7CN9C(=O)N2CN8C(=O)N%10CN%11C1=O,[N+](=O)([O-])[O-].[K+],cucurbituril,4.730000019073486,O=C1N2CN3C(=O)N4CN5C(=O)N6CN7C(=O)N8CN9C(=O)N%10CN1C1C2N2CN%11C(=O)N(CN%12C(=O)N(CN%13C(=O)N(CN%14C(=O)N(CN1C2=O)C%10C9%14)C8C7%13)C6C5%12)C4C3%11,EE085DEDB538468744A3EBDAC86A0BF01B424E1C1BBF9C3E804B43220B2C1DDA,HOST_CAN_0150,PASS,O=[N+]([O-])[O-].[K+],35E4DE3146E71397B4AB113E98534AEA983AF4FE7BDDF1EF95A49ABCDCD93878,GUEST_CAN_0948,PASS,GINE,2,guest_cold,2,2.496906042098999
599,20,140,O=C(COC1=CC(CC2=C(OCC(O)=O)C=C(C(OCC(O)=O)=C2)CC3=CC(COC(O)=O)=C(C4)C=C3OCC(O)=O)=C(OCC(O)=O)C=C1CC5=C[C@@H](OCC(O)=O)[C@H](C=C5OCC(O)=O)CC6=CC(COC(O)=O)=C(C=C6OCC(O)=O)CC7=C(OCC(O)=O)C=C4C(OCC(O)=O)=C7)O,C[N+]1(CCC2=CC(=C(C=C2C1CC3=CC(=C(C=C3)OC)OC)OC)OC)CCC(=O)OCCCCCOC(=O)CC[N+]4(CCC5=CC(=C(C=C5C4CC6=CC(=C(C=C6)OC)OC)OC)OC)C,pillararene,5.021200180053711,O=C(O)COC1=C[C@@H]2Cc3cc(COC(=O)O)c(cc3OCC(=O)O)Cc3cc(OCC(=O)O)c(cc3OCC(=O)O)Cc3cc(OCC(=O)O)c(cc3COC(=O)O)Cc3cc(OCC(=O)O)c(cc3OCC(=O)O)Cc3cc(OCC(=O)O)c(cc3OCC(=O)O)CC1=C[C@H]2OCC(=O)O,EB7BB63E53C952B34EDD9A1AA221307EA37FEE1D4C687CFC64D6BC38CEFE6263,HOST_CAN_0126,PASS,COc1ccc(CC2c3cc(OC)c(OC)cc3CC[N+]2(C)CCC(=O)OCCCCCOC(=O)CC[N+]2(C)CCc3cc(OC)c(OC)cc3C2Cc2ccc(OC)c(OC)c2)cc1OC,7CB80D14DBDE4459301A58035D4B211AB0E120E8FE777FBFBF14FB9517D00D03,GUEST_CAN_0486,PASS,GINE,2,guest_cold,2,6.036192893981934
600,23,23,OC[C@H]1O[C@@H]2O[C@@H]3[C@@H](CO)O[C@H](O[C@@H]4[C@@H](CO)O[C@H](O[C@@H]5[C@@H](CO)O[C@H](O[C@@H]6[C@@H](CO)O[C@H](O[C@@H]7[C@@H](CO)O[C@H](O[C@H]1[C@H](O)[C@H]2O)[C@H](O)[C@H]7O)[C@H](O)[C@H]6O)[C@H](O)[C@H]5O)[C@H](O)[C@H]4O)[C@H](O)[C@H]3O,C(#N)[S-].[Na+],cyclodextrin,1.1900999546051025,OC[C@H]1O[C@@H]2O[C@H]3[C@H](O)[C@@H](O)[C@@H](O[C@H]4[C@H](O)[C@@H](O)[C@@H](O[C@H]5[C@H](O)[C@@H](O)[C@@H](O[C@H]6[C@H](O)[C@@H](O)[C@@H](O[C@H]7[C@H](O)[C@@H](O)[C@@H](O[C@H]1[C@H](O)[C@H]2O)O[C@@H]7CO)O[C@@H]6CO)O[C@@H]5CO)O[C@@H]4CO)O[C@@H]3CO,9CB41F926A4386D7C0E23599753E6EDC60802BE1DCF577DB9B32CBB20691DB1D,HOST_CAN_0175,PASS,N#C[S-].[Na+],C7EA3C834D4CD40D84736D62A55B84043DA6CC95962CF4DF2592DE68C06B9A69,GUEST_CAN_0714,PASS,GINE,2,guest_cold,2,1.4607434272766113
602,35,439,[O-]P(=O)(Oc1c2c(c(c3c1C1CC3c3c1cc1c(c3)C3CC1c1c3cccc1)OP(=O)(C)[O-])C1CC2c2c1cc1c(c2)C2CC1c1c2cccc1)C.[Li+].[Li+],C(CCN)CC(C(=O)O)N.Cl,other,3.1022000312805176,CP(=O)([O-])Oc1c2c(c(OP(C)(=O)[O-])c3c1C1CC3c3cc4c(cc31)C1CC4c3ccccc31)C1CC2c2cc3c(cc21)C1CC3c2ccccc21.[Li+].[Li+],0523E219D88C79C8FF3952D24ADDE3A68E28198CE5EE5C77D8FECF429412627C,HOST_CAN_0082,PASS,Cl.NCCCCC(N)C(=O)O,8FFA886A41D9098D64B27B9C9886324CA1B4A58DAD526EF9C6AC5F51515F8B9D,GUEST_CAN_0688,PASS,GINE,2,guest_cold,2,2.495454788208008
604,3,441,OC[C@H]1O[C@@H]2O[C@@H]3[C@@H](CO)O[C@H](O[C@@H]4[C@@H](CO)O[C@H](O[C@@H]5[C@@H](CO)O[C@H](O[C@@H]6[C@@H](CO)O[C@H](O[C@@H]7[C@@H](CO)O[C@H](O[C@@H]8[C@@H](CO)O[C@H](O[C@H]1[C@H](O)[C@H]2O)[C@H](O)[C@H]8O)[C@H](O)[C@H]7O)[C@H](O)[C@H]6O)[C@H](O)[C@H]5O)[C@H](O)[C@H]4O)[C@H](O)[C@H]3O,CCC(=O)C1=CC2=C(C=C1)C=C(C=C2)N(C)C,cyclodextrin,2.9356000423431396,OC[C@H]1O[C@@H]2O[C@H]3[C@H](O)[C@@H](O)[C@@H](O[C@H]4[C@H](O)[C@@H](O)[C@@H](O[C@H]5[C@H](O)[C@@H](O)[C@@H](O[C@H]6[C@H](O)[C@@H](O)[C@@H](O[C@H]7[C@H](O)[C@@H](O)[C@@H](O[C@H]8[C@H](O)[C@@H](O)[C@@H](O[C@H]1[C@H](O)[C@H]2O)O[C@@H]8CO)O[C@@H]7CO)O[C@@H]6CO)O[C@@H]5CO)O[C@@H]4CO)O[C@@H]3CO,22584443D9512992310760C9871E3E6BDB3EDC92006F3EF1EC94F44373907EB1,HOST_CAN_0176,PASS,CCC(=O)c1ccc2cc(N(C)C)ccc2c1,DEAB273D7E868ABFF4CCD306137E513FDAF383B7D5EA5519D2A28AA424FBA51D,GUEST_CAN_0254,PASS,GINE,2,guest_cold,2,2.6010122299194336
610,15,444,C1=C2C=C3C=C1OC4=CC(=CC(=C4)C(=O)O)OC5=CC6=CC(=C5)C7OC8=CC9=C1C=C8C(C4=C(O7)C=C5C(=C4)C(C4=CC7=C(C=C4OC2O5)OC2C4=CC(=CC(=C4)OC4=CC(=CC(=C4)C(=O)O)OC4=CC(=CC(=C4)OC4=CC(=CC(=C4)O6)C(=O)O)C(O9)OC4=C(C1CCC(=O)O)C=C(C7CCC(=O)O)C(=C4)O2)OC1=CC(=CC(=C1)O3)C(=O)O)CCC(=O)O)CCC(=O)O,C(\C=C\CCC)(=O)O,cavitand,3.409899950027466,O=C(O)CCC1c2cc3c4cc2OC2Oc5cc6c(cc51)C(CCC(=O)O)c1cc5c7cc1OC(O6)c1cc6cc(c1)Oc1cc(cc(C(=O)O)c1)Oc1cc8cc(c1)C(Oc1cc(c(cc1C5CCC(=O)O)C3CCC(=O)O)OC(O4)c1cc(cc(c1)Oc1cc(cc(C(=O)O)c1)O8)Oc1cc(cc(C(=O)O)c1)Oc1cc(cc2c1)Oc1cc(cc(C(=O)O)c1)O6)O7,AE6E8A9B8E3ECDE32B65BE9B8736ECC23E2311A112E2CA1B78F35ECF9046A382,HOST_CAN_0117,PASS,CCC/C=C/C(=O)O,174795B24B4C82E48B9F383BCDC2FE2225FA3FA7376372DB291624AE5C5CDAD0,GUEST_CAN_0261,PASS,GINE,2,guest_cold,2,3.7603068351745605
615,8,448,C1N2C3C4N(C2=O)CN5C6C7N(C5=O)CN8C9C2N(C8=O)CN5C8C%10N(C5=O)CN5C%11C%12N(C5=O)CN5C%13C(N1C5=O)N1CN3C(=O)N4CN6C(=O)N7CN9C(=O)N2CN8C(=O)N%10CN%11C(=O)N%12CN%13C1=O,NCC(=O)N[C@@H](CC1=CNC=N1)C(=O)O,cucurbituril,2.7899999618530273,O=C1N2CN3C(=O)N4CN5C(=O)N6CN7C(=O)N8CN9C(=O)N%10CN%11C(=O)N%12CN1C1C2N2CN%13C(=O)N(CN%14C(=O)N(CN%15C(=O)N(CN%16C(=O)N(CN%17C(=O)N(CN1C2=O)C%12C%11%17)C%10C9%16)C8C7%15)C6C5%14)C4C3%13,2526C525F966BEE6CB589BBB60C9F4124C02584847747BDAFF4E92B4462536E8,HOST_CAN_0149,PASS,NCC(=O)N[C@@H](Cc1c[nH]cn1)C(=O)O,6C1B97FBFBF54DB6FFADF95689E0D6CC27AB4EAC58982DF358081D49043662C7,GUEST_CAN_0772,PASS,GINE,2,guest_cold,2,3.3275089263916016
625,9,265,[O-]C(=O)COc1ccc2c3c1CNC(=O)c1c(OCC(=O)[O-])ccc4c1ccc1c4C4CC(O1)Oc1c4c4ccc(c(C(=O)NCc5c6c(c7C8c2c(cc3)OC(C8)Oc7cc6)ccc5OCC(=O)[O-])c4cc1)OCC(=O)[O-].[NH4+].[NH4+].[NH4+].[NH4+],C1COCO1,other,2.4323999881744385,O=C([O-])COc1ccc2c3c4ccc2c1CNC(=O)c1c(OCC(=O)[O-])ccc2c5c(ccc12)OC1CC5c2c(ccc5c(c(OCC(=O)[O-])ccc25)C(=O)NCc2c(OCC(=O)[O-])ccc5c6c(ccc25)OC(CC36)O4)O1.[NH4+].[NH4+].[NH4+].[NH4+],7D3830C6A6E10F82EEBCC3ED68B861BB21ED63B1DDB277580F3032527E5A1183,HOST_CAN_0139,PASS,C1COCO1,6329F6891F70FDFD32D72476ABBEFB6363AC07912B1D5C569A6DEAD6D6807EA4,GUEST_CAN_0038,PASS,GINE,2,guest_cold,2,2.4737093448638916
626,34,215,OC1=C(CC2=CC(S(=O)([O-])=O)=CC(CC(C=C3S(=O)([O-])=O)=C4OCC(O)=O)=C2O)C=C(S(=O)([O-])=O)C=C1CC5=CC(S(=O)([O-])=O)=CC(CC4=C3)=C5O,CC(C(=O)O)N,calixarene,1.919100046157837,O=C(O)COc1c2cc(S(=O)(=O)[O-])cc1Cc1cc(S(=O)(=O)[O-])cc(c1O)Cc1cc(S(=O)(=O)[O-])cc(c1O)Cc1cc(S(=O)(=O)[O-])cc(c1O)C2,EBB61F0F13AD36B6AF388F0A3BF11BFB93DBCC3093F712DCC0802C51D18DC147,HOST_CAN_0129,PASS,CC(N)C(=O)O,6AC3AD1747D8E4C9B36EA5FBFB37965B87CCE816D9D72141F9005590B6D6FC3C,GUEST_CAN_0180,PASS,GINE,2,guest_cold,2,2.2645719051361084
627,33,99,[H]C1(C(C(O[C@](OC2=C1C=C3[C@]4([H])CCC[N+](C)(C)C)([H])C5=CC(O6)=CC(OC7=CC8=CC(C[N+](C)(C)C)=C7)=C5)=C9)=CC%10=C9O[C@](C%11=CC(O8)=CC(OC%12=CC%13=CC(C[N+](C)(C)C)=C%12)=C%11)([H])OC%14=C(C%10([H])CCC[N+](C)(C)C)C=C%15C(O[C@](C%16=CC%17=CC(O%13)=C%16)([H])OC%18=CC(O[C@](C%19=CC(OC%20=CC(O%17)=CC(C[N+](C)(C)C)=C%20)=CC(OC%21=CC6=CC(C[N+](C)(C)C)=C%21)=C%19)([H])OC3=C2)=C4C=C%18[C@]%15([H])CCC[N+](C)(C)C)=C%14)CCC[N+](C)(C)C.[Cl-].[Cl-].[Cl-].[Cl-].[Cl-].[Cl-].[Cl-].[Cl-],[O-]Cl(=O)(=O)=O.[Na+],other,3.5069000720977783,C[N+](C)(C)CCCC1c2cc3c4cc2O[C@H]2Oc5cc6c(cc51)[C@H](CCC[N+](C)(C)C)c1cc5c7cc1O[C@H](O6)c1cc6cc(c1)Oc1cc(C[N+](C)(C)C)cc(c1)Oc1cc8cc(c1)[C@H](Oc1cc(c(cc1[C@H]5CCC[N+](C)(C)C)C3CCC[N+](C)(C)C)O[C@@H](O4)c1cc(cc(c1)Oc1cc(C[N+](C)(C)C)cc(c1)O8)Oc1cc(C[N+](C)(C)C)cc(c1)Oc1cc(cc2c1)Oc1cc(C[N+](C)(C)C)cc(c1)O6)O7.[Cl-].[Cl-].[Cl-].[Cl-].[Cl-].[Cl-].[Cl-].[Cl-],F783BB4F0E2D9595DCCBD26C1895FCF835428AF86721AF4DD7F78FB07FBB8527,HOST_CAN_0096,PASS,[Na+].[O-][Cl+3]([O-])([O-])[O-],79F198E0F60D33505BEB2FD5A228F5DD74E58A284D9D51E59696EF81616913EE,GUEST_CAN_1100,PASS,GINE,2,guest_cold,2,4.531506061553955
630,0,455,O=C1N(C2)[C@@](N3CN4[C@]5([H])N2C(N(CN6C(N(C7)[C@@](N8CN9[C@]%10(C)N7C(N(CC%11=C%12C(OCCCS(=O)(O[Na])=O)=C(C=CC=C%13)C%13=C%11OCCCS(=O)(O[Na])=O)[C@]%10(C)N(C%12)C9=O)=O)([H])[C@]6([H])N%14C8=O)=O)[C@]5([H])N(C%14)C4=O)=O)(C)[C@@]%15(C)N1CC%16=C(OCCCS(=O)(O[Na])=O)C(C=CC=C%17)=C%17C(OCCCS(=O)(O[Na])=O)=C%16CN%15C3=O,CN1CCC2=CC(=C3C=C2C1CC4=CC=C(C=C4)OC5=C6C(CC7=CC(=C(C=C7)O)O3)[N+](CCC6=CC(=C5O)OC)(C)C)OC,cucurbituril,5.342400074005127,C[C@]12N3Cc4c(c(OCCCS(=O)(=O)[O][Na])c5ccccc5c4OCCCS(=O)(=O)[O][Na])CN1C(=O)N1CN4C(=O)N5CN6C(=O)N7CN8C(=O)N9Cc%10c(c(OCCCS(=O)(=O)[O][Na])c%11ccccc%11c%10OCCCS(=O)(=O)[O][Na])CN%10C(=O)N(CN%11C(=O)N(CN%12C(=O)N(CN(C3=O)[C@]12C)[C@@H]4[C@H]%125)[C@@H]6[C@H]%117)[C@]8(C)[C@@]9%10C,9EF4AEE70348DBF45901607A97132AC332124AFAE94A1B457DED67D40489BA37,HOST_CAN_0088,PASS,COc1cc2c3cc1Oc1cc(ccc1O)CC1c4c(cc(OC)c(O)c4Oc4ccc(cc4)CC3N(C)CC2)CC[N+]1(C)C,1B7223C084CB85DD588388BA262115F08AB957FB0FAD473D2ADB5CCD9CBE51FB,GUEST_CAN_0481,PASS,GINE,2,guest_cold,2,5.363621711730957
645,123,464,[Na]OS(=O)(=O)c1ccc(cc1)N=Nc1cc2Cc3cc(N=Nc4ccc(cc4)S(=O)(=O)O[Na])cc(c3O)Cc3cc(cc(Cc4c(c(Cc(c1)c2O)cc(/N=N/c1ccc(cc1)S(=O)(=O)O[Na])c4)O)c3O)/N=N/c1ccc(cc1)S(=O)(=O)O[Na],CCCN1c2ccccc2C(/C/1=C/C=C/1\CCCC(=C1Cl)/C=C/C1=[N+](CCC)c2c(C1(C)C)cccc2)(C)C.[I-],calixarene,6.322199821472168,O=S(=O)([O][Na])c1ccc(N=Nc2cc3c(O)c(c2)Cc2cc(/N=N/c4ccc(S(=O)(=O)[O][Na])cc4)cc(c2O)Cc2cc(/N=N/c4ccc(S(=O)(=O)[O][Na])cc4)cc(c2O)Cc2cc(N=Nc4ccc(S(=O)(=O)[O][Na])cc4)cc(c2O)C3)cc1,544EE97E01F97F0432023165405A220034C2FC0C5A49A4E738969204EB66D3D4,HOST_CAN_0170,PASS,CCCN1/C(=C\C=C2/CCCC(/C=C/C3=[N+](CCC)c4ccccc4C3(C)C)=C2Cl)C(C)(C)c2ccccc21.[I-],C6134AC374607D29755300A057745976433909E073A85C043D920EB96147F247,GUEST_CAN_0331,PASS,GINE,2,guest_cold,2,3.6658718585968018
649,3,467,OC[C@H]1O[C@@H]2O[C@@H]3[C@@H](CO)O[C@H](O[C@@H]4[C@@H](CO)O[C@H](O[C@@H]5[C@@H](CO)O[C@H](O[C@@H]6[C@@H](CO)O[C@H](O[C@@H]7[C@@H](CO)O[C@H](O[C@@H]8[C@@H](CO)O[C@H](O[C@H]1[C@H](O)[C@H]2O)[C@H](O)[C@H]8O)[C@H](O)[C@H]7O)[C@H](O)[C@H]6O)[C@H](O)[C@H]5O)[C@H](O)[C@H]4O)[C@H](O)[C@H]3O,CC(C)O,cyclodextrin,2.2699999809265137,OC[C@H]1O[C@@H]2O[C@H]3[C@H](O)[C@@H](O)[C@@H](O[C@H]4[C@H](O)[C@@H](O)[C@@H](O[C@H]5[C@H](O)[C@@H](O)[C@@H](O[C@H]6[C@H](O)[C@@H](O)[C@@H](O[C@H]7[C@H](O)[C@@H](O)[C@@H](O[C@H]8[C@H](O)[C@@H](O)[C@@H](O[C@H]1[C@H](O)[C@H]2O)O[C@@H]8CO)O[C@@H]7CO)O[C@@H]6CO)O[C@@H]5CO)O[C@@H]4CO)O[C@@H]3CO,22584443D9512992310760C9871E3E6BDB3EDC92006F3EF1EC94F44373907EB1,HOST_CAN_0176,PASS,CC(C)O,DBB1AC6E5DE735970D66B019862ECF51F867BE44B3D2BCCE9FA8B917092E5625,GUEST_CAN_0163,PASS,GINE,2,guest_cold,2,1.9224369525909424
653,19,183,O=C1N(CC4=CC=C(C(O)=O)C=C4)C3C(N(CN%21C%20=O)C(N3CN(C(N7CN(C(N%11CN(C(N%15CN(C(N%19CN%20C%23C%21N(CC%25=CC=C(C(O)=O)C=C%25)C(N%23CC%24=CC=C(C(O)=O)C=C%24)=O)=O)C%17C%19N(CC%22=CC=C(C(O)=O)C=C%22)C(N%17CC%18=CC=C(C(O)=O)C=C%18)=O)=O)C%13C%15N(CC%16=CC=C(C(O)=O)C=C%16)C(N%13CC%14=CC=C(C(O)=O)C=C%14)=O)=O)C9C%11N(CC%12=CC=C(C(O)=O)C=C%12)C(N9CC%10=CC=C(C(O)=O)C=C%10)=O)=O)C5C7N(CC8=CC=C(C(O)=O)C=C8)C(N5CC6=CC=C(C(O)=O)C=C6)=O)=O)N1CC2=CC=C(C(O)=O)C=C2,[B-](F)(F)(F)F,other,6.633500099182129,O=C(O)c1ccc(CN2C(=O)N(Cc3ccc(C(=O)O)cc3)C3C2N2CN4C(=O)N(CN5C(=O)N(CN6C(=O)N(CN7C(=O)N(CN8C(=O)N(CN3C2=O)C2C8N(Cc3ccc(C(=O)O)cc3)C(=O)N2Cc2ccc(C(=O)O)cc2)C2C7N(Cc3ccc(C(=O)O)cc3)C(=O)N2Cc2ccc(C(=O)O)cc2)C2C6N(Cc3ccc(C(=O)O)cc3)C(=O)N2Cc2ccc(C(=O)O)cc2)C2C5N(Cc3ccc(C(=O)O)cc3)C(=O)N2Cc2ccc(C(=O)O)cc2)C2C4N(Cc3ccc(C(=O)O)cc3)C(=O)N2Cc2ccc(C(=O)O)cc2)cc1,5BFAE42297A9EBC8CE307175405F2DA12222FDEAA2AA87FF2D5843CBEC077A9C,HOST_CAN_0133,PASS,F[B-](F)(F)F,436A6B8CF102290FA624E32B2AE01FCD96D5223071B27811CF6FDE8C8695D533,GUEST_CAN_0704,PASS,GINE,2,guest_cold,2,0.7776288986206055
654,77,92,Oc1c2Cc3cc(cc(c3OCCOc3c4Cc5cc(cc(c5O)Cc5cc(cc(Cc6c(c(Cc3cc(c4)S(=O)(=O)[O-])cc(c6)S(=O)(=O)[O-])O)c5O)S(=O)(=O)[O-])S(=O)(=O)[O-])Cc3cc(cc(Cc4c(c(Cc1cc(c2)S(=O)(=O)[O-])cc(c4)S(=O)(=O)[O-])O)c3O)S(=O)(=O)[O-])S(=O)(=O)[O-],C[N+]1=CC=C(C=C1)C2=CC=[N+](C=C2)C.[Cl-].[Cl-],calixarene,5.63040018081665,O=S(=O)([O-])c1cc2c(O)c(c1)Cc1cc(S(=O)(=O)[O-])cc(c1O)Cc1cc(S(=O)(=O)[O-])cc(c1OCCOc1c3cc(S(=O)(=O)[O-])cc1Cc1cc(S(=O)(=O)[O-])cc(c1O)Cc1cc(S(=O)(=O)[O-])cc(c1O)Cc1cc(S(=O)(=O)[O-])cc(c1O)C3)Cc1cc(S(=O)(=O)[O-])cc(c1O)C2,3844EA5590DFD4493BBABC2061A4EDAE96C443037E252EB22277F09FB3CD68CF,HOST_CAN_0167,PASS,C[n+]1ccc(-c2cc[n+](C)cc2)cc1.[Cl-].[Cl-],A34A59C172ABA48CFA54144DF49E70D56803B22DE394E6F3154C1D8F7DC6E5F1,GUEST_CAN_0623,PASS,GINE,2,guest_cold,2,5.434534072875977
656,69,16,NCCN1C=C(N=N1)COC(C=C2)=C(CNCC3=C(OCC(N=N4)=CN4CCN)C=CC5=C3C=C6)C7=C2C8=C(C=C7)OC9CC8C%10=C(O9)C=CC%11=C%10C=CC(OCC(N=N%12)=CN%12CCN)=C%11CNCC%13=C(OCC(N=N%14)=CN%14CCN)C=CC%15=C%13C=CC(O%16)=C%15C%17C5=C6OC%16C%17,CCCCCC(=O)O,other,2.3838000297546387,NCCn1cc(COc2ccc3c4c5ccc3c2CNCc2c(OCc3cn(CCN)nn3)ccc3c6c(ccc23)OC2CC6c3c(ccc6c(c(OCc7cn(CCN)nn7)ccc36)CNCc3c(OCc6cn(CCN)nn6)ccc6c7c(ccc36)OC(CC47)O5)O2)nn1,E69AC36986BDADC1E5A61FE9021251B6D5437DB096F231021CE94D055FF4BCBF,HOST_CAN_0113,PASS,CCCCCC(=O)O,C0D22B5F44C4EE10006DE3B7B916C74F314AAA41ABEC5D6A6A7CB49811FF0F01,GUEST_CAN_0271,PASS,GINE,2,guest_cold,2,3.3269996643066406
658,87,469,CCCCOc1c(OCCCC)c2COCc3c(OCCCC)c(OCCCC)c(c4c3cccc4)COCc3c(c(c(COCc4c(c(c(COCc1c1c2cccc1)c1ccccc41)OCCCC)OCCCC)c1c3cccc1)OCCCC)OCCCC,CCCCC[n+]1ccccc1,other,2.6702001094818115,CCCCOc1c(OCCCC)c2c3ccccc3c1COCc1c(OCCCC)c(OCCCC)c(c3ccccc13)COCc1c(OCCCC)c(OCCCC)c(c3ccccc13)COCc1c(OCCCC)c(OCCCC)c(c3ccccc13)COC2,A699E12937358A216FBA45A53678131D8F7DBBB042BA5E7F52621C78F0465945,HOST_CAN_0031,PASS,CCCCC[n+]1ccccc1,F4016E0508D0E13F0EF6784C37FEA0A459EA772C4CD788A7C923D901D139B15B,GUEST_CAN_0308,PASS,GINE,2,guest_cold,2,3.055903911590576
661,95,99,COC[C@H]1O[C@@H]2O[C@H]3[CH][CH][C@H](O[CH]3)O[C@H]3[C@H](OC)[C@@H](OC)[C@H](O[C@@H]3COC)O[C@H]3[C@H](OC)[C@@H](OC)[C@H](O[C@@H]3COC)O[C@H]3[C@H](OC)[C@@H](OC)[C@H](O[C@@H]3COC)O[C@H]3[C@H](OC)[C@@H](OC)[C@H](O[C@@H]3COC)O[C@H]1[C@H](OC)[C@H]2OC,[O-]Cl(=O)(=O)=O.[Na+],cyclodextrin,1.1505000591278076,COC[C@H]1O[C@@H]2O[C@H]3[C@H](OC)[C@@H](OC)[C@@H](O[C@H]4[C@H](OC)[C@@H](OC)[C@@H](O[C@H]5[C@H](OC)[C@@H](OC)[C@@H](O[C@H]6[C@H](OC)[C@@H](OC)[C@@H](O[C@H]7[CH][CH][C@H](O[CH]7)O[C@H]1[C@H](OC)[C@H]2OC)O[C@@H]6COC)O[C@@H]5COC)O[C@@H]4COC)O[C@@H]3COC,BA1F8E9DE02B15AC84054A5C62EC8B5DF0CD7AD851D8A1EF33FE4C916623E590,HOST_CAN_0064,PASS,[Na+].[O-][Cl+3]([O-])([O-])[O-],79F198E0F60D33505BEB2FD5A228F5DD74E58A284D9D51E59696EF81616913EE,GUEST_CAN_1100,PASS,GINE,2,guest_cold,2,2.1664419174194336
666,69,473,NCCN1C=C(N=N1)COC(C=C2)=C(CNCC3=C(OCC(N=N4)=CN4CCN)C=CC5=C3C=C6)C7=C2C8=C(C=C7)OC9CC8C%10=C(O9)C=CC%11=C%10C=CC(OCC(N=N%12)=CN%12CCN)=C%11CNCC%13=C(OCC(N=N%14)=CN%14CCN)C=CC%15=C%13C=CC(O%16)=C%15C%17C5=C6OC%16C%17,O=C(Cc1ccccc1)N[C@H]1C(=O)N2[C@H]1SC([C@H]2C(=O)[O-])(C)C.[Na+],other,4.12060022354126,NCCn1cc(COc2ccc3c4c5ccc3c2CNCc2c(OCc3cn(CCN)nn3)ccc3c6c(ccc23)OC2CC6c3c(ccc6c(c(OCc7cn(CCN)nn7)ccc36)CNCc3c(OCc6cn(CCN)nn6)ccc6c7c(ccc36)OC(CC47)O5)O2)nn1,E69AC36986BDADC1E5A61FE9021251B6D5437DB096F231021CE94D055FF4BCBF,HOST_CAN_0113,PASS,CC1(C)S[C@H]2[C@@H](NC(=O)Cc3ccccc3)C(=O)N2[C@@H]1C(=O)[O-].[Na+],95280732D171EA0125107DBD13A3770B46FD40C4C47303A961FE1BBA455EA980,GUEST_CAN_0211,PASS,GINE,2,guest_cold,2,3.3313817977905273
686,15,484,C1=C2C=C3C=C1OC4=CC(=CC(=C4)C(=O)O)OC5=CC6=CC(=C5)C7OC8=CC9=C1C=C8C(C4=C(O7)C=C5C(=C4)C(C4=CC7=C(C=C4OC2O5)OC2C4=CC(=CC(=C4)OC4=CC(=CC(=C4)C(=O)O)OC4=CC(=CC(=C4)OC4=CC(=CC(=C4)O6)C(=O)O)C(O9)OC4=C(C1CCC(=O)O)C=C(C7CCC(=O)O)C(=C4)O2)OC1=CC(=CC(=C1)O3)C(=O)O)CCC(=O)O)CCC(=O)O,C(CCCC=C)(=O)O,cavitand,3.793100118637085,O=C(O)CCC1c2cc3c4cc2OC2Oc5cc6c(cc51)C(CCC(=O)O)c1cc5c7cc1OC(O6)c1cc6cc(c1)Oc1cc(cc(C(=O)O)c1)Oc1cc8cc(c1)C(Oc1cc(c(cc1C5CCC(=O)O)C3CCC(=O)O)OC(O4)c1cc(cc(c1)Oc1cc(cc(C(=O)O)c1)O8)Oc1cc(cc(C(=O)O)c1)Oc1cc(cc2c1)Oc1cc(cc(C(=O)O)c1)O6)O7,AE6E8A9B8E3ECDE32B65BE9B8736ECC23E2311A112E2CA1B78F35ECF9046A382,HOST_CAN_0117,PASS,C=CCCCC(=O)O,82E4882AB49338F78FA817CF946C85721E0890C5C1F972BA6DB0B6AAED93896D,GUEST_CAN_0046,PASS,GINE,2,guest_cold,2,4.222501754760742
688,8,486,C1N2C3C4N(C2=O)CN5C6C7N(C5=O)CN8C9C2N(C8=O)CN5C8C%10N(C5=O)CN5C%11C%12N(C5=O)CN5C%13C(N1C5=O)N1CN3C(=O)N4CN6C(=O)N7CN9C(=O)N2CN8C(=O)N%10CN%11C(=O)N%12CN%13C1=O,C1=CN=CC=C1CN,cucurbituril,3.477099895477295,O=C1N2CN3C(=O)N4CN5C(=O)N6CN7C(=O)N8CN9C(=O)N%10CN%11C(=O)N%12CN1C1C2N2CN%13C(=O)N(CN%14C(=O)N(CN%15C(=O)N(CN%16C(=O)N(CN%17C(=O)N(CN1C2=O)C%12C%11%17)C%10C9%16)C8C7%15)C6C5%14)C4C3%13,2526C525F966BEE6CB589BBB60C9F4124C02584847747BDAFF4E92B4462536E8,HOST_CAN_0149,PASS,NCc1ccncc1,E451B4D5940292A8609CD2B2C12803965C9C991D7EF3A54FD2F0434CC04FF24C,GUEST_CAN_0816,PASS,GINE,2,guest_cold,2,5.348239898681641
695,9,492,[O-]C(=O)COc1ccc2c3c1CNC(=O)c1c(OCC(=O)[O-])ccc4c1ccc1c4C4CC(O1)Oc1c4c4ccc(c(C(=O)NCc5c6c(c7C8c2c(cc3)OC(C8)Oc7cc6)ccc5OCC(=O)[O-])c4cc1)OCC(=O)[O-].[NH4+].[NH4+].[NH4+].[NH4+],COCOC,other,3.715100049972534,O=C([O-])COc1ccc2c3c4ccc2c1CNC(=O)c1c(OCC(=O)[O-])ccc2c5c(ccc12)OC1CC5c2c(ccc5c(c(OCC(=O)[O-])ccc25)C(=O)NCc2c(OCC(=O)[O-])ccc5c6c(ccc25)OC(CC36)O4)O1.[NH4+].[NH4+].[NH4+].[NH4+],7D3830C6A6E10F82EEBCC3ED68B861BB21ED63B1DDB277580F3032527E5A1183,HOST_CAN_0139,PASS,COCOC,E872C080882993AD4F34EEAB1075D9B1EA06F582404BC31F08853E0654F2108B,GUEST_CAN_0475,PASS,GINE,2,guest_cold,2,2.027604103088379
706,36,499,C1CCC2C(C1)OCCOCCOC3CCCCC3OCCOCCO2,[Tl+],crown_ether,2.450000047683716,C1CCC2OCCOCCOC3CCCCC3OCCOCCOC2C1,6324056DD7B8D486CDD96CAFC63AEDD5DD6528EA1F170F5E566BD0A62E2BF929,HOST_CAN_0001,PASS,[Tl+],BD2ABD5C290FA315B30DE4DE58A5A7255DDEDE59B04757BDE0F66E7B7D572225,GUEST_CAN_1115,PASS,GINE,2,guest_cold,2,1.353966474533081
711,46,501,C1C2=CC(=CC(=C2O)CC3=CC(=CC(=C3O)CC4=C(C(=CC(=C4)S(=O)(=O)O)CC5=C(C1=CC(=C5)S(=O)(=O)[O-])O)O)S(=O)(=O)O)S(=O)(=O)O.[Na+],C1=CC(=NC(=C1)C(=O)O)C(=O)O,calixarene,1.8324999809265137,O=S(=O)([O-])c1cc2c(O)c(c1)Cc1cc(S(=O)(=O)O)cc(c1O)Cc1cc(S(=O)(=O)O)cc(c1O)Cc1cc(S(=O)(=O)O)cc(c1O)C2.[Na+],CA94CECC10EDB9167B38E05C5D125873C9C1506ED227A3D9C6CBBCD696828A96,HOST_CAN_0163,PASS,O=C(O)c1cccc(C(=O)O)n1,207C13F90D0DBA16843662EC874783E522B0E73A1D106D5C4AD9078DF6660820,GUEST_CAN_0887,PASS,GINE,2,guest_cold,2,2.203312397003174
712,86,50,[Na]OS(=O)(=O)CCCCOC=1C=C(C=CC1)[C@@H]1N=C(OC1)CC1=C(C(=C(C(=C1CC)CC=1OC[C@@H](N1)C1=CC(=CC=C1)OCCCCS(=O)(=O)O[Na])CC)CC=1OC[C@@H](N1)C1=CC(=CC=C1)OCCCCS(=O)(=O)O[Na])CC,C1=CC=C(C(=C1)O)O,other,0.0,CCc1c(CC2=N[C@@H](c3cccc(OCCCCS(=O)(=O)[O][Na])c3)CO2)c(CC)c(CC2=N[C@@H](c3cccc(OCCCCS(=O)(=O)[O][Na])c3)CO2)c(CC)c1CC1=N[C@@H](c2cccc(OCCCCS(=O)(=O)[O][Na])c2)CO1,A0794E3195B22DC21424CE7BDC74C772C0ED7BF37D1C4B8CF085F54EF0D1331E,HOST_CAN_0047,PASS,Oc1ccccc1O,D6044096AF0493CF06B8B5FDAA8C090BB98BA46AF75026C46D7FE4ACEF4715BB,GUEST_CAN_1007,PASS,GINE,2,guest_cold,2,1.6647486686706543
717,69,16,NCCN1C=C(N=N1)COC(C=C2)=C(CNCC3=C(OCC(N=N4)=CN4CCN)C=CC5=C3C=C6)C7=C2C8=C(C=C7)OC9CC8C%10=C(O9)C=CC%11=C%10C=CC(OCC(N=N%12)=CN%12CCN)=C%11CNCC%13=C(OCC(N=N%14)=CN%14CCN)C=CC%15=C%13C=CC(O%16)=C%15C%17C5=C6OC%16C%17,CCCCCC(=O)O,other,2.1303000450134277,NCCn1cc(COc2ccc3c4c5ccc3c2CNCc2c(OCc3cn(CCN)nn3)ccc3c6c(ccc23)OC2CC6c3c(ccc6c(c(OCc7cn(CCN)nn7)ccc36)CNCc3c(OCc6cn(CCN)nn6)ccc6c7c(ccc36)OC(CC47)O5)O2)nn1,E69AC36986BDADC1E5A61FE9021251B6D5437DB096F231021CE94D055FF4BCBF,HOST_CAN_0113,PASS,CCCCCC(=O)O,C0D22B5F44C4EE10006DE3B7B916C74F314AAA41ABEC5D6A6A7CB49811FF0F01,GUEST_CAN_0271,PASS,GINE,2,guest_cold,2,3.3269996643066406
721,59,37,CN(CCCCCC1=C(C(OC2=C1C=CC(=C2)N(CC)CC)=O)C=O)CC2=C(C=CC=C2)B(O)O,C1=CC(=C(C=C1C(CN)O)O)O,other,3.8129000663757324,CCN(CC)c1ccc2c(CCCCCN(C)Cc3ccccc3B(O)O)c(C=O)c(=O)oc2c1,B861F92B136135BCA309B8D669CABB847130F510F34D71F80DA21B31360935DE,HOST_CAN_0040,PASS,NCC(O)c1ccc(O)c(O)c1,7F5D32A02DE5511E772E8422081F82EE16925B55633A6CB4BB4E730CF1565495,GUEST_CAN_0775,PASS,GINE,2,guest_cold,2,2.648357391357422
736,77,513,Oc1c2Cc3cc(cc(c3OCCOc3c4Cc5cc(cc(c5O)Cc5cc(cc(Cc6c(c(Cc3cc(c4)S(=O)(=O)[O-])cc(c6)S(=O)(=O)[O-])O)c5O)S(=O)(=O)[O-])S(=O)(=O)[O-])Cc3cc(cc(Cc4c(c(Cc1cc(c2)S(=O)(=O)[O-])cc(c4)S(=O)(=O)[O-])O)c3O)S(=O)(=O)[O-])S(=O)(=O)[O-],C[n+]1ccc(cc1)c1cc[n+](cc1)CCCCCC[n+]1ccc(cc1)c1cc[n+](cc1)C,calixarene,6.060699939727783,O=S(=O)([O-])c1cc2c(O)c(c1)Cc1cc(S(=O)(=O)[O-])cc(c1O)Cc1cc(S(=O)(=O)[O-])cc(c1OCCOc1c3cc(S(=O)(=O)[O-])cc1Cc1cc(S(=O)(=O)[O-])cc(c1O)Cc1cc(S(=O)(=O)[O-])cc(c1O)Cc1cc(S(=O)(=O)[O-])cc(c1O)C3)Cc1cc(S(=O)(=O)[O-])cc(c1O)C2,3844EA5590DFD4493BBABC2061A4EDAE96C443037E252EB22277F09FB3CD68CF,HOST_CAN_0167,PASS,C[n+]1ccc(-c2cc[n+](CCCCCC[n+]3ccc(-c4cc[n+](C)cc4)cc3)cc2)cc1,FA7F0FC15F06020C22FDDC5EBF9867E21D20C2FA86EDE3DB8AC24FEBBF21396E,GUEST_CAN_0627,PASS,GINE,2,guest_cold,2,5.313194274902344
741,54,439,[O-]C(=O)COc1c2c(c(c3c1C1CC3c3c1cc1c(c3)C3CC1c1c3cccc1)OCC(=O)[O-])C1CC2c2c1cc1c(c2)C2CC1c1c2cccc1.[Na+].[Na+],C(CCN)CC(C(=O)O)N.Cl,other,2.931999921798706,O=C([O-])COc1c2c(c(OCC(=O)[O-])c3c1C1CC3c3cc4c(cc31)C1CC4c3ccccc31)C1CC2c2cc3c(cc21)C1CC3c2ccccc21.[Na+].[Na+],71E90553B9BBF31920DD1BD183D0F0C0585830F890A72ECB34B8E8CE3C7EDE35,HOST_CAN_0137,PASS,Cl.NCCCCC(N)C(=O)O,8FFA886A41D9098D64B27B9C9886324CA1B4A58DAD526EF9C6AC5F51515F8B9D,GUEST_CAN_0688,PASS,GINE,2,guest_cold,2,2.9377355575561523
748,45,520,C1C2=CC(=CC=C2)CC3=CC(=CC=C3)CC4=CC=CC(=C4)CC5=CC=CC1=C5,O=C(O)C(N)CCCN,calixarene,2.322200059890747,c1cc2cc(c1)Cc1cccc(c1)Cc1cccc(c1)Cc1cccc(c1)C2,001BA14F081450375618B4DEC192A3633931B27A166EE11658CCCBFAB45E327F,HOST_CAN_0183,PASS,NCCCC(N)C(=O)O,6F01F86620AC902D0CD8F3B98B4E927D3F052E6DEDC983DDF5FABA0A62103F7D,GUEST_CAN_0780,PASS,GINE,2,guest_cold,2,3.1250832080841064
760,9,492,[O-]C(=O)COc1ccc2c3c1CNC(=O)c1c(OCC(=O)[O-])ccc4c1ccc1c4C4CC(O1)Oc1c4c4ccc(c(C(=O)NCc5c6c(c7C8c2c(cc3)OC(C8)Oc7cc6)ccc5OCC(=O)[O-])c4cc1)OCC(=O)[O-].[NH4+].[NH4+].[NH4+].[NH4+],COCOC,other,3.828700065612793,O=C([O-])COc1ccc2c3c4ccc2c1CNC(=O)c1c(OCC(=O)[O-])ccc2c5c(ccc12)OC1CC5c2c(ccc5c(c(OCC(=O)[O-])ccc25)C(=O)NCc2c(OCC(=O)[O-])ccc5c6c(ccc25)OC(CC36)O4)O1.[NH4+].[NH4+].[NH4+].[NH4+],7D3830C6A6E10F82EEBCC3ED68B861BB21ED63B1DDB277580F3032527E5A1183,HOST_CAN_0139,PASS,COCOC,E872C080882993AD4F34EEAB1075D9B1EA06F582404BC31F08853E0654F2108B,GUEST_CAN_0475,PASS,GINE,2,guest_cold,2,2.027604103088379
761,3,526,OC[C@H]1O[C@@H]2O[C@@H]3[C@@H](CO)O[C@H](O[C@@H]4[C@@H](CO)O[C@H](O[C@@H]5[C@@H](CO)O[C@H](O[C@@H]6[C@@H](CO)O[C@H](O[C@@H]7[C@@H](CO)O[C@H](O[C@@H]8[C@@H](CO)O[C@H](O[C@H]1[C@H](O)[C@H]2O)[C@H](O)[C@H]8O)[C@H](O)[C@H]7O)[C@H](O)[C@H]6O)[C@H](O)[C@H]5O)[C@H](O)[C@H]4O)[C@H](O)[C@H]3O,C1CCCC(CC1)O,cyclodextrin,3.3417999744415283,OC[C@H]1O[C@@H]2O[C@H]3[C@H](O)[C@@H](O)[C@@H](O[C@H]4[C@H](O)[C@@H](O)[C@@H](O[C@H]5[C@H](O)[C@@H](O)[C@@H](O[C@H]6[C@H](O)[C@@H](O)[C@@H](O[C@H]7[C@H](O)[C@@H](O)[C@@H](O[C@H]8[C@H](O)[C@@H](O)[C@@H](O[C@H]1[C@H](O)[C@H]2O)O[C@@H]8CO)O[C@@H]7CO)O[C@@H]6CO)O[C@@H]5CO)O[C@@H]4CO)O[C@@H]3CO,22584443D9512992310760C9871E3E6BDB3EDC92006F3EF1EC94F44373907EB1,HOST_CAN_0176,PASS,OC1CCCCCC1,BC32B028B682D1D578D37F40F530FF3BF6B4052E2563188E4F5427FC31763586,GUEST_CAN_0965,PASS,GINE,2,guest_cold,2,2.140538215637207
765,94,37,CC(C(O[Na])=O)OC(C(OC(C)C(O[Na])=O)=C1)=CC2=C1C(C=C(OC(C(O[Na])=O)C)C(OC(C(O[Na])=O)C)=C3)=C3C4=C2C=C(OC(C(O[Na])=O)C)C(OC(C)C(O[Na])=O)=C4,C1=CC(=C(C=C1C(CN)O)O)O,other,2.2695000171661377,CC(Oc1cc2c3cc(OC(C)C(=O)[O][Na])c(OC(C)C(=O)[O][Na])cc3c3cc(OC(C)C(=O)[O][Na])c(OC(C)C(=O)[O][Na])cc3c2cc1OC(C)C(=O)[O][Na])C(=O)[O][Na],BA584CA32AF40B5CC01118169993C3B68F1DD55FC57084F45766D3D97748C6AD,HOST_CAN_0016,PASS,NCC(O)c1ccc(O)c(O)c1,7F5D32A02DE5511E772E8422081F82EE16925B55633A6CB4BB4E730CF1565495,GUEST_CAN_0775,PASS,GINE,2,guest_cold,2,2.1030964851379395
768,83,313,O=C1N2CN(C(N3CN4C5[C@H]6N7C4=O)=O)C(C3N8C[N@]5C([N@@]6C[N@@]9C([N@@]([C@H]([N@](C[N@@]%10[C@H]%11C%12%13)C%14=O)[C@@H]9[N@]%14C7)C[N@@]%11C([N@]%13C%15N%16C(N%17CN%18C%19=O)=O)=O)=O)=O)N(C8=O)CN%19C2C%18N1CN%20C%17C%16N([C@H](C%21=C%15C=C(C=CC=C%22)C%22=C%21)N%12C%10=O)C%20=O,C(CCN)CCN,cucurbituril,6.0,O=C1N2CN3C(=O)N4CN5C(=O)N6CN7C(=O)N8CN9C(=O)N%10C%11c%12cc%13ccccc%13cc%12[C@H]%12N%13C(=O)N%14CN%15C(=O)N(CN%16C(=O)N(CN%17C(=O)N(CN%18C(=O)N(CN%19C(=O)N%12C%10[C@@H]9%19)[C@@H]8[C@@H]7%18)[C@@H]6C5%17)C4C3%16)C2C%15N1CN1C(=O)N%11C%13C1%14,22BBC4A6182BB69D6F23E2210FF6FE0897FAD28735E766CF137DD2649852025C,HOST_CAN_0141,PASS,NCCCCCN,686B1F1D37E58EE9E8D62CED35D9E35B25EB8DBA4BB8BAA773577CEE8422D320,GUEST_CAN_0794,PASS,GINE,2,guest_cold,2,5.733470916748047
773,135,531,C(N)(=O)CN(C(=O)C1=CC=C(N1)C(=O)NC(=[NH2+])N)C(C)C,C(=O)[O-],other,2.544100046157837,CC(C)N(CC(N)=O)C(=O)c1ccc(C(=O)NC(N)=[NH2+])[nH]1,E45E3D029035E3F73C86C1CEB4D1AB7DAEA8B675AB866EF1DA28E3B575A147C0,HOST_CAN_0011,PASS,O=C[O-],B79DD912B6229E9F15468B4643B57A85146D277469B726AE2F1B3295F2E5D9D3,GUEST_CAN_0928,PASS,GINE,2,guest_cold,2,2.8757381439208984
774,3,532,OC[C@H]1O[C@@H]2O[C@@H]3[C@@H](CO)O[C@H](O[C@@H]4[C@@H](CO)O[C@H](O[C@@H]5[C@@H](CO)O[C@H](O[C@@H]6[C@@H](CO)O[C@H](O[C@@H]7[C@@H](CO)O[C@H](O[C@@H]8[C@@H](CO)O[C@H](O[C@H]1[C@H](O)[C@H]2O)[C@H](O)[C@H]8O)[C@H](O)[C@H]7O)[C@H](O)[C@H]6O)[C@H](O)[C@H]5O)[C@H](O)[C@H]4O)[C@H](O)[C@H]3O,CC1=CC=C(C=C1)NC2=CC3=C(C=C2)C=C(C=C3)S(=O)(=O)[O-].[Na+],cyclodextrin,3.474100112915039,OC[C@H]1O[C@@H]2O[C@H]3[C@H](O)[C@@H](O)[C@@H](O[C@H]4[C@H](O)[C@@H](O)[C@@H](O[C@H]5[C@H](O)[C@@H](O)[C@@H](O[C@H]6[C@H](O)[C@@H](O)[C@@H](O[C@H]7[C@H](O)[C@@H](O)[C@@H](O[C@H]8[C@H](O)[C@@H](O)[C@@H](O[C@H]1[C@H](O)[C@H]2O)O[C@@H]8CO)O[C@@H]7CO)O[C@@H]6CO)O[C@@H]5CO)O[C@@H]4CO)O[C@@H]3CO,22584443D9512992310760C9871E3E6BDB3EDC92006F3EF1EC94F44373907EB1,HOST_CAN_0176,PASS,Cc1ccc(Nc2ccc3cc(S(=O)(=O)[O-])ccc3c2)cc1.[Na+],1BC59EC31198E9880137AFAA6A584A1B8605E06881B738CB1BFFC54AF27E7C05,GUEST_CAN_0662,PASS,GINE,2,guest_cold,2,2.241353988647461
775,86,376,[Na]OS(=O)(=O)CCCCOC=1C=C(C=CC1)[C@@H]1N=C(OC1)CC1=C(C(=C(C(=C1CC)CC=1OC[C@@H](N1)C1=CC(=CC=C1)OCCCCS(=O)(=O)O[Na])CC)CC=1OC[C@@H](N1)C1=CC(=CC=C1)OCCCCS(=O)(=O)O[Na])CC,C(CO)N.Cl,other,1.0,CCc1c(CC2=N[C@@H](c3cccc(OCCCCS(=O)(=O)[O][Na])c3)CO2)c(CC)c(CC2=N[C@@H](c3cccc(OCCCCS(=O)(=O)[O][Na])c3)CO2)c(CC)c1CC1=N[C@@H](c2cccc(OCCCCS(=O)(=O)[O][Na])c2)CO1,A0794E3195B22DC21424CE7BDC74C772C0ED7BF37D1C4B8CF085F54EF0D1331E,HOST_CAN_0047,PASS,Cl.NCCO,B8BFC7F3AB287F02D64B1AF5D74B52A154A02E551CB075B8B8621A2F056ECCD2,GUEST_CAN_0689,PASS,GINE,2,guest_cold,2,1.4646697044372559
791,11,540,C1N2C3C4N(C2=O)CN5C6C7N(C5=O)CN8C9C2N(C8=O)CN5C8C%10N(C5=O)CN5C%11C%12N(C5=O)CN5C%13C%14N(C5=O)CN5C%15C%16N(C5=O)CN5C%17C(N1C5=O)N1CN3C(=O)N4CN6C(=O)N7CN9C(=O)N2CN8C(=O)N%10CN%11C(=O)N%12CN%13C(=O)N%14CN%15C(=O)N%16CN%17C1=O,C1C2CC3CC1CC(C2)(C3)[NH3+],cucurbituril,9.431400299072266,O=C1N2CN3C(=O)N4CN5C(=O)N6CN7C(=O)N8CN9C(=O)N%10CN%11C(=O)N%12CN%13C(=O)N%14CN%15C(=O)N%16CN1C1C2N2CN%17C(=O)N(CN%18C(=O)N(CN%19C(=O)N(CN%20C(=O)N(CN%21C(=O)N(CN%22C(=O)N(CN%23C(=O)N(CN1C2=O)C%16C%15%23)C%14C%13%22)C%12C%11%21)C%10C9%20)C8C7%19)C6C5%18)C4C3%17,E82CB7F52437B0147F435E3074F006752062FF8924E87C1DAF3210D182FF633B,HOST_CAN_0143,PASS,[NH3+]C12CC3CC(CC(C3)C1)C2,B35418080EFA563571273C6E3EC93ECC4BAA31A52E8EA95A4E158E37C4767C1F,GUEST_CAN_1075,PASS,GINE,2,guest_cold,2,8.657078742980957
792,23,288,OC[C@H]1O[C@@H]2O[C@@H]3[C@@H](CO)O[C@H](O[C@@H]4[C@@H](CO)O[C@H](O[C@@H]5[C@@H](CO)O[C@H](O[C@@H]6[C@@H](CO)O[C@H](O[C@@H]7[C@@H](CO)O[C@H](O[C@H]1[C@H](O)[C@H]2O)[C@H](O)[C@H]7O)[C@H](O)[C@H]6O)[C@H](O)[C@H]5O)[C@H](O)[C@H]4O)[C@H](O)[C@H]3O,CC(C)C(C(=O)O)NC(=O)CN,cyclodextrin,2.449899911880493,OC[C@H]1O[C@@H]2O[C@H]3[C@H](O)[C@@H](O)[C@@H](O[C@H]4[C@H](O)[C@@H](O)[C@@H](O[C@H]5[C@H](O)[C@@H](O)[C@@H](O[C@H]6[C@H](O)[C@@H](O)[C@@H](O[C@H]7[C@H](O)[C@@H](O)[C@@H](O[C@H]1[C@H](O)[C@H]2O)O[C@@H]7CO)O[C@@H]6CO)O[C@@H]5CO)O[C@@H]4CO)O[C@@H]3CO,9CB41F926A4386D7C0E23599753E6EDC60802BE1DCF577DB9B32CBB20691DB1D,HOST_CAN_0175,PASS,CC(C)C(NC(=O)CN)C(=O)O,C7C4F9D491E695E32FCA9610C29E6F26B277BB7597A85B98A5CB97B4FB2C694B,GUEST_CAN_0128,PASS,GINE,2,guest_cold,2,1.8316454887390137
797,136,544,[Na]OS(=O)(=O)CCCOc1c2CN3C(=O)N4[C@]5([C@@]3(N(Cc2c(c2c1cccc2)OCCCS(=O)(=O)O[Na])C(=O)N5CN1[C@@]2(N(C4)C(=O)N3[C@@H]2N(C1=O)CN1[C@@H]2N(C3)C(=O)N3[C@]2(C)N(C1=O)CN1[C@@]2(N(C3)C(=O)N3[C@]2(C)N(C1=O)Cc1c(C3)c(OCCCS(=O)(=O)O[Na])c2c(c1OCCCS(=O)(=O)O[Na])cccc2)C)C)C)C,C1CN(CCN1CCC2=C(C=C3C(=C2)CC(=O)N3)Cl)C4=NSC5=CC=CC=C54,other,4.07919979095459,C[C@]12[C@H]3N4CN5C(=O)N6CN7C(=O)N8Cc9c(c(OCCCS(=O)(=O)[O][Na])c%10ccccc%10c9OCCCS(=O)(=O)[O][Na])CN9C(=O)N(CN%10C(=O)N(CN3C(=O)N1CN1C(=O)N3Cc%11c(c(OCCCS(=O)(=O)[O][Na])c%12ccccc%12c%11OCCCS(=O)(=O)[O][Na])CN%11C(=O)N(CN2C4=O)[C@]1(C)[C@@]3%11C)[C@@H]5[C@]%106C)[C@]7(C)[C@@]89C,1DCA0847E025F86C1C729E9FF98D736A19E955201DE9828E57DA9B852243C5EB,HOST_CAN_0094,PASS,O=C1Cc2cc(CCN3CCN(c4nsc5ccccc45)CC3)c(Cl)cc2N1,5C29CDC659AEEDE5E084EE663C3DDDAF5EC9373DB128425FD8B71EF81BA66DC6,GUEST_CAN_0920,PASS,GINE,2,guest_cold,2,5.630310535430908
805,73,104,C1C2=CC(=CC(=C2O)CC3=CC(=CC(=C3O)CC4=CC(=CC(=C4O)CC5=C(C(=CC(=C5)S(=O)(=O)O)CC6=C(C1=CC(=C6)S(=O)(=O)O)O)O)S(=O)(=O)O)S(=O)(=O)O)S(=O)(=O)O,C1CC2CCC1N=N2,calixarene,1.3945000171661377,O=S(=O)(O)c1cc2c(O)c(c1)Cc1cc(S(=O)(=O)O)cc(c1O)Cc1cc(S(=O)(=O)O)cc(c1O)Cc1cc(S(=O)(=O)O)cc(c1O)Cc1cc(S(=O)(=O)O)cc(c1O)C2,CE64A1CA71928E5DE79CF9633E11D44D0BC2C175AB3D980BF8052807605CA8CC,HOST_CAN_0155,PASS,C1CC2CCC1N=N2,28524F2C321EA80222CEAE7EE74FE527F854D218FD4782A52CD6A817541C8DDA,GUEST_CAN_0024,PASS,GINE,2,guest_cold,2,2.295443534851074
806,4,351,[Na]OS(=O)(=O)CCCCOC=1C=C(C=CC1)[C@@H]1N=C(OC1)CC1=C(C(=C(C(=C1C)CC=1OC[C@@H](N1)C1=CC(=CC=C1)OCCCCS(=O)(=O)O[Na])C)CC=1OC[C@@H](N1)C1=CC(=CC=C1)OCCCCS(=O)(=O)O[Na])C,C1=CC(=C(C=C1C(CN)O)O)O.Cl,other,1.8260999917984009,Cc1c(CC2=N[C@@H](c3cccc(OCCCCS(=O)(=O)[O][Na])c3)CO2)c(C)c(CC2=N[C@@H](c3cccc(OCCCCS(=O)(=O)[O][Na])c3)CO2)c(C)c1CC1=N[C@@H](c2cccc(OCCCCS(=O)(=O)[O][Na])c2)CO1,9E3429786C624B72E8FD089068975D2A1C33E04632FEA26EF01294722587A124,HOST_CAN_0098,PASS,Cl.NCC(O)c1ccc(O)c(O)c1,77292EA0463E2AED797CAE9779601581D37EB7B67F9EA7796D4F6EE168154886,GUEST_CAN_0687,PASS,GINE,2,guest_cold,2,2.287619113922119
807,94,550,CC(C(O[Na])=O)OC(C(OC(C)C(O[Na])=O)=C1)=CC2=C1C(C=C(OC(C(O[Na])=O)C)C(OC(C(O[Na])=O)C)=C3)=C3C4=C2C=C(OC(C(O[Na])=O)C)C(OC(C)C(O[Na])=O)=C4,C(CC1=CC=CC=C1)[NH3+],other,2.1731998920440674,CC(Oc1cc2c3cc(OC(C)C(=O)[O][Na])c(OC(C)C(=O)[O][Na])cc3c3cc(OC(C)C(=O)[O][Na])c(OC(C)C(=O)[O][Na])cc3c2cc1OC(C)C(=O)[O][Na])C(=O)[O][Na],BA584CA32AF40B5CC01118169993C3B68F1DD55FC57084F45766D3D97748C6AD,HOST_CAN_0016,PASS,[NH3+]CCc1ccccc1,E342F30D4EF12F2ABEACBAC3AD9015653451EE47B090DAA3A07430C7BFA1245F,GUEST_CAN_1092,PASS,GINE,2,guest_cold,2,1.8583924770355225
808,1,551,C1C2=CC(=CC(=C2O)CC3=CC(=CC(=C3O)CC4=C(C(=CC(=C4)S(=O)(=O)O)CC5=C(C1=CC(=C5)S(=O)(=O)O)O)O)S(=O)(=O)O)S(=O)(=O)O,[La+3],calixarene,2.6050000190734863,O=S(=O)(O)c1cc2c(O)c(c1)Cc1cc(S(=O)(=O)O)cc(c1O)Cc1cc(S(=O)(=O)O)cc(c1O)Cc1cc(S(=O)(=O)O)cc(c1O)C2,C1130CCDC8DA0C6458EF6C2E07E7F3330D8F8B055CBE4DEAADB70DC00C8CDFC1,HOST_CAN_0154,PASS,[La+3],50FB0629866A50A238D7748F9F0E2CCD7B2624DE678D63139B21FE8E7C3AEF6D,GUEST_CAN_1070,PASS,GINE,2,guest_cold,2,3.7746970653533936
816,11,556,C1N2C3C4N(C2=O)CN5C6C7N(C5=O)CN8C9C2N(C8=O)CN5C8C%10N(C5=O)CN5C%11C%12N(C5=O)CN5C%13C%14N(C5=O)CN5C%15C%16N(C5=O)CN5C%17C(N1C5=O)N1CN3C(=O)N4CN6C(=O)N7CN9C(=O)N2CN8C(=O)N%10CN%11C(=O)N%12CN%13C(=O)N%14CN%15C(=O)N%16CN%17C1=O,[Cl-].[Rb+],cucurbituril,2.640000104904175,O=C1N2CN3C(=O)N4CN5C(=O)N6CN7C(=O)N8CN9C(=O)N%10CN%11C(=O)N%12CN%13C(=O)N%14CN%15C(=O)N%16CN1C1C2N2CN%17C(=O)N(CN%18C(=O)N(CN%19C(=O)N(CN%20C(=O)N(CN%21C(=O)N(CN%22C(=O)N(CN%23C(=O)N(CN1C2=O)C%16C%15%23)C%14C%13%22)C%12C%11%21)C%10C9%20)C8C7%19)C6C5%18)C4C3%17,E82CB7F52437B0147F435E3074F006752062FF8924E87C1DAF3210D182FF633B,HOST_CAN_0143,PASS,[Cl-].[Rb+],F45F5EBA18BFE44CAB128A2E84C8B34A3194175A1497FEDAE86348640AB59865,GUEST_CAN_1041,PASS,GINE,2,guest_cold,2,2.9845011234283447
821,85,121,OC[C@H]1O[C@@H]2O[C@@H]3[C@@H](CO)O[C@H](O[C@@H]4[C@@H](CO)O[C@H](O[C@@H]5[C@@H](CO)O[C@H](O[C@@H]6[C@@H](CO)O[C@H](O[C@@H]7[C@@H](CO)O[C@H](O[C@@H]8[C@@H](CO)O[C@H](O[C@@H]9[C@@H](CO)O[C@H](O[C@H]1[C@H](O)[C@H]2O)[C@H](O)[C@H]9O)[C@H](O)[C@H]8O)[C@H](O)[C@H]7O)[C@H](O)[C@H]6O)[C@H](O)[C@H]5O)[C@H](O)[C@H]4O)[C@H](O)[C@H]3O,C1C2CC3C4C1C5CC(C4)(CC3C5C2)N,cyclodextrin,3.3947999477386475,OC[C@H]1O[C@@H]2O[C@H]3[C@H](O)[C@@H](O)[C@@H](O[C@H]4[C@H](O)[C@@H](O)[C@@H](O[C@H]5[C@H](O)[C@@H](O)[C@@H](O[C@H]6[C@H](O)[C@@H](O)[C@@H](O[C@H]7[C@H](O)[C@@H](O)[C@@H](O[C@H]8[C@H](O)[C@@H](O)[C@@H](O[C@H]9[C@H](O)[C@@H](O)[C@@H](O[C@H]1[C@H](O)[C@H]2O)O[C@@H]9CO)O[C@@H]8CO)O[C@@H]7CO)O[C@@H]6CO)O[C@@H]5CO)O[C@@H]4CO)O[C@@H]3CO,4E4982FCAA8A96CE9D40EDC97C9574B542F86F2BEB463ECAA6DCE3670D2F9B83,HOST_CAN_0177,PASS,NC12CC3C4CC5CC3C(C1)C(C5)C4C2,13B9624BB7CB2AACC46822A3C7F30E43D3C581BDAE726763E7DE160B3EE6B9AE,GUEST_CAN_0757,PASS,GINE,2,guest_cold,2,4.045306205749512
823,85,104,OC[C@H]1O[C@@H]2O[C@@H]3[C@@H](CO)O[C@H](O[C@@H]4[C@@H](CO)O[C@H](O[C@@H]5[C@@H](CO)O[C@H](O[C@@H]6[C@@H](CO)O[C@H](O[C@@H]7[C@@H](CO)O[C@H](O[C@@H]8[C@@H](CO)O[C@H](O[C@@H]9[C@@H](CO)O[C@H](O[C@H]1[C@H](O)[C@H]2O)[C@H](O)[C@H]9O)[C@H](O)[C@H]8O)[C@H](O)[C@H]7O)[C@H](O)[C@H]6O)[C@H](O)[C@H]5O)[C@H](O)[C@H]4O)[C@H](O)[C@H]3O,C1CC2CCC1N=N2,cyclodextrin,0.7781999707221985,OC[C@H]1O[C@@H]2O[C@H]3[C@H](O)[C@@H](O)[C@@H](O[C@H]4[C@H](O)[C@@H](O)[C@@H](O[C@H]5[C@H](O)[C@@H](O)[C@@H](O[C@H]6[C@H](O)[C@@H](O)[C@@H](O[C@H]7[C@H](O)[C@@H](O)[C@@H](O[C@H]8[C@H](O)[C@@H](O)[C@@H](O[C@H]9[C@H](O)[C@@H](O)[C@@H](O[C@H]1[C@H](O)[C@H]2O)O[C@@H]9CO)O[C@@H]8CO)O[C@@H]7CO)O[C@@H]6CO)O[C@@H]5CO)O[C@@H]4CO)O[C@@H]3CO,4E4982FCAA8A96CE9D40EDC97C9574B542F86F2BEB463ECAA6DCE3670D2F9B83,HOST_CAN_0177,PASS,C1CC2CCC1N=N2,28524F2C321EA80222CEAE7EE74FE527F854D218FD4782A52CD6A817541C8DDA,GUEST_CAN_0024,PASS,GINE,2,guest_cold,2,2.2908248901367188
827,139,389,Oc1c2Cc3cc(N)cc(c3O)Cc3cc(cc(Cc4c(c(Cc1cc(c2)N)cc(N)c4)O)c3O)N,CC1C(C(CC(O1)OC2CC(CC3=C2C(=C4C(=C3O)C(=O)C5=C(C4=O)C(=CC=C5)OC)O)(C(=O)CO)O)N)O,calixarene,4.0,Nc1cc2c(O)c(c1)Cc1cc(N)cc(c1O)Cc1cc(N)cc(c1O)Cc1cc(N)cc(c1O)C2,7B9BCC020D8A5B4E379A7C1BEC086733022832265151879189B204E269014832,HOST_CAN_0115,PASS,COc1cccc2c1C(=O)c1c(O)c3c(c(O)c1C2=O)CC(O)(C(=O)CO)CC3OC1CC(N)C(O)C(C)O1,5E691EE01CBEED4195F6DBAC1948C0336399630FC27CE9AA76E2113537710ABA,GUEST_CAN_0506,PASS,GINE,2,guest_cold,2,4.619877815246582
829,11,562,C1N2C3C4N(C2=O)CN5C6C7N(C5=O)CN8C9C2N(C8=O)CN5C8C%10N(C5=O)CN5C%11C%12N(C5=O)CN5C%13C%14N(C5=O)CN5C%15C%16N(C5=O)CN5C%17C(N1C5=O)N1CN3C(=O)N4CN6C(=O)N7CN9C(=O)N2CN8C(=O)N%10CN%11C(=O)N%12CN%13C(=O)N%14CN%15C(=O)N%16CN%17C1=O,CCCCCCCCCCCC[N+](C)(C)C.[Br-],cucurbituril,6.447199821472168,O=C1N2CN3C(=O)N4CN5C(=O)N6CN7C(=O)N8CN9C(=O)N%10CN%11C(=O)N%12CN%13C(=O)N%14CN%15C(=O)N%16CN1C1C2N2CN%17C(=O)N(CN%18C(=O)N(CN%19C(=O)N(CN%20C(=O)N(CN%21C(=O)N(CN%22C(=O)N(CN%23C(=O)N(CN1C2=O)C%16C%15%23)C%14C%13%22)C%12C%11%21)C%10C9%20)C8C7%19)C6C5%18)C4C3%17,E82CB7F52437B0147F435E3074F006752062FF8924E87C1DAF3210D182FF633B,HOST_CAN_0143,PASS,CCCCCCCCCCCC[N+](C)(C)C.[Br-],383C90845F42188C3460C12BF29FD9C7874EB1963D9F4CBE88DE3EB0F5C0B048,GUEST_CAN_0286,PASS,GINE,2,guest_cold,2,5.601019382476807
830,9,563,[O-]C(=O)COc1ccc2c3c1CNC(=O)c1c(OCC(=O)[O-])ccc4c1ccc1c4C4CC(O1)Oc1c4c4ccc(c(C(=O)NCc5c6c(c7C8c2c(cc3)OC(C8)Oc7cc6)ccc5OCC(=O)[O-])c4cc1)OCC(=O)[O-].[NH4+].[NH4+].[NH4+].[NH4+],C1=CN=CN1,other,1.8387999534606934,O=C([O-])COc1ccc2c3c4ccc2c1CNC(=O)c1c(OCC(=O)[O-])ccc2c5c(ccc12)OC1CC5c2c(ccc5c(c(OCC(=O)[O-])ccc25)C(=O)NCc2c(OCC(=O)[O-])ccc5c6c(ccc25)OC(CC36)O4)O1.[NH4+].[NH4+].[NH4+].[NH4+],7D3830C6A6E10F82EEBCC3ED68B861BB21ED63B1DDB277580F3032527E5A1183,HOST_CAN_0139,PASS,c1c[nH]cn1,5C2D4306FE1E3DA2EA882C9C5F2C78966AE60FF882B2D47C8E561427D5BD7CE5,GUEST_CAN_1120,PASS,GINE,2,guest_cold,2,2.3623366355895996
833,78,413,COC[C@@H]1O[C@H]2O[C@@H]3[C@@H](COC)O[C@@H]([C@@H]([C@H]3OC)OC)O[C@@H]3[C@@H](COC)O[C@@H]([C@@H]([C@H]3OC)OC)O[C@@H]3[C@@H](COC)O[C@@H]([C@@H]([C@H]3OC)OC)O[C@H]3[C@@H](O[C@@H](O[C@H]4[C@@H](O[C@@H](O[C@H]5[C@@H](O[C@@H](O[C@@H]1[C@H]([C@@H]2OC)OC)[C@@H](OC)[C@@H]5OC)COC)[C@@H](OC)[C@@H]4OC)COC)[C@@H](OC)[C@@H]3OC)COC,OC1=CC=C(C=C1)N=NC1=CC=CC=C1,cyclodextrin,3.2981998920440674,COC[C@@H]1O[C@H]2O[C@@H]3[C@@H](OC)[C@H](OC)[C@H](O[C@H]4[C@H](OC)[C@@H](OC)[C@@H](O[C@H]5[C@H](OC)[C@@H](OC)[C@@H](O[C@H]6[C@H](OC)[C@@H](OC)[C@@H](O[C@@H]7[C@@H](OC)[C@H](OC)[C@H](O[C@@H]8[C@@H](OC)[C@H](OC)[C@H](O[C@@H]1[C@@H](OC)[C@@H]2OC)O[C@H]8COC)O[C@H]7COC)O[C@@H]6COC)O[C@@H]5COC)O[C@@H]4COC)O[C@H]3COC,4DBC704653D506001F39C2066C78337580D179894FB25234B01BA86A08D866EF,HOST_CAN_0061,PASS,Oc1ccc(N=Nc2ccccc2)cc1,758D2839B54A895381DCF3B47E19C1E793C860CD75C37FD79A798417D0F22D3E,GUEST_CAN_0995,PASS,GINE,2,guest_cold,2,1.3303680419921875
835,3,104,OC[C@H]1O[C@@H]2O[C@@H]3[C@@H](CO)O[C@H](O[C@@H]4[C@@H](CO)O[C@H](O[C@@H]5[C@@H](CO)O[C@H](O[C@@H]6[C@@H](CO)O[C@H](O[C@@H]7[C@@H](CO)O[C@H](O[C@@H]8[C@@H](CO)O[C@H](O[C@H]1[C@H](O)[C@H]2O)[C@H](O)[C@H]8O)[C@H](O)[C@H]7O)[C@H](O)[C@H]6O)[C@H](O)[C@H]5O)[C@H](O)[C@H]4O)[C@H](O)[C@H]3O,C1CC2CCC1N=N2,cyclodextrin,2.992000102996826,OC[C@H]1O[C@@H]2O[C@H]3[C@H](O)[C@@H](O)[C@@H](O[C@H]4[C@H](O)[C@@H](O)[C@@H](O[C@H]5[C@H](O)[C@@H](O)[C@@H](O[C@H]6[C@H](O)[C@@H](O)[C@@H](O[C@H]7[C@H](O)[C@@H](O)[C@@H](O[C@H]8[C@H](O)[C@@H](O)[C@@H](O[C@H]1[C@H](O)[C@H]2O)O[C@@H]8CO)O[C@@H]7CO)O[C@@H]6CO)O[C@@H]5CO)O[C@@H]4CO)O[C@@H]3CO,22584443D9512992310760C9871E3E6BDB3EDC92006F3EF1EC94F44373907EB1,HOST_CAN_0176,PASS,C1CC2CCC1N=N2,28524F2C321EA80222CEAE7EE74FE527F854D218FD4782A52CD6A817541C8DDA,GUEST_CAN_0024,PASS,GINE,2,guest_cold,2,2.2908248901367188
842,11,570,C1N2C3C4N(C2=O)CN5C6C7N(C5=O)CN8C9C2N(C8=O)CN5C8C%10N(C5=O)CN5C%11C%12N(C5=O)CN5C%13C%14N(C5=O)CN5C%15C%16N(C5=O)CN5C%17C(N1C5=O)N1CN3C(=O)N4CN6C(=O)N7CN9C(=O)N2CN8C(=O)N%10CN%11C(=O)N%12CN%13C(=O)N%14CN%15C(=O)N%16CN%17C1=O,C1C=CC=C1.[CH-]1C=CC=C1.[Co+2],cucurbituril,8.838800430297852,O=C1N2CN3C(=O)N4CN5C(=O)N6CN7C(=O)N8CN9C(=O)N%10CN%11C(=O)N%12CN%13C(=O)N%14CN%15C(=O)N%16CN1C1C2N2CN%17C(=O)N(CN%18C(=O)N(CN%19C(=O)N(CN%20C(=O)N(CN%21C(=O)N(CN%22C(=O)N(CN%23C(=O)N(CN1C2=O)C%16C%15%23)C%14C%13%22)C%12C%11%21)C%10C9%20)C8C7%19)C6C5%18)C4C3%17,E82CB7F52437B0147F435E3074F006752062FF8924E87C1DAF3210D182FF633B,HOST_CAN_0143,PASS,C1=CCC=C1.[Co+2].c1cc[cH-]c1,2B517A26C24E67CC61E3EEEE380678B02C773284D09943837E54B1A950E37E5E,GUEST_CAN_0016,PASS,GINE,2,guest_cold,2,4.9875383377075195
855,11,577,C1N2C3C4N(C2=O)CN5C6C7N(C5=O)CN8C9C2N(C8=O)CN5C8C%10N(C5=O)CN5C%11C%12N(C5=O)CN5C%13C%14N(C5=O)CN5C%15C%16N(C5=O)CN5C%17C(N1C5=O)N1CN3C(=O)N4CN6C(=O)N7CN9C(=O)N2CN8C(=O)N%10CN%11C(=O)N%12CN%13C(=O)N%14CN%15C(=O)N%16CN%17C1=O,CC(=O)C1CCC2C1(CCC3C2CCC4=CC(=O)CCC34C)C,cucurbituril,7.938499927520752,O=C1N2CN3C(=O)N4CN5C(=O)N6CN7C(=O)N8CN9C(=O)N%10CN%11C(=O)N%12CN%13C(=O)N%14CN%15C(=O)N%16CN1C1C2N2CN%17C(=O)N(CN%18C(=O)N(CN%19C(=O)N(CN%20C(=O)N(CN%21C(=O)N(CN%22C(=O)N(CN%23C(=O)N(CN1C2=O)C%16C%15%23)C%14C%13%22)C%12C%11%21)C%10C9%20)C8C7%19)C6C5%18)C4C3%17,E82CB7F52437B0147F435E3074F006752062FF8924E87C1DAF3210D182FF633B,HOST_CAN_0143,PASS,CC(=O)C1CCC2C3CCC4=CC(=O)CCC4(C)C3CCC12C,7673C06C9F6E1E307CCC2692CB0E2F8F8CE0D771D2904A31C260B1610AF82E42,GUEST_CAN_0064,PASS,GINE,2,guest_cold,2,5.576695442199707
858,3,418,OC[C@H]1O[C@@H]2O[C@@H]3[C@@H](CO)O[C@H](O[C@@H]4[C@@H](CO)O[C@H](O[C@@H]5[C@@H](CO)O[C@H](O[C@@H]6[C@@H](CO)O[C@H](O[C@@H]7[C@@H](CO)O[C@H](O[C@@H]8[C@@H](CO)O[C@H](O[C@H]1[C@H](O)[C@H]2O)[C@H](O)[C@H]8O)[C@H](O)[C@H]7O)[C@H](O)[C@H]6O)[C@H](O)[C@H]5O)[C@H](O)[C@H]4O)[C@H](O)[C@H]3O,[CH]1[CH][CH][CH][CH]1.[CH]1[CH][CH][C]([CH]1)CO.[Fe],cyclodextrin,3.9874000549316406,OC[C@H]1O[C@@H]2O[C@H]3[C@H](O)[C@@H](O)[C@@H](O[C@H]4[C@H](O)[C@@H](O)[C@@H](O[C@H]5[C@H](O)[C@@H](O)[C@@H](O[C@H]6[C@H](O)[C@@H](O)[C@@H](O[C@H]7[C@H](O)[C@@H](O)[C@@H](O[C@H]8[C@H](O)[C@@H](O)[C@@H](O[C@H]1[C@H](O)[C@H]2O)O[C@@H]8CO)O[C@@H]7CO)O[C@@H]6CO)O[C@@H]5CO)O[C@@H]4CO)O[C@@H]3CO,22584443D9512992310760C9871E3E6BDB3EDC92006F3EF1EC94F44373907EB1,HOST_CAN_0176,PASS,OC[C]1[CH][CH][CH][CH]1.[CH]1[CH][CH][CH][CH]1.[Fe],598F58B7E73A7A8C503349E1FB5AEC855C474C9E6DEB14009D5A6FCA0DF34B7B,GUEST_CAN_0983,PASS,GINE,2,guest_cold,2,2.467188835144043
861,11,582,C1N2C3C4N(C2=O)CN5C6C7N(C5=O)CN8C9C2N(C8=O)CN5C8C%10N(C5=O)CN5C%11C%12N(C5=O)CN5C%13C%14N(C5=O)CN5C%15C%16N(C5=O)CN5C%17C(N1C5=O)N1CN3C(=O)N4CN6C(=O)N7CN9C(=O)N2CN8C(=O)N%10CN%11C(=O)N%12CN%13C(=O)N%14CN%15C(=O)N%16CN%17C1=O,CC(=O)OC1CCC2C1(CCC3C2CCC4=C3C=CC(=C4)O)C,cucurbituril,6.812900066375732,O=C1N2CN3C(=O)N4CN5C(=O)N6CN7C(=O)N8CN9C(=O)N%10CN%11C(=O)N%12CN%13C(=O)N%14CN%15C(=O)N%16CN1C1C2N2CN%17C(=O)N(CN%18C(=O)N(CN%19C(=O)N(CN%20C(=O)N(CN%21C(=O)N(CN%22C(=O)N(CN%23C(=O)N(CN1C2=O)C%16C%15%23)C%14C%13%22)C%12C%11%21)C%10C9%20)C8C7%19)C6C5%18)C4C3%17,E82CB7F52437B0147F435E3074F006752062FF8924E87C1DAF3210D182FF633B,HOST_CAN_0143,PASS,CC(=O)OC1CCC2C3CCc4cc(O)ccc4C3CCC12C,1F89F51921AD5393752AFED00244EFA05303D9FF55A8D9523A21AA0CF88CB78D,GUEST_CAN_0099,PASS,GINE,2,guest_cold,2,5.384822845458984
864,23,104,OC[C@H]1O[C@@H]2O[C@@H]3[C@@H](CO)O[C@H](O[C@@H]4[C@@H](CO)O[C@H](O[C@@H]5[C@@H](CO)O[C@H](O[C@@H]6[C@@H](CO)O[C@H](O[C@@H]7[C@@H](CO)O[C@H](O[C@H]1[C@H](O)[C@H]2O)[C@H](O)[C@H]7O)[C@H](O)[C@H]6O)[C@H](O)[C@H]5O)[C@H](O)[C@H]4O)[C@H](O)[C@H]3O,C1CC2CCC1N=N2,cyclodextrin,1.6990000009536743,OC[C@H]1O[C@@H]2O[C@H]3[C@H](O)[C@@H](O)[C@@H](O[C@H]4[C@H](O)[C@@H](O)[C@@H](O[C@H]5[C@H](O)[C@@H](O)[C@@H](O[C@H]6[C@H](O)[C@@H](O)[C@@H](O[C@H]7[C@H](O)[C@@H](O)[C@@H](O[C@H]1[C@H](O)[C@H]2O)O[C@@H]7CO)O[C@@H]6CO)O[C@@H]5CO)O[C@@H]4CO)O[C@@H]3CO,9CB41F926A4386D7C0E23599753E6EDC60802BE1DCF577DB9B32CBB20691DB1D,HOST_CAN_0175,PASS,C1CC2CCC1N=N2,28524F2C321EA80222CEAE7EE74FE527F854D218FD4782A52CD6A817541C8DDA,GUEST_CAN_0024,PASS,GINE,2,guest_cold,2,2.2908248901367188
875,11,590,C1N2C3C4N(C2=O)CN5C6C7N(C5=O)CN8C9C2N(C8=O)CN5C8C%10N(C5=O)CN5C%11C%12N(C5=O)CN5C%13C%14N(C5=O)CN5C%15C%16N(C5=O)CN5C%17C(N1C5=O)N1CN3C(=O)N4CN6C(=O)N7CN9C(=O)N2CN8C(=O)N%10CN%11C(=O)N%12CN%13C(=O)N%14CN%15C(=O)N%16CN%17C1=O,C1=CC2=C(C=CC=C2O)C(=C1)O,cucurbituril,5.152699947357178,O=C1N2CN3C(=O)N4CN5C(=O)N6CN7C(=O)N8CN9C(=O)N%10CN%11C(=O)N%12CN%13C(=O)N%14CN%15C(=O)N%16CN1C1C2N2CN%17C(=O)N(CN%18C(=O)N(CN%19C(=O)N(CN%20C(=O)N(CN%21C(=O)N(CN%22C(=O)N(CN%23C(=O)N(CN1C2=O)C%16C%15%23)C%14C%13%22)C%12C%11%21)C%10C9%20)C8C7%19)C6C5%18)C4C3%17,E82CB7F52437B0147F435E3074F006752062FF8924E87C1DAF3210D182FF633B,HOST_CAN_0143,PASS,Oc1cccc2c(O)cccc12,2CA75B783C683EFDF52A9E31BC16631FD1A5F4A04AA7F32E83EEE306F609D786,GUEST_CAN_1004,PASS,GINE,2,guest_cold,2,4.158411502838135
884,25,376,CCCOc1c2Cc3cc(cc(c3OCCC)Cc3cc(cc(Cc4c(c(Cc1cc(c2)P(=O)(O)O)cc(c4)P(=O)(O)O)OCCC)c3OCCC)P(=O)(O)O)P(=O)(O)O,C(CO)N.Cl,calixarene,1.0413999557495117,CCCOc1c2cc(P(=O)(O)O)cc1Cc1cc(P(=O)(O)O)cc(c1OCCC)Cc1cc(P(=O)(O)O)cc(c1OCCC)Cc1cc(P(=O)(O)O)cc(c1OCCC)C2,C043E79A34829EDDBE86C6FC09E756E7D0FDCE1A2BB383803C5CAA52B9480850,HOST_CAN_0037,PASS,Cl.NCCO,B8BFC7F3AB287F02D64B1AF5D74B52A154A02E551CB075B8B8621A2F056ECCD2,GUEST_CAN_0689,PASS,GINE,2,guest_cold,2,1.5225465297698975
885,3,597,OC[C@H]1O[C@@H]2O[C@@H]3[C@@H](CO)O[C@H](O[C@@H]4[C@@H](CO)O[C@H](O[C@@H]5[C@@H](CO)O[C@H](O[C@@H]6[C@@H](CO)O[C@H](O[C@@H]7[C@@H](CO)O[C@H](O[C@@H]8[C@@H](CO)O[C@H](O[C@H]1[C@H](O)[C@H]2O)[C@H](O)[C@H]8O)[C@H](O)[C@H]7O)[C@H](O)[C@H]6O)[C@H](O)[C@H]5O)[C@H](O)[C@H]4O)[C@H](O)[C@H]3O,CC1(C2CC1C(C(C2)O)(C)O)C,cyclodextrin,3.803499937057495,OC[C@H]1O[C@@H]2O[C@H]3[C@H](O)[C@@H](O)[C@@H](O[C@H]4[C@H](O)[C@@H](O)[C@@H](O[C@H]5[C@H](O)[C@@H](O)[C@@H](O[C@H]6[C@H](O)[C@@H](O)[C@@H](O[C@H]7[C@H](O)[C@@H](O)[C@@H](O[C@H]8[C@H](O)[C@@H](O)[C@@H](O[C@H]1[C@H](O)[C@H]2O)O[C@@H]8CO)O[C@@H]7CO)O[C@@H]6CO)O[C@@H]5CO)O[C@@H]4CO)O[C@@H]3CO,22584443D9512992310760C9871E3E6BDB3EDC92006F3EF1EC94F44373907EB1,HOST_CAN_0176,PASS,CC1(C)C2CC(O)C(C)(O)C1C2,282648BC7918009015B793E35AB95D54DF929FE66B51C8939C09BC59415459E8,GUEST_CAN_0203,PASS,GINE,2,guest_cold,2,3.4218788146972656
886,65,181,O=C(COC1=C(CC2=CC(OCC(O)=O)=C(C3)C=C2OCC(O)=O)C=C(OCC(O)=O)C(CC4=C(OCC(O)=O)C=C(CC5=CC(OCC(O)=O)=C(CC6=C(OCC(O)=O)C=C3C(OCC(O)=O)=C6)C=C5OCC(O)=O)C(OCC(O)=O)=C4)=C1)O,C(CCC[NH3+])CC[NH3+].[Cl-].[Cl-],pillararene,7.3242998123168945,O=C(O)COc1cc2c(OCC(=O)O)cc1Cc1cc(OCC(=O)O)c(cc1OCC(=O)O)Cc1cc(OCC(=O)O)c(cc1OCC(=O)O)Cc1cc(OCC(=O)O)c(cc1OCC(=O)O)Cc1cc(OCC(=O)O)c(cc1OCC(=O)O)C2,D554EF58E2285AB1E087AF8FFC6B903FE8A63389351C9D80310C0632D55CFBCA,HOST_CAN_0132,PASS,[Cl-].[Cl-].[NH3+]CCCCCC[NH3+],C5972710ADEA5F593934762CCF65EB152DFF548B5145AFDEFD51BD47BE3931B7,GUEST_CAN_1029,PASS,GINE,2,guest_cold,2,6.061587333679199
892,1,398,C1C2=CC(=CC(=C2O)CC3=CC(=CC(=C3O)CC4=C(C(=CC(=C4)S(=O)(=O)O)CC5=C(C1=CC(=C5)S(=O)(=O)O)O)O)S(=O)(=O)O)S(=O)(=O)O,C(CCCC)O,calixarene,1.6299999952316284,O=S(=O)(O)c1cc2c(O)c(c1)Cc1cc(S(=O)(=O)O)cc(c1O)Cc1cc(S(=O)(=O)O)cc(c1O)Cc1cc(S(=O)(=O)O)cc(c1O)C2,C1130CCDC8DA0C6458EF6C2E07E7F3330D8F8B055CBE4DEAADB70DC00C8CDFC1,HOST_CAN_0154,PASS,CCCCCO,64D1BEDCA3AD9A1D51E4CD33942B548F132A9D77C656AB793A10C46594F30167,GUEST_CAN_0305,PASS,GINE,2,guest_cold,2,2.6506659984588623
896,11,601,C1N2C3C4N(C2=O)CN5C6C7N(C5=O)CN8C9C2N(C8=O)CN5C8C%10N(C5=O)CN5C%11C%12N(C5=O)CN5C%13C%14N(C5=O)CN5C%15C%16N(C5=O)CN5C%17C(N1C5=O)N1CN3C(=O)N4CN6C(=O)N7CN9C(=O)N2CN8C(=O)N%10CN%11C(=O)N%12CN%13C(=O)N%14CN%15C(=O)N%16CN%17C1=O,C(C)OC(=O)C1=CC=C(C=C1)[N+]1=CC=C(C=C1)C1=CC=[N+](C=C1)C1=CC=C(C=C1)C(=O)OCC,cucurbituril,6.278800010681152,O=C1N2CN3C(=O)N4CN5C(=O)N6CN7C(=O)N8CN9C(=O)N%10CN%11C(=O)N%12CN%13C(=O)N%14CN%15C(=O)N%16CN1C1C2N2CN%17C(=O)N(CN%18C(=O)N(CN%19C(=O)N(CN%20C(=O)N(CN%21C(=O)N(CN%22C(=O)N(CN%23C(=O)N(CN1C2=O)C%16C%15%23)C%14C%13%22)C%12C%11%21)C%10C9%20)C8C7%19)C6C5%18)C4C3%17,E82CB7F52437B0147F435E3074F006752062FF8924E87C1DAF3210D182FF633B,HOST_CAN_0143,PASS,CCOC(=O)c1ccc(-[n+]2ccc(-c3cc[n+](-c4ccc(C(=O)OCC)cc4)cc3)cc2)cc1,2CA61649862602366BBB4DB7C946165833A69537549E569CDCC25D81A4B1004D,GUEST_CAN_0362,PASS,GINE,2,guest_cold,2,6.199917793273926
899,106,604,CCCOC1=C2CC3=CC(P(OC)(O[Li])=O)=CC(CC4=C(OCCC)C(CC5=C(OCCC)C(CC1=CC(P(OC)(O[Li])=O)=C2)=CC(P(OC)(O[Li])=O)=C5)=CC(P(OC)(O[Li])=O)=C4)=C3OCCC,C1=CC=C(C=C1)CN.Cl,calixarene,1.0,[Li][O]P(=O)(OC)c1cc2c(OCCC)c(c1)Cc1cc(P(=O)([O][Li])OC)cc(c1OCCC)Cc1cc(P(=O)([O][Li])OC)cc(c1OCCC)Cc1cc(P(=O)([O][Li])OC)cc(c1OCCC)C2,7E35E77A746111D0F7C2AD48B4236AD5F23EBD686B02C0BEF4D3F0D97CE016F4,HOST_CAN_0180,PASS,Cl.NCc1ccccc1,940B23638656F8FE23E14ED8A0BBBA6E62D42F8FE7C323CF9C1D5C7983D012F0,GUEST_CAN_0694,PASS,GINE,2,guest_cold,2,1.6471607685089111
901,42,56,OC1=C(CC2=CC(S(=O)([O-])=O)=CC(CC(C=C3S(=O)([O-])=O)=C4OCC(N)=O)=C2O)C=C(S(=O)([O-])=O)C=C1CC5=CC(S(=O)([O-])=O)=CC(CC4=C3)=C5O,CCCC(C(=O)O)N,calixarene,2.4377999305725098,NC(=O)COc1c2cc(S(=O)(=O)[O-])cc1Cc1cc(S(=O)(=O)[O-])cc(c1O)Cc1cc(S(=O)(=O)[O-])cc(c1O)Cc1cc(S(=O)(=O)[O-])cc(c1O)C2,1F2BEDA02D00DC2C1A2D3A5BD5460849E045F21D3B673D4626094BA71BDA0464,HOST_CAN_0104,PASS,CCCC(N)C(=O)O,81F3215F9F46874A7436620E7AD92167936CF997FB3F203D4397A018C4B56861,GUEST_CAN_0268,PASS,GINE,2,guest_cold,2,2.2595362663269043
911,147,609,c1cc2ccc1C[n+]1ccc(-c3ccc(-c4cc[n+](cc4)Cc4ccc(C[n+]5ccc(-c6ccc(-c7cc[n+](C2)cc7)cc6)cc5)cc4)cc3)cc1.[Cl-].[Cl-].[Cl-].[Cl-],OCC[N+](CCN1C(=O)c2ccc3c4c2c(C1=O)ccc4c1c2c3ccc3c2c(cc1)C(=O)N(C3=O)CC[N+](CCO)(C)C)(C)C.[Br-].[Br-],other,4.770899772644043,[Cl-].[Cl-].[Cl-].[Cl-].c1cc2ccc1C[n+]1ccc(cc1)-c1ccc(cc1)-c1cc[n+](cc1)Cc1ccc(cc1)C[n+]1ccc(cc1)-c1ccc(cc1)-c1cc[n+](cc1)C2,8838F5DB3CA725944E62DBB950261A7EF8FD82FF096002A58FF5E9CD907B8660,HOST_CAN_0178,PASS,C[N+](C)(CCO)CCN1C(=O)c2ccc3c4ccc5c6c(ccc(c7ccc(c2c37)C1=O)c64)C(=O)N(CC[N+](C)(C)CCO)C5=O.[Br-].[Br-],32F909A2ACFD727431D99B720424B910C2A868645ACE9FB4F64A4F453C71206B,GUEST_CAN_0590,PASS,GINE,2,guest_cold,2,5.461128234863281
914,38,611,C1C2C3=CC=CC=C3C4=C5C6CC7=CC=CC=C7C8=CC(=CC(=C8)C9=CC=CC=C9CC3C7=CC=CC=C7C(=C24)C3=C5C2=CC=CC=C62)C2=CC=CC=C21,C1CC23CCC[N+]2(C1)CCC3.[Cl-],cyclophane,4.602099895477295,c1ccc2c(c1)CC1c3ccccc3-c3c1c1c4c5c3C(Cc3ccccc3-c3cc-2cc(c3)-c2ccccc2CC4c2ccccc2-1)c1ccccc1-5,7D60610AC6275537B6952E12359C97C789A38E2FA1295732E16AF89573CE95C4,HOST_CAN_0186,PASS,C1CC23CCC[N+]2(C1)CCC3.[Cl-],B4BDB306372D3D419AFF9AB09BAFA2C58EFDF74F4F38CF2F574FA0F07505CD04,GUEST_CAN_0019,PASS,GINE,2,guest_cold,2,4.566342353820801
920,3,616,OC[C@H]1O[C@@H]2O[C@@H]3[C@@H](CO)O[C@H](O[C@@H]4[C@@H](CO)O[C@H](O[C@@H]5[C@@H](CO)O[C@H](O[C@@H]6[C@@H](CO)O[C@H](O[C@@H]7[C@@H](CO)O[C@H](O[C@@H]8[C@@H](CO)O[C@H](O[C@H]1[C@H](O)[C@H]2O)[C@H](O)[C@H]8O)[C@H](O)[C@H]7O)[C@H](O)[C@H]6O)[C@H](O)[C@H]5O)[C@H](O)[C@H]4O)[C@H](O)[C@H]3O,C[N+](=C1C=CC2=NC3=C(C=CC4=CC=CC=C43)OC2=C1)C.[Cl-],cyclodextrin,3.009500026702881,OC[C@H]1O[C@@H]2O[C@H]3[C@H](O)[C@@H](O)[C@@H](O[C@H]4[C@H](O)[C@@H](O)[C@@H](O[C@H]5[C@H](O)[C@@H](O)[C@@H](O[C@H]6[C@H](O)[C@@H](O)[C@@H](O[C@H]7[C@H](O)[C@@H](O)[C@@H](O[C@H]8[C@H](O)[C@@H](O)[C@@H](O[C@H]1[C@H](O)[C@H]2O)O[C@@H]8CO)O[C@@H]7CO)O[C@@H]6CO)O[C@@H]5CO)O[C@@H]4CO)O[C@@H]3CO,22584443D9512992310760C9871E3E6BDB3EDC92006F3EF1EC94F44373907EB1,HOST_CAN_0176,PASS,C[N+](C)=c1ccc2nc3c(ccc4ccccc43)oc-2c1.[Cl-],66C5D3C40E4039970FC3D621F55AB474BF8F6A1A59A96E87F74B789352E88C84,GUEST_CAN_0601,PASS,GINE,2,guest_cold,2,2.577319622039795
924,36,63,C1CCC2C(C1)OCCOCCOC3CCCCC3OCCOCCO2,[Rb+],crown_ether,1.5,C1CCC2OCCOCCOC3CCCCC3OCCOCCOC2C1,6324056DD7B8D486CDD96CAFC63AEDD5DD6528EA1F170F5E566BD0A62E2BF929,HOST_CAN_0001,PASS,[Rb+],A81E1030429F736D8E35EA84C21CDFC8BA21CABFAB462465BE82BDA25EAD58DF,GUEST_CAN_1109,PASS,GINE,2,guest_cold,2,1.353966474533081
933,2,622,C1N2C3C4N(C2=O)CN5C6C7N(C5=O)CN8C9C2N(C8=O)CN5C8C%10N(C5=O)CN5C%11C(N1C5=O)N1CN3C(=O)N4CN6C(=O)N7CN9C(=O)N2CN8C(=O)N%10CN%11C1=O,[Ne],cucurbituril,1.857300043106079,O=C1N2CN3C(=O)N4CN5C(=O)N6CN7C(=O)N8CN9C(=O)N%10CN1C1C2N2CN%11C(=O)N(CN%12C(=O)N(CN%13C(=O)N(CN%14C(=O)N(CN1C2=O)C%10C9%14)C8C7%13)C6C5%12)C4C3%11,EE085DEDB538468744A3EBDAC86A0BF01B424E1C1BBF9C3E804B43220B2C1DDA,HOST_CAN_0150,PASS,[Ne],51CA3ECF0E4B6873D36EDB053AE7E9BEFC44F54540A4442FC0AD173488B2C433,GUEST_CAN_1103,PASS,GINE,2,guest_cold,2,3.0323646068573
940,96,92,CN(c1ccc2c(c1)oc1-c(c2c2cc(ccc2C(=O)[O-])C(=O)NCCC(=O)N2Cc3ccccc3-c3c(-c4c2cccc4)nnn3CCCCC23N4CN5C(=O)N6C7C5N5CN2C(=O)N2C3(C)N(C4=O)CN3C4N(C2)C(=O)N2C4N(C3=O)CN3C4N(C2)C(=O)N2C4N(C3=O)CN3C4N(C2)C(=O)N2CN8C(=O)N9CN%10C(=O)N(CN7C5=O)C5N(C6)C(=O)N(C%105)CN5C(=O)N(C8C95)CN(C3=O)C42)ccc(=[N+](C)C)c1)C,C[N+]1=CC=C(C=C1)C2=CC=[N+](C=C2)C.[Cl-].[Cl-],cucurbituril,6.795899868011475,CN(C)c1ccc2c(-c3cc(C(=O)NCCC(=O)N4Cc5ccccc5-c5c(nnn5CCCCC56N7CN8C(=O)N9CN%10C(=O)N%11CN%12C(=O)N%13CN%14C(=O)N%15CN%16C(=O)N%17CN%18C(=O)N%19CN(C7=O)C5(C)N5CN7C(=O)N(CN%20C(=O)N(CN%21C(=O)N(CN%22C(=O)N(CN%23C(=O)N(CN%24C(=O)N(CN6C5=O)C8C9%24)C%10C%11%23)C%12C%13%22)C%14C%15%21)C%16C%17%20)C%18C%197)-c5ccccc54)ccc3C(=O)[O-])c3ccc(=[N+](C)C)cc-3oc2c1,BA91DFE914ACDAC9272FC53EE8A84DDD3481F62605296600026C4AF71543DB34,HOST_CAN_0050,PASS,C[n+]1ccc(-c2cc[n+](C)cc2)cc1.[Cl-].[Cl-],A34A59C172ABA48CFA54144DF49E70D56803B22DE394E6F3154C1D8F7DC6E5F1,GUEST_CAN_0623,PASS,GINE,2,guest_cold,2,6.447894096374512
948,50,313,O=C1N2CN3C4N5CN6C2C2(N1CN1[C@@H]7N(CN2C6=O)C(=O)N2[C@@H]7N(C1=O)CN1[C@@H]6N(C2)C(=O)N2C6N(C1=O)CN1C6N(C2)C(=O)N2C6N(C1=O)CN1C(=O)N6CN7C(=O)N8CN(C3=O)C4N(C5=O)CN3C8C7N(C3=O)CN3C6C1N(C3=O)C2)OCc1nnn(c1)CCOCCOCCOCCOCCOCCCOc1ccc2c(c1O)c[n+]1c(-c3cc4OCOc4cc3CC1)c2.[Br-],C(CCN)CCN,cucurbituril,3.5713999271392822,O=C1N2CN3C(=O)N4CN5C(=O)N6CN7C(=O)N8CN9C(=O)N%10CN%11C(=O)N%12CN%13C(=O)N%14CN1C1C2N2CN%15C(=O)N(CN%16C(=O)N(CN%17C(=O)N(CN%18C(=O)N(CN%19C(=O)N(CN%20C(=O)N(CN1C2=O)C%14C%13%20)C%12C%11%19OCc1cn(CCOCCOCCOCCOCCOCCCOc2ccc%11cc%12[n+](cc%11c2O)CCc2cc%11c(cc2-%12)OCO%11)nn1)[C@H]%10[C@@H]%189)[C@H]8C7%17)C6C5%16)C4C3%15.[Br-],D99990050A2891EE4F0CCCB85E149BF7C34C3D3B1868342CE2D7EAA4BF20A6D6,HOST_CAN_0145,PASS,NCCCCCN,686B1F1D37E58EE9E8D62CED35D9E35B25EB8DBA4BB8BAA773577CEE8422D320,GUEST_CAN_0794,PASS,GINE,2,guest_cold,2,5.0695295333862305
950,9,167,[O-]C(=O)COc1ccc2c3c1CNC(=O)c1c(OCC(=O)[O-])ccc4c1ccc1c4C4CC(O1)Oc1c4c4ccc(c(C(=O)NCc5c6c(c7C8c2c(cc3)OC(C8)Oc7cc6)ccc5OCC(=O)[O-])c4cc1)OCC(=O)[O-].[NH4+].[NH4+].[NH4+].[NH4+],C1COCCO1,other,4.075799942016602,O=C([O-])COc1ccc2c3c4ccc2c1CNC(=O)c1c(OCC(=O)[O-])ccc2c5c(ccc12)OC1CC5c2c(ccc5c(c(OCC(=O)[O-])ccc25)C(=O)NCc2c(OCC(=O)[O-])ccc5c6c(ccc25)OC(CC36)O4)O1.[NH4+].[NH4+].[NH4+].[NH4+],7D3830C6A6E10F82EEBCC3ED68B861BB21ED63B1DDB277580F3032527E5A1183,HOST_CAN_0139,PASS,C1COCCO1,53B5B2411B4BFE41E435D13DF6E66C572946E99310064792E760333B1B14CB05,GUEST_CAN_0037,PASS,GINE,2,guest_cold,2,2.4835615158081055
956,8,632,C1N2C3C4N(C2=O)CN5C6C7N(C5=O)CN8C9C2N(C8=O)CN5C8C%10N(C5=O)CN5C%11C%12N(C5=O)CN5C%13C(N1C5=O)N1CN3C(=O)N4CN6C(=O)N7CN9C(=O)N2CN8C(=O)N%10CN%11C(=O)N%12CN%13C1=O,NCCCO,cucurbituril,3.589900016784668,O=C1N2CN3C(=O)N4CN5C(=O)N6CN7C(=O)N8CN9C(=O)N%10CN%11C(=O)N%12CN1C1C2N2CN%13C(=O)N(CN%14C(=O)N(CN%15C(=O)N(CN%16C(=O)N(CN%17C(=O)N(CN1C2=O)C%12C%11%17)C%10C9%16)C8C7%15)C6C5%14)C4C3%13,2526C525F966BEE6CB589BBB60C9F4124C02584847747BDAFF4E92B4462536E8,HOST_CAN_0149,PASS,NCCCO,BAB206745F169618D187510EAA9912614CA2A1700DF4BAC325C6D0D33D96A5E2,GUEST_CAN_0803,PASS,GINE,2,guest_cold,2,4.5025410652160645
959,11,43,C1N2C3C4N(C2=O)CN5C6C7N(C5=O)CN8C9C2N(C8=O)CN5C8C%10N(C5=O)CN5C%11C%12N(C5=O)CN5C%13C%14N(C5=O)CN5C%15C%16N(C5=O)CN5C%17C(N1C5=O)N1CN3C(=O)N4CN6C(=O)N7CN9C(=O)N2CN8C(=O)N%10CN%11C(=O)N%12CN%13C(=O)N%14CN%15C(=O)N%16CN%17C1=O,C[n+]1ccc(cc1)/C=C/c1cc[n+](cc1)C,cucurbituril,5.7032999992370605,O=C1N2CN3C(=O)N4CN5C(=O)N6CN7C(=O)N8CN9C(=O)N%10CN%11C(=O)N%12CN%13C(=O)N%14CN%15C(=O)N%16CN1C1C2N2CN%17C(=O)N(CN%18C(=O)N(CN%19C(=O)N(CN%20C(=O)N(CN%21C(=O)N(CN%22C(=O)N(CN%23C(=O)N(CN1C2=O)C%16C%15%23)C%14C%13%22)C%12C%11%21)C%10C9%20)C8C7%19)C6C5%18)C4C3%17,E82CB7F52437B0147F435E3074F006752062FF8924E87C1DAF3210D182FF633B,HOST_CAN_0143,PASS,C[n+]1ccc(/C=C/c2cc[n+](C)cc2)cc1,14818FE10F046EBD0B8696923FD529607C8E7F65FCD645EC173AF08C6F65A94F,GUEST_CAN_0633,PASS,GINE,2,guest_cold,2,5.654585838317871
963,1,64,C1C2=CC(=CC(=C2O)CC3=CC(=CC(=C3O)CC4=C(C(=CC(=C4)S(=O)(=O)O)CC5=C(C1=CC(=C5)S(=O)(=O)O)O)O)S(=O)(=O)O)S(=O)(=O)O,COC1=C(C=CC(=C1)C=CC(=O)O)O,calixarene,4.211900234222412,O=S(=O)(O)c1cc2c(O)c(c1)Cc1cc(S(=O)(=O)O)cc(c1O)Cc1cc(S(=O)(=O)O)cc(c1O)Cc1cc(S(=O)(=O)O)cc(c1O)C2,C1130CCDC8DA0C6458EF6C2E07E7F3330D8F8B055CBE4DEAADB70DC00C8CDFC1,HOST_CAN_0154,PASS,COc1cc(C=CC(=O)O)ccc1O,FBA2624599D3DF61E64A1CD01004296006570403D519166BB73FAE5CFC4F262F,GUEST_CAN_0476,PASS,GINE,2,guest_cold,2,2.5569052696228027
967,69,637,NCCN1C=C(N=N1)COC(C=C2)=C(CNCC3=C(OCC(N=N4)=CN4CCN)C=CC5=C3C=C6)C7=C2C8=C(C=C7)OC9CC8C%10=C(O9)C=CC%11=C%10C=CC(OCC(N=N%12)=CN%12CCN)=C%11CNCC%13=C(OCC(N=N%14)=CN%14CCN)C=CC%15=C%13C=CC(O%16)=C%15C%17C5=C6OC%16C%17,C(C)(=O)NC(C(=O)O)C1=CC=CC=C1,other,3.6865999698638916,NCCn1cc(COc2ccc3c4c5ccc3c2CNCc2c(OCc3cn(CCN)nn3)ccc3c6c(ccc23)OC2CC6c3c(ccc6c(c(OCc7cn(CCN)nn7)ccc36)CNCc3c(OCc6cn(CCN)nn6)ccc6c7c(ccc36)OC(CC47)O5)O2)nn1,E69AC36986BDADC1E5A61FE9021251B6D5437DB096F231021CE94D055FF4BCBF,HOST_CAN_0113,PASS,CC(=O)NC(C(=O)O)c1ccccc1,76E13337757DBE3879D6A633FF092F28738489FA30EEEA0A5FAAF2E292B16ABC,GUEST_CAN_0065,PASS,GINE,2,guest_cold,2,3.4528183937072754
972,69,639,NCCN1C=C(N=N1)COC(C=C2)=C(CNCC3=C(OCC(N=N4)=CN4CCN)C=CC5=C3C=C6)C7=C2C8=C(C=C7)OC9CC8C%10=C(O9)C=CC%11=C%10C=CC(OCC(N=N%12)=CN%12CCN)=C%11CNCC%13=C(OCC(N=N%14)=CN%14CCN)C=CC%15=C%13C=CC(O%16)=C%15C%17C5=C6OC%16C%17,O=C(C(=O)O)CC1=CC=CC=C1,other,4.100399971008301,NCCn1cc(COc2ccc3c4c5ccc3c2CNCc2c(OCc3cn(CCN)nn3)ccc3c6c(ccc23)OC2CC6c3c(ccc6c(c(OCc7cn(CCN)nn7)ccc36)CNCc3c(OCc6cn(CCN)nn6)ccc6c7c(ccc36)OC(CC47)O5)O2)nn1,E69AC36986BDADC1E5A61FE9021251B6D5437DB096F231021CE94D055FF4BCBF,HOST_CAN_0113,PASS,O=C(O)C(=O)Cc1ccccc1,8E3E15981967EDD904A4C59059DCEF9E927444D34CA2823443CAAD02D98A0057,GUEST_CAN_0854,PASS,GINE,2,guest_cold,2,3.497767925262451
975,66,455,O=C1N(C2)[C@@](N3CN4[C@]5([H])N2C(N(CN6C(N(C7)[C@@](N8CN9[C@]%10(C)N7C(N(CC%11=C%12C(OCCCS(=O)(O[Na])=O)=CC=C%11OCCCS(=O)(O[Na])=O)[C@]%10(C)N(C%12)C9=O)=O)([H])[C@]6([H])N%13C8=O)=O)[C@]5([H])N(C%13)C4=O)=O)(C)[C@@]%14(C)N1CC%15=C(OCCCS(=O)(O[Na])=O)C=CC(OCCCS(=O)(O[Na])=O)=C%15CN%14C3=O,CN1CCC2=CC(=C3C=C2C1CC4=CC=C(C=C4)OC5=C6C(CC7=CC(=C(C=C7)O)O3)[N+](CCC6=CC(=C5O)OC)(C)C)OC,cucurbituril,5.672100067138672,C[C@]12N3Cc4c(OCCCS(=O)(=O)[O][Na])ccc(OCCCS(=O)(=O)[O][Na])c4CN1C(=O)N1CN4C(=O)N5CN6C(=O)N7CN8C(=O)N9Cc%10c(OCCCS(=O)(=O)[O][Na])ccc(OCCCS(=O)(=O)[O][Na])c%10CN%10C(=O)N(CN%11C(=O)N(CN%12C(=O)N(CN(C3=O)[C@]12C)[C@@H]4[C@H]%125)[C@@H]6[C@H]%117)[C@]8(C)[C@@]9%10C,B0B6F4791435866F75671253874506D0002CE2D2DEBD31C6E0C5946D874F1D29,HOST_CAN_0085,PASS,COc1cc2c3cc1Oc1cc(ccc1O)CC1c4c(cc(OC)c(O)c4Oc4ccc(cc4)CC3N(C)CC2)CC[N+]1(C)C,1B7223C084CB85DD588388BA262115F08AB957FB0FAD473D2ADB5CCD9CBE51FB,GUEST_CAN_0481,PASS,GINE,2,guest_cold,2,5.594194412231445
985,1,647,C1C2=CC(=CC(=C2O)CC3=CC(=CC(=C3O)CC4=C(C(=CC(=C4)S(=O)(=O)O)CC5=C(C1=CC(=C5)S(=O)(=O)O)O)O)S(=O)(=O)O)S(=O)(=O)O,NC(=[NH2+])N,calixarene,2.4000000953674316,O=S(=O)(O)c1cc2c(O)c(c1)Cc1cc(S(=O)(=O)O)cc(c1O)Cc1cc(S(=O)(=O)O)cc(c1O)Cc1cc(S(=O)(=O)O)cc(c1O)C2,C1130CCDC8DA0C6458EF6C2E07E7F3330D8F8B055CBE4DEAADB70DC00C8CDFC1,HOST_CAN_0154,PASS,NC(N)=[NH2+],EED8A7F8836E80AAC402F96F6D5EBACE247654417C382BC2428D18EEDA8181BB,GUEST_CAN_0754,PASS,GINE,2,guest_cold,2,2.6817266941070557
997,18,444,CC1=C2C3=CC4=C1OC5C6=CC7=CC(=C6)OC8=CC(=CC(=C8)C(=O)O)OC9=CC1=CC(=C9)C6OC8=C(C=C(C4CCC(=O)O)C(=C8C)O5)C(C4=C(O6)C(=C5C(=C4)C(C4=C6C(=C(C(=C4)C3CCC(=O)O)OC(O2)C2=CC(=CC(=C2)OC2=CC(=CC(=C2)C(=O)O)OC2=CC(=CC(=C2)C(O5)O6)OC2=CC(=CC(=C2)C(=O)O)O1)OC1=CC(=CC(=C1)C(=O)O)O7)C)CCC(=O)O)C)CCC(=O)O,C(\C=C\CCC)(=O)O,cavitand,4.380199909210205,Cc1c2c3cc4c1OC1Oc5c(cc6c(c5C)OC5Oc7c(cc8c(c7C)OC7Oc9c(cc(c(c9C)OC(O2)c2cc9cc(c2)Oc2cc(cc(C(=O)O)c2)Oc2cc(cc7c2)Oc2cc(cc(C(=O)O)c2)Oc2cc(cc5c2)Oc2cc(cc(C(=O)O)c2)Oc2cc(cc1c2)Oc1cc(cc(C(=O)O)c1)O9)C3CCC(=O)O)C8CCC(=O)O)C6CCC(=O)O)C4CCC(=O)O,326FFD4B5C5565D32207155C0B129AE16AFCA7B3342F0DAD815C24AB8DFA8483,HOST_CAN_0099,PASS,CCC/C=C/C(=O)O,174795B24B4C82E48B9F383BCDC2FE2225FA3FA7376372DB291624AE5C5CDAD0,GUEST_CAN_0261,PASS,GINE,2,guest_cold,2,3.5632543563842773
998,11,654,C1N2C3C4N(C2=O)CN5C6C7N(C5=O)CN8C9C2N(C8=O)CN5C8C%10N(C5=O)CN5C%11C%12N(C5=O)CN5C%13C%14N(C5=O)CN5C%15C%16N(C5=O)CN5C%17C(N1C5=O)N1CN3C(=O)N4CN6C(=O)N7CN9C(=O)N2CN8C(=O)N%10CN%11C(=O)N%12CN%13C(=O)N%14CN%15C(=O)N%16CN%17C1=O,F[P-](F)(F)(F)(F)F.[CH-]1C=CC=C1.[CH-]1C=CC=C1.[Co+2],cucurbituril,8.278800010681152,O=C1N2CN3C(=O)N4CN5C(=O)N6CN7C(=O)N8CN9C(=O)N%10CN%11C(=O)N%12CN%13C(=O)N%14CN%15C(=O)N%16CN1C1C2N2CN%17C(=O)N(CN%18C(=O)N(CN%19C(=O)N(CN%20C(=O)N(CN%21C(=O)N(CN%22C(=O)N(CN%23C(=O)N(CN1C2=O)C%16C%15%23)C%14C%13%22)C%12C%11%21)C%10C9%20)C8C7%19)C6C5%18)C4C3%17,E82CB7F52437B0147F435E3074F006752062FF8924E87C1DAF3210D182FF633B,HOST_CAN_0143,PASS,F[P-](F)(F)(F)(F)F.[Co+2].c1cc[cH-]c1.c1cc[cH-]c1,9D8127FBE5741AD3C8477D88DA086802A797DF8E3C2F4598D05D92562BF7F155,GUEST_CAN_0709,PASS,GINE,2,guest_cold,2,6.499395370483398
1008,74,37,[Li+].[Li+].COP(OC)(=O)CC1=CC(=CC(=C1)NC(CCCN(C)CC1=C(C=CC=C1)B(O)O)=O)CP([O-])([O-])=O,C1=CC(=C(C=C1C(CN)O)O)O,other,2.840100049972534,COP(=O)(Cc1cc(CP(=O)([O-])[O-])cc(NC(=O)CCCN(C)Cc2ccccc2B(O)O)c1)OC.[Li+].[Li+],7E42F839F9338A49BA3ED36631C1EA08827315A2F7E1A716582040F5B64BDC5A,HOST_CAN_0065,PASS,NCC(O)c1ccc(O)c(O)c1,7F5D32A02DE5511E772E8422081F82EE16925B55633A6CB4BB4E730CF1565495,GUEST_CAN_0775,PASS,GINE,2,guest_cold,2,2.0971760749816895
1009,3,660,OC[C@H]1O[C@@H]2O[C@@H]3[C@@H](CO)O[C@H](O[C@@H]4[C@@H](CO)O[C@H](O[C@@H]5[C@@H](CO)O[C@H](O[C@@H]6[C@@H](CO)O[C@H](O[C@@H]7[C@@H](CO)O[C@H](O[C@@H]8[C@@H](CO)O[C@H](O[C@H]1[C@H](O)[C@H]2O)[C@H](O)[C@H]8O)[C@H](O)[C@H]7O)[C@H](O)[C@H]6O)[C@H](O)[C@H]5O)[C@H](O)[C@H]4O)[C@H](O)[C@H]3O,Nc1ccc(cc1)N=Nc1ccccc1,cyclodextrin,2.6637001037597656,OC[C@H]1O[C@@H]2O[C@H]3[C@H](O)[C@@H](O)[C@@H](O[C@H]4[C@H](O)[C@@H](O)[C@@H](O[C@H]5[C@H](O)[C@@H](O)[C@@H](O[C@H]6[C@H](O)[C@@H](O)[C@@H](O[C@H]7[C@H](O)[C@@H](O)[C@@H](O[C@H]8[C@H](O)[C@@H](O)[C@@H](O[C@H]1[C@H](O)[C@H]2O)O[C@@H]8CO)O[C@@H]7CO)O[C@@H]6CO)O[C@@H]5CO)O[C@@H]4CO)O[C@@H]3CO,22584443D9512992310760C9871E3E6BDB3EDC92006F3EF1EC94F44373907EB1,HOST_CAN_0176,PASS,Nc1ccc(N=Nc2ccccc2)cc1,758B8F886695362E3148DEDEC0BB55611DB0A0A2A53DAD1F9F03B40EC6809100,GUEST_CAN_0829,PASS,GINE,2,guest_cold,2,1.5448687076568604
1010,142,661,[Na]OS(=O)(=O)CCCc1ccc2c3c1CN1C(=O)N4[C@@]5([C@@]1(C)N(Cc3c(cc2)CCCS(=O)(=O)O[Na])C(=O)N5CN1[C@H]2N(C4)C(=O)N3[C@H]2N(C1=O)CN1[C@H]2N(C3)C(=O)N3[C@H]2N(C1=O)CN1[C@]2(N(C3)C(=O)N3[C@]2(N(C1=O)Cc1c2c(C3)c(CCCS(=O)(=O)O[Na])ccc2ccc1CCCS(=O)(=O)O[Na])C)C)C,C(CCN=C(N)N)CN,cucurbituril,6.0,C[C@]12N3Cc4c(CCCS(=O)(=O)[O][Na])ccc5ccc(CCCS(=O)(=O)[O][Na])c(c45)CN1C(=O)N1CN4C(=O)N5CN6C(=O)N7CN8C(=O)N9Cc%10c(CCCS(=O)(=O)[O][Na])ccc%11ccc(CCCS(=O)(=O)[O][Na])c(c%10%11)CN%10C(=O)N(CN%11C(=O)N(CN%12C(=O)N(CN(C3=O)[C@]12C)[C@@H]4[C@H]%125)[C@@H]6[C@H]%117)[C@]8(C)[C@@]9%10C,830BF403FA9E63AA91A49B5FFFE151ED426E5A39758FD44461918B9242146194,HOST_CAN_0084,PASS,NCCCCN=C(N)N,147435922603679D62DCF688C9853E3AD71C8B15D4F61677EFF46B2F78910BA6,GUEST_CAN_0797,PASS,GINE,2,guest_cold,2,3.1053552627563477
1023,73,92,C1C2=CC(=CC(=C2O)CC3=CC(=CC(=C3O)CC4=CC(=CC(=C4O)CC5=C(C(=CC(=C5)S(=O)(=O)O)CC6=C(C1=CC(=C6)S(=O)(=O)O)O)O)S(=O)(=O)O)S(=O)(=O)O)S(=O)(=O)O,C[N+]1=CC=C(C=C1)C2=CC=[N+](C=C2)C.[Cl-].[Cl-],calixarene,5.399700164794922,O=S(=O)(O)c1cc2c(O)c(c1)Cc1cc(S(=O)(=O)O)cc(c1O)Cc1cc(S(=O)(=O)O)cc(c1O)Cc1cc(S(=O)(=O)O)cc(c1O)Cc1cc(S(=O)(=O)O)cc(c1O)C2,CE64A1CA71928E5DE79CF9633E11D44D0BC2C175AB3D980BF8052807605CA8CC,HOST_CAN_0155,PASS,C[n+]1ccc(-c2cc[n+](C)cc2)cc1.[Cl-].[Cl-],A34A59C172ABA48CFA54144DF49E70D56803B22DE394E6F3154C1D8F7DC6E5F1,GUEST_CAN_0623,PASS,GINE,2,guest_cold,2,5.401215076446533
1024,23,666,OC[C@H]1O[C@@H]2O[C@@H]3[C@@H](CO)O[C@H](O[C@@H]4[C@@H](CO)O[C@H](O[C@@H]5[C@@H](CO)O[C@H](O[C@@H]6[C@@H](CO)O[C@H](O[C@@H]7[C@@H](CO)O[C@H](O[C@H]1[C@H](O)[C@H]2O)[C@H](O)[C@H]7O)[C@H](O)[C@H]6O)[C@H](O)[C@H]5O)[C@H](O)[C@H]4O)[C@H](O)[C@H]3O,CCOCCCN,cyclodextrin,0.9031000137329102,OC[C@H]1O[C@@H]2O[C@H]3[C@H](O)[C@@H](O)[C@@H](O[C@H]4[C@H](O)[C@@H](O)[C@@H](O[C@H]5[C@H](O)[C@@H](O)[C@@H](O[C@H]6[C@H](O)[C@@H](O)[C@@H](O[C@H]7[C@H](O)[C@@H](O)[C@@H](O[C@H]1[C@H](O)[C@H]2O)O[C@@H]7CO)O[C@@H]6CO)O[C@@H]5CO)O[C@@H]4CO)O[C@@H]3CO,9CB41F926A4386D7C0E23599753E6EDC60802BE1DCF577DB9B32CBB20691DB1D,HOST_CAN_0175,PASS,CCOCCCN,27E23373C0D67AA28785544806A0B4BD22858D52FACF2B2A380476EADB9D0677,GUEST_CAN_0366,PASS,GINE,2,guest_cold,2,2.2526962757110596
1034,31,37,[Li+].[Li+].COP(OC)(=O)CC1=CC(=CC(=C1)NC(CCCNCC1=C(C=CC=C1)B(O)O)=O)CP([O-])([O-])=O,C1=CC(=C(C=C1C(CN)O)O)O,other,2.3996999263763428,COP(=O)(Cc1cc(CP(=O)([O-])[O-])cc(NC(=O)CCCNCc2ccccc2B(O)O)c1)OC.[Li+].[Li+],7C21E70373346443530CC627F376BB4B733535AF04E79A7E4ACEFF4D5857B371,HOST_CAN_0066,PASS,NCC(O)c1ccc(O)c(O)c1,7F5D32A02DE5511E772E8422081F82EE16925B55633A6CB4BB4E730CF1565495,GUEST_CAN_0775,PASS,GINE,2,guest_cold,2,2.087129592895508
1036,2,672,C1N2C3C4N(C2=O)CN5C6C7N(C5=O)CN8C9C2N(C8=O)CN5C8C%10N(C5=O)CN5C%11C(N1C5=O)N1CN3C(=O)N4CN6C(=O)N7CN9C(=O)N2CN8C(=O)N%10CN%11C1=O,[N+](=O)([O-])[O-].[Ni+2].[N+](=O)([O-])[O-],cucurbituril,2.7323999404907227,O=C1N2CN3C(=O)N4CN5C(=O)N6CN7C(=O)N8CN9C(=O)N%10CN1C1C2N2CN%11C(=O)N(CN%12C(=O)N(CN%13C(=O)N(CN%14C(=O)N(CN1C2=O)C%10C9%14)C8C7%13)C6C5%12)C4C3%11,EE085DEDB538468744A3EBDAC86A0BF01B424E1C1BBF9C3E804B43220B2C1DDA,HOST_CAN_0150,PASS,O=[N+]([O-])[O-].O=[N+]([O-])[O-].[Ni+2],B8C0E418A282F17B6BF1E6E2D57025451D62AE13096DBAC27461157BB5B98107,GUEST_CAN_0945,PASS,GINE,2,guest_cold,2,2.6313705444335938
1042,8,288,C1N2C3C4N(C2=O)CN5C6C7N(C5=O)CN8C9C2N(C8=O)CN5C8C%10N(C5=O)CN5C%11C%12N(C5=O)CN5C%13C(N1C5=O)N1CN3C(=O)N4CN6C(=O)N7CN9C(=O)N2CN8C(=O)N%10CN%11C(=O)N%12CN%13C1=O,CC(C)C(C(=O)O)NC(=O)CN,cucurbituril,3.1900999546051025,O=C1N2CN3C(=O)N4CN5C(=O)N6CN7C(=O)N8CN9C(=O)N%10CN%11C(=O)N%12CN1C1C2N2CN%13C(=O)N(CN%14C(=O)N(CN%15C(=O)N(CN%16C(=O)N(CN%17C(=O)N(CN1C2=O)C%12C%11%17)C%10C9%16)C8C7%15)C6C5%14)C4C3%13,2526C525F966BEE6CB589BBB60C9F4124C02584847747BDAFF4E92B4462536E8,HOST_CAN_0149,PASS,CC(C)C(NC(=O)CN)C(=O)O,C7C4F9D491E695E32FCA9610C29E6F26B277BB7597A85B98A5CB97B4FB2C694B,GUEST_CAN_0128,PASS,GINE,2,guest_cold,2,3.3842103481292725
1047,1,675,C1C2=CC(=CC(=C2O)CC3=CC(=CC(=C3O)CC4=C(C(=CC(=C4)S(=O)(=O)O)CC5=C(C1=CC(=C5)S(=O)(=O)O)O)O)S(=O)(=O)O)S(=O)(=O)O,CCO,calixarene,1.0398000478744507,O=S(=O)(O)c1cc2c(O)c(c1)Cc1cc(S(=O)(=O)O)cc(c1O)Cc1cc(S(=O)(=O)O)cc(c1O)Cc1cc(S(=O)(=O)O)cc(c1O)C2,C1130CCDC8DA0C6458EF6C2E07E7F3330D8F8B055CBE4DEAADB70DC00C8CDFC1,HOST_CAN_0154,PASS,CCO,AB1DE819EDE91DF490E6441934DECFA9041B49F91D6BBADBBA4DF634CCFF57FA,GUEST_CAN_0361,PASS,GINE,2,guest_cold,2,1.9856795072555542
1050,15,28,C1=C2C=C3C=C1OC4=CC(=CC(=C4)C(=O)O)OC5=CC6=CC(=C5)C7OC8=CC9=C1C=C8C(C4=C(O7)C=C5C(=C4)C(C4=CC7=C(C=C4OC2O5)OC2C4=CC(=CC(=C4)OC4=CC(=CC(=C4)C(=O)O)OC4=CC(=CC(=C4)OC4=CC(=CC(=C4)O6)C(=O)O)C(O9)OC4=C(C1CCC(=O)O)C=C(C7CCC(=O)O)C(=C4)O2)OC1=CC(=CC(=C1)O3)C(=O)O)CCC(=O)O)CCC(=O)O,CS(=O)(=S)[O-].[Na+],cavitand,2.7058000564575195,O=C(O)CCC1c2cc3c4cc2OC2Oc5cc6c(cc51)C(CCC(=O)O)c1cc5c7cc1OC(O6)c1cc6cc(c1)Oc1cc(cc(C(=O)O)c1)Oc1cc8cc(c1)C(Oc1cc(c(cc1C5CCC(=O)O)C3CCC(=O)O)OC(O4)c1cc(cc(c1)Oc1cc(cc(C(=O)O)c1)O8)Oc1cc(cc(C(=O)O)c1)Oc1cc(cc2c1)Oc1cc(cc(C(=O)O)c1)O6)O7,AE6E8A9B8E3ECDE32B65BE9B8736ECC23E2311A112E2CA1B78F35ECF9046A382,HOST_CAN_0117,PASS,CS(=O)([O-])=S.[Na+],7330D51C337EE9B62FC3ED40CF088AA4E32D16B47C1B9BB338FE8B957DFD6752,GUEST_CAN_0510,PASS,GINE,2,guest_cold,2,1.741389513015747
1055,110,181,O=S(OC1=C(CC2=C(OS(=O)([O-])=O)C=C(CC3=C(OS(=O)([O-])=O)C=C(CC4=C(OS(=O)([O-])=O)C=C(CC5=CC(OS(=O)([O-])=O)=C(CC6=C(OS(=O)([O-])=O)C=C(C7)C(OS(=O)([O-])=O)=C6)C=C5OS(=O)([O-])=O)C(OS(=O)([O-])=O)=C4)C(OS(=O)([O-])=O)=C3)C(OS(=O)([O-])=O)=C2)C=C(OS(=O)([O-])=O)C(CC8=CC(OS(=O)([O-])=O)=C7C=C8OS(=O)([O-])=O)=C1)([O-])=O.[Na+].[Na+].[Na+].[Na+].[Na+].[Na+].[Na+].[Na+].[Na+].[Na+].[Na+].[Na+].[Na+].[Na+],C(CCC[NH3+])CC[NH3+].[Cl-].[Cl-],pillararene,4.705900192260742,O=S(=O)([O-])Oc1cc2c(OS(=O)(=O)[O-])cc1Cc1cc(OS(=O)(=O)[O-])c(cc1OS(=O)(=O)[O-])Cc1cc(OS(=O)(=O)[O-])c(cc1OS(=O)(=O)[O-])Cc1cc(OS(=O)(=O)[O-])c(cc1OS(=O)(=O)[O-])Cc1cc(OS(=O)(=O)[O-])c(cc1OS(=O)(=O)[O-])Cc1cc(OS(=O)(=O)[O-])c(cc1OS(=O)(=O)[O-])Cc1cc(OS(=O)(=O)[O-])c(cc1OS(=O)(=O)[O-])C2.[Na+].[Na+].[Na+].[Na+].[Na+].[Na+].[Na+].[Na+].[Na+].[Na+].[Na+].[Na+].[Na+].[Na+],363823965269421105355BE85F9BFA79372256835F74963F23DB34F5AAE9E20B,HOST_CAN_0162,PASS,[Cl-].[Cl-].[NH3+]CCCCCC[NH3+],C5972710ADEA5F593934762CCF65EB152DFF548B5145AFDEFD51BD47BE3931B7,GUEST_CAN_1029,PASS,GINE,2,guest_cold,2,5.322864532470703
1058,2,361,C1N2C3C4N(C2=O)CN5C6C7N(C5=O)CN8C9C2N(C8=O)CN5C8C%10N(C5=O)CN5C%11C(N1C5=O)N1CN3C(=O)N4CN6C(=O)N7CN9C(=O)N2CN8C(=O)N%10CN%11C1=O,CC,cucurbituril,1.385599970817566,O=C1N2CN3C(=O)N4CN5C(=O)N6CN7C(=O)N8CN9C(=O)N%10CN1C1C2N2CN%11C(=O)N(CN%12C(=O)N(CN%13C(=O)N(CN%14C(=O)N(CN1C2=O)C%10C9%14)C8C7%13)C6C5%12)C4C3%11,EE085DEDB538468744A3EBDAC86A0BF01B424E1C1BBF9C3E804B43220B2C1DDA,HOST_CAN_0150,PASS,CC,A56362A10C816ABF206D72CB914E2D5CA454EB9C7E744F88B1A1422C379E9942,GUEST_CAN_0060,PASS,GINE,2,guest_cold,2,3.2909178733825684
1060,153,680,O=C(CCC(C(=O)NCCCCNCc1c2ccccc2cc2c1cccc2)N)NCCCCNCc1c2ccccc2cc2c1cccc2,[Cu+2],other,3.9590001106262207,NC(CCC(=O)NCCCCNCc1c2ccccc2cc2ccccc12)C(=O)NCCCCNCc1c2ccccc2cc2ccccc12,B151E089FD025EAC2005F770E06A1AA7F66DDF1A8A1FD20D7B74EEF27D6E9CEA,HOST_CAN_0107,PASS,[Cu+2],ED0C6E693A7A5884686AB150159BE52926B09D0031C28F8313DEEC34DE61C27E,GUEST_CAN_1053,PASS,GINE,2,guest_cold,2,3.1575489044189453
1061,32,681,OC(=O)c1ccc(cc1)N=Nc1cc2Cc3cc(N=Nc4ccc(cc4)C(=O)O)cc(c3O)Cc3cc(cc(Cc4c(c(Cc(c1)c2O)cc(N=Nc1ccc(cc1)C(=O)O)c4)O)c3O)/N=N/c1ccc(cc1)C(=O)O,CC1=C2C(C(=O)C3(C(CC4C(C3C(C(C2(C)C)(CC1OC(=O)C(C(C5=CC=CC=C5)NC(=O)C6=CC=CC=C6)O)O)OC(=O)C7=CC=CC=C7)(CO4)OC(=O)C)O)C)OC(=O)C,calixarene,6.204100131988525,O=C(O)c1ccc(N=Nc2cc3c(O)c(c2)Cc2cc(N=Nc4ccc(C(=O)O)cc4)cc(c2O)Cc2cc(/N=N/c4ccc(C(=O)O)cc4)cc(c2O)Cc2cc(N=Nc4ccc(C(=O)O)cc4)cc(c2O)C3)cc1,5B585DBFF951CBB98E465DBECF308ACBE2EAF8773CE9C58156BE700CBB287248,HOST_CAN_0134,PASS,CC(=O)OC1C(=O)C2(C)C(O)CC3OCC3(OC(C)=O)C2C(OC(=O)c2ccccc2)C2(O)CC(OC(=O)C(O)C(NC(=O)c3ccccc3)c3ccccc3)C(C)=C1C2(C)C,D6D8CF365D23EF6F5E00709EBFEB1A2EA3025005681355C70A993E44F2BBEFF7,GUEST_CAN_0096,PASS,GINE,2,guest_cold,2,4.660102367401123
1070,9,675,[O-]C(=O)COc1ccc2c3c1CNC(=O)c1c(OCC(=O)[O-])ccc4c1ccc1c4C4CC(O1)Oc1c4c4ccc(c(C(=O)NCc5c6c(c7C8c2c(cc3)OC(C8)Oc7cc6)ccc5OCC(=O)[O-])c4cc1)OCC(=O)[O-].[NH4+].[NH4+].[NH4+].[NH4+],CCO,other,0.954200029373169,O=C([O-])COc1ccc2c3c4ccc2c1CNC(=O)c1c(OCC(=O)[O-])ccc2c5c(ccc12)OC1CC5c2c(ccc5c(c(OCC(=O)[O-])ccc25)C(=O)NCc2c(OCC(=O)[O-])ccc5c6c(ccc25)OC(CC36)O4)O1.[NH4+].[NH4+].[NH4+].[NH4+],7D3830C6A6E10F82EEBCC3ED68B861BB21ED63B1DDB277580F3032527E5A1183,HOST_CAN_0139,PASS,CCO,AB1DE819EDE91DF490E6441934DECFA9041B49F91D6BBADBBA4DF634CCFF57FA,GUEST_CAN_0361,PASS,GINE,2,guest_cold,2,1.8059799671173096
1078,11,688,C1N2C3C4N(C2=O)CN5C6C7N(C5=O)CN8C9C2N(C8=O)CN5C8C%10N(C5=O)CN5C%11C%12N(C5=O)CN5C%13C%14N(C5=O)CN5C%15C%16N(C5=O)CN5C%17C(N1C5=O)N1CN3C(=O)N4CN6C(=O)N7CN9C(=O)N2CN8C(=O)N%10CN%11C(=O)N%12CN%13C(=O)N%14CN%15C(=O)N%16CN%17C1=O,CC(=CCCC(=CCN)C)C,cucurbituril,8.901800155639648,O=C1N2CN3C(=O)N4CN5C(=O)N6CN7C(=O)N8CN9C(=O)N%10CN%11C(=O)N%12CN%13C(=O)N%14CN%15C(=O)N%16CN1C1C2N2CN%17C(=O)N(CN%18C(=O)N(CN%19C(=O)N(CN%20C(=O)N(CN%21C(=O)N(CN%22C(=O)N(CN%23C(=O)N(CN1C2=O)C%16C%15%23)C%14C%13%22)C%12C%11%21)C%10C9%20)C8C7%19)C6C5%18)C4C3%17,E82CB7F52437B0147F435E3074F006752062FF8924E87C1DAF3210D182FF633B,HOST_CAN_0143,PASS,CC(C)=CCCC(C)=CCN,B1C226DC9312CAE8279EB4A03A3131348C19526A96BEBDD6A7457079B74DEB69,GUEST_CAN_0121,PASS,GINE,2,guest_cold,2,4.6400146484375
1080,134,532,O[C@@H]1[C@H](OC([C@@H]2O)O[C@H](CO)[C@@H](O)[C@H]2O)[C@@H](CO)O[C@@H](OC[C@@H]3O[C@@H]4[C@@H](O)[C@H](O)[C@H]3O[C@H]5[C@@H](O)[C@H](O)[C@@H](O[C@H]6[C@@H](O)[C@H](O)[C@@H](O[C@H]7[C@@H](O)[C@H](O)[C@@H](O[C@@H]8[C@H](O)[C@@H](O)[C@H](O[C@@H]9[C@H](O)[C@@H](O)[C@H](O[C@@H]%10[C@H](O)[C@@H](O)[C@H](O4)[C@@H](CO)O%10)[C@@H](CO)O9)[C@@H](CO)O8)[C@H](CO)O7)[C@H](CO)O6)[C@H](CO)O5)[C@@H]1O,CC1=CC=C(C=C1)NC2=CC3=C(C=C2)C=C(C=C3)S(=O)(=O)[O-].[Na+],cyclodextrin,3.381999969482422,OC[C@@H]1O[C@H]2O[C@@H]3[C@@H](O)[C@H](O)[C@H](O[C@H]4[C@H](O)[C@@H](O)[C@@H](O[C@H]5[C@H](O)[C@@H](O)[C@@H](O[C@H]6[C@H](O)[C@@H](O)[C@@H](O[C@@H]7[C@@H](O)[C@H](O)[C@H](O[C@@H]8[C@@H](O)[C@H](O)[C@H](O[C@@H]1[C@@H](O)[C@@H]2O)O[C@H]8CO)O[C@H]7CO)O[C@@H]6CO)O[C@@H]5CO)O[C@@H]4CO)O[C@H]3CO[C@@H]1O[C@H](CO)[C@@H](OC2O[C@H](CO)[C@@H](O)[C@@H](O)[C@H]2O)[C@@H](O)[C@H]1O,39E11931115A3C0980D148DAD371A06588B1E63ABA9B57E1CE9DA06DF4204CE0,HOST_CAN_0174,PASS,Cc1ccc(Nc2ccc3cc(S(=O)(=O)[O-])ccc3c2)cc1.[Na+],1BC59EC31198E9880137AFAA6A584A1B8605E06881B738CB1BFFC54AF27E7C05,GUEST_CAN_0662,PASS,GINE,2,guest_cold,2,2.203202962875366
1083,18,484,CC1=C2C3=CC4=C1OC5C6=CC7=CC(=C6)OC8=CC(=CC(=C8)C(=O)O)OC9=CC1=CC(=C9)C6OC8=C(C=C(C4CCC(=O)O)C(=C8C)O5)C(C4=C(O6)C(=C5C(=C4)C(C4=C6C(=C(C(=C4)C3CCC(=O)O)OC(O2)C2=CC(=CC(=C2)OC2=CC(=CC(=C2)C(=O)O)OC2=CC(=CC(=C2)C(O5)O6)OC2=CC(=CC(=C2)C(=O)O)O1)OC1=CC(=CC(=C1)C(=O)O)O7)C)CCC(=O)O)C)CCC(=O)O,C(CCCC=C)(=O)O,cavitand,4.1072001457214355,Cc1c2c3cc4c1OC1Oc5c(cc6c(c5C)OC5Oc7c(cc8c(c7C)OC7Oc9c(cc(c(c9C)OC(O2)c2cc9cc(c2)Oc2cc(cc(C(=O)O)c2)Oc2cc(cc7c2)Oc2cc(cc(C(=O)O)c2)Oc2cc(cc5c2)Oc2cc(cc(C(=O)O)c2)Oc2cc(cc1c2)Oc1cc(cc(C(=O)O)c1)O9)C3CCC(=O)O)C8CCC(=O)O)C6CCC(=O)O)C4CCC(=O)O,326FFD4B5C5565D32207155C0B129AE16AFCA7B3342F0DAD815C24AB8DFA8483,HOST_CAN_0099,PASS,C=CCCCC(=O)O,82E4882AB49338F78FA817CF946C85721E0890C5C1F972BA6DB0B6AAED93896D,GUEST_CAN_0046,PASS,GINE,2,guest_cold,2,3.9734644889831543
1087,8,692,C1N2C3C4N(C2=O)CN5C6C7N(C5=O)CN8C9C2N(C8=O)CN5C8C%10N(C5=O)CN5C%11C%12N(C5=O)CN5C%13C(N1C5=O)N1CN3C(=O)N4CN6C(=O)N7CN9C(=O)N2CN8C(=O)N%10CN%11C(=O)N%12CN%13C1=O,CC1=CC(=CC=C1)C[NH3+],cucurbituril,1.5108000040054321,O=C1N2CN3C(=O)N4CN5C(=O)N6CN7C(=O)N8CN9C(=O)N%10CN%11C(=O)N%12CN1C1C2N2CN%13C(=O)N(CN%14C(=O)N(CN%15C(=O)N(CN%16C(=O)N(CN%17C(=O)N(CN1C2=O)C%12C%11%17)C%10C9%16)C8C7%15)C6C5%14)C4C3%13,2526C525F966BEE6CB589BBB60C9F4124C02584847747BDAFF4E92B4462536E8,HOST_CAN_0149,PASS,Cc1cccc(C[NH3+])c1,DD807E1B727DEECE6D2738C0542069F0FD987A0B793F5A8DA70843704AD698A4,GUEST_CAN_0668,PASS,GINE,2,guest_cold,2,4.623257637023926
1091,23,215,OC[C@H]1O[C@@H]2O[C@@H]3[C@@H](CO)O[C@H](O[C@@H]4[C@@H](CO)O[C@H](O[C@@H]5[C@@H](CO)O[C@H](O[C@@H]6[C@@H](CO)O[C@H](O[C@@H]7[C@@H](CO)O[C@H](O[C@H]1[C@H](O)[C@H]2O)[C@H](O)[C@H]7O)[C@H](O)[C@H]6O)[C@H](O)[C@H]5O)[C@H](O)[C@H]4O)[C@H](O)[C@H]3O,CC(C(=O)O)N,cyclodextrin,3.049999952316284,OC[C@H]1O[C@@H]2O[C@H]3[C@H](O)[C@@H](O)[C@@H](O[C@H]4[C@H](O)[C@@H](O)[C@@H](O[C@H]5[C@H](O)[C@@H](O)[C@@H](O[C@H]6[C@H](O)[C@@H](O)[C@@H](O[C@H]7[C@H](O)[C@@H](O)[C@@H](O[C@H]1[C@H](O)[C@H]2O)O[C@@H]7CO)O[C@@H]6CO)O[C@@H]5CO)O[C@@H]4CO)O[C@@H]3CO,9CB41F926A4386D7C0E23599753E6EDC60802BE1DCF577DB9B32CBB20691DB1D,HOST_CAN_0175,PASS,CC(N)C(=O)O,6AC3AD1747D8E4C9B36EA5FBFB37965B87CCE816D9D72141F9005590B6D6FC3C,GUEST_CAN_0180,PASS,GINE,2,guest_cold,2,1.4385614395141602
1103,156,699,C1N2[C@H]3[C@@H](N(C2=O)CN4[C@H]5[C@@H](N(C4=O)CN6[C@H]7[C@@H](N(C6=O)CN8[C@H]9[C@@H](N(C8=O)CN2[C@H]4[C@@H](N(C2=O)CN2[C@H]6[C@@H](N1C2=O)N(C(=O)N6CC1=CC=CC=C1)CC1=CC=CC=C1)N(C(=O)N4CC1=CC=CC=C1)CC1=CC=CC=C1)N(C(=O)N9CC1=CC=CC=C1)CC1=CC=CC=C1)N(C(=O)N7CC1=CC=CC=C1)CC1=CC=CC=C1)N(C(=O)N5CC1=CC=CC=C1)CC1=CC=CC=C1)N(C(=O)N3CC1=CC=CC=C1)CC1=CC=CC=C1,[N+](=O)([O-])[O-],other,6.004300117492676,O=C1N(Cc2ccccc2)[C@H]2[C@@H](N1Cc1ccccc1)N1CN3C(=O)N(CN4C(=O)N(CN5C(=O)N(CN6C(=O)N(CN7C(=O)N(CN2C1=O)[C@H]1[C@@H]7N(Cc2ccccc2)C(=O)N1Cc1ccccc1)[C@H]1[C@@H]6N(Cc2ccccc2)C(=O)N1Cc1ccccc1)[C@H]1[C@@H]5N(Cc2ccccc2)C(=O)N1Cc1ccccc1)[C@H]1[C@@H]4N(Cc2ccccc2)C(=O)N1Cc1ccccc1)[C@H]1[C@@H]3N(Cc2ccccc2)C(=O)N1Cc1ccccc1,491792C091BC32640F3328D1424439A6D9709A148A5262B4DDD07A91FD704657,HOST_CAN_0140,PASS,O=[N+]([O-])[O-],8EDFDB3DA8BB7AA2E992B049D5950CF49B785834A9F5AC1FB62D0A31E3906574,GUEST_CAN_0940,PASS,GINE,2,guest_cold,2,2.836235523223877
1106,63,56,Oc1c2Cc3cc(cc(c3O)Cc3cc(cc(c3O)Cc3cc(cc(c3O)Cc3cc(cc(Cc4c(c(Cc5c(c(Cc6c(c(Cc1cc(c2)S(=O)(=O)[O-])cc(c6)S(=O)(=O)[O-])O)cc(c5)S(=O)(=O)[O-])O)cc(c4)S(=O)(=O)[O-])O)c3O)S(=O)(=O)[O-])S(=O)(=O)[O-])S(=O)(=O)[O-])S(=O)(=O)[O-],CCCC(C(=O)O)N,calixarene,3.0457000732421875,O=S(=O)([O-])c1cc2c(O)c(c1)Cc1cc(S(=O)(=O)[O-])cc(c1O)Cc1cc(S(=O)(=O)[O-])cc(c1O)Cc1cc(S(=O)(=O)[O-])cc(c1O)Cc1cc(S(=O)(=O)[O-])cc(c1O)Cc1cc(S(=O)(=O)[O-])cc(c1O)Cc1cc(S(=O)(=O)[O-])cc(c1O)Cc1cc(S(=O)(=O)[O-])cc(c1O)C2,3C24C9B25872FE0768A640DF44D242D9AEC5F3FA9C167A457997BAE8D628FFF1,HOST_CAN_0166,PASS,CCCC(N)C(=O)O,81F3215F9F46874A7436620E7AD92167936CF997FB3F203D4397A018C4B56861,GUEST_CAN_0268,PASS,GINE,2,guest_cold,2,2.30414080619812
1115,87,703,CCCCOc1c(OCCCC)c2COCc3c(OCCCC)c(OCCCC)c(c4c3cccc4)COCc3c(c(c(COCc4c(c(c(COCc1c1c2cccc1)c1ccccc41)OCCCC)OCCCC)c1c3cccc1)OCCCC)OCCCC,COc1ccc(cc1)C[N+](Cc1ccc(cc1)OC)(C)C,other,4.944499969482422,CCCCOc1c(OCCCC)c2c3ccccc3c1COCc1c(OCCCC)c(OCCCC)c(c3ccccc13)COCc1c(OCCCC)c(OCCCC)c(c3ccccc13)COCc1c(OCCCC)c(OCCCC)c(c3ccccc13)COC2,A699E12937358A216FBA45A53678131D8F7DBBB042BA5E7F52621C78F0465945,HOST_CAN_0031,PASS,COc1ccc(C[N+](C)(C)Cc2ccc(OC)cc2)cc1,A7E874085740F7FB06EE1E4A084DD777B68FD9AABEBFC2AA669415D250D9BB08,GUEST_CAN_0487,PASS,GINE,2,guest_cold,2,3.765130043029785
1122,32,707,OC(=O)c1ccc(cc1)N=Nc1cc2Cc3cc(N=Nc4ccc(cc4)C(=O)O)cc(c3O)Cc3cc(cc(Cc4c(c(Cc(c1)c2O)cc(N=Nc1ccc(cc1)C(=O)O)c4)O)c3O)/N=N/c1ccc(cc1)C(=O)O,C[N+](CCO[Si]1(OCC[N+](C)(C)C)n2c3/N=C/4\N=C(/N=c/5\n1/c(=N\C1=N/C(=N\c2c2c3cccc2)/c2c1cccc2)/c1c5cccc1)c1c4cccc1)(C)C,calixarene,7.732399940490723,O=C(O)c1ccc(N=Nc2cc3c(O)c(c2)Cc2cc(N=Nc4ccc(C(=O)O)cc4)cc(c2O)Cc2cc(/N=N/c4ccc(C(=O)O)cc4)cc(c2O)Cc2cc(N=Nc4ccc(C(=O)O)cc4)cc(c2O)C3)cc1,5B585DBFF951CBB98E465DBECF308ACBE2EAF8773CE9C58156BE700CBB287248,HOST_CAN_0134,PASS,C[N+](C)(C)CCO[Si]1(OCC[N+](C)(C)C)n2c3c4ccccc4c2/N=C2N=C(/N=c4/c5ccccc5/c(n41)=N/C1=NC(=N\3)/c3ccccc31)c1ccccc1\2,99746B0158AA9AA29923AA4A6EF83BB0F176AAC5409BDBBA91BE330B7A2F6316,GUEST_CAN_0572,PASS,GINE,2,guest_cold,2,4.496821880340576
1124,11,709,C1N2C3C4N(C2=O)CN5C6C7N(C5=O)CN8C9C2N(C8=O)CN5C8C%10N(C5=O)CN5C%11C%12N(C5=O)CN5C%13C%14N(C5=O)CN5C%15C%16N(C5=O)CN5C%17C(N1C5=O)N1CN3C(=O)N4CN6C(=O)N7CN9C(=O)N2CN8C(=O)N%10CN%11C(=O)N%12CN%13C(=O)N%14CN%15C(=O)N%16CN%17C1=O,NCC(=O)NCC(=O)N[C@@H](CC1=CNC2=CC=CC=C12)C(=O)NCC(=O)NCC(=O)O,cucurbituril,4.397900104522705,O=C1N2CN3C(=O)N4CN5C(=O)N6CN7C(=O)N8CN9C(=O)N%10CN%11C(=O)N%12CN%13C(=O)N%14CN%15C(=O)N%16CN1C1C2N2CN%17C(=O)N(CN%18C(=O)N(CN%19C(=O)N(CN%20C(=O)N(CN%21C(=O)N(CN%22C(=O)N(CN%23C(=O)N(CN1C2=O)C%16C%15%23)C%14C%13%22)C%12C%11%21)C%10C9%20)C8C7%19)C6C5%18)C4C3%17,E82CB7F52437B0147F435E3074F006752062FF8924E87C1DAF3210D182FF633B,HOST_CAN_0143,PASS,NCC(=O)NCC(=O)N[C@@H](Cc1c[nH]c2ccccc12)C(=O)NCC(=O)NCC(=O)O,A1353A2A514DFDF5AC74D0FF9CEFBB1C3D38788A7696162F687D29A87616E816,GUEST_CAN_0769,PASS,GINE,2,guest_cold,2,4.478967666625977
1133,45,551,C1C2=CC(=CC=C2)CC3=CC(=CC=C3)CC4=CC=CC(=C4)CC5=CC=CC1=C5,[La+3],calixarene,4.547900199890137,c1cc2cc(c1)Cc1cccc(c1)Cc1cccc(c1)Cc1cccc(c1)C2,001BA14F081450375618B4DEC192A3633931B27A166EE11658CCCBFAB45E327F,HOST_CAN_0183,PASS,[La+3],50FB0629866A50A238D7748F9F0E2CCD7B2624DE678D63139B21FE8E7C3AEF6D,GUEST_CAN_1070,PASS,GINE,2,guest_cold,2,2.924201488494873
1138,31,37,[Li+].[Li+].COP(OC)(=O)CC1=CC(=CC(=C1)NC(CCCNCC1=C(C=CC=C1)B(O)O)=O)CP([O-])([O-])=O,C1=CC(=C(C=C1C(CN)O)O)O,other,2.5250000953674316,COP(=O)(Cc1cc(CP(=O)([O-])[O-])cc(NC(=O)CCCNCc2ccccc2B(O)O)c1)OC.[Li+].[Li+],7C21E70373346443530CC627F376BB4B733535AF04E79A7E4ACEFF4D5857B371,HOST_CAN_0066,PASS,NCC(O)c1ccc(O)c(O)c1,7F5D32A02DE5511E772E8422081F82EE16925B55633A6CB4BB4E730CF1565495,GUEST_CAN_0775,PASS,GINE,2,guest_cold,2,2.087129592895508
1141,30,56,C1C2=CC(=CC(=C2O)CC3=CC(=CC(=C3O)CC4=CC(=CC(=C4O)CC5=C(C(=CC(=C5)S(=O)(=O)[O-])CC6=C(C(=CC(=C6)S(=O)(=O)[O-])CC7=C(C1=CC(=C7)S(=O)(=O)[O-])O)O)O)S(=O)(=O)[O-])S(=O)(=O)[O-])S(=O)(=O)[O-],CCCC(C(=O)O)N,calixarene,2.539099931716919,O=S(=O)([O-])c1cc2c(O)c(c1)Cc1cc(S(=O)(=O)[O-])cc(c1O)Cc1cc(S(=O)(=O)[O-])cc(c1O)Cc1cc(S(=O)(=O)[O-])cc(c1O)Cc1cc(S(=O)(=O)[O-])cc(c1O)Cc1cc(S(=O)(=O)[O-])cc(c1O)C2,175E9D01D3A7DD7BE73E9B8659E8BAA0A16B2D5C4CCEFE3BEFED10121429BF10,HOST_CAN_0164,PASS,CCCC(N)C(=O)O,81F3215F9F46874A7436620E7AD92167936CF997FB3F203D4397A018C4B56861,GUEST_CAN_0268,PASS,GINE,2,guest_cold,2,2.304140567779541
1150,73,718,C1C2=CC(=CC(=C2O)CC3=CC(=CC(=C3O)CC4=CC(=CC(=C4O)CC5=C(C(=CC(=C5)S(=O)(=O)O)CC6=C(C1=CC(=C6)S(=O)(=O)O)O)O)S(=O)(=O)O)S(=O)(=O)O)S(=O)(=O)O,C12=C(N=CC=C3)C3=CC=C1C=CC=N2,calixarene,3.358099937438965,O=S(=O)(O)c1cc2c(O)c(c1)Cc1cc(S(=O)(=O)O)cc(c1O)Cc1cc(S(=O)(=O)O)cc(c1O)Cc1cc(S(=O)(=O)O)cc(c1O)Cc1cc(S(=O)(=O)O)cc(c1O)C2,CE64A1CA71928E5DE79CF9633E11D44D0BC2C175AB3D980BF8052807605CA8CC,HOST_CAN_0155,PASS,c1cnc2c(c1)ccc1cccnc12,0DE407E41EB32F1EF3602208289CAC1540971D9E44DB21A5F598DE4603DBD81B,GUEST_CAN_1150,PASS,GINE,2,guest_cold,2,3.4965157508850098
1151,69,473,NCCN1C=C(N=N1)COC(C=C2)=C(CNCC3=C(OCC(N=N4)=CN4CCN)C=CC5=C3C=C6)C7=C2C8=C(C=C7)OC9CC8C%10=C(O9)C=CC%11=C%10C=CC(OCC(N=N%12)=CN%12CCN)=C%11CNCC%13=C(OCC(N=N%14)=CN%14CCN)C=CC%15=C%13C=CC(O%16)=C%15C%17C5=C6OC%16C%17,O=C(Cc1ccccc1)N[C@H]1C(=O)N2[C@H]1SC([C@H]2C(=O)[O-])(C)C.[Na+],other,3.851300001144409,NCCn1cc(COc2ccc3c4c5ccc3c2CNCc2c(OCc3cn(CCN)nn3)ccc3c6c(ccc23)OC2CC6c3c(ccc6c(c(OCc7cn(CCN)nn7)ccc36)CNCc3c(OCc6cn(CCN)nn6)ccc6c7c(ccc36)OC(CC47)O5)O2)nn1,E69AC36986BDADC1E5A61FE9021251B6D5437DB096F231021CE94D055FF4BCBF,HOST_CAN_0113,PASS,CC1(C)S[C@H]2[C@@H](NC(=O)Cc3ccccc3)C(=O)N2[C@@H]1C(=O)[O-].[Na+],95280732D171EA0125107DBD13A3770B46FD40C4C47303A961FE1BBA455EA980,GUEST_CAN_0211,PASS,GINE,2,guest_cold,2,3.3313817977905273
1154,15,23,C1=C2C=C3C=C1OC4=CC(=CC(=C4)C(=O)O)OC5=CC6=CC(=C5)C7OC8=CC9=C1C=C8C(C4=C(O7)C=C5C(=C4)C(C4=CC7=C(C=C4OC2O5)OC2C4=CC(=CC(=C4)OC4=CC(=CC(=C4)C(=O)O)OC4=CC(=CC(=C4)OC4=CC(=CC(=C4)O6)C(=O)O)C(O9)OC4=C(C1CCC(=O)O)C=C(C7CCC(=O)O)C(=C4)O2)OC1=CC(=CC(=C1)O3)C(=O)O)CCC(=O)O)CCC(=O)O,C(#N)[S-].[Na+],cavitand,1.6434999704360962,O=C(O)CCC1c2cc3c4cc2OC2Oc5cc6c(cc51)C(CCC(=O)O)c1cc5c7cc1OC(O6)c1cc6cc(c1)Oc1cc(cc(C(=O)O)c1)Oc1cc8cc(c1)C(Oc1cc(c(cc1C5CCC(=O)O)C3CCC(=O)O)OC(O4)c1cc(cc(c1)Oc1cc(cc(C(=O)O)c1)O8)Oc1cc(cc(C(=O)O)c1)Oc1cc(cc2c1)Oc1cc(cc(C(=O)O)c1)O6)O7,AE6E8A9B8E3ECDE32B65BE9B8736ECC23E2311A112E2CA1B78F35ECF9046A382,HOST_CAN_0117,PASS,N#C[S-].[Na+],C7EA3C834D4CD40D84736D62A55B84043DA6CC95962CF4DF2592DE68C06B9A69,GUEST_CAN_0714,PASS,GINE,2,guest_cold,2,1.7274763584136963
1156,3,291,OC[C@H]1O[C@@H]2O[C@@H]3[C@@H](CO)O[C@H](O[C@@H]4[C@@H](CO)O[C@H](O[C@@H]5[C@@H](CO)O[C@H](O[C@@H]6[C@@H](CO)O[C@H](O[C@@H]7[C@@H](CO)O[C@H](O[C@@H]8[C@@H](CO)O[C@H](O[C@H]1[C@H](O)[C@H]2O)[C@H](O)[C@H]8O)[C@H](O)[C@H]7O)[C@H](O)[C@H]6O)[C@H](O)[C@H]5O)[C@H](O)[C@H]4O)[C@H](O)[C@H]3O,CC(CBr)C(=O)OC,cyclodextrin,2.41759991645813,OC[C@H]1O[C@@H]2O[C@H]3[C@H](O)[C@@H](O)[C@@H](O[C@H]4[C@H](O)[C@@H](O)[C@@H](O[C@H]5[C@H](O)[C@@H](O)[C@@H](O[C@H]6[C@H](O)[C@@H](O)[C@@H](O[C@H]7[C@H](O)[C@@H](O)[C@@H](O[C@H]8[C@H](O)[C@@H](O)[C@@H](O[C@H]1[C@H](O)[C@H]2O)O[C@@H]8CO)O[C@@H]7CO)O[C@@H]6CO)O[C@@H]5CO)O[C@@H]4CO)O[C@@H]3CO,22584443D9512992310760C9871E3E6BDB3EDC92006F3EF1EC94F44373907EB1,HOST_CAN_0176,PASS,COC(=O)C(C)CBr,5640F037C1252373217D10D5980BCA1FB5C97C9612315CC9B7557CECE3695E25,GUEST_CAN_0434,PASS,GINE,2,guest_cold,2,1.7662856578826904
1158,11,722,C1N2C3C4N(C2=O)CN5C6C7N(C5=O)CN8C9C2N(C8=O)CN5C8C%10N(C5=O)CN5C%11C%12N(C5=O)CN5C%13C%14N(C5=O)CN5C%15C%16N(C5=O)CN5C%17C(N1C5=O)N1CN3C(=O)N4CN6C(=O)N7CN9C(=O)N2CN8C(=O)N%10CN%11C(=O)N%12CN%13C(=O)N%14CN%15C(=O)N%16CN%17C1=O,c1ccc2c(c1)[nH+]c1c(c2)cccc1,cucurbituril,9.715999603271484,O=C1N2CN3C(=O)N4CN5C(=O)N6CN7C(=O)N8CN9C(=O)N%10CN%11C(=O)N%12CN%13C(=O)N%14CN%15C(=O)N%16CN1C1C2N2CN%17C(=O)N(CN%18C(=O)N(CN%19C(=O)N(CN%20C(=O)N(CN%21C(=O)N(CN%22C(=O)N(CN%23C(=O)N(CN1C2=O)C%16C%15%23)C%14C%13%22)C%12C%11%21)C%10C9%20)C8C7%19)C6C5%18)C4C3%17,E82CB7F52437B0147F435E3074F006752062FF8924E87C1DAF3210D182FF633B,HOST_CAN_0143,PASS,c1ccc2[nH+]c3ccccc3cc2c1,C7F2B74C241D1E9DEA68CA6160C7B9C0AA66F7E578D4192499B1B62AC46CB688,GUEST_CAN_1134,PASS,GINE,2,guest_cold,2,6.325389862060547
1168,26,50,[Li+].[Li+].B(C1=CC=CC=C1CNCC2=CC=C(C=C2)C(=O)NC3=CC(=CC(=C3)CP(=O)([O-])OC)CP(=O)([O-])OC)(O)O,C1=CC=C(C(=C1)O)O,other,1.7094000577926636,COP(=O)([O-])Cc1cc(CP(=O)([O-])OC)cc(NC(=O)c2ccc(CNCc3ccccc3B(O)O)cc2)c1.[Li+].[Li+],F42D7F8FEECED34D2A8CD9838DF697E6536F3F5A5AD106D19B9E9737F28D2790,HOST_CAN_0067,PASS,Oc1ccccc1O,D6044096AF0493CF06B8B5FDAA8C090BB98BA46AF75026C46D7FE4ACEF4715BB,GUEST_CAN_1007,PASS,GINE,2,guest_cold,2,1.624190330505371
1177,64,729,CCCCOc1cc2COCc3cc(OCCCC)cc4c3cc(OCCCC)cc4COCc3c(OCCCC)ccc4c3ccc(c4COCc3c4c(c(COCc5c(c1)c2cc(c5)OCCCC)c(OCCCC)cc4)ccc3OCCCC)OCCCC,CC[N+](Cc1ccccc1)(Cc1ccccc1)C,other,2.5378000736236572,CCCCOc1cc2c3cc(OCCCC)cc(c3c1)COCc1cc(OCCCC)cc3c(cc(OCCCC)cc13)COCc1c(OCCCC)ccc3c(c(OCCCC)ccc13)COCc1c(OCCCC)ccc3c(c(OCCCC)ccc13)COC2,05C5083FBF551B3C1AE048E85E6B7F5EB796F7835740F408D7B4DF1173E7C142,HOST_CAN_0032,PASS,CC[N+](C)(Cc1ccccc1)Cc1ccccc1,0C858B06A5F2557F5CE5465D47C7A1FA43FB604A3E6A9D312A34344454495CF7,GUEST_CAN_0371,PASS,GINE,2,guest_cold,2,3.523115873336792
1192,51,737,C1N2C3C4N(C2=O)CN5C6C7N(C5=O)CN8C9C2N(C8=O)CN5C8C%10N(C5=O)CN5C%11C%12N(C5=O)CN5C%13C%14N(C5=O)CN5C%15C%16N(C5=O)CN5C%17C%18N(C5=O)CN5C%19C%20N(C5=O)CN5C%21C(N1C5=O)N1CN3C(=O)N4CN6C(=O)N7CN9C(=O)N2CN8C(=O)N%10CN%11C(=O)N%12CN%13C(=O)N%14CN%15C(=O)N%16CN%17C(=O)N%18CN%19C(=O)N%20CN%21C1=O,C1(C2=NC=CC=C2)=NC=CC=C1.C3(C4=CC=CC=C4)=CC=CC=N3.C5(C6=CC=CC=C6)=CC=CC=N5.[Ir+],cucurbituril,6.845099925994873,O=C1N2CN3C(=O)N4CN5C(=O)N6CN7C(=O)N8CN9C(=O)N%10CN%11C(=O)N%12CN%13C(=O)N%14CN%15C(=O)N%16CN%17C(=O)N%18CN%19C(=O)N%20CN1C1C2N2CN%21C(=O)N(CN%22C(=O)N(CN%23C(=O)N(CN%24C(=O)N(CN%25C(=O)N(CN%26C(=O)N(CN%27C(=O)N(CN%28C(=O)N(CN%29C(=O)N(CN1C2=O)C%20C%19%29)C%18C%17%28)C%16C%15%27)C%14C%13%26)C%12C%11%25)C%10C9%24)C8C7%23)C6C5%22)C4C3%21,E6025A48DEEE6C9E6878EC627A6CB37BA95516523DC76F4BD8E7A3BC0D967C68,HOST_CAN_0142,PASS,[Ir+].c1ccc(-c2ccccn2)cc1.c1ccc(-c2ccccn2)cc1.c1ccc(-c2ccccn2)nc1,333160D1B40AD9311133CAE99D5E834431CE82D8E42EAD832C91C00D015936EA,GUEST_CAN_1067,PASS,GINE,2,guest_cold,2,4.328052997589111
1197,9,675,[O-]C(=O)COc1ccc2c3c1CNC(=O)c1c(OCC(=O)[O-])ccc4c1ccc1c4C4CC(O1)Oc1c4c4ccc(c(C(=O)NCc5c6c(c7C8c2c(cc3)OC(C8)Oc7cc6)ccc5OCC(=O)[O-])c4cc1)OCC(=O)[O-].[NH4+].[NH4+].[NH4+].[NH4+],CCO,other,1.5949000120162964,O=C([O-])COc1ccc2c3c4ccc2c1CNC(=O)c1c(OCC(=O)[O-])ccc2c5c(ccc12)OC1CC5c2c(ccc5c(c(OCC(=O)[O-])ccc25)C(=O)NCc2c(OCC(=O)[O-])ccc5c6c(ccc25)OC(CC36)O4)O1.[NH4+].[NH4+].[NH4+].[NH4+],7D3830C6A6E10F82EEBCC3ED68B861BB21ED63B1DDB277580F3032527E5A1183,HOST_CAN_0139,PASS,CCO,AB1DE819EDE91DF490E6441934DECFA9041B49F91D6BBADBBA4DF634CCFF57FA,GUEST_CAN_0361,PASS,GINE,2,guest_cold,2,1.8059799671173096
1199,23,741,OC[C@H]1O[C@@H]2O[C@@H]3[C@@H](CO)O[C@H](O[C@@H]4[C@@H](CO)O[C@H](O[C@@H]5[C@@H](CO)O[C@H](O[C@@H]6[C@@H](CO)O[C@H](O[C@@H]7[C@@H](CO)O[C@H](O[C@H]1[C@H](O)[C@H]2O)[C@H](O)[C@H]7O)[C@H](O)[C@H]6O)[C@H](O)[C@H]5O)[C@H](O)[C@H]4O)[C@H](O)[C@H]3O,CCCCCC([NH3+])C,cyclodextrin,2.6424999237060547,OC[C@H]1O[C@@H]2O[C@H]3[C@H](O)[C@@H](O)[C@@H](O[C@H]4[C@H](O)[C@@H](O)[C@@H](O[C@H]5[C@H](O)[C@@H](O)[C@@H](O[C@H]6[C@H](O)[C@@H](O)[C@@H](O[C@H]7[C@H](O)[C@@H](O)[C@@H](O[C@H]1[C@H](O)[C@H]2O)O[C@@H]7CO)O[C@@H]6CO)O[C@@H]5CO)O[C@@H]4CO)O[C@@H]3CO,9CB41F926A4386D7C0E23599753E6EDC60802BE1DCF577DB9B32CBB20691DB1D,HOST_CAN_0175,PASS,CCCCCC(C)[NH3+],929DF79BEE56ADE23CE6389CD5BCE236BCAC5087281BA0A2CDB71D98C82623E3,GUEST_CAN_0273,PASS,GINE,2,guest_cold,2,2.7417678833007812
1203,11,743,C1N2C3C4N(C2=O)CN5C6C7N(C5=O)CN8C9C2N(C8=O)CN5C8C%10N(C5=O)CN5C%11C%12N(C5=O)CN5C%13C%14N(C5=O)CN5C%15C%16N(C5=O)CN5C%17C(N1C5=O)N1CN3C(=O)N4CN6C(=O)N7CN9C(=O)N2CN8C(=O)N%10CN%11C(=O)N%12CN%13C(=O)N%14CN%15C(=O)N%16CN%17C1=O,CC(C1=CC2=C(C=C1)C=C(C=C2)OC)C(=O)O,cucurbituril,3.3010001182556152,O=C1N2CN3C(=O)N4CN5C(=O)N6CN7C(=O)N8CN9C(=O)N%10CN%11C(=O)N%12CN%13C(=O)N%14CN%15C(=O)N%16CN1C1C2N2CN%17C(=O)N(CN%18C(=O)N(CN%19C(=O)N(CN%20C(=O)N(CN%21C(=O)N(CN%22C(=O)N(CN%23C(=O)N(CN1C2=O)C%16C%15%23)C%14C%13%22)C%12C%11%21)C%10C9%20)C8C7%19)C6C5%18)C4C3%17,E82CB7F52437B0147F435E3074F006752062FF8924E87C1DAF3210D182FF633B,HOST_CAN_0143,PASS,COc1ccc2cc(C(C)C(=O)O)ccc2c1,E25F5EABAE8262C2E43D49DC94E59851038E4906CF0B94ED9827A11835640DCA,GUEST_CAN_0498,PASS,GINE,2,guest_cold,2,5.303305625915527
1204,94,50,CC(C(O[Na])=O)OC(C(OC(C)C(O[Na])=O)=C1)=CC2=C1C(C=C(OC(C(O[Na])=O)C)C(OC(C(O[Na])=O)C)=C3)=C3C4=C2C=C(OC(C(O[Na])=O)C)C(OC(C)C(O[Na])=O)=C4,C1=CC=C(C(=C1)O)O,other,0.0,CC(Oc1cc2c3cc(OC(C)C(=O)[O][Na])c(OC(C)C(=O)[O][Na])cc3c3cc(OC(C)C(=O)[O][Na])c(OC(C)C(=O)[O][Na])cc3c2cc1OC(C)C(=O)[O][Na])C(=O)[O][Na],BA584CA32AF40B5CC01118169993C3B68F1DD55FC57084F45766D3D97748C6AD,HOST_CAN_0016,PASS,Oc1ccccc1O,D6044096AF0493CF06B8B5FDAA8C090BB98BA46AF75026C46D7FE4ACEF4715BB,GUEST_CAN_1007,PASS,GINE,2,guest_cold,2,1.4822309017181396
1212,11,750,C1N2C3C4N(C2=O)CN5C6C7N(C5=O)CN8C9C2N(C8=O)CN5C8C%10N(C5=O)CN5C%11C%12N(C5=O)CN5C%13C%14N(C5=O)CN5C%15C%16N(C5=O)CN5C%17C(N1C5=O)N1CN3C(=O)N4CN6C(=O)N7CN9C(=O)N2CN8C(=O)N%10CN%11C(=O)N%12CN%13C(=O)N%14CN%15C(=O)N%16CN%17C1=O,COCCOCCOCCOCCOCCOCCOCCOCCOCCOCCOCCOCCOCCOCCOCCOCCOCCOCCOCCOCCOCCOCCOCCOCCOCCOCCOCCOCCOCCOCCOCCOCCOCCOCCOCCOCCOCCOCCOCCOCCOCCOCCOCCOCCOCCOCCOCCOCCOCCOCCOCCOCCOCCOCCOCCOCCOCCOCCOCCOCCOCCOCCOCCOCCOCCOCCOCCOCCOCCOCCOCCOCCOCCOCCOCCOCCOCCOCCOCCOCCOCCOCCOCCOCCOCCOCCOCCOCCOCCOCCOCCOCCOCCOCCOCCOCCOCCOCCOCCOCCOCCOCCOCCOCCOCCOCCOCCOCCOCCOCCOCCOCCOCCOC(=O)Nc1ccc2c(c1)cc1c(c2)cccc1,cucurbituril,5.824900150299072,O=C1N2CN3C(=O)N4CN5C(=O)N6CN7C(=O)N8CN9C(=O)N%10CN%11C(=O)N%12CN%13C(=O)N%14CN%15C(=O)N%16CN1C1C2N2CN%17C(=O)N(CN%18C(=O)N(CN%19C(=O)N(CN%20C(=O)N(CN%21C(=O)N(CN%22C(=O)N(CN%23C(=O)N(CN1C2=O)C%16C%15%23)C%14C%13%22)C%12C%11%21)C%10C9%20)C8C7%19)C6C5%18)C4C3%17,E82CB7F52437B0147F435E3074F006752062FF8924E87C1DAF3210D182FF633B,HOST_CAN_0143,PASS,COCCOCCOCCOCCOCCOCCOCCOCCOCCOCCOCCOCCOCCOCCOCCOCCOCCOCCOCCOCCOCCOCCOCCOCCOCCOCCOCCOCCOCCOCCOCCOCCOCCOCCOCCOCCOCCOCCOCCOCCOCCOCCOCCOCCOCCOCCOCCOCCOCCOCCOCCOCCOCCOCCOCCOCCOCCOCCOCCOCCOCCOCCOCCOCCOCCOCCOCCOCCOCCOCCOCCOCCOCCOCCOCCOCCOCCOCCOCCOCCOCCOCCOCCOCCOCCOCCOCCOCCOCCOCCOCCOCCOCCOCCOCCOCCOCCOCCOCCOCCOCCOCCOCCOCCOCCOCCOCCOCCOCCOCCOCCOCCOCCOC(=O)Nc1ccc2cc3ccccc3cc2c1,786462BFA03C72032BD42F0ED373664124A7FCEB2DE20340F74E57FF5CFF7235,GUEST_CAN_0468,PASS,GINE,2,guest_cold,2,5.00267219543457
1219,106,351,CCCOC1=C2CC3=CC(P(OC)(O[Li])=O)=CC(CC4=C(OCCC)C(CC5=C(OCCC)C(CC1=CC(P(OC)(O[Li])=O)=C2)=CC(P(OC)(O[Li])=O)=C5)=CC(P(OC)(O[Li])=O)=C4)=C3OCCC,C1=CC(=C(C=C1C(CN)O)O)O.Cl,calixarene,1.6532000303268433,[Li][O]P(=O)(OC)c1cc2c(OCCC)c(c1)Cc1cc(P(=O)([O][Li])OC)cc(c1OCCC)Cc1cc(P(=O)([O][Li])OC)cc(c1OCCC)Cc1cc(P(=O)([O][Li])OC)cc(c1OCCC)C2,7E35E77A746111D0F7C2AD48B4236AD5F23EBD686B02C0BEF4D3F0D97CE016F4,HOST_CAN_0180,PASS,Cl.NCC(O)c1ccc(O)c(O)c1,77292EA0463E2AED797CAE9779601581D37EB7B67F9EA7796D4F6EE168154886,GUEST_CAN_0687,PASS,GINE,2,guest_cold,2,1.590742826461792
1222,4,376,[Na]OS(=O)(=O)CCCCOC=1C=C(C=CC1)[C@@H]1N=C(OC1)CC1=C(C(=C(C(=C1C)CC=1OC[C@@H](N1)C1=CC(=CC=C1)OCCCCS(=O)(=O)O[Na])C)CC=1OC[C@@H](N1)C1=CC(=CC=C1)OCCCCS(=O)(=O)O[Na])C,C(CO)N.Cl,other,0.0,Cc1c(CC2=N[C@@H](c3cccc(OCCCCS(=O)(=O)[O][Na])c3)CO2)c(C)c(CC2=N[C@@H](c3cccc(OCCCCS(=O)(=O)[O][Na])c3)CO2)c(C)c1CC1=N[C@@H](c2cccc(OCCCCS(=O)(=O)[O][Na])c2)CO1,9E3429786C624B72E8FD089068975D2A1C33E04632FEA26EF01294722587A124,HOST_CAN_0098,PASS,Cl.NCCO,B8BFC7F3AB287F02D64B1AF5D74B52A154A02E551CB075B8B8621A2F056ECCD2,GUEST_CAN_0689,PASS,GINE,2,guest_cold,2,1.4854917526245117
1224,11,756,C1N2C3C4N(C2=O)CN5C6C7N(C5=O)CN8C9C2N(C8=O)CN5C8C%10N(C5=O)CN5C%11C%12N(C5=O)CN5C%13C%14N(C5=O)CN5C%15C%16N(C5=O)CN5C%17C(N1C5=O)N1CN3C(=O)N4CN6C(=O)N7CN9C(=O)N2CN8C(=O)N%10CN%11C(=O)N%12CN%13C(=O)N%14CN%15C(=O)N%16CN%17C1=O,OCCOCCOCCOC1=CC2=CC=CC=C2C=C1,cucurbituril,5.627500057220459,O=C1N2CN3C(=O)N4CN5C(=O)N6CN7C(=O)N8CN9C(=O)N%10CN%11C(=O)N%12CN%13C(=O)N%14CN%15C(=O)N%16CN1C1C2N2CN%17C(=O)N(CN%18C(=O)N(CN%19C(=O)N(CN%20C(=O)N(CN%21C(=O)N(CN%22C(=O)N(CN%23C(=O)N(CN1C2=O)C%16C%15%23)C%14C%13%22)C%12C%11%21)C%10C9%20)C8C7%19)C6C5%18)C4C3%17,E82CB7F52437B0147F435E3074F006752062FF8924E87C1DAF3210D182FF633B,HOST_CAN_0143,PASS,OCCOCCOCCOc1ccc2ccccc2c1,EB0FAAE6E9DA515C93F6260D3BCE6297583D11DE8E2185D9FE82EEABF8898630,GUEST_CAN_0981,PASS,GINE,2,guest_cold,2,4.959404945373535
1227,8,191,C1N2C3C4N(C2=O)CN5C6C7N(C5=O)CN8C9C2N(C8=O)CN5C8C%10N(C5=O)CN5C%11C%12N(C5=O)CN5C%13C(N1C5=O)N1CN3C(=O)N4CN6C(=O)N7CN9C(=O)N2CN8C(=O)N%10CN%11C(=O)N%12CN%13C1=O,O.O.O.O.O.O.[Cl-].[Cl-].[Sr+2],cucurbituril,4.910099983215332,O=C1N2CN3C(=O)N4CN5C(=O)N6CN7C(=O)N8CN9C(=O)N%10CN%11C(=O)N%12CN1C1C2N2CN%13C(=O)N(CN%14C(=O)N(CN%15C(=O)N(CN%16C(=O)N(CN%17C(=O)N(CN1C2=O)C%12C%11%17)C%10C9%16)C8C7%15)C6C5%14)C4C3%13,2526C525F966BEE6CB589BBB60C9F4124C02584847747BDAFF4E92B4462536E8,HOST_CAN_0149,PASS,O.O.O.O.O.O.[Cl-].[Cl-].[Sr+2],3C32050D7E5AD41C7BC6DC47F8AF4E8E287A431913D4C7D7380ACBE3018A2B81,GUEST_CAN_0845,PASS,GINE,2,guest_cold,2,3.601410388946533
1238,8,762,C1N2C3C4N(C2=O)CN5C6C7N(C5=O)CN8C9C2N(C8=O)CN5C8C%10N(C5=O)CN5C%11C%12N(C5=O)CN5C%13C(N1C5=O)N1CN3C(=O)N4CN6C(=O)N7CN9C(=O)N2CN8C(=O)N%10CN%11C(=O)N%12CN%13C1=O,NCCCCCO,cucurbituril,2.8399999141693115,O=C1N2CN3C(=O)N4CN5C(=O)N6CN7C(=O)N8CN9C(=O)N%10CN%11C(=O)N%12CN1C1C2N2CN%13C(=O)N(CN%14C(=O)N(CN%15C(=O)N(CN%16C(=O)N(CN%17C(=O)N(CN1C2=O)C%12C%11%17)C%10C9%16)C8C7%15)C6C5%14)C4C3%13,2526C525F966BEE6CB589BBB60C9F4124C02584847747BDAFF4E92B4462536E8,HOST_CAN_0149,PASS,NCCCCCO,726301084B7F767529DE73AA0A074AC6C29884ADE2D4E13D36A21FA26DF85C64,GUEST_CAN_0795,PASS,GINE,2,guest_cold,2,4.62564754486084
1241,30,764,C1C2=CC(=CC(=C2O)CC3=CC(=CC(=C3O)CC4=CC(=CC(=C4O)CC5=C(C(=CC(=C5)S(=O)(=O)[O-])CC6=C(C(=CC(=C6)S(=O)(=O)[O-])CC7=C(C1=CC(=C7)S(=O)(=O)[O-])O)O)O)S(=O)(=O)[O-])S(=O)(=O)[O-])S(=O)(=O)[O-],C1(=CCC2=CC=C3C=CC=C4C=CC1C2=C34)/C=C/C3=CCN(C=C3)C,calixarene,3.759999990463257,O=S(=O)([O-])c1cc2c(O)c(c1)Cc1cc(S(=O)(=O)[O-])cc(c1O)Cc1cc(S(=O)(=O)[O-])cc(c1O)Cc1cc(S(=O)(=O)[O-])cc(c1O)Cc1cc(S(=O)(=O)[O-])cc(c1O)Cc1cc(S(=O)(=O)[O-])cc(c1O)C2,175E9D01D3A7DD7BE73E9B8659E8BAA0A16B2D5C4CCEFE3BEFED10121429BF10,HOST_CAN_0164,PASS,CN1C=CC(/C=C/C2=CCc3ccc4cccc5c4c3C2C=C5)=CC1,312B6A5D578A533AEA667D63213D9DB8EF06CBF8CAC67B375C184BC36324F841,GUEST_CAN_0416,PASS,GINE,2,guest_cold,2,4.628127574920654
1243,57,766,O=S(OC1=C2C(C3C4=CC5=C(C=C4C2C3)C6C7=C(C5C6)C=CC=C7)=C(OS(=O)([O-])=O)C8=C1C9C%10=CC(C%11C(C=CC=C%12)=C%12C%13C%11)=C%13C=C%10C8C9)([O-])=O.[Na+].[Na+],C(CC(C(=O)O)N)CN=C(N)N.Cl,other,3.1552999019622803,O=S(=O)([O-])Oc1c2c(c(OS(=O)(=O)[O-])c3c1C1CC3c3cc4c(cc31)C1CC4c3ccccc31)C1CC2c2cc3c(cc21)C1CC3c2ccccc21.[Na+].[Na+],5412FB52C8CBD58449E920A6B0055A7974AA5ED214A245A72F491F8E36BD048F,HOST_CAN_0161,PASS,Cl.NC(N)=NCCCC(N)C(=O)O,DCEE3A60E82EAC732CD6486BBD889ECB153461C3185992B7BB902D00316BB9B5,GUEST_CAN_0685,PASS,GINE,2,guest_cold,2,2.8206329345703125
1250,89,768,O[C@@H]1[C@@H](O)[C@H](O[C@@H]2[C@H](O)[C@@H](O)[C@H](O3)[C@@H](COCCCCS(=O)([O-])=O)O2)[C@@H](COCCCCS(=O)([O-])=O)O[C@@H]1O[C@H]4[C@H](O)[C@@H](O)[C@@H](O[C@@H]5[C@@H](O)[C@H](O)[C@H](O[C@@H]6[C@@H](O)[C@H](O)[C@H](O[C@@H]7[C@@H](O)[C@H](O)[C@H](O[C@@H]8[C@@H](O)[C@H](O)[C@H]3O[C@H]8COCCCCS(=O)([O-])=O)O[C@H]7COCCCCS(=O)([O-])=O)O[C@H]6COCCCCS(=O)([O-])=O)O[C@H]5COCCCCS(=O)([O-])=O)O[C@@H]4COCCCCS(=O)([O-])=O.[Na+].[Na+].[Na+].[Na+].[Na+].[Na+].[Na+],CCNC1=C(C=C2C(=C1)OC3=CC(=[NH+]CC)C(=CC3=C2C4=CC=CC=C4C(=O)OCC)C)C.[Cl-],cyclodextrin,6.805500030517578,O=S(=O)([O-])CCCCOC[C@@H]1O[C@H]2O[C@@H]3[C@@H](O)[C@H](O)[C@H](O[C@H]4[C@H](O)[C@@H](O)[C@@H](O[C@H]5[C@H](O)[C@@H](O)[C@@H](O[C@H]6[C@H](O)[C@@H](O)[C@@H](O[C@@H]7[C@@H](O)[C@H](O)[C@H](O[C@@H]8[C@@H](O)[C@H](O)[C@H](O[C@@H]1[C@@H](O)[C@@H]2O)O[C@H]8COCCCCS(=O)(=O)[O-])O[C@H]7COCCCCS(=O)(=O)[O-])O[C@@H]6COCCCCS(=O)(=O)[O-])O[C@@H]5COCCCCS(=O)(=O)[O-])O[C@@H]4COCCCCS(=O)(=O)[O-])O[C@H]3COCCCCS(=O)(=O)[O-].[Na+].[Na+].[Na+].[Na+].[Na+].[Na+].[Na+],0EF453A8FEAB2DBB346A347C51767F5C4A37ED4747250CEC0BCF3880BBC2D023,HOST_CAN_0157,PASS,CCNc1cc2oc3cc(=[NH+]CC)c(C)cc-3c(-c3ccccc3C(=O)OCC)c2cc1C.[Cl-],7747AE094C60B01CC68A562B284C6966F13F3487956DAAB5A7B13BEFB4A724EF,GUEST_CAN_0359,PASS,GINE,2,guest_cold,2,3.2070488929748535
1254,86,172,[Na]OS(=O)(=O)CCCCOC=1C=C(C=CC1)[C@@H]1N=C(OC1)CC1=C(C(=C(C(=C1CC)CC=1OC[C@@H](N1)C1=CC(=CC=C1)OCCCCS(=O)(=O)O[Na])CC)CC=1OC[C@@H](N1)C1=CC(=CC=C1)OCCCCS(=O)(=O)O[Na])CC,C(CC(=O)O)CN,other,0.0,CCc1c(CC2=N[C@@H](c3cccc(OCCCCS(=O)(=O)[O][Na])c3)CO2)c(CC)c(CC2=N[C@@H](c3cccc(OCCCCS(=O)(=O)[O][Na])c3)CO2)c(CC)c1CC1=N[C@@H](c2cccc(OCCCCS(=O)(=O)[O][Na])c2)CO1,A0794E3195B22DC21424CE7BDC74C772C0ED7BF37D1C4B8CF085F54EF0D1331E,HOST_CAN_0047,PASS,NCCCC(=O)O,27B4AB76DF9E47A44493DE80500C8BD7328EB6FF0484FAA1847C0A6236987891,GUEST_CAN_0779,PASS,GINE,2,guest_cold,2,1.6392250061035156
1259,99,215,N#CCOc1c2Cc3cc(cc(c3O)Cc3cc(cc(c3O)Cc3cc(cc(c3O)Cc3cc(cc(Cc4c(c(Cc5c(c(Cc6c(c(Cc1cc(c2)S(=O)(=O)O)cc(c6)S(=O)(=O)O)O)cc(c5)S(=O)(=O)O)O)cc(c4)S(=O)(=O)O)O)c3O)S(=O)(=O)O)S(=O)(=O)O)S(=O)(=O)O)S(=O)(=O)O,CC(C(=O)O)N,calixarene,1.8062000274658203,N#CCOc1c2cc(S(=O)(=O)O)cc1Cc1cc(S(=O)(=O)O)cc(c1O)Cc1cc(S(=O)(=O)O)cc(c1O)Cc1cc(S(=O)(=O)O)cc(c1O)Cc1cc(S(=O)(=O)O)cc(c1O)Cc1cc(S(=O)(=O)O)cc(c1O)Cc1cc(S(=O)(=O)O)cc(c1O)Cc1cc(S(=O)(=O)O)cc(c1O)C2,9C5AE9DC33FB7183D6DE570E4F40C5ED225E59EFD3C7E5485333524BCCF933C0,HOST_CAN_0103,PASS,CC(N)C(=O)O,6AC3AD1747D8E4C9B36EA5FBFB37965B87CCE816D9D72141F9005590B6D6FC3C,GUEST_CAN_0180,PASS,GINE,2,guest_cold,2,2.2698452472686768
1266,159,774,CCCCCCOc1c2Cc3cc(cc(c3OCCCCCC)Cc3cc(cc(c3OCCCCCC)Cc3cc(cc(Cc4c(c(Cc5c(c(Cc1cc(c2)S(=O)(=O)[O-])cc(c5)S(=O)(=O)[O-])OCCCCCC)cc(c4)S(=O)(=O)[O-])OCCCCCC)c3OCCCCCC)S(=O)(=O)[O-])S(=O)(=O)[O-])S(=O)(=O)[O-],[Tb+3],calixarene,5.672100067138672,CCCCCCOc1c2cc(S(=O)(=O)[O-])cc1Cc1cc(S(=O)(=O)[O-])cc(c1OCCCCCC)Cc1cc(S(=O)(=O)[O-])cc(c1OCCCCCC)Cc1cc(S(=O)(=O)[O-])cc(c1OCCCCCC)Cc1cc(S(=O)(=O)[O-])cc(c1OCCCCCC)Cc1cc(S(=O)(=O)[O-])cc(c1OCCCCCC)C2,01CBB54F6C94047AC1A8BB7B7BEC7EE2A260A4A1EC23A8796F6DBB39F19C192F,HOST_CAN_0029,PASS,[Tb+3],C2FDA4C0E826EDB775328B3FE74A1C888B5C053B2E06E09EC014A7C88C28AB2E,GUEST_CAN_1114,PASS,GINE,2,guest_cold,2,3.8852479457855225
1267,11,775,C1N2C3C4N(C2=O)CN5C6C7N(C5=O)CN8C9C2N(C8=O)CN5C8C%10N(C5=O)CN5C%11C%12N(C5=O)CN5C%13C%14N(C5=O)CN5C%15C%16N(C5=O)CN5C%17C(N1C5=O)N1CN3C(=O)N4CN6C(=O)N7CN9C(=O)N2CN8C(=O)N%10CN%11C(=O)N%12CN%13C(=O)N%14CN%15C(=O)N%16CN%17C1=O,[Al](Cl)(Cl)Cl,cucurbituril,2.9000000953674316,O=C1N2CN3C(=O)N4CN5C(=O)N6CN7C(=O)N8CN9C(=O)N%10CN%11C(=O)N%12CN%13C(=O)N%14CN%15C(=O)N%16CN1C1C2N2CN%17C(=O)N(CN%18C(=O)N(CN%19C(=O)N(CN%20C(=O)N(CN%21C(=O)N(CN%22C(=O)N(CN%23C(=O)N(CN1C2=O)C%16C%15%23)C%14C%13%22)C%12C%11%21)C%10C9%20)C8C7%19)C6C5%18)C4C3%17,E82CB7F52437B0147F435E3074F006752062FF8924E87C1DAF3210D182FF633B,HOST_CAN_0143,PASS,[Cl][Al]([Cl])[Cl],F0478BBF39EF8FA089A0406FAD4DCAB78BB558C588F75029CDF3016B33C77BE3,GUEST_CAN_1043,PASS,GINE,2,guest_cold,2,2.335846424102783
1284,48,181,[Na]OS(=O)(=O)CCCOc1c2CN3C(=O)N4[C@]5([C@@]3(N(Cc2c(c2c1cccc2)OCCCS(=O)(=O)O[Na])C(=O)N5CN1[C@@]2(N(C4)C(=O)N3[C@]2(C)N(C1=O)Cc1c(C3)c(OCCCS(=O)(=O)O[Na])c2c(c1OCCCS(=O)(=O)O[Na])cccc2)C)C)C,C(CCC[NH3+])CC[NH3+].[Cl-].[Cl-],other,2.843899965286255,C[C@]12N3Cc4c(c(OCCCS(=O)(=O)[O][Na])c5ccccc5c4OCCCS(=O)(=O)[O][Na])CN1C(=O)N1CN4C(=O)N5Cc6c(c(OCCCS(=O)(=O)[O][Na])c7ccccc7c6OCCCS(=O)(=O)[O][Na])CN6C(=O)N(CN(C3=O)[C@]12C)[C@]4(C)[C@@]56C,D18B807A904C56B05E199911FB10FFB774349CC49BBD32D2EFAFF4C892BA649F,HOST_CAN_0090,PASS,[Cl-].[Cl-].[NH3+]CCCCCC[NH3+],C5972710ADEA5F593934762CCF65EB152DFF548B5145AFDEFD51BD47BE3931B7,GUEST_CAN_1029,PASS,GINE,2,guest_cold,2,3.0923678874969482
1285,45,661,C1C2=CC(=CC=C2)CC3=CC(=CC=C3)CC4=CC=CC(=C4)CC5=CC=CC1=C5,C(CCN=C(N)N)CN,calixarene,6.85129976272583,c1cc2cc(c1)Cc1cccc(c1)Cc1cccc(c1)Cc1cccc(c1)C2,001BA14F081450375618B4DEC192A3633931B27A166EE11658CCCBFAB45E327F,HOST_CAN_0183,PASS,NCCCCN=C(N)N,147435922603679D62DCF688C9853E3AD71C8B15D4F61677EFF46B2F78910BA6,GUEST_CAN_0797,PASS,GINE,2,guest_cold,2,3.5531153678894043
1286,87,782,CCCCOc1c(OCCCC)c2COCc3c(OCCCC)c(OCCCC)c(c4c3cccc4)COCc3c(c(c(COCc4c(c(c(COCc1c1c2cccc1)c1ccccc41)OCCCC)OCCCC)c1c3cccc1)OCCCC)OCCCC,F[P-](F)(F)(F)(F)F.CC[N+](CC)(CC)CC,other,2.770900011062622,CCCCOc1c(OCCCC)c2c3ccccc3c1COCc1c(OCCCC)c(OCCCC)c(c3ccccc13)COCc1c(OCCCC)c(OCCCC)c(c3ccccc13)COCc1c(OCCCC)c(OCCCC)c(c3ccccc13)COC2,A699E12937358A216FBA45A53678131D8F7DBBB042BA5E7F52621C78F0465945,HOST_CAN_0031,PASS,CC[N+](CC)(CC)CC.F[P-](F)(F)(F)(F)F,22436D566FF0012EA4A4F574E2056A22DF01B6775C1386790A14AB318B779024,GUEST_CAN_0373,PASS,GINE,2,guest_cold,2,2.9764156341552734
1294,8,334,C1N2C3C4N(C2=O)CN5C6C7N(C5=O)CN8C9C2N(C8=O)CN5C8C%10N(C5=O)CN5C%11C%12N(C5=O)CN5C%13C(N1C5=O)N1CN3C(=O)N4CN6C(=O)N7CN9C(=O)N2CN8C(=O)N%10CN%11C(=O)N%12CN%13C1=O,C(CCC(=O)O)CCN,cucurbituril,3.569999933242798,O=C1N2CN3C(=O)N4CN5C(=O)N6CN7C(=O)N8CN9C(=O)N%10CN%11C(=O)N%12CN1C1C2N2CN%13C(=O)N(CN%14C(=O)N(CN%15C(=O)N(CN%16C(=O)N(CN%17C(=O)N(CN1C2=O)C%12C%11%17)C%10C9%16)C8C7%15)C6C5%14)C4C3%13,2526C525F966BEE6CB589BBB60C9F4124C02584847747BDAFF4E92B4462536E8,HOST_CAN_0149,PASS,NCCCCCC(=O)O,556BB6F16F621D91B1DC645383B3B2E4F01F4052B797211787737B4069A13D18,GUEST_CAN_0788,PASS,GINE,2,guest_cold,2,3.920271873474121
1303,3,597,OC[C@H]1O[C@@H]2O[C@@H]3[C@@H](CO)O[C@H](O[C@@H]4[C@@H](CO)O[C@H](O[C@@H]5[C@@H](CO)O[C@H](O[C@@H]6[C@@H](CO)O[C@H](O[C@@H]7[C@@H](CO)O[C@H](O[C@@H]8[C@@H](CO)O[C@H](O[C@H]1[C@H](O)[C@H]2O)[C@H](O)[C@H]8O)[C@H](O)[C@H]7O)[C@H](O)[C@H]6O)[C@H](O)[C@H]5O)[C@H](O)[C@H]4O)[C@H](O)[C@H]3O,CC1(C2CC1C(C(C2)O)(C)O)C,cyclodextrin,3.808199882507324,OC[C@H]1O[C@@H]2O[C@H]3[C@H](O)[C@@H](O)[C@@H](O[C@H]4[C@H](O)[C@@H](O)[C@@H](O[C@H]5[C@H](O)[C@@H](O)[C@@H](O[C@H]6[C@H](O)[C@@H](O)[C@@H](O[C@H]7[C@H](O)[C@@H](O)[C@@H](O[C@H]8[C@H](O)[C@@H](O)[C@@H](O[C@H]1[C@H](O)[C@H]2O)O[C@@H]8CO)O[C@@H]7CO)O[C@@H]6CO)O[C@@H]5CO)O[C@@H]4CO)O[C@@H]3CO,22584443D9512992310760C9871E3E6BDB3EDC92006F3EF1EC94F44373907EB1,HOST_CAN_0176,PASS,CC1(C)C2CC(O)C(C)(O)C1C2,282648BC7918009015B793E35AB95D54DF929FE66B51C8939C09BC59415459E8,GUEST_CAN_0203,PASS,GINE,2,guest_cold,2,3.4218788146972656
1308,1,788,C1C2=CC(=CC(=C2O)CC3=CC(=CC(=C3O)CC4=C(C(=CC(=C4)S(=O)(=O)O)CC5=C(C1=CC(=C5)S(=O)(=O)O)O)O)S(=O)(=O)O)S(=O)(=O)O,CCC[NH3+],calixarene,4.12060022354126,O=S(=O)(O)c1cc2c(O)c(c1)Cc1cc(S(=O)(=O)O)cc(c1O)Cc1cc(S(=O)(=O)O)cc(c1O)Cc1cc(S(=O)(=O)O)cc(c1O)C2,C1130CCDC8DA0C6458EF6C2E07E7F3330D8F8B055CBE4DEAADB70DC00C8CDFC1,HOST_CAN_0154,PASS,CCC[NH3+],4AE8234A48B586530D7F45AECAABE9126E0648F04A0A0D70F3CF9DE7DDC6878C,GUEST_CAN_0337,PASS,GINE,2,guest_cold,2,2.6430134773254395
1311,8,790,C1N2C3C4N(C2=O)CN5C6C7N(C5=O)CN8C9C2N(C8=O)CN5C8C%10N(C5=O)CN5C%11C%12N(C5=O)CN5C%13C(N1C5=O)N1CN3C(=O)N4CN6C(=O)N7CN9C(=O)N2CN8C(=O)N%10CN%11C(=O)N%12CN%13C1=O,CCCC[NH2+]C12C[C@@H]3C[C@H](C2)C[C@H](C1)C3,cucurbituril,7.301000118255615,O=C1N2CN3C(=O)N4CN5C(=O)N6CN7C(=O)N8CN9C(=O)N%10CN%11C(=O)N%12CN1C1C2N2CN%13C(=O)N(CN%14C(=O)N(CN%15C(=O)N(CN%16C(=O)N(CN%17C(=O)N(CN1C2=O)C%12C%11%17)C%10C9%16)C8C7%15)C6C5%14)C4C3%13,2526C525F966BEE6CB589BBB60C9F4124C02584847747BDAFF4E92B4462536E8,HOST_CAN_0149,PASS,CCCC[NH2+]C12C[C@H]3C[C@@H](C1)C[C@@H](C2)C3,751AB369038D9A78C1ECF8AE2F3078D180823375E6122907A2B62992E93767E6,GUEST_CAN_0320,PASS,GINE,2,guest_cold,2,8.684175491333008
1314,133,56,OC1=C(CC2=CC(S(=O)([O-])=O)=CC(CC3=CC(S(=O)([O-])=O)=CC(CC4=CC(S(=O)([O-])=O)=CC(CC5=CC(S(=O)([O-])=O)=CC6=C5OCC(O)=O)=C4O)=C3O)=C2O)C=C(S(=O)([O-])=O)C=C1CC7=C(O)C(CC8=C(O)C(CC9=C(O)C(C6)=CC(S(=O)([O-])=O)=C9)=CC(S(=O)([O-])=O)=C8)=CC(S(=O)([O-])=O)=C7,CCCC(C(=O)O)N,calixarene,2.037400007247925,O=C(O)COc1c2cc(S(=O)(=O)[O-])cc1Cc1cc(S(=O)(=O)[O-])cc(c1O)Cc1cc(S(=O)(=O)[O-])cc(c1O)Cc1cc(S(=O)(=O)[O-])cc(c1O)Cc1cc(S(=O)(=O)[O-])cc(c1O)Cc1cc(S(=O)(=O)[O-])cc(c1O)Cc1cc(S(=O)(=O)[O-])cc(c1O)Cc1cc(S(=O)(=O)[O-])cc(c1O)C2,035C2443DCD42EB5D85B11E9A688FB2E331A4D0CA7EB7848E0D32F221FD3DC33,HOST_CAN_0130,PASS,CCCC(N)C(=O)O,81F3215F9F46874A7436620E7AD92167936CF997FB3F203D4397A018C4B56861,GUEST_CAN_0268,PASS,GINE,2,guest_cold,2,2.317314624786377
1324,11,796,C1N2C3C4N(C2=O)CN5C6C7N(C5=O)CN8C9C2N(C8=O)CN5C8C%10N(C5=O)CN5C%11C%12N(C5=O)CN5C%13C%14N(C5=O)CN5C%15C%16N(C5=O)CN5C%17C(N1C5=O)N1CN3C(=O)N4CN6C(=O)N7CN9C(=O)N2CN8C(=O)N%10CN%11C(=O)N%12CN%13C(=O)N%14CN%15C(=O)N%16CN%17C1=O,Oc1ccc(cc1)C[C@@H](C(=O)N[C@H](C(=O)N[C@H](C(=O)O)C)Cc1ccc(cc1)O)N,cucurbituril,6.155300140380859,O=C1N2CN3C(=O)N4CN5C(=O)N6CN7C(=O)N8CN9C(=O)N%10CN%11C(=O)N%12CN%13C(=O)N%14CN%15C(=O)N%16CN1C1C2N2CN%17C(=O)N(CN%18C(=O)N(CN%19C(=O)N(CN%20C(=O)N(CN%21C(=O)N(CN%22C(=O)N(CN%23C(=O)N(CN1C2=O)C%16C%15%23)C%14C%13%22)C%12C%11%21)C%10C9%20)C8C7%19)C6C5%18)C4C3%17,E82CB7F52437B0147F435E3074F006752062FF8924E87C1DAF3210D182FF633B,HOST_CAN_0143,PASS,C[C@H](NC(=O)[C@H](Cc1ccc(O)cc1)NC(=O)[C@@H](N)Cc1ccc(O)cc1)C(=O)O,108DEAEF09C2EB08A79505FF4DB525FFDAD106290F4A6A07CAB40C6501CBEED8,GUEST_CAN_0546,PASS,GINE,2,guest_cold,2,5.850699424743652
1325,28,92,O=C1N2[C@@]3([H])[C@@]4([H])N1CC5=CC=CC=C5CN4C(N3CN(C(N6CN(C(N7CN(C(N8CC(C=CC=C9)=C9C%10)=O)[C@]([C@]8([H])N%10C%11=O)([H])N%11C%12)=O)[C@]([C@]7([H])N%12C%13=O)([H])N%13C%14)=O)[C@]([C@]6([H])N%14C%15=O)([H])N%15C2)=O,C[N+]1=CC=C(C=C1)C2=CC=[N+](C=C2)C.[Cl-].[Cl-],other,3.56820011138916,O=C1N2Cc3ccccc3CN3C(=O)N4CN5C(=O)N6CN7C(=O)N8CN9C(=O)N%10Cc%11ccccc%11CN%11C(=O)N(CN%12C(=O)N(CN%13C(=O)N(CN1[C@H]4[C@H]32)[C@@H]5[C@H]%136)[C@@H]7[C@H]%128)[C@@H]9[C@H]%11%10,C06DBA8CB1A01AEB8337B71D87CD1B30E9CBAC6D34129CB5457249ED32FE0331,HOST_CAN_0151,PASS,C[n+]1ccc(-c2cc[n+](C)cc2)cc1.[Cl-].[Cl-],A34A59C172ABA48CFA54144DF49E70D56803B22DE394E6F3154C1D8F7DC6E5F1,GUEST_CAN_0623,PASS,GINE,2,guest_cold,2,6.346266269683838
1337,11,50,C1N2C3C4N(C2=O)CN5C6C7N(C5=O)CN8C9C2N(C8=O)CN5C8C%10N(C5=O)CN5C%11C%12N(C5=O)CN5C%13C%14N(C5=O)CN5C%15C%16N(C5=O)CN5C%17C(N1C5=O)N1CN3C(=O)N4CN6C(=O)N7CN9C(=O)N2CN8C(=O)N%10CN%11C(=O)N%12CN%13C(=O)N%14CN%15C(=O)N%16CN%17C1=O,C1=CC=C(C(=C1)O)O,cucurbituril,4.1504998207092285,O=C1N2CN3C(=O)N4CN5C(=O)N6CN7C(=O)N8CN9C(=O)N%10CN%11C(=O)N%12CN%13C(=O)N%14CN%15C(=O)N%16CN1C1C2N2CN%17C(=O)N(CN%18C(=O)N(CN%19C(=O)N(CN%20C(=O)N(CN%21C(=O)N(CN%22C(=O)N(CN%23C(=O)N(CN1C2=O)C%16C%15%23)C%14C%13%22)C%12C%11%21)C%10C9%20)C8C7%19)C6C5%18)C4C3%17,E82CB7F52437B0147F435E3074F006752062FF8924E87C1DAF3210D182FF633B,HOST_CAN_0143,PASS,Oc1ccccc1O,D6044096AF0493CF06B8B5FDAA8C090BB98BA46AF75026C46D7FE4ACEF4715BB,GUEST_CAN_1007,PASS,GINE,2,guest_cold,2,2.855400562286377
1338,32,389,OC(=O)c1ccc(cc1)N=Nc1cc2Cc3cc(N=Nc4ccc(cc4)C(=O)O)cc(c3O)Cc3cc(cc(Cc4c(c(Cc(c1)c2O)cc(N=Nc1ccc(cc1)C(=O)O)c4)O)c3O)/N=N/c1ccc(cc1)C(=O)O,CC1C(C(CC(O1)OC2CC(CC3=C2C(=C4C(=C3O)C(=O)C5=C(C4=O)C(=CC=C5)OC)O)(C(=O)CO)O)N)O,calixarene,8.0,O=C(O)c1ccc(N=Nc2cc3c(O)c(c2)Cc2cc(N=Nc4ccc(C(=O)O)cc4)cc(c2O)Cc2cc(/N=N/c4ccc(C(=O)O)cc4)cc(c2O)Cc2cc(N=Nc4ccc(C(=O)O)cc4)cc(c2O)C3)cc1,5B585DBFF951CBB98E465DBECF308ACBE2EAF8773CE9C58156BE700CBB287248,HOST_CAN_0134,PASS,COc1cccc2c1C(=O)c1c(O)c3c(c(O)c1C2=O)CC(O)(C(=O)CO)CC3OC1CC(N)C(O)C(C)O1,5E691EE01CBEED4195F6DBAC1948C0336399630FC27CE9AA76E2113537710ABA,GUEST_CAN_0506,PASS,GINE,2,guest_cold,2,4.94622802734375
1346,8,802,C1N2C3C4N(C2=O)CN5C6C7N(C5=O)CN8C9C2N(C8=O)CN5C8C%10N(C5=O)CN5C%11C%12N(C5=O)CN5C%13C(N1C5=O)N1CN3C(=O)N4CN6C(=O)N7CN9C(=O)N2CN8C(=O)N%10CN%11C(=O)N%12CN%13C1=O,CC(CC[NH3+])C,cucurbituril,4.552700042724609,O=C1N2CN3C(=O)N4CN5C(=O)N6CN7C(=O)N8CN9C(=O)N%10CN%11C(=O)N%12CN1C1C2N2CN%13C(=O)N(CN%14C(=O)N(CN%15C(=O)N(CN%16C(=O)N(CN%17C(=O)N(CN1C2=O)C%12C%11%17)C%10C9%16)C8C7%15)C6C5%14)C4C3%13,2526C525F966BEE6CB589BBB60C9F4124C02584847747BDAFF4E92B4462536E8,HOST_CAN_0149,PASS,CC(C)CC[NH3+],65D133CCEB198C12DBC71733068E3809B4855807228DC3B63012E40A8B51BBFE,GUEST_CAN_0147,PASS,GINE,2,guest_cold,2,5.16123104095459
1360,3,675,OC[C@H]1O[C@@H]2O[C@@H]3[C@@H](CO)O[C@H](O[C@@H]4[C@@H](CO)O[C@H](O[C@@H]5[C@@H](CO)O[C@H](O[C@@H]6[C@@H](CO)O[C@H](O[C@@H]7[C@@H](CO)O[C@H](O[C@@H]8[C@@H](CO)O[C@H](O[C@H]1[C@H](O)[C@H]2O)[C@H](O)[C@H]8O)[C@H](O)[C@H]7O)[C@H](O)[C@H]6O)[C@H](O)[C@H]5O)[C@H](O)[C@H]4O)[C@H](O)[C@H]3O,CCO,cyclodextrin,1.9299999475479126,OC[C@H]1O[C@@H]2O[C@H]3[C@H](O)[C@@H](O)[C@@H](O[C@H]4[C@H](O)[C@@H](O)[C@@H](O[C@H]5[C@H](O)[C@@H](O)[C@@H](O[C@H]6[C@H](O)[C@@H](O)[C@@H](O[C@H]7[C@H](O)[C@@H](O)[C@@H](O[C@H]8[C@H](O)[C@@H](O)[C@@H](O[C@H]1[C@H](O)[C@H]2O)O[C@@H]8CO)O[C@@H]7CO)O[C@@H]6CO)O[C@@H]5CO)O[C@@H]4CO)O[C@@H]3CO,22584443D9512992310760C9871E3E6BDB3EDC92006F3EF1EC94F44373907EB1,HOST_CAN_0176,PASS,CCO,AB1DE819EDE91DF490E6441934DECFA9041B49F91D6BBADBBA4DF634CCFF57FA,GUEST_CAN_0361,PASS,GINE,2,guest_cold,2,1.1376988887786865
1361,11,92,C1N2C3C4N(C2=O)CN5C6C7N(C5=O)CN8C9C2N(C8=O)CN5C8C%10N(C5=O)CN5C%11C%12N(C5=O)CN5C%13C%14N(C5=O)CN5C%15C%16N(C5=O)CN5C%17C(N1C5=O)N1CN3C(=O)N4CN6C(=O)N7CN9C(=O)N2CN8C(=O)N%10CN%11C(=O)N%12CN%13C(=O)N%14CN%15C(=O)N%16CN%17C1=O,C[N+]1=CC=C(C=C1)C2=CC=[N+](C=C2)C.[Cl-].[Cl-],cucurbituril,5.691400051116943,O=C1N2CN3C(=O)N4CN5C(=O)N6CN7C(=O)N8CN9C(=O)N%10CN%11C(=O)N%12CN%13C(=O)N%14CN%15C(=O)N%16CN1C1C2N2CN%17C(=O)N(CN%18C(=O)N(CN%19C(=O)N(CN%20C(=O)N(CN%21C(=O)N(CN%22C(=O)N(CN%23C(=O)N(CN1C2=O)C%16C%15%23)C%14C%13%22)C%12C%11%21)C%10C9%20)C8C7%19)C6C5%18)C4C3%17,E82CB7F52437B0147F435E3074F006752062FF8924E87C1DAF3210D182FF633B,HOST_CAN_0143,PASS,C[n+]1ccc(-c2cc[n+](C)cc2)cc1.[Cl-].[Cl-],A34A59C172ABA48CFA54144DF49E70D56803B22DE394E6F3154C1D8F7DC6E5F1,GUEST_CAN_0623,PASS,GINE,2,guest_cold,2,6.773571014404297
1368,69,637,NCCN1C=C(N=N1)COC(C=C2)=C(CNCC3=C(OCC(N=N4)=CN4CCN)C=CC5=C3C=C6)C7=C2C8=C(C=C7)OC9CC8C%10=C(O9)C=CC%11=C%10C=CC(OCC(N=N%12)=CN%12CCN)=C%11CNCC%13=C(OCC(N=N%14)=CN%14CCN)C=CC%15=C%13C=CC(O%16)=C%15C%17C5=C6OC%16C%17,C(C)(=O)NC(C(=O)O)C1=CC=CC=C1,other,3.5185000896453857,NCCn1cc(COc2ccc3c4c5ccc3c2CNCc2c(OCc3cn(CCN)nn3)ccc3c6c(ccc23)OC2CC6c3c(ccc6c(c(OCc7cn(CCN)nn7)ccc36)CNCc3c(OCc6cn(CCN)nn6)ccc6c7c(ccc36)OC(CC47)O5)O2)nn1,E69AC36986BDADC1E5A61FE9021251B6D5437DB096F231021CE94D055FF4BCBF,HOST_CAN_0113,PASS,CC(=O)NC(C(=O)O)c1ccccc1,76E13337757DBE3879D6A633FF092F28738489FA30EEEA0A5FAAF2E292B16ABC,GUEST_CAN_0065,PASS,GINE,2,guest_cold,2,3.4528183937072754
1373,8,812,C1N2C3C4N(C2=O)CN5C6C7N(C5=O)CN8C9C2N(C8=O)CN5C8C%10N(C5=O)CN5C%11C%12N(C5=O)CN5C%13C(N1C5=O)N1CN3C(=O)N4CN6C(=O)N7CN9C(=O)N2CN8C(=O)N%10CN%11C(=O)N%12CN%13C1=O,C(CCN)CC(=O)O,cucurbituril,3.589900016784668,O=C1N2CN3C(=O)N4CN5C(=O)N6CN7C(=O)N8CN9C(=O)N%10CN%11C(=O)N%12CN1C1C2N2CN%13C(=O)N(CN%14C(=O)N(CN%15C(=O)N(CN%16C(=O)N(CN%17C(=O)N(CN1C2=O)C%12C%11%17)C%10C9%16)C8C7%15)C6C5%14)C4C3%13,2526C525F966BEE6CB589BBB60C9F4124C02584847747BDAFF4E92B4462536E8,HOST_CAN_0149,PASS,NCCCCC(=O)O,D3B18B36DA19CCF34214B3D5B3675875C53AE8732F06567E13EEA6C3BFA66765,GUEST_CAN_0781,PASS,GINE,2,guest_cold,2,3.827437162399292
1376,1,286,C1C2=CC(=CC(=C2O)CC3=CC(=CC(=C3O)CC4=C(C(=CC(=C4)S(=O)(=O)O)CC5=C(C1=CC(=C5)S(=O)(=O)O)O)O)S(=O)(=O)O)S(=O)(=O)O,C[N+](C)(C)CCO,calixarene,4.873000144958496,O=S(=O)(O)c1cc2c(O)c(c1)Cc1cc(S(=O)(=O)O)cc(c1O)Cc1cc(S(=O)(=O)O)cc(c1O)Cc1cc(S(=O)(=O)O)cc(c1O)C2,C1130CCDC8DA0C6458EF6C2E07E7F3330D8F8B055CBE4DEAADB70DC00C8CDFC1,HOST_CAN_0154,PASS,C[N+](C)(C)CCO,EE2F222C864A3340CB6DC5C1A21FDDCC9B162B0220641118D30F914132FC0AFF,GUEST_CAN_0568,PASS,GINE,2,guest_cold,2,3.73508620262146
1384,23,817,OC[C@H]1O[C@@H]2O[C@@H]3[C@@H](CO)O[C@H](O[C@@H]4[C@@H](CO)O[C@H](O[C@@H]5[C@@H](CO)O[C@H](O[C@@H]6[C@@H](CO)O[C@H](O[C@@H]7[C@@H](CO)O[C@H](O[C@H]1[C@H](O)[C@H]2O)[C@H](O)[C@H]7O)[C@H](O)[C@H]6O)[C@H](O)[C@H]5O)[C@H](O)[C@H]4O)[C@H](O)[C@H]3O,CCCC([NH3+])C,cyclodextrin,1.2922999858856201,OC[C@H]1O[C@@H]2O[C@H]3[C@H](O)[C@@H](O)[C@@H](O[C@H]4[C@H](O)[C@@H](O)[C@@H](O[C@H]5[C@H](O)[C@@H](O)[C@@H](O[C@H]6[C@H](O)[C@@H](O)[C@@H](O[C@H]7[C@H](O)[C@@H](O)[C@@H](O[C@H]1[C@H](O)[C@H]2O)O[C@@H]7CO)O[C@@H]6CO)O[C@@H]5CO)O[C@@H]4CO)O[C@@H]3CO,9CB41F926A4386D7C0E23599753E6EDC60802BE1DCF577DB9B32CBB20691DB1D,HOST_CAN_0175,PASS,CCCC(C)[NH3+],81988626E2560BC57F3C0B34E836A38C64CC6181B90A6B59D7418BF09B94355F,GUEST_CAN_0267,PASS,GINE,2,guest_cold,2,2.4438059329986572
1389,15,820,C1=C2C=C3C=C1OC4=CC(=CC(=C4)C(=O)O)OC5=CC6=CC(=C5)C7OC8=CC9=C1C=C8C(C4=C(O7)C=C5C(=C4)C(C4=CC7=C(C=C4OC2O5)OC2C4=CC(=CC(=C4)OC4=CC(=CC(=C4)C(=O)O)OC4=CC(=CC(=C4)OC4=CC(=CC(=C4)O6)C(=O)O)C(O9)OC4=C(C1CCC(=O)O)C=C(C7CCC(=O)O)C(=C4)O2)OC1=CC(=CC(=C1)O3)C(=O)O)CCC(=O)O)CCC(=O)O,C1=CC(=CC=C1C#N)C(=O)O,cavitand,3.288599967956543,O=C(O)CCC1c2cc3c4cc2OC2Oc5cc6c(cc51)C(CCC(=O)O)c1cc5c7cc1OC(O6)c1cc6cc(c1)Oc1cc(cc(C(=O)O)c1)Oc1cc8cc(c1)C(Oc1cc(c(cc1C5CCC(=O)O)C3CCC(=O)O)OC(O4)c1cc(cc(c1)Oc1cc(cc(C(=O)O)c1)O8)Oc1cc(cc(C(=O)O)c1)Oc1cc(cc2c1)Oc1cc(cc(C(=O)O)c1)O6)O7,AE6E8A9B8E3ECDE32B65BE9B8736ECC23E2311A112E2CA1B78F35ECF9046A382,HOST_CAN_0117,PASS,N#Cc1ccc(C(=O)O)cc1,4958BD941DCC40F0212E4E3C5AB66B223F86FDC2B2586D53FB4D501BF6D4B60C,GUEST_CAN_0716,PASS,GINE,2,guest_cold,2,3.4314558506011963
1392,45,221,C1C2=CC(=CC=C2)CC3=CC(=CC=C3)CC4=CC=CC(=C4)CC5=CC=CC1=C5,C1=C(NC=N1)CCN,calixarene,4.95419979095459,c1cc2cc(c1)Cc1cccc(c1)Cc1cccc(c1)Cc1cccc(c1)C2,001BA14F081450375618B4DEC192A3633931B27A166EE11658CCCBFAB45E327F,HOST_CAN_0183,PASS,NCCc1cnc[nH]1,15D090429620CA099A147C5AB92E85222F180B20A16D7D5EE0B5A640A2C40D3F,GUEST_CAN_0811,PASS,GINE,2,guest_cold,2,2.645777702331543
1398,3,824,OC[C@H]1O[C@@H]2O[C@@H]3[C@@H](CO)O[C@H](O[C@@H]4[C@@H](CO)O[C@H](O[C@@H]5[C@@H](CO)O[C@H](O[C@@H]6[C@@H](CO)O[C@H](O[C@@H]7[C@@H](CO)O[C@H](O[C@@H]8[C@@H](CO)O[C@H](O[C@H]1[C@H](O)[C@H]2O)[C@H](O)[C@H]8O)[C@H](O)[C@H]7O)[C@H](O)[C@H]6O)[C@H](O)[C@H]5O)[C@H](O)[C@H]4O)[C@H](O)[C@H]3O,CN(C)C(C=C1)=CC=C1C2=CN=C(C3=CC=C(S(=O)([O-])=O)C=C3)O2,cyclodextrin,3.7393999099731445,OC[C@H]1O[C@@H]2O[C@H]3[C@H](O)[C@@H](O)[C@@H](O[C@H]4[C@H](O)[C@@H](O)[C@@H](O[C@H]5[C@H](O)[C@@H](O)[C@@H](O[C@H]6[C@H](O)[C@@H](O)[C@@H](O[C@H]7[C@H](O)[C@@H](O)[C@@H](O[C@H]8[C@H](O)[C@@H](O)[C@@H](O[C@H]1[C@H](O)[C@H]2O)O[C@@H]8CO)O[C@@H]7CO)O[C@@H]6CO)O[C@@H]5CO)O[C@@H]4CO)O[C@@H]3CO,22584443D9512992310760C9871E3E6BDB3EDC92006F3EF1EC94F44373907EB1,HOST_CAN_0176,PASS,CN(C)c1ccc(-c2cnc(-c3ccc(S(=O)(=O)[O-])cc3)o2)cc1,9C25E8C7AB70A0295DF6E29A7120FF9119385CBC7EFD910E202795AEAAF1E63B,GUEST_CAN_0400,PASS,GINE,2,guest_cold,2,2.3022851943969727
1408,36,831,C1CCC2C(C1)OCCOCCOC3CCCCC3OCCOCCO2,[Hg+2],crown_ether,2.75,C1CCC2OCCOCCOC3CCCCC3OCCOCCOC2C1,6324056DD7B8D486CDD96CAFC63AEDD5DD6528EA1F170F5E566BD0A62E2BF929,HOST_CAN_0001,PASS,[Hg+2],343A0123432F4D2383ADFFDDBF90D049CD563D8EAEA854FAD39391B2847FC953,GUEST_CAN_1061,PASS,GINE,2,guest_cold,2,2.0649876594543457
1410,15,832,C1=C2C=C3C=C1OC4=CC(=CC(=C4)C(=O)O)OC5=CC6=CC(=C5)C7OC8=CC9=C1C=C8C(C4=C(O7)C=C5C(=C4)C(C4=CC7=C(C=C4OC2O5)OC2C4=CC(=CC(=C4)OC4=CC(=CC(=C4)C(=O)O)OC4=CC(=CC(=C4)OC4=CC(=CC(=C4)O6)C(=O)O)C(O9)OC4=C(C1CCC(=O)O)C=C(C7CCC(=O)O)C(=C4)O2)OC1=CC(=CC(=C1)O3)C(=O)O)CCC(=O)O)CCC(=O)O,CC(CCC=C(C)C)CC(=O)O,cavitand,5.089600086212158,O=C(O)CCC1c2cc3c4cc2OC2Oc5cc6c(cc51)C(CCC(=O)O)c1cc5c7cc1OC(O6)c1cc6cc(c1)Oc1cc(cc(C(=O)O)c1)Oc1cc8cc(c1)C(Oc1cc(c(cc1C5CCC(=O)O)C3CCC(=O)O)OC(O4)c1cc(cc(c1)Oc1cc(cc(C(=O)O)c1)O8)Oc1cc(cc(C(=O)O)c1)Oc1cc(cc2c1)Oc1cc(cc(C(=O)O)c1)O6)O7,AE6E8A9B8E3ECDE32B65BE9B8736ECC23E2311A112E2CA1B78F35ECF9046A382,HOST_CAN_0117,PASS,CC(C)=CCCC(C)CC(=O)O,9581BBEC867A175BEE0AB0944A816BAA43DC7BF55AF73275055BC9B4798AA009,GUEST_CAN_0122,PASS,GINE,2,guest_cold,2,3.684508800506592
1428,11,838,C1N2C3C4N(C2=O)CN5C6C7N(C5=O)CN8C9C2N(C8=O)CN5C8C%10N(C5=O)CN5C%11C%12N(C5=O)CN5C%13C%14N(C5=O)CN5C%15C%16N(C5=O)CN5C%17C(N1C5=O)N1CN3C(=O)N4CN6C(=O)N7CN9C(=O)N2CN8C(=O)N%10CN%11C(=O)N%12CN%13C(=O)N%14CN%15C(=O)N%16CN%17C1=O,CC12CCC3C(C1CCC2(C#C)O)CCC4=C3C=CC(=C4)O,cucurbituril,6.255300045013428,O=C1N2CN3C(=O)N4CN5C(=O)N6CN7C(=O)N8CN9C(=O)N%10CN%11C(=O)N%12CN%13C(=O)N%14CN%15C(=O)N%16CN1C1C2N2CN%17C(=O)N(CN%18C(=O)N(CN%19C(=O)N(CN%20C(=O)N(CN%21C(=O)N(CN%22C(=O)N(CN%23C(=O)N(CN1C2=O)C%16C%15%23)C%14C%13%22)C%12C%11%21)C%10C9%20)C8C7%19)C6C5%18)C4C3%17,E82CB7F52437B0147F435E3074F006752062FF8924E87C1DAF3210D182FF633B,HOST_CAN_0143,PASS,C#CC1(O)CCC2C3CCc4cc(O)ccc4C3CCC21C,8CD64E115E76EC5F564A9BF1B460EE4EF51A3CE1A48380A2AA93FB8D519CB67B,GUEST_CAN_0005,PASS,GINE,2,guest_cold,2,5.783681869506836
1436,11,844,C1N2C3C4N(C2=O)CN5C6C7N(C5=O)CN8C9C2N(C8=O)CN5C8C%10N(C5=O)CN5C%11C%12N(C5=O)CN5C%13C%14N(C5=O)CN5C%15C%16N(C5=O)CN5C%17C(N1C5=O)N1CN3C(=O)N4CN6C(=O)N7CN9C(=O)N2CN8C(=O)N%10CN%11C(=O)N%12CN%13C(=O)N%14CN%15C(=O)N%16CN%17C1=O,O=C(CC[C@@H](C(=O)NCC(=O)NCC(=O)NCC(=O)N)NC(=O)CNC(=O)CNC(=O)CNC(=O)C)NCC[n+]1ccc(cc1)c1cc[n+](cc1)C,cucurbituril,6.301000118255615,O=C1N2CN3C(=O)N4CN5C(=O)N6CN7C(=O)N8CN9C(=O)N%10CN%11C(=O)N%12CN%13C(=O)N%14CN%15C(=O)N%16CN1C1C2N2CN%17C(=O)N(CN%18C(=O)N(CN%19C(=O)N(CN%20C(=O)N(CN%21C(=O)N(CN%22C(=O)N(CN%23C(=O)N(CN1C2=O)C%16C%15%23)C%14C%13%22)C%12C%11%21)C%10C9%20)C8C7%19)C6C5%18)C4C3%17,E82CB7F52437B0147F435E3074F006752062FF8924E87C1DAF3210D182FF633B,HOST_CAN_0143,PASS,CC(=O)NCC(=O)NCC(=O)NCC(=O)N[C@@H](CCC(=O)NCC[n+]1ccc(-c2cc[n+](C)cc2)cc1)C(=O)NCC(=O)NCC(=O)NCC(N)=O,08F6A365F0ECA366A65543236394C5A5200CAC6A570BDD93A456C13F687C3A86,GUEST_CAN_0076,PASS,GINE,2,guest_cold,2,5.420092582702637
1447,87,847,CCCCOc1c(OCCCC)c2COCc3c(OCCCC)c(OCCCC)c(c4c3cccc4)COCc3c(c(c(COCc4c(c(c(COCc1c1c2cccc1)c1ccccc41)OCCCC)OCCCC)c1c3cccc1)OCCCC)OCCCC,ClC1=CC=C(C[N+](CC2=CC=C(C=C2)Cl)(C)C)C=C1,other,5.342400074005127,CCCCOc1c(OCCCC)c2c3ccccc3c1COCc1c(OCCCC)c(OCCCC)c(c3ccccc13)COCc1c(OCCCC)c(OCCCC)c(c3ccccc13)COCc1c(OCCCC)c(OCCCC)c(c3ccccc13)COC2,A699E12937358A216FBA45A53678131D8F7DBBB042BA5E7F52621C78F0465945,HOST_CAN_0031,PASS,C[N+](C)(Cc1ccc(Cl)cc1)Cc1ccc(Cl)cc1,DC8AD954C24345EA589C1DB08B22AB1D9E767AFB72F208616B6684F99AAA07E9,GUEST_CAN_0594,PASS,GINE,2,guest_cold,2,4.320328235626221
1459,51,851,C1N2C3C4N(C2=O)CN5C6C7N(C5=O)CN8C9C2N(C8=O)CN5C8C%10N(C5=O)CN5C%11C%12N(C5=O)CN5C%13C%14N(C5=O)CN5C%15C%16N(C5=O)CN5C%17C%18N(C5=O)CN5C%19C%20N(C5=O)CN5C%21C(N1C5=O)N1CN3C(=O)N4CN6C(=O)N7CN9C(=O)N2CN8C(=O)N%10CN%11C(=O)N%12CN%13C(=O)N%14CN%15C(=O)N%16CN%17C(=O)N%18CN%19C(=O)N%20CN%21C1=O,C1=CC=NC(=C1)C2=CC=CC=N2.C1=CC=NC(=C1)C2=CC=CC=N2.C1=CC=NC(=C1)C2=CC=CC=N2.[Ru+2],cucurbituril,7.17609977722168,O=C1N2CN3C(=O)N4CN5C(=O)N6CN7C(=O)N8CN9C(=O)N%10CN%11C(=O)N%12CN%13C(=O)N%14CN%15C(=O)N%16CN%17C(=O)N%18CN%19C(=O)N%20CN1C1C2N2CN%21C(=O)N(CN%22C(=O)N(CN%23C(=O)N(CN%24C(=O)N(CN%25C(=O)N(CN%26C(=O)N(CN%27C(=O)N(CN%28C(=O)N(CN%29C(=O)N(CN1C2=O)C%20C%19%29)C%18C%17%28)C%16C%15%27)C%14C%13%26)C%12C%11%25)C%10C9%24)C8C7%23)C6C5%22)C4C3%21,E6025A48DEEE6C9E6878EC627A6CB37BA95516523DC76F4BD8E7A3BC0D967C68,HOST_CAN_0142,PASS,[Ru+2].c1ccc(-c2ccccn2)nc1.c1ccc(-c2ccccn2)nc1.c1ccc(-c2ccccn2)nc1,9DAE708D01FD72B43ECED746182002E4E6B82290B320197E19B6CC4850E48E7C,GUEST_CAN_1110,PASS,GINE,2,guest_cold,2,4.489871025085449
1462,67,53,COCCOCCOCCN1C2C(N(C1=O)CCOCCOCCOC)N1C(=O)N2CN2C(=O)N(C3C2N(CCOCCOCCOC)C(=O)N3CCOCCOCCOC)CN2C(=O)N(C3C2N(CCOCCOCCOC)C(=O)N3CCOCCOCCOC)CN2C(=O)N(CN3C(=O)N(CN4C(=O)N(C1)C1C4N(C(=O)N1CCOCCOCCOC)CCOCCOCCOC)C1C3N(C(=O)N1CCOCCOCCOC)CCOCCOCCOC)C1C2N(CCOCCOCCOC)C(=O)N1CCOCCOCCOC,[Na+].[Cl-],other,3.079200029373169,COCCOCCOCCN1C(=O)N(CCOCCOCCOC)C2C1N1CN3C(=O)N(CN4C(=O)N(CN5C(=O)N(CN6C(=O)N(CN7C(=O)N(CN2C1=O)C1C7N(CCOCCOCCOC)C(=O)N1CCOCCOCCOC)C1C6N(CCOCCOCCOC)C(=O)N1CCOCCOCCOC)C1C5N(CCOCCOCCOC)C(=O)N1CCOCCOCCOC)C1C4N(CCOCCOCCOC)C(=O)N1CCOCCOCCOC)C1C3N(CCOCCOCCOC)C(=O)N1CCOCCOCCOC,62192EF92C15D4B199D2DAB70679D4FE4B9DB65514F9B760A1D77C13905222B6,HOST_CAN_0056,PASS,[Cl-].[Na+],75BE434EC1982F4169BCC68DFF522D1CE80C4ED9F32BD5BD82D1768FC8A5ED44,GUEST_CAN_1040,PASS,GINE,2,guest_cold,2,4.277532577514648
1474,6,832,OC(=O)CCC1c2cc3c4cc2O[C@@H]2Oc5c1cc1c(c5)O[C@@H]5Oc6c([C@@H]1CCC(=O)O)cc1[C@H](c7cc(C3CCC(=O)O)c3O[C@H](O4)c4cc8Oc9cc(Oc%10cc2cc(c%10C(=O)O)Oc2cccc(c2)Oc2cc5cc(c2C(=O)O)Oc2cccc(c2)Oc2cc([C@@H](Oc7c3)Oc1c6)cc(Oc1cc(Oc(c4)c8C(=O)O)ccc1)c2C(=O)O)ccc9)CCC(=O)O,CC(CCC=C(C)C)CC(=O)O,other,2.5999999046325684,O=C(O)CCC1c2cc3c4cc2O[C@H]2Oc5cc6c(cc51)[C@H](CCC(=O)O)c1cc5c7cc1O[C@H](O6)c1cc6c(C(=O)O)c(c1)Oc1cccc(c1)Oc1cc8cc(c1C(=O)O)Oc1cccc(c1)Oc1cc(cc(c1C(=O)O)Oc1cccc(c1)Oc1cc2cc(c1C(=O)O)Oc1cccc(c1)O6)[C@H](O4)Oc1cc(c(cc1C3CCC(=O)O)[C@H]5CCC(=O)O)O[C@@H]8O7,9910B6C324867B78C538BC824892433086D3864FCBD7A2F3E051B7730A9D9689,HOST_CAN_0118,PASS,CC(C)=CCCC(C)CC(=O)O,9581BBEC867A175BEE0AB0944A816BAA43DC7BF55AF73275055BC9B4798AA009,GUEST_CAN_0122,PASS,GINE,2,guest_cold,2,3.3193347454071045
1475,3,277,OC[C@H]1O[C@@H]2O[C@@H]3[C@@H](CO)O[C@H](O[C@@H]4[C@@H](CO)O[C@H](O[C@@H]5[C@@H](CO)O[C@H](O[C@@H]6[C@@H](CO)O[C@H](O[C@@H]7[C@@H](CO)O[C@H](O[C@@H]8[C@@H](CO)O[C@H](O[C@H]1[C@H](O)[C@H]2O)[C@H](O)[C@H]8O)[C@H](O)[C@H]7O)[C@H](O)[C@H]6O)[C@H](O)[C@H]5O)[C@H](O)[C@H]4O)[C@H](O)[C@H]3O,C1CCC(CC1)C(C(=O)O)O,cyclodextrin,2.7802999019622803,OC[C@H]1O[C@@H]2O[C@H]3[C@H](O)[C@@H](O)[C@@H](O[C@H]4[C@H](O)[C@@H](O)[C@@H](O[C@H]5[C@H](O)[C@@H](O)[C@@H](O[C@H]6[C@H](O)[C@@H](O)[C@@H](O[C@H]7[C@H](O)[C@@H](O)[C@@H](O[C@H]8[C@H](O)[C@@H](O)[C@@H](O[C@H]1[C@H](O)[C@H]2O)O[C@@H]8CO)O[C@@H]7CO)O[C@@H]6CO)O[C@@H]5CO)O[C@@H]4CO)O[C@@H]3CO,22584443D9512992310760C9871E3E6BDB3EDC92006F3EF1EC94F44373907EB1,HOST_CAN_0176,PASS,O=C(O)C(O)C1CCCCC1,D147072B9CEBE6E5F03115921BABCAEDC15D884F87A1CE77EC427197F6EA4E79,GUEST_CAN_0858,PASS,GINE,2,guest_cold,2,2.0113556385040283
1476,95,23,COC[C@H]1O[C@@H]2O[C@H]3[CH][CH][C@H](O[CH]3)O[C@H]3[C@H](OC)[C@@H](OC)[C@H](O[C@@H]3COC)O[C@H]3[C@H](OC)[C@@H](OC)[C@H](O[C@@H]3COC)O[C@H]3[C@H](OC)[C@@H](OC)[C@H](O[C@@H]3COC)O[C@H]3[C@H](OC)[C@@H](OC)[C@H](O[C@@H]3COC)O[C@H]1[C@H](OC)[C@H]2OC,C(#N)[S-].[Na+],cyclodextrin,1.309499979019165,COC[C@H]1O[C@@H]2O[C@H]3[C@H](OC)[C@@H](OC)[C@@H](O[C@H]4[C@H](OC)[C@@H](OC)[C@@H](O[C@H]5[C@H](OC)[C@@H](OC)[C@@H](O[C@H]6[C@H](OC)[C@@H](OC)[C@@H](O[C@H]7[CH][CH][C@H](O[CH]7)O[C@H]1[C@H](OC)[C@H]2OC)O[C@@H]6COC)O[C@@H]5COC)O[C@@H]4COC)O[C@@H]3COC,BA1F8E9DE02B15AC84054A5C62EC8B5DF0CD7AD851D8A1EF33FE4C916623E590,HOST_CAN_0064,PASS,N#C[S-].[Na+],C7EA3C834D4CD40D84736D62A55B84043DA6CC95962CF4DF2592DE68C06B9A69,GUEST_CAN_0714,PASS,GINE,2,guest_cold,2,1.452958345413208
1490,57,439,O=S(OC1=C2C(C3C4=CC5=C(C=C4C2C3)C6C7=C(C5C6)C=CC=C7)=C(OS(=O)([O-])=O)C8=C1C9C%10=CC(C%11C(C=CC=C%12)=C%12C%13C%11)=C%13C=C%10C8C9)([O-])=O.[Na+].[Na+],C(CCN)CC(C(=O)O)N.Cl,other,3.644399881362915,O=S(=O)([O-])Oc1c2c(c(OS(=O)(=O)[O-])c3c1C1CC3c3cc4c(cc31)C1CC4c3ccccc31)C1CC2c2cc3c(cc21)C1CC3c2ccccc21.[Na+].[Na+],5412FB52C8CBD58449E920A6B0055A7974AA5ED214A245A72F491F8E36BD048F,HOST_CAN_0161,PASS,Cl.NCCCCC(N)C(=O)O,8FFA886A41D9098D64B27B9C9886324CA1B4A58DAD526EF9C6AC5F51515F8B9D,GUEST_CAN_0688,PASS,GINE,2,guest_cold,2,2.836516857147217
1491,11,858,C1N2C3C4N(C2=O)CN5C6C7N(C5=O)CN8C9C2N(C8=O)CN5C8C%10N(C5=O)CN5C%11C%12N(C5=O)CN5C%13C%14N(C5=O)CN5C%15C%16N(C5=O)CN5C%17C(N1C5=O)N1CN3C(=O)N4CN6C(=O)N7CN9C(=O)N2CN8C(=O)N%10CN%11C(=O)N%12CN%13C(=O)N%14CN%15C(=O)N%16CN%17C1=O,NC1=CC=C(C=C1)[N+]1=CC=C(C=C1)C1=CC=[N+](C=C1)C1=CC=C(C=C1)N,cucurbituril,5.826099872589111,O=C1N2CN3C(=O)N4CN5C(=O)N6CN7C(=O)N8CN9C(=O)N%10CN%11C(=O)N%12CN%13C(=O)N%14CN%15C(=O)N%16CN1C1C2N2CN%17C(=O)N(CN%18C(=O)N(CN%19C(=O)N(CN%20C(=O)N(CN%21C(=O)N(CN%22C(=O)N(CN%23C(=O)N(CN1C2=O)C%16C%15%23)C%14C%13%22)C%12C%11%21)C%10C9%20)C8C7%19)C6C5%18)C4C3%17,E82CB7F52437B0147F435E3074F006752062FF8924E87C1DAF3210D182FF633B,HOST_CAN_0143,PASS,Nc1ccc(-[n+]2ccc(-c3cc[n+](-c4ccc(N)cc4)cc3)cc2)cc1,D61B5C8F5C9772318DF69C47AA45A6AF9DDE98FB8482CA92FBAD725C4B2F7164,GUEST_CAN_0824,PASS,GINE,2,guest_cold,2,7.123444080352783
1502,78,660,COC[C@@H]1O[C@H]2O[C@@H]3[C@@H](COC)O[C@@H]([C@@H]([C@H]3OC)OC)O[C@@H]3[C@@H](COC)O[C@@H]([C@@H]([C@H]3OC)OC)O[C@@H]3[C@@H](COC)O[C@@H]([C@@H]([C@H]3OC)OC)O[C@H]3[C@@H](O[C@@H](O[C@H]4[C@@H](O[C@@H](O[C@H]5[C@@H](O[C@@H](O[C@@H]1[C@H]([C@@H]2OC)OC)[C@@H](OC)[C@@H]5OC)COC)[C@@H](OC)[C@@H]4OC)COC)[C@@H](OC)[C@@H]3OC)COC,Nc1ccc(cc1)N=Nc1ccccc1,cyclodextrin,3.2002999782562256,COC[C@@H]1O[C@H]2O[C@@H]3[C@@H](OC)[C@H](OC)[C@H](O[C@H]4[C@H](OC)[C@@H](OC)[C@@H](O[C@H]5[C@H](OC)[C@@H](OC)[C@@H](O[C@H]6[C@H](OC)[C@@H](OC)[C@@H](O[C@@H]7[C@@H](OC)[C@H](OC)[C@H](O[C@@H]8[C@@H](OC)[C@H](OC)[C@H](O[C@@H]1[C@@H](OC)[C@@H]2OC)O[C@H]8COC)O[C@H]7COC)O[C@@H]6COC)O[C@@H]5COC)O[C@@H]4COC)O[C@H]3COC,4DBC704653D506001F39C2066C78337580D179894FB25234B01BA86A08D866EF,HOST_CAN_0061,PASS,Nc1ccc(N=Nc2ccccc2)cc1,758B8F886695362E3148DEDEC0BB55611DB0A0A2A53DAD1F9F03B40EC6809100,GUEST_CAN_0829,PASS,GINE,2,guest_cold,2,1.3926515579223633
1504,1,209,C1C2=CC(=CC(=C2O)CC3=CC(=CC(=C3O)CC4=C(C(=CC(=C4)S(=O)(=O)O)CC5=C(C1=CC(=C5)S(=O)(=O)O)O)O)S(=O)(=O)O)S(=O)(=O)O,CC(C[C@@H](C(=O)NCC(=O)O)N)C,calixarene,3.2300000190734863,O=S(=O)(O)c1cc2c(O)c(c1)Cc1cc(S(=O)(=O)O)cc(c1O)Cc1cc(S(=O)(=O)O)cc(c1O)Cc1cc(S(=O)(=O)O)cc(c1O)C2,C1130CCDC8DA0C6458EF6C2E07E7F3330D8F8B055CBE4DEAADB70DC00C8CDFC1,HOST_CAN_0154,PASS,CC(C)C[C@H](N)C(=O)NCC(=O)O,4AACD6ADFD9EB7A0F9E18F2EB11FB06642A4BDAADA272AF3C28B555F438D9EC6,GUEST_CAN_0148,PASS,GINE,2,guest_cold,2,3.6038570404052734
1505,1,865,C1C2=CC(=CC(=C2O)CC3=CC(=CC(=C3O)CC4=C(C(=CC(=C4)S(=O)(=O)O)CC5=C(C1=CC(=C5)S(=O)(=O)O)O)O)S(=O)(=O)O)S(=O)(=O)O,C(CCN)CC(C(=O)NC(CCCN=C(N)N)C(=O)O)N,calixarene,3.56820011138916,O=S(=O)(O)c1cc2c(O)c(c1)Cc1cc(S(=O)(=O)O)cc(c1O)Cc1cc(S(=O)(=O)O)cc(c1O)Cc1cc(S(=O)(=O)O)cc(c1O)C2,C1130CCDC8DA0C6458EF6C2E07E7F3330D8F8B055CBE4DEAADB70DC00C8CDFC1,HOST_CAN_0154,PASS,NCCCCC(N)C(=O)NC(CCCN=C(N)N)C(=O)O,85B274D3F2DB673C6080FF06611C42EE63CEF117FBAFC759BFFD0BB348856F37,GUEST_CAN_0784,PASS,GINE,2,guest_cold,2,3.7748093605041504
1506,64,339,CCCCOc1cc2COCc3cc(OCCCC)cc4c3cc(OCCCC)cc4COCc3c(OCCCC)ccc4c3ccc(c4COCc3c4c(c(COCc5c(c1)c2cc(c5)OCCCC)c(OCCCC)cc4)ccc3OCCCC)OCCCC,C[N+]1=CC2=CC=CC=C2C=C1,other,2.969899892807007,CCCCOc1cc2c3cc(OCCCC)cc(c3c1)COCc1cc(OCCCC)cc3c(cc(OCCCC)cc13)COCc1c(OCCCC)ccc3c(c(OCCCC)ccc13)COCc1c(OCCCC)ccc3c(c(OCCCC)ccc13)COC2,05C5083FBF551B3C1AE048E85E6B7F5EB796F7835740F408D7B4DF1173E7C142,HOST_CAN_0032,PASS,C[n+]1ccc2ccccc2c1,E0E3A8758F01B6E7EFEE6752B61621DBB91F8E2DF46ACE46FCD88F51F964AF40,GUEST_CAN_0638,PASS,GINE,2,guest_cold,2,4.421670913696289
1507,52,56,OC(=O)COc1c2Cc3cc(cc(c3O)Cc3cc(cc(c3O)Cc3cc(cc(Cc4c(c(Cc5c(c(Cc1cc(c2)S(=O)(=O)O)cc(c5)S(=O)(=O)O)O)cc(c4)S(=O)(=O)O)O)c3O)S(=O)(=O)O)S(=O)(=O)O)S(=O)(=O)O,CCCC(C(=O)O)N,calixarene,2.037400007247925,O=C(O)COc1c2cc(S(=O)(=O)O)cc1Cc1cc(S(=O)(=O)O)cc(c1O)Cc1cc(S(=O)(=O)O)cc(c1O)Cc1cc(S(=O)(=O)O)cc(c1O)Cc1cc(S(=O)(=O)O)cc(c1O)Cc1cc(S(=O)(=O)O)cc(c1O)C2,89AB142F8D041F89710D49168CBEF0FA0D792576B82031818BFF7C2DE5D92117,HOST_CAN_0127,PASS,CCCC(N)C(=O)O,81F3215F9F46874A7436620E7AD92167936CF997FB3F203D4397A018C4B56861,GUEST_CAN_0268,PASS,GINE,2,guest_cold,2,2.3732218742370605
1511,139,464,Oc1c2Cc3cc(N)cc(c3O)Cc3cc(cc(Cc4c(c(Cc1cc(c2)N)cc(N)c4)O)c3O)N,CCCN1c2ccccc2C(/C/1=C/C=C/1\CCCC(=C1Cl)/C=C/C1=[N+](CCC)c2c(C1(C)C)cccc2)(C)C.[I-],calixarene,4.361700057983398,Nc1cc2c(O)c(c1)Cc1cc(N)cc(c1O)Cc1cc(N)cc(c1O)Cc1cc(N)cc(c1O)C2,7B9BCC020D8A5B4E379A7C1BEC086733022832265151879189B204E269014832,HOST_CAN_0115,PASS,CCCN1/C(=C\C=C2/CCCC(/C=C/C3=[N+](CCC)c4ccccc4C3(C)C)=C2Cl)C(C)(C)c2ccccc21.[I-],C6134AC374607D29755300A057745976433909E073A85C043D920EB96147F247,GUEST_CAN_0331,PASS,GINE,2,guest_cold,2,4.625943183898926
1522,133,215,OC1=C(CC2=CC(S(=O)([O-])=O)=CC(CC3=CC(S(=O)([O-])=O)=CC(CC4=CC(S(=O)([O-])=O)=CC(CC5=CC(S(=O)([O-])=O)=CC6=C5OCC(O)=O)=C4O)=C3O)=C2O)C=C(S(=O)([O-])=O)C=C1CC7=C(O)C(CC8=C(O)C(CC9=C(O)C(C6)=CC(S(=O)([O-])=O)=C9)=CC(S(=O)([O-])=O)=C8)=CC(S(=O)([O-])=O)=C7,CC(C(=O)O)N,calixarene,1.875100016593933,O=C(O)COc1c2cc(S(=O)(=O)[O-])cc1Cc1cc(S(=O)(=O)[O-])cc(c1O)Cc1cc(S(=O)(=O)[O-])cc(c1O)Cc1cc(S(=O)(=O)[O-])cc(c1O)Cc1cc(S(=O)(=O)[O-])cc(c1O)Cc1cc(S(=O)(=O)[O-])cc(c1O)Cc1cc(S(=O)(=O)[O-])cc(c1O)Cc1cc(S(=O)(=O)[O-])cc(c1O)C2,035C2443DCD42EB5D85B11E9A688FB2E331A4D0CA7EB7848E0D32F221FD3DC33,HOST_CAN_0130,PASS,CC(N)C(=O)O,6AC3AD1747D8E4C9B36EA5FBFB37965B87CCE816D9D72141F9005590B6D6FC3C,GUEST_CAN_0180,PASS,GINE,2,guest_cold,2,2.2726452350616455
1526,3,871,OC[C@H]1O[C@@H]2O[C@@H]3[C@@H](CO)O[C@H](O[C@@H]4[C@@H](CO)O[C@H](O[C@@H]5[C@@H](CO)O[C@H](O[C@@H]6[C@@H](CO)O[C@H](O[C@@H]7[C@@H](CO)O[C@H](O[C@@H]8[C@@H](CO)O[C@H](O[C@H]1[C@H](O)[C@H]2O)[C@H](O)[C@H]8O)[C@H](O)[C@H]7O)[C@H](O)[C@H]6O)[C@H](O)[C@H]5O)[C@H](O)[C@H]4O)[C@H](O)[C@H]3O,C(C)C=1C=C2C(=C(C(OC2=CC1OC)=O)C1=CC=C(O1)C(=O)OCC)O,cyclodextrin,2.845099925994873,OC[C@H]1O[C@@H]2O[C@H]3[C@H](O)[C@@H](O)[C@@H](O[C@H]4[C@H](O)[C@@H](O)[C@@H](O[C@H]5[C@H](O)[C@@H](O)[C@@H](O[C@H]6[C@H](O)[C@@H](O)[C@@H](O[C@H]7[C@H](O)[C@@H](O)[C@@H](O[C@H]8[C@H](O)[C@@H](O)[C@@H](O[C@H]1[C@H](O)[C@H]2O)O[C@@H]8CO)O[C@@H]7CO)O[C@@H]6CO)O[C@@H]5CO)O[C@@H]4CO)O[C@@H]3CO,22584443D9512992310760C9871E3E6BDB3EDC92006F3EF1EC94F44373907EB1,HOST_CAN_0176,PASS,CCOC(=O)c1ccc(-c2c(O)c3cc(CC)c(OC)cc3oc2=O)o1,01817AF5B97E1BC9B1E7B40A74674A688899A174E0405A4514A771F409FFD2FB,GUEST_CAN_0363,PASS,GINE,2,guest_cold,2,1.937004804611206
1533,3,874,OC[C@H]1O[C@@H]2O[C@@H]3[C@@H](CO)O[C@H](O[C@@H]4[C@@H](CO)O[C@H](O[C@@H]5[C@@H](CO)O[C@H](O[C@@H]6[C@@H](CO)O[C@H](O[C@@H]7[C@@H](CO)O[C@H](O[C@@H]8[C@@H](CO)O[C@H](O[C@H]1[C@H](O)[C@H]2O)[C@H](O)[C@H]8O)[C@H](O)[C@H]7O)[C@H](O)[C@H]6O)[C@H](O)[C@H]5O)[C@H](O)[C@H]4O)[C@H](O)[C@H]3O,C1=CC=C(C=C1)CC(C(=O)N)N,cyclodextrin,2.004300117492676,OC[C@H]1O[C@@H]2O[C@H]3[C@H](O)[C@@H](O)[C@@H](O[C@H]4[C@H](O)[C@@H](O)[C@@H](O[C@H]5[C@H](O)[C@@H](O)[C@@H](O[C@H]6[C@H](O)[C@@H](O)[C@@H](O[C@H]7[C@H](O)[C@@H](O)[C@@H](O[C@H]8[C@H](O)[C@@H](O)[C@@H](O[C@H]1[C@H](O)[C@H]2O)O[C@@H]8CO)O[C@@H]7CO)O[C@@H]6CO)O[C@@H]5CO)O[C@@H]4CO)O[C@@H]3CO,22584443D9512992310760C9871E3E6BDB3EDC92006F3EF1EC94F44373907EB1,HOST_CAN_0176,PASS,NC(=O)C(N)Cc1ccccc1,378D50B2C32B467D72AB4DCB176B3195E9B4AEBD99624E3D08AFB21381FA9226,GUEST_CAN_0724,PASS,GINE,2,guest_cold,2,1.5388147830963135
1536,38,339,C1C2C3=CC=CC=C3C4=C5C6CC7=CC=CC=C7C8=CC(=CC(=C8)C9=CC=CC=C9CC3C7=CC=CC=C7C(=C24)C3=C5C2=CC=CC=C62)C2=CC=CC=C21,C[N+]1=CC2=CC=CC=C2C=C1,cyclophane,5.301000118255615,c1ccc2c(c1)CC1c3ccccc3-c3c1c1c4c5c3C(Cc3ccccc3-c3cc-2cc(c3)-c2ccccc2CC4c2ccccc2-1)c1ccccc1-5,7D60610AC6275537B6952E12359C97C789A38E2FA1295732E16AF89573CE95C4,HOST_CAN_0186,PASS,C[n+]1ccc2ccccc2c1,E0E3A8758F01B6E7EFEE6752B61621DBB91F8E2DF46ACE46FCD88F51F964AF40,GUEST_CAN_0638,PASS,GINE,2,guest_cold,2,3.8781485557556152
1538,8,16,C1N2C3C4N(C2=O)CN5C6C7N(C5=O)CN8C9C2N(C8=O)CN5C8C%10N(C5=O)CN5C%11C%12N(C5=O)CN5C%13C(N1C5=O)N1CN3C(=O)N4CN6C(=O)N7CN9C(=O)N2CN8C(=O)N%10CN%11C(=O)N%12CN%13C1=O,CCCCCC(=O)O,cucurbituril,2.770900011062622,O=C1N2CN3C(=O)N4CN5C(=O)N6CN7C(=O)N8CN9C(=O)N%10CN%11C(=O)N%12CN1C1C2N2CN%13C(=O)N(CN%14C(=O)N(CN%15C(=O)N(CN%16C(=O)N(CN%17C(=O)N(CN1C2=O)C%12C%11%17)C%10C9%16)C8C7%15)C6C5%14)C4C3%13,2526C525F966BEE6CB589BBB60C9F4124C02584847747BDAFF4E92B4462536E8,HOST_CAN_0149,PASS,CCCCCC(=O)O,C0D22B5F44C4EE10006DE3B7B916C74F314AAA41ABEC5D6A6A7CB49811FF0F01,GUEST_CAN_0271,PASS,GINE,2,guest_cold,2,3.3480916023254395
1540,1,243,C1C2=CC(=CC(=C2O)CC3=CC(=CC(=C3O)CC4=C(C(=CC(=C4)S(=O)(=O)O)CC5=C(C1=CC(=C5)S(=O)(=O)O)O)O)S(=O)(=O)O)S(=O)(=O)O,Cl[Yb](Cl)Cl,calixarene,3.809999942779541,O=S(=O)(O)c1cc2c(O)c(c1)Cc1cc(S(=O)(=O)O)cc(c1O)Cc1cc(S(=O)(=O)O)cc(c1O)Cc1cc(S(=O)(=O)O)cc(c1O)C2,C1130CCDC8DA0C6458EF6C2E07E7F3330D8F8B055CBE4DEAADB70DC00C8CDFC1,HOST_CAN_0154,PASS,[Cl][Yb]([Cl])[Cl],59CFD47D9F207EC2824B835E6D02D9135A48C726F605678F4A01D79FC70A9A4A,GUEST_CAN_1048,PASS,GINE,2,guest_cold,2,2.991123676300049
1541,63,768,Oc1c2Cc3cc(cc(c3O)Cc3cc(cc(c3O)Cc3cc(cc(c3O)Cc3cc(cc(Cc4c(c(Cc5c(c(Cc6c(c(Cc1cc(c2)S(=O)(=O)[O-])cc(c6)S(=O)(=O)[O-])O)cc(c5)S(=O)(=O)[O-])O)cc(c4)S(=O)(=O)[O-])O)c3O)S(=O)(=O)[O-])S(=O)(=O)[O-])S(=O)(=O)[O-])S(=O)(=O)[O-],CCNC1=C(C=C2C(=C1)OC3=CC(=[NH+]CC)C(=CC3=C2C4=CC=CC=C4C(=O)OCC)C)C.[Cl-],calixarene,6.278800010681152,O=S(=O)([O-])c1cc2c(O)c(c1)Cc1cc(S(=O)(=O)[O-])cc(c1O)Cc1cc(S(=O)(=O)[O-])cc(c1O)Cc1cc(S(=O)(=O)[O-])cc(c1O)Cc1cc(S(=O)(=O)[O-])cc(c1O)Cc1cc(S(=O)(=O)[O-])cc(c1O)Cc1cc(S(=O)(=O)[O-])cc(c1O)Cc1cc(S(=O)(=O)[O-])cc(c1O)C2,3C24C9B25872FE0768A640DF44D242D9AEC5F3FA9C167A457997BAE8D628FFF1,HOST_CAN_0166,PASS,CCNc1cc2oc3cc(=[NH+]CC)c(C)cc-3c(-c3ccccc3C(=O)OCC)c2cc1C.[Cl-],7747AE094C60B01CC68A562B284C6966F13F3487956DAAB5A7B13BEFB4A724EF,GUEST_CAN_0359,PASS,GINE,2,guest_cold,2,3.8831422328948975
1543,104,63,C1COCCOCCN2CCOCCOCCN1CCOCCOCCOCC2,[Rb+],other,2.049999952316284,C1COCCN2CCOCCOCCN(CCOCCO1)CCOCCOCC2,FC2FBDD1CDCC0BE65573222C4E8FD2959C4D898D99922B825F4B9F435E9AD133,HOST_CAN_0005,PASS,[Rb+],A81E1030429F736D8E35EA84C21CDFC8BA21CABFAB462465BE82BDA25EAD58DF,GUEST_CAN_1109,PASS,GINE,2,guest_cold,2,2.0301120281219482
1544,75,699,CN1[C@H]2[C@@H](N(C1=O)C)N3CN4[C@@H]5[C@@H](N(C(=O)N5C)C)N(C4=O)CN6[C@@H]7[C@@H](N(C(=O)N7C)C)N(C6=O)CN8[C@@H]9[C@@H](N(C(=O)N9C)C)N(C8=O)CN1[C@@H]4[C@@H](N(C(=O)N4C)C)N(C1=O)CN1[C@@H]4[C@@H](N(C(=O)N4C)C)N(C1=O)CN2C3=O,[N+](=O)([O-])[O-],other,4.204100131988525,CN1C(=O)N(C)[C@@H]2[C@H]1N1CN3C(=O)N(CN4C(=O)N(CN5C(=O)N(CN6C(=O)N(CN7C(=O)N(CN2C1=O)[C@@H]1[C@H]7N(C)C(=O)N1C)[C@@H]1[C@H]6N(C)C(=O)N1C)[C@@H]1[C@H]5N(C)C(=O)N1C)[C@@H]1[C@H]4N(C)C(=O)N1C)[C@@H]1[C@H]3N(C)C(=O)N1C,D6C3F21332661BB9069594818AE00619D2227BBAE869749EDEEAB00A6EE038AA,HOST_CAN_0053,PASS,O=[N+]([O-])[O-],8EDFDB3DA8BB7AA2E992B049D5950CF49B785834A9F5AC1FB62D0A31E3906574,GUEST_CAN_0940,PASS,GINE,2,guest_cold,2,2.9722366333007812
1550,46,878,C1C2=CC(=CC(=C2O)CC3=CC(=CC(=C3O)CC4=C(C(=CC(=C4)S(=O)(=O)O)CC5=C(C1=CC(=C5)S(=O)(=O)[O-])O)O)S(=O)(=O)O)S(=O)(=O)O.[Na+],C1=CC(=C(C=C1O)O)C2=C(C(=O)C3=C(C=C(C=C3O2)O)O)O,calixarene,4.824100017547607,O=S(=O)([O-])c1cc2c(O)c(c1)Cc1cc(S(=O)(=O)O)cc(c1O)Cc1cc(S(=O)(=O)O)cc(c1O)Cc1cc(S(=O)(=O)O)cc(c1O)C2.[Na+],CA94CECC10EDB9167B38E05C5D125873C9C1506ED227A3D9C6CBBCD696828A96,HOST_CAN_0163,PASS,O=c1c(O)c(-c2ccc(O)cc2O)oc2cc(O)cc(O)c12,75A954D1A4999253B57129A1740B79E5C1BDB821E1977B226B917448B0BF765A,GUEST_CAN_0955,PASS,GINE,2,guest_cold,2,3.954538583755493
1552,10,309,[O-]P(=O)(Oc1c2c(c(c3c1C1CC3c3c1cc1c(c3)C3CC1c1c3cccc1)OP(=O)([O-])[O-])C1CC2c2c1cc1c(c2)C2CC1c1c2cccc1)[O-].[Li+].[Li+].[Li+].[Li+],C(CC(C(=O)NCC(=O)NC(CC(=O)O)C(=O)O)N)CN=C(N)N,other,4.06820011138916,O=P([O-])([O-])Oc1c2c(c(OP(=O)([O-])[O-])c3c1C1CC3c3cc4c(cc31)C1CC4c3ccccc31)C1CC2c2cc3c(cc21)C1CC3c2ccccc21.[Li+].[Li+].[Li+].[Li+],9F96092125310177FDA593FD76E40B15009450ADCC25B07ACF29665B7272FC4E,HOST_CAN_0152,PASS,NC(N)=NCCCC(N)C(=O)NCC(=O)NC(CC(=O)O)C(=O)O,75B8F54B2446F97BADDAFBEF1FDAB4C52BDB7DBB59F03A5A8B4C94A46F7DF56A,GUEST_CAN_0750,PASS,GINE,2,guest_cold,2,3.161306142807007
1559,43,63,C1COCCN2CCOCCN1CCOCCOCC2,[Rb+],other,2.0,C1COCCN2CCOCCN(CCO1)CCOCC2,98A94C64ADA3B0E00FCE78FE7388B30022CC2F26C8BCF54DDABD5207E5AA7E8C,HOST_CAN_0002,PASS,[Rb+],A81E1030429F736D8E35EA84C21CDFC8BA21CABFAB462465BE82BDA25EAD58DF,GUEST_CAN_1109,PASS,GINE,2,guest_cold,2,2.2911317348480225
1563,139,707,Oc1c2Cc3cc(N)cc(c3O)Cc3cc(cc(Cc4c(c(Cc1cc(c2)N)cc(N)c4)O)c3O)N,C[N+](CCO[Si]1(OCC[N+](C)(C)C)n2c3/N=C/4\N=C(/N=c/5\n1/c(=N\C1=N/C(=N\c2c2c3cccc2)/c2c1cccc2)/c1c5cccc1)c1c4cccc1)(C)C,calixarene,4.544099807739258,Nc1cc2c(O)c(c1)Cc1cc(N)cc(c1O)Cc1cc(N)cc(c1O)Cc1cc(N)cc(c1O)C2,7B9BCC020D8A5B4E379A7C1BEC086733022832265151879189B204E269014832,HOST_CAN_0115,PASS,C[N+](C)(C)CCO[Si]1(OCC[N+](C)(C)C)n2c3c4ccccc4c2/N=C2N=C(/N=c4/c5ccccc5/c(n41)=N/C1=NC(=N\3)/c3ccccc31)c1ccccc1\2,99746B0158AA9AA29923AA4A6EF83BB0F176AAC5409BDBBA91BE330B7A2F6316,GUEST_CAN_0572,PASS,GINE,2,guest_cold,2,4.409386157989502
1564,11,883,C1N2C3C4N(C2=O)CN5C6C7N(C5=O)CN8C9C2N(C8=O)CN5C8C%10N(C5=O)CN5C%11C%12N(C5=O)CN5C%13C%14N(C5=O)CN5C%15C%16N(C5=O)CN5C%17C(N1C5=O)N1CN3C(=O)N4CN6C(=O)N7CN9C(=O)N2CN8C(=O)N%10CN%11C(=O)N%12CN%13C(=O)N%14CN%15C(=O)N%16CN%17C1=O,CC1=CC2C(CCC3(C2CCC3(C(=O)C)OC(=O)C)C)C4(C1=CC(=O)CC4)C,cucurbituril,7.204100131988525,O=C1N2CN3C(=O)N4CN5C(=O)N6CN7C(=O)N8CN9C(=O)N%10CN%11C(=O)N%12CN%13C(=O)N%14CN%15C(=O)N%16CN1C1C2N2CN%17C(=O)N(CN%18C(=O)N(CN%19C(=O)N(CN%20C(=O)N(CN%21C(=O)N(CN%22C(=O)N(CN%23C(=O)N(CN1C2=O)C%16C%15%23)C%14C%13%22)C%12C%11%21)C%10C9%20)C8C7%19)C6C5%18)C4C3%17,E82CB7F52437B0147F435E3074F006752062FF8924E87C1DAF3210D182FF633B,HOST_CAN_0143,PASS,CC(=O)OC1(C(C)=O)CCC2C3C=C(C)C4=CC(=O)CCC4(C)C3CCC21C,99A1563EE63FEB12C50357CC8386BD0F335FAB8F3FEE97EB454C08F7132C2228,GUEST_CAN_0095,PASS,GINE,2,guest_cold,2,4.715152740478516
1566,101,221,CC12C3(N4CN5C6C7N(C5=O)CN8C9C5N(C8=O)CN8C(=O)N%10CC%11=C(C=CC%12=C%11C(=C(C=C%12)OCCCS(=O)(=O)[O-])CN%11C%10(C8(N(C%11=O)CN5C(=O)N9CN7C(=O)N6CN3C(=O)N1CC1=C(C=CC3=C1C(=C(C=C3)OCCCS(=O)(=O)[O-])CN2C4=O)OCCCS(=O)(=O)[O-])C)C)OCCCS(=O)(=O)[O-])C.[Na+].[Na+].[Na+].[Na+],C1=C(NC=N1)CCN,cucurbituril,4.278800010681152,CC12N3Cc4c(OCCCS(=O)(=O)[O-])ccc5ccc(OCCCS(=O)(=O)[O-])c(c45)CN1C(=O)N1CN4C(=O)N5CN6C(=O)N7CN8C(=O)N9Cc%10c(OCCCS(=O)(=O)[O-])ccc%11ccc(OCCCS(=O)(=O)[O-])c(c%10%11)CN%10C(=O)N(CN%11C(=O)N(CN%12C(=O)N(CN(C3=O)C12C)C4C%125)C6C%117)C8(C)C%109C.[Na+].[Na+].[Na+].[Na+],D06B992717C42348D2028871BE8CF32C393DC5D34135FC7CB387827D0E760D24,HOST_CAN_0017,PASS,NCCc1cnc[nH]1,15D090429620CA099A147C5AB92E85222F180B20A16D7D5EE0B5A640A2C40D3F,GUEST_CAN_0811,PASS,GINE,2,guest_cold,2,3.4498276710510254
1576,103,718,O=C(N1C2N3CN4C5N6C1)N(CN78)[C@@]2(C)N(CN9[C@]8(C)C(N(C%10)C9=O)N(CN(C(N(C[N@]%11C(N%12C%13)=O)C%14N%15C[N@@]%16C([N@]([C@@]%12(C)[C@@H]%16%11)C[N@]%17C([N@](C([N@]%18C[N@]%19C%20(C)[C@H]%21N%22C[N@](C4=O)[C@]5(C)[N@@](C[N@]%21C%19=O)C6=O)(C)[C@H]%17[N@]%13C%18=O)C[N@]%20C%22=O)=O)=O)=O)[C@]%14(C)N%10C%15=O)C7=O)C3=O,C12=C(N=CC=C3)C3=CC=C1C=CC=N2,cucurbituril,6.299900054931641,CC12[C@H]3N4CN5C(=O)N6CN7C(=O)N8CN9C(=O)N%10CN%11C(=O)N%12CN%13C(=O)N%14CN%15C(=O)N(CN1C4=O)C1(C)[C@H]%15N4CN%15C(=O)N(CN%16C(=O)N(CN%17C(=O)N(CN%18C(=O)N(CN%19C(=O)N(CN3C(=O)N2CN1C4=O)[C@]5(C)C6%19)C7[C@]8%18C)[C@@]9(C)C%17%10)[C@@]%11(C)C%16%12)[C@H]%13[C@@]%15%14C,688A602B66AB5828BA1859CDAB7C361EE423503C6F2754A4E8B77175874A5027,HOST_CAN_0018,PASS,c1cnc2c(c1)ccc1cccnc12,0DE407E41EB32F1EF3602208289CAC1540971D9E44DB21A5F598DE4603DBD81B,GUEST_CAN_1150,PASS,GINE,2,guest_cold,2,5.609415054321289
1583,10,439,[O-]P(=O)(Oc1c2c(c(c3c1C1CC3c3c1cc1c(c3)C3CC1c1c3cccc1)OP(=O)([O-])[O-])C1CC2c2c1cc1c(c2)C2CC1c1c2cccc1)[O-].[Li+].[Li+].[Li+].[Li+],C(CCN)CC(C(=O)O)N.Cl,other,4.389100074768066,O=P([O-])([O-])Oc1c2c(c(OP(=O)([O-])[O-])c3c1C1CC3c3cc4c(cc31)C1CC4c3ccccc31)C1CC2c2cc3c(cc21)C1CC3c2ccccc21.[Li+].[Li+].[Li+].[Li+],9F96092125310177FDA593FD76E40B15009450ADCC25B07ACF29665B7272FC4E,HOST_CAN_0152,PASS,Cl.NCCCCC(N)C(=O)O,8FFA886A41D9098D64B27B9C9886324CA1B4A58DAD526EF9C6AC5F51515F8B9D,GUEST_CAN_0688,PASS,GINE,2,guest_cold,2,2.7271385192871094
1591,142,313,[Na]OS(=O)(=O)CCCc1ccc2c3c1CN1C(=O)N4[C@@]5([C@@]1(C)N(Cc3c(cc2)CCCS(=O)(=O)O[Na])C(=O)N5CN1[C@H]2N(C4)C(=O)N3[C@H]2N(C1=O)CN1[C@H]2N(C3)C(=O)N3[C@H]2N(C1=O)CN1[C@]2(N(C3)C(=O)N3[C@]2(N(C1=O)Cc1c2c(C3)c(CCCS(=O)(=O)O[Na])ccc2ccc1CCCS(=O)(=O)O[Na])C)C)C,C(CCN)CCN,cucurbituril,6.0,C[C@]12N3Cc4c(CCCS(=O)(=O)[O][Na])ccc5ccc(CCCS(=O)(=O)[O][Na])c(c45)CN1C(=O)N1CN4C(=O)N5CN6C(=O)N7CN8C(=O)N9Cc%10c(CCCS(=O)(=O)[O][Na])ccc%11ccc(CCCS(=O)(=O)[O][Na])c(c%10%11)CN%10C(=O)N(CN%11C(=O)N(CN%12C(=O)N(CN(C3=O)[C@]12C)[C@@H]4[C@H]%125)[C@@H]6[C@H]%117)[C@]8(C)[C@@]9%10C,830BF403FA9E63AA91A49B5FFFE151ED426E5A39758FD44461918B9242146194,HOST_CAN_0084,PASS,NCCCCCN,686B1F1D37E58EE9E8D62CED35D9E35B25EB8DBA4BB8BAA773577CEE8422D320,GUEST_CAN_0794,PASS,GINE,2,guest_cold,2,3.594688653945923
1594,3,888,OC[C@H]1O[C@@H]2O[C@@H]3[C@@H](CO)O[C@H](O[C@@H]4[C@@H](CO)O[C@H](O[C@@H]5[C@@H](CO)O[C@H](O[C@@H]6[C@@H](CO)O[C@H](O[C@@H]7[C@@H](CO)O[C@H](O[C@@H]8[C@@H](CO)O[C@H](O[C@H]1[C@H](O)[C@H]2O)[C@H](O)[C@H]8O)[C@H](O)[C@H]7O)[C@H](O)[C@H]6O)[C@H](O)[C@H]5O)[C@H](O)[C@H]4O)[C@H](O)[C@H]3O,C[N+](C12C[C@@H]3C[C@H](C2)C[C@H](C1)C3)(C)C,cyclodextrin,3.325500011444092,OC[C@H]1O[C@@H]2O[C@H]3[C@H](O)[C@@H](O)[C@@H](O[C@H]4[C@H](O)[C@@H](O)[C@@H](O[C@H]5[C@H](O)[C@@H](O)[C@@H](O[C@H]6[C@H](O)[C@@H](O)[C@@H](O[C@H]7[C@H](O)[C@@H](O)[C@@H](O[C@H]8[C@H](O)[C@@H](O)[C@@H](O[C@H]1[C@H](O)[C@H]2O)O[C@@H]8CO)O[C@@H]7CO)O[C@@H]6CO)O[C@@H]5CO)O[C@@H]4CO)O[C@@H]3CO,22584443D9512992310760C9871E3E6BDB3EDC92006F3EF1EC94F44373907EB1,HOST_CAN_0176,PASS,C[N+](C)(C)C12C[C@H]3C[C@@H](C1)C[C@@H](C2)C3,4A1FA8BD5C9E19F9C92B8C231FFB7E68353D21B4F2B31642F7BF8C79341C0AF4,GUEST_CAN_0559,PASS,GINE,2,guest_cold,2,3.725128173828125
1607,9,467,[O-]C(=O)COc1ccc2c3c1CNC(=O)c1c(OCC(=O)[O-])ccc4c1ccc1c4C4CC(O1)Oc1c4c4ccc(c(C(=O)NCc5c6c(c7C8c2c(cc3)OC(C8)Oc7cc6)ccc5OCC(=O)[O-])c4cc1)OCC(=O)[O-].[NH4+].[NH4+].[NH4+].[NH4+],CC(C)O,other,1.3009999990463257,O=C([O-])COc1ccc2c3c4ccc2c1CNC(=O)c1c(OCC(=O)[O-])ccc2c5c(ccc12)OC1CC5c2c(ccc5c(c(OCC(=O)[O-])ccc25)C(=O)NCc2c(OCC(=O)[O-])ccc5c6c(ccc25)OC(CC36)O4)O1.[NH4+].[NH4+].[NH4+].[NH4+],7D3830C6A6E10F82EEBCC3ED68B861BB21ED63B1DDB277580F3032527E5A1183,HOST_CAN_0139,PASS,CC(C)O,DBB1AC6E5DE735970D66B019862ECF51F867BE44B3D2BCCE9FA8B917092E5625,GUEST_CAN_0163,PASS,GINE,2,guest_cold,2,2.7777528762817383
1609,93,50,B(C1=CC=CC=C1CN(C)CC2=C3C=CC=CC3=CC4=CC=CC=C42)(O)O,C1=CC=C(C(=C1)O)O,other,3.307499885559082,CN(Cc1ccccc1B(O)O)Cc1c2ccccc2cc2ccccc12,9825767B9F0751EB9842923F025CD2CC724B335E584E46D5C77C9CA19EF79BB5,HOST_CAN_0052,PASS,Oc1ccccc1O,D6044096AF0493CF06B8B5FDAA8C090BB98BA46AF75026C46D7FE4ACEF4715BB,GUEST_CAN_1007,PASS,GINE,2,guest_cold,2,1.8418314456939697
1611,1,897,C1C2=CC(=CC(=C2O)CC3=CC(=CC(=C3O)CC4=C(C(=CC(=C4)S(=O)(=O)O)CC5=C(C1=CC(=C5)S(=O)(=O)O)O)O)S(=O)(=O)O)S(=O)(=O)O,C1C[N+]2=CC=CC=C2C3=CC=CC=[N+]31,calixarene,7.633500099182129,O=S(=O)(O)c1cc2c(O)c(c1)Cc1cc(S(=O)(=O)O)cc(c1O)Cc1cc(S(=O)(=O)O)cc(c1O)Cc1cc(S(=O)(=O)O)cc(c1O)C2,C1130CCDC8DA0C6458EF6C2E07E7F3330D8F8B055CBE4DEAADB70DC00C8CDFC1,HOST_CAN_0154,PASS,c1cc[n+]2c(c1)-c1cccc[n+]1CC2,129DC49EF4AB93F0D7CFF5529A53286D3BDA797A045B296BD0D89008262A749F,GUEST_CAN_1125,PASS,GINE,2,guest_cold,2,4.303767681121826
1613,11,898,C1N2C3C4N(C2=O)CN5C6C7N(C5=O)CN8C9C2N(C8=O)CN5C8C%10N(C5=O)CN5C%11C%12N(C5=O)CN5C%13C%14N(C5=O)CN5C%15C%16N(C5=O)CN5C%17C(N1C5=O)N1CN3C(=O)N4CN6C(=O)N7CN9C(=O)N2CN8C(=O)N%10CN%11C(=O)N%12CN%13C(=O)N%14CN%15C(=O)N%16CN%17C1=O,C1=CC=C2C=CC=CC2=C1,cucurbituril,4.644999980926514,O=C1N2CN3C(=O)N4CN5C(=O)N6CN7C(=O)N8CN9C(=O)N%10CN%11C(=O)N%12CN%13C(=O)N%14CN%15C(=O)N%16CN1C1C2N2CN%17C(=O)N(CN%18C(=O)N(CN%19C(=O)N(CN%20C(=O)N(CN%21C(=O)N(CN%22C(=O)N(CN%23C(=O)N(CN1C2=O)C%16C%15%23)C%14C%13%22)C%12C%11%21)C%10C9%20)C8C7%19)C6C5%18)C4C3%17,E82CB7F52437B0147F435E3074F006752062FF8924E87C1DAF3210D182FF633B,HOST_CAN_0143,PASS,c1ccc2ccccc2c1,A896D495B04A450B732A5BF6A5896266647C948AF5D97014906F7AFE145B9022,GUEST_CAN_1140,PASS,GINE,2,guest_cold,2,4.448792934417725
1619,19,699,O=C1N(CC4=CC=C(C(O)=O)C=C4)C3C(N(CN%21C%20=O)C(N3CN(C(N7CN(C(N%11CN(C(N%15CN(C(N%19CN%20C%23C%21N(CC%25=CC=C(C(O)=O)C=C%25)C(N%23CC%24=CC=C(C(O)=O)C=C%24)=O)=O)C%17C%19N(CC%22=CC=C(C(O)=O)C=C%22)C(N%17CC%18=CC=C(C(O)=O)C=C%18)=O)=O)C%13C%15N(CC%16=CC=C(C(O)=O)C=C%16)C(N%13CC%14=CC=C(C(O)=O)C=C%14)=O)=O)C9C%11N(CC%12=CC=C(C(O)=O)C=C%12)C(N9CC%10=CC=C(C(O)=O)C=C%10)=O)=O)C5C7N(CC8=CC=C(C(O)=O)C=C8)C(N5CC6=CC=C(C(O)=O)C=C6)=O)=O)N1CC2=CC=C(C(O)=O)C=C2,[N+](=O)([O-])[O-],other,5.68120002746582,O=C(O)c1ccc(CN2C(=O)N(Cc3ccc(C(=O)O)cc3)C3C2N2CN4C(=O)N(CN5C(=O)N(CN6C(=O)N(CN7C(=O)N(CN8C(=O)N(CN3C2=O)C2C8N(Cc3ccc(C(=O)O)cc3)C(=O)N2Cc2ccc(C(=O)O)cc2)C2C7N(Cc3ccc(C(=O)O)cc3)C(=O)N2Cc2ccc(C(=O)O)cc2)C2C6N(Cc3ccc(C(=O)O)cc3)C(=O)N2Cc2ccc(C(=O)O)cc2)C2C5N(Cc3ccc(C(=O)O)cc3)C(=O)N2Cc2ccc(C(=O)O)cc2)C2C4N(Cc3ccc(C(=O)O)cc3)C(=O)N2Cc2ccc(C(=O)O)cc2)cc1,5BFAE42297A9EBC8CE307175405F2DA12222FDEAA2AA87FF2D5843CBEC077A9C,HOST_CAN_0133,PASS,O=[N+]([O-])[O-],8EDFDB3DA8BB7AA2E992B049D5950CF49B785834A9F5AC1FB62D0A31E3906574,GUEST_CAN_0940,PASS,GINE,2,guest_cold,2,3.188145637512207
1630,1,907,C1C2=CC(=CC(=C2O)CC3=CC(=CC(=C3O)CC4=C(C(=CC(=C4)S(=O)(=O)O)CC5=C(C1=CC(=C5)S(=O)(=O)O)O)O)S(=O)(=O)O)S(=O)(=O)O,CP(OC(C(C)(C)C)C)(F)=O,calixarene,1.875100016593933,O=S(=O)(O)c1cc2c(O)c(c1)Cc1cc(S(=O)(=O)O)cc(c1O)Cc1cc(S(=O)(=O)O)cc(c1O)Cc1cc(S(=O)(=O)O)cc(c1O)C2,C1130CCDC8DA0C6458EF6C2E07E7F3330D8F8B055CBE4DEAADB70DC00C8CDFC1,HOST_CAN_0154,PASS,CC(OP(C)(=O)F)C(C)(C)C,927C19F99F31139204D266720B2140DF7E217694C603C41F73F1D7D4EFB5A0F3,GUEST_CAN_0192,PASS,GINE,2,guest_cold,2,2.1425247192382812
1631,23,526,OC[C@H]1O[C@@H]2O[C@@H]3[C@@H](CO)O[C@H](O[C@@H]4[C@@H](CO)O[C@H](O[C@@H]5[C@@H](CO)O[C@H](O[C@@H]6[C@@H](CO)O[C@H](O[C@@H]7[C@@H](CO)O[C@H](O[C@H]1[C@H](O)[C@H]2O)[C@H](O)[C@H]7O)[C@H](O)[C@H]6O)[C@H](O)[C@H]5O)[C@H](O)[C@H]4O)[C@H](O)[C@H]3O,C1CCCC(CC1)O,cyclodextrin,1.8324999809265137,OC[C@H]1O[C@@H]2O[C@H]3[C@H](O)[C@@H](O)[C@@H](O[C@H]4[C@H](O)[C@@H](O)[C@@H](O[C@H]5[C@H](O)[C@@H](O)[C@@H](O[C@H]6[C@H](O)[C@@H](O)[C@@H](O[C@H]7[C@H](O)[C@@H](O)[C@@H](O[C@H]1[C@H](O)[C@H]2O)O[C@@H]7CO)O[C@@H]6CO)O[C@@H]5CO)O[C@@H]4CO)O[C@@H]3CO,9CB41F926A4386D7C0E23599753E6EDC60802BE1DCF577DB9B32CBB20691DB1D,HOST_CAN_0175,PASS,OC1CCCCCC1,BC32B028B682D1D578D37F40F530FF3BF6B4052E2563188E4F5427FC31763586,GUEST_CAN_0965,PASS,GINE,2,guest_cold,2,2.140538215637207
1635,16,56,NCCOc1c2Cc3cc(cc(c3O)Cc3cc(cc(Cc4c(c(Cc1cc(c2)S(=O)(=O)O)cc(c4)S(=O)(=O)O)O)c3O)S(=O)(=O)O)S(=O)(=O)O,CCCC(C(=O)O)N,calixarene,2.488600015640259,NCCOc1c2cc(S(=O)(=O)O)cc1Cc1cc(S(=O)(=O)O)cc(c1O)Cc1cc(S(=O)(=O)O)cc(c1O)Cc1cc(S(=O)(=O)O)cc(c1O)C2,7D8C32DEDAD770C68375EE2FF28F9CCD81B4D3DB3816F51D3CC994E73708AEBC,HOST_CAN_0109,PASS,CCCC(N)C(=O)O,81F3215F9F46874A7436620E7AD92167936CF997FB3F203D4397A018C4B56861,GUEST_CAN_0268,PASS,GINE,2,guest_cold,2,2.351256847381592
1636,3,908,OC[C@H]1O[C@@H]2O[C@@H]3[C@@H](CO)O[C@H](O[C@@H]4[C@@H](CO)O[C@H](O[C@@H]5[C@@H](CO)O[C@H](O[C@@H]6[C@@H](CO)O[C@H](O[C@@H]7[C@@H](CO)O[C@H](O[C@@H]8[C@@H](CO)O[C@H](O[C@H]1[C@H](O)[C@H]2O)[C@H](O)[C@H]8O)[C@H](O)[C@H]7O)[C@H](O)[C@H]6O)[C@H](O)[C@H]5O)[C@H](O)[C@H]4O)[C@H](O)[C@H]3O,CC(=O)NC(CC1=CC=C(C=C1)O)C(=O)O,cyclodextrin,2.09689998626709,OC[C@H]1O[C@@H]2O[C@H]3[C@H](O)[C@@H](O)[C@@H](O[C@H]4[C@H](O)[C@@H](O)[C@@H](O[C@H]5[C@H](O)[C@@H](O)[C@@H](O[C@H]6[C@H](O)[C@@H](O)[C@@H](O[C@H]7[C@H](O)[C@@H](O)[C@@H](O[C@H]8[C@H](O)[C@@H](O)[C@@H](O[C@H]1[C@H](O)[C@H]2O)O[C@@H]8CO)O[C@@H]7CO)O[C@@H]6CO)O[C@@H]5CO)O[C@@H]4CO)O[C@@H]3CO,22584443D9512992310760C9871E3E6BDB3EDC92006F3EF1EC94F44373907EB1,HOST_CAN_0176,PASS,CC(=O)NC(Cc1ccc(O)cc1)C(=O)O,CB6998A250FCC77F6FD9FD65BDFCBBBC32B7EA2FC56FF1B469AF425F7A5E9E64,GUEST_CAN_0073,PASS,GINE,2,guest_cold,2,1.8955371379852295
1649,22,501,Oc1c2Sc3cc(cc(c3O)Sc3cc(cc(Sc4c(c(Sc1cc(c2)S(=O)(=O)O)cc(c4)S(=O)(=O)O)O)c3O)S(=O)(=O)O)S(=O)(=O)O,C1=CC(=NC(=C1)C(=O)O)C(=O)O,calixarene,1.8260999917984009,O=S(=O)(O)c1cc2c(O)c(c1)Sc1cc(S(=O)(=O)O)cc(c1O)Sc1cc(S(=O)(=O)O)cc(c1O)Sc1cc(S(=O)(=O)O)cc(c1O)S2,5FE888C1FB51BDA35D21231A31EDB8203ACD56DD9744D0C6B83351EC668D4256,HOST_CAN_0156,PASS,O=C(O)c1cccc(C(=O)O)n1,207C13F90D0DBA16843662EC874783E522B0E73A1D106D5C4AD9078DF6660820,GUEST_CAN_0887,PASS,GINE,2,guest_cold,2,1.5001049041748047
1651,35,604,[O-]P(=O)(Oc1c2c(c(c3c1C1CC3c3c1cc1c(c3)C3CC1c1c3cccc1)OP(=O)(C)[O-])C1CC2c2c1cc1c(c2)C2CC1c1c2cccc1)C.[Li+].[Li+],C1=CC=C(C=C1)CN.Cl,other,2.079200029373169,CP(=O)([O-])Oc1c2c(c(OP(C)(=O)[O-])c3c1C1CC3c3cc4c(cc31)C1CC4c3ccccc31)C1CC2c2cc3c(cc21)C1CC3c2ccccc21.[Li+].[Li+],0523E219D88C79C8FF3952D24ADDE3A68E28198CE5EE5C77D8FECF429412627C,HOST_CAN_0082,PASS,Cl.NCc1ccccc1,940B23638656F8FE23E14ED8A0BBBA6E62D42F8FE7C323CF9C1D5C7983D012F0,GUEST_CAN_0694,PASS,GINE,2,guest_cold,2,2.457737922668457
1652,3,874,OC[C@H]1O[C@@H]2O[C@@H]3[C@@H](CO)O[C@H](O[C@@H]4[C@@H](CO)O[C@H](O[C@@H]5[C@@H](CO)O[C@H](O[C@@H]6[C@@H](CO)O[C@H](O[C@@H]7[C@@H](CO)O[C@H](O[C@@H]8[C@@H](CO)O[C@H](O[C@H]1[C@H](O)[C@H]2O)[C@H](O)[C@H]8O)[C@H](O)[C@H]7O)[C@H](O)[C@H]6O)[C@H](O)[C@H]5O)[C@H](O)[C@H]4O)[C@H](O)[C@H]3O,C1=CC=C(C=C1)CC(C(=O)N)N,cyclodextrin,2.037400007247925,OC[C@H]1O[C@@H]2O[C@H]3[C@H](O)[C@@H](O)[C@@H](O[C@H]4[C@H](O)[C@@H](O)[C@@H](O[C@H]5[C@H](O)[C@@H](O)[C@@H](O[C@H]6[C@H](O)[C@@H](O)[C@@H](O[C@H]7[C@H](O)[C@@H](O)[C@@H](O[C@H]8[C@H](O)[C@@H](O)[C@@H](O[C@H]1[C@H](O)[C@H]2O)O[C@@H]8CO)O[C@@H]7CO)O[C@@H]6CO)O[C@@H]5CO)O[C@@H]4CO)O[C@@H]3CO,22584443D9512992310760C9871E3E6BDB3EDC92006F3EF1EC94F44373907EB1,HOST_CAN_0176,PASS,NC(=O)C(N)Cc1ccccc1,378D50B2C32B467D72AB4DCB176B3195E9B4AEBD99624E3D08AFB21381FA9226,GUEST_CAN_0724,PASS,GINE,2,guest_cold,2,1.5388147830963135
1655,3,916,OC[C@H]1O[C@@H]2O[C@@H]3[C@@H](CO)O[C@H](O[C@@H]4[C@@H](CO)O[C@H](O[C@@H]5[C@@H](CO)O[C@H](O[C@@H]6[C@@H](CO)O[C@H](O[C@@H]7[C@@H](CO)O[C@H](O[C@@H]8[C@@H](CO)O[C@H](O[C@H]1[C@H](O)[C@H]2O)[C@H](O)[C@H]8O)[C@H](O)[C@H]7O)[C@H](O)[C@H]6O)[C@H](O)[C@H]5O)[C@H](O)[C@H]4O)[C@H](O)[C@H]3O,COC1=CC=C(C=C1)CC(=O)[O-],cyclodextrin,1.8407000303268433,OC[C@H]1O[C@@H]2O[C@H]3[C@H](O)[C@@H](O)[C@@H](O[C@H]4[C@H](O)[C@@H](O)[C@@H](O[C@H]5[C@H](O)[C@@H](O)[C@@H](O[C@H]6[C@H](O)[C@@H](O)[C@@H](O[C@H]7[C@H](O)[C@@H](O)[C@@H](O[C@H]8[C@H](O)[C@@H](O)[C@@H](O[C@H]1[C@H](O)[C@H]2O)O[C@@H]8CO)O[C@@H]7CO)O[C@@H]6CO)O[C@@H]5CO)O[C@@H]4CO)O[C@@H]3CO,22584443D9512992310760C9871E3E6BDB3EDC92006F3EF1EC94F44373907EB1,HOST_CAN_0176,PASS,COc1ccc(CC(=O)[O-])cc1,9AC494BFA260DE995F731B1A62F81C66C5D1044DDFDA46E4D7D431892D690F0C,GUEST_CAN_0485,PASS,GINE,2,guest_cold,2,2.3559255599975586
1659,3,386,OC[C@H]1O[C@@H]2O[C@@H]3[C@@H](CO)O[C@H](O[C@@H]4[C@@H](CO)O[C@H](O[C@@H]5[C@@H](CO)O[C@H](O[C@@H]6[C@@H](CO)O[C@H](O[C@@H]7[C@@H](CO)O[C@H](O[C@@H]8[C@@H](CO)O[C@H](O[C@H]1[C@H](O)[C@H]2O)[C@H](O)[C@H]8O)[C@H](O)[C@H]7O)[C@H](O)[C@H]6O)[C@H](O)[C@H]5O)[C@H](O)[C@H]4O)[C@H](O)[C@H]3O,COC1=C(C2=C[N+]3=C(C=C2C=C1)C4=CC(=C(C=C4CC3)OC)OC)OC,cyclodextrin,2.7987000942230225,OC[C@H]1O[C@@H]2O[C@H]3[C@H](O)[C@@H](O)[C@@H](O[C@H]4[C@H](O)[C@@H](O)[C@@H](O[C@H]5[C@H](O)[C@@H](O)[C@@H](O[C@H]6[C@H](O)[C@@H](O)[C@@H](O[C@H]7[C@H](O)[C@@H](O)[C@@H](O[C@H]8[C@H](O)[C@@H](O)[C@@H](O[C@H]1[C@H](O)[C@H]2O)O[C@@H]8CO)O[C@@H]7CO)O[C@@H]6CO)O[C@@H]5CO)O[C@@H]4CO)O[C@@H]3CO,22584443D9512992310760C9871E3E6BDB3EDC92006F3EF1EC94F44373907EB1,HOST_CAN_0176,PASS,COc1cc2c(cc1OC)-c1cc3ccc(OC)c(OC)c3c[n+]1CC2,C080DC3D5F5CA09533B45EC4B15FBD65AFCA0AAB4061BC0856C81B961E60811F,GUEST_CAN_0479,PASS,GINE,2,guest_cold,2,2.818110704421997
1661,110,92,O=S(OC1=C(CC2=C(OS(=O)([O-])=O)C=C(CC3=C(OS(=O)([O-])=O)C=C(CC4=C(OS(=O)([O-])=O)C=C(CC5=CC(OS(=O)([O-])=O)=C(CC6=C(OS(=O)([O-])=O)C=C(C7)C(OS(=O)([O-])=O)=C6)C=C5OS(=O)([O-])=O)C(OS(=O)([O-])=O)=C4)C(OS(=O)([O-])=O)=C3)C(OS(=O)([O-])=O)=C2)C=C(OS(=O)([O-])=O)C(CC8=CC(OS(=O)([O-])=O)=C7C=C8OS(=O)([O-])=O)=C1)([O-])=O.[Na+].[Na+].[Na+].[Na+].[Na+].[Na+].[Na+].[Na+].[Na+].[Na+].[Na+].[Na+].[Na+].[Na+],C[N+]1=CC=C(C=C1)C2=CC=[N+](C=C2)C.[Cl-].[Cl-],pillararene,6.546500205993652,O=S(=O)([O-])Oc1cc2c(OS(=O)(=O)[O-])cc1Cc1cc(OS(=O)(=O)[O-])c(cc1OS(=O)(=O)[O-])Cc1cc(OS(=O)(=O)[O-])c(cc1OS(=O)(=O)[O-])Cc1cc(OS(=O)(=O)[O-])c(cc1OS(=O)(=O)[O-])Cc1cc(OS(=O)(=O)[O-])c(cc1OS(=O)(=O)[O-])Cc1cc(OS(=O)(=O)[O-])c(cc1OS(=O)(=O)[O-])Cc1cc(OS(=O)(=O)[O-])c(cc1OS(=O)(=O)[O-])C2.[Na+].[Na+].[Na+].[Na+].[Na+].[Na+].[Na+].[Na+].[Na+].[Na+].[Na+].[Na+].[Na+].[Na+],363823965269421105355BE85F9BFA79372256835F74963F23DB34F5AAE9E20B,HOST_CAN_0162,PASS,C[n+]1ccc(-c2cc[n+](C)cc2)cc1.[Cl-].[Cl-],A34A59C172ABA48CFA54144DF49E70D56803B22DE394E6F3154C1D8F7DC6E5F1,GUEST_CAN_0623,PASS,GINE,2,guest_cold,2,6.520255088806152
1663,102,50,C1C2=CC=C(C[N+]3=CC=C(C=C3)C4=CC=[N+](CC5=CC=C(C[N+]6=CC=C(C=C6)C7=CC=[N+]1C=C7)C=C5)C=C4)C=C2.F[P-](F)(F)(F)(F)F.F[P-](F)(F)(F)(F)F.F[P-](F)(F)(F)(F)F.F[P-](F)(F)(F)(F)F,C1=CC=C(C(=C1)O)O,other,3.5855000019073486,F[P-](F)(F)(F)(F)F.F[P-](F)(F)(F)(F)F.F[P-](F)(F)(F)(F)F.F[P-](F)(F)(F)(F)F.c1cc2ccc1C[n+]1ccc(cc1)-c1cc[n+](cc1)Cc1ccc(cc1)C[n+]1ccc(cc1)-c1cc[n+](cc1)C2,0F2553E080CE2D9CBEC36FEC297EF4CF441DFE215349B4C10A84D4A1E91451C0,HOST_CAN_0102,PASS,Oc1ccccc1O,D6044096AF0493CF06B8B5FDAA8C090BB98BA46AF75026C46D7FE4ACEF4715BB,GUEST_CAN_1007,PASS,GINE,2,guest_cold,2,2.8922908306121826
1664,8,921,C1N2C3C4N(C2=O)CN5C6C7N(C5=O)CN8C9C2N(C8=O)CN5C8C%10N(C5=O)CN5C%11C%12N(C5=O)CN5C%13C(N1C5=O)N1CN3C(=O)N4CN6C(=O)N7CN9C(=O)N2CN8C(=O)N%10CN%11C(=O)N%12CN%13C1=O,C1=CC(=C(C=C1CN)O)O.Cl,cucurbituril,1.0,O=C1N2CN3C(=O)N4CN5C(=O)N6CN7C(=O)N8CN9C(=O)N%10CN%11C(=O)N%12CN1C1C2N2CN%13C(=O)N(CN%14C(=O)N(CN%15C(=O)N(CN%16C(=O)N(CN%17C(=O)N(CN1C2=O)C%12C%11%17)C%10C9%16)C8C7%15)C6C5%14)C4C3%13,2526C525F966BEE6CB589BBB60C9F4124C02584847747BDAFF4E92B4462536E8,HOST_CAN_0149,PASS,Cl.NCc1ccc(O)c(O)c1,45E625BC23066316A6C6D3D585840FDE8BD1E49D7761E14C92730C0D326D8621,GUEST_CAN_0693,PASS,GINE,2,guest_cold,2,4.517228126525879
1665,127,699,O=C(N2CN(C(N4CN(C(N6CN(C(N8CN(C(N%10CN%11C%13C%12N(CCCCCC(O)=O)C(N%13CCCCCC(O)=O)=O)=O)C9C%10N(CCCCCC(O)=O)C(N9CCCCCC(O)=O)=O)=O)C7C8N(CCCCCC(O)=O)C(N7CCCCCC(O)=O)=O)=O)C5C6N(CCCCCC(O)=O)C(N5CCCCCC(O)=O)=O)=O)C3C4N(CCCCCC(O)=O)C(N3CCCCCC(O)=O)=O)N(CN%12C%11=O)C1C2N(CCCCCC(O)=O)C(N1CCCCCC(O)=O)=O,[N+](=O)([O-])[O-],other,3.6531999111175537,O=C(O)CCCCCN1C(=O)N(CCCCCC(=O)O)C2C1N1CN3C(=O)N(CN4C(=O)N(CN5C(=O)N(CN6C(=O)N(CN7C(=O)N(CN2C1=O)C1C7N(CCCCCC(=O)O)C(=O)N1CCCCCC(=O)O)C1C6N(CCCCCC(=O)O)C(=O)N1CCCCCC(=O)O)C1C5N(CCCCCC(=O)O)C(=O)N1CCCCCC(=O)O)C1C4N(CCCCCC(=O)O)C(=O)N1CCCCCC(=O)O)C1C3N(CCCCCC(=O)O)C(=O)N1CCCCCC(=O)O,6A9FAF5530BC770B4CCEB7505462A63A98672DFE66B97D638131737C1C2705FD,HOST_CAN_0119,PASS,O=[N+]([O-])[O-],8EDFDB3DA8BB7AA2E992B049D5950CF49B785834A9F5AC1FB62D0A31E3906574,GUEST_CAN_0940,PASS,GINE,2,guest_cold,2,3.5378634929656982
1670,81,544,[Na]OS(=O)(=O)CCCOc1c2CN3C(=O)N4[C@]5([C@@]3(N(Cc2c(c2c1cccc2)OCCCS(=O)(=O)O[Na])C(=O)N5CN1[C@@H]2N(C4)C(=O)N3[C@@H]2N(C1=O)CN1[C@@]2(N(C3)C(=O)N3[C@]2(C)N(C1=O)Cc1c(C3)c(OCCCS(=O)(=O)O[Na])c2c(c1OCCCS(=O)(=O)O[Na])cccc2)C)C)C,C1CN(CCN1CCC2=C(C=C3C(=C2)CC(=O)N3)Cl)C4=NSC5=CC=CC=C54,other,3.9911999702453613,C[C@]12N3Cc4c(c(OCCCS(=O)(=O)[O][Na])c5ccccc5c4OCCCS(=O)(=O)[O][Na])CN1C(=O)N1CN4C(=O)N5CN6C(=O)N7Cc8c(c(OCCCS(=O)(=O)[O][Na])c9ccccc9c8OCCCS(=O)(=O)[O][Na])CN8C(=O)N(CN9C(=O)N(CN(C3=O)[C@]12C)[C@@H]4[C@H]95)[C@]6(C)[C@@]78C,1051D36AAACAE48FD5F1E66929B325E14F767999AA707E5010C4574020990EA7,HOST_CAN_0089,PASS,O=C1Cc2cc(CCN3CCN(c4nsc5ccccc45)CC3)c(Cl)cc2N1,5C29CDC659AEEDE5E084EE663C3DDDAF5EC9373DB128425FD8B71EF81BA66DC6,GUEST_CAN_0920,PASS,GINE,2,guest_cold,2,5.512033462524414
1680,30,907,C1C2=CC(=CC(=C2O)CC3=CC(=CC(=C3O)CC4=CC(=CC(=C4O)CC5=C(C(=CC(=C5)S(=O)(=O)[O-])CC6=C(C(=CC(=C6)S(=O)(=O)[O-])CC7=C(C1=CC(=C7)S(=O)(=O)[O-])O)O)O)S(=O)(=O)[O-])S(=O)(=O)[O-])S(=O)(=O)[O-],CP(OC(C(C)(C)C)C)(F)=O,calixarene,1.0,O=S(=O)([O-])c1cc2c(O)c(c1)Cc1cc(S(=O)(=O)[O-])cc(c1O)Cc1cc(S(=O)(=O)[O-])cc(c1O)Cc1cc(S(=O)(=O)[O-])cc(c1O)Cc1cc(S(=O)(=O)[O-])cc(c1O)Cc1cc(S(=O)(=O)[O-])cc(c1O)C2,175E9D01D3A7DD7BE73E9B8659E8BAA0A16B2D5C4CCEFE3BEFED10121429BF10,HOST_CAN_0164,PASS,CC(OP(C)(=O)F)C(C)(C)C,927C19F99F31139204D266720B2140DF7E217694C603C41F73F1D7D4EFB5A0F3,GUEST_CAN_0192,PASS,GINE,2,guest_cold,2,2.1083412170410156
1691,18,146,CC1=C2C3=CC4=C1OC5C6=CC7=CC(=C6)OC8=CC(=CC(=C8)C(=O)O)OC9=CC1=CC(=C9)C6OC8=C(C=C(C4CCC(=O)O)C(=C8C)O5)C(C4=C(O6)C(=C5C(=C4)C(C4=C6C(=C(C(=C4)C3CCC(=O)O)OC(O2)C2=CC(=CC(=C2)OC2=CC(=CC(=C2)C(=O)O)OC2=CC(=CC(=C2)C(O5)O6)OC2=CC(=CC(=C2)C(=O)O)O1)OC1=CC(=CC(=C1)C(=O)O)O7)C)CCC(=O)O)C)CCC(=O)O,CC(CC=C)C(=O)O,cavitand,3.053100109100342,Cc1c2c3cc4c1OC1Oc5c(cc6c(c5C)OC5Oc7c(cc8c(c7C)OC7Oc9c(cc(c(c9C)OC(O2)c2cc9cc(c2)Oc2cc(cc(C(=O)O)c2)Oc2cc(cc7c2)Oc2cc(cc(C(=O)O)c2)Oc2cc(cc5c2)Oc2cc(cc(C(=O)O)c2)Oc2cc(cc1c2)Oc1cc(cc(C(=O)O)c1)O9)C3CCC(=O)O)C8CCC(=O)O)C6CCC(=O)O)C4CCC(=O)O,326FFD4B5C5565D32207155C0B129AE16AFCA7B3342F0DAD815C24AB8DFA8483,HOST_CAN_0099,PASS,C=CCC(C)C(=O)O,51184B5BD1B19DE00A6B65CD75F4785FC00327935394FF712350D4BB68B7BAF7,GUEST_CAN_0045,PASS,GINE,2,guest_cold,2,2.8886756896972656
1692,19,928,O=C1N(CC4=CC=C(C(O)=O)C=C4)C3C(N(CN%21C%20=O)C(N3CN(C(N7CN(C(N%11CN(C(N%15CN(C(N%19CN%20C%23C%21N(CC%25=CC=C(C(O)=O)C=C%25)C(N%23CC%24=CC=C(C(O)=O)C=C%24)=O)=O)C%17C%19N(CC%22=CC=C(C(O)=O)C=C%22)C(N%17CC%18=CC=C(C(O)=O)C=C%18)=O)=O)C%13C%15N(CC%16=CC=C(C(O)=O)C=C%16)C(N%13CC%14=CC=C(C(O)=O)C=C%14)=O)=O)C9C%11N(CC%12=CC=C(C(O)=O)C=C%12)C(N9CC%10=CC=C(C(O)=O)C=C%10)=O)=O)C5C7N(CC8=CC=C(C(O)=O)C=C8)C(N5CC6=CC=C(C(O)=O)C=C6)=O)=O)N1CC2=CC=C(C(O)=O)C=C2,[O-][Re](=O)(=O)=O,other,4.477099895477295,O=C(O)c1ccc(CN2C(=O)N(Cc3ccc(C(=O)O)cc3)C3C2N2CN4C(=O)N(CN5C(=O)N(CN6C(=O)N(CN7C(=O)N(CN8C(=O)N(CN3C2=O)C2C8N(Cc3ccc(C(=O)O)cc3)C(=O)N2Cc2ccc(C(=O)O)cc2)C2C7N(Cc3ccc(C(=O)O)cc3)C(=O)N2Cc2ccc(C(=O)O)cc2)C2C6N(Cc3ccc(C(=O)O)cc3)C(=O)N2Cc2ccc(C(=O)O)cc2)C2C5N(Cc3ccc(C(=O)O)cc3)C(=O)N2Cc2ccc(C(=O)O)cc2)C2C4N(Cc3ccc(C(=O)O)cc3)C(=O)N2Cc2ccc(C(=O)O)cc2)cc1,5BFAE42297A9EBC8CE307175405F2DA12222FDEAA2AA87FF2D5843CBEC077A9C,HOST_CAN_0133,PASS,[O]=[Re](=[O])(=[O])[O-],40D84358CB99E154F4F5D608F1679C2BBCAE827012C7AB14835E3A6DEC1BC7B1,GUEST_CAN_1107,PASS,GINE,2,guest_cold,2,2.2313034534454346
1693,66,140,O=C1N(C2)[C@@](N3CN4[C@]5([H])N2C(N(CN6C(N(C7)[C@@](N8CN9[C@]%10(C)N7C(N(CC%11=C%12C(OCCCS(=O)(O[Na])=O)=CC=C%11OCCCS(=O)(O[Na])=O)[C@]%10(C)N(C%12)C9=O)=O)([H])[C@]6([H])N%13C8=O)=O)[C@]5([H])N(C%13)C4=O)=O)(C)[C@@]%14(C)N1CC%15=C(OCCCS(=O)(O[Na])=O)C=CC(OCCCS(=O)(O[Na])=O)=C%15CN%14C3=O,C[N+]1(CCC2=CC(=C(C=C2C1CC3=CC(=C(C=C3)OC)OC)OC)OC)CCC(=O)OCCCCCOC(=O)CC[N+]4(CCC5=CC(=C(C=C5C4CC6=CC(=C(C=C6)OC)OC)OC)OC)C,cucurbituril,5.986800193786621,C[C@]12N3Cc4c(OCCCS(=O)(=O)[O][Na])ccc(OCCCS(=O)(=O)[O][Na])c4CN1C(=O)N1CN4C(=O)N5CN6C(=O)N7CN8C(=O)N9Cc%10c(OCCCS(=O)(=O)[O][Na])ccc(OCCCS(=O)(=O)[O][Na])c%10CN%10C(=O)N(CN%11C(=O)N(CN%12C(=O)N(CN(C3=O)[C@]12C)[C@@H]4[C@H]%125)[C@@H]6[C@H]%117)[C@]8(C)[C@@]9%10C,B0B6F4791435866F75671253874506D0002CE2D2DEBD31C6E0C5946D874F1D29,HOST_CAN_0085,PASS,COc1ccc(CC2c3cc(OC)c(OC)cc3CC[N+]2(C)CCC(=O)OCCCCCOC(=O)CC[N+]2(C)CCc3cc(OC)c(OC)cc3C2Cc2ccc(OC)c(OC)c2)cc1OC,7CB80D14DBDE4459301A58035D4B211AB0E120E8FE777FBFBF14FB9517D00D03,GUEST_CAN_0486,PASS,GINE,2,guest_cold,2,5.277787208557129
1701,115,933,C(CCC)C1=C(C(OC2=CC(=CC=C12)N(CC)CC)=O)C=O,N[C@H](C(=O)O)CO,other,0.7160000205039978,CCCCc1c(C=O)c(=O)oc2cc(N(CC)CC)ccc12,50E4CC3B42DB2A1D81BA2FCB02D3EA8F0BF1EB0B92ACDAB1C80BFBFCC39A06BB,HOST_CAN_0035,PASS,N[C@@H](CO)C(=O)O,393FC58E201AE22891BF895E57CC96F0308A4AB9F195DA4C5539EA11326C17E1,GUEST_CAN_0818,PASS,GINE,2,guest_cold,2,0.9870731830596924
1705,169,937,C1COCCOC2=NC3=CC=CC=C3N=C2OCCOCCOCCOC4=C(C=C5C6=CC7=C(C=C6C8=CC9=C(C=C8C5=C4)OCCOCCOCCOC2=NC3=CC=CC=C3N=C2OCCOCCOCCO9)OCCOCCOCCOC2=NC3=CC=CC=C3N=C2OCCOCCOCCO7)OCCO1,F[P-](F)(F)(F)(F)F.F[P-](F)(F)(F)(F)F.F[P-](F)(F)(F)(F)F.C1(C[NH2+]CC2=CC=C(OC3=CC(OC(C=C4)=CC=C4C[NH2+]CC5=CC=CC=C5)=CC(OC(C=C6)=CC=C6C[NH2+]CC7=CC=CC=C7)=C3)C=C2)=CC=CC=C1,other,5.23799991607666,c1ccc2nc3c(nc2c1)OCCOCCOCCOc1cc2c4cc5c(cc4c4cc6c(cc4c2cc1OCCOCCOCCO3)OCCOCCOCCOc1nc2ccccc2nc1OCCOCCOCCO6)OCCOCCOCCOc1nc2ccccc2nc1OCCOCCOCCO5,066037803D9270E4EE6AD2006F21767708B337A0F059CB36056076581AFFDAD4,HOST_CAN_0188,PASS,F[P-](F)(F)(F)(F)F.F[P-](F)(F)(F)(F)F.F[P-](F)(F)(F)(F)F.c1ccc(C[NH2+]Cc2ccc(Oc3cc(Oc4ccc(C[NH2+]Cc5ccccc5)cc4)cc(Oc4ccc(C[NH2+]Cc5ccccc5)cc4)c3)cc2)cc1,32BC822A59EBA24F89EAF31AE89122DE48E9EA88CE6089F0B15D5AECA3940479,GUEST_CAN_0707,PASS,GINE,2,guest_cold,2,2.1274261474609375
1707,11,939,C1N2C3C4N(C2=O)CN5C6C7N(C5=O)CN8C9C2N(C8=O)CN5C8C%10N(C5=O)CN5C%11C%12N(C5=O)CN5C%13C%14N(C5=O)CN5C%15C%16N(C5=O)CN5C%17C(N1C5=O)N1CN3C(=O)N4CN6C(=O)N7CN9C(=O)N2CN8C(=O)N%10CN%11C(=O)N%12CN%13C(=O)N%14CN%15C(=O)N%16CN%17C1=O,ClC=1C=C(C=CC1)O,cucurbituril,4.778200149536133,O=C1N2CN3C(=O)N4CN5C(=O)N6CN7C(=O)N8CN9C(=O)N%10CN%11C(=O)N%12CN%13C(=O)N%14CN%15C(=O)N%16CN1C1C2N2CN%17C(=O)N(CN%18C(=O)N(CN%19C(=O)N(CN%20C(=O)N(CN%21C(=O)N(CN%22C(=O)N(CN%23C(=O)N(CN1C2=O)C%16C%15%23)C%14C%13%22)C%12C%11%21)C%10C9%20)C8C7%19)C6C5%18)C4C3%17,E82CB7F52437B0147F435E3074F006752062FF8924E87C1DAF3210D182FF633B,HOST_CAN_0143,PASS,Oc1cccc(Cl)c1,98D10DAA5D2B7FBBC0B26E7FA0717EF3FCFC5F6BBAEEF6F9DD9E2904869E0B92,GUEST_CAN_1002,PASS,GINE,2,guest_cold,2,3.34342098236084
1722,45,63,C1C2=CC(=CC=C2)CC3=CC(=CC=C3)CC4=CC=CC(=C4)CC5=CC=CC1=C5,[Rb+],calixarene,2.0857999324798584,c1cc2cc(c1)Cc1cccc(c1)Cc1cccc(c1)Cc1cccc(c1)C2,001BA14F081450375618B4DEC192A3633931B27A166EE11658CCCBFAB45E327F,HOST_CAN_0183,PASS,[Rb+],A81E1030429F736D8E35EA84C21CDFC8BA21CABFAB462465BE82BDA25EAD58DF,GUEST_CAN_1109,PASS,GINE,2,guest_cold,2,1.8640241622924805
1728,1,946,C1C2=CC(=CC(=C2O)CC3=CC(=CC(=C3O)CC4=C(C(=CC(=C4)S(=O)(=O)O)CC5=C(C1=CC(=C5)S(=O)(=O)O)O)O)S(=O)(=O)O)S(=O)(=O)O,C1(=CC=CC=C1)C12N=NC(CC1)CC2,calixarene,2.544100046157837,O=S(=O)(O)c1cc2c(O)c(c1)Cc1cc(S(=O)(=O)O)cc(c1O)Cc1cc(S(=O)(=O)O)cc(c1O)Cc1cc(S(=O)(=O)O)cc(c1O)C2,C1130CCDC8DA0C6458EF6C2E07E7F3330D8F8B055CBE4DEAADB70DC00C8CDFC1,HOST_CAN_0154,PASS,c1ccc(C23CCC(CC2)N=N3)cc1,332E35059CF12FFE47B44B746E0A83CBFF6B56413BA723A44B8222AD53E68FFE,GUEST_CAN_1129,PASS,GINE,2,guest_cold,2,3.0837574005126953
1730,98,138,C([C@@H]1[C@@H]2[C@@H]([C@H]([C@H](O1)O[C@@H]3[C@H](O[C@@H]([C@@H]([C@H]3O)O)O[C@@H]4[C@H](O[C@@H]([C@@H]([C@H]4O)O)O[C@@H]5[C@H](O[C@@H]([C@@H]([C@H]5O)O)O[C@@H]6[C@H](O[C@@H]([C@@H]([C@H]6O)O)O[C@@H]7[C@H](O[C@@H]([C@@H]([C@H]7O)O)O[C@@H]8[C@H](O[C@H](O2)[C@@H]([C@H]8O)O)CO)CO)CO)CO)CO)CO)O)O)NCC(=O)O,CC1=CC2=C(C=C1N)[N+](=C3C=C(C(=CC3=N2)C)N)C4=CC=CC=C4.[Cl-],cyclodextrin,2.7781999111175537,O=C(O)CNC[C@H]1O[C@@H]2O[C@H]3[C@H](O)[C@@H](O)[C@@H](O[C@H]4[C@H](O)[C@@H](O)[C@@H](O[C@H]5[C@H](O)[C@@H](O)[C@@H](O[C@H]6[C@H](O)[C@@H](O)[C@@H](O[C@H]7[C@H](O)[C@@H](O)[C@@H](O[C@H]8[C@H](O)[C@@H](O)[C@@H](O[C@H]1[C@H](O)[C@H]2O)O[C@@H]8CO)O[C@@H]7CO)O[C@@H]6CO)O[C@@H]5CO)O[C@@H]4CO)O[C@@H]3CO,1CB8BB8FC7131D0029408460C176413DD5567C2F911FE5DE54C9E901F56DC40B,HOST_CAN_0125,PASS,Cc1cc2nc3cc(C)c(N)cc3[n+](-c3ccccc3)c2cc1N.[Cl-],6C23131E23824F74076AE480AD36D628F0F33D6700F3B35A67A21F791CA61E3F,GUEST_CAN_0650,PASS,GINE,2,guest_cold,2,2.2227978706359863
1733,9,563,[O-]C(=O)COc1ccc2c3c1CNC(=O)c1c(OCC(=O)[O-])ccc4c1ccc1c4C4CC(O1)Oc1c4c4ccc(c(C(=O)NCc5c6c(c7C8c2c(cc3)OC(C8)Oc7cc6)ccc5OCC(=O)[O-])c4cc1)OCC(=O)[O-].[NH4+].[NH4+].[NH4+].[NH4+],C1=CN=CN1,other,2.52239990234375,O=C([O-])COc1ccc2c3c4ccc2c1CNC(=O)c1c(OCC(=O)[O-])ccc2c5c(ccc12)OC1CC5c2c(ccc5c(c(OCC(=O)[O-])ccc25)C(=O)NCc2c(OCC(=O)[O-])ccc5c6c(ccc25)OC(CC36)O4)O1.[NH4+].[NH4+].[NH4+].[NH4+],7D3830C6A6E10F82EEBCC3ED68B861BB21ED63B1DDB277580F3032527E5A1183,HOST_CAN_0139,PASS,c1c[nH]cn1,5C2D4306FE1E3DA2EA882C9C5F2C78966AE60FF882B2D47C8E561427D5BD7CE5,GUEST_CAN_1120,PASS,GINE,2,guest_cold,2,2.3623366355895996
1734,11,97,C1N2C3C4N(C2=O)CN5C6C7N(C5=O)CN8C9C2N(C8=O)CN5C8C%10N(C5=O)CN5C%11C%12N(C5=O)CN5C%13C%14N(C5=O)CN5C%15C%16N(C5=O)CN5C%17C(N1C5=O)N1CN3C(=O)N4CN6C(=O)N7CN9C(=O)N2CN8C(=O)N%10CN%11C(=O)N%12CN%13C(=O)N%14CN%15C(=O)N%16CN%17C1=O,C1=CC=C(C=C1)OC2C(C(C(C(O2)CO)O)O)O,cucurbituril,5.020699977874756,O=C1N2CN3C(=O)N4CN5C(=O)N6CN7C(=O)N8CN9C(=O)N%10CN%11C(=O)N%12CN%13C(=O)N%14CN%15C(=O)N%16CN1C1C2N2CN%17C(=O)N(CN%18C(=O)N(CN%19C(=O)N(CN%20C(=O)N(CN%21C(=O)N(CN%22C(=O)N(CN%23C(=O)N(CN1C2=O)C%16C%15%23)C%14C%13%22)C%12C%11%21)C%10C9%20)C8C7%19)C6C5%18)C4C3%17,E82CB7F52437B0147F435E3074F006752062FF8924E87C1DAF3210D182FF633B,HOST_CAN_0143,PASS,OCC1OC(Oc2ccccc2)C(O)C(O)C1O,C6657B0BE0E907980D2E2AB37D61697BF26DFBDE4F9572D95B88C9FA6C3C0E37,GUEST_CAN_0972,PASS,GINE,2,guest_cold,2,3.15200138092041
1737,18,832,CC1=C2C3=CC4=C1OC5C6=CC7=CC(=C6)OC8=CC(=CC(=C8)C(=O)O)OC9=CC1=CC(=C9)C6OC8=C(C=C(C4CCC(=O)O)C(=C8C)O5)C(C4=C(O6)C(=C5C(=C4)C(C4=C6C(=C(C(=C4)C3CCC(=O)O)OC(O2)C2=CC(=CC(=C2)OC2=CC(=CC(=C2)C(=O)O)OC2=CC(=CC(=C2)C(O5)O6)OC2=CC(=CC(=C2)C(=O)O)O1)OC1=CC(=CC(=C1)C(=O)O)O7)C)CCC(=O)O)C)CCC(=O)O,CC(CCC=C(C)C)CC(=O)O,cavitand,5.7093000411987305,Cc1c2c3cc4c1OC1Oc5c(cc6c(c5C)OC5Oc7c(cc8c(c7C)OC7Oc9c(cc(c(c9C)OC(O2)c2cc9cc(c2)Oc2cc(cc(C(=O)O)c2)Oc2cc(cc7c2)Oc2cc(cc(C(=O)O)c2)Oc2cc(cc5c2)Oc2cc(cc(C(=O)O)c2)Oc2cc(cc1c2)Oc1cc(cc(C(=O)O)c1)O9)C3CCC(=O)O)C8CCC(=O)O)C6CCC(=O)O)C4CCC(=O)O,326FFD4B5C5565D32207155C0B129AE16AFCA7B3342F0DAD815C24AB8DFA8483,HOST_CAN_0099,PASS,CC(C)=CCCC(C)CC(=O)O,9581BBEC867A175BEE0AB0944A816BAA43DC7BF55AF73275055BC9B4798AA009,GUEST_CAN_0122,PASS,GINE,2,guest_cold,2,3.583188772201538
1740,20,238,O=C(COC1=CC(CC2=C(OCC(O)=O)C=C(C(OCC(O)=O)=C2)CC3=CC(COC(O)=O)=C(C4)C=C3OCC(O)=O)=C(OCC(O)=O)C=C1CC5=C[C@@H](OCC(O)=O)[C@H](C=C5OCC(O)=O)CC6=CC(COC(O)=O)=C(C=C6OCC(O)=O)CC7=C(OCC(O)=O)C=C4C(OCC(O)=O)=C7)O,[NH3+][C@@H]1CC[C@H](CC1)[NH3+].[Cl-].[Cl-],pillararene,7.204100131988525,O=C(O)COC1=C[C@@H]2Cc3cc(COC(=O)O)c(cc3OCC(=O)O)Cc3cc(OCC(=O)O)c(cc3OCC(=O)O)Cc3cc(OCC(=O)O)c(cc3COC(=O)O)Cc3cc(OCC(=O)O)c(cc3OCC(=O)O)Cc3cc(OCC(=O)O)c(cc3OCC(=O)O)CC1=C[C@H]2OCC(=O)O,EB7BB63E53C952B34EDD9A1AA221307EA37FEE1D4C687CFC64D6BC38CEFE6263,HOST_CAN_0126,PASS,[Cl-].[Cl-].[NH3+][C@H]1CC[C@H]([NH3+])CC1,E9F9FA4299BFC1D79397C498274130D26D2EE95ED4CFAA951C8CFA2222B9A1F7,GUEST_CAN_1033,PASS,GINE,2,guest_cold,2,4.782876014709473
1745,7,953,O=C(N[C+](N)N)C1=CC=C(C[NH2+]C[C@H]([NH3+])C(CO)=O)N1,C(C)(=O)N[C@@H](CC(=O)O)C(=O)O,other,2.6812000274658203,N[C+](N)NC(=O)c1ccc(C[NH2+]C[C@H]([NH3+])C(=O)CO)[nH]1,444D01334D00CC255705344BB404134716C7E37D874A5C787DB27CDD2348DBF7,HOST_CAN_0114,PASS,CC(=O)N[C@@H](CC(=O)O)C(=O)O,17961F0DA133BA5AA5DD7B250E1C1E3C65A3213B9312061F114620F046124446,GUEST_CAN_0088,PASS,GINE,2,guest_cold,2,3.2353270053863525
1746,30,215,C1C2=CC(=CC(=C2O)CC3=CC(=CC(=C3O)CC4=CC(=CC(=C4O)CC5=C(C(=CC(=C5)S(=O)(=O)[O-])CC6=C(C(=CC(=C6)S(=O)(=O)[O-])CC7=C(C1=CC(=C7)S(=O)(=O)[O-])O)O)O)S(=O)(=O)[O-])S(=O)(=O)[O-])S(=O)(=O)[O-],CC(C(=O)O)N,calixarene,1.8128999471664429,O=S(=O)([O-])c1cc2c(O)c(c1)Cc1cc(S(=O)(=O)[O-])cc(c1O)Cc1cc(S(=O)(=O)[O-])cc(c1O)Cc1cc(S(=O)(=O)[O-])cc(c1O)Cc1cc(S(=O)(=O)[O-])cc(c1O)Cc1cc(S(=O)(=O)[O-])cc(c1O)C2,175E9D01D3A7DD7BE73E9B8659E8BAA0A16B2D5C4CCEFE3BEFED10121429BF10,HOST_CAN_0164,PASS,CC(N)C(=O)O,6AC3AD1747D8E4C9B36EA5FBFB37965B87CCE816D9D72141F9005590B6D6FC3C,GUEST_CAN_0180,PASS,GINE,2,guest_cold,2,2.284174919128418
1747,6,954,OC(=O)CCC1c2cc3c4cc2O[C@@H]2Oc5c1cc1c(c5)O[C@@H]5Oc6c([C@@H]1CCC(=O)O)cc1[C@H](c7cc(C3CCC(=O)O)c3O[C@H](O4)c4cc8Oc9cc(Oc%10cc2cc(c%10C(=O)O)Oc2cccc(c2)Oc2cc5cc(c2C(=O)O)Oc2cccc(c2)Oc2cc([C@@H](Oc7c3)Oc1c6)cc(Oc1cc(Oc(c4)c8C(=O)O)ccc1)c2C(=O)O)ccc9)CCC(=O)O,C[C@@H]1CC[C@H](CC1)[N+](C)(C)C,other,5.12060022354126,O=C(O)CCC1c2cc3c4cc2O[C@H]2Oc5cc6c(cc51)[C@H](CCC(=O)O)c1cc5c7cc1O[C@H](O6)c1cc6c(C(=O)O)c(c1)Oc1cccc(c1)Oc1cc8cc(c1C(=O)O)Oc1cccc(c1)Oc1cc(cc(c1C(=O)O)Oc1cccc(c1)Oc1cc2cc(c1C(=O)O)Oc1cccc(c1)O6)[C@H](O4)Oc1cc(c(cc1C3CCC(=O)O)[C@H]5CCC(=O)O)O[C@@H]8O7,9910B6C324867B78C538BC824892433086D3864FCBD7A2F3E051B7730A9D9689,HOST_CAN_0118,PASS,C[N+](C)(C)[C@H]1CC[C@H](C)CC1,0F94948EB5E9BCC7622823095270E7F60C6621AA5737948B46BD519ADD5F96E2,GUEST_CAN_0580,PASS,GINE,2,guest_cold,2,3.1191623210906982
1755,2,960,C1N2C3C4N(C2=O)CN5C6C7N(C5=O)CN8C9C2N(C8=O)CN5C8C%10N(C5=O)CN5C%11C(N1C5=O)N1CN3C(=O)N4CN6C(=O)N7CN9C(=O)N2CN8C(=O)N%10CN%11C1=O,[Ar],cucurbituril,2.556299924850464,O=C1N2CN3C(=O)N4CN5C(=O)N6CN7C(=O)N8CN9C(=O)N%10CN1C1C2N2CN%11C(=O)N(CN%12C(=O)N(CN%13C(=O)N(CN%14C(=O)N(CN1C2=O)C%10C9%14)C8C7%13)C6C5%12)C4C3%11,EE085DEDB538468744A3EBDAC86A0BF01B424E1C1BBF9C3E804B43220B2C1DDA,HOST_CAN_0150,PASS,[Ar],AE1EF9DEC2CDDCEE1C38E1F9FF2A19E7354FA34A9825742FB626E168F93C42AA,GUEST_CAN_1010,PASS,GINE,2,guest_cold,2,3.0323646068573
1763,78,962,COC[C@@H]1O[C@H]2O[C@@H]3[C@@H](COC)O[C@@H]([C@@H]([C@H]3OC)OC)O[C@@H]3[C@@H](COC)O[C@@H]([C@@H]([C@H]3OC)OC)O[C@@H]3[C@@H](COC)O[C@@H]([C@@H]([C@H]3OC)OC)O[C@H]3[C@@H](O[C@@H](O[C@H]4[C@@H](O[C@@H](O[C@H]5[C@@H](O[C@@H](O[C@@H]1[C@H]([C@@H]2OC)OC)[C@@H](OC)[C@@H]5OC)COC)[C@@H](OC)[C@@H]4OC)COC)[C@@H](OC)[C@@H]3OC)COC,[Na]OS(=O)(=O)CCNOC(=O)CCC([C@H]1CC[C@@H]2[C@]1(C)[C@@H](O)C[C@H]1[C@H]2[C@H](O)C[C@H]2[C@]1(C)CC[C@H](C2)O)C,cyclodextrin,2.2095000743865967,COC[C@@H]1O[C@H]2O[C@@H]3[C@@H](OC)[C@H](OC)[C@H](O[C@H]4[C@H](OC)[C@@H](OC)[C@@H](O[C@H]5[C@H](OC)[C@@H](OC)[C@@H](O[C@H]6[C@H](OC)[C@@H](OC)[C@@H](O[C@@H]7[C@@H](OC)[C@H](OC)[C@H](O[C@@H]8[C@@H](OC)[C@H](OC)[C@H](O[C@@H]1[C@@H](OC)[C@@H]2OC)O[C@H]8COC)O[C@H]7COC)O[C@@H]6COC)O[C@@H]5COC)O[C@@H]4COC)O[C@H]3COC,4DBC704653D506001F39C2066C78337580D179894FB25234B01BA86A08D866EF,HOST_CAN_0061,PASS,CC(CCC(=O)ONCCS(=O)(=O)[O][Na])[C@H]1CC[C@H]2[C@@H]3[C@H](O)C[C@@H]4C[C@H](O)CC[C@]4(C)[C@H]3C[C@H](O)[C@]12C,129254C5F67D4EE16CF4AC86FDA70C944CAE4F992A0551A482429E978B0610E7,GUEST_CAN_0172,PASS,GINE,2,guest_cold,2,3.057055950164795
1775,142,221,[Na]OS(=O)(=O)CCCc1ccc2c3c1CN1C(=O)N4[C@@]5([C@@]1(C)N(Cc3c(cc2)CCCS(=O)(=O)O[Na])C(=O)N5CN1[C@H]2N(C4)C(=O)N3[C@H]2N(C1=O)CN1[C@H]2N(C3)C(=O)N3[C@H]2N(C1=O)CN1[C@]2(N(C3)C(=O)N3[C@]2(N(C1=O)Cc1c2c(C3)c(CCCS(=O)(=O)O[Na])ccc2ccc1CCCS(=O)(=O)O[Na])C)C)C,C1=C(NC=N1)CCN,cucurbituril,3.8062000274658203,C[C@]12N3Cc4c(CCCS(=O)(=O)[O][Na])ccc5ccc(CCCS(=O)(=O)[O][Na])c(c45)CN1C(=O)N1CN4C(=O)N5CN6C(=O)N7CN8C(=O)N9Cc%10c(CCCS(=O)(=O)[O][Na])ccc%11ccc(CCCS(=O)(=O)[O][Na])c(c%10%11)CN%10C(=O)N(CN%11C(=O)N(CN%12C(=O)N(CN(C3=O)[C@]12C)[C@@H]4[C@H]%125)[C@@H]6[C@H]%117)[C@]8(C)[C@@]9%10C,830BF403FA9E63AA91A49B5FFFE151ED426E5A39758FD44461918B9242146194,HOST_CAN_0084,PASS,NCCc1cnc[nH]1,15D090429620CA099A147C5AB92E85222F180B20A16D7D5EE0B5A640A2C40D3F,GUEST_CAN_0811,PASS,GINE,2,guest_cold,2,2.9901955127716064
1779,19,968,O=C1N(CC4=CC=C(C(O)=O)C=C4)C3C(N(CN%21C%20=O)C(N3CN(C(N7CN(C(N%11CN(C(N%15CN(C(N%19CN%20C%23C%21N(CC%25=CC=C(C(O)=O)C=C%25)C(N%23CC%24=CC=C(C(O)=O)C=C%24)=O)=O)C%17C%19N(CC%22=CC=C(C(O)=O)C=C%22)C(N%17CC%18=CC=C(C(O)=O)C=C%18)=O)=O)C%13C%15N(CC%16=CC=C(C(O)=O)C=C%16)C(N%13CC%14=CC=C(C(O)=O)C=C%14)=O)=O)C9C%11N(CC%12=CC=C(C(O)=O)C=C%12)C(N9CC%10=CC=C(C(O)=O)C=C%10)=O)=O)C5C7N(CC8=CC=C(C(O)=O)C=C8)C(N5CC6=CC=C(C(O)=O)C=C6)=O)=O)N1CC2=CC=C(C(O)=O)C=C2,F[P-](F)(F)(F)(F)F,other,6.342400074005127,O=C(O)c1ccc(CN2C(=O)N(Cc3ccc(C(=O)O)cc3)C3C2N2CN4C(=O)N(CN5C(=O)N(CN6C(=O)N(CN7C(=O)N(CN8C(=O)N(CN3C2=O)C2C8N(Cc3ccc(C(=O)O)cc3)C(=O)N2Cc2ccc(C(=O)O)cc2)C2C7N(Cc3ccc(C(=O)O)cc3)C(=O)N2Cc2ccc(C(=O)O)cc2)C2C6N(Cc3ccc(C(=O)O)cc3)C(=O)N2Cc2ccc(C(=O)O)cc2)C2C5N(Cc3ccc(C(=O)O)cc3)C(=O)N2Cc2ccc(C(=O)O)cc2)C2C4N(Cc3ccc(C(=O)O)cc3)C(=O)N2Cc2ccc(C(=O)O)cc2)cc1,5BFAE42297A9EBC8CE307175405F2DA12222FDEAA2AA87FF2D5843CBEC077A9C,HOST_CAN_0133,PASS,F[P-](F)(F)(F)(F)F,A262CD2921905BC671D6FD8DAF592570F91A90F0DE9F979FD71B2E8C99F8A438,GUEST_CAN_0706,PASS,GINE,2,guest_cold,2,5.692234992980957
1780,8,63,C1N2C3C4N(C2=O)CN5C6C7N(C5=O)CN8C9C2N(C8=O)CN5C8C%10N(C5=O)CN5C%11C%12N(C5=O)CN5C%13C(N1C5=O)N1CN3C(=O)N4CN6C(=O)N7CN9C(=O)N2CN8C(=O)N%10CN%11C(=O)N%12CN%13C1=O,[Rb+],cucurbituril,2.680000066757202,O=C1N2CN3C(=O)N4CN5C(=O)N6CN7C(=O)N8CN9C(=O)N%10CN%11C(=O)N%12CN1C1C2N2CN%13C(=O)N(CN%14C(=O)N(CN%15C(=O)N(CN%16C(=O)N(CN%17C(=O)N(CN1C2=O)C%12C%11%17)C%10C9%16)C8C7%15)C6C5%14)C4C3%13,2526C525F966BEE6CB589BBB60C9F4124C02584847747BDAFF4E92B4462536E8,HOST_CAN_0149,PASS,[Rb+],A81E1030429F736D8E35EA84C21CDFC8BA21CABFAB462465BE82BDA25EAD58DF,GUEST_CAN_1109,PASS,GINE,2,guest_cold,2,2.4162070751190186
1788,3,972,OC[C@H]1O[C@@H]2O[C@@H]3[C@@H](CO)O[C@H](O[C@@H]4[C@@H](CO)O[C@H](O[C@@H]5[C@@H](CO)O[C@H](O[C@@H]6[C@@H](CO)O[C@H](O[C@@H]7[C@@H](CO)O[C@H](O[C@@H]8[C@@H](CO)O[C@H](O[C@H]1[C@H](O)[C@H]2O)[C@H](O)[C@H]8O)[C@H](O)[C@H]7O)[C@H](O)[C@H]6O)[C@H](O)[C@H]5O)[C@H](O)[C@H]4O)[C@H](O)[C@H]3O,CC1=CC2=C(C=C1C)N=C3C(=N2)C(=O)NC(=O)N3,cyclodextrin,2.984999895095825,OC[C@H]1O[C@@H]2O[C@H]3[C@H](O)[C@@H](O)[C@@H](O[C@H]4[C@H](O)[C@@H](O)[C@@H](O[C@H]5[C@H](O)[C@@H](O)[C@@H](O[C@H]6[C@H](O)[C@@H](O)[C@@H](O[C@H]7[C@H](O)[C@@H](O)[C@@H](O[C@H]8[C@H](O)[C@@H](O)[C@@H](O[C@H]1[C@H](O)[C@H]2O)O[C@@H]8CO)O[C@@H]7CO)O[C@@H]6CO)O[C@@H]5CO)O[C@@H]4CO)O[C@@H]3CO,22584443D9512992310760C9871E3E6BDB3EDC92006F3EF1EC94F44373907EB1,HOST_CAN_0176,PASS,Cc1cc2nc3[nH]c(=O)[nH]c(=O)c3nc2cc1C,7F5911F9B38BC5A709055C6A52842FCC11659FCD964D6896F3FC38743FBBF654,GUEST_CAN_0649,PASS,GINE,2,guest_cold,2,1.7608859539031982
1789,58,181,O=S(CCCOC1=C(CC2=CC(OCCCS(=O)([O-])=O)=C(C3)C=C2OCCCS(=O)([O-])=O)C=C(OCCCS(=O)([O-])=O)C(CC4=C(OCCCS(=O)([O-])=O)C=C(CC5=CC(OCCCS(=O)([O-])=O)=C(CC6=C(OCCCS(=O)([O-])=O)C=C3C(OCCCS(=O)([O-])=O)=C6)C=C5OCCCS(=O)([O-])=O)C(OCCCS(=O)([O-])=O)=C4)=C1)([O-])=O.[Na+].[Na+].[Na+].[Na+].[Na+].[Na+].[Na+].[Na+].[Na+].[Na+],C(CCC[NH3+])CC[NH3+].[Cl-].[Cl-],pillararene,5.049200057983398,O=S(=O)([O-])CCCOc1cc2c(OCCCS(=O)(=O)[O-])cc1Cc1cc(OCCCS(=O)(=O)[O-])c(cc1OCCCS(=O)(=O)[O-])Cc1cc(OCCCS(=O)(=O)[O-])c(cc1OCCCS(=O)(=O)[O-])Cc1cc(OCCCS(=O)(=O)[O-])c(cc1OCCCS(=O)(=O)[O-])Cc1cc(OCCCS(=O)(=O)[O-])c(cc1OCCCS(=O)(=O)[O-])C2.[Na+].[Na+].[Na+].[Na+].[Na+].[Na+].[Na+].[Na+].[Na+].[Na+],8E55C5A412B23CD95C7713D651F330D147B9931901ECBE48AB8C58473B83EFD3,HOST_CAN_0158,PASS,[Cl-].[Cl-].[NH3+]CCCCCC[NH3+],C5972710ADEA5F593934762CCF65EB152DFF548B5145AFDEFD51BD47BE3931B7,GUEST_CAN_1029,PASS,GINE,2,guest_cold,2,4.518497467041016
1799,147,976,c1cc2ccc1C[n+]1ccc(-c3ccc(-c4cc[n+](cc4)Cc4ccc(C[n+]5ccc(-c6ccc(-c7cc[n+](C2)cc7)cc6)cc5)cc4)cc3)cc1.[Cl-].[Cl-].[Cl-].[Cl-],OCC[N+](CCCCCCN1C(=O)c2ccc3c4c2c(C1=O)ccc4c1c2c3ccc3c2c(cc1)C(=O)N(C3=O)CCCCCC[N+](CCO)(C)C)(C)C.[Br-].[Br-],other,4.612800121307373,[Cl-].[Cl-].[Cl-].[Cl-].c1cc2ccc1C[n+]1ccc(cc1)-c1ccc(cc1)-c1cc[n+](cc1)Cc1ccc(cc1)C[n+]1ccc(cc1)-c1ccc(cc1)-c1cc[n+](cc1)C2,8838F5DB3CA725944E62DBB950261A7EF8FD82FF096002A58FF5E9CD907B8660,HOST_CAN_0178,PASS,C[N+](C)(CCO)CCCCCCN1C(=O)c2ccc3c4ccc5c6c(ccc(c7ccc(c2c37)C1=O)c64)C(=O)N(CCCCCC[N+](C)(C)CCO)C5=O.[Br-].[Br-],AE99F059438C3D3299A832737463288C081073C28EB561EB0AC0AA46B8AF3B16,GUEST_CAN_0587,PASS,GINE,2,guest_cold,2,5.761345386505127
1809,109,63,N12CCOCCOCCOCCN(CCOCCOCCOCC1)CCOCC(OCC2)CO,[Rb+],other,0.6998000144958496,OCC1COCCN2CCOCCOCCOCCN(CCOCCOCCOCC2)CCO1,DBB244EB3484C25754CB49358AAB55D5F1CBE448F138204AFE8509E4D673E477,HOST_CAN_0171,PASS,[Rb+],A81E1030429F736D8E35EA84C21CDFC8BA21CABFAB462465BE82BDA25EAD58DF,GUEST_CAN_1109,PASS,GINE,2,guest_cold,2,1.8809218406677246
1814,11,53,C1N2C3C4N(C2=O)CN5C6C7N(C5=O)CN8C9C2N(C8=O)CN5C8C%10N(C5=O)CN5C%11C%12N(C5=O)CN5C%13C%14N(C5=O)CN5C%15C%16N(C5=O)CN5C%17C(N1C5=O)N1CN3C(=O)N4CN6C(=O)N7CN9C(=O)N2CN8C(=O)N%10CN%11C(=O)N%12CN%13C(=O)N%14CN%15C(=O)N%16CN%17C1=O,[Na+].[Cl-],cucurbituril,2.490000009536743,O=C1N2CN3C(=O)N4CN5C(=O)N6CN7C(=O)N8CN9C(=O)N%10CN%11C(=O)N%12CN%13C(=O)N%14CN%15C(=O)N%16CN1C1C2N2CN%17C(=O)N(CN%18C(=O)N(CN%19C(=O)N(CN%20C(=O)N(CN%21C(=O)N(CN%22C(=O)N(CN%23C(=O)N(CN1C2=O)C%16C%15%23)C%14C%13%22)C%12C%11%21)C%10C9%20)C8C7%19)C6C5%18)C4C3%17,E82CB7F52437B0147F435E3074F006752062FF8924E87C1DAF3210D182FF633B,HOST_CAN_0143,PASS,[Cl-].[Na+],75BE434EC1982F4169BCC68DFF522D1CE80C4ED9F32BD5BD82D1768FC8A5ED44,GUEST_CAN_1040,PASS,GINE,2,guest_cold,2,3.07606840133667
1815,148,962,COC[C@H]1O[C@@H]2O[C@H]3[C@H](COC)O[C@H]([C@H]([C@@H]3OC)OC)O[C@H]3[C@H](COC)O[C@H]([C@H]([C@@H]3OC)OC)O[C@H]3[C@H](COC)O[C@H]([C@H]([C@@H]3OC)OC)O[C@H]3[C@@H](O[C@@H](O[C@@H]4[C@H](O[C@H](O[C@@H]5[C@H](O[C@H](O[C@H]1[C@@H]([C@H]2OC)OC)[C@H](OC)[C@H]5OC)COc1cccc2c1nccc2)[C@H](OC)[C@H]4OC)COC)[C@@H](OC)[C@@H]3OC)COC,[Na]OS(=O)(=O)CCNOC(=O)CCC([C@H]1CC[C@@H]2[C@]1(C)[C@@H](O)C[C@H]1[C@H]2[C@H](O)C[C@H]2[C@]1(C)CC[C@H](C2)O)C,cyclodextrin,3.940000057220459,COC[C@@H]1O[C@H]2O[C@@H]3[C@@H](OC)[C@H](OC)[C@H](O[C@H]4[C@H](OC)[C@@H](OC)[C@@H](O[C@H]5[C@H](OC)[C@@H](OC)[C@@H](O[C@H]6[C@H](OC)[C@@H](OC)[C@@H](O[C@@H]7[C@@H](OC)[C@H](OC)[C@H](O[C@@H]8[C@@H](OC)[C@H](OC)[C@H](O[C@@H]1[C@@H](OC)[C@@H]2OC)O[C@H]8COC)O[C@H]7COC)O[C@@H]6COC)O[C@@H]5COc1cccc2cccnc12)O[C@@H]4COC)O[C@H]3COC,BE6818D0F7F39A9C8E583555E0CBF232C6316093EE196DB44DE66AC74E86FDDD,HOST_CAN_0063,PASS,CC(CCC(=O)ONCCS(=O)(=O)[O][Na])[C@H]1CC[C@H]2[C@@H]3[C@H](O)C[C@@H]4C[C@H](O)CC[C@]4(C)[C@H]3C[C@H](O)[C@]12C,129254C5F67D4EE16CF4AC86FDA70C944CAE4F992A0551A482429E978B0610E7,GUEST_CAN_0172,PASS,GINE,2,guest_cold,2,3.155748128890991
1825,147,983,c1cc2ccc1C[n+]1ccc(-c3ccc(-c4cc[n+](cc4)Cc4ccc(C[n+]5ccc(-c6ccc(-c7cc[n+](C2)cc7)cc6)cc5)cc4)cc3)cc1.[Cl-].[Cl-].[Cl-].[Cl-],OCC[N+](CCCCN1C(=O)c2ccc3c4c2c(C1=O)ccc4c1c2c3ccc3c2c(cc1)C(=O)N(C3=O)CCCC[N+](CCO)(C)C)(C)C.[Br-].[Br-],other,4.732399940490723,[Cl-].[Cl-].[Cl-].[Cl-].c1cc2ccc1C[n+]1ccc(cc1)-c1ccc(cc1)-c1cc[n+](cc1)Cc1ccc(cc1)C[n+]1ccc(cc1)-c1ccc(cc1)-c1cc[n+](cc1)C2,8838F5DB3CA725944E62DBB950261A7EF8FD82FF096002A58FF5E9CD907B8660,HOST_CAN_0178,PASS,C[N+](C)(CCO)CCCCN1C(=O)c2ccc3c4ccc5c6c(ccc(c7ccc(c2c37)C1=O)c64)C(=O)N(CCCC[N+](C)(C)CCO)C5=O.[Br-].[Br-],DB27A13BC4EE4B812D8E74DC994F1D77C4759F38B61BBC1AE905369F9ABBA4F0,GUEST_CAN_0588,PASS,GINE,2,guest_cold,2,5.610417366027832
1832,129,313,COc1ccc2c(c1OCCOCCOCCOCCn1nnc(c1)COC13N4CN5[C@@H]6N7CN1C(=O)N1C3N(C4=O)CN3C4N(C1)C(=O)N1C4N(C3=O)CN3C4N(C1)C(=O)N1C4N(C3=O)CN3C(=O)N4CN8C(=O)N9CN(C5=O)[C@H]6N(C7=O)CN5[C@@H]9C8N(C5=O)CN5C4C3N(C1)C5=O)c[n+]1c(-c3cc4OCOc4cc3CC1)c2.[Br-],C(CCN)CCN,cucurbituril,3.8420000076293945,COc1ccc2cc3[n+](cc2c1OCCOCCOCCOCCn1cc(COC24C5N6CN7C(=O)N8CN9C(=O)N%10CN%11C(=O)N%12CN%13C(=O)N%14CN%15C(=O)N(CN2C6=O)[C@H]2[C@@H]%15N6CN%15C(=O)N(CN%16C(=O)N(CN%17C(=O)N(CN%18C(=O)N(CN5C(=O)N4CN2C6=O)C7C8%18)C9C%17%10)C%11C%16%12)C%13[C@@H]%15%14)nn1)CCc1cc2c(cc1-3)OCO2.[Br-],C6028DF2BF6BC14E931358CC886F67DB5852B3C2DAB9FCC4554578A323F6EEF9,HOST_CAN_0081,PASS,NCCCCCN,686B1F1D37E58EE9E8D62CED35D9E35B25EB8DBA4BB8BAA773577CEE8422D320,GUEST_CAN_0794,PASS,GINE,2,guest_cold,2,4.866053581237793
1836,18,820,CC1=C2C3=CC4=C1OC5C6=CC7=CC(=C6)OC8=CC(=CC(=C8)C(=O)O)OC9=CC1=CC(=C9)C6OC8=C(C=C(C4CCC(=O)O)C(=C8C)O5)C(C4=C(O6)C(=C5C(=C4)C(C4=C6C(=C(C(=C4)C3CCC(=O)O)OC(O2)C2=CC(=CC(=C2)OC2=CC(=CC(=C2)C(=O)O)OC2=CC(=CC(=C2)C(O5)O6)OC2=CC(=CC(=C2)C(=O)O)O1)OC1=CC(=CC(=C1)C(=O)O)O7)C)CCC(=O)O)C)CCC(=O)O,C1=CC(=CC=C1C#N)C(=O)O,cavitand,3.772700071334839,Cc1c2c3cc4c1OC1Oc5c(cc6c(c5C)OC5Oc7c(cc8c(c7C)OC7Oc9c(cc(c(c9C)OC(O2)c2cc9cc(c2)Oc2cc(cc(C(=O)O)c2)Oc2cc(cc7c2)Oc2cc(cc(C(=O)O)c2)Oc2cc(cc5c2)Oc2cc(cc(C(=O)O)c2)Oc2cc(cc1c2)Oc1cc(cc(C(=O)O)c1)O9)C3CCC(=O)O)C8CCC(=O)O)C6CCC(=O)O)C4CCC(=O)O,326FFD4B5C5565D32207155C0B129AE16AFCA7B3342F0DAD815C24AB8DFA8483,HOST_CAN_0099,PASS,N#Cc1ccc(C(=O)O)cc1,4958BD941DCC40F0212E4E3C5AB66B223F86FDC2B2586D53FB4D501BF6D4B60C,GUEST_CAN_0716,PASS,GINE,2,guest_cold,2,3.2354910373687744
1841,30,988,C1C2=CC(=CC(=C2O)CC3=CC(=CC(=C3O)CC4=CC(=CC(=C4O)CC5=C(C(=CC(=C5)S(=O)(=O)[O-])CC6=C(C(=CC(=C6)S(=O)(=O)[O-])CC7=C(C1=CC(=C7)S(=O)(=O)[O-])O)O)O)S(=O)(=O)[O-])S(=O)(=O)[O-])S(=O)(=O)[O-],C1CC2=C3C(=C4C(=C2)C(=C5C=C6CCC[N+]7=C6C(=C5O4)CCC7)C#N)CCCN3C1.[O-]Cl(=O)(=O)=O,calixarene,5.041399955749512,O=S(=O)([O-])c1cc2c(O)c(c1)Cc1cc(S(=O)(=O)[O-])cc(c1O)Cc1cc(S(=O)(=O)[O-])cc(c1O)Cc1cc(S(=O)(=O)[O-])cc(c1O)Cc1cc(S(=O)(=O)[O-])cc(c1O)Cc1cc(S(=O)(=O)[O-])cc(c1O)C2,175E9D01D3A7DD7BE73E9B8659E8BAA0A16B2D5C4CCEFE3BEFED10121429BF10,HOST_CAN_0164,PASS,N#CC1=c2cc3c4c(c2Oc2c1cc1c5c2CCCN5CCC1)CCC[N+]=4CCC3.[O-][Cl+3]([O-])([O-])[O-],CC8ADDA07338DD3363A61BFDAA96CA681B48D518CD55E23319106440FDAF9FEB,GUEST_CAN_0711,PASS,GINE,2,guest_cold,2,4.4876885414123535
1847,17,37,COP(=O)(Cc1cc2ccc1OCc1cc(COc3ccc(cc3CP(=O)(OC)[O-])C(C)(C)c3ccc(OCc4cc(COc5ccc(C2(C)C)cc5CP(=O)(OC)[O-])cc(c4)[N+](=O)[O-])c(c3)CP(=O)(OC)[O-])cc(c1)[N+](=O)[O-])[O-],C1=CC(=C(C=C1C(CN)O)O)O,other,2.33240008354187,COP(=O)([O-])Cc1cc2ccc1OCc1cc(cc([N+](=O)[O-])c1)COc1ccc(cc1CP(=O)([O-])OC)C(C)(C)c1ccc(c(CP(=O)([O-])OC)c1)OCc1cc(cc([N+](=O)[O-])c1)COc1ccc(cc1CP(=O)([O-])OC)C2(C)C,5C9812D0AA59E8C93387DCBA9CDBD0E45705FA87B439937B162042CB092EC8B9,HOST_CAN_0069,PASS,NCC(O)c1ccc(O)c(O)c1,7F5D32A02DE5511E772E8422081F82EE16925B55633A6CB4BB4E730CF1565495,GUEST_CAN_0775,PASS,GINE,2,guest_cold,2,2.0559000968933105
1849,48,990,[Na]OS(=O)(=O)CCCOc1c2CN3C(=O)N4[C@]5([C@@]3(N(Cc2c(c2c1cccc2)OCCCS(=O)(=O)O[Na])C(=O)N5CN1[C@@]2(N(C4)C(=O)N3[C@]2(C)N(C1=O)Cc1c(C3)c(OCCCS(=O)(=O)O[Na])c2c(c1OCCCS(=O)(=O)O[Na])cccc2)C)C)C,OCc1ccc(cc1)CO,other,1.3978999853134155,C[C@]12N3Cc4c(c(OCCCS(=O)(=O)[O][Na])c5ccccc5c4OCCCS(=O)(=O)[O][Na])CN1C(=O)N1CN4C(=O)N5Cc6c(c(OCCCS(=O)(=O)[O][Na])c7ccccc7c6OCCCS(=O)(=O)[O][Na])CN6C(=O)N(CN(C3=O)[C@]12C)[C@]4(C)[C@@]56C,D18B807A904C56B05E199911FB10FFB774349CC49BBD32D2EFAFF4C892BA649F,HOST_CAN_0090,PASS,OCc1ccc(CO)cc1,4B4D89701A4F8685CE33E1F50AEFC1B6C00415A84B54FD9569BC841F35463E2B,GUEST_CAN_0984,PASS,GINE,2,guest_cold,2,3.2591710090637207
1860,85,996,OC[C@H]1O[C@@H]2O[C@@H]3[C@@H](CO)O[C@H](O[C@@H]4[C@@H](CO)O[C@H](O[C@@H]5[C@@H](CO)O[C@H](O[C@@H]6[C@@H](CO)O[C@H](O[C@@H]7[C@@H](CO)O[C@H](O[C@@H]8[C@@H](CO)O[C@H](O[C@@H]9[C@@H](CO)O[C@H](O[C@H]1[C@H](O)[C@H]2O)[C@H](O)[C@H]9O)[C@H](O)[C@H]8O)[C@H](O)[C@H]7O)[C@H](O)[C@H]6O)[C@H](O)[C@H]5O)[C@H](O)[C@H]4O)[C@H](O)[C@H]3O,O=C([O-])C12C[C@@H]3C[C@H](C1)C[C@H](C2)C3,cyclodextrin,2.428100109100342,OC[C@H]1O[C@@H]2O[C@H]3[C@H](O)[C@@H](O)[C@@H](O[C@H]4[C@H](O)[C@@H](O)[C@@H](O[C@H]5[C@H](O)[C@@H](O)[C@@H](O[C@H]6[C@H](O)[C@@H](O)[C@@H](O[C@H]7[C@H](O)[C@@H](O)[C@@H](O[C@H]8[C@H](O)[C@@H](O)[C@@H](O[C@H]9[C@H](O)[C@@H](O)[C@@H](O[C@H]1[C@H](O)[C@H]2O)O[C@@H]9CO)O[C@@H]8CO)O[C@@H]7CO)O[C@@H]6CO)O[C@@H]5CO)O[C@@H]4CO)O[C@@H]3CO,4E4982FCAA8A96CE9D40EDC97C9574B542F86F2BEB463ECAA6DCE3670D2F9B83,HOST_CAN_0177,PASS,O=C([O-])C12C[C@H]3C[C@@H](C1)C[C@@H](C2)C3,A3ECF38E4D71B8BEF4F258F4EFC2C5137DA744E14FBF1ECF7FF2EDA96E90311C,GUEST_CAN_0898,PASS,GINE,2,guest_cold,2,3.4809892177581787
1867,30,680,C1C2=CC(=CC(=C2O)CC3=CC(=CC(=C3O)CC4=CC(=CC(=C4O)CC5=C(C(=CC(=C5)S(=O)(=O)[O-])CC6=C(C(=CC(=C6)S(=O)(=O)[O-])CC7=C(C1=CC(=C7)S(=O)(=O)[O-])O)O)O)S(=O)(=O)[O-])S(=O)(=O)[O-])S(=O)(=O)[O-],[Cu+2],calixarene,4.14300012588501,O=S(=O)([O-])c1cc2c(O)c(c1)Cc1cc(S(=O)(=O)[O-])cc(c1O)Cc1cc(S(=O)(=O)[O-])cc(c1O)Cc1cc(S(=O)(=O)[O-])cc(c1O)Cc1cc(S(=O)(=O)[O-])cc(c1O)Cc1cc(S(=O)(=O)[O-])cc(c1O)C2,175E9D01D3A7DD7BE73E9B8659E8BAA0A16B2D5C4CCEFE3BEFED10121429BF10,HOST_CAN_0164,PASS,[Cu+2],ED0C6E693A7A5884686AB150159BE52926B09D0031C28F8313DEEC34DE61C27E,GUEST_CAN_1053,PASS,GINE,2,guest_cold,2,3.6466798782348633
1876,11,104,C1N2C3C4N(C2=O)CN5C6C7N(C5=O)CN8C9C2N(C8=O)CN5C8C%10N(C5=O)CN5C%11C%12N(C5=O)CN5C%13C%14N(C5=O)CN5C%15C%16N(C5=O)CN5C%17C(N1C5=O)N1CN3C(=O)N4CN6C(=O)N7CN9C(=O)N2CN8C(=O)N%10CN%11C(=O)N%12CN%13C(=O)N%14CN%15C(=O)N%16CN%17C1=O,C1CC2CCC1N=N2,cucurbituril,4.204100131988525,O=C1N2CN3C(=O)N4CN5C(=O)N6CN7C(=O)N8CN9C(=O)N%10CN%11C(=O)N%12CN%13C(=O)N%14CN%15C(=O)N%16CN1C1C2N2CN%17C(=O)N(CN%18C(=O)N(CN%19C(=O)N(CN%20C(=O)N(CN%21C(=O)N(CN%22C(=O)N(CN%23C(=O)N(CN1C2=O)C%16C%15%23)C%14C%13%22)C%12C%11%21)C%10C9%20)C8C7%19)C6C5%18)C4C3%17,E82CB7F52437B0147F435E3074F006752062FF8924E87C1DAF3210D182FF633B,HOST_CAN_0143,PASS,C1CC2CCC1N=N2,28524F2C321EA80222CEAE7EE74FE527F854D218FD4782A52CD6A817541C8DDA,GUEST_CAN_0024,PASS,GINE,2,guest_cold,2,3.1440792083740234
1877,1,143,C1C2=CC(=CC(=C2O)CC3=CC(=CC(=C3O)CC4=C(C(=CC(=C4)S(=O)(=O)O)CC5=C(C1=CC(=C5)S(=O)(=O)O)O)O)S(=O)(=O)O)S(=O)(=O)O,O.O.O.O.O.O.O.[Cl-].[Cl-].[Cl-].[La+3],calixarene,4.230400085449219,O=S(=O)(O)c1cc2c(O)c(c1)Cc1cc(S(=O)(=O)O)cc(c1O)Cc1cc(S(=O)(=O)O)cc(c1O)Cc1cc(S(=O)(=O)O)cc(c1O)C2,C1130CCDC8DA0C6458EF6C2E07E7F3330D8F8B055CBE4DEAADB70DC00C8CDFC1,HOST_CAN_0154,PASS,O.O.O.O.O.O.O.[Cl-].[Cl-].[Cl-].[La+3],1E37E2BF0692633D9CE24924BA2B24B23857130425674815F06A869898F2B330,GUEST_CAN_0843,PASS,GINE,2,guest_cold,2,3.469486713409424
1881,87,1002,CCCCOc1c(OCCCC)c2COCc3c(OCCCC)c(OCCCC)c(c4c3cccc4)COCc3c(c(c(COCc4c(c(c(COCc1c1c2cccc1)c1ccccc41)OCCCC)OCCCC)c1c3cccc1)OCCCC)OCCCC,c1cccc[cH+]c1,other,4.113900184631348,CCCCOc1c(OCCCC)c2c3ccccc3c1COCc1c(OCCCC)c(OCCCC)c(c3ccccc13)COCc1c(OCCCC)c(OCCCC)c(c3ccccc13)COCc1c(OCCCC)c(OCCCC)c(c3ccccc13)COC2,A699E12937358A216FBA45A53678131D8F7DBBB042BA5E7F52621C78F0465945,HOST_CAN_0031,PASS,c1ccc[cH+]cc1,6BB03BDE4A6109AC798A5A9E1D84BA4ADFDCA7B19B516009B3E287AE97F3E5E6,GUEST_CAN_1145,PASS,GINE,2,guest_cold,2,2.9013376235961914
1885,30,104,C1C2=CC(=CC(=C2O)CC3=CC(=CC(=C3O)CC4=CC(=CC(=C4O)CC5=C(C(=CC(=C5)S(=O)(=O)[O-])CC6=C(C(=CC(=C6)S(=O)(=O)[O-])CC7=C(C1=CC(=C7)S(=O)(=O)[O-])O)O)O)S(=O)(=O)[O-])S(=O)(=O)[O-])S(=O)(=O)[O-],C1CC2CCC1N=N2,calixarene,1.9138000011444092,O=S(=O)([O-])c1cc2c(O)c(c1)Cc1cc(S(=O)(=O)[O-])cc(c1O)Cc1cc(S(=O)(=O)[O-])cc(c1O)Cc1cc(S(=O)(=O)[O-])cc(c1O)Cc1cc(S(=O)(=O)[O-])cc(c1O)Cc1cc(S(=O)(=O)[O-])cc(c1O)C2,175E9D01D3A7DD7BE73E9B8659E8BAA0A16B2D5C4CCEFE3BEFED10121429BF10,HOST_CAN_0164,PASS,C1CC2CCC1N=N2,28524F2C321EA80222CEAE7EE74FE527F854D218FD4782A52CD6A817541C8DDA,GUEST_CAN_0024,PASS,GINE,2,guest_cold,2,2.2370245456695557
1894,11,1008,C1N2C3C4N(C2=O)CN5C6C7N(C5=O)CN8C9C2N(C8=O)CN5C8C%10N(C5=O)CN5C%11C%12N(C5=O)CN5C%13C%14N(C5=O)CN5C%15C%16N(C5=O)CN5C%17C(N1C5=O)N1CN3C(=O)N4CN6C(=O)N7CN9C(=O)N2CN8C(=O)N%10CN%11C(=O)N%12CN%13C(=O)N%14CN%15C(=O)N%16CN%17C1=O,O=C(CC[C@@H](C(=O)NCC(=O)NCC(=O)N)NC(=O)CNC(=O)CNC(=O)C)NCC[n+]1ccc(cc1)c1cc[n+](cc1)C,cucurbituril,6.322199821472168,O=C1N2CN3C(=O)N4CN5C(=O)N6CN7C(=O)N8CN9C(=O)N%10CN%11C(=O)N%12CN%13C(=O)N%14CN%15C(=O)N%16CN1C1C2N2CN%17C(=O)N(CN%18C(=O)N(CN%19C(=O)N(CN%20C(=O)N(CN%21C(=O)N(CN%22C(=O)N(CN%23C(=O)N(CN1C2=O)C%16C%15%23)C%14C%13%22)C%12C%11%21)C%10C9%20)C8C7%19)C6C5%18)C4C3%17,E82CB7F52437B0147F435E3074F006752062FF8924E87C1DAF3210D182FF633B,HOST_CAN_0143,PASS,CC(=O)NCC(=O)NCC(=O)N[C@@H](CCC(=O)NCC[n+]1ccc(-c2cc[n+](C)cc2)cc1)C(=O)NCC(=O)NCC(N)=O,9BA816CDF802995DD7CB78888555669E601F4F6C79A6D75C88CBAE90E92D43FA,GUEST_CAN_0081,PASS,GINE,2,guest_cold,2,5.551318168640137
1895,1,764,C1C2=CC(=CC(=C2O)CC3=CC(=CC(=C3O)CC4=C(C(=CC(=C4)S(=O)(=O)O)CC5=C(C1=CC(=C5)S(=O)(=O)O)O)O)S(=O)(=O)O)S(=O)(=O)O,C1(=CCC2=CC=C3C=CC=C4C=CC1C2=C34)/C=C/C3=CCN(C=C3)C,calixarene,2.8399999141693115,O=S(=O)(O)c1cc2c(O)c(c1)Cc1cc(S(=O)(=O)O)cc(c1O)Cc1cc(S(=O)(=O)O)cc(c1O)Cc1cc(S(=O)(=O)O)cc(c1O)C2,C1130CCDC8DA0C6458EF6C2E07E7F3330D8F8B055CBE4DEAADB70DC00C8CDFC1,HOST_CAN_0154,PASS,CN1C=CC(/C=C/C2=CCc3ccc4cccc5c4c3C2C=C5)=CC1,312B6A5D578A533AEA667D63213D9DB8EF06CBF8CAC67B375C184BC36324F841,GUEST_CAN_0416,PASS,GINE,2,guest_cold,2,4.606747150421143
1904,1,215,C1C2=CC(=CC(=C2O)CC3=CC(=CC(=C3O)CC4=C(C(=CC(=C4)S(=O)(=O)O)CC5=C(C1=CC(=C5)S(=O)(=O)O)O)O)S(=O)(=O)O)S(=O)(=O)O,CC(C(=O)O)N,calixarene,1.8920999765396118,O=S(=O)(O)c1cc2c(O)c(c1)Cc1cc(S(=O)(=O)O)cc(c1O)Cc1cc(S(=O)(=O)O)cc(c1O)Cc1cc(S(=O)(=O)O)cc(c1O)C2,C1130CCDC8DA0C6458EF6C2E07E7F3330D8F8B055CBE4DEAADB70DC00C8CDFC1,HOST_CAN_0154,PASS,CC(N)C(=O)O,6AC3AD1747D8E4C9B36EA5FBFB37965B87CCE816D9D72141F9005590B6D6FC3C,GUEST_CAN_0180,PASS,GINE,2,guest_cold,2,2.3169167041778564
1908,15,954,C1=C2C=C3C=C1OC4=CC(=CC(=C4)C(=O)O)OC5=CC6=CC(=C5)C7OC8=CC9=C1C=C8C(C4=C(O7)C=C5C(=C4)C(C4=CC7=C(C=C4OC2O5)OC2C4=CC(=CC(=C4)OC4=CC(=CC(=C4)C(=O)O)OC4=CC(=CC(=C4)OC4=CC(=CC(=C4)O6)C(=O)O)C(O9)OC4=C(C1CCC(=O)O)C=C(C7CCC(=O)O)C(=C4)O2)OC1=CC(=CC(=C1)O3)C(=O)O)CCC(=O)O)CCC(=O)O,C[C@@H]1CC[C@H](CC1)[N+](C)(C)C,cavitand,4.456399917602539,O=C(O)CCC1c2cc3c4cc2OC2Oc5cc6c(cc51)C(CCC(=O)O)c1cc5c7cc1OC(O6)c1cc6cc(c1)Oc1cc(cc(C(=O)O)c1)Oc1cc8cc(c1)C(Oc1cc(c(cc1C5CCC(=O)O)C3CCC(=O)O)OC(O4)c1cc(cc(c1)Oc1cc(cc(C(=O)O)c1)O8)Oc1cc(cc(C(=O)O)c1)Oc1cc(cc2c1)Oc1cc(cc(C(=O)O)c1)O6)O7,AE6E8A9B8E3ECDE32B65BE9B8736ECC23E2311A112E2CA1B78F35ECF9046A382,HOST_CAN_0117,PASS,C[N+](C)(C)[C@H]1CC[C@H](C)CC1,0F94948EB5E9BCC7622823095270E7F60C6621AA5737948B46BD519ADD5F96E2,GUEST_CAN_0580,PASS,GINE,2,guest_cold,2,3.291353702545166
1913,176,764,CCC1c2cc(C(C)c3cc(C(C)c4cc(C(C)c5cc1c(O)cc5O)c(O)cc4O)c(O)cc3O)c(O)cc2O,C1(=CCC2=CC=C3C=CC=C4C=CC1C2=C34)/C=C/C3=CCN(C=C3)C,other,5.361700057983398,CCC1c2cc(c(O)cc2O)C(C)c2cc(c(O)cc2O)C(C)c2cc(c(O)cc2O)C(C)c2cc1c(O)cc2O,46A6DDA139D6E902C92A2B544E887C33244535A26AF18F9518F006C12B3B6488,HOST_CAN_0022,PASS,CN1C=CC(/C=C/C2=CCc3ccc4cccc5c4c3C2C=C5)=CC1,312B6A5D578A533AEA667D63213D9DB8EF06CBF8CAC67B375C184BC36324F841,GUEST_CAN_0416,PASS,GINE,2,guest_cold,2,5.447511672973633
1916,55,56,OC1=C(CC2=CC(S(=O)([O-])=O)=CC(CC3=C(O)C4=CC(S(=O)([O-])=O)=C3)=C2O)C=C(S(=O)([O-])=O)C=C1CC5=C(O)C(CC6=CC(S(=O)([O-])=O)=CC(CC7=CC(S(=O)([O-])=O)=CC(CC8=C(O)C(CC9=CC(S(=O)([O-])=O)=CC(C4)=C9O)=CC(S(=O)([O-])=O)=C8)=C7OCCN)=C6O)=CC(S(=O)([O-])=O)=C5,CCCC(C(=O)O)N,calixarene,1.8324999809265137,NCCOc1c2cc(S(=O)(=O)[O-])cc1Cc1cc(S(=O)(=O)[O-])cc(c1O)Cc1cc(S(=O)(=O)[O-])cc(c1O)Cc1cc(S(=O)(=O)[O-])cc(c1O)Cc1cc(S(=O)(=O)[O-])cc(c1O)Cc1cc(S(=O)(=O)[O-])cc(c1O)Cc1cc(S(=O)(=O)[O-])cc(c1O)Cc1cc(S(=O)(=O)[O-])cc(c1O)C2,46CD7FE84C8D6C4EF795EC2A85AC98203C8613778274664FF650C7423640E7D1,HOST_CAN_0112,PASS,CCCC(N)C(=O)O,81F3215F9F46874A7436620E7AD92167936CF997FB3F203D4397A018C4B56861,GUEST_CAN_0268,PASS,GINE,2,guest_cold,2,2.303166389465332
1918,8,775,C1N2C3C4N(C2=O)CN5C6C7N(C5=O)CN8C9C2N(C8=O)CN5C8C%10N(C5=O)CN5C%11C%12N(C5=O)CN5C%13C(N1C5=O)N1CN3C(=O)N4CN6C(=O)N7CN9C(=O)N2CN8C(=O)N%10CN%11C(=O)N%12CN%13C1=O,[Al](Cl)(Cl)Cl,cucurbituril,3.809999942779541,O=C1N2CN3C(=O)N4CN5C(=O)N6CN7C(=O)N8CN9C(=O)N%10CN%11C(=O)N%12CN1C1C2N2CN%13C(=O)N(CN%14C(=O)N(CN%15C(=O)N(CN%16C(=O)N(CN%17C(=O)N(CN1C2=O)C%12C%11%17)C%10C9%16)C8C7%15)C6C5%14)C4C3%13,2526C525F966BEE6CB589BBB60C9F4124C02584847747BDAFF4E92B4462536E8,HOST_CAN_0149,PASS,[Cl][Al]([Cl])[Cl],F0478BBF39EF8FA089A0406FAD4DCAB78BB558C588F75029CDF3016B33C77BE3,GUEST_CAN_1043,PASS,GINE,2,guest_cold,2,2.3358466625213623
1922,40,1015,CCCOC1=C(CC2=C3)C=C(CN4C=C[N+](C)=C4)C=C1CC5=CC(CN6C=C[N+](C)=C6)=CC(CC7=CC(CN8C=[N+](C)C=C8)=CC(CC(C=C3CN9C=[N+](C)C=C9)=C2OCCC)=C7OCCC)=C5OCCC.[Cl-].[Cl-].[Cl-].[Cl-],OC(C(C(=O)[O-])O)C(=O)[O-],calixarene,3.9911999702453613,CCCOc1c2cc(Cn3cc[n+](C)c3)cc1Cc1cc(Cn3cc[n+](C)c3)cc(c1OCCC)Cc1cc(Cn3cc[n+](C)c3)cc(c1OCCC)Cc1cc(Cn3cc[n+](C)c3)cc(c1OCCC)C2.[Cl-].[Cl-].[Cl-].[Cl-],4995CE892BF426A6B84644652603CEBA2888332F3D209D40E8107789925FA342,HOST_CAN_0036,PASS,O=C([O-])C(O)C(O)C(=O)[O-],477ED5FA5EE2B8AAF7723162186B6194FC4B1C21E714CED028523B7E4A571B0C,GUEST_CAN_0897,PASS,GINE,2,guest_cold,2,2.7002415657043457
1924,64,847,CCCCOc1cc2COCc3cc(OCCCC)cc4c3cc(OCCCC)cc4COCc3c(OCCCC)ccc4c3ccc(c4COCc3c4c(c(COCc5c(c1)c2cc(c5)OCCCC)c(OCCCC)cc4)ccc3OCCCC)OCCCC,ClC1=CC=C(C[N+](CC2=CC=C(C=C2)Cl)(C)C)C=C1,other,5.818900108337402,CCCCOc1cc2c3cc(OCCCC)cc(c3c1)COCc1cc(OCCCC)cc3c(cc(OCCCC)cc13)COCc1c(OCCCC)ccc3c(c(OCCCC)ccc13)COCc1c(OCCCC)ccc3c(c(OCCCC)ccc13)COC2,05C5083FBF551B3C1AE048E85E6B7F5EB796F7835740F408D7B4DF1173E7C142,HOST_CAN_0032,PASS,C[N+](C)(Cc1ccc(Cl)cc1)Cc1ccc(Cl)cc1,DC8AD954C24345EA589C1DB08B22AB1D9E767AFB72F208616B6684F99AAA07E9,GUEST_CAN_0594,PASS,GINE,2,guest_cold,2,4.771559715270996
1929,49,544,[Na]OS(=O)(=O)CCCOc1ccc(c2c1CN1C(=O)N3[C@]4([C@@]1(N(C2)C(=O)N4CN1[C@@H]2N(C3)C(=O)N3[C@@H]2N(C1=O)CN1[C@@]2(N(C3)C(=O)N3[C@]2(C)N(C1=O)Cc1c(C3)c(OCCCS(=O)(=O)O[Na])ccc1OCCCS(=O)(=O)O[Na])C)C)C)OCCCS(=O)(=O)O[Na],C1CN(CCN1CCC2=C(C=C3C(=C2)CC(=O)N3)Cl)C4=NSC5=CC=CC=C54,other,3.079200029373169,C[C@]12N3Cc4c(OCCCS(=O)(=O)[O][Na])ccc(OCCCS(=O)(=O)[O][Na])c4CN1C(=O)N1CN4C(=O)N5CN6C(=O)N7Cc8c(OCCCS(=O)(=O)[O][Na])ccc(OCCCS(=O)(=O)[O][Na])c8CN8C(=O)N(CN9C(=O)N(CN(C3=O)[C@]12C)[C@@H]4[C@H]95)[C@]6(C)[C@@]78C,C826FABEE0CA0BEBE7AB2E620751B73EB48779DD6C9A550EDEC6672D0197E1E3,HOST_CAN_0086,PASS,O=C1Cc2cc(CCN3CCN(c4nsc5ccccc45)CC3)c(Cl)cc2N1,5C29CDC659AEEDE5E084EE663C3DDDAF5EC9373DB128425FD8B71EF81BA66DC6,GUEST_CAN_0920,PASS,GINE,2,guest_cold,2,5.672473430633545
1934,1,288,C1C2=CC(=CC(=C2O)CC3=CC(=CC(=C3O)CC4=C(C(=CC(=C4)S(=O)(=O)O)CC5=C(C1=CC(=C5)S(=O)(=O)O)O)O)S(=O)(=O)O)S(=O)(=O)O,CC(C)C(C(=O)O)NC(=O)CN,calixarene,3.240000009536743,O=S(=O)(O)c1cc2c(O)c(c1)Cc1cc(S(=O)(=O)O)cc(c1O)Cc1cc(S(=O)(=O)O)cc(c1O)Cc1cc(S(=O)(=O)O)cc(c1O)C2,C1130CCDC8DA0C6458EF6C2E07E7F3330D8F8B055CBE4DEAADB70DC00C8CDFC1,HOST_CAN_0154,PASS,CC(C)C(NC(=O)CN)C(=O)O,C7C4F9D491E695E32FCA9610C29E6F26B277BB7597A85B98A5CB97B4FB2C694B,GUEST_CAN_0128,PASS,GINE,2,guest_cold,2,3.5616629123687744
1936,23,1020,OC[C@H]1O[C@@H]2O[C@@H]3[C@@H](CO)O[C@H](O[C@@H]4[C@@H](CO)O[C@H](O[C@@H]5[C@@H](CO)O[C@H](O[C@@H]6[C@@H](CO)O[C@H](O[C@@H]7[C@@H](CO)O[C@H](O[C@H]1[C@H](O)[C@H]2O)[C@H](O)[C@H]7O)[C@H](O)[C@H]6O)[C@H](O)[C@H]5O)[C@H](O)[C@H]4O)[C@H](O)[C@H]3O,C(C\C=C\CC)(=O)[O-],cyclodextrin,2.2067999839782715,OC[C@H]1O[C@@H]2O[C@H]3[C@H](O)[C@@H](O)[C@@H](O[C@H]4[C@H](O)[C@@H](O)[C@@H](O[C@H]5[C@H](O)[C@@H](O)[C@@H](O[C@H]6[C@H](O)[C@@H](O)[C@@H](O[C@H]7[C@H](O)[C@@H](O)[C@@H](O[C@H]1[C@H](O)[C@H]2O)O[C@@H]7CO)O[C@@H]6CO)O[C@@H]5CO)O[C@@H]4CO)O[C@@H]3CO,9CB41F926A4386D7C0E23599753E6EDC60802BE1DCF577DB9B32CBB20691DB1D,HOST_CAN_0175,PASS,CC/C=C/CC(=O)[O-],B125CCD6C82EE27F78EA80495E13A7A7C51688A1B984D600C4D813CABC6334CF,GUEST_CAN_0199,PASS,GINE,2,guest_cold,2,1.9150574207305908
1942,66,768,O=C1N(C2)[C@@](N3CN4[C@]5([H])N2C(N(CN6C(N(C7)[C@@](N8CN9[C@]%10(C)N7C(N(CC%11=C%12C(OCCCS(=O)(O[Na])=O)=CC=C%11OCCCS(=O)(O[Na])=O)[C@]%10(C)N(C%12)C9=O)=O)([H])[C@]6([H])N%13C8=O)=O)[C@]5([H])N(C%13)C4=O)=O)(C)[C@@]%14(C)N1CC%15=C(OCCCS(=O)(O[Na])=O)C=CC(OCCCS(=O)(O[Na])=O)=C%15CN%14C3=O,CCNC1=C(C=C2C(=C1)OC3=CC(=[NH+]CC)C(=CC3=C2C4=CC=CC=C4C(=O)OCC)C)C.[Cl-],cucurbituril,5.68120002746582,C[C@]12N3Cc4c(OCCCS(=O)(=O)[O][Na])ccc(OCCCS(=O)(=O)[O][Na])c4CN1C(=O)N1CN4C(=O)N5CN6C(=O)N7CN8C(=O)N9Cc%10c(OCCCS(=O)(=O)[O][Na])ccc(OCCCS(=O)(=O)[O][Na])c%10CN%10C(=O)N(CN%11C(=O)N(CN%12C(=O)N(CN(C3=O)[C@]12C)[C@@H]4[C@H]%125)[C@@H]6[C@H]%117)[C@]8(C)[C@@]9%10C,B0B6F4791435866F75671253874506D0002CE2D2DEBD31C6E0C5946D874F1D29,HOST_CAN_0085,PASS,CCNc1cc2oc3cc(=[NH+]CC)c(C)cc-3c(-c3ccccc3C(=O)OCC)c2cc1C.[Cl-],7747AE094C60B01CC68A562B284C6966F13F3487956DAAB5A7B13BEFB4A724EF,GUEST_CAN_0359,PASS,GINE,2,guest_cold,2,4.249981880187988
1945,114,962,COC[C@H]1O[C@@H]2O[C@H]3[C@H](COC)O[C@H]([C@H]([C@@H]3OC)OC)O[C@H]3[C@H](COC)O[C@H]([C@H]([C@@H]3OC)OC)O[C@H]3[C@H](COC)O[C@H]([C@H]([C@@H]3OC)OC)O[C@H]3[C@@H](O[C@@H](O[C@@H]4[C@H](O[C@H](O[C@@H]5[C@H](O[C@H](O[C@H]1[C@@H]([C@H]2OC)OC)[C@H](OC)[C@H]5OC)COc1cccc2c1cccc2)[C@H](OC)[C@H]4OC)COC)[C@@H](OC)[C@@H]3OC)COC,[Na]OS(=O)(=O)CCNOC(=O)CCC([C@H]1CC[C@@H]2[C@]1(C)[C@@H](O)C[C@H]1[C@H]2[C@H](O)C[C@H]2[C@]1(C)CC[C@H](C2)O)C,cyclodextrin,3.5820999145507812,COC[C@@H]1O[C@H]2O[C@@H]3[C@@H](OC)[C@H](OC)[C@H](O[C@H]4[C@H](OC)[C@@H](OC)[C@@H](O[C@H]5[C@H](OC)[C@@H](OC)[C@@H](O[C@H]6[C@H](OC)[C@@H](OC)[C@@H](O[C@@H]7[C@@H](OC)[C@H](OC)[C@H](O[C@@H]8[C@@H](OC)[C@H](OC)[C@H](O[C@@H]1[C@@H](OC)[C@@H]2OC)O[C@H]8COC)O[C@H]7COC)O[C@@H]6COC)O[C@@H]5COc1cccc2ccccc12)O[C@@H]4COC)O[C@H]3COC,7AE19FA8EF87D27413EA05F1D5DD130463E6A866CDA3A89A21EED2C3F3D61191,HOST_CAN_0062,PASS,CC(CCC(=O)ONCCS(=O)(=O)[O][Na])[C@H]1CC[C@H]2[C@@H]3[C@H](O)C[C@@H]4C[C@H](O)CC[C@]4(C)[C@H]3C[C@H](O)[C@]12C,129254C5F67D4EE16CF4AC86FDA70C944CAE4F992A0551A482429E978B0610E7,GUEST_CAN_0172,PASS,GINE,2,guest_cold,2,3.160839080810547
1949,63,988,Oc1c2Cc3cc(cc(c3O)Cc3cc(cc(c3O)Cc3cc(cc(c3O)Cc3cc(cc(Cc4c(c(Cc5c(c(Cc6c(c(Cc1cc(c2)S(=O)(=O)[O-])cc(c6)S(=O)(=O)[O-])O)cc(c5)S(=O)(=O)[O-])O)cc(c4)S(=O)(=O)[O-])O)c3O)S(=O)(=O)[O-])S(=O)(=O)[O-])S(=O)(=O)[O-])S(=O)(=O)[O-],C1CC2=C3C(=C4C(=C2)C(=C5C=C6CCC[N+]7=C6C(=C5O4)CCC7)C#N)CCCN3C1.[O-]Cl(=O)(=O)=O,calixarene,5.6579999923706055,O=S(=O)([O-])c1cc2c(O)c(c1)Cc1cc(S(=O)(=O)[O-])cc(c1O)Cc1cc(S(=O)(=O)[O-])cc(c1O)Cc1cc(S(=O)(=O)[O-])cc(c1O)Cc1cc(S(=O)(=O)[O-])cc(c1O)Cc1cc(S(=O)(=O)[O-])cc(c1O)Cc1cc(S(=O)(=O)[O-])cc(c1O)Cc1cc(S(=O)(=O)[O-])cc(c1O)C2,3C24C9B25872FE0768A640DF44D242D9AEC5F3FA9C167A457997BAE8D628FFF1,HOST_CAN_0166,PASS,N#CC1=c2cc3c4c(c2Oc2c1cc1c5c2CCCN5CCC1)CCC[N+]=4CCC3.[O-][Cl+3]([O-])([O-])[O-],CC8ADDA07338DD3363A61BFDAA96CA681B48D518CD55E23319106440FDAF9FEB,GUEST_CAN_0711,PASS,GINE,2,guest_cold,2,4.4876885414123535
1953,8,556,C1N2C3C4N(C2=O)CN5C6C7N(C5=O)CN8C9C2N(C8=O)CN5C8C%10N(C5=O)CN5C%11C%12N(C5=O)CN5C%13C(N1C5=O)N1CN3C(=O)N4CN6C(=O)N7CN9C(=O)N2CN8C(=O)N%10CN%11C(=O)N%12CN%13C1=O,[Cl-].[Rb+],cucurbituril,4.301000118255615,O=C1N2CN3C(=O)N4CN5C(=O)N6CN7C(=O)N8CN9C(=O)N%10CN%11C(=O)N%12CN1C1C2N2CN%13C(=O)N(CN%14C(=O)N(CN%15C(=O)N(CN%16C(=O)N(CN%17C(=O)N(CN1C2=O)C%12C%11%17)C%10C9%16)C8C7%15)C6C5%14)C4C3%13,2526C525F966BEE6CB589BBB60C9F4124C02584847747BDAFF4E92B4462536E8,HOST_CAN_0149,PASS,[Cl-].[Rb+],F45F5EBA18BFE44CAB128A2E84C8B34A3194175A1497FEDAE86348640AB59865,GUEST_CAN_1041,PASS,GINE,2,guest_cold,2,2.9845011234283447
1962,0,140,O=C1N(C2)[C@@](N3CN4[C@]5([H])N2C(N(CN6C(N(C7)[C@@](N8CN9[C@]%10(C)N7C(N(CC%11=C%12C(OCCCS(=O)(O[Na])=O)=C(C=CC=C%13)C%13=C%11OCCCS(=O)(O[Na])=O)[C@]%10(C)N(C%12)C9=O)=O)([H])[C@]6([H])N%14C8=O)=O)[C@]5([H])N(C%14)C4=O)=O)(C)[C@@]%15(C)N1CC%16=C(OCCCS(=O)(O[Na])=O)C(C=CC=C%17)=C%17C(OCCCS(=O)(O[Na])=O)=C%16CN%15C3=O,C[N+]1(CCC2=CC(=C(C=C2C1CC3=CC(=C(C=C3)OC)OC)OC)OC)CCC(=O)OCCCCCOC(=O)CC[N+]4(CCC5=CC(=C(C=C5C4CC6=CC(=C(C=C6)OC)OC)OC)OC)C,cucurbituril,6.68120002746582,C[C@]12N3Cc4c(c(OCCCS(=O)(=O)[O][Na])c5ccccc5c4OCCCS(=O)(=O)[O][Na])CN1C(=O)N1CN4C(=O)N5CN6C(=O)N7CN8C(=O)N9Cc%10c(c(OCCCS(=O)(=O)[O][Na])c%11ccccc%11c%10OCCCS(=O)(=O)[O][Na])CN%10C(=O)N(CN%11C(=O)N(CN%12C(=O)N(CN(C3=O)[C@]12C)[C@@H]4[C@H]%125)[C@@H]6[C@H]%117)[C@]8(C)[C@@]9%10C,9EF4AEE70348DBF45901607A97132AC332124AFAE94A1B457DED67D40489BA37,HOST_CAN_0088,PASS,COc1ccc(CC2c3cc(OC)c(OC)cc3CC[N+]2(C)CCC(=O)OCCCCCOC(=O)CC[N+]2(C)CCc3cc(OC)c(OC)cc3C2Cc2ccc(OC)c(OC)c2)cc1OC,7CB80D14DBDE4459301A58035D4B211AB0E120E8FE777FBFBF14FB9517D00D03,GUEST_CAN_0486,PASS,GINE,2,guest_cold,2,5.044167518615723
1963,3,1025,OC[C@H]1O[C@@H]2O[C@@H]3[C@@H](CO)O[C@H](O[C@@H]4[C@@H](CO)O[C@H](O[C@@H]5[C@@H](CO)O[C@H](O[C@@H]6[C@@H](CO)O[C@H](O[C@@H]7[C@@H](CO)O[C@H](O[C@@H]8[C@@H](CO)O[C@H](O[C@H]1[C@H](O)[C@H]2O)[C@H](O)[C@H]8O)[C@H](O)[C@H]7O)[C@H](O)[C@H]6O)[C@H](O)[C@H]5O)[C@H](O)[C@H]4O)[C@H](O)[C@H]3O,C1=CC=C(C=C1)C(=O)[O-],cyclodextrin,1.2014000415802002,OC[C@H]1O[C@@H]2O[C@H]3[C@H](O)[C@@H](O)[C@@H](O[C@H]4[C@H](O)[C@@H](O)[C@@H](O[C@H]5[C@H](O)[C@@H](O)[C@@H](O[C@H]6[C@H](O)[C@@H](O)[C@@H](O[C@H]7[C@H](O)[C@@H](O)[C@@H](O[C@H]8[C@H](O)[C@@H](O)[C@@H](O[C@H]1[C@H](O)[C@H]2O)O[C@@H]8CO)O[C@@H]7CO)O[C@@H]6CO)O[C@@H]5CO)O[C@@H]4CO)O[C@@H]3CO,22584443D9512992310760C9871E3E6BDB3EDC92006F3EF1EC94F44373907EB1,HOST_CAN_0176,PASS,O=C([O-])c1ccccc1,A5BBB709EE4644C00BCFDDD8838E359DE0E999AA380102017E2F133B58E2BD0E,GUEST_CAN_0908,PASS,GINE,2,guest_cold,2,1.410365343093872
1976,44,63,C1COCCN2CCOCCOCCN1CCOCCOCC2,[Rb+],other,2.549999952316284,C1COCCN2CCOCCOCCN(CCO1)CCOCC2,32931B055F3C7DC5134671B8211003699C695F3A170DAFEAC54A6E2274B3149A,HOST_CAN_0003,PASS,[Rb+],A81E1030429F736D8E35EA84C21CDFC8BA21CABFAB462465BE82BDA25EAD58DF,GUEST_CAN_1109,PASS,GINE,2,guest_cold,2,2.181260108947754
1977,38,611,C1C2C3=CC=CC=C3C4=C5C6CC7=CC=CC=C7C8=CC(=CC(=C8)C9=CC=CC=C9CC3C7=CC=CC=C7C(=C24)C3=C5C2=CC=CC=C62)C2=CC=CC=C21,C1CC23CCC[N+]2(C1)CCC3.[Cl-],cyclophane,5.380199909210205,c1ccc2c(c1)CC1c3ccccc3-c3c1c1c4c5c3C(Cc3ccccc3-c3cc-2cc(c3)-c2ccccc2CC4c2ccccc2-1)c1ccccc1-5,7D60610AC6275537B6952E12359C97C789A38E2FA1295732E16AF89573CE95C4,HOST_CAN_0186,PASS,C1CC23CCC[N+]2(C1)CCC3.[Cl-],B4BDB306372D3D419AFF9AB09BAFA2C58EFDF74F4F38CF2F574FA0F07505CD04,GUEST_CAN_0019,PASS,GINE,2,guest_cold,2,4.566342353820801
1979,60,1030,CCCCOc1ccc2c3c1COCc1c(OCCCC)ccc4c1ccc1c4C4CC(O1)Oc1c4c4ccc(c(COCc5c6c(c7C8c2c(cc3)OC(C8)Oc7cc6)ccc5OCCCC)c4cc1)OCCCC,C(CCCC[N+]12CCN(CC1)CC2)CCCCC[N+]12CCN(CC1)CC2,other,11.146100044250488,CCCCOc1ccc2c3c4ccc2c1COCc1c(OCCCC)ccc2c5c(ccc12)OC1CC5c2c(ccc5c(c(OCCCC)ccc25)COCc2c(OCCCC)ccc5c6c(ccc25)OC(CC36)O4)O1,88DCF2D39B7DF2B43B3F0E5C1B57BDEDED9EEF541105412EB4DABE8747E45264,HOST_CAN_0034,PASS,C(CCCCC[N+]12CCN(CC1)CC2)CCCC[N+]12CCN(CC1)CC2,D9750F37E380C0BF910506B5C23BC4ECB16A72135C4596B6F3DE3EF1A78A649D,GUEST_CAN_0008,PASS,GINE,2,guest_cold,2,5.750017166137695
1981,162,50,C(=O)C1=C2C=CC=CC2=C(C2=CC=CC=C12)CN(C)CC1=C(C=CC=C1)B(O)O,C1=CC=C(C(=C1)O)O,other,3.3032000064849854,CN(Cc1ccccc1B(O)O)Cc1c2ccccc2c(C=O)c2ccccc12,94D0F2CFA16D5D9C6F171BB4E6068DE9E6A3490EDCC513574DAFB97B086AE44A,HOST_CAN_0051,PASS,Oc1ccccc1O,D6044096AF0493CF06B8B5FDAA8C090BB98BA46AF75026C46D7FE4ACEF4715BB,GUEST_CAN_1007,PASS,GINE,2,guest_cold,2,2.0354013442993164
1982,14,56,NCCOc1c2Cc3cc(cc(c3O)Cc3cc(cc(c3O)Cc3cc(cc(Cc4c(c(Cc5c(c(Cc1cc(c2)S(=O)(=O)O)cc(c5)S(=O)(=O)O)O)cc(c4)S(=O)(=O)O)O)c3O)S(=O)(=O)O)S(=O)(=O)O)S(=O)(=O)O,CCCC(C(=O)O)N,calixarene,2.2899999618530273,NCCOc1c2cc(S(=O)(=O)O)cc1Cc1cc(S(=O)(=O)O)cc(c1O)Cc1cc(S(=O)(=O)O)cc(c1O)Cc1cc(S(=O)(=O)O)cc(c1O)Cc1cc(S(=O)(=O)O)cc(c1O)Cc1cc(S(=O)(=O)O)cc(c1O)C2,C787A22C599703D921FA29CACAF002E9FF6ED12C44482B2905C84DCBDD5B4AC1,HOST_CAN_0110,PASS,CCCC(N)C(=O)O,81F3215F9F46874A7436620E7AD92167936CF997FB3F203D4397A018C4B56861,GUEST_CAN_0268,PASS,GINE,2,guest_cold,2,2.3544044494628906
1993,3,138,OC[C@H]1O[C@@H]2O[C@@H]3[C@@H](CO)O[C@H](O[C@@H]4[C@@H](CO)O[C@H](O[C@@H]5[C@@H](CO)O[C@H](O[C@@H]6[C@@H](CO)O[C@H](O[C@@H]7[C@@H](CO)O[C@H](O[C@@H]8[C@@H](CO)O[C@H](O[C@H]1[C@H](O)[C@H]2O)[C@H](O)[C@H]8O)[C@H](O)[C@H]7O)[C@H](O)[C@H]6O)[C@H](O)[C@H]5O)[C@H](O)[C@H]4O)[C@H](O)[C@H]3O,CC1=CC2=C(C=C1N)[N+](=C3C=C(C(=CC3=N2)C)N)C4=CC=CC=C4.[Cl-],cyclodextrin,2.2040998935699463,OC[C@H]1O[C@@H]2O[C@H]3[C@H](O)[C@@H](O)[C@@H](O[C@H]4[C@H](O)[C@@H](O)[C@@H](O[C@H]5[C@H](O)[C@@H](O)[C@@H](O[C@H]6[C@H](O)[C@@H](O)[C@@H](O[C@H]7[C@H](O)[C@@H](O)[C@@H](O[C@H]8[C@H](O)[C@@H](O)[C@@H](O[C@H]1[C@H](O)[C@H]2O)O[C@@H]8CO)O[C@@H]7CO)O[C@@H]6CO)O[C@@H]5CO)O[C@@H]4CO)O[C@@H]3CO,22584443D9512992310760C9871E3E6BDB3EDC92006F3EF1EC94F44373907EB1,HOST_CAN_0176,PASS,Cc1cc2nc3cc(C)c(N)cc3[n+](-c3ccccc3)c2cc1N.[Cl-],6C23131E23824F74076AE480AD36D628F0F33D6700F3B35A67A21F791CA61E3F,GUEST_CAN_0650,PASS,GINE,2,guest_cold,2,2.099386215209961
2005,11,249,C1N2C3C4N(C2=O)CN5C6C7N(C5=O)CN8C9C2N(C8=O)CN5C8C%10N(C5=O)CN5C%11C%12N(C5=O)CN5C%13C%14N(C5=O)CN5C%15C%16N(C5=O)CN5C%17C(N1C5=O)N1CN3C(=O)N4CN6C(=O)N7CN9C(=O)N2CN8C(=O)N%10CN%11C(=O)N%12CN%13C(=O)N%14CN%15C(=O)N%16CN%17C1=O,COCCOCCOCCOCCOCCOCCOCCOCCOCCOCCOCCOCCOCCOCCOCCOCCOCCOCCOCCOCCOCCOCCOCCOCCOCCOCCOCCOCCOCCOCCOCCOCCOCCOCCOCCOCCOCCOCCOCCOCCOCCOCCOCCOCCOCCOCCOCCOCCOCCOCCOCCOCCOCCOCCOCCOCCOCCOCCOCCOCCOCCOCCOCCOCCOCCOCCOCCOCCOCCOCCOCCOCCOCCOCCOCCOCCOCCOCCOCCOCCOCCOCCOCCOCCOCCOCCOCCOCCOCCOCCOCCOCCOCCOCCOCCOCCOCCOCCOCCOCCOCCOCCOCCOCCOCCOCCOCCOCCOCCOCCOCCOCCOCCOCCOC(=O)Nc1cc2oc3c(c2cc1OC)cccc3,cucurbituril,5.374100208282471,O=C1N2CN3C(=O)N4CN5C(=O)N6CN7C(=O)N8CN9C(=O)N%10CN%11C(=O)N%12CN%13C(=O)N%14CN%15C(=O)N%16CN1C1C2N2CN%17C(=O)N(CN%18C(=O)N(CN%19C(=O)N(CN%20C(=O)N(CN%21C(=O)N(CN%22C(=O)N(CN%23C(=O)N(CN1C2=O)C%16C%15%23)C%14C%13%22)C%12C%11%21)C%10C9%20)C8C7%19)C6C5%18)C4C3%17,E82CB7F52437B0147F435E3074F006752062FF8924E87C1DAF3210D182FF633B,HOST_CAN_0143,PASS,COCCOCCOCCOCCOCCOCCOCCOCCOCCOCCOCCOCCOCCOCCOCCOCCOCCOCCOCCOCCOCCOCCOCCOCCOCCOCCOCCOCCOCCOCCOCCOCCOCCOCCOCCOCCOCCOCCOCCOCCOCCOCCOCCOCCOCCOCCOCCOCCOCCOCCOCCOCCOCCOCCOCCOCCOCCOCCOCCOCCOCCOCCOCCOCCOCCOCCOCCOCCOCCOCCOCCOCCOCCOCCOCCOCCOCCOCCOCCOCCOCCOCCOCCOCCOCCOCCOCCOCCOCCOCCOCCOCCOCCOCCOCCOCCOCCOCCOCCOCCOCCOCCOCCOCCOCCOCCOCCOCCOCCOCCOCCOCCOCCOCCOC(=O)Nc1cc2oc3ccccc3c2cc1OC,57D6B7B590414ACD7074207B73B61A4F4568B8DA1E02991C6343F12F100B783C,GUEST_CAN_0470,PASS,GINE,2,guest_cold,2,4.968072891235352
2007,8,1035,C1N2C3C4N(C2=O)CN5C6C7N(C5=O)CN8C9C2N(C8=O)CN5C8C%10N(C5=O)CN5C%11C%12N(C5=O)CN5C%13C(N1C5=O)N1CN3C(=O)N4CN6C(=O)N7CN9C(=O)N2CN8C(=O)N%10CN%11C(=O)N%12CN%13C1=O,C(CC)#N,cucurbituril,2.569999933242798,O=C1N2CN3C(=O)N4CN5C(=O)N6CN7C(=O)N8CN9C(=O)N%10CN%11C(=O)N%12CN1C1C2N2CN%13C(=O)N(CN%14C(=O)N(CN%15C(=O)N(CN%16C(=O)N(CN%17C(=O)N(CN1C2=O)C%12C%11%17)C%10C9%16)C8C7%15)C6C5%14)C4C3%13,2526C525F966BEE6CB589BBB60C9F4124C02584847747BDAFF4E92B4462536E8,HOST_CAN_0149,PASS,CCC#N,04A03F058ECCD2785575484CEDBD737375172F2B3EB3133CB220B3CDCBDDBC07,GUEST_CAN_0248,PASS,GINE,2,guest_cold,2,2.2826690673828125
2016,110,140,O=S(OC1=C(CC2=C(OS(=O)([O-])=O)C=C(CC3=C(OS(=O)([O-])=O)C=C(CC4=C(OS(=O)([O-])=O)C=C(CC5=CC(OS(=O)([O-])=O)=C(CC6=C(OS(=O)([O-])=O)C=C(C7)C(OS(=O)([O-])=O)=C6)C=C5OS(=O)([O-])=O)C(OS(=O)([O-])=O)=C4)C(OS(=O)([O-])=O)=C3)C(OS(=O)([O-])=O)=C2)C=C(OS(=O)([O-])=O)C(CC8=CC(OS(=O)([O-])=O)=C7C=C8OS(=O)([O-])=O)=C1)([O-])=O.[Na+].[Na+].[Na+].[Na+].[Na+].[Na+].[Na+].[Na+].[Na+].[Na+].[Na+].[Na+].[Na+].[Na+],C[N+]1(CCC2=CC(=C(C=C2C1CC3=CC(=C(C=C3)OC)OC)OC)OC)CCC(=O)OCCCCCOC(=O)CC[N+]4(CCC5=CC(=C(C=C5C4CC6=CC(=C(C=C6)OC)OC)OC)OC)C,pillararene,7.18179988861084,O=S(=O)([O-])Oc1cc2c(OS(=O)(=O)[O-])cc1Cc1cc(OS(=O)(=O)[O-])c(cc1OS(=O)(=O)[O-])Cc1cc(OS(=O)(=O)[O-])c(cc1OS(=O)(=O)[O-])Cc1cc(OS(=O)(=O)[O-])c(cc1OS(=O)(=O)[O-])Cc1cc(OS(=O)(=O)[O-])c(cc1OS(=O)(=O)[O-])Cc1cc(OS(=O)(=O)[O-])c(cc1OS(=O)(=O)[O-])Cc1cc(OS(=O)(=O)[O-])c(cc1OS(=O)(=O)[O-])C2.[Na+].[Na+].[Na+].[Na+].[Na+].[Na+].[Na+].[Na+].[Na+].[Na+].[Na+].[Na+].[Na+].[Na+],363823965269421105355BE85F9BFA79372256835F74963F23DB34F5AAE9E20B,HOST_CAN_0162,PASS,COc1ccc(CC2c3cc(OC)c(OC)cc3CC[N+]2(C)CCC(=O)OCCCCCOC(=O)CC[N+]2(C)CCc3cc(OC)c(OC)cc3C2Cc2ccc(OC)c(OC)c2)cc1OC,7CB80D14DBDE4459301A58035D4B211AB0E120E8FE777FBFBF14FB9517D00D03,GUEST_CAN_0486,PASS,GINE,2,guest_cold,2,5.750600814819336
2017,9,467,[O-]C(=O)COc1ccc2c3c1CNC(=O)c1c(OCC(=O)[O-])ccc4c1ccc1c4C4CC(O1)Oc1c4c4ccc(c(C(=O)NCc5c6c(c7C8c2c(cc3)OC(C8)Oc7cc6)ccc5OCC(=O)[O-])c4cc1)OCC(=O)[O-].[NH4+].[NH4+].[NH4+].[NH4+],CC(C)O,other,0.954200029373169,O=C([O-])COc1ccc2c3c4ccc2c1CNC(=O)c1c(OCC(=O)[O-])ccc2c5c(ccc12)OC1CC5c2c(ccc5c(c(OCC(=O)[O-])ccc25)C(=O)NCc2c(OCC(=O)[O-])ccc5c6c(ccc25)OC(CC36)O4)O1.[NH4+].[NH4+].[NH4+].[NH4+],7D3830C6A6E10F82EEBCC3ED68B861BB21ED63B1DDB277580F3032527E5A1183,HOST_CAN_0139,PASS,CC(C)O,DBB1AC6E5DE735970D66B019862ECF51F867BE44B3D2BCCE9FA8B917092E5625,GUEST_CAN_0163,PASS,GINE,2,guest_cold,2,2.7777528762817383
2018,1,1040,C1C2=CC(=CC(=C2O)CC3=CC(=CC(=C3O)CC4=C(C(=CC(=C4)S(=O)(=O)O)CC5=C(C1=CC(=C5)S(=O)(=O)O)O)O)S(=O)(=O)O)S(=O)(=O)O,[Cl-].[Cl-].[Cl-].[Nd+3],calixarene,4.07919979095459,O=S(=O)(O)c1cc2c(O)c(c1)Cc1cc(S(=O)(=O)O)cc(c1O)Cc1cc(S(=O)(=O)O)cc(c1O)Cc1cc(S(=O)(=O)O)cc(c1O)C2,C1130CCDC8DA0C6458EF6C2E07E7F3330D8F8B055CBE4DEAADB70DC00C8CDFC1,HOST_CAN_0154,PASS,[Cl-].[Cl-].[Cl-].[Nd+3],70D6AFA33B6F6FCA9A547B03FF7182977FE29E9F39200ADFEFECA6960EB4F6F8,GUEST_CAN_1026,PASS,GINE,2,guest_cold,2,3.5028440952301025
2024,12,63,O1CCOCCN2CCOCCOCCOCCN(CCOCC1)CCOCCOCCOCC2,[Rb+],other,0.49970000982284546,C1COCCN2CCOCCOCCOCCN(CCOCCO1)CCOCCOCCOCC2,85C7C02142B236ECBC1FC9E9A1DD4E3252A7651F7F5B037994877CF5373B1DC8,HOST_CAN_0006,PASS,[Rb+],A81E1030429F736D8E35EA84C21CDFC8BA21CABFAB462465BE82BDA25EAD58DF,GUEST_CAN_1109,PASS,GINE,2,guest_cold,2,1.9150736331939697
2033,63,215,Oc1c2Cc3cc(cc(c3O)Cc3cc(cc(c3O)Cc3cc(cc(c3O)Cc3cc(cc(Cc4c(c(Cc5c(c(Cc6c(c(Cc1cc(c2)S(=O)(=O)[O-])cc(c6)S(=O)(=O)[O-])O)cc(c5)S(=O)(=O)[O-])O)cc(c4)S(=O)(=O)[O-])O)c3O)S(=O)(=O)[O-])S(=O)(=O)[O-])S(=O)(=O)[O-])S(=O)(=O)[O-],CC(C(=O)O)N,calixarene,1.8128999471664429,O=S(=O)([O-])c1cc2c(O)c(c1)Cc1cc(S(=O)(=O)[O-])cc(c1O)Cc1cc(S(=O)(=O)[O-])cc(c1O)Cc1cc(S(=O)(=O)[O-])cc(c1O)Cc1cc(S(=O)(=O)[O-])cc(c1O)Cc1cc(S(=O)(=O)[O-])cc(c1O)Cc1cc(S(=O)(=O)[O-])cc(c1O)Cc1cc(S(=O)(=O)[O-])cc(c1O)C2,3C24C9B25872FE0768A640DF44D242D9AEC5F3FA9C167A457997BAE8D628FFF1,HOST_CAN_0166,PASS,CC(N)C(=O)O,6AC3AD1747D8E4C9B36EA5FBFB37965B87CCE816D9D72141F9005590B6D6FC3C,GUEST_CAN_0180,PASS,GINE,2,guest_cold,2,2.284175157546997
2036,11,294,C1N2C3C4N(C2=O)CN5C6C7N(C5=O)CN8C9C2N(C8=O)CN5C8C%10N(C5=O)CN5C%11C%12N(C5=O)CN5C%13C%14N(C5=O)CN5C%15C%16N(C5=O)CN5C%17C(N1C5=O)N1CN3C(=O)N4CN6C(=O)N7CN9C(=O)N2CN8C(=O)N%10CN%11C(=O)N%12CN%13C(=O)N%14CN%15C(=O)N%16CN%17C1=O,Cl[Fe](Cl)Cl,cucurbituril,2.9700000286102295,O=C1N2CN3C(=O)N4CN5C(=O)N6CN7C(=O)N8CN9C(=O)N%10CN%11C(=O)N%12CN%13C(=O)N%14CN%15C(=O)N%16CN1C1C2N2CN%17C(=O)N(CN%18C(=O)N(CN%19C(=O)N(CN%20C(=O)N(CN%21C(=O)N(CN%22C(=O)N(CN%23C(=O)N(CN1C2=O)C%16C%15%23)C%14C%13%22)C%12C%11%21)C%10C9%20)C8C7%19)C6C5%18)C4C3%17,E82CB7F52437B0147F435E3074F006752062FF8924E87C1DAF3210D182FF633B,HOST_CAN_0143,PASS,[Cl][Fe]([Cl])[Cl],00A56A250646250BC555AD4F337F6343FAE4957C946C1C7D8CF29518E860CDEC,GUEST_CAN_1045,PASS,GINE,2,guest_cold,2,2.5370850563049316
2040,41,764,CCC1c2cc(C(CC)c3cc(C(c4cc(C(c5cc1c(O)c(c5O)C#N)CC)c(O)c(c4O)C#N)CC)c(c(c3O)C#N)O)c(c(c2O)C#N)O,C1(=CCC2=CC=C3C=CC=C4C=CC1C2=C34)/C=C/C3=CCN(C=C3)C,other,6.62939977645874,CCC1c2cc(c(O)c(C#N)c2O)C(CC)c2cc(c(O)c(C#N)c2O)C(CC)c2cc(c(O)c(C#N)c2O)C(CC)c2cc1c(O)c(C#N)c2O,C7E59A18D7BDB1317D9A13B4AEB284A383135621556342941A7B2EDCC62018B3,HOST_CAN_0021,PASS,CN1C=CC(/C=C/C2=CCc3ccc4cccc5c4c3C2C=C5)=CC1,312B6A5D578A533AEA667D63213D9DB8EF06CBF8CAC67B375C184BC36324F841,GUEST_CAN_0416,PASS,GINE,2,guest_cold,2,5.0978522300720215
2041,184,53,C1COCCOCCOCCOCCOCCO1,[Na+].[Cl-],crown_ether,1.7999999523162842,C1COCCOCCOCCOCCOCCO1,AB2B68B16BC108ACBF4592C1902236C76AD72DB44D639D9AC3EE0A9ED5F433F6,HOST_CAN_0008,PASS,[Cl-].[Na+],75BE434EC1982F4169BCC68DFF522D1CE80C4ED9F32BD5BD82D1768FC8A5ED44,GUEST_CAN_1040,PASS,GINE,2,guest_cold,2,1.5992324352264404
2049,25,351,CCCOc1c2Cc3cc(cc(c3OCCC)Cc3cc(cc(Cc4c(c(Cc1cc(c2)P(=O)(O)O)cc(c4)P(=O)(O)O)OCCC)c3OCCC)P(=O)(O)O)P(=O)(O)O,C1=CC(=C(C=C1C(CN)O)O)O.Cl,calixarene,2.0569000244140625,CCCOc1c2cc(P(=O)(O)O)cc1Cc1cc(P(=O)(O)O)cc(c1OCCC)Cc1cc(P(=O)(O)O)cc(c1OCCC)Cc1cc(P(=O)(O)O)cc(c1OCCC)C2,C043E79A34829EDDBE86C6FC09E756E7D0FDCE1A2BB383803C5CAA52B9480850,HOST_CAN_0037,PASS,Cl.NCC(O)c1ccc(O)c(O)c1,77292EA0463E2AED797CAE9779601581D37EB7B67F9EA7796D4F6EE168154886,GUEST_CAN_0687,PASS,GINE,2,guest_cold,2,2.034116744995117
2055,54,766,[O-]C(=O)COc1c2c(c(c3c1C1CC3c3c1cc1c(c3)C3CC1c1c3cccc1)OCC(=O)[O-])C1CC2c2c1cc1c(c2)C2CC1c1c2cccc1.[Na+].[Na+],C(CC(C(=O)O)N)CN=C(N)N.Cl,other,3.21560001373291,O=C([O-])COc1c2c(c(OCC(=O)[O-])c3c1C1CC3c3cc4c(cc31)C1CC4c3ccccc31)C1CC2c2cc3c(cc21)C1CC3c2ccccc21.[Na+].[Na+],71E90553B9BBF31920DD1BD183D0F0C0585830F890A72ECB34B8E8CE3C7EDE35,HOST_CAN_0137,PASS,Cl.NC(N)=NCCCC(N)C(=O)O,DCEE3A60E82EAC732CD6486BBD889ECB153461C3185992B7BB902D00316BB9B5,GUEST_CAN_0685,PASS,GINE,2,guest_cold,2,2.586308240890503
2058,152,937,C1COCCOC2=NC3=CC=CC=C3N=C2OCCOCCOCCOC4=CC=CC=C4OCCO1,F[P-](F)(F)(F)(F)F.F[P-](F)(F)(F)(F)F.F[P-](F)(F)(F)(F)F.C1(C[NH2+]CC2=CC=C(OC3=CC(OC(C=C4)=CC=C4C[NH2+]CC5=CC=CC=C5)=CC(OC(C=C6)=CC=C6C[NH2+]CC7=CC=CC=C7)=C3)C=C2)=CC=CC=C1,other,8.518500328063965,c1ccc2c(c1)OCCOCCOCCOc1nc3ccccc3nc1OCCOCCOCCO2,11E567E73A50D02BD46891CF13338BDDF57C27745B8926A9E8B83F56E359EA3E,HOST_CAN_0187,PASS,F[P-](F)(F)(F)(F)F.F[P-](F)(F)(F)(F)F.F[P-](F)(F)(F)(F)F.c1ccc(C[NH2+]Cc2ccc(Oc3cc(Oc4ccc(C[NH2+]Cc5ccccc5)cc4)cc(Oc4ccc(C[NH2+]Cc5ccccc5)cc4)c3)cc2)cc1,32BC822A59EBA24F89EAF31AE89122DE48E9EA88CE6089F0B15D5AECA3940479,GUEST_CAN_0707,PASS,GINE,2,guest_cold,2,1.8345980644226074
2059,0,768,O=C1N(C2)[C@@](N3CN4[C@]5([H])N2C(N(CN6C(N(C7)[C@@](N8CN9[C@]%10(C)N7C(N(CC%11=C%12C(OCCCS(=O)(O[Na])=O)=C(C=CC=C%13)C%13=C%11OCCCS(=O)(O[Na])=O)[C@]%10(C)N(C%12)C9=O)=O)([H])[C@]6([H])N%14C8=O)=O)[C@]5([H])N(C%14)C4=O)=O)(C)[C@@]%15(C)N1CC%16=C(OCCCS(=O)(O[Na])=O)C(C=CC=C%17)=C%17C(OCCCS(=O)(O[Na])=O)=C%16CN%15C3=O,CCNC1=C(C=C2C(=C1)OC3=CC(=[NH+]CC)C(=CC3=C2C4=CC=CC=C4C(=O)OCC)C)C.[Cl-],cucurbituril,6.361700057983398,C[C@]12N3Cc4c(c(OCCCS(=O)(=O)[O][Na])c5ccccc5c4OCCCS(=O)(=O)[O][Na])CN1C(=O)N1CN4C(=O)N5CN6C(=O)N7CN8C(=O)N9Cc%10c(c(OCCCS(=O)(=O)[O][Na])c%11ccccc%11c%10OCCCS(=O)(=O)[O][Na])CN%10C(=O)N(CN%11C(=O)N(CN%12C(=O)N(CN(C3=O)[C@]12C)[C@@H]4[C@H]%125)[C@@H]6[C@H]%117)[C@]8(C)[C@@]9%10C,9EF4AEE70348DBF45901607A97132AC332124AFAE94A1B457DED67D40489BA37,HOST_CAN_0088,PASS,CCNc1cc2oc3cc(=[NH+]CC)c(C)cc-3c(-c3ccccc3C(=O)OCC)c2cc1C.[Cl-],7747AE094C60B01CC68A562B284C6966F13F3487956DAAB5A7B13BEFB4A724EF,GUEST_CAN_0359,PASS,GINE,2,guest_cold,2,4.169126033782959
2060,48,1045,[Na]OS(=O)(=O)CCCOc1c2CN3C(=O)N4[C@]5([C@@]3(N(Cc2c(c2c1cccc2)OCCCS(=O)(=O)O[Na])C(=O)N5CN1[C@@]2(N(C4)C(=O)N3[C@]2(C)N(C1=O)Cc1c(C3)c(OCCCS(=O)(=O)O[Na])c2c(c1OCCCS(=O)(=O)O[Na])cccc2)C)C)C,NC1=CC2=[N+](C3=CC=CC=C3)C(C=C(N)C(C)=C4)C4N=C2C=C1C.[Cl-],other,4.801400184631348,C[C@]12N3Cc4c(c(OCCCS(=O)(=O)[O][Na])c5ccccc5c4OCCCS(=O)(=O)[O][Na])CN1C(=O)N1CN4C(=O)N5Cc6c(c(OCCCS(=O)(=O)[O][Na])c7ccccc7c6OCCCS(=O)(=O)[O][Na])CN6C(=O)N(CN(C3=O)[C@]12C)[C@]4(C)[C@@]56C,D18B807A904C56B05E199911FB10FFB774349CC49BBD32D2EFAFF4C892BA649F,HOST_CAN_0090,PASS,CC1=CC2N=c3cc(C)c(N)cc3=[N+](c3ccccc3)C2C=C1N.[Cl-],8A3C1D53583B6A43952C4F49655AA15189A4629A2CBEE5D988F1D523F2452BDC,GUEST_CAN_0237,PASS,GINE,2,guest_cold,2,2.9392237663269043
2061,110,238,O=S(OC1=C(CC2=C(OS(=O)([O-])=O)C=C(CC3=C(OS(=O)([O-])=O)C=C(CC4=C(OS(=O)([O-])=O)C=C(CC5=CC(OS(=O)([O-])=O)=C(CC6=C(OS(=O)([O-])=O)C=C(C7)C(OS(=O)([O-])=O)=C6)C=C5OS(=O)([O-])=O)C(OS(=O)([O-])=O)=C4)C(OS(=O)([O-])=O)=C3)C(OS(=O)([O-])=O)=C2)C=C(OS(=O)([O-])=O)C(CC8=CC(OS(=O)([O-])=O)=C7C=C8OS(=O)([O-])=O)=C1)([O-])=O.[Na+].[Na+].[Na+].[Na+].[Na+].[Na+].[Na+].[Na+].[Na+].[Na+].[Na+].[Na+].[Na+].[Na+],[NH3+][C@@H]1CC[C@H](CC1)[NH3+].[Cl-].[Cl-],pillararene,6.4532999992370605,O=S(=O)([O-])Oc1cc2c(OS(=O)(=O)[O-])cc1Cc1cc(OS(=O)(=O)[O-])c(cc1OS(=O)(=O)[O-])Cc1cc(OS(=O)(=O)[O-])c(cc1OS(=O)(=O)[O-])Cc1cc(OS(=O)(=O)[O-])c(cc1OS(=O)(=O)[O-])Cc1cc(OS(=O)(=O)[O-])c(cc1OS(=O)(=O)[O-])Cc1cc(OS(=O)(=O)[O-])c(cc1OS(=O)(=O)[O-])Cc1cc(OS(=O)(=O)[O-])c(cc1OS(=O)(=O)[O-])C2.[Na+].[Na+].[Na+].[Na+].[Na+].[Na+].[Na+].[Na+].[Na+].[Na+].[Na+].[Na+].[Na+].[Na+],363823965269421105355BE85F9BFA79372256835F74963F23DB34F5AAE9E20B,HOST_CAN_0162,PASS,[Cl-].[Cl-].[NH3+][C@H]1CC[C@H]([NH3+])CC1,E9F9FA4299BFC1D79397C498274130D26D2EE95ED4CFAA951C8CFA2222B9A1F7,GUEST_CAN_1033,PASS,GINE,2,guest_cold,2,4.801447868347168
2072,137,286,Oc1c2cc(cc1Cc1cc(cc(c1O)Cc1cc(cc(c1O)Cc1c(c(Cc3c(c(C2)cc(c3)CS(=O)(=O)[O-])O)cc(c1)CS(=O)(=O)[O-])O)CS(=O)(=O)[O-])CS(=O)(=O)[O-])CS(=O)(=O)[O-],C[N+](C)(C)CCO,calixarene,4.09689998626709,O=S(=O)([O-])Cc1cc2c(O)c(c1)Cc1cc(CS(=O)(=O)[O-])cc(c1O)Cc1cc(CS(=O)(=O)[O-])cc(c1O)Cc1cc(CS(=O)(=O)[O-])cc(c1O)Cc1cc(CS(=O)(=O)[O-])cc(c1O)C2,3F66642BA28686E03663642EB8388C7853135C75C42F0050CC6C46992F28AC09,HOST_CAN_0160,PASS,C[N+](C)(C)CCO,EE2F222C864A3340CB6DC5C1A21FDDCC9B162B0220641118D30F914132FC0AFF,GUEST_CAN_0568,PASS,GINE,2,guest_cold,2,4.493167877197266
2079,142,1050,[Na]OS(=O)(=O)CCCc1ccc2c3c1CN1C(=O)N4[C@@]5([C@@]1(C)N(Cc3c(cc2)CCCS(=O)(=O)O[Na])C(=O)N5CN1[C@H]2N(C4)C(=O)N3[C@H]2N(C1=O)CN1[C@H]2N(C3)C(=O)N3[C@H]2N(C1=O)CN1[C@]2(N(C3)C(=O)N3[C@]2(N(C1=O)Cc1c2c(C3)c(CCCS(=O)(=O)O[Na])ccc2ccc1CCCS(=O)(=O)O[Na])C)C)C,NCCCCN,cucurbituril,4.278800010681152,C[C@]12N3Cc4c(CCCS(=O)(=O)[O][Na])ccc5ccc(CCCS(=O)(=O)[O][Na])c(c45)CN1C(=O)N1CN4C(=O)N5CN6C(=O)N7CN8C(=O)N9Cc%10c(CCCS(=O)(=O)[O][Na])ccc%11ccc(CCCS(=O)(=O)[O][Na])c(c%10%11)CN%10C(=O)N(CN%11C(=O)N(CN%12C(=O)N(CN(C3=O)[C@]12C)[C@@H]4[C@H]%125)[C@@H]6[C@H]%117)[C@]8(C)[C@@]9%10C,830BF403FA9E63AA91A49B5FFFE151ED426E5A39758FD44461918B9242146194,HOST_CAN_0084,PASS,NCCCCN,ABFB247B65D73EC882481ADE82D4889DA2B7C6B2DE8B16FFAFFD43B58E6A0D6C,GUEST_CAN_0796,PASS,GINE,2,guest_cold,2,3.691071033477783
2080,83,661,O=C1N2CN(C(N3CN4C5[C@H]6N7C4=O)=O)C(C3N8C[N@]5C([N@@]6C[N@@]9C([N@@]([C@H]([N@](C[N@@]%10[C@H]%11C%12%13)C%14=O)[C@@H]9[N@]%14C7)C[N@@]%11C([N@]%13C%15N%16C(N%17CN%18C%19=O)=O)=O)=O)=O)N(C8=O)CN%19C2C%18N1CN%20C%17C%16N([C@H](C%21=C%15C=C(C=CC=C%22)C%22=C%21)N%12C%10=O)C%20=O,C(CCN=C(N)N)CN,cucurbituril,6.0,O=C1N2CN3C(=O)N4CN5C(=O)N6CN7C(=O)N8CN9C(=O)N%10C%11c%12cc%13ccccc%13cc%12[C@H]%12N%13C(=O)N%14CN%15C(=O)N(CN%16C(=O)N(CN%17C(=O)N(CN%18C(=O)N(CN%19C(=O)N%12C%10[C@@H]9%19)[C@@H]8[C@@H]7%18)[C@@H]6C5%17)C4C3%16)C2C%15N1CN1C(=O)N%11C%13C1%14,22BBC4A6182BB69D6F23E2210FF6FE0897FAD28735E766CF137DD2649852025C,HOST_CAN_0141,PASS,NCCCCN=C(N)N,147435922603679D62DCF688C9853E3AD71C8B15D4F61677EFF46B2F78910BA6,GUEST_CAN_0797,PASS,GINE,2,guest_cold,2,4.012326717376709
2081,11,1051,C1N2C3C4N(C2=O)CN5C6C7N(C5=O)CN8C9C2N(C8=O)CN5C8C%10N(C5=O)CN5C%11C%12N(C5=O)CN5C%13C%14N(C5=O)CN5C%15C%16N(C5=O)CN5C%17C(N1C5=O)N1CN3C(=O)N4CN6C(=O)N7CN9C(=O)N2CN8C(=O)N%10CN%11C(=O)N%12CN%13C(=O)N%14CN%15C(=O)N%16CN%17C1=O,CC(C)CCCC(C)C1CCC2C1(CCC3C2=CC=C4C3(CCC(C4)O)C)C,cucurbituril,5.0,O=C1N2CN3C(=O)N4CN5C(=O)N6CN7C(=O)N8CN9C(=O)N%10CN%11C(=O)N%12CN%13C(=O)N%14CN%15C(=O)N%16CN1C1C2N2CN%17C(=O)N(CN%18C(=O)N(CN%19C(=O)N(CN%20C(=O)N(CN%21C(=O)N(CN%22C(=O)N(CN%23C(=O)N(CN1C2=O)C%16C%15%23)C%14C%13%22)C%12C%11%21)C%10C9%20)C8C7%19)C6C5%18)C4C3%17,E82CB7F52437B0147F435E3074F006752062FF8924E87C1DAF3210D182FF633B,HOST_CAN_0143,PASS,CC(C)CCCC(C)C1CCC2C3=CC=C4CC(O)CCC4(C)C3CCC21C,990DC33C9A744B533CEB3548274D8372BAE27FAD063360D1A705721171420738,GUEST_CAN_0145,PASS,GINE,2,guest_cold,2,4.937623500823975
2098,102,37,C1C2=CC=C(C[N+]3=CC=C(C=C3)C4=CC=[N+](CC5=CC=C(C[N+]6=CC=C(C=C6)C7=CC=[N+]1C=C7)C=C5)C=C4)C=C2.F[P-](F)(F)(F)(F)F.F[P-](F)(F)(F)(F)F.F[P-](F)(F)(F)(F)F.F[P-](F)(F)(F)(F)F,C1=CC(=C(C=C1C(CN)O)O)O,other,3.170300006866455,F[P-](F)(F)(F)(F)F.F[P-](F)(F)(F)(F)F.F[P-](F)(F)(F)(F)F.F[P-](F)(F)(F)(F)F.c1cc2ccc1C[n+]1ccc(cc1)-c1cc[n+](cc1)Cc1ccc(cc1)C[n+]1ccc(cc1)-c1cc[n+](cc1)C2,0F2553E080CE2D9CBEC36FEC297EF4CF441DFE215349B4C10A84D4A1E91451C0,HOST_CAN_0102,PASS,NCC(O)c1ccc(O)c(O)c1,7F5D32A02DE5511E772E8422081F82EE16925B55633A6CB4BB4E730CF1565495,GUEST_CAN_0775,PASS,GINE,2,guest_cold,2,2.7178797721862793
2108,10,1057,[O-]P(=O)(Oc1c2c(c(c3c1C1CC3c3c1cc1c(c3)C3CC1c1c3cccc1)OP(=O)([O-])[O-])C1CC2c2c1cc1c(c2)C2CC1c1c2cccc1)[O-].[Li+].[Li+].[Li+].[Li+],CC(C)C1C(=O)NC(C(=O)NCC(=O)NC(C(=O)NC(C(=O)N1)CC2=CC=CC=C2)CC(=O)O)CCCN=C(N)N,other,4.225299835205078,O=P([O-])([O-])Oc1c2c(c(OP(=O)([O-])[O-])c3c1C1CC3c3cc4c(cc31)C1CC4c3ccccc31)C1CC2c2cc3c(cc21)C1CC3c2ccccc21.[Li+].[Li+].[Li+].[Li+],9F96092125310177FDA593FD76E40B15009450ADCC25B07ACF29665B7272FC4E,HOST_CAN_0152,PASS,CC(C)C1NC(=O)C(Cc2ccccc2)NC(=O)C(CC(=O)O)NC(=O)CNC(=O)C(CCCN=C(N)N)NC1=O,074AF973D61E15E2FD1B3DC8B36899F18BD882FBD4BF4ACA97F7837EEA40CBA9,GUEST_CAN_0132,PASS,GINE,2,guest_cold,2,3.276118516921997
2110,83,1050,O=C1N2CN(C(N3CN4C5[C@H]6N7C4=O)=O)C(C3N8C[N@]5C([N@@]6C[N@@]9C([N@@]([C@H]([N@](C[N@@]%10[C@H]%11C%12%13)C%14=O)[C@@H]9[N@]%14C7)C[N@@]%11C([N@]%13C%15N%16C(N%17CN%18C%19=O)=O)=O)=O)=O)N(C8=O)CN%19C2C%18N1CN%20C%17C%16N([C@H](C%21=C%15C=C(C=CC=C%22)C%22=C%21)N%12C%10=O)C%20=O,NCCCCN,cucurbituril,6.0,O=C1N2CN3C(=O)N4CN5C(=O)N6CN7C(=O)N8CN9C(=O)N%10C%11c%12cc%13ccccc%13cc%12[C@H]%12N%13C(=O)N%14CN%15C(=O)N(CN%16C(=O)N(CN%17C(=O)N(CN%18C(=O)N(CN%19C(=O)N%12C%10[C@@H]9%19)[C@@H]8[C@@H]7%18)[C@@H]6C5%17)C4C3%16)C2C%15N1CN1C(=O)N%11C%13C1%14,22BBC4A6182BB69D6F23E2210FF6FE0897FAD28735E766CF137DD2649852025C,HOST_CAN_0141,PASS,NCCCCN,ABFB247B65D73EC882481ADE82D4889DA2B7C6B2DE8B16FFAFFD43B58E6A0D6C,GUEST_CAN_0796,PASS,GINE,2,guest_cold,2,5.94182014465332
2111,74,37,[Li+].[Li+].COP(OC)(=O)CC1=CC(=CC(=C1)NC(CCCN(C)CC1=C(C=CC=C1)B(O)O)=O)CP([O-])([O-])=O,C1=CC(=C(C=C1C(CN)O)O)O,other,2.540299892425537,COP(=O)(Cc1cc(CP(=O)([O-])[O-])cc(NC(=O)CCCN(C)Cc2ccccc2B(O)O)c1)OC.[Li+].[Li+],7E42F839F9338A49BA3ED36631C1EA08827315A2F7E1A716582040F5B64BDC5A,HOST_CAN_0065,PASS,NCC(O)c1ccc(O)c(O)c1,7F5D32A02DE5511E772E8422081F82EE16925B55633A6CB4BB4E730CF1565495,GUEST_CAN_0775,PASS,GINE,2,guest_cold,2,2.0971760749816895
2112,11,243,C1N2C3C4N(C2=O)CN5C6C7N(C5=O)CN8C9C2N(C8=O)CN5C8C%10N(C5=O)CN5C%11C%12N(C5=O)CN5C%13C%14N(C5=O)CN5C%15C%16N(C5=O)CN5C%17C(N1C5=O)N1CN3C(=O)N4CN6C(=O)N7CN9C(=O)N2CN8C(=O)N%10CN%11C(=O)N%12CN%13C(=O)N%14CN%15C(=O)N%16CN%17C1=O,Cl[Yb](Cl)Cl,cucurbituril,3.440000057220459,O=C1N2CN3C(=O)N4CN5C(=O)N6CN7C(=O)N8CN9C(=O)N%10CN%11C(=O)N%12CN%13C(=O)N%14CN%15C(=O)N%16CN1C1C2N2CN%17C(=O)N(CN%18C(=O)N(CN%19C(=O)N(CN%20C(=O)N(CN%21C(=O)N(CN%22C(=O)N(CN%23C(=O)N(CN1C2=O)C%16C%15%23)C%14C%13%22)C%12C%11%21)C%10C9%20)C8C7%19)C6C5%18)C4C3%17,E82CB7F52437B0147F435E3074F006752062FF8924E87C1DAF3210D182FF633B,HOST_CAN_0143,PASS,[Cl][Yb]([Cl])[Cl],59CFD47D9F207EC2824B835E6D02D9135A48C726F605678F4A01D79FC70A9A4A,GUEST_CAN_1048,PASS,GINE,2,guest_cold,2,2.145507335662842
2115,3,741,OC[C@H]1O[C@@H]2O[C@@H]3[C@@H](CO)O[C@H](O[C@@H]4[C@@H](CO)O[C@H](O[C@@H]5[C@@H](CO)O[C@H](O[C@@H]6[C@@H](CO)O[C@H](O[C@@H]7[C@@H](CO)O[C@H](O[C@@H]8[C@@H](CO)O[C@H](O[C@H]1[C@H](O)[C@H]2O)[C@H](O)[C@H]8O)[C@H](O)[C@H]7O)[C@H](O)[C@H]6O)[C@H](O)[C@H]5O)[C@H](O)[C@H]4O)[C@H](O)[C@H]3O,CCCCCC([NH3+])C,cyclodextrin,1.8808000087738037,OC[C@H]1O[C@@H]2O[C@H]3[C@H](O)[C@@H](O)[C@@H](O[C@H]4[C@H](O)[C@@H](O)[C@@H](O[C@H]5[C@H](O)[C@@H](O)[C@@H](O[C@H]6[C@H](O)[C@@H](O)[C@@H](O[C@H]7[C@H](O)[C@@H](O)[C@@H](O[C@H]8[C@H](O)[C@@H](O)[C@@H](O[C@H]1[C@H](O)[C@H]2O)O[C@@H]8CO)O[C@@H]7CO)O[C@@H]6CO)O[C@@H]5CO)O[C@@H]4CO)O[C@@H]3CO,22584443D9512992310760C9871E3E6BDB3EDC92006F3EF1EC94F44373907EB1,HOST_CAN_0176,PASS,CCCCCC(C)[NH3+],929DF79BEE56ADE23CE6389CD5BCE236BCAC5087281BA0A2CDB71D98C82623E3,GUEST_CAN_0273,PASS,GINE,2,guest_cold,2,2.7417678833007812
2116,25,604,CCCOc1c2Cc3cc(cc(c3OCCC)Cc3cc(cc(Cc4c(c(Cc1cc(c2)P(=O)(O)O)cc(c4)P(=O)(O)O)OCCC)c3OCCC)P(=O)(O)O)P(=O)(O)O,C1=CC=C(C=C1)CN.Cl,calixarene,1.857300043106079,CCCOc1c2cc(P(=O)(O)O)cc1Cc1cc(P(=O)(O)O)cc(c1OCCC)Cc1cc(P(=O)(O)O)cc(c1OCCC)Cc1cc(P(=O)(O)O)cc(c1OCCC)C2,C043E79A34829EDDBE86C6FC09E756E7D0FDCE1A2BB383803C5CAA52B9480850,HOST_CAN_0037,PASS,Cl.NCc1ccccc1,940B23638656F8FE23E14ED8A0BBBA6E62D42F8FE7C323CF9C1D5C7983D012F0,GUEST_CAN_0694,PASS,GINE,2,guest_cold,2,2.1742501258850098
2119,39,532,O[C@H]1[C@H](O[C@@H]2[C@H](O)[C@@H](O)[C@H](O3)[C@@H](CO)O2)[C@@H](CO)O[C@H](O[C@H]4[C@H](O)[C@@H](O)[C@@H](O[C@@H]5[C@@H](O)[C@H](O)[C@H](O[C@@H]6[C@@H](O)[C@H](O)[C@H](O[C@@H]7[C@@H](O)[C@H](O)[C@H](O[C@@H]8[C@@H](O)[C@H](O)[C@H]3O[C@H]8CO)O[C@H]7CO)O[C@H]6CO)O[C@H]5CO)O[C@@H]4CO)[C@@H]1OCC(C)O,CC1=CC=C(C=C1)NC2=CC3=C(C=C2)C=C(C=C3)S(=O)(=O)[O-].[Na+],cyclodextrin,3.4814000129699707,CC(O)CO[C@H]1[C@H]2O[C@H]3[C@H](O)[C@@H](O)[C@@H](O[C@@H]4[C@@H](O)[C@H](O)[C@H](O[C@@H]5[C@@H](O)[C@H](O)[C@H](O[C@@H]6[C@@H](O)[C@H](O)[C@H](O[C@@H]7[C@@H](O)[C@H](O)[C@H](O[C@H]8[C@H](O)[C@@H](O)[C@@H](O[C@@H]([C@@H]1O)[C@@H](CO)O2)O[C@@H]8CO)O[C@H]7CO)O[C@H]6CO)O[C@H]5CO)O[C@H]4CO)O[C@@H]3CO,8AB99E70351C6B712BA9565029AC4BD45934389743B63BEA912138E31943DA38,HOST_CAN_0015,PASS,Cc1ccc(Nc2ccc3cc(S(=O)(=O)[O-])ccc3c2)cc1.[Na+],1BC59EC31198E9880137AFAA6A584A1B8605E06881B738CB1BFFC54AF27E7C05,GUEST_CAN_0662,PASS,GINE,2,guest_cold,2,2.1965041160583496
2121,30,286,C1C2=CC(=CC(=C2O)CC3=CC(=CC(=C3O)CC4=CC(=CC(=C4O)CC5=C(C(=CC(=C5)S(=O)(=O)[O-])CC6=C(C(=CC(=C6)S(=O)(=O)[O-])CC7=C(C1=CC(=C7)S(=O)(=O)[O-])O)O)O)S(=O)(=O)[O-])S(=O)(=O)[O-])S(=O)(=O)[O-],C[N+](C)(C)CCO,calixarene,4.800000190734863,O=S(=O)([O-])c1cc2c(O)c(c1)Cc1cc(S(=O)(=O)[O-])cc(c1O)Cc1cc(S(=O)(=O)[O-])cc(c1O)Cc1cc(S(=O)(=O)[O-])cc(c1O)Cc1cc(S(=O)(=O)[O-])cc(c1O)Cc1cc(S(=O)(=O)[O-])cc(c1O)C2,175E9D01D3A7DD7BE73E9B8659E8BAA0A16B2D5C4CCEFE3BEFED10121429BF10,HOST_CAN_0164,PASS,C[N+](C)(C)CCO,EE2F222C864A3340CB6DC5C1A21FDDCC9B162B0220641118D30F914132FC0AFF,GUEST_CAN_0568,PASS,GINE,2,guest_cold,2,3.773845672607422
2144,178,286,CC1c2cc(c(cc2O)O)C(C)c2cc(c(cc2O)O)C(c2cc(C(c3cc1c(O)cc3O)C)c(O)cc2O)C,C[N+](C)(C)CCO,calixarene,3.9000000953674316,CC1c2cc(c(O)cc2O)C(C)c2cc(c(O)cc2O)C(C)c2cc(c(O)cc2O)C(C)c2cc1c(O)cc2O,F8F3531601E46BE363757E4958384DC8A131D5BFE667EF4EB7FA3F2E61704A87,HOST_CAN_0019,PASS,C[N+](C)(C)CCO,EE2F222C864A3340CB6DC5C1A21FDDCC9B162B0220641118D30F914132FC0AFF,GUEST_CAN_0568,PASS,GINE,2,guest_cold,2,3.3880293369293213
2145,3,1063,OC[C@H]1O[C@@H]2O[C@@H]3[C@@H](CO)O[C@H](O[C@@H]4[C@@H](CO)O[C@H](O[C@@H]5[C@@H](CO)O[C@H](O[C@@H]6[C@@H](CO)O[C@H](O[C@@H]7[C@@H](CO)O[C@H](O[C@@H]8[C@@H](CO)O[C@H](O[C@H]1[C@H](O)[C@H]2O)[C@H](O)[C@H]8O)[C@H](O)[C@H]7O)[C@H](O)[C@H]6O)[C@H](O)[C@H]5O)[C@H](O)[C@H]4O)[C@H](O)[C@H]3O,CC1=CC2=C(C=C1N)SC3=CC(=[N+](C)C)C=CC3=N2.[Cl-],cyclodextrin,2.645400047302246,OC[C@H]1O[C@@H]2O[C@H]3[C@H](O)[C@@H](O)[C@@H](O[C@H]4[C@H](O)[C@@H](O)[C@@H](O[C@H]5[C@H](O)[C@@H](O)[C@@H](O[C@H]6[C@H](O)[C@@H](O)[C@@H](O[C@H]7[C@H](O)[C@@H](O)[C@@H](O[C@H]8[C@H](O)[C@@H](O)[C@@H](O[C@H]1[C@H](O)[C@H]2O)O[C@@H]8CO)O[C@@H]7CO)O[C@@H]6CO)O[C@@H]5CO)O[C@@H]4CO)O[C@@H]3CO,22584443D9512992310760C9871E3E6BDB3EDC92006F3EF1EC94F44373907EB1,HOST_CAN_0176,PASS,Cc1cc2nc3ccc(=[N+](C)C)cc-3sc2cc1N.[Cl-],3980336E1D195EE960426FE5D3C53E5F9FC92C4D09A66DD3BCC9BB2F0492D4C8,GUEST_CAN_0652,PASS,GINE,2,guest_cold,2,2.574397563934326
2155,99,56,N#CCOc1c2Cc3cc(cc(c3O)Cc3cc(cc(c3O)Cc3cc(cc(c3O)Cc3cc(cc(Cc4c(c(Cc5c(c(Cc6c(c(Cc1cc(c2)S(=O)(=O)O)cc(c6)S(=O)(=O)O)O)cc(c5)S(=O)(=O)O)O)cc(c4)S(=O)(=O)O)O)c3O)S(=O)(=O)O)S(=O)(=O)O)S(=O)(=O)O)S(=O)(=O)O,CCCC(C(=O)O)N,calixarene,1.9493999481201172,N#CCOc1c2cc(S(=O)(=O)O)cc1Cc1cc(S(=O)(=O)O)cc(c1O)Cc1cc(S(=O)(=O)O)cc(c1O)Cc1cc(S(=O)(=O)O)cc(c1O)Cc1cc(S(=O)(=O)O)cc(c1O)Cc1cc(S(=O)(=O)O)cc(c1O)Cc1cc(S(=O)(=O)O)cc(c1O)Cc1cc(S(=O)(=O)O)cc(c1O)C2,9C5AE9DC33FB7183D6DE570E4F40C5ED225E59EFD3C7E5485333524BCCF933C0,HOST_CAN_0103,PASS,CCCC(N)C(=O)O,81F3215F9F46874A7436620E7AD92167936CF997FB3F203D4397A018C4B56861,GUEST_CAN_0268,PASS,GINE,2,guest_cold,2,2.3158817291259766
2162,1,556,C1C2=CC(=CC(=C2O)CC3=CC(=CC(=C3O)CC4=C(C(=CC(=C4)S(=O)(=O)O)CC5=C(C1=CC(=C5)S(=O)(=O)O)O)O)S(=O)(=O)O)S(=O)(=O)O,[Cl-].[Rb+],calixarene,2.40310001373291,O=S(=O)(O)c1cc2c(O)c(c1)Cc1cc(S(=O)(=O)O)cc(c1O)Cc1cc(S(=O)(=O)O)cc(c1O)Cc1cc(S(=O)(=O)O)cc(c1O)C2,C1130CCDC8DA0C6458EF6C2E07E7F3330D8F8B055CBE4DEAADB70DC00C8CDFC1,HOST_CAN_0154,PASS,[Cl-].[Rb+],F45F5EBA18BFE44CAB128A2E84C8B34A3194175A1497FEDAE86348640AB59865,GUEST_CAN_1041,PASS,GINE,2,guest_cold,2,3.1650638580322266
2163,3,75,OC[C@H]1O[C@@H]2O[C@@H]3[C@@H](CO)O[C@H](O[C@@H]4[C@@H](CO)O[C@H](O[C@@H]5[C@@H](CO)O[C@H](O[C@@H]6[C@@H](CO)O[C@H](O[C@@H]7[C@@H](CO)O[C@H](O[C@@H]8[C@@H](CO)O[C@H](O[C@H]1[C@H](O)[C@H]2O)[C@H](O)[C@H]8O)[C@H](O)[C@H]7O)[C@H](O)[C@H]6O)[C@H](O)[C@H]5O)[C@H](O)[C@H]4O)[C@H](O)[C@H]3O,C1CCCC(CCC1)O,cyclodextrin,3.643899917602539,OC[C@H]1O[C@@H]2O[C@H]3[C@H](O)[C@@H](O)[C@@H](O[C@H]4[C@H](O)[C@@H](O)[C@@H](O[C@H]5[C@H](O)[C@@H](O)[C@@H](O[C@H]6[C@H](O)[C@@H](O)[C@@H](O[C@H]7[C@H](O)[C@@H](O)[C@@H](O[C@H]8[C@H](O)[C@@H](O)[C@@H](O[C@H]1[C@H](O)[C@H]2O)O[C@@H]8CO)O[C@@H]7CO)O[C@@H]6CO)O[C@@H]5CO)O[C@@H]4CO)O[C@@H]3CO,22584443D9512992310760C9871E3E6BDB3EDC92006F3EF1EC94F44373907EB1,HOST_CAN_0176,PASS,OC1CCCCCCC1,ED9628745AB2C049C9CB75E7053732D87CB10F290C6DAF5FDB64893278C0DD30,GUEST_CAN_0966,PASS,GINE,2,guest_cold,2,2.1575889587402344
2168,188,775,C1N2C3C4N(C2=O)CN5C6C7N(C5=O)CN8C9C2N(C8=O)CN5C8C%10N(C5=O)CN5C%11C%12N(C5=O)CN5C%13C%14N(C5=O)CN5C%15C(N1C5=O)N1CN3C(=O)N4CN6C(=O)N7CN9C(=O)N2CN8C(=O)N%10CN%11C(=O)N%12CN%13C(=O)N%14CN%15C1=O,[Al](Cl)(Cl)Cl,cucurbituril,2.900399923324585,O=C1N2CN3C(=O)N4CN5C(=O)N6CN7C(=O)N8CN9C(=O)N%10CN%11C(=O)N%12CN%13C(=O)N%14CN1C1C2N2CN%15C(=O)N(CN%16C(=O)N(CN%17C(=O)N(CN%18C(=O)N(CN%19C(=O)N(CN%20C(=O)N(CN1C2=O)C%14C%13%20)C%12C%11%19)C%10C9%18)C8C7%17)C6C5%16)C4C3%15,2DC65D621E765ED6549674FF1EC52FA438C064AF813048BB637692837EF09315,HOST_CAN_0144,PASS,[Cl][Al]([Cl])[Cl],F0478BBF39EF8FA089A0406FAD4DCAB78BB558C588F75029CDF3016B33C77BE3,GUEST_CAN_1043,PASS,GINE,2,guest_cold,2,2.335846424102783
2170,188,1069,C1N2C3C4N(C2=O)CN5C6C7N(C5=O)CN8C9C2N(C8=O)CN5C8C%10N(C5=O)CN5C%11C%12N(C5=O)CN5C%13C%14N(C5=O)CN5C%15C(N1C5=O)N1CN3C(=O)N4CN6C(=O)N7CN9C(=O)N2CN8C(=O)N%10CN%11C(=O)N%12CN%13C(=O)N%14CN%15C1=O,CC1=CC2=CC3=CC(=C(C=C3N=C2C=C1N)N)C.Cl,cucurbituril,4.436399936676025,O=C1N2CN3C(=O)N4CN5C(=O)N6CN7C(=O)N8CN9C(=O)N%10CN%11C(=O)N%12CN%13C(=O)N%14CN1C1C2N2CN%15C(=O)N(CN%16C(=O)N(CN%17C(=O)N(CN%18C(=O)N(CN%19C(=O)N(CN%20C(=O)N(CN1C2=O)C%14C%13%20)C%12C%11%19)C%10C9%18)C8C7%17)C6C5%16)C4C3%15,2DC65D621E765ED6549674FF1EC52FA438C064AF813048BB637692837EF09315,HOST_CAN_0144,PASS,Cc1cc2cc3cc(C)c(N)cc3nc2cc1N.Cl,F9667DD326E4A726C70B9806DDC7429738A5184034592D53B9E5B6D9708A6637,GUEST_CAN_0648,PASS,GINE,2,guest_cold,2,5.730794906616211
2176,188,1074,C1N2C3C4N(C2=O)CN5C6C7N(C5=O)CN8C9C2N(C8=O)CN5C8C%10N(C5=O)CN5C%11C%12N(C5=O)CN5C%13C%14N(C5=O)CN5C%15C(N1C5=O)N1CN3C(=O)N4CN6C(=O)N7CN9C(=O)N2CN8C(=O)N%10CN%11C(=O)N%12CN%13C(=O)N%14CN%15C1=O,C12C=CC3(O2)CNCC3C1,cucurbituril,6.799300193786621,O=C1N2CN3C(=O)N4CN5C(=O)N6CN7C(=O)N8CN9C(=O)N%10CN%11C(=O)N%12CN%13C(=O)N%14CN1C1C2N2CN%15C(=O)N(CN%16C(=O)N(CN%17C(=O)N(CN%18C(=O)N(CN%19C(=O)N(CN%20C(=O)N(CN1C2=O)C%14C%13%20)C%12C%11%19)C%10C9%18)C8C7%17)C6C5%16)C4C3%15,2DC65D621E765ED6549674FF1EC52FA438C064AF813048BB637692837EF09315,HOST_CAN_0144,PASS,C1=CC23CNCC2CC1O3,DDCC619146CC3FFCD3D9FD6A8169C9510662A25D2B6BD24051D6A34B81D062F8,GUEST_CAN_0014,PASS,GINE,2,guest_cold,2,5.0824785232543945
2184,188,313,C1N2C3C4N(C2=O)CN5C6C7N(C5=O)CN8C9C2N(C8=O)CN5C8C%10N(C5=O)CN5C%11C%12N(C5=O)CN5C%13C%14N(C5=O)CN5C%15C(N1C5=O)N1CN3C(=O)N4CN6C(=O)N7CN9C(=O)N2CN8C(=O)N%10CN%11C(=O)N%12CN%13C(=O)N%14CN%15C1=O,C(CCN)CCN,cucurbituril,8.504799842834473,O=C1N2CN3C(=O)N4CN5C(=O)N6CN7C(=O)N8CN9C(=O)N%10CN%11C(=O)N%12CN%13C(=O)N%14CN1C1C2N2CN%15C(=O)N(CN%16C(=O)N(CN%17C(=O)N(CN%18C(=O)N(CN%19C(=O)N(CN%20C(=O)N(CN1C2=O)C%14C%13%20)C%12C%11%19)C%10C9%18)C8C7%17)C6C5%16)C4C3%15,2DC65D621E765ED6549674FF1EC52FA438C064AF813048BB637692837EF09315,HOST_CAN_0144,PASS,NCCCCCN,686B1F1D37E58EE9E8D62CED35D9E35B25EB8DBA4BB8BAA773577CEE8422D320,GUEST_CAN_0794,PASS,GINE,2,guest_cold,2,6.17664909362793
2191,188,1079,C1N2C3C4N(C2=O)CN5C6C7N(C5=O)CN8C9C2N(C8=O)CN5C8C%10N(C5=O)CN5C%11C%12N(C5=O)CN5C%13C%14N(C5=O)CN5C%15C(N1C5=O)N1CN3C(=O)N4CN6C(=O)N7CN9C(=O)N2CN8C(=O)N%10CN%11C(=O)N%12CN%13C(=O)N%14CN%15C1=O,BrC12C=CC3(O2)CNCC3C1,cucurbituril,6.462399959564209,O=C1N2CN3C(=O)N4CN5C(=O)N6CN7C(=O)N8CN9C(=O)N%10CN%11C(=O)N%12CN%13C(=O)N%14CN1C1C2N2CN%15C(=O)N(CN%16C(=O)N(CN%17C(=O)N(CN%18C(=O)N(CN%19C(=O)N(CN%20C(=O)N(CN1C2=O)C%14C%13%20)C%12C%11%19)C%10C9%18)C8C7%17)C6C5%16)C4C3%15,2DC65D621E765ED6549674FF1EC52FA438C064AF813048BB637692837EF09315,HOST_CAN_0144,PASS,BrC12C=CC3(CNCC3C1)O2,A92A8011CD9D6266392052982963AEF1F9853A761DA07A4BE1A172105F0A9A1D,GUEST_CAN_0001,PASS,GINE,2,guest_cold,2,5.13128662109375
2211,188,1084,C1N2C3C4N(C2=O)CN5C6C7N(C5=O)CN8C9C2N(C8=O)CN5C8C%10N(C5=O)CN5C%11C%12N(C5=O)CN5C%13C%14N(C5=O)CN5C%15C(N1C5=O)N1CN3C(=O)N4CN6C(=O)N7CN9C(=O)N2CN8C(=O)N%10CN%11C(=O)N%12CN%13C(=O)N%14CN%15C1=O,CC1(C2CCC1(C(C2)O)C)C,cucurbituril,8.414999961853027,O=C1N2CN3C(=O)N4CN5C(=O)N6CN7C(=O)N8CN9C(=O)N%10CN%11C(=O)N%12CN%13C(=O)N%14CN1C1C2N2CN%15C(=O)N(CN%16C(=O)N(CN%17C(=O)N(CN%18C(=O)N(CN%19C(=O)N(CN%20C(=O)N(CN1C2=O)C%14C%13%20)C%12C%11%19)C%10C9%18)C8C7%17)C6C5%16)C4C3%15,2DC65D621E765ED6549674FF1EC52FA438C064AF813048BB637692837EF09315,HOST_CAN_0144,PASS,CC1(C)C2CCC1(C)C(O)C2,1DD2808BB6BB4B118F380B82BC1552AD8FFE209114EDF964A1C85650AF932D06,GUEST_CAN_0204,PASS,GINE,2,guest_cold,2,6.426666736602783
2214,188,418,C1N2C3C4N(C2=O)CN5C6C7N(C5=O)CN8C9C2N(C8=O)CN5C8C%10N(C5=O)CN5C%11C%12N(C5=O)CN5C%13C%14N(C5=O)CN5C%15C(N1C5=O)N1CN3C(=O)N4CN6C(=O)N7CN9C(=O)N2CN8C(=O)N%10CN%11C(=O)N%12CN%13C(=O)N%14CN%15C1=O,[CH]1[CH][CH][CH][CH]1.[CH]1[CH][CH][C]([CH]1)CO.[Fe],cucurbituril,9.423800468444824,O=C1N2CN3C(=O)N4CN5C(=O)N6CN7C(=O)N8CN9C(=O)N%10CN%11C(=O)N%12CN%13C(=O)N%14CN1C1C2N2CN%15C(=O)N(CN%16C(=O)N(CN%17C(=O)N(CN%18C(=O)N(CN%19C(=O)N(CN%20C(=O)N(CN1C2=O)C%14C%13%20)C%12C%11%19)C%10C9%18)C8C7%17)C6C5%16)C4C3%15,2DC65D621E765ED6549674FF1EC52FA438C064AF813048BB637692837EF09315,HOST_CAN_0144,PASS,OC[C]1[CH][CH][CH][CH]1.[CH]1[CH][CH][CH][CH]1.[Fe],598F58B7E73A7A8C503349E1FB5AEC855C474C9E6DEB14009D5A6FCA0DF34B7B,GUEST_CAN_0983,PASS,GINE,2,guest_cold,2,3.3655004501342773
2220,188,1089,C1N2C3C4N(C2=O)CN5C6C7N(C5=O)CN8C9C2N(C8=O)CN5C8C%10N(C5=O)CN5C%11C%12N(C5=O)CN5C%13C%14N(C5=O)CN5C%15C(N1C5=O)N1CN3C(=O)N4CN6C(=O)N7CN9C(=O)N2CN8C(=O)N%10CN%11C(=O)N%12CN%13C(=O)N%14CN%15C1=O,C[C@@]12C(C=C(C3=CC=[N+](C)C=C3)S2)=C4C(CCC4)=C5[C@@]1(C)SC(C6=CC=[N+](C)C=C6)=C5,cucurbituril,7.845099925994873,O=C1N2CN3C(=O)N4CN5C(=O)N6CN7C(=O)N8CN9C(=O)N%10CN%11C(=O)N%12CN%13C(=O)N%14CN1C1C2N2CN%15C(=O)N(CN%16C(=O)N(CN%17C(=O)N(CN%18C(=O)N(CN%19C(=O)N(CN%20C(=O)N(CN1C2=O)C%14C%13%20)C%12C%11%19)C%10C9%18)C8C7%17)C6C5%16)C4C3%15,2DC65D621E765ED6549674FF1EC52FA438C064AF813048BB637692837EF09315,HOST_CAN_0144,PASS,C[n+]1ccc(C2=CC3=C4CCCC4=C4C=C(c5cc[n+](C)cc5)S[C@@]4(C)[C@]3(C)S2)cc1,11C3F1307403D21B02A15853E98ED9ECC14042E0E4F59E62E3F00450D6D0826C,GUEST_CAN_0635,PASS,GINE,2,guest_cold,2,5.505468368530273
2226,188,897,C1N2C3C4N(C2=O)CN5C6C7N(C5=O)CN8C9C2N(C8=O)CN5C8C%10N(C5=O)CN5C%11C%12N(C5=O)CN5C%13C%14N(C5=O)CN5C%15C(N1C5=O)N1CN3C(=O)N4CN6C(=O)N7CN9C(=O)N2CN8C(=O)N%10CN%11C(=O)N%12CN%13C(=O)N%14CN%15C1=O,C1C[N+]2=CC=CC=C2C3=CC=CC=[N+]31,cucurbituril,2.5378000736236572,O=C1N2CN3C(=O)N4CN5C(=O)N6CN7C(=O)N8CN9C(=O)N%10CN%11C(=O)N%12CN%13C(=O)N%14CN1C1C2N2CN%15C(=O)N(CN%16C(=O)N(CN%17C(=O)N(CN%18C(=O)N(CN%19C(=O)N(CN%20C(=O)N(CN1C2=O)C%14C%13%20)C%12C%11%19)C%10C9%18)C8C7%17)C6C5%16)C4C3%15,2DC65D621E765ED6549674FF1EC52FA438C064AF813048BB637692837EF09315,HOST_CAN_0144,PASS,c1cc[n+]2c(c1)-c1cccc[n+]1CC2,129DC49EF4AB93F0D7CFF5529A53286D3BDA797A045B296BD0D89008262A749F,GUEST_CAN_1125,PASS,GINE,2,guest_cold,2,4.816347599029541
2229,188,1094,C1N2C3C4N(C2=O)CN5C6C7N(C5=O)CN8C9C2N(C8=O)CN5C8C%10N(C5=O)CN5C%11C%12N(C5=O)CN5C%13C%14N(C5=O)CN5C%15C(N1C5=O)N1CN3C(=O)N4CN6C(=O)N7CN9C(=O)N2CN8C(=O)N%10CN%11C(=O)N%12CN%13C(=O)N%14CN%15C1=O,CCC(=O)CC,cucurbituril,3.3138999938964844,O=C1N2CN3C(=O)N4CN5C(=O)N6CN7C(=O)N8CN9C(=O)N%10CN%11C(=O)N%12CN%13C(=O)N%14CN1C1C2N2CN%15C(=O)N(CN%16C(=O)N(CN%17C(=O)N(CN%18C(=O)N(CN%19C(=O)N(CN%20C(=O)N(CN1C2=O)C%14C%13%20)C%12C%11%19)C%10C9%18)C8C7%17)C6C5%16)C4C3%15,2DC65D621E765ED6549674FF1EC52FA438C064AF813048BB637692837EF09315,HOST_CAN_0144,PASS,CCC(=O)CC,5C60918ABA5FE74636E9E1E9A64CDF0DCE48C0F0FE9F520F2FB5062300125F69,GUEST_CAN_0249,PASS,GINE,2,guest_cold,2,3.8229942321777344
2243,188,1099,C1N2C3C4N(C2=O)CN5C6C7N(C5=O)CN8C9C2N(C8=O)CN5C8C%10N(C5=O)CN5C%11C%12N(C5=O)CN5C%13C%14N(C5=O)CN5C%15C(N1C5=O)N1CN3C(=O)N4CN6C(=O)N7CN9C(=O)N2CN8C(=O)N%10CN%11C(=O)N%12CN%13C(=O)N%14CN%15C1=O,ClC12C=CC3(O2)CNCC3C1,cucurbituril,6.799300193786621,O=C1N2CN3C(=O)N4CN5C(=O)N6CN7C(=O)N8CN9C(=O)N%10CN%11C(=O)N%12CN%13C(=O)N%14CN1C1C2N2CN%15C(=O)N(CN%16C(=O)N(CN%17C(=O)N(CN%18C(=O)N(CN%19C(=O)N(CN%20C(=O)N(CN1C2=O)C%14C%13%20)C%12C%11%19)C%10C9%18)C8C7%17)C6C5%16)C4C3%15,2DC65D621E765ED6549674FF1EC52FA438C064AF813048BB637692837EF09315,HOST_CAN_0144,PASS,ClC12C=CC3(CNCC3C1)O2,E24A3C552F9C99AC8A19CC1C6BCD86ABA582D1394BB912FD26CA4B6F3D98CC40,GUEST_CAN_0696,PASS,GINE,2,guest_cold,2,5.078887939453125
2245,188,294,C1N2C3C4N(C2=O)CN5C6C7N(C5=O)CN8C9C2N(C8=O)CN5C8C%10N(C5=O)CN5C%11C%12N(C5=O)CN5C%13C%14N(C5=O)CN5C%15C(N1C5=O)N1CN3C(=O)N4CN6C(=O)N7CN9C(=O)N2CN8C(=O)N%10CN%11C(=O)N%12CN%13C(=O)N%14CN%15C1=O,Cl[Fe](Cl)Cl,cucurbituril,4.178999900817871,O=C1N2CN3C(=O)N4CN5C(=O)N6CN7C(=O)N8CN9C(=O)N%10CN%11C(=O)N%12CN%13C(=O)N%14CN1C1C2N2CN%15C(=O)N(CN%16C(=O)N(CN%17C(=O)N(CN%18C(=O)N(CN%19C(=O)N(CN%20C(=O)N(CN1C2=O)C%14C%13%20)C%12C%11%19)C%10C9%18)C8C7%17)C6C5%16)C4C3%15,2DC65D621E765ED6549674FF1EC52FA438C064AF813048BB637692837EF09315,HOST_CAN_0144,PASS,[Cl][Fe]([Cl])[Cl],00A56A250646250BC555AD4F337F6343FAE4957C946C1C7D8CF29518E860CDEC,GUEST_CAN_1045,PASS,GINE,2,guest_cold,2,2.5370850563049316
2247,188,540,C1N2C3C4N(C2=O)CN5C6C7N(C5=O)CN8C9C2N(C8=O)CN5C8C%10N(C5=O)CN5C%11C%12N(C5=O)CN5C%13C%14N(C5=O)CN5C%15C(N1C5=O)N1CN3C(=O)N4CN6C(=O)N7CN9C(=O)N2CN8C(=O)N%10CN%11C(=O)N%12CN%13C(=O)N%14CN%15C1=O,C1C2CC3CC1CC(C2)(C3)[NH3+],cucurbituril,14.230400085449219,O=C1N2CN3C(=O)N4CN5C(=O)N6CN7C(=O)N8CN9C(=O)N%10CN%11C(=O)N%12CN%13C(=O)N%14CN1C1C2N2CN%15C(=O)N(CN%16C(=O)N(CN%17C(=O)N(CN%18C(=O)N(CN%19C(=O)N(CN%20C(=O)N(CN1C2=O)C%14C%13%20)C%12C%11%19)C%10C9%18)C8C7%17)C6C5%16)C4C3%15,2DC65D621E765ED6549674FF1EC52FA438C064AF813048BB637692837EF09315,HOST_CAN_0144,PASS,[NH3+]C12CC3CC(CC(C3)C1)C2,B35418080EFA563571273C6E3EC93ECC4BAA31A52E8EA95A4E158E37C4767C1F,GUEST_CAN_1075,PASS,GINE,2,guest_cold,2,8.65707778930664
2248,188,143,C1N2C3C4N(C2=O)CN5C6C7N(C5=O)CN8C9C2N(C8=O)CN5C8C%10N(C5=O)CN5C%11C%12N(C5=O)CN5C%13C%14N(C5=O)CN5C%15C(N1C5=O)N1CN3C(=O)N4CN6C(=O)N7CN9C(=O)N2CN8C(=O)N%10CN%11C(=O)N%12CN%13C(=O)N%14CN%15C1=O,O.O.O.O.O.O.O.[Cl-].[Cl-].[Cl-].[La+3],cucurbituril,4.987299919128418,O=C1N2CN3C(=O)N4CN5C(=O)N6CN7C(=O)N8CN9C(=O)N%10CN%11C(=O)N%12CN%13C(=O)N%14CN1C1C2N2CN%15C(=O)N(CN%16C(=O)N(CN%17C(=O)N(CN%18C(=O)N(CN%19C(=O)N(CN%20C(=O)N(CN1C2=O)C%14C%13%20)C%12C%11%19)C%10C9%18)C8C7%17)C6C5%16)C4C3%15,2DC65D621E765ED6549674FF1EC52FA438C064AF813048BB637692837EF09315,HOST_CAN_0144,PASS,O.O.O.O.O.O.O.[Cl-].[Cl-].[Cl-].[La+3],1E37E2BF0692633D9CE24924BA2B24B23857130425674815F06A869898F2B330,GUEST_CAN_0843,PASS,GINE,2,guest_cold,2,3.6068882942199707
2249,188,790,C1N2C3C4N(C2=O)CN5C6C7N(C5=O)CN8C9C2N(C8=O)CN5C8C%10N(C5=O)CN5C%11C%12N(C5=O)CN5C%13C%14N(C5=O)CN5C%15C(N1C5=O)N1CN3C(=O)N4CN6C(=O)N7CN9C(=O)N2CN8C(=O)N%10CN%11C(=O)N%12CN%13C(=O)N%14CN%15C1=O,CCCC[NH2+]C12C[C@@H]3C[C@H](C2)C[C@H](C1)C3,cucurbituril,12.0,O=C1N2CN3C(=O)N4CN5C(=O)N6CN7C(=O)N8CN9C(=O)N%10CN%11C(=O)N%12CN%13C(=O)N%14CN1C1C2N2CN%15C(=O)N(CN%16C(=O)N(CN%17C(=O)N(CN%18C(=O)N(CN%19C(=O)N(CN%20C(=O)N(CN1C2=O)C%14C%13%20)C%12C%11%19)C%10C9%18)C8C7%17)C6C5%16)C4C3%15,2DC65D621E765ED6549674FF1EC52FA438C064AF813048BB637692837EF09315,HOST_CAN_0144,PASS,CCCC[NH2+]C12C[C@H]3C[C@@H](C1)C[C@@H](C2)C3,751AB369038D9A78C1ECF8AE2F3078D180823375E6122907A2B62992E93767E6,GUEST_CAN_0320,PASS,GINE,2,guest_cold,2,8.684175491333008
2252,188,63,C1N2C3C4N(C2=O)CN5C6C7N(C5=O)CN8C9C2N(C8=O)CN5C8C%10N(C5=O)CN5C%11C%12N(C5=O)CN5C%13C%14N(C5=O)CN5C%15C(N1C5=O)N1CN3C(=O)N4CN6C(=O)N7CN9C(=O)N2CN8C(=O)N%10CN%11C(=O)N%12CN%13C(=O)N%14CN%15C1=O,[Rb+],cucurbituril,2.763400077819824,O=C1N2CN3C(=O)N4CN5C(=O)N6CN7C(=O)N8CN9C(=O)N%10CN%11C(=O)N%12CN%13C(=O)N%14CN1C1C2N2CN%15C(=O)N(CN%16C(=O)N(CN%17C(=O)N(CN%18C(=O)N(CN%19C(=O)N(CN%20C(=O)N(CN1C2=O)C%14C%13%20)C%12C%11%19)C%10C9%18)C8C7%17)C6C5%16)C4C3%15,2DC65D621E765ED6549674FF1EC52FA438C064AF813048BB637692837EF09315,HOST_CAN_0144,PASS,[Rb+],A81E1030429F736D8E35EA84C21CDFC8BA21CABFAB462465BE82BDA25EAD58DF,GUEST_CAN_1109,PASS,GINE,2,guest_cold,2,2.4162073135375977
2255,188,1104,C1N2C3C4N(C2=O)CN5C6C7N(C5=O)CN8C9C2N(C8=O)CN5C8C%10N(C5=O)CN5C%11C%12N(C5=O)CN5C%13C%14N(C5=O)CN5C%15C(N1C5=O)N1CN3C(=O)N4CN6C(=O)N7CN9C(=O)N2CN8C(=O)N%10CN%11C(=O)N%12CN%13C(=O)N%14CN%15C1=O,N#C/C(=C\c1ccc(cc1)c1cc(cc(c1)C(F)(F)F)C(F)(F)F)/c1ccc(cc1)c1cc[n+](cc1)C.[Cl-],cucurbituril,6.09689998626709,O=C1N2CN3C(=O)N4CN5C(=O)N6CN7C(=O)N8CN9C(=O)N%10CN%11C(=O)N%12CN%13C(=O)N%14CN1C1C2N2CN%15C(=O)N(CN%16C(=O)N(CN%17C(=O)N(CN%18C(=O)N(CN%19C(=O)N(CN%20C(=O)N(CN1C2=O)C%14C%13%20)C%12C%11%19)C%10C9%18)C8C7%17)C6C5%16)C4C3%15,2DC65D621E765ED6549674FF1EC52FA438C064AF813048BB637692837EF09315,HOST_CAN_0144,PASS,C[n+]1ccc(-c2ccc(/C(C#N)=C/c3ccc(-c4cc(C(F)(F)F)cc(C(F)(F)F)c4)cc3)cc2)cc1.[Cl-],4301F6A98302089D705037A6A5ABC9546D72D005D4574D55E8D386CDB18B7142,GUEST_CAN_0630,PASS,GINE,2,guest_cold,2,5.672425270080566
2256,188,972,C1N2C3C4N(C2=O)CN5C6C7N(C5=O)CN8C9C2N(C8=O)CN5C8C%10N(C5=O)CN5C%11C%12N(C5=O)CN5C%13C%14N(C5=O)CN5C%15C(N1C5=O)N1CN3C(=O)N4CN6C(=O)N7CN9C(=O)N2CN8C(=O)N%10CN%11C(=O)N%12CN%13C(=O)N%14CN%15C1=O,CC1=CC2=C(C=C1C)N=C3C(=N2)C(=O)NC(=O)N3,cucurbituril,3.9684998989105225,O=C1N2CN3C(=O)N4CN5C(=O)N6CN7C(=O)N8CN9C(=O)N%10CN%11C(=O)N%12CN%13C(=O)N%14CN1C1C2N2CN%15C(=O)N(CN%16C(=O)N(CN%17C(=O)N(CN%18C(=O)N(CN%19C(=O)N(CN%20C(=O)N(CN1C2=O)C%14C%13%20)C%12C%11%19)C%10C9%18)C8C7%17)C6C5%16)C4C3%15,2DC65D621E765ED6549674FF1EC52FA438C064AF813048BB637692837EF09315,HOST_CAN_0144,PASS,Cc1cc2nc3[nH]c(=O)[nH]c(=O)c3nc2cc1C,7F5911F9B38BC5A709055C6A52842FCC11659FCD964D6896F3FC38743FBBF654,GUEST_CAN_0649,PASS,GINE,2,guest_cold,2,5.232977867126465
2261,188,243,C1N2C3C4N(C2=O)CN5C6C7N(C5=O)CN8C9C2N(C8=O)CN5C8C%10N(C5=O)CN5C%11C%12N(C5=O)CN5C%13C%14N(C5=O)CN5C%15C(N1C5=O)N1CN3C(=O)N4CN6C(=O)N7CN9C(=O)N2CN8C(=O)N%10CN%11C(=O)N%12CN%13C(=O)N%14CN%15C1=O,Cl[Yb](Cl)Cl,cucurbituril,4.420000076293945,O=C1N2CN3C(=O)N4CN5C(=O)N6CN7C(=O)N8CN9C(=O)N%10CN%11C(=O)N%12CN%13C(=O)N%14CN1C1C2N2CN%15C(=O)N(CN%16C(=O)N(CN%17C(=O)N(CN%18C(=O)N(CN%19C(=O)N(CN%20C(=O)N(CN1C2=O)C%14C%13%20)C%12C%11%19)C%10C9%18)C8C7%17)C6C5%16)C4C3%15,2DC65D621E765ED6549674FF1EC52FA438C064AF813048BB637692837EF09315,HOST_CAN_0144,PASS,[Cl][Yb]([Cl])[Cl],59CFD47D9F207EC2824B835E6D02D9135A48C726F605678F4A01D79FC70A9A4A,GUEST_CAN_1048,PASS,GINE,2,guest_cold,2,2.145507335662842
2265,188,53,C1N2C3C4N(C2=O)CN5C6C7N(C5=O)CN8C9C2N(C8=O)CN5C8C%10N(C5=O)CN5C%11C%12N(C5=O)CN5C%13C%14N(C5=O)CN5C%15C(N1C5=O)N1CN3C(=O)N4CN6C(=O)N7CN9C(=O)N2CN8C(=O)N%10CN%11C(=O)N%12CN%13C(=O)N%14CN%15C1=O,[Na+].[Cl-],cucurbituril,3.409899950027466,O=C1N2CN3C(=O)N4CN5C(=O)N6CN7C(=O)N8CN9C(=O)N%10CN%11C(=O)N%12CN%13C(=O)N%14CN1C1C2N2CN%15C(=O)N(CN%16C(=O)N(CN%17C(=O)N(CN%18C(=O)N(CN%19C(=O)N(CN%20C(=O)N(CN1C2=O)C%14C%13%20)C%12C%11%19)C%10C9%18)C8C7%17)C6C5%16)C4C3%15,2DC65D621E765ED6549674FF1EC52FA438C064AF813048BB637692837EF09315,HOST_CAN_0144,PASS,[Cl-].[Na+],75BE434EC1982F4169BCC68DFF522D1CE80C4ED9F32BD5BD82D1768FC8A5ED44,GUEST_CAN_1040,PASS,GINE,2,guest_cold,2,3.07606840133667
2268,188,9,C1N2C3C4N(C2=O)CN5C6C7N(C5=O)CN8C9C2N(C8=O)CN5C8C%10N(C5=O)CN5C%11C%12N(C5=O)CN5C%13C%14N(C5=O)CN5C%15C(N1C5=O)N1CN3C(=O)N4CN6C(=O)N7CN9C(=O)N2CN8C(=O)N%10CN%11C(=O)N%12CN%13C(=O)N%14CN%15C1=O,C1CCC(CC1)C[NH3+],cucurbituril,11.113900184631348,O=C1N2CN3C(=O)N4CN5C(=O)N6CN7C(=O)N8CN9C(=O)N%10CN%11C(=O)N%12CN%13C(=O)N%14CN1C1C2N2CN%15C(=O)N(CN%16C(=O)N(CN%17C(=O)N(CN%18C(=O)N(CN%19C(=O)N(CN%20C(=O)N(CN1C2=O)C%14C%13%20)C%12C%11%19)C%10C9%18)C8C7%17)C6C5%16)C4C3%15,2DC65D621E765ED6549674FF1EC52FA438C064AF813048BB637692837EF09315,HOST_CAN_0144,PASS,[NH3+]CC1CCCCC1,DF21C8335BE240A791770DC93EFCD1C54E4FA39D0589D9C3EFABFAAD09B448D1,GUEST_CAN_1079,PASS,GINE,2,guest_cold,2,2.8232572078704834
2274,188,1109,C1N2C3C4N(C2=O)CN5C6C7N(C5=O)CN8C9C2N(C8=O)CN5C8C%10N(C5=O)CN5C%11C%12N(C5=O)CN5C%13C%14N(C5=O)CN5C%15C(N1C5=O)N1CN3C(=O)N4CN6C(=O)N7CN9C(=O)N2CN8C(=O)N%10CN%11C(=O)N%12CN%13C(=O)N%14CN%15C1=O,C=CCNCC1=CC=C(Cl)O1,cucurbituril,5.662799835205078,O=C1N2CN3C(=O)N4CN5C(=O)N6CN7C(=O)N8CN9C(=O)N%10CN%11C(=O)N%12CN%13C(=O)N%14CN1C1C2N2CN%15C(=O)N(CN%16C(=O)N(CN%17C(=O)N(CN%18C(=O)N(CN%19C(=O)N(CN%20C(=O)N(CN1C2=O)C%14C%13%20)C%12C%11%19)C%10C9%18)C8C7%17)C6C5%16)C4C3%15,2DC65D621E765ED6549674FF1EC52FA438C064AF813048BB637692837EF09315,HOST_CAN_0144,PASS,C=CCNCc1ccc(Cl)o1,C2F7C7F334996C222B5E10952AF182067DD17A1555E14466C6D9E024A6F9DBCD,GUEST_CAN_0051,PASS,GINE,2,guest_cold,2,6.063482284545898
2281,188,1114,C1N2C3C4N(C2=O)CN5C6C7N(C5=O)CN8C9C2N(C8=O)CN5C8C%10N(C5=O)CN5C%11C%12N(C5=O)CN5C%13C%14N(C5=O)CN5C%15C(N1C5=O)N1CN3C(=O)N4CN6C(=O)N7CN9C(=O)N2CN8C(=O)N%10CN%11C(=O)N%12CN%13C(=O)N%14CN%15C1=O,CCCN1C[NH+](C=C1)C.[Br-],cucurbituril,6.278800010681152,O=C1N2CN3C(=O)N4CN5C(=O)N6CN7C(=O)N8CN9C(=O)N%10CN%11C(=O)N%12CN%13C(=O)N%14CN1C1C2N2CN%15C(=O)N(CN%16C(=O)N(CN%17C(=O)N(CN%18C(=O)N(CN%19C(=O)N(CN%20C(=O)N(CN1C2=O)C%14C%13%20)C%12C%11%19)C%10C9%18)C8C7%17)C6C5%16)C4C3%15,2DC65D621E765ED6549674FF1EC52FA438C064AF813048BB637692837EF09315,HOST_CAN_0144,PASS,CCCN1C=C[NH+](C)C1.[Br-],897F44AAC404DEE31B90A9F79147432B7D9CE8E3FF2DAF2631CF2340943D45DA,GUEST_CAN_0332,PASS,GINE,2,guest_cold,2,6.273329734802246
2282,188,556,C1N2C3C4N(C2=O)CN5C6C7N(C5=O)CN8C9C2N(C8=O)CN5C8C%10N(C5=O)CN5C%11C%12N(C5=O)CN5C%13C%14N(C5=O)CN5C%15C(N1C5=O)N1CN3C(=O)N4CN6C(=O)N7CN9C(=O)N2CN8C(=O)N%10CN%11C(=O)N%12CN%13C(=O)N%14CN%15C1=O,[Cl-].[Rb+],cucurbituril,3.424999952316284,O=C1N2CN3C(=O)N4CN5C(=O)N6CN7C(=O)N8CN9C(=O)N%10CN%11C(=O)N%12CN%13C(=O)N%14CN1C1C2N2CN%15C(=O)N(CN%16C(=O)N(CN%17C(=O)N(CN%18C(=O)N(CN%19C(=O)N(CN%20C(=O)N(CN1C2=O)C%14C%13%20)C%12C%11%19)C%10C9%18)C8C7%17)C6C5%16)C4C3%15,2DC65D621E765ED6549674FF1EC52FA438C064AF813048BB637692837EF09315,HOST_CAN_0144,PASS,[Cl-].[Rb+],F45F5EBA18BFE44CAB128A2E84C8B34A3194175A1497FEDAE86348640AB59865,GUEST_CAN_1041,PASS,GINE,2,guest_cold,2,2.984501361846924
2284,188,532,C1N2C3C4N(C2=O)CN5C6C7N(C5=O)CN8C9C2N(C8=O)CN5C8C%10N(C5=O)CN5C%11C%12N(C5=O)CN5C%13C%14N(C5=O)CN5C%15C(N1C5=O)N1CN3C(=O)N4CN6C(=O)N7CN9C(=O)N2CN8C(=O)N%10CN%11C(=O)N%12CN%13C(=O)N%14CN%15C1=O,CC1=CC=C(C=C1)NC2=CC3=C(C=C2)C=C(C=C3)S(=O)(=O)[O-].[Na+],cucurbituril,4.530200004577637,O=C1N2CN3C(=O)N4CN5C(=O)N6CN7C(=O)N8CN9C(=O)N%10CN%11C(=O)N%12CN%13C(=O)N%14CN1C1C2N2CN%15C(=O)N(CN%16C(=O)N(CN%17C(=O)N(CN%18C(=O)N(CN%19C(=O)N(CN%20C(=O)N(CN1C2=O)C%14C%13%20)C%12C%11%19)C%10C9%18)C8C7%17)C6C5%16)C4C3%15,2DC65D621E765ED6549674FF1EC52FA438C064AF813048BB637692837EF09315,HOST_CAN_0144,PASS,Cc1ccc(Nc2ccc3cc(S(=O)(=O)[O-])ccc3c2)cc1.[Na+],1BC59EC31198E9880137AFAA6A584A1B8605E06881B738CB1BFFC54AF27E7C05,GUEST_CAN_0662,PASS,GINE,2,guest_cold,2,4.637890815734863
2289,188,104,C1N2C3C4N(C2=O)CN5C6C7N(C5=O)CN8C9C2N(C8=O)CN5C8C%10N(C5=O)CN5C%11C%12N(C5=O)CN5C%13C%14N(C5=O)CN5C%15C(N1C5=O)N1CN3C(=O)N4CN6C(=O)N7CN9C(=O)N2CN8C(=O)N%10CN%11C(=O)N%12CN%13C(=O)N%14CN%15C1=O,C1CC2CCC1N=N2,cucurbituril,7.127099990844727,O=C1N2CN3C(=O)N4CN5C(=O)N6CN7C(=O)N8CN9C(=O)N%10CN%11C(=O)N%12CN%13C(=O)N%14CN1C1C2N2CN%15C(=O)N(CN%16C(=O)N(CN%17C(=O)N(CN%18C(=O)N(CN%19C(=O)N(CN%20C(=O)N(CN1C2=O)C%14C%13%20)C%12C%11%19)C%10C9%18)C8C7%17)C6C5%16)C4C3%15,2DC65D621E765ED6549674FF1EC52FA438C064AF813048BB637692837EF09315,HOST_CAN_0144,PASS,C1CC2CCC1N=N2,28524F2C321EA80222CEAE7EE74FE527F854D218FD4782A52CD6A817541C8DDA,GUEST_CAN_0024,PASS,GINE,2,guest_cold,2,3.1440792083740234
2292,188,1119,C1N2C3C4N(C2=O)CN5C6C7N(C5=O)CN8C9C2N(C8=O)CN5C8C%10N(C5=O)CN5C%11C%12N(C5=O)CN5C%13C%14N(C5=O)CN5C%15C(N1C5=O)N1CN3C(=O)N4CN6C(=O)N7CN9C(=O)N2CN8C(=O)N%10CN%11C(=O)N%12CN%13C(=O)N%14CN%15C1=O,C1=CC(=CC=C1CC(C(=O)NCC(=O)O)N)O,cucurbituril,6.556300163269043,O=C1N2CN3C(=O)N4CN5C(=O)N6CN7C(=O)N8CN9C(=O)N%10CN%11C(=O)N%12CN%13C(=O)N%14CN1C1C2N2CN%15C(=O)N(CN%16C(=O)N(CN%17C(=O)N(CN%18C(=O)N(CN%19C(=O)N(CN%20C(=O)N(CN1C2=O)C%14C%13%20)C%12C%11%19)C%10C9%18)C8C7%17)C6C5%16)C4C3%15,2DC65D621E765ED6549674FF1EC52FA438C064AF813048BB637692837EF09315,HOST_CAN_0144,PASS,NC(Cc1ccc(O)cc1)C(=O)NCC(=O)O,D7E807B9D09F5327FB6FA40F543DA477781979693B802EEAE01AE6DEE8F523CA,GUEST_CAN_0742,PASS,GINE,2,guest_cold,2,6.056682586669922
2299,188,577,C1N2C3C4N(C2=O)CN5C6C7N(C5=O)CN8C9C2N(C8=O)CN5C8C%10N(C5=O)CN5C%11C%12N(C5=O)CN5C%13C%14N(C5=O)CN5C%15C(N1C5=O)N1CN3C(=O)N4CN6C(=O)N7CN9C(=O)N2CN8C(=O)N%10CN%11C(=O)N%12CN%13C(=O)N%14CN%15C1=O,CC(=O)C1CCC2C1(CCC3C2CCC4=CC(=O)CCC34C)C,cucurbituril,4.770100116729736,O=C1N2CN3C(=O)N4CN5C(=O)N6CN7C(=O)N8CN9C(=O)N%10CN%11C(=O)N%12CN%13C(=O)N%14CN1C1C2N2CN%15C(=O)N(CN%16C(=O)N(CN%17C(=O)N(CN%18C(=O)N(CN%19C(=O)N(CN%20C(=O)N(CN1C2=O)C%14C%13%20)C%12C%11%19)C%10C9%18)C8C7%17)C6C5%16)C4C3%15,2DC65D621E765ED6549674FF1EC52FA438C064AF813048BB637692837EF09315,HOST_CAN_0144,PASS,CC(=O)C1CCC2C3CCC4=CC(=O)CCC4(C)C3CCC12C,7673C06C9F6E1E307CCC2692CB0E2F8F8CE0D771D2904A31C260B1610AF82E42,GUEST_CAN_0064,PASS,GINE,2,guest_cold,2,5.576695442199707
2301,188,1124,C1N2C3C4N(C2=O)CN5C6C7N(C5=O)CN8C9C2N(C8=O)CN5C8C%10N(C5=O)CN5C%11C%12N(C5=O)CN5C%13C%14N(C5=O)CN5C%15C(N1C5=O)N1CN3C(=O)N4CN6C(=O)N7CN9C(=O)N2CN8C(=O)N%10CN%11C(=O)N%12CN%13C(=O)N%14CN%15C1=O,CCCCCCCCN1C=C[N+](=C1)C.[Cl-],cucurbituril,6.949399948120117,O=C1N2CN3C(=O)N4CN5C(=O)N6CN7C(=O)N8CN9C(=O)N%10CN%11C(=O)N%12CN%13C(=O)N%14CN1C1C2N2CN%15C(=O)N(CN%16C(=O)N(CN%17C(=O)N(CN%18C(=O)N(CN%19C(=O)N(CN%20C(=O)N(CN1C2=O)C%14C%13%20)C%12C%11%19)C%10C9%18)C8C7%17)C6C5%16)C4C3%15,2DC65D621E765ED6549674FF1EC52FA438C064AF813048BB637692837EF09315,HOST_CAN_0144,PASS,CCCCCCCCn1cc[n+](C)c1.[Cl-],5EC1FD57F07E47E36E20B7D4D01762F0A6EBAF75453242C1F0183BAB303FF892,GUEST_CAN_0292,PASS,GINE,2,guest_cold,2,4.889248371124268
2304,188,221,C1N2C3C4N(C2=O)CN5C6C7N(C5=O)CN8C9C2N(C8=O)CN5C8C%10N(C5=O)CN5C%11C%12N(C5=O)CN5C%13C%14N(C5=O)CN5C%15C(N1C5=O)N1CN3C(=O)N4CN6C(=O)N7CN9C(=O)N2CN8C(=O)N%10CN%11C(=O)N%12CN%13C(=O)N%14CN%15C1=O,C1=C(NC=N1)CCN,cucurbituril,4.505099773406982,O=C1N2CN3C(=O)N4CN5C(=O)N6CN7C(=O)N8CN9C(=O)N%10CN%11C(=O)N%12CN%13C(=O)N%14CN1C1C2N2CN%15C(=O)N(CN%16C(=O)N(CN%17C(=O)N(CN%18C(=O)N(CN%19C(=O)N(CN%20C(=O)N(CN1C2=O)C%14C%13%20)C%12C%11%19)C%10C9%18)C8C7%17)C6C5%16)C4C3%15,2DC65D621E765ED6549674FF1EC52FA438C064AF813048BB637692837EF09315,HOST_CAN_0144,PASS,NCCc1cnc[nH]1,15D090429620CA099A147C5AB92E85222F180B20A16D7D5EE0B5A640A2C40D3F,GUEST_CAN_0811,PASS,GINE,2,guest_cold,2,4.500372886657715
2311,188,1129,C1N2C3C4N(C2=O)CN5C6C7N(C5=O)CN8C9C2N(C8=O)CN5C8C%10N(C5=O)CN5C%11C%12N(C5=O)CN5C%13C%14N(C5=O)CN5C%15C(N1C5=O)N1CN3C(=O)N4CN6C(=O)N7CN9C(=O)N2CN8C(=O)N%10CN%11C(=O)N%12CN%13C(=O)N%14CN%15C1=O,CSCCC(C(=O)N)NC(=O)C(CC1=CC=CC=C1)N,cucurbituril,7.379499912261963,O=C1N2CN3C(=O)N4CN5C(=O)N6CN7C(=O)N8CN9C(=O)N%10CN%11C(=O)N%12CN%13C(=O)N%14CN1C1C2N2CN%15C(=O)N(CN%16C(=O)N(CN%17C(=O)N(CN%18C(=O)N(CN%19C(=O)N(CN%20C(=O)N(CN1C2=O)C%14C%13%20)C%12C%11%19)C%10C9%18)C8C7%17)C6C5%16)C4C3%15,2DC65D621E765ED6549674FF1EC52FA438C064AF813048BB637692837EF09315,HOST_CAN_0144,PASS,CSCCC(NC(=O)C(N)Cc1ccccc1)C(N)=O,5307C8E67A94B94018CF355ED69E017CBF95EA3A49805571866722977CACD45C,GUEST_CAN_0519,PASS,GINE,2,guest_cold,2,5.7620625495910645
2315,188,768,C1N2C3C4N(C2=O)CN5C6C7N(C5=O)CN8C9C2N(C8=O)CN5C8C%10N(C5=O)CN5C%11C%12N(C5=O)CN5C%13C%14N(C5=O)CN5C%15C(N1C5=O)N1CN3C(=O)N4CN6C(=O)N7CN9C(=O)N2CN8C(=O)N%10CN%11C(=O)N%12CN%13C(=O)N%14CN%15C1=O,CCNC1=C(C=C2C(=C1)OC3=CC(=[NH+]CC)C(=CC3=C2C4=CC=CC=C4C(=O)OCC)C)C.[Cl-],cucurbituril,4.698999881744385,O=C1N2CN3C(=O)N4CN5C(=O)N6CN7C(=O)N8CN9C(=O)N%10CN%11C(=O)N%12CN%13C(=O)N%14CN1C1C2N2CN%15C(=O)N(CN%16C(=O)N(CN%17C(=O)N(CN%18C(=O)N(CN%19C(=O)N(CN%20C(=O)N(CN1C2=O)C%14C%13%20)C%12C%11%19)C%10C9%18)C8C7%17)C6C5%16)C4C3%15,2DC65D621E765ED6549674FF1EC52FA438C064AF813048BB637692837EF09315,HOST_CAN_0144,PASS,CCNc1cc2oc3cc(=[NH+]CC)c(C)cc-3c(-c3ccccc3C(=O)OCC)c2cc1C.[Cl-],7747AE094C60B01CC68A562B284C6966F13F3487956DAAB5A7B13BEFB4A724EF,GUEST_CAN_0359,PASS,GINE,2,guest_cold,2,4.55717134475708
2326,188,191,C1N2C3C4N(C2=O)CN5C6C7N(C5=O)CN8C9C2N(C8=O)CN5C8C%10N(C5=O)CN5C%11C%12N(C5=O)CN5C%13C%14N(C5=O)CN5C%15C(N1C5=O)N1CN3C(=O)N4CN6C(=O)N7CN9C(=O)N2CN8C(=O)N%10CN%11C(=O)N%12CN%13C(=O)N%14CN%15C1=O,O.O.O.O.O.O.[Cl-].[Cl-].[Sr+2],cucurbituril,4.549900054931641,O=C1N2CN3C(=O)N4CN5C(=O)N6CN7C(=O)N8CN9C(=O)N%10CN%11C(=O)N%12CN%13C(=O)N%14CN1C1C2N2CN%15C(=O)N(CN%16C(=O)N(CN%17C(=O)N(CN%18C(=O)N(CN%19C(=O)N(CN%20C(=O)N(CN1C2=O)C%14C%13%20)C%12C%11%19)C%10C9%18)C8C7%17)C6C5%16)C4C3%15,2DC65D621E765ED6549674FF1EC52FA438C064AF813048BB637692837EF09315,HOST_CAN_0144,PASS,O.O.O.O.O.O.[Cl-].[Cl-].[Sr+2],3C32050D7E5AD41C7BC6DC47F8AF4E8E287A431913D4C7D7380ACBE3018A2B81,GUEST_CAN_0845,PASS,GINE,2,guest_cold,2,3.601410388946533
2330,188,1134,C1N2C3C4N(C2=O)CN5C6C7N(C5=O)CN8C9C2N(C8=O)CN5C8C%10N(C5=O)CN5C%11C%12N(C5=O)CN5C%13C%14N(C5=O)CN5C%15C(N1C5=O)N1CN3C(=O)N4CN6C(=O)N7CN9C(=O)N2CN8C(=O)N%10CN%11C(=O)N%12CN%13C(=O)N%14CN%15C1=O,[NH3+]CC[NH2+]CCCCCC[NH2+]CC[NH3+],cucurbituril,11.230400085449219,O=C1N2CN3C(=O)N4CN5C(=O)N6CN7C(=O)N8CN9C(=O)N%10CN%11C(=O)N%12CN%13C(=O)N%14CN1C1C2N2CN%15C(=O)N(CN%16C(=O)N(CN%17C(=O)N(CN%18C(=O)N(CN%19C(=O)N(CN%20C(=O)N(CN1C2=O)C%14C%13%20)C%12C%11%19)C%10C9%18)C8C7%17)C6C5%16)C4C3%15,2DC65D621E765ED6549674FF1EC52FA438C064AF813048BB637692837EF09315,HOST_CAN_0144,PASS,[NH3+]CC[NH2+]CCCCCC[NH2+]CC[NH3+],277EC7BABCBDE0677B7A9DB3D2193A61D5F9685D1A44C4355404614F5AF541D2,GUEST_CAN_1091,PASS,GINE,2,guest_cold,2,6.384696006774902
2338,188,1139,C1N2C3C4N(C2=O)CN5C6C7N(C5=O)CN8C9C2N(C8=O)CN5C8C%10N(C5=O)CN5C%11C%12N(C5=O)CN5C%13C%14N(C5=O)CN5C%15C(N1C5=O)N1CN3C(=O)N4CN6C(=O)N7CN9C(=O)N2CN8C(=O)N%10CN%11C(=O)N%12CN%13C(=O)N%14CN%15C1=O,CCN(c1ccc2c(c1)oc(=O)c(c2)/C=C/c1cc[n+](cc1)CCC[N+](C)(C)C)CC.[Br-].[Br-],cucurbituril,14.889900207519531,O=C1N2CN3C(=O)N4CN5C(=O)N6CN7C(=O)N8CN9C(=O)N%10CN%11C(=O)N%12CN%13C(=O)N%14CN1C1C2N2CN%15C(=O)N(CN%16C(=O)N(CN%17C(=O)N(CN%18C(=O)N(CN%19C(=O)N(CN%20C(=O)N(CN1C2=O)C%14C%13%20)C%12C%11%19)C%10C9%18)C8C7%17)C6C5%16)C4C3%15,2DC65D621E765ED6549674FF1EC52FA438C064AF813048BB637692837EF09315,HOST_CAN_0144,PASS,CCN(CC)c1ccc2cc(/C=C/c3cc[n+](CCC[N+](C)(C)C)cc3)c(=O)oc2c1.[Br-].[Br-],10BAEC4C64BE03B40926DD3300B608CBCC2C8273CCAAEFE20A6A2695DA833BE3,GUEST_CAN_0353,PASS,GINE,2,guest_cold,2,7.160730361938477
2341,188,675,C1N2C3C4N(C2=O)CN5C6C7N(C5=O)CN8C9C2N(C8=O)CN5C8C%10N(C5=O)CN5C%11C%12N(C5=O)CN5C%13C%14N(C5=O)CN5C%15C(N1C5=O)N1CN3C(=O)N4CN6C(=O)N7CN9C(=O)N2CN8C(=O)N%10CN%11C(=O)N%12CN%13C(=O)N%14CN%15C1=O,CCO,cucurbituril,2.490000009536743,O=C1N2CN3C(=O)N4CN5C(=O)N6CN7C(=O)N8CN9C(=O)N%10CN%11C(=O)N%12CN%13C(=O)N%14CN1C1C2N2CN%15C(=O)N(CN%16C(=O)N(CN%17C(=O)N(CN%18C(=O)N(CN%19C(=O)N(CN%20C(=O)N(CN1C2=O)C%14C%13%20)C%12C%11%19)C%10C9%18)C8C7%17)C6C5%16)C4C3%15,2DC65D621E765ED6549674FF1EC52FA438C064AF813048BB637692837EF09315,HOST_CAN_0144,PASS,CCO,AB1DE819EDE91DF490E6441934DECFA9041B49F91D6BBADBBA4DF634CCFF57FA,GUEST_CAN_0361,PASS,GINE,2,guest_cold,2,2.409930467605591
2344,188,688,C1N2C3C4N(C2=O)CN5C6C7N(C5=O)CN8C9C2N(C8=O)CN5C8C%10N(C5=O)CN5C%11C%12N(C5=O)CN5C%13C%14N(C5=O)CN5C%15C(N1C5=O)N1CN3C(=O)N4CN6C(=O)N7CN9C(=O)N2CN8C(=O)N%10CN%11C(=O)N%12CN%13C(=O)N%14CN%15C1=O,CC(=CCCC(=CCN)C)C,cucurbituril,6.278800010681152,O=C1N2CN3C(=O)N4CN5C(=O)N6CN7C(=O)N8CN9C(=O)N%10CN%11C(=O)N%12CN%13C(=O)N%14CN1C1C2N2CN%15C(=O)N(CN%16C(=O)N(CN%17C(=O)N(CN%18C(=O)N(CN%19C(=O)N(CN%20C(=O)N(CN1C2=O)C%14C%13%20)C%12C%11%19)C%10C9%18)C8C7%17)C6C5%16)C4C3%15,2DC65D621E765ED6549674FF1EC52FA438C064AF813048BB637692837EF09315,HOST_CAN_0144,PASS,CC(C)=CCCC(C)=CCN,B1C226DC9312CAE8279EB4A03A3131348C19526A96BEBDD6A7457079B74DEB69,GUEST_CAN_0121,PASS,GINE,2,guest_cold,2,4.6400146484375
2347,188,1144,C1N2C3C4N(C2=O)CN5C6C7N(C5=O)CN8C9C2N(C8=O)CN5C8C%10N(C5=O)CN5C%11C%12N(C5=O)CN5C%13C%14N(C5=O)CN5C%15C(N1C5=O)N1CN3C(=O)N4CN6C(=O)N7CN9C(=O)N2CN8C(=O)N%10CN%11C(=O)N%12CN%13C(=O)N%14CN%15C1=O,CCN(CC)C1=CC2=C(C=C1)C(=C3C=CC(=[N+](CC)CC)C=C3O2)C4=C(C=C(C=C4)S(=O)(=O)O)S(=O)(=O)[O-],cucurbituril,5.602099895477295,O=C1N2CN3C(=O)N4CN5C(=O)N6CN7C(=O)N8CN9C(=O)N%10CN%11C(=O)N%12CN%13C(=O)N%14CN1C1C2N2CN%15C(=O)N(CN%16C(=O)N(CN%17C(=O)N(CN%18C(=O)N(CN%19C(=O)N(CN%20C(=O)N(CN1C2=O)C%14C%13%20)C%12C%11%19)C%10C9%18)C8C7%17)C6C5%16)C4C3%15,2DC65D621E765ED6549674FF1EC52FA438C064AF813048BB637692837EF09315,HOST_CAN_0144,PASS,CCN(CC)c1ccc2c(-c3ccc(S(=O)(=O)O)cc3S(=O)(=O)[O-])c3ccc(=[N+](CC)CC)cc-3oc2c1,88376138D677D5EF89DA120EF749CB1C888748A6219B804AEC2CAEED8FB59F07,GUEST_CAN_0346,PASS,GINE,2,guest_cold,2,4.303191661834717
2359,188,1149,C1N2C3C4N(C2=O)CN5C6C7N(C5=O)CN8C9C2N(C8=O)CN5C8C%10N(C5=O)CN5C%11C%12N(C5=O)CN5C%13C%14N(C5=O)CN5C%15C(N1C5=O)N1CN3C(=O)N4CN6C(=O)N7CN9C(=O)N2CN8C(=O)N%10CN%11C(=O)N%12CN%13C(=O)N%14CN%15C1=O,C1CC2(CCC1(CC2)CO)CO,cucurbituril,9.785300254821777,O=C1N2CN3C(=O)N4CN5C(=O)N6CN7C(=O)N8CN9C(=O)N%10CN%11C(=O)N%12CN%13C(=O)N%14CN1C1C2N2CN%15C(=O)N(CN%16C(=O)N(CN%17C(=O)N(CN%18C(=O)N(CN%19C(=O)N(CN%20C(=O)N(CN1C2=O)C%14C%13%20)C%12C%11%19)C%10C9%18)C8C7%17)C6C5%16)C4C3%15,2DC65D621E765ED6549674FF1EC52FA438C064AF813048BB637692837EF09315,HOST_CAN_0144,PASS,OCC12CCC(CO)(CC1)CC2,F95B7E466EB461F842D5B720B697CAC5DC6DC08AFCC1B1A2A53B4AD09E2C49EC,GUEST_CAN_0969,PASS,GINE,2,guest_cold,2,8.21243667602539
2367,188,1154,C1N2C3C4N(C2=O)CN5C6C7N(C5=O)CN8C9C2N(C8=O)CN5C8C%10N(C5=O)CN5C%11C%12N(C5=O)CN5C%13C%14N(C5=O)CN5C%15C(N1C5=O)N1CN3C(=O)N4CN6C(=O)N7CN9C(=O)N2CN8C(=O)N%10CN%11C(=O)N%12CN%13C(=O)N%14CN%15C1=O,CC(C1=CC2=CC=CC=C2C=C1)[NH3+],cucurbituril,7.025300025939941,O=C1N2CN3C(=O)N4CN5C(=O)N6CN7C(=O)N8CN9C(=O)N%10CN%11C(=O)N%12CN%13C(=O)N%14CN1C1C2N2CN%15C(=O)N(CN%16C(=O)N(CN%17C(=O)N(CN%18C(=O)N(CN%19C(=O)N(CN%20C(=O)N(CN1C2=O)C%14C%13%20)C%12C%11%19)C%10C9%18)C8C7%17)C6C5%16)C4C3%15,2DC65D621E765ED6549674FF1EC52FA438C064AF813048BB637692837EF09315,HOST_CAN_0144,PASS,CC([NH3+])c1ccc2ccccc2c1,9254C13F63069BFA3FEE9C4B84C19242AB0A70258A46A1B7520A680A5BC8A027,GUEST_CAN_0196,PASS,GINE,2,guest_cold,2,5.539883136749268
2374,188,1159,C1N2C3C4N(C2=O)CN5C6C7N(C5=O)CN8C9C2N(C8=O)CN5C8C%10N(C5=O)CN5C%11C%12N(C5=O)CN5C%13C%14N(C5=O)CN5C%15C(N1C5=O)N1CN3C(=O)N4CN6C(=O)N7CN9C(=O)N2CN8C(=O)N%10CN%11C(=O)N%12CN%13C(=O)N%14CN%15C1=O,CC(C)CC(C(=O)N)NC(=O)C(CC1=CC=CC=C1)N,cucurbituril,7.634799957275391,O=C1N2CN3C(=O)N4CN5C(=O)N6CN7C(=O)N8CN9C(=O)N%10CN%11C(=O)N%12CN%13C(=O)N%14CN1C1C2N2CN%15C(=O)N(CN%16C(=O)N(CN%17C(=O)N(CN%18C(=O)N(CN%19C(=O)N(CN%20C(=O)N(CN1C2=O)C%14C%13%20)C%12C%11%19)C%10C9%18)C8C7%17)C6C5%16)C4C3%15,2DC65D621E765ED6549674FF1EC52FA438C064AF813048BB637692837EF09315,HOST_CAN_0144,PASS,CC(C)CC(NC(=O)C(N)Cc1ccccc1)C(N)=O,3C7259ACEFAC4E1214AF4106B8B7209E4B58E9778B9F188FC8AAF85D71535532,GUEST_CAN_0142,PASS,GINE,2,guest_cold,2,5.430501461029053
