job_id,seed,model,regime,fold,status,flag,n_train,n_val,n_test,mu,sd,best_epoch,stop_epoch,best_validation_mae,elapsed_s,peak_allocated_bytes,predictions_sha,runner_sha,R2,MAE,Spearman,calib_slope,offset,best_null,best_null_R2,margin_R2
s0_double_cold_0_GINE,0,GINE,double_cold,0,COMPLETED,ok,1224,215,100,4.028652191162109,2.064678715301514,100,130,0.9170235991477966,6.297000000005937,501228544,0f8c2c64164610186707a9b35eed81647c8fe19cf50f057420ea343d3ccdf114,374d508fd849e5039fc734b89e743b7c452f3f8bb401afe88f17cf8f90253cfb,-0.6647875308990479,1.600887417793274,0.2548518349744278,,,cond_only_RF,0.1026759126875656,-0.7674634435866134
s0_double_cold_0_AttentiveFP,0,AttentiveFP,double_cold,0,COMPLETED,ok,1224,215,100,4.028652191162109,2.064678715301514,48,78,1.0389001369476318,5.921999999991385,1429090304,4e1cdc92e96e1f7960b59aff7e7f6317ecf12a0401ada2bd9268cc1366b5e536,67662a199ed759f72ceb4277f7014091f1f881750628130bbdcf17e9e665094d,-0.176072359085083,1.3822451829910278,0.3070118856180375,,,cond_only_RF,0.1026759126875656,-0.2787482717726486
s0_double_cold_1_GINE,0,GINE,double_cold,1,COMPLETED,ok,1154,203,128,3.8320388793945312,1.9932930932769775,45,75,0.9483525156974792,2.235000000000582,501776384,9a545d007e5e9cd4066a55d6ff343c191ec704ae854381ddb820fcdd274fd0c0,67662a199ed759f72ceb4277f7014091f1f881750628130bbdcf17e9e665094d,0.3359493613243103,1.225900650024414,0.6014237523469601,,,guest_only_RF,0.3027033950729492,0.033245966251361114
s0_double_cold_1_AttentiveFP,0,AttentiveFP,double_cold,1,COMPLETED,ok,1154,203,128,3.8320388793945312,1.9932930932769775,254,284,0.903049111366272,15.780999999988126,1429224448,779deccf4ecf8c82b7e95eeabb190f72b1a0e60d733a1384e9ea2467f02f294e,67662a199ed759f72ceb4277f7014091f1f881750628130bbdcf17e9e665094d,-1.50527024269104,1.4999043941497803,0.5967885459510454,,,guest_only_RF,0.3027033950729492,-1.8079736377639892
s0_double_cold_2_GINE,0,GINE,double_cold,2,COMPLETED,ok,899,158,244,4.055578231811523,1.97836797101593,87,117,1.1226447820663452,3.764999999999418,501908992,c15ce3bfcd7ae8bd5f90eedabecb2d71840cdce052e0b992c0b7548559b40389,67662a199ed759f72ceb4277f7014091f1f881750628130bbdcf17e9e665094d,0.2791861295700073,1.2761173248291016,0.6314042381882518,,,host_only_RF,0.2990313556734378,-0.01984522610343048
s0_double_cold_2_AttentiveFP,0,AttentiveFP,double_cold,2,COMPLETED,ok,899,158,244,4.055578231811523,1.97836797101593,184,214,1.0066801309585571,11.093999999997322,1429357056,a699ea2d5604ea6ea5ec60894e245540498136d56e1e6e56472a03b6e66b13fa,67662a199ed759f72ceb4277f7014091f1f881750628130bbdcf17e9e665094d,0.3894379734992981,1.155759334564209,0.6528058882513245,,,host_only_RF,0.2990313556734378,0.09040661782586029
s0_double_cold_3_GINE,0,GINE,double_cold,3,COMPLETED,ok,1165,205,165,4.090628623962402,2.0701311097869874,72,102,1.0165772438049316,3.125,501911040,29feeb1aeca96c05ba4e4a6dd66f0909cf662dcdae45256cec4fee305107fc73,67662a199ed759f72ceb4277f7014091f1f881750628130bbdcf17e9e665094d,-0.11931848526000977,1.1473740339279175,0.559836078174862,,,host_only_RF,0.0625537420182714,-0.18187222727828117
s0_double_cold_3_AttentiveFP,0,AttentiveFP,double_cold,3,COMPLETED,ok,1165,205,165,4.090628623962402,2.0701311097869874,132,162,1.117860198020935,8.172000000005937,1429359104,57a9127afd76aebf60590bb1ce121f473ac4d5c37d4415c4f3ad90a0a9072841,67662a199ed759f72ceb4277f7014091f1f881750628130bbdcf17e9e665094d,0.09772539138793945,1.0440491437911987,0.590473913370657,,,host_only_RF,0.0625537420182714,0.03517164936966806
s0_double_cold_4_GINE,0,GINE,double_cold,4,COMPLETED,ok,1066,188,170,3.83508038520813,2.1125600801239015,69,99,0.8955259919166565,3.125,502044160,cb38bd6f71287e8a86c3b091e7feaddaf55cc13d6b2f195ccf7799fb6a5274e9,67662a199ed759f72ceb4277f7014091f1f881750628130bbdcf17e9e665094d,0.1568981409072876,1.2070597410202026,0.5952172604127767,,,sim_knn_k5,0.2559367409168446,-0.099038600009557
s0_double_cold_4_AttentiveFP,0,AttentiveFP,double_cold,4,COMPLETED,ok,1066,188,170,3.83508038520813,2.1125600801239015,128,158,0.9008946418762207,7.9060000000026776,1429358080,3507b5c7f3a80910b46b77a769d7d0ddc6487eca96e5f3ca4f17257ecc174208,67662a199ed759f72ceb4277f7014091f1f881750628130bbdcf17e9e665094d,0.47059160470962524,0.976111888885498,0.7129104413358217,,,sim_knn_k5,0.2559367409168446,0.21465486379278065
s0_double_cold_5_GINE,0,GINE,double_cold,5,COMPLETED,ok,998,176,197,4.037471294403076,2.009536074234009,30,60,0.9696946144104004,1.7660000000032596,502043136,61fcaccb9efdfe12e04b1e68d153fc9dad9cb84bfeed1fabf3a460da7c880dee,67662a199ed759f72ceb4277f7014091f1f881750628130bbdcf17e9e665094d,0.4131354093551636,1.2136329412460327,0.7209065420444539,,,sim_knn_k5,0.323456530578793,0.0896788787763706
s0_double_cold_5_AttentiveFP,0,AttentiveFP,double_cold,5,COMPLETED,ok,998,176,197,4.037471294403076,2.009536074234009,39,69,0.9688932299613953,3.5320000000065193,1429357056,1dfe2d9d3ec92b35577a4e8a1a093de91f6233f897087016fedae53f73161006,67662a199ed759f72ceb4277f7014091f1f881750628130bbdcf17e9e665094d,0.4396078586578369,1.1335943937301636,0.7301518225395675,,,sim_knn_k5,0.323456530578793,0.11615132807904394
s0_double_cold_6_GINE,0,GINE,double_cold,6,COMPLETED,ok,1107,195,159,3.7961957454681396,1.969435380531311,133,163,0.8937134146690369,4.827999999994063,502044160,ca48a0e3c33ab75177f0581d35ce7a5a4277e62458937dae8c30da826267218e,67662a199ed759f72ceb4277f7014091f1f881750628130bbdcf17e9e665094d,0.14434385299682617,1.5766041278839111,0.43828747712351135,,,additive,0.447440726857964,-0.3030968738611378
s0_double_cold_6_AttentiveFP,0,AttentiveFP,double_cold,6,COMPLETED,ok,1107,195,159,3.7961957454681396,1.969435380531311,213,243,0.822465717792511,12.452999999994063,1429492224,8de23495043ac6063aeb5541a17145d99db02440478edceee4b04b35adf4893e,67662a199ed759f72ceb4277f7014091f1f881750628130bbdcf17e9e665094d,0.35738062858581543,1.411647915840149,0.6861153262427324,,,additive,0.447440726857964,-0.09006009827214856
s0_double_cold_7_GINE,0,GINE,double_cold,7,COMPLETED,ok,1298,228,76,3.955683708190918,2.033159302307129,134,164,0.8274602890014648,5.01600000000326,502179840,43c23801f94f2da8252466345482ab4885a1da5da940431f1a021b4f30195491,67662a199ed759f72ceb4277f7014091f1f881750628130bbdcf17e9e665094d,0.3246210217475891,1.3055932521820068,0.5319316185691982,,,sim_knn_k5,0.2681589951258996,0.05646202662168953
s0_double_cold_7_AttentiveFP,0,AttentiveFP,double_cold,7,COMPLETED,ok,1298,228,76,3.955683708190918,2.033159302307129,279,299,0.8737700581550598,14.921999999991385,1429627904,5e78542c47532519754e0d3bdba3ae503d27a05ab9d9577ff4d1a0e19dd839cf,67662a199ed759f72ceb4277f7014091f1f881750628130bbdcf17e9e665094d,0.3110600709915161,1.3060362339019775,0.5595701923471271,,,sim_knn_k5,0.2681589951258996,0.042901075865616534
s0_double_cold_8_GINE,0,GINE,double_cold,8,COMPLETED,ok,910,160,232,4.192571640014648,2.036341951919556,94,124,0.9382441639900208,4.077999999994063,502311424,7578c5052bf101a33003946e60afd5e6bf817eb09aa4f132b9053da861466922,67662a199ed759f72ceb4277f7014091f1f881750628130bbdcf17e9e665094d,0.47316527366638184,1.207589030265808,0.6540068462543843,,,sim_knn_k5,0.4841248032618563,-0.010959529595474471
s0_double_cold_8_AttentiveFP,0,AttentiveFP,double_cold,8,COMPLETED,ok,910,160,232,4.192571640014648,2.036341951919556,205,235,0.879616379737854,13.312999999994645,1429759488,8d8997d729dab37ce5f2d6dcedcff7404bcb735f1584b8b1da788c79c8f1aac0,67662a199ed759f72ceb4277f7014091f1f881750628130bbdcf17e9e665094d,0.5699706077575684,1.064795732498169,0.6748741074610353,,,sim_knn_k5,0.4841248032618563,0.08584580449571205
s0_double_cold_9_GINE,0,GINE,double_cold,9,COMPLETED,ok,1263,222,107,3.916177988052368,2.0091846452484132,92,122,0.9596295356750488,4.202999999994063,502447104,957280d0db12ddc6aeb7b94c4fdae34a9e717b1d996f07e1122f14fe392c112b,67662a199ed759f72ceb4277f7014091f1f881750628130bbdcf17e9e665094d,0.23285996913909912,1.3618884086608887,0.6240849185932748,,,sim_knn_k5,0.2622490427434276,-0.029389073604328464
s0_double_cold_9_AttentiveFP,0,AttentiveFP,double_cold,9,COMPLETED,ok,1263,222,107,3.916177988052368,2.0091846452484132,213,243,0.9497547745704651,15.546000000002095,1429895168,55d58ab02e69906d898b2d7bb6bca5d21c9493309413f0f6c6e80fe184f91bf1,67662a199ed759f72ceb4277f7014091f1f881750628130bbdcf17e9e665094d,0.24457329511642456,1.2311874628067017,0.6208666730513397,,,sim_knn_k5,0.2622490427434276,-0.017675747627003024
s0_double_cold_10_GINE,0,GINE,double_cold,10,COMPLETED,ok,1038,183,195,3.716980457305908,1.9241301284561156,78,108,0.9948164224624634,3.610000000000582,502580736,e73d7ecec6c0ae98dbc70a36d4abcb4e329dfea619392528f5db84057d0a4857,67662a199ed759f72ceb4277f7014091f1f881750628130bbdcf17e9e665094d,0.41053539514541626,1.189542293548584,0.6879744515358454,,,additive,0.3272728170124667,0.08326257813294957
s0_double_cold_10_AttentiveFP,0,AttentiveFP,double_cold,10,COMPLETED,ok,1038,183,195,3.716980457305908,1.9241301284561156,112,142,0.9874964356422424,8.09299999999348,1430028800,4464bd33752b05f129c50001546cdeb4e387dfb43d50e16d80cda067f5b44ef9,67662a199ed759f72ceb4277f7014091f1f881750628130bbdcf17e9e665094d,0.3531094193458557,1.2645657062530518,0.6419963431692278,,,additive,0.3272728170124667,0.025836602333389025
s0_double_cold_11_GINE,0,GINE,double_cold,11,COMPLETED,ok,958,168,211,3.959306478500366,2.0801568494567872,105,135,0.9269100427627563,4.4210000000020955,502713856,a2d4b4c3b7b0ea44bface02ba6e86f78abd8cfcc845c3e7406977829819fef5d,67662a199ed759f72ceb4277f7014091f1f881750628130bbdcf17e9e665094d,0.3429611921310425,1.3604470491409302,0.6338890607339299,,,sim_knn_k5,0.3606335583114992,-0.0176723661804567
s0_double_cold_11_AttentiveFP,0,AttentiveFP,double_cold,11,COMPLETED,ok,958,168,211,3.959306478500366,2.0801568494567872,72,102,0.9637429714202881,9.343000000008033,1430161920,f8e5ecec5da30556314e8e909688ba5b9ba49f09633e4f7eb4a14f3054f466e1,67662a199ed759f72ceb4277f7014091f1f881750628130bbdcf17e9e665094d,0.4785184860229492,1.2118700742721558,0.722453269702782,,,sim_knn_k5,0.3606335583114992,0.11788492771145004
s0_random_0_GINE,0,GINE,random,0,COMPLETED,ok,1621,285,477,3.9401915073394775,2.039073036743164,69,99,0.883840024471283,5.48399999999674,502855680,f8a969ab379f8b774ce33295ad5f0d03dec84006d0f98d8438e14b4f0b8b87ef,67662a199ed759f72ceb4277f7014091f1f881750628130bbdcf17e9e665094d,0.5362980365753174,1.0070017576217651,0.7211738491207405,,,sim_knn_k5,0.6123464111266953,-0.07604837455137792
s0_random_0_AttentiveFP,0,AttentiveFP,random,0,COMPLETED,ok,1621,285,477,3.9401915073394775,2.039073036743164,99,129,0.9868723154067993,12.906000000002678,1430303744,25b440e730a9dcc9248897e22e4c63d970f37e8fc9c51098d1d9f64f86a46708,67662a199ed759f72ceb4277f7014091f1f881750628130bbdcf17e9e665094d,0.5090272426605225,1.0284199714660645,0.7191021000733748,,,sim_knn_k5,0.6123464111266953,-0.10331916846617284
s0_random_1_GINE,0,GINE,random,1,COMPLETED,ok,1621,285,477,3.940885543823242,2.0592554078826906,141,171,0.9378934502601624,9.5,502989824,d647087bc7af21ad5c2844674b315bbcb5157b7db612021317875d5c88710e1d,67662a199ed759f72ceb4277f7014091f1f881750628130bbdcf17e9e665094d,0.5677123069763184,0.9831642508506775,0.7800766142918318,,,sim_knn_k5,0.5699506071635461,-0.002238300187227704
s0_random_1_AttentiveFP,0,AttentiveFP,random,1,COMPLETED,ok,1621,285,477,3.940885543823242,2.0592554078826906,294,299,0.8699734807014465,29.952999999994063,1430437888,45addb313445cf87ea803dd11ac99de1f48408520bc33f99472cb2df5dc31af8,67662a199ed759f72ceb4277f7014091f1f881750628130bbdcf17e9e665094d,0.6562439203262329,0.897183895111084,0.819531095662317,,,sim_knn_k5,0.5699506071635461,0.08629331316268685
s0_random_2_GINE,0,GINE,random,2,COMPLETED,ok,1621,285,477,3.9796714782714844,2.038173006607056,107,137,0.7807843089103699,7.764999999999418,503123968,aedb701385c6a93164fc9989410c5b87dd1ef0688b1264f871a5deda7d929b6b,67662a199ed759f72ceb4277f7014091f1f881750628130bbdcf17e9e665094d,0.5550668239593506,0.9663428068161011,0.7759468959711834,,,sim_knn_k5,0.5734078227467384,-0.01834099878738782
s0_random_2_AttentiveFP,0,AttentiveFP,random,2,COMPLETED,ok,1621,285,477,3.9796714782714844,2.038173006607056,290,299,0.795333743095398,30.23399999999674,1429096448,ae129df9ab435cabcdef0eb30b1380d34a3a38012731b8e1d86efb281dd74199,67662a199ed759f72ceb4277f7014091f1f881750628130bbdcf17e9e665094d,0.5441577434539795,0.9671757817268372,0.7576343580382894,,,sim_knn_k5,0.5734078227467384,-0.029250079292758913
s0_random_3_GINE,0,GINE,random,3,COMPLETED,ok,1621,286,476,3.94559383392334,2.0799060331115724,85,115,0.89542555809021,6.359000000011292,501782528,04ac30160c9a1bd0e883d58bf125fd626632a27c14a7d4ebeb2739c1791baf64,67662a199ed759f72ceb4277f7014091f1f881750628130bbdcf17e9e665094d,0.4953377842903137,0.9845709204673767,0.7588689472509431,,,sim_knn_k5,0.6043297394651699,-0.10899195517485616
s0_random_3_AttentiveFP,0,AttentiveFP,random,3,COMPLETED,ok,1621,286,476,3.94559383392334,2.0799060331115724,158,188,0.9419562220573425,18.73399999999674,1429230592,6755416236a1561021961bac844a088695a8568efea73445a5852d67f87dc83e,67662a199ed759f72ceb4277f7014091f1f881750628130bbdcf17e9e665094d,0.5566849708557129,0.9600261449813843,0.771576585245509,,,sim_knn_k5,0.6043297394651699,-0.04764476860945699
s0_random_4_GINE,0,GINE,random,4,COMPLETED,ok,1621,286,476,3.972496509552002,2.0616779790649415,89,119,0.9497007131576538,6.7039999999979045,501916672,8d81490b440e2888fd54e7e9f2a26dfe8f37c4f7124b79de91746cd7319a4bc1,67662a199ed759f72ceb4277f7014091f1f881750628130bbdcf17e9e665094d,0.5691573619842529,0.9542036652565002,0.7739137841310137,,,sim_knn_k5,0.5760476353820867,-0.006890273397833768
s0_random_4_AttentiveFP,0,AttentiveFP,random,4,COMPLETED,ok,1621,286,476,3.972496509552002,2.0616779790649415,193,223,0.9414103031158447,21.375,1429364736,17605967d59a30a8f95f9bb1e36e6ffbbcd8a5e0e3f4d75509ae3e684a3bcfae,67662a199ed759f72ceb4277f7014091f1f881750628130bbdcf17e9e665094d,0.6326990127563477,0.9103677868843079,0.7823680469103543,,,sim_knn_k5,0.5760476353820867,0.05665137737426096
s0_host_cold_0_GINE,0,GINE,host_cold,0,COMPLETED,ok,1621,285,477,3.730154514312744,1.9549515710601806,46,76,0.931917130947113,2.297000000005937,502050816,d3343e613c76c5881d5cc4ae2c837d246a89504413dfea1f87572bbf6f1aff6a,67662a199ed759f72ceb4277f7014091f1f881750628130bbdcf17e9e665094d,0.38833582401275635,1.2771164178848267,0.6542905368636044,,,sim_knn_k5,0.3913989367026259,-0.0030631126898695293
s0_host_cold_0_AttentiveFP,0,AttentiveFP,host_cold,0,COMPLETED,ok,1621,285,477,3.730154514312744,1.9549515710601806,253,283,0.859237015247345,19.796999999991385,1429498880,d64f25ead3d0a55b8ff8177189b5d00a5077488b62099a045fefb13407bf5462,67662a199ed759f72ceb4277f7014091f1f881750628130bbdcf17e9e665094d,0.4122127890586853,1.298126459121704,0.732159839386458,,,sim_knn_k5,0.3913989367026259,0.020813852356059426
s0_host_cold_1_GINE,0,GINE,host_cold,1,COMPLETED,ok,1621,285,477,3.732499599456787,1.9110609756240844,46,76,0.8746293187141418,2.1410000000032596,502184960,17f06ee9a3139a6d43b81497e91077c46e26346556b68e74bd0cd1f6b1aa538d,67662a199ed759f72ceb4277f7014091f1f881750628130bbdcf17e9e665094d,0.33567363023757935,1.3910833597183228,0.6486550437370255,,,sim_knn_k5,0.2067975679170346,0.12887606232054474
s0_host_cold_1_AttentiveFP,0,AttentiveFP,host_cold,1,COMPLETED,ok,1621,285,477,3.732499599456787,1.9110609756240844,279,299,0.7923360466957092,14.922000000005937,1429633024,4e65f9dcb44a8182f7b0db6858ce1d371d50c045431b7fef9adf0bc07a126675,67662a199ed759f72ceb4277f7014091f1f881750628130bbdcf17e9e665094d,0.323181688785553,1.3846558332443237,0.6287811351530573,,,sim_knn_k5,0.2067975679170346,0.11638412086851838
s0_host_cold_2_GINE,0,GINE,host_cold,2,COMPLETED,ok,1621,285,477,4.188249588012695,2.0976341233978273,150,180,1.0398823022842407,5.1560000000026776,502319104,020ed1aaa1c7ead6c26b440fa99a26be0342f59fe6bfdbf02c75162c9c1a10ce,67662a199ed759f72ceb4277f7014091f1f881750628130bbdcf17e9e665094d,0.3608543872833252,0.9472998380661011,0.5594026184836383,,,sim_knn_k5,0.420724432791717,-0.05987004550839181
s0_host_cold_2_AttentiveFP,0,AttentiveFP,host_cold,2,COMPLETED,ok,1621,285,477,4.188249588012695,2.0976341233978273,280,299,0.9173493385314941,14.98399999999674,1429767168,637d57e19264efb4f5609333f98ecdb469abee7e2d709d5e34b667f629c90e79,67662a199ed759f72ceb4277f7014091f1f881750628130bbdcf17e9e665094d,0.46237391233444214,0.8214156031608582,0.5991183180463098,,,sim_knn_k5,0.420724432791717,0.04164947954272513
s0_host_cold_3_GINE,0,GINE,host_cold,3,COMPLETED,ok,1621,286,476,3.944991111755371,2.13706474168396,43,73,0.9481908679008484,2.172000000005937,502453248,86c3c9b0836560e82543991b2d55a49d38449ef481674fbed407c790137c6c11,67662a199ed759f72ceb4277f7014091f1f881750628130bbdcf17e9e665094d,0.3912196159362793,1.0656530857086182,0.6505834776136542,,,sim_knn_k5,0.2620556816445356,0.12916393429174372
s0_host_cold_3_AttentiveFP,0,AttentiveFP,host_cold,3,COMPLETED,ok,1621,286,476,3.944991111755371,2.13706474168396,107,137,0.9492965340614319,15.093999999997322,1429901312,74198cabed47b046e95a32039d23bdb2ef2a7325dd404aa0d5f6cf1f7491be2d,67662a199ed759f72ceb4277f7014091f1f881750628130bbdcf17e9e665094d,0.3515893816947937,1.058760166168213,0.6899748730172158,,,sim_knn_k5,0.2620556816445356,0.08953370005025812
s0_host_cold_4_GINE,0,GINE,host_cold,4,COMPLETED,ok,1621,286,476,4.097979545593262,2.1088092790374757,69,99,0.9947176575660706,6.0,502587392,87a849cc63b737e6ca726de4ff6e68f98af2669e9471fadd108748e6329d54a5,67662a199ed759f72ceb4277f7014091f1f881750628130bbdcf17e9e665094d,-0.47446370124816895,1.3768835067749023,0.3716051581533323,,,guest_only_RF,-0.0902538766468918,-0.3842098246012772
s0_host_cold_4_AttentiveFP,0,AttentiveFP,host_cold,4,COMPLETED,ok,1621,286,476,4.097979545593262,2.1088092790374757,137,167,0.9689134359359741,17.921999999991385,1430035456,b957e3ff425dcc502a10fbf33bb4d994366c23796bfd95c71b9b1dc0942b5d87,67662a199ed759f72ceb4277f7014091f1f881750628130bbdcf17e9e665094d,-0.19643640518188477,1.2664120197296143,0.3939746329754828,,,guest_only_RF,-0.0902538766468918,-0.10618252853499296
s0_guest_cold_0_GINE,0,GINE,guest_cold,0,COMPLETED,ok,1621,285,477,3.9165961742401123,2.0216675267944337,67,97,1.0153210163116455,5.812999999994645,502721536,c79a5016d0f122947ab02c5b4964b7dfb50a22818ec8d815b9abffc3357f65f7,67662a199ed759f72ceb4277f7014091f1f881750628130bbdcf17e9e665094d,0.5428512096405029,1.014148473739624,0.7268654133769217,,,sim_knn_k5,0.5280136255698709,0.01483758407063207
s0_guest_cold_0_AttentiveFP,0,AttentiveFP,guest_cold,0,COMPLETED,ok,1621,285,477,3.9165961742401123,2.0216675267944337,128,158,1.1041499376296997,17.01600000000326,1430169600,7a61b3e55cf43fda67497e45c284e8df6b02190821d7d7333a040251247befcd,67662a199ed759f72ceb4277f7014091f1f881750628130bbdcf17e9e665094d,0.4778462052345276,1.0793778896331787,0.6915017771143482,,,sim_knn_k5,0.5280136255698709,-0.05016742033534327
s0_guest_cold_1_GINE,0,GINE,guest_cold,1,COMPLETED,ok,1621,285,477,3.9562156200408936,2.000390099121094,101,131,0.9107667207717896,7.952999999994063,502855680,9b4e0e2855a3f6c47ff10915f11acd8ccd96632f3c84c6dcfeaa59a7739916be,67662a199ed759f72ceb4277f7014091f1f881750628130bbdcf17e9e665094d,0.6263270974159241,0.9956058263778687,0.7647738008082899,,,sim_knn_k5,0.6007852753345126,0.025541822081411425
s0_guest_cold_1_AttentiveFP,0,AttentiveFP,guest_cold,1,COMPLETED,ok,1621,285,477,3.9562156200408936,2.000390099121094,299,299,0.8613063097000122,32.15600000000268,1430303744,b25c35f619cd978bc954abc004bd3261184a59e2aee51c3d5d4700176b77c188,67662a199ed759f72ceb4277f7014091f1f881750628130bbdcf17e9e665094d,0.6652597188949585,0.9476562142372131,0.7899648734889708,,,sim_knn_k5,0.6007852753345126,0.06447444356044585
s0_guest_cold_2_GINE,0,GINE,guest_cold,2,COMPLETED,ok,1621,285,477,3.953997850418091,2.0430710778961183,97,127,0.823609471321106,7.639999999999418,502989824,abc09934c9b9a04f0eaea5993031015baf8cae794ec6daa72548ea661405d5f4,67662a199ed759f72ceb4277f7014091f1f881750628130bbdcf17e9e665094d,0.6169975996017456,0.9380872845649719,0.7940712636771248,,,sim_knn_k5,0.5702260958689317,0.04677150373281391
s0_guest_cold_2_AttentiveFP,0,AttentiveFP,guest_cold,2,COMPLETED,ok,1621,285,477,3.953997850418091,2.0430710778961183,158,188,0.8742938041687012,20.453000000008615,1430437888,fd2352213ee9c4e0cce6a3c98766567a8174a3b25ada43816eb62b6da6f947c0,67662a199ed759f72ceb4277f7014091f1f881750628130bbdcf17e9e665094d,0.5959049463272095,1.014375925064087,0.7858314919172368,,,sim_knn_k5,0.5702260958689317,0.02567885045827778
s0_guest_cold_3_GINE,0,GINE,guest_cold,3,COMPLETED,ok,1621,286,476,3.948884963989258,2.0627716050872804,85,115,0.9861941933631897,7.047000000005937,503123968,b5ebca9cbd148f65d3016a27947d85757d2648984a7c720e1413b291c5fb7d9d,67662a199ed759f72ceb4277f7014091f1f881750628130bbdcf17e9e665094d,0.47015583515167236,1.003282070159912,0.7045121965853953,,,sim_knn_k5,0.4740012481955857,-0.003845413043913337
s0_guest_cold_3_AttentiveFP,0,AttentiveFP,guest_cold,3,COMPLETED,ok,1621,286,476,3.948884963989258,2.0627716050872804,250,280,0.8745367527008057,27.78200000000652,1430572032,ccd61685e3bda11585e78ceada9e3c9d29ab8ffe57de70dbd218fa61ca0f4e2b,67662a199ed759f72ceb4277f7014091f1f881750628130bbdcf17e9e665094d,0.5642328262329102,0.9330747127532959,0.7696947312207436,,,sim_knn_k5,0.4740012481955857,0.09023157803732446
s0_guest_cold_4_GINE,0,GINE,guest_cold,4,COMPLETED,ok,1621,286,476,4.016454696655273,2.112617300582886,57,87,0.8683207035064697,3.3910000000032596,503123968,f5bc196547757fabf9195460336f94eb8f6ece470ab25dd163562e46074bb920,67662a199ed759f72ceb4277f7014091f1f881750628130bbdcf17e9e665094d,0.42178815603256226,0.9894177317619324,0.6983887262441847,,,sim_knn_k5,0.4789324197468604,-0.05714426371429815
s0_guest_cold_4_AttentiveFP,0,AttentiveFP,guest_cold,4,COMPLETED,ok,1621,286,476,4.016454696655273,2.112617300582886,194,224,0.9202439188957214,12.485000000000582,1430572032,815a951274379afb0079d8dd8a51366c01052ee7aecb79192b44939eb0928692,67662a199ed759f72ceb4277f7014091f1f881750628130bbdcf17e9e665094d,0.5296549797058105,0.8965482115745544,0.7421224283308788,,,sim_knn_k5,0.4789324197468604,0.05072255995895014
s0_family_cold_calixarene_GINE,0,GINE,family_cold,calixarene,COMPLETED,ok,1570,277,536,4.090092182159424,2.1707611547241212,112,142,1.0399004220962524,4.139999999999418,503258624,16c67dfd3882d7de484b3bf7730e4ca0242e162318fa2db3ee528e3e8bb20890,67662a199ed759f72ceb4277f7014091f1f881750628130bbdcf17e9e665094d,0.07178187370300293,1.1512577533721924,0.5231333515034443,0.5659598619787725,-0.2756977081298828,guest_only_RF,0.2712010292358366,-0.19941915553283368
s0_family_cold_calixarene_AttentiveFP,0,AttentiveFP,family_cold,calixarene,COMPLETED,ok,1570,277,536,4.090092182159424,2.1707611547241212,157,187,1.0544204711914062,9.921999999991385,1430706688,695de1d5d57c1acc2e4e2517a89aff191e9760ecdb8cd30ae885b08c6e61c904,67662a199ed759f72ceb4277f7014091f1f881750628130bbdcf17e9e665094d,0.2748553156852722,1.008732795715332,0.6270546155214388,0.7015161220257593,-0.23745417594909668,guest_only_RF,0.2712010292358366,0.0036542864494356064
s0_family_cold_cavitand_GINE,0,GINE,family_cold,cavitand,COMPLETED,NO_CONCLUSION_small,1959,345,79,3.974337100982666,2.083142088485718,78,108,0.9128296375274658,4.0,503393792,0394ceee29a2a18c90c5707389531d88d96e0c91e29170c696ba2ee0be7cbf6b,67662a199ed759f72ceb4277f7014091f1f881750628130bbdcf17e9e665094d,-0.5831984281539917,1.6673951148986816,0.05425998052580331,0.2451128024488998,0.8844916820526123,cond_only_RF,0.1569820062994044,-0.7401804344533961
s0_family_cold_cavitand_AttentiveFP,0,AttentiveFP,family_cold,cavitand,COMPLETED,NO_CONCLUSION_small,1959,345,79,3.974337100982666,2.083142088485718,40,70,1.0445713996887207,5.312999999994645,1430841856,65189ea6048b97fe998e51f2ec60cc8627cd76c66cb8b16815f60d5c509390fd,67662a199ed759f72ceb4277f7014091f1f881750628130bbdcf17e9e665094d,0.3322427272796631,1.0188738107681274,0.5965920155793574,0.8726787285975616,0.12068629264831543,cond_only_RF,0.1569820062994044,0.1752607209802587
s0_family_cold_crown_ether_GINE,0,GINE,family_cold,crown_ether,COMPLETED,NO_CONCLUSION_small,2012,354,17,3.9500808715820312,2.045929239822388,86,116,0.9743034839630127,6.889999999999418,503527936,338b21afd5c7fca6f236966184016bf39157c8dbf876cfeb25d2499e0b143239,67662a199ed759f72ceb4277f7014091f1f881750628130bbdcf17e9e665094d,0.30651354789733887,0.711441695690155,0.595819585065218,1.666625876444146,0.2718106508255005,guest_only_RF,-1.0638170490861247,1.3703305969834636
s0_family_cold_crown_ether_AttentiveFP,0,AttentiveFP,family_cold,crown_ether,COMPLETED,NO_CONCLUSION_small,2012,354,17,3.9500808715820312,2.045929239822388,288,299,0.936310350894928,32.25,1430841856,ba1ce6e941fa468c51ad7a14c49802eefc225a425a6e519f73d80dde201547ce,67662a199ed759f72ceb4277f7014091f1f881750628130bbdcf17e9e665094d,-0.010064482688903809,0.9720091819763184,0.4926168145284173,0.8116376261347008,-0.46665000915527344,guest_only_RF,-1.0638170490861247,1.053752566397221
s0_family_cold_cucurbituril_GINE,0,GINE,family_cold,cucurbituril,COMPLETED,ok,1403,247,733,3.393385648727417,1.631225513053894,65,95,0.8526363372802734,6.139999999999418,503523840,e29799bedcf649e6d52c131d9205e7d81193df650f5bb28712dbbe306f803c3a,67662a199ed759f72ceb4277f7014091f1f881750628130bbdcf17e9e665094d,-0.32234764099121094,1.991849422454834,0.27540004502714194,0.85973039903575,1.4496352672576904,additive,-0.0558143147782808,-0.26653332621293013
s0_family_cold_cucurbituril_AttentiveFP,0,AttentiveFP,family_cold,cucurbituril,COMPLETED,ok,1403,247,733,3.393385648727417,1.631225513053894,203,233,0.7583376169204712,25.96799999999348,1430971904,4fec0766aa503f51093e3538d2a4b8de36290a1f70643c8f18aa1f041ee09458,67662a199ed759f72ceb4277f7014091f1f881750628130bbdcf17e9e665094d,0.15981829166412354,1.5797513723373413,0.5355825209170199,1.2362440936615648,0.3890504837036133,additive,-0.0558143147782808,0.21563260644240434
s0_family_cold_cyclodextrin_GINE,0,GINE,family_cold,cyclodextrin,COMPLETED,ok,1727,304,352,4.1362152099609375,2.083768652511597,59,89,1.0563842058181763,5.4539999999979045,503661056,c2e4b25a960214916e46a5e97345a9096f1dd3892fd580226e5a7733d98b839c,67662a199ed759f72ceb4277f7014091f1f881750628130bbdcf17e9e665094d,-1.0239968299865723,1.2770272493362427,0.5042789683524344,0.4549718692856439,-1.0721371173858643,cond_only_RF,-2.394659256933538,1.3706624269469656
s0_family_cold_cyclodextrin_AttentiveFP,0,AttentiveFP,family_cold,cyclodextrin,COMPLETED,ok,1727,304,352,4.1362152099609375,2.083768652511597,105,135,1.0610604286193848,14.328000000008615,1431109120,898dea5ab05e549734ad741edd94ec9734717fc0b61bfc349764432c60c0cd75,67662a199ed759f72ceb4277f7014091f1f881750628130bbdcf17e9e665094d,-2.599915027618408,1.7571851015090942,0.5603420138926979,0.39234418390897097,-1.6556222438812256,cond_only_RF,-2.394659256933538,-0.20525577068487033
s0_family_cold_cyclophane_GINE,0,GINE,family_cold,cyclophane,COMPLETED,NO_CONCLUSION_small,2002,353,28,3.942939281463623,2.0555160508880617,105,135,0.9500836133956909,9.5,503796224,2fa29d32f0e14f11b11c0313c182ed25aa2bea677c86cd9d9adf4c634fca07c2,67662a199ed759f72ceb4277f7014091f1f881750628130bbdcf17e9e665094d,-0.05124640464782715,0.8410598635673523,0.6321275729838527,0.6059480989249572,0.5619032382965088,host_only_RF,0.2660526087905975,-0.31729901343842465
s0_family_cold_cyclophane_AttentiveFP,0,AttentiveFP,family_cold,cyclophane,COMPLETED,NO_CONCLUSION_small,2002,353,28,3.942939281463623,2.0555160508880617,212,242,0.9580094218254089,26.468000000008033,1431244288,604fdb955a2ac4415881d02d259024375893cc4de4b72b814795d7cd0bd8a60b,67662a199ed759f72ceb4277f7014091f1f881750628130bbdcf17e9e665094d,0.18426138162612915,0.6942064166069031,0.6326758189274639,0.9446028817069685,0.5158209800720215,host_only_RF,0.2660526087905975,-0.08179122716446835
s0_family_cold_other_GINE,0,GINE,family_cold,other,COMPLETED,ok,1532,270,581,4.1562395095825195,2.102488325668335,107,137,0.8800273537635803,8.187999999994645,503928320,9692637a6c48aa444c24aa712796cc0db8166dc9b0b9fa020e3888b612389e9d,67662a199ed759f72ceb4277f7014091f1f881750628130bbdcf17e9e665094d,-0.6141642332077026,1.7560418844223022,0.17830406777268745,0.18127077180603424,-0.5286290645599365,host_only_RF,-0.1251993771007593,-0.48896485610694335
s0_family_cold_other_AttentiveFP,0,AttentiveFP,family_cold,other,COMPLETED,ok,1532,270,581,4.1562395095825195,2.102488325668335,271,299,0.8660866022109985,20.218999999997322,1431376384,d6512b774624b4cb8263531e80003bce6c85080de53e589aed3a2d8aef0f4c35,67662a199ed759f72ceb4277f7014091f1f881750628130bbdcf17e9e665094d,0.10952413082122803,1.2295299768447876,0.42593192639439886,0.6400321923506285,0.04291868209838867,host_only_RF,-0.1251993771007593,0.23472350792198732
s0_family_cold_pillararene_GINE,0,GINE,family_cold,pillararene,COMPLETED,NO_CONCLUSION_small,1978,348,57,3.9182817935943604,2.0433135495910646,108,138,0.860316276550293,8.718000000008033,504064512,2c59a741bd5a2736afc8ad04535e60a96d335b343e54b284f1a06d24630a990c,67662a199ed759f72ceb4277f7014091f1f881750628130bbdcf17e9e665094d,-9.428711891174316,2.9759585857391357,-0.1552771882759932,-0.07965606511991746,2.975959062576294,additive,-1.878371244793798,-7.550340646380518
s0_family_cold_pillararene_AttentiveFP,0,AttentiveFP,family_cold,pillararene,COMPLETED,NO_CONCLUSION_small,1978,348,57,3.9182817935943604,2.0433135495910646,298,299,0.8670554161071777,32.28100000000268,1431512576,0d276a904e36980810ef1dd2f78c38254f6d753d73d7644d917b8ab435eeda8e,67662a199ed759f72ceb4277f7014091f1f881750628130bbdcf17e9e665094d,-4.308899402618408,2.1190500259399414,0.2732826657364172,0.18259249581659626,1.750593662261963,additive,-1.878371244793798,-2.43052815782461
s1_double_cold_0_GINE,1,GINE,double_cold,0,COMPLETED,ok,1224,215,100,4.008547306060791,2.0501678453216554,39,69,0.9435035586357117,4.375,504190976,ded65367198f7dcb5307a0502fdbcad3a9f6159199425e033fe46a74a96666f5,67662a199ed759f72ceb4277f7014091f1f881750628130bbdcf17e9e665094d,-0.6663928031921387,1.6283655166625977,0.2090273260329844,,,cond_only_RF,0.1026759126875656,-0.7690687158797043
s1_double_cold_0_AttentiveFP,1,AttentiveFP,double_cold,0,COMPLETED,ok,1224,215,100,4.008547306060791,2.0501678453216554,156,186,0.8762814998626709,19.968999999997322,1431639040,37a61c4eedd71c5efd30bf94de39a984174908d0b5b51aa2f1b231892a7eafa3,67662a199ed759f72ceb4277f7014091f1f881750628130bbdcf17e9e665094d,-0.6274009943008423,1.5444508790969849,0.34399013501558134,,,cond_only_RF,0.1026759126875656,-0.7300769069884079
s1_double_cold_1_GINE,1,GINE,double_cold,1,COMPLETED,ok,1154,203,128,3.826775312423706,2.015783356262207,169,199,0.8307559490203857,12.0,504325120,a7eab00e7f9317f9052c4f928edf652d150ec0c291a35ac874db0ece47b4bcc4,67662a199ed759f72ceb4277f7014091f1f881750628130bbdcf17e9e665094d,0.18450403213500977,1.317286491394043,0.5079957310841196,,,guest_only_RF,0.3027033950729492,-0.11819936293793942
s1_double_cold_1_AttentiveFP,1,AttentiveFP,double_cold,1,COMPLETED,ok,1154,203,128,3.826775312423706,2.015783356262207,204,234,0.8502805829048157,20.59299999999348,1431773184,b06715ad1a816e7f2125388412ddaaaab8562c11485126458e7aedebe058c124,67662a199ed759f72ceb4277f7014091f1f881750628130bbdcf17e9e665094d,0.07287412881851196,1.3012993335723877,0.6289316994397525,,,guest_only_RF,0.3027033950729492,-0.22982926625443723
s1_double_cold_2_GINE,1,GINE,double_cold,2,COMPLETED,ok,899,158,244,4.170272350311279,2.0832489000091554,46,76,0.8373662233352661,4.0310000000026776,504457728,80750da38a35c7814fe981474665375e1157f1eda810b004ce233c3def7fa1ca,67662a199ed759f72ceb4277f7014091f1f881750628130bbdcf17e9e665094d,0.5245484709739685,1.0367820262908936,0.6924270481640092,,,host_only_RF,0.2990313556734378,0.2255171153005307
s1_double_cold_2_AttentiveFP,1,AttentiveFP,double_cold,2,COMPLETED,ok,899,158,244,4.170272350311279,2.0832489000091554,275,299,0.791628897190094,20.75,1431905792,07b96df9470e1312cb1d2088a0da6748137c64eb527a5135289c405b7d2c6677,67662a199ed759f72ceb4277f7014091f1f881750628130bbdcf17e9e665094d,0.4445338845252991,1.124437928199768,0.5815271358439513,,,host_only_RF,0.2990313556734378,0.14550252885186127
s1_double_cold_3_GINE,1,GINE,double_cold,3,COMPLETED,ok,1165,205,165,4.178318023681641,2.166410254074097,68,98,0.9111100435256958,2.9689999999973224,504593920,91e9f67e6c517a1673c0bdb15ad682ac588510b41dc465811aeb1412f6d9f0a7,67662a199ed759f72ceb4277f7014091f1f881750628130bbdcf17e9e665094d,-1.0287907123565674,1.2928725481033325,0.4959530353256967,,,host_only_RF,0.0625537420182714,-1.0913444543748387
s1_double_cold_3_AttentiveFP,1,AttentiveFP,double_cold,3,COMPLETED,ok,1165,205,165,4.178318023681641,2.166410254074097,182,212,0.8785591721534729,14.327999999994063,1432041984,aa3bd2fd5357dddbdc7b0f68191ea04102960e15bc3bf889133f2b3e26c90582,67662a199ed759f72ceb4277f7014091f1f881750628130bbdcf17e9e665094d,0.0779309868812561,1.02130925655365,0.5146183129706794,,,host_only_RF,0.0625537420182714,0.01537724486298471
s1_double_cold_4_GINE,1,GINE,double_cold,4,COMPLETED,ok,1066,188,170,3.8128128051757812,2.136182354522705,92,122,0.850641131401062,7.062000000005355,504727040,ea3b448ef3e875e2d433b11577d5b632e4a604a0fa0c2e3957b9996e4600e7e3,67662a199ed759f72ceb4277f7014091f1f881750628130bbdcf17e9e665094d,0.21463733911514282,1.1018142700195312,0.6368575418739741,,,sim_knn_k5,0.2559367409168446,-0.041299401801701774
s1_double_cold_4_AttentiveFP,1,AttentiveFP,double_cold,4,COMPLETED,ok,1066,188,170,3.8128128051757812,2.136182354522705,252,282,0.7015137672424316,28.468999999997322,1432175104,f2e0a88afee096faf9448787ec02ccbb98e2f74c70de9ebaaf0fe351f37ca221,67662a199ed759f72ceb4277f7014091f1f881750628130bbdcf17e9e665094d,0.3769884705543518,1.0809581279754639,0.7147888033504081,,,sim_knn_k5,0.2559367409168446,0.12105172963750721
s1_double_cold_5_GINE,1,GINE,double_cold,5,COMPLETED,ok,998,176,197,4.017852783203125,1.9830902086029052,60,90,0.8253335356712341,5.26600000000326,504860160,666d7645e0ff102712b8f7f53f1f1356da0b241edbc976721d9e4c60d7f48832,67662a199ed759f72ceb4277f7014091f1f881750628130bbdcf17e9e665094d,0.3765033483505249,1.2630411386489868,0.7173452646386492,,,sim_knn_k5,0.323456530578793,0.053046817771731924
s1_double_cold_5_AttentiveFP,1,AttentiveFP,double_cold,5,COMPLETED,ok,998,176,197,4.017852783203125,1.9830902086029052,135,165,0.9007242918014526,16.578000000008615,1432308224,7f0f1f7f14ae18a9b2cc3ebb8b984d4df6c473af86b8c5c74ae09c20402aa249,67662a199ed759f72ceb4277f7014091f1f881750628130bbdcf17e9e665094d,0.49108272790908813,1.115576982498169,0.7336018710019274,,,sim_knn_k5,0.323456530578793,0.16762619733029516
s1_double_cold_6_GINE,1,GINE,double_cold,6,COMPLETED,ok,1107,195,159,3.834111452102661,2.0042255388031007,152,182,0.689855694770813,10.437000000005355,504995328,44b53a1d78114e7b64cfd5b3c26a9f8c820f228328daef3aae96e93d404337bd,67662a199ed759f72ceb4277f7014091f1f881750628130bbdcf17e9e665094d,0.3552071452140808,1.3678001165390015,0.5974902244344674,,,additive,0.447440726857964,-0.09223358164388318
s1_double_cold_6_AttentiveFP,1,AttentiveFP,double_cold,6,COMPLETED,ok,1107,195,159,3.834111452102661,2.0042255388031007,175,205,0.8216314315795898,20.48399999999674,1432443392,cc2469aa54f274449eba535196d7d3efdb0a90ea44a1a4bd33d4583b9c9cb33e,67662a199ed759f72ceb4277f7014091f1f881750628130bbdcf17e9e665094d,0.38377779722213745,1.3020082712173462,0.6661795298026215,,,additive,0.447440726857964,-0.06366292963582654
s1_double_cold_7_GINE,1,GINE,double_cold,7,COMPLETED,ok,1298,228,76,3.948432445526123,2.037457035614014,61,91,0.9508375525474548,5.312999999994645,505131008,0facbe915d2c16975efa8fa8f7c55798064685b99fdd5b1a88c8a42dfc2b0b16,67662a199ed759f72ceb4277f7014091f1f881750628130bbdcf17e9e665094d,0.3442932963371277,1.1897022724151611,0.5746119196016587,,,sim_knn_k5,0.2681589951258996,0.0761343012112281
s1_double_cold_7_AttentiveFP,1,AttentiveFP,double_cold,7,COMPLETED,ok,1298,228,76,3.948432445526123,2.037457035614014,46,76,1.1143066883087158,7.812999999994645,1432579072,742ae3dab766b9096d51c32f08d06b5456a9d06225f935e2342370d6d000075a,67662a199ed759f72ceb4277f7014091f1f881750628130bbdcf17e9e665094d,0.4211302399635315,1.219346523284912,0.5821035291358637,,,sim_knn_k5,0.2681589951258996,0.15297124483763191
s1_double_cold_8_GINE,1,GINE,double_cold,8,COMPLETED,ok,910,160,232,4.185728549957275,2.0480957494506837,64,94,0.9976161122322083,5.4539999999979045,505262592,90c12140f355485cf774e2ddc829e060d83e181ce25350b23f180d31dffa7ca6,67662a199ed759f72ceb4277f7014091f1f881750628130bbdcf17e9e665094d,0.5002985000610352,1.1542426347732544,0.6234389550333277,,,sim_knn_k5,0.4841248032618563,0.01617369679917885
s1_double_cold_8_AttentiveFP,1,AttentiveFP,double_cold,8,COMPLETED,ok,910,160,232,4.185728549957275,2.0480957494506837,96,126,0.9915690422058105,12.625,1432710656,392e73e556aaee07ee47281f8ca8fd930e039f9912f84bd3f0a26f470ec85406,67662a199ed759f72ceb4277f7014091f1f881750628130bbdcf17e9e665094d,0.5270644426345825,1.0722837448120117,0.6858748089996266,,,sim_knn_k5,0.4841248032618563,0.04293963937272621
s1_double_cold_9_GINE,1,GINE,double_cold,9,COMPLETED,ok,1263,222,107,3.9305789470672607,2.063000963760376,70,100,0.941612184047699,3.2660000000032596,505398272,6b57f8f00c9453a9e5c205db886ca2da9d513ef153b769c21d75e5c040a043f3,67662a199ed759f72ceb4277f7014091f1f881750628130bbdcf17e9e665094d,0.14762955904006958,1.4445784091949463,0.5197295106398729,,,sim_knn_k5,0.2622490427434276,-0.114619483703358
s1_double_cold_9_AttentiveFP,1,AttentiveFP,double_cold,9,COMPLETED,ok,1263,222,107,3.9305789470672607,2.063000963760376,41,71,0.9952556490898132,4.187999999994645,1432846336,5e4e11d1c6b009d0d177a4cbff3f3d91e31c8d9ed20af49021a096041c7be40c,67662a199ed759f72ceb4277f7014091f1f881750628130bbdcf17e9e665094d,0.20427775382995605,1.3053971529006958,0.6045550175648194,,,sim_knn_k5,0.2622490427434276,-0.05797128891347153
s1_double_cold_10_GINE,1,GINE,double_cold,10,COMPLETED,ok,1038,183,195,3.753187656402588,1.9918146596679687,38,68,1.053213357925415,2.0,505531904,67e8c9e2d694a44536d3b21ba8093303b6a62278b17a087553e3fc0cc7b33bf8,67662a199ed759f72ceb4277f7014091f1f881750628130bbdcf17e9e665094d,0.4179719090461731,1.1938575506210327,0.7047634268515056,,,additive,0.3272728170124667,0.09069909203370641
s1_double_cold_10_AttentiveFP,1,AttentiveFP,double_cold,10,COMPLETED,ok,1038,183,195,3.753187656402588,1.9918146596679687,123,153,0.8723839521408081,7.765999999988708,1432845824,6a00df7d65087c37fef22dcebb96cf53d8ab0b64873f37845eb74085cd0d9cde,67662a199ed759f72ceb4277f7014091f1f881750628130bbdcf17e9e665094d,0.34777969121932983,1.2629773616790771,0.6739246275297036,,,additive,0.3272728170124667,0.020506874206863146
s1_double_cold_11_GINE,1,GINE,double_cold,11,COMPLETED,ok,958,168,211,3.8978841304779053,2.0267541871795656,26,56,1.1128185987472534,1.6560000000026776,505530880,017aef3544fced26837ed058674bc741b20a3c216996d1433294e5a900a3fe10,67662a199ed759f72ceb4277f7014091f1f881750628130bbdcf17e9e665094d,0.5339996814727783,1.1546815633773804,0.7578191669880202,,,sim_knn_k5,0.3606335583114992,0.17336612316127914
s1_double_cold_11_AttentiveFP,1,AttentiveFP,double_cold,11,COMPLETED,ok,958,168,211,3.8978841304779053,2.0267541871795656,161,191,0.9611740112304688,9.672000000005937,1432978944,2286b4ba7e12054fb05dc59791f1e11fffac01dfcaa53f2cf5fe63168595408b,67662a199ed759f72ceb4277f7014091f1f881750628130bbdcf17e9e665094d,0.15818583965301514,1.372401237487793,0.6490668611112567,,,sim_knn_k5,0.3606335583114992,-0.20244771865848404
s1_random_0_GINE,1,GINE,random,0,COMPLETED,ok,1621,285,477,3.963930368423462,2.032917784286499,81,111,0.9457125663757324,3.1719999999913853,505672704,651b4ba6a5825a7835264ebb37daf669b10c441e2be3529c173ad7490bb8bf0d,67662a199ed759f72ceb4277f7014091f1f881750628130bbdcf17e9e665094d,0.5275794267654419,1.0332777500152588,0.7233718095076593,,,sim_knn_k5,0.6123464111266953,-0.0847669843612534
s1_random_0_AttentiveFP,1,AttentiveFP,random,0,COMPLETED,ok,1621,285,477,3.963930368423462,2.032917784286499,216,246,0.9165743589401245,12.577999999994063,1433120768,d032821169f8abf6910ba781b5233ba939cc7fe271d98e625e05f1efda29df2b,67662a199ed759f72ceb4277f7014091f1f881750628130bbdcf17e9e665094d,0.5631827712059021,0.9805527925491333,0.7434423133169649,,,sim_knn_k5,0.6123464111266953,-0.0491636399207932
s1_random_1_GINE,1,GINE,random,1,COMPLETED,ok,1621,285,477,3.9015612602233887,2.045048998428345,121,151,0.9616059064865112,4.2810000000026776,505806848,9a2242832d4d95c018b68932df25cc761611eec31c7c3398f0276e87a9db5a8a,67662a199ed759f72ceb4277f7014091f1f881750628130bbdcf17e9e665094d,0.5575953722000122,1.0101823806762695,0.7734917530891462,,,sim_knn_k5,0.5699506071635461,-0.012355234963533857
s1_random_1_AttentiveFP,1,AttentiveFP,random,1,COMPLETED,ok,1621,285,477,3.9015612602233887,2.045048998428345,296,299,0.8554049730300903,15.110000000000582,1433254912,33da4d4b219ea4ea6f34d3920f6085f746921beb581135ab854d74e163d1b914,67662a199ed759f72ceb4277f7014091f1f881750628130bbdcf17e9e665094d,0.6361110210418701,0.9110034704208374,0.8013415723552868,,,sim_knn_k5,0.5699506071635461,0.06616041387832405
s1_random_2_GINE,1,GINE,random,2,COMPLETED,ok,1621,285,477,3.974304437637329,2.0473351941833497,42,72,1.00026535987854,2.0939999999973224,505940992,71b3c89fd8f0e14ccf07604911f51683f5cd60d6a0c977af4495e35c5ef7b245,67662a199ed759f72ceb4277f7014091f1f881750628130bbdcf17e9e665094d,0.49215227365493774,1.0226073265075684,0.7163218842136434,,,sim_knn_k5,0.5734078227467384,-0.08125554909180066
s1_random_2_AttentiveFP,1,AttentiveFP,random,2,COMPLETED,ok,1621,285,477,3.974304437637329,2.0473351941833497,43,73,1.052416205406189,3.7660000000032596,1433389056,d648ba4289cb2cd09ad36adb7bcf3218d6e83fa2e9294db797357f78b264dad6,67662a199ed759f72ceb4277f7014091f1f881750628130bbdcf17e9e665094d,0.4462321400642395,1.0674867630004883,0.6926497847590977,,,sim_knn_k5,0.5734078227467384,-0.1271756826824989
s1_random_3_GINE,1,GINE,random,3,COMPLETED,ok,1621,286,476,3.9323244094848633,2.0777752862701417,105,135,0.9389797449111938,3.8439999999973224,506075136,fc4b44b0680e0dc84d692daa6ae70c447808ce2bdd3ca7fb3892040d5f1f9032,67662a199ed759f72ceb4277f7014091f1f881750628130bbdcf17e9e665094d,0.5638117790222168,0.9085376262664795,0.7820006098013255,,,sim_knn_k5,0.6043297394651699,-0.04051796044295308
s1_random_3_AttentiveFP,1,AttentiveFP,random,3,COMPLETED,ok,1621,286,476,3.9323244094848633,2.0777752862701417,147,177,0.9865543246269226,9.062000000005355,1433389056,7133d3ecca7bf274b12128ed280c495c069a05b7d4901291eb6ca08bd0eb463a,67662a199ed759f72ceb4277f7014091f1f881750628130bbdcf17e9e665094d,0.5591237545013428,0.9459013342857361,0.779205722128597,,,sim_knn_k5,0.6043297394651699,-0.045205984963827106
s1_random_4_GINE,1,GINE,random,4,COMPLETED,ok,1621,286,476,3.9661636352539062,2.0562434659729005,110,140,0.9044429659843445,4.156999999991967,505940992,700718cb2e1b56ff07b5e0ef3b752636d8164f2fabb83ee0937e565bba798c57,67662a199ed759f72ceb4277f7014091f1f881750628130bbdcf17e9e665094d,0.5885199308395386,0.9291990995407104,0.7832717385439274,,,sim_knn_k5,0.5760476353820867,0.012472295457451876
s1_random_4_AttentiveFP,1,AttentiveFP,random,4,COMPLETED,ok,1621,286,476,3.9661636352539062,2.0562434659729005,295,299,0.8862857222557068,19.062000000005355,1433389056,085cf2d54b3a9d535facaafbcfd933c2e51b207d0aee3a1bafa72832d3fe1877,67662a199ed759f72ceb4277f7014091f1f881750628130bbdcf17e9e665094d,0.6669747829437256,0.8500269055366516,0.8024294081938075,,,sim_knn_k5,0.5760476353820867,0.09092714756163889
s1_host_cold_0_GINE,1,GINE,host_cold,0,COMPLETED,ok,1621,285,477,3.7529773712158203,1.9757426248321532,83,113,0.8678162097930908,4.8439999999973224,506075136,2ffd63ccc7581daeb0f8a70ba026ca1e69134aff62db8cc5e7b4a785cfc1345c,67662a199ed759f72ceb4277f7014091f1f881750628130bbdcf17e9e665094d,0.3671976327896118,1.2938283681869507,0.649686307634252,,,sim_knn_k5,0.3913989367026259,-0.02420130391301406
s1_host_cold_0_AttentiveFP,1,AttentiveFP,host_cold,0,COMPLETED,ok,1621,285,477,3.7529773712158203,1.9757426248321532,197,227,0.8121190667152405,17.031000000002678,1433523200,4f564435c7b5f4a567f73f9a8bd23d6b828f9fc266c514a170691f9829fd05d9,67662a199ed759f72ceb4277f7014091f1f881750628130bbdcf17e9e665094d,0.24354279041290283,1.3874214887619019,0.7009838121074687,,,sim_knn_k5,0.3913989367026259,-0.14785614628972304
s1_host_cold_1_GINE,1,GINE,host_cold,1,COMPLETED,ok,1621,285,477,3.728306531906128,1.9400213227996825,89,119,0.9107816219329834,5.921999999991385,506209280,88e5e82370808b52e2a52432209a256d304fa75a2ff4f8b8ca3a0dff99687aa3,67662a199ed759f72ceb4277f7014091f1f881750628130bbdcf17e9e665094d,0.1664709448814392,1.5778247117996216,0.6094915297347506,,,sim_knn_k5,0.2067975679170346,-0.040326623035595394
s1_host_cold_1_AttentiveFP,1,AttentiveFP,host_cold,1,COMPLETED,ok,1621,285,477,3.728306531906128,1.9400213227996825,237,267,0.8249410390853882,21.139999999999418,1433657344,1cb4aa6f41b985c045799572938280603a77967717bd729c523e937dc4d91604,67662a199ed759f72ceb4277f7014091f1f881750628130bbdcf17e9e665094d,0.285591185092926,1.4126731157302856,0.6450803503217417,,,sim_knn_k5,0.2067975679170346,0.07879361717589142
s1_host_cold_2_GINE,1,GINE,host_cold,2,COMPLETED,ok,1621,285,477,4.165881156921387,2.0952475534210206,102,132,0.9269434809684753,7.514999999999418,506343424,d476e9a2a17efd7f1e8e44981d20b3f9370d077d5c0dee258d8ba047e3f6b76f,67662a199ed759f72ceb4277f7014091f1f881750628130bbdcf17e9e665094d,0.24172961711883545,1.0301144123077393,0.5771580727581177,,,sim_knn_k5,0.420724432791717,-0.17899481567288156
s1_host_cold_2_AttentiveFP,1,AttentiveFP,host_cold,2,COMPLETED,ok,1621,285,477,4.165881156921387,2.0952475534210206,221,251,0.9474850296974182,26.062999999994645,1433791488,3fbc217a81bcc2e3e3d0616cc74d08cae0402f921ace98c60b6527d2011a26ec,67662a199ed759f72ceb4277f7014091f1f881750628130bbdcf17e9e665094d,0.5002681016921997,0.8020585179328918,0.5760157542016974,,,sim_knn_k5,0.420724432791717,0.0795436689004827
s1_host_cold_3_GINE,1,GINE,host_cold,3,COMPLETED,ok,1621,286,476,3.9593288898468018,2.090044067932129,83,113,0.9842104315757751,7.1560000000026776,506477568,44fcd64d64df52b33dbe93c6bed304c2f9bc5f31f395eb16eb623217b47a25b1,67662a199ed759f72ceb4277f7014091f1f881750628130bbdcf17e9e665094d,0.3466449975967407,1.101135492324829,0.6466938013634715,,,sim_knn_k5,0.2620556816445356,0.08458931595220515
s1_host_cold_3_AttentiveFP,1,AttentiveFP,host_cold,3,COMPLETED,ok,1621,286,476,3.9593288898468018,2.090044067932129,242,272,0.9564558863639832,29.453000000008615,1433925632,77599c6ffac2b4174027b8a7d718633ca14016d0650e060177bb6615d2d93a66,67662a199ed759f72ceb4277f7014091f1f881750628130bbdcf17e9e665094d,0.38750749826431274,1.0666831731796265,0.6687927332007322,,,sim_knn_k5,0.2620556816445356,0.12545181661977717
s1_host_cold_4_GINE,1,GINE,host_cold,4,COMPLETED,ok,1621,286,476,4.137578010559082,2.1252696977386476,106,136,0.9230359196662903,8.0,506611712,d3a964503f7f370d2a8742681d14c0ff12ad4477b8071039f34fbd064583e763,67662a199ed759f72ceb4277f7014091f1f881750628130bbdcf17e9e665094d,-0.5289628505706787,1.3898289203643799,0.3670882389564009,,,guest_only_RF,-0.0902538766468918,-0.43870897392378694
s1_host_cold_4_AttentiveFP,1,AttentiveFP,host_cold,4,COMPLETED,ok,1621,286,476,4.137578010559082,2.1252696977386476,277,299,0.8516411781311035,32.187999999994645,1434059776,d4ad435ec22ddfca4374eeaec053c8f2e70ba2e02572bbb0be121690053cc135,67662a199ed759f72ceb4277f7014091f1f881750628130bbdcf17e9e665094d,-0.18573498725891113,1.2542186975479126,0.4349583125940564,,,guest_only_RF,-0.0902538766468918,-0.09548111061201933
s1_guest_cold_0_GINE,1,GINE,guest_cold,0,COMPLETED,ok,1621,285,477,3.940256118774414,2.0763726697692872,31,61,0.9446796774864197,3.812999999994645,506745856,2b474d6d601c508e122d3c5cc5269017050aa8ebced046e8d3cd5887bdce2440,67662a199ed759f72ceb4277f7014091f1f881750628130bbdcf17e9e665094d,0.4465636610984802,1.1310055255889893,0.6494163356067366,,,sim_knn_k5,0.5280136255698709,-0.08144996447139063
s1_guest_cold_0_AttentiveFP,1,AttentiveFP,guest_cold,0,COMPLETED,ok,1621,285,477,3.940256118774414,2.0763726697692872,202,232,0.8970670104026794,25.968999999997322,1434193920,37f8735cc9a345100dfc9f5cd3e0bd23b1b8ae3b3b0349fdcf7f7bdc5a368b24,67662a199ed759f72ceb4277f7014091f1f881750628130bbdcf17e9e665094d,0.5110516548156738,1.0551153421401978,0.7018053118773081,,,sim_knn_k5,0.5280136255698709,-0.01696197075419703
s1_guest_cold_1_GINE,1,GINE,guest_cold,1,COMPLETED,ok,1621,285,477,3.9454221725463867,1.985021875930786,87,117,0.9920414686203003,7.23399999999674,506745856,20ea0eb83c78298a39fdbc8a55332b4c759700d81491319dd448ff91de64958f,67662a199ed759f72ceb4277f7014091f1f881750628130bbdcf17e9e665094d,0.6321024894714355,0.9720138907432556,0.7700546546601513,,,sim_knn_k5,0.6007852753345126,0.0313172141369229
s1_guest_cold_1_AttentiveFP,1,AttentiveFP,guest_cold,1,COMPLETED,ok,1621,285,477,3.9454221725463867,1.985021875930786,103,133,1.009501576423645,14.828000000008615,1434193920,199cc46efefb20f9d0d8fe174319d3aee7bd627872be084e88ebe1e8eaaac3bb,67662a199ed759f72ceb4277f7014091f1f881750628130bbdcf17e9e665094d,0.5573221445083618,1.0612183809280396,0.7496403618044453,,,sim_knn_k5,0.6007852753345126,-0.04346313082615083
s1_guest_cold_2_GINE,1,GINE,guest_cold,2,COMPLETED,ok,1621,285,477,3.9418280124664307,2.0670183168182374,74,104,0.933780312538147,6.546999999991385,506880000,86e0fd4db18df75e2cd4d944154d72fd280dcf1f68a5ca055bed7b890ce56727,67662a199ed759f72ceb4277f7014091f1f881750628130bbdcf17e9e665094d,0.5559185743331909,1.0300695896148682,0.7540145947898275,,,sim_knn_k5,0.5702260958689317,-0.014307521535740775
s1_guest_cold_2_AttentiveFP,1,AttentiveFP,guest_cold,2,COMPLETED,ok,1621,285,477,3.9418280124664307,2.0670183168182374,294,299,0.8528993725776672,32.546999999991385,1429096448,5a32fe20433883c2d1c1ae8c8c2110152f56591c6215f9d11e727b0eb7c48a97,67662a199ed759f72ceb4277f7014091f1f881750628130bbdcf17e9e665094d,0.5855379104614258,0.9729177951812744,0.7817076865370772,,,sim_knn_k5,0.5702260958689317,0.015311814592494088
s1_guest_cold_3_GINE,1,GINE,guest_cold,3,COMPLETED,ok,1621,286,476,4.017138481140137,2.1106117234954835,116,146,0.8405353426933289,7.60899999999674,501782528,f69ed83785cd08cc4dc2d0c75d11a7029e1f60b38c6e131cab4aedb1967688e4,67662a199ed759f72ceb4277f7014091f1f881750628130bbdcf17e9e665094d,0.5391700267791748,0.956199049949646,0.7427607891999483,,,sim_knn_k5,0.4740012481955857,0.0651687785835891
s1_guest_cold_3_AttentiveFP,1,AttentiveFP,guest_cold,3,COMPLETED,ok,1621,286,476,4.017138481140137,2.1106117234954835,82,112,0.9619359374046326,5.9539999999979045,1429230592,2b472f860e421cedfc083baa715a57e464d51361eaee0e9fb05e481b2d27bfe9,67662a199ed759f72ceb4277f7014091f1f881750628130bbdcf17e9e665094d,0.5113379955291748,0.9897215366363525,0.7307119060649336,,,sim_knn_k5,0.4740012481955857,0.037336747333589104
s1_guest_cold_4_GINE,1,GINE,guest_cold,4,COMPLETED,ok,1621,286,476,3.9977564811706543,2.128393219543457,60,90,0.9174104332923889,2.812999999994645,501916672,4435b4aa1bdaf8eade24c00aa7bf27686b79f8e62e4dc65237c9f90c1d51bd5a,67662a199ed759f72ceb4277f7014091f1f881750628130bbdcf17e9e665094d,0.35155677795410156,1.0554858446121216,0.713627549822714,,,sim_knn_k5,0.4789324197468604,-0.12737564179275884
s1_guest_cold_4_AttentiveFP,1,AttentiveFP,guest_cold,4,COMPLETED,ok,1621,286,476,3.9977564811706543,2.128393219543457,226,256,0.8925436735153198,13.485000000000582,1429364736,cdddd1df4ec42b7e3a286c68250b1f4d3f2c962596b6c9d085d204d96b205fb0,67662a199ed759f72ceb4277f7014091f1f881750628130bbdcf17e9e665094d,0.5435482859611511,0.8881316781044006,0.7492973949062665,,,sim_knn_k5,0.4789324197468604,0.06461586621429072
s1_family_cold_calixarene_GINE,1,GINE,family_cold,calixarene,COMPLETED,ok,1570,277,536,4.0495100021362305,2.1603737340698244,106,136,1.0326175689697266,5.359000000011292,502051328,dd0ca054b2ddda6d403ca26eb45c3728690366666fd01e19ab33906342bdace8,67662a199ed759f72ceb4277f7014091f1f881750628130bbdcf17e9e665094d,0.16828542947769165,1.0702402591705322,0.5388371125229022,0.6787851587002313,-0.25837016105651855,guest_only_RF,0.2712010292358366,-0.10291559975814496
s1_family_cold_calixarene_AttentiveFP,1,AttentiveFP,family_cold,calixarene,COMPLETED,ok,1570,277,536,4.0495100021362305,2.1603737340698244,34,64,1.1607657670974731,6.4060000000026776,1429499392,2af52e46b16591b4a365c5eb9ded33b3738570ce7100db4a112c4286538f0375,67662a199ed759f72ceb4277f7014091f1f881750628130bbdcf17e9e665094d,0.3639683723449707,0.9540725350379944,0.5686471215255021,1.2109117164319618,0.08042621612548828,guest_only_RF,0.2712010292358366,0.09276734310913409
s1_family_cold_cavitand_GINE,1,GINE,family_cold,cavitand,COMPLETED,NO_CONCLUSION_small,1959,345,79,3.93292498588562,2.043735073638916,77,107,1.0266879796981812,6.125,502052352,a759817a6f2c6b840b8be1432a2b5827656ade6a5685ad65cd63ec8e13956d75,67662a199ed759f72ceb4277f7014091f1f881750628130bbdcf17e9e665094d,-0.440818190574646,1.576238751411438,0.009518013631937683,0.18788598612753776,0.7148921489715576,cond_only_RF,0.1569820062994044,-0.5978001968740504
s1_family_cold_cavitand_AttentiveFP,1,AttentiveFP,family_cold,cavitand,COMPLETED,NO_CONCLUSION_small,1959,345,79,3.93292498588562,2.043735073638916,213,243,0.9596981406211853,27.656000000002678,1429500416,a9c285bd237e087e94dcb5f8fb6b20f076f3d5629a9df96bf94fc01a7c7ec2be,67662a199ed759f72ceb4277f7014091f1f881750628130bbdcf17e9e665094d,-0.016509532928466797,1.3442621231079102,0.5370983446932814,0.7609940709921486,0.7149102687835693,cond_only_RF,0.1569820062994044,-0.1734915392278712
s1_family_cold_crown_ether_GINE,1,GINE,family_cold,crown_ether,COMPLETED,NO_CONCLUSION_small,2012,354,17,3.9959893226623535,2.079346226287842,71,101,0.8779515624046326,6.328000000008615,502186496,959507defdf4a42d78751a3e918c17f7c35e40a79441814e75520585b44e01bf,67662a199ed759f72ceb4277f7014091f1f881750628130bbdcf17e9e665094d,0.1560220718383789,0.7945576906204224,0.5364848546022918,1.2313484418019494,-0.30364537239074707,guest_only_RF,-1.0638170490861247,1.2198391209245036
s1_family_cold_crown_ether_AttentiveFP,1,AttentiveFP,family_cold,crown_ether,COMPLETED,NO_CONCLUSION_small,2012,354,17,3.9959893226623535,2.079346226287842,288,299,0.7994522452354431,34.03100000000268,1429634560,ee143cf17b257e41465566fb18d73153de94b0a12096d030c66ab428dfd0039d,67662a199ed759f72ceb4277f7014091f1f881750628130bbdcf17e9e665094d,-0.1310899257659912,0.9767866730690002,0.3965565356953759,0.7000525414147871,-0.5786879062652588,guest_only_RF,-1.0638170490861247,0.9327271233201335
s1_family_cold_cucurbituril_GINE,1,GINE,family_cold,cucurbituril,COMPLETED,ok,1403,247,733,3.4334475994110107,1.6711500154266357,136,166,0.6900050640106201,6.562000000005355,502316544,b5baa1a325cad3e1a5602932d01a23a4c6e2e8762fd8d6a9dc866db20e84bffa,67662a199ed759f72ceb4277f7014091f1f881750628130bbdcf17e9e665094d,-0.2192012071609497,1.909250259399414,0.2779795316490089,0.7202629306337484,1.2257204055786133,additive,-0.0558143147782808,-0.1633868923826689
s1_family_cold_cucurbituril_AttentiveFP,1,AttentiveFP,family_cold,cucurbituril,COMPLETED,ok,1403,247,733,3.4334475994110107,1.6711500154266357,200,230,0.6395580768585205,12.406000000002678,1429764608,43a26eb48fbc62353b36b19ab953e4836805aa6be81aa1951015dadd4ce5970f,67662a199ed759f72ceb4277f7014091f1f881750628130bbdcf17e9e665094d,-0.030502796173095703,1.8130894899368286,0.18920898650150525,0.40003303288257025,0.27524709701538086,additive,-0.0558143147782808,0.025311518605185095
s1_family_cold_cyclodextrin_GINE,1,GINE,family_cold,cyclodextrin,COMPLETED,ok,1727,304,352,4.16577672958374,2.111159609390259,118,148,0.9988954663276672,4.061999999990803,502453760,d86dae9e7fd9691ff2d3c7d8bcf2434fe77d97cb1cdd0789175c67061b909f25,67662a199ed759f72ceb4277f7014091f1f881750628130bbdcf17e9e665094d,-0.7851941585540771,1.1453254222869873,0.4221976289374146,0.43538568155212065,-0.9095859527587891,cond_only_RF,-2.394659256933538,1.6094650983794607
s1_family_cold_cyclodextrin_AttentiveFP,1,AttentiveFP,family_cold,cyclodextrin,COMPLETED,ok,1727,304,352,4.16577672958374,2.111159609390259,235,265,0.9256521463394165,21.75,1429901824,52b39a5f8f11fc639b2c6219b08259617d82081e480c463cb6de2a30b89ac959,67662a199ed759f72ceb4277f7014091f1f881750628130bbdcf17e9e665094d,-2.5006120204925537,1.7340035438537598,0.33007651041551017,0.23710425011512534,1.1061838865280151,cond_only_RF,-2.394659256933538,-0.10595276355901584
s1_family_cold_cyclophane_GINE,1,GINE,family_cold,cyclophane,COMPLETED,NO_CONCLUSION_small,2002,353,28,3.9210503101348877,2.038518475128174,99,129,0.8946560621261597,7.984000000011292,502588928,40c038f97f179a92f9f7c2f745c2f45d78863f280ac4e2c9de332e5a1296a4db,67662a199ed759f72ceb4277f7014091f1f881750628130bbdcf17e9e665094d,-0.06577515602111816,0.8788501024246216,0.6313052040684357,0.5181445110306255,0.35091304779052734,host_only_RF,0.2660526087905975,-0.33182776481171566
s1_family_cold_cyclophane_AttentiveFP,1,AttentiveFP,family_cold,cyclophane,COMPLETED,NO_CONCLUSION_small,2002,353,28,3.9210503101348877,2.038518475128174,293,299,0.8805509805679321,27.062999999994645,1430036992,5dd8eb62a0a241ca42ae992d7e59131a45f73388af4bc3e6e6144ece28b21c76,67662a199ed759f72ceb4277f7014091f1f881750628130bbdcf17e9e665094d,0.3988238573074341,0.6258692145347595,0.6946276105555432,0.7628741258844356,0.2588362693786621,host_only_RF,0.2660526087905975,0.13277124851683658
s1_family_cold_other_GINE,1,GINE,family_cold,other,COMPLETED,ok,1532,270,581,4.115480422973633,2.108338163925171,165,195,0.7988483905792236,5.6560000000026776,502721024,fb0015edc87d3a0b796b2bbaf8ef64f97ec012e685c3c50e739090346f7053e5,67662a199ed759f72ceb4277f7014091f1f881750628130bbdcf17e9e665094d,-0.3953171968460083,1.6380709409713745,0.24437090026363348,0.3014291842771651,-0.605708122253418,host_only_RF,-0.1251993771007593,-0.270117819745249
s1_family_cold_other_AttentiveFP,1,AttentiveFP,family_cold,other,COMPLETED,ok,1532,270,581,4.115480422973633,2.108338163925171,279,299,0.7907751798629761,26.734000000011292,1430169088,c4e2baa8972dc1c1754365acf0a6c98b7eb10c3f4c4055c52444e887e77cc9f0,67662a199ed759f72ceb4277f7014091f1f881750628130bbdcf17e9e665094d,-0.08376097679138184,1.3660497665405273,0.3729925209300366,0.45434069583287456,-0.2913248538970947,host_only_RF,-0.1251993771007593,0.041438400309377454
s1_family_cold_pillararene_GINE,1,GINE,family_cold,pillararene,COMPLETED,NO_CONCLUSION_small,1978,348,57,3.9096693992614746,2.059557245803833,49,79,0.9208664298057556,4.592999999993481,502857216,1e90a3572a61913b3cbe088594d765dc2c5347694f35a5c0282306fe188bc9ca,67662a199ed759f72ceb4277f7014091f1f881750628130bbdcf17e9e665094d,-7.646237373352051,2.757021427154541,-0.020969388606672426,0.01269005013640165,2.75702166557312,additive,-1.878371244793798,-5.767866128558253
s1_family_cold_pillararene_AttentiveFP,1,AttentiveFP,family_cold,pillararene,COMPLETED,NO_CONCLUSION_small,1978,348,57,3.9096693992614746,2.059557245803833,272,299,0.7894282937049866,32.5,1430305280,59f2ea785f1add67d6cb66f73f3840bac5fd4682d56f4898cf1424cea733cc09,67662a199ed759f72ceb4277f7014091f1f881750628130bbdcf17e9e665094d,-5.551313877105713,2.1902406215667725,-0.05010614340945219,0.006155579897403991,1.8471546173095703,additive,-1.878371244793798,-3.6729426323119148
s2_double_cold_0_GINE,2,GINE,double_cold,0,COMPLETED,ok,1224,215,100,4.065853118896484,2.08465151651001,79,109,0.8322045803070068,6.6710000000020955,502983680,2e884c3b6699f56955823a11d6fa6934370df91503432e3694f6fba58a6c0514,67662a199ed759f72ceb4277f7014091f1f881750628130bbdcf17e9e665094d,-0.3052217960357666,1.4352672100067139,0.32913861243389003,,,cond_only_RF,0.1026759126875656,-0.4078977087233322
s2_double_cold_0_AttentiveFP,2,AttentiveFP,double_cold,0,COMPLETED,ok,1224,215,100,4.065853118896484,2.08465151651001,134,164,0.8269447684288025,18.139999999999418,1430431744,cbea619f81a9bc129c1431722bf6e3df30eaf4f3ddcdcb34d4f9db1b90e252a7,67662a199ed759f72ceb4277f7014091f1f881750628130bbdcf17e9e665094d,-0.43619871139526367,1.449974775314331,0.3858412079299714,,,cond_only_RF,0.1026759126875656,-0.5388746240828293
s2_double_cold_1_GINE,2,GINE,double_cold,1,COMPLETED,ok,1154,203,128,3.8138818740844727,2.0185547338256837,39,69,0.8975813984870911,4.51600000000326,503117824,4a3477e1ee696330005e68b71d297cd7724443eac0705fe59d93facfe8f481c5,67662a199ed759f72ceb4277f7014091f1f881750628130bbdcf17e9e665094d,0.3553125858306885,1.181874394416809,0.6207628634765818,,,guest_only_RF,0.3027033950729492,0.05260919075773929
s2_double_cold_1_AttentiveFP,2,AttentiveFP,double_cold,1,COMPLETED,ok,1154,203,128,3.8138818740844727,2.0185547338256837,269,299,0.7695886492729187,33.437999999994645,1430565888,2fdb992b7544e2642cd681a0dd64dfc3a9f2d25c5089fbb25f1c76f95ebdf91b,67662a199ed759f72ceb4277f7014091f1f881750628130bbdcf17e9e665094d,0.20310616493225098,1.3207799196243286,0.6352235629364292,,,guest_only_RF,0.3027033950729492,-0.09959723014069821
s2_double_cold_2_GINE,2,GINE,double_cold,2,COMPLETED,ok,899,158,244,4.102035045623779,2.0274374948272706,44,74,1.0214955806732178,4.5789999999979045,503250432,77d58d6a8bc76aa60341fa44f090d9d7b8054000d782a3b401c534bad86fa3ef,67662a199ed759f72ceb4277f7014091f1f881750628130bbdcf17e9e665094d,0.4950081706047058,1.0657782554626465,0.627117167008522,,,host_only_RF,0.2990313556734378,0.195976814931268
s2_double_cold_2_AttentiveFP,2,AttentiveFP,double_cold,2,COMPLETED,ok,899,158,244,4.102035045623779,2.0274374948272706,129,159,0.8479285836219788,17.593999999997322,1430698496,7ac5784d1c15f89394ca9f4985cfc84496e4c0b09b36b6ed774437e1ee440dac,67662a199ed759f72ceb4277f7014091f1f881750628130bbdcf17e9e665094d,0.4417179226875305,1.11036217212677,0.6579764447461091,,,host_only_RF,0.2990313556734378,0.1426865670140927
s2_double_cold_3_GINE,2,GINE,double_cold,3,COMPLETED,ok,1165,205,165,4.1537981033325195,2.1383288369903566,67,97,0.9878032207489014,6.3439999999973224,503386624,1345a0d9049db23466b25573b28822786c5bcef0ccc34fc9be1e9cfe5b41d34f,67662a199ed759f72ceb4277f7014091f1f881750628130bbdcf17e9e665094d,0.15419065952301025,0.9780486226081848,0.5814428142651551,,,host_only_RF,0.0625537420182714,0.09163691750473886
s2_double_cold_3_AttentiveFP,2,AttentiveFP,double_cold,3,COMPLETED,ok,1165,205,165,4.1537981033325195,2.1383288369903566,238,268,0.9758044481277466,29.343999999997322,1430834688,39177b36675dfb15abbaaa0bb53304cad13a7073deca8edecac5dc1051e22b45,67662a199ed759f72ceb4277f7014091f1f881750628130bbdcf17e9e665094d,-0.07747626304626465,1.1057509183883667,0.5088973485680064,,,host_only_RF,0.0625537420182714,-0.14003000506453606
s2_double_cold_4_GINE,2,GINE,double_cold,4,COMPLETED,ok,1066,188,170,3.826892852783203,2.1309178338775636,71,101,0.8537176847457886,5.985000000000582,503519744,928953d0e60f6c3c7a35b3d01e223b36478e4e400979f27f2c406259966e5f79,67662a199ed759f72ceb4277f7014091f1f881750628130bbdcf17e9e665094d,0.29211318492889404,1.1016459465026855,0.6707914096082276,,,sim_knn_k5,0.2559367409168446,0.03617644401204945
s2_double_cold_4_AttentiveFP,2,AttentiveFP,double_cold,4,COMPLETED,ok,1066,188,170,3.826892852783203,2.1309178338775636,225,255,0.7952860593795776,25.922000000005937,1430967808,790794f6a69ba16a333f5954c040f0251e34f7d1a6df650f512f90bfce845d77,67662a199ed759f72ceb4277f7014091f1f881750628130bbdcf17e9e665094d,0.0747915506362915,1.156339406967163,0.6787848292346697,,,sim_knn_k5,0.2559367409168446,-0.1811451902805531
s2_double_cold_5_GINE,2,GINE,double_cold,5,COMPLETED,ok,998,176,197,3.95841908454895,1.9678869710693359,115,145,1.0185335874557495,4.546999999991385,503518720,35d0c54d23074421d8359606d79733580a811e4be189e8b382cf64e893a37182,67662a199ed759f72ceb4277f7014091f1f881750628130bbdcf17e9e665094d,0.2792120575904846,1.3482272624969482,0.6663316807762596,,,sim_knn_k5,0.323456530578793,-0.04424447298830836
s2_double_cold_5_AttentiveFP,2,AttentiveFP,double_cold,5,COMPLETED,ok,998,176,197,3.95841908454895,1.9678869710693359,72,102,0.9560961723327637,5.4060000000026776,1430966784,d9938041829525917abd4e6e595f8c69b6311ea1f326dce654552bcceccf39c4,67662a199ed759f72ceb4277f7014091f1f881750628130bbdcf17e9e665094d,0.48447710275650024,1.1335870027542114,0.735008260184036,,,sim_knn_k5,0.323456530578793,0.16102057217770727
s2_double_cold_6_GINE,2,GINE,double_cold,6,COMPLETED,ok,1107,195,159,3.824347496032715,1.983556793762207,63,93,1.0103827714920044,2.8430000000080327,503653888,14b1c35c8cb06b7d59654739e6886b67806a428173370ec49bc3970962939095,67662a199ed759f72ceb4277f7014091f1f881750628130bbdcf17e9e665094d,0.2584896683692932,1.387708306312561,0.524634628698335,,,additive,0.447440726857964,-0.18895105848867078
s2_double_cold_6_AttentiveFP,2,AttentiveFP,double_cold,6,COMPLETED,ok,1107,195,159,3.824347496032715,1.983556793762207,57,87,1.0547362565994263,4.578000000008615,1430967808,9d78e42549c373ace9bd40bbfafec32e0b628e961fb27ba04f03cc28fa28c2d9,67662a199ed759f72ceb4277f7014091f1f881750628130bbdcf17e9e665094d,0.44289201498031616,1.275124192237854,0.6820042679577406,,,additive,0.447440726857964,-0.004548711877647826
s2_double_cold_7_GINE,2,GINE,double_cold,7,COMPLETED,ok,1298,228,76,3.963592529296875,2.0846250520477296,46,76,0.993205189704895,3.639999999999418,503655424,1adf81e04714a6abb693ac452ba7aa91b9240d5e982cecb446ec3c2f704d0722,67662a199ed759f72ceb4277f7014091f1f881750628130bbdcf17e9e665094d,0.30062752962112427,1.2606281042099,0.552078634020971,,,sim_knn_k5,0.2681589951258996,0.03246853449522469
s2_double_cold_7_AttentiveFP,2,AttentiveFP,double_cold,7,COMPLETED,ok,1298,228,76,3.963592529296875,2.0846250520477296,24,54,1.081125020980835,5.827999999994063,1430969344,ddbf2503fe94804d81c5fdc8e830ff3fae58f9192688bf7d9577b19a72ce93c3,67662a199ed759f72ceb4277f7014091f1f881750628130bbdcf17e9e665094d,0.4463462233543396,1.1326473951339722,0.6479148581461984,,,sim_knn_k5,0.2681589951258996,0.17818722822844002
s2_double_cold_8_GINE,2,GINE,double_cold,8,COMPLETED,ok,910,160,232,4.134942054748535,1.9763008819351195,69,99,1.0639642477035522,6.031999999991967,503652864,0d9ae3048060fab6eb135cee0465d18930d6d888ffffd156248e60381f9a2cbd,67662a199ed759f72ceb4277f7014091f1f881750628130bbdcf17e9e665094d,0.5191717147827148,1.1352646350860596,0.6397748827264118,,,sim_knn_k5,0.4841248032618563,0.03504691152085854
s2_double_cold_8_AttentiveFP,2,AttentiveFP,double_cold,8,COMPLETED,ok,910,160,232,4.134942054748535,1.9763008819351195,211,241,0.8703325390815735,19.75,1431100928,200dce5b58da9e01125c959f1ba4c521376855b603bd28bfb2753a4100222fb3,67662a199ed759f72ceb4277f7014091f1f881750628130bbdcf17e9e665094d,0.5716514587402344,1.0728635787963867,0.6861501388669111,,,sim_knn_k5,0.4841248032618563,0.08752665547837807
s2_double_cold_9_GINE,2,GINE,double_cold,9,COMPLETED,ok,1263,222,107,3.9365010261535645,2.0142655835876466,115,145,0.9934808611869812,4.98399999999674,503788544,23e5b931515fd363ec2975395b8dd8ee3fccff5f4244c17b31e33fb81e8cee98,67662a199ed759f72ceb4277f7014091f1f881750628130bbdcf17e9e665094d,0.08317232131958008,1.4611196517944336,0.5592742538058423,,,sim_knn_k5,0.2622490427434276,-0.1790767214238475
s2_double_cold_9_AttentiveFP,2,AttentiveFP,double_cold,9,COMPLETED,ok,1263,222,107,3.9365010261535645,2.0142655835876466,141,171,1.0487312078475952,12.139999999999418,1431236608,e19ce5c22e3d6285c4b51809e8081448b5edbd5f63a859cc61dbe59f4d15043b,67662a199ed759f72ceb4277f7014091f1f881750628130bbdcf17e9e665094d,0.32632243633270264,1.200870156288147,0.6398038682798344,,,sim_knn_k5,0.2622490427434276,0.06407339358927505
s2_double_cold_10_GINE,2,GINE,double_cold,10,COMPLETED,ok,1038,183,195,3.7374372482299805,1.9839599595794677,63,93,0.9711881875991821,3.3280000000086147,503922176,966fa8b6c290c8caf57c8e7b7b7ed7b1321588f1eeb5a530966c93b90a9a621f,67662a199ed759f72ceb4277f7014091f1f881750628130bbdcf17e9e665094d,0.436833918094635,1.151571273803711,0.6910866836763181,,,additive,0.3272728170124667,0.10956110108216832
s2_double_cold_10_AttentiveFP,2,AttentiveFP,double_cold,10,COMPLETED,ok,1038,183,195,3.7374372482299805,1.9839599595794677,60,90,0.9522149562835693,4.64100000000326,1431370240,101e0d7053b15240ac0be33505996535649d34b67bcd6fd72fa2abd617521b6d,67662a199ed759f72ceb4277f7014091f1f881750628130bbdcf17e9e665094d,0.3042408227920532,1.2935774326324463,0.6486124637321649,,,additive,0.3272728170124667,-0.023031994220413465
s2_double_cold_11_GINE,2,GINE,double_cold,11,COMPLETED,ok,958,168,211,3.893035888671875,2.0592105851898195,90,120,0.9856008887290955,3.625,504055296,024eca4d29706be6e6aaaef38e81a7d8b6da50dac9185b6ebc212161fdcf7521,67662a199ed759f72ceb4277f7014091f1f881750628130bbdcf17e9e665094d,0.45080941915512085,1.2097676992416382,0.6983771469175544,,,sim_knn_k5,0.3606335583114992,0.09017586084362167
s2_double_cold_11_AttentiveFP,2,AttentiveFP,double_cold,11,COMPLETED,ok,958,168,211,3.893035888671875,2.0592105851898195,290,299,0.7799075841903687,20.797000000005937,1431503360,6ede8697b7fd0da07647652b6a39cc896f63f180769d1dea5742c16a736fb9ca,67662a199ed759f72ceb4277f7014091f1f881750628130bbdcf17e9e665094d,0.11801987886428833,1.4202231168746948,0.7187383430554235,,,sim_knn_k5,0.3606335583114992,-0.24261367944721085
s2_random_0_GINE,2,GINE,random,0,COMPLETED,ok,1621,285,477,3.9071428775787354,2.0110626683959962,101,131,0.9979239702224731,5.4689999999973224,504197120,36dfa27d22c7bc463963f1450c4dc0ba91ca8317efb0e043b0a4861a562d244c,67662a199ed759f72ceb4277f7014091f1f881750628130bbdcf17e9e665094d,0.5407143831253052,1.0201315879821777,0.7432050046607732,,,sim_knn_k5,0.6123464111266953,-0.07163202800139012
s2_random_0_AttentiveFP,2,AttentiveFP,random,0,COMPLETED,ok,1621,285,477,3.9071428775787354,2.0110626683959962,275,299,0.9014646410942078,20.5,1431645184,c685142637225fa0f588987f7d13f0781e15bb2c26584105a3cb236660986891,67662a199ed759f72ceb4277f7014091f1f881750628130bbdcf17e9e665094d,0.6513179540634155,0.8815228343009949,0.7839745567757622,,,sim_knn_k5,0.6123464111266953,0.03897154293672023
s2_random_1_GINE,2,GINE,random,1,COMPLETED,ok,1621,285,477,3.941251516342163,2.039401339126587,91,121,0.9049884080886841,4.1560000000026776,504331264,77b34dd4e94d144398435cc951db93d29bf24ee69d526a10bb3aec57e13c515b,67662a199ed759f72ceb4277f7014091f1f881750628130bbdcf17e9e665094d,0.6170668005943298,0.9092477560043335,0.8003840472596234,,,sim_knn_k5,0.5699506071635461,0.04711619343078377
s2_random_1_AttentiveFP,2,AttentiveFP,random,1,COMPLETED,ok,1621,285,477,3.941251516342163,2.039401339126587,90,120,0.9837169051170349,7.8439999999973224,1431779328,faca94707e214af1f51be26af21c0ba867375f97fe0dfd462ee4348268eb7ad3,67662a199ed759f72ceb4277f7014091f1f881750628130bbdcf17e9e665094d,0.5693490505218506,1.0296679735183716,0.7496650547074883,,,sim_knn_k5,0.5699506071635461,-0.0006015566416954776
s2_random_2_GINE,2,GINE,random,2,COMPLETED,ok,1621,285,477,3.971715211868286,2.062247561050415,77,107,0.9308568239212036,5.187999999994645,504331264,25bce7678cf94042c9742f0578d2ea5987b2b16918d264721754fe1769ffa35c,67662a199ed759f72ceb4277f7014091f1f881750628130bbdcf17e9e665094d,0.4976348280906677,1.0224475860595703,0.7275056247041027,,,sim_knn_k5,0.5734078227467384,-0.07577299465607068
s2_random_2_AttentiveFP,2,AttentiveFP,random,2,COMPLETED,ok,1621,285,477,3.971715211868286,2.062247561050415,291,299,0.8726477026939392,29.296999999991385,1431779328,f14d5e244a71e07409bee003437d3c0e9296ec059cf4a394462c97ebb0aade4d,67662a199ed759f72ceb4277f7014091f1f881750628130bbdcf17e9e665094d,0.5496537685394287,0.9566973447799683,0.7568362891180799,,,sim_knn_k5,0.5734078227467384,-0.023754054207309694
s2_random_3_GINE,2,GINE,random,3,COMPLETED,ok,1621,286,476,3.9500350952148438,2.0748961435089113,36,66,1.019317388534546,3.687999999994645,504465408,db949c53520589e4e4fc640857e9af797ed28b3ff47f5e98353712aeebf0a6bf,67662a199ed759f72ceb4277f7014091f1f881750628130bbdcf17e9e665094d,0.5282042026519775,1.0166478157043457,0.7393949055628845,,,sim_knn_k5,0.6043297394651699,-0.07612553681319234
s2_random_3_AttentiveFP,2,AttentiveFP,random,3,COMPLETED,ok,1621,286,476,3.9500350952148438,2.0748961435089113,287,299,0.8742786645889282,30.328999999997905,1431913472,e3c746e15c8c1cea381347a2a076f84773f8886bb52d45ce2f8522edbf7d7e7e,67662a199ed759f72ceb4277f7014091f1f881750628130bbdcf17e9e665094d,0.5915517210960388,0.8754917979240417,0.8122725748183603,,,sim_knn_k5,0.6043297394651699,-0.012778018369131061
s2_random_4_GINE,2,GINE,random,4,COMPLETED,ok,1621,286,476,3.944037914276123,2.0628002153167726,57,87,1.0107423067092896,4.843000000008033,504599552,499620e67fd279b98e6ebf02a911d6b536be3a33c4fc4c822f482d5f8a5a799d,67662a199ed759f72ceb4277f7014091f1f881750628130bbdcf17e9e665094d,0.5539625883102417,1.0010874271392822,0.7494706915577973,,,sim_knn_k5,0.5760476353820867,-0.022085047071845
s2_random_4_AttentiveFP,2,AttentiveFP,random,4,COMPLETED,ok,1621,286,476,3.944037914276123,2.0628002153167726,176,206,0.9600900411605835,20.312000000005355,1432047616,97766048af5e92d01561b84f0a759a8d24e89500b0c76d988f572c290bd0c596,67662a199ed759f72ceb4277f7014091f1f881750628130bbdcf17e9e665094d,0.6342038512229919,0.8827080130577087,0.7888905631454983,,,sim_knn_k5,0.5760476353820867,0.058156215840905245
s2_host_cold_0_GINE,2,GINE,host_cold,0,COMPLETED,ok,1621,285,477,3.738921642303467,1.940674828125,73,103,0.9992963075637817,5.639999999999418,504733696,cf27385fac007d34eba1efae7a9b9557732b83d946c20f578df52b5d67ad9c3e,67662a199ed759f72ceb4277f7014091f1f881750628130bbdcf17e9e665094d,0.22687220573425293,1.4409760236740112,0.5894425622850714,,,sim_knn_k5,0.3913989367026259,-0.16452673096837295
s2_host_cold_0_AttentiveFP,2,AttentiveFP,host_cold,0,COMPLETED,ok,1621,285,477,3.738921642303467,1.940674828125,73,103,1.0095382928848267,10.25,1432181760,099c3216b9c1ff1a0482abde4ec1a6c206e93ad19b022287704131b825601a37,67662a199ed759f72ceb4277f7014091f1f881750628130bbdcf17e9e665094d,0.4158751964569092,1.2818880081176758,0.7029201836142589,,,sim_knn_k5,0.3913989367026259,0.024476259754283303
s2_host_cold_1_GINE,2,GINE,host_cold,1,COMPLETED,ok,1621,285,477,3.738595485687256,1.9302865730056762,115,145,0.8971384167671204,8.0,504867840,ac1ea6a53dfe5b47a5ac5780989f02bdd831ec8e1b260dd06a4f4013479a559e,67662a199ed759f72ceb4277f7014091f1f881750628130bbdcf17e9e665094d,0.302375853061676,1.4201035499572754,0.6437411216816057,,,sim_knn_k5,0.2067975679170346,0.09557828514464142
s2_host_cold_1_AttentiveFP,2,AttentiveFP,host_cold,1,COMPLETED,ok,1621,285,477,3.738595485687256,1.9302865730056762,205,235,0.8239386081695557,18.453000000008615,1432315904,79eb560144132185f2d720190eee24d946cbdf1253ba49c5941e3a23f9a0e9c9,67662a199ed759f72ceb4277f7014091f1f881750628130bbdcf17e9e665094d,0.2885376811027527,1.3843932151794434,0.6244609592236128,,,sim_knn_k5,0.2067975679170346,0.08174011318571808
s2_host_cold_2_GINE,2,GINE,host_cold,2,COMPLETED,ok,1621,285,477,4.156459808349609,2.092633055282593,73,103,0.9589516520500183,3.0939999999973224,505001984,800d19957ff2ea101f1b6004c9457673742258897d0ea2f6d86b33b2a5c431dc,67662a199ed759f72ceb4277f7014091f1f881750628130bbdcf17e9e665094d,0.24685800075531006,1.0515388250350952,0.5916280573757752,,,sim_knn_k5,0.420724432791717,-0.17386643203640695
s2_host_cold_2_AttentiveFP,2,AttentiveFP,host_cold,2,COMPLETED,ok,1621,285,477,4.156459808349609,2.092633055282593,211,241,0.8999741077423096,13.062000000005355,1432450048,2f4687959663a2d40bed844aeffc0df93d3ba8ae87847f4a0ed6d67d6da195ee,67662a199ed759f72ceb4277f7014091f1f881750628130bbdcf17e9e665094d,0.45864206552505493,0.8524187803268433,0.5881356054963233,,,sim_knn_k5,0.420724432791717,0.037917632733337925
s2_host_cold_3_GINE,2,GINE,host_cold,3,COMPLETED,ok,1621,286,476,3.9684786796569824,2.091466711593628,78,108,1.0314332246780396,3.514999999999418,505136128,390a88b25e97c818ed229b3d6d897bc304ada5b90929b22ac37717b26da5b34a,67662a199ed759f72ceb4277f7014091f1f881750628130bbdcf17e9e665094d,0.36864012479782104,1.0663117170333862,0.6768418576667591,,,sim_knn_k5,0.2620556816445356,0.10658444315328547
s2_host_cold_3_AttentiveFP,2,AttentiveFP,host_cold,3,COMPLETED,ok,1621,286,476,3.9684786796569824,2.091466711593628,289,299,0.9001368880271912,17.437999999994645,1432584192,dbff2faee42ec0460e69b34843f45b105f0387eac61e32791500667d52d4241c,67662a199ed759f72ceb4277f7014091f1f881750628130bbdcf17e9e665094d,0.5025373101234436,0.9378414750099182,0.7330784445581514,,,sim_knn_k5,0.2620556816445356,0.24048162847890803
s2_host_cold_4_GINE,2,GINE,host_cold,4,COMPLETED,ok,1621,286,476,4.138333797454834,2.062920855117798,51,81,1.0075253248214722,2.860000000000582,505270272,421cbf6d742e3e683b939157f7b7279a6a4ec9fdba27f88ba29e5f559391a1f1,67662a199ed759f72ceb4277f7014091f1f881750628130bbdcf17e9e665094d,-0.49206483364105225,1.4363703727722168,0.32315301742225877,,,guest_only_RF,-0.0902538766468918,-0.4018109569941605
s2_host_cold_4_AttentiveFP,2,AttentiveFP,host_cold,4,COMPLETED,ok,1621,286,476,4.138333797454834,2.062920855117798,187,217,0.9044440984725952,13.25,1432718336,d252484175eef9299d07a38ac0b656de9caee3cb0b2bc1fd06ed78b17125f641,67662a199ed759f72ceb4277f7014091f1f881750628130bbdcf17e9e665094d,-0.4209866523742676,1.3843947649002075,0.3158714604849923,,,guest_only_RF,-0.0902538766468918,-0.3307327757273758
s2_guest_cold_0_GINE,2,GINE,guest_cold,0,COMPLETED,ok,1621,285,477,3.956087827682495,2.050951288772583,42,72,1.003017544746399,2.4690000000118744,505404416,1f554df08d268e7eb14d50b3f67782de840e01add03d5bb5f9d60adc9f986318,67662a199ed759f72ceb4277f7014091f1f881750628130bbdcf17e9e665094d,0.48503249883651733,1.0975556373596191,0.6753989072886988,,,sim_knn_k5,0.5280136255698709,-0.042981126733353525
s2_guest_cold_0_AttentiveFP,2,AttentiveFP,guest_cold,0,COMPLETED,ok,1621,285,477,3.956087827682495,2.050951288772583,198,228,0.9120055437088013,13.89100000000326,1432852480,648df81902c842ca6a1d41f66cbb53f743252fdd8413a84a29d5a5d9d53b9096,67662a199ed759f72ceb4277f7014091f1f881750628130bbdcf17e9e665094d,0.5024749040603638,1.0561397075653076,0.7281645408639068,,,sim_knn_k5,0.5280136255698709,-0.02553872150950709
s2_guest_cold_1_GINE,2,GINE,guest_cold,1,COMPLETED,ok,1621,285,477,3.9711899757385254,2.0366998182067872,38,68,0.9665282368659973,2.5,505538560,77e37c801fe2d4a438b26b402b4adbd268cce11d3166ec99f3cc336368f02cfa,67662a199ed759f72ceb4277f7014091f1f881750628130bbdcf17e9e665094d,0.5782736539840698,1.0550004243850708,0.719574002027214,,,sim_knn_k5,0.6007852753345126,-0.022511621350442823
s2_guest_cold_1_AttentiveFP,2,AttentiveFP,guest_cold,1,COMPLETED,ok,1621,285,477,3.9711899757385254,2.0366998182067872,83,113,0.9174969792366028,6.75,1432986624,a2c352825443f13a04c5490ff6d88eb7476bdca8ef17512967024c455493e26f,67662a199ed759f72ceb4277f7014091f1f881750628130bbdcf17e9e665094d,0.5776705145835876,1.0428487062454224,0.7347672403985984,,,sim_knn_k5,0.6007852753345126,-0.023114760750925
s2_guest_cold_2_GINE,2,GINE,guest_cold,2,COMPLETED,ok,1621,285,477,3.940458297729492,2.0474443898925783,66,96,0.8903113007545471,3.312999999994645,505538560,41bf8636b2727464722c3ae89af2ea00af4e21db4663154d24e1c456fadc1e08,67662a199ed759f72ceb4277f7014091f1f881750628130bbdcf17e9e665094d,0.504969596862793,1.0575097799301147,0.7604708716172511,,,sim_knn_k5,0.5702260958689317,-0.06525649900613872
s2_guest_cold_2_AttentiveFP,2,AttentiveFP,guest_cold,2,COMPLETED,ok,1621,285,477,3.940458297729492,2.0474443898925783,217,247,0.8510892987251282,16.73399999999674,1432986624,2a0f99edf57edc97368d6187de21dfdd82a08df4524f3d7b9ca2ffbc39e93ced,67662a199ed759f72ceb4277f7014091f1f881750628130bbdcf17e9e665094d,0.602449357509613,0.9746977686882019,0.795604777433582,,,sim_knn_k5,0.5702260958689317,0.032223261640681344
s2_guest_cold_3_GINE,2,GINE,guest_cold,3,COMPLETED,ok,1621,286,476,3.9971957206726074,2.1009843812713624,37,67,0.9501247406005859,3.3439999999973224,505672704,10e192ec243e244aabdb9891c61975caf1c507323715df1db45fcf903f31f079,67662a199ed759f72ceb4277f7014091f1f881750628130bbdcf17e9e665094d,0.5254689455032349,0.9684829115867615,0.7231646610645204,,,sim_knn_k5,0.4740012481955857,0.05146769730764916
s2_guest_cold_3_AttentiveFP,2,AttentiveFP,guest_cold,3,COMPLETED,ok,1621,286,476,3.9971957206726074,2.1009843812713624,290,299,0.7733591794967651,23.468999999997322,1433120768,7e75e254ec3747b44c3efb613ff1539c31221791b6b6185af144bf9879219f15,67662a199ed759f72ceb4277f7014091f1f881750628130bbdcf17e9e665094d,0.496682345867157,0.9974261522293091,0.745587901375001,,,sim_knn_k5,0.4740012481955857,0.022681097671571282
s2_guest_cold_4_GINE,2,GINE,guest_cold,4,COMPLETED,ok,1621,286,476,3.9854440689086914,2.1006682382354738,71,101,0.9634386301040649,5.797000000005937,505806848,03965ff3e1e6be5ad6b62333a9585b315ad104565596b34b0b150e07d8f06549,67662a199ed759f72ceb4277f7014091f1f881750628130bbdcf17e9e665094d,0.40530383586883545,0.9950810074806213,0.6781781207495466,,,sim_knn_k5,0.4789324197468604,-0.07362858387802496
s2_guest_cold_4_AttentiveFP,2,AttentiveFP,guest_cold,4,COMPLETED,ok,1621,286,476,3.9854440689086914,2.1006682382354738,119,149,0.9192837476730347,15.139999999999418,1433254912,c2ec6f0b9b615f3b0f936eae6a45523516c4cad4f381c16ecbebf85b999698cb,67662a199ed759f72ceb4277f7014091f1f881750628130bbdcf17e9e665094d,0.5173652172088623,0.9072187542915344,0.7396954729808256,,,sim_knn_k5,0.4789324197468604,0.0384327974620019
s2_family_cold_calixarene_GINE,2,GINE,family_cold,calixarene,COMPLETED,ok,1570,277,536,4.079554557800293,2.1701374517211915,69,99,0.9702466726303101,5.578000000008615,505941504,b683c47a60682693e1145c1f783fa391805b0aab2012a1dd36e6d533e75772c8,67662a199ed759f72ceb4277f7014091f1f881750628130bbdcf17e9e665094d,0.3189733028411865,0.9548391103744507,0.603168203852524,0.790308376683482,-0.07266449928283691,guest_only_RF,0.2712010292358366,0.04777227360534991
s2_family_cold_calixarene_AttentiveFP,2,AttentiveFP,family_cold,calixarene,COMPLETED,ok,1570,277,536,4.079554557800293,2.1701374517211915,269,299,0.9317921996116638,29.89100000000326,1433389568,f32512c5a4918f337dcdd218d963c22f3262554450fc8eaded8ace1fc135b561,67662a199ed759f72ceb4277f7014091f1f881750628130bbdcf17e9e665094d,0.08945256471633911,1.1731908321380615,0.5690261856901453,0.6601005104144948,-0.5890250205993652,guest_only_RF,0.2712010292358366,-0.1817484645194975
s2_family_cold_cavitand_GINE,2,GINE,family_cold,cavitand,COMPLETED,NO_CONCLUSION_small,1959,345,79,3.989750385284424,2.092574165893555,57,87,0.9295697212219238,5.062999999994645,506076672,9021e11035067f1c8e1dd7423520cbfa6f1525a82cbc2c9c1f69e35d803b3827,67662a199ed759f72ceb4277f7014091f1f881750628130bbdcf17e9e665094d,-0.6210627555847168,1.6765190362930298,-0.05031645569620253,0.20211466809456982,0.9645555019378662,cond_only_RF,0.1569820062994044,-0.7780447618841212
s2_family_cold_cavitand_AttentiveFP,2,AttentiveFP,family_cold,cavitand,COMPLETED,NO_CONCLUSION_small,1959,345,79,3.989750385284424,2.092574165893555,273,299,0.7852920293807983,29.625,1433524736,be1dd92c9b0c3333ff95e8ffb8c9a8a5ea54c02cdcfc8bcf7b3a13f4153ca815,67662a199ed759f72ceb4277f7014091f1f881750628130bbdcf17e9e665094d,-0.48185694217681885,1.5759999752044678,0.3,0.6150398066571197,1.1559274196624756,cond_only_RF,0.1569820062994044,-0.6388389484762232
s2_family_cold_crown_ether_GINE,2,GINE,family_cold,crown_ether,COMPLETED,NO_CONCLUSION_small,2012,354,17,3.9776673316955566,2.072183893753052,107,137,0.9604069590568542,7.764999999999418,506210816,0a39489ef80f4bca4ad069a246a685f05a97c9df09881fce5583f5dd53b4b2c5,67662a199ed759f72ceb4277f7014091f1f881750628130bbdcf17e9e665094d,-0.3194911479949951,1.0465656518936157,0.39803715018879715,2.3291477296876217,0.778640627861023,guest_only_RF,-1.0638170490861247,0.7443259010911296
s2_family_cold_crown_ether_AttentiveFP,2,AttentiveFP,family_cold,crown_ether,COMPLETED,NO_CONCLUSION_small,2012,354,17,3.9776673316955566,2.072183893753052,271,299,0.8573293089866638,29.593000000008033,1433658880,63fa451e5a3ab622bdeb5fe762b4f25889a05ef5f572260b0f34d85be87f4fb7,67662a199ed759f72ceb4277f7014091f1f881750628130bbdcf17e9e665094d,0.09592360258102417,0.8294863700866699,0.43596588085764926,1.0529952823579534,-0.4397871494293213,guest_only_RF,-1.0638170490861247,1.159740651667149
s2_family_cold_cucurbituril_GINE,2,GINE,family_cold,cucurbituril,COMPLETED,ok,1403,247,733,3.4067845344543457,1.6332836614379882,107,137,0.8178278803825378,8.01600000000326,506340864,89566545676b3194befc5187142404062c8d3cd51b362e5db50239044a3a7482,67662a199ed759f72ceb4277f7014091f1f881750628130bbdcf17e9e665094d,-0.28426051139831543,1.980308175086975,0.33109706908866937,0.747682713412525,1.4197566509246826,additive,-0.0558143147782808,-0.22844619662003463
s2_family_cold_cucurbituril_AttentiveFP,2,AttentiveFP,family_cold,cucurbituril,COMPLETED,ok,1403,247,733,3.4067845344543457,1.6332836614379882,99,129,0.8602973818778992,13.656000000002678,1433788928,67ad7480c841b8a9bc6b3be8b54a15ea4dc7a0ffa1083cc2a3941a94d09665b0,67662a199ed759f72ceb4277f7014091f1f881750628130bbdcf17e9e665094d,0.1448851227760315,1.569630742073059,0.5452148243004645,1.7116243909312134,0.5608210563659668,additive,-0.0558143147782808,0.2006994375543123
s2_family_cold_cyclodextrin_GINE,2,GINE,family_cold,cyclodextrin,COMPLETED,ok,1727,304,352,4.170211315155029,2.1095483766326906,88,118,0.9226475954055786,6.906999999991967,506478080,4b27ac24582e47d483849b09df406ff3df1d1f72cf2b87037f550f300b102ac3,67662a199ed759f72ceb4277f7014091f1f881750628130bbdcf17e9e665094d,-1.0701966285705566,1.253536343574524,0.4799342406242617,0.42130803003014405,-1.052530288696289,cond_only_RF,-2.394659256933538,1.3244626283629812
s2_family_cold_cyclodextrin_AttentiveFP,2,AttentiveFP,family_cold,cyclodextrin,COMPLETED,ok,1727,304,352,4.170211315155029,2.1095483766326906,230,260,0.8714125752449036,16.577999999994063,1433926144,fd524dc3dbbb0e505d542cc4759912dd3341f8f8a4fc37b1771b3e6b7bcfafca,67662a199ed759f72ceb4277f7014091f1f881750628130bbdcf17e9e665094d,-2.622472047805786,1.811026692390442,0.43203194301725206,0.44055518268011995,-1.7518484592437744,cond_only_RF,-2.394659256933538,-0.22781279087224826
s2_family_cold_cyclophane_GINE,2,GINE,family_cold,cyclophane,COMPLETED,NO_CONCLUSION_small,2002,353,28,3.9332826137542725,2.0603137479553224,165,195,0.9190846681594849,7.10899999999674,506613248,f515a9d79cd86396cfcb5a55ef2b6d6822c4bf31ca989d39ce2564d9dd433dc3,67662a199ed759f72ceb4277f7014091f1f881750628130bbdcf17e9e665094d,-0.285666823387146,0.9503297805786133,0.6981912091890168,0.5416284894054892,0.6587018966674805,host_only_RF,0.2660526087905975,-0.5517194321777434
s2_family_cold_cyclophane_AttentiveFP,2,AttentiveFP,family_cold,cyclophane,COMPLETED,NO_CONCLUSION_small,2002,353,28,3.9332826137542725,2.0603137479553224,297,299,0.8232356905937195,20.421999999991385,1434061312,6d9126339e283b3fb215a5eaf0fa6b41bce3767b4d1ea9295db802a0ac724331,67662a199ed759f72ceb4277f7014091f1f881750628130bbdcf17e9e665094d,0.16006910800933838,0.8082583546638489,0.7149127104691619,0.7244616920638818,-0.5525102615356445,host_only_RF,0.2660526087905975,-0.10598350078125912
s2_family_cold_other_GINE,2,GINE,family_cold,other,COMPLETED,ok,1532,270,581,4.154919624328613,2.0991979108581544,80,110,0.8771694302558899,6.312999999994645,506745344,dc00d772ea8aff61337a1bcab42ca40347c5fcb2e2fde927b68f375cd25042a6,67662a199ed759f72ceb4277f7014091f1f881750628130bbdcf17e9e665094d,-0.46775591373443604,1.7121297121047974,0.19859955112506492,0.2604669071311084,-0.5780375003814697,host_only_RF,-0.1251993771007593,-0.34255653663367674
s2_family_cold_other_AttentiveFP,2,AttentiveFP,family_cold,other,COMPLETED,ok,1532,270,581,4.154919624328613,2.0991979108581544,179,209,0.84490567445755,21.843999999997322,1434193408,a543a1f579d80263603e08db53ef04553bc3d7a2f7ece1b9d3dd9e01ca78c891,67662a199ed759f72ceb4277f7014091f1f881750628130bbdcf17e9e665094d,0.10625088214874268,1.2518537044525146,0.4640680113892908,0.6058964362504244,-0.13400840759277344,host_only_RF,-0.1251993771007593,0.23145025924950197
s2_family_cold_pillararene_GINE,2,GINE,family_cold,pillararene,COMPLETED,NO_CONCLUSION_small,1978,348,57,3.8822619915008545,2.0259070859680177,63,93,1.0535210371017456,5.734000000011292,506881536,f0d115a15526d557f60dda52c4e9ed8d95a0d66cad0ccacd08e29528cdb04212,67662a199ed759f72ceb4277f7014091f1f881750628130bbdcf17e9e665094d,-5.502085208892822,2.3857147693634033,0.22032442619499096,0.3406054624196404,2.3737497329711914,additive,-1.878371244793798,-3.623713964099024
s2_family_cold_pillararene_AttentiveFP,2,AttentiveFP,family_cold,pillararene,COMPLETED,NO_CONCLUSION_small,1978,348,57,3.8822619915008545,2.0259070859680177,293,299,0.9191619753837585,31.687999999994645,1434329600,4d52f30913e8f33c75e8ceb5ab0c588b25b5d18408144d6e3ce391a26fb3f782,67662a199ed759f72ceb4277f7014091f1f881750628130bbdcf17e9e665094d,-3.2471179962158203,1.8085808753967285,0.15618467340889403,0.13911271510637782,1.2991385459899902,additive,-1.878371244793798,-1.3687467514220224
s3_double_cold_0_GINE,3,GINE,double_cold,0,COMPLETED,ok,1224,215,100,4.034019947052002,2.0559452043304445,33,63,1.030228614807129,3.860000000000582,501776384,f70dd83714829d06d9fafbb50c9233fbbb9851fb5d55d58d419847b12ec4e956,67662a199ed759f72ceb4277f7014091f1f881750628130bbdcf17e9e665094d,-0.39591681957244873,1.4960124492645264,0.30413139881004964,,,cond_only_RF,0.1026759126875656,-0.4985927322600143
s3_double_cold_0_AttentiveFP,3,AttentiveFP,double_cold,0,COMPLETED,ok,1224,215,100,4.034019947052002,2.0559452043304445,176,206,0.8825544714927673,22.405999999988126,1429224448,f45812fec60d3a3e71662612e7990142fcf9271206c04fd2cdef4a7455b4afe8,67662a199ed759f72ceb4277f7014091f1f881750628130bbdcf17e9e665094d,-0.7197179794311523,1.59002685546875,0.35978480434604815,,,cond_only_RF,0.1026759126875656,-0.8223938921187179
s3_double_cold_1_GINE,3,GINE,double_cold,1,COMPLETED,ok,1154,203,128,3.829990863800049,1.9988559947738647,76,106,0.9920404553413391,6.735000000000582,501910528,3daaa1dc4f1d4cf2f7a20255f5371c75cd410fd3b0bd7a989638bcbfe2f87d3f,67662a199ed759f72ceb4277f7014091f1f881750628130bbdcf17e9e665094d,0.3286941647529602,1.2527971267700195,0.5372690623412818,,,guest_only_RF,0.3027033950729492,0.025990769680011017
s3_double_cold_1_AttentiveFP,3,AttentiveFP,double_cold,1,COMPLETED,ok,1154,203,128,3.829990863800049,1.9988559947738647,66,96,1.0947117805480957,10.672000000005937,1429358592,ac2075032a3305d36cc57c350a1cfdb13fa976a6f5ab6d64931dc7a2e2663a65,67662a199ed759f72ceb4277f7014091f1f881750628130bbdcf17e9e665094d,0.4803919196128845,1.0930309295654297,0.7383683501995946,,,guest_only_RF,0.3027033950729492,0.17768852453993533
s3_double_cold_2_GINE,3,GINE,double_cold,2,COMPLETED,ok,899,158,244,4.1255083084106445,2.059164570404053,75,105,1.0375843048095703,6.625,502043136,55e45c7943d57d5bb5523e8f8075facb0c8d3c521ab48518a86f37c65818787f,67662a199ed759f72ceb4277f7014091f1f881750628130bbdcf17e9e665094d,0.3077288269996643,1.2534669637680054,0.6033017212866982,,,host_only_RF,0.2990313556734378,0.008697471326226502
s3_double_cold_2_AttentiveFP,3,AttentiveFP,double_cold,2,COMPLETED,ok,899,158,244,4.1255083084106445,2.059164570404053,236,266,0.9097266793251038,22.421999999991385,1429491200,ec49a6453cc1e76de410ce25412d7f579f227e9714b291a3c24bdf2bf2de834c,67662a199ed759f72ceb4277f7014091f1f881750628130bbdcf17e9e665094d,0.36049318313598633,1.1691040992736816,0.6349018347425424,,,host_only_RF,0.2990313556734378,0.061461827462548524
s3_double_cold_3_GINE,3,GINE,double_cold,3,COMPLETED,ok,1165,205,165,4.087797164916992,2.1368475423583986,102,132,0.9437019228935242,4.405999999988126,502179328,96a3271e8a98510e02a215600e174d6a5cad3f7dcad93b366966fd1dda947abe,67662a199ed759f72ceb4277f7014091f1f881750628130bbdcf17e9e665094d,0.04493802785873413,1.0009064674377441,0.550481067870458,,,host_only_RF,0.0625537420182714,-0.017615714159537263
s3_double_cold_3_AttentiveFP,3,AttentiveFP,double_cold,3,COMPLETED,ok,1165,205,165,4.087797164916992,2.1368475423583986,154,184,0.9889609813690186,12.687999999994645,1429627392,2b3aaffc191045eba867463093f1f88027a738f7ed924abb1cbf7245fabf9195,67662a199ed759f72ceb4277f7014091f1f881750628130bbdcf17e9e665094d,0.19943726062774658,0.963226318359375,0.5668740846119132,,,host_only_RF,0.0625537420182714,0.13688351860947517
s3_double_cold_4_GINE,3,GINE,double_cold,4,COMPLETED,ok,1066,188,170,3.7856242656707764,2.0713379846343996,116,146,0.8836120963096619,8.860000000000582,502312448,1876fc880b49a817adfb7d2e866f8c630d21a6964d4f3a548a0f98c5eca955bd,67662a199ed759f72ceb4277f7014091f1f881750628130bbdcf17e9e665094d,0.07519245147705078,1.2412807941436768,0.5850291616314507,,,sim_knn_k5,0.2559367409168446,-0.18074428943979381
s3_double_cold_4_AttentiveFP,3,AttentiveFP,double_cold,4,COMPLETED,ok,1066,188,170,3.7856242656707764,2.0713379846343996,145,175,0.8162703514099121,19.343000000008033,1429626368,8471a40d23cf84b110994b3e95fb276dde44b5bec94d3318a18c96c514564e66,67662a199ed759f72ceb4277f7014091f1f881750628130bbdcf17e9e665094d,0.28628891706466675,1.0563442707061768,0.7242160311726397,,,sim_knn_k5,0.2559367409168446,0.030352176147822152
s3_double_cold_5_GINE,3,GINE,double_cold,5,COMPLETED,ok,998,176,197,3.9665334224700928,1.9969816671142577,117,147,0.9488865733146667,9.312000000005355,502311424,f1c5d4516cf70dd2ed51e34ab070b7acf99cec52ffad492efac226df3727b0cd,67662a199ed759f72ceb4277f7014091f1f881750628130bbdcf17e9e665094d,0.3260209560394287,1.318835735321045,0.6873762688070142,,,sim_knn_k5,0.323456530578793,0.002564425460635733
s3_double_cold_5_AttentiveFP,3,AttentiveFP,double_cold,5,COMPLETED,ok,998,176,197,3.9665334224700928,1.9969816671142577,184,214,0.8978543281555176,23.422000000005937,1429625344,4225d7ab19f9c1472a63b2f3b956fcd3c7c36474ae4f8aa07013612530dd61cd,67662a199ed759f72ceb4277f7014091f1f881750628130bbdcf17e9e665094d,0.48836976289749146,1.1602667570114136,0.7313679994018091,,,sim_knn_k5,0.323456530578793,0.16491323231869848
s3_double_cold_6_GINE,3,GINE,double_cold,6,COMPLETED,ok,1107,195,159,3.77180814743042,1.9806827770004272,56,86,0.9406743049621582,5.514999999999418,502178304,f5e735adc5db5ed4c0cf046eddc10b7327fe55a9371f83f62b1ca6c0e2b90885,67662a199ed759f72ceb4277f7014091f1f881750628130bbdcf17e9e665094d,0.4070444107055664,1.3014392852783203,0.6967825820541163,,,additive,0.447440726857964,-0.04039631615239758
s3_double_cold_6_AttentiveFP,3,AttentiveFP,double_cold,6,COMPLETED,ok,1107,195,159,3.77180814743042,1.9806827770004272,192,222,0.8958516716957092,23.889999999999418,1429626368,79256b6d2e5c22b5c9f4bb5f92cdd7be54fccb2e41c48cdede2b9c1414a0882b,67662a199ed759f72ceb4277f7014091f1f881750628130bbdcf17e9e665094d,0.4015827178955078,1.2599210739135742,0.6591023593853572,,,additive,0.447440726857964,-0.045858008962456176
s3_double_cold_7_GINE,3,GINE,double_cold,7,COMPLETED,ok,1298,228,76,3.9408321380615234,2.0268619523773195,96,126,0.9624711275100708,7.828000000008615,502313984,aadfa959e2a369659b7f221188bf4fae6c37a70ad1690d47ee11d81352cf7769,67662a199ed759f72ceb4277f7014091f1f881750628130bbdcf17e9e665094d,0.26464056968688965,1.3380078077316284,0.5401167480074917,,,sim_knn_k5,0.2681589951258996,-0.003518425439009931
s3_double_cold_7_AttentiveFP,3,AttentiveFP,double_cold,7,COMPLETED,ok,1298,228,76,3.9408321380615234,2.0268619523773195,279,299,0.9257175922393799,32.48500000000058,1429762048,ad179526a933b6e726d98c42b88ba04d96335e34a83689c43673c088e178a390,67662a199ed759f72ceb4277f7014091f1f881750628130bbdcf17e9e665094d,0.3772091865539551,1.2653210163116455,0.5106563315971511,,,sim_knn_k5,0.2681589951258996,0.1090501914280555
s3_double_cold_8_GINE,3,GINE,double_cold,8,COMPLETED,ok,910,160,232,4.183028221130371,2.0177202687988283,43,73,1.0745972394943237,4.327999999994063,502445568,9f584569bfad31e5a8035828b35b8578461d49846df8ccf7662e26535fb0c6f3,67662a199ed759f72ceb4277f7014091f1f881750628130bbdcf17e9e665094d,0.5214983224868774,1.1181066036224365,0.6764280705010095,,,sim_knn_k5,0.4841248032618563,0.037373519225021135
s3_double_cold_8_AttentiveFP,3,AttentiveFP,double_cold,8,COMPLETED,ok,910,160,232,4.183028221130371,2.0177202687988283,199,229,0.9394502639770508,23.421999999991385,1429893632,b20d3beaad45fbe26acf9d35ba4ebd39d0ddb5b8c2d7adba4147ad638a02414d,67662a199ed759f72ceb4277f7014091f1f881750628130bbdcf17e9e665094d,0.5724554061889648,1.0511258840560913,0.6894915767326997,,,sim_knn_k5,0.4841248032618563,0.08833060292710854
s3_double_cold_9_GINE,3,GINE,double_cold,9,COMPLETED,ok,1263,222,107,3.933743715286255,2.0861971841583253,60,90,0.9705531597137451,5.296999999991385,502581248,bd8b7ac7b92c1283b7f41380de3e9c6d824dffa8b0f518d33296c5ff3da744a6,67662a199ed759f72ceb4277f7014091f1f881750628130bbdcf17e9e665094d,0.13677716255187988,1.4354257583618164,0.5906288804632647,,,sim_knn_k5,0.2622490427434276,-0.1254718801915477
s3_double_cold_9_AttentiveFP,3,AttentiveFP,double_cold,9,COMPLETED,ok,1263,222,107,3.933743715286255,2.0861971841583253,101,131,0.9741153717041016,14.031000000002678,1430029312,6497a2f43276c84701877e7b820c41b55dde2536d1d8eb2d770a234c12a3fdfd,67662a199ed759f72ceb4277f7014091f1f881750628130bbdcf17e9e665094d,0.3040895462036133,1.1989113092422485,0.6450598461588242,,,sim_knn_k5,0.2622490427434276,0.041840503460185696
s3_double_cold_10_GINE,3,GINE,double_cold,10,COMPLETED,ok,1038,183,195,3.752856731414795,2.0125091539154054,88,118,0.8900941610336304,7.546999999991385,502714880,b2461e41a0199bd11d81bf9c81ece1f96a85663778e686c7b262f228129fb948,67662a199ed759f72ceb4277f7014091f1f881750628130bbdcf17e9e665094d,0.4783805012702942,1.1233701705932617,0.6866327768377424,,,additive,0.3272728170124667,0.1511076842578275
s3_double_cold_10_AttentiveFP,3,AttentiveFP,double_cold,10,COMPLETED,ok,1038,183,195,3.752856731414795,2.0125091539154054,99,129,0.8365373015403748,13.735000000000582,1430162944,0a2d7d868985715af3c44d873775567ffe26dadf732adbe6d4404ea6dd3bc090,67662a199ed759f72ceb4277f7014091f1f881750628130bbdcf17e9e665094d,0.3413689136505127,1.2934314012527466,0.6760860338437454,,,additive,0.3272728170124667,0.014096096638046007
s3_double_cold_11_GINE,3,GINE,double_cold,11,COMPLETED,ok,958,168,211,3.8991992473602295,2.0517037378082277,93,123,0.9905010461807251,7.390999999988708,502848000,eeddfe452711579fa2afef701434ced085443db34187abe803389b79384b63c1,67662a199ed759f72ceb4277f7014091f1f881750628130bbdcf17e9e665094d,0.2927011251449585,1.3914505243301392,0.5727741739355702,,,sim_knn_k5,0.3606335583114992,-0.06793243316654068
s3_double_cold_11_AttentiveFP,3,AttentiveFP,double_cold,11,COMPLETED,ok,958,168,211,3.8991992473602295,2.0517037378082277,131,161,0.8936111330986023,16.781000000002678,1430296064,ee1dd2eeb3bc59b624911e9e60b787383199041f6b537c427da99f8704dd9be3,67662a199ed759f72ceb4277f7014091f1f881750628130bbdcf17e9e665094d,-0.010011434555053711,1.3569703102111816,0.6595115792229496,,,sim_knn_k5,0.3606335583114992,-0.3706449928665529
s3_random_0_GINE,3,GINE,random,0,COMPLETED,ok,1621,285,477,3.9548630714416504,2.0460947023162843,49,79,0.9676634073257446,4.717999999993481,502989824,a485b96007c50abb65003bd251d34c82ea8345d69e19b2464bf5e229a27f3be9,67662a199ed759f72ceb4277f7014091f1f881750628130bbdcf17e9e665094d,0.5388716459274292,0.9977145791053772,0.714290464760475,,,sim_knn_k5,0.6123464111266953,-0.0734747651992661
s3_random_0_AttentiveFP,3,AttentiveFP,random,0,COMPLETED,ok,1621,285,477,3.9548630714416504,2.0460947023162843,290,299,0.8043064475059509,31.218999999997322,1430437888,d7da0796b07d95a68e3cb4153cdc13952c01b8afa7bad0a7212c52c91a984203,67662a199ed759f72ceb4277f7014091f1f881750628130bbdcf17e9e665094d,0.6355026960372925,0.8966547846794128,0.7814588818095364,,,sim_knn_k5,0.6123464111266953,0.02315628491059718
s3_random_1_GINE,3,GINE,random,1,COMPLETED,ok,1621,285,477,3.9275426864624023,2.051363991333008,61,91,0.9128104448318481,5.296999999991385,503123968,8da4471d6a016f8491d5cdd915fcfd8bd428b609dcd1792b6315bf037913cb4c,67662a199ed759f72ceb4277f7014091f1f881750628130bbdcf17e9e665094d,0.5787880420684814,0.9617623090744019,0.7836335658147489,,,sim_knn_k5,0.5699506071635461,0.008837434904935382
s3_random_1_AttentiveFP,3,AttentiveFP,random,1,COMPLETED,ok,1621,285,477,3.9275426864624023,2.051363991333008,264,294,0.8166510462760925,31.171999999991385,1430572032,e369922147d3d9c9d3fcbbc26843418cf2536c89781501797ca6bdf4c8878759,67662a199ed759f72ceb4277f7014091f1f881750628130bbdcf17e9e665094d,0.6425289511680603,0.8861721158027649,0.8133547172049572,,,sim_knn_k5,0.5699506071635461,0.07257834400451424
s3_random_2_GINE,3,GINE,random,2,COMPLETED,ok,1621,285,477,3.980396270751953,2.0408037172088624,61,91,0.9540953636169434,5.4689999999973224,503258112,f32f188b791b89a0224e0e3c38e5cec45fff47f7ac75807a151d571003d37a94,67662a199ed759f72ceb4277f7014091f1f881750628130bbdcf17e9e665094d,0.47697287797927856,1.0465893745422363,0.7109944343586296,,,sim_knn_k5,0.5734078227467384,-0.09643494476745984
s3_random_2_AttentiveFP,3,AttentiveFP,random,2,COMPLETED,ok,1621,285,477,3.980396270751953,2.0408037172088624,212,242,0.8709856271743774,26.514999999999418,1430706176,34068cb943515e13f0981013725951bb843bea13c69dedb0e29d93ce7c426a49,67662a199ed759f72ceb4277f7014091f1f881750628130bbdcf17e9e665094d,0.5531363487243652,0.9676738381385803,0.7602368077986024,,,sim_knn_k5,0.5734078227467384,-0.02027147402237317
s3_random_3_GINE,3,GINE,random,3,COMPLETED,ok,1621,286,476,3.980645179748535,2.101447866989136,56,86,0.9981347918510437,4.9060000000026776,503392256,641043454f233946a0568c70537ded68cef6431118094ad6fb7fd88c6383b601,67662a199ed759f72ceb4277f7014091f1f881750628130bbdcf17e9e665094d,0.5365453958511353,0.9888413548469543,0.7451716600058413,,,sim_knn_k5,0.6043297394651699,-0.06778434361403463
s3_random_3_AttentiveFP,3,AttentiveFP,random,3,COMPLETED,ok,1621,286,476,3.980645179748535,2.101447866989136,288,299,0.876127302646637,29.562000000005355,1430840320,797424f5d13ea4e13ec568d31f43e1b46ae8d869687c24b43ce9371986f5ecba,67662a199ed759f72ceb4277f7014091f1f881750628130bbdcf17e9e665094d,0.5967473387718201,0.8700683116912842,0.81377928972202,,,sim_knn_k5,0.6043297394651699,-0.007582400693349811
s3_random_4_GINE,3,GINE,random,4,COMPLETED,ok,1621,286,476,3.998465061187744,2.07348208291626,119,149,0.9115137457847595,4.578000000008615,503526400,c8ce356591fd408d2cc7284882c2145c0eeccbce523f4eed31c47a81f3499356,67662a199ed759f72ceb4277f7014091f1f881750628130bbdcf17e9e665094d,0.5679793357849121,0.9642517566680908,0.7746279604475176,,,sim_knn_k5,0.5760476353820867,-0.008068299597174589
s3_random_4_AttentiveFP,3,AttentiveFP,random,4,COMPLETED,ok,1621,286,476,3.998465061187744,2.07348208291626,247,277,0.851432204246521,16.578000000008615,1430974464,67fa1075603858185af850c1e0048621522ec3e37cef57a70042b9ffa0675543,67662a199ed759f72ceb4277f7014091f1f881750628130bbdcf17e9e665094d,0.6602329015731812,0.8697901368141174,0.8055178084220393,,,sim_knn_k5,0.5760476353820867,0.08418526619109445
s3_host_cold_0_GINE,3,GINE,host_cold,0,COMPLETED,ok,1621,285,477,3.7374649047851562,1.9703830943832397,77,107,0.884847104549408,3.75,503526400,d1402feca67a024b865cac2e6e4c35a8fb7ddc0092a756700bf558095ceb0a51,67662a199ed759f72ceb4277f7014091f1f881750628130bbdcf17e9e665094d,0.32924413681030273,1.3149445056915283,0.653089315806415,,,sim_knn_k5,0.3913989367026259,-0.06215479989232314
s3_host_cold_0_AttentiveFP,3,AttentiveFP,host_cold,0,COMPLETED,ok,1621,285,477,3.7374649047851562,1.9703830943832397,120,150,1.0023279190063477,9.860000000000582,1430974464,4378386365639145d7b9d264e4845cdab8be3c0b3579dcdfe336843dbb3dc7e5,67662a199ed759f72ceb4277f7014091f1f881750628130bbdcf17e9e665094d,0.5220644474029541,1.124829888343811,0.755366263403395,,,sim_knn_k5,0.3913989367026259,0.13066551070032822
s3_host_cold_1_GINE,3,GINE,host_cold,1,COMPLETED,ok,1621,285,477,3.7349178791046143,1.9011469350585937,44,74,0.9444177746772766,4.4060000000026776,503526400,9fcf59eae2d97e08b5157de63244ecc3d588d295486fde8d9ee9b748bb27f07d,67662a199ed759f72ceb4277f7014091f1f881750628130bbdcf17e9e665094d,0.2817382216453552,1.4321097135543823,0.6279482305442202,,,sim_knn_k5,0.2067975679170346,0.07494065372832062
s3_host_cold_1_AttentiveFP,3,AttentiveFP,host_cold,1,COMPLETED,ok,1621,285,477,3.7349178791046143,1.9011469350585937,115,145,0.9315358996391296,16.453000000008615,1430974464,a550a5067f08913d8bfe8f5acf71584871f59eff1a05c94f88e8a33f5968c33f,67662a199ed759f72ceb4277f7014091f1f881750628130bbdcf17e9e665094d,0.3120453953742981,1.3672542572021484,0.6466082470417881,,,sim_knn_k5,0.2067975679170346,0.1052478274572635
s3_host_cold_2_GINE,3,GINE,host_cold,2,COMPLETED,ok,1621,285,477,4.176048755645752,2.104204224182129,61,91,0.9812143445014954,5.312000000005355,503660544,d19e552b3523fc4d8952554de016a817efc75698a11edf013874b5cc02614240,67662a199ed759f72ceb4277f7014091f1f881750628130bbdcf17e9e665094d,0.35632920265197754,0.9435561299324036,0.5773857296879273,,,sim_knn_k5,0.420724432791717,-0.06439523013973947
s3_host_cold_2_AttentiveFP,3,AttentiveFP,host_cold,2,COMPLETED,ok,1621,285,477,4.176048755645752,2.104204224182129,293,299,0.8356472253799438,31.702999999994063,1430974464,9c4df6d073fe3249ad28717458449a51e45992861c83edd9f73fe29c612f187d,67662a199ed759f72ceb4277f7014091f1f881750628130bbdcf17e9e665094d,0.4902538061141968,0.8168840408325195,0.5922014913284736,,,sim_knn_k5,0.420724432791717,0.06952937332247977
s3_host_cold_3_GINE,3,GINE,host_cold,3,COMPLETED,ok,1621,286,476,3.950103759765625,2.1435451970825197,114,144,0.9197008013725281,8.296999999991385,503660544,553d1ffe262c26ff26c370fed1af35394680391e2e33cac417f2a2a28d757662,67662a199ed759f72ceb4277f7014091f1f881750628130bbdcf17e9e665094d,0.3345922827720642,1.078468918800354,0.6406192124154395,,,sim_knn_k5,0.2620556816445356,0.07253660112752863
s3_host_cold_3_AttentiveFP,3,AttentiveFP,host_cold,3,COMPLETED,ok,1621,286,476,3.950103759765625,2.1435451970825197,146,176,0.9243072271347046,18.73399999999674,1431108608,48a9c7a052ff2ea8a02a19c63555fb07e89eddee965b6af2c1680056c6b16132,67662a199ed759f72ceb4277f7014091f1f881750628130bbdcf17e9e665094d,0.42246246337890625,1.0159854888916016,0.7305287651119478,,,sim_knn_k5,0.2620556816445356,0.16040678173437067
s3_host_cold_4_GINE,3,GINE,host_cold,4,COMPLETED,ok,1621,286,476,4.155818462371826,2.1327484117279054,51,81,0.8779335021972656,4.75,503794688,3998800f5760302842c4e51ef9c1aade9aa0aa031968c247f77bd01dc50e8637,67662a199ed759f72ceb4277f7014091f1f881750628130bbdcf17e9e665094d,-0.6233794689178467,1.426277995109558,0.35836059326058034,,,guest_only_RF,-0.0902538766468918,-0.5331255922709549
s3_host_cold_4_AttentiveFP,3,AttentiveFP,host_cold,4,COMPLETED,ok,1621,286,476,4.155818462371826,2.1327484117279054,262,292,0.7540722489356995,30.811999999990803,1431242752,506683f36d61500d6e3810f448ee30902aee63b6d512c14f74566d7a71451f28,67662a199ed759f72ceb4277f7014091f1f881750628130bbdcf17e9e665094d,-0.18462061882019043,1.2482609748840332,0.40259912619041927,,,guest_only_RF,-0.0902538766468918,-0.09436674217329863
s3_guest_cold_0_GINE,3,GINE,guest_cold,0,COMPLETED,ok,1621,285,477,3.926903009414673,2.082675026489258,105,135,0.9182602167129517,7.85899999999674,503928832,9977179642fb9c76488397fc85ef49e04c354446112312674252e7e2d9fd2fe8,67662a199ed759f72ceb4277f7014091f1f881750628130bbdcf17e9e665094d,0.4866313338279724,1.0735594034194946,0.7199022011629486,,,sim_knn_k5,0.5280136255698709,-0.04138229174189845
s3_guest_cold_0_AttentiveFP,3,AttentiveFP,guest_cold,0,COMPLETED,ok,1621,285,477,3.926903009414673,2.082675026489258,293,299,0.8647483587265015,32.04700000000594,1431376896,e8934aaeff628f6f8db402ea1d3758f35fbb7b311c02e91d585258b61d622bfd,67662a199ed759f72ceb4277f7014091f1f881750628130bbdcf17e9e665094d,0.6469581127166748,0.9099501371383667,0.7676731024563344,,,sim_knn_k5,0.5280136255698709,0.11894448714680395
s3_guest_cold_1_GINE,3,GINE,guest_cold,1,COMPLETED,ok,1621,285,477,3.9311342239379883,1.9779018626937865,62,92,1.0522865056991577,5.453000000008615,504062976,7eb415903a006aeebbcaac65890bc665c551e8487d93862f294776e0861a0a0e,67662a199ed759f72ceb4277f7014091f1f881750628130bbdcf17e9e665094d,0.6180015206336975,1.0013587474822998,0.7403304737017445,,,sim_knn_k5,0.6007852753345126,0.017216245299184862
s3_guest_cold_1_AttentiveFP,3,AttentiveFP,guest_cold,1,COMPLETED,ok,1621,285,477,3.9311342239379883,1.9779018626937865,298,299,0.87406986951828,41.46799999999348,1431511040,49ab84d786819ffef9844001c5cef7152e3a436dc48e65229326f8cc11034eaf,67662a199ed759f72ceb4277f7014091f1f881750628130bbdcf17e9e665094d,0.6590105295181274,0.9352054595947266,0.777419673722277,,,sim_knn_k5,0.6007852753345126,0.058225254183614794
s3_guest_cold_2_GINE,3,GINE,guest_cold,2,COMPLETED,ok,1621,285,477,3.96014404296875,2.039321468902588,68,98,0.9906783699989319,5.8289999999979045,504197120,ab5b7e055496c4f7b35f44bce6fd98f33373eabe81f5aaec75f48857d03376ad,67662a199ed759f72ceb4277f7014091f1f881750628130bbdcf17e9e665094d,0.5597591400146484,1.0336979627609253,0.7594947937160614,,,sim_knn_k5,0.5702260958689317,-0.010466955854283255
s3_guest_cold_2_AttentiveFP,3,AttentiveFP,guest_cold,2,COMPLETED,ok,1621,285,477,3.96014404296875,2.039321468902588,187,217,0.9757418632507324,24.25,1431645184,4ed33edf9b61a554bb55253f76be30e99c2486ff6577069ff7ac92536de33853,67662a199ed759f72ceb4277f7014091f1f881750628130bbdcf17e9e665094d,0.6077438592910767,0.9719523787498474,0.7958526159642653,,,sim_knn_k5,0.5702260958689317,0.03751776342214497
s3_guest_cold_3_GINE,3,GINE,guest_cold,3,COMPLETED,ok,1621,286,476,3.9603278636932373,2.0811202989349367,48,78,0.930594801902771,4.546999999991385,504331264,cee9430901d0a6942c868a6c5838c5261eb20dee6fe0cb0061c5b27a1144ac7c,67662a199ed759f72ceb4277f7014091f1f881750628130bbdcf17e9e665094d,0.4853573441505432,1.0107238292694092,0.6933154272059251,,,sim_knn_k5,0.4740012481955857,0.011356095954957512
s3_guest_cold_3_AttentiveFP,3,AttentiveFP,guest_cold,3,COMPLETED,ok,1621,286,476,3.9603278636932373,2.0811202989349367,172,202,0.8382251262664795,22.812999999994645,1431779328,7d10e9ef37dfcb8d541d2513f79a69c218303e01175fc14fdc666d93cba08439,67662a199ed759f72ceb4277f7014091f1f881750628130bbdcf17e9e665094d,0.5716844201087952,0.9191286563873291,0.7863880360962338,,,sim_knn_k5,0.4740012481955857,0.09768317191320947
s3_guest_cold_4_GINE,3,GINE,guest_cold,4,COMPLETED,ok,1621,286,476,3.9754300117492676,2.0573564039001466,76,106,0.9627243876457214,6.264999999999418,504465408,47b92f9e71a91efcb0d468c4afd9e564cb2a5a5544e5fcc327ce9c6c2046f8d0,67662a199ed759f72ceb4277f7014091f1f881750628130bbdcf17e9e665094d,0.38740772008895874,1.0322812795639038,0.7091128204787123,,,sim_knn_k5,0.4789324197468604,-0.09152469965790166
s3_guest_cold_4_AttentiveFP,3,AttentiveFP,guest_cold,4,COMPLETED,ok,1621,286,476,3.9754300117492676,2.0573564039001466,219,249,0.8994279503822327,26.812000000005355,1431913472,1481b6b6e4dc3de3df102dbd61cb03dfda192da45611159ea1c34d5741ed573e,67662a199ed759f72ceb4277f7014091f1f881750628130bbdcf17e9e665094d,0.5686162710189819,0.8609415292739868,0.7623503530577468,,,sim_knn_k5,0.4789324197468604,0.08968385127212153
s3_family_cold_calixarene_GINE,3,GINE,family_cold,calixarene,COMPLETED,ok,1570,277,536,4.063196182250977,2.1392071710357667,111,141,0.9689163565635681,8.21799999999348,504600064,fde390d2c5bd7427b102a9f2d9c7a93b06f41e44d92443cf9cd3ba6210c2057d,67662a199ed759f72ceb4277f7014091f1f881750628130bbdcf17e9e665094d,-0.29730427265167236,1.4305187463760376,0.48561279308934713,0.5409371881113129,-0.8982596397399902,guest_only_RF,0.2712010292358366,-0.568505301887509
s3_family_cold_calixarene_AttentiveFP,3,AttentiveFP,family_cold,calixarene,COMPLETED,ok,1570,277,536,4.063196182250977,2.1392071710357667,168,198,0.9999557137489319,20.23399999999674,1432048128,58d6f8608642981dd00ecfadf12b2f4c96e303804522b15eb40e16ea63b50f06,67662a199ed759f72ceb4277f7014091f1f881750628130bbdcf17e9e665094d,0.35880333185195923,0.952470600605011,0.6549293738662791,0.7873632038876834,0.394589900970459,guest_only_RF,0.2712010292358366,0.08760230261612262
s3_family_cold_cavitand_GINE,3,GINE,family_cold,cavitand,COMPLETED,NO_CONCLUSION_small,1959,345,79,3.9966161251068115,2.093548344207764,51,81,0.8492907881736755,4.625,504735232,77f039004cb0af146f15aedb3febfbf09031dbed7db9e4c5037dd1d18ce87125,67662a199ed759f72ceb4277f7014091f1f881750628130bbdcf17e9e665094d,-0.3106849193572998,1.5083074569702148,0.09958617332035055,0.4389793856532928,0.8299758434295654,cond_only_RF,0.1569820062994044,-0.4676669256567042
s3_family_cold_cavitand_AttentiveFP,3,AttentiveFP,family_cold,cavitand,COMPLETED,NO_CONCLUSION_small,1959,345,79,3.9966161251068115,2.093548344207764,180,210,0.8094884157180786,21.687999999994645,1432183296,1adfad3fdaeac7aa2a42c34c220d8f3b5c720003db6c7af73596b6bb4d152cf6,67662a199ed759f72ceb4277f7014091f1f881750628130bbdcf17e9e665094d,-0.4700106382369995,1.5879125595092773,0.300462512171373,0.5051338589792652,1.073361873626709,cond_only_RF,0.1569820062994044,-0.6269926445364039
s3_family_cold_crown_ether_GINE,3,GINE,family_cold,crown_ether,COMPLETED,NO_CONCLUSION_small,2012,354,17,3.948683738708496,2.027746246887207,45,75,0.968646228313446,4.389999999999418,504869376,e5b6b7c621c4c4519e0fb3afce7496d0ea7f5fddc1e99cfa60be81d1f710020f,67662a199ed759f72ceb4277f7014091f1f881750628130bbdcf17e9e665094d,0.09430718421936035,0.8482411503791809,0.5191788915506049,0.8737472627059287,-0.39075541496276855,guest_only_RF,-1.0638170490861247,1.158124233305485
s3_family_cold_crown_ether_AttentiveFP,3,AttentiveFP,family_cold,crown_ether,COMPLETED,NO_CONCLUSION_small,2012,354,17,3.948683738708496,2.027746246887207,244,274,0.827933132648468,29.312000000005355,1432317440,cadf6ba4725bf6f41cebc56a22a220cdf131c4511ed2373ffde16860840bcdd1,67662a199ed759f72ceb4277f7014091f1f881750628130bbdcf17e9e665094d,-0.6798841953277588,1.195769190788269,0.4926168145284173,0.5414580053227698,-0.9983131885528564,guest_only_RF,-1.0638170490861247,0.38393285375836594
s3_family_cold_cucurbituril_GINE,3,GINE,family_cold,cucurbituril,COMPLETED,ok,1403,247,733,3.427642822265625,1.652566598487854,121,151,0.7004486918449402,8.687000000005355,504865280,1170b9df3b22c4377f4890528753c4b1aaeab5a2a97d56ab92ecd6a693fbd7e9,67662a199ed759f72ceb4277f7014091f1f881750628130bbdcf17e9e665094d,-0.45218122005462646,2.1335396766662598,0.042637015218691135,-0.0001841925152231524,1.291572093963623,additive,-0.0558143147782808,-0.39636690527634566
s3_family_cold_cucurbituril_AttentiveFP,3,AttentiveFP,family_cold,cucurbituril,COMPLETED,ok,1403,247,733,3.427642822265625,1.652566598487854,287,299,0.6927530169487,30.264999999999418,1432313344,2e499804533b58625446cdf3fa609591d5eb004a1deec251f064223ee1fdce15,67662a199ed759f72ceb4277f7014091f1f881750628130bbdcf17e9e665094d,-0.12612402439117432,1.8481435775756836,0.2919138592106579,0.668787158984769,0.9440698623657227,additive,-0.0558143147782808,-0.07030970961289351
s3_family_cold_cyclodextrin_GINE,3,GINE,family_cold,cyclodextrin,COMPLETED,ok,1727,304,352,4.186631679534912,2.0969768033752443,72,102,0.8613782525062561,5.76600000000326,505002496,1d672a0fcd703844f2979b64eaf912097f043d6bfb54a77935d46ba294cff58e,67662a199ed759f72ceb4277f7014091f1f881750628130bbdcf17e9e665094d,-0.9935818910598755,1.2714344263076782,0.4712143778131604,0.4678386342502139,-1.0813014507293701,cond_only_RF,-2.394659256933538,1.4010773658736624
s3_family_cold_cyclodextrin_AttentiveFP,3,AttentiveFP,family_cold,cyclodextrin,COMPLETED,ok,1727,304,352,4.186631679534912,2.0969768033752443,288,299,0.7872093915939331,30.0,1432450560,93757c2a634daecebe2f81d823f5425dd479b488110767eb038215171d089426,67662a199ed759f72ceb4277f7014091f1f881750628130bbdcf17e9e665094d,-0.7466089725494385,1.2185755968093872,0.38750181594509814,0.3346445431162321,0.4292621612548828,cond_only_RF,-2.394659256933538,1.6480502843840994
s3_family_cold_cyclophane_GINE,3,GINE,family_cold,cyclophane,COMPLETED,NO_CONCLUSION_small,2002,353,28,3.9499711990356445,2.0833645330200197,66,96,0.8609206080436707,5.577999999994063,505137664,e32cd6d7bea7b3c1b42661838110f26c733c7266bb45844676ef574f64713f38,67662a199ed759f72ceb4277f7014091f1f881750628130bbdcf17e9e665094d,0.5199595093727112,0.6399338841438293,0.6847591835705394,0.7722504958746049,-0.04959583282470703,host_only_RF,0.2660526087905975,0.2539069005821137
s3_family_cold_cyclophane_AttentiveFP,3,AttentiveFP,family_cold,cyclophane,COMPLETED,NO_CONCLUSION_small,2002,353,28,3.9499711990356445,2.0833645330200197,297,299,0.7887699604034424,31.468999999997322,1432585728,81322eba167da5b8a3a4445d4bff27279072af55f550529352d729688c0b8428,67662a199ed759f72ceb4277f7014091f1f881750628130bbdcf17e9e665094d,0.040212273597717285,0.802176296710968,0.7099784969766602,0.5940962492662882,-0.4754190444946289,host_only_RF,0.2660526087905975,-0.22584033519288021
s3_family_cold_other_GINE,3,GINE,family_cold,other,COMPLETED,ok,1532,270,581,4.135866641998291,2.0882111058959962,52,82,0.931471049785614,4.828000000008615,505269760,ae2b2e45388658bafec93796b05b3d78fff79709ab17d1e10a3d5eb0b52169e6,67662a199ed759f72ceb4277f7014091f1f881750628130bbdcf17e9e665094d,-0.3150005340576172,1.59748375415802,0.2567427478251429,0.3353194876542769,-0.6297426223754883,host_only_RF,-0.1251993771007593,-0.1898011569568579
s3_family_cold_other_AttentiveFP,3,AttentiveFP,family_cold,other,COMPLETED,ok,1532,270,581,4.135866641998291,2.0882111058959962,293,299,0.8270177841186523,30.844000000011874,1432717824,26ebb93b4e09d4161fe6bc3aba3ff5f01e6d391a787c59ba3a26398a7d01d750,67662a199ed759f72ceb4277f7014091f1f881750628130bbdcf17e9e665094d,0.0537070631980896,1.2872602939605713,0.4298734819220896,0.5507025955946837,-0.12686824798583984,host_only_RF,-0.1251993771007593,0.1789064402988489
s3_family_cold_pillararene_GINE,3,GINE,family_cold,pillararene,COMPLETED,NO_CONCLUSION_small,1978,348,57,3.886035680770874,2.0106459127197267,53,83,0.9634929895401001,4.985000000000582,505405952,318c48d41e6a25688b9f154d7bc334939c65a3dc0c741151a2c53561082632ce,67662a199ed759f72ceb4277f7014091f1f881750628130bbdcf17e9e665094d,-6.604010105133057,2.52791428565979,-0.01928405907414234,0.014492614660465065,2.505746841430664,additive,-1.878371244793798,-4.7256388603392585
s3_family_cold_pillararene_AttentiveFP,3,AttentiveFP,family_cold,pillararene,COMPLETED,NO_CONCLUSION_small,1978,348,57,3.886035680770874,2.0106459127197267,203,233,0.9032782316207886,24.703000000008615,1432854016,c1a0081d5043790b5dccbb0c992de8604885ccee196cdc1a7b0c77f98a7e0641,67662a199ed759f72ceb4277f7014091f1f881750628130bbdcf17e9e665094d,-1.978623390197754,1.5747838020324707,0.42849503364577457,0.29788653671433957,1.0611486434936523,additive,-1.878371244793798,-0.100252145403956
s4_double_cold_0_GINE,4,GINE,double_cold,0,COMPLETED,ok,1224,215,100,4.012487888336182,2.0179996953735353,43,73,0.9688572287559509,4.547000000005937,505532416,af225616d693adb35f7b2d2c3fd5cdba19d4cbd1bfec4b2d3d466a368f0464bd,67662a199ed759f72ceb4277f7014091f1f881750628130bbdcf17e9e665094d,-0.668891191482544,1.6389410495758057,0.23057165874040372,,,cond_only_RF,0.1026759126875656,-0.7715671041701095
s4_double_cold_0_AttentiveFP,4,AttentiveFP,double_cold,0,COMPLETED,ok,1224,215,100,4.012487888336182,2.0179996953735353,203,233,0.9010258316993713,24.10899999999674,1432980480,f1e196227fde417600f94894538a6490fa05e553c9c10fe041c1eaca596f604f,67662a199ed759f72ceb4277f7014091f1f881750628130bbdcf17e9e665094d,-0.7982317209243774,1.5812853574752808,0.38921977891517384,,,cond_only_RF,0.1026759126875656,-0.900907633611943
s4_double_cold_1_GINE,4,GINE,double_cold,1,COMPLETED,ok,1154,203,128,3.837301254272461,1.9735521541366576,148,178,0.919466495513916,5.437999999994645,505666560,cb2bbdb52c8319974bcb8c0a5e3de385aa719bcf18cc6120347d953f8b583301,67662a199ed759f72ceb4277f7014091f1f881750628130bbdcf17e9e665094d,0.34901636838912964,1.2528398036956787,0.5321274167280358,,,guest_only_RF,0.3027033950729492,0.04631297331618045
s4_double_cold_1_AttentiveFP,4,AttentiveFP,double_cold,1,COMPLETED,ok,1154,203,128,3.837301254272461,1.9735521541366576,262,292,0.819111168384552,17.452999999994063,1433114624,667c97d0a3c00a17b45228b05081a07331146057f7ab2328e99d9d0ddd904ddc,67662a199ed759f72ceb4277f7014091f1f881750628130bbdcf17e9e665094d,0.330829918384552,1.2245662212371826,0.6195840332079912,,,guest_only_RF,0.3027033950729492,0.028126523311602813
s4_double_cold_2_GINE,4,GINE,double_cold,2,COMPLETED,ok,899,158,244,4.11893367767334,2.0528798566589357,88,118,1.0006545782089233,4.467999999993481,505799168,c2e20261f96a97875bb7d566ec2eb8c7c42f6829a525a55420cf1ba20991f707,67662a199ed759f72ceb4277f7014091f1f881750628130bbdcf17e9e665094d,0.3414948582649231,1.1962260007858276,0.5685472179948758,,,host_only_RF,0.2990313556734378,0.04246350259148529
s4_double_cold_2_AttentiveFP,4,AttentiveFP,double_cold,2,COMPLETED,ok,899,158,244,4.11893367767334,2.0528798566589357,114,144,0.9667878150939941,9.437999999994645,1433247232,da9210b842b096af22f978b1cde10c7cbdd3d74be1a1360c1f77af2caf3a1d82,67662a199ed759f72ceb4277f7014091f1f881750628130bbdcf17e9e665094d,0.40627819299697876,1.113311767578125,0.6167540818942553,,,host_only_RF,0.2990313556734378,0.10724683732354096
s4_double_cold_3_GINE,4,GINE,double_cold,3,COMPLETED,ok,1165,205,165,4.10495662689209,2.1441717611083986,56,86,1.0128933191299438,3.577999999994063,505935360,6a635b6423e30062f67c626ff08d95afb96c2d11faf44359ff82f7559c8b8df6,67662a199ed759f72ceb4277f7014091f1f881750628130bbdcf17e9e665094d,-0.06136143207550049,1.1327624320983887,0.5344324724954668,,,host_only_RF,0.0625537420182714,-0.12391517409377188
s4_double_cold_3_AttentiveFP,4,AttentiveFP,double_cold,3,COMPLETED,ok,1165,205,165,4.10495662689209,2.1441717611083986,73,103,1.0777291059494019,7.85899999999674,1433383424,75335a0f95709ac27a22508482fa891d0982445099b5900814e09bc59fca877e,67662a199ed759f72ceb4277f7014091f1f881750628130bbdcf17e9e665094d,0.29048579931259155,0.8995373249053955,0.6038887356609028,,,host_only_RF,0.0625537420182714,0.22793205729432015
s4_double_cold_4_GINE,4,GINE,double_cold,4,COMPLETED,ok,1066,188,170,3.8161025047302246,2.1390073762664796,58,88,1.0966464281082153,3.25,506068480,84d27ce5f870e099210ff44312b9a46cd629f8ca38d45cc9f66ec5e120af64ef,67662a199ed759f72ceb4277f7014091f1f881750628130bbdcf17e9e665094d,0.280780553817749,1.1349108219146729,0.6290021293396312,,,sim_knn_k5,0.2559367409168446,0.024843812900904427
s4_double_cold_4_AttentiveFP,4,AttentiveFP,double_cold,4,COMPLETED,ok,1066,188,170,3.8161025047302246,2.1390073762664796,64,94,1.0771220922470093,5.85899999999674,1433516544,0480da884b132db4a2cce8acaaceea39cceeb09276b04f9c21d9b4a65428b3e6,67662a199ed759f72ceb4277f7014091f1f881750628130bbdcf17e9e665094d,0.3999260663986206,1.0418757200241089,0.7180423510791845,,,sim_knn_k5,0.2559367409168446,0.143989325481776
s4_double_cold_5_GINE,4,GINE,double_cold,5,COMPLETED,ok,998,176,197,3.9891200065612793,1.9798217283020019,95,125,0.9303363561630249,4.51600000000326,506201600,74792539fdb4cf0e7d22576e9f6c6280d6dd93205a3bb19e9f12cf65b2f4b670,67662a199ed759f72ceb4277f7014091f1f881750628130bbdcf17e9e665094d,0.42114847898483276,1.220279574394226,0.7127052051087344,,,sim_knn_k5,0.323456530578793,0.09769194840603979
s4_double_cold_5_AttentiveFP,4,AttentiveFP,double_cold,5,COMPLETED,ok,998,176,197,3.9891200065612793,1.9798217283020019,297,299,0.8352184295654297,19.485000000000582,1433515520,df17d48e4ed3012c4621e2616dffd81f4dbc5a01822920d52fe7068229f4e33f,67662a199ed759f72ceb4277f7014091f1f881750628130bbdcf17e9e665094d,0.4185725450515747,1.2173073291778564,0.7140136636379504,,,sim_knn_k5,0.323456530578793,0.09511601447278173
s4_double_cold_6_GINE,4,GINE,double_cold,6,COMPLETED,ok,1107,195,159,3.8125274181365967,1.9593370424041747,83,113,0.9717963933944702,4.60899999999674,506202624,082a8f844fa2c740fa589c4b4ece699922869a88f871fedf7b0f1143d35054f6,67662a199ed759f72ceb4277f7014091f1f881750628130bbdcf17e9e665094d,0.16333234310150146,1.5198308229446411,0.4840181490772961,,,additive,0.447440726857964,-0.2841083837564625
s4_double_cold_6_AttentiveFP,4,AttentiveFP,double_cold,6,COMPLETED,ok,1107,195,159,3.8125274181365967,1.9593370424041747,73,103,1.078208565711975,6.921999999991385,1433650688,b4362d17562907856ee571de35cb0ef2a25e367cbc3e83551b0fc7faa3f9434e,67662a199ed759f72ceb4277f7014091f1f881750628130bbdcf17e9e665094d,0.40479224920272827,1.2881627082824707,0.6607787277419461,,,additive,0.447440726857964,-0.04264847765523572
s4_double_cold_7_GINE,4,GINE,double_cold,7,COMPLETED,ok,1298,228,76,3.9568228721618652,2.049871252609253,74,104,0.9182626605033875,4.0310000000026776,506338304,07dfaaf2cdd9011484e4bce20be3dd36f56eecd955bd9e401a3f58b7b029e553,67662a199ed759f72ceb4277f7014091f1f881750628130bbdcf17e9e665094d,0.1569804549217224,1.4556242227554321,0.454103638499436,,,sim_knn_k5,0.2681589951258996,-0.11117854020417717
s4_double_cold_7_AttentiveFP,4,AttentiveFP,double_cold,7,COMPLETED,ok,1298,228,76,3.9568228721618652,2.049871252609253,50,80,1.039023995399475,5.078000000008615,1433786368,e6d48d95ec428a18b10963c1602787c1c71f402ebe6967638acecd23fb9ed030,67662a199ed759f72ceb4277f7014091f1f881750628130bbdcf17e9e665094d,0.3957591652870178,1.2387359142303467,0.5902786796859635,,,sim_knn_k5,0.2681589951258996,0.12760017016111824
s4_double_cold_8_GINE,4,GINE,double_cold,8,COMPLETED,ok,910,160,232,4.179230690002441,2.022663162780762,39,69,1.0456202030181885,2.4839999999967404,506469888,cdeffc7f91a2c699bebc68c35c1f501e840ba31aab1f662dd37662172aac14b1,67662a199ed759f72ceb4277f7014091f1f881750628130bbdcf17e9e665094d,0.5207201242446899,1.1252870559692383,0.674108990876403,,,sim_knn_k5,0.4841248032618563,0.036595320982833635
s4_double_cold_8_AttentiveFP,4,AttentiveFP,double_cold,8,COMPLETED,ok,910,160,232,4.179230690002441,2.022663162780762,190,220,0.9697723388671875,13.436999999990803,1433783808,92c508789e3d5d60a29fd7f064773950561763aee1e39f169ffb95f15ae57d52,67662a199ed759f72ceb4277f7014091f1f881750628130bbdcf17e9e665094d,0.506015419960022,1.1875356435775757,0.6639598969802297,,,sim_knn_k5,0.4841248032618563,0.021890616698165666
s4_double_cold_9_GINE,4,GINE,double_cold,9,COMPLETED,ok,1263,222,107,3.941307783126831,2.0945682988891603,105,135,0.9295028448104858,4.8439999999973224,506471424,3a9fd634a6eadda311e36b7b68e5f814c27247f857935154518262c7255f627c,67662a199ed759f72ceb4277f7014091f1f881750628130bbdcf17e9e665094d,0.2876669764518738,1.2456415891647339,0.6046284934904343,,,sim_knn_k5,0.2622490427434276,0.025417933708446194
s4_double_cold_9_AttentiveFP,4,AttentiveFP,double_cold,9,COMPLETED,ok,1263,222,107,3.941307783126831,2.0945682988891603,202,232,0.8648538589477539,14.062999999994645,1433919488,7e548fd7dccbb90bc1b237997cf5c95d3ae3d9d06b7b85bffcf038113aef73dc,67662a199ed759f72ceb4277f7014091f1f881750628130bbdcf17e9e665094d,0.36783283948898315,1.1879397630691528,0.6889886528864861,,,sim_knn_k5,0.2622490427434276,0.10558379674555557
s4_double_cold_10_GINE,4,GINE,double_cold,10,COMPLETED,ok,1038,183,195,3.7305665016174316,1.9861067996749877,33,63,1.0090768337249756,2.25,506470912,4e23574db13ba396da4bde6a198883fee8f8266b50c1acad303a06c48cb52a75,67662a199ed759f72ceb4277f7014091f1f881750628130bbdcf17e9e665094d,0.37198764085769653,1.2252856492996216,0.7113024359730662,,,additive,0.3272728170124667,0.044714823845229845
s4_double_cold_10_AttentiveFP,4,AttentiveFP,double_cold,10,COMPLETED,ok,1038,183,195,3.7305665016174316,1.9861067996749877,145,175,0.9116554260253906,10.561999999990803,1433918976,eee11d068fa3f9e22b0c3a6124c8bba4376b53b97f237245e7499527415828ca,67662a199ed759f72ceb4277f7014091f1f881750628130bbdcf17e9e665094d,0.4317275881767273,1.19389009475708,0.6878406531315666,,,additive,0.3272728170124667,0.1044547711642606
s4_double_cold_11_GINE,4,GINE,double_cold,11,COMPLETED,ok,958,168,211,3.8990488052368164,2.013607309890747,230,260,0.7157816290855408,9.531000000002678,506469888,6d56f9205732babcd3f30412c2b60f97126fc29cc5d211037c473ee4d3e90fbb,67662a199ed759f72ceb4277f7014091f1f881750628130bbdcf17e9e665094d,0.32959669828414917,1.347611427307129,0.6525301231955032,,,sim_knn_k5,0.3606335583114992,-0.03103686002735001
s4_double_cold_11_AttentiveFP,4,AttentiveFP,double_cold,11,COMPLETED,ok,958,168,211,3.8990488052368164,2.013607309890747,246,276,0.7146539092063904,17.343000000008033,1429088768,aafb2cbfcfa7e54382a3f0bf44227db92e3302c37e91de4e0d14bad1dfed70d4,67662a199ed759f72ceb4277f7014091f1f881750628130bbdcf17e9e665094d,0.3139626979827881,1.3391345739364624,0.6832446972609915,,,sim_knn_k5,0.3606335583114992,-0.046670860328711095
s4_random_0_GINE,4,GINE,random,0,COMPLETED,ok,1621,285,477,3.8907618522644043,2.005312727523804,43,73,1.0178176164627075,2.547000000005937,501782528,450dffb071a5ff13b02e744ccab9473ba4401d61bcb2c2dec1561b9a440bee1f,67662a199ed759f72ceb4277f7014091f1f881750628130bbdcf17e9e665094d,0.4967767596244812,1.0787566900253296,0.6926363704399238,,,sim_knn_k5,0.6123464111266953,-0.1155696515022141
s4_random_0_AttentiveFP,4,AttentiveFP,random,0,COMPLETED,ok,1621,285,477,3.8907618522644043,2.005312727523804,217,247,1.0258527994155884,15.25,1429230592,27d1a6b9bab858d6704d7d3bc73bd671f66f7a834041c4af6fae6c697daf0fe1,67662a199ed759f72ceb4277f7014091f1f881750628130bbdcf17e9e665094d,0.5704941749572754,0.9610623717308044,0.7351073586834738,,,sim_knn_k5,0.6123464111266953,-0.04185223616941991
s4_random_1_GINE,4,GINE,random,1,COMPLETED,ok,1621,285,477,3.879464626312256,2.018965767456055,61,91,0.9989455342292786,3.4530000000086147,501916672,9e0bb46cdc9140eb954282fb938b0cdcdcc5c99b24be010cbf759c8e24119c95,67662a199ed759f72ceb4277f7014091f1f881750628130bbdcf17e9e665094d,0.5485364198684692,1.0175855159759521,0.7757409845165235,,,sim_knn_k5,0.5699506071635461,-0.021414187295076825
s4_random_1_AttentiveFP,4,AttentiveFP,random,1,COMPLETED,ok,1621,285,477,3.879464626312256,2.018965767456055,282,299,0.9177853465080261,19.39100000000326,1429364736,bad813078065b104b30123e19fb0dff953a2c54c89fa8f71d98e3e86a9b99002,67662a199ed759f72ceb4277f7014091f1f881750628130bbdcf17e9e665094d,0.6624978184700012,0.8685693740844727,0.8241208843014568,,,sim_knn_k5,0.5699506071635461,0.09254721130645516
s4_random_2_GINE,4,GINE,random,2,COMPLETED,ok,1621,285,477,3.9458303451538086,2.017737911773682,85,115,0.9405068159103394,3.7189999999973224,502050816,d02aaf927cd7b6e970d92df07e48b888b3d940670613d4bf336b431e9bd8e024,67662a199ed759f72ceb4277f7014091f1f881750628130bbdcf17e9e665094d,0.5666897296905518,0.9745675325393677,0.762833530503769,,,sim_knn_k5,0.5734078227467384,-0.006718093056186647
s4_random_2_AttentiveFP,4,AttentiveFP,random,2,COMPLETED,ok,1621,285,477,3.9458303451538086,2.017737911773682,250,280,0.8506609797477722,15.5,1429498880,a25377bbd7db53219a8b365e46871e2d976fb01926c8ae885aab09fcc829e9d0,67662a199ed759f72ceb4277f7014091f1f881750628130bbdcf17e9e665094d,0.5427663326263428,0.9697045087814331,0.7584886032570702,,,sim_knn_k5,0.5734078227467384,-0.03064149012039563
s4_random_3_GINE,4,GINE,random,3,COMPLETED,ok,1621,286,476,3.942903995513916,2.059120462966919,68,98,0.9685552716255188,5.89100000000326,502184960,852088a5bbd89430f4e2a0fa02ed94237dbb83e85558c060600a6c253e906d85,67662a199ed759f72ceb4277f7014091f1f881750628130bbdcf17e9e665094d,0.5180487036705017,0.986549437046051,0.7603479714931209,,,sim_knn_k5,0.6043297394651699,-0.08628103579466817
s4_random_3_AttentiveFP,4,AttentiveFP,random,3,COMPLETED,ok,1621,286,476,3.942903995513916,2.059120462966919,282,299,0.8773865699768066,29.031000000002678,1429633024,de4cd32cfb55892a6a1f2c3c44938d48bc5bf11a861fbc37dcaf7d78f5a6bd2c,67662a199ed759f72ceb4277f7014091f1f881750628130bbdcf17e9e665094d,0.608555793762207,0.8614341616630554,0.8062846028349907,,,sim_knn_k5,0.6043297394651699,0.004226054297037152
s4_random_4_GINE,4,GINE,random,4,COMPLETED,ok,1621,286,476,3.9526073932647705,2.03427629335022,81,111,0.9825587868690491,5.889999999999418,502319104,12955462c5f6d56fb0fd7da4730fcb3fa8e30dedbdc465e1c089a2d95cfdc84e,67662a199ed759f72ceb4277f7014091f1f881750628130bbdcf17e9e665094d,0.5928915739059448,0.9458434581756592,0.7519518498962645,,,sim_knn_k5,0.5760476353820867,0.016843938523858126
s4_random_4_AttentiveFP,4,AttentiveFP,random,4,COMPLETED,ok,1621,286,476,3.9526073932647705,2.03427629335022,245,275,0.9807359576225281,23.422000000005937,1429767168,0c1378552b40866604515f9f9701bd86bc41687b678c42562700c7080b9389ad,67662a199ed759f72ceb4277f7014091f1f881750628130bbdcf17e9e665094d,0.6655784845352173,0.871986985206604,0.7938552497122168,,,sim_knn_k5,0.5760476353820867,0.08953084915313059
s4_host_cold_0_GINE,4,GINE,host_cold,0,COMPLETED,ok,1621,285,477,3.730778932571411,1.9452131257781982,86,116,0.92608642578125,3.375,502319104,8307ff24540a64d75d688e54572fc1d67e02eaabab240dd5d8efb21c6b949d71,67662a199ed759f72ceb4277f7014091f1f881750628130bbdcf17e9e665094d,0.2610200047492981,1.4290684461593628,0.6065075526235414,,,sim_knn_k5,0.3913989367026259,-0.13037893195332778
s4_host_cold_0_AttentiveFP,4,AttentiveFP,host_cold,0,COMPLETED,ok,1621,285,477,3.730778932571411,1.9452131257781982,229,259,0.8584757447242737,14.062999999994645,1429767168,c4597c23f5a80fa61c4451581b01c83205671221f8d332697b6142febdc7fb33,67662a199ed759f72ceb4277f7014091f1f881750628130bbdcf17e9e665094d,-1.596954107284546,1.7169468402862549,0.7352027519671642,,,sim_knn_k5,0.3913989367026259,-1.9883530439871717
s4_host_cold_1_GINE,4,GINE,host_cold,1,COMPLETED,ok,1621,285,477,3.7579100131988525,1.9366654620895385,82,112,0.8552471399307251,3.3589999999967404,502453248,3d1bdeaa0e80a7783d945761b3b333065fbb700fdafee6d3534c22e4bbd62b77,67662a199ed759f72ceb4277f7014091f1f881750628130bbdcf17e9e665094d,0.302497923374176,1.4183965921401978,0.604570691792226,,,sim_knn_k5,0.2067975679170346,0.09570035545714142
s4_host_cold_1_AttentiveFP,4,AttentiveFP,host_cold,1,COMPLETED,ok,1621,285,477,3.7579100131988525,1.9366654620895385,91,121,0.9010264873504639,8.389999999999418,1429901312,ceb989223322d4d17d0afe1dce02c83fdc35ac988081c892116015cf4a828f9e,67662a199ed759f72ceb4277f7014091f1f881750628130bbdcf17e9e665094d,0.31565213203430176,1.3712321519851685,0.6475474942790364,,,sim_knn_k5,0.2067975679170346,0.10885456411726716
s4_host_cold_2_GINE,4,GINE,host_cold,2,COMPLETED,ok,1621,285,477,4.20960807800293,2.1049893365631105,43,73,0.9958380460739136,4.312000000005355,502587392,16bfa9705f48a43987eb01fcfbe0ef0b7938d73d3beccbe9a2ef0c6c7103dc15,67662a199ed759f72ceb4277f7014091f1f881750628130bbdcf17e9e665094d,0.2985115051269531,0.9827982783317566,0.6017031385364215,,,sim_knn_k5,0.420724432791717,-0.12221292766476388
s4_host_cold_2_AttentiveFP,4,AttentiveFP,host_cold,2,COMPLETED,ok,1621,285,477,4.20960807800293,2.1049893365631105,297,299,0.8571240305900574,31.812999999994645,1430035456,638577efefab439ccb3f4cdb258fe0927ba9669b38d0b67ddace45f698b3b20e,67662a199ed759f72ceb4277f7014091f1f881750628130bbdcf17e9e665094d,0.48059380054473877,0.8221579790115356,0.5708346424158792,,,sim_knn_k5,0.420724432791717,0.05986936775302176
s4_host_cold_3_GINE,4,GINE,host_cold,3,COMPLETED,ok,1621,286,476,3.932109832763672,2.0626118646392824,58,88,0.9841600656509399,5.171999999991385,502721536,fea98a53553b6d57e56d9dfe73f12ae82f03bb866409e0011109e2db43afdca1,67662a199ed759f72ceb4277f7014091f1f881750628130bbdcf17e9e665094d,0.37010258436203003,1.0743138790130615,0.6484270129336184,,,sim_knn_k5,0.2620556816445356,0.10804690271749445
s4_host_cold_3_AttentiveFP,4,AttentiveFP,host_cold,3,COMPLETED,ok,1621,286,476,3.932109832763672,2.0626118646392824,288,299,0.8528122305870056,32.25,1430169600,aa7cc96031f270cd911145af12d9a0fa2f80d26dc6a857f106f82d01f2ade291,67662a199ed759f72ceb4277f7014091f1f881750628130bbdcf17e9e665094d,0.4902319312095642,0.943352460861206,0.7369402830948645,,,sim_knn_k5,0.2620556816445356,0.22817624956502863
s4_host_cold_4_GINE,4,GINE,host_cold,4,COMPLETED,ok,1621,286,476,4.108943462371826,2.0852325425872804,48,78,1.0751172304153442,4.672000000005937,502855680,22fa28b7eddbb5cae3ed03d67aded06f8646f1aa60ad3ba9a9494053d4a2f7de,67662a199ed759f72ceb4277f7014091f1f881750628130bbdcf17e9e665094d,-0.43568289279937744,1.4276012182235718,0.34109694820157666,,,guest_only_RF,-0.0902538766468918,-0.34542901615248567
s4_host_cold_4_AttentiveFP,4,AttentiveFP,host_cold,4,COMPLETED,ok,1621,286,476,4.108943462371826,2.0852325425872804,285,299,0.8965014219284058,31.610000000000582,1430303744,58b9c91ac21cd7e6dc67b450c72812c8e7804e73f3c9d05bf4c9ecc9531bef39,67662a199ed759f72ceb4277f7014091f1f881750628130bbdcf17e9e665094d,-0.32042062282562256,1.3202648162841797,0.422213536564197,,,guest_only_RF,-0.0902538766468918,-0.23016674617873076
s4_guest_cold_0_GINE,4,GINE,guest_cold,0,COMPLETED,ok,1621,285,477,3.9134390354156494,2.0417218671569826,105,135,0.8872224688529968,7.8439999999973224,502989824,604099d9f579753f1546e5e89a226c1f9709f0d541d587d952bf301d214b2697,67662a199ed759f72ceb4277f7014091f1f881750628130bbdcf17e9e665094d,0.48805850744247437,1.0730268955230713,0.7182789085653422,,,sim_knn_k5,0.5280136255698709,-0.039955118127396494
s4_guest_cold_0_AttentiveFP,4,AttentiveFP,guest_cold,0,COMPLETED,ok,1621,285,477,3.9134390354156494,2.0417218671569826,92,122,0.9516280293464661,13.25,1430437888,272ecf4a83016389f7ed42bdeb32ba0d0fb1d91b85f61f841ba3d50f2fc07eb9,67662a199ed759f72ceb4277f7014091f1f881750628130bbdcf17e9e665094d,0.4514675736427307,1.1140892505645752,0.6796868186717812,,,sim_knn_k5,0.5280136255698709,-0.07654605192714015
s4_guest_cold_1_GINE,4,GINE,guest_cold,1,COMPLETED,ok,1621,285,477,3.947810173034668,1.978750394416809,142,172,0.9083384871482849,10.014999999999418,503123968,f6c7a741d524075e1c32af30e71395658b985ade616d28c180b913fcc56bf12f,67662a199ed759f72ceb4277f7014091f1f881750628130bbdcf17e9e665094d,0.6011814475059509,1.0034947395324707,0.7289609473580225,,,sim_knn_k5,0.6007852753345126,0.00039617217143828043
s4_guest_cold_1_AttentiveFP,4,AttentiveFP,guest_cold,1,COMPLETED,ok,1621,285,477,3.947810173034668,1.978750394416809,229,259,0.8450722098350525,27.546000000002095,1430572032,14d0dea5e474b3299ad0dac260978fb807b644a92e1893d5215a3f0acc098136,67662a199ed759f72ceb4277f7014091f1f881750628130bbdcf17e9e665094d,0.6674962043762207,0.9419682621955872,0.7920952628285648,,,sim_knn_k5,0.6007852753345126,0.06671092904170806
s4_guest_cold_2_GINE,4,GINE,guest_cold,2,COMPLETED,ok,1621,285,477,3.955932378768921,2.023276375366211,80,110,1.0206624269485474,6.327999999994063,503258112,3afdd27a06da4226aa2ae45f9164c32cbb04c02707afd4fd609758414e51b608,67662a199ed759f72ceb4277f7014091f1f881750628130bbdcf17e9e665094d,0.5924172401428223,0.97395259141922,0.8021708745832955,,,sim_knn_k5,0.5702260958689317,0.022191144273890573
s4_guest_cold_2_AttentiveFP,4,AttentiveFP,guest_cold,2,COMPLETED,ok,1621,285,477,3.955932378768921,2.023276375366211,273,299,0.904286801815033,31.656000000002678,1430706176,1b47f3693af58cff83ff208512d9fad93e41af1ad93f7f13b86d9b5dabdd9ce3,67662a199ed759f72ceb4277f7014091f1f881750628130bbdcf17e9e665094d,0.6204073429107666,0.927055299282074,0.8214108331412849,,,sim_knn_k5,0.5702260958689317,0.05018124704183491
s4_guest_cold_3_GINE,4,GINE,guest_cold,3,COMPLETED,ok,1621,286,476,3.9540202617645264,2.095985697341919,85,115,0.9021860361099243,6.625,503392256,4ca862e966311c4629a086ff78a12f2233a9b8444f266f64648fc977052f6635,67662a199ed759f72ceb4277f7014091f1f881750628130bbdcf17e9e665094d,0.499401330947876,1.019222617149353,0.7213487811778027,,,sim_knn_k5,0.4740012481955857,0.025400082752290276
s4_guest_cold_3_AttentiveFP,4,AttentiveFP,guest_cold,3,COMPLETED,ok,1621,286,476,3.9540202617645264,2.095985697341919,232,262,0.7622254490852356,27.906000000002678,1430840320,b786465d778182bfdcb87f66b93dfe6743d8751e544c5a91dee2d5c47a16c65e,67662a199ed759f72ceb4277f7014091f1f881750628130bbdcf17e9e665094d,0.5776625275611877,0.9107939600944519,0.782240855900584,,,sim_knn_k5,0.4740012481955857,0.10366127936560204
s4_guest_cold_4_GINE,4,GINE,guest_cold,4,COMPLETED,ok,1621,286,476,3.9278132915496826,2.0488512979278566,44,74,1.0009914636611938,4.375,503526400,680c74e33b1bd4f16f5b01905748c18e7d86e6aa5bb51d1738f48397ac8b6ed6,67662a199ed759f72ceb4277f7014091f1f881750628130bbdcf17e9e665094d,0.3928905725479126,1.0261863470077515,0.6858783949015991,,,sim_knn_k5,0.4789324197468604,-0.08604184719894781
s4_guest_cold_4_AttentiveFP,4,AttentiveFP,guest_cold,4,COMPLETED,ok,1621,286,476,3.9278132915496826,2.0488512979278566,256,286,0.8799266219139099,29.59299999999348,1430974464,b9904d7f24b9a6a5a6cc0afd0f8b765141c10ef4dc639ece310873a3bd495cbf,67662a199ed759f72ceb4277f7014091f1f881750628130bbdcf17e9e665094d,0.5339164137840271,0.8738961219787598,0.7584533892319231,,,sim_knn_k5,0.4789324197468604,0.054983994037166695
s4_family_cold_calixarene_GINE,4,GINE,family_cold,calixarene,COMPLETED,ok,1570,277,536,4.066054821014404,2.174833105636597,68,98,0.9140734076499939,5.687999999994645,503661056,d7521806933fd6812a98fce0abd5f20ebc6ae6c7849ed675f7d3a418f9942401,67662a199ed759f72ceb4277f7014091f1f881750628130bbdcf17e9e665094d,-0.12901818752288818,1.292101263999939,0.6166654808716721,0.5645314368646395,-0.7797446250915527,guest_only_RF,0.2712010292358366,-0.4002192167587248
s4_family_cold_calixarene_AttentiveFP,4,AttentiveFP,family_cold,calixarene,COMPLETED,ok,1570,277,536,4.066054821014404,2.174833105636597,291,299,0.839301347732544,31.140999999988708,1431109120,0113fe31c240a56db45d9dcc957df1429efb05323ccebcb3412fe21b56d37155,67662a199ed759f72ceb4277f7014091f1f881750628130bbdcf17e9e665094d,-0.4131249189376831,1.3511472940444946,0.5577056205289349,0.4076988753132557,-0.6037096977233887,guest_only_RF,0.2712010292358366,-0.6843259481735198
s4_family_cold_cavitand_GINE,4,GINE,family_cold,cavitand,COMPLETED,NO_CONCLUSION_small,1959,345,79,3.926417827606201,2.0557055936584474,154,184,0.9043673276901245,10.811999999990803,503796224,6016add4d0f61fac6450db4f59cf36cd1a38e46db31dc4b8c848c2994c08f52c,67662a199ed759f72ceb4277f7014091f1f881750628130bbdcf17e9e665094d,-0.23894619941711426,1.4483238458633423,0.19773612463485882,0.5699607817087586,0.8098657131195068,cond_only_RF,0.1569820062994044,-0.39592820571651866
s4_family_cold_cavitand_AttentiveFP,4,AttentiveFP,family_cold,cavitand,COMPLETED,NO_CONCLUSION_small,1959,345,79,3.926417827606201,2.0557055936584474,290,299,0.855912983417511,31.343999999997322,1431244288,41f074a1c9345d407f6a19eb279d85cc4d4c06c938b0f2a50e03ba71728282a5,67662a199ed759f72ceb4277f7014091f1f881750628130bbdcf17e9e665094d,-0.46735966205596924,1.6151106357574463,0.1258763388510224,0.3604481669780459,0.9031176567077637,cond_only_RF,0.1569820062994044,-0.6243416683553736
s4_family_cold_crown_ether_GINE,4,GINE,family_cold,crown_ether,COMPLETED,NO_CONCLUSION_small,2012,354,17,3.957515239715576,2.051122473312378,184,214,0.7894433736801147,14.781000000002678,503930368,e4d0370ec5cbda2b66f3e07b5c0cc1bb597d4f9f8da36e3054d7d6197852a087,67662a199ed759f72ceb4277f7014091f1f881750628130bbdcf17e9e665094d,-0.0524594783782959,0.9279221892356873,0.6081809872449944,1.030421357563517,0.7670459747314453,guest_only_RF,-1.0638170490861247,1.0113575707078288
s4_family_cold_crown_ether_AttentiveFP,4,AttentiveFP,family_cold,crown_ether,COMPLETED,NO_CONCLUSION_small,2012,354,17,3.957515239715576,2.051122473312378,169,199,0.8484957218170166,21.187999999994645,1431378432,e626eb57cab383140940f58e29e442761277d93321f52381320b7bb151b22c25,67662a199ed759f72ceb4277f7014091f1f881750628130bbdcf17e9e665094d,-0.29263556003570557,0.9828616976737976,0.35961027460574463,0.5055140318722933,-0.6309347152709961,guest_only_RF,-1.0638170490861247,0.7711814890504192
s4_family_cold_cucurbituril_GINE,4,GINE,family_cold,cucurbituril,COMPLETED,ok,1403,247,733,3.4091567993164062,1.6458112464675902,76,106,0.7797045111656189,6.406999999991967,504060416,b216c9a55bf1df6d3767f358cd0f7561b93862001b67fec1b7ec4fe3a20c9b90,67662a199ed759f72ceb4277f7014091f1f881750628130bbdcf17e9e665094d,-0.35577309131622314,2.0303523540496826,0.15574963289764224,0.6854322430320398,1.4453413486480713,additive,-0.0558143147782808,-0.29995877653794234
s4_family_cold_cucurbituril_AttentiveFP,4,AttentiveFP,family_cold,cucurbituril,COMPLETED,ok,1403,247,733,3.4091567993164062,1.6458112464675902,144,174,0.8171476125717163,18.64100000000326,1431374336,72036683a1029edfcc832f20c6fe4a9320ad87472188e1a7be5c3dd9c293d401,67662a199ed759f72ceb4277f7014091f1f881750628130bbdcf17e9e665094d,-0.05200672149658203,1.7886193990707397,0.31890092215217125,0.7535215365708191,0.6836590766906738,additive,-0.0558143147782808,0.0038075932816987665
s4_family_cold_cyclodextrin_GINE,4,GINE,family_cold,cyclodextrin,COMPLETED,ok,1727,304,352,4.170690536499023,2.0846126542816164,110,140,0.9551572203636169,8.031000000002678,504063488,af09956da620022fd760cb4ee78f233c8bce243ba595a48d1187622a6609828d,67662a199ed759f72ceb4277f7014091f1f881750628130bbdcf17e9e665094d,-0.3430464267730713,0.9216240048408508,0.45469229373696496,0.3935375738380409,-0.32257938385009766,cond_only_RF,-2.394659256933538,2.0516128301604666
s4_family_cold_cyclodextrin_AttentiveFP,4,AttentiveFP,family_cold,cyclodextrin,COMPLETED,ok,1727,304,352,4.170690536499023,2.0846126542816164,298,299,0.8980092406272888,31.03200000000652,1431377408,12a90e7a2fab02bf4b3de1075c82ad5bccf01f6c9f3500cb6303549ee05d1a33,67662a199ed759f72ceb4277f7014091f1f881750628130bbdcf17e9e665094d,-0.7356327772140503,1.1435774564743042,0.25731149825149324,0.27123034003130975,0.24459362030029297,cond_only_RF,-2.394659256933538,1.6590264797194876
s4_family_cold_cyclophane_GINE,4,GINE,family_cold,cyclophane,COMPLETED,NO_CONCLUSION_small,2002,353,28,3.9255528450012207,2.0637596116790773,93,123,0.8913764357566833,7.4060000000026776,504064512,5b36a20ff5c87d03c65d670d9dc75f2c18894d8d4817ade02ca5a95e6180a4bc,67662a199ed759f72ceb4277f7014091f1f881750628130bbdcf17e9e665094d,-0.49362504482269287,1.0301185846328735,0.7291671050030564,0.5034756037589057,0.7161428928375244,host_only_RF,0.2660526087905975,-0.7596776536132903
s4_family_cold_cyclophane_AttentiveFP,4,AttentiveFP,family_cold,cyclophane,COMPLETED,NO_CONCLUSION_small,2002,353,28,3.9255528450012207,2.0637596116790773,288,299,0.7676240801811218,31.0,1431512576,e2a47bfbbe4eb465a4906c139deff3bf10453b91ec4711c1365294da5704be5b,67662a199ed759f72ceb4277f7014091f1f881750628130bbdcf17e9e665094d,0.31476569175720215,0.7360760569572449,0.6562503945027507,0.7013024191366675,-0.20357751846313477,host_only_RF,0.2660526087905975,0.04871308296660465
s4_family_cold_other_GINE,4,GINE,family_cold,other,COMPLETED,ok,1532,270,581,4.117140769958496,2.118007944656372,34,64,0.9358813762664795,3.7810000000026776,504196608,866b6216babd7939490a798532bb66bf76406a9869209e31490381ec9afa9f92,67662a199ed759f72ceb4277f7014091f1f881750628130bbdcf17e9e665094d,-0.22428059577941895,1.5337388515472412,0.2848938911875889,0.365133038325212,-0.4738290309906006,host_only_RF,-0.1251993771007593,-0.09908121867865965
s4_family_cold_other_AttentiveFP,4,AttentiveFP,family_cold,other,COMPLETED,ok,1532,270,581,4.117140769958496,2.118007944656372,266,296,0.8430121541023254,30.922000000005937,1431644672,7f8858ef1155888b4a466f0938dd7e2cc956d1ab33d6070b18dad8c580a80de3,67662a199ed759f72ceb4277f7014091f1f881750628130bbdcf17e9e665094d,0.07078379392623901,1.2711520195007324,0.442960210406348,0.5746067687746085,-0.08203482627868652,host_only_RF,-0.1251993771007593,0.1959831710269983
s4_family_cold_pillararene_GINE,4,GINE,family_cold,pillararene,COMPLETED,NO_CONCLUSION_small,1978,348,57,3.906008243560791,2.030772017074585,122,152,0.8555160760879517,9.203000000008615,504332800,23c132228cada6de6402d5f3636f68ed23e6023ea6c33f9f05230d0dbdc5a1d7,67662a199ed759f72ceb4277f7014091f1f881750628130bbdcf17e9e665094d,-7.712250709533691,2.61283278465271,-0.09152635768971087,-0.018544386337415075,2.611219882965088,additive,-1.878371244793798,-5.833879464739893
s4_family_cold_pillararene_AttentiveFP,4,AttentiveFP,family_cold,pillararene,COMPLETED,NO_CONCLUSION_small,1978,348,57,3.906008243560791,2.030772017074585,289,299,0.7814682722091675,31.48399999999674,1431780864,c1e4c40d2ada6a8d7a0e8dd71b86f1543f93d6e9b2bed199b4ad8fdbcb653113,67662a199ed759f72ceb4277f7014091f1f881750628130bbdcf17e9e665094d,-6.957723617553711,2.656708002090454,0.2501742050307642,0.16146305301679978,2.403481960296631,additive,-1.878371244793798,-5.079352372759913
