row_index,host_id,guest_id,host_smiles,guest_smiles,family,y_true,host_canonical_smiles,host_canonical_key_sha256,host_alias_group_id,host_parse_status,guest_canonical_smiles,guest_canonical_key_sha256,guest_alias_group_id,guest_parse_status,model,seed,regime,fold,y_pred
8,7,8,O=C(N[C+](N)N)C1=CC=C(C[NH2+]C[C@H]([NH3+])C(CO)=O)N1,CC(C(=O)O)NC(=O)C,other,3.322200059890747,N[C+](N)NC(=O)c1ccc(C[NH2+]C[C@H]([NH3+])C(=O)CO)[nH]1,444D01334D00CC255705344BB404134716C7E37D874A5C787DB27CDD2348DBF7,HOST_CAN_0114,PASS,CC(=O)NC(C)C(=O)O,0ACDE32904BDE585780365EADB41DCB005F4AF025DEDA592AD142D957A0ED53B,GUEST_CAN_0068,PASS,GINE,4,host_cold,4,2.015765905380249
9,8,9,C1N2C3C4N(C2=O)CN5C6C7N(C5=O)CN8C9C2N(C8=O)CN5C8C%10N(C5=O)CN5C%11C%12N(C5=O)CN5C%13C(N1C5=O)N1CN3C(=O)N4CN6C(=O)N7CN9C(=O)N2CN8C(=O)N%10CN%11C(=O)N%12CN%13C1=O,C1CCC(CC1)C[NH3+],cucurbituril,1.986899971961975,O=C1N2CN3C(=O)N4CN5C(=O)N6CN7C(=O)N8CN9C(=O)N%10CN%11C(=O)N%12CN1C1C2N2CN%13C(=O)N(CN%14C(=O)N(CN%15C(=O)N(CN%16C(=O)N(CN%17C(=O)N(CN1C2=O)C%12C%11%17)C%10C9%16)C8C7%15)C6C5%14)C4C3%13,2526C525F966BEE6CB589BBB60C9F4124C02584847747BDAFF4E92B4462536E8,HOST_CAN_0149,PASS,[NH3+]CC1CCCCC1,DF21C8335BE240A791770DC93EFCD1C54E4FA39D0589D9C3EFABFAAD09B448D1,GUEST_CAN_1079,PASS,GINE,4,host_cold,4,8.185348510742188
10,9,10,[O-]C(=O)COc1ccc2c3c1CNC(=O)c1c(OCC(=O)[O-])ccc4c1ccc1c4C4CC(O1)Oc1c4c4ccc(c(C(=O)NCc5c6c(c7C8c2c(cc3)OC(C8)Oc7cc6)ccc5OCC(=O)[O-])c4cc1)OCC(=O)[O-].[NH4+].[NH4+].[NH4+].[NH4+],C1CCOCO1,other,2.3262999057769775,O=C([O-])COc1ccc2c3c4ccc2c1CNC(=O)c1c(OCC(=O)[O-])ccc2c5c(ccc12)OC1CC5c2c(ccc5c(c(OCC(=O)[O-])ccc25)C(=O)NCc2c(OCC(=O)[O-])ccc5c6c(ccc25)OC(CC36)O4)O1.[NH4+].[NH4+].[NH4+].[NH4+],7D3830C6A6E10F82EEBCC3ED68B861BB21ED63B1DDB277580F3032527E5A1183,HOST_CAN_0139,PASS,C1COCOC1,C7850D2C75461EF1F7F60C67C6EB8B4D8E8C5A137966B66223EE1DBFF19CEAD3,GUEST_CAN_0039,PASS,GINE,4,host_cold,4,3.2263479232788086
15,14,15,NCCOc1c2Cc3cc(cc(c3O)Cc3cc(cc(c3O)Cc3cc(cc(Cc4c(c(Cc5c(c(Cc1cc(c2)S(=O)(=O)O)cc(c5)S(=O)(=O)O)O)cc(c4)S(=O)(=O)O)O)c3O)S(=O)(=O)O)S(=O)(=O)O)S(=O)(=O)O,[O-]C(=O)CC(C(=O)O)N,calixarene,3.7342000007629395,NCCOc1c2cc(S(=O)(=O)O)cc1Cc1cc(S(=O)(=O)O)cc(c1O)Cc1cc(S(=O)(=O)O)cc(c1O)Cc1cc(S(=O)(=O)O)cc(c1O)Cc1cc(S(=O)(=O)O)cc(c1O)Cc1cc(S(=O)(=O)O)cc(c1O)C2,C787A22C599703D921FA29CACAF002E9FF6ED12C44482B2905C84DCBDD5B4AC1,HOST_CAN_0110,PASS,NC(CC(=O)[O-])C(=O)O,BB5F75F5A9C5B3B73A0A3B7339C8AC7150359761D5C24F8C1D742AB3AA3BCA26,GUEST_CAN_0731,PASS,GINE,4,host_cold,4,2.3730857372283936
22,17,22,COP(=O)(Cc1cc2ccc1OCc1cc(COc3ccc(cc3CP(=O)(OC)[O-])C(C)(C)c3ccc(OCc4cc(COc5ccc(C2(C)C)cc5CP(=O)(OC)[O-])cc(c4)[N+](=O)[O-])c(c3)CP(=O)(OC)[O-])cc(c1)[N+](=O)[O-])[O-],CNCC(C1=CC(=C(C=C1)O)O)O,other,2.1847000122070312,COP(=O)([O-])Cc1cc2ccc1OCc1cc(cc([N+](=O)[O-])c1)COc1ccc(cc1CP(=O)([O-])OC)C(C)(C)c1ccc(c(CP(=O)([O-])OC)c1)OCc1cc(cc([N+](=O)[O-])c1)COc1ccc(cc1CP(=O)([O-])OC)C2(C)C,5C9812D0AA59E8C93387DCBA9CDBD0E45705FA87B439937B162042CB092EC8B9,HOST_CAN_0069,PASS,CNCC(O)c1ccc(O)c(O)c1,6ECE6CFFF6E84A2846BFDF3E647E6C18CCEA435B77A528E23C38803D697997FC,GUEST_CAN_0428,PASS,GINE,4,host_cold,4,2.6839795112609863
50,8,49,C1N2C3C4N(C2=O)CN5C6C7N(C5=O)CN8C9C2N(C8=O)CN5C8C%10N(C5=O)CN5C%11C%12N(C5=O)CN5C%13C(N1C5=O)N1CN3C(=O)N4CN6C(=O)N7CN9C(=O)N2CN8C(=O)N%10CN%11C(=O)N%12CN%13C1=O,CC(C)CC(C(=O)NC(CC1=CC=CC=C1)C(=O)O)N,cucurbituril,2.7799999713897705,O=C1N2CN3C(=O)N4CN5C(=O)N6CN7C(=O)N8CN9C(=O)N%10CN%11C(=O)N%12CN1C1C2N2CN%13C(=O)N(CN%14C(=O)N(CN%15C(=O)N(CN%16C(=O)N(CN%17C(=O)N(CN1C2=O)C%12C%11%17)C%10C9%16)C8C7%15)C6C5%14)C4C3%13,2526C525F966BEE6CB589BBB60C9F4124C02584847747BDAFF4E92B4462536E8,HOST_CAN_0149,PASS,CC(C)CC(N)C(=O)NC(Cc1ccccc1)C(=O)O,7A01D96B95CA61BCB454C45CF3B8A25A70770345D5C97AA2101AE8488C2EC192,GUEST_CAN_0135,PASS,GINE,4,host_cold,4,6.0859503746032715
54,8,53,C1N2C3C4N(C2=O)CN5C6C7N(C5=O)CN8C9C2N(C8=O)CN5C8C%10N(C5=O)CN5C%11C%12N(C5=O)CN5C%13C(N1C5=O)N1CN3C(=O)N4CN6C(=O)N7CN9C(=O)N2CN8C(=O)N%10CN%11C(=O)N%12CN%13C1=O,[Na+].[Cl-],cucurbituril,3.890000104904175,O=C1N2CN3C(=O)N4CN5C(=O)N6CN7C(=O)N8CN9C(=O)N%10CN%11C(=O)N%12CN1C1C2N2CN%13C(=O)N(CN%14C(=O)N(CN%15C(=O)N(CN%16C(=O)N(CN%17C(=O)N(CN1C2=O)C%12C%11%17)C%10C9%16)C8C7%15)C6C5%14)C4C3%13,2526C525F966BEE6CB589BBB60C9F4124C02584847747BDAFF4E92B4462536E8,HOST_CAN_0149,PASS,[Cl-].[Na+],75BE434EC1982F4169BCC68DFF522D1CE80C4ED9F32BD5BD82D1768FC8A5ED44,GUEST_CAN_1040,PASS,GINE,4,host_cold,4,2.6289234161376953
56,8,55,C1N2C3C4N(C2=O)CN5C6C7N(C5=O)CN8C9C2N(C8=O)CN5C8C%10N(C5=O)CN5C%11C%12N(C5=O)CN5C%13C(N1C5=O)N1CN3C(=O)N4CN6C(=O)N7CN9C(=O)N2CN8C(=O)N%10CN%11C(=O)N%12CN%13C1=O,[NH3+]Cc1ccccc1C,cucurbituril,1.5108000040054321,O=C1N2CN3C(=O)N4CN5C(=O)N6CN7C(=O)N8CN9C(=O)N%10CN%11C(=O)N%12CN1C1C2N2CN%13C(=O)N(CN%14C(=O)N(CN%15C(=O)N(CN%16C(=O)N(CN%17C(=O)N(CN1C2=O)C%12C%11%17)C%10C9%16)C8C7%15)C6C5%14)C4C3%13,2526C525F966BEE6CB589BBB60C9F4124C02584847747BDAFF4E92B4462536E8,HOST_CAN_0149,PASS,Cc1ccccc1C[NH3+],7C2A6A502CC529DB22D35891364CF671DEC44D06A414A813DD080C251C2E22A3,GUEST_CAN_0669,PASS,GINE,4,host_cold,4,5.170005798339844
60,35,58,[O-]P(=O)(Oc1c2c(c(c3c1C1CC3c3c1cc1c(c3)C3CC1c1c3cccc1)OP(=O)(C)[O-])C1CC2c2c1cc1c(c2)C2CC1c1c2cccc1)C.[Li+].[Li+],NCC(=O)N[C@H](C(=O)NCC(=O)NCC(=O)O)CCCNC(=N)N,other,2.954200029373169,CP(=O)([O-])Oc1c2c(c(OP(C)(=O)[O-])c3c1C1CC3c3cc4c(cc31)C1CC4c3ccccc31)C1CC2c2cc3c(cc21)C1CC3c2ccccc21.[Li+].[Li+],0523E219D88C79C8FF3952D24ADDE3A68E28198CE5EE5C77D8FECF429412627C,HOST_CAN_0082,PASS,N=C(N)NCCC[C@H](NC(=O)CN)C(=O)NCC(=O)NCC(=O)O,2AE851C98DA6DDC41D25737DDF620A2ECC76E2AD2ED1F1FA0B426370C7BDDF16,GUEST_CAN_0721,PASS,GINE,4,host_cold,4,4.589649677276611
62,9,60,[O-]C(=O)COc1ccc2c3c1CNC(=O)c1c(OCC(=O)[O-])ccc4c1ccc1c4C4CC(O1)Oc1c4c4ccc(c(C(=O)NCc5c6c(c7C8c2c(cc3)OC(C8)Oc7cc6)ccc5OCC(=O)[O-])c4cc1)OCC(=O)[O-].[NH4+].[NH4+].[NH4+].[NH4+],C1OCOCO1,other,1.2303999662399292,O=C([O-])COc1ccc2c3c4ccc2c1CNC(=O)c1c(OCC(=O)[O-])ccc2c5c(ccc12)OC1CC5c2c(ccc5c(c(OCC(=O)[O-])ccc25)C(=O)NCc2c(OCC(=O)[O-])ccc5c6c(ccc25)OC(CC36)O4)O1.[NH4+].[NH4+].[NH4+].[NH4+],7D3830C6A6E10F82EEBCC3ED68B861BB21ED63B1DDB277580F3032527E5A1183,HOST_CAN_0139,PASS,C1OCOCO1,E794BB73456D53E424DB401357804683B7A995F5D1F7C055B278F51FF855F2CE,GUEST_CAN_0040,PASS,GINE,4,host_cold,4,2.6644973754882812
64,8,62,C1N2C3C4N(C2=O)CN5C6C7N(C5=O)CN8C9C2N(C8=O)CN5C8C%10N(C5=O)CN5C%11C%12N(C5=O)CN5C%13C(N1C5=O)N1CN3C(=O)N4CN6C(=O)N7CN9C(=O)N2CN8C(=O)N%10CN%11C(=O)N%12CN%13C1=O,CC(=O)C,cucurbituril,3.857300043106079,O=C1N2CN3C(=O)N4CN5C(=O)N6CN7C(=O)N8CN9C(=O)N%10CN%11C(=O)N%12CN1C1C2N2CN%13C(=O)N(CN%14C(=O)N(CN%15C(=O)N(CN%16C(=O)N(CN%17C(=O)N(CN1C2=O)C%12C%11%17)C%10C9%16)C8C7%15)C6C5%14)C4C3%13,2526C525F966BEE6CB589BBB60C9F4124C02584847747BDAFF4E92B4462536E8,HOST_CAN_0149,PASS,CC(C)=O,DE84A3A5E7D86FB53FE767B079B6E324B7F486E3EE690B86B06FD5D7231FB01C,GUEST_CAN_0123,PASS,GINE,4,host_cold,4,2.844367027282715
67,38,65,C1C2C3=CC=CC=C3C4=C5C6CC7=CC=CC=C7C8=CC(=CC(=C8)C9=CC=CC=C9CC3C7=CC=CC=C7C(=C24)C3=C5C2=CC=CC=C62)C2=CC=CC=C21,CO[C@H]1C=CC2[C@@]34C1Oc1c4c(CC2[N+](CC3)(C)C)ccc1OC,cyclophane,6.227399826049805,c1ccc2c(c1)CC1c3ccccc3-c3c1c1c4c5c3C(Cc3ccccc3-c3cc-2cc(c3)-c2ccccc2CC4c2ccccc2-1)c1ccccc1-5,7D60610AC6275537B6952E12359C97C789A38E2FA1295732E16AF89573CE95C4,HOST_CAN_0186,PASS,COc1ccc2c3c1OC1[C@@H](OC)C=CC4C(C2)[N+](C)(C)CC[C@@]341,3EAA3F0AA1B8B467D2C6C34E653758618B2BADCFE09A73C2842BE54F33343144,GUEST_CAN_0496,PASS,GINE,4,host_cold,4,5.459936141967773
70,8,68,C1N2C3C4N(C2=O)CN5C6C7N(C5=O)CN8C9C2N(C8=O)CN5C8C%10N(C5=O)CN5C%11C%12N(C5=O)CN5C%13C(N1C5=O)N1CN3C(=O)N4CN6C(=O)N7CN9C(=O)N2CN8C(=O)N%10CN%11C(=O)N%12CN%13C1=O,[NH3+]Cc1ccc(cc1)C,cucurbituril,2.7184998989105225,O=C1N2CN3C(=O)N4CN5C(=O)N6CN7C(=O)N8CN9C(=O)N%10CN%11C(=O)N%12CN1C1C2N2CN%13C(=O)N(CN%14C(=O)N(CN%15C(=O)N(CN%16C(=O)N(CN%17C(=O)N(CN1C2=O)C%12C%11%17)C%10C9%16)C8C7%15)C6C5%14)C4C3%13,2526C525F966BEE6CB589BBB60C9F4124C02584847747BDAFF4E92B4462536E8,HOST_CAN_0149,PASS,Cc1ccc(C[NH3+])cc1,8CA1D6D1D151C03EEEC415EBE16F69D25172F71794EEE9BA61D4F1AF4171B417,GUEST_CAN_0660,PASS,GINE,4,host_cold,4,7.183884143829346
94,49,90,[Na]OS(=O)(=O)CCCOc1ccc(c2c1CN1C(=O)N3[C@]4([C@@]1(N(C2)C(=O)N4CN1[C@@H]2N(C3)C(=O)N3[C@@H]2N(C1=O)CN1[C@@]2(N(C3)C(=O)N3[C@]2(C)N(C1=O)Cc1c(C3)c(OCCCS(=O)(=O)O[Na])ccc1OCCCS(=O)(=O)O[Na])C)C)C)OCCCS(=O)(=O)O[Na],O=C1C=C(NC(=O)c2cc3ccccc3nc2O)[C@@H]([C@H]2[C@@H]1O2)O,other,3.8691999912261963,C[C@]12N3Cc4c(OCCCS(=O)(=O)[O][Na])ccc(OCCCS(=O)(=O)[O][Na])c4CN1C(=O)N1CN4C(=O)N5CN6C(=O)N7Cc8c(OCCCS(=O)(=O)[O][Na])ccc(OCCCS(=O)(=O)[O][Na])c8CN8C(=O)N(CN9C(=O)N(CN(C3=O)[C@]12C)[C@@H]4[C@H]95)[C@]6(C)[C@@]78C,C826FABEE0CA0BEBE7AB2E620751B73EB48779DD6C9A550EDEC6672D0197E1E3,HOST_CAN_0086,PASS,O=C(NC1=CC(=O)[C@H]2O[C@H]2[C@H]1O)c1cc2ccccc2nc1O,FDF8CE2A8B4B2A3DB312AD1231F5B6666439F2E4BEB6DF93515A1333E1D206F0,GUEST_CAN_0852,PASS,GINE,4,host_cold,4,4.395532608032227
97,51,93,C1N2C3C4N(C2=O)CN5C6C7N(C5=O)CN8C9C2N(C8=O)CN5C8C%10N(C5=O)CN5C%11C%12N(C5=O)CN5C%13C%14N(C5=O)CN5C%15C%16N(C5=O)CN5C%17C%18N(C5=O)CN5C%19C%20N(C5=O)CN5C%21C(N1C5=O)N1CN3C(=O)N4CN6C(=O)N7CN9C(=O)N2CN8C(=O)N%10CN%11C(=O)N%12CN%13C(=O)N%14CN%15C(=O)N%16CN%17C(=O)N%18CN%19C(=O)N%20CN%21C1=O,C1=CC2=C(C3=C(C=CC=N3)C=C2)N=C1.C1=CC2=C(C3=C(C=CC=N3)C=C2)N=C1.C1=CC2=C(C3=C(C=CC=N3)C=C2)N=C1.[Ru+2],cucurbituril,7.90310001373291,O=C1N2CN3C(=O)N4CN5C(=O)N6CN7C(=O)N8CN9C(=O)N%10CN%11C(=O)N%12CN%13C(=O)N%14CN%15C(=O)N%16CN%17C(=O)N%18CN%19C(=O)N%20CN1C1C2N2CN%21C(=O)N(CN%22C(=O)N(CN%23C(=O)N(CN%24C(=O)N(CN%25C(=O)N(CN%26C(=O)N(CN%27C(=O)N(CN%28C(=O)N(CN%29C(=O)N(CN1C2=O)C%20C%19%29)C%18C%17%28)C%16C%15%27)C%14C%13%26)C%12C%11%25)C%10C9%24)C8C7%23)C6C5%22)C4C3%21,E6025A48DEEE6C9E6878EC627A6CB37BA95516523DC76F4BD8E7A3BC0D967C68,HOST_CAN_0142,PASS,[Ru+2].c1cnc2c(c1)ccc1cccnc12.c1cnc2c(c1)ccc1cccnc12.c1cnc2c(c1)ccc1cccnc12,B2F313992E282E257BA975E62F4E552F1ACDDF6E52E3B55413FF57655D74E9C6,GUEST_CAN_1112,PASS,GINE,4,host_cold,4,4.804990768432617
99,52,15,OC(=O)COc1c2Cc3cc(cc(c3O)Cc3cc(cc(c3O)Cc3cc(cc(Cc4c(c(Cc5c(c(Cc1cc(c2)S(=O)(=O)O)cc(c5)S(=O)(=O)O)O)cc(c4)S(=O)(=O)O)O)c3O)S(=O)(=O)O)S(=O)(=O)O)S(=O)(=O)O,[O-]C(=O)CC(C(=O)O)N,calixarene,3.5053000450134277,O=C(O)COc1c2cc(S(=O)(=O)O)cc1Cc1cc(S(=O)(=O)O)cc(c1O)Cc1cc(S(=O)(=O)O)cc(c1O)Cc1cc(S(=O)(=O)O)cc(c1O)Cc1cc(S(=O)(=O)O)cc(c1O)Cc1cc(S(=O)(=O)O)cc(c1O)C2,89AB142F8D041F89710D49168CBEF0FA0D792576B82031818BFF7C2DE5D92117,HOST_CAN_0127,PASS,NC(CC(=O)[O-])C(=O)O,BB5F75F5A9C5B3B73A0A3B7339C8AC7150359761D5C24F8C1D742AB3AA3BCA26,GUEST_CAN_0731,PASS,GINE,4,host_cold,4,2.4208462238311768
107,9,100,[O-]C(=O)COc1ccc2c3c1CNC(=O)c1c(OCC(=O)[O-])ccc4c1ccc1c4C4CC(O1)Oc1c4c4ccc(c(C(=O)NCc5c6c(c7C8c2c(cc3)OC(C8)Oc7cc6)ccc5OCC(=O)[O-])c4cc1)OCC(=O)[O-].[NH4+].[NH4+].[NH4+].[NH4+],CC1OCCO1,other,4.33650016784668,O=C([O-])COc1ccc2c3c4ccc2c1CNC(=O)c1c(OCC(=O)[O-])ccc2c5c(ccc12)OC1CC5c2c(ccc5c(c(OCC(=O)[O-])ccc25)C(=O)NCc2c(OCC(=O)[O-])ccc5c6c(ccc25)OC(CC36)O4)O1.[NH4+].[NH4+].[NH4+].[NH4+],7D3830C6A6E10F82EEBCC3ED68B861BB21ED63B1DDB277580F3032527E5A1183,HOST_CAN_0139,PASS,CC1OCCO1,8D35FD74236BA64823214DBD94CE4B50363C06DAD857C90F7A7DD977F8C3DA11,GUEST_CAN_0246,PASS,GINE,4,host_cold,4,3.092663288116455
119,35,22,[O-]P(=O)(Oc1c2c(c(c3c1C1CC3c3c1cc1c(c3)C3CC1c1c3cccc1)OP(=O)(C)[O-])C1CC2c2c1cc1c(c2)C2CC1c1c2cccc1)C.[Li+].[Li+],CNCC(C1=CC(=C(C=C1)O)O)O,other,2.591099977493286,CP(=O)([O-])Oc1c2c(c(OP(C)(=O)[O-])c3c1C1CC3c3cc4c(cc31)C1CC4c3ccccc31)C1CC2c2cc3c(cc21)C1CC3c2ccccc21.[Li+].[Li+],0523E219D88C79C8FF3952D24ADDE3A68E28198CE5EE5C77D8FECF429412627C,HOST_CAN_0082,PASS,CNCC(O)c1ccc(O)c(O)c1,6ECE6CFFF6E84A2846BFDF3E647E6C18CCEA435B77A528E23C38803D697997FC,GUEST_CAN_0428,PASS,GINE,4,host_cold,4,3.126934766769409
120,56,110,CC(COCC1C2C(C(C(O1)OC3C(OC(C(C3O)O)OC4C(OC(C(C4O)O)OC5C(OC(C(C5O)O)OC6C(OC(C(C6O)O)OC7C(OC(C(C7O)O)OC8C(OC(O2)C(C8O)O)COCC(C)O)COCC(C)O)COCC(C)O)COCC(C)O)COCC(C)O)COCC(C)O)O)O)O,C1=CC=C2C(=C1)C(=O)OC23C4=CC(=C(C(=C4OC5=C(C(=C(C=C35)I)[O-])I)I)[O-])I.[Na+].[Na+],cyclodextrin,2.4040000438690186,CC(O)COCC1OC2OC3C(COCC(C)O)OC(OC4C(COCC(C)O)OC(OC5C(COCC(C)O)OC(OC6C(COCC(C)O)OC(OC7C(COCC(C)O)OC(OC8C(COCC(C)O)OC(OC1C(O)C2O)C(O)C8O)C(O)C7O)C(O)C6O)C(O)C5O)C(O)C4O)C(O)C3O,230541427DC92F12743008B2626A57F6159DF410C224BE8F505DFF020C17F26C,HOST_CAN_0012,PASS,O=C1OC2(c3ccccc31)c1cc(I)c([O-])c(I)c1Oc1c2cc(I)c([O-])c1I.[Na+].[Na+],F8A471A9B315C2F23A7A1EF0F418CFA7EC4B4E1F08091ACE28DB1ABD2EEDD677,GUEST_CAN_0924,PASS,GINE,4,host_cold,4,2.8899590969085693
131,35,116,[O-]P(=O)(Oc1c2c(c(c3c1C1CC3c3c1cc1c(c3)C3CC1c1c3cccc1)OP(=O)(C)[O-])C1CC2c2c1cc1c(c2)C2CC1c1c2cccc1)C.[Li+].[Li+],NCCCC[C@@H](C(=O)N[C@H](C(=O)N[C@H](C(=O)N[C@H](C(=O)O)CCCCN)[C@H](O)C)[C@H](O)C)N,other,3.7404000759124756,CP(=O)([O-])Oc1c2c(c(OP(C)(=O)[O-])c3c1C1CC3c3cc4c(cc31)C1CC4c3ccccc31)C1CC2c2cc3c(cc21)C1CC3c2ccccc21.[Li+].[Li+],0523E219D88C79C8FF3952D24ADDE3A68E28198CE5EE5C77D8FECF429412627C,HOST_CAN_0082,PASS,C[C@@H](O)[C@H](NC(=O)[C@@H](NC(=O)[C@@H](N)CCCCN)[C@@H](C)O)C(=O)N[C@@H](CCCCN)C(=O)O,48959E6666B9351F93E21DA4E154BDC3D543856AAFCE540E48F8B76275DF65EB,GUEST_CAN_0540,PASS,GINE,4,host_cold,4,4.56522274017334
136,56,120,CC(COCC1C2C(C(C(O1)OC3C(OC(C(C3O)O)OC4C(OC(C(C4O)O)OC5C(OC(C(C5O)O)OC6C(OC(C(C6O)O)OC7C(OC(C(C7O)O)OC8C(OC(O2)C(C8O)O)COCC(C)O)COCC(C)O)COCC(C)O)COCC(C)O)COCC(C)O)COCC(C)O)O)O)O,CC1=CC2=NC3=C(C=C(C=C3)N(C)C)N=C2C=C1N.Cl,cyclodextrin,3.065200090408325,CC(O)COCC1OC2OC3C(COCC(C)O)OC(OC4C(COCC(C)O)OC(OC5C(COCC(C)O)OC(OC6C(COCC(C)O)OC(OC7C(COCC(C)O)OC(OC8C(COCC(C)O)OC(OC1C(O)C2O)C(O)C8O)C(O)C7O)C(O)C6O)C(O)C5O)C(O)C4O)C(O)C3O,230541427DC92F12743008B2626A57F6159DF410C224BE8F505DFF020C17F26C,HOST_CAN_0012,PASS,Cc1cc2nc3ccc(N(C)C)cc3nc2cc1N.Cl,38DA61F40FBF04D6F8617D026997AD15F6CEDB2A1A227B5595A652A18AA9F05C,GUEST_CAN_0653,PASS,GINE,4,host_cold,4,2.2666187286376953
146,35,128,[O-]P(=O)(Oc1c2c(c(c3c1C1CC3c3c1cc1c(c3)C3CC1c1c3cccc1)OP(=O)(C)[O-])C1CC2c2c1cc1c(c2)C2CC1c1c2cccc1)C.[Li+].[Li+],CC(C(=O)NC(C)C(=O)O)NC(=O)C(CCCCN)N,other,3.061300039291382,CP(=O)([O-])Oc1c2c(c(OP(C)(=O)[O-])c3c1C1CC3c3cc4c(cc31)C1CC4c3ccccc31)C1CC2c2cc3c(cc21)C1CC3c2ccccc21.[Li+].[Li+],0523E219D88C79C8FF3952D24ADDE3A68E28198CE5EE5C77D8FECF429412627C,HOST_CAN_0082,PASS,CC(NC(=O)C(C)NC(=O)C(N)CCCCN)C(=O)O,6B60BD9D877B495644FFD1994D39DBA22E57ACB5DF9DF710853F9E07FADFADC2,GUEST_CAN_0185,PASS,GINE,4,host_cold,4,4.129411697387695
169,67,147,COCCOCCOCCN1C2C(N(C1=O)CCOCCOCCOC)N1C(=O)N2CN2C(=O)N(C3C2N(CCOCCOCCOC)C(=O)N3CCOCCOCCOC)CN2C(=O)N(C3C2N(CCOCCOCCOC)C(=O)N3CCOCCOCCOC)CN2C(=O)N(CN3C(=O)N(CN4C(=O)N(C1)C1C4N(C(=O)N1CCOCCOCCOC)CCOCCOCCOC)C1C3N(C(=O)N1CCOCCOCCOC)CCOCCOCCOC)C1C2N(CCOCCOCCOC)C(=O)N1CCOCCOCCOC,[Na+].[Br-],other,5.127099990844727,COCCOCCOCCN1C(=O)N(CCOCCOCCOC)C2C1N1CN3C(=O)N(CN4C(=O)N(CN5C(=O)N(CN6C(=O)N(CN7C(=O)N(CN2C1=O)C1C7N(CCOCCOCCOC)C(=O)N1CCOCCOCCOC)C1C6N(CCOCCOCCOC)C(=O)N1CCOCCOCCOC)C1C5N(CCOCCOCCOC)C(=O)N1CCOCCOCCOC)C1C4N(CCOCCOCCOC)C(=O)N1CCOCCOCCOC)C1C3N(CCOCCOCCOC)C(=O)N1CCOCCOCCOC,62192EF92C15D4B199D2DAB70679D4FE4B9DB65514F9B760A1D77C13905222B6,HOST_CAN_0056,PASS,[Br-].[Na+],416099B4B133E41EC087C7D86DCB47A138D611DA911F8EA68A7258F3B4B51E59,GUEST_CAN_1017,PASS,GINE,4,host_cold,4,2.148749589920044
177,8,154,C1N2C3C4N(C2=O)CN5C6C7N(C5=O)CN8C9C2N(C8=O)CN5C8C%10N(C5=O)CN5C%11C%12N(C5=O)CN5C%13C(N1C5=O)N1CN3C(=O)N4CN6C(=O)N7CN9C(=O)N2CN8C(=O)N%10CN%11C(=O)N%12CN%13C1=O,C(CCCCCN)CCCCC(=O)O,cucurbituril,2.305000066757202,O=C1N2CN3C(=O)N4CN5C(=O)N6CN7C(=O)N8CN9C(=O)N%10CN%11C(=O)N%12CN1C1C2N2CN%13C(=O)N(CN%14C(=O)N(CN%15C(=O)N(CN%16C(=O)N(CN%17C(=O)N(CN1C2=O)C%12C%11%17)C%10C9%16)C8C7%15)C6C5%14)C4C3%13,2526C525F966BEE6CB589BBB60C9F4124C02584847747BDAFF4E92B4462536E8,HOST_CAN_0149,PASS,NCCCCCCCCCCC(=O)O,D90EFEE84C464F882AC76B640D951FCA4E157CA4A4440656F6A9CC8622E8483C,GUEST_CAN_0791,PASS,GINE,4,host_cold,4,5.93946647644043
179,8,156,C1N2C3C4N(C2=O)CN5C6C7N(C5=O)CN8C9C2N(C8=O)CN5C8C%10N(C5=O)CN5C%11C%12N(C5=O)CN5C%13C(N1C5=O)N1CN3C(=O)N4CN6C(=O)N7CN9C(=O)N2CN8C(=O)N%10CN%11C(=O)N%12CN%13C1=O,[Xe],cucurbituril,3.4888999462127686,O=C1N2CN3C(=O)N4CN5C(=O)N6CN7C(=O)N8CN9C(=O)N%10CN%11C(=O)N%12CN1C1C2N2CN%13C(=O)N(CN%14C(=O)N(CN%15C(=O)N(CN%16C(=O)N(CN%17C(=O)N(CN1C2=O)C%12C%11%17)C%10C9%16)C8C7%15)C6C5%14)C4C3%13,2526C525F966BEE6CB589BBB60C9F4124C02584847747BDAFF4E92B4462536E8,HOST_CAN_0149,PASS,[Xe],463C698387C428389929BF1416FF8D357192FAE637E5A26BA0E54A16E2EDDA63,GUEST_CAN_1116,PASS,GINE,4,host_cold,4,3.028167724609375
182,69,158,NCCN1C=C(N=N1)COC(C=C2)=C(CNCC3=C(OCC(N=N4)=CN4CCN)C=CC5=C3C=C6)C7=C2C8=C(C=C7)OC9CC8C%10=C(O9)C=CC%11=C%10C=CC(OCC(N=N%12)=CN%12CCN)=C%11CNCC%13=C(OCC(N=N%14)=CN%14CCN)C=CC%15=C%13C=CC(O%16)=C%15C%17C5=C6OC%16C%17,C1=CC=C(C=C1)C(=O)O,other,3.6989998817443848,NCCn1cc(COc2ccc3c4c5ccc3c2CNCc2c(OCc3cn(CCN)nn3)ccc3c6c(ccc23)OC2CC6c3c(ccc6c(c(OCc7cn(CCN)nn7)ccc36)CNCc3c(OCc6cn(CCN)nn6)ccc6c7c(ccc36)OC(CC47)O5)O2)nn1,E69AC36986BDADC1E5A61FE9021251B6D5437DB096F231021CE94D055FF4BCBF,HOST_CAN_0113,PASS,O=C(O)c1ccccc1,FB7121A404676CF43E907EAABFB098AF18557AB9D043E43ECEF0481B99D8D8F1,GUEST_CAN_0890,PASS,GINE,4,host_cold,4,2.189608573913574
189,72,165,O=C1N2CN3C(=O)N4C5C3N3CN6C2C2N1CN1C(=O)N7C8C1N(CN2C6=O)C(=O)N8CN1C2N(C7)C(=O)N6C2N(C1=O)CN1C2N(C6)C(=O)N6CN7C(=O)N(C4CCc4ccccc4)C4N(CN5C3=O)C(=O)N(C74)CN(C26)C1=O,CCCCC[NH3+],cucurbituril,6.369200229644775,O=C1N2CN3C(=O)N4CN5C(=O)N6CN7C(=O)N8CN9C(=O)N%10CN%11C(=O)N%12CN1C1C2N2CN%13C(=O)N(CN%14C(=O)N(CN%15C(=O)N(C8C7%15)C(CCc7ccccc7)N7C(=O)N(CN8C(=O)N(CN1C2=O)C%12C%118)C%10C97)C6C5%14)C4C3%13,36560286898506CAA57C8D987F07AFAC12E98F8C83DA8997C6DC1417F3238164,HOST_CAN_0148,PASS,CCCCC[NH3+],87469872E602061811AE44CAB9FD6AF6067BA08C39AA373262A49AD7E46387C5,GUEST_CAN_0307,PASS,GINE,4,host_cold,4,5.763857841491699
191,9,167,[O-]C(=O)COc1ccc2c3c1CNC(=O)c1c(OCC(=O)[O-])ccc4c1ccc1c4C4CC(O1)Oc1c4c4ccc(c(C(=O)NCc5c6c(c7C8c2c(cc3)OC(C8)Oc7cc6)ccc5OCC(=O)[O-])c4cc1)OCC(=O)[O-].[NH4+].[NH4+].[NH4+].[NH4+],C1COCCO1,other,3.5434999465942383,O=C([O-])COc1ccc2c3c4ccc2c1CNC(=O)c1c(OCC(=O)[O-])ccc2c5c(ccc12)OC1CC5c2c(ccc5c(c(OCC(=O)[O-])ccc25)C(=O)NCc2c(OCC(=O)[O-])ccc5c6c(ccc25)OC(CC36)O4)O1.[NH4+].[NH4+].[NH4+].[NH4+],7D3830C6A6E10F82EEBCC3ED68B861BB21ED63B1DDB277580F3032527E5A1183,HOST_CAN_0139,PASS,C1COCCO1,53B5B2411B4BFE41E435D13DF6E66C572946E99310064792E760333B1B14CB05,GUEST_CAN_0037,PASS,GINE,4,host_cold,4,3.283393144607544
192,56,46,CC(COCC1C2C(C(C(O1)OC3C(OC(C(C3O)O)OC4C(OC(C(C4O)O)OC5C(OC(C(C5O)O)OC6C(OC(C(C6O)O)OC7C(OC(C(C7O)O)OC8C(OC(O2)C(C8O)O)COCC(C)O)COCC(C)O)COCC(C)O)COCC(C)O)COCC(C)O)COCC(C)O)O)O)O,C1=CC=C(C=C1)NC2=CC=CC3=C2C(=CC=C3)S(=O)(=O)O,cyclodextrin,2.6812000274658203,CC(O)COCC1OC2OC3C(COCC(C)O)OC(OC4C(COCC(C)O)OC(OC5C(COCC(C)O)OC(OC6C(COCC(C)O)OC(OC7C(COCC(C)O)OC(OC8C(COCC(C)O)OC(OC1C(O)C2O)C(O)C8O)C(O)C7O)C(O)C6O)C(O)C5O)C(O)C4O)C(O)C3O,230541427DC92F12743008B2626A57F6159DF410C224BE8F505DFF020C17F26C,HOST_CAN_0012,PASS,O=S(=O)(O)c1cccc2cccc(Nc3ccccc3)c12,C8ECBFB7BFF882EF953A90B709957BBDD5A708508C39AD89F6640E78DA78E786,GUEST_CAN_0932,PASS,GINE,4,host_cold,4,2.038050651550293
204,52,178,OC(=O)COc1c2Cc3cc(cc(c3O)Cc3cc(cc(c3O)Cc3cc(cc(Cc4c(c(Cc5c(c(Cc1cc(c2)S(=O)(=O)O)cc(c5)S(=O)(=O)O)O)cc(c4)S(=O)(=O)O)O)c3O)S(=O)(=O)O)S(=O)(=O)O)S(=O)(=O)O,C(CCN)CC(C(=O)O)N,calixarene,3.2339999675750732,O=C(O)COc1c2cc(S(=O)(=O)O)cc1Cc1cc(S(=O)(=O)O)cc(c1O)Cc1cc(S(=O)(=O)O)cc(c1O)Cc1cc(S(=O)(=O)O)cc(c1O)Cc1cc(S(=O)(=O)O)cc(c1O)Cc1cc(S(=O)(=O)O)cc(c1O)C2,89AB142F8D041F89710D49168CBEF0FA0D792576B82031818BFF7C2DE5D92117,HOST_CAN_0127,PASS,NCCCCC(N)C(=O)O,BD55DE8B1F18BBBA0B9FB86FA685E52B4743F1B75F837E0522E8C602B3191BA0,GUEST_CAN_0785,PASS,GINE,4,host_cold,4,3.0775198936462402
209,9,182,[O-]C(=O)COc1ccc2c3c1CNC(=O)c1c(OCC(=O)[O-])ccc4c1ccc1c4C4CC(O1)Oc1c4c4ccc(c(C(=O)NCc5c6c(c7C8c2c(cc3)OC(C8)Oc7cc6)ccc5OCC(=O)[O-])c4cc1)OCC(=O)[O-].[NH4+].[NH4+].[NH4+].[NH4+],C1CCOCC1,other,1.8595000505447388,O=C([O-])COc1ccc2c3c4ccc2c1CNC(=O)c1c(OCC(=O)[O-])ccc2c5c(ccc12)OC1CC5c2c(ccc5c(c(OCC(=O)[O-])ccc25)C(=O)NCc2c(OCC(=O)[O-])ccc5c6c(ccc25)OC(CC36)O4)O1.[NH4+].[NH4+].[NH4+].[NH4+],7D3830C6A6E10F82EEBCC3ED68B861BB21ED63B1DDB277580F3032527E5A1183,HOST_CAN_0139,PASS,C1CCOCC1,E0A38598DE1D53573CE811CBA0B67722827A50C57A5C680311F16C1F0ECC1DD8,GUEST_CAN_0030,PASS,GINE,4,host_cold,4,4.353524208068848
210,75,183,CN1[C@H]2[C@@H](N(C1=O)C)N3CN4[C@@H]5[C@@H](N(C(=O)N5C)C)N(C4=O)CN6[C@@H]7[C@@H](N(C(=O)N7C)C)N(C6=O)CN8[C@@H]9[C@@H](N(C(=O)N9C)C)N(C8=O)CN1[C@@H]4[C@@H](N(C(=O)N4C)C)N(C1=O)CN1[C@@H]4[C@@H](N(C(=O)N4C)C)N(C1=O)CN2C3=O,[B-](F)(F)(F)F,other,4.320099830627441,CN1C(=O)N(C)[C@@H]2[C@H]1N1CN3C(=O)N(CN4C(=O)N(CN5C(=O)N(CN6C(=O)N(CN7C(=O)N(CN2C1=O)[C@@H]1[C@H]7N(C)C(=O)N1C)[C@@H]1[C@H]6N(C)C(=O)N1C)[C@@H]1[C@H]5N(C)C(=O)N1C)[C@@H]1[C@H]4N(C)C(=O)N1C)[C@@H]1[C@H]3N(C)C(=O)N1C,D6C3F21332661BB9069594818AE00619D2227BBAE869749EDEEAB00A6EE038AA,HOST_CAN_0053,PASS,F[B-](F)(F)F,436A6B8CF102290FA624E32B2AE01FCD96D5223071B27811CF6FDE8C8695D533,GUEST_CAN_0704,PASS,GINE,4,host_cold,4,7.106703758239746
216,72,181,O=C1N2CN3C(=O)N4C5C3N3CN6C2C2N1CN1C(=O)N7C8C1N(CN2C6=O)C(=O)N8CN1C2N(C7)C(=O)N6C2N(C1=O)CN1C2N(C6)C(=O)N6CN7C(=O)N(C4CCc4ccccc4)C4N(CN5C3=O)C(=O)N(C74)CN(C26)C1=O,C(CCC[NH3+])CC[NH3+].[Cl-].[Cl-],cucurbituril,8.531499862670898,O=C1N2CN3C(=O)N4CN5C(=O)N6CN7C(=O)N8CN9C(=O)N%10CN%11C(=O)N%12CN1C1C2N2CN%13C(=O)N(CN%14C(=O)N(CN%15C(=O)N(C8C7%15)C(CCc7ccccc7)N7C(=O)N(CN8C(=O)N(CN1C2=O)C%12C%118)C%10C97)C6C5%14)C4C3%13,36560286898506CAA57C8D987F07AFAC12E98F8C83DA8997C6DC1417F3238164,HOST_CAN_0148,PASS,[Cl-].[Cl-].[NH3+]CCCCCC[NH3+],C5972710ADEA5F593934762CCF65EB152DFF548B5145AFDEFD51BD47BE3931B7,GUEST_CAN_1029,PASS,GINE,4,host_cold,4,5.866127967834473
222,35,102,[O-]P(=O)(Oc1c2c(c(c3c1C1CC3c3c1cc1c(c3)C3CC1c1c3cccc1)OP(=O)(C)[O-])C1CC2c2c1cc1c(c2)C2CC1c1c2cccc1)C.[Li+].[Li+],CC(=O)NC(CCCCN)C(=O)OC.Cl,other,4.058499813079834,CP(=O)([O-])Oc1c2c(c(OP(C)(=O)[O-])c3c1C1CC3c3cc4c(cc31)C1CC4c3ccccc31)C1CC2c2cc3c(cc21)C1CC3c2ccccc21.[Li+].[Li+],0523E219D88C79C8FF3952D24ADDE3A68E28198CE5EE5C77D8FECF429412627C,HOST_CAN_0082,PASS,COC(=O)C(CCCCN)NC(C)=O.Cl,5A0A62219231BC9A9B1FFE190DDB386916DC23A68C87DBD4EDE828D9A34D1434,GUEST_CAN_0436,PASS,GINE,4,host_cold,4,3.937250852584839
227,9,196,[O-]C(=O)COc1ccc2c3c1CNC(=O)c1c(OCC(=O)[O-])ccc4c1ccc1c4C4CC(O1)Oc1c4c4ccc(c(C(=O)NCc5c6c(c7C8c2c(cc3)OC(C8)Oc7cc6)ccc5OCC(=O)[O-])c4cc1)OCC(=O)[O-].[NH4+].[NH4+].[NH4+].[NH4+],CCOCC,other,2.5508999824523926,O=C([O-])COc1ccc2c3c4ccc2c1CNC(=O)c1c(OCC(=O)[O-])ccc2c5c(ccc12)OC1CC5c2c(ccc5c(c(OCC(=O)[O-])ccc25)C(=O)NCc2c(OCC(=O)[O-])ccc5c6c(ccc25)OC(CC36)O4)O1.[NH4+].[NH4+].[NH4+].[NH4+],7D3830C6A6E10F82EEBCC3ED68B861BB21ED63B1DDB277580F3032527E5A1183,HOST_CAN_0139,PASS,CCOCC,F2EF24D8A92C71B25A77CA5F108DAD81819066E2824CDD28DF5B970402C795D1,GUEST_CAN_0365,PASS,GINE,4,host_cold,4,3.479635715484619
236,9,203,[O-]C(=O)COc1ccc2c3c1CNC(=O)c1c(OCC(=O)[O-])ccc4c1ccc1c4C4CC(O1)Oc1c4c4ccc(c(C(=O)NCc5c6c(c7C8c2c(cc3)OC(C8)Oc7cc6)ccc5OCC(=O)[O-])c4cc1)OCC(=O)[O-].[NH4+].[NH4+].[NH4+].[NH4+],C1CCOC1,other,2.0327999591827393,O=C([O-])COc1ccc2c3c4ccc2c1CNC(=O)c1c(OCC(=O)[O-])ccc2c5c(ccc12)OC1CC5c2c(ccc5c(c(OCC(=O)[O-])ccc25)C(=O)NCc2c(OCC(=O)[O-])ccc5c6c(ccc25)OC(CC36)O4)O1.[NH4+].[NH4+].[NH4+].[NH4+],7D3830C6A6E10F82EEBCC3ED68B861BB21ED63B1DDB277580F3032527E5A1183,HOST_CAN_0139,PASS,C1CCOC1,92623CCD36BC322BF260D54035FF640468C5FF006FE42959840EAA9126B6208E,GUEST_CAN_0029,PASS,GINE,4,host_cold,4,4.111807823181152
241,38,206,C1C2C3=CC=CC=C3C4=C5C6CC7=CC=CC=C7C8=CC(=CC(=C8)C9=CC=CC=C9CC3C7=CC=CC=C7C(=C24)C3=C5C2=CC=CC=C62)C2=CC=CC=C21,C1=CC=C2C=NC=CC2=C1,cyclophane,3.322200059890747,c1ccc2c(c1)CC1c3ccccc3-c3c1c1c4c5c3C(Cc3ccccc3-c3cc-2cc(c3)-c2ccccc2CC4c2ccccc2-1)c1ccccc1-5,7D60610AC6275537B6952E12359C97C789A38E2FA1295732E16AF89573CE95C4,HOST_CAN_0186,PASS,c1ccc2cnccc2c1,928B59C2A28E6A58DE5AA06A7F4D9FF4CE2E177C6081881D5AAA0ECA61C76111,GUEST_CAN_1141,PASS,GINE,4,host_cold,4,3.2755699157714844
251,81,212,[Na]OS(=O)(=O)CCCOc1c2CN3C(=O)N4[C@]5([C@@]3(N(Cc2c(c2c1cccc2)OCCCS(=O)(=O)O[Na])C(=O)N5CN1[C@@H]2N(C4)C(=O)N3[C@@H]2N(C1=O)CN1[C@@]2(N(C3)C(=O)N3[C@]2(C)N(C1=O)Cc1c(C3)c(OCCCS(=O)(=O)O[Na])c2c(c1OCCCS(=O)(=O)O[Na])cccc2)C)C)C,CCC1(C2=C(COC1=O)C(=O)N3CC4=CC5=CC=CC=C5N=C4C3=C2)O,other,3.3010001182556152,C[C@]12N3Cc4c(c(OCCCS(=O)(=O)[O][Na])c5ccccc5c4OCCCS(=O)(=O)[O][Na])CN1C(=O)N1CN4C(=O)N5CN6C(=O)N7Cc8c(c(OCCCS(=O)(=O)[O][Na])c9ccccc9c8OCCCS(=O)(=O)[O][Na])CN8C(=O)N(CN9C(=O)N(CN(C3=O)[C@]12C)[C@@H]4[C@H]95)[C@]6(C)[C@@]78C,1051D36AAACAE48FD5F1E66929B325E14F767999AA707E5010C4574020990EA7,HOST_CAN_0089,PASS,CCC1(O)C(=O)OCc2c1cc1n(c2=O)Cc2cc3ccccc3nc2-1,E9469B35D0FA832E6E52F35A157677A6168BC086499F2BDA38D585474E1165AE,GUEST_CAN_0263,PASS,GINE,4,host_cold,4,3.9838485717773438
253,9,214,[O-]C(=O)COc1ccc2c3c1CNC(=O)c1c(OCC(=O)[O-])ccc4c1ccc1c4C4CC(O1)Oc1c4c4ccc(c(C(=O)NCc5c6c(c7C8c2c(cc3)OC(C8)Oc7cc6)ccc5OCC(=O)[O-])c4cc1)OCC(=O)[O-].[NH4+].[NH4+].[NH4+].[NH4+],CC1C(O1)C2=CC=CC=C2,other,5.219600200653076,O=C([O-])COc1ccc2c3c4ccc2c1CNC(=O)c1c(OCC(=O)[O-])ccc2c5c(ccc12)OC1CC5c2c(ccc5c(c(OCC(=O)[O-])ccc25)C(=O)NCc2c(OCC(=O)[O-])ccc5c6c(ccc25)OC(CC36)O4)O1.[NH4+].[NH4+].[NH4+].[NH4+],7D3830C6A6E10F82EEBCC3ED68B861BB21ED63B1DDB277580F3032527E5A1183,HOST_CAN_0139,PASS,CC1OC1c1ccccc1,54EBB6A09AE5F8E149FA481FA6C4198A306FEEFF951AD05F8AE3FD8CFB01AA30,GUEST_CAN_0245,PASS,GINE,4,host_cold,4,4.5176825523376465
255,8,216,C1N2C3C4N(C2=O)CN5C6C7N(C5=O)CN8C9C2N(C8=O)CN5C8C%10N(C5=O)CN5C%11C%12N(C5=O)CN5C%13C(N1C5=O)N1CN3C(=O)N4CN6C(=O)N7CN9C(=O)N2CN8C(=O)N%10CN%11C(=O)N%12CN%13C1=O,CCCCCCCCCCCCN1C=C[N+](=C1)C.[Br-],cucurbituril,4.0,O=C1N2CN3C(=O)N4CN5C(=O)N6CN7C(=O)N8CN9C(=O)N%10CN%11C(=O)N%12CN1C1C2N2CN%13C(=O)N(CN%14C(=O)N(CN%15C(=O)N(CN%16C(=O)N(CN%17C(=O)N(CN1C2=O)C%12C%11%17)C%10C9%16)C8C7%15)C6C5%14)C4C3%13,2526C525F966BEE6CB589BBB60C9F4124C02584847747BDAFF4E92B4462536E8,HOST_CAN_0149,PASS,CCCCCCCCCCCCn1cc[n+](C)c1.[Br-],CD7167C0F891AE08108329D9EF0FD9FFC2088DDCEB272AE97DD3E16641AFE621,GUEST_CAN_0287,PASS,GINE,4,host_cold,4,6.956392288208008
259,56,218,CC(COCC1C2C(C(C(O1)OC3C(OC(C(C3O)O)OC4C(OC(C(C4O)O)OC5C(OC(C(C5O)O)OC6C(OC(C(C6O)O)OC7C(OC(C(C7O)O)OC8C(OC(O2)C(C8O)O)COCC(C)O)COCC(C)O)COCC(C)O)COCC(C)O)COCC(C)O)COCC(C)O)O)O)O,C1=CC(=C2C(=C1Cl)C(=O)OC23C4=C(C(=C(C(=C4Cl)Cl)O)I)OC5=C3C(=C(C(=C5I)O)I)I)Cl,cyclodextrin,2.381999969482422,CC(O)COCC1OC2OC3C(COCC(C)O)OC(OC4C(COCC(C)O)OC(OC5C(COCC(C)O)OC(OC6C(COCC(C)O)OC(OC7C(COCC(C)O)OC(OC8C(COCC(C)O)OC(OC1C(O)C2O)C(O)C8O)C(O)C7O)C(O)C6O)C(O)C5O)C(O)C4O)C(O)C3O,230541427DC92F12743008B2626A57F6159DF410C224BE8F505DFF020C17F26C,HOST_CAN_0012,PASS,O=C1OC2(c3c(Cl)c(Cl)c(O)c(I)c3Oc3c(I)c(O)c(I)c(I)c32)c2c(Cl)ccc(Cl)c21,2276FE7209D0328AA6DE09090A988130367FB49E4266A5B28A231DE657858EEF,GUEST_CAN_0923,PASS,GINE,4,host_cold,4,3.453638792037964
266,8,222,C1N2C3C4N(C2=O)CN5C6C7N(C5=O)CN8C9C2N(C8=O)CN5C8C%10N(C5=O)CN5C%11C%12N(C5=O)CN5C%13C(N1C5=O)N1CN3C(=O)N4CN6C(=O)N7CN9C(=O)N2CN8C(=O)N%10CN%11C(=O)N%12CN%13C1=O,[NH3+]CC1CC1,cucurbituril,4.377099990844727,O=C1N2CN3C(=O)N4CN5C(=O)N6CN7C(=O)N8CN9C(=O)N%10CN%11C(=O)N%12CN1C1C2N2CN%13C(=O)N(CN%14C(=O)N(CN%15C(=O)N(CN%16C(=O)N(CN%17C(=O)N(CN1C2=O)C%12C%11%17)C%10C9%16)C8C7%15)C6C5%14)C4C3%13,2526C525F966BEE6CB589BBB60C9F4124C02584847747BDAFF4E92B4462536E8,HOST_CAN_0149,PASS,[NH3+]CC1CC1,B3170F4D121CEBE91AB2AFD1F0A78CFD031353C8B86994E41283B46DE30C0A57,GUEST_CAN_1076,PASS,GINE,4,host_cold,4,8.641138076782227
272,85,227,OC[C@H]1O[C@@H]2O[C@@H]3[C@@H](CO)O[C@H](O[C@@H]4[C@@H](CO)O[C@H](O[C@@H]5[C@@H](CO)O[C@H](O[C@@H]6[C@@H](CO)O[C@H](O[C@@H]7[C@@H](CO)O[C@H](O[C@@H]8[C@@H](CO)O[C@H](O[C@@H]9[C@@H](CO)O[C@H](O[C@H]1[C@H](O)[C@H]2O)[C@H](O)[C@H]9O)[C@H](O)[C@H]8O)[C@H](O)[C@H]7O)[C@H](O)[C@H]6O)[C@H](O)[C@H]5O)[C@H](O)[C@H]4O)[C@H](O)[C@H]3O,C1=CC2=C3C(=C(C=C2S(=O)(=O)[O-])S(=O)(=O)[O-])C=CC4=C(C=C(C1=C43)O)S(=O)(=O)[O-].[Na+].[Na+].[Na+],cyclodextrin,2.079200029373169,OC[C@H]1O[C@@H]2O[C@H]3[C@H](O)[C@@H](O)[C@@H](O[C@H]4[C@H](O)[C@@H](O)[C@@H](O[C@H]5[C@H](O)[C@@H](O)[C@@H](O[C@H]6[C@H](O)[C@@H](O)[C@@H](O[C@H]7[C@H](O)[C@@H](O)[C@@H](O[C@H]8[C@H](O)[C@@H](O)[C@@H](O[C@H]9[C@H](O)[C@@H](O)[C@@H](O[C@H]1[C@H](O)[C@H]2O)O[C@@H]9CO)O[C@@H]8CO)O[C@@H]7CO)O[C@@H]6CO)O[C@@H]5CO)O[C@@H]4CO)O[C@@H]3CO,4E4982FCAA8A96CE9D40EDC97C9574B542F86F2BEB463ECAA6DCE3670D2F9B83,HOST_CAN_0177,PASS,O=S(=O)([O-])c1cc(O)c2ccc3c(S(=O)(=O)[O-])cc(S(=O)(=O)[O-])c4ccc1c2c34.[Na+].[Na+].[Na+],4E2B44F71E9B2EDABB9E2D91BDD65E116181B988A2F2FA29C9F84C06B7D0A65C,GUEST_CAN_0936,PASS,GINE,4,host_cold,4,2.4224119186401367
285,8,215,C1N2C3C4N(C2=O)CN5C6C7N(C5=O)CN8C9C2N(C8=O)CN5C8C%10N(C5=O)CN5C%11C%12N(C5=O)CN5C%13C(N1C5=O)N1CN3C(=O)N4CN6C(=O)N7CN9C(=O)N2CN8C(=O)N%10CN%11C(=O)N%12CN%13C1=O,CC(C(=O)O)N,cucurbituril,3.01990008354187,O=C1N2CN3C(=O)N4CN5C(=O)N6CN7C(=O)N8CN9C(=O)N%10CN%11C(=O)N%12CN1C1C2N2CN%13C(=O)N(CN%14C(=O)N(CN%15C(=O)N(CN%16C(=O)N(CN%17C(=O)N(CN1C2=O)C%12C%11%17)C%10C9%16)C8C7%15)C6C5%14)C4C3%13,2526C525F966BEE6CB589BBB60C9F4124C02584847747BDAFF4E92B4462536E8,HOST_CAN_0149,PASS,CC(N)C(=O)O,6AC3AD1747D8E4C9B36EA5FBFB37965B87CCE816D9D72141F9005590B6D6FC3C,GUEST_CAN_0180,PASS,GINE,4,host_cold,4,3.341578722000122
295,38,242,C1C2C3=CC=CC=C3C4=C5C6CC7=CC=CC=C7C8=CC(=CC(=C8)C9=CC=CC=C9CC3C7=CC=CC=C7C(=C24)C3=C5C2=CC=CC=C62)C2=CC=CC=C21,CN1CCC23C4C1CC5=C2C(=C(C=C5)OC)OC3C(C=C4)O,cyclophane,4.338500022888184,c1ccc2c(c1)CC1c3ccccc3-c3c1c1c4c5c3C(Cc3ccccc3-c3cc-2cc(c3)-c2ccccc2CC4c2ccccc2-1)c1ccccc1-5,7D60610AC6275537B6952E12359C97C789A38E2FA1295732E16AF89573CE95C4,HOST_CAN_0186,PASS,COc1ccc2c3c1OC1C(O)C=CC4C(C2)N(C)CCC341,7F7100996382AB51457E244D3A00745CCB3CEEE66F92C29E71084AF61E985E84,GUEST_CAN_0495,PASS,GINE,4,host_cold,4,5.281370162963867
296,8,243,C1N2C3C4N(C2=O)CN5C6C7N(C5=O)CN8C9C2N(C8=O)CN5C8C%10N(C5=O)CN5C%11C%12N(C5=O)CN5C%13C(N1C5=O)N1CN3C(=O)N4CN6C(=O)N7CN9C(=O)N2CN8C(=O)N%10CN%11C(=O)N%12CN%13C1=O,Cl[Yb](Cl)Cl,cucurbituril,3.5,O=C1N2CN3C(=O)N4CN5C(=O)N6CN7C(=O)N8CN9C(=O)N%10CN%11C(=O)N%12CN1C1C2N2CN%13C(=O)N(CN%14C(=O)N(CN%15C(=O)N(CN%16C(=O)N(CN%17C(=O)N(CN1C2=O)C%12C%11%17)C%10C9%16)C8C7%15)C6C5%14)C4C3%13,2526C525F966BEE6CB589BBB60C9F4124C02584847747BDAFF4E92B4462536E8,HOST_CAN_0149,PASS,[Cl][Yb]([Cl])[Cl],59CFD47D9F207EC2824B835E6D02D9135A48C726F605678F4A01D79FC70A9A4A,GUEST_CAN_1048,PASS,GINE,4,host_cold,4,2.187943458557129
297,8,229,C1N2C3C4N(C2=O)CN5C6C7N(C5=O)CN8C9C2N(C8=O)CN5C8C%10N(C5=O)CN5C%11C%12N(C5=O)CN5C%13C(N1C5=O)N1CN3C(=O)N4CN6C(=O)N7CN9C(=O)N2CN8C(=O)N%10CN%11C(=O)N%12CN%13C1=O,[Na+],cucurbituril,3.2465999126434326,O=C1N2CN3C(=O)N4CN5C(=O)N6CN7C(=O)N8CN9C(=O)N%10CN%11C(=O)N%12CN1C1C2N2CN%13C(=O)N(CN%14C(=O)N(CN%15C(=O)N(CN%16C(=O)N(CN%17C(=O)N(CN1C2=O)C%12C%11%17)C%10C9%16)C8C7%15)C6C5%14)C4C3%13,2526C525F966BEE6CB589BBB60C9F4124C02584847747BDAFF4E92B4462536E8,HOST_CAN_0149,PASS,[Na+],C967F382B185E1578CB9153250886D12807928AF715FC44BD49BA94ACEDD7043,GUEST_CAN_1098,PASS,GINE,4,host_cold,4,1.969179630279541
303,35,247,[O-]P(=O)(Oc1c2c(c(c3c1C1CC3c3c1cc1c(c3)C3CC1c1c3cccc1)OP(=O)(C)[O-])C1CC2c2c1cc1c(c2)C2CC1c1c2cccc1)C.[Li+].[Li+],CCCN.Cl,other,2.949399948120117,CP(=O)([O-])Oc1c2c(c(OP(C)(=O)[O-])c3c1C1CC3c3cc4c(cc31)C1CC4c3ccccc31)C1CC2c2cc3c(cc21)C1CC3c2ccccc21.[Li+].[Li+],0523E219D88C79C8FF3952D24ADDE3A68E28198CE5EE5C77D8FECF429412627C,HOST_CAN_0082,PASS,CCCN.Cl,0DCC17E8B00F17B7291FB9769588B735E70476832867685D99D2E1845EF423BB,GUEST_CAN_0330,PASS,GINE,4,host_cold,4,3.5460920333862305
309,67,82,COCCOCCOCCN1C2C(N(C1=O)CCOCCOCCOC)N1C(=O)N2CN2C(=O)N(C3C2N(CCOCCOCCOC)C(=O)N3CCOCCOCCOC)CN2C(=O)N(C3C2N(CCOCCOCCOC)C(=O)N3CCOCCOCCOC)CN2C(=O)N(CN3C(=O)N(CN4C(=O)N(C1)C1C4N(C(=O)N1CCOCCOCCOC)CCOCCOCCOC)C1C3N(C(=O)N1CCOCCOCCOC)CCOCCOCCOC)C1C2N(CCOCCOCCOC)C(=O)N1CCOCCOCCOC,[Br-],other,5.113900184631348,COCCOCCOCCN1C(=O)N(CCOCCOCCOC)C2C1N1CN3C(=O)N(CN4C(=O)N(CN5C(=O)N(CN6C(=O)N(CN7C(=O)N(CN2C1=O)C1C7N(CCOCCOCCOC)C(=O)N1CCOCCOCCOC)C1C6N(CCOCCOCCOC)C(=O)N1CCOCCOCCOC)C1C5N(CCOCCOCCOC)C(=O)N1CCOCCOCCOC)C1C4N(CCOCCOCCOC)C(=O)N1CCOCCOCCOC)C1C3N(CCOCCOCCOC)C(=O)N1CCOCCOCCOC,62192EF92C15D4B199D2DAB70679D4FE4B9DB65514F9B760A1D77C13905222B6,HOST_CAN_0056,PASS,[Br-],E6DA0DF46FDF8347E7A30490E2A486EB72695875E66B86F4DB498CD7FE50292E,GUEST_CAN_1014,PASS,GINE,4,host_cold,4,2.3843514919281006
320,75,259,CN1[C@H]2[C@@H](N(C1=O)C)N3CN4[C@@H]5[C@@H](N(C(=O)N5C)C)N(C4=O)CN6[C@@H]7[C@@H](N(C(=O)N7C)C)N(C6=O)CN8[C@@H]9[C@@H](N(C(=O)N9C)C)N(C8=O)CN1[C@@H]4[C@@H](N(C(=O)N4C)C)N(C1=O)CN1[C@@H]4[C@@H](N(C(=O)N4C)C)N(C1=O)CN2C3=O,O.[Na+].[SH-],other,4.230400085449219,CN1C(=O)N(C)[C@@H]2[C@H]1N1CN3C(=O)N(CN4C(=O)N(CN5C(=O)N(CN6C(=O)N(CN7C(=O)N(CN2C1=O)[C@@H]1[C@H]7N(C)C(=O)N1C)[C@@H]1[C@H]6N(C)C(=O)N1C)[C@@H]1[C@H]5N(C)C(=O)N1C)[C@@H]1[C@H]4N(C)C(=O)N1C)[C@@H]1[C@H]3N(C)C(=O)N1C,D6C3F21332661BB9069594818AE00619D2227BBAE869749EDEEAB00A6EE038AA,HOST_CAN_0053,PASS,O.[Na+].[SH-],6AB4F15725C0C493021ACFD5241D72DEC2416E3E783F239DE772FE3ED1470BA5,GUEST_CAN_0846,PASS,GINE,4,host_cold,4,2.9643988609313965
322,35,261,[O-]P(=O)(Oc1c2c(c(c3c1C1CC3c3c1cc1c(c3)C3CC1c1c3cccc1)OP(=O)(C)[O-])C1CC2c2c1cc1c(c2)C2CC1c1c2cccc1)C.[Li+].[Li+],COC(=O)[C@@H](NS(=O)(=O)c1ccc(cc1)C)CCCNC(=N)N.Cl,other,3.573699951171875,CP(=O)([O-])Oc1c2c(c(OP(C)(=O)[O-])c3c1C1CC3c3cc4c(cc31)C1CC4c3ccccc31)C1CC2c2cc3c(cc21)C1CC3c2ccccc21.[Li+].[Li+],0523E219D88C79C8FF3952D24ADDE3A68E28198CE5EE5C77D8FECF429412627C,HOST_CAN_0082,PASS,COC(=O)[C@H](CCCNC(=N)N)NS(=O)(=O)c1ccc(C)cc1.Cl,69A1872FFEDA0E526380090CB624BBF1E6E0B92AC270F4DB98A98EF1634A5CC4,GUEST_CAN_0448,PASS,GINE,4,host_cold,4,4.091931343078613
324,85,262,OC[C@H]1O[C@@H]2O[C@@H]3[C@@H](CO)O[C@H](O[C@@H]4[C@@H](CO)O[C@H](O[C@@H]5[C@@H](CO)O[C@H](O[C@@H]6[C@@H](CO)O[C@H](O[C@@H]7[C@@H](CO)O[C@H](O[C@@H]8[C@@H](CO)O[C@H](O[C@@H]9[C@@H](CO)O[C@H](O[C@H]1[C@H](O)[C@H]2O)[C@H](O)[C@H]9O)[C@H](O)[C@H]8O)[C@H](O)[C@H]7O)[C@H](O)[C@H]6O)[C@H](O)[C@H]5O)[C@H](O)[C@H]4O)[C@H](O)[C@H]3O,CCN(CC)CCOC(=O)C1=CC=C(C=C1)N.Cl,cyclodextrin,1.4598000049591064,OC[C@H]1O[C@@H]2O[C@H]3[C@H](O)[C@@H](O)[C@@H](O[C@H]4[C@H](O)[C@@H](O)[C@@H](O[C@H]5[C@H](O)[C@@H](O)[C@@H](O[C@H]6[C@H](O)[C@@H](O)[C@@H](O[C@H]7[C@H](O)[C@@H](O)[C@@H](O[C@H]8[C@H](O)[C@@H](O)[C@@H](O[C@H]9[C@H](O)[C@@H](O)[C@@H](O[C@H]1[C@H](O)[C@H]2O)O[C@@H]9CO)O[C@@H]8CO)O[C@@H]7CO)O[C@@H]6CO)O[C@@H]5CO)O[C@@H]4CO)O[C@@H]3CO,4E4982FCAA8A96CE9D40EDC97C9574B542F86F2BEB463ECAA6DCE3670D2F9B83,HOST_CAN_0177,PASS,CCN(CC)CCOC(=O)c1ccc(N)cc1.Cl,B6592951C8A510E3B4F06E47C61517E830D4419A9C487D8E3D4F7EA1AAA33F0C,GUEST_CAN_0342,PASS,GINE,4,host_cold,4,2.5891904830932617
327,9,265,[O-]C(=O)COc1ccc2c3c1CNC(=O)c1c(OCC(=O)[O-])ccc4c1ccc1c4C4CC(O1)Oc1c4c4ccc(c(C(=O)NCc5c6c(c7C8c2c(cc3)OC(C8)Oc7cc6)ccc5OCC(=O)[O-])c4cc1)OCC(=O)[O-].[NH4+].[NH4+].[NH4+].[NH4+],C1COCO1,other,2.654400110244751,O=C([O-])COc1ccc2c3c4ccc2c1CNC(=O)c1c(OCC(=O)[O-])ccc2c5c(ccc12)OC1CC5c2c(ccc5c(c(OCC(=O)[O-])ccc25)C(=O)NCc2c(OCC(=O)[O-])ccc5c6c(ccc25)OC(CC36)O4)O1.[NH4+].[NH4+].[NH4+].[NH4+],7D3830C6A6E10F82EEBCC3ED68B861BB21ED63B1DDB277580F3032527E5A1183,HOST_CAN_0139,PASS,C1COCO1,6329F6891F70FDFD32D72476ABBEFB6363AC07912B1D5C569A6DEAD6D6807EA4,GUEST_CAN_0038,PASS,GINE,4,host_cold,4,2.9256772994995117
331,17,266,COP(=O)(Cc1cc2ccc1OCc1cc(COc3ccc(cc3CP(=O)(OC)[O-])C(C)(C)c3ccc(OCc4cc(COc5ccc(C2(C)C)cc5CP(=O)(OC)[O-])cc(c4)[N+](=O)[O-])c(c3)CP(=O)(OC)[O-])cc(c1)[N+](=O)[O-])[O-],CC(C)NCC(COC1=CC=CC2=CC=CC=C21)O,other,2.3096001148223877,COP(=O)([O-])Cc1cc2ccc1OCc1cc(cc([N+](=O)[O-])c1)COc1ccc(cc1CP(=O)([O-])OC)C(C)(C)c1ccc(c(CP(=O)([O-])OC)c1)OCc1cc(cc([N+](=O)[O-])c1)COc1ccc(cc1CP(=O)([O-])OC)C2(C)C,5C9812D0AA59E8C93387DCBA9CDBD0E45705FA87B439937B162042CB092EC8B9,HOST_CAN_0069,PASS,CC(C)NCC(O)COc1cccc2ccccc12,C83FE2575B52094E5AAAE5B87A3D2190DEEB591DD081D29E922B35745C847BBD,GUEST_CAN_0161,PASS,GINE,4,host_cold,4,3.1882388591766357
332,69,267,NCCN1C=C(N=N1)COC(C=C2)=C(CNCC3=C(OCC(N=N4)=CN4CCN)C=CC5=C3C=C6)C7=C2C8=C(C=C7)OC9CC8C%10=C(O9)C=CC%11=C%10C=CC(OCC(N=N%12)=CN%12CCN)=C%11CNCC%13=C(OCC(N=N%14)=CN%14CCN)C=CC%15=C%13C=CC(O%16)=C%15C%17C5=C6OC%16C%17,C1=CC=C(C=C1)CC(=O)O,other,4.223599910736084,NCCn1cc(COc2ccc3c4c5ccc3c2CNCc2c(OCc3cn(CCN)nn3)ccc3c6c(ccc23)OC2CC6c3c(ccc6c(c(OCc7cn(CCN)nn7)ccc36)CNCc3c(OCc6cn(CCN)nn6)ccc6c7c(ccc36)OC(CC47)O5)O2)nn1,E69AC36986BDADC1E5A61FE9021251B6D5437DB096F231021CE94D055FF4BCBF,HOST_CAN_0113,PASS,O=C(O)Cc1ccccc1,CDC327033EEEA935CE7B18A021AC4EEC8A15F4B61C90D20EF1DA9875BA8FC256,GUEST_CAN_0880,PASS,GINE,4,host_cold,4,2.022575855255127
333,8,268,C1N2C3C4N(C2=O)CN5C6C7N(C5=O)CN8C9C2N(C8=O)CN5C8C%10N(C5=O)CN5C%11C%12N(C5=O)CN5C%13C(N1C5=O)N1CN3C(=O)N4CN6C(=O)N7CN9C(=O)N2CN8C(=O)N%10CN%11C(=O)N%12CN%13C1=O,CN(C)C=O,cucurbituril,3.2553000450134277,O=C1N2CN3C(=O)N4CN5C(=O)N6CN7C(=O)N8CN9C(=O)N%10CN%11C(=O)N%12CN1C1C2N2CN%13C(=O)N(CN%14C(=O)N(CN%15C(=O)N(CN%16C(=O)N(CN%17C(=O)N(CN1C2=O)C%12C%11%17)C%10C9%16)C8C7%15)C6C5%14)C4C3%13,2526C525F966BEE6CB589BBB60C9F4124C02584847747BDAFF4E92B4462536E8,HOST_CAN_0149,PASS,CN(C)C=O,AEB2E86E450D0FAB9900120C06F6F4A77A774C09AACEA28AA2F6ECFA8650BC7F,GUEST_CAN_0392,PASS,GINE,4,host_cold,4,2.953674793243408
342,9,182,[O-]C(=O)COc1ccc2c3c1CNC(=O)c1c(OCC(=O)[O-])ccc4c1ccc1c4C4CC(O1)Oc1c4c4ccc(c(C(=O)NCc5c6c(c7C8c2c(cc3)OC(C8)Oc7cc6)ccc5OCC(=O)[O-])c4cc1)OCC(=O)[O-].[NH4+].[NH4+].[NH4+].[NH4+],C1CCOCC1,other,1.7782000303268433,O=C([O-])COc1ccc2c3c4ccc2c1CNC(=O)c1c(OCC(=O)[O-])ccc2c5c(ccc12)OC1CC5c2c(ccc5c(c(OCC(=O)[O-])ccc25)C(=O)NCc2c(OCC(=O)[O-])ccc5c6c(ccc25)OC(CC36)O4)O1.[NH4+].[NH4+].[NH4+].[NH4+],7D3830C6A6E10F82EEBCC3ED68B861BB21ED63B1DDB277580F3032527E5A1183,HOST_CAN_0139,PASS,C1CCOCC1,E0A38598DE1D53573CE811CBA0B67722827A50C57A5C680311F16C1F0ECC1DD8,GUEST_CAN_0030,PASS,GINE,4,host_cold,4,4.353524208068848
349,85,280,OC[C@H]1O[C@@H]2O[C@@H]3[C@@H](CO)O[C@H](O[C@@H]4[C@@H](CO)O[C@H](O[C@@H]5[C@@H](CO)O[C@H](O[C@@H]6[C@@H](CO)O[C@H](O[C@@H]7[C@@H](CO)O[C@H](O[C@@H]8[C@@H](CO)O[C@H](O[C@@H]9[C@@H](CO)O[C@H](O[C@H]1[C@H](O)[C@H]2O)[C@H](O)[C@H]9O)[C@H](O)[C@H]8O)[C@H](O)[C@H]7O)[C@H](O)[C@H]6O)[C@H](O)[C@H]5O)[C@H](O)[C@H]4O)[C@H](O)[C@H]3O,C1C2CC3C4C1C5CC(C4)(CC3C5C2)C(=O)O,cyclodextrin,4.153200149536133,OC[C@H]1O[C@@H]2O[C@H]3[C@H](O)[C@@H](O)[C@@H](O[C@H]4[C@H](O)[C@@H](O)[C@@H](O[C@H]5[C@H](O)[C@@H](O)[C@@H](O[C@H]6[C@H](O)[C@@H](O)[C@@H](O[C@H]7[C@H](O)[C@@H](O)[C@@H](O[C@H]8[C@H](O)[C@@H](O)[C@@H](O[C@H]9[C@H](O)[C@@H](O)[C@@H](O[C@H]1[C@H](O)[C@H]2O)O[C@@H]9CO)O[C@@H]8CO)O[C@@H]7CO)O[C@@H]6CO)O[C@@H]5CO)O[C@@H]4CO)O[C@@H]3CO,4E4982FCAA8A96CE9D40EDC97C9574B542F86F2BEB463ECAA6DCE3670D2F9B83,HOST_CAN_0177,PASS,O=C(O)C12CC3C4CC5CC3C(C1)C(C5)C4C2,055DC1581A98876E408765E767980C5ED52322C3EC6C4303C087815DCFDFA331,GUEST_CAN_0861,PASS,GINE,4,host_cold,4,4.501335620880127
355,94,283,CC(C(O[Na])=O)OC(C(OC(C)C(O[Na])=O)=C1)=CC2=C1C(C=C(OC(C(O[Na])=O)C)C(OC(C(O[Na])=O)C)=C3)=C3C4=C2C=C(OC(C(O[Na])=O)C)C(OC(C)C(O[Na])=O)=C4,C(C(C1C(=C(C(=O)O1)O)O)O)O,other,0.0,CC(Oc1cc2c3cc(OC(C)C(=O)[O][Na])c(OC(C)C(=O)[O][Na])cc3c3cc(OC(C)C(=O)[O][Na])c(OC(C)C(=O)[O][Na])cc3c2cc1OC(C)C(=O)[O][Na])C(=O)[O][Na],BA584CA32AF40B5CC01118169993C3B68F1DD55FC57084F45766D3D97748C6AD,HOST_CAN_0016,PASS,O=C1OC(C(O)CO)C(O)=C1O,CF1446AA0DE93D2468C2E70BEE2FCB331BFCB891BE0066305793D3E082434FE6,GUEST_CAN_0921,PASS,GINE,4,host_cold,4,2.074486255645752
362,8,287,C1N2C3C4N(C2=O)CN5C6C7N(C5=O)CN8C9C2N(C8=O)CN5C8C%10N(C5=O)CN5C%11C%12N(C5=O)CN5C%13C(N1C5=O)N1CN3C(=O)N4CN6C(=O)N7CN9C(=O)N2CN8C(=O)N%10CN%11C(=O)N%12CN%13C1=O,C1=CC=NC(=C1)C2=CC=C(C=C2)N,cucurbituril,4.800000190734863,O=C1N2CN3C(=O)N4CN5C(=O)N6CN7C(=O)N8CN9C(=O)N%10CN%11C(=O)N%12CN1C1C2N2CN%13C(=O)N(CN%14C(=O)N(CN%15C(=O)N(CN%16C(=O)N(CN%17C(=O)N(CN1C2=O)C%12C%11%17)C%10C9%16)C8C7%15)C6C5%14)C4C3%13,2526C525F966BEE6CB589BBB60C9F4124C02584847747BDAFF4E92B4462536E8,HOST_CAN_0149,PASS,Nc1ccc(-c2ccccn2)cc1,E696463078AD27CE823B0E82EBD6BFA9AE54BB096EA64F6408290D0C2BE486B6,GUEST_CAN_0826,PASS,GINE,4,host_cold,4,5.839815139770508
368,98,95,C([C@@H]1[C@@H]2[C@@H]([C@H]([C@H](O1)O[C@@H]3[C@H](O[C@@H]([C@@H]([C@H]3O)O)O[C@@H]4[C@H](O[C@@H]([C@@H]([C@H]4O)O)O[C@@H]5[C@H](O[C@@H]([C@@H]([C@H]5O)O)O[C@@H]6[C@H](O[C@@H]([C@@H]([C@H]6O)O)O[C@@H]7[C@H](O[C@@H]([C@@H]([C@H]7O)O)O[C@@H]8[C@H](O[C@H](O2)[C@@H]([C@H]8O)O)CO)CO)CO)CO)CO)CO)O)O)NCC(=O)O,CC(CCC(=O)NCC(=O)[O-])C1CCC2C1(C(CC3C2C(CC4C3(CCC(C4)O)C)O)O)C.[Na+],cyclodextrin,3.3464999198913574,O=C(O)CNC[C@H]1O[C@@H]2O[C@H]3[C@H](O)[C@@H](O)[C@@H](O[C@H]4[C@H](O)[C@@H](O)[C@@H](O[C@H]5[C@H](O)[C@@H](O)[C@@H](O[C@H]6[C@H](O)[C@@H](O)[C@@H](O[C@H]7[C@H](O)[C@@H](O)[C@@H](O[C@H]8[C@H](O)[C@@H](O)[C@@H](O[C@H]1[C@H](O)[C@H]2O)O[C@@H]8CO)O[C@@H]7CO)O[C@@H]6CO)O[C@@H]5CO)O[C@@H]4CO)O[C@@H]3CO,1CB8BB8FC7131D0029408460C176413DD5567C2F911FE5DE54C9E901F56DC40B,HOST_CAN_0125,PASS,CC(CCC(=O)NCC(=O)[O-])C1CCC2C3C(O)CC4CC(O)CCC4(C)C3CC(O)C12C.[Na+],0BCA6077014E90D295BA8D0F775B98D0E05F6E94F5743C82532FD0782D283F1B,GUEST_CAN_0168,PASS,GINE,4,host_cold,4,3.5591275691986084
372,9,292,[O-]C(=O)COc1ccc2c3c1CNC(=O)c1c(OCC(=O)[O-])ccc4c1ccc1c4C4CC(O1)Oc1c4c4ccc(c(C(=O)NCc5c6c(c7C8c2c(cc3)OC(C8)Oc7cc6)ccc5OCC(=O)[O-])c4cc1)OCC(=O)[O-].[NH4+].[NH4+].[NH4+].[NH4+],CC(C)(OC)OC,other,2.1596999168395996,O=C([O-])COc1ccc2c3c4ccc2c1CNC(=O)c1c(OCC(=O)[O-])ccc2c5c(ccc12)OC1CC5c2c(ccc5c(c(OCC(=O)[O-])ccc25)C(=O)NCc2c(OCC(=O)[O-])ccc5c6c(ccc25)OC(CC36)O4)O1.[NH4+].[NH4+].[NH4+].[NH4+],7D3830C6A6E10F82EEBCC3ED68B861BB21ED63B1DDB277580F3032527E5A1183,HOST_CAN_0139,PASS,COC(C)(C)OC,7422375CBE82408A9D2537B146AC6AB1219B976B661779E5F5A89FA9E6803806,GUEST_CAN_0454,PASS,GINE,4,host_cold,4,2.3570051193237305
374,8,201,C1N2C3C4N(C2=O)CN5C6C7N(C5=O)CN8C9C2N(C8=O)CN5C8C%10N(C5=O)CN5C%11C%12N(C5=O)CN5C%13C(N1C5=O)N1CN3C(=O)N4CN6C(=O)N7CN9C(=O)N2CN8C(=O)N%10CN%11C(=O)N%12CN%13C1=O,[Li+],cucurbituril,2.380000114440918,O=C1N2CN3C(=O)N4CN5C(=O)N6CN7C(=O)N8CN9C(=O)N%10CN%11C(=O)N%12CN1C1C2N2CN%13C(=O)N(CN%14C(=O)N(CN%15C(=O)N(CN%16C(=O)N(CN%17C(=O)N(CN1C2=O)C%12C%11%17)C%10C9%16)C8C7%15)C6C5%14)C4C3%13,2526C525F966BEE6CB589BBB60C9F4124C02584847747BDAFF4E92B4462536E8,HOST_CAN_0149,PASS,[Li+],A7557B375892DC7E581DDC6CA9773574F95B6514113F07A19BDE6059504332FE,GUEST_CAN_1071,PASS,GINE,4,host_cold,4,1.969557762145996
375,8,294,C1N2C3C4N(C2=O)CN5C6C7N(C5=O)CN8C9C2N(C8=O)CN5C8C%10N(C5=O)CN5C%11C%12N(C5=O)CN5C%13C(N1C5=O)N1CN3C(=O)N4CN6C(=O)N7CN9C(=O)N2CN8C(=O)N%10CN%11C(=O)N%12CN%13C1=O,Cl[Fe](Cl)Cl,cucurbituril,5.170300006866455,O=C1N2CN3C(=O)N4CN5C(=O)N6CN7C(=O)N8CN9C(=O)N%10CN%11C(=O)N%12CN1C1C2N2CN%13C(=O)N(CN%14C(=O)N(CN%15C(=O)N(CN%16C(=O)N(CN%17C(=O)N(CN1C2=O)C%12C%11%17)C%10C9%16)C8C7%15)C6C5%14)C4C3%13,2526C525F966BEE6CB589BBB60C9F4124C02584847747BDAFF4E92B4462536E8,HOST_CAN_0149,PASS,[Cl][Fe]([Cl])[Cl],00A56A250646250BC555AD4F337F6343FAE4957C946C1C7D8CF29518E860CDEC,GUEST_CAN_1045,PASS,GINE,4,host_cold,4,4.00812292098999
376,9,295,[O-]C(=O)COc1ccc2c3c1CNC(=O)c1c(OCC(=O)[O-])ccc4c1ccc1c4C4CC(O1)Oc1c4c4ccc(c(C(=O)NCc5c6c(c7C8c2c(cc3)OC(C8)Oc7cc6)ccc5OCC(=O)[O-])c4cc1)OCC(=O)[O-].[NH4+].[NH4+].[NH4+].[NH4+],C1CCSCC1,other,2.079200029373169,O=C([O-])COc1ccc2c3c4ccc2c1CNC(=O)c1c(OCC(=O)[O-])ccc2c5c(ccc12)OC1CC5c2c(ccc5c(c(OCC(=O)[O-])ccc25)C(=O)NCc2c(OCC(=O)[O-])ccc5c6c(ccc25)OC(CC36)O4)O1.[NH4+].[NH4+].[NH4+].[NH4+],7D3830C6A6E10F82EEBCC3ED68B861BB21ED63B1DDB277580F3032527E5A1183,HOST_CAN_0139,PASS,C1CCSCC1,A9CBF306F6DA1FCB34760A9B9B96AD454AFE05B414B3AB4EB9CC9F5731B70047,GUEST_CAN_0031,PASS,GINE,4,host_cold,4,5.01505708694458
378,52,72,OC(=O)COc1c2Cc3cc(cc(c3O)Cc3cc(cc(c3O)Cc3cc(cc(Cc4c(c(Cc5c(c(Cc1cc(c2)S(=O)(=O)O)cc(c5)S(=O)(=O)O)O)cc(c4)S(=O)(=O)O)O)c3O)S(=O)(=O)O)S(=O)(=O)O)S(=O)(=O)O,NC(C(=O)O)Cc1c[nH]cn1,calixarene,3.0174999237060547,O=C(O)COc1c2cc(S(=O)(=O)O)cc1Cc1cc(S(=O)(=O)O)cc(c1O)Cc1cc(S(=O)(=O)O)cc(c1O)Cc1cc(S(=O)(=O)O)cc(c1O)Cc1cc(S(=O)(=O)O)cc(c1O)Cc1cc(S(=O)(=O)O)cc(c1O)C2,89AB142F8D041F89710D49168CBEF0FA0D792576B82031818BFF7C2DE5D92117,HOST_CAN_0127,PASS,NC(Cc1c[nH]cn1)C(=O)O,FB673C9EDBC2F6C509C14A12DA10308CC8AD4E94C32BC5F3BAD448FBAA74F381,GUEST_CAN_0741,PASS,GINE,4,host_cold,4,3.1785593032836914
388,9,304,[O-]C(=O)COc1ccc2c3c1CNC(=O)c1c(OCC(=O)[O-])ccc4c1ccc1c4C4CC(O1)Oc1c4c4ccc(c(C(=O)NCc5c6c(c7C8c2c(cc3)OC(C8)Oc7cc6)ccc5OCC(=O)[O-])c4cc1)OCC(=O)[O-].[NH4+].[NH4+].[NH4+].[NH4+],CCC1CO1,other,2.793100118637085,O=C([O-])COc1ccc2c3c4ccc2c1CNC(=O)c1c(OCC(=O)[O-])ccc2c5c(ccc12)OC1CC5c2c(ccc5c(c(OCC(=O)[O-])ccc25)C(=O)NCc2c(OCC(=O)[O-])ccc5c6c(ccc25)OC(CC36)O4)O1.[NH4+].[NH4+].[NH4+].[NH4+],7D3830C6A6E10F82EEBCC3ED68B861BB21ED63B1DDB277580F3032527E5A1183,HOST_CAN_0139,PASS,CCC1CO1,2E31AA0B5D09EDF5DEC83D16F27705763D59FA61A7FF121EC340896B856ADA1B,GUEST_CAN_0264,PASS,GINE,4,host_cold,4,3.950981378555298
395,35,309,[O-]P(=O)(Oc1c2c(c(c3c1C1CC3c3c1cc1c(c3)C3CC1c1c3cccc1)OP(=O)(C)[O-])C1CC2c2c1cc1c(c2)C2CC1c1c2cccc1)C.[Li+].[Li+],C(CC(C(=O)NCC(=O)NC(CC(=O)O)C(=O)O)N)CN=C(N)N,other,3.039599895477295,CP(=O)([O-])Oc1c2c(c(OP(C)(=O)[O-])c3c1C1CC3c3cc4c(cc31)C1CC4c3ccccc31)C1CC2c2cc3c(cc21)C1CC3c2ccccc21.[Li+].[Li+],0523E219D88C79C8FF3952D24ADDE3A68E28198CE5EE5C77D8FECF429412627C,HOST_CAN_0082,PASS,NC(N)=NCCCC(N)C(=O)NCC(=O)NC(CC(=O)O)C(=O)O,75B8F54B2446F97BADDAFBEF1FDAB4C52BDB7DBB59F03A5A8B4C94A46F7DF56A,GUEST_CAN_0750,PASS,GINE,4,host_cold,4,4.115677833557129
400,8,314,C1N2C3C4N(C2=O)CN5C6C7N(C5=O)CN8C9C2N(C8=O)CN5C8C%10N(C5=O)CN5C%11C%12N(C5=O)CN5C%13C(N1C5=O)N1CN3C(=O)N4CN6C(=O)N7CN9C(=O)N2CN8C(=O)N%10CN%11C(=O)N%12CN%13C1=O,C(C(=O)NCC(=O)O)N,cucurbituril,2.9000000953674316,O=C1N2CN3C(=O)N4CN5C(=O)N6CN7C(=O)N8CN9C(=O)N%10CN%11C(=O)N%12CN1C1C2N2CN%13C(=O)N(CN%14C(=O)N(CN%15C(=O)N(CN%16C(=O)N(CN%17C(=O)N(CN1C2=O)C%12C%11%17)C%10C9%16)C8C7%15)C6C5%14)C4C3%13,2526C525F966BEE6CB589BBB60C9F4124C02584847747BDAFF4E92B4462536E8,HOST_CAN_0149,PASS,NCC(=O)NCC(=O)O,CBCC05D0D71B7353262B49DA950175F7023233A16A2FEDFC4011D88F9F93B0FB,GUEST_CAN_0770,PASS,GINE,4,host_cold,4,3.802053928375244
401,52,215,OC(=O)COc1c2Cc3cc(cc(c3O)Cc3cc(cc(c3O)Cc3cc(cc(Cc4c(c(Cc5c(c(Cc1cc(c2)S(=O)(=O)O)cc(c5)S(=O)(=O)O)O)cc(c4)S(=O)(=O)O)O)c3O)S(=O)(=O)O)S(=O)(=O)O)S(=O)(=O)O,CC(C(=O)O)N,calixarene,1.8387999534606934,O=C(O)COc1c2cc(S(=O)(=O)O)cc1Cc1cc(S(=O)(=O)O)cc(c1O)Cc1cc(S(=O)(=O)O)cc(c1O)Cc1cc(S(=O)(=O)O)cc(c1O)Cc1cc(S(=O)(=O)O)cc(c1O)Cc1cc(S(=O)(=O)O)cc(c1O)C2,89AB142F8D041F89710D49168CBEF0FA0D792576B82031818BFF7C2DE5D92117,HOST_CAN_0127,PASS,CC(N)C(=O)O,6AC3AD1747D8E4C9B36EA5FBFB37965B87CCE816D9D72141F9005590B6D6FC3C,GUEST_CAN_0180,PASS,GINE,4,host_cold,4,2.533203363418579
408,14,215,NCCOc1c2Cc3cc(cc(c3O)Cc3cc(cc(c3O)Cc3cc(cc(Cc4c(c(Cc5c(c(Cc1cc(c2)S(=O)(=O)O)cc(c5)S(=O)(=O)O)O)cc(c4)S(=O)(=O)O)O)c3O)S(=O)(=O)O)S(=O)(=O)O)S(=O)(=O)O,CC(C(=O)O)N,calixarene,2.100399971008301,NCCOc1c2cc(S(=O)(=O)O)cc1Cc1cc(S(=O)(=O)O)cc(c1O)Cc1cc(S(=O)(=O)O)cc(c1O)Cc1cc(S(=O)(=O)O)cc(c1O)Cc1cc(S(=O)(=O)O)cc(c1O)Cc1cc(S(=O)(=O)O)cc(c1O)C2,C787A22C599703D921FA29CACAF002E9FF6ED12C44482B2905C84DCBDD5B4AC1,HOST_CAN_0110,PASS,CC(N)C(=O)O,6AC3AD1747D8E4C9B36EA5FBFB37965B87CCE816D9D72141F9005590B6D6FC3C,GUEST_CAN_0180,PASS,GINE,4,host_cold,4,2.4303576946258545
414,94,321,CC(C(O[Na])=O)OC(C(OC(C)C(O[Na])=O)=C1)=CC2=C1C(C=C(OC(C(O[Na])=O)C)C(OC(C(O[Na])=O)C)=C3)=C3C4=C2C=C(OC(C(O[Na])=O)C)C(OC(C)C(O[Na])=O)=C4,COC(=O)C(CC1=CNC2=CC=CC=C21)N,other,2.2040998935699463,CC(Oc1cc2c3cc(OC(C)C(=O)[O][Na])c(OC(C)C(=O)[O][Na])cc3c3cc(OC(C)C(=O)[O][Na])c(OC(C)C(=O)[O][Na])cc3c2cc1OC(C)C(=O)[O][Na])C(=O)[O][Na],BA584CA32AF40B5CC01118169993C3B68F1DD55FC57084F45766D3D97748C6AD,HOST_CAN_0016,PASS,COC(=O)C(N)Cc1c[nH]c2ccccc12,44125A154E9864C1CBD5A3EA78B4B0F50F0BA1B8879956CF8D6C328C5174C222,GUEST_CAN_0440,PASS,GINE,4,host_cold,4,4.244513034820557
419,8,324,C1N2C3C4N(C2=O)CN5C6C7N(C5=O)CN8C9C2N(C8=O)CN5C8C%10N(C5=O)CN5C%11C%12N(C5=O)CN5C%13C(N1C5=O)N1CN3C(=O)N4CN6C(=O)N7CN9C(=O)N2CN8C(=O)N%10CN%11C(=O)N%12CN%13C1=O,CCCCCCCN1C=C[N+](=C1)C.[Br-],cucurbituril,4.0,O=C1N2CN3C(=O)N4CN5C(=O)N6CN7C(=O)N8CN9C(=O)N%10CN%11C(=O)N%12CN1C1C2N2CN%13C(=O)N(CN%14C(=O)N(CN%15C(=O)N(CN%16C(=O)N(CN%17C(=O)N(CN1C2=O)C%12C%11%17)C%10C9%16)C8C7%15)C6C5%14)C4C3%13,2526C525F966BEE6CB589BBB60C9F4124C02584847747BDAFF4E92B4462536E8,HOST_CAN_0149,PASS,CCCCCCCn1cc[n+](C)c1.[Br-],DAFAF4FD3169B5F2EB969C4FD183D4A7BB6CCC56AED80A062F064D2639ED86B4,GUEST_CAN_0295,PASS,GINE,4,host_cold,4,6.5576558113098145
422,8,326,C1N2C3C4N(C2=O)CN5C6C7N(C5=O)CN8C9C2N(C8=O)CN5C8C%10N(C5=O)CN5C%11C%12N(C5=O)CN5C%13C(N1C5=O)N1CN3C(=O)N4CN6C(=O)N7CN9C(=O)N2CN8C(=O)N%10CN%11C(=O)N%12CN%13C1=O,CC[NH3+],cucurbituril,2.554800033569336,O=C1N2CN3C(=O)N4CN5C(=O)N6CN7C(=O)N8CN9C(=O)N%10CN%11C(=O)N%12CN1C1C2N2CN%13C(=O)N(CN%14C(=O)N(CN%15C(=O)N(CN%16C(=O)N(CN%17C(=O)N(CN1C2=O)C%12C%11%17)C%10C9%16)C8C7%15)C6C5%14)C4C3%13,2526C525F966BEE6CB589BBB60C9F4124C02584847747BDAFF4E92B4462536E8,HOST_CAN_0149,PASS,CC[NH3+],D6FEDAD390E53EAC3D6B344582A6B5BEC80CB34C617B9276317B4FAD7825C62C,GUEST_CAN_0380,PASS,GINE,4,host_cold,4,3.9940133094787598
424,38,328,C1C2C3=CC=CC=C3C4=C5C6CC7=CC=CC=C7C8=CC(=CC(=C8)C9=CC=CC=C9CC3C7=CC=CC=C7C(=C24)C3=C5C2=CC=CC=C62)C2=CC=CC=C21,C[N+](C)(C)C12CC3CC(C1)CC(C3)C2,cyclophane,5.722300052642822,c1ccc2c(c1)CC1c3ccccc3-c3c1c1c4c5c3C(Cc3ccccc3-c3cc-2cc(c3)-c2ccccc2CC4c2ccccc2-1)c1ccccc1-5,7D60610AC6275537B6952E12359C97C789A38E2FA1295732E16AF89573CE95C4,HOST_CAN_0186,PASS,C[N+](C)(C)C12CC3CC(CC(C3)C1)C2,592B1274AF36843687A4C28CB14599E0E7295207B2962D4756B9C9C885C8456D,GUEST_CAN_0558,PASS,GINE,4,host_cold,4,6.556541442871094
428,8,143,C1N2C3C4N(C2=O)CN5C6C7N(C5=O)CN8C9C2N(C8=O)CN5C8C%10N(C5=O)CN5C%11C%12N(C5=O)CN5C%13C(N1C5=O)N1CN3C(=O)N4CN6C(=O)N7CN9C(=O)N2CN8C(=O)N%10CN%11C(=O)N%12CN%13C1=O,O.O.O.O.O.O.O.[Cl-].[Cl-].[Cl-].[La+3],cucurbituril,4.161399841308594,O=C1N2CN3C(=O)N4CN5C(=O)N6CN7C(=O)N8CN9C(=O)N%10CN%11C(=O)N%12CN1C1C2N2CN%13C(=O)N(CN%14C(=O)N(CN%15C(=O)N(CN%16C(=O)N(CN%17C(=O)N(CN1C2=O)C%12C%11%17)C%10C9%16)C8C7%15)C6C5%14)C4C3%13,2526C525F966BEE6CB589BBB60C9F4124C02584847747BDAFF4E92B4462536E8,HOST_CAN_0149,PASS,O.O.O.O.O.O.O.[Cl-].[Cl-].[Cl-].[La+3],1E37E2BF0692633D9CE24924BA2B24B23857130425674815F06A869898F2B330,GUEST_CAN_0843,PASS,GINE,4,host_cold,4,3.572659730911255
429,8,330,C1N2C3C4N(C2=O)CN5C6C7N(C5=O)CN8C9C2N(C8=O)CN5C8C%10N(C5=O)CN5C%11C%12N(C5=O)CN5C%13C(N1C5=O)N1CN3C(=O)N4CN6C(=O)N7CN9C(=O)N2CN8C(=O)N%10CN%11C(=O)N%12CN%13C1=O,C1=CC=C(C(=C1)N)N,cucurbituril,1.0,O=C1N2CN3C(=O)N4CN5C(=O)N6CN7C(=O)N8CN9C(=O)N%10CN%11C(=O)N%12CN1C1C2N2CN%13C(=O)N(CN%14C(=O)N(CN%15C(=O)N(CN%16C(=O)N(CN%17C(=O)N(CN1C2=O)C%12C%11%17)C%10C9%16)C8C7%15)C6C5%14)C4C3%13,2526C525F966BEE6CB589BBB60C9F4124C02584847747BDAFF4E92B4462536E8,HOST_CAN_0149,PASS,Nc1ccccc1N,445E2381EAFE63FDF2A17F2FA3432092BDFEA41385FD2BEA71C952577E657D03,GUEST_CAN_0838,PASS,GINE,4,host_cold,4,4.610793590545654
434,98,198,C([C@@H]1[C@@H]2[C@@H]([C@H]([C@H](O1)O[C@@H]3[C@H](O[C@@H]([C@@H]([C@H]3O)O)O[C@@H]4[C@H](O[C@@H]([C@@H]([C@H]4O)O)O[C@@H]5[C@H](O[C@@H]([C@@H]([C@H]5O)O)O[C@@H]6[C@H](O[C@@H]([C@@H]([C@H]6O)O)O[C@@H]7[C@H](O[C@@H]([C@@H]([C@H]7O)O)O[C@@H]8[C@H](O[C@H](O2)[C@@H]([C@H]8O)O)CO)CO)CO)CO)CO)CO)O)O)NCC(=O)O,CC(CCC(=O)[O-])C1CCC2C1(C(CC3C2CCC4C3(CCC(C4)O)C)O)C.[Na+],cyclodextrin,3.6057000160217285,O=C(O)CNC[C@H]1O[C@@H]2O[C@H]3[C@H](O)[C@@H](O)[C@@H](O[C@H]4[C@H](O)[C@@H](O)[C@@H](O[C@H]5[C@H](O)[C@@H](O)[C@@H](O[C@H]6[C@H](O)[C@@H](O)[C@@H](O[C@H]7[C@H](O)[C@@H](O)[C@@H](O[C@H]8[C@H](O)[C@@H](O)[C@@H](O[C@H]1[C@H](O)[C@H]2O)O[C@@H]8CO)O[C@@H]7CO)O[C@@H]6CO)O[C@@H]5CO)O[C@@H]4CO)O[C@@H]3CO,1CB8BB8FC7131D0029408460C176413DD5567C2F911FE5DE54C9E901F56DC40B,HOST_CAN_0125,PASS,CC(CCC(=O)[O-])C1CCC2C3CCC4CC(O)CCC4(C)C3CC(O)C12C.[Na+],AAE8955CE9801473265577821D0239EBE4B6812D89DD2C64FBC72356DA8A31D4,GUEST_CAN_0174,PASS,GINE,4,host_cold,4,3.6286919116973877
439,100,46,CCCCCCCCCCCCOc1c2cc(cc1Cc1cc(cc(c1OCCCCCCCCCCCC)Cc1cc(cc(c1OCCCCCCCCCCCC)Cc1c(c(Cc3c(c(C2)cc(c3)C(=O)OCC[N+](C)(C)C)OCCCCCCCCCCCC)cc(c1)C(=O)OCC[N+](C)(C)C)OCCCCCCCCCCCC)C(=O)OCC[N+](C)(C)C)C(=O)OCC[N+](C)(C)C)C(=O)OCC[N+](C)(C)C,C1=CC=C(C=C1)NC2=CC=CC3=C2C(=CC=C3)S(=O)(=O)O,calixarene,6.505099773406982,CCCCCCCCCCCCOc1c2cc(C(=O)OCC[N+](C)(C)C)cc1Cc1cc(C(=O)OCC[N+](C)(C)C)cc(c1OCCCCCCCCCCCC)Cc1cc(C(=O)OCC[N+](C)(C)C)cc(c1OCCCCCCCCCCCC)Cc1cc(C(=O)OCC[N+](C)(C)C)cc(c1OCCCCCCCCCCCC)Cc1cc(C(=O)OCC[N+](C)(C)C)cc(c1OCCCCCCCCCCCC)C2,3A703FA6C5DFBAEFFBC1C53D6F3999C06F6F847B9DDCDFD15D17E133D6D25FAB,HOST_CAN_0027,PASS,O=S(=O)(O)c1cccc2cccc(Nc3ccccc3)c12,C8ECBFB7BFF882EF953A90B709957BBDD5A708508C39AD89F6640E78DA78E786,GUEST_CAN_0932,PASS,GINE,4,host_cold,4,4.918121814727783
440,8,336,C1N2C3C4N(C2=O)CN5C6C7N(C5=O)CN8C9C2N(C8=O)CN5C8C%10N(C5=O)CN5C%11C%12N(C5=O)CN5C%13C(N1C5=O)N1CN3C(=O)N4CN6C(=O)N7CN9C(=O)N2CN8C(=O)N%10CN%11C(=O)N%12CN%13C1=O,C[Si](C)(C)CN,cucurbituril,1.0,O=C1N2CN3C(=O)N4CN5C(=O)N6CN7C(=O)N8CN9C(=O)N%10CN%11C(=O)N%12CN1C1C2N2CN%13C(=O)N(CN%14C(=O)N(CN%15C(=O)N(CN%16C(=O)N(CN%17C(=O)N(CN1C2=O)C%12C%11%17)C%10C9%16)C8C7%15)C6C5%14)C4C3%13,2526C525F966BEE6CB589BBB60C9F4124C02584847747BDAFF4E92B4462536E8,HOST_CAN_0149,PASS,C[Si](C)(C)CN,3F70EC61B0F2ECB5450DBB0D4A2FB827CC6852B13315CF5B8517BBCF6250AFF8,GUEST_CAN_0616,PASS,GINE,4,host_cold,4,1.4820477962493896
442,52,337,OC(=O)COc1c2Cc3cc(cc(c3O)Cc3cc(cc(c3O)Cc3cc(cc(Cc4c(c(Cc5c(c(Cc1cc(c2)S(=O)(=O)O)cc(c5)S(=O)(=O)O)O)cc(c4)S(=O)(=O)O)O)c3O)S(=O)(=O)O)S(=O)(=O)O)S(=O)(=O)O,OCC(C(=O)O)N,calixarene,2.2253000736236572,O=C(O)COc1c2cc(S(=O)(=O)O)cc1Cc1cc(S(=O)(=O)O)cc(c1O)Cc1cc(S(=O)(=O)O)cc(c1O)Cc1cc(S(=O)(=O)O)cc(c1O)Cc1cc(S(=O)(=O)O)cc(c1O)Cc1cc(S(=O)(=O)O)cc(c1O)C2,89AB142F8D041F89710D49168CBEF0FA0D792576B82031818BFF7C2DE5D92117,HOST_CAN_0127,PASS,NC(CO)C(=O)O,2EBE58D687C0AA53F22B8D1549C80A85A6D27FB38ECC46BD2A35B25250CAEFA2,GUEST_CAN_0734,PASS,GINE,4,host_cold,4,2.1748619079589844
445,38,339,C1C2C3=CC=CC=C3C4=C5C6CC7=CC=CC=C7C8=CC(=CC(=C8)C9=CC=CC=C9CC3C7=CC=CC=C7C(=C24)C3=C5C2=CC=CC=C62)C2=CC=CC=C21,C[N+]1=CC2=CC=CC=C2C=C1,cyclophane,4.653200149536133,c1ccc2c(c1)CC1c3ccccc3-c3c1c1c4c5c3C(Cc3ccccc3-c3cc-2cc(c3)-c2ccccc2CC4c2ccccc2-1)c1ccccc1-5,7D60610AC6275537B6952E12359C97C789A38E2FA1295732E16AF89573CE95C4,HOST_CAN_0186,PASS,C[n+]1ccc2ccccc2c1,E0E3A8758F01B6E7EFEE6752B61621DBB91F8E2DF46ACE46FCD88F51F964AF40,GUEST_CAN_0638,PASS,GINE,4,host_cold,4,4.001243591308594
448,8,341,C1N2C3C4N(C2=O)CN5C6C7N(C5=O)CN8C9C2N(C8=O)CN5C8C%10N(C5=O)CN5C%11C%12N(C5=O)CN5C%13C(N1C5=O)N1CN3C(=O)N4CN6C(=O)N7CN9C(=O)N2CN8C(=O)N%10CN%11C(=O)N%12CN%13C1=O,C1CCC(CC1)CN,cucurbituril,2.226099967956543,O=C1N2CN3C(=O)N4CN5C(=O)N6CN7C(=O)N8CN9C(=O)N%10CN%11C(=O)N%12CN1C1C2N2CN%13C(=O)N(CN%14C(=O)N(CN%15C(=O)N(CN%16C(=O)N(CN%17C(=O)N(CN1C2=O)C%12C%11%17)C%10C9%16)C8C7%15)C6C5%14)C4C3%13,2526C525F966BEE6CB589BBB60C9F4124C02584847747BDAFF4E92B4462536E8,HOST_CAN_0149,PASS,NCC1CCCCC1,B508DD02BCADE2978B9332E84C96FA5B2C2916D47608109943626F8E4B11BA46,GUEST_CAN_0777,PASS,GINE,4,host_cold,4,8.501692771911621
459,8,349,C1N2C3C4N(C2=O)CN5C6C7N(C5=O)CN8C9C2N(C8=O)CN5C8C%10N(C5=O)CN5C%11C%12N(C5=O)CN5C%13C(N1C5=O)N1CN3C(=O)N4CN6C(=O)N7CN9C(=O)N2CN8C(=O)N%10CN%11C(=O)N%12CN%13C1=O,OC(=O)CC[n+]1cc(C)cc(c1)C,cucurbituril,4.447199821472168,O=C1N2CN3C(=O)N4CN5C(=O)N6CN7C(=O)N8CN9C(=O)N%10CN%11C(=O)N%12CN1C1C2N2CN%13C(=O)N(CN%14C(=O)N(CN%15C(=O)N(CN%16C(=O)N(CN%17C(=O)N(CN1C2=O)C%12C%11%17)C%10C9%16)C8C7%15)C6C5%14)C4C3%13,2526C525F966BEE6CB589BBB60C9F4124C02584847747BDAFF4E92B4462536E8,HOST_CAN_0149,PASS,Cc1cc(C)c[n+](CCC(=O)O)c1,4DE4D307352D21FB538A0AFB3492820FB830A74CE83B116773913503E4CFAEA0,GUEST_CAN_0647,PASS,GINE,4,host_cold,4,4.96701192855835
461,35,351,[O-]P(=O)(Oc1c2c(c(c3c1C1CC3c3c1cc1c(c3)C3CC1c1c3cccc1)OP(=O)(C)[O-])C1CC2c2c1cc1c(c2)C2CC1c1c2cccc1)C.[Li+].[Li+],C1=CC(=C(C=C1C(CN)O)O)O.Cl,other,2.2553000450134277,CP(=O)([O-])Oc1c2c(c(OP(C)(=O)[O-])c3c1C1CC3c3cc4c(cc31)C1CC4c3ccccc31)C1CC2c2cc3c(cc21)C1CC3c2ccccc21.[Li+].[Li+],0523E219D88C79C8FF3952D24ADDE3A68E28198CE5EE5C77D8FECF429412627C,HOST_CAN_0082,PASS,Cl.NCC(O)c1ccc(O)c(O)c1,77292EA0463E2AED797CAE9779601581D37EB7B67F9EA7796D4F6EE168154886,GUEST_CAN_0687,PASS,GINE,4,host_cold,4,3.3482041358947754
463,8,172,C1N2C3C4N(C2=O)CN5C6C7N(C5=O)CN8C9C2N(C8=O)CN5C8C%10N(C5=O)CN5C%11C%12N(C5=O)CN5C%13C(N1C5=O)N1CN3C(=O)N4CN6C(=O)N7CN9C(=O)N2CN8C(=O)N%10CN%11C(=O)N%12CN%13C1=O,C(CC(=O)O)CN,cucurbituril,3.4000000953674316,O=C1N2CN3C(=O)N4CN5C(=O)N6CN7C(=O)N8CN9C(=O)N%10CN%11C(=O)N%12CN1C1C2N2CN%13C(=O)N(CN%14C(=O)N(CN%15C(=O)N(CN%16C(=O)N(CN%17C(=O)N(CN1C2=O)C%12C%11%17)C%10C9%16)C8C7%15)C6C5%14)C4C3%13,2526C525F966BEE6CB589BBB60C9F4124C02584847747BDAFF4E92B4462536E8,HOST_CAN_0149,PASS,NCCCC(=O)O,27B4AB76DF9E47A44493DE80500C8BD7328EB6FF0484FAA1847C0A6236987891,GUEST_CAN_0779,PASS,GINE,4,host_cold,4,3.8131346702575684
465,8,354,C1N2C3C4N(C2=O)CN5C6C7N(C5=O)CN8C9C2N(C8=O)CN5C8C%10N(C5=O)CN5C%11C%12N(C5=O)CN5C%13C(N1C5=O)N1CN3C(=O)N4CN6C(=O)N7CN9C(=O)N2CN8C(=O)N%10CN%11C(=O)N%12CN%13C1=O,C(CN)C#N,cucurbituril,2.640000104904175,O=C1N2CN3C(=O)N4CN5C(=O)N6CN7C(=O)N8CN9C(=O)N%10CN%11C(=O)N%12CN1C1C2N2CN%13C(=O)N(CN%14C(=O)N(CN%15C(=O)N(CN%16C(=O)N(CN%17C(=O)N(CN1C2=O)C%12C%11%17)C%10C9%16)C8C7%15)C6C5%14)C4C3%13,2526C525F966BEE6CB589BBB60C9F4124C02584847747BDAFF4E92B4462536E8,HOST_CAN_0149,PASS,N#CCCN,C4A8808B1921851341A574487155B945E07B6A89FE20BB4DAAC68411E8718549,GUEST_CAN_0712,PASS,GINE,4,host_cold,4,6.531821250915527
467,8,355,C1N2C3C4N(C2=O)CN5C6C7N(C5=O)CN8C9C2N(C8=O)CN5C8C%10N(C5=O)CN5C%11C%12N(C5=O)CN5C%13C(N1C5=O)N1CN3C(=O)N4CN6C(=O)N7CN9C(=O)N2CN8C(=O)N%10CN%11C(=O)N%12CN%13C1=O,C1=CC(=CC=C1CN)CN,cucurbituril,2.7404000759124756,O=C1N2CN3C(=O)N4CN5C(=O)N6CN7C(=O)N8CN9C(=O)N%10CN%11C(=O)N%12CN1C1C2N2CN%13C(=O)N(CN%14C(=O)N(CN%15C(=O)N(CN%16C(=O)N(CN%17C(=O)N(CN1C2=O)C%12C%11%17)C%10C9%16)C8C7%15)C6C5%14)C4C3%13,2526C525F966BEE6CB589BBB60C9F4124C02584847747BDAFF4E92B4462536E8,HOST_CAN_0149,PASS,NCc1ccc(CN)cc1,3F30878E4213484D728F1066ED839CC95365FF1547F675ABA32D3249E5811CA9,GUEST_CAN_0813,PASS,GINE,4,host_cold,4,9.166383743286133
472,103,359,O=C(N1C2N3CN4C5N6C1)N(CN78)[C@@]2(C)N(CN9[C@]8(C)C(N(C%10)C9=O)N(CN(C(N(C[N@]%11C(N%12C%13)=O)C%14N%15C[N@@]%16C([N@]([C@@]%12(C)[C@@H]%16%11)C[N@]%17C([N@](C([N@]%18C[N@]%19C%20(C)[C@H]%21N%22C[N@](C4=O)[C@]5(C)[N@@](C[N@]%21C%19=O)C6=O)(C)[C@H]%17[N@]%13C%18=O)C[N@]%20C%22=O)=O)=O)=O)[C@]%14(C)N%10C%15=O)C7=O)C3=O,CC1=CC=NC2=C(N=CC=C3C)C3=CC=C21,cucurbituril,5.847899913787842,CC12[C@H]3N4CN5C(=O)N6CN7C(=O)N8CN9C(=O)N%10CN%11C(=O)N%12CN%13C(=O)N%14CN%15C(=O)N(CN1C4=O)C1(C)[C@H]%15N4CN%15C(=O)N(CN%16C(=O)N(CN%17C(=O)N(CN%18C(=O)N(CN%19C(=O)N(CN3C(=O)N2CN1C4=O)[C@]5(C)C6%19)C7[C@]8%18C)[C@@]9(C)C%17%10)[C@@]%11(C)C%16%12)[C@H]%13[C@@]%15%14C,688A602B66AB5828BA1859CDAB7C361EE423503C6F2754A4E8B77175874A5027,HOST_CAN_0018,PASS,Cc1ccnc2c1ccc1c(C)ccnc12,4C59FDD6324B23EF5F7D7B37512D45E3175D67ABD46BBAA3E1FD2259244428B4,GUEST_CAN_0674,PASS,GINE,4,host_cold,4,4.076624393463135
474,8,361,C1N2C3C4N(C2=O)CN5C6C7N(C5=O)CN8C9C2N(C8=O)CN5C8C%10N(C5=O)CN5C%11C%12N(C5=O)CN5C%13C(N1C5=O)N1CN3C(=O)N4CN6C(=O)N7CN9C(=O)N2CN8C(=O)N%10CN%11C(=O)N%12CN%13C1=O,CC,cucurbituril,3.897599935531616,O=C1N2CN3C(=O)N4CN5C(=O)N6CN7C(=O)N8CN9C(=O)N%10CN%11C(=O)N%12CN1C1C2N2CN%13C(=O)N(CN%14C(=O)N(CN%15C(=O)N(CN%16C(=O)N(CN%17C(=O)N(CN1C2=O)C%12C%11%17)C%10C9%16)C8C7%15)C6C5%14)C4C3%13,2526C525F966BEE6CB589BBB60C9F4124C02584847747BDAFF4E92B4462536E8,HOST_CAN_0149,PASS,CC,A56362A10C816ABF206D72CB914E2D5CA454EB9C7E744F88B1A1422C379E9942,GUEST_CAN_0060,PASS,GINE,4,host_cold,4,1.8621671199798584
476,8,363,C1N2C3C4N(C2=O)CN5C6C7N(C5=O)CN8C9C2N(C8=O)CN5C8C%10N(C5=O)CN5C%11C%12N(C5=O)CN5C%13C(N1C5=O)N1CN3C(=O)N4CN6C(=O)N7CN9C(=O)N2CN8C(=O)N%10CN%11C(=O)N%12CN%13C1=O,CCCCCCCCN1C=C[N+](=C1)C.[Br-],cucurbituril,4.0,O=C1N2CN3C(=O)N4CN5C(=O)N6CN7C(=O)N8CN9C(=O)N%10CN%11C(=O)N%12CN1C1C2N2CN%13C(=O)N(CN%14C(=O)N(CN%15C(=O)N(CN%16C(=O)N(CN%17C(=O)N(CN1C2=O)C%12C%11%17)C%10C9%16)C8C7%15)C6C5%14)C4C3%13,2526C525F966BEE6CB589BBB60C9F4124C02584847747BDAFF4E92B4462536E8,HOST_CAN_0149,PASS,CCCCCCCCn1cc[n+](C)c1.[Br-],DBA3E0FE7A3D596D6B7A2686E26A119C153C75ED3E0BB63003A7BD4C86297988,GUEST_CAN_0291,PASS,GINE,4,host_cold,4,6.669594764709473
480,14,126,NCCOc1c2Cc3cc(cc(c3O)Cc3cc(cc(c3O)Cc3cc(cc(Cc4c(c(Cc5c(c(Cc1cc(c2)S(=O)(=O)O)cc(c5)S(=O)(=O)O)O)cc(c4)S(=O)(=O)O)O)c3O)S(=O)(=O)O)S(=O)(=O)O)S(=O)(=O)O,NC(C(=O)O)Cc1ccccc1,calixarene,2.3096001148223877,NCCOc1c2cc(S(=O)(=O)O)cc1Cc1cc(S(=O)(=O)O)cc(c1O)Cc1cc(S(=O)(=O)O)cc(c1O)Cc1cc(S(=O)(=O)O)cc(c1O)Cc1cc(S(=O)(=O)O)cc(c1O)Cc1cc(S(=O)(=O)O)cc(c1O)C2,C787A22C599703D921FA29CACAF002E9FF6ED12C44482B2905C84DCBDD5B4AC1,HOST_CAN_0110,PASS,NC(Cc1ccccc1)C(=O)O,4B6B1236F1C31D28D9F95F736FF46B2960AFF4F6FCE3D9E76CF43DE2ADDE8B08,GUEST_CAN_0746,PASS,GINE,4,host_cold,4,3.087456464767456
481,8,366,C1N2C3C4N(C2=O)CN5C6C7N(C5=O)CN8C9C2N(C8=O)CN5C8C%10N(C5=O)CN5C%11C%12N(C5=O)CN5C%13C(N1C5=O)N1CN3C(=O)N4CN6C(=O)N7CN9C(=O)N2CN8C(=O)N%10CN%11C(=O)N%12CN%13C1=O,CC1=CC=C(C=C1)[S+](C)C,cucurbituril,1.0,O=C1N2CN3C(=O)N4CN5C(=O)N6CN7C(=O)N8CN9C(=O)N%10CN%11C(=O)N%12CN1C1C2N2CN%13C(=O)N(CN%14C(=O)N(CN%15C(=O)N(CN%16C(=O)N(CN%17C(=O)N(CN1C2=O)C%12C%11%17)C%10C9%16)C8C7%15)C6C5%14)C4C3%13,2526C525F966BEE6CB589BBB60C9F4124C02584847747BDAFF4E92B4462536E8,HOST_CAN_0149,PASS,Cc1ccc([S+](C)C)cc1,7A4AF816FA537AD4B2A27AE2F4E5346DDCE3FAFF432409DA23BC6DE0B26D3CFD,GUEST_CAN_0663,PASS,GINE,4,host_cold,4,6.0288238525390625
484,104,161,C1COCCOCCN2CCOCCOCCN1CCOCCOCCOCC2,[Mg+2],other,2.0,C1COCCN2CCOCCOCCN(CCOCCO1)CCOCCOCC2,FC2FBDD1CDCC0BE65573222C4E8FD2959C4D898D99922B825F4B9F435E9AD133,HOST_CAN_0005,PASS,[Mg+2],7F8D39B1BC5783E4D085768535A47B9BA749178FAD98C2BA37380CBAD5B2A9A1,GUEST_CAN_1073,PASS,GINE,4,host_cold,4,2.803619861602783
486,8,368,C1N2C3C4N(C2=O)CN5C6C7N(C5=O)CN8C9C2N(C8=O)CN5C8C%10N(C5=O)CN5C%11C%12N(C5=O)CN5C%13C(N1C5=O)N1CN3C(=O)N4CN6C(=O)N7CN9C(=O)N2CN8C(=O)N%10CN%11C(=O)N%12CN%13C1=O,[NH3+]CC1CCC1,cucurbituril,5.7779998779296875,O=C1N2CN3C(=O)N4CN5C(=O)N6CN7C(=O)N8CN9C(=O)N%10CN%11C(=O)N%12CN1C1C2N2CN%13C(=O)N(CN%14C(=O)N(CN%15C(=O)N(CN%16C(=O)N(CN%17C(=O)N(CN1C2=O)C%12C%11%17)C%10C9%16)C8C7%15)C6C5%14)C4C3%13,2526C525F966BEE6CB589BBB60C9F4124C02584847747BDAFF4E92B4462536E8,HOST_CAN_0149,PASS,[NH3+]CC1CCC1,5761568D88DC17F264790F19EFC3A2F28A174F00BD96606896FD9FFFE50CD7D0,GUEST_CAN_1077,PASS,GINE,4,host_cold,4,8.470681190490723
496,69,375,NCCN1C=C(N=N1)COC(C=C2)=C(CNCC3=C(OCC(N=N4)=CN4CCN)C=CC5=C3C=C6)C7=C2C8=C(C=C7)OC9CC8C%10=C(O9)C=CC%11=C%10C=CC(OCC(N=N%12)=CN%12CCN)=C%11CNCC%13=C(OCC(N=N%14)=CN%14CCN)C=CC%15=C%13C=CC(O%16)=C%15C%17C5=C6OC%16C%17,C1=CC=C(C=C1)C(C(=O)O)O,other,4.170300006866455,NCCn1cc(COc2ccc3c4c5ccc3c2CNCc2c(OCc3cn(CCN)nn3)ccc3c6c(ccc23)OC2CC6c3c(ccc6c(c(OCc7cn(CCN)nn7)ccc36)CNCc3c(OCc6cn(CCN)nn6)ccc6c7c(ccc36)OC(CC47)O5)O2)nn1,E69AC36986BDADC1E5A61FE9021251B6D5437DB096F231021CE94D055FF4BCBF,HOST_CAN_0113,PASS,O=C(O)C(O)c1ccccc1,8E08B8E39FBC5ABD8EF27E456D9F14EDEC58CC2D7E3AEEF72D046E7F0E969A94,GUEST_CAN_0860,PASS,GINE,4,host_cold,4,2.0985562801361084
500,8,379,C1N2C3C4N(C2=O)CN5C6C7N(C5=O)CN8C9C2N(C8=O)CN5C8C%10N(C5=O)CN5C%11C%12N(C5=O)CN5C%13C(N1C5=O)N1CN3C(=O)N4CN6C(=O)N7CN9C(=O)N2CN8C(=O)N%10CN%11C(=O)N%12CN%13C1=O,C#C,cucurbituril,1.8566999435424805,O=C1N2CN3C(=O)N4CN5C(=O)N6CN7C(=O)N8CN9C(=O)N%10CN%11C(=O)N%12CN1C1C2N2CN%13C(=O)N(CN%14C(=O)N(CN%15C(=O)N(CN%16C(=O)N(CN%17C(=O)N(CN1C2=O)C%12C%11%17)C%10C9%16)C8C7%15)C6C5%14)C4C3%13,2526C525F966BEE6CB589BBB60C9F4124C02584847747BDAFF4E92B4462536E8,HOST_CAN_0149,PASS,C#C,8C1EC124155F2E0F009511568C782E0F823873C5DB4FF39D1918F3DC698DD1FC,GUEST_CAN_0004,PASS,GINE,4,host_cold,4,2.5712027549743652
504,8,382,C1N2C3C4N(C2=O)CN5C6C7N(C5=O)CN8C9C2N(C8=O)CN5C8C%10N(C5=O)CN5C%11C%12N(C5=O)CN5C%13C(N1C5=O)N1CN3C(=O)N4CN6C(=O)N7CN9C(=O)N2CN8C(=O)N%10CN%11C(=O)N%12CN%13C1=O,C[Si](C)(C)CCC(=O)O,cucurbituril,1.0,O=C1N2CN3C(=O)N4CN5C(=O)N6CN7C(=O)N8CN9C(=O)N%10CN%11C(=O)N%12CN1C1C2N2CN%13C(=O)N(CN%14C(=O)N(CN%15C(=O)N(CN%16C(=O)N(CN%17C(=O)N(CN1C2=O)C%12C%11%17)C%10C9%16)C8C7%15)C6C5%14)C4C3%13,2526C525F966BEE6CB589BBB60C9F4124C02584847747BDAFF4E92B4462536E8,HOST_CAN_0149,PASS,C[Si](C)(C)CCC(=O)O,C8D127A62D6E7B1E4DF69DE29AE74EFF0F19528214C41E0598F3C311BE1E2051,GUEST_CAN_0615,PASS,GINE,4,host_cold,4,1.496295690536499
513,69,388,NCCN1C=C(N=N1)COC(C=C2)=C(CNCC3=C(OCC(N=N4)=CN4CCN)C=CC5=C3C=C6)C7=C2C8=C(C=C7)OC9CC8C%10=C(O9)C=CC%11=C%10C=CC(OCC(N=N%12)=CN%12CCN)=C%11CNCC%13=C(OCC(N=N%14)=CN%14CCN)C=CC%15=C%13C=CC(O%16)=C%15C%17C5=C6OC%16C%17,CC(=O)OC(C1=CC=CC=C1)C(=O)O,other,3.5887999534606934,NCCn1cc(COc2ccc3c4c5ccc3c2CNCc2c(OCc3cn(CCN)nn3)ccc3c6c(ccc23)OC2CC6c3c(ccc6c(c(OCc7cn(CCN)nn7)ccc36)CNCc3c(OCc6cn(CCN)nn6)ccc6c7c(ccc36)OC(CC47)O5)O2)nn1,E69AC36986BDADC1E5A61FE9021251B6D5437DB096F231021CE94D055FF4BCBF,HOST_CAN_0113,PASS,CC(=O)OC(C(=O)O)c1ccccc1,D345BEFECD5B540F460F0EA9D24EBCA37DFED5572604B51957E88449819A35B4,GUEST_CAN_0093,PASS,GINE,4,host_cold,4,2.341421604156494
519,69,390,NCCN1C=C(N=N1)COC(C=C2)=C(CNCC3=C(OCC(N=N4)=CN4CCN)C=CC5=C3C=C6)C7=C2C8=C(C=C7)OC9CC8C%10=C(O9)C=CC%11=C%10C=CC(OCC(N=N%12)=CN%12CCN)=C%11CNCC%13=C(OCC(N=N%14)=CN%14CCN)C=CC%15=C%13C=CC(O%16)=C%15C%17C5=C6OC%16C%17,C1=CC=C(C=C1)CCC(=O)O,other,3.2878000736236572,NCCn1cc(COc2ccc3c4c5ccc3c2CNCc2c(OCc3cn(CCN)nn3)ccc3c6c(ccc23)OC2CC6c3c(ccc6c(c(OCc7cn(CCN)nn7)ccc36)CNCc3c(OCc6cn(CCN)nn6)ccc6c7c(ccc36)OC(CC47)O5)O2)nn1,E69AC36986BDADC1E5A61FE9021251B6D5437DB096F231021CE94D055FF4BCBF,HOST_CAN_0113,PASS,O=C(O)CCc1ccccc1,B755FD509AD8611F31B726BB9F18750ACB5CB5F50B2D930FC30428336D1E0043,GUEST_CAN_0876,PASS,GINE,4,host_cold,4,2.041686773300171
534,8,398,C1N2C3C4N(C2=O)CN5C6C7N(C5=O)CN8C9C2N(C8=O)CN5C8C%10N(C5=O)CN5C%11C%12N(C5=O)CN5C%13C(N1C5=O)N1CN3C(=O)N4CN6C(=O)N7CN9C(=O)N2CN8C(=O)N%10CN%11C(=O)N%12CN%13C1=O,C(CCCC)O,cucurbituril,2.672600030899048,O=C1N2CN3C(=O)N4CN5C(=O)N6CN7C(=O)N8CN9C(=O)N%10CN%11C(=O)N%12CN1C1C2N2CN%13C(=O)N(CN%14C(=O)N(CN%15C(=O)N(CN%16C(=O)N(CN%17C(=O)N(CN1C2=O)C%12C%11%17)C%10C9%16)C8C7%15)C6C5%14)C4C3%13,2526C525F966BEE6CB589BBB60C9F4124C02584847747BDAFF4E92B4462536E8,HOST_CAN_0149,PASS,CCCCCO,64D1BEDCA3AD9A1D51E4CD33942B548F132A9D77C656AB793A10C46594F30167,GUEST_CAN_0305,PASS,GINE,4,host_cold,4,4.67007303237915
539,94,122,CC(C(O[Na])=O)OC(C(OC(C)C(O[Na])=O)=C1)=CC2=C1C(C=C(OC(C(O[Na])=O)C)C(OC(C(O[Na])=O)C)=C3)=C3C4=C2C=C(OC(C(O[Na])=O)C)C(OC(C)C(O[Na])=O)=C4,C(C1C(C(C(C(O1)O)N)O)O)O,other,1.9394999742507935,CC(Oc1cc2c3cc(OC(C)C(=O)[O][Na])c(OC(C)C(=O)[O][Na])cc3c3cc(OC(C)C(=O)[O][Na])c(OC(C)C(=O)[O][Na])cc3c2cc1OC(C)C(=O)[O][Na])C(=O)[O][Na],BA584CA32AF40B5CC01118169993C3B68F1DD55FC57084F45766D3D97748C6AD,HOST_CAN_0016,PASS,NC1C(O)OC(CO)C(O)C1O,6DA69F754BE3FBD2C7B2C66CCBDC0F91817AC1924D122789F356C7F0C45E04F9,GUEST_CAN_0760,PASS,GINE,4,host_cold,4,2.7323198318481445
549,56,407,CC(COCC1C2C(C(C(O1)OC3C(OC(C(C3O)O)OC4C(OC(C(C4O)O)OC5C(OC(C(C5O)O)OC6C(OC(C(C6O)O)OC7C(OC(C(C7O)O)OC8C(OC(O2)C(C8O)O)COCC(C)O)COCC(C)O)COCC(C)O)COCC(C)O)COCC(C)O)COCC(C)O)O)O)O,C1=CC=C(C(=C1)C2=C3C=C(C(=O)C=C3OC4=CC(=C(C=C42)O)O)O)O,cyclodextrin,4.09660005569458,CC(O)COCC1OC2OC3C(COCC(C)O)OC(OC4C(COCC(C)O)OC(OC5C(COCC(C)O)OC(OC6C(COCC(C)O)OC(OC7C(COCC(C)O)OC(OC8C(COCC(C)O)OC(OC1C(O)C2O)C(O)C8O)C(O)C7O)C(O)C6O)C(O)C5O)C(O)C4O)C(O)C3O,230541427DC92F12743008B2626A57F6159DF410C224BE8F505DFF020C17F26C,HOST_CAN_0012,PASS,O=c1cc2oc3cc(O)c(O)cc3c(-c3ccccc3O)c-2cc1O,5BCBBD056C92CD03DDFE685F9018F43A2DC1509922D83641505078B2531D4168,GUEST_CAN_0956,PASS,GINE,4,host_cold,4,2.5477328300476074
554,85,54,OC[C@H]1O[C@@H]2O[C@@H]3[C@@H](CO)O[C@H](O[C@@H]4[C@@H](CO)O[C@H](O[C@@H]5[C@@H](CO)O[C@H](O[C@@H]6[C@@H](CO)O[C@H](O[C@@H]7[C@@H](CO)O[C@H](O[C@@H]8[C@@H](CO)O[C@H](O[C@@H]9[C@@H](CO)O[C@H](O[C@H]1[C@H](O)[C@H]2O)[C@H](O)[C@H]9O)[C@H](O)[C@H]8O)[C@H](O)[C@H]7O)[C@H](O)[C@H]6O)[C@H](O)[C@H]5O)[C@H](O)[C@H]4O)[C@H](O)[C@H]3O,C1C2CC3CC1CC(C2)(C3)C(=O)O,cyclodextrin,2.283400058746338,OC[C@H]1O[C@@H]2O[C@H]3[C@H](O)[C@@H](O)[C@@H](O[C@H]4[C@H](O)[C@@H](O)[C@@H](O[C@H]5[C@H](O)[C@@H](O)[C@@H](O[C@H]6[C@H](O)[C@@H](O)[C@@H](O[C@H]7[C@H](O)[C@@H](O)[C@@H](O[C@H]8[C@H](O)[C@@H](O)[C@@H](O[C@H]9[C@H](O)[C@@H](O)[C@@H](O[C@H]1[C@H](O)[C@H]2O)O[C@@H]9CO)O[C@@H]8CO)O[C@@H]7CO)O[C@@H]6CO)O[C@@H]5CO)O[C@@H]4CO)O[C@@H]3CO,4E4982FCAA8A96CE9D40EDC97C9574B542F86F2BEB463ECAA6DCE3670D2F9B83,HOST_CAN_0177,PASS,O=C(O)C12CC3CC(CC(C3)C1)C2,BDD5C5A261E793089EEA24870ABE3EB6AAE16382F79784242493A375DCA0EDE8,GUEST_CAN_0863,PASS,GINE,4,host_cold,4,3.7207398414611816
556,114,224,COC[C@H]1O[C@@H]2O[C@H]3[C@H](COC)O[C@H]([C@H]([C@@H]3OC)OC)O[C@H]3[C@H](COC)O[C@H]([C@H]([C@@H]3OC)OC)O[C@H]3[C@H](COC)O[C@H]([C@H]([C@@H]3OC)OC)O[C@H]3[C@@H](O[C@@H](O[C@@H]4[C@H](O[C@H](O[C@@H]5[C@H](O[C@H](O[C@H]1[C@@H]([C@H]2OC)OC)[C@H](OC)[C@H]5OC)COc1cccc2c1cccc2)[C@H](OC)[C@H]4OC)COC)[C@@H](OC)[C@@H]3OC)COC,[Na]OC(=O)CCC([C@H]1CC[C@@H]2[C@]1(C)[C@@H](O)C[C@H]1[C@H]2[C@H](O)C[C@H]2[C@]1(C)CC[C@H](C2)O)C,cyclodextrin,2.9590001106262207,COC[C@@H]1O[C@H]2O[C@@H]3[C@@H](OC)[C@H](OC)[C@H](O[C@H]4[C@H](OC)[C@@H](OC)[C@@H](O[C@H]5[C@H](OC)[C@@H](OC)[C@@H](O[C@H]6[C@H](OC)[C@@H](OC)[C@@H](O[C@@H]7[C@@H](OC)[C@H](OC)[C@H](O[C@@H]8[C@@H](OC)[C@H](OC)[C@H](O[C@@H]1[C@@H](OC)[C@@H]2OC)O[C@H]8COC)O[C@H]7COC)O[C@@H]6COC)O[C@@H]5COc1cccc2ccccc12)O[C@@H]4COC)O[C@H]3COC,7AE19FA8EF87D27413EA05F1D5DD130463E6A866CDA3A89A21EED2C3F3D61191,HOST_CAN_0062,PASS,CC(CCC(=O)[O][Na])[C@H]1CC[C@H]2[C@@H]3[C@H](O)C[C@@H]4C[C@H](O)CC[C@]4(C)[C@H]3C[C@H](O)[C@]12C,325F0710EF62CA3C12381A9A8CD6F83A5931D6CF0558E81C8EA783470AFA3F90,GUEST_CAN_0175,PASS,GINE,4,host_cold,4,3.468989372253418
564,8,414,C1N2C3C4N(C2=O)CN5C6C7N(C5=O)CN8C9C2N(C8=O)CN5C8C%10N(C5=O)CN5C%11C%12N(C5=O)CN5C%13C(N1C5=O)N1CN3C(=O)N4CN6C(=O)N7CN9C(=O)N2CN8C(=O)N%10CN%11C(=O)N%12CN%13C1=O,FC(C(=O)O)(F)F,cucurbituril,1.0413999557495117,O=C1N2CN3C(=O)N4CN5C(=O)N6CN7C(=O)N8CN9C(=O)N%10CN%11C(=O)N%12CN1C1C2N2CN%13C(=O)N(CN%14C(=O)N(CN%15C(=O)N(CN%16C(=O)N(CN%17C(=O)N(CN1C2=O)C%12C%11%17)C%10C9%16)C8C7%15)C6C5%14)C4C3%13,2526C525F966BEE6CB589BBB60C9F4124C02584847747BDAFF4E92B4462536E8,HOST_CAN_0149,PASS,O=C(O)C(F)(F)F,40941979AAADF2021439CC523254741BF5AEDDDF2769AFACED9317493F2C93A1,GUEST_CAN_0857,PASS,GINE,4,host_cold,4,2.8600478172302246
566,8,416,C1N2C3C4N(C2=O)CN5C6C7N(C5=O)CN8C9C2N(C8=O)CN5C8C%10N(C5=O)CN5C%11C%12N(C5=O)CN5C%13C(N1C5=O)N1CN3C(=O)N4CN6C(=O)N7CN9C(=O)N2CN8C(=O)N%10CN%11C(=O)N%12CN%13C1=O,NC(CC(C)C)C(=O)NCC(=O)NC(CC1=CC=CC=C1)C(=O)O,cucurbituril,2.799999952316284,O=C1N2CN3C(=O)N4CN5C(=O)N6CN7C(=O)N8CN9C(=O)N%10CN%11C(=O)N%12CN1C1C2N2CN%13C(=O)N(CN%14C(=O)N(CN%15C(=O)N(CN%16C(=O)N(CN%17C(=O)N(CN1C2=O)C%12C%11%17)C%10C9%16)C8C7%15)C6C5%14)C4C3%13,2526C525F966BEE6CB589BBB60C9F4124C02584847747BDAFF4E92B4462536E8,HOST_CAN_0149,PASS,CC(C)CC(N)C(=O)NCC(=O)NC(Cc1ccccc1)C(=O)O,E17A0636B409730BB6AE58E69AB76B1C7BC30A4D61146032249EE314DEF17C6D,GUEST_CAN_0136,PASS,GINE,4,host_cold,4,6.19527530670166
567,115,215,C(CCC)C1=C(C(OC2=CC(=CC=C12)N(CC)CC)=O)C=O,CC(C(=O)O)N,other,0.1460999995470047,CCCCc1c(C=O)c(=O)oc2cc(N(CC)CC)ccc12,50E4CC3B42DB2A1D81BA2FCB02D3EA8F0BF1EB0B92ACDAB1C80BFBFCC39A06BB,HOST_CAN_0035,PASS,CC(N)C(=O)O,6AC3AD1747D8E4C9B36EA5FBFB37965B87CCE816D9D72141F9005590B6D6FC3C,GUEST_CAN_0180,PASS,GINE,4,host_cold,4,1.2957947254180908
569,8,417,C1N2C3C4N(C2=O)CN5C6C7N(C5=O)CN8C9C2N(C8=O)CN5C8C%10N(C5=O)CN5C%11C%12N(C5=O)CN5C%13C(N1C5=O)N1CN3C(=O)N4CN6C(=O)N7CN9C(=O)N2CN8C(=O)N%10CN%11C(=O)N%12CN%13C1=O,N[C@@H](CC(C)C)C(=O)N[C@@H](CC1=CNC2=CC=CC=C12)C(=O)O,cucurbituril,2.9200000762939453,O=C1N2CN3C(=O)N4CN5C(=O)N6CN7C(=O)N8CN9C(=O)N%10CN%11C(=O)N%12CN1C1C2N2CN%13C(=O)N(CN%14C(=O)N(CN%15C(=O)N(CN%16C(=O)N(CN%17C(=O)N(CN1C2=O)C%12C%11%17)C%10C9%16)C8C7%15)C6C5%14)C4C3%13,2526C525F966BEE6CB589BBB60C9F4124C02584847747BDAFF4E92B4462536E8,HOST_CAN_0149,PASS,CC(C)C[C@H](N)C(=O)N[C@@H](Cc1c[nH]c2ccccc12)C(=O)O,906F52BB5133E2F521D9A864A5C9B7011CDD88DBC03840928FD88A6A9702C72F,GUEST_CAN_0150,PASS,GINE,4,host_cold,4,5.492959499359131
573,8,420,C1N2C3C4N(C2=O)CN5C6C7N(C5=O)CN8C9C2N(C8=O)CN5C8C%10N(C5=O)CN5C%11C%12N(C5=O)CN5C%13C(N1C5=O)N1CN3C(=O)N4CN6C(=O)N7CN9C(=O)N2CN8C(=O)N%10CN%11C(=O)N%12CN%13C1=O,CCCCCCC[NH3+],cucurbituril,3.763400077819824,O=C1N2CN3C(=O)N4CN5C(=O)N6CN7C(=O)N8CN9C(=O)N%10CN%11C(=O)N%12CN1C1C2N2CN%13C(=O)N(CN%14C(=O)N(CN%15C(=O)N(CN%16C(=O)N(CN%17C(=O)N(CN1C2=O)C%12C%11%17)C%10C9%16)C8C7%15)C6C5%14)C4C3%13,2526C525F966BEE6CB589BBB60C9F4124C02584847747BDAFF4E92B4462536E8,HOST_CAN_0149,PASS,CCCCCCC[NH3+],8B86E80E7A606F90A3E142792E25022A151B83C91A5DF63798EDA4A621EE932C,GUEST_CAN_0294,PASS,GINE,4,host_cold,4,6.6806464195251465
576,117,175,CC(C)(C)C1=CC(=C(C=C1)NC(=O)NC2=CC=C(C=C2)OC)C#CC3=CC(=CC=C3)C#CC4=C(C=CC(=C4)C(C)(C)C)NC(=O)NC5=CC=C(C=C5)OC,CCCC[N+](CCCC)(CCCC)CCCC.[I-],other,2.176100015640259,COc1ccc(NC(=O)Nc2ccc(C(C)(C)C)cc2C#Cc2cccc(C#Cc3cc(C(C)(C)C)ccc3NC(=O)Nc3ccc(OC)cc3)c2)cc1,494C057AF3883280A50FECE7741A3608EDE28ABABC7B8B78AEB79306A119556D,HOST_CAN_0078,PASS,CCCC[N+](CCCC)(CCCC)CCCC.[I-],AEB60E90607A4F8C1F949B3EACD125A2B91E0A4DEAD7B24D9097176DB9E506E4,GUEST_CAN_0318,PASS,GINE,4,host_cold,4,4.184967041015625
586,9,429,[O-]C(=O)COc1ccc2c3c1CNC(=O)c1c(OCC(=O)[O-])ccc4c1ccc1c4C4CC(O1)Oc1c4c4ccc(c(C(=O)NCc5c6c(c7C8c2c(cc3)OC(C8)Oc7cc6)ccc5OCC(=O)[O-])c4cc1)OCC(=O)[O-].[NH4+].[NH4+].[NH4+].[NH4+],CC1COC(=O)O1,other,1.8217999935150146,O=C([O-])COc1ccc2c3c4ccc2c1CNC(=O)c1c(OCC(=O)[O-])ccc2c5c(ccc12)OC1CC5c2c(ccc5c(c(OCC(=O)[O-])ccc25)C(=O)NCc2c(OCC(=O)[O-])ccc5c6c(ccc25)OC(CC36)O4)O1.[NH4+].[NH4+].[NH4+].[NH4+],7D3830C6A6E10F82EEBCC3ED68B861BB21ED63B1DDB277580F3032527E5A1183,HOST_CAN_0139,PASS,CC1COC(=O)O1,77068C9132EF1FBCC6DE2E1A0677E0797777E16856E7BD70970730F64509F0B7,GUEST_CAN_0243,PASS,GINE,4,host_cold,4,2.617943286895752
591,17,171,COP(=O)(Cc1cc2ccc1OCc1cc(COc3ccc(cc3CP(=O)(OC)[O-])C(C)(C)c3ccc(OCc4cc(COc5ccc(C2(C)C)cc5CP(=O)(OC)[O-])cc(c4)[N+](=O)[O-])c(c3)CP(=O)(OC)[O-])cc(c1)[N+](=O)[O-])[O-],C1=CC(=C(C=C1CCN)O)O,other,2.390899896621704,COP(=O)([O-])Cc1cc2ccc1OCc1cc(cc([N+](=O)[O-])c1)COc1ccc(cc1CP(=O)([O-])OC)C(C)(C)c1ccc(c(CP(=O)([O-])OC)c1)OCc1cc(cc([N+](=O)[O-])c1)COc1ccc(cc1CP(=O)([O-])OC)C2(C)C,5C9812D0AA59E8C93387DCBA9CDBD0E45705FA87B439937B162042CB092EC8B9,HOST_CAN_0069,PASS,NCCc1ccc(O)c(O)c1,8C989074BC36C962545C6731CBB09A9BCEAD59D65B1AEE4A0B8B096CFFB8E510,GUEST_CAN_0808,PASS,GINE,4,host_cold,4,2.8679776191711426
595,69,437,NCCN1C=C(N=N1)COC(C=C2)=C(CNCC3=C(OCC(N=N4)=CN4CCN)C=CC5=C3C=C6)C7=C2C8=C(C=C7)OC9CC8C%10=C(O9)C=CC%11=C%10C=CC(OCC(N=N%12)=CN%12CCN)=C%11CNCC%13=C(OCC(N=N%14)=CN%14CCN)C=CC%15=C%13C=CC(O%16)=C%15C%17C5=C6OC%16C%17,OC(C(=O)O)CC1=CC=CC=C1,other,3.8738999366760254,NCCn1cc(COc2ccc3c4c5ccc3c2CNCc2c(OCc3cn(CCN)nn3)ccc3c6c(ccc23)OC2CC6c3c(ccc6c(c(OCc7cn(CCN)nn7)ccc36)CNCc3c(OCc6cn(CCN)nn6)ccc6c7c(ccc36)OC(CC47)O5)O2)nn1,E69AC36986BDADC1E5A61FE9021251B6D5437DB096F231021CE94D055FF4BCBF,HOST_CAN_0113,PASS,O=C(O)C(O)Cc1ccccc1,E9397338BFA2DF2426F5EAFAC89A6A669CCB8C215710730D405A0EAD1E19A161,GUEST_CAN_0859,PASS,GINE,4,host_cold,4,2.129770278930664
602,35,439,[O-]P(=O)(Oc1c2c(c(c3c1C1CC3c3c1cc1c(c3)C3CC1c1c3cccc1)OP(=O)(C)[O-])C1CC2c2c1cc1c(c2)C2CC1c1c2cccc1)C.[Li+].[Li+],C(CCN)CC(C(=O)O)N.Cl,other,3.1022000312805176,CP(=O)([O-])Oc1c2c(c(OP(C)(=O)[O-])c3c1C1CC3c3cc4c(cc31)C1CC4c3ccccc31)C1CC2c2cc3c(cc21)C1CC3c2ccccc21.[Li+].[Li+],0523E219D88C79C8FF3952D24ADDE3A68E28198CE5EE5C77D8FECF429412627C,HOST_CAN_0082,PASS,Cl.NCCCCC(N)C(=O)O,8FFA886A41D9098D64B27B9C9886324CA1B4A58DAD526EF9C6AC5F51515F8B9D,GUEST_CAN_0688,PASS,GINE,4,host_cold,4,3.3787004947662354
608,8,174,C1N2C3C4N(C2=O)CN5C6C7N(C5=O)CN8C9C2N(C8=O)CN5C8C%10N(C5=O)CN5C%11C%12N(C5=O)CN5C%13C(N1C5=O)N1CN3C(=O)N4CN6C(=O)N7CN9C(=O)N2CN8C(=O)N%10CN%11C(=O)N%12CN%13C1=O,C1CCC(=O)C1,cucurbituril,3.2040998935699463,O=C1N2CN3C(=O)N4CN5C(=O)N6CN7C(=O)N8CN9C(=O)N%10CN%11C(=O)N%12CN1C1C2N2CN%13C(=O)N(CN%14C(=O)N(CN%15C(=O)N(CN%16C(=O)N(CN%17C(=O)N(CN1C2=O)C%12C%11%17)C%10C9%16)C8C7%15)C6C5%14)C4C3%13,2526C525F966BEE6CB589BBB60C9F4124C02584847747BDAFF4E92B4462536E8,HOST_CAN_0149,PASS,O=C1CCCC1,25EF9BCA067EFDF8312513E5FD1068CDF46BCEC786214EA2FEDA0313CE4A4F3B,GUEST_CAN_0918,PASS,GINE,4,host_cold,4,4.627755641937256
614,69,447,NCCN1C=C(N=N1)COC(C=C2)=C(CNCC3=C(OCC(N=N4)=CN4CCN)C=CC5=C3C=C6)C7=C2C8=C(C=C7)OC9CC8C%10=C(O9)C=CC%11=C%10C=CC(OCC(N=N%12)=CN%12CCN)=C%11CNCC%13=C(OCC(N=N%14)=CN%14CCN)C=CC%15=C%13C=CC(O%16)=C%15C%17C5=C6OC%16C%17,C1=CC=C(C=C1)C(C(=O)O)C(=O)O,other,5.3078999519348145,NCCn1cc(COc2ccc3c4c5ccc3c2CNCc2c(OCc3cn(CCN)nn3)ccc3c6c(ccc23)OC2CC6c3c(ccc6c(c(OCc7cn(CCN)nn7)ccc36)CNCc3c(OCc6cn(CCN)nn6)ccc6c7c(ccc36)OC(CC47)O5)O2)nn1,E69AC36986BDADC1E5A61FE9021251B6D5437DB096F231021CE94D055FF4BCBF,HOST_CAN_0113,PASS,O=C(O)C(C(=O)O)c1ccccc1,C222F47227AA49085DE9BEABCF86D2CC30B938D60B89D8109753067B98D02E05,GUEST_CAN_0856,PASS,GINE,4,host_cold,4,2.2666447162628174
615,8,448,C1N2C3C4N(C2=O)CN5C6C7N(C5=O)CN8C9C2N(C8=O)CN5C8C%10N(C5=O)CN5C%11C%12N(C5=O)CN5C%13C(N1C5=O)N1CN3C(=O)N4CN6C(=O)N7CN9C(=O)N2CN8C(=O)N%10CN%11C(=O)N%12CN%13C1=O,NCC(=O)N[C@@H](CC1=CNC=N1)C(=O)O,cucurbituril,2.7899999618530273,O=C1N2CN3C(=O)N4CN5C(=O)N6CN7C(=O)N8CN9C(=O)N%10CN%11C(=O)N%12CN1C1C2N2CN%13C(=O)N(CN%14C(=O)N(CN%15C(=O)N(CN%16C(=O)N(CN%17C(=O)N(CN1C2=O)C%12C%11%17)C%10C9%16)C8C7%15)C6C5%14)C4C3%13,2526C525F966BEE6CB589BBB60C9F4124C02584847747BDAFF4E92B4462536E8,HOST_CAN_0149,PASS,NCC(=O)N[C@@H](Cc1c[nH]cn1)C(=O)O,6C1B97FBFBF54DB6FFADF95689E0D6CC27AB4EAC58982DF358081D49043662C7,GUEST_CAN_0772,PASS,GINE,4,host_cold,4,4.551598072052002
616,69,126,NCCN1C=C(N=N1)COC(C=C2)=C(CNCC3=C(OCC(N=N4)=CN4CCN)C=CC5=C3C=C6)C7=C2C8=C(C=C7)OC9CC8C%10=C(O9)C=CC%11=C%10C=CC(OCC(N=N%12)=CN%12CCN)=C%11CNCC%13=C(OCC(N=N%14)=CN%14CCN)C=CC%15=C%13C=CC(O%16)=C%15C%17C5=C6OC%16C%17,NC(C(=O)O)Cc1ccccc1,other,1.9138000011444092,NCCn1cc(COc2ccc3c4c5ccc3c2CNCc2c(OCc3cn(CCN)nn3)ccc3c6c(ccc23)OC2CC6c3c(ccc6c(c(OCc7cn(CCN)nn7)ccc36)CNCc3c(OCc6cn(CCN)nn6)ccc6c7c(ccc36)OC(CC47)O5)O2)nn1,E69AC36986BDADC1E5A61FE9021251B6D5437DB096F231021CE94D055FF4BCBF,HOST_CAN_0113,PASS,NC(Cc1ccccc1)C(=O)O,4B6B1236F1C31D28D9F95F736FF46B2960AFF4F6FCE3D9E76CF43DE2ADDE8B08,GUEST_CAN_0746,PASS,GINE,4,host_cold,4,2.2124905586242676
625,9,265,[O-]C(=O)COc1ccc2c3c1CNC(=O)c1c(OCC(=O)[O-])ccc4c1ccc1c4C4CC(O1)Oc1c4c4ccc(c(C(=O)NCc5c6c(c7C8c2c(cc3)OC(C8)Oc7cc6)ccc5OCC(=O)[O-])c4cc1)OCC(=O)[O-].[NH4+].[NH4+].[NH4+].[NH4+],C1COCO1,other,2.4323999881744385,O=C([O-])COc1ccc2c3c4ccc2c1CNC(=O)c1c(OCC(=O)[O-])ccc2c5c(ccc12)OC1CC5c2c(ccc5c(c(OCC(=O)[O-])ccc25)C(=O)NCc2c(OCC(=O)[O-])ccc5c6c(ccc25)OC(CC36)O4)O1.[NH4+].[NH4+].[NH4+].[NH4+],7D3830C6A6E10F82EEBCC3ED68B861BB21ED63B1DDB277580F3032527E5A1183,HOST_CAN_0139,PASS,C1COCO1,6329F6891F70FDFD32D72476ABBEFB6363AC07912B1D5C569A6DEAD6D6807EA4,GUEST_CAN_0038,PASS,GINE,4,host_cold,4,2.9256772994995117
638,98,61,C([C@@H]1[C@@H]2[C@@H]([C@H]([C@H](O1)O[C@@H]3[C@H](O[C@@H]([C@@H]([C@H]3O)O)O[C@@H]4[C@H](O[C@@H]([C@@H]([C@H]4O)O)O[C@@H]5[C@H](O[C@@H]([C@@H]([C@H]5O)O)O[C@@H]6[C@H](O[C@@H]([C@@H]([C@H]6O)O)O[C@@H]7[C@H](O[C@@H]([C@@H]([C@H]7O)O)O[C@@H]8[C@H](O[C@H](O2)[C@@H]([C@H]8O)O)CO)CO)CO)CO)CO)CO)O)O)NCC(=O)O,CC(CCC(=O)[O-])C1CCC2C1(C(CC3C2C(CC4C3(CCC(C4)O)C)O)O)C.[Na+],cyclodextrin,3.6840999126434326,O=C(O)CNC[C@H]1O[C@@H]2O[C@H]3[C@H](O)[C@@H](O)[C@@H](O[C@H]4[C@H](O)[C@@H](O)[C@@H](O[C@H]5[C@H](O)[C@@H](O)[C@@H](O[C@H]6[C@H](O)[C@@H](O)[C@@H](O[C@H]7[C@H](O)[C@@H](O)[C@@H](O[C@H]8[C@H](O)[C@@H](O)[C@@H](O[C@H]1[C@H](O)[C@H]2O)O[C@@H]8CO)O[C@@H]7CO)O[C@@H]6CO)O[C@@H]5CO)O[C@@H]4CO)O[C@@H]3CO,1CB8BB8FC7131D0029408460C176413DD5567C2F911FE5DE54C9E901F56DC40B,HOST_CAN_0125,PASS,CC(CCC(=O)[O-])C1CCC2C3C(O)CC4CC(O)CCC4(C)C3CC(O)C12C.[Na+],6803A5516449CA62E6A3E8A89CDC620C550457C6B8ACEF02F50D3595007EB539,GUEST_CAN_0173,PASS,GINE,4,host_cold,4,3.560622215270996
643,8,462,C1N2C3C4N(C2=O)CN5C6C7N(C5=O)CN8C9C2N(C8=O)CN5C8C%10N(C5=O)CN5C%11C%12N(C5=O)CN5C%13C(N1C5=O)N1CN3C(=O)N4CN6C(=O)N7CN9C(=O)N2CN8C(=O)N%10CN%11C(=O)N%12CN%13C1=O,CCCCCCO,cucurbituril,2.7076001167297363,O=C1N2CN3C(=O)N4CN5C(=O)N6CN7C(=O)N8CN9C(=O)N%10CN%11C(=O)N%12CN1C1C2N2CN%13C(=O)N(CN%14C(=O)N(CN%15C(=O)N(CN%16C(=O)N(CN%17C(=O)N(CN1C2=O)C%12C%11%17)C%10C9%16)C8C7%15)C6C5%14)C4C3%13,2526C525F966BEE6CB589BBB60C9F4124C02584847747BDAFF4E92B4462536E8,HOST_CAN_0149,PASS,CCCCCCO,A0EBC1A7EEB18CCB45AA6917241B5355FA0BD20A9D2FF511212F55F4F5B4C58B,GUEST_CAN_0296,PASS,GINE,4,host_cold,4,5.139684677124023
644,9,463,[O-]C(=O)COc1ccc2c3c1CNC(=O)c1c(OCC(=O)[O-])ccc4c1ccc1c4C4CC(O1)Oc1c4c4ccc(c(C(=O)NCc5c6c(c7C8c2c(cc3)OC(C8)Oc7cc6)ccc5OCC(=O)[O-])c4cc1)OCC(=O)[O-].[NH4+].[NH4+].[NH4+].[NH4+],C1CCCOCC1,other,2.5202999114990234,O=C([O-])COc1ccc2c3c4ccc2c1CNC(=O)c1c(OCC(=O)[O-])ccc2c5c(ccc12)OC1CC5c2c(ccc5c(c(OCC(=O)[O-])ccc25)C(=O)NCc2c(OCC(=O)[O-])ccc5c6c(ccc25)OC(CC36)O4)O1.[NH4+].[NH4+].[NH4+].[NH4+],7D3830C6A6E10F82EEBCC3ED68B861BB21ED63B1DDB277580F3032527E5A1183,HOST_CAN_0139,PASS,C1CCCOCC1,34F8EEF27B4241C34E26E4E2D170D2862FA9E2E211B82379086EB99CC92DDD8A,GUEST_CAN_0028,PASS,GINE,4,host_cold,4,4.532434463500977
655,9,468,[O-]C(=O)COc1ccc2c3c1CNC(=O)c1c(OCC(=O)[O-])ccc4c1ccc1c4C4CC(O1)Oc1c4c4ccc(c(C(=O)NCc5c6c(c7C8c2c(cc3)OC(C8)Oc7cc6)ccc5OCC(=O)[O-])c4cc1)OCC(=O)[O-].[NH4+].[NH4+].[NH4+].[NH4+],CCOC(=O)C,other,3.3559999465942383,O=C([O-])COc1ccc2c3c4ccc2c1CNC(=O)c1c(OCC(=O)[O-])ccc2c5c(ccc12)OC1CC5c2c(ccc5c(c(OCC(=O)[O-])ccc25)C(=O)NCc2c(OCC(=O)[O-])ccc5c6c(ccc25)OC(CC36)O4)O1.[NH4+].[NH4+].[NH4+].[NH4+],7D3830C6A6E10F82EEBCC3ED68B861BB21ED63B1DDB277580F3032527E5A1183,HOST_CAN_0139,PASS,CCOC(C)=O,AA776D017A7413EAA98D958836BF2321D599C41772392950B900F195A10B0042,GUEST_CAN_0364,PASS,GINE,4,host_cold,4,2.492219924926758
656,69,16,NCCN1C=C(N=N1)COC(C=C2)=C(CNCC3=C(OCC(N=N4)=CN4CCN)C=CC5=C3C=C6)C7=C2C8=C(C=C7)OC9CC8C%10=C(O9)C=CC%11=C%10C=CC(OCC(N=N%12)=CN%12CCN)=C%11CNCC%13=C(OCC(N=N%14)=CN%14CCN)C=CC%15=C%13C=CC(O%16)=C%15C%17C5=C6OC%16C%17,CCCCCC(=O)O,other,2.3838000297546387,NCCn1cc(COc2ccc3c4c5ccc3c2CNCc2c(OCc3cn(CCN)nn3)ccc3c6c(ccc23)OC2CC6c3c(ccc6c(c(OCc7cn(CCN)nn7)ccc36)CNCc3c(OCc6cn(CCN)nn6)ccc6c7c(ccc36)OC(CC47)O5)O2)nn1,E69AC36986BDADC1E5A61FE9021251B6D5437DB096F231021CE94D055FF4BCBF,HOST_CAN_0113,PASS,CCCCCC(=O)O,C0D22B5F44C4EE10006DE3B7B916C74F314AAA41ABEC5D6A6A7CB49811FF0F01,GUEST_CAN_0271,PASS,GINE,4,host_cold,4,1.9502615928649902
660,9,470,[O-]C(=O)COc1ccc2c3c1CNC(=O)c1c(OCC(=O)[O-])ccc4c1ccc1c4C4CC(O1)Oc1c4c4ccc(c(C(=O)NCc5c6c(c7C8c2c(cc3)OC(C8)Oc7cc6)ccc5OCC(=O)[O-])c4cc1)OCC(=O)[O-].[NH4+].[NH4+].[NH4+].[NH4+],CS(=O)C,other,1.4914000034332275,O=C([O-])COc1ccc2c3c4ccc2c1CNC(=O)c1c(OCC(=O)[O-])ccc2c5c(ccc12)OC1CC5c2c(ccc5c(c(OCC(=O)[O-])ccc25)C(=O)NCc2c(OCC(=O)[O-])ccc5c6c(ccc25)OC(CC36)O4)O1.[NH4+].[NH4+].[NH4+].[NH4+],7D3830C6A6E10F82EEBCC3ED68B861BB21ED63B1DDB277580F3032527E5A1183,HOST_CAN_0139,PASS,CS(C)=O,EF4A329FE2B9444E2AE17D5A7D6B0FD38E35D5EAE829D6CA83527841C4D3898F,GUEST_CAN_0511,PASS,GINE,4,host_cold,4,3.588139057159424
666,69,473,NCCN1C=C(N=N1)COC(C=C2)=C(CNCC3=C(OCC(N=N4)=CN4CCN)C=CC5=C3C=C6)C7=C2C8=C(C=C7)OC9CC8C%10=C(O9)C=CC%11=C%10C=CC(OCC(N=N%12)=CN%12CCN)=C%11CNCC%13=C(OCC(N=N%14)=CN%14CCN)C=CC%15=C%13C=CC(O%16)=C%15C%17C5=C6OC%16C%17,O=C(Cc1ccccc1)N[C@H]1C(=O)N2[C@H]1SC([C@H]2C(=O)[O-])(C)C.[Na+],other,4.12060022354126,NCCn1cc(COc2ccc3c4c5ccc3c2CNCc2c(OCc3cn(CCN)nn3)ccc3c6c(ccc23)OC2CC6c3c(ccc6c(c(OCc7cn(CCN)nn7)ccc36)CNCc3c(OCc6cn(CCN)nn6)ccc6c7c(ccc36)OC(CC47)O5)O2)nn1,E69AC36986BDADC1E5A61FE9021251B6D5437DB096F231021CE94D055FF4BCBF,HOST_CAN_0113,PASS,CC1(C)S[C@H]2[C@@H](NC(=O)Cc3ccccc3)C(=O)N2[C@@H]1C(=O)[O-].[Na+],95280732D171EA0125107DBD13A3770B46FD40C4C47303A961FE1BBA455EA980,GUEST_CAN_0211,PASS,GINE,4,host_cold,4,2.927591323852539
667,8,474,C1N2C3C4N(C2=O)CN5C6C7N(C5=O)CN8C9C2N(C8=O)CN5C8C%10N(C5=O)CN5C%11C%12N(C5=O)CN5C%13C(N1C5=O)N1CN3C(=O)N4CN6C(=O)N7CN9C(=O)N2CN8C(=O)N%10CN%11C(=O)N%12CN%13C1=O,C(CCCC(=O)O)CCCN,cucurbituril,3.2699999809265137,O=C1N2CN3C(=O)N4CN5C(=O)N6CN7C(=O)N8CN9C(=O)N%10CN%11C(=O)N%12CN1C1C2N2CN%13C(=O)N(CN%14C(=O)N(CN%15C(=O)N(CN%16C(=O)N(CN%17C(=O)N(CN1C2=O)C%12C%11%17)C%10C9%16)C8C7%15)C6C5%14)C4C3%13,2526C525F966BEE6CB589BBB60C9F4124C02584847747BDAFF4E92B4462536E8,HOST_CAN_0149,PASS,NCCCCCCCC(=O)O,C8E9A59B55CF547F7EA389C2DEA6D81C745542382F5063690CFB4A9F82E76996,GUEST_CAN_0790,PASS,GINE,4,host_cold,4,5.373513698577881
676,9,479,[O-]C(=O)COc1ccc2c3c1CNC(=O)c1c(OCC(=O)[O-])ccc4c1ccc1c4C4CC(O1)Oc1c4c4ccc(c(C(=O)NCc5c6c(c7C8c2c(cc3)OC(C8)Oc7cc6)ccc5OCC(=O)[O-])c4cc1)OCC(=O)[O-].[NH4+].[NH4+].[NH4+].[NH4+],CC1C(O1)C,other,2.170300006866455,O=C([O-])COc1ccc2c3c4ccc2c1CNC(=O)c1c(OCC(=O)[O-])ccc2c5c(ccc12)OC1CC5c2c(ccc5c(c(OCC(=O)[O-])ccc25)C(=O)NCc2c(OCC(=O)[O-])ccc5c6c(ccc25)OC(CC36)O4)O1.[NH4+].[NH4+].[NH4+].[NH4+],7D3830C6A6E10F82EEBCC3ED68B861BB21ED63B1DDB277580F3032527E5A1183,HOST_CAN_0139,PASS,CC1OC1C,821350391504E8B049FB63B3AD7E8B898C58ABAC40D0E8391040D8385BB98E91,GUEST_CAN_0244,PASS,GINE,4,host_cold,4,3.4615843296051025
679,9,481,[O-]C(=O)COc1ccc2c3c1CNC(=O)c1c(OCC(=O)[O-])ccc4c1ccc1c4C4CC(O1)Oc1c4c4ccc(c(C(=O)NCc5c6c(c7C8c2c(cc3)OC(C8)Oc7cc6)ccc5OCC(=O)[O-])c4cc1)OCC(=O)[O-].[NH4+].[NH4+].[NH4+].[NH4+],C1C(O1)C2=CC=CC=C2,other,4.655099868774414,O=C([O-])COc1ccc2c3c4ccc2c1CNC(=O)c1c(OCC(=O)[O-])ccc2c5c(ccc12)OC1CC5c2c(ccc5c(c(OCC(=O)[O-])ccc25)C(=O)NCc2c(OCC(=O)[O-])ccc5c6c(ccc25)OC(CC36)O4)O1.[NH4+].[NH4+].[NH4+].[NH4+],7D3830C6A6E10F82EEBCC3ED68B861BB21ED63B1DDB277580F3032527E5A1183,HOST_CAN_0139,PASS,c1ccc(C2CO2)cc1,0026890506BC5D2564373C8A2879DB5D29E92A6F4A0380E2579E1B29F8784017,GUEST_CAN_1130,PASS,GINE,4,host_cold,4,4.684071063995361
681,85,155,OC[C@H]1O[C@@H]2O[C@@H]3[C@@H](CO)O[C@H](O[C@@H]4[C@@H](CO)O[C@H](O[C@@H]5[C@@H](CO)O[C@H](O[C@@H]6[C@@H](CO)O[C@H](O[C@@H]7[C@@H](CO)O[C@H](O[C@@H]8[C@@H](CO)O[C@H](O[C@@H]9[C@@H](CO)O[C@H](O[C@H]1[C@H](O)[C@H]2O)[C@H](O)[C@H]9O)[C@H](O)[C@H]8O)[C@H](O)[C@H]7O)[C@H](O)[C@H]6O)[C@H](O)[C@H]5O)[C@H](O)[C@H]4O)[C@H](O)[C@H]3O,CCCCNC1=CC=C(C=C1)C(=O)OCCN(C)C.Cl,cyclodextrin,1.6618000268936157,OC[C@H]1O[C@@H]2O[C@H]3[C@H](O)[C@@H](O)[C@@H](O[C@H]4[C@H](O)[C@@H](O)[C@@H](O[C@H]5[C@H](O)[C@@H](O)[C@@H](O[C@H]6[C@H](O)[C@@H](O)[C@@H](O[C@H]7[C@H](O)[C@@H](O)[C@@H](O[C@H]8[C@H](O)[C@@H](O)[C@@H](O[C@H]9[C@H](O)[C@@H](O)[C@@H](O[C@H]1[C@H](O)[C@H]2O)O[C@@H]9CO)O[C@@H]8CO)O[C@@H]7CO)O[C@@H]6CO)O[C@@H]5CO)O[C@@H]4CO)O[C@@H]3CO,4E4982FCAA8A96CE9D40EDC97C9574B542F86F2BEB463ECAA6DCE3670D2F9B83,HOST_CAN_0177,PASS,CCCCNc1ccc(C(=O)OCCN(C)C)cc1.Cl,A397100E143BA35516F734EAC8597B29B3E35E4DCC69A41BC8906C1F1F535EAF,GUEST_CAN_0311,PASS,GINE,4,host_cold,4,2.649156332015991
688,8,486,C1N2C3C4N(C2=O)CN5C6C7N(C5=O)CN8C9C2N(C8=O)CN5C8C%10N(C5=O)CN5C%11C%12N(C5=O)CN5C%13C(N1C5=O)N1CN3C(=O)N4CN6C(=O)N7CN9C(=O)N2CN8C(=O)N%10CN%11C(=O)N%12CN%13C1=O,C1=CN=CC=C1CN,cucurbituril,3.477099895477295,O=C1N2CN3C(=O)N4CN5C(=O)N6CN7C(=O)N8CN9C(=O)N%10CN%11C(=O)N%12CN1C1C2N2CN%13C(=O)N(CN%14C(=O)N(CN%15C(=O)N(CN%16C(=O)N(CN%17C(=O)N(CN1C2=O)C%12C%11%17)C%10C9%16)C8C7%15)C6C5%14)C4C3%13,2526C525F966BEE6CB589BBB60C9F4124C02584847747BDAFF4E92B4462536E8,HOST_CAN_0149,PASS,NCc1ccncc1,E451B4D5940292A8609CD2B2C12803965C9C991D7EF3A54FD2F0434CC04FF24C,GUEST_CAN_0816,PASS,GINE,4,host_cold,4,7.193944454193115
689,126,212,[Na]OS(=O)(=O)CCCOc1ccc(c2c1CN1C(=O)N3[C@]4([C@@]1(N(C2)C(=O)N4CN1[C@@]2(N(C3)C(=O)N3[C@]2(C)N(C1=O)Cc1c(C3)c(OCCCS(=O)(=O)O[Na])ccc1OCCCS(=O)(=O)O[Na])C)C)C)OCCCS(=O)(=O)O[Na],CCC1(C2=C(COC1=O)C(=O)N3CC4=CC5=CC=CC=C5N=C4C3=C2)O,other,3.544100046157837,C[C@]12N3Cc4c(OCCCS(=O)(=O)[O][Na])ccc(OCCCS(=O)(=O)[O][Na])c4CN1C(=O)N1CN4C(=O)N5Cc6c(OCCCS(=O)(=O)[O][Na])ccc(OCCCS(=O)(=O)[O][Na])c6CN6C(=O)N(CN(C3=O)[C@]12C)[C@]4(C)[C@@]56C,FC158E303BB7EAE848BED06CE1AE3709EEEDD9B17FC1DD2CB6652A368D07AC39,HOST_CAN_0087,PASS,CCC1(O)C(=O)OCc2c1cc1n(c2=O)Cc2cc3ccccc3nc2-1,E9469B35D0FA832E6E52F35A157677A6168BC086499F2BDA38D585474E1165AE,GUEST_CAN_0263,PASS,GINE,4,host_cold,4,3.7445783615112305
690,9,487,[O-]C(=O)COc1ccc2c3c1CNC(=O)c1c(OCC(=O)[O-])ccc4c1ccc1c4C4CC(O1)Oc1c4c4ccc(c(C(=O)NCc5c6c(c7C8c2c(cc3)OC(C8)Oc7cc6)ccc5OCC(=O)[O-])c4cc1)OCC(=O)[O-].[NH4+].[NH4+].[NH4+].[NH4+],C1=CSC=C1,other,3.6071999073028564,O=C([O-])COc1ccc2c3c4ccc2c1CNC(=O)c1c(OCC(=O)[O-])ccc2c5c(ccc12)OC1CC5c2c(ccc5c(c(OCC(=O)[O-])ccc25)C(=O)NCc2c(OCC(=O)[O-])ccc5c6c(ccc25)OC(CC36)O4)O1.[NH4+].[NH4+].[NH4+].[NH4+],7D3830C6A6E10F82EEBCC3ED68B861BB21ED63B1DDB277580F3032527E5A1183,HOST_CAN_0139,PASS,c1ccsc1,5EE447CCF47CDA955DE9EE6F0CB99690E04D23B3BB5646E8372DD424DCBCDE12,GUEST_CAN_1149,PASS,GINE,4,host_cold,4,3.7725844383239746
692,8,489,C1N2C3C4N(C2=O)CN5C6C7N(C5=O)CN8C9C2N(C8=O)CN5C8C%10N(C5=O)CN5C%11C%12N(C5=O)CN5C%13C(N1C5=O)N1CN3C(=O)N4CN6C(=O)N7CN9C(=O)N2CN8C(=O)N%10CN%11C(=O)N%12CN%13C1=O,[I-].CN(C1=CC=C(/C=C/C2=CC=[N+](C=C2)C)C=C1)C,cucurbituril,6.902500152587891,O=C1N2CN3C(=O)N4CN5C(=O)N6CN7C(=O)N8CN9C(=O)N%10CN%11C(=O)N%12CN1C1C2N2CN%13C(=O)N(CN%14C(=O)N(CN%15C(=O)N(CN%16C(=O)N(CN%17C(=O)N(CN1C2=O)C%12C%11%17)C%10C9%16)C8C7%15)C6C5%14)C4C3%13,2526C525F966BEE6CB589BBB60C9F4124C02584847747BDAFF4E92B4462536E8,HOST_CAN_0149,PASS,CN(C)c1ccc(/C=C/c2cc[n+](C)cc2)cc1.[I-],F9623E53AB69BB2463A0077AA841FA2C6119EC96A9ABD08AC627DB7EA6076405,GUEST_CAN_0401,PASS,GINE,4,host_cold,4,5.966477394104004
694,9,491,[O-]C(=O)COc1ccc2c3c1CNC(=O)c1c(OCC(=O)[O-])ccc4c1ccc1c4C4CC(O1)Oc1c4c4ccc(c(C(=O)NCc5c6c(c7C8c2c(cc3)OC(C8)Oc7cc6)ccc5OCC(=O)[O-])c4cc1)OCC(=O)[O-].[NH4+].[NH4+].[NH4+].[NH4+],[N+](=O)([O-])C,other,2.0413999557495117,O=C([O-])COc1ccc2c3c4ccc2c1CNC(=O)c1c(OCC(=O)[O-])ccc2c5c(ccc12)OC1CC5c2c(ccc5c(c(OCC(=O)[O-])ccc25)C(=O)NCc2c(OCC(=O)[O-])ccc5c6c(ccc25)OC(CC36)O4)O1.[NH4+].[NH4+].[NH4+].[NH4+],7D3830C6A6E10F82EEBCC3ED68B861BB21ED63B1DDB277580F3032527E5A1183,HOST_CAN_0139,PASS,C[N+](=O)[O-],9DD6477011E170DF8C6A8B067C399B43A2AD6B900754D12DFB60C91C14231420,GUEST_CAN_0551,PASS,GINE,4,host_cold,4,2.5651187896728516
695,9,492,[O-]C(=O)COc1ccc2c3c1CNC(=O)c1c(OCC(=O)[O-])ccc4c1ccc1c4C4CC(O1)Oc1c4c4ccc(c(C(=O)NCc5c6c(c7C8c2c(cc3)OC(C8)Oc7cc6)ccc5OCC(=O)[O-])c4cc1)OCC(=O)[O-].[NH4+].[NH4+].[NH4+].[NH4+],COCOC,other,3.715100049972534,O=C([O-])COc1ccc2c3c4ccc2c1CNC(=O)c1c(OCC(=O)[O-])ccc2c5c(ccc12)OC1CC5c2c(ccc5c(c(OCC(=O)[O-])ccc25)C(=O)NCc2c(OCC(=O)[O-])ccc5c6c(ccc25)OC(CC36)O4)O1.[NH4+].[NH4+].[NH4+].[NH4+],7D3830C6A6E10F82EEBCC3ED68B861BB21ED63B1DDB277580F3032527E5A1183,HOST_CAN_0139,PASS,COCOC,E872C080882993AD4F34EEAB1075D9B1EA06F582404BC31F08853E0654F2108B,GUEST_CAN_0475,PASS,GINE,4,host_cold,4,2.559021472930908
696,85,493,OC[C@H]1O[C@@H]2O[C@@H]3[C@@H](CO)O[C@H](O[C@@H]4[C@@H](CO)O[C@H](O[C@@H]5[C@@H](CO)O[C@H](O[C@@H]6[C@@H](CO)O[C@H](O[C@@H]7[C@@H](CO)O[C@H](O[C@@H]8[C@@H](CO)O[C@H](O[C@@H]9[C@@H](CO)O[C@H](O[C@H]1[C@H](O)[C@H]2O)[C@H](O)[C@H]9O)[C@H](O)[C@H]8O)[C@H](O)[C@H]7O)[C@H](O)[C@H]6O)[C@H](O)[C@H]5O)[C@H](O)[C@H]4O)[C@H](O)[C@H]3O,CN(C)C1=CC2=C(C=C1)C=C3C=CC(=[N+](C)C)C=C3O2.[Cl-],cyclodextrin,1.6021000146865845,OC[C@H]1O[C@@H]2O[C@H]3[C@H](O)[C@@H](O)[C@@H](O[C@H]4[C@H](O)[C@@H](O)[C@@H](O[C@H]5[C@H](O)[C@@H](O)[C@@H](O[C@H]6[C@H](O)[C@@H](O)[C@@H](O[C@H]7[C@H](O)[C@@H](O)[C@@H](O[C@H]8[C@H](O)[C@@H](O)[C@@H](O[C@H]9[C@H](O)[C@@H](O)[C@@H](O[C@H]1[C@H](O)[C@H]2O)O[C@@H]9CO)O[C@@H]8CO)O[C@@H]7CO)O[C@@H]6CO)O[C@@H]5CO)O[C@@H]4CO)O[C@@H]3CO,4E4982FCAA8A96CE9D40EDC97C9574B542F86F2BEB463ECAA6DCE3670D2F9B83,HOST_CAN_0177,PASS,CN(C)c1ccc2cc3ccc(=[N+](C)C)cc-3oc2c1.[Cl-],09C33AD7D97BCD0CF7E33A68D5F01BA82738CB4449F7F2B099A7A5ED61D70654,GUEST_CAN_0408,PASS,GINE,4,host_cold,4,2.720567226409912
699,9,494,[O-]C(=O)COc1ccc2c3c1CNC(=O)c1c(OCC(=O)[O-])ccc4c1ccc1c4C4CC(O1)Oc1c4c4ccc(c(C(=O)NCc5c6c(c7C8c2c(cc3)OC(C8)Oc7cc6)ccc5OCC(=O)[O-])c4cc1)OCC(=O)[O-].[NH4+].[NH4+].[NH4+].[NH4+],C1C(C)O1,other,2.6775999069213867,O=C([O-])COc1ccc2c3c4ccc2c1CNC(=O)c1c(OCC(=O)[O-])ccc2c5c(ccc12)OC1CC5c2c(ccc5c(c(OCC(=O)[O-])ccc25)C(=O)NCc2c(OCC(=O)[O-])ccc5c6c(ccc25)OC(CC36)O4)O1.[NH4+].[NH4+].[NH4+].[NH4+],7D3830C6A6E10F82EEBCC3ED68B861BB21ED63B1DDB277580F3032527E5A1183,HOST_CAN_0139,PASS,CC1CO1,72DB2C6E94EF017899F39F3632DD951839150C04EF5B28A7F8995DB4D68F4FC2,GUEST_CAN_0242,PASS,GINE,4,host_cold,4,3.667966604232788
701,38,328,C1C2C3=CC=CC=C3C4=C5C6CC7=CC=CC=C7C8=CC(=CC(=C8)C9=CC=CC=C9CC3C7=CC=CC=C7C(=C24)C3=C5C2=CC=CC=C62)C2=CC=CC=C21,C[N+](C)(C)C12CC3CC(C1)CC(C3)C2,cyclophane,4.968500137329102,c1ccc2c(c1)CC1c3ccccc3-c3c1c1c4c5c3C(Cc3ccccc3-c3cc-2cc(c3)-c2ccccc2CC4c2ccccc2-1)c1ccccc1-5,7D60610AC6275537B6952E12359C97C789A38E2FA1295732E16AF89573CE95C4,HOST_CAN_0186,PASS,C[N+](C)(C)C12CC3CC(CC(C3)C1)C2,592B1274AF36843687A4C28CB14599E0E7295207B2962D4756B9C9C885C8456D,GUEST_CAN_0558,PASS,GINE,4,host_cold,4,6.556541442871094
708,69,388,NCCN1C=C(N=N1)COC(C=C2)=C(CNCC3=C(OCC(N=N4)=CN4CCN)C=CC5=C3C=C6)C7=C2C8=C(C=C7)OC9CC8C%10=C(O9)C=CC%11=C%10C=CC(OCC(N=N%12)=CN%12CCN)=C%11CNCC%13=C(OCC(N=N%14)=CN%14CCN)C=CC%15=C%13C=CC(O%16)=C%15C%17C5=C6OC%16C%17,CC(=O)OC(C1=CC=CC=C1)C(=O)O,other,3.6041998863220215,NCCn1cc(COc2ccc3c4c5ccc3c2CNCc2c(OCc3cn(CCN)nn3)ccc3c6c(ccc23)OC2CC6c3c(ccc6c(c(OCc7cn(CCN)nn7)ccc36)CNCc3c(OCc6cn(CCN)nn6)ccc6c7c(ccc36)OC(CC47)O5)O2)nn1,E69AC36986BDADC1E5A61FE9021251B6D5437DB096F231021CE94D055FF4BCBF,HOST_CAN_0113,PASS,CC(=O)OC(C(=O)O)c1ccccc1,D345BEFECD5B540F460F0EA9D24EBCA37DFED5572604B51957E88449819A35B4,GUEST_CAN_0093,PASS,GINE,4,host_cold,4,2.341421604156494
717,69,16,NCCN1C=C(N=N1)COC(C=C2)=C(CNCC3=C(OCC(N=N4)=CN4CCN)C=CC5=C3C=C6)C7=C2C8=C(C=C7)OC9CC8C%10=C(O9)C=CC%11=C%10C=CC(OCC(N=N%12)=CN%12CCN)=C%11CNCC%13=C(OCC(N=N%14)=CN%14CCN)C=CC%15=C%13C=CC(O%16)=C%15C%17C5=C6OC%16C%17,CCCCCC(=O)O,other,2.1303000450134277,NCCn1cc(COc2ccc3c4c5ccc3c2CNCc2c(OCc3cn(CCN)nn3)ccc3c6c(ccc23)OC2CC6c3c(ccc6c(c(OCc7cn(CCN)nn7)ccc36)CNCc3c(OCc6cn(CCN)nn6)ccc6c7c(ccc36)OC(CC47)O5)O2)nn1,E69AC36986BDADC1E5A61FE9021251B6D5437DB096F231021CE94D055FF4BCBF,HOST_CAN_0113,PASS,CCCCCC(=O)O,C0D22B5F44C4EE10006DE3B7B916C74F314AAA41ABEC5D6A6A7CB49811FF0F01,GUEST_CAN_0271,PASS,GINE,4,host_cold,4,1.9502615928649902
725,8,507,C1N2C3C4N(C2=O)CN5C6C7N(C5=O)CN8C9C2N(C8=O)CN5C8C%10N(C5=O)CN5C%11C%12N(C5=O)CN5C%13C(N1C5=O)N1CN3C(=O)N4CN6C(=O)N7CN9C(=O)N2CN8C(=O)N%10CN%11C(=O)N%12CN%13C1=O,[Cl-].[K+],cucurbituril,3.8080999851226807,O=C1N2CN3C(=O)N4CN5C(=O)N6CN7C(=O)N8CN9C(=O)N%10CN%11C(=O)N%12CN1C1C2N2CN%13C(=O)N(CN%14C(=O)N(CN%15C(=O)N(CN%16C(=O)N(CN%17C(=O)N(CN1C2=O)C%12C%11%17)C%10C9%16)C8C7%15)C6C5%14)C4C3%13,2526C525F966BEE6CB589BBB60C9F4124C02584847747BDAFF4E92B4462536E8,HOST_CAN_0149,PASS,[Cl-].[K+],1338FF7B2AAC524F6134D0DF3DF30AC1B29A3AA3B9A82125E0E692BDFF664CC8,GUEST_CAN_1035,PASS,GINE,4,host_cold,4,2.6247196197509766
737,9,211,[O-]C(=O)COc1ccc2c3c1CNC(=O)c1c(OCC(=O)[O-])ccc4c1ccc1c4C4CC(O1)Oc1c4c4ccc(c(C(=O)NCc5c6c(c7C8c2c(cc3)OC(C8)Oc7cc6)ccc5OCC(=O)[O-])c4cc1)OCC(=O)[O-].[NH4+].[NH4+].[NH4+].[NH4+],CC#N,other,2.2040998935699463,O=C([O-])COc1ccc2c3c4ccc2c1CNC(=O)c1c(OCC(=O)[O-])ccc2c5c(ccc12)OC1CC5c2c(ccc5c(c(OCC(=O)[O-])ccc25)C(=O)NCc2c(OCC(=O)[O-])ccc5c6c(ccc25)OC(CC36)O4)O1.[NH4+].[NH4+].[NH4+].[NH4+],7D3830C6A6E10F82EEBCC3ED68B861BB21ED63B1DDB277580F3032527E5A1183,HOST_CAN_0139,PASS,CC#N,FDD689A8C9458D0C74F4E8E0D335DCFC7416C1B04DF6625B21F2D2EE202B808A,GUEST_CAN_0061,PASS,GINE,4,host_cold,4,3.3736777305603027
738,85,91,OC[C@H]1O[C@@H]2O[C@@H]3[C@@H](CO)O[C@H](O[C@@H]4[C@@H](CO)O[C@H](O[C@@H]5[C@@H](CO)O[C@H](O[C@@H]6[C@@H](CO)O[C@H](O[C@@H]7[C@@H](CO)O[C@H](O[C@@H]8[C@@H](CO)O[C@H](O[C@@H]9[C@@H](CO)O[C@H](O[C@H]1[C@H](O)[C@H]2O)[C@H](O)[C@H]9O)[C@H](O)[C@H]8O)[C@H](O)[C@H]7O)[C@H](O)[C@H]6O)[C@H](O)[C@H]5O)[C@H](O)[C@H]4O)[C@H](O)[C@H]3O,C1C2CC3CC1CC(C2)(C3)N,cyclodextrin,1.0,OC[C@H]1O[C@@H]2O[C@H]3[C@H](O)[C@@H](O)[C@@H](O[C@H]4[C@H](O)[C@@H](O)[C@@H](O[C@H]5[C@H](O)[C@@H](O)[C@@H](O[C@H]6[C@H](O)[C@@H](O)[C@@H](O[C@H]7[C@H](O)[C@@H](O)[C@@H](O[C@H]8[C@H](O)[C@@H](O)[C@@H](O[C@H]9[C@H](O)[C@@H](O)[C@@H](O[C@H]1[C@H](O)[C@H]2O)O[C@@H]9CO)O[C@@H]8CO)O[C@@H]7CO)O[C@@H]6CO)O[C@@H]5CO)O[C@@H]4CO)O[C@@H]3CO,4E4982FCAA8A96CE9D40EDC97C9574B542F86F2BEB463ECAA6DCE3670D2F9B83,HOST_CAN_0177,PASS,NC12CC3CC(CC(C3)C1)C2,7A4D9C210824DA5713052FE54C9632224B5FB38B7401F407AC7A5312E48B504D,GUEST_CAN_0758,PASS,GINE,4,host_cold,4,4.116002082824707
744,51,517,C1N2C3C4N(C2=O)CN5C6C7N(C5=O)CN8C9C2N(C8=O)CN5C8C%10N(C5=O)CN5C%11C%12N(C5=O)CN5C%13C%14N(C5=O)CN5C%15C%16N(C5=O)CN5C%17C%18N(C5=O)CN5C%19C%20N(C5=O)CN5C%21C(N1C5=O)N1CN3C(=O)N4CN6C(=O)N7CN9C(=O)N2CN8C(=O)N%10CN%11C(=O)N%12CN%13C(=O)N%14CN%15C(=O)N%16CN%17C(=O)N%18CN%19C(=O)N%20CN%21C1=O,c1ccc(nc1)c1ccccn1.c1ccc(nc1)c1ccccn1.c1ccc(nc1)c1ccccn1.[Ir+3],cucurbituril,7.0,O=C1N2CN3C(=O)N4CN5C(=O)N6CN7C(=O)N8CN9C(=O)N%10CN%11C(=O)N%12CN%13C(=O)N%14CN%15C(=O)N%16CN%17C(=O)N%18CN%19C(=O)N%20CN1C1C2N2CN%21C(=O)N(CN%22C(=O)N(CN%23C(=O)N(CN%24C(=O)N(CN%25C(=O)N(CN%26C(=O)N(CN%27C(=O)N(CN%28C(=O)N(CN%29C(=O)N(CN1C2=O)C%20C%19%29)C%18C%17%28)C%16C%15%27)C%14C%13%26)C%12C%11%25)C%10C9%24)C8C7%23)C6C5%22)C4C3%21,E6025A48DEEE6C9E6878EC627A6CB37BA95516523DC76F4BD8E7A3BC0D967C68,HOST_CAN_0142,PASS,[Ir+3].c1ccc(-c2ccccn2)nc1.c1ccc(-c2ccccn2)nc1.c1ccc(-c2ccccn2)nc1,6C788CB6290904146CFE86D072D92562813FB2C06FC290F39F043DF81C8DBA13,GUEST_CAN_1065,PASS,GINE,4,host_cold,4,4.404725551605225
746,9,214,[O-]C(=O)COc1ccc2c3c1CNC(=O)c1c(OCC(=O)[O-])ccc4c1ccc1c4C4CC(O1)Oc1c4c4ccc(c(C(=O)NCc5c6c(c7C8c2c(cc3)OC(C8)Oc7cc6)ccc5OCC(=O)[O-])c4cc1)OCC(=O)[O-].[NH4+].[NH4+].[NH4+].[NH4+],CC1C(O1)C2=CC=CC=C2,other,4.976399898529053,O=C([O-])COc1ccc2c3c4ccc2c1CNC(=O)c1c(OCC(=O)[O-])ccc2c5c(ccc12)OC1CC5c2c(ccc5c(c(OCC(=O)[O-])ccc25)C(=O)NCc2c(OCC(=O)[O-])ccc5c6c(ccc25)OC(CC36)O4)O1.[NH4+].[NH4+].[NH4+].[NH4+],7D3830C6A6E10F82EEBCC3ED68B861BB21ED63B1DDB277580F3032527E5A1183,HOST_CAN_0139,PASS,CC1OC1c1ccccc1,54EBB6A09AE5F8E149FA481FA6C4198A306FEEFF951AD05F8AE3FD8CFB01AA30,GUEST_CAN_0245,PASS,GINE,4,host_cold,4,4.5176825523376465
749,75,521,CN1[C@H]2[C@@H](N(C1=O)C)N3CN4[C@@H]5[C@@H](N(C(=O)N5C)C)N(C4=O)CN6[C@@H]7[C@@H](N(C(=O)N7C)C)N(C6=O)CN8[C@@H]9[C@@H](N(C(=O)N9C)C)N(C8=O)CN1[C@@H]4[C@@H](N(C(=O)N4C)C)N(C1=O)CN1[C@@H]4[C@@H](N(C(=O)N4C)C)N(C1=O)CN2C3=O,[Cl-],other,2.8910000324249268,CN1C(=O)N(C)[C@@H]2[C@H]1N1CN3C(=O)N(CN4C(=O)N(CN5C(=O)N(CN6C(=O)N(CN7C(=O)N(CN2C1=O)[C@@H]1[C@H]7N(C)C(=O)N1C)[C@@H]1[C@H]6N(C)C(=O)N1C)[C@@H]1[C@H]5N(C)C(=O)N1C)[C@@H]1[C@H]4N(C)C(=O)N1C)[C@@H]1[C@H]3N(C)C(=O)N1C,D6C3F21332661BB9069594818AE00619D2227BBAE869749EDEEAB00A6EE038AA,HOST_CAN_0053,PASS,[Cl-],21C8D33686776387B6A57D02C12EDC885AFA97A58E90478063570CDACEDA8054,GUEST_CAN_1022,PASS,GINE,4,host_cold,4,3.788663148880005
751,8,522,C1N2C3C4N(C2=O)CN5C6C7N(C5=O)CN8C9C2N(C8=O)CN5C8C%10N(C5=O)CN5C%11C%12N(C5=O)CN5C%13C(N1C5=O)N1CN3C(=O)N4CN6C(=O)N7CN9C(=O)N2CN8C(=O)N%10CN%11C(=O)N%12CN%13C1=O,CCCN1C=C[N+](=C1)C.[Br-],cucurbituril,4.0,O=C1N2CN3C(=O)N4CN5C(=O)N6CN7C(=O)N8CN9C(=O)N%10CN%11C(=O)N%12CN1C1C2N2CN%13C(=O)N(CN%14C(=O)N(CN%15C(=O)N(CN%16C(=O)N(CN%17C(=O)N(CN1C2=O)C%12C%11%17)C%10C9%16)C8C7%15)C6C5%14)C4C3%13,2526C525F966BEE6CB589BBB60C9F4124C02584847747BDAFF4E92B4462536E8,HOST_CAN_0149,PASS,CCCn1cc[n+](C)c1.[Br-],6919BD04609D03BC4625BE54C07C91147FEE32E4F6D863784784F86B127E2EDF,GUEST_CAN_0338,PASS,GINE,4,host_cold,4,6.239015102386475
755,133,523,OC1=C(CC2=CC(S(=O)([O-])=O)=CC(CC3=CC(S(=O)([O-])=O)=CC(CC4=CC(S(=O)([O-])=O)=CC(CC5=CC(S(=O)([O-])=O)=CC6=C5OCC(O)=O)=C4O)=C3O)=C2O)C=C(S(=O)([O-])=O)C=C1CC7=C(O)C(CC8=C(O)C(CC9=C(O)C(C6)=CC(S(=O)([O-])=O)=C9)=CC(S(=O)([O-])=O)=C8)=CC(S(=O)([O-])=O)=C7,C(C(=O)O)N,calixarene,1.6532000303268433,O=C(O)COc1c2cc(S(=O)(=O)[O-])cc1Cc1cc(S(=O)(=O)[O-])cc(c1O)Cc1cc(S(=O)(=O)[O-])cc(c1O)Cc1cc(S(=O)(=O)[O-])cc(c1O)Cc1cc(S(=O)(=O)[O-])cc(c1O)Cc1cc(S(=O)(=O)[O-])cc(c1O)Cc1cc(S(=O)(=O)[O-])cc(c1O)Cc1cc(S(=O)(=O)[O-])cc(c1O)C2,035C2443DCD42EB5D85B11E9A688FB2E331A4D0CA7EB7848E0D32F221FD3DC33,HOST_CAN_0130,PASS,NCC(=O)O,30FE3809EFBE5F6B082D9B94D27A0C7C9ECD1364A816D59C3D31CE32BCDF848E,GUEST_CAN_0774,PASS,GINE,4,host_cold,4,1.7989728450775146
759,117,472,CC(C)(C)C1=CC(=C(C=C1)NC(=O)NC2=CC=C(C=C2)OC)C#CC3=CC(=CC=C3)C#CC4=C(C=CC(=C4)C(C)(C)C)NC(=O)NC5=CC=C(C=C5)OC,CCCC[N+](CCCC)(CCCC)CCCC.[Br-],other,3.2040998935699463,COc1ccc(NC(=O)Nc2ccc(C(C)(C)C)cc2C#Cc2cccc(C#Cc3cc(C(C)(C)C)ccc3NC(=O)Nc3ccc(OC)cc3)c2)cc1,494C057AF3883280A50FECE7741A3608EDE28ABABC7B8B78AEB79306A119556D,HOST_CAN_0078,PASS,CCCC[N+](CCCC)(CCCC)CCCC.[Br-],6DD8DD4627FCB94C4F4125FAFF1BB3C1B5671EA4BD5502CBFB668600B9692E59,GUEST_CAN_0316,PASS,GINE,4,host_cold,4,4.074512004852295
760,9,492,[O-]C(=O)COc1ccc2c3c1CNC(=O)c1c(OCC(=O)[O-])ccc4c1ccc1c4C4CC(O1)Oc1c4c4ccc(c(C(=O)NCc5c6c(c7C8c2c(cc3)OC(C8)Oc7cc6)ccc5OCC(=O)[O-])c4cc1)OCC(=O)[O-].[NH4+].[NH4+].[NH4+].[NH4+],COCOC,other,3.828700065612793,O=C([O-])COc1ccc2c3c4ccc2c1CNC(=O)c1c(OCC(=O)[O-])ccc2c5c(ccc12)OC1CC5c2c(ccc5c(c(OCC(=O)[O-])ccc25)C(=O)NCc2c(OCC(=O)[O-])ccc5c6c(ccc25)OC(CC36)O4)O1.[NH4+].[NH4+].[NH4+].[NH4+],7D3830C6A6E10F82EEBCC3ED68B861BB21ED63B1DDB277580F3032527E5A1183,HOST_CAN_0139,PASS,COCOC,E872C080882993AD4F34EEAB1075D9B1EA06F582404BC31F08853E0654F2108B,GUEST_CAN_0475,PASS,GINE,4,host_cold,4,2.559021472930908
765,94,37,CC(C(O[Na])=O)OC(C(OC(C)C(O[Na])=O)=C1)=CC2=C1C(C=C(OC(C(O[Na])=O)C)C(OC(C(O[Na])=O)C)=C3)=C3C4=C2C=C(OC(C(O[Na])=O)C)C(OC(C)C(O[Na])=O)=C4,C1=CC(=C(C=C1C(CN)O)O)O,other,2.2695000171661377,CC(Oc1cc2c3cc(OC(C)C(=O)[O][Na])c(OC(C)C(=O)[O][Na])cc3c3cc(OC(C)C(=O)[O][Na])c(OC(C)C(=O)[O][Na])cc3c2cc1OC(C)C(=O)[O][Na])C(=O)[O][Na],BA584CA32AF40B5CC01118169993C3B68F1DD55FC57084F45766D3D97748C6AD,HOST_CAN_0016,PASS,NCC(O)c1ccc(O)c(O)c1,7F5D32A02DE5511E772E8422081F82EE16925B55633A6CB4BB4E730CF1565495,GUEST_CAN_0775,PASS,GINE,4,host_cold,4,3.8702030181884766
767,14,108,NCCOc1c2Cc3cc(cc(c3O)Cc3cc(cc(c3O)Cc3cc(cc(Cc4c(c(Cc5c(c(Cc1cc(c2)S(=O)(=O)O)cc(c5)S(=O)(=O)O)O)cc(c4)S(=O)(=O)O)O)c3O)S(=O)(=O)O)S(=O)(=O)O)S(=O)(=O)O,OC(=O)C(CCCNC(=[NH2+])N)N,calixarene,2.828000068664551,NCCOc1c2cc(S(=O)(=O)O)cc1Cc1cc(S(=O)(=O)O)cc(c1O)Cc1cc(S(=O)(=O)O)cc(c1O)Cc1cc(S(=O)(=O)O)cc(c1O)Cc1cc(S(=O)(=O)O)cc(c1O)Cc1cc(S(=O)(=O)O)cc(c1O)C2,C787A22C599703D921FA29CACAF002E9FF6ED12C44482B2905C84DCBDD5B4AC1,HOST_CAN_0110,PASS,NC(=[NH2+])NCCCC(N)C(=O)O,3A95B838A3F3E4B9211C1F9CE461FB93EA851D8F0AA68498288217A21AD77FAC,GUEST_CAN_0726,PASS,GINE,4,host_cold,4,3.1034255027770996
772,38,530,C1C2C3=CC=CC=C3C4=C5C6CC7=CC=CC=C7C8=CC(=CC(=C8)C9=CC=CC=C9CC3C7=CC=CC=C7C(=C24)C3=C5C2=CC=CC=C62)C2=CC=CC=C21,C[N+]12CCC(CC1)CC2.[I-],cyclophane,4.897600173950195,c1ccc2c(c1)CC1c3ccccc3-c3c1c1c4c5c3C(Cc3ccccc3-c3cc-2cc(c3)-c2ccccc2CC4c2ccccc2-1)c1ccccc1-5,7D60610AC6275537B6952E12359C97C789A38E2FA1295732E16AF89573CE95C4,HOST_CAN_0186,PASS,C[N+]12CCC(CC1)CC2.[I-],573A0926B06AE8ED20B2FC4A94C4D3575E608A2C2EDB738070E574216756B09C,GUEST_CAN_0604,PASS,GINE,4,host_cold,4,7.246353626251221
782,94,536,CC(C(O[Na])=O)OC(C(OC(C)C(O[Na])=O)=C1)=CC2=C1C(C=C(OC(C(O[Na])=O)C)C(OC(C(O[Na])=O)C)=C3)=C3C4=C2C=C(OC(C(O[Na])=O)C)C(OC(C)C(O[Na])=O)=C4,C1=CC2=C(C=C1O)C(=CN2)CCN,other,2.3032000064849854,CC(Oc1cc2c3cc(OC(C)C(=O)[O][Na])c(OC(C)C(=O)[O][Na])cc3c3cc(OC(C)C(=O)[O][Na])c(OC(C)C(=O)[O][Na])cc3c2cc1OC(C)C(=O)[O][Na])C(=O)[O][Na],BA584CA32AF40B5CC01118169993C3B68F1DD55FC57084F45766D3D97748C6AD,HOST_CAN_0016,PASS,NCCc1c[nH]c2ccc(O)cc12,50C092FACAED55A658C6A1AE3522860D2E1569D33526588B723A5129AA5EBE61,GUEST_CAN_0806,PASS,GINE,4,host_cold,4,4.769146919250488
783,38,449,C1C2C3=CC=CC=C3C4=C5C6CC7=CC=CC=C7C8=CC(=CC(=C8)C9=CC=CC=C9CC3C7=CC=CC=C7C(=C24)C3=C5C2=CC=CC=C62)C2=CC=CC=C21,CC[N+](CC)(CC)CC.[I-],cyclophane,4.748199939727783,c1ccc2c(c1)CC1c3ccccc3-c3c1c1c4c5c3C(Cc3ccccc3-c3cc-2cc(c3)-c2ccccc2CC4c2ccccc2-1)c1ccccc1-5,7D60610AC6275537B6952E12359C97C789A38E2FA1295732E16AF89573CE95C4,HOST_CAN_0186,PASS,CC[N+](CC)(CC)CC.[I-],439726C7FE1A89F55ABD4835F401966187407593946A2A10145FD576A8887D74,GUEST_CAN_0375,PASS,GINE,4,host_cold,4,4.250645637512207
784,8,537,C1N2C3C4N(C2=O)CN5C6C7N(C5=O)CN8C9C2N(C8=O)CN5C8C%10N(C5=O)CN5C%11C%12N(C5=O)CN5C%13C(N1C5=O)N1CN3C(=O)N4CN6C(=O)N7CN9C(=O)N2CN8C(=O)N%10CN%11C(=O)N%12CN%13C1=O,CCCCCCN1C=C[N+](=C1)C.[Br-],cucurbituril,4.537799835205078,O=C1N2CN3C(=O)N4CN5C(=O)N6CN7C(=O)N8CN9C(=O)N%10CN%11C(=O)N%12CN1C1C2N2CN%13C(=O)N(CN%14C(=O)N(CN%15C(=O)N(CN%16C(=O)N(CN%17C(=O)N(CN1C2=O)C%12C%11%17)C%10C9%16)C8C7%15)C6C5%14)C4C3%13,2526C525F966BEE6CB589BBB60C9F4124C02584847747BDAFF4E92B4462536E8,HOST_CAN_0149,PASS,CCCCCCn1cc[n+](C)c1.[Br-],15B1B4F53B7D62E378A109E635A60B5495DBBE0C4F2C1679FF0301EE3D7C7E95,GUEST_CAN_0303,PASS,GINE,4,host_cold,4,6.450433254241943
794,94,542,CC(C(O[Na])=O)OC(C(OC(C)C(O[Na])=O)=C1)=CC2=C1C(C=C(OC(C(O[Na])=O)C)C(OC(C(O[Na])=O)C)=C3)=C3C4=C2C=C(OC(C(O[Na])=O)C)C(OC(C)C(O[Na])=O)=C4,C1=CC(=CC=C1CCN)O,other,2.3747000694274902,CC(Oc1cc2c3cc(OC(C)C(=O)[O][Na])c(OC(C)C(=O)[O][Na])cc3c3cc(OC(C)C(=O)[O][Na])c(OC(C)C(=O)[O][Na])cc3c2cc1OC(C)C(=O)[O][Na])C(=O)[O][Na],BA584CA32AF40B5CC01118169993C3B68F1DD55FC57084F45766D3D97748C6AD,HOST_CAN_0016,PASS,NCCc1ccc(O)cc1,DDE8FB0CAB54D70F634834523F64F6D6D31E8DDBE409025D5D3B793F1CAB152C,GUEST_CAN_0809,PASS,GINE,4,host_cold,4,4.680168628692627
800,9,545,[O-]C(=O)COc1ccc2c3c1CNC(=O)c1c(OCC(=O)[O-])ccc4c1ccc1c4C4CC(O1)Oc1c4c4ccc(c(C(=O)NCc5c6c(c7C8c2c(cc3)OC(C8)Oc7cc6)ccc5OCC(=O)[O-])c4cc1)OCC(=O)[O-].[NH4+].[NH4+].[NH4+].[NH4+],C1COC1,other,2.376499891281128,O=C([O-])COc1ccc2c3c4ccc2c1CNC(=O)c1c(OCC(=O)[O-])ccc2c5c(ccc12)OC1CC5c2c(ccc5c(c(OCC(=O)[O-])ccc25)C(=O)NCc2c(OCC(=O)[O-])ccc5c6c(ccc25)OC(CC36)O4)O1.[NH4+].[NH4+].[NH4+].[NH4+],7D3830C6A6E10F82EEBCC3ED68B861BB21ED63B1DDB277580F3032527E5A1183,HOST_CAN_0139,PASS,C1COC1,C87B7A7A34ED4CBE76FDF5D686528693E005FC0C0FF659CE71CE50DC277F1047,GUEST_CAN_0036,PASS,GINE,4,host_cold,4,3.752669095993042
804,9,549,[O-]C(=O)COc1ccc2c3c1CNC(=O)c1c(OCC(=O)[O-])ccc4c1ccc1c4C4CC(O1)Oc1c4c4ccc(c(C(=O)NCc5c6c(c7C8c2c(cc3)OC(C8)Oc7cc6)ccc5OCC(=O)[O-])c4cc1)OCC(=O)[O-].[NH4+].[NH4+].[NH4+].[NH4+],C=CCCCC1CO1,other,4.429800033569336,O=C([O-])COc1ccc2c3c4ccc2c1CNC(=O)c1c(OCC(=O)[O-])ccc2c5c(ccc12)OC1CC5c2c(ccc5c(c(OCC(=O)[O-])ccc25)C(=O)NCc2c(OCC(=O)[O-])ccc5c6c(ccc25)OC(CC36)O4)O1.[NH4+].[NH4+].[NH4+].[NH4+],7D3830C6A6E10F82EEBCC3ED68B861BB21ED63B1DDB277580F3032527E5A1183,HOST_CAN_0139,PASS,C=CCCCC1CO1,F7536540BA34C47B2678F2B94EC653BB986E9832E5ED7840D46ECFCBC4BD2DD7,GUEST_CAN_0047,PASS,GINE,4,host_cold,4,6.224313735961914
807,94,550,CC(C(O[Na])=O)OC(C(OC(C)C(O[Na])=O)=C1)=CC2=C1C(C=C(OC(C(O[Na])=O)C)C(OC(C(O[Na])=O)C)=C3)=C3C4=C2C=C(OC(C(O[Na])=O)C)C(OC(C)C(O[Na])=O)=C4,C(CC1=CC=CC=C1)[NH3+],other,2.1731998920440674,CC(Oc1cc2c3cc(OC(C)C(=O)[O][Na])c(OC(C)C(=O)[O][Na])cc3c3cc(OC(C)C(=O)[O][Na])c(OC(C)C(=O)[O][Na])cc3c2cc1OC(C)C(=O)[O][Na])C(=O)[O][Na],BA584CA32AF40B5CC01118169993C3B68F1DD55FC57084F45766D3D97748C6AD,HOST_CAN_0016,PASS,[NH3+]CCc1ccccc1,E342F30D4EF12F2ABEACBAC3AD9015653451EE47B090DAA3A07430C7BFA1245F,GUEST_CAN_1092,PASS,GINE,4,host_cold,4,5.4674224853515625
812,85,554,OC[C@H]1O[C@@H]2O[C@@H]3[C@@H](CO)O[C@H](O[C@@H]4[C@@H](CO)O[C@H](O[C@@H]5[C@@H](CO)O[C@H](O[C@@H]6[C@@H](CO)O[C@H](O[C@@H]7[C@@H](CO)O[C@H](O[C@@H]8[C@@H](CO)O[C@H](O[C@@H]9[C@@H](CO)O[C@H](O[C@H]1[C@H](O)[C@H]2O)[C@H](O)[C@H]9O)[C@H](O)[C@H]8O)[C@H](O)[C@H]7O)[C@H](O)[C@H]6O)[C@H](O)[C@H]5O)[C@H](O)[C@H]4O)[C@H](O)[C@H]3O,CCN(CC)C1=CC2=C(C=C1)C=C3C=CC(=[N+](CC)CC)C=C3O2.[Cl-],cyclodextrin,2.2788000106811523,OC[C@H]1O[C@@H]2O[C@H]3[C@H](O)[C@@H](O)[C@@H](O[C@H]4[C@H](O)[C@@H](O)[C@@H](O[C@H]5[C@H](O)[C@@H](O)[C@@H](O[C@H]6[C@H](O)[C@@H](O)[C@@H](O[C@H]7[C@H](O)[C@@H](O)[C@@H](O[C@H]8[C@H](O)[C@@H](O)[C@@H](O[C@H]9[C@H](O)[C@@H](O)[C@@H](O[C@H]1[C@H](O)[C@H]2O)O[C@@H]9CO)O[C@@H]8CO)O[C@@H]7CO)O[C@@H]6CO)O[C@@H]5CO)O[C@@H]4CO)O[C@@H]3CO,4E4982FCAA8A96CE9D40EDC97C9574B542F86F2BEB463ECAA6DCE3670D2F9B83,HOST_CAN_0177,PASS,CCN(CC)c1ccc2cc3ccc(=[N+](CC)CC)cc-3oc2c1.[Cl-],1CA0D7F3C6191856A9E7DDC692EDF9D0072181FC20ACACA58CFA3867815AA858,GUEST_CAN_0354,PASS,GINE,4,host_cold,4,2.9297637939453125
814,138,212,[Na]OS(=O)(=O)CCCOc1c2CN3C(=O)N4[C@]5([C@@]3(N(Cc2c(c2c1cccc2)OCCCS(=O)(=O)O[Na])C(=O)N5Cc1c(C4)c(OCCCS(=O)(=O)O[Na])c2c(c1OCCCS(=O)(=O)O[Na])cccc2)C)C,CCC1(C2=C(COC1=O)C(=O)N3CC4=CC5=CC=CC=C5N=C4C3=C2)O,other,4.342400074005127,C[C@]12N3Cc4c(c(OCCCS(=O)(=O)[O][Na])c5ccccc5c4OCCCS(=O)(=O)[O][Na])CN1C(=O)N1Cc4c(c(OCCCS(=O)(=O)[O][Na])c5ccccc5c4OCCCS(=O)(=O)[O][Na])CN(C3=O)[C@]12C,4FD5936996CA6AE9CBA0A8E58EA53E5320846DE9035AA8E34BD0DB671FD71161,HOST_CAN_0091,PASS,CCC1(O)C(=O)OCc2c1cc1n(c2=O)Cc2cc3ccccc3nc2-1,E9469B35D0FA832E6E52F35A157677A6168BC086499F2BDA38D585474E1165AE,GUEST_CAN_0263,PASS,GINE,4,host_cold,4,3.4429914951324463
821,85,121,OC[C@H]1O[C@@H]2O[C@@H]3[C@@H](CO)O[C@H](O[C@@H]4[C@@H](CO)O[C@H](O[C@@H]5[C@@H](CO)O[C@H](O[C@@H]6[C@@H](CO)O[C@H](O[C@@H]7[C@@H](CO)O[C@H](O[C@@H]8[C@@H](CO)O[C@H](O[C@@H]9[C@@H](CO)O[C@H](O[C@H]1[C@H](O)[C@H]2O)[C@H](O)[C@H]9O)[C@H](O)[C@H]8O)[C@H](O)[C@H]7O)[C@H](O)[C@H]6O)[C@H](O)[C@H]5O)[C@H](O)[C@H]4O)[C@H](O)[C@H]3O,C1C2CC3C4C1C5CC(C4)(CC3C5C2)N,cyclodextrin,3.3947999477386475,OC[C@H]1O[C@@H]2O[C@H]3[C@H](O)[C@@H](O)[C@@H](O[C@H]4[C@H](O)[C@@H](O)[C@@H](O[C@H]5[C@H](O)[C@@H](O)[C@@H](O[C@H]6[C@H](O)[C@@H](O)[C@@H](O[C@H]7[C@H](O)[C@@H](O)[C@@H](O[C@H]8[C@H](O)[C@@H](O)[C@@H](O[C@H]9[C@H](O)[C@@H](O)[C@@H](O[C@H]1[C@H](O)[C@H]2O)O[C@@H]9CO)O[C@@H]8CO)O[C@@H]7CO)O[C@@H]6CO)O[C@@H]5CO)O[C@@H]4CO)O[C@@H]3CO,4E4982FCAA8A96CE9D40EDC97C9574B542F86F2BEB463ECAA6DCE3670D2F9B83,HOST_CAN_0177,PASS,NC12CC3C4CC5CC3C(C1)C(C5)C4C2,13B9624BB7CB2AACC46822A3C7F30E43D3C581BDAE726763E7DE160B3EE6B9AE,GUEST_CAN_0757,PASS,GINE,4,host_cold,4,4.746603012084961
823,85,104,OC[C@H]1O[C@@H]2O[C@@H]3[C@@H](CO)O[C@H](O[C@@H]4[C@@H](CO)O[C@H](O[C@@H]5[C@@H](CO)O[C@H](O[C@@H]6[C@@H](CO)O[C@H](O[C@@H]7[C@@H](CO)O[C@H](O[C@@H]8[C@@H](CO)O[C@H](O[C@@H]9[C@@H](CO)O[C@H](O[C@H]1[C@H](O)[C@H]2O)[C@H](O)[C@H]9O)[C@H](O)[C@H]8O)[C@H](O)[C@H]7O)[C@H](O)[C@H]6O)[C@H](O)[C@H]5O)[C@H](O)[C@H]4O)[C@H](O)[C@H]3O,C1CC2CCC1N=N2,cyclodextrin,0.7781999707221985,OC[C@H]1O[C@@H]2O[C@H]3[C@H](O)[C@@H](O)[C@@H](O[C@H]4[C@H](O)[C@@H](O)[C@@H](O[C@H]5[C@H](O)[C@@H](O)[C@@H](O[C@H]6[C@H](O)[C@@H](O)[C@@H](O[C@H]7[C@H](O)[C@@H](O)[C@@H](O[C@H]8[C@H](O)[C@@H](O)[C@@H](O[C@H]9[C@H](O)[C@@H](O)[C@@H](O[C@H]1[C@H](O)[C@H]2O)O[C@@H]9CO)O[C@@H]8CO)O[C@@H]7CO)O[C@@H]6CO)O[C@@H]5CO)O[C@@H]4CO)O[C@@H]3CO,4E4982FCAA8A96CE9D40EDC97C9574B542F86F2BEB463ECAA6DCE3670D2F9B83,HOST_CAN_0177,PASS,C1CC2CCC1N=N2,28524F2C321EA80222CEAE7EE74FE527F854D218FD4782A52CD6A817541C8DDA,GUEST_CAN_0024,PASS,GINE,4,host_cold,4,2.0646023750305176
826,8,561,C1N2C3C4N(C2=O)CN5C6C7N(C5=O)CN8C9C2N(C8=O)CN5C8C%10N(C5=O)CN5C%11C%12N(C5=O)CN5C%13C(N1C5=O)N1CN3C(=O)N4CN6C(=O)N7CN9C(=O)N2CN8C(=O)N%10CN%11C(=O)N%12CN%13C1=O,N1=C(C=CC(=C1)N)C1=NC=CC=C1,cucurbituril,5.283299922943115,O=C1N2CN3C(=O)N4CN5C(=O)N6CN7C(=O)N8CN9C(=O)N%10CN%11C(=O)N%12CN1C1C2N2CN%13C(=O)N(CN%14C(=O)N(CN%15C(=O)N(CN%16C(=O)N(CN%17C(=O)N(CN1C2=O)C%12C%11%17)C%10C9%16)C8C7%15)C6C5%14)C4C3%13,2526C525F966BEE6CB589BBB60C9F4124C02584847747BDAFF4E92B4462536E8,HOST_CAN_0149,PASS,Nc1ccc(-c2ccccn2)nc1,1275DAB9A0CD8532B75A0D868E2531015E32197E5C1CF30526CBB6E820753DBA,GUEST_CAN_0827,PASS,GINE,4,host_cold,4,5.0296430587768555
827,139,389,Oc1c2Cc3cc(N)cc(c3O)Cc3cc(cc(Cc4c(c(Cc1cc(c2)N)cc(N)c4)O)c3O)N,CC1C(C(CC(O1)OC2CC(CC3=C2C(=C4C(=C3O)C(=O)C5=C(C4=O)C(=CC=C5)OC)O)(C(=O)CO)O)N)O,calixarene,4.0,Nc1cc2c(O)c(c1)Cc1cc(N)cc(c1O)Cc1cc(N)cc(c1O)Cc1cc(N)cc(c1O)C2,7B9BCC020D8A5B4E379A7C1BEC086733022832265151879189B204E269014832,HOST_CAN_0115,PASS,COc1cccc2c1C(=O)c1c(O)c3c(c(O)c1C2=O)CC(O)(C(=O)CO)CC3OC1CC(N)C(O)C(C)O1,5E691EE01CBEED4195F6DBAC1948C0336399630FC27CE9AA76E2113537710ABA,GUEST_CAN_0506,PASS,GINE,4,host_cold,4,4.940457344055176
828,115,178,C(CCC)C1=C(C(OC2=CC(=CC=C12)N(CC)CC)=O)C=O,C(CCN)CC(C(=O)O)N,other,0.8129000067710876,CCCCc1c(C=O)c(=O)oc2cc(N(CC)CC)ccc12,50E4CC3B42DB2A1D81BA2FCB02D3EA8F0BF1EB0B92ACDAB1C80BFBFCC39A06BB,HOST_CAN_0035,PASS,NCCCCC(N)C(=O)O,BD55DE8B1F18BBBA0B9FB86FA685E52B4743F1B75F837E0522E8C602B3191BA0,GUEST_CAN_0785,PASS,GINE,4,host_cold,4,1.6723136901855469
830,9,563,[O-]C(=O)COc1ccc2c3c1CNC(=O)c1c(OCC(=O)[O-])ccc4c1ccc1c4C4CC(O1)Oc1c4c4ccc(c(C(=O)NCc5c6c(c7C8c2c(cc3)OC(C8)Oc7cc6)ccc5OCC(=O)[O-])c4cc1)OCC(=O)[O-].[NH4+].[NH4+].[NH4+].[NH4+],C1=CN=CN1,other,1.8387999534606934,O=C([O-])COc1ccc2c3c4ccc2c1CNC(=O)c1c(OCC(=O)[O-])ccc2c5c(ccc12)OC1CC5c2c(ccc5c(c(OCC(=O)[O-])ccc25)C(=O)NCc2c(OCC(=O)[O-])ccc5c6c(ccc25)OC(CC36)O4)O1.[NH4+].[NH4+].[NH4+].[NH4+],7D3830C6A6E10F82EEBCC3ED68B861BB21ED63B1DDB277580F3032527E5A1183,HOST_CAN_0139,PASS,c1c[nH]cn1,5C2D4306FE1E3DA2EA882C9C5F2C78966AE60FF882B2D47C8E561427D5BD7CE5,GUEST_CAN_1120,PASS,GINE,4,host_cold,4,3.2206521034240723
831,8,564,C1N2C3C4N(C2=O)CN5C6C7N(C5=O)CN8C9C2N(C8=O)CN5C8C%10N(C5=O)CN5C%11C%12N(C5=O)CN5C%13C(N1C5=O)N1CN3C(=O)N4CN6C(=O)N7CN9C(=O)N2CN8C(=O)N%10CN%11C(=O)N%12CN%13C1=O,CC1=CC=C(CN)C=C1,cucurbituril,2.789799928665161,O=C1N2CN3C(=O)N4CN5C(=O)N6CN7C(=O)N8CN9C(=O)N%10CN%11C(=O)N%12CN1C1C2N2CN%13C(=O)N(CN%14C(=O)N(CN%15C(=O)N(CN%16C(=O)N(CN%17C(=O)N(CN1C2=O)C%12C%11%17)C%10C9%16)C8C7%15)C6C5%14)C4C3%13,2526C525F966BEE6CB589BBB60C9F4124C02584847747BDAFF4E92B4462536E8,HOST_CAN_0149,PASS,Cc1ccc(CN)cc1,DE6664AFFD76B5AEF3689ED255F6E6D0899180B9122E1F1BF594E00FAE3D4917,GUEST_CAN_0658,PASS,GINE,4,host_cold,4,8.172073364257812
832,8,565,C1N2C3C4N(C2=O)CN5C6C7N(C5=O)CN8C9C2N(C8=O)CN5C8C%10N(C5=O)CN5C%11C%12N(C5=O)CN5C%13C(N1C5=O)N1CN3C(=O)N4CN6C(=O)N7CN9C(=O)N2CN8C(=O)N%10CN%11C(=O)N%12CN%13C1=O,C(CCCCCCCC)(=O)O,cucurbituril,2.7923998832702637,O=C1N2CN3C(=O)N4CN5C(=O)N6CN7C(=O)N8CN9C(=O)N%10CN%11C(=O)N%12CN1C1C2N2CN%13C(=O)N(CN%14C(=O)N(CN%15C(=O)N(CN%16C(=O)N(CN%17C(=O)N(CN1C2=O)C%12C%11%17)C%10C9%16)C8C7%15)C6C5%14)C4C3%13,2526C525F966BEE6CB589BBB60C9F4124C02584847747BDAFF4E92B4462536E8,HOST_CAN_0149,PASS,CCCCCCCCC(=O)O,43FE0E80BB5F11721AA6BD5EEE70D94CD7B1334D75A3A22B04C82FE7E80634CE,GUEST_CAN_0279,PASS,GINE,4,host_cold,4,5.03554630279541
840,8,569,C1N2C3C4N(C2=O)CN5C6C7N(C5=O)CN8C9C2N(C8=O)CN5C8C%10N(C5=O)CN5C%11C%12N(C5=O)CN5C%13C(N1C5=O)N1CN3C(=O)N4CN6C(=O)N7CN9C(=O)N2CN8C(=O)N%10CN%11C(=O)N%12CN%13C1=O,C(CCCCCCC)(=O)O,cucurbituril,2.748199939727783,O=C1N2CN3C(=O)N4CN5C(=O)N6CN7C(=O)N8CN9C(=O)N%10CN%11C(=O)N%12CN1C1C2N2CN%13C(=O)N(CN%14C(=O)N(CN%15C(=O)N(CN%16C(=O)N(CN%17C(=O)N(CN1C2=O)C%12C%11%17)C%10C9%16)C8C7%15)C6C5%14)C4C3%13,2526C525F966BEE6CB589BBB60C9F4124C02584847747BDAFF4E92B4462536E8,HOST_CAN_0149,PASS,CCCCCCCC(=O)O,650A76D642912C075ABE0F1CBCFFF59AA302F4925AB2D8FB9F65BA9D2489B40D,GUEST_CAN_0277,PASS,GINE,4,host_cold,4,4.728264808654785
845,133,57,OC1=C(CC2=CC(S(=O)([O-])=O)=CC(CC3=CC(S(=O)([O-])=O)=CC(CC4=CC(S(=O)([O-])=O)=CC(CC5=CC(S(=O)([O-])=O)=CC6=C5OCC(O)=O)=C4O)=C3O)=C2O)C=C(S(=O)([O-])=O)C=C1CC7=C(O)C(CC8=C(O)C(CC9=C(O)C(C6)=CC(S(=O)([O-])=O)=C9)=CC(S(=O)([O-])=O)=C8)=CC(S(=O)([O-])=O)=C7,OC(=O)C1CCCN1,calixarene,1.6990000009536743,O=C(O)COc1c2cc(S(=O)(=O)[O-])cc1Cc1cc(S(=O)(=O)[O-])cc(c1O)Cc1cc(S(=O)(=O)[O-])cc(c1O)Cc1cc(S(=O)(=O)[O-])cc(c1O)Cc1cc(S(=O)(=O)[O-])cc(c1O)Cc1cc(S(=O)(=O)[O-])cc(c1O)Cc1cc(S(=O)(=O)[O-])cc(c1O)Cc1cc(S(=O)(=O)[O-])cc(c1O)C2,035C2443DCD42EB5D85B11E9A688FB2E331A4D0CA7EB7848E0D32F221FD3DC33,HOST_CAN_0130,PASS,O=C(O)C1CCCN1,089AB51F23001BB951B8422598AD8ED1DBAD90EB1049857FB2A03F150DA120BA,GUEST_CAN_0869,PASS,GINE,4,host_cold,4,2.48246431350708
849,142,574,[Na]OS(=O)(=O)CCCc1ccc2c3c1CN1C(=O)N4[C@@]5([C@@]1(C)N(Cc3c(cc2)CCCS(=O)(=O)O[Na])C(=O)N5CN1[C@H]2N(C4)C(=O)N3[C@H]2N(C1=O)CN1[C@H]2N(C3)C(=O)N3[C@H]2N(C1=O)CN1[C@]2(N(C3)C(=O)N3[C@]2(N(C1=O)Cc1c2c(C3)c(CCCS(=O)(=O)O[Na])ccc2ccc1CCCS(=O)(=O)O[Na])C)C)C,C1CC(N(C1)C(=O)C(CCCCN)NC(CCC2=CC=CC=C2)C(=O)O)C(=O)O,cucurbituril,3.5797998905181885,C[C@]12N3Cc4c(CCCS(=O)(=O)[O][Na])ccc5ccc(CCCS(=O)(=O)[O][Na])c(c45)CN1C(=O)N1CN4C(=O)N5CN6C(=O)N7CN8C(=O)N9Cc%10c(CCCS(=O)(=O)[O][Na])ccc%11ccc(CCCS(=O)(=O)[O][Na])c(c%10%11)CN%10C(=O)N(CN%11C(=O)N(CN%12C(=O)N(CN(C3=O)[C@]12C)[C@@H]4[C@H]%125)[C@@H]6[C@H]%117)[C@]8(C)[C@@]9%10C,830BF403FA9E63AA91A49B5FFFE151ED426E5A39758FD44461918B9242146194,HOST_CAN_0084,PASS,NCCCCC(NC(CCc1ccccc1)C(=O)O)C(=O)N1CCCC1C(=O)O,9F1F4766E22F0C54E66436DE0560ACFBB55C275E2F4C2132E6F6E3F469D6A6DB,GUEST_CAN_0787,PASS,GINE,4,host_cold,4,4.084616184234619
852,9,62,[O-]C(=O)COc1ccc2c3c1CNC(=O)c1c(OCC(=O)[O-])ccc4c1ccc1c4C4CC(O1)Oc1c4c4ccc(c(C(=O)NCc5c6c(c7C8c2c(cc3)OC(C8)Oc7cc6)ccc5OCC(=O)[O-])c4cc1)OCC(=O)[O-].[NH4+].[NH4+].[NH4+].[NH4+],CC(=O)C,other,1.9502999782562256,O=C([O-])COc1ccc2c3c4ccc2c1CNC(=O)c1c(OCC(=O)[O-])ccc2c5c(ccc12)OC1CC5c2c(ccc5c(c(OCC(=O)[O-])ccc25)C(=O)NCc2c(OCC(=O)[O-])ccc5c6c(ccc25)OC(CC36)O4)O1.[NH4+].[NH4+].[NH4+].[NH4+],7D3830C6A6E10F82EEBCC3ED68B861BB21ED63B1DDB277580F3032527E5A1183,HOST_CAN_0139,PASS,CC(C)=O,DE84A3A5E7D86FB53FE767B079B6E324B7F486E3EE690B86B06FD5D7231FB01C,GUEST_CAN_0123,PASS,GINE,4,host_cold,4,2.931384325027466
856,94,578,CC(C(O[Na])=O)OC(C(OC(C)C(O[Na])=O)=C1)=CC2=C1C(C=C(OC(C(O[Na])=O)C)C(OC(C(O[Na])=O)C)=C3)=C3C4=C2C=C(OC(C(O[Na])=O)C)C(OC(C)C(O[Na])=O)=C4,C(C1C(C(C(C(O1)O)O)O)O)O,other,0.0,CC(Oc1cc2c3cc(OC(C)C(=O)[O][Na])c(OC(C)C(=O)[O][Na])cc3c3cc(OC(C)C(=O)[O][Na])c(OC(C)C(=O)[O][Na])cc3c2cc1OC(C)C(=O)[O][Na])C(=O)[O][Na],BA584CA32AF40B5CC01118169993C3B68F1DD55FC57084F45766D3D97748C6AD,HOST_CAN_0016,PASS,OCC1OC(O)C(O)C(O)C1O,A3DAB45FCA948729C76193FD9D1F7171EAA4D1B268421C55636ADA1834EB1411,GUEST_CAN_0970,PASS,GINE,4,host_cold,4,2.6542139053344727
866,9,585,[O-]C(=O)COc1ccc2c3c1CNC(=O)c1c(OCC(=O)[O-])ccc4c1ccc1c4C4CC(O1)Oc1c4c4ccc(c(C(=O)NCc5c6c(c7C8c2c(cc3)OC(C8)Oc7cc6)ccc5OCC(=O)[O-])c4cc1)OCC(=O)[O-].[NH4+].[NH4+].[NH4+].[NH4+],C1COC=CO1,other,3.2553000450134277,O=C([O-])COc1ccc2c3c4ccc2c1CNC(=O)c1c(OCC(=O)[O-])ccc2c5c(ccc12)OC1CC5c2c(ccc5c(c(OCC(=O)[O-])ccc25)C(=O)NCc2c(OCC(=O)[O-])ccc5c6c(ccc25)OC(CC36)O4)O1.[NH4+].[NH4+].[NH4+].[NH4+],7D3830C6A6E10F82EEBCC3ED68B861BB21ED63B1DDB277580F3032527E5A1183,HOST_CAN_0139,PASS,C1=COCCO1,62B89259694551775F024BAF22BB7717B9DD1ABB919F2BD142259B86044C2DEF,GUEST_CAN_0017,PASS,GINE,4,host_cold,4,2.3172388076782227
869,143,586,C1=CC2=CC=C1C3=CC=C(C=C3)C4=CC=C(C=C4)C5=CC=C(C=C5)C6=CC=C(C=C6)C7=CC=C(C=C7)C8=CC=C(C=C8)C9=CC=C(C=C9)C1=CC=C(C=C1)C1=CC=C2C=C1,C12=C3C4=C5C6=C1C7=C8C9=C1C%10=C%11C(=C29)C3=C2C3=C4C4=C5C5=C9C6=C7C6=C7C8=C1C1=C8C%10=C%10C%11=C2C2=C3C3=C4C4=C5C5=C%11C%12=C(C6=C95)C7=C1C1=C%12C5=C%11C4=C3C3=C5C(=C81)C%10=C23,other,6.755899906158447,c1cc2ccc1-c1ccc(cc1)-c1ccc(cc1)-c1ccc(cc1)-c1ccc(cc1)-c1ccc(cc1)-c1ccc(cc1)-c1ccc(cc1)-c1ccc(cc1)-c1ccc-2cc1,6D4DE0F41F54313DCEB565C1E072F861A474436F53F13A09803306FE706EC03B,HOST_CAN_0184,PASS,c12c3c4c5c1c1c6c7c2c2c8c3c3c9c4c4c%10c5c5c1c1c6c6c%11c7c2c2c7c8c3c3c8c9c4c4c9c%10c5c5c1c1c6c6c%11c2c2c7c3c3c8c4c4c9c5c1c1c6c2c3c41,AAD535DC327FE1885E990D64500D82A45CA43EADC26E5C3E60AFEDEE4BAD13CE,GUEST_CAN_1118,PASS,GINE,4,host_cold,4,6.304445266723633
872,9,549,[O-]C(=O)COc1ccc2c3c1CNC(=O)c1c(OCC(=O)[O-])ccc4c1ccc1c4C4CC(O1)Oc1c4c4ccc(c(C(=O)NCc5c6c(c7C8c2c(cc3)OC(C8)Oc7cc6)ccc5OCC(=O)[O-])c4cc1)OCC(=O)[O-].[NH4+].[NH4+].[NH4+].[NH4+],C=CCCCC1CO1,other,3.7585999965667725,O=C([O-])COc1ccc2c3c4ccc2c1CNC(=O)c1c(OCC(=O)[O-])ccc2c5c(ccc12)OC1CC5c2c(ccc5c(c(OCC(=O)[O-])ccc25)C(=O)NCc2c(OCC(=O)[O-])ccc5c6c(ccc25)OC(CC36)O4)O1.[NH4+].[NH4+].[NH4+].[NH4+],7D3830C6A6E10F82EEBCC3ED68B861BB21ED63B1DDB277580F3032527E5A1183,HOST_CAN_0139,PASS,C=CCCCC1CO1,F7536540BA34C47B2678F2B94EC653BB986E9832E5ED7840D46ECFCBC4BD2DD7,GUEST_CAN_0047,PASS,GINE,4,host_cold,4,6.224313735961914
873,67,589,COCCOCCOCCN1C2C(N(C1=O)CCOCCOCCOC)N1C(=O)N2CN2C(=O)N(C3C2N(CCOCCOCCOC)C(=O)N3CCOCCOCCOC)CN2C(=O)N(C3C2N(CCOCCOCCOC)C(=O)N3CCOCCOCCOC)CN2C(=O)N(CN3C(=O)N(CN4C(=O)N(C1)C1C4N(C(=O)N1CCOCCOCCOC)CCOCCOCCOC)C1C3N(C(=O)N1CCOCCOCCOC)CCOCCOCCOC)C1C2N(CCOCCOCCOC)C(=O)N1CCOCCOCCOC,[Br-].[Cs+],other,5.117300033569336,COCCOCCOCCN1C(=O)N(CCOCCOCCOC)C2C1N1CN3C(=O)N(CN4C(=O)N(CN5C(=O)N(CN6C(=O)N(CN7C(=O)N(CN2C1=O)C1C7N(CCOCCOCCOC)C(=O)N1CCOCCOCCOC)C1C6N(CCOCCOCCOC)C(=O)N1CCOCCOCCOC)C1C5N(CCOCCOCCOC)C(=O)N1CCOCCOCCOC)C1C4N(CCOCCOCCOC)C(=O)N1CCOCCOCCOC)C1C3N(CCOCCOCCOC)C(=O)N1CCOCCOCCOC,62192EF92C15D4B199D2DAB70679D4FE4B9DB65514F9B760A1D77C13905222B6,HOST_CAN_0056,PASS,[Br-].[Cs+],91A6471A54FC4889180DDC26F2948B4D5D02F6F35F4671ACB1705ADBB1001165,GUEST_CAN_1016,PASS,GINE,4,host_cold,4,2.116490364074707
874,8,572,C1N2C3C4N(C2=O)CN5C6C7N(C5=O)CN8C9C2N(C8=O)CN5C8C%10N(C5=O)CN5C%11C%12N(C5=O)CN5C%13C(N1C5=O)N1CN3C(=O)N4CN6C(=O)N7CN9C(=O)N2CN8C(=O)N%10CN%11C(=O)N%12CN%13C1=O,CC(C)C(C(=O)O)N,cucurbituril,3.150099992752075,O=C1N2CN3C(=O)N4CN5C(=O)N6CN7C(=O)N8CN9C(=O)N%10CN%11C(=O)N%12CN1C1C2N2CN%13C(=O)N(CN%14C(=O)N(CN%15C(=O)N(CN%16C(=O)N(CN%17C(=O)N(CN1C2=O)C%12C%11%17)C%10C9%16)C8C7%15)C6C5%14)C4C3%13,2526C525F966BEE6CB589BBB60C9F4124C02584847747BDAFF4E92B4462536E8,HOST_CAN_0149,PASS,CC(C)C(N)C(=O)O,EAAD6355EDB48BD09CF062EA5EAA7075212160A98BDA6E749F91F85D2319B476,GUEST_CAN_0126,PASS,GINE,4,host_cold,4,4.387465476989746
895,69,600,NCCN1C=C(N=N1)COC(C=C2)=C(CNCC3=C(OCC(N=N4)=CN4CCN)C=CC5=C3C=C6)C7=C2C8=C(C=C7)OC9CC8C%10=C(O9)C=CC%11=C%10C=CC(OCC(N=N%12)=CN%12CCN)=C%11CNCC%13=C(OCC(N=N%14)=CN%14CCN)C=CC%15=C%13C=CC(O%16)=C%15C%17C5=C6OC%16C%17,COC(=O)CC1=CC=CC=C1,other,3.0766000747680664,NCCn1cc(COc2ccc3c4c5ccc3c2CNCc2c(OCc3cn(CCN)nn3)ccc3c6c(ccc23)OC2CC6c3c(ccc6c(c(OCc7cn(CCN)nn7)ccc36)CNCc3c(OCc6cn(CCN)nn6)ccc6c7c(ccc36)OC(CC47)O5)O2)nn1,E69AC36986BDADC1E5A61FE9021251B6D5437DB096F231021CE94D055FF4BCBF,HOST_CAN_0113,PASS,COC(=O)Cc1ccccc1,D5FAAFE22A9B19EEF4EAB868DCBDC5B6F48F04FF6D709FEF880F0183722C8BC7,GUEST_CAN_0445,PASS,GINE,4,host_cold,4,2.141481399536133
897,38,602,C1C2C3=CC=CC=C3C4=C5C6CC7=CC=CC=C7C8=CC(=CC(=C8)C9=CC=CC=C9CC3C7=CC=CC=C7C(=C24)C3=C5C2=CC=CC=C62)C2=CC=CC=C21,C[N+]1(CCC23C4C1CC5=C2C(=C(C=C5)O)OC3C(C=C4)O)C.[I-],cyclophane,5.732399940490723,c1ccc2c(c1)CC1c3ccccc3-c3c1c1c4c5c3C(Cc3ccccc3-c3cc-2cc(c3)-c2ccccc2CC4c2ccccc2-1)c1ccccc1-5,7D60610AC6275537B6952E12359C97C789A38E2FA1295732E16AF89573CE95C4,HOST_CAN_0186,PASS,C[N+]1(C)CCC23c4c5ccc(O)c4OC2C(O)C=CC3C1C5.[I-],5D1015A8D07184E77844870F21A97DF5A4E2AC9B2B997751EE57CAE935B71580,GUEST_CAN_0603,PASS,GINE,4,host_cold,4,5.4048590660095215
898,94,603,CC(C(O[Na])=O)OC(C(OC(C)C(O[Na])=O)=C1)=CC2=C1C(C=C(OC(C(O[Na])=O)C)C(OC(C(O[Na])=O)C)=C3)=C3C4=C2C=C(OC(C(O[Na])=O)C)C(OC(C)C(O[Na])=O)=C4,OC=1C=C(C[C@H](N)C(=O)O)C=CC1O,other,0.0,CC(Oc1cc2c3cc(OC(C)C(=O)[O][Na])c(OC(C)C(=O)[O][Na])cc3c3cc(OC(C)C(=O)[O][Na])c(OC(C)C(=O)[O][Na])cc3c2cc1OC(C)C(=O)[O][Na])C(=O)[O][Na],BA584CA32AF40B5CC01118169993C3B68F1DD55FC57084F45766D3D97748C6AD,HOST_CAN_0016,PASS,N[C@@H](Cc1ccc(O)c(O)c1)C(=O)O,71B8659FC772ECF7E63BAF14680678B339D2C736F5A68C721FC33D3BF76C2204,GUEST_CAN_0820,PASS,GINE,4,host_cold,4,3.670788288116455
906,14,57,NCCOc1c2Cc3cc(cc(c3O)Cc3cc(cc(c3O)Cc3cc(cc(Cc4c(c(Cc5c(c(Cc1cc(c2)S(=O)(=O)O)cc(c5)S(=O)(=O)O)O)cc(c4)S(=O)(=O)O)O)c3O)S(=O)(=O)O)S(=O)(=O)O)S(=O)(=O)O,OC(=O)C1CCCN1,calixarene,2.5527000427246094,NCCOc1c2cc(S(=O)(=O)O)cc1Cc1cc(S(=O)(=O)O)cc(c1O)Cc1cc(S(=O)(=O)O)cc(c1O)Cc1cc(S(=O)(=O)O)cc(c1O)Cc1cc(S(=O)(=O)O)cc(c1O)Cc1cc(S(=O)(=O)O)cc(c1O)C2,C787A22C599703D921FA29CACAF002E9FF6ED12C44482B2905C84DCBDD5B4AC1,HOST_CAN_0110,PASS,O=C(O)C1CCCN1,089AB51F23001BB951B8422598AD8ED1DBAD90EB1049857FB2A03F150DA120BA,GUEST_CAN_0869,PASS,GINE,4,host_cold,4,2.539029598236084
907,9,608,[O-]C(=O)COc1ccc2c3c1CNC(=O)c1c(OCC(=O)[O-])ccc4c1ccc1c4C4CC(O1)Oc1c4c4ccc(c(C(=O)NCc5c6c(c7C8c2c(cc3)OC(C8)Oc7cc6)ccc5OCC(=O)[O-])c4cc1)OCC(=O)[O-].[NH4+].[NH4+].[NH4+].[NH4+],C12CCCC2O1,other,2.2945001125335693,O=C([O-])COc1ccc2c3c4ccc2c1CNC(=O)c1c(OCC(=O)[O-])ccc2c5c(ccc12)OC1CC5c2c(ccc5c(c(OCC(=O)[O-])ccc25)C(=O)NCc2c(OCC(=O)[O-])ccc5c6c(ccc25)OC(CC36)O4)O1.[NH4+].[NH4+].[NH4+].[NH4+],7D3830C6A6E10F82EEBCC3ED68B861BB21ED63B1DDB277580F3032527E5A1183,HOST_CAN_0139,PASS,C1CC2OC2C1,AD5402F59623FF096FB09FB5E439673682FDBBE4C8B9FE0054050E95FE2FEB01,GUEST_CAN_0026,PASS,GINE,4,host_cold,4,5.433957576751709
908,14,18,NCCOc1c2Cc3cc(cc(c3O)Cc3cc(cc(c3O)Cc3cc(cc(Cc4c(c(Cc5c(c(Cc1cc(c2)S(=O)(=O)O)cc(c5)S(=O)(=O)O)O)cc(c4)S(=O)(=O)O)O)c3O)S(=O)(=O)O)S(=O)(=O)O)S(=O)(=O)O,OC(=O)C(Cc1c[nH]c2c1cccc2)N,calixarene,3.4735000133514404,NCCOc1c2cc(S(=O)(=O)O)cc1Cc1cc(S(=O)(=O)O)cc(c1O)Cc1cc(S(=O)(=O)O)cc(c1O)Cc1cc(S(=O)(=O)O)cc(c1O)Cc1cc(S(=O)(=O)O)cc(c1O)Cc1cc(S(=O)(=O)O)cc(c1O)C2,C787A22C599703D921FA29CACAF002E9FF6ED12C44482B2905C84DCBDD5B4AC1,HOST_CAN_0110,PASS,NC(Cc1c[nH]c2ccccc12)C(=O)O,640E1867764F94CAFE2D991B23E1B000681C8619E07309C47EB26888B7938B6E,GUEST_CAN_0740,PASS,GINE,4,host_cold,4,2.956247329711914
910,8,258,C1N2C3C4N(C2=O)CN5C6C7N(C5=O)CN8C9C2N(C8=O)CN5C8C%10N(C5=O)CN5C%11C%12N(C5=O)CN5C%13C(N1C5=O)N1CN3C(=O)N4CN6C(=O)N7CN9C(=O)N2CN8C(=O)N%10CN%11C(=O)N%12CN%13C1=O,CCCO,cucurbituril,2.5583999156951904,O=C1N2CN3C(=O)N4CN5C(=O)N6CN7C(=O)N8CN9C(=O)N%10CN%11C(=O)N%12CN1C1C2N2CN%13C(=O)N(CN%14C(=O)N(CN%15C(=O)N(CN%16C(=O)N(CN%17C(=O)N(CN1C2=O)C%12C%11%17)C%10C9%16)C8C7%15)C6C5%14)C4C3%13,2526C525F966BEE6CB589BBB60C9F4124C02584847747BDAFF4E92B4462536E8,HOST_CAN_0149,PASS,CCCO,462B618A7419D00DD59FB15AED29E14BAFD4A7D7D862F15758CAC9C392890247,GUEST_CAN_0334,PASS,GINE,4,host_cold,4,2.9944863319396973
914,38,611,C1C2C3=CC=CC=C3C4=C5C6CC7=CC=CC=C7C8=CC(=CC(=C8)C9=CC=CC=C9CC3C7=CC=CC=C7C(=C24)C3=C5C2=CC=CC=C62)C2=CC=CC=C21,C1CC23CCC[N+]2(C1)CCC3.[Cl-],cyclophane,4.602099895477295,c1ccc2c(c1)CC1c3ccccc3-c3c1c1c4c5c3C(Cc3ccccc3-c3cc-2cc(c3)-c2ccccc2CC4c2ccccc2-1)c1ccccc1-5,7D60610AC6275537B6952E12359C97C789A38E2FA1295732E16AF89573CE95C4,HOST_CAN_0186,PASS,C1CC23CCC[N+]2(C1)CCC3.[Cl-],B4BDB306372D3D419AFF9AB09BAFA2C58EFDF74F4F38CF2F574FA0F07505CD04,GUEST_CAN_0019,PASS,GINE,4,host_cold,4,8.58407211303711
917,9,613,[O-]C(=O)COc1ccc2c3c1CNC(=O)c1c(OCC(=O)[O-])ccc4c1ccc1c4C4CC(O1)Oc1c4c4ccc(c(C(=O)NCc5c6c(c7C8c2c(cc3)OC(C8)Oc7cc6)ccc5OCC(=O)[O-])c4cc1)OCC(=O)[O-].[NH4+].[NH4+].[NH4+].[NH4+],C1=CNC=C1,other,2.5954999923706055,O=C([O-])COc1ccc2c3c4ccc2c1CNC(=O)c1c(OCC(=O)[O-])ccc2c5c(ccc12)OC1CC5c2c(ccc5c(c(OCC(=O)[O-])ccc25)C(=O)NCc2c(OCC(=O)[O-])ccc5c6c(ccc25)OC(CC36)O4)O1.[NH4+].[NH4+].[NH4+].[NH4+],7D3830C6A6E10F82EEBCC3ED68B861BB21ED63B1DDB277580F3032527E5A1183,HOST_CAN_0139,PASS,c1cc[nH]c1,F996E37E5A4B42FBC524EFA4BA2E9A15FBF3D1F561537DA9CA8ED1DFB7CD0E8F,GUEST_CAN_1126,PASS,GINE,4,host_cold,4,3.409371852874756
927,9,10,[O-]C(=O)COc1ccc2c3c1CNC(=O)c1c(OCC(=O)[O-])ccc4c1ccc1c4C4CC(O1)Oc1c4c4ccc(c(C(=O)NCc5c6c(c7C8c2c(cc3)OC(C8)Oc7cc6)ccc5OCC(=O)[O-])c4cc1)OCC(=O)[O-].[NH4+].[NH4+].[NH4+].[NH4+],C1CCOCO1,other,2.315999984741211,O=C([O-])COc1ccc2c3c4ccc2c1CNC(=O)c1c(OCC(=O)[O-])ccc2c5c(ccc12)OC1CC5c2c(ccc5c(c(OCC(=O)[O-])ccc25)C(=O)NCc2c(OCC(=O)[O-])ccc5c6c(ccc25)OC(CC36)O4)O1.[NH4+].[NH4+].[NH4+].[NH4+],7D3830C6A6E10F82EEBCC3ED68B861BB21ED63B1DDB277580F3032527E5A1183,HOST_CAN_0139,PASS,C1COCOC1,C7850D2C75461EF1F7F60C67C6EB8B4D8E8C5A137966B66223EE1DBFF19CEAD3,GUEST_CAN_0039,PASS,GINE,4,host_cold,4,3.2263479232788086
929,115,620,C(CCC)C1=C(C(OC2=CC(=CC=C12)N(CC)CC)=O)C=O,C(CCN)N,other,1.0968999862670898,CCCCc1c(C=O)c(=O)oc2cc(N(CC)CC)ccc12,50E4CC3B42DB2A1D81BA2FCB02D3EA8F0BF1EB0B92ACDAB1C80BFBFCC39A06BB,HOST_CAN_0035,PASS,NCCCN,D6687FDBD2C4984A1A7581F53F0B55E8175BE7D47D26CC440788FB46DA05D41A,GUEST_CAN_0801,PASS,GINE,4,host_cold,4,1.1571717262268066
931,69,621,NCCN1C=C(N=N1)COC(C=C2)=C(CNCC3=C(OCC(N=N4)=CN4CCN)C=CC5=C3C=C6)C7=C2C8=C(C=C7)OC9CC8C%10=C(O9)C=CC%11=C%10C=CC(OCC(N=N%12)=CN%12CCN)=C%11CNCC%13=C(OCC(N=N%14)=CN%14CCN)C=CC%15=C%13C=CC(O%16)=C%15C%17C5=C6OC%16C%17,CC1(C(N2C(S1)C(C2=O)NC(=O)C(C3=CC=CC=C3)N)C(=O)O)C,other,2.9781999588012695,NCCn1cc(COc2ccc3c4c5ccc3c2CNCc2c(OCc3cn(CCN)nn3)ccc3c6c(ccc23)OC2CC6c3c(ccc6c(c(OCc7cn(CCN)nn7)ccc36)CNCc3c(OCc6cn(CCN)nn6)ccc6c7c(ccc36)OC(CC47)O5)O2)nn1,E69AC36986BDADC1E5A61FE9021251B6D5437DB096F231021CE94D055FF4BCBF,HOST_CAN_0113,PASS,CC1(C)SC2C(NC(=O)C(N)c3ccccc3)C(=O)N2C1C(=O)O,DC0FE5259B2B79CDE53EF012AE17B2640C88D0347C20DE28018192C1511F5517,GUEST_CAN_0209,PASS,GINE,4,host_cold,4,2.966515302658081
937,38,530,C1C2C3=CC=CC=C3C4=C5C6CC7=CC=CC=C7C8=CC(=CC(=C8)C9=CC=CC=C9CC3C7=CC=CC=C7C(=C24)C3=C5C2=CC=CC=C62)C2=CC=CC=C21,C[N+]12CCC(CC1)CC2.[I-],cyclophane,4.690199851989746,c1ccc2c(c1)CC1c3ccccc3-c3c1c1c4c5c3C(Cc3ccccc3-c3cc-2cc(c3)-c2ccccc2CC4c2ccccc2-1)c1ccccc1-5,7D60610AC6275537B6952E12359C97C789A38E2FA1295732E16AF89573CE95C4,HOST_CAN_0186,PASS,C[N+]12CCC(CC1)CC2.[I-],573A0926B06AE8ED20B2FC4A94C4D3575E608A2C2EDB738070E574216756B09C,GUEST_CAN_0604,PASS,GINE,4,host_cold,4,7.246353626251221
938,9,481,[O-]C(=O)COc1ccc2c3c1CNC(=O)c1c(OCC(=O)[O-])ccc4c1ccc1c4C4CC(O1)Oc1c4c4ccc(c(C(=O)NCc5c6c(c7C8c2c(cc3)OC(C8)Oc7cc6)ccc5OCC(=O)[O-])c4cc1)OCC(=O)[O-].[NH4+].[NH4+].[NH4+].[NH4+],C1C(O1)C2=CC=CC=C2,other,4.091400146484375,O=C([O-])COc1ccc2c3c4ccc2c1CNC(=O)c1c(OCC(=O)[O-])ccc2c5c(ccc12)OC1CC5c2c(ccc5c(c(OCC(=O)[O-])ccc25)C(=O)NCc2c(OCC(=O)[O-])ccc5c6c(ccc25)OC(CC36)O4)O1.[NH4+].[NH4+].[NH4+].[NH4+],7D3830C6A6E10F82EEBCC3ED68B861BB21ED63B1DDB277580F3032527E5A1183,HOST_CAN_0139,PASS,c1ccc(C2CO2)cc1,0026890506BC5D2564373C8A2879DB5D29E92A6F4A0380E2579E1B29F8784017,GUEST_CAN_1130,PASS,GINE,4,host_cold,4,4.684071063995361
950,9,167,[O-]C(=O)COc1ccc2c3c1CNC(=O)c1c(OCC(=O)[O-])ccc4c1ccc1c4C4CC(O1)Oc1c4c4ccc(c(C(=O)NCc5c6c(c7C8c2c(cc3)OC(C8)Oc7cc6)ccc5OCC(=O)[O-])c4cc1)OCC(=O)[O-].[NH4+].[NH4+].[NH4+].[NH4+],C1COCCO1,other,4.075799942016602,O=C([O-])COc1ccc2c3c4ccc2c1CNC(=O)c1c(OCC(=O)[O-])ccc2c5c(ccc12)OC1CC5c2c(ccc5c(c(OCC(=O)[O-])ccc25)C(=O)NCc2c(OCC(=O)[O-])ccc5c6c(ccc25)OC(CC36)O4)O1.[NH4+].[NH4+].[NH4+].[NH4+],7D3830C6A6E10F82EEBCC3ED68B861BB21ED63B1DDB277580F3032527E5A1183,HOST_CAN_0139,PASS,C1COCCO1,53B5B2411B4BFE41E435D13DF6E66C572946E99310064792E760333B1B14CB05,GUEST_CAN_0037,PASS,GINE,4,host_cold,4,3.283393144607544
953,9,429,[O-]C(=O)COc1ccc2c3c1CNC(=O)c1c(OCC(=O)[O-])ccc4c1ccc1c4C4CC(O1)Oc1c4c4ccc(c(C(=O)NCc5c6c(c7C8c2c(cc3)OC(C8)Oc7cc6)ccc5OCC(=O)[O-])c4cc1)OCC(=O)[O-].[NH4+].[NH4+].[NH4+].[NH4+],CC1COC(=O)O1,other,1.7279000282287598,O=C([O-])COc1ccc2c3c4ccc2c1CNC(=O)c1c(OCC(=O)[O-])ccc2c5c(ccc12)OC1CC5c2c(ccc5c(c(OCC(=O)[O-])ccc25)C(=O)NCc2c(OCC(=O)[O-])ccc5c6c(ccc25)OC(CC36)O4)O1.[NH4+].[NH4+].[NH4+].[NH4+],7D3830C6A6E10F82EEBCC3ED68B861BB21ED63B1DDB277580F3032527E5A1183,HOST_CAN_0139,PASS,CC1COC(=O)O1,77068C9132EF1FBCC6DE2E1A0677E0797777E16856E7BD70970730F64509F0B7,GUEST_CAN_0243,PASS,GINE,4,host_cold,4,2.617943286895752
954,69,631,NCCN1C=C(N=N1)COC(C=C2)=C(CNCC3=C(OCC(N=N4)=CN4CCN)C=CC5=C3C=C6)C7=C2C8=C(C=C7)OC9CC8C%10=C(O9)C=CC%11=C%10C=CC(OCC(N=N%12)=CN%12CCN)=C%11CNCC%13=C(OCC(N=N%14)=CN%14CCN)C=CC%15=C%13C=CC(O%16)=C%15C%17C5=C6OC%16C%17,CC1(C(N2C(S1)C(C2=O)NC(=O)C(C3=CC=CC=C3)C(=O)O)C(=O)O)C,other,5.680300235748291,NCCn1cc(COc2ccc3c4c5ccc3c2CNCc2c(OCc3cn(CCN)nn3)ccc3c6c(ccc23)OC2CC6c3c(ccc6c(c(OCc7cn(CCN)nn7)ccc36)CNCc3c(OCc6cn(CCN)nn6)ccc6c7c(ccc36)OC(CC47)O5)O2)nn1,E69AC36986BDADC1E5A61FE9021251B6D5437DB096F231021CE94D055FF4BCBF,HOST_CAN_0113,PASS,CC1(C)SC2C(NC(=O)C(C(=O)O)c3ccccc3)C(=O)N2C1C(=O)O,151DED631C5746A3012B120AC3B90450EAA30CCBDE99BC507AEA457991B52051,GUEST_CAN_0208,PASS,GINE,4,host_cold,4,3.0798943042755127
956,8,632,C1N2C3C4N(C2=O)CN5C6C7N(C5=O)CN8C9C2N(C8=O)CN5C8C%10N(C5=O)CN5C%11C%12N(C5=O)CN5C%13C(N1C5=O)N1CN3C(=O)N4CN6C(=O)N7CN9C(=O)N2CN8C(=O)N%10CN%11C(=O)N%12CN%13C1=O,NCCCO,cucurbituril,3.589900016784668,O=C1N2CN3C(=O)N4CN5C(=O)N6CN7C(=O)N8CN9C(=O)N%10CN%11C(=O)N%12CN1C1C2N2CN%13C(=O)N(CN%14C(=O)N(CN%15C(=O)N(CN%16C(=O)N(CN%17C(=O)N(CN1C2=O)C%12C%11%17)C%10C9%16)C8C7%15)C6C5%14)C4C3%13,2526C525F966BEE6CB589BBB60C9F4124C02584847747BDAFF4E92B4462536E8,HOST_CAN_0149,PASS,NCCCO,BAB206745F169618D187510EAA9912614CA2A1700DF4BAC325C6D0D33D96A5E2,GUEST_CAN_0803,PASS,GINE,4,host_cold,4,4.61862325668335
957,9,633,[O-]C(=O)COc1ccc2c3c1CNC(=O)c1c(OCC(=O)[O-])ccc4c1ccc1c4C4CC(O1)Oc1c4c4ccc(c(C(=O)NCc5c6c(c7C8c2c(cc3)OC(C8)Oc7cc6)ccc5OCC(=O)[O-])c4cc1)OCC(=O)[O-].[NH4+].[NH4+].[NH4+].[NH4+],C(CCl)Cl,other,1.8920999765396118,O=C([O-])COc1ccc2c3c4ccc2c1CNC(=O)c1c(OCC(=O)[O-])ccc2c5c(ccc12)OC1CC5c2c(ccc5c(c(OCC(=O)[O-])ccc25)C(=O)NCc2c(OCC(=O)[O-])ccc5c6c(ccc25)OC(CC36)O4)O1.[NH4+].[NH4+].[NH4+].[NH4+],7D3830C6A6E10F82EEBCC3ED68B861BB21ED63B1DDB277580F3032527E5A1183,HOST_CAN_0139,PASS,ClCCCl,3CBABEE25F31AF0513B2BFCA40E098FEC9D001D9D47AE7DC8204BB1AE2327F06,GUEST_CAN_0698,PASS,GINE,4,host_cold,4,4.599502086639404
967,69,637,NCCN1C=C(N=N1)COC(C=C2)=C(CNCC3=C(OCC(N=N4)=CN4CCN)C=CC5=C3C=C6)C7=C2C8=C(C=C7)OC9CC8C%10=C(O9)C=CC%11=C%10C=CC(OCC(N=N%12)=CN%12CCN)=C%11CNCC%13=C(OCC(N=N%14)=CN%14CCN)C=CC%15=C%13C=CC(O%16)=C%15C%17C5=C6OC%16C%17,C(C)(=O)NC(C(=O)O)C1=CC=CC=C1,other,3.6865999698638916,NCCn1cc(COc2ccc3c4c5ccc3c2CNCc2c(OCc3cn(CCN)nn3)ccc3c6c(ccc23)OC2CC6c3c(ccc6c(c(OCc7cn(CCN)nn7)ccc36)CNCc3c(OCc6cn(CCN)nn6)ccc6c7c(ccc36)OC(CC47)O5)O2)nn1,E69AC36986BDADC1E5A61FE9021251B6D5437DB096F231021CE94D055FF4BCBF,HOST_CAN_0113,PASS,CC(=O)NC(C(=O)O)c1ccccc1,76E13337757DBE3879D6A633FF092F28738489FA30EEEA0A5FAAF2E292B16ABC,GUEST_CAN_0065,PASS,GINE,4,host_cold,4,2.5124924182891846
970,8,638,C1N2C3C4N(C2=O)CN5C6C7N(C5=O)CN8C9C2N(C8=O)CN5C8C%10N(C5=O)CN5C%11C%12N(C5=O)CN5C%13C(N1C5=O)N1CN3C(=O)N4CN6C(=O)N7CN9C(=O)N2CN8C(=O)N%10CN%11C(=O)N%12CN%13C1=O,C(CCCCCC)(=O)O,cucurbituril,2.770900011062622,O=C1N2CN3C(=O)N4CN5C(=O)N6CN7C(=O)N8CN9C(=O)N%10CN%11C(=O)N%12CN1C1C2N2CN%13C(=O)N(CN%14C(=O)N(CN%15C(=O)N(CN%16C(=O)N(CN%17C(=O)N(CN1C2=O)C%12C%11%17)C%10C9%16)C8C7%15)C6C5%14)C4C3%13,2526C525F966BEE6CB589BBB60C9F4124C02584847747BDAFF4E92B4462536E8,HOST_CAN_0149,PASS,CCCCCCC(=O)O,8F2D1EE68A8F7C851BF7A4BC6A33788BD3102416B94112F6BD9436733B8053B2,GUEST_CAN_0274,PASS,GINE,4,host_cold,4,4.348728656768799
971,85,67,OC[C@H]1O[C@@H]2O[C@@H]3[C@@H](CO)O[C@H](O[C@@H]4[C@@H](CO)O[C@H](O[C@@H]5[C@@H](CO)O[C@H](O[C@@H]6[C@@H](CO)O[C@H](O[C@@H]7[C@@H](CO)O[C@H](O[C@@H]8[C@@H](CO)O[C@H](O[C@@H]9[C@@H](CO)O[C@H](O[C@H]1[C@H](O)[C@H]2O)[C@H](O)[C@H]9O)[C@H](O)[C@H]8O)[C@H](O)[C@H]7O)[C@H](O)[C@H]6O)[C@H](O)[C@H]5O)[C@H](O)[C@H]4O)[C@H](O)[C@H]3O,C1C2CC3C4C1C5CC(C4)CC3(C5C2)N,cyclodextrin,3.7816998958587646,OC[C@H]1O[C@@H]2O[C@H]3[C@H](O)[C@@H](O)[C@@H](O[C@H]4[C@H](O)[C@@H](O)[C@@H](O[C@H]5[C@H](O)[C@@H](O)[C@@H](O[C@H]6[C@H](O)[C@@H](O)[C@@H](O[C@H]7[C@H](O)[C@@H](O)[C@@H](O[C@H]8[C@H](O)[C@@H](O)[C@@H](O[C@H]9[C@H](O)[C@@H](O)[C@@H](O[C@H]1[C@H](O)[C@H]2O)O[C@@H]9CO)O[C@@H]8CO)O[C@@H]7CO)O[C@@H]6CO)O[C@@H]5CO)O[C@@H]4CO)O[C@@H]3CO,4E4982FCAA8A96CE9D40EDC97C9574B542F86F2BEB463ECAA6DCE3670D2F9B83,HOST_CAN_0177,PASS,NC12CC3CC4C5CC(CC41)CC2C5C3,D0E71C799C5D754B47CE30EBAFAAC1CE58193893165226F4FD8A4098AB6D7F3B,GUEST_CAN_0759,PASS,GINE,4,host_cold,4,4.7144317626953125
972,69,639,NCCN1C=C(N=N1)COC(C=C2)=C(CNCC3=C(OCC(N=N4)=CN4CCN)C=CC5=C3C=C6)C7=C2C8=C(C=C7)OC9CC8C%10=C(O9)C=CC%11=C%10C=CC(OCC(N=N%12)=CN%12CCN)=C%11CNCC%13=C(OCC(N=N%14)=CN%14CCN)C=CC%15=C%13C=CC(O%16)=C%15C%17C5=C6OC%16C%17,O=C(C(=O)O)CC1=CC=CC=C1,other,4.100399971008301,NCCn1cc(COc2ccc3c4c5ccc3c2CNCc2c(OCc3cn(CCN)nn3)ccc3c6c(ccc23)OC2CC6c3c(ccc6c(c(OCc7cn(CCN)nn7)ccc36)CNCc3c(OCc6cn(CCN)nn6)ccc6c7c(ccc36)OC(CC47)O5)O2)nn1,E69AC36986BDADC1E5A61FE9021251B6D5437DB096F231021CE94D055FF4BCBF,HOST_CAN_0113,PASS,O=C(O)C(=O)Cc1ccccc1,8E3E15981967EDD904A4C59059DCEF9E927444D34CA2823443CAAD02D98A0057,GUEST_CAN_0854,PASS,GINE,4,host_cold,4,2.307267665863037
974,8,640,C1N2C3C4N(C2=O)CN5C6C7N(C5=O)CN8C9C2N(C8=O)CN5C8C%10N(C5=O)CN5C%11C%12N(C5=O)CN5C%13C(N1C5=O)N1CN3C(=O)N4CN6C(=O)N7CN9C(=O)N2CN8C(=O)N%10CN%11C(=O)N%12CN%13C1=O,N[C@@H](CC(C)C)C(=O)N[C@@H](C(C)C)C(=O)O,cucurbituril,2.7899999618530273,O=C1N2CN3C(=O)N4CN5C(=O)N6CN7C(=O)N8CN9C(=O)N%10CN%11C(=O)N%12CN1C1C2N2CN%13C(=O)N(CN%14C(=O)N(CN%15C(=O)N(CN%16C(=O)N(CN%17C(=O)N(CN1C2=O)C%12C%11%17)C%10C9%16)C8C7%15)C6C5%14)C4C3%13,2526C525F966BEE6CB589BBB60C9F4124C02584847747BDAFF4E92B4462536E8,HOST_CAN_0149,PASS,CC(C)C[C@H](N)C(=O)N[C@H](C(=O)O)C(C)C,03A8999ABDE8B07BF4F40D523D79A5C5E54204F2AE73AB72E1AA30AC189639F6,GUEST_CAN_0151,PASS,GINE,4,host_cold,4,5.8803205490112305
976,9,487,[O-]C(=O)COc1ccc2c3c1CNC(=O)c1c(OCC(=O)[O-])ccc4c1ccc1c4C4CC(O1)Oc1c4c4ccc(c(C(=O)NCc5c6c(c7C8c2c(cc3)OC(C8)Oc7cc6)ccc5OCC(=O)[O-])c4cc1)OCC(=O)[O-].[NH4+].[NH4+].[NH4+].[NH4+],C1=CSC=C1,other,3.3148999214172363,O=C([O-])COc1ccc2c3c4ccc2c1CNC(=O)c1c(OCC(=O)[O-])ccc2c5c(ccc12)OC1CC5c2c(ccc5c(c(OCC(=O)[O-])ccc25)C(=O)NCc2c(OCC(=O)[O-])ccc5c6c(ccc25)OC(CC36)O4)O1.[NH4+].[NH4+].[NH4+].[NH4+],7D3830C6A6E10F82EEBCC3ED68B861BB21ED63B1DDB277580F3032527E5A1183,HOST_CAN_0139,PASS,c1ccsc1,5EE447CCF47CDA955DE9EE6F0CB99690E04D23B3BB5646E8372DD424DCBCDE12,GUEST_CAN_1149,PASS,GINE,4,host_cold,4,3.7725844383239746
980,38,643,C1C2C3=CC=CC=C3C4=C5C6CC7=CC=CC=C7C8=CC(=CC(=C8)C9=CC=CC=C9CC3C7=CC=CC=C7C(=C24)C3=C5C2=CC=CC=C62)C2=CC=CC=C21,CN1CCC23C4C1CC5=C2C(=C(C=C5)O)OC3C(C=C4)O,cyclophane,4.283299922943115,c1ccc2c(c1)CC1c3ccccc3-c3c1c1c4c5c3C(Cc3ccccc3-c3cc-2cc(c3)-c2ccccc2CC4c2ccccc2-1)c1ccccc1-5,7D60610AC6275537B6952E12359C97C789A38E2FA1295732E16AF89573CE95C4,HOST_CAN_0186,PASS,CN1CCC23c4c5ccc(O)c4OC2C(O)C=CC3C1C5,B65660B7CA635D95076802C27BABCC68CF7164C424712753A49587A2042B121E,GUEST_CAN_0418,PASS,GINE,4,host_cold,4,5.2103118896484375
982,8,645,C1N2C3C4N(C2=O)CN5C6C7N(C5=O)CN8C9C2N(C8=O)CN5C8C%10N(C5=O)CN5C%11C%12N(C5=O)CN5C%13C(N1C5=O)N1CN3C(=O)N4CN6C(=O)N7CN9C(=O)N2CN8C(=O)N%10CN%11C(=O)N%12CN%13C1=O,[Br-].C[N+]1=CN(C=C1)CCCCC,cucurbituril,5.342400074005127,O=C1N2CN3C(=O)N4CN5C(=O)N6CN7C(=O)N8CN9C(=O)N%10CN%11C(=O)N%12CN1C1C2N2CN%13C(=O)N(CN%14C(=O)N(CN%15C(=O)N(CN%16C(=O)N(CN%17C(=O)N(CN1C2=O)C%12C%11%17)C%10C9%16)C8C7%15)C6C5%14)C4C3%13,2526C525F966BEE6CB589BBB60C9F4124C02584847747BDAFF4E92B4462536E8,HOST_CAN_0149,PASS,CCCCCn1cc[n+](C)c1.[Br-],33A25B0DBDD6D321C26EBCFEFF62E8DB9EC8B08D10E55D74742090B7805459B7,GUEST_CAN_0310,PASS,GINE,4,host_cold,4,6.327280044555664
986,38,206,C1C2C3=CC=CC=C3C4=C5C6CC7=CC=CC=C7C8=CC(=CC(=C8)C9=CC=CC=C9CC3C7=CC=CC=C7C(=C24)C3=C5C2=CC=CC=C62)C2=CC=CC=C21,C1=CC=C2C=NC=CC2=C1,cyclophane,3.322200059890747,c1ccc2c(c1)CC1c3ccccc3-c3c1c1c4c5c3C(Cc3ccccc3-c3cc-2cc(c3)-c2ccccc2CC4c2ccccc2-1)c1ccccc1-5,7D60610AC6275537B6952E12359C97C789A38E2FA1295732E16AF89573CE95C4,HOST_CAN_0186,PASS,c1ccc2cnccc2c1,928B59C2A28E6A58DE5AA06A7F4D9FF4CE2E177C6081881D5AAA0ECA61C76111,GUEST_CAN_1141,PASS,GINE,4,host_cold,4,3.2755699157714844
989,85,250,OC[C@H]1O[C@@H]2O[C@@H]3[C@@H](CO)O[C@H](O[C@@H]4[C@@H](CO)O[C@H](O[C@@H]5[C@@H](CO)O[C@H](O[C@@H]6[C@@H](CO)O[C@H](O[C@@H]7[C@@H](CO)O[C@H](O[C@@H]8[C@@H](CO)O[C@H](O[C@@H]9[C@@H](CO)O[C@H](O[C@H]1[C@H](O)[C@H]2O)[C@H](O)[C@H]9O)[C@H](O)[C@H]8O)[C@H](O)[C@H]7O)[C@H](O)[C@H]6O)[C@H](O)[C@H]5O)[C@H](O)[C@H]4O)[C@H](O)[C@H]3O,C1=CC(=CC=C1C2=CC3=C(N2)C=C(C=C3)C(=[NH2+])N)C(=[NH2+])N,cyclodextrin,1.4771000146865845,OC[C@H]1O[C@@H]2O[C@H]3[C@H](O)[C@@H](O)[C@@H](O[C@H]4[C@H](O)[C@@H](O)[C@@H](O[C@H]5[C@H](O)[C@@H](O)[C@@H](O[C@H]6[C@H](O)[C@@H](O)[C@@H](O[C@H]7[C@H](O)[C@@H](O)[C@@H](O[C@H]8[C@H](O)[C@@H](O)[C@@H](O[C@H]9[C@H](O)[C@@H](O)[C@@H](O[C@H]1[C@H](O)[C@H]2O)O[C@@H]9CO)O[C@@H]8CO)O[C@@H]7CO)O[C@@H]6CO)O[C@@H]5CO)O[C@@H]4CO)O[C@@H]3CO,4E4982FCAA8A96CE9D40EDC97C9574B542F86F2BEB463ECAA6DCE3670D2F9B83,HOST_CAN_0177,PASS,NC(=[NH2+])c1ccc(-c2cc3ccc(C(N)=[NH2+])cc3[nH]2)cc1,CEEB6EEFB04D0B8CA13A0AE7419DA74A65BBB334871B9622AAFDF76333649B11,GUEST_CAN_0727,PASS,GINE,4,host_cold,4,2.8769402503967285
1001,9,656,[O-]C(=O)COc1ccc2c3c1CNC(=O)c1c(OCC(=O)[O-])ccc4c1ccc1c4C4CC(O1)Oc1c4c4ccc(c(C(=O)NCc5c6c(c7C8c2c(cc3)OC(C8)Oc7cc6)ccc5OCC(=O)[O-])c4cc1)OCC(=O)[O-].[NH4+].[NH4+].[NH4+].[NH4+],CC1(OC1)C,other,2.1902999877929688,O=C([O-])COc1ccc2c3c4ccc2c1CNC(=O)c1c(OCC(=O)[O-])ccc2c5c(ccc12)OC1CC5c2c(ccc5c(c(OCC(=O)[O-])ccc25)C(=O)NCc2c(OCC(=O)[O-])ccc5c6c(ccc25)OC(CC36)O4)O1.[NH4+].[NH4+].[NH4+].[NH4+],7D3830C6A6E10F82EEBCC3ED68B861BB21ED63B1DDB277580F3032527E5A1183,HOST_CAN_0139,PASS,CC1(C)CO1,FCB3003CA77B8C6CB4ACB0FAB17248B1AD99F5C17CD1AF395AC306DD21211DAF,GUEST_CAN_0206,PASS,GINE,4,host_cold,4,4.156060218811035
1010,142,661,[Na]OS(=O)(=O)CCCc1ccc2c3c1CN1C(=O)N4[C@@]5([C@@]1(C)N(Cc3c(cc2)CCCS(=O)(=O)O[Na])C(=O)N5CN1[C@H]2N(C4)C(=O)N3[C@H]2N(C1=O)CN1[C@H]2N(C3)C(=O)N3[C@H]2N(C1=O)CN1[C@]2(N(C3)C(=O)N3[C@]2(N(C1=O)Cc1c2c(C3)c(CCCS(=O)(=O)O[Na])ccc2ccc1CCCS(=O)(=O)O[Na])C)C)C,C(CCN=C(N)N)CN,cucurbituril,6.0,C[C@]12N3Cc4c(CCCS(=O)(=O)[O][Na])ccc5ccc(CCCS(=O)(=O)[O][Na])c(c45)CN1C(=O)N1CN4C(=O)N5CN6C(=O)N7CN8C(=O)N9Cc%10c(CCCS(=O)(=O)[O][Na])ccc%11ccc(CCCS(=O)(=O)[O][Na])c(c%10%11)CN%10C(=O)N(CN%11C(=O)N(CN%12C(=O)N(CN(C3=O)[C@]12C)[C@@H]4[C@H]%125)[C@@H]6[C@H]%117)[C@]8(C)[C@@]9%10C,830BF403FA9E63AA91A49B5FFFE151ED426E5A39758FD44461918B9242146194,HOST_CAN_0084,PASS,NCCCCN=C(N)N,147435922603679D62DCF688C9853E3AD71C8B15D4F61677EFF46B2F78910BA6,GUEST_CAN_0797,PASS,GINE,4,host_cold,4,3.7690987586975098
1015,52,108,OC(=O)COc1c2Cc3cc(cc(c3O)Cc3cc(cc(c3O)Cc3cc(cc(Cc4c(c(Cc5c(c(Cc1cc(c2)S(=O)(=O)O)cc(c5)S(=O)(=O)O)O)cc(c4)S(=O)(=O)O)O)c3O)S(=O)(=O)O)S(=O)(=O)O)S(=O)(=O)O,OC(=O)C(CCCNC(=[NH2+])N)N,calixarene,3.168800115585327,O=C(O)COc1c2cc(S(=O)(=O)O)cc1Cc1cc(S(=O)(=O)O)cc(c1O)Cc1cc(S(=O)(=O)O)cc(c1O)Cc1cc(S(=O)(=O)O)cc(c1O)Cc1cc(S(=O)(=O)O)cc(c1O)Cc1cc(S(=O)(=O)O)cc(c1O)C2,89AB142F8D041F89710D49168CBEF0FA0D792576B82031818BFF7C2DE5D92117,HOST_CAN_0127,PASS,NC(=[NH2+])NCCCC(N)C(=O)O,3A95B838A3F3E4B9211C1F9CE461FB93EA851D8F0AA68498288217A21AD77FAC,GUEST_CAN_0726,PASS,GINE,4,host_cold,4,3.210089683532715
1020,8,477,C1N2C3C4N(C2=O)CN5C6C7N(C5=O)CN8C9C2N(C8=O)CN5C8C%10N(C5=O)CN5C%11C%12N(C5=O)CN5C%13C(N1C5=O)N1CN3C(=O)N4CN6C(=O)N7CN9C(=O)N2CN8C(=O)N%10CN%11C(=O)N%12CN%13C1=O,C1=CC=C(C=C1)CC(C(=O)O)N,cucurbituril,3.1600000858306885,O=C1N2CN3C(=O)N4CN5C(=O)N6CN7C(=O)N8CN9C(=O)N%10CN%11C(=O)N%12CN1C1C2N2CN%13C(=O)N(CN%14C(=O)N(CN%15C(=O)N(CN%16C(=O)N(CN%17C(=O)N(CN1C2=O)C%12C%11%17)C%10C9%16)C8C7%15)C6C5%14)C4C3%13,2526C525F966BEE6CB589BBB60C9F4124C02584847747BDAFF4E92B4462536E8,HOST_CAN_0149,PASS,NC(Cc1ccccc1)C(=O)O,4B6B1236F1C31D28D9F95F736FF46B2960AFF4F6FCE3D9E76CF43DE2ADDE8B08,GUEST_CAN_0746,PASS,GINE,4,host_cold,4,5.4157538414001465
1030,9,463,[O-]C(=O)COc1ccc2c3c1CNC(=O)c1c(OCC(=O)[O-])ccc4c1ccc1c4C4CC(O1)Oc1c4c4ccc(c(C(=O)NCc5c6c(c7C8c2c(cc3)OC(C8)Oc7cc6)ccc5OCC(=O)[O-])c4cc1)OCC(=O)[O-].[NH4+].[NH4+].[NH4+].[NH4+],C1CCCOCC1,other,2.16729998588562,O=C([O-])COc1ccc2c3c4ccc2c1CNC(=O)c1c(OCC(=O)[O-])ccc2c5c(ccc12)OC1CC5c2c(ccc5c(c(OCC(=O)[O-])ccc25)C(=O)NCc2c(OCC(=O)[O-])ccc5c6c(ccc25)OC(CC36)O4)O1.[NH4+].[NH4+].[NH4+].[NH4+],7D3830C6A6E10F82EEBCC3ED68B861BB21ED63B1DDB277580F3032527E5A1183,HOST_CAN_0139,PASS,C1CCCOCC1,34F8EEF27B4241C34E26E4E2D170D2862FA9E2E211B82379086EB99CC92DDD8A,GUEST_CAN_0028,PASS,GINE,4,host_cold,4,4.532434463500977
1041,8,144,C1N2C3C4N(C2=O)CN5C6C7N(C5=O)CN8C9C2N(C8=O)CN5C8C%10N(C5=O)CN5C%11C%12N(C5=O)CN5C%13C(N1C5=O)N1CN3C(=O)N4CN6C(=O)N7CN9C(=O)N2CN8C(=O)N%10CN%11C(=O)N%12CN%13C1=O,CCCCCCCC[NH3+],cucurbituril,3.322200059890747,O=C1N2CN3C(=O)N4CN5C(=O)N6CN7C(=O)N8CN9C(=O)N%10CN%11C(=O)N%12CN1C1C2N2CN%13C(=O)N(CN%14C(=O)N(CN%15C(=O)N(CN%16C(=O)N(CN%17C(=O)N(CN1C2=O)C%12C%11%17)C%10C9%16)C8C7%15)C6C5%14)C4C3%13,2526C525F966BEE6CB589BBB60C9F4124C02584847747BDAFF4E92B4462536E8,HOST_CAN_0149,PASS,CCCCCCCC[NH3+],1178012123C2560013F8A9850D3C737CDE7A80F90877A96DCDCEC52AF0305D60,GUEST_CAN_0290,PASS,GINE,4,host_cold,4,6.8289475440979
1042,8,288,C1N2C3C4N(C2=O)CN5C6C7N(C5=O)CN8C9C2N(C8=O)CN5C8C%10N(C5=O)CN5C%11C%12N(C5=O)CN5C%13C(N1C5=O)N1CN3C(=O)N4CN6C(=O)N7CN9C(=O)N2CN8C(=O)N%10CN%11C(=O)N%12CN%13C1=O,CC(C)C(C(=O)O)NC(=O)CN,cucurbituril,3.1900999546051025,O=C1N2CN3C(=O)N4CN5C(=O)N6CN7C(=O)N8CN9C(=O)N%10CN%11C(=O)N%12CN1C1C2N2CN%13C(=O)N(CN%14C(=O)N(CN%15C(=O)N(CN%16C(=O)N(CN%17C(=O)N(CN1C2=O)C%12C%11%17)C%10C9%16)C8C7%15)C6C5%14)C4C3%13,2526C525F966BEE6CB589BBB60C9F4124C02584847747BDAFF4E92B4462536E8,HOST_CAN_0149,PASS,CC(C)C(NC(=O)CN)C(=O)O,C7C4F9D491E695E32FCA9610C29E6F26B277BB7597A85B98A5CB97B4FB2C694B,GUEST_CAN_0128,PASS,GINE,4,host_cold,4,4.5598225593566895
1043,8,525,C1N2C3C4N(C2=O)CN5C6C7N(C5=O)CN8C9C2N(C8=O)CN5C8C%10N(C5=O)CN5C%11C%12N(C5=O)CN5C%13C(N1C5=O)N1CN3C(=O)N4CN6C(=O)N7CN9C(=O)N2CN8C(=O)N%10CN%11C(=O)N%12CN%13C1=O,NCC(=O)N[C@@H](CC(C)C)C(=O)O,cucurbituril,2.569999933242798,O=C1N2CN3C(=O)N4CN5C(=O)N6CN7C(=O)N8CN9C(=O)N%10CN%11C(=O)N%12CN1C1C2N2CN%13C(=O)N(CN%14C(=O)N(CN%15C(=O)N(CN%16C(=O)N(CN%17C(=O)N(CN1C2=O)C%12C%11%17)C%10C9%16)C8C7%15)C6C5%14)C4C3%13,2526C525F966BEE6CB589BBB60C9F4124C02584847747BDAFF4E92B4462536E8,HOST_CAN_0149,PASS,CC(C)C[C@H](NC(=O)CN)C(=O)O,369E589A87D863926710C3B33091598567B388CAB40B8814AF119330C012435F,GUEST_CAN_0152,PASS,GINE,4,host_cold,4,4.989884376525879
1046,35,114,[O-]P(=O)(Oc1c2c(c(c3c1C1CC3c3c1cc1c(c3)C3CC1c1c3cccc1)OP(=O)(C)[O-])C1CC2c2c1cc1c(c2)C2CC1c1c2cccc1)C.[Li+].[Li+],C1=CC(=C(C=C1CCN)O)O.Cl,other,2.9911999702453613,CP(=O)([O-])Oc1c2c(c(OP(C)(=O)[O-])c3c1C1CC3c3cc4c(cc31)C1CC4c3ccccc31)C1CC2c2cc3c(cc21)C1CC3c2ccccc21.[Li+].[Li+],0523E219D88C79C8FF3952D24ADDE3A68E28198CE5EE5C77D8FECF429412627C,HOST_CAN_0082,PASS,Cl.NCCc1ccc(O)c(O)c1,3F79E9799FBBC5EB4B4CED2B038F192B77EBCD775815447FBD52E31EB152AD2D,GUEST_CAN_0690,PASS,GINE,4,host_cold,4,3.7482903003692627
1049,8,676,C1N2C3C4N(C2=O)CN5C6C7N(C5=O)CN8C9C2N(C8=O)CN5C8C%10N(C5=O)CN5C%11C%12N(C5=O)CN5C%13C(N1C5=O)N1CN3C(=O)N4CN6C(=O)N7CN9C(=O)N2CN8C(=O)N%10CN%11C(=O)N%12CN%13C1=O,N[C@H](C(=O)O)CCC(=O)N[C@@H](CS)C(=O)NCC(=O)O,cucurbituril,2.740000009536743,O=C1N2CN3C(=O)N4CN5C(=O)N6CN7C(=O)N8CN9C(=O)N%10CN%11C(=O)N%12CN1C1C2N2CN%13C(=O)N(CN%14C(=O)N(CN%15C(=O)N(CN%16C(=O)N(CN%17C(=O)N(CN1C2=O)C%12C%11%17)C%10C9%16)C8C7%15)C6C5%14)C4C3%13,2526C525F966BEE6CB589BBB60C9F4124C02584847747BDAFF4E92B4462536E8,HOST_CAN_0149,PASS,N[C@@H](CCC(=O)N[C@@H](CS)C(=O)NCC(=O)O)C(=O)O,C4218FE51FA1E547C365D6CB5C7BCE3734CA6D2C4CAF04BAAD3647182AA9E46D,GUEST_CAN_0817,PASS,GINE,4,host_cold,4,4.776732444763184
1053,8,133,C1N2C3C4N(C2=O)CN5C6C7N(C5=O)CN8C9C2N(C8=O)CN5C8C%10N(C5=O)CN5C%11C%12N(C5=O)CN5C%13C(N1C5=O)N1CN3C(=O)N4CN6C(=O)N7CN9C(=O)N2CN8C(=O)N%10CN%11C(=O)N%12CN%13C1=O,[Cl-].[Cs+],cucurbituril,5.309599876403809,O=C1N2CN3C(=O)N4CN5C(=O)N6CN7C(=O)N8CN9C(=O)N%10CN%11C(=O)N%12CN1C1C2N2CN%13C(=O)N(CN%14C(=O)N(CN%15C(=O)N(CN%16C(=O)N(CN%17C(=O)N(CN1C2=O)C%12C%11%17)C%10C9%16)C8C7%15)C6C5%14)C4C3%13,2526C525F966BEE6CB589BBB60C9F4124C02584847747BDAFF4E92B4462536E8,HOST_CAN_0149,PASS,[Cl-].[Cs+],92887686B9FCD5D7B4FF9C8AAFE34E6D69DCC3DF4F7D53B23D98EBC2D3E6DDEE,GUEST_CAN_1034,PASS,GINE,4,host_cold,4,2.6028506755828857
1057,152,679,C1COCCOC2=NC3=CC=CC=C3N=C2OCCOCCOCCOC4=CC=CC=C4OCCO1,[NH2+](Cc1ccccc1)Cc1ccc(cc1)Oc1cc(cc(c1)Oc1ccc(cc1)C[NH2+]Cc1ccccc1)Oc1ccc(cc1)C[NH2+]Cc1ccccc1.C1COCCOc2ccccc2OCCOCCOCCOc2c(OCCO1)nc1ccccc1n2.C1COCCOc2ccccc2OCCOCCOCCOc2c(OCCO1)nc1ccccc1n2.F[P-](F)(F)(F)(F)F.F[P-](F)(F)(F)(F)F.F[P-](F)(F)(F)(F)F,other,2.5315001010894775,c1ccc2c(c1)OCCOCCOCCOc1nc3ccccc3nc1OCCOCCOCCO2,11E567E73A50D02BD46891CF13338BDDF57C27745B8926A9E8B83F56E359EA3E,HOST_CAN_0187,PASS,F[P-](F)(F)(F)(F)F.F[P-](F)(F)(F)(F)F.F[P-](F)(F)(F)(F)F.c1ccc(C[NH2+]Cc2ccc(Oc3cc(Oc4ccc(C[NH2+]Cc5ccccc5)cc4)cc(Oc4ccc(C[NH2+]Cc5ccccc5)cc4)c3)cc2)cc1.c1ccc2c(c1)OCCOCCOCCOc1nc3ccccc3nc1OCCOCCOCCO2.c1ccc2c(c1)OCCOCCOCCOc1nc3ccccc3nc1OCCOCCOCCO2,F409D3510BBE016AB66C73E809D0F23E76230F27BB8B08B0F8C76D2013B1D200,GUEST_CAN_0708,PASS,GINE,4,host_cold,4,3.255033493041992
1060,153,680,O=C(CCC(C(=O)NCCCCNCc1c2ccccc2cc2c1cccc2)N)NCCCCNCc1c2ccccc2cc2c1cccc2,[Cu+2],other,3.9590001106262207,NC(CCC(=O)NCCCCNCc1c2ccccc2cc2ccccc12)C(=O)NCCCCNCc1c2ccccc2cc2ccccc12,B151E089FD025EAC2005F770E06A1AA7F66DDF1A8A1FD20D7B74EEF27D6E9CEA,HOST_CAN_0107,PASS,[Cu+2],ED0C6E693A7A5884686AB150159BE52926B09D0031C28F8313DEEC34DE61C27E,GUEST_CAN_1053,PASS,GINE,4,host_cold,4,5.972487449645996
1062,115,682,C(CCC)C1=C(C(OC2=CC(=CC=C12)N(CC)CC)=O)C=O,C(CC(=O)O)C(C(=O)O)N,other,0.38019999861717224,CCCCc1c(C=O)c(=O)oc2cc(N(CC)CC)ccc12,50E4CC3B42DB2A1D81BA2FCB02D3EA8F0BF1EB0B92ACDAB1C80BFBFCC39A06BB,HOST_CAN_0035,PASS,NC(CCC(=O)O)C(=O)O,145337C1B569BACC37A7C0366D8AB7EF81E39DFCB218DDE67941E5D16C994D9F,GUEST_CAN_0733,PASS,GINE,4,host_cold,4,1.36258864402771
1064,8,535,C1N2C3C4N(C2=O)CN5C6C7N(C5=O)CN8C9C2N(C8=O)CN5C8C%10N(C5=O)CN5C%11C%12N(C5=O)CN5C%13C(N1C5=O)N1CN3C(=O)N4CN6C(=O)N7CN9C(=O)N2CN8C(=O)N%10CN%11C(=O)N%12CN%13C1=O,[NH3+]CCC[NH2+]CCCC[NH3+],cucurbituril,8.612799644470215,O=C1N2CN3C(=O)N4CN5C(=O)N6CN7C(=O)N8CN9C(=O)N%10CN%11C(=O)N%12CN1C1C2N2CN%13C(=O)N(CN%14C(=O)N(CN%15C(=O)N(CN%16C(=O)N(CN%17C(=O)N(CN1C2=O)C%12C%11%17)C%10C9%16)C8C7%15)C6C5%14)C4C3%13,2526C525F966BEE6CB589BBB60C9F4124C02584847747BDAFF4E92B4462536E8,HOST_CAN_0149,PASS,[NH3+]CCCC[NH2+]CCC[NH3+],6171F2E368B622DBA24E61CCC15D354E8BB387A8C7D076E9218733B0A472F22B,GUEST_CAN_1087,PASS,GINE,4,host_cold,4,7.661468505859375
1070,9,675,[O-]C(=O)COc1ccc2c3c1CNC(=O)c1c(OCC(=O)[O-])ccc4c1ccc1c4C4CC(O1)Oc1c4c4ccc(c(C(=O)NCc5c6c(c7C8c2c(cc3)OC(C8)Oc7cc6)ccc5OCC(=O)[O-])c4cc1)OCC(=O)[O-].[NH4+].[NH4+].[NH4+].[NH4+],CCO,other,0.954200029373169,O=C([O-])COc1ccc2c3c4ccc2c1CNC(=O)c1c(OCC(=O)[O-])ccc2c5c(ccc12)OC1CC5c2c(ccc5c(c(OCC(=O)[O-])ccc25)C(=O)NCc2c(OCC(=O)[O-])ccc5c6c(ccc25)OC(CC36)O4)O1.[NH4+].[NH4+].[NH4+].[NH4+],7D3830C6A6E10F82EEBCC3ED68B861BB21ED63B1DDB277580F3032527E5A1183,HOST_CAN_0139,PASS,CCO,AB1DE819EDE91DF490E6441934DECFA9041B49F91D6BBADBBA4DF634CCFF57FA,GUEST_CAN_0361,PASS,GINE,4,host_cold,4,1.8239567279815674
1075,142,178,[Na]OS(=O)(=O)CCCc1ccc2c3c1CN1C(=O)N4[C@@]5([C@@]1(C)N(Cc3c(cc2)CCCS(=O)(=O)O[Na])C(=O)N5CN1[C@H]2N(C4)C(=O)N3[C@H]2N(C1=O)CN1[C@H]2N(C3)C(=O)N3[C@H]2N(C1=O)CN1[C@]2(N(C3)C(=O)N3[C@]2(N(C1=O)Cc1c2c(C3)c(CCCS(=O)(=O)O[Na])ccc2ccc1CCCS(=O)(=O)O[Na])C)C)C,C(CCN)CC(C(=O)O)N,cucurbituril,2.5315001010894775,C[C@]12N3Cc4c(CCCS(=O)(=O)[O][Na])ccc5ccc(CCCS(=O)(=O)[O][Na])c(c45)CN1C(=O)N1CN4C(=O)N5CN6C(=O)N7CN8C(=O)N9Cc%10c(CCCS(=O)(=O)[O][Na])ccc%11ccc(CCCS(=O)(=O)[O][Na])c(c%10%11)CN%10C(=O)N(CN%11C(=O)N(CN%12C(=O)N(CN(C3=O)[C@]12C)[C@@H]4[C@H]%125)[C@@H]6[C@H]%117)[C@]8(C)[C@@]9%10C,830BF403FA9E63AA91A49B5FFFE151ED426E5A39758FD44461918B9242146194,HOST_CAN_0084,PASS,NCCCCC(N)C(=O)O,BD55DE8B1F18BBBA0B9FB86FA685E52B4743F1B75F837E0522E8C602B3191BA0,GUEST_CAN_0785,PASS,GINE,4,host_cold,4,3.145392894744873
1077,115,687,C(CCC)C1=C(C(OC2=CC(=CC=C12)N(CC)CC)=O)C=O,NCCC(=O)O,other,0.3978999853134155,CCCCc1c(C=O)c(=O)oc2cc(N(CC)CC)ccc12,50E4CC3B42DB2A1D81BA2FCB02D3EA8F0BF1EB0B92ACDAB1C80BFBFCC39A06BB,HOST_CAN_0035,PASS,NCCC(=O)O,EBFC15AA53F03823F579A69DF53E93F7360864D03CD8771DB2628AC4F982B3B4,GUEST_CAN_0778,PASS,GINE,4,host_cold,4,0.8252012729644775
1081,35,689,[O-]P(=O)(Oc1c2c(c(c3c1C1CC3c3c1cc1c(c3)C3CC1c1c3cccc1)OP(=O)(C)[O-])C1CC2c2c1cc1c(c2)C2CC1c1c2cccc1)C.[Li+].[Li+],NCCCC[C@@H](C(=O)N[C@H](C(=O)N[C@H](C(=O)N[C@H](C(=O)N[C@H](C(=O)O)CO)CCCCN)[C@H](O)C)[C@H](O)C)N,other,3.623199939727783,CP(=O)([O-])Oc1c2c(c(OP(C)(=O)[O-])c3c1C1CC3c3cc4c(cc31)C1CC4c3ccccc31)C1CC2c2cc3c(cc21)C1CC3c2ccccc21.[Li+].[Li+],0523E219D88C79C8FF3952D24ADDE3A68E28198CE5EE5C77D8FECF429412627C,HOST_CAN_0082,PASS,C[C@@H](O)[C@H](NC(=O)[C@@H](NC(=O)[C@@H](N)CCCCN)[C@@H](C)O)C(=O)N[C@@H](CCCCN)C(=O)N[C@@H](CO)C(=O)O,375261A10BAAEA27781D5836EC4ECF5B278C04F0134F9D478DE2F0507C007988,GUEST_CAN_0539,PASS,GINE,4,host_cold,4,4.650889873504639
1082,8,690,C1N2C3C4N(C2=O)CN5C6C7N(C5=O)CN8C9C2N(C8=O)CN5C8C%10N(C5=O)CN5C%11C%12N(C5=O)CN5C%13C(N1C5=O)N1CN3C(=O)N4CN6C(=O)N7CN9C(=O)N2CN8C(=O)N%10CN%11C(=O)N%12CN%13C1=O,C(CCCC)(=O)O,cucurbituril,2.6989998817443848,O=C1N2CN3C(=O)N4CN5C(=O)N6CN7C(=O)N8CN9C(=O)N%10CN%11C(=O)N%12CN1C1C2N2CN%13C(=O)N(CN%14C(=O)N(CN%15C(=O)N(CN%16C(=O)N(CN%17C(=O)N(CN1C2=O)C%12C%11%17)C%10C9%16)C8C7%15)C6C5%14)C4C3%13,2526C525F966BEE6CB589BBB60C9F4124C02584847747BDAFF4E92B4462536E8,HOST_CAN_0149,PASS,CCCCC(=O)O,1F6E17F209EE6AEFC5DD048C07596CDEB123FF1790C40D2A79238F243DF8F751,GUEST_CAN_0269,PASS,GINE,4,host_cold,4,3.3236734867095947
1086,69,621,NCCN1C=C(N=N1)COC(C=C2)=C(CNCC3=C(OCC(N=N4)=CN4CCN)C=CC5=C3C=C6)C7=C2C8=C(C=C7)OC9CC8C%10=C(O9)C=CC%11=C%10C=CC(OCC(N=N%12)=CN%12CCN)=C%11CNCC%13=C(OCC(N=N%14)=CN%14CCN)C=CC%15=C%13C=CC(O%16)=C%15C%17C5=C6OC%16C%17,CC1(C(N2C(S1)C(C2=O)NC(=O)C(C3=CC=CC=C3)N)C(=O)O)C,other,2.490000009536743,NCCn1cc(COc2ccc3c4c5ccc3c2CNCc2c(OCc3cn(CCN)nn3)ccc3c6c(ccc23)OC2CC6c3c(ccc6c(c(OCc7cn(CCN)nn7)ccc36)CNCc3c(OCc6cn(CCN)nn6)ccc6c7c(ccc36)OC(CC47)O5)O2)nn1,E69AC36986BDADC1E5A61FE9021251B6D5437DB096F231021CE94D055FF4BCBF,HOST_CAN_0113,PASS,CC1(C)SC2C(NC(=O)C(N)c3ccccc3)C(=O)N2C1C(=O)O,DC0FE5259B2B79CDE53EF012AE17B2640C88D0347C20DE28018192C1511F5517,GUEST_CAN_0209,PASS,GINE,4,host_cold,4,2.966515302658081
1087,8,692,C1N2C3C4N(C2=O)CN5C6C7N(C5=O)CN8C9C2N(C8=O)CN5C8C%10N(C5=O)CN5C%11C%12N(C5=O)CN5C%13C(N1C5=O)N1CN3C(=O)N4CN6C(=O)N7CN9C(=O)N2CN8C(=O)N%10CN%11C(=O)N%12CN%13C1=O,CC1=CC(=CC=C1)C[NH3+],cucurbituril,1.5108000040054321,O=C1N2CN3C(=O)N4CN5C(=O)N6CN7C(=O)N8CN9C(=O)N%10CN%11C(=O)N%12CN1C1C2N2CN%13C(=O)N(CN%14C(=O)N(CN%15C(=O)N(CN%16C(=O)N(CN%17C(=O)N(CN1C2=O)C%12C%11%17)C%10C9%16)C8C7%15)C6C5%14)C4C3%13,2526C525F966BEE6CB589BBB60C9F4124C02584847747BDAFF4E92B4462536E8,HOST_CAN_0149,PASS,Cc1cccc(C[NH3+])c1,DD807E1B727DEECE6D2738C0542069F0FD987A0B793F5A8DA70843704AD698A4,GUEST_CAN_0668,PASS,GINE,4,host_cold,4,6.406337738037109
1090,94,694,CC(C(O[Na])=O)OC(C(OC(C)C(O[Na])=O)=C1)=CC2=C1C(C=C(OC(C(O[Na])=O)C)C(OC(C(O[Na])=O)C)=C3)=C3C4=C2C=C(OC(C(O[Na])=O)C)C(OC(C)C(O[Na])=O)=C4,C1=CC(=CC=C1CC(C(=O)O)N)O,other,0.0,CC(Oc1cc2c3cc(OC(C)C(=O)[O][Na])c(OC(C)C(=O)[O][Na])cc3c3cc(OC(C)C(=O)[O][Na])c(OC(C)C(=O)[O][Na])cc3c2cc1OC(C)C(=O)[O][Na])C(=O)[O][Na],BA584CA32AF40B5CC01118169993C3B68F1DD55FC57084F45766D3D97748C6AD,HOST_CAN_0016,PASS,NC(Cc1ccc(O)cc1)C(=O)O,3493787B99785831C7BF0E6683BCDC8D208BB31074F2AD5C63DD21E6DF82A89F,GUEST_CAN_0743,PASS,GINE,4,host_cold,4,3.7983875274658203
1092,9,695,[O-]C(=O)COc1ccc2c3c1CNC(=O)c1c(OCC(=O)[O-])ccc4c1ccc1c4C4CC(O1)Oc1c4c4ccc(c(C(=O)NCc5c6c(c7C8c2c(cc3)OC(C8)Oc7cc6)ccc5OCC(=O)[O-])c4cc1)OCC(=O)[O-].[NH4+].[NH4+].[NH4+].[NH4+],CCNC(=O)C,other,2.2523000240325928,O=C([O-])COc1ccc2c3c4ccc2c1CNC(=O)c1c(OCC(=O)[O-])ccc2c5c(ccc12)OC1CC5c2c(ccc5c(c(OCC(=O)[O-])ccc25)C(=O)NCc2c(OCC(=O)[O-])ccc5c6c(ccc25)OC(CC36)O4)O1.[NH4+].[NH4+].[NH4+].[NH4+],7D3830C6A6E10F82EEBCC3ED68B861BB21ED63B1DDB277580F3032527E5A1183,HOST_CAN_0139,PASS,CCNC(C)=O,EDF7EB2AB74271CB75535D4B869AB5E3DF0B0F9AF7ADA5CB9AA9D08ED3A6255F,GUEST_CAN_0357,PASS,GINE,4,host_cold,4,2.9195566177368164
1099,8,698,C1N2C3C4N(C2=O)CN5C6C7N(C5=O)CN8C9C2N(C8=O)CN5C8C%10N(C5=O)CN5C%11C%12N(C5=O)CN5C%13C(N1C5=O)N1CN3C(=O)N4CN6C(=O)N7CN9C(=O)N2CN8C(=O)N%10CN%11C(=O)N%12CN%13C1=O,CCCC[NH3+],cucurbituril,6.491399765014648,O=C1N2CN3C(=O)N4CN5C(=O)N6CN7C(=O)N8CN9C(=O)N%10CN%11C(=O)N%12CN1C1C2N2CN%13C(=O)N(CN%14C(=O)N(CN%15C(=O)N(CN%16C(=O)N(CN%17C(=O)N(CN1C2=O)C%12C%11%17)C%10C9%16)C8C7%15)C6C5%14)C4C3%13,2526C525F966BEE6CB589BBB60C9F4124C02584847747BDAFF4E92B4462536E8,HOST_CAN_0149,PASS,CCCC[NH3+],6A71D8302F7F41484EDE7CB008CCE4F2AFAAFDA27C6FFB24A0361849051D3340,GUEST_CAN_0322,PASS,GINE,4,host_cold,4,5.986207008361816
1101,81,650,[Na]OS(=O)(=O)CCCOc1c2CN3C(=O)N4[C@]5([C@@]3(N(Cc2c(c2c1cccc2)OCCCS(=O)(=O)O[Na])C(=O)N5CN1[C@@H]2N(C4)C(=O)N3[C@@H]2N(C1=O)CN1[C@@]2(N(C3)C(=O)N3[C@]2(C)N(C1=O)Cc1c(C3)c(OCCCS(=O)(=O)O[Na])c2c(c1OCCCS(=O)(=O)O[Na])cccc2)C)C)C,CC12CCC3C(C1CCC2O)CCC4=C3C=CC(=C4)O,other,4.146100044250488,C[C@]12N3Cc4c(c(OCCCS(=O)(=O)[O][Na])c5ccccc5c4OCCCS(=O)(=O)[O][Na])CN1C(=O)N1CN4C(=O)N5CN6C(=O)N7Cc8c(c(OCCCS(=O)(=O)[O][Na])c9ccccc9c8OCCCS(=O)(=O)[O][Na])CN8C(=O)N(CN9C(=O)N(CN(C3=O)[C@]12C)[C@@H]4[C@H]95)[C@]6(C)[C@@]78C,1051D36AAACAE48FD5F1E66929B325E14F767999AA707E5010C4574020990EA7,HOST_CAN_0089,PASS,CC12CCC3c4ccc(O)cc4CCC3C1CCC2O,2577B97C27E10D71995A6E6E8BF6D1D13506298C5D929838D33C4A134A561C78,GUEST_CAN_0234,PASS,GINE,4,host_cold,4,4.66991662979126
1102,8,21,C1N2C3C4N(C2=O)CN5C6C7N(C5=O)CN8C9C2N(C8=O)CN5C8C%10N(C5=O)CN5C%11C%12N(C5=O)CN5C%13C(N1C5=O)N1CN3C(=O)N4CN6C(=O)N7CN9C(=O)N2CN8C(=O)N%10CN%11C(=O)N%12CN%13C1=O,[Sr+2],cucurbituril,3.1800999641418457,O=C1N2CN3C(=O)N4CN5C(=O)N6CN7C(=O)N8CN9C(=O)N%10CN%11C(=O)N%12CN1C1C2N2CN%13C(=O)N(CN%14C(=O)N(CN%15C(=O)N(CN%16C(=O)N(CN%17C(=O)N(CN1C2=O)C%12C%11%17)C%10C9%16)C8C7%15)C6C5%14)C4C3%13,2526C525F966BEE6CB589BBB60C9F4124C02584847747BDAFF4E92B4462536E8,HOST_CAN_0149,PASS,[Sr+2],B6D37E5B591B608C4BE7D5E471532F87A202E5D6C60D3F594302E0BACEDD0483,GUEST_CAN_1113,PASS,GINE,4,host_cold,4,3.5444459915161133
1105,94,477,CC(C(O[Na])=O)OC(C(OC(C)C(O[Na])=O)=C1)=CC2=C1C(C=C(OC(C(O[Na])=O)C)C(OC(C(O[Na])=O)C)=C3)=C3C4=C2C=C(OC(C(O[Na])=O)C)C(OC(C)C(O[Na])=O)=C4,C1=CC=C(C=C1)CC(C(=O)O)N,other,0.0,CC(Oc1cc2c3cc(OC(C)C(=O)[O][Na])c(OC(C)C(=O)[O][Na])cc3c3cc(OC(C)C(=O)[O][Na])c(OC(C)C(=O)[O][Na])cc3c2cc1OC(C)C(=O)[O][Na])C(=O)[O][Na],BA584CA32AF40B5CC01118169993C3B68F1DD55FC57084F45766D3D97748C6AD,HOST_CAN_0016,PASS,NC(Cc1ccccc1)C(=O)O,4B6B1236F1C31D28D9F95F736FF46B2960AFF4F6FCE3D9E76CF43DE2ADDE8B08,GUEST_CAN_0746,PASS,GINE,4,host_cold,4,4.250953674316406
1107,85,360,OC[C@H]1O[C@@H]2O[C@@H]3[C@@H](CO)O[C@H](O[C@@H]4[C@@H](CO)O[C@H](O[C@@H]5[C@@H](CO)O[C@H](O[C@@H]6[C@@H](CO)O[C@H](O[C@@H]7[C@@H](CO)O[C@H](O[C@@H]8[C@@H](CO)O[C@H](O[C@@H]9[C@@H](CO)O[C@H](O[C@H]1[C@H](O)[C@H]2O)[C@H](O)[C@H]9O)[C@H](O)[C@H]8O)[C@H](O)[C@H]7O)[C@H](O)[C@H]6O)[C@H](O)[C@H]5O)[C@H](O)[C@H]4O)[C@H](O)[C@H]3O,CCN(CC)C1=CC2=C(C=C1)N=C3C=CC(=[N+](CC)CC)C=C3O2,cyclodextrin,2.133500099182129,OC[C@H]1O[C@@H]2O[C@H]3[C@H](O)[C@@H](O)[C@@H](O[C@H]4[C@H](O)[C@@H](O)[C@@H](O[C@H]5[C@H](O)[C@@H](O)[C@@H](O[C@H]6[C@H](O)[C@@H](O)[C@@H](O[C@H]7[C@H](O)[C@@H](O)[C@@H](O[C@H]8[C@H](O)[C@@H](O)[C@@H](O[C@H]9[C@H](O)[C@@H](O)[C@@H](O[C@H]1[C@H](O)[C@H]2O)O[C@@H]9CO)O[C@@H]8CO)O[C@@H]7CO)O[C@@H]6CO)O[C@@H]5CO)O[C@@H]4CO)O[C@@H]3CO,4E4982FCAA8A96CE9D40EDC97C9574B542F86F2BEB463ECAA6DCE3670D2F9B83,HOST_CAN_0177,PASS,CCN(CC)c1ccc2nc3ccc(=[N+](CC)CC)cc-3oc2c1,066F3D1B32F1748B3B78FD889501761911247912358CB368BEF1B1090F720B3D,GUEST_CAN_0355,PASS,GINE,4,host_cold,4,2.747710704803467
1108,9,470,[O-]C(=O)COc1ccc2c3c1CNC(=O)c1c(OCC(=O)[O-])ccc4c1ccc1c4C4CC(O1)Oc1c4c4ccc(c(C(=O)NCc5c6c(c7C8c2c(cc3)OC(C8)Oc7cc6)ccc5OCC(=O)[O-])c4cc1)OCC(=O)[O-].[NH4+].[NH4+].[NH4+].[NH4+],CS(=O)C,other,1.9973000288009644,O=C([O-])COc1ccc2c3c4ccc2c1CNC(=O)c1c(OCC(=O)[O-])ccc2c5c(ccc12)OC1CC5c2c(ccc5c(c(OCC(=O)[O-])ccc25)C(=O)NCc2c(OCC(=O)[O-])ccc5c6c(ccc25)OC(CC36)O4)O1.[NH4+].[NH4+].[NH4+].[NH4+],7D3830C6A6E10F82EEBCC3ED68B861BB21ED63B1DDB277580F3032527E5A1183,HOST_CAN_0139,PASS,CS(C)=O,EF4A329FE2B9444E2AE17D5A7D6B0FD38E35D5EAE829D6CA83527841C4D3898F,GUEST_CAN_0511,PASS,GINE,4,host_cold,4,3.588139057159424
1119,38,705,C1C2C3=CC=CC=C3C4=C5C6CC7=CC=CC=C7C8=CC(=CC(=C8)C9=CC=CC=C9CC3C7=CC=CC=C7C(=C24)C3=C5C2=CC=CC=C62)C2=CC=CC=C21,CC(=O)OC1C=CC2C3CC4=C5C2(C1OC5=C(C=C4)OC(=O)C)CCN3C,cyclophane,4.287799835205078,c1ccc2c(c1)CC1c3ccccc3-c3c1c1c4c5c3C(Cc3ccccc3-c3cc-2cc(c3)-c2ccccc2CC4c2ccccc2-1)c1ccccc1-5,7D60610AC6275537B6952E12359C97C789A38E2FA1295732E16AF89573CE95C4,HOST_CAN_0186,PASS,CC(=O)Oc1ccc2c3c1OC1C(OC(C)=O)C=CC4C(C2)N(C)CCC341,57EA3B3D37E61854DAEC624A850073A95868BF403682E66023522AE3F3940119,GUEST_CAN_0103,PASS,GINE,4,host_cold,4,5.088942527770996
1123,8,708,C1N2C3C4N(C2=O)CN5C6C7N(C5=O)CN8C9C2N(C8=O)CN5C8C%10N(C5=O)CN5C%11C%12N(C5=O)CN5C%13C(N1C5=O)N1CN3C(=O)N4CN6C(=O)N7CN9C(=O)N2CN8C(=O)N%10CN%11C(=O)N%12CN%13C1=O,CC(CC[NH3+])(C)C,cucurbituril,1.24399995803833,O=C1N2CN3C(=O)N4CN5C(=O)N6CN7C(=O)N8CN9C(=O)N%10CN%11C(=O)N%12CN1C1C2N2CN%13C(=O)N(CN%14C(=O)N(CN%15C(=O)N(CN%16C(=O)N(CN%17C(=O)N(CN1C2=O)C%12C%11%17)C%10C9%16)C8C7%15)C6C5%14)C4C3%13,2526C525F966BEE6CB589BBB60C9F4124C02584847747BDAFF4E92B4462536E8,HOST_CAN_0149,PASS,CC(C)(C)CC[NH3+],4976197D32EA41A69BEE8D062378E7BDD8ED9D4F9D0DA7485E4139C8935FAC31,GUEST_CAN_0111,PASS,GINE,4,host_cold,4,5.641826629638672
1151,69,473,NCCN1C=C(N=N1)COC(C=C2)=C(CNCC3=C(OCC(N=N4)=CN4CCN)C=CC5=C3C=C6)C7=C2C8=C(C=C7)OC9CC8C%10=C(O9)C=CC%11=C%10C=CC(OCC(N=N%12)=CN%12CCN)=C%11CNCC%13=C(OCC(N=N%14)=CN%14CCN)C=CC%15=C%13C=CC(O%16)=C%15C%17C5=C6OC%16C%17,O=C(Cc1ccccc1)N[C@H]1C(=O)N2[C@H]1SC([C@H]2C(=O)[O-])(C)C.[Na+],other,3.851300001144409,NCCn1cc(COc2ccc3c4c5ccc3c2CNCc2c(OCc3cn(CCN)nn3)ccc3c6c(ccc23)OC2CC6c3c(ccc6c(c(OCc7cn(CCN)nn7)ccc36)CNCc3c(OCc6cn(CCN)nn6)ccc6c7c(ccc36)OC(CC47)O5)O2)nn1,E69AC36986BDADC1E5A61FE9021251B6D5437DB096F231021CE94D055FF4BCBF,HOST_CAN_0113,PASS,CC1(C)S[C@H]2[C@@H](NC(=O)Cc3ccccc3)C(=O)N2[C@@H]1C(=O)[O-].[Na+],95280732D171EA0125107DBD13A3770B46FD40C4C47303A961FE1BBA455EA980,GUEST_CAN_0211,PASS,GINE,4,host_cold,4,2.927591323852539
1153,69,720,NCCN1C=C(N=N1)COC(C=C2)=C(CNCC3=C(OCC(N=N4)=CN4CCN)C=CC5=C3C=C6)C7=C2C8=C(C=C7)OC9CC8C%10=C(O9)C=CC%11=C%10C=CC(OCC(N=N%12)=CN%12CCN)=C%11CNCC%13=C(OCC(N=N%14)=CN%14CCN)C=CC%15=C%13C=CC(O%16)=C%15C%17C5=C6OC%16C%17,C1(CC=CCC1)C(=O)O,other,2.841399908065796,NCCn1cc(COc2ccc3c4c5ccc3c2CNCc2c(OCc3cn(CCN)nn3)ccc3c6c(ccc23)OC2CC6c3c(ccc6c(c(OCc7cn(CCN)nn7)ccc36)CNCc3c(OCc6cn(CCN)nn6)ccc6c7c(ccc36)OC(CC47)O5)O2)nn1,E69AC36986BDADC1E5A61FE9021251B6D5437DB096F231021CE94D055FF4BCBF,HOST_CAN_0113,PASS,O=C(O)C1CC=CCC1,D956A52F2F67561653EEB6288B689FADD8FBF2B188316676381F62D1EA31A5B3,GUEST_CAN_0865,PASS,GINE,4,host_cold,4,2.252971887588501
1169,69,390,NCCN1C=C(N=N1)COC(C=C2)=C(CNCC3=C(OCC(N=N4)=CN4CCN)C=CC5=C3C=C6)C7=C2C8=C(C=C7)OC9CC8C%10=C(O9)C=CC%11=C%10C=CC(OCC(N=N%12)=CN%12CCN)=C%11CNCC%13=C(OCC(N=N%14)=CN%14CCN)C=CC%15=C%13C=CC(O%16)=C%15C%17C5=C6OC%16C%17,C1=CC=C(C=C1)CCC(=O)O,other,3.6531999111175537,NCCn1cc(COc2ccc3c4c5ccc3c2CNCc2c(OCc3cn(CCN)nn3)ccc3c6c(ccc23)OC2CC6c3c(ccc6c(c(OCc7cn(CCN)nn7)ccc36)CNCc3c(OCc6cn(CCN)nn6)ccc6c7c(ccc36)OC(CC47)O5)O2)nn1,E69AC36986BDADC1E5A61FE9021251B6D5437DB096F231021CE94D055FF4BCBF,HOST_CAN_0113,PASS,O=C(O)CCc1ccccc1,B755FD509AD8611F31B726BB9F18750ACB5CB5F50B2D930FC30428336D1E0043,GUEST_CAN_0876,PASS,GINE,4,host_cold,4,2.041686773300171
1170,69,720,NCCN1C=C(N=N1)COC(C=C2)=C(CNCC3=C(OCC(N=N4)=CN4CCN)C=CC5=C3C=C6)C7=C2C8=C(C=C7)OC9CC8C%10=C(O9)C=CC%11=C%10C=CC(OCC(N=N%12)=CN%12CCN)=C%11CNCC%13=C(OCC(N=N%14)=CN%14CCN)C=CC%15=C%13C=CC(O%16)=C%15C%17C5=C6OC%16C%17,C1(CC=CCC1)C(=O)O,other,2.09689998626709,NCCn1cc(COc2ccc3c4c5ccc3c2CNCc2c(OCc3cn(CCN)nn3)ccc3c6c(ccc23)OC2CC6c3c(ccc6c(c(OCc7cn(CCN)nn7)ccc36)CNCc3c(OCc6cn(CCN)nn6)ccc6c7c(ccc36)OC(CC47)O5)O2)nn1,E69AC36986BDADC1E5A61FE9021251B6D5437DB096F231021CE94D055FF4BCBF,HOST_CAN_0113,PASS,O=C(O)C1CC=CCC1,D956A52F2F67561653EEB6288B689FADD8FBF2B188316676381F62D1EA31A5B3,GUEST_CAN_0865,PASS,GINE,4,host_cold,4,2.252971887588501
1172,8,256,C1N2C3C4N(C2=O)CN5C6C7N(C5=O)CN8C9C2N(C8=O)CN5C8C%10N(C5=O)CN5C%11C%12N(C5=O)CN5C%13C(N1C5=O)N1CN3C(=O)N4CN6C(=O)N7CN9C(=O)N2CN8C(=O)N%10CN%11C(=O)N%12CN%13C1=O,CCCCO,cucurbituril,2.8089001178741455,O=C1N2CN3C(=O)N4CN5C(=O)N6CN7C(=O)N8CN9C(=O)N%10CN%11C(=O)N%12CN1C1C2N2CN%13C(=O)N(CN%14C(=O)N(CN%15C(=O)N(CN%16C(=O)N(CN%17C(=O)N(CN1C2=O)C%12C%11%17)C%10C9%16)C8C7%15)C6C5%14)C4C3%13,2526C525F966BEE6CB589BBB60C9F4124C02584847747BDAFF4E92B4462536E8,HOST_CAN_0149,PASS,CCCCO,581B7EFD3DCD0E0841EE9123D5670DDC43EF0E9A885955F904BAAFC5653A3E40,GUEST_CAN_0312,PASS,GINE,4,host_cold,4,3.8914098739624023
1181,8,732,C1N2C3C4N(C2=O)CN5C6C7N(C5=O)CN8C9C2N(C8=O)CN5C8C%10N(C5=O)CN5C%11C%12N(C5=O)CN5C%13C(N1C5=O)N1CN3C(=O)N4CN6C(=O)N7CN9C(=O)N2CN8C(=O)N%10CN%11C(=O)N%12CN%13C1=O,C1CC(CCC1N)N,cucurbituril,6.146100044250488,O=C1N2CN3C(=O)N4CN5C(=O)N6CN7C(=O)N8CN9C(=O)N%10CN%11C(=O)N%12CN1C1C2N2CN%13C(=O)N(CN%14C(=O)N(CN%15C(=O)N(CN%16C(=O)N(CN%17C(=O)N(CN1C2=O)C%12C%11%17)C%10C9%16)C8C7%15)C6C5%14)C4C3%13,2526C525F966BEE6CB589BBB60C9F4124C02584847747BDAFF4E92B4462536E8,HOST_CAN_0149,PASS,NC1CCC(N)CC1,192947493091C281BC4B716E34F673A8237ADA9D29CFC03100A1251046E7C8D3,GUEST_CAN_0761,PASS,GINE,4,host_cold,4,9.100118637084961
1192,51,737,C1N2C3C4N(C2=O)CN5C6C7N(C5=O)CN8C9C2N(C8=O)CN5C8C%10N(C5=O)CN5C%11C%12N(C5=O)CN5C%13C%14N(C5=O)CN5C%15C%16N(C5=O)CN5C%17C%18N(C5=O)CN5C%19C%20N(C5=O)CN5C%21C(N1C5=O)N1CN3C(=O)N4CN6C(=O)N7CN9C(=O)N2CN8C(=O)N%10CN%11C(=O)N%12CN%13C(=O)N%14CN%15C(=O)N%16CN%17C(=O)N%18CN%19C(=O)N%20CN%21C1=O,C1(C2=NC=CC=C2)=NC=CC=C1.C3(C4=CC=CC=C4)=CC=CC=N3.C5(C6=CC=CC=C6)=CC=CC=N5.[Ir+],cucurbituril,6.845099925994873,O=C1N2CN3C(=O)N4CN5C(=O)N6CN7C(=O)N8CN9C(=O)N%10CN%11C(=O)N%12CN%13C(=O)N%14CN%15C(=O)N%16CN%17C(=O)N%18CN%19C(=O)N%20CN1C1C2N2CN%21C(=O)N(CN%22C(=O)N(CN%23C(=O)N(CN%24C(=O)N(CN%25C(=O)N(CN%26C(=O)N(CN%27C(=O)N(CN%28C(=O)N(CN%29C(=O)N(CN1C2=O)C%20C%19%29)C%18C%17%28)C%16C%15%27)C%14C%13%26)C%12C%11%25)C%10C9%24)C8C7%23)C6C5%22)C4C3%21,E6025A48DEEE6C9E6878EC627A6CB37BA95516523DC76F4BD8E7A3BC0D967C68,HOST_CAN_0142,PASS,[Ir+].c1ccc(-c2ccccn2)cc1.c1ccc(-c2ccccn2)cc1.c1ccc(-c2ccccn2)nc1,333160D1B40AD9311133CAE99D5E834431CE82D8E42EAD832C91C00D015936EA,GUEST_CAN_1067,PASS,GINE,4,host_cold,4,4.724228382110596
1193,94,738,CC(C(O[Na])=O)OC(C(OC(C)C(O[Na])=O)=C1)=CC2=C1C(C=C(OC(C(O[Na])=O)C)C(OC(C(O[Na])=O)C)=C3)=C3C4=C2C=C(OC(C(O[Na])=O)C)C(OC(C)C(O[Na])=O)=C4,CC(C(C1=CC=CC=C1)O)NC,other,2.262500047683716,CC(Oc1cc2c3cc(OC(C)C(=O)[O][Na])c(OC(C)C(=O)[O][Na])cc3c3cc(OC(C)C(=O)[O][Na])c(OC(C)C(=O)[O][Na])cc3c2cc1OC(C)C(=O)[O][Na])C(=O)[O][Na],BA584CA32AF40B5CC01118169993C3B68F1DD55FC57084F45766D3D97748C6AD,HOST_CAN_0016,PASS,CNC(C)C(O)c1ccccc1,2927311800C4808DBD2275E1480F074492858943FD2F46A07015F3721C6B15E0,GUEST_CAN_0425,PASS,GINE,4,host_cold,4,4.482877731323242
1195,94,658,CC(C(O[Na])=O)OC(C(OC(C)C(O[Na])=O)=C1)=CC2=C1C(C=C(OC(C(O[Na])=O)C)C(OC(C(O[Na])=O)C)=C3)=C3C4=C2C=C(OC(C(O[Na])=O)C)C(OC(C)C(O[Na])=O)=C4,CC[N+](CC)(CC)CC1=CC=CC=C1,other,2.5464999675750732,CC(Oc1cc2c3cc(OC(C)C(=O)[O][Na])c(OC(C)C(=O)[O][Na])cc3c3cc(OC(C)C(=O)[O][Na])c(OC(C)C(=O)[O][Na])cc3c2cc1OC(C)C(=O)[O][Na])C(=O)[O][Na],BA584CA32AF40B5CC01118169993C3B68F1DD55FC57084F45766D3D97748C6AD,HOST_CAN_0016,PASS,CC[N+](CC)(CC)Cc1ccccc1,D3082D17492ADECD8DFE6B302C61BEF55BEECCF7C5432D2FDC812E354CDD2BE4,GUEST_CAN_0376,PASS,GINE,4,host_cold,4,6.395082950592041
1197,9,675,[O-]C(=O)COc1ccc2c3c1CNC(=O)c1c(OCC(=O)[O-])ccc4c1ccc1c4C4CC(O1)Oc1c4c4ccc(c(C(=O)NCc5c6c(c7C8c2c(cc3)OC(C8)Oc7cc6)ccc5OCC(=O)[O-])c4cc1)OCC(=O)[O-].[NH4+].[NH4+].[NH4+].[NH4+],CCO,other,1.5949000120162964,O=C([O-])COc1ccc2c3c4ccc2c1CNC(=O)c1c(OCC(=O)[O-])ccc2c5c(ccc12)OC1CC5c2c(ccc5c(c(OCC(=O)[O-])ccc25)C(=O)NCc2c(OCC(=O)[O-])ccc5c6c(ccc25)OC(CC36)O4)O1.[NH4+].[NH4+].[NH4+].[NH4+],7D3830C6A6E10F82EEBCC3ED68B861BB21ED63B1DDB277580F3032527E5A1183,HOST_CAN_0139,PASS,CCO,AB1DE819EDE91DF490E6441934DECFA9041B49F91D6BBADBBA4DF634CCFF57FA,GUEST_CAN_0361,PASS,GINE,4,host_cold,4,1.8239567279815674
1201,8,742,C1N2C3C4N(C2=O)CN5C6C7N(C5=O)CN8C9C2N(C8=O)CN5C8C%10N(C5=O)CN5C%11C%12N(C5=O)CN5C%13C(N1C5=O)N1CN3C(=O)N4CN6C(=O)N7CN9C(=O)N2CN8C(=O)N%10CN%11C(=O)N%12CN%13C1=O,[Br-].C(C)N1C=[N+](C=C1)C,cucurbituril,0.0,O=C1N2CN3C(=O)N4CN5C(=O)N6CN7C(=O)N8CN9C(=O)N%10CN%11C(=O)N%12CN1C1C2N2CN%13C(=O)N(CN%14C(=O)N(CN%15C(=O)N(CN%16C(=O)N(CN%17C(=O)N(CN1C2=O)C%12C%11%17)C%10C9%16)C8C7%15)C6C5%14)C4C3%13,2526C525F966BEE6CB589BBB60C9F4124C02584847747BDAFF4E92B4462536E8,HOST_CAN_0149,PASS,CCn1cc[n+](C)c1.[Br-],37C21E958F1E7524133F44170B1176C492BBEF2F707B7F53F04BAAD4FDE0B9DA,GUEST_CAN_0388,PASS,GINE,4,host_cold,4,6.170787811279297
1202,152,512,C1COCCOC2=NC3=CC=CC=C3N=C2OCCOCCOCCOC4=CC=CC=C4OCCO1,C1=CC=C(C=C1)C[NH2+]CC2=CC=CC=C2,other,2.623199939727783,c1ccc2c(c1)OCCOCCOCCOc1nc3ccccc3nc1OCCOCCOCCO2,11E567E73A50D02BD46891CF13338BDDF57C27745B8926A9E8B83F56E359EA3E,HOST_CAN_0187,PASS,c1ccc(C[NH2+]Cc2ccccc2)cc1,32DCEEB352F6FDEAF45A2BF57CC92E21E7AE7DE1B3F976CDFAE56CA7157A2785,GUEST_CAN_1133,PASS,GINE,4,host_cold,4,3.297861337661743
1204,94,50,CC(C(O[Na])=O)OC(C(OC(C)C(O[Na])=O)=C1)=CC2=C1C(C=C(OC(C(O[Na])=O)C)C(OC(C(O[Na])=O)C)=C3)=C3C4=C2C=C(OC(C(O[Na])=O)C)C(OC(C)C(O[Na])=O)=C4,C1=CC=C(C(=C1)O)O,other,0.0,CC(Oc1cc2c3cc(OC(C)C(=O)[O][Na])c(OC(C)C(=O)[O][Na])cc3c3cc(OC(C)C(=O)[O][Na])c(OC(C)C(=O)[O][Na])cc3c2cc1OC(C)C(=O)[O][Na])C(=O)[O][Na],BA584CA32AF40B5CC01118169993C3B68F1DD55FC57084F45766D3D97748C6AD,HOST_CAN_0016,PASS,Oc1ccccc1O,D6044096AF0493CF06B8B5FDAA8C090BB98BA46AF75026C46D7FE4ACEF4715BB,GUEST_CAN_1007,PASS,GINE,4,host_cold,4,2.715534210205078
1207,9,746,[O-]C(=O)COc1ccc2c3c1CNC(=O)c1c(OCC(=O)[O-])ccc4c1ccc1c4C4CC(O1)Oc1c4c4ccc(c(C(=O)NCc5c6c(c7C8c2c(cc3)OC(C8)Oc7cc6)ccc5OCC(=O)[O-])c4cc1)OCC(=O)[O-].[NH4+].[NH4+].[NH4+].[NH4+],COC(=O)OC,other,3.3547000885009766,O=C([O-])COc1ccc2c3c4ccc2c1CNC(=O)c1c(OCC(=O)[O-])ccc2c5c(ccc12)OC1CC5c2c(ccc5c(c(OCC(=O)[O-])ccc25)C(=O)NCc2c(OCC(=O)[O-])ccc5c6c(ccc25)OC(CC36)O4)O1.[NH4+].[NH4+].[NH4+].[NH4+],7D3830C6A6E10F82EEBCC3ED68B861BB21ED63B1DDB277580F3032527E5A1183,HOST_CAN_0139,PASS,COC(=O)OC,6CCAD973A4EAF78C167862A182B402AC2EC9ED740AA8040453E50A8F70C5D2C6,GUEST_CAN_0446,PASS,GINE,4,host_cold,4,2.2946300506591797
1208,8,440,C1N2C3C4N(C2=O)CN5C6C7N(C5=O)CN8C9C2N(C8=O)CN5C8C%10N(C5=O)CN5C%11C%12N(C5=O)CN5C%13C(N1C5=O)N1CN3C(=O)N4CN6C(=O)N7CN9C(=O)N2CN8C(=O)N%10CN%11C(=O)N%12CN%13C1=O,CC(C(=O)O)NC(=O)CN,cucurbituril,2.799999952316284,O=C1N2CN3C(=O)N4CN5C(=O)N6CN7C(=O)N8CN9C(=O)N%10CN%11C(=O)N%12CN1C1C2N2CN%13C(=O)N(CN%14C(=O)N(CN%15C(=O)N(CN%16C(=O)N(CN%17C(=O)N(CN1C2=O)C%12C%11%17)C%10C9%16)C8C7%15)C6C5%14)C4C3%13,2526C525F966BEE6CB589BBB60C9F4124C02584847747BDAFF4E92B4462536E8,HOST_CAN_0149,PASS,CC(NC(=O)CN)C(=O)O,05890C7DD45D8F3107459006B72D4EDB9CC5C3A82EEA862EFDB24093E953F0AC,GUEST_CAN_0186,PASS,GINE,4,host_cold,4,3.561519145965576
1211,8,749,C1N2C3C4N(C2=O)CN5C6C7N(C5=O)CN8C9C2N(C8=O)CN5C8C%10N(C5=O)CN5C%11C%12N(C5=O)CN5C%13C(N1C5=O)N1CN3C(=O)N4CN6C(=O)N7CN9C(=O)N2CN8C(=O)N%10CN%11C(=O)N%12CN%13C1=O,[NH3+]Cc1cccs1,cucurbituril,5.577199935913086,O=C1N2CN3C(=O)N4CN5C(=O)N6CN7C(=O)N8CN9C(=O)N%10CN%11C(=O)N%12CN1C1C2N2CN%13C(=O)N(CN%14C(=O)N(CN%15C(=O)N(CN%16C(=O)N(CN%17C(=O)N(CN1C2=O)C%12C%11%17)C%10C9%16)C8C7%15)C6C5%14)C4C3%13,2526C525F966BEE6CB589BBB60C9F4124C02584847747BDAFF4E92B4462536E8,HOST_CAN_0149,PASS,[NH3+]Cc1cccs1,EC6D3E6270384A67FCF38487B248B6B3EBB4496DB04E835BDB81E62554155B2F,GUEST_CAN_1096,PASS,GINE,4,host_cold,4,5.477316856384277
1214,8,752,C1N2C3C4N(C2=O)CN5C6C7N(C5=O)CN8C9C2N(C8=O)CN5C8C%10N(C5=O)CN5C%11C%12N(C5=O)CN5C%13C(N1C5=O)N1CN3C(=O)N4CN6C(=O)N7CN9C(=O)N2CN8C(=O)N%10CN%11C(=O)N%12CN%13C1=O,C(CC)(=O)O,cucurbituril,2.770900011062622,O=C1N2CN3C(=O)N4CN5C(=O)N6CN7C(=O)N8CN9C(=O)N%10CN%11C(=O)N%12CN1C1C2N2CN%13C(=O)N(CN%14C(=O)N(CN%15C(=O)N(CN%16C(=O)N(CN%17C(=O)N(CN1C2=O)C%12C%11%17)C%10C9%16)C8C7%15)C6C5%14)C4C3%13,2526C525F966BEE6CB589BBB60C9F4124C02584847747BDAFF4E92B4462536E8,HOST_CAN_0149,PASS,CCC(=O)O,5A66BC5908E74D503C307CF7F11C218A05073F62D163153DA8724205ACD309BC,GUEST_CAN_0252,PASS,GINE,4,host_cold,4,1.9167428016662598
1216,104,115,C1COCCOCCN2CCOCCOCCN1CCOCCOCCOCC2,[K+],other,2.200000047683716,C1COCCN2CCOCCOCCN(CCOCCO1)CCOCCOCC2,FC2FBDD1CDCC0BE65573222C4E8FD2959C4D898D99922B825F4B9F435E9AD133,HOST_CAN_0005,PASS,[K+],E83A78F45A613BB8008932667E03FF097984CF2701657EB6EA0AB517A34DEC0B,GUEST_CAN_1068,PASS,GINE,4,host_cold,4,1.9776897430419922
1217,35,753,[O-]P(=O)(Oc1c2c(c(c3c1C1CC3c3c1cc1c(c3)C3CC1c1c3cccc1)OP(=O)(C)[O-])C1CC2c2c1cc1c(c2)C2CC1c1c2cccc1)C.[Li+].[Li+],COC(=O)[C@H](Cc1nc[nH]c1)NC(=O)OC(C)(C)C,other,2.845099925994873,CP(=O)([O-])Oc1c2c(c(OP(C)(=O)[O-])c3c1C1CC3c3cc4c(cc31)C1CC4c3ccccc31)C1CC2c2cc3c(cc21)C1CC3c2ccccc21.[Li+].[Li+],0523E219D88C79C8FF3952D24ADDE3A68E28198CE5EE5C77D8FECF429412627C,HOST_CAN_0082,PASS,COC(=O)[C@H](Cc1c[nH]cn1)NC(=O)OC(C)(C)C,0CCC1C48C50221623B13495DC8E41F448FA7A13F412CDBECE5D7718D1E0570AA,GUEST_CAN_0449,PASS,GINE,4,host_cold,4,3.6454391479492188
1227,8,191,C1N2C3C4N(C2=O)CN5C6C7N(C5=O)CN8C9C2N(C8=O)CN5C8C%10N(C5=O)CN5C%11C%12N(C5=O)CN5C%13C(N1C5=O)N1CN3C(=O)N4CN6C(=O)N7CN9C(=O)N2CN8C(=O)N%10CN%11C(=O)N%12CN%13C1=O,O.O.O.O.O.O.[Cl-].[Cl-].[Sr+2],cucurbituril,4.910099983215332,O=C1N2CN3C(=O)N4CN5C(=O)N6CN7C(=O)N8CN9C(=O)N%10CN%11C(=O)N%12CN1C1C2N2CN%13C(=O)N(CN%14C(=O)N(CN%15C(=O)N(CN%16C(=O)N(CN%17C(=O)N(CN1C2=O)C%12C%11%17)C%10C9%16)C8C7%15)C6C5%14)C4C3%13,2526C525F966BEE6CB589BBB60C9F4124C02584847747BDAFF4E92B4462536E8,HOST_CAN_0149,PASS,O.O.O.O.O.O.[Cl-].[Cl-].[Sr+2],3C32050D7E5AD41C7BC6DC47F8AF4E8E287A431913D4C7D7380ACBE3018A2B81,GUEST_CAN_0845,PASS,GINE,4,host_cold,4,3.5748963356018066
1236,69,447,NCCN1C=C(N=N1)COC(C=C2)=C(CNCC3=C(OCC(N=N4)=CN4CCN)C=CC5=C3C=C6)C7=C2C8=C(C=C7)OC9CC8C%10=C(O9)C=CC%11=C%10C=CC(OCC(N=N%12)=CN%12CCN)=C%11CNCC%13=C(OCC(N=N%14)=CN%14CCN)C=CC%15=C%13C=CC(O%16)=C%15C%17C5=C6OC%16C%17,C1=CC=C(C=C1)C(C(=O)O)C(=O)O,other,5.357100009918213,NCCn1cc(COc2ccc3c4c5ccc3c2CNCc2c(OCc3cn(CCN)nn3)ccc3c6c(ccc23)OC2CC6c3c(ccc6c(c(OCc7cn(CCN)nn7)ccc36)CNCc3c(OCc6cn(CCN)nn6)ccc6c7c(ccc36)OC(CC47)O5)O2)nn1,E69AC36986BDADC1E5A61FE9021251B6D5437DB096F231021CE94D055FF4BCBF,HOST_CAN_0113,PASS,O=C(O)C(C(=O)O)c1ccccc1,C222F47227AA49085DE9BEABCF86D2CC30B938D60B89D8109753067B98D02E05,GUEST_CAN_0856,PASS,GINE,4,host_cold,4,2.2666447162628174
1238,8,762,C1N2C3C4N(C2=O)CN5C6C7N(C5=O)CN8C9C2N(C8=O)CN5C8C%10N(C5=O)CN5C%11C%12N(C5=O)CN5C%13C(N1C5=O)N1CN3C(=O)N4CN6C(=O)N7CN9C(=O)N2CN8C(=O)N%10CN%11C(=O)N%12CN%13C1=O,NCCCCCO,cucurbituril,2.8399999141693115,O=C1N2CN3C(=O)N4CN5C(=O)N6CN7C(=O)N8CN9C(=O)N%10CN%11C(=O)N%12CN1C1C2N2CN%13C(=O)N(CN%14C(=O)N(CN%15C(=O)N(CN%16C(=O)N(CN%17C(=O)N(CN1C2=O)C%12C%11%17)C%10C9%16)C8C7%15)C6C5%14)C4C3%13,2526C525F966BEE6CB589BBB60C9F4124C02584847747BDAFF4E92B4462536E8,HOST_CAN_0149,PASS,NCCCCCO,726301084B7F767529DE73AA0A074AC6C29884ADE2D4E13D36A21FA26DF85C64,GUEST_CAN_0795,PASS,GINE,4,host_cold,4,5.691808223724365
1239,9,763,[O-]C(=O)COc1ccc2c3c1CNC(=O)c1c(OCC(=O)[O-])ccc4c1ccc1c4C4CC(O1)Oc1c4c4ccc(c(C(=O)NCc5c6c(c7C8c2c(cc3)OC(C8)Oc7cc6)ccc5OCC(=O)[O-])c4cc1)OCC(=O)[O-].[NH4+].[NH4+].[NH4+].[NH4+],C[C@@H]1O[C@H]1C,other,2.4828999042510986,O=C([O-])COc1ccc2c3c4ccc2c1CNC(=O)c1c(OCC(=O)[O-])ccc2c5c(ccc12)OC1CC5c2c(ccc5c(c(OCC(=O)[O-])ccc25)C(=O)NCc2c(OCC(=O)[O-])ccc5c6c(ccc25)OC(CC36)O4)O1.[NH4+].[NH4+].[NH4+].[NH4+],7D3830C6A6E10F82EEBCC3ED68B861BB21ED63B1DDB277580F3032527E5A1183,HOST_CAN_0139,PASS,C[C@@H]1O[C@H]1C,F21FD3C31091A6E6133FB3C41651DAD15885158587F0A86FC0C818271D1DDA46,GUEST_CAN_0542,PASS,GINE,4,host_cold,4,3.4615845680236816
1240,8,725,C1N2C3C4N(C2=O)CN5C6C7N(C5=O)CN8C9C2N(C8=O)CN5C8C%10N(C5=O)CN5C%11C%12N(C5=O)CN5C%13C(N1C5=O)N1CN3C(=O)N4CN6C(=O)N7CN9C(=O)N2CN8C(=O)N%10CN%11C(=O)N%12CN%13C1=O,C1C[N+]2=C(C=C3C=CC4=C(C3=C2)OCO4)C5=CC6=C(C=C51)OCO6,cucurbituril,4.1072001457214355,O=C1N2CN3C(=O)N4CN5C(=O)N6CN7C(=O)N8CN9C(=O)N%10CN%11C(=O)N%12CN1C1C2N2CN%13C(=O)N(CN%14C(=O)N(CN%15C(=O)N(CN%16C(=O)N(CN%17C(=O)N(CN1C2=O)C%12C%11%17)C%10C9%16)C8C7%15)C6C5%14)C4C3%13,2526C525F966BEE6CB589BBB60C9F4124C02584847747BDAFF4E92B4462536E8,HOST_CAN_0149,PASS,c1c2c(cc3c1OCO3)-c1cc3ccc4c(c3c[n+]1CC2)OCO4,52E6FF4B4FCFF3F1300181AF5671099D58DF318A6917C1B094B9470F04D24E49,GUEST_CAN_1119,PASS,GINE,4,host_cold,4,4.531239986419678
1245,8,284,C1N2C3C4N(C2=O)CN5C6C7N(C5=O)CN8C9C2N(C8=O)CN5C8C%10N(C5=O)CN5C%11C%12N(C5=O)CN5C%13C(N1C5=O)N1CN3C(=O)N4CN6C(=O)N7CN9C(=O)N2CN8C(=O)N%10CN%11C(=O)N%12CN%13C1=O,C(CCCN)CCN,cucurbituril,6.420100212097168,O=C1N2CN3C(=O)N4CN5C(=O)N6CN7C(=O)N8CN9C(=O)N%10CN%11C(=O)N%12CN1C1C2N2CN%13C(=O)N(CN%14C(=O)N(CN%15C(=O)N(CN%16C(=O)N(CN%17C(=O)N(CN1C2=O)C%12C%11%17)C%10C9%16)C8C7%15)C6C5%14)C4C3%13,2526C525F966BEE6CB589BBB60C9F4124C02584847747BDAFF4E92B4462536E8,HOST_CAN_0149,PASS,NCCCCCCN,AECE2E97A54D8057B5ECFD13B5243E8B29CA3505CD8D5E083DD6AB3B16814C76,GUEST_CAN_0792,PASS,GINE,4,host_cold,4,7.386852264404297
1248,38,767,C1C2C3=CC=CC=C3C4=C5C6CC7=CC=CC=C7C8=CC(=CC(=C8)C9=CC=CC=C9CC3C7=CC=CC=C7C(=C24)C3=C5C2=CC=CC=C62)C2=CC=CC=C21,C[N+](C)(C)C.[I-],cyclophane,3.8129000663757324,c1ccc2c(c1)CC1c3ccccc3-c3c1c1c4c5c3C(Cc3ccccc3-c3cc-2cc(c3)-c2ccccc2CC4c2ccccc2-1)c1ccccc1-5,7D60610AC6275537B6952E12359C97C789A38E2FA1295732E16AF89573CE95C4,HOST_CAN_0186,PASS,C[N+](C)(C)C.[I-],7E388A0F939F4AFFE5E16D6441871C2745368D0B43F3906BE24F5EDC8D9D1FD6,GUEST_CAN_0556,PASS,GINE,4,host_cold,4,2.896639347076416
1258,51,772,C1N2C3C4N(C2=O)CN5C6C7N(C5=O)CN8C9C2N(C8=O)CN5C8C%10N(C5=O)CN5C%11C%12N(C5=O)CN5C%13C%14N(C5=O)CN5C%15C%16N(C5=O)CN5C%17C%18N(C5=O)CN5C%19C%20N(C5=O)CN5C%21C(N1C5=O)N1CN3C(=O)N4CN6C(=O)N7CN9C(=O)N2CN8C(=O)N%10CN%11C(=O)N%12CN%13C(=O)N%14CN%15C(=O)N%16CN%17C(=O)N%18CN%19C(=O)N%20CN%21C1=O,c1ccc2c(n1)c1ncccc1cc2.c1ccc2c(n1)c1ncccc1cc2.c1ccc2c(n1)c1ncccc1cc2.c1ccc2c(n1)c1ncccc1cc2.Cc1ccnc(c1)c1nccc(c1)CCCCCc1ccnc(c1)c1nccc(c1)C.[Ru+2][Ru+2],cucurbituril,9.278800010681152,O=C1N2CN3C(=O)N4CN5C(=O)N6CN7C(=O)N8CN9C(=O)N%10CN%11C(=O)N%12CN%13C(=O)N%14CN%15C(=O)N%16CN%17C(=O)N%18CN%19C(=O)N%20CN1C1C2N2CN%21C(=O)N(CN%22C(=O)N(CN%23C(=O)N(CN%24C(=O)N(CN%25C(=O)N(CN%26C(=O)N(CN%27C(=O)N(CN%28C(=O)N(CN%29C(=O)N(CN1C2=O)C%20C%19%29)C%18C%17%28)C%16C%15%27)C%14C%13%26)C%12C%11%25)C%10C9%24)C8C7%23)C6C5%22)C4C3%21,E6025A48DEEE6C9E6878EC627A6CB37BA95516523DC76F4BD8E7A3BC0D967C68,HOST_CAN_0142,PASS,Cc1ccnc(-c2cc(CCCCCc3ccnc(-c4cc(C)ccn4)c3)ccn2)c1.[Ru+2][Ru+2].c1cnc2c(c1)ccc1cccnc12.c1cnc2c(c1)ccc1cccnc12.c1cnc2c(c1)ccc1cccnc12.c1cnc2c(c1)ccc1cccnc12,13C1E89E3A732D55D7CBB0950AB1161328CEC40CE60ED92D5CF77A480EF6F0EF,GUEST_CAN_0673,PASS,GINE,4,host_cold,4,5.149261474609375
1260,115,773,C(CCC)C1=C(C(OC2=CC(=CC=C12)N(CC)CC)=O)C=O,C(O)CN,other,0.8260999917984009,CCCCc1c(C=O)c(=O)oc2cc(N(CC)CC)ccc12,50E4CC3B42DB2A1D81BA2FCB02D3EA8F0BF1EB0B92ACDAB1C80BFBFCC39A06BB,HOST_CAN_0035,PASS,NCCO,4976275C1BA8E4AC07B8B07E746A7BCEFAAB5F668FF027903A2869511480E972,GUEST_CAN_0805,PASS,GINE,4,host_cold,4,0.01000070571899414
1269,115,777,C(CCC)C1=C(C(OC2=CC(=CC=C12)N(CC)CC)=O)C=O,C(C(C(=O)O)N)C(=O)O,other,0.5651000142097473,CCCCc1c(C=O)c(=O)oc2cc(N(CC)CC)ccc12,50E4CC3B42DB2A1D81BA2FCB02D3EA8F0BF1EB0B92ACDAB1C80BFBFCC39A06BB,HOST_CAN_0035,PASS,NC(CC(=O)O)C(=O)O,ECCAB90A15EA50B3BA1A8CCCDBB6C8593AFCB3BA1B80330A357FAB9DFF332794,GUEST_CAN_0730,PASS,GINE,4,host_cold,4,1.4548602104187012
1272,142,623,[Na]OS(=O)(=O)CCCc1ccc2c3c1CN1C(=O)N4[C@@]5([C@@]1(C)N(Cc3c(cc2)CCCS(=O)(=O)O[Na])C(=O)N5CN1[C@H]2N(C4)C(=O)N3[C@H]2N(C1=O)CN1[C@H]2N(C3)C(=O)N3[C@H]2N(C1=O)CN1[C@]2(N(C3)C(=O)N3[C@]2(N(C1=O)Cc1c2c(C3)c(CCCS(=O)(=O)O[Na])ccc2ccc1CCCS(=O)(=O)O[Na])C)C)C,N[C@@H](CC1=CNC=N1)CO,cucurbituril,3.176100015640259,C[C@]12N3Cc4c(CCCS(=O)(=O)[O][Na])ccc5ccc(CCCS(=O)(=O)[O][Na])c(c45)CN1C(=O)N1CN4C(=O)N5CN6C(=O)N7CN8C(=O)N9Cc%10c(CCCS(=O)(=O)[O][Na])ccc%11ccc(CCCS(=O)(=O)[O][Na])c(c%10%11)CN%10C(=O)N(CN%11C(=O)N(CN%12C(=O)N(CN(C3=O)[C@]12C)[C@@H]4[C@H]%125)[C@@H]6[C@H]%117)[C@]8(C)[C@@]9%10C,830BF403FA9E63AA91A49B5FFFE151ED426E5A39758FD44461918B9242146194,HOST_CAN_0084,PASS,N[C@H](CO)Cc1c[nH]cn1,66A8D08078E34D4F975D097A687A6C6930EC031B303646A1C9833BD3AC6B6174,GUEST_CAN_0821,PASS,GINE,4,host_cold,4,3.3730263710021973
1273,8,780,C1N2C3C4N(C2=O)CN5C6C7N(C5=O)CN8C9C2N(C8=O)CN5C8C%10N(C5=O)CN5C%11C%12N(C5=O)CN5C%13C(N1C5=O)N1CN3C(=O)N4CN6C(=O)N7CN9C(=O)N2CN8C(=O)N%10CN%11C(=O)N%12CN%13C1=O,Cl[Ag],cucurbituril,3.869999885559082,O=C1N2CN3C(=O)N4CN5C(=O)N6CN7C(=O)N8CN9C(=O)N%10CN%11C(=O)N%12CN1C1C2N2CN%13C(=O)N(CN%14C(=O)N(CN%15C(=O)N(CN%16C(=O)N(CN%17C(=O)N(CN1C2=O)C%12C%11%17)C%10C9%16)C8C7%15)C6C5%14)C4C3%13,2526C525F966BEE6CB589BBB60C9F4124C02584847747BDAFF4E92B4462536E8,HOST_CAN_0149,PASS,[Cl][Ag],4A933E184334874789768EEC6D400995440C723058F3A6FFAAB1D8F3A29103E8,GUEST_CAN_1042,PASS,GINE,4,host_cold,4,2.4062867164611816
1280,75,595,CN1[C@H]2[C@@H](N(C1=O)C)N3CN4[C@@H]5[C@@H](N(C(=O)N5C)C)N(C4=O)CN6[C@@H]7[C@@H](N(C(=O)N7C)C)N(C6=O)CN8[C@@H]9[C@@H](N(C(=O)N9C)C)N(C8=O)CN1[C@@H]4[C@@H](N(C(=O)N4C)C)N(C1=O)CN1[C@@H]4[C@@H](N(C(=O)N4C)C)N(C1=O)CN2C3=O,[C-]#N,other,3.770900011062622,CN1C(=O)N(C)[C@@H]2[C@H]1N1CN3C(=O)N(CN4C(=O)N(CN5C(=O)N(CN6C(=O)N(CN7C(=O)N(CN2C1=O)[C@@H]1[C@H]7N(C)C(=O)N1C)[C@@H]1[C@H]6N(C)C(=O)N1C)[C@@H]1[C@H]5N(C)C(=O)N1C)[C@@H]1[C@H]4N(C)C(=O)N1C)[C@@H]1[C@H]3N(C)C(=O)N1C,D6C3F21332661BB9069594818AE00619D2227BBAE869749EDEEAB00A6EE038AA,HOST_CAN_0053,PASS,[C-]#N,AC6249EFC8B3F6811964B42EBF69B47C3B47088F5AF9E5EF3FF8E6057340B76E,GUEST_CAN_1019,PASS,GINE,4,host_cold,4,2.7925734519958496
1281,9,268,[O-]C(=O)COc1ccc2c3c1CNC(=O)c1c(OCC(=O)[O-])ccc4c1ccc1c4C4CC(O1)Oc1c4c4ccc(c(C(=O)NCc5c6c(c7C8c2c(cc3)OC(C8)Oc7cc6)ccc5OCC(=O)[O-])c4cc1)OCC(=O)[O-].[NH4+].[NH4+].[NH4+].[NH4+],CN(C)C=O,other,2.492799997329712,O=C([O-])COc1ccc2c3c4ccc2c1CNC(=O)c1c(OCC(=O)[O-])ccc2c5c(ccc12)OC1CC5c2c(ccc5c(c(OCC(=O)[O-])ccc25)C(=O)NCc2c(OCC(=O)[O-])ccc5c6c(ccc25)OC(CC36)O4)O1.[NH4+].[NH4+].[NH4+].[NH4+],7D3830C6A6E10F82EEBCC3ED68B861BB21ED63B1DDB277580F3032527E5A1183,HOST_CAN_0139,PASS,CN(C)C=O,AEB2E86E450D0FAB9900120C06F6F4A77A774C09AACEA28AA2F6ECFA8650BC7F,GUEST_CAN_0392,PASS,GINE,4,host_cold,4,2.8621883392333984
1283,8,401,C1N2C3C4N(C2=O)CN5C6C7N(C5=O)CN8C9C2N(C8=O)CN5C8C%10N(C5=O)CN5C%11C%12N(C5=O)CN5C%13C(N1C5=O)N1CN3C(=O)N4CN6C(=O)N7CN9C(=O)N2CN8C(=O)N%10CN%11C(=O)N%12CN%13C1=O,[Mg+2].[Cl-].[Cl-],cucurbituril,2.569999933242798,O=C1N2CN3C(=O)N4CN5C(=O)N6CN7C(=O)N8CN9C(=O)N%10CN%11C(=O)N%12CN1C1C2N2CN%13C(=O)N(CN%14C(=O)N(CN%15C(=O)N(CN%16C(=O)N(CN%17C(=O)N(CN1C2=O)C%12C%11%17)C%10C9%16)C8C7%15)C6C5%14)C4C3%13,2526C525F966BEE6CB589BBB60C9F4124C02584847747BDAFF4E92B4462536E8,HOST_CAN_0149,PASS,[Cl-].[Cl-].[Mg+2],B087D688B9146A717BF8B7C99307F8366B8209D8F51C624197BC0C66B921DAF9,GUEST_CAN_1028,PASS,GINE,4,host_cold,4,3.5461745262145996
1292,69,437,NCCN1C=C(N=N1)COC(C=C2)=C(CNCC3=C(OCC(N=N4)=CN4CCN)C=CC5=C3C=C6)C7=C2C8=C(C=C7)OC9CC8C%10=C(O9)C=CC%11=C%10C=CC(OCC(N=N%12)=CN%12CCN)=C%11CNCC%13=C(OCC(N=N%14)=CN%14CCN)C=CC%15=C%13C=CC(O%16)=C%15C%17C5=C6OC%16C%17,OC(C(=O)O)CC1=CC=CC=C1,other,3.6394999027252197,NCCn1cc(COc2ccc3c4c5ccc3c2CNCc2c(OCc3cn(CCN)nn3)ccc3c6c(ccc23)OC2CC6c3c(ccc6c(c(OCc7cn(CCN)nn7)ccc36)CNCc3c(OCc6cn(CCN)nn6)ccc6c7c(ccc36)OC(CC47)O5)O2)nn1,E69AC36986BDADC1E5A61FE9021251B6D5437DB096F231021CE94D055FF4BCBF,HOST_CAN_0113,PASS,O=C(O)C(O)Cc1ccccc1,E9397338BFA2DF2426F5EAFAC89A6A669CCB8C215710730D405A0EAD1E19A161,GUEST_CAN_0859,PASS,GINE,4,host_cold,4,2.129770278930664
1294,8,334,C1N2C3C4N(C2=O)CN5C6C7N(C5=O)CN8C9C2N(C8=O)CN5C8C%10N(C5=O)CN5C%11C%12N(C5=O)CN5C%13C(N1C5=O)N1CN3C(=O)N4CN6C(=O)N7CN9C(=O)N2CN8C(=O)N%10CN%11C(=O)N%12CN%13C1=O,C(CCC(=O)O)CCN,cucurbituril,3.569999933242798,O=C1N2CN3C(=O)N4CN5C(=O)N6CN7C(=O)N8CN9C(=O)N%10CN%11C(=O)N%12CN1C1C2N2CN%13C(=O)N(CN%14C(=O)N(CN%15C(=O)N(CN%16C(=O)N(CN%17C(=O)N(CN1C2=O)C%12C%11%17)C%10C9%16)C8C7%15)C6C5%14)C4C3%13,2526C525F966BEE6CB589BBB60C9F4124C02584847747BDAFF4E92B4462536E8,HOST_CAN_0149,PASS,NCCCCCC(=O)O,556BB6F16F621D91B1DC645383B3B2E4F01F4052B797211787737B4069A13D18,GUEST_CAN_0788,PASS,GINE,4,host_cold,4,4.768557071685791
1300,9,268,[O-]C(=O)COc1ccc2c3c1CNC(=O)c1c(OCC(=O)[O-])ccc4c1ccc1c4C4CC(O1)Oc1c4c4ccc(c(C(=O)NCc5c6c(c7C8c2c(cc3)OC(C8)Oc7cc6)ccc5OCC(=O)[O-])c4cc1)OCC(=O)[O-].[NH4+].[NH4+].[NH4+].[NH4+],CN(C)C=O,other,1.9802000522613525,O=C([O-])COc1ccc2c3c4ccc2c1CNC(=O)c1c(OCC(=O)[O-])ccc2c5c(ccc12)OC1CC5c2c(ccc5c(c(OCC(=O)[O-])ccc25)C(=O)NCc2c(OCC(=O)[O-])ccc5c6c(ccc25)OC(CC36)O4)O1.[NH4+].[NH4+].[NH4+].[NH4+],7D3830C6A6E10F82EEBCC3ED68B861BB21ED63B1DDB277580F3032527E5A1183,HOST_CAN_0139,PASS,CN(C)C=O,AEB2E86E450D0FAB9900120C06F6F4A77A774C09AACEA28AA2F6ECFA8650BC7F,GUEST_CAN_0392,PASS,GINE,4,host_cold,4,2.8621883392333984
1304,69,600,NCCN1C=C(N=N1)COC(C=C2)=C(CNCC3=C(OCC(N=N4)=CN4CCN)C=CC5=C3C=C6)C7=C2C8=C(C=C7)OC9CC8C%10=C(O9)C=CC%11=C%10C=CC(OCC(N=N%12)=CN%12CCN)=C%11CNCC%13=C(OCC(N=N%14)=CN%14CCN)C=CC%15=C%13C=CC(O%16)=C%15C%17C5=C6OC%16C%17,COC(=O)CC1=CC=CC=C1,other,3.023099899291992,NCCn1cc(COc2ccc3c4c5ccc3c2CNCc2c(OCc3cn(CCN)nn3)ccc3c6c(ccc23)OC2CC6c3c(ccc6c(c(OCc7cn(CCN)nn7)ccc36)CNCc3c(OCc6cn(CCN)nn6)ccc6c7c(ccc36)OC(CC47)O5)O2)nn1,E69AC36986BDADC1E5A61FE9021251B6D5437DB096F231021CE94D055FF4BCBF,HOST_CAN_0113,PASS,COC(=O)Cc1ccccc1,D5FAAFE22A9B19EEF4EAB868DCBDC5B6F48F04FF6D709FEF880F0183722C8BC7,GUEST_CAN_0445,PASS,GINE,4,host_cold,4,2.141481399536133
1309,8,789,C1N2C3C4N(C2=O)CN5C6C7N(C5=O)CN8C9C2N(C8=O)CN5C8C%10N(C5=O)CN5C%11C%12N(C5=O)CN5C%13C(N1C5=O)N1CN3C(=O)N4CN6C(=O)N7CN9C(=O)N2CN8C(=O)N%10CN%11C(=O)N%12CN%13C1=O,NCCCCO,cucurbituril,3.3399999141693115,O=C1N2CN3C(=O)N4CN5C(=O)N6CN7C(=O)N8CN9C(=O)N%10CN%11C(=O)N%12CN1C1C2N2CN%13C(=O)N(CN%14C(=O)N(CN%15C(=O)N(CN%16C(=O)N(CN%17C(=O)N(CN1C2=O)C%12C%11%17)C%10C9%16)C8C7%15)C6C5%14)C4C3%13,2526C525F966BEE6CB589BBB60C9F4124C02584847747BDAFF4E92B4462536E8,HOST_CAN_0149,PASS,NCCCCO,F2DAD89BD07EF15D4C26B4DC3690077AE6B354201C607B101ED4867ACC189657,GUEST_CAN_0798,PASS,GINE,4,host_cold,4,5.25543737411499
1311,8,790,C1N2C3C4N(C2=O)CN5C6C7N(C5=O)CN8C9C2N(C8=O)CN5C8C%10N(C5=O)CN5C%11C%12N(C5=O)CN5C%13C(N1C5=O)N1CN3C(=O)N4CN6C(=O)N7CN9C(=O)N2CN8C(=O)N%10CN%11C(=O)N%12CN%13C1=O,CCCC[NH2+]C12C[C@@H]3C[C@H](C2)C[C@H](C1)C3,cucurbituril,7.301000118255615,O=C1N2CN3C(=O)N4CN5C(=O)N6CN7C(=O)N8CN9C(=O)N%10CN%11C(=O)N%12CN1C1C2N2CN%13C(=O)N(CN%14C(=O)N(CN%15C(=O)N(CN%16C(=O)N(CN%17C(=O)N(CN1C2=O)C%12C%11%17)C%10C9%16)C8C7%15)C6C5%14)C4C3%13,2526C525F966BEE6CB589BBB60C9F4124C02584847747BDAFF4E92B4462536E8,HOST_CAN_0149,PASS,CCCC[NH2+]C12C[C@H]3C[C@@H](C1)C[C@@H](C2)C3,751AB369038D9A78C1ECF8AE2F3078D180823375E6122907A2B62992E93767E6,GUEST_CAN_0320,PASS,GINE,4,host_cold,4,11.598382949829102
1314,133,56,OC1=C(CC2=CC(S(=O)([O-])=O)=CC(CC3=CC(S(=O)([O-])=O)=CC(CC4=CC(S(=O)([O-])=O)=CC(CC5=CC(S(=O)([O-])=O)=CC6=C5OCC(O)=O)=C4O)=C3O)=C2O)C=C(S(=O)([O-])=O)C=C1CC7=C(O)C(CC8=C(O)C(CC9=C(O)C(C6)=CC(S(=O)([O-])=O)=C9)=CC(S(=O)([O-])=O)=C8)=CC(S(=O)([O-])=O)=C7,CCCC(C(=O)O)N,calixarene,2.037400007247925,O=C(O)COc1c2cc(S(=O)(=O)[O-])cc1Cc1cc(S(=O)(=O)[O-])cc(c1O)Cc1cc(S(=O)(=O)[O-])cc(c1O)Cc1cc(S(=O)(=O)[O-])cc(c1O)Cc1cc(S(=O)(=O)[O-])cc(c1O)Cc1cc(S(=O)(=O)[O-])cc(c1O)Cc1cc(S(=O)(=O)[O-])cc(c1O)Cc1cc(S(=O)(=O)[O-])cc(c1O)C2,035C2443DCD42EB5D85B11E9A688FB2E331A4D0CA7EB7848E0D32F221FD3DC33,HOST_CAN_0130,PASS,CCCC(N)C(=O)O,81F3215F9F46874A7436620E7AD92167936CF997FB3F203D4397A018C4B56861,GUEST_CAN_0268,PASS,GINE,4,host_cold,4,2.4276697635650635
1330,8,194,C1N2C3C4N(C2=O)CN5C6C7N(C5=O)CN8C9C2N(C8=O)CN5C8C%10N(C5=O)CN5C%11C%12N(C5=O)CN5C%13C(N1C5=O)N1CN3C(=O)N4CN6C(=O)N7CN9C(=O)N2CN8C(=O)N%10CN%11C(=O)N%12CN%13C1=O,Cl[Zn]Cl,cucurbituril,2.450000047683716,O=C1N2CN3C(=O)N4CN5C(=O)N6CN7C(=O)N8CN9C(=O)N%10CN%11C(=O)N%12CN1C1C2N2CN%13C(=O)N(CN%14C(=O)N(CN%15C(=O)N(CN%16C(=O)N(CN%17C(=O)N(CN1C2=O)C%12C%11%17)C%10C9%16)C8C7%15)C6C5%14)C4C3%13,2526C525F966BEE6CB589BBB60C9F4124C02584847747BDAFF4E92B4462536E8,HOST_CAN_0149,PASS,[Cl][Zn][Cl],6A8AD3DAA1DBDC5CB0F702A0B5F6AF6B7DDA33ABD3528D978075E07386946AD4,GUEST_CAN_1049,PASS,GINE,4,host_cold,4,3.158036470413208
1336,9,468,[O-]C(=O)COc1ccc2c3c1CNC(=O)c1c(OCC(=O)[O-])ccc4c1ccc1c4C4CC(O1)Oc1c4c4ccc(c(C(=O)NCc5c6c(c7C8c2c(cc3)OC(C8)Oc7cc6)ccc5OCC(=O)[O-])c4cc1)OCC(=O)[O-].[NH4+].[NH4+].[NH4+].[NH4+],CCOC(=O)C,other,3.529400110244751,O=C([O-])COc1ccc2c3c4ccc2c1CNC(=O)c1c(OCC(=O)[O-])ccc2c5c(ccc12)OC1CC5c2c(ccc5c(c(OCC(=O)[O-])ccc25)C(=O)NCc2c(OCC(=O)[O-])ccc5c6c(ccc25)OC(CC36)O4)O1.[NH4+].[NH4+].[NH4+].[NH4+],7D3830C6A6E10F82EEBCC3ED68B861BB21ED63B1DDB277580F3032527E5A1183,HOST_CAN_0139,PASS,CCOC(C)=O,AA776D017A7413EAA98D958836BF2321D599C41772392950B900F195A10B0042,GUEST_CAN_0364,PASS,GINE,4,host_cold,4,2.492219924926758
1339,9,800,[O-]C(=O)COc1ccc2c3c1CNC(=O)c1c(OCC(=O)[O-])ccc4c1ccc1c4C4CC(O1)Oc1c4c4ccc(c(C(=O)NCc5c6c(c7C8c2c(cc3)OC(C8)Oc7cc6)ccc5OCC(=O)[O-])c4cc1)OCC(=O)[O-].[NH4+].[NH4+].[NH4+].[NH4+],C1CCC(=O)CC1,other,0.7781999707221985,O=C([O-])COc1ccc2c3c4ccc2c1CNC(=O)c1c(OCC(=O)[O-])ccc2c5c(ccc12)OC1CC5c2c(ccc5c(c(OCC(=O)[O-])ccc25)C(=O)NCc2c(OCC(=O)[O-])ccc5c6c(ccc25)OC(CC36)O4)O1.[NH4+].[NH4+].[NH4+].[NH4+],7D3830C6A6E10F82EEBCC3ED68B861BB21ED63B1DDB277580F3032527E5A1183,HOST_CAN_0139,PASS,O=C1CCCCC1,28ED7F4ABC3F360949BEF088C4AFA4A77B693EB3C89E315AEDB1AFD64C9CEB92,GUEST_CAN_0919,PASS,GINE,4,host_cold,4,4.184368133544922
1340,8,503,C1N2C3C4N(C2=O)CN5C6C7N(C5=O)CN8C9C2N(C8=O)CN5C8C%10N(C5=O)CN5C%11C%12N(C5=O)CN5C%13C(N1C5=O)N1CN3C(=O)N4CN6C(=O)N7CN9C(=O)N2CN8C(=O)N%10CN%11C(=O)N%12CN%13C1=O,Cl[Cu]Cl,cucurbituril,2.880000114440918,O=C1N2CN3C(=O)N4CN5C(=O)N6CN7C(=O)N8CN9C(=O)N%10CN%11C(=O)N%12CN1C1C2N2CN%13C(=O)N(CN%14C(=O)N(CN%15C(=O)N(CN%16C(=O)N(CN%17C(=O)N(CN1C2=O)C%12C%11%17)C%10C9%16)C8C7%15)C6C5%14)C4C3%13,2526C525F966BEE6CB589BBB60C9F4124C02584847747BDAFF4E92B4462536E8,HOST_CAN_0149,PASS,[Cl][Cu][Cl],B6FEE526F8BD85529A9B50FCC3E83B95BF1E23A7154A31438738FA32E0619093,GUEST_CAN_1044,PASS,GINE,4,host_cold,4,2.657896041870117
1343,8,801,C1N2C3C4N(C2=O)CN5C6C7N(C5=O)CN8C9C2N(C8=O)CN5C8C%10N(C5=O)CN5C%11C%12N(C5=O)CN5C%13C(N1C5=O)N1CN3C(=O)N4CN6C(=O)N7CN9C(=O)N2CN8C(=O)N%10CN%11C(=O)N%12CN%13C1=O,CCC,cucurbituril,5.204100131988525,O=C1N2CN3C(=O)N4CN5C(=O)N6CN7C(=O)N8CN9C(=O)N%10CN%11C(=O)N%12CN1C1C2N2CN%13C(=O)N(CN%14C(=O)N(CN%15C(=O)N(CN%16C(=O)N(CN%17C(=O)N(CN1C2=O)C%12C%11%17)C%10C9%16)C8C7%15)C6C5%14)C4C3%13,2526C525F966BEE6CB589BBB60C9F4124C02584847747BDAFF4E92B4462536E8,HOST_CAN_0149,PASS,CCC,8C55FF95A660F37CB05E644E7691E6C66593F453CB2CBAA4D64AA59B40AE8032,GUEST_CAN_0247,PASS,GINE,4,host_cold,4,3.8705923557281494
1345,56,193,CC(COCC1C2C(C(C(O1)OC3C(OC(C(C3O)O)OC4C(OC(C(C4O)O)OC5C(OC(C(C5O)O)OC6C(OC(C(C6O)O)OC7C(OC(C(C7O)O)OC8C(OC(O2)C(C8O)O)COCC(C)O)COCC(C)O)COCC(C)O)COCC(C)O)COCC(C)O)COCC(C)O)O)O)O,O=C(OCCCC)C1=CC=CC=C1C(C2=CC=C(N(CC)CC)C=C2O3)=C(C=C/4)C3=CC4=[N+](CC)\CC,cyclodextrin,2.887500047683716,CC(O)COCC1OC2OC3C(COCC(C)O)OC(OC4C(COCC(C)O)OC(OC5C(COCC(C)O)OC(OC6C(COCC(C)O)OC(OC7C(COCC(C)O)OC(OC8C(COCC(C)O)OC(OC1C(O)C2O)C(O)C8O)C(O)C7O)C(O)C6O)C(O)C5O)C(O)C4O)C(O)C3O,230541427DC92F12743008B2626A57F6159DF410C224BE8F505DFF020C17F26C,HOST_CAN_0012,PASS,CCCCOC(=O)c1ccccc1-c1c2ccc(=[N+](CC)CC)cc-2oc2cc(N(CC)CC)ccc12,6ABF93E22B781100842BF1EFD6E3AD46FB805AD371C665171C9FD4F38F91728F,GUEST_CAN_0313,PASS,GINE,4,host_cold,4,2.643308162689209
1346,8,802,C1N2C3C4N(C2=O)CN5C6C7N(C5=O)CN8C9C2N(C8=O)CN5C8C%10N(C5=O)CN5C%11C%12N(C5=O)CN5C%13C(N1C5=O)N1CN3C(=O)N4CN6C(=O)N7CN9C(=O)N2CN8C(=O)N%10CN%11C(=O)N%12CN%13C1=O,CC(CC[NH3+])C,cucurbituril,4.552700042724609,O=C1N2CN3C(=O)N4CN5C(=O)N6CN7C(=O)N8CN9C(=O)N%10CN%11C(=O)N%12CN1C1C2N2CN%13C(=O)N(CN%14C(=O)N(CN%15C(=O)N(CN%16C(=O)N(CN%17C(=O)N(CN1C2=O)C%12C%11%17)C%10C9%16)C8C7%15)C6C5%14)C4C3%13,2526C525F966BEE6CB589BBB60C9F4124C02584847747BDAFF4E92B4462536E8,HOST_CAN_0149,PASS,CC(C)CC[NH3+],65D133CCEB198C12DBC71733068E3809B4855807228DC3B63012E40A8B51BBFE,GUEST_CAN_0147,PASS,GINE,4,host_cold,4,6.361186981201172
1350,8,335,C1N2C3C4N(C2=O)CN5C6C7N(C5=O)CN8C9C2N(C8=O)CN5C8C%10N(C5=O)CN5C%11C%12N(C5=O)CN5C%13C(N1C5=O)N1CN3C(=O)N4CN6C(=O)N7CN9C(=O)N2CN8C(=O)N%10CN%11C(=O)N%12CN%13C1=O,[Li+].[Cl-],cucurbituril,2.4100000858306885,O=C1N2CN3C(=O)N4CN5C(=O)N6CN7C(=O)N8CN9C(=O)N%10CN%11C(=O)N%12CN1C1C2N2CN%13C(=O)N(CN%14C(=O)N(CN%15C(=O)N(CN%16C(=O)N(CN%17C(=O)N(CN1C2=O)C%12C%11%17)C%10C9%16)C8C7%15)C6C5%14)C4C3%13,2526C525F966BEE6CB589BBB60C9F4124C02584847747BDAFF4E92B4462536E8,HOST_CAN_0149,PASS,[Cl-].[Li+],9C20D725F6CDEBC3F46058296145BF8B00A1AB9C8A5165AC9523DEBA6449DA18,GUEST_CAN_1036,PASS,GINE,4,host_cold,4,2.625441551208496
1351,67,39,COCCOCCOCCN1C2C(N(C1=O)CCOCCOCCOC)N1C(=O)N2CN2C(=O)N(C3C2N(CCOCCOCCOC)C(=O)N3CCOCCOCCOC)CN2C(=O)N(C3C2N(CCOCCOCCOC)C(=O)N3CCOCCOCCOC)CN2C(=O)N(CN3C(=O)N(CN4C(=O)N(C1)C1C4N(C(=O)N1CCOCCOCCOC)CCOCCOCCOC)C1C3N(C(=O)N1CCOCCOCCOC)CCOCCOCCOC)C1C2N(CCOCCOCCOC)C(=O)N1CCOCCOCCOC,[Na+].[I-],other,7.505099773406982,COCCOCCOCCN1C(=O)N(CCOCCOCCOC)C2C1N1CN3C(=O)N(CN4C(=O)N(CN5C(=O)N(CN6C(=O)N(CN7C(=O)N(CN2C1=O)C1C7N(CCOCCOCCOC)C(=O)N1CCOCCOCCOC)C1C6N(CCOCCOCCOC)C(=O)N1CCOCCOCCOC)C1C5N(CCOCCOCCOC)C(=O)N1CCOCCOCCOC)C1C4N(CCOCCOCCOC)C(=O)N1CCOCCOCCOC)C1C3N(CCOCCOCCOC)C(=O)N1CCOCCOCCOC,62192EF92C15D4B199D2DAB70679D4FE4B9DB65514F9B760A1D77C13905222B6,HOST_CAN_0056,PASS,[I-].[Na+],73311483F334B57118E8BB4B950F1319B23923E3B04C12FF7EFEBC24A7D3AF4B,GUEST_CAN_1064,PASS,GINE,4,host_cold,4,2.584658622741699
1356,8,497,C1N2C3C4N(C2=O)CN5C6C7N(C5=O)CN8C9C2N(C8=O)CN5C8C%10N(C5=O)CN5C%11C%12N(C5=O)CN5C%13C(N1C5=O)N1CN3C(=O)N4CN6C(=O)N7CN9C(=O)N2CN8C(=O)N%10CN%11C(=O)N%12CN%13C1=O,C1CC2CC1N=N2,cucurbituril,3.1138999462127686,O=C1N2CN3C(=O)N4CN5C(=O)N6CN7C(=O)N8CN9C(=O)N%10CN%11C(=O)N%12CN1C1C2N2CN%13C(=O)N(CN%14C(=O)N(CN%15C(=O)N(CN%16C(=O)N(CN%17C(=O)N(CN1C2=O)C%12C%11%17)C%10C9%16)C8C7%15)C6C5%14)C4C3%13,2526C525F966BEE6CB589BBB60C9F4124C02584847747BDAFF4E92B4462536E8,HOST_CAN_0149,PASS,C1CC2CC1N=N2,A2496E9CCE3928D5E2403BB21D4F1D008596E587754FBC1A3268F4A4C1D0C131,GUEST_CAN_0020,PASS,GINE,4,host_cold,4,5.215982913970947
1357,85,187,OC[C@H]1O[C@@H]2O[C@@H]3[C@@H](CO)O[C@H](O[C@@H]4[C@@H](CO)O[C@H](O[C@@H]5[C@@H](CO)O[C@H](O[C@@H]6[C@@H](CO)O[C@H](O[C@@H]7[C@@H](CO)O[C@H](O[C@@H]8[C@@H](CO)O[C@H](O[C@@H]9[C@@H](CO)O[C@H](O[C@H]1[C@H](O)[C@H]2O)[C@H](O)[C@H]9O)[C@H](O)[C@H]8O)[C@H](O)[C@H]7O)[C@H](O)[C@H]6O)[C@H](O)[C@H]5O)[C@H](O)[C@H]4O)[C@H](O)[C@H]3O,CCC(C)C(C1=CC=CC=C1)C(=O)OCC[N+](C)(CC)CC.[Br-],cyclodextrin,2.401400089263916,OC[C@H]1O[C@@H]2O[C@H]3[C@H](O)[C@@H](O)[C@@H](O[C@H]4[C@H](O)[C@@H](O)[C@@H](O[C@H]5[C@H](O)[C@@H](O)[C@@H](O[C@H]6[C@H](O)[C@@H](O)[C@@H](O[C@H]7[C@H](O)[C@@H](O)[C@@H](O[C@H]8[C@H](O)[C@@H](O)[C@@H](O[C@H]9[C@H](O)[C@@H](O)[C@@H](O[C@H]1[C@H](O)[C@H]2O)O[C@@H]9CO)O[C@@H]8CO)O[C@@H]7CO)O[C@@H]6CO)O[C@@H]5CO)O[C@@H]4CO)O[C@@H]3CO,4E4982FCAA8A96CE9D40EDC97C9574B542F86F2BEB463ECAA6DCE3670D2F9B83,HOST_CAN_0177,PASS,CCC(C)C(C(=O)OCC[N+](C)(CC)CC)c1ccccc1.[Br-],F14832804F3AFFF114BFCBD52BEFB4558702666E47D58676E968FE363E66A6E0,GUEST_CAN_0258,PASS,GINE,4,host_cold,4,2.4235148429870605
1359,52,57,OC(=O)COc1c2Cc3cc(cc(c3O)Cc3cc(cc(c3O)Cc3cc(cc(Cc4c(c(Cc5c(c(Cc1cc(c2)S(=O)(=O)O)cc(c5)S(=O)(=O)O)O)cc(c4)S(=O)(=O)O)O)c3O)S(=O)(=O)O)S(=O)(=O)O)S(=O)(=O)O,OC(=O)C1CCCN1,calixarene,1.8194999694824219,O=C(O)COc1c2cc(S(=O)(=O)O)cc1Cc1cc(S(=O)(=O)O)cc(c1O)Cc1cc(S(=O)(=O)O)cc(c1O)Cc1cc(S(=O)(=O)O)cc(c1O)Cc1cc(S(=O)(=O)O)cc(c1O)Cc1cc(S(=O)(=O)O)cc(c1O)C2,89AB142F8D041F89710D49168CBEF0FA0D792576B82031818BFF7C2DE5D92117,HOST_CAN_0127,PASS,O=C(O)C1CCCN1,089AB51F23001BB951B8422598AD8ED1DBAD90EB1049857FB2A03F150DA120BA,GUEST_CAN_0869,PASS,GINE,4,host_cold,4,2.600153684616089
1365,69,810,NCCN1C=C(N=N1)COC(C=C2)=C(CNCC3=C(OCC(N=N4)=CN4CCN)C=CC5=C3C=C6)C7=C2C8=C(C=C7)OC9CC8C%10=C(O9)C=CC%11=C%10C=CC(OCC(N=N%12)=CN%12CCN)=C%11CNCC%13=C(OCC(N=N%14)=CN%14CCN)C=CC%15=C%13C=CC(O%16)=C%15C%17C5=C6OC%16C%17,C1=CC=C(C=C1)C(C(=O)O)N,other,1.9911999702453613,NCCn1cc(COc2ccc3c4c5ccc3c2CNCc2c(OCc3cn(CCN)nn3)ccc3c6c(ccc23)OC2CC6c3c(ccc6c(c(OCc7cn(CCN)nn7)ccc36)CNCc3c(OCc6cn(CCN)nn6)ccc6c7c(ccc36)OC(CC47)O5)O2)nn1,E69AC36986BDADC1E5A61FE9021251B6D5437DB096F231021CE94D055FF4BCBF,HOST_CAN_0113,PASS,NC(C(=O)O)c1ccccc1,E1EE48BC2F1341B9FB8D634CA81F93D4C0432CFDD613C9AB5049A2DEEE2D8D8B,GUEST_CAN_0728,PASS,GINE,4,host_cold,4,2.2064661979675293
1368,69,637,NCCN1C=C(N=N1)COC(C=C2)=C(CNCC3=C(OCC(N=N4)=CN4CCN)C=CC5=C3C=C6)C7=C2C8=C(C=C7)OC9CC8C%10=C(O9)C=CC%11=C%10C=CC(OCC(N=N%12)=CN%12CCN)=C%11CNCC%13=C(OCC(N=N%14)=CN%14CCN)C=CC%15=C%13C=CC(O%16)=C%15C%17C5=C6OC%16C%17,C(C)(=O)NC(C(=O)O)C1=CC=CC=C1,other,3.5185000896453857,NCCn1cc(COc2ccc3c4c5ccc3c2CNCc2c(OCc3cn(CCN)nn3)ccc3c6c(ccc23)OC2CC6c3c(ccc6c(c(OCc7cn(CCN)nn7)ccc36)CNCc3c(OCc6cn(CCN)nn6)ccc6c7c(ccc36)OC(CC47)O5)O2)nn1,E69AC36986BDADC1E5A61FE9021251B6D5437DB096F231021CE94D055FF4BCBF,HOST_CAN_0113,PASS,CC(=O)NC(C(=O)O)c1ccccc1,76E13337757DBE3879D6A633FF092F28738489FA30EEEA0A5FAAF2E292B16ABC,GUEST_CAN_0065,PASS,GINE,4,host_cold,4,2.5124924182891846
1373,8,812,C1N2C3C4N(C2=O)CN5C6C7N(C5=O)CN8C9C2N(C8=O)CN5C8C%10N(C5=O)CN5C%11C%12N(C5=O)CN5C%13C(N1C5=O)N1CN3C(=O)N4CN6C(=O)N7CN9C(=O)N2CN8C(=O)N%10CN%11C(=O)N%12CN%13C1=O,C(CCN)CC(=O)O,cucurbituril,3.589900016784668,O=C1N2CN3C(=O)N4CN5C(=O)N6CN7C(=O)N8CN9C(=O)N%10CN%11C(=O)N%12CN1C1C2N2CN%13C(=O)N(CN%14C(=O)N(CN%15C(=O)N(CN%16C(=O)N(CN%17C(=O)N(CN1C2=O)C%12C%11%17)C%10C9%16)C8C7%15)C6C5%14)C4C3%13,2526C525F966BEE6CB589BBB60C9F4124C02584847747BDAFF4E92B4462536E8,HOST_CAN_0149,PASS,NCCCCC(=O)O,D3B18B36DA19CCF34214B3D5B3675875C53AE8732F06567E13EEA6C3BFA66765,GUEST_CAN_0781,PASS,GINE,4,host_cold,4,4.346612453460693
1380,8,115,C1N2C3C4N(C2=O)CN5C6C7N(C5=O)CN8C9C2N(C8=O)CN5C8C%10N(C5=O)CN5C%11C%12N(C5=O)CN5C%13C(N1C5=O)N1CN3C(=O)N4CN6C(=O)N7CN9C(=O)N2CN8C(=O)N%10CN%11C(=O)N%12CN%13C1=O,[K+],cucurbituril,2.7899999618530273,O=C1N2CN3C(=O)N4CN5C(=O)N6CN7C(=O)N8CN9C(=O)N%10CN%11C(=O)N%12CN1C1C2N2CN%13C(=O)N(CN%14C(=O)N(CN%15C(=O)N(CN%16C(=O)N(CN%17C(=O)N(CN1C2=O)C%12C%11%17)C%10C9%16)C8C7%15)C6C5%14)C4C3%13,2526C525F966BEE6CB589BBB60C9F4124C02584847747BDAFF4E92B4462536E8,HOST_CAN_0149,PASS,[K+],E83A78F45A613BB8008932667E03FF097984CF2701657EB6EA0AB517A34DEC0B,GUEST_CAN_1068,PASS,GINE,4,host_cold,4,1.966132640838623
1390,9,545,[O-]C(=O)COc1ccc2c3c1CNC(=O)c1c(OCC(=O)[O-])ccc4c1ccc1c4C4CC(O1)Oc1c4c4ccc(c(C(=O)NCc5c6c(c7C8c2c(cc3)OC(C8)Oc7cc6)ccc5OCC(=O)[O-])c4cc1)OCC(=O)[O-].[NH4+].[NH4+].[NH4+].[NH4+],C1COC1,other,2.4856998920440674,O=C([O-])COc1ccc2c3c4ccc2c1CNC(=O)c1c(OCC(=O)[O-])ccc2c5c(ccc12)OC1CC5c2c(ccc5c(c(OCC(=O)[O-])ccc25)C(=O)NCc2c(OCC(=O)[O-])ccc5c6c(ccc25)OC(CC36)O4)O1.[NH4+].[NH4+].[NH4+].[NH4+],7D3830C6A6E10F82EEBCC3ED68B861BB21ED63B1DDB277580F3032527E5A1183,HOST_CAN_0139,PASS,C1COC1,C87B7A7A34ED4CBE76FDF5D686528693E005FC0C0FF659CE71CE50DC277F1047,GUEST_CAN_0036,PASS,GINE,4,host_cold,4,3.752669095993042
1394,9,822,[O-]C(=O)COc1ccc2c3c1CNC(=O)c1c(OCC(=O)[O-])ccc4c1ccc1c4C4CC(O1)Oc1c4c4ccc(c(C(=O)NCc5c6c(c7C8c2c(cc3)OC(C8)Oc7cc6)ccc5OCC(=O)[O-])c4cc1)OCC(=O)[O-].[NH4+].[NH4+].[NH4+].[NH4+],O1C=NC=C1,other,2.1238999366760254,O=C([O-])COc1ccc2c3c4ccc2c1CNC(=O)c1c(OCC(=O)[O-])ccc2c5c(ccc12)OC1CC5c2c(ccc5c(c(OCC(=O)[O-])ccc25)C(=O)NCc2c(OCC(=O)[O-])ccc5c6c(ccc25)OC(CC36)O4)O1.[NH4+].[NH4+].[NH4+].[NH4+],7D3830C6A6E10F82EEBCC3ED68B861BB21ED63B1DDB277580F3032527E5A1183,HOST_CAN_0139,PASS,c1cocn1,7612215CFBC3EDEB7247928EB75F0E714FA4C90FAD6E501EB18D755F5D310C13,GUEST_CAN_1151,PASS,GINE,4,host_cold,4,3.229526996612549
1395,8,687,C1N2C3C4N(C2=O)CN5C6C7N(C5=O)CN8C9C2N(C8=O)CN5C8C%10N(C5=O)CN5C%11C%12N(C5=O)CN5C%13C(N1C5=O)N1CN3C(=O)N4CN6C(=O)N7CN9C(=O)N2CN8C(=O)N%10CN%11C(=O)N%12CN%13C1=O,NCCC(=O)O,cucurbituril,3.369999885559082,O=C1N2CN3C(=O)N4CN5C(=O)N6CN7C(=O)N8CN9C(=O)N%10CN%11C(=O)N%12CN1C1C2N2CN%13C(=O)N(CN%14C(=O)N(CN%15C(=O)N(CN%16C(=O)N(CN%17C(=O)N(CN1C2=O)C%12C%11%17)C%10C9%16)C8C7%15)C6C5%14)C4C3%13,2526C525F966BEE6CB589BBB60C9F4124C02584847747BDAFF4E92B4462536E8,HOST_CAN_0149,PASS,NCCC(=O)O,EBFC15AA53F03823F579A69DF53E93F7360864D03CD8771DB2628AC4F982B3B4,GUEST_CAN_0778,PASS,GINE,4,host_cold,4,3.1591835021972656
1396,8,823,C1N2C3C4N(C2=O)CN5C6C7N(C5=O)CN8C9C2N(C8=O)CN5C8C%10N(C5=O)CN5C%11C%12N(C5=O)CN5C%13C(N1C5=O)N1CN3C(=O)N4CN6C(=O)N7CN9C(=O)N2CN8C(=O)N%10CN%11C(=O)N%12CN%13C1=O,[NH3+]CC1CCCC1,cucurbituril,5.7322001457214355,O=C1N2CN3C(=O)N4CN5C(=O)N6CN7C(=O)N8CN9C(=O)N%10CN%11C(=O)N%12CN1C1C2N2CN%13C(=O)N(CN%14C(=O)N(CN%15C(=O)N(CN%16C(=O)N(CN%17C(=O)N(CN1C2=O)C%12C%11%17)C%10C9%16)C8C7%15)C6C5%14)C4C3%13,2526C525F966BEE6CB589BBB60C9F4124C02584847747BDAFF4E92B4462536E8,HOST_CAN_0149,PASS,[NH3+]CC1CCCC1,E36AC5FCD3144701EC448A9F443D4A33D5DA83D074352588CC57340CD02C71CC,GUEST_CAN_1078,PASS,GINE,4,host_cold,4,8.306403160095215
1397,69,267,NCCN1C=C(N=N1)COC(C=C2)=C(CNCC3=C(OCC(N=N4)=CN4CCN)C=CC5=C3C=C6)C7=C2C8=C(C=C7)OC9CC8C%10=C(O9)C=CC%11=C%10C=CC(OCC(N=N%12)=CN%12CCN)=C%11CNCC%13=C(OCC(N=N%14)=CN%14CCN)C=CC%15=C%13C=CC(O%16)=C%15C%17C5=C6OC%16C%17,C1=CC=C(C=C1)CC(=O)O,other,4.725599765777588,NCCn1cc(COc2ccc3c4c5ccc3c2CNCc2c(OCc3cn(CCN)nn3)ccc3c6c(ccc23)OC2CC6c3c(ccc6c(c(OCc7cn(CCN)nn7)ccc36)CNCc3c(OCc6cn(CCN)nn6)ccc6c7c(ccc36)OC(CC47)O5)O2)nn1,E69AC36986BDADC1E5A61FE9021251B6D5437DB096F231021CE94D055FF4BCBF,HOST_CAN_0113,PASS,O=C(O)Cc1ccccc1,CDC327033EEEA935CE7B18A021AC4EEC8A15F4B61C90D20EF1DA9875BA8FC256,GUEST_CAN_0880,PASS,GINE,4,host_cold,4,2.022575855255127
1402,8,826,C1N2C3C4N(C2=O)CN5C6C7N(C5=O)CN8C9C2N(C8=O)CN5C8C%10N(C5=O)CN5C%11C%12N(C5=O)CN5C%13C(N1C5=O)N1CN3C(=O)N4CN6C(=O)N7CN9C(=O)N2CN8C(=O)N%10CN%11C(=O)N%12CN%13C1=O,NCC(=O)N[C@@H](CC(N)=O)C(=O)O,cucurbituril,2.819999933242798,O=C1N2CN3C(=O)N4CN5C(=O)N6CN7C(=O)N8CN9C(=O)N%10CN%11C(=O)N%12CN1C1C2N2CN%13C(=O)N(CN%14C(=O)N(CN%15C(=O)N(CN%16C(=O)N(CN%17C(=O)N(CN1C2=O)C%12C%11%17)C%10C9%16)C8C7%15)C6C5%14)C4C3%13,2526C525F966BEE6CB589BBB60C9F4124C02584847747BDAFF4E92B4462536E8,HOST_CAN_0149,PASS,NCC(=O)N[C@@H](CC(N)=O)C(=O)O,AAC36D831EEBCACECC7399B8DAFF6F66E8658BF3EF09FB3EEA1A8331414FA63E,GUEST_CAN_0771,PASS,GINE,4,host_cold,4,4.102068901062012
1412,72,833,O=C1N2CN3C(=O)N4C5C3N3CN6C2C2N1CN1C(=O)N7C8C1N(CN2C6=O)C(=O)N8CN1C2N(C7)C(=O)N6C2N(C1=O)CN1C2N(C6)C(=O)N6CN7C(=O)N(C4CCc4ccccc4)C4N(CN5C3=O)C(=O)N(C74)CN(C26)C1=O,[Cl-].C(CCCC[NH3+])[NH3+].[Cl-],cucurbituril,8.2923002243042,O=C1N2CN3C(=O)N4CN5C(=O)N6CN7C(=O)N8CN9C(=O)N%10CN%11C(=O)N%12CN1C1C2N2CN%13C(=O)N(CN%14C(=O)N(CN%15C(=O)N(C8C7%15)C(CCc7ccccc7)N7C(=O)N(CN8C(=O)N(CN1C2=O)C%12C%118)C%10C97)C6C5%14)C4C3%13,36560286898506CAA57C8D987F07AFAC12E98F8C83DA8997C6DC1417F3238164,HOST_CAN_0148,PASS,[Cl-].[Cl-].[NH3+]CCCCC[NH3+],C428F1A68B0233EF715F9D963B29C705D21CC569D8093594EA4D5641446DAD7A,GUEST_CAN_1030,PASS,GINE,4,host_cold,4,5.686907768249512
1415,69,158,NCCN1C=C(N=N1)COC(C=C2)=C(CNCC3=C(OCC(N=N4)=CN4CCN)C=CC5=C3C=C6)C7=C2C8=C(C=C7)OC9CC8C%10=C(O9)C=CC%11=C%10C=CC(OCC(N=N%12)=CN%12CCN)=C%11CNCC%13=C(OCC(N=N%14)=CN%14CCN)C=CC%15=C%13C=CC(O%16)=C%15C%17C5=C6OC%16C%17,C1=CC=C(C=C1)C(=O)O,other,2.949399948120117,NCCn1cc(COc2ccc3c4c5ccc3c2CNCc2c(OCc3cn(CCN)nn3)ccc3c6c(ccc23)OC2CC6c3c(ccc6c(c(OCc7cn(CCN)nn7)ccc36)CNCc3c(OCc6cn(CCN)nn6)ccc6c7c(ccc36)OC(CC47)O5)O2)nn1,E69AC36986BDADC1E5A61FE9021251B6D5437DB096F231021CE94D055FF4BCBF,HOST_CAN_0113,PASS,O=C(O)c1ccccc1,FB7121A404676CF43E907EAABFB098AF18557AB9D043E43ECEF0481B99D8D8F1,GUEST_CAN_0890,PASS,GINE,4,host_cold,4,2.189608573913574
1416,115,523,C(CCC)C1=C(C(OC2=CC(=CC=C12)N(CC)CC)=O)C=O,C(C(=O)O)N,other,0.6021000146865845,CCCCc1c(C=O)c(=O)oc2cc(N(CC)CC)ccc12,50E4CC3B42DB2A1D81BA2FCB02D3EA8F0BF1EB0B92ACDAB1C80BFBFCC39A06BB,HOST_CAN_0035,PASS,NCC(=O)O,30FE3809EFBE5F6B082D9B94D27A0C7C9ECD1364A816D59C3D31CE32BCDF848E,GUEST_CAN_0774,PASS,GINE,4,host_cold,4,0.7640013694763184
1417,9,100,[O-]C(=O)COc1ccc2c3c1CNC(=O)c1c(OCC(=O)[O-])ccc4c1ccc1c4C4CC(O1)Oc1c4c4ccc(c(C(=O)NCc5c6c(c7C8c2c(cc3)OC(C8)Oc7cc6)ccc5OCC(=O)[O-])c4cc1)OCC(=O)[O-].[NH4+].[NH4+].[NH4+].[NH4+],CC1OCCO1,other,3.9098000526428223,O=C([O-])COc1ccc2c3c4ccc2c1CNC(=O)c1c(OCC(=O)[O-])ccc2c5c(ccc12)OC1CC5c2c(ccc5c(c(OCC(=O)[O-])ccc25)C(=O)NCc2c(OCC(=O)[O-])ccc5c6c(ccc25)OC(CC36)O4)O1.[NH4+].[NH4+].[NH4+].[NH4+],7D3830C6A6E10F82EEBCC3ED68B861BB21ED63B1DDB277580F3032527E5A1183,HOST_CAN_0139,PASS,CC1OCCO1,8D35FD74236BA64823214DBD94CE4B50363C06DAD857C90F7A7DD977F8C3DA11,GUEST_CAN_0246,PASS,GINE,4,host_cold,4,3.092663288116455
1421,49,650,[Na]OS(=O)(=O)CCCOc1ccc(c2c1CN1C(=O)N3[C@]4([C@@]1(N(C2)C(=O)N4CN1[C@@H]2N(C3)C(=O)N3[C@@H]2N(C1=O)CN1[C@@]2(N(C3)C(=O)N3[C@]2(C)N(C1=O)Cc1c(C3)c(OCCCS(=O)(=O)O[Na])ccc1OCCCS(=O)(=O)O[Na])C)C)C)OCCCS(=O)(=O)O[Na],CC12CCC3C(C1CCC2O)CCC4=C3C=CC(=C4)O,other,3.176100015640259,C[C@]12N3Cc4c(OCCCS(=O)(=O)[O][Na])ccc(OCCCS(=O)(=O)[O][Na])c4CN1C(=O)N1CN4C(=O)N5CN6C(=O)N7Cc8c(OCCCS(=O)(=O)[O][Na])ccc(OCCCS(=O)(=O)[O][Na])c8CN8C(=O)N(CN9C(=O)N(CN(C3=O)[C@]12C)[C@@H]4[C@H]95)[C@]6(C)[C@@]78C,C826FABEE0CA0BEBE7AB2E620751B73EB48779DD6C9A550EDEC6672D0197E1E3,HOST_CAN_0086,PASS,CC12CCC3c4ccc(O)cc4CCC3C1CCC2O,2577B97C27E10D71995A6E6E8BF6D1D13506298C5D929838D33C4A134A561C78,GUEST_CAN_0234,PASS,GINE,4,host_cold,4,4.71063756942749
1426,56,558,CC(COCC1C2C(C(C(O1)OC3C(OC(C(C3O)O)OC4C(OC(C(C4O)O)OC5C(OC(C(C5O)O)OC6C(OC(C(C6O)O)OC7C(OC(C(C7O)O)OC8C(OC(O2)C(C8O)O)COCC(C)O)COCC(C)O)COCC(C)O)COCC(C)O)COCC(C)O)COCC(C)O)O)O)O,C1=CC=C(C=C1)NC2=CC3=C(C=C2)C=C(C=C3)S(=O)(=O)[O-],cyclodextrin,3.857300043106079,CC(O)COCC1OC2OC3C(COCC(C)O)OC(OC4C(COCC(C)O)OC(OC5C(COCC(C)O)OC(OC6C(COCC(C)O)OC(OC7C(COCC(C)O)OC(OC8C(COCC(C)O)OC(OC1C(O)C2O)C(O)C8O)C(O)C7O)C(O)C6O)C(O)C5O)C(O)C4O)C(O)C3O,230541427DC92F12743008B2626A57F6159DF410C224BE8F505DFF020C17F26C,HOST_CAN_0012,PASS,O=S(=O)([O-])c1ccc2cc(Nc3ccccc3)ccc2c1,0824CC1DB2624A014F85DD652F99EC1BBB673337CABFEF6F0B2F4C09F94496B2,GUEST_CAN_0937,PASS,GINE,4,host_cold,4,2.550142765045166
1435,8,843,C1N2C3C4N(C2=O)CN5C6C7N(C5=O)CN8C9C2N(C8=O)CN5C8C%10N(C5=O)CN5C%11C%12N(C5=O)CN5C%13C(N1C5=O)N1CN3C(=O)N4CN6C(=O)N7CN9C(=O)N2CN8C(=O)N%10CN%11C(=O)N%12CN%13C1=O,C1(=CC=CC=C1)C1=CC=C(C=N1)N,cucurbituril,4.198699951171875,O=C1N2CN3C(=O)N4CN5C(=O)N6CN7C(=O)N8CN9C(=O)N%10CN%11C(=O)N%12CN1C1C2N2CN%13C(=O)N(CN%14C(=O)N(CN%15C(=O)N(CN%16C(=O)N(CN%17C(=O)N(CN1C2=O)C%12C%11%17)C%10C9%16)C8C7%15)C6C5%14)C4C3%13,2526C525F966BEE6CB589BBB60C9F4124C02584847747BDAFF4E92B4462536E8,HOST_CAN_0149,PASS,Nc1ccc(-c2ccccc2)nc1,DD82A2621C71E20185C05C612AB6AD0F5C6A274BDE79F3AADA02E3B587338A06,GUEST_CAN_0825,PASS,GINE,4,host_cold,4,5.619080066680908
1437,67,26,COCCOCCOCCN1C2C(N(C1=O)CCOCCOCCOC)N1C(=O)N2CN2C(=O)N(C3C2N(CCOCCOCCOC)C(=O)N3CCOCCOCCOC)CN2C(=O)N(C3C2N(CCOCCOCCOC)C(=O)N3CCOCCOCCOC)CN2C(=O)N(CN3C(=O)N(CN4C(=O)N(C1)C1C4N(C(=O)N1CCOCCOCCOC)CCOCCOCCOC)C1C3N(C(=O)N1CCOCCOCCOC)CCOCCOCCOC)C1C2N(CCOCCOCCOC)C(=O)N1CCOCCOCCOC,C[N+](C)(C)C.[Br-],other,5.113900184631348,COCCOCCOCCN1C(=O)N(CCOCCOCCOC)C2C1N1CN3C(=O)N(CN4C(=O)N(CN5C(=O)N(CN6C(=O)N(CN7C(=O)N(CN2C1=O)C1C7N(CCOCCOCCOC)C(=O)N1CCOCCOCCOC)C1C6N(CCOCCOCCOC)C(=O)N1CCOCCOCCOC)C1C5N(CCOCCOCCOC)C(=O)N1CCOCCOCCOC)C1C4N(CCOCCOCCOC)C(=O)N1CCOCCOCCOC)C1C3N(CCOCCOCCOC)C(=O)N1CCOCCOCCOC,62192EF92C15D4B199D2DAB70679D4FE4B9DB65514F9B760A1D77C13905222B6,HOST_CAN_0056,PASS,C[N+](C)(C)C.[Br-],106908581BCF2696B3EEAD8D13589E489EE5CE3B80E72B912566C7953850AB09,GUEST_CAN_0554,PASS,GINE,4,host_cold,4,1.9541747570037842
1439,94,711,CC(C(O[Na])=O)OC(C(OC(C)C(O[Na])=O)=C1)=CC2=C1C(C=C(OC(C(O[Na])=O)C)C(OC(C(O[Na])=O)C)=C3)=C3C4=C2C=C(OC(C(O[Na])=O)C)C(OC(C)C(O[Na])=O)=C4,C[N+](C)(C)CC1=CC=CC=C1,other,2.442500114440918,CC(Oc1cc2c3cc(OC(C)C(=O)[O][Na])c(OC(C)C(=O)[O][Na])cc3c3cc(OC(C)C(=O)[O][Na])c(OC(C)C(=O)[O][Na])cc3c2cc1OC(C)C(=O)[O][Na])C(=O)[O][Na],BA584CA32AF40B5CC01118169993C3B68F1DD55FC57084F45766D3D97748C6AD,HOST_CAN_0016,PASS,C[N+](C)(C)Cc1ccccc1,CDE012544980E620277F4811D00218A746C0B569EA3EE49252ACF41EF67EF8BE,GUEST_CAN_0578,PASS,GINE,4,host_cold,4,6.442225456237793
1441,69,126,NCCN1C=C(N=N1)COC(C=C2)=C(CNCC3=C(OCC(N=N4)=CN4CCN)C=CC5=C3C=C6)C7=C2C8=C(C=C7)OC9CC8C%10=C(O9)C=CC%11=C%10C=CC(OCC(N=N%12)=CN%12CCN)=C%11CNCC%13=C(OCC(N=N%14)=CN%14CCN)C=CC%15=C%13C=CC(O%16)=C%15C%17C5=C6OC%16C%17,NC(C(=O)O)Cc1ccccc1,other,2.4149999618530273,NCCn1cc(COc2ccc3c4c5ccc3c2CNCc2c(OCc3cn(CCN)nn3)ccc3c6c(ccc23)OC2CC6c3c(ccc6c(c(OCc7cn(CCN)nn7)ccc36)CNCc3c(OCc6cn(CCN)nn6)ccc6c7c(ccc36)OC(CC47)O5)O2)nn1,E69AC36986BDADC1E5A61FE9021251B6D5437DB096F231021CE94D055FF4BCBF,HOST_CAN_0113,PASS,NC(Cc1ccccc1)C(=O)O,4B6B1236F1C31D28D9F95F736FF46B2960AFF4F6FCE3D9E76CF43DE2ADDE8B08,GUEST_CAN_0746,PASS,GINE,4,host_cold,4,2.2124905586242676
1443,8,613,C1N2C3C4N(C2=O)CN5C6C7N(C5=O)CN8C9C2N(C8=O)CN5C8C%10N(C5=O)CN5C%11C%12N(C5=O)CN5C%13C(N1C5=O)N1CN3C(=O)N4CN6C(=O)N7CN9C(=O)N2CN8C(=O)N%10CN%11C(=O)N%12CN%13C1=O,C1=CNC=C1,cucurbituril,4.556300163269043,O=C1N2CN3C(=O)N4CN5C(=O)N6CN7C(=O)N8CN9C(=O)N%10CN%11C(=O)N%12CN1C1C2N2CN%13C(=O)N(CN%14C(=O)N(CN%15C(=O)N(CN%16C(=O)N(CN%17C(=O)N(CN1C2=O)C%12C%11%17)C%10C9%16)C8C7%15)C6C5%14)C4C3%13,2526C525F966BEE6CB589BBB60C9F4124C02584847747BDAFF4E92B4462536E8,HOST_CAN_0149,PASS,c1cc[nH]c1,F996E37E5A4B42FBC524EFA4BA2E9A15FBF3D1F561537DA9CA8ED1DFB7CD0E8F,GUEST_CAN_1126,PASS,GINE,4,host_cold,4,3.1696431636810303
1445,75,748,CN1[C@H]2[C@@H](N(C1=O)C)N3CN4[C@@H]5[C@@H](N(C(=O)N5C)C)N(C4=O)CN6[C@@H]7[C@@H](N(C(=O)N7C)C)N(C6=O)CN8[C@@H]9[C@@H](N(C(=O)N9C)C)N(C8=O)CN1[C@@H]4[C@@H](N(C(=O)N4C)C)N(C1=O)CN1[C@@H]4[C@@H](N(C(=O)N4C)C)N(C1=O)CN2C3=O,[Na+].[Na+].[S-2],other,5.041399955749512,CN1C(=O)N(C)[C@@H]2[C@H]1N1CN3C(=O)N(CN4C(=O)N(CN5C(=O)N(CN6C(=O)N(CN7C(=O)N(CN2C1=O)[C@@H]1[C@H]7N(C)C(=O)N1C)[C@@H]1[C@H]6N(C)C(=O)N1C)[C@@H]1[C@H]5N(C)C(=O)N1C)[C@@H]1[C@H]4N(C)C(=O)N1C)[C@@H]1[C@H]3N(C)C(=O)N1C,D6C3F21332661BB9069594818AE00619D2227BBAE869749EDEEAB00A6EE038AA,HOST_CAN_0053,PASS,[Na+].[Na+].[S-2],27D4167B9C55CE3638E5CA89439C1FDA94F68C9F97B9BD6A9B1804CB06A21166,GUEST_CAN_1099,PASS,GINE,4,host_cold,4,2.572826385498047
1457,8,523,C1N2C3C4N(C2=O)CN5C6C7N(C5=O)CN8C9C2N(C8=O)CN5C8C%10N(C5=O)CN5C%11C%12N(C5=O)CN5C%13C(N1C5=O)N1CN3C(=O)N4CN6C(=O)N7CN9C(=O)N2CN8C(=O)N%10CN%11C(=O)N%12CN%13C1=O,C(C(=O)O)N,cucurbituril,3.6700000762939453,O=C1N2CN3C(=O)N4CN5C(=O)N6CN7C(=O)N8CN9C(=O)N%10CN%11C(=O)N%12CN1C1C2N2CN%13C(=O)N(CN%14C(=O)N(CN%15C(=O)N(CN%16C(=O)N(CN%17C(=O)N(CN1C2=O)C%12C%11%17)C%10C9%16)C8C7%15)C6C5%14)C4C3%13,2526C525F966BEE6CB589BBB60C9F4124C02584847747BDAFF4E92B4462536E8,HOST_CAN_0149,PASS,NCC(=O)O,30FE3809EFBE5F6B082D9B94D27A0C7C9ECD1364A816D59C3D31CE32BCDF848E,GUEST_CAN_0774,PASS,GINE,4,host_cold,4,2.3420310020446777
1459,51,851,C1N2C3C4N(C2=O)CN5C6C7N(C5=O)CN8C9C2N(C8=O)CN5C8C%10N(C5=O)CN5C%11C%12N(C5=O)CN5C%13C%14N(C5=O)CN5C%15C%16N(C5=O)CN5C%17C%18N(C5=O)CN5C%19C%20N(C5=O)CN5C%21C(N1C5=O)N1CN3C(=O)N4CN6C(=O)N7CN9C(=O)N2CN8C(=O)N%10CN%11C(=O)N%12CN%13C(=O)N%14CN%15C(=O)N%16CN%17C(=O)N%18CN%19C(=O)N%20CN%21C1=O,C1=CC=NC(=C1)C2=CC=CC=N2.C1=CC=NC(=C1)C2=CC=CC=N2.C1=CC=NC(=C1)C2=CC=CC=N2.[Ru+2],cucurbituril,7.17609977722168,O=C1N2CN3C(=O)N4CN5C(=O)N6CN7C(=O)N8CN9C(=O)N%10CN%11C(=O)N%12CN%13C(=O)N%14CN%15C(=O)N%16CN%17C(=O)N%18CN%19C(=O)N%20CN1C1C2N2CN%21C(=O)N(CN%22C(=O)N(CN%23C(=O)N(CN%24C(=O)N(CN%25C(=O)N(CN%26C(=O)N(CN%27C(=O)N(CN%28C(=O)N(CN%29C(=O)N(CN1C2=O)C%20C%19%29)C%18C%17%28)C%16C%15%27)C%14C%13%26)C%12C%11%25)C%10C9%24)C8C7%23)C6C5%22)C4C3%21,E6025A48DEEE6C9E6878EC627A6CB37BA95516523DC76F4BD8E7A3BC0D967C68,HOST_CAN_0142,PASS,[Ru+2].c1ccc(-c2ccccn2)nc1.c1ccc(-c2ccccn2)nc1.c1ccc(-c2ccccn2)nc1,9DAE708D01FD72B43ECED746182002E4E6B82290B320197E19B6CC4850E48E7C,GUEST_CAN_1110,PASS,GINE,4,host_cold,4,4.404725551605225
1462,67,53,COCCOCCOCCN1C2C(N(C1=O)CCOCCOCCOC)N1C(=O)N2CN2C(=O)N(C3C2N(CCOCCOCCOC)C(=O)N3CCOCCOCCOC)CN2C(=O)N(C3C2N(CCOCCOCCOC)C(=O)N3CCOCCOCCOC)CN2C(=O)N(CN3C(=O)N(CN4C(=O)N(C1)C1C4N(C(=O)N1CCOCCOCCOC)CCOCCOCCOC)C1C3N(C(=O)N1CCOCCOCCOC)CCOCCOCCOC)C1C2N(CCOCCOCCOC)C(=O)N1CCOCCOCCOC,[Na+].[Cl-],other,3.079200029373169,COCCOCCOCCN1C(=O)N(CCOCCOCCOC)C2C1N1CN3C(=O)N(CN4C(=O)N(CN5C(=O)N(CN6C(=O)N(CN7C(=O)N(CN2C1=O)C1C7N(CCOCCOCCOC)C(=O)N1CCOCCOCCOC)C1C6N(CCOCCOCCOC)C(=O)N1CCOCCOCCOC)C1C5N(CCOCCOCCOC)C(=O)N1CCOCCOCCOC)C1C4N(CCOCCOCCOC)C(=O)N1CCOCCOCCOC)C1C3N(CCOCCOCCOC)C(=O)N1CCOCCOCCOC,62192EF92C15D4B199D2DAB70679D4FE4B9DB65514F9B760A1D77C13905222B6,HOST_CAN_0056,PASS,[Cl-].[Na+],75BE434EC1982F4169BCC68DFF522D1CE80C4ED9F32BD5BD82D1768FC8A5ED44,GUEST_CAN_1040,PASS,GINE,4,host_cold,4,2.5487518310546875
1466,69,631,NCCN1C=C(N=N1)COC(C=C2)=C(CNCC3=C(OCC(N=N4)=CN4CCN)C=CC5=C3C=C6)C7=C2C8=C(C=C7)OC9CC8C%10=C(O9)C=CC%11=C%10C=CC(OCC(N=N%12)=CN%12CCN)=C%11CNCC%13=C(OCC(N=N%14)=CN%14CCN)C=CC%15=C%13C=CC(O%16)=C%15C%17C5=C6OC%16C%17,CC1(C(N2C(S1)C(C2=O)NC(=O)C(C3=CC=CC=C3)C(=O)O)C(=O)O)C,other,5.57289981842041,NCCn1cc(COc2ccc3c4c5ccc3c2CNCc2c(OCc3cn(CCN)nn3)ccc3c6c(ccc23)OC2CC6c3c(ccc6c(c(OCc7cn(CCN)nn7)ccc36)CNCc3c(OCc6cn(CCN)nn6)ccc6c7c(ccc36)OC(CC47)O5)O2)nn1,E69AC36986BDADC1E5A61FE9021251B6D5437DB096F231021CE94D055FF4BCBF,HOST_CAN_0113,PASS,CC1(C)SC2C(NC(=O)C(C(=O)O)c3ccccc3)C(=O)N2C1C(=O)O,151DED631C5746A3012B120AC3B90450EAA30CCBDE99BC507AEA457991B52051,GUEST_CAN_0208,PASS,GINE,4,host_cold,4,3.0798943042755127
1471,8,853,C1N2C3C4N(C2=O)CN5C6C7N(C5=O)CN8C9C2N(C8=O)CN5C8C%10N(C5=O)CN5C%11C%12N(C5=O)CN5C%13C(N1C5=O)N1CN3C(=O)N4CN6C(=O)N7CN9C(=O)N2CN8C(=O)N%10CN%11C(=O)N%12CN%13C1=O,[Cl-].[Cl-].[Ba+2],cucurbituril,5.289999961853027,O=C1N2CN3C(=O)N4CN5C(=O)N6CN7C(=O)N8CN9C(=O)N%10CN%11C(=O)N%12CN1C1C2N2CN%13C(=O)N(CN%14C(=O)N(CN%15C(=O)N(CN%16C(=O)N(CN%17C(=O)N(CN1C2=O)C%12C%11%17)C%10C9%16)C8C7%15)C6C5%14)C4C3%13,2526C525F966BEE6CB589BBB60C9F4124C02584847747BDAFF4E92B4462536E8,HOST_CAN_0149,PASS,[Ba+2].[Cl-].[Cl-],CC6C217A0D62B006B4A509CD7576F33E67A89C36B266641A0078C4262754A82B,GUEST_CAN_1013,PASS,GINE,4,host_cold,4,3.5461745262145996
1481,38,449,C1C2C3=CC=CC=C3C4=C5C6CC7=CC=CC=C7C8=CC(=CC(=C8)C9=CC=CC=C9CC3C7=CC=CC=C7C(=C24)C3=C5C2=CC=CC=C62)C2=CC=CC=C21,CC[N+](CC)(CC)CC.[I-],cyclophane,4.505099773406982,c1ccc2c(c1)CC1c3ccccc3-c3c1c1c4c5c3C(Cc3ccccc3-c3cc-2cc(c3)-c2ccccc2CC4c2ccccc2-1)c1ccccc1-5,7D60610AC6275537B6952E12359C97C789A38E2FA1295732E16AF89573CE95C4,HOST_CAN_0186,PASS,CC[N+](CC)(CC)CC.[I-],439726C7FE1A89F55ABD4835F401966187407593946A2A10145FD576A8887D74,GUEST_CAN_0375,PASS,GINE,4,host_cold,4,4.250645637512207
1483,67,472,COCCOCCOCCN1C2C(N(C1=O)CCOCCOCCOC)N1C(=O)N2CN2C(=O)N(C3C2N(CCOCCOCCOC)C(=O)N3CCOCCOCCOC)CN2C(=O)N(C3C2N(CCOCCOCCOC)C(=O)N3CCOCCOCCOC)CN2C(=O)N(CN3C(=O)N(CN4C(=O)N(C1)C1C4N(C(=O)N1CCOCCOCCOC)CCOCCOCCOC)C1C3N(C(=O)N1CCOCCOCCOC)CCOCCOCCOC)C1C2N(CCOCCOCCOC)C(=O)N1CCOCCOCCOC,CCCC[N+](CCCC)(CCCC)CCCC.[Br-],other,7.37060022354126,COCCOCCOCCN1C(=O)N(CCOCCOCCOC)C2C1N1CN3C(=O)N(CN4C(=O)N(CN5C(=O)N(CN6C(=O)N(CN7C(=O)N(CN2C1=O)C1C7N(CCOCCOCCOC)C(=O)N1CCOCCOCCOC)C1C6N(CCOCCOCCOC)C(=O)N1CCOCCOCCOC)C1C5N(CCOCCOCCOC)C(=O)N1CCOCCOCCOC)C1C4N(CCOCCOCCOC)C(=O)N1CCOCCOCCOC)C1C3N(CCOCCOCCOC)C(=O)N1CCOCCOCCOC,62192EF92C15D4B199D2DAB70679D4FE4B9DB65514F9B760A1D77C13905222B6,HOST_CAN_0056,PASS,CCCC[N+](CCCC)(CCCC)CCCC.[Br-],6DD8DD4627FCB94C4F4125FAFF1BB3C1B5671EA4BD5502CBFB668600B9692E59,GUEST_CAN_0316,PASS,GINE,4,host_cold,4,2.286297559738159
1484,164,406,[O-]C(=O)C(F)(F)F.COc1ccc(cc1)NC(=O)Nc1ccc(cc1C#Cc1cccc([nH+]1)C#Cc1cc(ccc1NC(=O)Nc1ccc(cc1)OC)C(C)(C)C)C(C)(C)C,CCCC[N+](CCCC)(CCCC)CCCC.[Cl-],other,4.609600067138672,COc1ccc(NC(=O)Nc2ccc(C(C)(C)C)cc2C#Cc2cccc(C#Cc3cc(C(C)(C)C)ccc3NC(=O)Nc3ccc(OC)cc3)[nH+]2)cc1.O=C([O-])C(F)(F)F,5FB4727141F0130E3582644A389D860E7C3EDD18B20AF0A372C091A66E77E37A,HOST_CAN_0077,PASS,CCCC[N+](CCCC)(CCCC)CCCC.[Cl-],98322306CD8D2EE1FC0B30A96ADB07D77C4823F49CB80B37D40EC2A8BE6D6F00,GUEST_CAN_0317,PASS,GINE,4,host_cold,4,4.0925612449646
1485,8,857,C1N2C3C4N(C2=O)CN5C6C7N(C5=O)CN8C9C2N(C8=O)CN5C8C%10N(C5=O)CN5C%11C%12N(C5=O)CN5C%13C(N1C5=O)N1CN3C(=O)N4CN6C(=O)N7CN9C(=O)N2CN8C(=O)N%10CN%11C(=O)N%12CN%13C1=O,S(F)(F)(F)(F)(F)F,cucurbituril,4.491399765014648,O=C1N2CN3C(=O)N4CN5C(=O)N6CN7C(=O)N8CN9C(=O)N%10CN%11C(=O)N%12CN1C1C2N2CN%13C(=O)N(CN%14C(=O)N(CN%15C(=O)N(CN%16C(=O)N(CN%17C(=O)N(CN1C2=O)C%12C%11%17)C%10C9%16)C8C7%15)C6C5%14)C4C3%13,2526C525F966BEE6CB589BBB60C9F4124C02584847747BDAFF4E92B4462536E8,HOST_CAN_0149,PASS,FS(F)(F)(F)(F)F,8E1AABD89D0A18BF1B8DBFC11EE2BE5C11C8DD93E23318524C246DA22B56F296,GUEST_CAN_0703,PASS,GINE,4,host_cold,4,5.99590539932251
1507,52,56,OC(=O)COc1c2Cc3cc(cc(c3O)Cc3cc(cc(c3O)Cc3cc(cc(Cc4c(c(Cc5c(c(Cc1cc(c2)S(=O)(=O)O)cc(c5)S(=O)(=O)O)O)cc(c4)S(=O)(=O)O)O)c3O)S(=O)(=O)O)S(=O)(=O)O)S(=O)(=O)O,CCCC(C(=O)O)N,calixarene,2.037400007247925,O=C(O)COc1c2cc(S(=O)(=O)O)cc1Cc1cc(S(=O)(=O)O)cc(c1O)Cc1cc(S(=O)(=O)O)cc(c1O)Cc1cc(S(=O)(=O)O)cc(c1O)Cc1cc(S(=O)(=O)O)cc(c1O)Cc1cc(S(=O)(=O)O)cc(c1O)C2,89AB142F8D041F89710D49168CBEF0FA0D792576B82031818BFF7C2DE5D92117,HOST_CAN_0127,PASS,CCCC(N)C(=O)O,81F3215F9F46874A7436620E7AD92167936CF997FB3F203D4397A018C4B56861,GUEST_CAN_0268,PASS,GINE,4,host_cold,4,2.492205858230591
1509,138,650,[Na]OS(=O)(=O)CCCOc1c2CN3C(=O)N4[C@]5([C@@]3(N(Cc2c(c2c1cccc2)OCCCS(=O)(=O)O[Na])C(=O)N5Cc1c(C4)c(OCCCS(=O)(=O)O[Na])c2c(c1OCCCS(=O)(=O)O[Na])cccc2)C)C,CC12CCC3C(C1CCC2O)CCC4=C3C=CC(=C4)O,other,3.4149999618530273,C[C@]12N3Cc4c(c(OCCCS(=O)(=O)[O][Na])c5ccccc5c4OCCCS(=O)(=O)[O][Na])CN1C(=O)N1Cc4c(c(OCCCS(=O)(=O)[O][Na])c5ccccc5c4OCCCS(=O)(=O)[O][Na])CN(C3=O)[C@]12C,4FD5936996CA6AE9CBA0A8E58EA53E5320846DE9035AA8E34BD0DB671FD71161,HOST_CAN_0091,PASS,CC12CCC3c4ccc(O)cc4CCC3C1CCC2O,2577B97C27E10D71995A6E6E8BF6D1D13506298C5D929838D33C4A134A561C78,GUEST_CAN_0234,PASS,GINE,4,host_cold,4,3.9829866886138916
1510,9,196,[O-]C(=O)COc1ccc2c3c1CNC(=O)c1c(OCC(=O)[O-])ccc4c1ccc1c4C4CC(O1)Oc1c4c4ccc(c(C(=O)NCc5c6c(c7C8c2c(cc3)OC(C8)Oc7cc6)ccc5OCC(=O)[O-])c4cc1)OCC(=O)[O-].[NH4+].[NH4+].[NH4+].[NH4+],CCOCC,other,2.462399959564209,O=C([O-])COc1ccc2c3c4ccc2c1CNC(=O)c1c(OCC(=O)[O-])ccc2c5c(ccc12)OC1CC5c2c(ccc5c(c(OCC(=O)[O-])ccc25)C(=O)NCc2c(OCC(=O)[O-])ccc5c6c(ccc25)OC(CC36)O4)O1.[NH4+].[NH4+].[NH4+].[NH4+],7D3830C6A6E10F82EEBCC3ED68B861BB21ED63B1DDB277580F3032527E5A1183,HOST_CAN_0139,PASS,CCOCC,F2EF24D8A92C71B25A77CA5F108DAD81819066E2824CDD28DF5B970402C795D1,GUEST_CAN_0365,PASS,GINE,4,host_cold,4,3.479635715484619
1511,139,464,Oc1c2Cc3cc(N)cc(c3O)Cc3cc(cc(Cc4c(c(Cc1cc(c2)N)cc(N)c4)O)c3O)N,CCCN1c2ccccc2C(/C/1=C/C=C/1\CCCC(=C1Cl)/C=C/C1=[N+](CCC)c2c(C1(C)C)cccc2)(C)C.[I-],calixarene,4.361700057983398,Nc1cc2c(O)c(c1)Cc1cc(N)cc(c1O)Cc1cc(N)cc(c1O)Cc1cc(N)cc(c1O)C2,7B9BCC020D8A5B4E379A7C1BEC086733022832265151879189B204E269014832,HOST_CAN_0115,PASS,CCCN1/C(=C\C=C2/CCCC(/C=C/C3=[N+](CCC)c4ccccc4C3(C)C)=C2Cl)C(C)(C)c2ccccc21.[I-],C6134AC374607D29755300A057745976433909E073A85C043D920EB96147F247,GUEST_CAN_0331,PASS,GINE,4,host_cold,4,5.22118616104126
1513,104,13,C1COCCOCCN2CCOCCOCCN1CCOCCOCCOCC2,[Cs+],other,2.0,C1COCCN2CCOCCOCCN(CCOCCO1)CCOCCOCC2,FC2FBDD1CDCC0BE65573222C4E8FD2959C4D898D99922B825F4B9F435E9AD133,HOST_CAN_0005,PASS,[Cs+],2007C7CB8E9E407AF1FE3CC70080E500F82FCC5BB652DA30AE9309E09D1E52EF,GUEST_CAN_1052,PASS,GINE,4,host_cold,4,1.9441797733306885
1514,8,866,C1N2C3C4N(C2=O)CN5C6C7N(C5=O)CN8C9C2N(C8=O)CN5C8C%10N(C5=O)CN5C%11C%12N(C5=O)CN5C%13C(N1C5=O)N1CN3C(=O)N4CN6C(=O)N7CN9C(=O)N2CN8C(=O)N%10CN%11C(=O)N%12CN%13C1=O,C(CCCC)N1C=[N+](C=C1)C,cucurbituril,0.0,O=C1N2CN3C(=O)N4CN5C(=O)N6CN7C(=O)N8CN9C(=O)N%10CN%11C(=O)N%12CN1C1C2N2CN%13C(=O)N(CN%14C(=O)N(CN%15C(=O)N(CN%16C(=O)N(CN%17C(=O)N(CN1C2=O)C%12C%11%17)C%10C9%16)C8C7%15)C6C5%14)C4C3%13,2526C525F966BEE6CB589BBB60C9F4124C02584847747BDAFF4E92B4462536E8,HOST_CAN_0149,PASS,CCCCCn1cc[n+](C)c1,0B04B9284355C9EF01B41B659A5BF1F532AA0CDE74342CB547264CE3841227A5,GUEST_CAN_0309,PASS,GINE,4,host_cold,4,6.748661994934082
1515,8,88,C1N2C3C4N(C2=O)CN5C6C7N(C5=O)CN8C9C2N(C8=O)CN5C8C%10N(C5=O)CN5C%11C%12N(C5=O)CN5C%13C(N1C5=O)N1CN3C(=O)N4CN6C(=O)N7CN9C(=O)N2CN8C(=O)N%10CN%11C(=O)N%12CN%13C1=O,[Ca+2],cucurbituril,2.799999952316284,O=C1N2CN3C(=O)N4CN5C(=O)N6CN7C(=O)N8CN9C(=O)N%10CN%11C(=O)N%12CN1C1C2N2CN%13C(=O)N(CN%14C(=O)N(CN%15C(=O)N(CN%16C(=O)N(CN%17C(=O)N(CN1C2=O)C%12C%11%17)C%10C9%16)C8C7%15)C6C5%14)C4C3%13,2526C525F966BEE6CB589BBB60C9F4124C02584847747BDAFF4E92B4462536E8,HOST_CAN_0149,PASS,[Ca+2],561732356B8592F747BA6C15EFCD099F7FAD62C4ABEDA9A81D86C4D38151E987,GUEST_CAN_1020,PASS,GINE,4,host_cold,4,3.700577735900879
1519,9,763,[O-]C(=O)COc1ccc2c3c1CNC(=O)c1c(OCC(=O)[O-])ccc4c1ccc1c4C4CC(O1)Oc1c4c4ccc(c(C(=O)NCc5c6c(c7C8c2c(cc3)OC(C8)Oc7cc6)ccc5OCC(=O)[O-])c4cc1)OCC(=O)[O-].[NH4+].[NH4+].[NH4+].[NH4+],C[C@@H]1O[C@H]1C,other,2.4997000694274902,O=C([O-])COc1ccc2c3c4ccc2c1CNC(=O)c1c(OCC(=O)[O-])ccc2c5c(ccc12)OC1CC5c2c(ccc5c(c(OCC(=O)[O-])ccc25)C(=O)NCc2c(OCC(=O)[O-])ccc5c6c(ccc25)OC(CC36)O4)O1.[NH4+].[NH4+].[NH4+].[NH4+],7D3830C6A6E10F82EEBCC3ED68B861BB21ED63B1DDB277580F3032527E5A1183,HOST_CAN_0139,PASS,C[C@@H]1O[C@H]1C,F21FD3C31091A6E6133FB3C41651DAD15885158587F0A86FC0C818271D1DDA46,GUEST_CAN_0542,PASS,GINE,4,host_cold,4,3.4615845680236816
1522,133,215,OC1=C(CC2=CC(S(=O)([O-])=O)=CC(CC3=CC(S(=O)([O-])=O)=CC(CC4=CC(S(=O)([O-])=O)=CC(CC5=CC(S(=O)([O-])=O)=CC6=C5OCC(O)=O)=C4O)=C3O)=C2O)C=C(S(=O)([O-])=O)C=C1CC7=C(O)C(CC8=C(O)C(CC9=C(O)C(C6)=CC(S(=O)([O-])=O)=C9)=CC(S(=O)([O-])=O)=C8)=CC(S(=O)([O-])=O)=C7,CC(C(=O)O)N,calixarene,1.875100016593933,O=C(O)COc1c2cc(S(=O)(=O)[O-])cc1Cc1cc(S(=O)(=O)[O-])cc(c1O)Cc1cc(S(=O)(=O)[O-])cc(c1O)Cc1cc(S(=O)(=O)[O-])cc(c1O)Cc1cc(S(=O)(=O)[O-])cc(c1O)Cc1cc(S(=O)(=O)[O-])cc(c1O)Cc1cc(S(=O)(=O)[O-])cc(c1O)Cc1cc(S(=O)(=O)[O-])cc(c1O)C2,035C2443DCD42EB5D85B11E9A688FB2E331A4D0CA7EB7848E0D32F221FD3DC33,HOST_CAN_0130,PASS,CC(N)C(=O)O,6AC3AD1747D8E4C9B36EA5FBFB37965B87CCE816D9D72141F9005590B6D6FC3C,GUEST_CAN_0180,PASS,GINE,4,host_cold,4,2.5394253730773926
1523,85,30,OC[C@H]1O[C@@H]2O[C@@H]3[C@@H](CO)O[C@H](O[C@@H]4[C@@H](CO)O[C@H](O[C@@H]5[C@@H](CO)O[C@H](O[C@@H]6[C@@H](CO)O[C@H](O[C@@H]7[C@@H](CO)O[C@H](O[C@@H]8[C@@H](CO)O[C@H](O[C@@H]9[C@@H](CO)O[C@H](O[C@H]1[C@H](O)[C@H]2O)[C@H](O)[C@H]9O)[C@H](O)[C@H]8O)[C@H](O)[C@H]7O)[C@H](O)[C@H]6O)[C@H](O)[C@H]5O)[C@H](O)[C@H]4O)[C@H](O)[C@H]3O,CCCCOC1=NC2=CC=CC=C2C(=C1)C(=O)NCCN(CC)CC.Cl,cyclodextrin,1.7283999919891357,OC[C@H]1O[C@@H]2O[C@H]3[C@H](O)[C@@H](O)[C@@H](O[C@H]4[C@H](O)[C@@H](O)[C@@H](O[C@H]5[C@H](O)[C@@H](O)[C@@H](O[C@H]6[C@H](O)[C@@H](O)[C@@H](O[C@H]7[C@H](O)[C@@H](O)[C@@H](O[C@H]8[C@H](O)[C@@H](O)[C@@H](O[C@H]9[C@H](O)[C@@H](O)[C@@H](O[C@H]1[C@H](O)[C@H]2O)O[C@@H]9CO)O[C@@H]8CO)O[C@@H]7CO)O[C@@H]6CO)O[C@@H]5CO)O[C@@H]4CO)O[C@@H]3CO,4E4982FCAA8A96CE9D40EDC97C9574B542F86F2BEB463ECAA6DCE3670D2F9B83,HOST_CAN_0177,PASS,CCCCOc1cc(C(=O)NCCN(CC)CC)c2ccccc2n1.Cl,9EE0A4C760C05959EF862E5A33BC41138F65BC2F1C0C020F262CB04579BA1A37,GUEST_CAN_0314,PASS,GINE,4,host_cold,4,2.5855495929718018
1528,8,625,C1N2C3C4N(C2=O)CN5C6C7N(C5=O)CN8C9C2N(C8=O)CN5C8C%10N(C5=O)CN5C%11C%12N(C5=O)CN5C%13C(N1C5=O)N1CN3C(=O)N4CN6C(=O)N7CN9C(=O)N2CN8C(=O)N%10CN%11C(=O)N%12CN%13C1=O,Cl[Ni]Cl,cucurbituril,2.5899999141693115,O=C1N2CN3C(=O)N4CN5C(=O)N6CN7C(=O)N8CN9C(=O)N%10CN%11C(=O)N%12CN1C1C2N2CN%13C(=O)N(CN%14C(=O)N(CN%15C(=O)N(CN%16C(=O)N(CN%17C(=O)N(CN1C2=O)C%12C%11%17)C%10C9%16)C8C7%15)C6C5%14)C4C3%13,2526C525F966BEE6CB589BBB60C9F4124C02584847747BDAFF4E92B4462536E8,HOST_CAN_0149,PASS,[Cl][Ni][Cl],F5998A3880CF3FC5A3748CB5A3A499E73F833CEB743BCFCDE469E8A30FB72229,GUEST_CAN_1047,PASS,GINE,4,host_cold,4,2.657896041870117
1534,8,2,C1N2C3C4N(C2=O)CN5C6C7N(C5=O)CN8C9C2N(C8=O)CN5C8C%10N(C5=O)CN5C%11C%12N(C5=O)CN5C%13C(N1C5=O)N1CN3C(=O)N4CN6C(=O)N7CN9C(=O)N2CN8C(=O)N%10CN%11C(=O)N%12CN%13C1=O,[Cl-].[Cl-].[Ca+2],cucurbituril,4.220099925994873,O=C1N2CN3C(=O)N4CN5C(=O)N6CN7C(=O)N8CN9C(=O)N%10CN%11C(=O)N%12CN1C1C2N2CN%13C(=O)N(CN%14C(=O)N(CN%15C(=O)N(CN%16C(=O)N(CN%17C(=O)N(CN1C2=O)C%12C%11%17)C%10C9%16)C8C7%15)C6C5%14)C4C3%13,2526C525F966BEE6CB589BBB60C9F4124C02584847747BDAFF4E92B4462536E8,HOST_CAN_0149,PASS,[Ca+2].[Cl-].[Cl-],6006A4323204D22FA64247BB19A4427A9CEDE373E584F4DC919908CB4F15A7CA,GUEST_CAN_1021,PASS,GINE,4,host_cold,4,3.595329761505127
1536,38,339,C1C2C3=CC=CC=C3C4=C5C6CC7=CC=CC=C7C8=CC(=CC(=C8)C9=CC=CC=C9CC3C7=CC=CC=C7C(=C24)C3=C5C2=CC=CC=C62)C2=CC=CC=C21,C[N+]1=CC2=CC=CC=C2C=C1,cyclophane,5.301000118255615,c1ccc2c(c1)CC1c3ccccc3-c3c1c1c4c5c3C(Cc3ccccc3-c3cc-2cc(c3)-c2ccccc2CC4c2ccccc2-1)c1ccccc1-5,7D60610AC6275537B6952E12359C97C789A38E2FA1295732E16AF89573CE95C4,HOST_CAN_0186,PASS,C[n+]1ccc2ccccc2c1,E0E3A8758F01B6E7EFEE6752B61621DBB91F8E2DF46ACE46FCD88F51F964AF40,GUEST_CAN_0638,PASS,GINE,4,host_cold,4,4.001243591308594
1538,8,16,C1N2C3C4N(C2=O)CN5C6C7N(C5=O)CN8C9C2N(C8=O)CN5C8C%10N(C5=O)CN5C%11C%12N(C5=O)CN5C%13C(N1C5=O)N1CN3C(=O)N4CN6C(=O)N7CN9C(=O)N2CN8C(=O)N%10CN%11C(=O)N%12CN%13C1=O,CCCCCC(=O)O,cucurbituril,2.770900011062622,O=C1N2CN3C(=O)N4CN5C(=O)N6CN7C(=O)N8CN9C(=O)N%10CN%11C(=O)N%12CN1C1C2N2CN%13C(=O)N(CN%14C(=O)N(CN%15C(=O)N(CN%16C(=O)N(CN%17C(=O)N(CN1C2=O)C%12C%11%17)C%10C9%16)C8C7%15)C6C5%14)C4C3%13,2526C525F966BEE6CB589BBB60C9F4124C02584847747BDAFF4E92B4462536E8,HOST_CAN_0149,PASS,CCCCCC(=O)O,C0D22B5F44C4EE10006DE3B7B916C74F314AAA41ABEC5D6A6A7CB49811FF0F01,GUEST_CAN_0271,PASS,GINE,4,host_cold,4,3.899723768234253
1543,104,63,C1COCCOCCN2CCOCCOCCN1CCOCCOCCOCC2,[Rb+],other,2.049999952316284,C1COCCN2CCOCCOCCN(CCOCCO1)CCOCCOCC2,FC2FBDD1CDCC0BE65573222C4E8FD2959C4D898D99922B825F4B9F435E9AD133,HOST_CAN_0005,PASS,[Rb+],A81E1030429F736D8E35EA84C21CDFC8BA21CABFAB462465BE82BDA25EAD58DF,GUEST_CAN_1109,PASS,GINE,4,host_cold,4,1.9441797733306885
1544,75,699,CN1[C@H]2[C@@H](N(C1=O)C)N3CN4[C@@H]5[C@@H](N(C(=O)N5C)C)N(C4=O)CN6[C@@H]7[C@@H](N(C(=O)N7C)C)N(C6=O)CN8[C@@H]9[C@@H](N(C(=O)N9C)C)N(C8=O)CN1[C@@H]4[C@@H](N(C(=O)N4C)C)N(C1=O)CN1[C@@H]4[C@@H](N(C(=O)N4C)C)N(C1=O)CN2C3=O,[N+](=O)([O-])[O-],other,4.204100131988525,CN1C(=O)N(C)[C@@H]2[C@H]1N1CN3C(=O)N(CN4C(=O)N(CN5C(=O)N(CN6C(=O)N(CN7C(=O)N(CN2C1=O)[C@@H]1[C@H]7N(C)C(=O)N1C)[C@@H]1[C@H]6N(C)C(=O)N1C)[C@@H]1[C@H]5N(C)C(=O)N1C)[C@@H]1[C@H]4N(C)C(=O)N1C)[C@@H]1[C@H]3N(C)C(=O)N1C,D6C3F21332661BB9069594818AE00619D2227BBAE869749EDEEAB00A6EE038AA,HOST_CAN_0053,PASS,O=[N+]([O-])[O-],8EDFDB3DA8BB7AA2E992B049D5950CF49B785834A9F5AC1FB62D0A31E3906574,GUEST_CAN_0940,PASS,GINE,4,host_cold,4,3.480757713317871
1553,69,810,NCCN1C=C(N=N1)COC(C=C2)=C(CNCC3=C(OCC(N=N4)=CN4CCN)C=CC5=C3C=C6)C7=C2C8=C(C=C7)OC9CC8C%10=C(O9)C=CC%11=C%10C=CC(OCC(N=N%12)=CN%12CCN)=C%11CNCC%13=C(OCC(N=N%14)=CN%14CCN)C=CC%15=C%13C=CC(O%16)=C%15C%17C5=C6OC%16C%17,C1=CC=C(C=C1)C(C(=O)O)N,other,2.079200029373169,NCCn1cc(COc2ccc3c4c5ccc3c2CNCc2c(OCc3cn(CCN)nn3)ccc3c6c(ccc23)OC2CC6c3c(ccc6c(c(OCc7cn(CCN)nn7)ccc36)CNCc3c(OCc6cn(CCN)nn6)ccc6c7c(ccc36)OC(CC47)O5)O2)nn1,E69AC36986BDADC1E5A61FE9021251B6D5437DB096F231021CE94D055FF4BCBF,HOST_CAN_0113,PASS,NC(C(=O)O)c1ccccc1,E1EE48BC2F1341B9FB8D634CA81F93D4C0432CFDD613C9AB5049A2DEEE2D8D8B,GUEST_CAN_0728,PASS,GINE,4,host_cold,4,2.2064661979675293
1555,117,456,CC(C)(C)C1=CC(=C(C=C1)NC(=O)NC2=CC=C(C=C2)OC)C#CC3=CC(=CC=C3)C#CC4=C(C=CC(=C4)C(C)(C)C)NC(=O)NC5=CC=C(C=C5)OC,[N+](=O)([O-])[O-].C(CCC)[N+](CCCC)(CCCC)CCCC,other,3.5197999477386475,COc1ccc(NC(=O)Nc2ccc(C(C)(C)C)cc2C#Cc2cccc(C#Cc3cc(C(C)(C)C)ccc3NC(=O)Nc3ccc(OC)cc3)c2)cc1,494C057AF3883280A50FECE7741A3608EDE28ABABC7B8B78AEB79306A119556D,HOST_CAN_0078,PASS,CCCC[N+](CCCC)(CCCC)CCCC.O=[N+]([O-])[O-],6D4B26D3D683A1392C95388B8B9856D8C2F81515BE0ED5278F99FF88C33B25A7,GUEST_CAN_0315,PASS,GINE,4,host_cold,4,3.885692834854126
1563,139,707,Oc1c2Cc3cc(N)cc(c3O)Cc3cc(cc(Cc4c(c(Cc1cc(c2)N)cc(N)c4)O)c3O)N,C[N+](CCO[Si]1(OCC[N+](C)(C)C)n2c3/N=C/4\N=C(/N=c/5\n1/c(=N\C1=N/C(=N\c2c2c3cccc2)/c2c1cccc2)/c1c5cccc1)c1c4cccc1)(C)C,calixarene,4.544099807739258,Nc1cc2c(O)c(c1)Cc1cc(N)cc(c1O)Cc1cc(N)cc(c1O)Cc1cc(N)cc(c1O)C2,7B9BCC020D8A5B4E379A7C1BEC086733022832265151879189B204E269014832,HOST_CAN_0115,PASS,C[N+](C)(C)CCO[Si]1(OCC[N+](C)(C)C)n2c3c4ccccc4c2/N=C2N=C(/N=c4/c5ccccc5/c(n41)=N/C1=NC(=N\3)/c3ccccc31)c1ccccc1\2,99746B0158AA9AA29923AA4A6EF83BB0F176AAC5409BDBBA91BE330B7A2F6316,GUEST_CAN_0572,PASS,GINE,4,host_cold,4,5.860002517700195
1567,17,179,COP(=O)(Cc1cc2ccc1OCc1cc(COc3ccc(cc3CP(=O)(OC)[O-])C(C)(C)c3ccc(OCc4cc(COc5ccc(C2(C)C)cc5CP(=O)(OC)[O-])cc(c4)[N+](=O)[O-])c(c3)CP(=O)(OC)[O-])cc(c1)[N+](=O)[O-])[O-],C1=CC=C(C=C1)CCN,other,2.0085999965667725,COP(=O)([O-])Cc1cc2ccc1OCc1cc(cc([N+](=O)[O-])c1)COc1ccc(cc1CP(=O)([O-])OC)C(C)(C)c1ccc(c(CP(=O)([O-])OC)c1)OCc1cc(cc([N+](=O)[O-])c1)COc1ccc(cc1CP(=O)([O-])OC)C2(C)C,5C9812D0AA59E8C93387DCBA9CDBD0E45705FA87B439937B162042CB092EC8B9,HOST_CAN_0069,PASS,NCCc1ccccc1,20724EB6252B3BE684E3EEE1008167D05DC1C66AC6A0CE7431D3DA656212716C,GUEST_CAN_0810,PASS,GINE,4,host_cold,4,3.544055700302124
1568,9,62,[O-]C(=O)COc1ccc2c3c1CNC(=O)c1c(OCC(=O)[O-])ccc4c1ccc1c4C4CC(O1)Oc1c4c4ccc(c(C(=O)NCc5c6c(c7C8c2c(cc3)OC(C8)Oc7cc6)ccc5OCC(=O)[O-])c4cc1)OCC(=O)[O-].[NH4+].[NH4+].[NH4+].[NH4+],CC(=O)C,other,2.0,O=C([O-])COc1ccc2c3c4ccc2c1CNC(=O)c1c(OCC(=O)[O-])ccc2c5c(ccc12)OC1CC5c2c(ccc5c(c(OCC(=O)[O-])ccc25)C(=O)NCc2c(OCC(=O)[O-])ccc5c6c(ccc25)OC(CC36)O4)O1.[NH4+].[NH4+].[NH4+].[NH4+],7D3830C6A6E10F82EEBCC3ED68B861BB21ED63B1DDB277580F3032527E5A1183,HOST_CAN_0139,PASS,CC(C)=O,DE84A3A5E7D86FB53FE767B079B6E324B7F486E3EE690B86B06FD5D7231FB01C,GUEST_CAN_0123,PASS,GINE,4,host_cold,4,2.931384325027466
1569,94,884,CC(C(O[Na])=O)OC(C(OC(C)C(O[Na])=O)=C1)=CC2=C1C(C=C(OC(C(O[Na])=O)C)C(OC(C(O[Na])=O)C)=C3)=C3C4=C2C=C(OC(C(O[Na])=O)C)C(OC(C)C(O[Na])=O)=C4,C(C1C(C(C(C(O1)OC2C(OC(C(C2O)O)O)CO)O)O)O)O,other,0.0,CC(Oc1cc2c3cc(OC(C)C(=O)[O][Na])c(OC(C)C(=O)[O][Na])cc3c3cc(OC(C)C(=O)[O][Na])c(OC(C)C(=O)[O][Na])cc3c2cc1OC(C)C(=O)[O][Na])C(=O)[O][Na],BA584CA32AF40B5CC01118169993C3B68F1DD55FC57084F45766D3D97748C6AD,HOST_CAN_0016,PASS,OCC1OC(OC2C(CO)OC(O)C(O)C2O)C(O)C(O)C1O,088616300A3B38A86867A559C1C8D877740C0BAADCA29ED3C49DA5BAC696A4E0,GUEST_CAN_0971,PASS,GINE,4,host_cold,4,2.904965877532959
1574,9,656,[O-]C(=O)COc1ccc2c3c1CNC(=O)c1c(OCC(=O)[O-])ccc4c1ccc1c4C4CC(O1)Oc1c4c4ccc(c(C(=O)NCc5c6c(c7C8c2c(cc3)OC(C8)Oc7cc6)ccc5OCC(=O)[O-])c4cc1)OCC(=O)[O-].[NH4+].[NH4+].[NH4+].[NH4+],CC1(OC1)C,other,2.4518001079559326,O=C([O-])COc1ccc2c3c4ccc2c1CNC(=O)c1c(OCC(=O)[O-])ccc2c5c(ccc12)OC1CC5c2c(ccc5c(c(OCC(=O)[O-])ccc25)C(=O)NCc2c(OCC(=O)[O-])ccc5c6c(ccc25)OC(CC36)O4)O1.[NH4+].[NH4+].[NH4+].[NH4+],7D3830C6A6E10F82EEBCC3ED68B861BB21ED63B1DDB277580F3032527E5A1183,HOST_CAN_0139,PASS,CC1(C)CO1,FCB3003CA77B8C6CB4ACB0FAB17248B1AD99F5C17CD1AF395AC306DD21211DAF,GUEST_CAN_0206,PASS,GINE,4,host_cold,4,4.156060218811035
1576,103,718,O=C(N1C2N3CN4C5N6C1)N(CN78)[C@@]2(C)N(CN9[C@]8(C)C(N(C%10)C9=O)N(CN(C(N(C[N@]%11C(N%12C%13)=O)C%14N%15C[N@@]%16C([N@]([C@@]%12(C)[C@@H]%16%11)C[N@]%17C([N@](C([N@]%18C[N@]%19C%20(C)[C@H]%21N%22C[N@](C4=O)[C@]5(C)[N@@](C[N@]%21C%19=O)C6=O)(C)[C@H]%17[N@]%13C%18=O)C[N@]%20C%22=O)=O)=O)=O)[C@]%14(C)N%10C%15=O)C7=O)C3=O,C12=C(N=CC=C3)C3=CC=C1C=CC=N2,cucurbituril,6.299900054931641,CC12[C@H]3N4CN5C(=O)N6CN7C(=O)N8CN9C(=O)N%10CN%11C(=O)N%12CN%13C(=O)N%14CN%15C(=O)N(CN1C4=O)C1(C)[C@H]%15N4CN%15C(=O)N(CN%16C(=O)N(CN%17C(=O)N(CN%18C(=O)N(CN%19C(=O)N(CN3C(=O)N2CN1C4=O)[C@]5(C)C6%19)C7[C@]8%18C)[C@@]9(C)C%17%10)[C@@]%11(C)C%16%12)[C@H]%13[C@@]%15%14C,688A602B66AB5828BA1859CDAB7C361EE423503C6F2754A4E8B77175874A5027,HOST_CAN_0018,PASS,c1cnc2c(c1)ccc1cccnc12,0DE407E41EB32F1EF3602208289CAC1540971D9E44DB21A5F598DE4603DBD81B,GUEST_CAN_1150,PASS,GINE,4,host_cold,4,4.789513111114502
1579,52,18,OC(=O)COc1c2Cc3cc(cc(c3O)Cc3cc(cc(c3O)Cc3cc(cc(Cc4c(c(Cc5c(c(Cc1cc(c2)S(=O)(=O)O)cc(c5)S(=O)(=O)O)O)cc(c4)S(=O)(=O)O)O)c3O)S(=O)(=O)O)S(=O)(=O)O)S(=O)(=O)O,OC(=O)C(Cc1c[nH]c2c1cccc2)N,calixarene,2.6364998817443848,O=C(O)COc1c2cc(S(=O)(=O)O)cc1Cc1cc(S(=O)(=O)O)cc(c1O)Cc1cc(S(=O)(=O)O)cc(c1O)Cc1cc(S(=O)(=O)O)cc(c1O)Cc1cc(S(=O)(=O)O)cc(c1O)Cc1cc(S(=O)(=O)O)cc(c1O)C2,89AB142F8D041F89710D49168CBEF0FA0D792576B82031818BFF7C2DE5D92117,HOST_CAN_0127,PASS,NC(Cc1c[nH]c2ccccc12)C(=O)O,640E1867764F94CAFE2D991B23E1B000681C8619E07309C47EB26888B7938B6E,GUEST_CAN_0740,PASS,GINE,4,host_cold,4,3.132812261581421
1580,165,46,O[C@@H]1[C@@H](O)[C@H](O[C@@H]2[C@H](O)[C@@H](O)[C@H](O[C@H]3[C@@H](O)[C@H](O)[C@@H](O[C@H]4[C@@H](O)[C@H](O)[C@@H](O[C@H]5[C@@H](O)[C@H](O)[C@@H](O6)[C@H](COCC(O)C)O5)[C@H](COCC(O)C)O4)[C@H](COCC(O)C)O3)[C@@H](COCC(O)C)O2)[C@@H](COCC(O)C)O[C@@H]1O[C@H]7[C@H](O)[C@@H](O)[C@@H](O[C@@H]8[C@@H](O)[C@H](O)[C@H](O[C@@H]9[C@@H](O)[C@H](O)C6O[C@H]9COCC(O)C)O[C@H]8COCC(O)C)O[C@@H]7COCC(O)C,C1=CC=C(C=C1)NC2=CC=CC3=C2C(=CC=C3)S(=O)(=O)O,cyclodextrin,2.380199909210205,CC(O)COC[C@@H]1OC2O[C@@H]3[C@@H](O)[C@H](O)[C@H](O[C@@H]4[C@@H](O)[C@H](O)[C@H](O[C@@H]5[C@@H](O)[C@H](O)[C@H](O[C@H]6[C@H](O)[C@@H](O)[C@@H](O[C@H]7[C@H](O)[C@@H](O)[C@@H](O[C@H]8[C@H](O)[C@@H](O)[C@@H](O[C@@H]9[C@@H](O)[C@H](O)[C@H](O[C@@H]1[C@@H](O)[C@@H]2O)O[C@H]9COCC(C)O)O[C@@H]8COCC(C)O)O[C@@H]7COCC(C)O)O[C@@H]6COCC(C)O)O[C@H]5COCC(C)O)O[C@H]4COCC(C)O)O[C@H]3COCC(C)O,A6463260767763AEEEE84358752649565D613E36139686EE469EAD950C115E6E,HOST_CAN_0013,PASS,O=S(=O)(O)c1cccc2cccc(Nc3ccccc3)c12,C8ECBFB7BFF882EF953A90B709957BBDD5A708508C39AD89F6640E78DA78E786,GUEST_CAN_0932,PASS,GINE,4,host_cold,4,2.038050889968872
1581,9,295,[O-]C(=O)COc1ccc2c3c1CNC(=O)c1c(OCC(=O)[O-])ccc4c1ccc1c4C4CC(O1)Oc1c4c4ccc(c(C(=O)NCc5c6c(c7C8c2c(cc3)OC(C8)Oc7cc6)ccc5OCC(=O)[O-])c4cc1)OCC(=O)[O-].[NH4+].[NH4+].[NH4+].[NH4+],C1CCSCC1,other,1.8128999471664429,O=C([O-])COc1ccc2c3c4ccc2c1CNC(=O)c1c(OCC(=O)[O-])ccc2c5c(ccc12)OC1CC5c2c(ccc5c(c(OCC(=O)[O-])ccc25)C(=O)NCc2c(OCC(=O)[O-])ccc5c6c(ccc25)OC(CC36)O4)O1.[NH4+].[NH4+].[NH4+].[NH4+],7D3830C6A6E10F82EEBCC3ED68B861BB21ED63B1DDB277580F3032527E5A1183,HOST_CAN_0139,PASS,C1CCSCC1,A9CBF306F6DA1FCB34760A9B9B96AD454AFE05B414B3AB4EB9CC9F5731B70047,GUEST_CAN_0031,PASS,GINE,4,host_cold,4,5.01505708694458
1585,14,178,NCCOc1c2Cc3cc(cc(c3O)Cc3cc(cc(c3O)Cc3cc(cc(Cc4c(c(Cc5c(c(Cc1cc(c2)S(=O)(=O)O)cc(c5)S(=O)(=O)O)O)cc(c4)S(=O)(=O)O)O)c3O)S(=O)(=O)O)S(=O)(=O)O)S(=O)(=O)O,C(CCN)CC(C(=O)O)N,calixarene,2.9911999702453613,NCCOc1c2cc(S(=O)(=O)O)cc1Cc1cc(S(=O)(=O)O)cc(c1O)Cc1cc(S(=O)(=O)O)cc(c1O)Cc1cc(S(=O)(=O)O)cc(c1O)Cc1cc(S(=O)(=O)O)cc(c1O)Cc1cc(S(=O)(=O)O)cc(c1O)C2,C787A22C599703D921FA29CACAF002E9FF6ED12C44482B2905C84DCBDD5B4AC1,HOST_CAN_0110,PASS,NCCCCC(N)C(=O)O,BD55DE8B1F18BBBA0B9FB86FA685E52B4743F1B75F837E0522E8C602B3191BA0,GUEST_CAN_0785,PASS,GINE,4,host_cold,4,2.8762121200561523
1586,38,427,C1C2C3=CC=CC=C3C4=C5C6CC7=CC=CC=C7C8=CC(=CC(=C8)C9=CC=CC=C9CC3C7=CC=CC=C7C(=C24)C3=C5C2=CC=CC=C62)C2=CC=CC=C21,CC(=O)OCC[N+](C)(C)C.[Cl-],cyclophane,3.8129000663757324,c1ccc2c(c1)CC1c3ccccc3-c3c1c1c4c5c3C(Cc3ccccc3-c3cc-2cc(c3)-c2ccccc2CC4c2ccccc2-1)c1ccccc1-5,7D60610AC6275537B6952E12359C97C789A38E2FA1295732E16AF89573CE95C4,HOST_CAN_0186,PASS,CC(=O)OCC[N+](C)(C)C.[Cl-],4879DB6C417F8D989F6A62C99945BAB2F28386E52B872AFFF576ADC283F5F62A,GUEST_CAN_0101,PASS,GINE,4,host_cold,4,3.7564640045166016
1587,94,22,CC(C(O[Na])=O)OC(C(OC(C)C(O[Na])=O)=C1)=CC2=C1C(C=C(OC(C(O[Na])=O)C)C(OC(C(O[Na])=O)C)=C3)=C3C4=C2C=C(OC(C(O[Na])=O)C)C(OC(C)C(O[Na])=O)=C4,CNCC(C1=CC(=C(C=C1)O)O)O,other,2.3096001148223877,CC(Oc1cc2c3cc(OC(C)C(=O)[O][Na])c(OC(C)C(=O)[O][Na])cc3c3cc(OC(C)C(=O)[O][Na])c(OC(C)C(=O)[O][Na])cc3c2cc1OC(C)C(=O)[O][Na])C(=O)[O][Na],BA584CA32AF40B5CC01118169993C3B68F1DD55FC57084F45766D3D97748C6AD,HOST_CAN_0016,PASS,CNCC(O)c1ccc(O)c(O)c1,6ECE6CFFF6E84A2846BFDF3E647E6C18CCEA435B77A528E23C38803D697997FC,GUEST_CAN_0428,PASS,GINE,4,host_cold,4,3.708803176879883
1590,14,72,NCCOc1c2Cc3cc(cc(c3O)Cc3cc(cc(c3O)Cc3cc(cc(Cc4c(c(Cc5c(c(Cc1cc(c2)S(=O)(=O)O)cc(c5)S(=O)(=O)O)O)cc(c4)S(=O)(=O)O)O)c3O)S(=O)(=O)O)S(=O)(=O)O)S(=O)(=O)O,NC(C(=O)O)Cc1c[nH]cn1,calixarene,2.7588999271392822,NCCOc1c2cc(S(=O)(=O)O)cc1Cc1cc(S(=O)(=O)O)cc(c1O)Cc1cc(S(=O)(=O)O)cc(c1O)Cc1cc(S(=O)(=O)O)cc(c1O)Cc1cc(S(=O)(=O)O)cc(c1O)Cc1cc(S(=O)(=O)O)cc(c1O)C2,C787A22C599703D921FA29CACAF002E9FF6ED12C44482B2905C84DCBDD5B4AC1,HOST_CAN_0110,PASS,NC(Cc1c[nH]cn1)C(=O)O,FB673C9EDBC2F6C509C14A12DA10308CC8AD4E94C32BC5F3BAD448FBAA74F381,GUEST_CAN_0741,PASS,GINE,4,host_cold,4,2.99509859085083
1591,142,313,[Na]OS(=O)(=O)CCCc1ccc2c3c1CN1C(=O)N4[C@@]5([C@@]1(C)N(Cc3c(cc2)CCCS(=O)(=O)O[Na])C(=O)N5CN1[C@H]2N(C4)C(=O)N3[C@H]2N(C1=O)CN1[C@H]2N(C3)C(=O)N3[C@H]2N(C1=O)CN1[C@]2(N(C3)C(=O)N3[C@]2(N(C1=O)Cc1c2c(C3)c(CCCS(=O)(=O)O[Na])ccc2ccc1CCCS(=O)(=O)O[Na])C)C)C,C(CCN)CCN,cucurbituril,6.0,C[C@]12N3Cc4c(CCCS(=O)(=O)[O][Na])ccc5ccc(CCCS(=O)(=O)[O][Na])c(c45)CN1C(=O)N1CN4C(=O)N5CN6C(=O)N7CN8C(=O)N9Cc%10c(CCCS(=O)(=O)[O][Na])ccc%11ccc(CCCS(=O)(=O)[O][Na])c(c%10%11)CN%10C(=O)N(CN%11C(=O)N(CN%12C(=O)N(CN(C3=O)[C@]12C)[C@@H]4[C@H]%125)[C@@H]6[C@H]%117)[C@]8(C)[C@@]9%10C,830BF403FA9E63AA91A49B5FFFE151ED426E5A39758FD44461918B9242146194,HOST_CAN_0084,PASS,NCCCCCN,686B1F1D37E58EE9E8D62CED35D9E35B25EB8DBA4BB8BAA773577CEE8422D320,GUEST_CAN_0794,PASS,GINE,4,host_cold,4,4.232094764709473
1599,85,534,OC[C@H]1O[C@@H]2O[C@@H]3[C@@H](CO)O[C@H](O[C@@H]4[C@@H](CO)O[C@H](O[C@@H]5[C@@H](CO)O[C@H](O[C@@H]6[C@@H](CO)O[C@H](O[C@@H]7[C@@H](CO)O[C@H](O[C@@H]8[C@@H](CO)O[C@H](O[C@@H]9[C@@H](CO)O[C@H](O[C@H]1[C@H](O)[C@H]2O)[C@H](O)[C@H]9O)[C@H](O)[C@H]8O)[C@H](O)[C@H]7O)[C@H](O)[C@H]6O)[C@H](O)[C@H]5O)[C@H](O)[C@H]4O)[C@H](O)[C@H]3O,COC1=CC=C2C=CC(OC2=C1)=O,cyclodextrin,1.6128000020980835,OC[C@H]1O[C@@H]2O[C@H]3[C@H](O)[C@@H](O)[C@@H](O[C@H]4[C@H](O)[C@@H](O)[C@@H](O[C@H]5[C@H](O)[C@@H](O)[C@@H](O[C@H]6[C@H](O)[C@@H](O)[C@@H](O[C@H]7[C@H](O)[C@@H](O)[C@@H](O[C@H]8[C@H](O)[C@@H](O)[C@@H](O[C@H]9[C@H](O)[C@@H](O)[C@@H](O[C@H]1[C@H](O)[C@H]2O)O[C@@H]9CO)O[C@@H]8CO)O[C@@H]7CO)O[C@@H]6CO)O[C@@H]5CO)O[C@@H]4CO)O[C@@H]3CO,4E4982FCAA8A96CE9D40EDC97C9574B542F86F2BEB463ECAA6DCE3670D2F9B83,HOST_CAN_0177,PASS,COc1ccc2ccc(=O)oc2c1,BBFF65292696BF603D542E884ED889303907761B22AFB5023666365137454B7D,GUEST_CAN_0501,PASS,GINE,4,host_cold,4,2.2607803344726562
1601,81,90,[Na]OS(=O)(=O)CCCOc1c2CN3C(=O)N4[C@]5([C@@]3(N(Cc2c(c2c1cccc2)OCCCS(=O)(=O)O[Na])C(=O)N5CN1[C@@H]2N(C4)C(=O)N3[C@@H]2N(C1=O)CN1[C@@]2(N(C3)C(=O)N3[C@]2(C)N(C1=O)Cc1c(C3)c(OCCCS(=O)(=O)O[Na])c2c(c1OCCCS(=O)(=O)O[Na])cccc2)C)C)C,O=C1C=C(NC(=O)c2cc3ccccc3nc2O)[C@@H]([C@H]2[C@@H]1O2)O,other,4.556300163269043,C[C@]12N3Cc4c(c(OCCCS(=O)(=O)[O][Na])c5ccccc5c4OCCCS(=O)(=O)[O][Na])CN1C(=O)N1CN4C(=O)N5CN6C(=O)N7Cc8c(c(OCCCS(=O)(=O)[O][Na])c9ccccc9c8OCCCS(=O)(=O)[O][Na])CN8C(=O)N(CN9C(=O)N(CN(C3=O)[C@]12C)[C@@H]4[C@H]95)[C@]6(C)[C@@]78C,1051D36AAACAE48FD5F1E66929B325E14F767999AA707E5010C4574020990EA7,HOST_CAN_0089,PASS,O=C(NC1=CC(=O)[C@H]2O[C@H]2[C@H]1O)c1cc2ccccc2nc1O,FDF8CE2A8B4B2A3DB312AD1231F5B6666439F2E4BEB6DF93515A1333E1D206F0,GUEST_CAN_0852,PASS,GINE,4,host_cold,4,4.419626235961914
1604,104,229,C1COCCOCCN2CCOCCOCCN1CCOCCOCCOCC2,[Na+],other,1.649999976158142,C1COCCN2CCOCCOCCN(CCOCCO1)CCOCCOCC2,FC2FBDD1CDCC0BE65573222C4E8FD2959C4D898D99922B825F4B9F435E9AD133,HOST_CAN_0005,PASS,[Na+],C967F382B185E1578CB9153250886D12807928AF715FC44BD49BA94ACEDD7043,GUEST_CAN_1098,PASS,GINE,4,host_cold,4,1.997950792312622
1607,9,467,[O-]C(=O)COc1ccc2c3c1CNC(=O)c1c(OCC(=O)[O-])ccc4c1ccc1c4C4CC(O1)Oc1c4c4ccc(c(C(=O)NCc5c6c(c7C8c2c(cc3)OC(C8)Oc7cc6)ccc5OCC(=O)[O-])c4cc1)OCC(=O)[O-].[NH4+].[NH4+].[NH4+].[NH4+],CC(C)O,other,1.3009999990463257,O=C([O-])COc1ccc2c3c4ccc2c1CNC(=O)c1c(OCC(=O)[O-])ccc2c5c(ccc12)OC1CC5c2c(ccc5c(c(OCC(=O)[O-])ccc25)C(=O)NCc2c(OCC(=O)[O-])ccc5c6c(ccc25)OC(CC36)O4)O1.[NH4+].[NH4+].[NH4+].[NH4+],7D3830C6A6E10F82EEBCC3ED68B861BB21ED63B1DDB277580F3032527E5A1183,HOST_CAN_0139,PASS,CC(C)O,DBB1AC6E5DE735970D66B019862ECF51F867BE44B3D2BCCE9FA8B917092E5625,GUEST_CAN_0163,PASS,GINE,4,host_cold,4,1.919084072113037
1614,9,211,[O-]C(=O)COc1ccc2c3c1CNC(=O)c1c(OCC(=O)[O-])ccc4c1ccc1c4C4CC(O1)Oc1c4c4ccc(c(C(=O)NCc5c6c(c7C8c2c(cc3)OC(C8)Oc7cc6)ccc5OCC(=O)[O-])c4cc1)OCC(=O)[O-].[NH4+].[NH4+].[NH4+].[NH4+],CC#N,other,0.9031000137329102,O=C([O-])COc1ccc2c3c4ccc2c1CNC(=O)c1c(OCC(=O)[O-])ccc2c5c(ccc12)OC1CC5c2c(ccc5c(c(OCC(=O)[O-])ccc25)C(=O)NCc2c(OCC(=O)[O-])ccc5c6c(ccc25)OC(CC36)O4)O1.[NH4+].[NH4+].[NH4+].[NH4+],7D3830C6A6E10F82EEBCC3ED68B861BB21ED63B1DDB277580F3032527E5A1183,HOST_CAN_0139,PASS,CC#N,FDD689A8C9458D0C74F4E8E0D335DCFC7416C1B04DF6625B21F2D2EE202B808A,GUEST_CAN_0061,PASS,GINE,4,host_cold,4,3.3736777305603027
1621,8,902,C1N2C3C4N(C2=O)CN5C6C7N(C5=O)CN8C9C2N(C8=O)CN5C8C%10N(C5=O)CN5C%11C%12N(C5=O)CN5C%13C(N1C5=O)N1CN3C(=O)N4CN6C(=O)N7CN9C(=O)N2CN8C(=O)N%10CN%11C(=O)N%12CN%13C1=O,C1=CC(=CC=C1N)N,cucurbituril,3.2695000171661377,O=C1N2CN3C(=O)N4CN5C(=O)N6CN7C(=O)N8CN9C(=O)N%10CN%11C(=O)N%12CN1C1C2N2CN%13C(=O)N(CN%14C(=O)N(CN%15C(=O)N(CN%16C(=O)N(CN%17C(=O)N(CN1C2=O)C%12C%11%17)C%10C9%16)C8C7%15)C6C5%14)C4C3%13,2526C525F966BEE6CB589BBB60C9F4124C02584847747BDAFF4E92B4462536E8,HOST_CAN_0149,PASS,Nc1ccc(N)cc1,61B1D7A5005FD19286F8966FC2E34EFBEFA0E635D327C2874ACDB39786B5D17D,GUEST_CAN_0828,PASS,GINE,4,host_cold,4,6.0128493309021
1625,85,177,OC[C@H]1O[C@@H]2O[C@@H]3[C@@H](CO)O[C@H](O[C@@H]4[C@@H](CO)O[C@H](O[C@@H]5[C@@H](CO)O[C@H](O[C@@H]6[C@@H](CO)O[C@H](O[C@@H]7[C@@H](CO)O[C@H](O[C@@H]8[C@@H](CO)O[C@H](O[C@@H]9[C@@H](CO)O[C@H](O[C@H]1[C@H](O)[C@H]2O)[C@H](O)[C@H]9O)[C@H](O)[C@H]8O)[C@H](O)[C@H]7O)[C@H](O)[C@H]6O)[C@H](O)[C@H]5O)[C@H](O)[C@H]4O)[C@H](O)[C@H]3O,C1=CC=C2C(=C1)C(=O)OC2(C3=CC=C(C=C3)O)C4=CC=C(C=C4)O,cyclodextrin,3.4969000816345215,OC[C@H]1O[C@@H]2O[C@H]3[C@H](O)[C@@H](O)[C@@H](O[C@H]4[C@H](O)[C@@H](O)[C@@H](O[C@H]5[C@H](O)[C@@H](O)[C@@H](O[C@H]6[C@H](O)[C@@H](O)[C@@H](O[C@H]7[C@H](O)[C@@H](O)[C@@H](O[C@H]8[C@H](O)[C@@H](O)[C@@H](O[C@H]9[C@H](O)[C@@H](O)[C@@H](O[C@H]1[C@H](O)[C@H]2O)O[C@@H]9CO)O[C@@H]8CO)O[C@@H]7CO)O[C@@H]6CO)O[C@@H]5CO)O[C@@H]4CO)O[C@@H]3CO,4E4982FCAA8A96CE9D40EDC97C9574B542F86F2BEB463ECAA6DCE3670D2F9B83,HOST_CAN_0177,PASS,O=C1OC(c2ccc(O)cc2)(c2ccc(O)cc2)c2ccccc21,8B6A078C20DF8C97EAEB581B4C52931EB6E1C86D71F32C0714DA3023DA02626D,GUEST_CAN_0922,PASS,GINE,4,host_cold,4,2.6067686080932617
1634,8,3,C1N2C3C4N(C2=O)CN5C6C7N(C5=O)CN8C9C2N(C8=O)CN5C8C%10N(C5=O)CN5C%11C%12N(C5=O)CN5C%13C(N1C5=O)N1CN3C(=O)N4CN6C(=O)N7CN9C(=O)N2CN8C(=O)N%10CN%11C(=O)N%12CN%13C1=O,C[N+]1=C2C(=C3C=CC4=C(C3=C1)OCO4)C=CC5=CC6=C(C=C52)OCO6,cucurbituril,3.828000068664551,O=C1N2CN3C(=O)N4CN5C(=O)N6CN7C(=O)N8CN9C(=O)N%10CN%11C(=O)N%12CN1C1C2N2CN%13C(=O)N(CN%14C(=O)N(CN%15C(=O)N(CN%16C(=O)N(CN%17C(=O)N(CN1C2=O)C%12C%11%17)C%10C9%16)C8C7%15)C6C5%14)C4C3%13,2526C525F966BEE6CB589BBB60C9F4124C02584847747BDAFF4E92B4462536E8,HOST_CAN_0149,PASS,C[n+]1cc2c3c(ccc2c2ccc4cc5c(cc4c21)OCO5)OCO3,232E12C2CD073D28154FED05C0C8FCDDDE2B8CA8864E27CCCB4D4C935C3224C9,GUEST_CAN_0619,PASS,GINE,4,host_cold,4,4.695579528808594
1643,8,470,C1N2C3C4N(C2=O)CN5C6C7N(C5=O)CN8C9C2N(C8=O)CN5C8C%10N(C5=O)CN5C%11C%12N(C5=O)CN5C%13C(N1C5=O)N1CN3C(=O)N4CN6C(=O)N7CN9C(=O)N2CN8C(=O)N%10CN%11C(=O)N%12CN%13C1=O,CS(=O)C,cucurbituril,3.079200029373169,O=C1N2CN3C(=O)N4CN5C(=O)N6CN7C(=O)N8CN9C(=O)N%10CN%11C(=O)N%12CN1C1C2N2CN%13C(=O)N(CN%14C(=O)N(CN%15C(=O)N(CN%16C(=O)N(CN%17C(=O)N(CN1C2=O)C%12C%11%17)C%10C9%16)C8C7%15)C6C5%14)C4C3%13,2526C525F966BEE6CB589BBB60C9F4124C02584847747BDAFF4E92B4462536E8,HOST_CAN_0149,PASS,CS(C)=O,EF4A329FE2B9444E2AE17D5A7D6B0FD38E35D5EAE829D6CA83527841C4D3898F,GUEST_CAN_0511,PASS,GINE,4,host_cold,4,3.372511148452759
1646,8,913,C1N2C3C4N(C2=O)CN5C6C7N(C5=O)CN8C9C2N(C8=O)CN5C8C%10N(C5=O)CN5C%11C%12N(C5=O)CN5C%13C(N1C5=O)N1CN3C(=O)N4CN6C(=O)N7CN9C(=O)N2CN8C(=O)N%10CN%11C(=O)N%12CN%13C1=O,C(C1=CC=CC=C1)[NH3+],cucurbituril,2.43179988861084,O=C1N2CN3C(=O)N4CN5C(=O)N6CN7C(=O)N8CN9C(=O)N%10CN%11C(=O)N%12CN1C1C2N2CN%13C(=O)N(CN%14C(=O)N(CN%15C(=O)N(CN%16C(=O)N(CN%17C(=O)N(CN1C2=O)C%12C%11%17)C%10C9%16)C8C7%15)C6C5%14)C4C3%13,2526C525F966BEE6CB589BBB60C9F4124C02584847747BDAFF4E92B4462536E8,HOST_CAN_0149,PASS,[NH3+]Cc1ccccc1,866BA1086C256C20A0F0A52901D8D889D4D162AB6005A2B8E393BE66CFDF0A3D,GUEST_CAN_1095,PASS,GINE,4,host_cold,4,5.58377742767334
1647,9,914,[O-]C(=O)COc1ccc2c3c1CNC(=O)c1c(OCC(=O)[O-])ccc4c1ccc1c4C4CC(O1)Oc1c4c4ccc(c(C(=O)NCc5c6c(c7C8c2c(cc3)OC(C8)Oc7cc6)ccc5OCC(=O)[O-])c4cc1)OCC(=O)[O-].[NH4+].[NH4+].[NH4+].[NH4+],N1N=CN=C1,other,1.6128000020980835,O=C([O-])COc1ccc2c3c4ccc2c1CNC(=O)c1c(OCC(=O)[O-])ccc2c5c(ccc12)OC1CC5c2c(ccc5c(c(OCC(=O)[O-])ccc25)C(=O)NCc2c(OCC(=O)[O-])ccc5c6c(ccc25)OC(CC36)O4)O1.[NH4+].[NH4+].[NH4+].[NH4+],7D3830C6A6E10F82EEBCC3ED68B861BB21ED63B1DDB277580F3032527E5A1183,HOST_CAN_0139,PASS,c1nc[nH]n1,32CA2262B0D7BC6223173F424D0E3E0DB7414BE927EF3264C43521C4F5A00E18,GUEST_CAN_1152,PASS,GINE,4,host_cold,4,2.9677748680114746
1651,35,604,[O-]P(=O)(Oc1c2c(c(c3c1C1CC3c3c1cc1c(c3)C3CC1c1c3cccc1)OP(=O)(C)[O-])C1CC2c2c1cc1c(c2)C2CC1c1c2cccc1)C.[Li+].[Li+],C1=CC=C(C=C1)CN.Cl,other,2.079200029373169,CP(=O)([O-])Oc1c2c(c(OP(C)(=O)[O-])c3c1C1CC3c3cc4c(cc31)C1CC4c3ccccc31)C1CC2c2cc3c(cc21)C1CC3c2ccccc21.[Li+].[Li+],0523E219D88C79C8FF3952D24ADDE3A68E28198CE5EE5C77D8FECF429412627C,HOST_CAN_0082,PASS,Cl.NCc1ccccc1,940B23638656F8FE23E14ED8A0BBBA6E62D42F8FE7C323CF9C1D5C7983D012F0,GUEST_CAN_0694,PASS,GINE,4,host_cold,4,4.310251712799072
1656,38,175,C1C2C3=CC=CC=C3C4=C5C6CC7=CC=CC=C7C8=CC(=CC(=C8)C9=CC=CC=C9CC3C7=CC=CC=C7C(=C24)C3=C5C2=CC=CC=C62)C2=CC=CC=C21,CCCC[N+](CCCC)(CCCC)CCCC.[I-],cyclophane,4.99560022354126,c1ccc2c(c1)CC1c3ccccc3-c3c1c1c4c5c3C(Cc3ccccc3-c3cc-2cc(c3)-c2ccccc2CC4c2ccccc2-1)c1ccccc1-5,7D60610AC6275537B6952E12359C97C789A38E2FA1295732E16AF89573CE95C4,HOST_CAN_0186,PASS,CCCC[N+](CCCC)(CCCC)CCCC.[I-],AEB60E90607A4F8C1F949B3EACD125A2B91E0A4DEAD7B24D9097176DB9E506E4,GUEST_CAN_0318,PASS,GINE,4,host_cold,4,3.966136932373047
1664,8,921,C1N2C3C4N(C2=O)CN5C6C7N(C5=O)CN8C9C2N(C8=O)CN5C8C%10N(C5=O)CN5C%11C%12N(C5=O)CN5C%13C(N1C5=O)N1CN3C(=O)N4CN6C(=O)N7CN9C(=O)N2CN8C(=O)N%10CN%11C(=O)N%12CN%13C1=O,C1=CC(=C(C=C1CN)O)O.Cl,cucurbituril,1.0,O=C1N2CN3C(=O)N4CN5C(=O)N6CN7C(=O)N8CN9C(=O)N%10CN%11C(=O)N%12CN1C1C2N2CN%13C(=O)N(CN%14C(=O)N(CN%15C(=O)N(CN%16C(=O)N(CN%17C(=O)N(CN1C2=O)C%12C%11%17)C%10C9%16)C8C7%15)C6C5%14)C4C3%13,2526C525F966BEE6CB589BBB60C9F4124C02584847747BDAFF4E92B4462536E8,HOST_CAN_0149,PASS,Cl.NCc1ccc(O)c(O)c1,45E625BC23066316A6C6D3D585840FDE8BD1E49D7761E14C92730C0D326D8621,GUEST_CAN_0693,PASS,GINE,4,host_cold,4,5.38728141784668
1670,81,544,[Na]OS(=O)(=O)CCCOc1c2CN3C(=O)N4[C@]5([C@@]3(N(Cc2c(c2c1cccc2)OCCCS(=O)(=O)O[Na])C(=O)N5CN1[C@@H]2N(C4)C(=O)N3[C@@H]2N(C1=O)CN1[C@@]2(N(C3)C(=O)N3[C@]2(C)N(C1=O)Cc1c(C3)c(OCCCS(=O)(=O)O[Na])c2c(c1OCCCS(=O)(=O)O[Na])cccc2)C)C)C,C1CN(CCN1CCC2=C(C=C3C(=C2)CC(=O)N3)Cl)C4=NSC5=CC=CC=C54,other,3.9911999702453613,C[C@]12N3Cc4c(c(OCCCS(=O)(=O)[O][Na])c5ccccc5c4OCCCS(=O)(=O)[O][Na])CN1C(=O)N1CN4C(=O)N5CN6C(=O)N7Cc8c(c(OCCCS(=O)(=O)[O][Na])c9ccccc9c8OCCCS(=O)(=O)[O][Na])CN8C(=O)N(CN9C(=O)N(CN(C3=O)[C@]12C)[C@@H]4[C@H]95)[C@]6(C)[C@@]78C,1051D36AAACAE48FD5F1E66929B325E14F767999AA707E5010C4574020990EA7,HOST_CAN_0089,PASS,O=C1Cc2cc(CCN3CCN(c4nsc5ccccc45)CC3)c(Cl)cc2N1,5C29CDC659AEEDE5E084EE663C3DDDAF5EC9373DB128425FD8B71EF81BA66DC6,GUEST_CAN_0920,PASS,GINE,4,host_cold,4,5.229343414306641
1672,9,608,[O-]C(=O)COc1ccc2c3c1CNC(=O)c1c(OCC(=O)[O-])ccc4c1ccc1c4C4CC(O1)Oc1c4c4ccc(c(C(=O)NCc5c6c(c7C8c2c(cc3)OC(C8)Oc7cc6)ccc5OCC(=O)[O-])c4cc1)OCC(=O)[O-].[NH4+].[NH4+].[NH4+].[NH4+],C12CCCC2O1,other,2.1303000450134277,O=C([O-])COc1ccc2c3c4ccc2c1CNC(=O)c1c(OCC(=O)[O-])ccc2c5c(ccc12)OC1CC5c2c(ccc5c(c(OCC(=O)[O-])ccc25)C(=O)NCc2c(OCC(=O)[O-])ccc5c6c(ccc25)OC(CC36)O4)O1.[NH4+].[NH4+].[NH4+].[NH4+],7D3830C6A6E10F82EEBCC3ED68B861BB21ED63B1DDB277580F3032527E5A1183,HOST_CAN_0139,PASS,C1CC2OC2C1,AD5402F59623FF096FB09FB5E439673682FDBBE4C8B9FE0054050E95FE2FEB01,GUEST_CAN_0026,PASS,GINE,4,host_cold,4,5.433957576751709
1677,35,482,[O-]P(=O)(Oc1c2c(c(c3c1C1CC3c3c1cc1c(c3)C3CC1c1c3cccc1)OP(=O)(C)[O-])C1CC2c2c1cc1c(c2)C2CC1c1c2cccc1)C.[Li+].[Li+],NCCCC[C@@H](C(=O)N[C@H](C(=O)N[C@H](C(=O)N[C@H](C(=O)N[C@H](C(=O)O)Cc1ccccc1)Cc1ccccc1)C(C)C)CC(C)C)NC(=O)[C@H](CCCCN)N,other,4.3628997802734375,CP(=O)([O-])Oc1c2c(c(OP(C)(=O)[O-])c3c1C1CC3c3cc4c(cc31)C1CC4c3ccccc31)C1CC2c2cc3c(cc21)C1CC3c2ccccc21.[Li+].[Li+],0523E219D88C79C8FF3952D24ADDE3A68E28198CE5EE5C77D8FECF429412627C,HOST_CAN_0082,PASS,CC(C)C[C@H](NC(=O)[C@H](CCCCN)NC(=O)[C@@H](N)CCCCN)C(=O)N[C@H](C(=O)N[C@@H](Cc1ccccc1)C(=O)N[C@@H](Cc1ccccc1)C(=O)O)C(C)C,0997970723A6E7E55DC702BD2723B657F6F04F28E9DC92DEA823BD50DDC4E280,GUEST_CAN_0157,PASS,GINE,4,host_cold,4,5.215827465057373
1682,51,925,C1N2C3C4N(C2=O)CN5C6C7N(C5=O)CN8C9C2N(C8=O)CN5C8C%10N(C5=O)CN5C%11C%12N(C5=O)CN5C%13C%14N(C5=O)CN5C%15C%16N(C5=O)CN5C%17C%18N(C5=O)CN5C%19C%20N(C5=O)CN5C%21C(N1C5=O)N1CN3C(=O)N4CN6C(=O)N7CN9C(=O)N2CN8C(=O)N%10CN%11C(=O)N%12CN%13C(=O)N%14CN%15C(=O)N%16CN%17C(=O)N%18CN%19C(=O)N%20CN%21C1=O,c1ccc2c(n1)c1ncccc1cc2.c1ccc2c(n1)c1ncccc1cc2.c1ccc2c(n1)c1ncccc1cc2.[Ir+3],cucurbituril,7.0,O=C1N2CN3C(=O)N4CN5C(=O)N6CN7C(=O)N8CN9C(=O)N%10CN%11C(=O)N%12CN%13C(=O)N%14CN%15C(=O)N%16CN%17C(=O)N%18CN%19C(=O)N%20CN1C1C2N2CN%21C(=O)N(CN%22C(=O)N(CN%23C(=O)N(CN%24C(=O)N(CN%25C(=O)N(CN%26C(=O)N(CN%27C(=O)N(CN%28C(=O)N(CN%29C(=O)N(CN1C2=O)C%20C%19%29)C%18C%17%28)C%16C%15%27)C%14C%13%26)C%12C%11%25)C%10C9%24)C8C7%23)C6C5%22)C4C3%21,E6025A48DEEE6C9E6878EC627A6CB37BA95516523DC76F4BD8E7A3BC0D967C68,HOST_CAN_0142,PASS,[Ir+3].c1cnc2c(c1)ccc1cccnc12.c1cnc2c(c1)ccc1cccnc12.c1cnc2c(c1)ccc1cccnc12,1B782584E4FDDB9DDEF7F5F5CEE10371FBA62BF5316F56E291FB7B4B074F243F,GUEST_CAN_1066,PASS,GINE,4,host_cold,4,4.804990768432617
1690,51,927,C1N2C3C4N(C2=O)CN5C6C7N(C5=O)CN8C9C2N(C8=O)CN5C8C%10N(C5=O)CN5C%11C%12N(C5=O)CN5C%13C%14N(C5=O)CN5C%15C%16N(C5=O)CN5C%17C%18N(C5=O)CN5C%19C%20N(C5=O)CN5C%21C(N1C5=O)N1CN3C(=O)N4CN6C(=O)N7CN9C(=O)N2CN8C(=O)N%10CN%11C(=O)N%12CN%13C(=O)N%14CN%15C(=O)N%16CN%17C(=O)N%18CN%19C(=O)N%20CN%21C1=O,CC1=CC=NC(C2=CC(CCCCCCCC3=CC=NC(C4=CC(C)=CC=N4)=C3)=CC=N2)=C1.CC5=CC=NC6=C5C=CC7=C6N=CC(C)=C7.[Ru+2],cucurbituril,6.99560022354126,O=C1N2CN3C(=O)N4CN5C(=O)N6CN7C(=O)N8CN9C(=O)N%10CN%11C(=O)N%12CN%13C(=O)N%14CN%15C(=O)N%16CN%17C(=O)N%18CN%19C(=O)N%20CN1C1C2N2CN%21C(=O)N(CN%22C(=O)N(CN%23C(=O)N(CN%24C(=O)N(CN%25C(=O)N(CN%26C(=O)N(CN%27C(=O)N(CN%28C(=O)N(CN%29C(=O)N(CN1C2=O)C%20C%19%29)C%18C%17%28)C%16C%15%27)C%14C%13%26)C%12C%11%25)C%10C9%24)C8C7%23)C6C5%22)C4C3%21,E6025A48DEEE6C9E6878EC627A6CB37BA95516523DC76F4BD8E7A3BC0D967C68,HOST_CAN_0142,PASS,Cc1ccnc(-c2cc(CCCCCCCc3ccnc(-c4cc(C)ccn4)c3)ccn2)c1.Cc1cnc2c(ccc3c(C)ccnc32)c1.[Ru+2],F49EBAB20DCA3B7D03CD1A0F254401A443A34C4DF96675633C2B0EC429869D0D,GUEST_CAN_0672,PASS,GINE,4,host_cold,4,5.574095726013184
1697,51,930,C1N2C3C4N(C2=O)CN5C6C7N(C5=O)CN8C9C2N(C8=O)CN5C8C%10N(C5=O)CN5C%11C%12N(C5=O)CN5C%13C%14N(C5=O)CN5C%15C%16N(C5=O)CN5C%17C%18N(C5=O)CN5C%19C%20N(C5=O)CN5C%21C(N1C5=O)N1CN3C(=O)N4CN6C(=O)N7CN9C(=O)N2CN8C(=O)N%10CN%11C(=O)N%12CN%13C(=O)N%14CN%15C(=O)N%16CN%17C(=O)N%18CN%19C(=O)N%20CN%21C1=O,c1ccc(nc1)c1ccccn1.CCCC[NH2+]Cc1ccc(cc1)c1ccccn1.CCCC[NH2+]Cc1ccc(cc1)c1ccccn1.[Ir+],cucurbituril,6.698999881744385,O=C1N2CN3C(=O)N4CN5C(=O)N6CN7C(=O)N8CN9C(=O)N%10CN%11C(=O)N%12CN%13C(=O)N%14CN%15C(=O)N%16CN%17C(=O)N%18CN%19C(=O)N%20CN1C1C2N2CN%21C(=O)N(CN%22C(=O)N(CN%23C(=O)N(CN%24C(=O)N(CN%25C(=O)N(CN%26C(=O)N(CN%27C(=O)N(CN%28C(=O)N(CN%29C(=O)N(CN1C2=O)C%20C%19%29)C%18C%17%28)C%16C%15%27)C%14C%13%26)C%12C%11%25)C%10C9%24)C8C7%23)C6C5%22)C4C3%21,E6025A48DEEE6C9E6878EC627A6CB37BA95516523DC76F4BD8E7A3BC0D967C68,HOST_CAN_0142,PASS,CCCC[NH2+]Cc1ccc(-c2ccccn2)cc1.CCCC[NH2+]Cc1ccc(-c2ccccn2)cc1.[Ir+].c1ccc(-c2ccccn2)nc1,B1AA0B3584E5F63FFB08CA7B07C52DB7EF487DA693B5E48E87666F15B946D977,GUEST_CAN_0321,PASS,GINE,4,host_cold,4,6.379995346069336
1701,115,933,C(CCC)C1=C(C(OC2=CC(=CC=C12)N(CC)CC)=O)C=O,N[C@H](C(=O)O)CO,other,0.7160000205039978,CCCCc1c(C=O)c(=O)oc2cc(N(CC)CC)ccc12,50E4CC3B42DB2A1D81BA2FCB02D3EA8F0BF1EB0B92ACDAB1C80BFBFCC39A06BB,HOST_CAN_0035,PASS,N[C@@H](CO)C(=O)O,393FC58E201AE22891BF895E57CC96F0308A4AB9F195DA4C5539EA11326C17E1,GUEST_CAN_0818,PASS,GINE,4,host_cold,4,1.1121435165405273
1706,17,938,COP(=O)(Cc1cc2ccc1OCc1cc(COc3ccc(cc3CP(=O)(OC)[O-])C(C)(C)c3ccc(OCc4cc(COc5ccc(C2(C)C)cc5CP(=O)(OC)[O-])cc(c4)[N+](=O)[O-])c(c3)CP(=O)(OC)[O-])cc(c1)[N+](=O)[O-])[O-],Cl.NC(C(O)C1=CC=C(C=C1)[N+](=O)[O-])CO,other,2.136699914932251,COP(=O)([O-])Cc1cc2ccc1OCc1cc(cc([N+](=O)[O-])c1)COc1ccc(cc1CP(=O)([O-])OC)C(C)(C)c1ccc(c(CP(=O)([O-])OC)c1)OCc1cc(cc([N+](=O)[O-])c1)COc1ccc(cc1CP(=O)([O-])OC)C2(C)C,5C9812D0AA59E8C93387DCBA9CDBD0E45705FA87B439937B162042CB092EC8B9,HOST_CAN_0069,PASS,Cl.NC(CO)C(O)c1ccc([N+](=O)[O-])cc1,FD8CB9EE842496EF142DE269D7A00A2265D5DE47F46BE58D1857DFC1C4ED5D16,GUEST_CAN_0683,PASS,GINE,4,host_cold,4,3.1953134536743164
1711,85,900,OC[C@H]1O[C@@H]2O[C@@H]3[C@@H](CO)O[C@H](O[C@@H]4[C@@H](CO)O[C@H](O[C@@H]5[C@@H](CO)O[C@H](O[C@@H]6[C@@H](CO)O[C@H](O[C@@H]7[C@@H](CO)O[C@H](O[C@@H]8[C@@H](CO)O[C@H](O[C@@H]9[C@@H](CO)O[C@H](O[C@H]1[C@H](O)[C@H]2O)[C@H](O)[C@H]9O)[C@H](O)[C@H]8O)[C@H](O)[C@H]7O)[C@H](O)[C@H]6O)[C@H](O)[C@H]5O)[C@H](O)[C@H]4O)[C@H](O)[C@H]3O,C1C2C3CC4(CC2C5CC1(CC3C5C4)N)N,cyclodextrin,1.0,OC[C@H]1O[C@@H]2O[C@H]3[C@H](O)[C@@H](O)[C@@H](O[C@H]4[C@H](O)[C@@H](O)[C@@H](O[C@H]5[C@H](O)[C@@H](O)[C@@H](O[C@H]6[C@H](O)[C@@H](O)[C@@H](O[C@H]7[C@H](O)[C@@H](O)[C@@H](O[C@H]8[C@H](O)[C@@H](O)[C@@H](O[C@H]9[C@H](O)[C@@H](O)[C@@H](O[C@H]1[C@H](O)[C@H]2O)O[C@@H]9CO)O[C@@H]8CO)O[C@@H]7CO)O[C@@H]6CO)O[C@@H]5CO)O[C@@H]4CO)O[C@@H]3CO,4E4982FCAA8A96CE9D40EDC97C9574B542F86F2BEB463ECAA6DCE3670D2F9B83,HOST_CAN_0177,PASS,NC12CC3C4CC5(N)CC3C(C1)C(C5)C4C2,178967A82FE4D5006A72A7B63F3D2FF615745F7AA6CFA32B24B2EAA0234DB994,GUEST_CAN_0756,PASS,GINE,4,host_cold,4,4.653656005859375
1716,9,914,[O-]C(=O)COc1ccc2c3c1CNC(=O)c1c(OCC(=O)[O-])ccc4c1ccc1c4C4CC(O1)Oc1c4c4ccc(c(C(=O)NCc5c6c(c7C8c2c(cc3)OC(C8)Oc7cc6)ccc5OCC(=O)[O-])c4cc1)OCC(=O)[O-].[NH4+].[NH4+].[NH4+].[NH4+],N1N=CN=C1,other,2.2147998809814453,O=C([O-])COc1ccc2c3c4ccc2c1CNC(=O)c1c(OCC(=O)[O-])ccc2c5c(ccc12)OC1CC5c2c(ccc5c(c(OCC(=O)[O-])ccc25)C(=O)NCc2c(OCC(=O)[O-])ccc5c6c(ccc25)OC(CC36)O4)O1.[NH4+].[NH4+].[NH4+].[NH4+],7D3830C6A6E10F82EEBCC3ED68B861BB21ED63B1DDB277580F3032527E5A1183,HOST_CAN_0139,PASS,c1nc[nH]n1,32CA2262B0D7BC6223173F424D0E3E0DB7414BE927EF3264C43521C4F5A00E18,GUEST_CAN_1152,PASS,GINE,4,host_cold,4,2.9677748680114746
1717,94,171,CC(C(O[Na])=O)OC(C(OC(C)C(O[Na])=O)=C1)=CC2=C1C(C=C(OC(C(O[Na])=O)C)C(OC(C(O[Na])=O)C)=C3)=C3C4=C2C=C(OC(C(O[Na])=O)C)C(OC(C)C(O[Na])=O)=C4,C1=CC(=C(C=C1CCN)O)O,other,2.2878000736236572,CC(Oc1cc2c3cc(OC(C)C(=O)[O][Na])c(OC(C)C(=O)[O][Na])cc3c3cc(OC(C)C(=O)[O][Na])c(OC(C)C(=O)[O][Na])cc3c2cc1OC(C)C(=O)[O][Na])C(=O)[O][Na],BA584CA32AF40B5CC01118169993C3B68F1DD55FC57084F45766D3D97748C6AD,HOST_CAN_0016,PASS,NCCc1ccc(O)c(O)c1,8C989074BC36C962545C6731CBB09A9BCEAD59D65B1AEE4A0B8B096CFFB8E510,GUEST_CAN_0808,PASS,GINE,4,host_cold,4,4.438053131103516
1719,9,203,[O-]C(=O)COc1ccc2c3c1CNC(=O)c1c(OCC(=O)[O-])ccc4c1ccc1c4C4CC(O1)Oc1c4c4ccc(c(C(=O)NCc5c6c(c7C8c2c(cc3)OC(C8)Oc7cc6)ccc5OCC(=O)[O-])c4cc1)OCC(=O)[O-].[NH4+].[NH4+].[NH4+].[NH4+],C1CCOC1,other,1.954200029373169,O=C([O-])COc1ccc2c3c4ccc2c1CNC(=O)c1c(OCC(=O)[O-])ccc2c5c(ccc12)OC1CC5c2c(ccc5c(c(OCC(=O)[O-])ccc25)C(=O)NCc2c(OCC(=O)[O-])ccc5c6c(ccc25)OC(CC36)O4)O1.[NH4+].[NH4+].[NH4+].[NH4+],7D3830C6A6E10F82EEBCC3ED68B861BB21ED63B1DDB277580F3032527E5A1183,HOST_CAN_0139,PASS,C1CCOC1,92623CCD36BC322BF260D54035FF640468C5FF006FE42959840EAA9126B6208E,GUEST_CAN_0029,PASS,GINE,4,host_cold,4,4.111807823181152
1730,98,138,C([C@@H]1[C@@H]2[C@@H]([C@H]([C@H](O1)O[C@@H]3[C@H](O[C@@H]([C@@H]([C@H]3O)O)O[C@@H]4[C@H](O[C@@H]([C@@H]([C@H]4O)O)O[C@@H]5[C@H](O[C@@H]([C@@H]([C@H]5O)O)O[C@@H]6[C@H](O[C@@H]([C@@H]([C@H]6O)O)O[C@@H]7[C@H](O[C@@H]([C@@H]([C@H]7O)O)O[C@@H]8[C@H](O[C@H](O2)[C@@H]([C@H]8O)O)CO)CO)CO)CO)CO)CO)O)O)NCC(=O)O,CC1=CC2=C(C=C1N)[N+](=C3C=C(C(=CC3=N2)C)N)C4=CC=CC=C4.[Cl-],cyclodextrin,2.7781999111175537,O=C(O)CNC[C@H]1O[C@@H]2O[C@H]3[C@H](O)[C@@H](O)[C@@H](O[C@H]4[C@H](O)[C@@H](O)[C@@H](O[C@H]5[C@H](O)[C@@H](O)[C@@H](O[C@H]6[C@H](O)[C@@H](O)[C@@H](O[C@H]7[C@H](O)[C@@H](O)[C@@H](O[C@H]8[C@H](O)[C@@H](O)[C@@H](O[C@H]1[C@H](O)[C@H]2O)O[C@@H]8CO)O[C@@H]7CO)O[C@@H]6CO)O[C@@H]5CO)O[C@@H]4CO)O[C@@H]3CO,1CB8BB8FC7131D0029408460C176413DD5567C2F911FE5DE54C9E901F56DC40B,HOST_CAN_0125,PASS,Cc1cc2nc3cc(C)c(N)cc3[n+](-c3ccccc3)c2cc1N.[Cl-],6C23131E23824F74076AE480AD36D628F0F33D6700F3B35A67A21F791CA61E3F,GUEST_CAN_0650,PASS,GINE,4,host_cold,4,2.6620712280273438
1733,9,563,[O-]C(=O)COc1ccc2c3c1CNC(=O)c1c(OCC(=O)[O-])ccc4c1ccc1c4C4CC(O1)Oc1c4c4ccc(c(C(=O)NCc5c6c(c7C8c2c(cc3)OC(C8)Oc7cc6)ccc5OCC(=O)[O-])c4cc1)OCC(=O)[O-].[NH4+].[NH4+].[NH4+].[NH4+],C1=CN=CN1,other,2.52239990234375,O=C([O-])COc1ccc2c3c4ccc2c1CNC(=O)c1c(OCC(=O)[O-])ccc2c5c(ccc12)OC1CC5c2c(ccc5c(c(OCC(=O)[O-])ccc25)C(=O)NCc2c(OCC(=O)[O-])ccc5c6c(ccc25)OC(CC36)O4)O1.[NH4+].[NH4+].[NH4+].[NH4+],7D3830C6A6E10F82EEBCC3ED68B861BB21ED63B1DDB277580F3032527E5A1183,HOST_CAN_0139,PASS,c1c[nH]cn1,5C2D4306FE1E3DA2EA882C9C5F2C78966AE60FF882B2D47C8E561427D5BD7CE5,GUEST_CAN_1120,PASS,GINE,4,host_cold,4,3.2206521034240723
1742,69,951,NCCN1C=C(N=N1)COC(C=C2)=C(CNCC3=C(OCC(N=N4)=CN4CCN)C=CC5=C3C=C6)C7=C2C8=C(C=C7)OC9CC8C%10=C(O9)C=CC%11=C%10C=CC(OCC(N=N%12)=CN%12CCN)=C%11CNCC%13=C(OCC(N=N%14)=CN%14CCN)C=CC%15=C%13C=CC(O%16)=C%15C%17C5=C6OC%16C%17,OC(=O)C(Cc1ccccc1)NC(=O)C,other,3.064500093460083,NCCn1cc(COc2ccc3c4c5ccc3c2CNCc2c(OCc3cn(CCN)nn3)ccc3c6c(ccc23)OC2CC6c3c(ccc6c(c(OCc7cn(CCN)nn7)ccc36)CNCc3c(OCc6cn(CCN)nn6)ccc6c7c(ccc36)OC(CC47)O5)O2)nn1,E69AC36986BDADC1E5A61FE9021251B6D5437DB096F231021CE94D055FF4BCBF,HOST_CAN_0113,PASS,CC(=O)NC(Cc1ccccc1)C(=O)O,CC6FA7DBAD7ADEBC07F58FAA2BE6025206B6C31CC0D76EDEE142CE8D1EDA6C03,GUEST_CAN_0074,PASS,GINE,4,host_cold,4,2.6532135009765625
1745,7,953,O=C(N[C+](N)N)C1=CC=C(C[NH2+]C[C@H]([NH3+])C(CO)=O)N1,C(C)(=O)N[C@@H](CC(=O)O)C(=O)O,other,2.6812000274658203,N[C+](N)NC(=O)c1ccc(C[NH2+]C[C@H]([NH3+])C(=O)CO)[nH]1,444D01334D00CC255705344BB404134716C7E37D874A5C787DB27CDD2348DBF7,HOST_CAN_0114,PASS,CC(=O)N[C@@H](CC(=O)O)C(=O)O,17961F0DA133BA5AA5DD7B250E1C1E3C65A3213B9312061F114620F046124446,GUEST_CAN_0088,PASS,GINE,4,host_cold,4,2.6629514694213867
1756,85,961,OC[C@H]1O[C@@H]2O[C@@H]3[C@@H](CO)O[C@H](O[C@@H]4[C@@H](CO)O[C@H](O[C@@H]5[C@@H](CO)O[C@H](O[C@@H]6[C@@H](CO)O[C@H](O[C@@H]7[C@@H](CO)O[C@H](O[C@@H]8[C@@H](CO)O[C@H](O[C@@H]9[C@@H](CO)O[C@H](O[C@H]1[C@H](O)[C@H]2O)[C@H](O)[C@H]9O)[C@H](O)[C@H]8O)[C@H](O)[C@H]7O)[C@H](O)[C@H]6O)[C@H](O)[C@H]5O)[C@H](O)[C@H]4O)[C@H](O)[C@H]3O,OC(=O)[C@]12C[C@@H]3[C@@H]4[C@H](C1)C1C5(C2)C3[C@@H]2[C@H](C4)[C@H]1C[C@H](C5)C2,cyclodextrin,5.712399959564209,OC[C@H]1O[C@@H]2O[C@H]3[C@H](O)[C@@H](O)[C@@H](O[C@H]4[C@H](O)[C@@H](O)[C@@H](O[C@H]5[C@H](O)[C@@H](O)[C@@H](O[C@H]6[C@H](O)[C@@H](O)[C@@H](O[C@H]7[C@H](O)[C@@H](O)[C@@H](O[C@H]8[C@H](O)[C@@H](O)[C@@H](O[C@H]9[C@H](O)[C@@H](O)[C@@H](O[C@H]1[C@H](O)[C@H]2O)O[C@@H]9CO)O[C@@H]8CO)O[C@@H]7CO)O[C@@H]6CO)O[C@@H]5CO)O[C@@H]4CO)O[C@@H]3CO,4E4982FCAA8A96CE9D40EDC97C9574B542F86F2BEB463ECAA6DCE3670D2F9B83,HOST_CAN_0177,PASS,O=C(O)[C@@]12C[C@@H]3C4[C@@H]5C[C@H]6C[C@@H]7C([C@H](C1)[C@H]3C[C@@H]75)C4(C6)C2,617D325C3D0AF5AC212C0C2CB8A3B5E08E004DD1F6E4BDA5AB7B8CD5C3FD1C07,GUEST_CAN_0881,PASS,GINE,4,host_cold,4,4.8493428230285645
1758,52,126,OC(=O)COc1c2Cc3cc(cc(c3O)Cc3cc(cc(c3O)Cc3cc(cc(Cc4c(c(Cc5c(c(Cc1cc(c2)S(=O)(=O)O)cc(c5)S(=O)(=O)O)O)cc(c4)S(=O)(=O)O)O)c3O)S(=O)(=O)O)S(=O)(=O)O)S(=O)(=O)O,NC(C(=O)O)Cc1ccccc1,calixarene,1.973099946975708,O=C(O)COc1c2cc(S(=O)(=O)O)cc1Cc1cc(S(=O)(=O)O)cc(c1O)Cc1cc(S(=O)(=O)O)cc(c1O)Cc1cc(S(=O)(=O)O)cc(c1O)Cc1cc(S(=O)(=O)O)cc(c1O)Cc1cc(S(=O)(=O)O)cc(c1O)C2,89AB142F8D041F89710D49168CBEF0FA0D792576B82031818BFF7C2DE5D92117,HOST_CAN_0127,PASS,NC(Cc1ccccc1)C(=O)O,4B6B1236F1C31D28D9F95F736FF46B2960AFF4F6FCE3D9E76CF43DE2ADDE8B08,GUEST_CAN_0746,PASS,GINE,4,host_cold,4,3.2753384113311768
1762,72,170,O=C1N2CN3C(=O)N4C5C3N3CN6C2C2N1CN1C(=O)N7C8C1N(CN2C6=O)C(=O)N8CN1C2N(C7)C(=O)N6C2N(C1=O)CN1C2N(C6)C(=O)N6CN7C(=O)N(C4CCc4ccccc4)C4N(CN5C3=O)C(=O)N(C74)CN(C26)C1=O,[NH3+]CCCC[NH3+],cucurbituril,7.411600112915039,O=C1N2CN3C(=O)N4CN5C(=O)N6CN7C(=O)N8CN9C(=O)N%10CN%11C(=O)N%12CN1C1C2N2CN%13C(=O)N(CN%14C(=O)N(CN%15C(=O)N(C8C7%15)C(CCc7ccccc7)N7C(=O)N(CN8C(=O)N(CN1C2=O)C%12C%118)C%10C97)C6C5%14)C4C3%13,36560286898506CAA57C8D987F07AFAC12E98F8C83DA8997C6DC1417F3238164,HOST_CAN_0148,PASS,[NH3+]CCCC[NH3+],E784E21CDCC374849454B4BBAEDEC0DD2BF05295ACB829CC80284AC7800CF77E,GUEST_CAN_1088,PASS,GINE,4,host_cold,4,5.984670639038086
1769,9,964,[O-]C(=O)COc1ccc2c3c1CNC(=O)c1c(OCC(=O)[O-])ccc4c1ccc1c4C4CC(O1)Oc1c4c4ccc(c(C(=O)NCc5c6c(c7C8c2c(cc3)OC(C8)Oc7cc6)ccc5OCC(=O)[O-])c4cc1)OCC(=O)[O-].[NH4+].[NH4+].[NH4+].[NH4+],C1CCC2C(C1)O2,other,1.7633999586105347,O=C([O-])COc1ccc2c3c4ccc2c1CNC(=O)c1c(OCC(=O)[O-])ccc2c5c(ccc12)OC1CC5c2c(ccc5c(c(OCC(=O)[O-])ccc25)C(=O)NCc2c(OCC(=O)[O-])ccc5c6c(ccc25)OC(CC36)O4)O1.[NH4+].[NH4+].[NH4+].[NH4+],7D3830C6A6E10F82EEBCC3ED68B861BB21ED63B1DDB277580F3032527E5A1183,HOST_CAN_0139,PASS,C1CCC2OC2C1,78D4812342A7F88534719C2C2B467B0E7B72F0ECFBE8E31818F971D57D8D8A2B,GUEST_CAN_0027,PASS,GINE,4,host_cold,4,5.419925689697266
1772,8,558,C1N2C3C4N(C2=O)CN5C6C7N(C5=O)CN8C9C2N(C8=O)CN5C8C%10N(C5=O)CN5C%11C%12N(C5=O)CN5C%13C(N1C5=O)N1CN3C(=O)N4CN6C(=O)N7CN9C(=O)N2CN8C(=O)N%10CN%11C(=O)N%12CN%13C1=O,C1=CC=C(C=C1)NC2=CC3=C(C=C2)C=C(C=C3)S(=O)(=O)[O-],cucurbituril,1.715999960899353,O=C1N2CN3C(=O)N4CN5C(=O)N6CN7C(=O)N8CN9C(=O)N%10CN%11C(=O)N%12CN1C1C2N2CN%13C(=O)N(CN%14C(=O)N(CN%15C(=O)N(CN%16C(=O)N(CN%17C(=O)N(CN1C2=O)C%12C%11%17)C%10C9%16)C8C7%15)C6C5%14)C4C3%13,2526C525F966BEE6CB589BBB60C9F4124C02584847747BDAFF4E92B4462536E8,HOST_CAN_0149,PASS,O=S(=O)([O-])c1ccc2cc(Nc3ccccc3)ccc2c1,0824CC1DB2624A014F85DD652F99EC1BBB673337CABFEF6F0B2F4C09F94496B2,GUEST_CAN_0937,PASS,GINE,4,host_cold,4,6.361710548400879
1775,142,221,[Na]OS(=O)(=O)CCCc1ccc2c3c1CN1C(=O)N4[C@@]5([C@@]1(C)N(Cc3c(cc2)CCCS(=O)(=O)O[Na])C(=O)N5CN1[C@H]2N(C4)C(=O)N3[C@H]2N(C1=O)CN1[C@H]2N(C3)C(=O)N3[C@H]2N(C1=O)CN1[C@]2(N(C3)C(=O)N3[C@]2(N(C1=O)Cc1c2c(C3)c(CCCS(=O)(=O)O[Na])ccc2ccc1CCCS(=O)(=O)O[Na])C)C)C,C1=C(NC=N1)CCN,cucurbituril,3.8062000274658203,C[C@]12N3Cc4c(CCCS(=O)(=O)[O][Na])ccc5ccc(CCCS(=O)(=O)[O][Na])c(c45)CN1C(=O)N1CN4C(=O)N5CN6C(=O)N7CN8C(=O)N9Cc%10c(CCCS(=O)(=O)[O][Na])ccc%11ccc(CCCS(=O)(=O)[O][Na])c(c%10%11)CN%10C(=O)N(CN%11C(=O)N(CN%12C(=O)N(CN(C3=O)[C@]12C)[C@@H]4[C@H]%125)[C@@H]6[C@H]%117)[C@]8(C)[C@@]9%10C,830BF403FA9E63AA91A49B5FFFE151ED426E5A39758FD44461918B9242146194,HOST_CAN_0084,PASS,NCCc1cnc[nH]1,15D090429620CA099A147C5AB92E85222F180B20A16D7D5EE0B5A640A2C40D3F,GUEST_CAN_0811,PASS,GINE,4,host_cold,4,3.8141396045684814
1777,9,800,[O-]C(=O)COc1ccc2c3c1CNC(=O)c1c(OCC(=O)[O-])ccc4c1ccc1c4C4CC(O1)Oc1c4c4ccc(c(C(=O)NCc5c6c(c7C8c2c(cc3)OC(C8)Oc7cc6)ccc5OCC(=O)[O-])c4cc1)OCC(=O)[O-].[NH4+].[NH4+].[NH4+].[NH4+],C1CCC(=O)CC1,other,1.544100046157837,O=C([O-])COc1ccc2c3c4ccc2c1CNC(=O)c1c(OCC(=O)[O-])ccc2c5c(ccc12)OC1CC5c2c(ccc5c(c(OCC(=O)[O-])ccc25)C(=O)NCc2c(OCC(=O)[O-])ccc5c6c(ccc25)OC(CC36)O4)O1.[NH4+].[NH4+].[NH4+].[NH4+],7D3830C6A6E10F82EEBCC3ED68B861BB21ED63B1DDB277580F3032527E5A1183,HOST_CAN_0139,PASS,O=C1CCCCC1,28ED7F4ABC3F360949BEF088C4AFA4A77B693EB3C89E315AEDB1AFD64C9CEB92,GUEST_CAN_0919,PASS,GINE,4,host_cold,4,4.184368133544922
1780,8,63,C1N2C3C4N(C2=O)CN5C6C7N(C5=O)CN8C9C2N(C8=O)CN5C8C%10N(C5=O)CN5C%11C%12N(C5=O)CN5C%13C(N1C5=O)N1CN3C(=O)N4CN6C(=O)N7CN9C(=O)N2CN8C(=O)N%10CN%11C(=O)N%12CN%13C1=O,[Rb+],cucurbituril,2.680000066757202,O=C1N2CN3C(=O)N4CN5C(=O)N6CN7C(=O)N8CN9C(=O)N%10CN%11C(=O)N%12CN1C1C2N2CN%13C(=O)N(CN%14C(=O)N(CN%15C(=O)N(CN%16C(=O)N(CN%17C(=O)N(CN1C2=O)C%12C%11%17)C%10C9%16)C8C7%15)C6C5%14)C4C3%13,2526C525F966BEE6CB589BBB60C9F4124C02584847747BDAFF4E92B4462536E8,HOST_CAN_0149,PASS,[Rb+],A81E1030429F736D8E35EA84C21CDFC8BA21CABFAB462465BE82BDA25EAD58DF,GUEST_CAN_1109,PASS,GINE,4,host_cold,4,1.9224512577056885
1784,85,829,OC[C@H]1O[C@@H]2O[C@@H]3[C@@H](CO)O[C@H](O[C@@H]4[C@@H](CO)O[C@H](O[C@@H]5[C@@H](CO)O[C@H](O[C@@H]6[C@@H](CO)O[C@H](O[C@@H]7[C@@H](CO)O[C@H](O[C@@H]8[C@@H](CO)O[C@H](O[C@@H]9[C@@H](CO)O[C@H](O[C@H]1[C@H](O)[C@H]2O)[C@H](O)[C@H]9O)[C@H](O)[C@H]8O)[C@H](O)[C@H]7O)[C@H](O)[C@H]6O)[C@H](O)[C@H]5O)[C@H](O)[C@H]4O)[C@H](O)[C@H]3O,CCNC1=CC2=C(C=C1C)N=C3C=C(C(=[NH+]CC)C=C3S2)C.[Cl-],cyclodextrin,1.9394999742507935,OC[C@H]1O[C@@H]2O[C@H]3[C@H](O)[C@@H](O)[C@@H](O[C@H]4[C@H](O)[C@@H](O)[C@@H](O[C@H]5[C@H](O)[C@@H](O)[C@@H](O[C@H]6[C@H](O)[C@@H](O)[C@@H](O[C@H]7[C@H](O)[C@@H](O)[C@@H](O[C@H]8[C@H](O)[C@@H](O)[C@@H](O[C@H]9[C@H](O)[C@@H](O)[C@@H](O[C@H]1[C@H](O)[C@H]2O)O[C@@H]9CO)O[C@@H]8CO)O[C@@H]7CO)O[C@@H]6CO)O[C@@H]5CO)O[C@@H]4CO)O[C@@H]3CO,4E4982FCAA8A96CE9D40EDC97C9574B542F86F2BEB463ECAA6DCE3670D2F9B83,HOST_CAN_0177,PASS,CCNc1cc2sc3cc(=[NH+]CC)c(C)cc-3nc2cc1C.[Cl-],19C26AD006328D12550A2D55BDD939615A2CED4C153AFE80A1BB5EE616919B1D,GUEST_CAN_0360,PASS,GINE,4,host_cold,4,2.6158549785614014
1787,69,971,NCCN1C=C(N=N1)COC(C=C2)=C(CNCC3=C(OCC(N=N4)=CN4CCN)C=CC5=C3C=C6)C7=C2C8=C(C=C7)OC9CC8C%10=C(O9)C=CC%11=C%10C=CC(OCC(N=N%12)=CN%12CCN)=C%11CNCC%13=C(OCC(N=N%14)=CN%14CCN)C=CC%15=C%13C=CC(O%16)=C%15C%17C5=C6OC%16C%17,O=C(C(=O)O)C1=CC=CC=C1,other,3.7465999126434326,NCCn1cc(COc2ccc3c4c5ccc3c2CNCc2c(OCc3cn(CCN)nn3)ccc3c6c(ccc23)OC2CC6c3c(ccc6c(c(OCc7cn(CCN)nn7)ccc36)CNCc3c(OCc6cn(CCN)nn6)ccc6c7c(ccc36)OC(CC47)O5)O2)nn1,E69AC36986BDADC1E5A61FE9021251B6D5437DB096F231021CE94D055FF4BCBF,HOST_CAN_0113,PASS,O=C(O)C(=O)c1ccccc1,59D705B21890E0D684B601BDBBAD416E3FA37DD45B9284C4CD080F6E5A6A404C,GUEST_CAN_0855,PASS,GINE,4,host_cold,4,2.596371650695801
1791,9,304,[O-]C(=O)COc1ccc2c3c1CNC(=O)c1c(OCC(=O)[O-])ccc4c1ccc1c4C4CC(O1)Oc1c4c4ccc(c(C(=O)NCc5c6c(c7C8c2c(cc3)OC(C8)Oc7cc6)ccc5OCC(=O)[O-])c4cc1)OCC(=O)[O-].[NH4+].[NH4+].[NH4+].[NH4+],CCC1CO1,other,2.734800100326538,O=C([O-])COc1ccc2c3c4ccc2c1CNC(=O)c1c(OCC(=O)[O-])ccc2c5c(ccc12)OC1CC5c2c(ccc5c(c(OCC(=O)[O-])ccc25)C(=O)NCc2c(OCC(=O)[O-])ccc5c6c(ccc25)OC(CC36)O4)O1.[NH4+].[NH4+].[NH4+].[NH4+],7D3830C6A6E10F82EEBCC3ED68B861BB21ED63B1DDB277580F3032527E5A1183,HOST_CAN_0139,PASS,CCC1CO1,2E31AA0B5D09EDF5DEC83D16F27705763D59FA61A7FF121EC340896B856ADA1B,GUEST_CAN_0264,PASS,GINE,4,host_cold,4,3.950981378555298
1795,38,974,C1C2C3=CC=CC=C3C4=C5C6CC7=CC=CC=C7C8=CC(=CC(=C8)C9=CC=CC=C9CC3C7=CC=CC=C7C(=C24)C3=C5C2=CC=CC=C62)C2=CC=CC=C21,COC1=C2O[C@@H]3[C@]45C2=C(C=C1)C[C@@H]([N+](CC5)(C)C)[C@]4([H])C=C[C@@H]3O,cyclophane,6.431399822235107,c1ccc2c(c1)CC1c3ccccc3-c3c1c1c4c5c3C(Cc3ccccc3-c3cc-2cc(c3)-c2ccccc2CC4c2ccccc2-1)c1ccccc1-5,7D60610AC6275537B6952E12359C97C789A38E2FA1295732E16AF89573CE95C4,HOST_CAN_0186,PASS,COc1ccc2c3c1O[C@H]1[C@@H](O)C=C[C@H]4[C@@H](C2)[N+](C)(C)CC[C@@]341,2CFD9EF56D796FC40E693AAE27F76D6D23744DAD4E5C5E3EF8587888A8AA1D98,GUEST_CAN_0497,PASS,GINE,4,host_cold,4,5.510260581970215
1803,49,212,[Na]OS(=O)(=O)CCCOc1ccc(c2c1CN1C(=O)N3[C@]4([C@@]1(N(C2)C(=O)N4CN1[C@@H]2N(C3)C(=O)N3[C@@H]2N(C1=O)CN1[C@@]2(N(C3)C(=O)N3[C@]2(C)N(C1=O)Cc1c(C3)c(OCCCS(=O)(=O)O[Na])ccc1OCCCS(=O)(=O)O[Na])C)C)C)OCCCS(=O)(=O)O[Na],CCC1(C2=C(COC1=O)C(=O)N3CC4=CC5=CC=CC=C5N=C4C3=C2)O,other,2.939500093460083,C[C@]12N3Cc4c(OCCCS(=O)(=O)[O][Na])ccc(OCCCS(=O)(=O)[O][Na])c4CN1C(=O)N1CN4C(=O)N5CN6C(=O)N7Cc8c(OCCCS(=O)(=O)[O][Na])ccc(OCCCS(=O)(=O)[O][Na])c8CN8C(=O)N(CN9C(=O)N(CN(C3=O)[C@]12C)[C@@H]4[C@H]95)[C@]6(C)[C@@]78C,C826FABEE0CA0BEBE7AB2E620751B73EB48779DD6C9A550EDEC6672D0197E1E3,HOST_CAN_0086,PASS,CCC1(O)C(=O)OCc2c1cc1n(c2=O)Cc2cc3ccccc3nc2-1,E9469B35D0FA832E6E52F35A157677A6168BC086499F2BDA38D585474E1165AE,GUEST_CAN_0263,PASS,GINE,4,host_cold,4,3.9254977703094482
1812,94,980,CC(C(O[Na])=O)OC(C(OC(C)C(O[Na])=O)=C1)=CC2=C1C(C=C(OC(C(O[Na])=O)C)C(OC(C(O[Na])=O)C)=C3)=C3C4=C2C=C(OC(C(O[Na])=O)C)C(OC(C)C(O[Na])=O)=C4,OCC(=O)[C@@H](O)[C@H](O)[C@H](O)CO,other,0.0,CC(Oc1cc2c3cc(OC(C)C(=O)[O][Na])c(OC(C)C(=O)[O][Na])cc3c3cc(OC(C)C(=O)[O][Na])c(OC(C)C(=O)[O][Na])cc3c2cc1OC(C)C(=O)[O][Na])C(=O)[O][Na],BA584CA32AF40B5CC01118169993C3B68F1DD55FC57084F45766D3D97748C6AD,HOST_CAN_0016,PASS,O=C(CO)[C@@H](O)[C@H](O)[C@H](O)CO,1F09A11DF3C70A06AD98FAAD3175E4C35186E782A1CD5750855C60FE3211E906,GUEST_CAN_0849,PASS,GINE,4,host_cold,4,2.947890043258667
1822,152,982,C1COCCOC2=NC3=CC=CC=C3N=C2OCCOCCOCCOC4=CC=CC=C4OCCO1,[NH2+](Cc1ccccc1)Cc1ccc(cc1)Oc1ccc(cc1)Oc1ccc(cc1)C[NH2+]Cc1ccccc1.C1COCCOc2ccccc2OCCOCCOCCOc2c(OCCO1)nc1ccccc1n2,other,2.4914000034332275,c1ccc2c(c1)OCCOCCOCCOc1nc3ccccc3nc1OCCOCCOCCO2,11E567E73A50D02BD46891CF13338BDDF57C27745B8926A9E8B83F56E359EA3E,HOST_CAN_0187,PASS,c1ccc(C[NH2+]Cc2ccc(Oc3ccc(Oc4ccc(C[NH2+]Cc5ccccc5)cc4)cc3)cc2)cc1.c1ccc2c(c1)OCCOCCOCCOc1nc3ccccc3nc1OCCOCCOCCO2,4A36451B15D9F785FA93F91117D7353EC168F48F257053925223ABE84F8D752B,GUEST_CAN_1132,PASS,GINE,4,host_cold,4,3.0495047569274902
1823,69,951,NCCN1C=C(N=N1)COC(C=C2)=C(CNCC3=C(OCC(N=N4)=CN4CCN)C=CC5=C3C=C6)C7=C2C8=C(C=C7)OC9CC8C%10=C(O9)C=CC%11=C%10C=CC(OCC(N=N%12)=CN%12CCN)=C%11CNCC%13=C(OCC(N=N%14)=CN%14CCN)C=CC%15=C%13C=CC(O%16)=C%15C%17C5=C6OC%16C%17,OC(=O)C(Cc1ccccc1)NC(=O)C,other,3.110599994659424,NCCn1cc(COc2ccc3c4c5ccc3c2CNCc2c(OCc3cn(CCN)nn3)ccc3c6c(ccc23)OC2CC6c3c(ccc6c(c(OCc7cn(CCN)nn7)ccc36)CNCc3c(OCc6cn(CCN)nn6)ccc6c7c(ccc36)OC(CC47)O5)O2)nn1,E69AC36986BDADC1E5A61FE9021251B6D5437DB096F231021CE94D055FF4BCBF,HOST_CAN_0113,PASS,CC(=O)NC(Cc1ccccc1)C(=O)O,CC6FA7DBAD7ADEBC07F58FAA2BE6025206B6C31CC0D76EDEE142CE8D1EDA6C03,GUEST_CAN_0074,PASS,GINE,4,host_cold,4,2.6532135009765625
1827,56,534,CC(COCC1C2C(C(C(O1)OC3C(OC(C(C3O)O)OC4C(OC(C(C4O)O)OC5C(OC(C(C5O)O)OC6C(OC(C(C6O)O)OC7C(OC(C(C7O)O)OC8C(OC(O2)C(C8O)O)COCC(C)O)COCC(C)O)COCC(C)O)COCC(C)O)COCC(C)O)COCC(C)O)O)O)O,COC1=CC=C2C=CC(OC2=C1)=O,cyclodextrin,2.079200029373169,CC(O)COCC1OC2OC3C(COCC(C)O)OC(OC4C(COCC(C)O)OC(OC5C(COCC(C)O)OC(OC6C(COCC(C)O)OC(OC7C(COCC(C)O)OC(OC8C(COCC(C)O)OC(OC1C(O)C2O)C(O)C8O)C(O)C7O)C(O)C6O)C(O)C5O)C(O)C4O)C(O)C3O,230541427DC92F12743008B2626A57F6159DF410C224BE8F505DFF020C17F26C,HOST_CAN_0012,PASS,COc1ccc2ccc(=O)oc2c1,BBFF65292696BF603D542E884ED889303907761B22AFB5023666365137454B7D,GUEST_CAN_0501,PASS,GINE,4,host_cold,4,2.3047170639038086
1828,9,491,[O-]C(=O)COc1ccc2c3c1CNC(=O)c1c(OCC(=O)[O-])ccc4c1ccc1c4C4CC(O1)Oc1c4c4ccc(c(C(=O)NCc5c6c(c7C8c2c(cc3)OC(C8)Oc7cc6)ccc5OCC(=O)[O-])c4cc1)OCC(=O)[O-].[NH4+].[NH4+].[NH4+].[NH4+],[N+](=O)([O-])C,other,1.2303999662399292,O=C([O-])COc1ccc2c3c4ccc2c1CNC(=O)c1c(OCC(=O)[O-])ccc2c5c(ccc12)OC1CC5c2c(ccc5c(c(OCC(=O)[O-])ccc25)C(=O)NCc2c(OCC(=O)[O-])ccc5c6c(ccc25)OC(CC36)O4)O1.[NH4+].[NH4+].[NH4+].[NH4+],7D3830C6A6E10F82EEBCC3ED68B861BB21ED63B1DDB277580F3032527E5A1183,HOST_CAN_0139,PASS,C[N+](=O)[O-],9DD6477011E170DF8C6A8B067C399B43A2AD6B900754D12DFB60C91C14231420,GUEST_CAN_0551,PASS,GINE,4,host_cold,4,2.5651187896728516
1830,38,643,C1C2C3=CC=CC=C3C4=C5C6CC7=CC=CC=C7C8=CC(=CC(=C8)C9=CC=CC=C9CC3C7=CC=CC=C7C(=C24)C3=C5C2=CC=CC=C62)C2=CC=CC=C21,CN1CCC23C4C1CC5=C2C(=C(C=C5)O)OC3C(C=C4)O,cyclophane,4.431399822235107,c1ccc2c(c1)CC1c3ccccc3-c3c1c1c4c5c3C(Cc3ccccc3-c3cc-2cc(c3)-c2ccccc2CC4c2ccccc2-1)c1ccccc1-5,7D60610AC6275537B6952E12359C97C789A38E2FA1295732E16AF89573CE95C4,HOST_CAN_0186,PASS,CN1CCC23c4c5ccc(O)c4OC2C(O)C=CC3C1C5,B65660B7CA635D95076802C27BABCC68CF7164C424712753A49587A2042B121E,GUEST_CAN_0418,PASS,GINE,4,host_cold,4,5.2103118896484375
1840,171,987,[Pt](Cl)Cl.C(C)(C)(C)C1=CC=2C(C3=CC(=CC(=C3OC2C(=C1)C1=CC=C(C(=O)O)C=C1)C1=CC(=CC(=C1)C=1C=NC=CC1)C1=NC=CC=C1)C(C)(C)C)(C)C,N[C@H](C(=O)O)CS,other,4.899799823760986,CC(C)(C)c1cc(-c2ccc(C(=O)O)cc2)c2c(c1)C(C)(C)c1cc(C(C)(C)C)cc(-c3cc(-c4cccnc4)cc(-c4ccccn4)c3)c1O2.[Cl][Pt][Cl],3435BFB611D6779844CF1631DD1E3E806DB1449EA6169DFA3C5A176CFBE522B7,HOST_CAN_0010,PASS,N[C@@H](CS)C(=O)O,F1EE6155C5B869409D1A7B1239433EB54323E0DBFAAEE8D26F10B164B5CB0437,GUEST_CAN_0819,PASS,GINE,4,host_cold,4,2.1746714115142822
1847,17,37,COP(=O)(Cc1cc2ccc1OCc1cc(COc3ccc(cc3CP(=O)(OC)[O-])C(C)(C)c3ccc(OCc4cc(COc5ccc(C2(C)C)cc5CP(=O)(OC)[O-])cc(c4)[N+](=O)[O-])c(c3)CP(=O)(OC)[O-])cc(c1)[N+](=O)[O-])[O-],C1=CC(=C(C=C1C(CN)O)O)O,other,2.33240008354187,COP(=O)([O-])Cc1cc2ccc1OCc1cc(cc([N+](=O)[O-])c1)COc1ccc(cc1CP(=O)([O-])OC)C(C)(C)c1ccc(c(CP(=O)([O-])OC)c1)OCc1cc(cc([N+](=O)[O-])c1)COc1ccc(cc1CP(=O)([O-])OC)C2(C)C,5C9812D0AA59E8C93387DCBA9CDBD0E45705FA87B439937B162042CB092EC8B9,HOST_CAN_0069,PASS,NCC(O)c1ccc(O)c(O)c1,7F5D32A02DE5511E772E8422081F82EE16925B55633A6CB4BB4E730CF1565495,GUEST_CAN_0775,PASS,GINE,4,host_cold,4,2.762348175048828
1857,8,993,C1N2C3C4N(C2=O)CN5C6C7N(C5=O)CN8C9C2N(C8=O)CN5C8C%10N(C5=O)CN5C%11C%12N(C5=O)CN5C%13C(N1C5=O)N1CN3C(=O)N4CN6C(=O)N7CN9C(=O)N2CN8C(=O)N%10CN%11C(=O)N%12CN%13C1=O,F[B-](F)(F)F.C(C)N1C=[N+](C=C1)C,cucurbituril,0.0,O=C1N2CN3C(=O)N4CN5C(=O)N6CN7C(=O)N8CN9C(=O)N%10CN%11C(=O)N%12CN1C1C2N2CN%13C(=O)N(CN%14C(=O)N(CN%15C(=O)N(CN%16C(=O)N(CN%17C(=O)N(CN1C2=O)C%12C%11%17)C%10C9%16)C8C7%15)C6C5%14)C4C3%13,2526C525F966BEE6CB589BBB60C9F4124C02584847747BDAFF4E92B4462536E8,HOST_CAN_0149,PASS,CCn1cc[n+](C)c1.F[B-](F)(F)F,B9CB337E69775944116AE1058B3AD41E4332110A66665B7E3B47D2CF37CCA5E6,GUEST_CAN_0387,PASS,GINE,4,host_cold,4,7.087080478668213
1860,85,996,OC[C@H]1O[C@@H]2O[C@@H]3[C@@H](CO)O[C@H](O[C@@H]4[C@@H](CO)O[C@H](O[C@@H]5[C@@H](CO)O[C@H](O[C@@H]6[C@@H](CO)O[C@H](O[C@@H]7[C@@H](CO)O[C@H](O[C@@H]8[C@@H](CO)O[C@H](O[C@@H]9[C@@H](CO)O[C@H](O[C@H]1[C@H](O)[C@H]2O)[C@H](O)[C@H]9O)[C@H](O)[C@H]8O)[C@H](O)[C@H]7O)[C@H](O)[C@H]6O)[C@H](O)[C@H]5O)[C@H](O)[C@H]4O)[C@H](O)[C@H]3O,O=C([O-])C12C[C@@H]3C[C@H](C1)C[C@H](C2)C3,cyclodextrin,2.428100109100342,OC[C@H]1O[C@@H]2O[C@H]3[C@H](O)[C@@H](O)[C@@H](O[C@H]4[C@H](O)[C@@H](O)[C@@H](O[C@H]5[C@H](O)[C@@H](O)[C@@H](O[C@H]6[C@H](O)[C@@H](O)[C@@H](O[C@H]7[C@H](O)[C@@H](O)[C@@H](O[C@H]8[C@H](O)[C@@H](O)[C@@H](O[C@H]9[C@H](O)[C@@H](O)[C@@H](O[C@H]1[C@H](O)[C@H]2O)O[C@@H]9CO)O[C@@H]8CO)O[C@@H]7CO)O[C@@H]6CO)O[C@@H]5CO)O[C@@H]4CO)O[C@@H]3CO,4E4982FCAA8A96CE9D40EDC97C9574B542F86F2BEB463ECAA6DCE3670D2F9B83,HOST_CAN_0177,PASS,O=C([O-])C12C[C@H]3C[C@@H](C1)C[C@@H](C2)C3,A3ECF38E4D71B8BEF4F258F4EFC2C5137DA744E14FBF1ECF7FF2EDA96E90311C,GUEST_CAN_0898,PASS,GINE,4,host_cold,4,3.8128678798675537
1864,9,494,[O-]C(=O)COc1ccc2c3c1CNC(=O)c1c(OCC(=O)[O-])ccc4c1ccc1c4C4CC(O1)Oc1c4c4ccc(c(C(=O)NCc5c6c(c7C8c2c(cc3)OC(C8)Oc7cc6)ccc5OCC(=O)[O-])c4cc1)OCC(=O)[O-].[NH4+].[NH4+].[NH4+].[NH4+],C1C(C)O1,other,2.7193000316619873,O=C([O-])COc1ccc2c3c4ccc2c1CNC(=O)c1c(OCC(=O)[O-])ccc2c5c(ccc12)OC1CC5c2c(ccc5c(c(OCC(=O)[O-])ccc25)C(=O)NCc2c(OCC(=O)[O-])ccc5c6c(ccc25)OC(CC36)O4)O1.[NH4+].[NH4+].[NH4+].[NH4+],7D3830C6A6E10F82EEBCC3ED68B861BB21ED63B1DDB277580F3032527E5A1183,HOST_CAN_0139,PASS,CC1CO1,72DB2C6E94EF017899F39F3632DD951839150C04EF5B28A7F8995DB4D68F4FC2,GUEST_CAN_0242,PASS,GINE,4,host_cold,4,3.667966604232788
1868,9,822,[O-]C(=O)COc1ccc2c3c1CNC(=O)c1c(OCC(=O)[O-])ccc4c1ccc1c4C4CC(O1)Oc1c4c4ccc(c(C(=O)NCc5c6c(c7C8c2c(cc3)OC(C8)Oc7cc6)ccc5OCC(=O)[O-])c4cc1)OCC(=O)[O-].[NH4+].[NH4+].[NH4+].[NH4+],O1C=NC=C1,other,2.1270999908447266,O=C([O-])COc1ccc2c3c4ccc2c1CNC(=O)c1c(OCC(=O)[O-])ccc2c5c(ccc12)OC1CC5c2c(ccc5c(c(OCC(=O)[O-])ccc25)C(=O)NCc2c(OCC(=O)[O-])ccc5c6c(ccc25)OC(CC36)O4)O1.[NH4+].[NH4+].[NH4+].[NH4+],7D3830C6A6E10F82EEBCC3ED68B861BB21ED63B1DDB277580F3032527E5A1183,HOST_CAN_0139,PASS,c1cocn1,7612215CFBC3EDEB7247928EB75F0E714FA4C90FAD6E501EB18D755F5D310C13,GUEST_CAN_1151,PASS,GINE,4,host_cold,4,3.229526996612549
1869,38,767,C1C2C3=CC=CC=C3C4=C5C6CC7=CC=CC=C7C8=CC(=CC(=C8)C9=CC=CC=C9CC3C7=CC=CC=C7C(=C24)C3=C5C2=CC=CC=C62)C2=CC=CC=C21,C[N+](C)(C)C.[I-],cyclophane,2.9293999671936035,c1ccc2c(c1)CC1c3ccccc3-c3c1c1c4c5c3C(Cc3ccccc3-c3cc-2cc(c3)-c2ccccc2CC4c2ccccc2-1)c1ccccc1-5,7D60610AC6275537B6952E12359C97C789A38E2FA1295732E16AF89573CE95C4,HOST_CAN_0186,PASS,C[N+](C)(C)C.[I-],7E388A0F939F4AFFE5E16D6441871C2745368D0B43F3906BE24F5EDC8D9D1FD6,GUEST_CAN_0556,PASS,GINE,4,host_cold,4,2.896639347076416
1873,9,479,[O-]C(=O)COc1ccc2c3c1CNC(=O)c1c(OCC(=O)[O-])ccc4c1ccc1c4C4CC(O1)Oc1c4c4ccc(c(C(=O)NCc5c6c(c7C8c2c(cc3)OC(C8)Oc7cc6)ccc5OCC(=O)[O-])c4cc1)OCC(=O)[O-].[NH4+].[NH4+].[NH4+].[NH4+],CC1C(O1)C,other,2.465399980545044,O=C([O-])COc1ccc2c3c4ccc2c1CNC(=O)c1c(OCC(=O)[O-])ccc2c5c(ccc12)OC1CC5c2c(ccc5c(c(OCC(=O)[O-])ccc25)C(=O)NCc2c(OCC(=O)[O-])ccc5c6c(ccc25)OC(CC36)O4)O1.[NH4+].[NH4+].[NH4+].[NH4+],7D3830C6A6E10F82EEBCC3ED68B861BB21ED63B1DDB277580F3032527E5A1183,HOST_CAN_0139,PASS,CC1OC1C,821350391504E8B049FB63B3AD7E8B898C58ABAC40D0E8391040D8385BB98E91,GUEST_CAN_0244,PASS,GINE,4,host_cold,4,3.4615843296051025
1878,85,204,OC[C@H]1O[C@@H]2O[C@@H]3[C@@H](CO)O[C@H](O[C@@H]4[C@@H](CO)O[C@H](O[C@@H]5[C@@H](CO)O[C@H](O[C@@H]6[C@@H](CO)O[C@H](O[C@@H]7[C@@H](CO)O[C@H](O[C@@H]8[C@@H](CO)O[C@H](O[C@@H]9[C@@H](CO)O[C@H](O[C@H]1[C@H](O)[C@H]2O)[C@H](O)[C@H]9O)[C@H](O)[C@H]8O)[C@H](O)[C@H]7O)[C@H](O)[C@H]6O)[C@H](O)[C@H]5O)[C@H](O)[C@H]4O)[C@H](O)[C@H]3O,OCC[n+]1ccc(cc1/C=C(/C=C/C=C(/C=C/C1=C(C)CCCC1(C)C)\C)\C)/C=C/C=C(/C=C/C1=C(C)CCCC1(C)C)\C,cyclodextrin,0.43779999017715454,OC[C@H]1O[C@@H]2O[C@H]3[C@H](O)[C@@H](O)[C@@H](O[C@H]4[C@H](O)[C@@H](O)[C@@H](O[C@H]5[C@H](O)[C@@H](O)[C@@H](O[C@H]6[C@H](O)[C@@H](O)[C@@H](O[C@H]7[C@H](O)[C@@H](O)[C@@H](O[C@H]8[C@H](O)[C@@H](O)[C@@H](O[C@H]9[C@H](O)[C@@H](O)[C@@H](O[C@H]1[C@H](O)[C@H]2O)O[C@@H]9CO)O[C@@H]8CO)O[C@@H]7CO)O[C@@H]6CO)O[C@@H]5CO)O[C@@H]4CO)O[C@@H]3CO,4E4982FCAA8A96CE9D40EDC97C9574B542F86F2BEB463ECAA6DCE3670D2F9B83,HOST_CAN_0177,PASS,CC1=C(/C=C/C(C)=C/C=C/C(C)=C/c2cc(/C=C/C=C(C)/C=C/C3=C(C)CCCC3(C)C)cc[n+]2CCO)C(C)(C)CCC1,AF14544FD45BF36DD2281117A67D98511285A66EC9BB7F5547CB09A7BFEAD670,GUEST_CAN_0236,PASS,GINE,4,host_cold,4,2.742680072784424
1891,8,1006,C1N2C3C4N(C2=O)CN5C6C7N(C5=O)CN8C9C2N(C8=O)CN5C8C%10N(C5=O)CN5C%11C%12N(C5=O)CN5C%13C(N1C5=O)N1CN3C(=O)N4CN6C(=O)N7CN9C(=O)N2CN8C(=O)N%10CN%11C(=O)N%12CN%13C1=O,NC(=O)N,cucurbituril,1.659999966621399,O=C1N2CN3C(=O)N4CN5C(=O)N6CN7C(=O)N8CN9C(=O)N%10CN%11C(=O)N%12CN1C1C2N2CN%13C(=O)N(CN%14C(=O)N(CN%15C(=O)N(CN%16C(=O)N(CN%17C(=O)N(CN1C2=O)C%12C%11%17)C%10C9%16)C8C7%15)C6C5%14)C4C3%13,2526C525F966BEE6CB589BBB60C9F4124C02584847747BDAFF4E92B4462536E8,HOST_CAN_0149,PASS,NC(N)=O,574548E4EFDD7BC6F1FD6DC7F4160480FA0907EE51511C7E164DB64E6180FB4F,GUEST_CAN_0753,PASS,GINE,4,host_cold,4,1.7677292823791504
1903,104,21,C1COCCOCCN2CCOCCOCCN1CCOCCOCCOCC2,[Sr+2],other,3.4000000953674316,C1COCCN2CCOCCOCCN(CCOCCO1)CCOCCOCC2,FC2FBDD1CDCC0BE65573222C4E8FD2959C4D898D99922B825F4B9F435E9AD133,HOST_CAN_0005,PASS,[Sr+2],B6D37E5B591B608C4BE7D5E471532F87A202E5D6C60D3F594302E0BACEDD0483,GUEST_CAN_1113,PASS,GINE,4,host_cold,4,2.803619861602783
1905,38,1011,C1C2C3=CC=CC=C3C4=C5C6CC7=CC=CC=C7C8=CC(=CC(=C8)C9=CC=CC=C9CC3C7=CC=CC=C7C(=C24)C3=C5C2=CC=CC=C62)C2=CC=CC=C21,C1C=CC2C1C3C4=CC=CC=C4C2C5=CC=CC=[N+]35,cyclophane,5.518499851226807,c1ccc2c(c1)CC1c3ccccc3-c3c1c1c4c5c3C(Cc3ccccc3-c3cc-2cc(c3)-c2ccccc2CC4c2ccccc2-1)c1ccccc1-5,7D60610AC6275537B6952E12359C97C789A38E2FA1295732E16AF89573CE95C4,HOST_CAN_0186,PASS,C1=CC2C3c4ccccc4C(C2C1)[n+]1ccccc13,04F538198C063817EB0697587CEE62ECD7170D35DB7CDF20799D62A28FD3187D,GUEST_CAN_0015,PASS,GINE,4,host_cold,4,4.131938457489014
1914,177,1013,OC1=C(C(CCCCCCCCCCC)C2=C(O)C=C(O)C(C(CCCCCCCCCCC)C3=CC(C(CCCCCCCCCCC)C4=C(O)C=C(O)C5=C4)=C(O)C=C3O)=C2)C=C(C5CCCCCCCCCCC)C(O)=C1,CC[N+](=C1C=CC2=NC3=C(C=C(C4=CC=CC=C43)N)OC2=C1)CC.[Cl-],calixarene,5.875100135803223,CCCCCCCCCCCC1c2cc(c(O)cc2O)C(CCCCCCCCCCC)c2cc(c(O)cc2O)C(CCCCCCCCCCC)c2cc(c(O)cc2O)C(CCCCCCCCCCC)c2cc1c(O)cc2O,22B236C675D1E6ACA5D27CF000205297A050D8E36D91827080FD40037A1854F8,HOST_CAN_0023,PASS,CC[N+](CC)=c1ccc2nc3c(cc(N)c4ccccc43)oc-2c1.[Cl-],35A92B9A491388E4BBC4AA3C56C4DE0FA661F3C94ED7E74EF52E6DB038474113,GUEST_CAN_0379,PASS,GINE,4,host_cold,4,5.219075679779053
1918,8,775,C1N2C3C4N(C2=O)CN5C6C7N(C5=O)CN8C9C2N(C8=O)CN5C8C%10N(C5=O)CN5C%11C%12N(C5=O)CN5C%13C(N1C5=O)N1CN3C(=O)N4CN6C(=O)N7CN9C(=O)N2CN8C(=O)N%10CN%11C(=O)N%12CN%13C1=O,[Al](Cl)(Cl)Cl,cucurbituril,3.809999942779541,O=C1N2CN3C(=O)N4CN5C(=O)N6CN7C(=O)N8CN9C(=O)N%10CN%11C(=O)N%12CN1C1C2N2CN%13C(=O)N(CN%14C(=O)N(CN%15C(=O)N(CN%16C(=O)N(CN%17C(=O)N(CN1C2=O)C%12C%11%17)C%10C9%16)C8C7%15)C6C5%14)C4C3%13,2526C525F966BEE6CB589BBB60C9F4124C02584847747BDAFF4E92B4462536E8,HOST_CAN_0149,PASS,[Cl][Al]([Cl])[Cl],F0478BBF39EF8FA089A0406FAD4DCAB78BB558C588F75029CDF3016B33C77BE3,GUEST_CAN_1043,PASS,GINE,4,host_cold,4,3.0246939659118652
1919,85,111,OC[C@H]1O[C@@H]2O[C@@H]3[C@@H](CO)O[C@H](O[C@@H]4[C@@H](CO)O[C@H](O[C@@H]5[C@@H](CO)O[C@H](O[C@@H]6[C@@H](CO)O[C@H](O[C@@H]7[C@@H](CO)O[C@H](O[C@@H]8[C@@H](CO)O[C@H](O[C@@H]9[C@@H](CO)O[C@H](O[C@H]1[C@H](O)[C@H]2O)[C@H](O)[C@H]9O)[C@H](O)[C@H]8O)[C@H](O)[C@H]7O)[C@H](O)[C@H]6O)[C@H](O)[C@H]5O)[C@H](O)[C@H]4O)[C@H](O)[C@H]3O,[O-]C(=O)CC12C[C@@H]3C[C@H](C2)C[C@H](C1)C3.[K+],cyclodextrin,3.0127999782562256,OC[C@H]1O[C@@H]2O[C@H]3[C@H](O)[C@@H](O)[C@@H](O[C@H]4[C@H](O)[C@@H](O)[C@@H](O[C@H]5[C@H](O)[C@@H](O)[C@@H](O[C@H]6[C@H](O)[C@@H](O)[C@@H](O[C@H]7[C@H](O)[C@@H](O)[C@@H](O[C@H]8[C@H](O)[C@@H](O)[C@@H](O[C@H]9[C@H](O)[C@@H](O)[C@@H](O[C@H]1[C@H](O)[C@H]2O)O[C@@H]9CO)O[C@@H]8CO)O[C@@H]7CO)O[C@@H]6CO)O[C@@H]5CO)O[C@@H]4CO)O[C@@H]3CO,4E4982FCAA8A96CE9D40EDC97C9574B542F86F2BEB463ECAA6DCE3670D2F9B83,HOST_CAN_0177,PASS,O=C([O-])CC12C[C@H]3C[C@@H](C1)C[C@@H](C2)C3.[K+],C5C5053DBF412D69C278883C5CA9706808D4A8C715517C37F2A6A2FC40562891,GUEST_CAN_0899,PASS,GINE,4,host_cold,4,3.810736894607544
1920,56,205,CC(COCC1C2C(C(C(O1)OC3C(OC(C(C3O)O)OC4C(OC(C(C4O)O)OC5C(OC(C(C5O)O)OC6C(OC(C(C6O)O)OC7C(OC(C(C7O)O)OC8C(OC(O2)C(C8O)O)COCC(C)O)COCC(C)O)COCC(C)O)COCC(C)O)COCC(C)O)COCC(C)O)O)O)O,CN(C)C1=CC2=C(C=C1)N=C3C=CC(=[N+](C)C)C=C3S2.[Cl-],cyclodextrin,2.513200044631958,CC(O)COCC1OC2OC3C(COCC(C)O)OC(OC4C(COCC(C)O)OC(OC5C(COCC(C)O)OC(OC6C(COCC(C)O)OC(OC7C(COCC(C)O)OC(OC8C(COCC(C)O)OC(OC1C(O)C2O)C(O)C8O)C(O)C7O)C(O)C6O)C(O)C5O)C(O)C4O)C(O)C3O,230541427DC92F12743008B2626A57F6159DF410C224BE8F505DFF020C17F26C,HOST_CAN_0012,PASS,CN(C)c1ccc2nc3ccc(=[N+](C)C)cc-3sc2c1.[Cl-],3DE370A1BA5793291E648A02AB38D5B7C28AB576253437EAD27954C74B3FA491,GUEST_CAN_0412,PASS,GINE,4,host_cold,4,2.646486759185791
1925,8,1016,C1N2C3C4N(C2=O)CN5C6C7N(C5=O)CN8C9C2N(C8=O)CN5C8C%10N(C5=O)CN5C%11C%12N(C5=O)CN5C%13C(N1C5=O)N1CN3C(=O)N4CN6C(=O)N7CN9C(=O)N2CN8C(=O)N%10CN%11C(=O)N%12CN%13C1=O,CC1=CC=C(C=C1)N,cucurbituril,3.9532999992370605,O=C1N2CN3C(=O)N4CN5C(=O)N6CN7C(=O)N8CN9C(=O)N%10CN%11C(=O)N%12CN1C1C2N2CN%13C(=O)N(CN%14C(=O)N(CN%15C(=O)N(CN%16C(=O)N(CN%17C(=O)N(CN1C2=O)C%12C%11%17)C%10C9%16)C8C7%15)C6C5%14)C4C3%13,2526C525F966BEE6CB589BBB60C9F4124C02584847747BDAFF4E92B4462536E8,HOST_CAN_0149,PASS,Cc1ccc(N)cc1,2BD76CB4AD977788FC39710125EED357CBE48E019651ED1796BA176C091A6AE6,GUEST_CAN_0661,PASS,GINE,4,host_cold,4,6.317943096160889
1929,49,544,[Na]OS(=O)(=O)CCCOc1ccc(c2c1CN1C(=O)N3[C@]4([C@@]1(N(C2)C(=O)N4CN1[C@@H]2N(C3)C(=O)N3[C@@H]2N(C1=O)CN1[C@@]2(N(C3)C(=O)N3[C@]2(C)N(C1=O)Cc1c(C3)c(OCCCS(=O)(=O)O[Na])ccc1OCCCS(=O)(=O)O[Na])C)C)C)OCCCS(=O)(=O)O[Na],C1CN(CCN1CCC2=C(C=C3C(=C2)CC(=O)N3)Cl)C4=NSC5=CC=CC=C54,other,3.079200029373169,C[C@]12N3Cc4c(OCCCS(=O)(=O)[O][Na])ccc(OCCCS(=O)(=O)[O][Na])c4CN1C(=O)N1CN4C(=O)N5CN6C(=O)N7Cc8c(OCCCS(=O)(=O)[O][Na])ccc(OCCCS(=O)(=O)[O][Na])c8CN8C(=O)N(CN9C(=O)N(CN(C3=O)[C@]12C)[C@@H]4[C@H]95)[C@]6(C)[C@@]78C,C826FABEE0CA0BEBE7AB2E620751B73EB48779DD6C9A550EDEC6672D0197E1E3,HOST_CAN_0086,PASS,O=C1Cc2cc(CCN3CCN(c4nsc5ccccc45)CC3)c(Cl)cc2N1,5C29CDC659AEEDE5E084EE663C3DDDAF5EC9373DB128425FD8B71EF81BA66DC6,GUEST_CAN_0920,PASS,GINE,4,host_cold,4,5.304253578186035
1938,14,523,NCCOc1c2Cc3cc(cc(c3O)Cc3cc(cc(c3O)Cc3cc(cc(Cc4c(c(Cc5c(c(Cc1cc(c2)S(=O)(=O)O)cc(c5)S(=O)(=O)O)O)cc(c4)S(=O)(=O)O)O)c3O)S(=O)(=O)O)S(=O)(=O)O)S(=O)(=O)O,C(C(=O)O)N,calixarene,1.6812000274658203,NCCOc1c2cc(S(=O)(=O)O)cc1Cc1cc(S(=O)(=O)O)cc(c1O)Cc1cc(S(=O)(=O)O)cc(c1O)Cc1cc(S(=O)(=O)O)cc(c1O)Cc1cc(S(=O)(=O)O)cc(c1O)Cc1cc(S(=O)(=O)O)cc(c1O)C2,C787A22C599703D921FA29CACAF002E9FF6ED12C44482B2905C84DCBDD5B4AC1,HOST_CAN_0110,PASS,NCC(=O)O,30FE3809EFBE5F6B082D9B94D27A0C7C9ECD1364A816D59C3D31CE32BCDF848E,GUEST_CAN_0774,PASS,GINE,4,host_cold,4,1.7728948593139648
1941,8,773,C1N2C3C4N(C2=O)CN5C6C7N(C5=O)CN8C9C2N(C8=O)CN5C8C%10N(C5=O)CN5C%11C%12N(C5=O)CN5C%13C(N1C5=O)N1CN3C(=O)N4CN6C(=O)N7CN9C(=O)N2CN8C(=O)N%10CN%11C(=O)N%12CN%13C1=O,C(O)CN,cucurbituril,2.5799999237060547,O=C1N2CN3C(=O)N4CN5C(=O)N6CN7C(=O)N8CN9C(=O)N%10CN%11C(=O)N%12CN1C1C2N2CN%13C(=O)N(CN%14C(=O)N(CN%15C(=O)N(CN%16C(=O)N(CN%17C(=O)N(CN1C2=O)C%12C%11%17)C%10C9%16)C8C7%15)C6C5%14)C4C3%13,2526C525F966BEE6CB589BBB60C9F4124C02584847747BDAFF4E92B4462536E8,HOST_CAN_0149,PASS,NCCO,4976275C1BA8E4AC07B8B07E746A7BCEFAAB5F668FF027903A2869511480E972,GUEST_CAN_0805,PASS,GINE,4,host_cold,4,3.911190986633301
1945,114,962,COC[C@H]1O[C@@H]2O[C@H]3[C@H](COC)O[C@H]([C@H]([C@@H]3OC)OC)O[C@H]3[C@H](COC)O[C@H]([C@H]([C@@H]3OC)OC)O[C@H]3[C@H](COC)O[C@H]([C@H]([C@@H]3OC)OC)O[C@H]3[C@@H](O[C@@H](O[C@@H]4[C@H](O[C@H](O[C@@H]5[C@H](O[C@H](O[C@H]1[C@@H]([C@H]2OC)OC)[C@H](OC)[C@H]5OC)COc1cccc2c1cccc2)[C@H](OC)[C@H]4OC)COC)[C@@H](OC)[C@@H]3OC)COC,[Na]OS(=O)(=O)CCNOC(=O)CCC([C@H]1CC[C@@H]2[C@]1(C)[C@@H](O)C[C@H]1[C@H]2[C@H](O)C[C@H]2[C@]1(C)CC[C@H](C2)O)C,cyclodextrin,3.5820999145507812,COC[C@@H]1O[C@H]2O[C@@H]3[C@@H](OC)[C@H](OC)[C@H](O[C@H]4[C@H](OC)[C@@H](OC)[C@@H](O[C@H]5[C@H](OC)[C@@H](OC)[C@@H](O[C@H]6[C@H](OC)[C@@H](OC)[C@@H](O[C@@H]7[C@@H](OC)[C@H](OC)[C@H](O[C@@H]8[C@@H](OC)[C@H](OC)[C@H](O[C@@H]1[C@@H](OC)[C@@H]2OC)O[C@H]8COC)O[C@H]7COC)O[C@@H]6COC)O[C@@H]5COc1cccc2ccccc12)O[C@@H]4COC)O[C@H]3COC,7AE19FA8EF87D27413EA05F1D5DD130463E6A866CDA3A89A21EED2C3F3D61191,HOST_CAN_0062,PASS,CC(CCC(=O)ONCCS(=O)(=O)[O][Na])[C@H]1CC[C@H]2[C@@H]3[C@H](O)C[C@@H]4C[C@H](O)CC[C@]4(C)[C@H]3C[C@H](O)[C@]12C,129254C5F67D4EE16CF4AC86FDA70C944CAE4F992A0551A482429E978B0610E7,GUEST_CAN_0172,PASS,GINE,4,host_cold,4,3.3181307315826416
1953,8,556,C1N2C3C4N(C2=O)CN5C6C7N(C5=O)CN8C9C2N(C8=O)CN5C8C%10N(C5=O)CN5C%11C%12N(C5=O)CN5C%13C(N1C5=O)N1CN3C(=O)N4CN6C(=O)N7CN9C(=O)N2CN8C(=O)N%10CN%11C(=O)N%12CN%13C1=O,[Cl-].[Rb+],cucurbituril,4.301000118255615,O=C1N2CN3C(=O)N4CN5C(=O)N6CN7C(=O)N8CN9C(=O)N%10CN%11C(=O)N%12CN1C1C2N2CN%13C(=O)N(CN%14C(=O)N(CN%15C(=O)N(CN%16C(=O)N(CN%17C(=O)N(CN1C2=O)C%12C%11%17)C%10C9%16)C8C7%15)C6C5%14)C4C3%13,2526C525F966BEE6CB589BBB60C9F4124C02584847747BDAFF4E92B4462536E8,HOST_CAN_0149,PASS,[Cl-].[Rb+],F45F5EBA18BFE44CAB128A2E84C8B34A3194175A1497FEDAE86348640AB59865,GUEST_CAN_1041,PASS,GINE,4,host_cold,4,2.6028506755828857
1955,9,60,[O-]C(=O)COc1ccc2c3c1CNC(=O)c1c(OCC(=O)[O-])ccc4c1ccc1c4C4CC(O1)Oc1c4c4ccc(c(C(=O)NCc5c6c(c7C8c2c(cc3)OC(C8)Oc7cc6)ccc5OCC(=O)[O-])c4cc1)OCC(=O)[O-].[NH4+].[NH4+].[NH4+].[NH4+],C1OCOCO1,other,1.6720999479293823,O=C([O-])COc1ccc2c3c4ccc2c1CNC(=O)c1c(OCC(=O)[O-])ccc2c5c(ccc12)OC1CC5c2c(ccc5c(c(OCC(=O)[O-])ccc25)C(=O)NCc2c(OCC(=O)[O-])ccc5c6c(ccc25)OC(CC36)O4)O1.[NH4+].[NH4+].[NH4+].[NH4+],7D3830C6A6E10F82EEBCC3ED68B861BB21ED63B1DDB277580F3032527E5A1183,HOST_CAN_0139,PASS,C1OCOCO1,E794BB73456D53E424DB401357804683B7A995F5D1F7C055B278F51FF855F2CE,GUEST_CAN_0040,PASS,GINE,4,host_cold,4,2.6644973754882812
1958,9,292,[O-]C(=O)COc1ccc2c3c1CNC(=O)c1c(OCC(=O)[O-])ccc4c1ccc1c4C4CC(O1)Oc1c4c4ccc(c(C(=O)NCc5c6c(c7C8c2c(cc3)OC(C8)Oc7cc6)ccc5OCC(=O)[O-])c4cc1)OCC(=O)[O-].[NH4+].[NH4+].[NH4+].[NH4+],CC(C)(OC)OC,other,1.6901999711990356,O=C([O-])COc1ccc2c3c4ccc2c1CNC(=O)c1c(OCC(=O)[O-])ccc2c5c(ccc12)OC1CC5c2c(ccc5c(c(OCC(=O)[O-])ccc25)C(=O)NCc2c(OCC(=O)[O-])ccc5c6c(ccc25)OC(CC36)O4)O1.[NH4+].[NH4+].[NH4+].[NH4+],7D3830C6A6E10F82EEBCC3ED68B861BB21ED63B1DDB277580F3032527E5A1183,HOST_CAN_0139,PASS,COC(C)(C)OC,7422375CBE82408A9D2537B146AC6AB1219B976B661779E5F5A89FA9E6803806,GUEST_CAN_0454,PASS,GINE,4,host_cold,4,2.3570051193237305
1967,165,534,O[C@@H]1[C@@H](O)[C@H](O[C@@H]2[C@H](O)[C@@H](O)[C@H](O[C@H]3[C@@H](O)[C@H](O)[C@@H](O[C@H]4[C@@H](O)[C@H](O)[C@@H](O[C@H]5[C@@H](O)[C@H](O)[C@@H](O6)[C@H](COCC(O)C)O5)[C@H](COCC(O)C)O4)[C@H](COCC(O)C)O3)[C@@H](COCC(O)C)O2)[C@@H](COCC(O)C)O[C@@H]1O[C@H]7[C@H](O)[C@@H](O)[C@@H](O[C@@H]8[C@@H](O)[C@H](O)[C@H](O[C@@H]9[C@@H](O)[C@H](O)C6O[C@H]9COCC(O)C)O[C@H]8COCC(O)C)O[C@@H]7COCC(O)C,COC1=CC=C2C=CC(OC2=C1)=O,cyclodextrin,1.6232000589370728,CC(O)COC[C@@H]1OC2O[C@@H]3[C@@H](O)[C@H](O)[C@H](O[C@@H]4[C@@H](O)[C@H](O)[C@H](O[C@@H]5[C@@H](O)[C@H](O)[C@H](O[C@H]6[C@H](O)[C@@H](O)[C@@H](O[C@H]7[C@H](O)[C@@H](O)[C@@H](O[C@H]8[C@H](O)[C@@H](O)[C@@H](O[C@@H]9[C@@H](O)[C@H](O)[C@H](O[C@@H]1[C@@H](O)[C@@H]2O)O[C@H]9COCC(C)O)O[C@@H]8COCC(C)O)O[C@@H]7COCC(C)O)O[C@@H]6COCC(C)O)O[C@H]5COCC(C)O)O[C@H]4COCC(C)O)O[C@H]3COCC(C)O,A6463260767763AEEEE84358752649565D613E36139686EE469EAD950C115E6E,HOST_CAN_0013,PASS,COc1ccc2ccc(=O)oc2c1,BBFF65292696BF603D542E884ED889303907761B22AFB5023666365137454B7D,GUEST_CAN_0501,PASS,GINE,4,host_cold,4,2.3047170639038086
1968,8,686,C1N2C3C4N(C2=O)CN5C6C7N(C5=O)CN8C9C2N(C8=O)CN5C8C%10N(C5=O)CN5C%11C%12N(C5=O)CN5C%13C(N1C5=O)N1CN3C(=O)N4CN6C(=O)N7CN9C(=O)N2CN8C(=O)N%10CN%11C(=O)N%12CN%13C1=O,[NH3+]CCCCCCCCCC[NH3+],cucurbituril,4.222700119018555,O=C1N2CN3C(=O)N4CN5C(=O)N6CN7C(=O)N8CN9C(=O)N%10CN%11C(=O)N%12CN1C1C2N2CN%13C(=O)N(CN%14C(=O)N(CN%15C(=O)N(CN%16C(=O)N(CN%17C(=O)N(CN1C2=O)C%12C%11%17)C%10C9%16)C8C7%15)C6C5%14)C4C3%13,2526C525F966BEE6CB589BBB60C9F4124C02584847747BDAFF4E92B4462536E8,HOST_CAN_0149,PASS,[NH3+]CCCCCCCCCC[NH3+],90DA5EF1A7C1D3143D5E218086356FAA0E7ECA7264C252E84EDA9FDCFD1ADCAE,GUEST_CAN_1083,PASS,GINE,4,host_cold,4,7.222436904907227
1972,8,1028,C1N2C3C4N(C2=O)CN5C6C7N(C5=O)CN8C9C2N(C8=O)CN5C8C%10N(C5=O)CN5C%11C%12N(C5=O)CN5C%13C(N1C5=O)N1CN3C(=O)N4CN6C(=O)N7CN9C(=O)N2CN8C(=O)N%10CN%11C(=O)N%12CN%13C1=O,C(CCCCCC)O,cucurbituril,2.6435000896453857,O=C1N2CN3C(=O)N4CN5C(=O)N6CN7C(=O)N8CN9C(=O)N%10CN%11C(=O)N%12CN1C1C2N2CN%13C(=O)N(CN%14C(=O)N(CN%15C(=O)N(CN%16C(=O)N(CN%17C(=O)N(CN1C2=O)C%12C%11%17)C%10C9%16)C8C7%15)C6C5%14)C4C3%13,2526C525F966BEE6CB589BBB60C9F4124C02584847747BDAFF4E92B4462536E8,HOST_CAN_0149,PASS,CCCCCCCO,CA8F78DA4D573C001BB36B90E2453AA665C674A4FA5A128AC3E0860DA89F5A52,GUEST_CAN_0293,PASS,GINE,4,host_cold,4,5.52345085144043
1977,38,611,C1C2C3=CC=CC=C3C4=C5C6CC7=CC=CC=C7C8=CC(=CC(=C8)C9=CC=CC=C9CC3C7=CC=CC=C7C(=C24)C3=C5C2=CC=CC=C62)C2=CC=CC=C21,C1CC23CCC[N+]2(C1)CCC3.[Cl-],cyclophane,5.380199909210205,c1ccc2c(c1)CC1c3ccccc3-c3c1c1c4c5c3C(Cc3ccccc3-c3cc-2cc(c3)-c2ccccc2CC4c2ccccc2-1)c1ccccc1-5,7D60610AC6275537B6952E12359C97C789A38E2FA1295732E16AF89573CE95C4,HOST_CAN_0186,PASS,C1CC23CCC[N+]2(C1)CCC3.[Cl-],B4BDB306372D3D419AFF9AB09BAFA2C58EFDF74F4F38CF2F574FA0F07505CD04,GUEST_CAN_0019,PASS,GINE,4,host_cold,4,8.58407211303711
1982,14,56,NCCOc1c2Cc3cc(cc(c3O)Cc3cc(cc(c3O)Cc3cc(cc(Cc4c(c(Cc5c(c(Cc1cc(c2)S(=O)(=O)O)cc(c5)S(=O)(=O)O)O)cc(c4)S(=O)(=O)O)O)c3O)S(=O)(=O)O)S(=O)(=O)O)S(=O)(=O)O,CCCC(C(=O)O)N,calixarene,2.2899999618530273,NCCOc1c2cc(S(=O)(=O)O)cc1Cc1cc(S(=O)(=O)O)cc(c1O)Cc1cc(S(=O)(=O)O)cc(c1O)Cc1cc(S(=O)(=O)O)cc(c1O)Cc1cc(S(=O)(=O)O)cc(c1O)Cc1cc(S(=O)(=O)O)cc(c1O)C2,C787A22C599703D921FA29CACAF002E9FF6ED12C44482B2905C84DCBDD5B4AC1,HOST_CAN_0110,PASS,CCCC(N)C(=O)O,81F3215F9F46874A7436620E7AD92167936CF997FB3F203D4397A018C4B56861,GUEST_CAN_0268,PASS,GINE,4,host_cold,4,2.3477869033813477
1991,9,613,[O-]C(=O)COc1ccc2c3c1CNC(=O)c1c(OCC(=O)[O-])ccc4c1ccc1c4C4CC(O1)Oc1c4c4ccc(c(C(=O)NCc5c6c(c7C8c2c(cc3)OC(C8)Oc7cc6)ccc5OCC(=O)[O-])c4cc1)OCC(=O)[O-].[NH4+].[NH4+].[NH4+].[NH4+],C1=CNC=C1,other,3.1835999488830566,O=C([O-])COc1ccc2c3c4ccc2c1CNC(=O)c1c(OCC(=O)[O-])ccc2c5c(ccc12)OC1CC5c2c(ccc5c(c(OCC(=O)[O-])ccc25)C(=O)NCc2c(OCC(=O)[O-])ccc5c6c(ccc25)OC(CC36)O4)O1.[NH4+].[NH4+].[NH4+].[NH4+],7D3830C6A6E10F82EEBCC3ED68B861BB21ED63B1DDB277580F3032527E5A1183,HOST_CAN_0139,PASS,c1cc[nH]c1,F996E37E5A4B42FBC524EFA4BA2E9A15FBF3D1F561537DA9CA8ED1DFB7CD0E8F,GUEST_CAN_1126,PASS,GINE,4,host_cold,4,3.409371852874756
1998,69,375,NCCN1C=C(N=N1)COC(C=C2)=C(CNCC3=C(OCC(N=N4)=CN4CCN)C=CC5=C3C=C6)C7=C2C8=C(C=C7)OC9CC8C%10=C(O9)C=CC%11=C%10C=CC(OCC(N=N%12)=CN%12CCN)=C%11CNCC%13=C(OCC(N=N%14)=CN%14CCN)C=CC%15=C%13C=CC(O%16)=C%15C%17C5=C6OC%16C%17,C1=CC=C(C=C1)C(C(=O)O)O,other,4.243000030517578,NCCn1cc(COc2ccc3c4c5ccc3c2CNCc2c(OCc3cn(CCN)nn3)ccc3c6c(ccc23)OC2CC6c3c(ccc6c(c(OCc7cn(CCN)nn7)ccc36)CNCc3c(OCc6cn(CCN)nn6)ccc6c7c(ccc36)OC(CC47)O5)O2)nn1,E69AC36986BDADC1E5A61FE9021251B6D5437DB096F231021CE94D055FF4BCBF,HOST_CAN_0113,PASS,O=C(O)C(O)c1ccccc1,8E08B8E39FBC5ABD8EF27E456D9F14EDEC58CC2D7E3AEEF72D046E7F0E969A94,GUEST_CAN_0860,PASS,GINE,4,host_cold,4,2.0985562801361084
2006,94,397,CC(C(O[Na])=O)OC(C(OC(C)C(O[Na])=O)=C1)=CC2=C1C(C=C(OC(C(O[Na])=O)C)C(OC(C(O[Na])=O)C)=C3)=C3C4=C2C=C(OC(C(O[Na])=O)C)C(OC(C)C(O[Na])=O)=C4,C1=CC=C2C(=C1)C(=CN2)CC(C(=O)O)N,other,0.0,CC(Oc1cc2c3cc(OC(C)C(=O)[O][Na])c(OC(C)C(=O)[O][Na])cc3c3cc(OC(C)C(=O)[O][Na])c(OC(C)C(=O)[O][Na])cc3c2cc1OC(C)C(=O)[O][Na])C(=O)[O][Na],BA584CA32AF40B5CC01118169993C3B68F1DD55FC57084F45766D3D97748C6AD,HOST_CAN_0016,PASS,NC(Cc1c[nH]c2ccccc12)C(=O)O,640E1867764F94CAFE2D991B23E1B000681C8619E07309C47EB26888B7938B6E,GUEST_CAN_0740,PASS,GINE,4,host_cold,4,4.252594470977783
2007,8,1035,C1N2C3C4N(C2=O)CN5C6C7N(C5=O)CN8C9C2N(C8=O)CN5C8C%10N(C5=O)CN5C%11C%12N(C5=O)CN5C%13C(N1C5=O)N1CN3C(=O)N4CN6C(=O)N7CN9C(=O)N2CN8C(=O)N%10CN%11C(=O)N%12CN%13C1=O,C(CC)#N,cucurbituril,2.569999933242798,O=C1N2CN3C(=O)N4CN5C(=O)N6CN7C(=O)N8CN9C(=O)N%10CN%11C(=O)N%12CN1C1C2N2CN%13C(=O)N(CN%14C(=O)N(CN%15C(=O)N(CN%16C(=O)N(CN%17C(=O)N(CN1C2=O)C%12C%11%17)C%10C9%16)C8C7%15)C6C5%14)C4C3%13,2526C525F966BEE6CB589BBB60C9F4124C02584847747BDAFF4E92B4462536E8,HOST_CAN_0149,PASS,CCC#N,04A03F058ECCD2785575484CEDBD737375172F2B3EB3133CB220B3CDCBDDBC07,GUEST_CAN_0248,PASS,GINE,4,host_cold,4,4.963234901428223
2008,52,523,OC(=O)COc1c2Cc3cc(cc(c3O)Cc3cc(cc(c3O)Cc3cc(cc(Cc4c(c(Cc5c(c(Cc1cc(c2)S(=O)(=O)O)cc(c5)S(=O)(=O)O)O)cc(c4)S(=O)(=O)O)O)c3O)S(=O)(=O)O)S(=O)(=O)O)S(=O)(=O)O,C(C(=O)O)N,calixarene,1.579800009727478,O=C(O)COc1c2cc(S(=O)(=O)O)cc1Cc1cc(S(=O)(=O)O)cc(c1O)Cc1cc(S(=O)(=O)O)cc(c1O)Cc1cc(S(=O)(=O)O)cc(c1O)Cc1cc(S(=O)(=O)O)cc(c1O)Cc1cc(S(=O)(=O)O)cc(c1O)C2,89AB142F8D041F89710D49168CBEF0FA0D792576B82031818BFF7C2DE5D92117,HOST_CAN_0127,PASS,NCC(=O)O,30FE3809EFBE5F6B082D9B94D27A0C7C9ECD1364A816D59C3D31CE32BCDF848E,GUEST_CAN_0774,PASS,GINE,4,host_cold,4,1.8338558673858643
2012,8,1038,C1N2C3C4N(C2=O)CN5C6C7N(C5=O)CN8C9C2N(C8=O)CN5C8C%10N(C5=O)CN5C%11C%12N(C5=O)CN5C%13C(N1C5=O)N1CN3C(=O)N4CN6C(=O)N7CN9C(=O)N2CN8C(=O)N%10CN%11C(=O)N%12CN%13C1=O,CC(C)C,cucurbituril,5.959000110626221,O=C1N2CN3C(=O)N4CN5C(=O)N6CN7C(=O)N8CN9C(=O)N%10CN%11C(=O)N%12CN1C1C2N2CN%13C(=O)N(CN%14C(=O)N(CN%15C(=O)N(CN%16C(=O)N(CN%17C(=O)N(CN1C2=O)C%12C%11%17)C%10C9%16)C8C7%15)C6C5%14)C4C3%13,2526C525F966BEE6CB589BBB60C9F4124C02584847747BDAFF4E92B4462536E8,HOST_CAN_0149,PASS,CC(C)C,A4989E0F473EE4981C8DC330F4867DF3B27E9F8185A9C92AD25D1885D924F3B9,GUEST_CAN_0124,PASS,GINE,4,host_cold,4,5.2758636474609375
2017,9,467,[O-]C(=O)COc1ccc2c3c1CNC(=O)c1c(OCC(=O)[O-])ccc4c1ccc1c4C4CC(O1)Oc1c4c4ccc(c(C(=O)NCc5c6c(c7C8c2c(cc3)OC(C8)Oc7cc6)ccc5OCC(=O)[O-])c4cc1)OCC(=O)[O-].[NH4+].[NH4+].[NH4+].[NH4+],CC(C)O,other,0.954200029373169,O=C([O-])COc1ccc2c3c4ccc2c1CNC(=O)c1c(OCC(=O)[O-])ccc2c5c(ccc12)OC1CC5c2c(ccc5c(c(OCC(=O)[O-])ccc25)C(=O)NCc2c(OCC(=O)[O-])ccc5c6c(ccc25)OC(CC36)O4)O1.[NH4+].[NH4+].[NH4+].[NH4+],7D3830C6A6E10F82EEBCC3ED68B861BB21ED63B1DDB277580F3032527E5A1183,HOST_CAN_0139,PASS,CC(C)O,DBB1AC6E5DE735970D66B019862ECF51F867BE44B3D2BCCE9FA8B917092E5625,GUEST_CAN_0163,PASS,GINE,4,host_cold,4,1.919084072113037
2028,142,109,[Na]OS(=O)(=O)CCCc1ccc2c3c1CN1C(=O)N4[C@@]5([C@@]1(C)N(Cc3c(cc2)CCCS(=O)(=O)O[Na])C(=O)N5CN1[C@H]2N(C4)C(=O)N3[C@H]2N(C1=O)CN1[C@H]2N(C3)C(=O)N3[C@H]2N(C1=O)CN1[C@]2(N(C3)C(=O)N3[C@]2(N(C1=O)Cc1c2c(C3)c(CCCS(=O)(=O)O[Na])ccc2ccc1CCCS(=O)(=O)O[Na])C)C)C,C(CC(C(=O)O)N)CN=C(N)N,cucurbituril,3.176100015640259,C[C@]12N3Cc4c(CCCS(=O)(=O)[O][Na])ccc5ccc(CCCS(=O)(=O)[O][Na])c(c45)CN1C(=O)N1CN4C(=O)N5CN6C(=O)N7CN8C(=O)N9Cc%10c(CCCS(=O)(=O)[O][Na])ccc%11ccc(CCCS(=O)(=O)[O][Na])c(c%10%11)CN%10C(=O)N(CN%11C(=O)N(CN%12C(=O)N(CN(C3=O)[C@]12C)[C@@H]4[C@H]%125)[C@@H]6[C@H]%117)[C@]8(C)[C@@]9%10C,830BF403FA9E63AA91A49B5FFFE151ED426E5A39758FD44461918B9242146194,HOST_CAN_0084,PASS,NC(N)=NCCCC(N)C(=O)O,0E8C75093E2FC997DA04592D0B5BF85F1497CF3AA52A61C1DE57D4718119AA31,GUEST_CAN_0751,PASS,GINE,4,host_cold,4,3.078331470489502
2034,8,32,C1N2C3C4N(C2=O)CN5C6C7N(C5=O)CN8C9C2N(C8=O)CN5C8C%10N(C5=O)CN5C%11C%12N(C5=O)CN5C%13C(N1C5=O)N1CN3C(=O)N4CN6C(=O)N7CN9C(=O)N2CN8C(=O)N%10CN%11C(=O)N%12CN%13C1=O,CCCCCC[NH3+],cucurbituril,5.222700119018555,O=C1N2CN3C(=O)N4CN5C(=O)N6CN7C(=O)N8CN9C(=O)N%10CN%11C(=O)N%12CN1C1C2N2CN%13C(=O)N(CN%14C(=O)N(CN%15C(=O)N(CN%16C(=O)N(CN%17C(=O)N(CN1C2=O)C%12C%11%17)C%10C9%16)C8C7%15)C6C5%14)C4C3%13,2526C525F966BEE6CB589BBB60C9F4124C02584847747BDAFF4E92B4462536E8,HOST_CAN_0149,PASS,CCCCCC[NH3+],8992B28ADCBCB2D79B0755BE71A544C4402BA92BF63E66FCAFB1B7947B8EB8A1,GUEST_CAN_0300,PASS,GINE,4,host_cold,4,6.495473861694336
2041,184,53,C1COCCOCCOCCOCCOCCO1,[Na+].[Cl-],crown_ether,1.7999999523162842,C1COCCOCCOCCOCCOCCO1,AB2B68B16BC108ACBF4592C1902236C76AD72DB44D639D9AC3EE0A9ED5F433F6,HOST_CAN_0008,PASS,[Cl-].[Na+],75BE434EC1982F4169BCC68DFF522D1CE80C4ED9F32BD5BD82D1768FC8A5ED44,GUEST_CAN_1040,PASS,GINE,4,host_cold,4,1.9547345638275146
2042,9,585,[O-]C(=O)COc1ccc2c3c1CNC(=O)c1c(OCC(=O)[O-])ccc4c1ccc1c4C4CC(O1)Oc1c4c4ccc(c(C(=O)NCc5c6c(c7C8c2c(cc3)OC(C8)Oc7cc6)ccc5OCC(=O)[O-])c4cc1)OCC(=O)[O-].[NH4+].[NH4+].[NH4+].[NH4+],C1COC=CO1,other,3.003499984741211,O=C([O-])COc1ccc2c3c4ccc2c1CNC(=O)c1c(OCC(=O)[O-])ccc2c5c(ccc12)OC1CC5c2c(ccc5c(c(OCC(=O)[O-])ccc25)C(=O)NCc2c(OCC(=O)[O-])ccc5c6c(ccc25)OC(CC36)O4)O1.[NH4+].[NH4+].[NH4+].[NH4+],7D3830C6A6E10F82EEBCC3ED68B861BB21ED63B1DDB277580F3032527E5A1183,HOST_CAN_0139,PASS,C1=COCCO1,62B89259694551775F024BAF22BB7717B9DD1ABB919F2BD142259B86044C2DEF,GUEST_CAN_0017,PASS,GINE,4,host_cold,4,2.3172388076782227
2043,9,746,[O-]C(=O)COc1ccc2c3c1CNC(=O)c1c(OCC(=O)[O-])ccc4c1ccc1c4C4CC(O1)Oc1c4c4ccc(c(C(=O)NCc5c6c(c7C8c2c(cc3)OC(C8)Oc7cc6)ccc5OCC(=O)[O-])c4cc1)OCC(=O)[O-].[NH4+].[NH4+].[NH4+].[NH4+],COC(=O)OC,other,3.1498000621795654,O=C([O-])COc1ccc2c3c4ccc2c1CNC(=O)c1c(OCC(=O)[O-])ccc2c5c(ccc12)OC1CC5c2c(ccc5c(c(OCC(=O)[O-])ccc25)C(=O)NCc2c(OCC(=O)[O-])ccc5c6c(ccc25)OC(CC36)O4)O1.[NH4+].[NH4+].[NH4+].[NH4+],7D3830C6A6E10F82EEBCC3ED68B861BB21ED63B1DDB277580F3032527E5A1183,HOST_CAN_0139,PASS,COC(=O)OC,6CCAD973A4EAF78C167862A182B402AC2EC9ED740AA8040453E50A8F70C5D2C6,GUEST_CAN_0446,PASS,GINE,4,host_cold,4,2.2946300506591797
2045,14,337,NCCOc1c2Cc3cc(cc(c3O)Cc3cc(cc(c3O)Cc3cc(cc(Cc4c(c(Cc5c(c(Cc1cc(c2)S(=O)(=O)O)cc(c5)S(=O)(=O)O)O)cc(c4)S(=O)(=O)O)O)c3O)S(=O)(=O)O)S(=O)(=O)O)S(=O)(=O)O,OCC(C(=O)O)N,calixarene,2.2504000663757324,NCCOc1c2cc(S(=O)(=O)O)cc1Cc1cc(S(=O)(=O)O)cc(c1O)Cc1cc(S(=O)(=O)O)cc(c1O)Cc1cc(S(=O)(=O)O)cc(c1O)Cc1cc(S(=O)(=O)O)cc(c1O)Cc1cc(S(=O)(=O)O)cc(c1O)C2,C787A22C599703D921FA29CACAF002E9FF6ED12C44482B2905C84DCBDD5B4AC1,HOST_CAN_0110,PASS,NC(CO)C(=O)O,2EBE58D687C0AA53F22B8D1549C80A85A6D27FB38ECC46BD2A35B25250CAEFA2,GUEST_CAN_0734,PASS,GINE,4,host_cold,4,2.101583957672119
2046,9,964,[O-]C(=O)COc1ccc2c3c1CNC(=O)c1c(OCC(=O)[O-])ccc4c1ccc1c4C4CC(O1)Oc1c4c4ccc(c(C(=O)NCc5c6c(c7C8c2c(cc3)OC(C8)Oc7cc6)ccc5OCC(=O)[O-])c4cc1)OCC(=O)[O-].[NH4+].[NH4+].[NH4+].[NH4+],C1CCC2C(C1)O2,other,1.799299955368042,O=C([O-])COc1ccc2c3c4ccc2c1CNC(=O)c1c(OCC(=O)[O-])ccc2c5c(ccc12)OC1CC5c2c(ccc5c(c(OCC(=O)[O-])ccc25)C(=O)NCc2c(OCC(=O)[O-])ccc5c6c(ccc25)OC(CC36)O4)O1.[NH4+].[NH4+].[NH4+].[NH4+],7D3830C6A6E10F82EEBCC3ED68B861BB21ED63B1DDB277580F3032527E5A1183,HOST_CAN_0139,PASS,C1CCC2OC2C1,78D4812342A7F88534719C2C2B467B0E7B72F0ECFBE8E31818F971D57D8D8A2B,GUEST_CAN_0027,PASS,GINE,4,host_cold,4,5.419925689697266
2057,114,347,COC[C@H]1O[C@@H]2O[C@H]3[C@H](COC)O[C@H]([C@H]([C@@H]3OC)OC)O[C@H]3[C@H](COC)O[C@H]([C@H]([C@@H]3OC)OC)O[C@H]3[C@H](COC)O[C@H]([C@H]([C@@H]3OC)OC)O[C@H]3[C@@H](O[C@@H](O[C@@H]4[C@H](O[C@H](O[C@@H]5[C@H](O[C@H](O[C@H]1[C@@H]([C@H]2OC)OC)[C@H](OC)[C@H]5OC)COc1cccc2c1cccc2)[C@H](OC)[C@H]4OC)COC)[C@@H](OC)[C@@H]3OC)COC,[Na]OC(=O)CNOC(=O)CCC([C@H]1CC[C@@H]2[C@]1(C)[C@@H](O)C[C@H]1[C@H]2[C@H](O)C[C@H]2[C@]1(C)CC[C@H](C2)O)C,cyclodextrin,3.637500047683716,COC[C@@H]1O[C@H]2O[C@@H]3[C@@H](OC)[C@H](OC)[C@H](O[C@H]4[C@H](OC)[C@@H](OC)[C@@H](O[C@H]5[C@H](OC)[C@@H](OC)[C@@H](O[C@H]6[C@H](OC)[C@@H](OC)[C@@H](O[C@@H]7[C@@H](OC)[C@H](OC)[C@H](O[C@@H]8[C@@H](OC)[C@H](OC)[C@H](O[C@@H]1[C@@H](OC)[C@@H]2OC)O[C@H]8COC)O[C@H]7COC)O[C@@H]6COC)O[C@@H]5COc1cccc2ccccc12)O[C@@H]4COC)O[C@H]3COC,7AE19FA8EF87D27413EA05F1D5DD130463E6A866CDA3A89A21EED2C3F3D61191,HOST_CAN_0062,PASS,CC(CCC(=O)ONCC(=O)[O][Na])[C@H]1CC[C@H]2[C@@H]3[C@H](O)C[C@@H]4C[C@H](O)CC[C@]4(C)[C@H]3C[C@H](O)[C@]12C,51B5AC142E25B7D44702DD7E725372C2BF956D4EDF34BE5A2E7E9ED74F257862,GUEST_CAN_0171,PASS,GINE,4,host_cold,4,3.4833593368530273
2058,152,937,C1COCCOC2=NC3=CC=CC=C3N=C2OCCOCCOCCOC4=CC=CC=C4OCCO1,F[P-](F)(F)(F)(F)F.F[P-](F)(F)(F)(F)F.F[P-](F)(F)(F)(F)F.C1(C[NH2+]CC2=CC=C(OC3=CC(OC(C=C4)=CC=C4C[NH2+]CC5=CC=CC=C5)=CC(OC(C=C6)=CC=C6C[NH2+]CC7=CC=CC=C7)=C3)C=C2)=CC=CC=C1,other,8.518500328063965,c1ccc2c(c1)OCCOCCOCCOc1nc3ccccc3nc1OCCOCCOCCO2,11E567E73A50D02BD46891CF13338BDDF57C27745B8926A9E8B83F56E359EA3E,HOST_CAN_0187,PASS,F[P-](F)(F)(F)(F)F.F[P-](F)(F)(F)(F)F.F[P-](F)(F)(F)(F)F.c1ccc(C[NH2+]Cc2ccc(Oc3cc(Oc4ccc(C[NH2+]Cc5ccccc5)cc4)cc(Oc4ccc(C[NH2+]Cc5ccccc5)cc4)c3)cc2)cc1,32BC822A59EBA24F89EAF31AE89122DE48E9EA88CE6089F0B15D5AECA3940479,GUEST_CAN_0707,PASS,GINE,4,host_cold,4,3.6786606311798096
2065,8,1047,C1N2C3C4N(C2=O)CN5C6C7N(C5=O)CN8C9C2N(C8=O)CN5C8C%10N(C5=O)CN5C%11C%12N(C5=O)CN5C%13C(N1C5=O)N1CN3C(=O)N4CN6C(=O)N7CN9C(=O)N2CN8C(=O)N%10CN%11C(=O)N%12CN%13C1=O,NCCCCCCO,cucurbituril,2.2699999809265137,O=C1N2CN3C(=O)N4CN5C(=O)N6CN7C(=O)N8CN9C(=O)N%10CN%11C(=O)N%12CN1C1C2N2CN%13C(=O)N(CN%14C(=O)N(CN%15C(=O)N(CN%16C(=O)N(CN%17C(=O)N(CN1C2=O)C%12C%11%17)C%10C9%16)C8C7%15)C6C5%14)C4C3%13,2526C525F966BEE6CB589BBB60C9F4124C02584847747BDAFF4E92B4462536E8,HOST_CAN_0149,PASS,NCCCCCCO,91BE599DFF26DBC1F9CA99A592EAD71578931998801BE754C55AD1BEC69B84C6,GUEST_CAN_0793,PASS,GINE,4,host_cold,4,5.998616695404053
2077,98,759,C([C@@H]1[C@@H]2[C@@H]([C@H]([C@H](O1)O[C@@H]3[C@H](O[C@@H]([C@@H]([C@H]3O)O)O[C@@H]4[C@H](O[C@@H]([C@@H]([C@H]4O)O)O[C@@H]5[C@H](O[C@@H]([C@@H]([C@H]5O)O)O[C@@H]6[C@H](O[C@@H]([C@@H]([C@H]6O)O)O[C@@H]7[C@H](O[C@@H]([C@@H]([C@H]7O)O)O[C@@H]8[C@H](O[C@H](O2)[C@@H]([C@H]8O)O)CO)CO)CO)CO)CO)CO)O)O)NCC(=O)O,CC(CCC(=O)NCCS(=O)(=O)[O-])C1CCC2C1(C(CC3C2C(CC4C3(CCC(C4)O)C)O)O)C.[Na+],cyclodextrin,3.1212000846862793,O=C(O)CNC[C@H]1O[C@@H]2O[C@H]3[C@H](O)[C@@H](O)[C@@H](O[C@H]4[C@H](O)[C@@H](O)[C@@H](O[C@H]5[C@H](O)[C@@H](O)[C@@H](O[C@H]6[C@H](O)[C@@H](O)[C@@H](O[C@H]7[C@H](O)[C@@H](O)[C@@H](O[C@H]8[C@H](O)[C@@H](O)[C@@H](O[C@H]1[C@H](O)[C@H]2O)O[C@@H]8CO)O[C@@H]7CO)O[C@@H]6CO)O[C@@H]5CO)O[C@@H]4CO)O[C@@H]3CO,1CB8BB8FC7131D0029408460C176413DD5567C2F911FE5DE54C9E901F56DC40B,HOST_CAN_0125,PASS,CC(CCC(=O)NCCS(=O)(=O)[O-])C1CCC2C3C(O)CC4CC(O)CCC4(C)C3CC(O)C12C.[Na+],3E62E939F78F11C7DC524969E9A1AF26554F07532EABA61AAA8478E5B9C280F1,GUEST_CAN_0169,PASS,GINE,4,host_cold,4,3.558802604675293
2079,142,1050,[Na]OS(=O)(=O)CCCc1ccc2c3c1CN1C(=O)N4[C@@]5([C@@]1(C)N(Cc3c(cc2)CCCS(=O)(=O)O[Na])C(=O)N5CN1[C@H]2N(C4)C(=O)N3[C@H]2N(C1=O)CN1[C@H]2N(C3)C(=O)N3[C@H]2N(C1=O)CN1[C@]2(N(C3)C(=O)N3[C@]2(N(C1=O)Cc1c2c(C3)c(CCCS(=O)(=O)O[Na])ccc2ccc1CCCS(=O)(=O)O[Na])C)C)C,NCCCCN,cucurbituril,4.278800010681152,C[C@]12N3Cc4c(CCCS(=O)(=O)[O][Na])ccc5ccc(CCCS(=O)(=O)[O][Na])c(c45)CN1C(=O)N1CN4C(=O)N5CN6C(=O)N7CN8C(=O)N9Cc%10c(CCCS(=O)(=O)[O][Na])ccc%11ccc(CCCS(=O)(=O)[O][Na])c(c%10%11)CN%10C(=O)N(CN%11C(=O)N(CN%12C(=O)N(CN(C3=O)[C@]12C)[C@@H]4[C@H]%125)[C@@H]6[C@H]%117)[C@]8(C)[C@@]9%10C,830BF403FA9E63AA91A49B5FFFE151ED426E5A39758FD44461918B9242146194,HOST_CAN_0084,PASS,NCCCCN,ABFB247B65D73EC882481ADE82D4889DA2B7C6B2DE8B16FFAFFD43B58E6A0D6C,GUEST_CAN_0796,PASS,GINE,4,host_cold,4,3.9737601280212402
2084,165,558,O[C@@H]1[C@@H](O)[C@H](O[C@@H]2[C@H](O)[C@@H](O)[C@H](O[C@H]3[C@@H](O)[C@H](O)[C@@H](O[C@H]4[C@@H](O)[C@H](O)[C@@H](O[C@H]5[C@@H](O)[C@H](O)[C@@H](O6)[C@H](COCC(O)C)O5)[C@H](COCC(O)C)O4)[C@H](COCC(O)C)O3)[C@@H](COCC(O)C)O2)[C@@H](COCC(O)C)O[C@@H]1O[C@H]7[C@H](O)[C@@H](O)[C@@H](O[C@@H]8[C@@H](O)[C@H](O)[C@H](O[C@@H]9[C@@H](O)[C@H](O)C6O[C@H]9COCC(O)C)O[C@H]8COCC(O)C)O[C@@H]7COCC(O)C,C1=CC=C(C=C1)NC2=CC3=C(C=C2)C=C(C=C3)S(=O)(=O)[O-],cyclodextrin,2.397900104522705,CC(O)COC[C@@H]1OC2O[C@@H]3[C@@H](O)[C@H](O)[C@H](O[C@@H]4[C@@H](O)[C@H](O)[C@H](O[C@@H]5[C@@H](O)[C@H](O)[C@H](O[C@H]6[C@H](O)[C@@H](O)[C@@H](O[C@H]7[C@H](O)[C@@H](O)[C@@H](O[C@H]8[C@H](O)[C@@H](O)[C@@H](O[C@@H]9[C@@H](O)[C@H](O)[C@H](O[C@@H]1[C@@H](O)[C@@H]2O)O[C@H]9COCC(C)O)O[C@@H]8COCC(C)O)O[C@@H]7COCC(C)O)O[C@@H]6COCC(C)O)O[C@H]5COCC(C)O)O[C@H]4COCC(C)O)O[C@H]3COCC(C)O,A6463260767763AEEEE84358752649565D613E36139686EE469EAD950C115E6E,HOST_CAN_0013,PASS,O=S(=O)([O-])c1ccc2cc(Nc3ccccc3)ccc2c1,0824CC1DB2624A014F85DD652F99EC1BBB673337CABFEF6F0B2F4C09F94496B2,GUEST_CAN_0937,PASS,GINE,4,host_cold,4,2.550143003463745
2093,38,427,C1C2C3=CC=CC=C3C4=C5C6CC7=CC=CC=C7C8=CC(=CC(=C8)C9=CC=CC=C9CC3C7=CC=CC=C7C(=C24)C3=C5C2=CC=CC=C62)C2=CC=CC=C21,CC(=O)OCC[N+](C)(C)C.[Cl-],cyclophane,3.591099977493286,c1ccc2c(c1)CC1c3ccccc3-c3c1c1c4c5c3C(Cc3ccccc3-c3cc-2cc(c3)-c2ccccc2CC4c2ccccc2-1)c1ccccc1-5,7D60610AC6275537B6952E12359C97C789A38E2FA1295732E16AF89573CE95C4,HOST_CAN_0186,PASS,CC(=O)OCC[N+](C)(C)C.[Cl-],4879DB6C417F8D989F6A62C99945BAB2F28386E52B872AFFF576ADC283F5F62A,GUEST_CAN_0101,PASS,GINE,4,host_cold,4,3.7564640045166016
2094,9,1055,[O-]C(=O)COc1ccc2c3c1CNC(=O)c1c(OCC(=O)[O-])ccc4c1ccc1c4C4CC(O1)Oc1c4c4ccc(c(C(=O)NCc5c6c(c7C8c2c(cc3)OC(C8)Oc7cc6)ccc5OCC(=O)[O-])c4cc1)OCC(=O)[O-].[NH4+].[NH4+].[NH4+].[NH4+],C1=COC=C1,other,2.1731998920440674,O=C([O-])COc1ccc2c3c4ccc2c1CNC(=O)c1c(OCC(=O)[O-])ccc2c5c(ccc12)OC1CC5c2c(ccc5c(c(OCC(=O)[O-])ccc25)C(=O)NCc2c(OCC(=O)[O-])ccc5c6c(ccc25)OC(CC36)O4)O1.[NH4+].[NH4+].[NH4+].[NH4+],7D3830C6A6E10F82EEBCC3ED68B861BB21ED63B1DDB277580F3032527E5A1183,HOST_CAN_0139,PASS,c1ccoc1,39D2B6272E06ABEFF6444DCFBDE680514F1577849516C3E373DBE4CD7A22B85D,GUEST_CAN_1148,PASS,GINE,4,host_cold,4,3.3100361824035645
2097,69,971,NCCN1C=C(N=N1)COC(C=C2)=C(CNCC3=C(OCC(N=N4)=CN4CCN)C=CC5=C3C=C6)C7=C2C8=C(C=C7)OC9CC8C%10=C(O9)C=CC%11=C%10C=CC(OCC(N=N%12)=CN%12CCN)=C%11CNCC%13=C(OCC(N=N%14)=CN%14CCN)C=CC%15=C%13C=CC(O%16)=C%15C%17C5=C6OC%16C%17,O=C(C(=O)O)C1=CC=CC=C1,other,3.3710999488830566,NCCn1cc(COc2ccc3c4c5ccc3c2CNCc2c(OCc3cn(CCN)nn3)ccc3c6c(ccc23)OC2CC6c3c(ccc6c(c(OCc7cn(CCN)nn7)ccc36)CNCc3c(OCc6cn(CCN)nn6)ccc6c7c(ccc36)OC(CC47)O5)O2)nn1,E69AC36986BDADC1E5A61FE9021251B6D5437DB096F231021CE94D055FF4BCBF,HOST_CAN_0113,PASS,O=C(O)C(=O)c1ccccc1,59D705B21890E0D684B601BDBBAD416E3FA37DD45B9284C4CD080F6E5A6A404C,GUEST_CAN_0855,PASS,GINE,4,host_cold,4,2.596371650695801
2100,104,76,C1COCCOCCN2CCOCCOCCN1CCOCCOCCOCC2,[Ba+2],other,6.0,C1COCCN2CCOCCOCCN(CCOCCO1)CCOCCOCC2,FC2FBDD1CDCC0BE65573222C4E8FD2959C4D898D99922B825F4B9F435E9AD133,HOST_CAN_0005,PASS,[Ba+2],646B641AF6E7E8BB0EF6865C6EADD1E8EF78BF2568880853D320270397B832AE,GUEST_CAN_1012,PASS,GINE,4,host_cold,4,2.803619861602783
2102,104,88,C1COCCOCCN2CCOCCOCCN1CCOCCOCCOCC2,[Ca+2],other,2.0,C1COCCN2CCOCCOCCN(CCOCCO1)CCOCCOCC2,FC2FBDD1CDCC0BE65573222C4E8FD2959C4D898D99922B825F4B9F435E9AD133,HOST_CAN_0005,PASS,[Ca+2],561732356B8592F747BA6C15EFCD099F7FAD62C4ABEDA9A81D86C4D38151E987,GUEST_CAN_1020,PASS,GINE,4,host_cold,4,2.896592855453491
2105,94,301,CC(C(O[Na])=O)OC(C(OC(C)C(O[Na])=O)=C1)=CC2=C1C(C=C(OC(C(O[Na])=O)C)C(OC(C(O[Na])=O)C)=C3)=C3C4=C2C=C(OC(C(O[Na])=O)C)C(OC(C)C(O[Na])=O)=C4,CC(=O)OCC[N+](C)(C)C,other,1.973099946975708,CC(Oc1cc2c3cc(OC(C)C(=O)[O][Na])c(OC(C)C(=O)[O][Na])cc3c3cc(OC(C)C(=O)[O][Na])c(OC(C)C(=O)[O][Na])cc3c2cc1OC(C)C(=O)[O][Na])C(=O)[O][Na],BA584CA32AF40B5CC01118169993C3B68F1DD55FC57084F45766D3D97748C6AD,HOST_CAN_0016,PASS,CC(=O)OCC[N+](C)(C)C,84D51F4020B502D4D631E57EE68EFDE6A9760DA224964EB235142C0ADF7611B2,GUEST_CAN_0100,PASS,GINE,4,host_cold,4,5.002415657043457
2117,9,1055,[O-]C(=O)COc1ccc2c3c1CNC(=O)c1c(OCC(=O)[O-])ccc4c1ccc1c4C4CC(O1)Oc1c4c4ccc(c(C(=O)NCc5c6c(c7C8c2c(cc3)OC(C8)Oc7cc6)ccc5OCC(=O)[O-])c4cc1)OCC(=O)[O-].[NH4+].[NH4+].[NH4+].[NH4+],C1=COC=C1,other,2.6928000450134277,O=C([O-])COc1ccc2c3c4ccc2c1CNC(=O)c1c(OCC(=O)[O-])ccc2c5c(ccc12)OC1CC5c2c(ccc5c(c(OCC(=O)[O-])ccc25)C(=O)NCc2c(OCC(=O)[O-])ccc5c6c(ccc25)OC(CC36)O4)O1.[NH4+].[NH4+].[NH4+].[NH4+],7D3830C6A6E10F82EEBCC3ED68B861BB21ED63B1DDB277580F3032527E5A1183,HOST_CAN_0139,PASS,c1ccoc1,39D2B6272E06ABEFF6444DCFBDE680514F1577849516C3E373DBE4CD7A22B85D,GUEST_CAN_1148,PASS,GINE,4,host_cold,4,3.3100361824035645
2118,38,1011,C1C2C3=CC=CC=C3C4=C5C6CC7=CC=CC=C7C8=CC(=CC(=C8)C9=CC=CC=C9CC3C7=CC=CC=C7C(=C24)C3=C5C2=CC=CC=C62)C2=CC=CC=C21,C1C=CC2C1C3C4=CC=CC=C4C2C5=CC=CC=[N+]35,cyclophane,5.556300163269043,c1ccc2c(c1)CC1c3ccccc3-c3c1c1c4c5c3C(Cc3ccccc3-c3cc-2cc(c3)-c2ccccc2CC4c2ccccc2-1)c1ccccc1-5,7D60610AC6275537B6952E12359C97C789A38E2FA1295732E16AF89573CE95C4,HOST_CAN_0186,PASS,C1=CC2C3c4ccccc4C(C2C1)[n+]1ccccc13,04F538198C063817EB0697587CEE62ECD7170D35DB7CDF20799D62A28FD3187D,GUEST_CAN_0015,PASS,GINE,4,host_cold,4,4.131938457489014
2122,8,1059,C1N2C3C4N(C2=O)CN5C6C7N(C5=O)CN8C9C2N(C8=O)CN5C8C%10N(C5=O)CN5C%11C%12N(C5=O)CN5C%13C(N1C5=O)N1CN3C(=O)N4CN6C(=O)N7CN9C(=O)N2CN8C(=O)N%10CN%11C(=O)N%12CN%13C1=O,C(C)(=O)O,cucurbituril,2.176100015640259,O=C1N2CN3C(=O)N4CN5C(=O)N6CN7C(=O)N8CN9C(=O)N%10CN%11C(=O)N%12CN1C1C2N2CN%13C(=O)N(CN%14C(=O)N(CN%15C(=O)N(CN%16C(=O)N(CN%17C(=O)N(CN1C2=O)C%12C%11%17)C%10C9%16)C8C7%15)C6C5%14)C4C3%13,2526C525F966BEE6CB589BBB60C9F4124C02584847747BDAFF4E92B4462536E8,HOST_CAN_0149,PASS,CC(=O)O,B00014BEDBABA3C96C5A7A9A3E5B442E4866A65E4668060E94657318F994BD8A,GUEST_CAN_0092,PASS,GINE,4,host_cold,4,1.5485103130340576
2125,85,41,OC[C@H]1O[C@@H]2O[C@@H]3[C@@H](CO)O[C@H](O[C@@H]4[C@@H](CO)O[C@H](O[C@@H]5[C@@H](CO)O[C@H](O[C@@H]6[C@@H](CO)O[C@H](O[C@@H]7[C@@H](CO)O[C@H](O[C@@H]8[C@@H](CO)O[C@H](O[C@@H]9[C@@H](CO)O[C@H](O[C@H]1[C@H](O)[C@H]2O)[C@H](O)[C@H]9O)[C@H](O)[C@H]8O)[C@H](O)[C@H]7O)[C@H](O)[C@H]6O)[C@H](O)[C@H]5O)[C@H](O)[C@H]4O)[C@H](O)[C@H]3O,CN(C)CCCN1C2=CC=CC=C2SC3=C1C=C(C=C3)Cl.Cl,cyclodextrin,2.5262999534606934,OC[C@H]1O[C@@H]2O[C@H]3[C@H](O)[C@@H](O)[C@@H](O[C@H]4[C@H](O)[C@@H](O)[C@@H](O[C@H]5[C@H](O)[C@@H](O)[C@@H](O[C@H]6[C@H](O)[C@@H](O)[C@@H](O[C@H]7[C@H](O)[C@@H](O)[C@@H](O[C@H]8[C@H](O)[C@@H](O)[C@@H](O[C@H]9[C@H](O)[C@@H](O)[C@@H](O[C@H]1[C@H](O)[C@H]2O)O[C@@H]9CO)O[C@@H]8CO)O[C@@H]7CO)O[C@@H]6CO)O[C@@H]5CO)O[C@@H]4CO)O[C@@H]3CO,4E4982FCAA8A96CE9D40EDC97C9574B542F86F2BEB463ECAA6DCE3670D2F9B83,HOST_CAN_0177,PASS,CN(C)CCCN1c2ccccc2Sc2ccc(Cl)cc21.Cl,466A3D6B822D7F79D66131DFC64FF94C31CFB6206848BB51233FE4F97133C881,GUEST_CAN_0396,PASS,GINE,4,host_cold,4,2.985905647277832
2132,17,773,COP(=O)(Cc1cc2ccc1OCc1cc(COc3ccc(cc3CP(=O)(OC)[O-])C(C)(C)c3ccc(OCc4cc(COc5ccc(C2(C)C)cc5CP(=O)(OC)[O-])cc(c4)[N+](=O)[O-])c(c3)CP(=O)(OC)[O-])cc(c1)[N+](=O)[O-])[O-],C(O)CN,other,1.7323999404907227,COP(=O)([O-])Cc1cc2ccc1OCc1cc(cc([N+](=O)[O-])c1)COc1ccc(cc1CP(=O)([O-])OC)C(C)(C)c1ccc(c(CP(=O)([O-])OC)c1)OCc1cc(cc([N+](=O)[O-])c1)COc1ccc(cc1CP(=O)([O-])OC)C2(C)C,5C9812D0AA59E8C93387DCBA9CDBD0E45705FA87B439937B162042CB092EC8B9,HOST_CAN_0069,PASS,NCCO,4976275C1BA8E4AC07B8B07E746A7BCEFAAB5F668FF027903A2869511480E972,GUEST_CAN_0805,PASS,GINE,4,host_cold,4,1.8533298969268799
2133,104,201,C1COCCOCCN2CCOCCOCCN1CCOCCOCCOCC2,[Li+],other,2.0,C1COCCN2CCOCCOCCN(CCOCCO1)CCOCCOCC2,FC2FBDD1CDCC0BE65573222C4E8FD2959C4D898D99922B825F4B9F435E9AD133,HOST_CAN_0005,PASS,[Li+],A7557B375892DC7E581DDC6CA9773574F95B6514113F07A19BDE6059504332FE,GUEST_CAN_1071,PASS,GINE,4,host_cold,4,1.9919285774230957
2134,72,698,O=C1N2CN3C(=O)N4C5C3N3CN6C2C2N1CN1C(=O)N7C8C1N(CN2C6=O)C(=O)N8CN1C2N(C7)C(=O)N6C2N(C1=O)CN1C2N(C6)C(=O)N6CN7C(=O)N(C4CCc4ccccc4)C4N(CN5C3=O)C(=O)N(C74)CN(C26)C1=O,CCCC[NH3+],cucurbituril,6.528900146484375,O=C1N2CN3C(=O)N4CN5C(=O)N6CN7C(=O)N8CN9C(=O)N%10CN%11C(=O)N%12CN1C1C2N2CN%13C(=O)N(CN%14C(=O)N(CN%15C(=O)N(C8C7%15)C(CCc7ccccc7)N7C(=O)N(CN8C(=O)N(CN1C2=O)C%12C%118)C%10C97)C6C5%14)C4C3%13,36560286898506CAA57C8D987F07AFAC12E98F8C83DA8997C6DC1417F3238164,HOST_CAN_0148,PASS,CCCC[NH3+],6A71D8302F7F41484EDE7CB008CCE4F2AFAAFDA27C6FFB24A0361849051D3340,GUEST_CAN_0322,PASS,GINE,4,host_cold,4,5.4506049156188965
2136,114,198,COC[C@H]1O[C@@H]2O[C@H]3[C@H](COC)O[C@H]([C@H]([C@@H]3OC)OC)O[C@H]3[C@H](COC)O[C@H]([C@H]([C@@H]3OC)OC)O[C@H]3[C@H](COC)O[C@H]([C@H]([C@@H]3OC)OC)O[C@H]3[C@@H](O[C@@H](O[C@@H]4[C@H](O[C@H](O[C@@H]5[C@H](O[C@H](O[C@H]1[C@@H]([C@H]2OC)OC)[C@H](OC)[C@H]5OC)COc1cccc2c1cccc2)[C@H](OC)[C@H]4OC)COC)[C@@H](OC)[C@@H]3OC)COC,CC(CCC(=O)[O-])C1CCC2C1(C(CC3C2CCC4C3(CCC(C4)O)C)O)C.[Na+],cyclodextrin,3.635499954223633,COC[C@@H]1O[C@H]2O[C@@H]3[C@@H](OC)[C@H](OC)[C@H](O[C@H]4[C@H](OC)[C@@H](OC)[C@@H](O[C@H]5[C@H](OC)[C@@H](OC)[C@@H](O[C@H]6[C@H](OC)[C@@H](OC)[C@@H](O[C@@H]7[C@@H](OC)[C@H](OC)[C@H](O[C@@H]8[C@@H](OC)[C@H](OC)[C@H](O[C@@H]1[C@@H](OC)[C@@H]2OC)O[C@H]8COC)O[C@H]7COC)O[C@@H]6COC)O[C@@H]5COc1cccc2ccccc12)O[C@@H]4COC)O[C@H]3COC,7AE19FA8EF87D27413EA05F1D5DD130463E6A866CDA3A89A21EED2C3F3D61191,HOST_CAN_0062,PASS,CC(CCC(=O)[O-])C1CCC2C3CCC4CC(O)CCC4(C)C3CC(O)C12C.[Na+],AAE8955CE9801473265577821D0239EBE4B6812D89DD2C64FBC72356DA8A31D4,GUEST_CAN_0174,PASS,GINE,4,host_cold,4,3.5071194171905518
2138,8,698,C1N2C3C4N(C2=O)CN5C6C7N(C5=O)CN8C9C2N(C8=O)CN5C8C%10N(C5=O)CN5C%11C%12N(C5=O)CN5C%13C(N1C5=O)N1CN3C(=O)N4CN6C(=O)N7CN9C(=O)N2CN8C(=O)N%10CN%11C(=O)N%12CN%13C1=O,CCCC[NH3+],cucurbituril,5.0,O=C1N2CN3C(=O)N4CN5C(=O)N6CN7C(=O)N8CN9C(=O)N%10CN%11C(=O)N%12CN1C1C2N2CN%13C(=O)N(CN%14C(=O)N(CN%15C(=O)N(CN%16C(=O)N(CN%17C(=O)N(CN1C2=O)C%12C%11%17)C%10C9%16)C8C7%15)C6C5%14)C4C3%13,2526C525F966BEE6CB589BBB60C9F4124C02584847747BDAFF4E92B4462536E8,HOST_CAN_0149,PASS,CCCC[NH3+],6A71D8302F7F41484EDE7CB008CCE4F2AFAAFDA27C6FFB24A0361849051D3340,GUEST_CAN_0322,PASS,GINE,4,host_cold,4,5.986207008361816
2146,9,695,[O-]C(=O)COc1ccc2c3c1CNC(=O)c1c(OCC(=O)[O-])ccc4c1ccc1c4C4CC(O1)Oc1c4c4ccc(c(C(=O)NCc5c6c(c7C8c2c(cc3)OC(C8)Oc7cc6)ccc5OCC(=O)[O-])c4cc1)OCC(=O)[O-].[NH4+].[NH4+].[NH4+].[NH4+],CCNC(=O)C,other,1.8128999471664429,O=C([O-])COc1ccc2c3c4ccc2c1CNC(=O)c1c(OCC(=O)[O-])ccc2c5c(ccc12)OC1CC5c2c(ccc5c(c(OCC(=O)[O-])ccc25)C(=O)NCc2c(OCC(=O)[O-])ccc5c6c(ccc25)OC(CC36)O4)O1.[NH4+].[NH4+].[NH4+].[NH4+],7D3830C6A6E10F82EEBCC3ED68B861BB21ED63B1DDB277580F3032527E5A1183,HOST_CAN_0139,PASS,CCNC(C)=O,EDF7EB2AB74271CB75535D4B869AB5E3DF0B0F9AF7ADA5CB9AA9D08ED3A6255F,GUEST_CAN_0357,PASS,GINE,4,host_cold,4,2.9195566177368164
2159,8,1066,C1N2C3C4N(C2=O)CN5C6C7N(C5=O)CN8C9C2N(C8=O)CN5C8C%10N(C5=O)CN5C%11C%12N(C5=O)CN5C%13C(N1C5=O)N1CN3C(=O)N4CN6C(=O)N7CN9C(=O)N2CN8C(=O)N%10CN%11C(=O)N%12CN%13C1=O,[NH4+].[Cl-],cucurbituril,3.7899999618530273,O=C1N2CN3C(=O)N4CN5C(=O)N6CN7C(=O)N8CN9C(=O)N%10CN%11C(=O)N%12CN1C1C2N2CN%13C(=O)N(CN%14C(=O)N(CN%15C(=O)N(CN%16C(=O)N(CN%17C(=O)N(CN1C2=O)C%12C%11%17)C%10C9%16)C8C7%15)C6C5%14)C4C3%13,2526C525F966BEE6CB589BBB60C9F4124C02584847747BDAFF4E92B4462536E8,HOST_CAN_0149,PASS,[Cl-].[NH4+],BB81BE95719E892A58A99E0981144F5B5721B520F1DEFF581BD0847374E35342,GUEST_CAN_1039,PASS,GINE,4,host_cold,4,2.656308650970459
2165,8,1068,C1N2C3C4N(C2=O)CN5C6C7N(C5=O)CN8C9C2N(C8=O)CN5C8C%10N(C5=O)CN5C%11C%12N(C5=O)CN5C%13C(N1C5=O)N1CN3C(=O)N4CN6C(=O)N7CN9C(=O)N2CN8C(=O)N%10CN%11C(=O)N%12CN%13C1=O,C1=CC(=CC(=C1)N)N,cucurbituril,1.0,O=C1N2CN3C(=O)N4CN5C(=O)N6CN7C(=O)N8CN9C(=O)N%10CN%11C(=O)N%12CN1C1C2N2CN%13C(=O)N(CN%14C(=O)N(CN%15C(=O)N(CN%16C(=O)N(CN%17C(=O)N(CN1C2=O)C%12C%11%17)C%10C9%16)C8C7%15)C6C5%14)C4C3%13,2526C525F966BEE6CB589BBB60C9F4124C02584847747BDAFF4E92B4462536E8,HOST_CAN_0149,PASS,Nc1cccc(N)c1,169075CFD2C61E05C15321F6ED8C56CC205D0B9EDF0B5BEBDE5BB8296686D941,GUEST_CAN_0836,PASS,GINE,4,host_cold,4,5.361207008361816
2166,184,507,C1COCCOCCOCCOCCOCCO1,[Cl-].[K+],crown_ether,2.060699939727783,C1COCCOCCOCCOCCOCCO1,AB2B68B16BC108ACBF4592C1902236C76AD72DB44D639D9AC3EE0A9ED5F433F6,HOST_CAN_0008,PASS,[Cl-].[K+],1338FF7B2AAC524F6134D0DF3DF30AC1B29A3AA3B9A82125E0E692BDFF664CC8,GUEST_CAN_1035,PASS,GINE,4,host_cold,4,1.942577600479126
