row_index,host_id,guest_id,host_smiles,guest_smiles,family,y_true,host_canonical_smiles,host_canonical_key_sha256,host_alias_group_id,host_parse_status,guest_canonical_smiles,guest_canonical_key_sha256,guest_alias_group_id,guest_parse_status,model,seed,regime,fold,y_pred
1,1,1,C1C2=CC(=CC(=C2O)CC3=CC(=CC(=C3O)CC4=C(C(=CC(=C4)S(=O)(=O)O)CC5=C(C1=CC(=C5)S(=O)(=O)O)O)O)S(=O)(=O)O)S(=O)(=O)O,Cl[Gd](Cl)Cl,calixarene,3.940000057220459,O=S(=O)(O)c1cc2c(O)c(c1)Cc1cc(S(=O)(=O)O)cc(c1O)Cc1cc(S(=O)(=O)O)cc(c1O)Cc1cc(S(=O)(=O)O)cc(c1O)C2,C1130CCDC8DA0C6458EF6C2E07E7F3330D8F8B055CBE4DEAADB70DC00C8CDFC1,HOST_CAN_0154,PASS,[Cl][Gd]([Cl])[Cl],54CADD1968564365502D35F4B2143637E7CB91B88321B9C948D4EA66153B2A79,GUEST_CAN_1046,PASS,AttentiveFP,3,family_cold,calixarene,2.2215051651000977
2,1,2,C1C2=CC(=CC(=C2O)CC3=CC(=CC(=C3O)CC4=C(C(=CC(=C4)S(=O)(=O)O)CC5=C(C1=CC(=C5)S(=O)(=O)O)O)O)S(=O)(=O)O)S(=O)(=O)O,[Cl-].[Cl-].[Ca+2],calixarene,3.608799934387207,O=S(=O)(O)c1cc2c(O)c(c1)Cc1cc(S(=O)(=O)O)cc(c1O)Cc1cc(S(=O)(=O)O)cc(c1O)Cc1cc(S(=O)(=O)O)cc(c1O)C2,C1130CCDC8DA0C6458EF6C2E07E7F3330D8F8B055CBE4DEAADB70DC00C8CDFC1,HOST_CAN_0154,PASS,[Ca+2].[Cl-].[Cl-],6006A4323204D22FA64247BB19A4427A9CEDE373E584F4DC919908CB4F15A7CA,GUEST_CAN_1021,PASS,AttentiveFP,3,family_cold,calixarene,2.7890706062316895
15,14,15,NCCOc1c2Cc3cc(cc(c3O)Cc3cc(cc(c3O)Cc3cc(cc(Cc4c(c(Cc5c(c(Cc1cc(c2)S(=O)(=O)O)cc(c5)S(=O)(=O)O)O)cc(c4)S(=O)(=O)O)O)c3O)S(=O)(=O)O)S(=O)(=O)O)S(=O)(=O)O,[O-]C(=O)CC(C(=O)O)N,calixarene,3.7342000007629395,NCCOc1c2cc(S(=O)(=O)O)cc1Cc1cc(S(=O)(=O)O)cc(c1O)Cc1cc(S(=O)(=O)O)cc(c1O)Cc1cc(S(=O)(=O)O)cc(c1O)Cc1cc(S(=O)(=O)O)cc(c1O)Cc1cc(S(=O)(=O)O)cc(c1O)C2,C787A22C599703D921FA29CACAF002E9FF6ED12C44482B2905C84DCBDD5B4AC1,HOST_CAN_0110,PASS,NC(CC(=O)[O-])C(=O)O,BB5F75F5A9C5B3B73A0A3B7339C8AC7150359761D5C24F8C1D742AB3AA3BCA26,GUEST_CAN_0731,PASS,AttentiveFP,3,family_cold,calixarene,1.6917221546173096
18,16,18,NCCOc1c2Cc3cc(cc(c3O)Cc3cc(cc(Cc4c(c(Cc1cc(c2)S(=O)(=O)O)cc(c4)S(=O)(=O)O)O)c3O)S(=O)(=O)O)S(=O)(=O)O,OC(=O)C(Cc1c[nH]c2c1cccc2)N,calixarene,2.311800003051758,NCCOc1c2cc(S(=O)(=O)O)cc1Cc1cc(S(=O)(=O)O)cc(c1O)Cc1cc(S(=O)(=O)O)cc(c1O)Cc1cc(S(=O)(=O)O)cc(c1O)C2,7D8C32DEDAD770C68375EE2FF28F9CCD81B4D3DB3816F51D3CC994E73708AEBC,HOST_CAN_0109,PASS,NC(Cc1c[nH]c2ccccc12)C(=O)O,640E1867764F94CAFE2D991B23E1B000681C8619E07309C47EB26888B7938B6E,GUEST_CAN_0740,PASS,AttentiveFP,3,family_cold,calixarene,2.4308111667633057
27,21,27,Brc1ccc(cc1)S(=O)(=O)Nc1cc2Cc3cc(cc(c3O)Cc3cc(cc(Cc4c(c(Cc(c1)c2O)cc(c4)S(=O)(=O)O)O)c3O)S(=O)(=O)O)S(=O)(=O)O,NCCCCC(C(=O)NC(C(=O)NC(C(=O)NC(=O)C(NC(C(=O)NC(C(=O)NC(C(=O)NC(C(=O)NCC(=O)NC(C(=O)N)Cc1ccc(cc1)O)C(O)C)CO)CCCC[N+](C)(C)C)CCCNC(=N)N)C)C(O)C)CCC(=O)N)NC(=O)C(C(O)C)NC(=O)C(NC(=O)C(N)C)CCCNC(=N)N,calixarene,5.322199821472168,O=S(=O)(O)c1cc2c(O)c(c1)Cc1cc(S(=O)(=O)O)cc(c1O)Cc1cc(S(=O)(=O)O)cc(c1O)Cc1cc(NS(=O)(=O)c3ccc(Br)cc3)cc(c1O)C2,9740E1ADA78264243C242FDF917430805970CF99DF4E8ED560501F29D97FEA8B,HOST_CAN_0153,PASS,CC(N)C(=O)NC(CCCNC(=N)N)C(=O)NC(C(=O)NC(CCCCN)C(=O)NC(CCC(N)=O)C(=O)NC(C(=O)NC(=O)C(C)NC(CCCNC(=N)N)C(=O)NC(CCCC[N+](C)(C)C)C(=O)NC(CO)C(=O)NC(C(=O)NCC(=O)NC(Cc1ccc(O)cc1)C(N)=O)C(C)O)C(C)O)C(C)O,FDB24492C01844597473AA7C2BD6C580BEC794EA067753C199B126BE41E8D5FA,GUEST_CAN_0177,PASS,AttentiveFP,3,family_cold,calixarene,4.733467102050781
29,22,29,Oc1c2Sc3cc(cc(c3O)Sc3cc(cc(Sc4c(c(Sc1cc(c2)S(=O)(=O)O)cc(c4)S(=O)(=O)O)O)c3O)S(=O)(=O)O)S(=O)(=O)O,C1=CC=NC=C1,calixarene,2.1958999633789062,O=S(=O)(O)c1cc2c(O)c(c1)Sc1cc(S(=O)(=O)O)cc(c1O)Sc1cc(S(=O)(=O)O)cc(c1O)Sc1cc(S(=O)(=O)O)cc(c1O)S2,5FE888C1FB51BDA35D21231A31EDB8203ACD56DD9744D0C6B83351EC668D4256,HOST_CAN_0156,PASS,c1ccncc1,75C7A4B0B41E43900BFB8055909B37897A5E104541D35413384B7FF9A1C88B83,GUEST_CAN_1147,PASS,AttentiveFP,3,family_cold,calixarene,1.851919174194336
31,24,31,OC1=C2C=C(S(=O)([O-])=O)C=C1CC3=C(O)C(CC4=CC(S(=O)([O-])=O)=CC(CC5=CC(S(=O)([O-])=O)=CC(CC6=CC(S(=O)([O-])=O)=CC(CC(C=C(S(=O)([O-])=O)C=C7C2)=C7O)=C6O)=C5O)=C4O)=CC(S(=O)([O-])=O)=C3.[Na+].[Na+].[Na+].[Na+].[Na+].[Na+],CC(=O)OC(CC(=O)[O-])C[N+](C)(C)C,calixarene,2.7497000694274902,O=S(=O)([O-])c1cc2c(O)c(c1)Cc1cc(S(=O)(=O)[O-])cc(c1O)Cc1cc(S(=O)(=O)[O-])cc(c1O)Cc1cc(S(=O)(=O)[O-])cc(c1O)Cc1cc(S(=O)(=O)[O-])cc(c1O)Cc1cc(S(=O)(=O)[O-])cc(c1O)C2.[Na+].[Na+].[Na+].[Na+].[Na+].[Na+],2C1F820212E47C3BD5C15E73832EDE6A35C8C7920DDCE445D20F661D969CA26F,HOST_CAN_0165,PASS,CC(=O)OC(CC(=O)[O-])C[N+](C)(C)C,84F3DE3A4774B1F6AF116A86D71ECC8AE9DDDEEB6CDC576B42DD15BBFC1D17CE,GUEST_CAN_0094,PASS,AttentiveFP,3,family_cold,calixarene,2.72808837890625
33,1,33,C1C2=CC(=CC(=C2O)CC3=CC(=CC(=C3O)CC4=C(C(=CC(=C4)S(=O)(=O)O)CC5=C(C1=CC(=C5)S(=O)(=O)O)O)O)S(=O)(=O)O)S(=O)(=O)O,CC(C(C)(C)C)OP(=O)(C)O,calixarene,1.3009999990463257,O=S(=O)(O)c1cc2c(O)c(c1)Cc1cc(S(=O)(=O)O)cc(c1O)Cc1cc(S(=O)(=O)O)cc(c1O)Cc1cc(S(=O)(=O)O)cc(c1O)C2,C1130CCDC8DA0C6458EF6C2E07E7F3330D8F8B055CBE4DEAADB70DC00C8CDFC1,HOST_CAN_0154,PASS,CC(OP(C)(=O)O)C(C)(C)C,EA93B1F14F5A50406BE78502D314A0958B8DB0BE08FB8F2ECB4BA6B4CC9E6286,GUEST_CAN_0193,PASS,AttentiveFP,3,family_cold,calixarene,1.077470302581787
35,25,35,CCCOc1c2Cc3cc(cc(c3OCCC)Cc3cc(cc(Cc4c(c(Cc1cc(c2)P(=O)(O)O)cc(c4)P(=O)(O)O)OCCC)c3OCCC)P(=O)(O)O)P(=O)(O)O,CC(C(C1=CC=CC=C1)O)N.Cl,calixarene,2.0085999965667725,CCCOc1c2cc(P(=O)(O)O)cc1Cc1cc(P(=O)(O)O)cc(c1OCCC)Cc1cc(P(=O)(O)O)cc(c1OCCC)Cc1cc(P(=O)(O)O)cc(c1OCCC)C2,C043E79A34829EDDBE86C6FC09E756E7D0FDCE1A2BB383803C5CAA52B9480850,HOST_CAN_0037,PASS,CC(N)C(O)c1ccccc1.Cl,F3CBF8AD0B3694DB4AF6CFE0D68F9D32EE1559DDDF9FC432AE2D1BBD4B3B4403,GUEST_CAN_0181,PASS,AttentiveFP,3,family_cold,calixarene,2.2281508445739746
46,30,45,C1C2=CC(=CC(=C2O)CC3=CC(=CC(=C3O)CC4=CC(=CC(=C4O)CC5=C(C(=CC(=C5)S(=O)(=O)[O-])CC6=C(C(=CC(=C6)S(=O)(=O)[O-])CC7=C(C1=CC(=C7)S(=O)(=O)[O-])O)O)O)S(=O)(=O)[O-])S(=O)(=O)[O-])S(=O)(=O)[O-],[Ni+2],calixarene,3.731600046157837,O=S(=O)([O-])c1cc2c(O)c(c1)Cc1cc(S(=O)(=O)[O-])cc(c1O)Cc1cc(S(=O)(=O)[O-])cc(c1O)Cc1cc(S(=O)(=O)[O-])cc(c1O)Cc1cc(S(=O)(=O)[O-])cc(c1O)Cc1cc(S(=O)(=O)[O-])cc(c1O)C2,175E9D01D3A7DD7BE73E9B8659E8BAA0A16B2D5C4CCEFE3BEFED10121429BF10,HOST_CAN_0164,PASS,[Ni+2],8BE14EA3A3715F5B836E046902CF446D35D301050216EFC5FE6BC970E8697121,GUEST_CAN_1104,PASS,AttentiveFP,3,family_cold,calixarene,2.8454689979553223
48,1,47,C1C2=CC(=CC(=C2O)CC3=CC(=CC(=C3O)CC4=C(C(=CC(=C4)S(=O)(=O)O)CC5=C(C1=CC(=C5)S(=O)(=O)O)O)O)S(=O)(=O)O)S(=O)(=O)O,[NH3+]CCCCC(C(=O)N1CCCC(=O)C1NC(=O)C(NC(C(=O)N)Cc1ccc(cc1)O)Cc1nc[nH]c1)NC(=O)C(NC(=O)C(C(C)C)NC(=O)CNC(=O)C[NH3+])CCCC[N+](C)(C)C,calixarene,5.041399955749512,O=S(=O)(O)c1cc2c(O)c(c1)Cc1cc(S(=O)(=O)O)cc(c1O)Cc1cc(S(=O)(=O)O)cc(c1O)Cc1cc(S(=O)(=O)O)cc(c1O)C2,C1130CCDC8DA0C6458EF6C2E07E7F3330D8F8B055CBE4DEAADB70DC00C8CDFC1,HOST_CAN_0154,PASS,CC(C)C(NC(=O)CNC(=O)C[NH3+])C(=O)NC(CCCC[N+](C)(C)C)C(=O)NC(CCCC[NH3+])C(=O)N1CCCC(=O)C1NC(=O)C(Cc1c[nH]cn1)NC(Cc1ccc(O)cc1)C(N)=O,FD7C2B99B942876E09F98837C6358544B3CCA5DF95516A974EF37A4452132BA8,GUEST_CAN_0129,PASS,AttentiveFP,3,family_cold,calixarene,4.636892795562744
53,32,52,OC(=O)c1ccc(cc1)N=Nc1cc2Cc3cc(N=Nc4ccc(cc4)C(=O)O)cc(c3O)Cc3cc(cc(Cc4c(c(Cc(c1)c2O)cc(N=Nc1ccc(cc1)C(=O)O)c4)O)c3O)/N=N/c1ccc(cc1)C(=O)O,CC1C(C(CC(O1)OC2CC(CC3=C2C(=C4C(=C3O)C(=O)C5=C(C4=O)C(=CC=C5)OC)O)(C(=O)CO)O)N)OC6CCCCO6,calixarene,7.698999881744385,O=C(O)c1ccc(N=Nc2cc3c(O)c(c2)Cc2cc(N=Nc4ccc(C(=O)O)cc4)cc(c2O)Cc2cc(/N=N/c4ccc(C(=O)O)cc4)cc(c2O)Cc2cc(N=Nc4ccc(C(=O)O)cc4)cc(c2O)C3)cc1,5B585DBFF951CBB98E465DBECF308ACBE2EAF8773CE9C58156BE700CBB287248,HOST_CAN_0134,PASS,COc1cccc2c1C(=O)c1c(O)c3c(c(O)c1C2=O)CC(O)(C(=O)CO)CC3OC1CC(N)C(OC2CCCCO2)C(C)O1,F056E1E6711D31787704E6156994A50FE1F7CB3D1872FC558FCCE41B0FD8B68E,GUEST_CAN_0507,PASS,AttentiveFP,3,family_cold,calixarene,4.968392848968506
57,34,56,OC1=C(CC2=CC(S(=O)([O-])=O)=CC(CC(C=C3S(=O)([O-])=O)=C4OCC(O)=O)=C2O)C=C(S(=O)([O-])=O)C=C1CC5=CC(S(=O)([O-])=O)=CC(CC4=C3)=C5O,CCCC(C(=O)O)N,calixarene,2.6884000301361084,O=C(O)COc1c2cc(S(=O)(=O)[O-])cc1Cc1cc(S(=O)(=O)[O-])cc(c1O)Cc1cc(S(=O)(=O)[O-])cc(c1O)Cc1cc(S(=O)(=O)[O-])cc(c1O)C2,EBB61F0F13AD36B6AF388F0A3BF11BFB93DBCC3093F712DCC0802C51D18DC147,HOST_CAN_0129,PASS,CCCC(N)C(=O)O,81F3215F9F46874A7436620E7AD92167936CF997FB3F203D4397A018C4B56861,GUEST_CAN_0268,PASS,AttentiveFP,3,family_cold,calixarene,1.620537519454956
59,16,57,NCCOc1c2Cc3cc(cc(c3O)Cc3cc(cc(Cc4c(c(Cc1cc(c2)S(=O)(=O)O)cc(c4)S(=O)(=O)O)O)c3O)S(=O)(=O)O)S(=O)(=O)O,OC(=O)C1CCCN1,calixarene,2.3180999755859375,NCCOc1c2cc(S(=O)(=O)O)cc1Cc1cc(S(=O)(=O)O)cc(c1O)Cc1cc(S(=O)(=O)O)cc(c1O)Cc1cc(S(=O)(=O)O)cc(c1O)C2,7D8C32DEDAD770C68375EE2FF28F9CCD81B4D3DB3816F51D3CC994E73708AEBC,HOST_CAN_0109,PASS,O=C(O)C1CCCN1,089AB51F23001BB951B8422598AD8ED1DBAD90EB1049857FB2A03F150DA120BA,GUEST_CAN_0869,PASS,AttentiveFP,3,family_cold,calixarene,1.6515514850616455
66,30,64,C1C2=CC(=CC(=C2O)CC3=CC(=CC(=C3O)CC4=CC(=CC(=C4O)CC5=C(C(=CC(=C5)S(=O)(=O)[O-])CC6=C(C(=CC(=C6)S(=O)(=O)[O-])CC7=C(C1=CC(=C7)S(=O)(=O)[O-])O)O)O)S(=O)(=O)[O-])S(=O)(=O)[O-])S(=O)(=O)[O-],COC1=C(C=CC(=C1)C=CC(=O)O)O,calixarene,3.9902000427246094,O=S(=O)([O-])c1cc2c(O)c(c1)Cc1cc(S(=O)(=O)[O-])cc(c1O)Cc1cc(S(=O)(=O)[O-])cc(c1O)Cc1cc(S(=O)(=O)[O-])cc(c1O)Cc1cc(S(=O)(=O)[O-])cc(c1O)Cc1cc(S(=O)(=O)[O-])cc(c1O)C2,175E9D01D3A7DD7BE73E9B8659E8BAA0A16B2D5C4CCEFE3BEFED10121429BF10,HOST_CAN_0164,PASS,COc1cc(C=CC(=O)O)ccc1O,FBA2624599D3DF61E64A1CD01004296006570403D519166BB73FAE5CFC4F262F,GUEST_CAN_0476,PASS,AttentiveFP,3,family_cold,calixarene,2.2132368087768555
72,40,70,CCCOC1=C(CC2=C3)C=C(CN4C=C[N+](C)=C4)C=C1CC5=CC(CN6C=C[N+](C)=C6)=CC(CC7=CC(CN8C=[N+](C)C=C8)=CC(CC(C=C3CN9C=[N+](C)C=C9)=C2OCCC)=C7OCCC)=C5OCCC.[Cl-].[Cl-].[Cl-].[Cl-],[O-]C(CN(CC([O-])=O)CCN1C(C2=CC=CC3=CC=CC(C1=O)=C23)=O)=O.[Na+].[Na+],calixarene,3.426800012588501,CCCOc1c2cc(Cn3cc[n+](C)c3)cc1Cc1cc(Cn3cc[n+](C)c3)cc(c1OCCC)Cc1cc(Cn3cc[n+](C)c3)cc(c1OCCC)Cc1cc(Cn3cc[n+](C)c3)cc(c1OCCC)C2.[Cl-].[Cl-].[Cl-].[Cl-],4995CE892BF426A6B84644652603CEBA2888332F3D209D40E8107789925FA342,HOST_CAN_0036,PASS,O=C([O-])CN(CCN1C(=O)c2cccc3cccc(c23)C1=O)CC(=O)[O-].[Na+].[Na+],4C18C6E30128441AE2D92251A55356A34DD4CCC607E1EB88DAEB588E30A3CDBD,GUEST_CAN_0901,PASS,AttentiveFP,3,family_cold,calixarene,4.75300407409668
74,42,72,OC1=C(CC2=CC(S(=O)([O-])=O)=CC(CC(C=C3S(=O)([O-])=O)=C4OCC(N)=O)=C2O)C=C(S(=O)([O-])=O)C=C1CC5=CC(S(=O)([O-])=O)=CC(CC4=C3)=C5O,NC(C(=O)O)Cc1c[nH]cn1,calixarene,2.3180999755859375,NC(=O)COc1c2cc(S(=O)(=O)[O-])cc1Cc1cc(S(=O)(=O)[O-])cc(c1O)Cc1cc(S(=O)(=O)[O-])cc(c1O)Cc1cc(S(=O)(=O)[O-])cc(c1O)C2,1F2BEDA02D00DC2C1A2D3A5BD5460849E045F21D3B673D4626094BA71BDA0464,HOST_CAN_0104,PASS,NC(Cc1c[nH]cn1)C(=O)O,FB673C9EDBC2F6C509C14A12DA10308CC8AD4E94C32BC5F3BAD448FBAA74F381,GUEST_CAN_0741,PASS,AttentiveFP,3,family_cold,calixarene,1.9134142398834229
80,1,77,C1C2=CC(=CC(=C2O)CC3=CC(=CC(=C3O)CC4=C(C(=CC(=C4)S(=O)(=O)O)CC5=C(C1=CC(=C5)S(=O)(=O)O)O)O)S(=O)(=O)O)S(=O)(=O)O,C(CCN)CC(C(=O)NC(CCCCN)C(=O)O)N,calixarene,3.5797998905181885,O=S(=O)(O)c1cc2c(O)c(c1)Cc1cc(S(=O)(=O)O)cc(c1O)Cc1cc(S(=O)(=O)O)cc(c1O)Cc1cc(S(=O)(=O)O)cc(c1O)C2,C1130CCDC8DA0C6458EF6C2E07E7F3330D8F8B055CBE4DEAADB70DC00C8CDFC1,HOST_CAN_0154,PASS,NCCCCC(N)C(=O)NC(CCCCN)C(=O)O,5C7BC58C90DD642A232916F464595403796C7B2B0D5EDD8335D8947598187999,GUEST_CAN_0783,PASS,AttentiveFP,3,family_cold,calixarene,3.4328861236572266
81,45,78,C1C2=CC(=CC=C2)CC3=CC(=CC=C3)CC4=CC=CC(=C4)CC5=CC=CC1=C5,[Zn+2],calixarene,3.3010001182556152,c1cc2cc(c1)Cc1cccc(c1)Cc1cccc(c1)Cc1cccc(c1)C2,001BA14F081450375618B4DEC192A3633931B27A166EE11658CCCBFAB45E327F,HOST_CAN_0183,PASS,[Zn+2],3CA5AE58E1D62B3B92768768DBBC0E0DB68F214C1B63441804429208F034662B,GUEST_CAN_1117,PASS,AttentiveFP,3,family_cold,calixarene,2.972860813140869
82,46,79,C1C2=CC(=CC(=C2O)CC3=CC(=CC(=C3O)CC4=C(C(=CC(=C4)S(=O)(=O)O)CC5=C(C1=CC(=C5)S(=O)(=O)[O-])O)O)S(=O)(=O)O)S(=O)(=O)O.[Na+],C1=CC=NC(=C1)Cl,calixarene,3.2298998832702637,O=S(=O)([O-])c1cc2c(O)c(c1)Cc1cc(S(=O)(=O)O)cc(c1O)Cc1cc(S(=O)(=O)O)cc(c1O)Cc1cc(S(=O)(=O)O)cc(c1O)C2.[Na+],CA94CECC10EDB9167B38E05C5D125873C9C1506ED227A3D9C6CBBCD696828A96,HOST_CAN_0163,PASS,Clc1ccccn1,875F626AD0CD5BA63BC105E97857717FC9BEED942D5D42E2ED6DBC694277CD1A,GUEST_CAN_0700,PASS,AttentiveFP,3,family_cold,calixarene,2.0480539798736572
84,46,81,C1C2=CC(=CC(=C2O)CC3=CC(=CC(=C3O)CC4=C(C(=CC(=C4)S(=O)(=O)O)CC5=C(C1=CC(=C5)S(=O)(=O)[O-])O)O)S(=O)(=O)O)S(=O)(=O)O.[Na+],Cc1cc2nc3-c([nH]c2cc1N)cc(=[N+](C)C)cc3,calixarene,3.914299964904785,O=S(=O)([O-])c1cc2c(O)c(c1)Cc1cc(S(=O)(=O)O)cc(c1O)Cc1cc(S(=O)(=O)O)cc(c1O)Cc1cc(S(=O)(=O)O)cc(c1O)C2.[Na+],CA94CECC10EDB9167B38E05C5D125873C9C1506ED227A3D9C6CBBCD696828A96,HOST_CAN_0163,PASS,Cc1cc2nc3ccc(=[N+](C)C)cc-3[nH]c2cc1N,C5DF1E7584A7298C9907FD74E586B8A2459B4C1C8328AB00C60A72DAE728E305,GUEST_CAN_0651,PASS,AttentiveFP,3,family_cold,calixarene,5.003049850463867
89,1,81,C1C2=CC(=CC(=C2O)CC3=CC(=CC(=C3O)CC4=C(C(=CC(=C4)S(=O)(=O)O)CC5=C(C1=CC(=C5)S(=O)(=O)O)O)O)S(=O)(=O)O)S(=O)(=O)O,Cc1cc2nc3-c([nH]c2cc1N)cc(=[N+](C)C)cc3,calixarene,3.5332999229431152,O=S(=O)(O)c1cc2c(O)c(c1)Cc1cc(S(=O)(=O)O)cc(c1O)Cc1cc(S(=O)(=O)O)cc(c1O)Cc1cc(S(=O)(=O)O)cc(c1O)C2,C1130CCDC8DA0C6458EF6C2E07E7F3330D8F8B055CBE4DEAADB70DC00C8CDFC1,HOST_CAN_0154,PASS,Cc1cc2nc3ccc(=[N+](C)C)cc-3[nH]c2cc1N,C5DF1E7584A7298C9907FD74E586B8A2459B4C1C8328AB00C60A72DAE728E305,GUEST_CAN_0651,PASS,AttentiveFP,3,family_cold,calixarene,5.197680473327637
90,1,86,C1C2=CC(=CC(=C2O)CC3=CC(=CC(=C3O)CC4=C(C(=CC(=C4)S(=O)(=O)O)CC5=C(C1=CC(=C5)S(=O)(=O)O)O)O)S(=O)(=O)O)S(=O)(=O)O,NCCCCC(C(=O)NC(C(=O)NC(C(=O)N1CCCC1C(=O)NC(C(=O)N)Cc1ccc(cc1)O)C)CO)NC(=O)C(NC(=O)C(NC(=O)C(NC(=O)C)C)C)CCCNC(=N)N,calixarene,3.6575000286102295,O=S(=O)(O)c1cc2c(O)c(c1)Cc1cc(S(=O)(=O)O)cc(c1O)Cc1cc(S(=O)(=O)O)cc(c1O)Cc1cc(S(=O)(=O)O)cc(c1O)C2,C1130CCDC8DA0C6458EF6C2E07E7F3330D8F8B055CBE4DEAADB70DC00C8CDFC1,HOST_CAN_0154,PASS,CC(=O)NC(C)C(=O)NC(C)C(=O)NC(CCCNC(=N)N)C(=O)NC(CCCCN)C(=O)NC(CO)C(=O)NC(C)C(=O)N1CCCC1C(=O)NC(Cc1ccc(O)cc1)C(N)=O,01342FA3A0FD2332D1E57247D45797751C97AE0D2C44E587126C77004310C9F6,GUEST_CAN_0066,PASS,AttentiveFP,3,family_cold,calixarene,3.7763330936431885
91,1,87,C1C2=CC(=CC(=C2O)CC3=CC(=CC(=C3O)CC4=C(C(=CC(=C4)S(=O)(=O)O)CC5=C(C1=CC(=C5)S(=O)(=O)O)O)O)S(=O)(=O)O)S(=O)(=O)O,C[NH3+],calixarene,2.6500000953674316,O=S(=O)(O)c1cc2c(O)c(c1)Cc1cc(S(=O)(=O)O)cc(c1O)Cc1cc(S(=O)(=O)O)cc(c1O)Cc1cc(S(=O)(=O)O)cc(c1O)C2,C1130CCDC8DA0C6458EF6C2E07E7F3330D8F8B055CBE4DEAADB70DC00C8CDFC1,HOST_CAN_0154,PASS,C[NH3+],6DA39E332AA7A0F7159F846CDF5AF24EC2CE9FF81AFB0053468D422D57F35F45,GUEST_CAN_0611,PASS,AttentiveFP,3,family_cold,calixarene,3.158900737762451
99,52,15,OC(=O)COc1c2Cc3cc(cc(c3O)Cc3cc(cc(c3O)Cc3cc(cc(Cc4c(c(Cc5c(c(Cc1cc(c2)S(=O)(=O)O)cc(c5)S(=O)(=O)O)O)cc(c4)S(=O)(=O)O)O)c3O)S(=O)(=O)O)S(=O)(=O)O)S(=O)(=O)O,[O-]C(=O)CC(C(=O)O)N,calixarene,3.5053000450134277,O=C(O)COc1c2cc(S(=O)(=O)O)cc1Cc1cc(S(=O)(=O)O)cc(c1O)Cc1cc(S(=O)(=O)O)cc(c1O)Cc1cc(S(=O)(=O)O)cc(c1O)Cc1cc(S(=O)(=O)O)cc(c1O)Cc1cc(S(=O)(=O)O)cc(c1O)C2,89AB142F8D041F89710D49168CBEF0FA0D792576B82031818BFF7C2DE5D92117,HOST_CAN_0127,PASS,NC(CC(=O)[O-])C(=O)O,BB5F75F5A9C5B3B73A0A3B7339C8AC7150359761D5C24F8C1D742AB3AA3BCA26,GUEST_CAN_0731,PASS,AttentiveFP,3,family_cold,calixarene,1.7355825901031494
101,1,96,C1C2=CC(=CC(=C2O)CC3=CC(=CC(=C3O)CC4=C(C(=CC(=C4)S(=O)(=O)O)CC5=C(C1=CC(=C5)S(=O)(=O)O)O)O)S(=O)(=O)O)S(=O)(=O)O,C[N+](C)(C)C1=CC=CC=C1,calixarene,4.599899768829346,O=S(=O)(O)c1cc2c(O)c(c1)Cc1cc(S(=O)(=O)O)cc(c1O)Cc1cc(S(=O)(=O)O)cc(c1O)Cc1cc(S(=O)(=O)O)cc(c1O)C2,C1130CCDC8DA0C6458EF6C2E07E7F3330D8F8B055CBE4DEAADB70DC00C8CDFC1,HOST_CAN_0154,PASS,C[N+](C)(C)c1ccccc1,BE2E413C8306C73C28B2EF0E9ABBED86E0E5AEBC3F7D99A31A8C230156F8C865,GUEST_CAN_0585,PASS,AttentiveFP,3,family_cold,calixarene,2.7994542121887207
102,25,5,CCCOc1c2Cc3cc(cc(c3OCCC)Cc3cc(cc(Cc4c(c(Cc1cc(c2)P(=O)(O)O)cc(c4)P(=O)(O)O)OCCC)c3OCCC)P(=O)(O)O)P(=O)(O)O,C1=CC=C(C=C1)CCN.Cl,calixarene,2.161400079727173,CCCOc1c2cc(P(=O)(O)O)cc1Cc1cc(P(=O)(O)O)cc(c1OCCC)Cc1cc(P(=O)(O)O)cc(c1OCCC)Cc1cc(P(=O)(O)O)cc(c1OCCC)C2,C043E79A34829EDDBE86C6FC09E756E7D0FDCE1A2BB383803C5CAA52B9480850,HOST_CAN_0037,PASS,Cl.NCCc1ccccc1,694C353D974E43F94B1A87CEC52C279387A77EBF6FFAF0F180A66EE64E2F9B79,GUEST_CAN_0692,PASS,AttentiveFP,3,family_cold,calixarene,2.4453186988830566
105,1,72,C1C2=CC(=CC(=C2O)CC3=CC(=CC(=C3O)CC4=C(C(=CC(=C4)S(=O)(=O)O)CC5=C(C1=CC(=C5)S(=O)(=O)O)O)O)S(=O)(=O)O)S(=O)(=O)O,NC(C(=O)O)Cc1c[nH]cn1,calixarene,2.700700044631958,O=S(=O)(O)c1cc2c(O)c(c1)Cc1cc(S(=O)(=O)O)cc(c1O)Cc1cc(S(=O)(=O)O)cc(c1O)Cc1cc(S(=O)(=O)O)cc(c1O)C2,C1130CCDC8DA0C6458EF6C2E07E7F3330D8F8B055CBE4DEAADB70DC00C8CDFC1,HOST_CAN_0154,PASS,NC(Cc1c[nH]cn1)C(=O)O,FB673C9EDBC2F6C509C14A12DA10308CC8AD4E94C32BC5F3BAD448FBAA74F381,GUEST_CAN_0741,PASS,AttentiveFP,3,family_cold,calixarene,1.864591360092163
113,1,104,C1C2=CC(=CC(=C2O)CC3=CC(=CC(=C3O)CC4=C(C(=CC(=C4)S(=O)(=O)O)CC5=C(C1=CC(=C5)S(=O)(=O)O)O)O)S(=O)(=O)O)S(=O)(=O)O,C1CC2CCC1N=N2,calixarene,2.971400022506714,O=S(=O)(O)c1cc2c(O)c(c1)Cc1cc(S(=O)(=O)O)cc(c1O)Cc1cc(S(=O)(=O)O)cc(c1O)Cc1cc(S(=O)(=O)O)cc(c1O)C2,C1130CCDC8DA0C6458EF6C2E07E7F3330D8F8B055CBE4DEAADB70DC00C8CDFC1,HOST_CAN_0154,PASS,C1CC2CCC1N=N2,28524F2C321EA80222CEAE7EE74FE527F854D218FD4782A52CD6A817541C8DDA,GUEST_CAN_0024,PASS,AttentiveFP,3,family_cold,calixarene,2.8950653076171875
114,46,105,C1C2=CC(=CC(=C2O)CC3=CC(=CC(=C3O)CC4=C(C(=CC(=C4)S(=O)(=O)O)CC5=C(C1=CC(=C5)S(=O)(=O)[O-])O)O)S(=O)(=O)O)S(=O)(=O)O.[Na+],C[N+]12CC[N+](CC1)(CC2)C,calixarene,7.17609977722168,O=S(=O)([O-])c1cc2c(O)c(c1)Cc1cc(S(=O)(=O)O)cc(c1O)Cc1cc(S(=O)(=O)O)cc(c1O)Cc1cc(S(=O)(=O)O)cc(c1O)C2.[Na+],CA94CECC10EDB9167B38E05C5D125873C9C1506ED227A3D9C6CBBCD696828A96,HOST_CAN_0163,PASS,C[N+]12CC[N+](C)(CC1)CC2,4A0B3FB25D57A204AAAED1CCC06C3AECC941629302D2B322E7A56F6DC2436CD2,GUEST_CAN_0605,PASS,AttentiveFP,3,family_cold,calixarene,7.414878845214844
117,55,108,OC1=C(CC2=CC(S(=O)([O-])=O)=CC(CC3=C(O)C4=CC(S(=O)([O-])=O)=C3)=C2O)C=C(S(=O)([O-])=O)C=C1CC5=C(O)C(CC6=CC(S(=O)([O-])=O)=CC(CC7=CC(S(=O)([O-])=O)=CC(CC8=C(O)C(CC9=CC(S(=O)([O-])=O)=CC(C4)=C9O)=CC(S(=O)([O-])=O)=C8)=C7OCCN)=C6O)=CC(S(=O)([O-])=O)=C5,OC(=O)C(CCCNC(=[NH2+])N)N,calixarene,2.909600019454956,NCCOc1c2cc(S(=O)(=O)[O-])cc1Cc1cc(S(=O)(=O)[O-])cc(c1O)Cc1cc(S(=O)(=O)[O-])cc(c1O)Cc1cc(S(=O)(=O)[O-])cc(c1O)Cc1cc(S(=O)(=O)[O-])cc(c1O)Cc1cc(S(=O)(=O)[O-])cc(c1O)Cc1cc(S(=O)(=O)[O-])cc(c1O)Cc1cc(S(=O)(=O)[O-])cc(c1O)C2,46CD7FE84C8D6C4EF795EC2A85AC98203C8613778274664FF650C7423640E7D1,HOST_CAN_0112,PASS,NC(=[NH2+])NCCCC(N)C(=O)O,3A95B838A3F3E4B9211C1F9CE461FB93EA851D8F0AA68498288217A21AD77FAC,GUEST_CAN_0726,PASS,AttentiveFP,3,family_cold,calixarene,3.4707727432250977
118,1,109,C1C2=CC(=CC(=C2O)CC3=CC(=CC(=C3O)CC4=C(C(=CC(=C4)S(=O)(=O)O)CC5=C(C1=CC(=C5)S(=O)(=O)O)O)O)S(=O)(=O)O)S(=O)(=O)O,C(CC(C(=O)O)N)CN=C(N)N,calixarene,3.2697999477386475,O=S(=O)(O)c1cc2c(O)c(c1)Cc1cc(S(=O)(=O)O)cc(c1O)Cc1cc(S(=O)(=O)O)cc(c1O)Cc1cc(S(=O)(=O)O)cc(c1O)C2,C1130CCDC8DA0C6458EF6C2E07E7F3330D8F8B055CBE4DEAADB70DC00C8CDFC1,HOST_CAN_0154,PASS,NC(N)=NCCCC(N)C(=O)O,0E8C75093E2FC997DA04592D0B5BF85F1497CF3AA52A61C1DE57D4718119AA31,GUEST_CAN_0751,PASS,AttentiveFP,3,family_cold,calixarene,2.1924943923950195
124,1,112,C1C2=CC(=CC(=C2O)CC3=CC(=CC(=C3O)CC4=C(C(=CC(=C4)S(=O)(=O)O)CC5=C(C1=CC(=C5)S(=O)(=O)O)O)O)S(=O)(=O)O)S(=O)(=O)O,C(CCN)CC(C(=O)NC(CCCCN)C(=O)NC(CCCCN)C(=O)O)N,calixarene,4.477099895477295,O=S(=O)(O)c1cc2c(O)c(c1)Cc1cc(S(=O)(=O)O)cc(c1O)Cc1cc(S(=O)(=O)O)cc(c1O)Cc1cc(S(=O)(=O)O)cc(c1O)C2,C1130CCDC8DA0C6458EF6C2E07E7F3330D8F8B055CBE4DEAADB70DC00C8CDFC1,HOST_CAN_0154,PASS,NCCCCC(N)C(=O)NC(CCCCN)C(=O)NC(CCCCN)C(=O)O,867C2D3767A2019BB56AC2FB5DA260B8FD4B4EDB8CE1FD700999008590B67400,GUEST_CAN_0782,PASS,AttentiveFP,3,family_cold,calixarene,4.186986923217773
125,34,15,OC1=C(CC2=CC(S(=O)([O-])=O)=CC(CC(C=C3S(=O)([O-])=O)=C4OCC(O)=O)=C2O)C=C(S(=O)([O-])=O)C=C1CC5=CC(S(=O)([O-])=O)=CC(CC4=C3)=C5O,[O-]C(=O)CC(C(=O)O)N,calixarene,3.4551000595092773,O=C(O)COc1c2cc(S(=O)(=O)[O-])cc1Cc1cc(S(=O)(=O)[O-])cc(c1O)Cc1cc(S(=O)(=O)[O-])cc(c1O)Cc1cc(S(=O)(=O)[O-])cc(c1O)C2,EBB61F0F13AD36B6AF388F0A3BF11BFB93DBCC3093F712DCC0802C51D18DC147,HOST_CAN_0129,PASS,NC(CC(=O)[O-])C(=O)O,BB5F75F5A9C5B3B73A0A3B7339C8AC7150359761D5C24F8C1D742AB3AA3BCA26,GUEST_CAN_0731,PASS,AttentiveFP,3,family_cold,calixarene,1.3255183696746826
127,1,113,C1C2=CC(=CC(=C2O)CC3=CC(=CC(=C3O)CC4=C(C(=CC(=C4)S(=O)(=O)O)CC5=C(C1=CC(=C5)S(=O)(=O)O)O)O)S(=O)(=O)O)S(=O)(=O)O,CCOP(=O)(C)OCC,calixarene,1.5232000350952148,O=S(=O)(O)c1cc2c(O)c(c1)Cc1cc(S(=O)(=O)O)cc(c1O)Cc1cc(S(=O)(=O)O)cc(c1O)Cc1cc(S(=O)(=O)O)cc(c1O)C2,C1130CCDC8DA0C6458EF6C2E07E7F3330D8F8B055CBE4DEAADB70DC00C8CDFC1,HOST_CAN_0154,PASS,CCOP(C)(=O)OCC,A5B35C2138144500E2AFF0B0BF4139B070106CADC6A7C6E1D8A6FB26ADEF000F,GUEST_CAN_0367,PASS,AttentiveFP,3,family_cold,calixarene,1.3132271766662598
129,22,79,Oc1c2Sc3cc(cc(c3O)Sc3cc(cc(Sc4c(c(Sc1cc(c2)S(=O)(=O)O)cc(c4)S(=O)(=O)O)O)c3O)S(=O)(=O)O)S(=O)(=O)O,C1=CC=NC(=C1)Cl,calixarene,2.1522998809814453,O=S(=O)(O)c1cc2c(O)c(c1)Sc1cc(S(=O)(=O)O)cc(c1O)Sc1cc(S(=O)(=O)O)cc(c1O)Sc1cc(S(=O)(=O)O)cc(c1O)S2,5FE888C1FB51BDA35D21231A31EDB8203ACD56DD9744D0C6B83351EC668D4256,HOST_CAN_0156,PASS,Clc1ccccn1,875F626AD0CD5BA63BC105E97857717FC9BEED942D5D42E2ED6DBC694277CD1A,GUEST_CAN_0700,PASS,AttentiveFP,3,family_cold,calixarene,2.0764126777648926
135,30,119,C1C2=CC(=CC(=C2O)CC3=CC(=CC(=C3O)CC4=CC(=CC(=C4O)CC5=C(C(=CC(=C5)S(=O)(=O)[O-])CC6=C(C(=CC(=C6)S(=O)(=O)[O-])CC7=C(C1=CC(=C7)S(=O)(=O)[O-])O)O)O)S(=O)(=O)[O-])S(=O)(=O)[O-])S(=O)(=O)[O-],CN1C=CC(=CC=C2C=CC(=[N+](C)C)C=C2)C=C1,calixarene,5.0,O=S(=O)([O-])c1cc2c(O)c(c1)Cc1cc(S(=O)(=O)[O-])cc(c1O)Cc1cc(S(=O)(=O)[O-])cc(c1O)Cc1cc(S(=O)(=O)[O-])cc(c1O)Cc1cc(S(=O)(=O)[O-])cc(c1O)Cc1cc(S(=O)(=O)[O-])cc(c1O)C2,175E9D01D3A7DD7BE73E9B8659E8BAA0A16B2D5C4CCEFE3BEFED10121429BF10,HOST_CAN_0164,PASS,CN1C=CC(=CC=C2C=CC(=[N+](C)C)C=C2)C=C1,383D307CF44E12525FF819074F4E5980A73A2E0E06FD056155E2E701CF54D81C,GUEST_CAN_0417,PASS,AttentiveFP,3,family_cold,calixarene,3.6140995025634766
141,61,92,Oc1c2Cc3cc(cc4c3OCCOc3c5Cc6cc(cc(Cc7c(OCCOc8c(Cc1cc(c2)S(=O)(=O)[O-])cc(cc8Cc1c(c(C4)cc(c1)S(=O)(=O)[O-])O)S(=O)(=O)[O-])c(Cc1c(c(Cc3cc(c5)S(=O)(=O)[O-])cc(c1)S(=O)(=O)[O-])O)cc(c7)S(=O)(=O)[O-])c6O)S(=O)(=O)[O-])S(=O)(=O)[O-],C[N+]1=CC=C(C=C1)C2=CC=[N+](C=C2)C.[Cl-].[Cl-],calixarene,6.555099964141846,O=S(=O)([O-])c1cc2c(O)c(c1)Cc1cc(S(=O)(=O)[O-])cc3c1OCCOc1c4cc(S(=O)(=O)[O-])cc1Cc1cc(S(=O)(=O)[O-])cc(c1O)Cc1cc(S(=O)(=O)[O-])cc(c1OCCOc1c(cc(S(=O)(=O)[O-])cc1Cc1cc(S(=O)(=O)[O-])cc(c1O)C3)C2)Cc1cc(S(=O)(=O)[O-])cc(c1O)C4,C2455B556D8BCD7020D1A83F7BB4B442A591F4C2B5AA0A2B0B23B912297BEA73,HOST_CAN_0168,PASS,C[n+]1ccc(-c2cc[n+](C)cc2)cc1.[Cl-].[Cl-],A34A59C172ABA48CFA54144DF49E70D56803B22DE394E6F3154C1D8F7DC6E5F1,GUEST_CAN_0623,PASS,AttentiveFP,3,family_cold,calixarene,4.751279830932617
144,42,126,OC1=C(CC2=CC(S(=O)([O-])=O)=CC(CC(C=C3S(=O)([O-])=O)=C4OCC(N)=O)=C2O)C=C(S(=O)([O-])=O)C=C1CC5=CC(S(=O)([O-])=O)=CC(CC4=C3)=C5O,NC(C(=O)O)Cc1ccccc1,calixarene,2.6928000450134277,NC(=O)COc1c2cc(S(=O)(=O)[O-])cc1Cc1cc(S(=O)(=O)[O-])cc(c1O)Cc1cc(S(=O)(=O)[O-])cc(c1O)Cc1cc(S(=O)(=O)[O-])cc(c1O)C2,1F2BEDA02D00DC2C1A2D3A5BD5460849E045F21D3B673D4626094BA71BDA0464,HOST_CAN_0104,PASS,NC(Cc1ccccc1)C(=O)O,4B6B1236F1C31D28D9F95F736FF46B2960AFF4F6FCE3D9E76CF43DE2ADDE8B08,GUEST_CAN_0746,PASS,AttentiveFP,3,family_cold,calixarene,2.0484015941619873
148,63,126,Oc1c2Cc3cc(cc(c3O)Cc3cc(cc(c3O)Cc3cc(cc(c3O)Cc3cc(cc(Cc4c(c(Cc5c(c(Cc6c(c(Cc1cc(c2)S(=O)(=O)[O-])cc(c6)S(=O)(=O)[O-])O)cc(c5)S(=O)(=O)[O-])O)cc(c4)S(=O)(=O)[O-])O)c3O)S(=O)(=O)[O-])S(=O)(=O)[O-])S(=O)(=O)[O-])S(=O)(=O)[O-],NC(C(=O)O)Cc1ccccc1,calixarene,3.4760000705718994,O=S(=O)([O-])c1cc2c(O)c(c1)Cc1cc(S(=O)(=O)[O-])cc(c1O)Cc1cc(S(=O)(=O)[O-])cc(c1O)Cc1cc(S(=O)(=O)[O-])cc(c1O)Cc1cc(S(=O)(=O)[O-])cc(c1O)Cc1cc(S(=O)(=O)[O-])cc(c1O)Cc1cc(S(=O)(=O)[O-])cc(c1O)Cc1cc(S(=O)(=O)[O-])cc(c1O)C2,3C24C9B25872FE0768A640DF44D242D9AEC5F3FA9C167A457997BAE8D628FFF1,HOST_CAN_0166,PASS,NC(Cc1ccccc1)C(=O)O,4B6B1236F1C31D28D9F95F736FF46B2960AFF4F6FCE3D9E76CF43DE2ADDE8B08,GUEST_CAN_0746,PASS,AttentiveFP,3,family_cold,calixarene,3.2619149684906006
149,45,21,C1C2=CC(=CC=C2)CC3=CC(=CC=C3)CC4=CC=CC(=C4)CC5=CC=CC1=C5,[Sr+2],calixarene,3.4616000652313232,c1cc2cc(c1)Cc1cccc(c1)Cc1cccc(c1)Cc1cccc(c1)C2,001BA14F081450375618B4DEC192A3633931B27A166EE11658CCCBFAB45E327F,HOST_CAN_0183,PASS,[Sr+2],B6D37E5B591B608C4BE7D5E471532F87A202E5D6C60D3F594302E0BACEDD0483,GUEST_CAN_1113,PASS,AttentiveFP,3,family_cold,calixarene,3.599703311920166
159,1,138,C1C2=CC(=CC(=C2O)CC3=CC(=CC(=C3O)CC4=C(C(=CC(=C4)S(=O)(=O)O)CC5=C(C1=CC(=C5)S(=O)(=O)O)O)O)S(=O)(=O)O)S(=O)(=O)O,CC1=CC2=C(C=C1N)[N+](=C3C=C(C(=CC3=N2)C)N)C4=CC=CC=C4.[Cl-],calixarene,4.289400100708008,O=S(=O)(O)c1cc2c(O)c(c1)Cc1cc(S(=O)(=O)O)cc(c1O)Cc1cc(S(=O)(=O)O)cc(c1O)Cc1cc(S(=O)(=O)O)cc(c1O)C2,C1130CCDC8DA0C6458EF6C2E07E7F3330D8F8B055CBE4DEAADB70DC00C8CDFC1,HOST_CAN_0154,PASS,Cc1cc2nc3cc(C)c(N)cc3[n+](-c3ccccc3)c2cc1N.[Cl-],6C23131E23824F74076AE480AD36D628F0F33D6700F3B35A67A21F791CA61E3F,GUEST_CAN_0650,PASS,AttentiveFP,3,family_cold,calixarene,5.5858893394470215
173,1,151,C1C2=CC(=CC(=C2O)CC3=CC(=CC(=C3O)CC4=C(C(=CC(=C4)S(=O)(=O)O)CC5=C(C1=CC(=C5)S(=O)(=O)O)O)O)S(=O)(=O)O)S(=O)(=O)O,C[N+](C)(C)C1=CC=CC=C1.[Cl-],calixarene,4.880199909210205,O=S(=O)(O)c1cc2c(O)c(c1)Cc1cc(S(=O)(=O)O)cc(c1O)Cc1cc(S(=O)(=O)O)cc(c1O)Cc1cc(S(=O)(=O)O)cc(c1O)C2,C1130CCDC8DA0C6458EF6C2E07E7F3330D8F8B055CBE4DEAADB70DC00C8CDFC1,HOST_CAN_0154,PASS,C[N+](C)(C)c1ccccc1.[Cl-],27562B4B8AA95F21ECCFF66F5F5C28733B08EDD64BDE5CD8658D46691A1EB6B6,GUEST_CAN_0586,PASS,AttentiveFP,3,family_cold,calixarene,3.18778657913208
176,68,27,Oc1c2cc(cc1Cc1cc(cc(c1O)Cc1c(c(Cc3c(c(C2)cc(c3)S(=O)(=O)O)O)cc(c1)S(=O)(=O)O)O)S(=O)(=O)O)NS(=O)(=O)c1ccc(cc1)C(=O)O,NCCCCC(C(=O)NC(C(=O)NC(C(=O)NC(=O)C(NC(C(=O)NC(C(=O)NC(C(=O)NC(C(=O)NCC(=O)NC(C(=O)N)Cc1ccc(cc1)O)C(O)C)CO)CCCC[N+](C)(C)C)CCCNC(=N)N)C)C(O)C)CCC(=O)N)NC(=O)C(C(O)C)NC(=O)C(NC(=O)C(N)C)CCCNC(=N)N,calixarene,6.724299907684326,O=C(O)c1ccc(S(=O)(=O)Nc2cc3c(O)c(c2)Cc2cc(S(=O)(=O)O)cc(c2O)Cc2cc(S(=O)(=O)O)cc(c2O)Cc2cc(S(=O)(=O)O)cc(c2O)C3)cc1,698FBD7126562AC5EF98798BC16D048473423AD0A0BD659BE98F031178BD7864,HOST_CAN_0136,PASS,CC(N)C(=O)NC(CCCNC(=N)N)C(=O)NC(C(=O)NC(CCCCN)C(=O)NC(CCC(N)=O)C(=O)NC(C(=O)NC(=O)C(C)NC(CCCNC(=N)N)C(=O)NC(CCCC[N+](C)(C)C)C(=O)NC(CO)C(=O)NC(C(=O)NCC(=O)NC(Cc1ccc(O)cc1)C(N)=O)C(C)O)C(C)O)C(C)O,FDB24492C01844597473AA7C2BD6C580BEC794EA067753C199B126BE41E8D5FA,GUEST_CAN_0177,PASS,AttentiveFP,3,family_cold,calixarene,4.813258171081543
178,46,155,C1C2=CC(=CC(=C2O)CC3=CC(=CC(=C3O)CC4=C(C(=CC(=C4)S(=O)(=O)O)CC5=C(C1=CC(=C5)S(=O)(=O)[O-])O)O)S(=O)(=O)O)S(=O)(=O)O.[Na+],CCCCNC1=CC=C(C=C1)C(=O)OCCN(C)C.Cl,calixarene,3.429800033569336,O=S(=O)([O-])c1cc2c(O)c(c1)Cc1cc(S(=O)(=O)O)cc(c1O)Cc1cc(S(=O)(=O)O)cc(c1O)Cc1cc(S(=O)(=O)O)cc(c1O)C2.[Na+],CA94CECC10EDB9167B38E05C5D125873C9C1506ED227A3D9C6CBBCD696828A96,HOST_CAN_0163,PASS,CCCCNc1ccc(C(=O)OCCN(C)C)cc1.Cl,A397100E143BA35516F734EAC8597B29B3E35E4DCC69A41BC8906C1F1F535EAF,GUEST_CAN_0311,PASS,AttentiveFP,3,family_cold,calixarene,3.997051954269409
185,45,161,C1C2=CC(=CC=C2)CC3=CC(=CC=C3)CC4=CC=CC(=C4)CC5=CC=CC1=C5,[Mg+2],calixarene,3.174499988555908,c1cc2cc(c1)Cc1cccc(c1)Cc1cccc(c1)Cc1cccc(c1)C2,001BA14F081450375618B4DEC192A3633931B27A166EE11658CCCBFAB45E327F,HOST_CAN_0183,PASS,[Mg+2],7F8D39B1BC5783E4D085768535A47B9BA749178FAD98C2BA37380CBAD5B2A9A1,GUEST_CAN_1073,PASS,AttentiveFP,3,family_cold,calixarene,3.599703311920166
186,46,162,C1C2=CC(=CC(=C2O)CC3=CC(=CC(=C3O)CC4=C(C(=CC(=C4)S(=O)(=O)O)CC5=C(C1=CC(=C5)S(=O)(=O)[O-])O)O)S(=O)(=O)O)S(=O)(=O)O.[Na+],CN1C=C[N+](=C1)C,calixarene,5.462399959564209,O=S(=O)([O-])c1cc2c(O)c(c1)Cc1cc(S(=O)(=O)O)cc(c1O)Cc1cc(S(=O)(=O)O)cc(c1O)Cc1cc(S(=O)(=O)O)cc(c1O)C2.[Na+],CA94CECC10EDB9167B38E05C5D125873C9C1506ED227A3D9C6CBBCD696828A96,HOST_CAN_0163,PASS,Cn1cc[n+](C)c1,1F73CE28D943D6F92765B3E0E840D20E30969C4D171339615479DA3CA8F60126,GUEST_CAN_0702,PASS,AttentiveFP,3,family_cold,calixarene,2.1492929458618164
195,73,109,C1C2=CC(=CC(=C2O)CC3=CC(=CC(=C3O)CC4=CC(=CC(=C4O)CC5=C(C(=CC(=C5)S(=O)(=O)O)CC6=C(C1=CC(=C6)S(=O)(=O)O)O)O)S(=O)(=O)O)S(=O)(=O)O)S(=O)(=O)O,C(CC(C(=O)O)N)CN=C(N)N,calixarene,3.0085999965667725,O=S(=O)(O)c1cc2c(O)c(c1)Cc1cc(S(=O)(=O)O)cc(c1O)Cc1cc(S(=O)(=O)O)cc(c1O)Cc1cc(S(=O)(=O)O)cc(c1O)Cc1cc(S(=O)(=O)O)cc(c1O)C2,CE64A1CA71928E5DE79CF9633E11D44D0BC2C175AB3D980BF8052807605CA8CC,HOST_CAN_0155,PASS,NC(N)=NCCCC(N)C(=O)O,0E8C75093E2FC997DA04592D0B5BF85F1497CF3AA52A61C1DE57D4718119AA31,GUEST_CAN_0751,PASS,AttentiveFP,3,family_cold,calixarene,2.2692971229553223
196,1,170,C1C2=CC(=CC(=C2O)CC3=CC(=CC(=C3O)CC4=C(C(=CC(=C4)S(=O)(=O)O)CC5=C(C1=CC(=C5)S(=O)(=O)O)O)O)S(=O)(=O)O)S(=O)(=O)O,[NH3+]CCCC[NH3+],calixarene,4.021200180053711,O=S(=O)(O)c1cc2c(O)c(c1)Cc1cc(S(=O)(=O)O)cc(c1O)Cc1cc(S(=O)(=O)O)cc(c1O)Cc1cc(S(=O)(=O)O)cc(c1O)C2,C1130CCDC8DA0C6458EF6C2E07E7F3330D8F8B055CBE4DEAADB70DC00C8CDFC1,HOST_CAN_0154,PASS,[NH3+]CCCC[NH3+],E784E21CDCC374849454B4BBAEDEC0DD2BF05295ACB829CC80284AC7800CF77E,GUEST_CAN_1088,PASS,AttentiveFP,3,family_cold,calixarene,4.314083576202393
200,30,174,C1C2=CC(=CC(=C2O)CC3=CC(=CC(=C3O)CC4=CC(=CC(=C4O)CC5=C(C(=CC(=C5)S(=O)(=O)[O-])CC6=C(C(=CC(=C6)S(=O)(=O)[O-])CC7=C(C1=CC(=C7)S(=O)(=O)[O-])O)O)O)S(=O)(=O)[O-])S(=O)(=O)[O-])S(=O)(=O)[O-],C1CCC(=O)C1,calixarene,3.5464999675750732,O=S(=O)([O-])c1cc2c(O)c(c1)Cc1cc(S(=O)(=O)[O-])cc(c1O)Cc1cc(S(=O)(=O)[O-])cc(c1O)Cc1cc(S(=O)(=O)[O-])cc(c1O)Cc1cc(S(=O)(=O)[O-])cc(c1O)Cc1cc(S(=O)(=O)[O-])cc(c1O)C2,175E9D01D3A7DD7BE73E9B8659E8BAA0A16B2D5C4CCEFE3BEFED10121429BF10,HOST_CAN_0164,PASS,O=C1CCCC1,25EF9BCA067EFDF8312513E5FD1068CDF46BCEC786214EA2FEDA0313CE4A4F3B,GUEST_CAN_0918,PASS,AttentiveFP,3,family_cold,calixarene,2.1045751571655273
201,30,175,C1C2=CC(=CC(=C2O)CC3=CC(=CC(=C3O)CC4=CC(=CC(=C4O)CC5=C(C(=CC(=C5)S(=O)(=O)[O-])CC6=C(C(=CC(=C6)S(=O)(=O)[O-])CC7=C(C1=CC(=C7)S(=O)(=O)[O-])O)O)O)S(=O)(=O)[O-])S(=O)(=O)[O-])S(=O)(=O)[O-],CCCC[N+](CCCC)(CCCC)CCCC.[I-],calixarene,3.200000047683716,O=S(=O)([O-])c1cc2c(O)c(c1)Cc1cc(S(=O)(=O)[O-])cc(c1O)Cc1cc(S(=O)(=O)[O-])cc(c1O)Cc1cc(S(=O)(=O)[O-])cc(c1O)Cc1cc(S(=O)(=O)[O-])cc(c1O)Cc1cc(S(=O)(=O)[O-])cc(c1O)C2,175E9D01D3A7DD7BE73E9B8659E8BAA0A16B2D5C4CCEFE3BEFED10121429BF10,HOST_CAN_0164,PASS,CCCC[N+](CCCC)(CCCC)CCCC.[I-],AEB60E90607A4F8C1F949B3EACD125A2B91E0A4DEAD7B24D9097176DB9E506E4,GUEST_CAN_0318,PASS,AttentiveFP,3,family_cold,calixarene,4.136478900909424
204,52,178,OC(=O)COc1c2Cc3cc(cc(c3O)Cc3cc(cc(c3O)Cc3cc(cc(Cc4c(c(Cc5c(c(Cc1cc(c2)S(=O)(=O)O)cc(c5)S(=O)(=O)O)O)cc(c4)S(=O)(=O)O)O)c3O)S(=O)(=O)O)S(=O)(=O)O)S(=O)(=O)O,C(CCN)CC(C(=O)O)N,calixarene,3.2339999675750732,O=C(O)COc1c2cc(S(=O)(=O)O)cc1Cc1cc(S(=O)(=O)O)cc(c1O)Cc1cc(S(=O)(=O)O)cc(c1O)Cc1cc(S(=O)(=O)O)cc(c1O)Cc1cc(S(=O)(=O)O)cc(c1O)Cc1cc(S(=O)(=O)O)cc(c1O)C2,89AB142F8D041F89710D49168CBEF0FA0D792576B82031818BFF7C2DE5D92117,HOST_CAN_0127,PASS,NCCCCC(N)C(=O)O,BD55DE8B1F18BBBA0B9FB86FA685E52B4743F1B75F837E0522E8C602B3191BA0,GUEST_CAN_0785,PASS,AttentiveFP,3,family_cold,calixarene,2.7273783683776855
212,24,184,OC1=C2C=C(S(=O)([O-])=O)C=C1CC3=C(O)C(CC4=CC(S(=O)([O-])=O)=CC(CC5=CC(S(=O)([O-])=O)=CC(CC6=CC(S(=O)([O-])=O)=CC(CC(C=C(S(=O)([O-])=O)C=C7C2)=C7O)=C6O)=C5O)=C4O)=CC(S(=O)([O-])=O)=C3.[Na+].[Na+].[Na+].[Na+].[Na+].[Na+],C1=CC=C(C=C1)CC(C(=O)O)NC(=O)CN,calixarene,3.2799999713897705,O=S(=O)([O-])c1cc2c(O)c(c1)Cc1cc(S(=O)(=O)[O-])cc(c1O)Cc1cc(S(=O)(=O)[O-])cc(c1O)Cc1cc(S(=O)(=O)[O-])cc(c1O)Cc1cc(S(=O)(=O)[O-])cc(c1O)Cc1cc(S(=O)(=O)[O-])cc(c1O)C2.[Na+].[Na+].[Na+].[Na+].[Na+].[Na+],2C1F820212E47C3BD5C15E73832EDE6A35C8C7920DDCE445D20F661D969CA26F,HOST_CAN_0165,PASS,NCC(=O)NC(Cc1ccccc1)C(=O)O,B24C6BA3C391F2D0C0B5CD092FE1ADC311DDBF52F109C82C135A510AD2D79380,GUEST_CAN_0766,PASS,AttentiveFP,3,family_cold,calixarene,2.9257853031158447
214,77,186,Oc1c2Cc3cc(cc(c3OCCOc3c4Cc5cc(cc(c5O)Cc5cc(cc(Cc6c(c(Cc3cc(c4)S(=O)(=O)[O-])cc(c6)S(=O)(=O)[O-])O)c5O)S(=O)(=O)[O-])S(=O)(=O)[O-])Cc3cc(cc(Cc4c(c(Cc1cc(c2)S(=O)(=O)[O-])cc(c4)S(=O)(=O)[O-])O)c3O)S(=O)(=O)[O-])S(=O)(=O)[O-],O=C(C12C[C@@H]3C[C@H](C2)C[C@H](C1)C3)C[n+]1ccc(cc1)c1cc[n+](cc1)C,calixarene,5.9899001121521,O=S(=O)([O-])c1cc2c(O)c(c1)Cc1cc(S(=O)(=O)[O-])cc(c1O)Cc1cc(S(=O)(=O)[O-])cc(c1OCCOc1c3cc(S(=O)(=O)[O-])cc1Cc1cc(S(=O)(=O)[O-])cc(c1O)Cc1cc(S(=O)(=O)[O-])cc(c1O)Cc1cc(S(=O)(=O)[O-])cc(c1O)C3)Cc1cc(S(=O)(=O)[O-])cc(c1O)C2,3844EA5590DFD4493BBABC2061A4EDAE96C443037E252EB22277F09FB3CD68CF,HOST_CAN_0167,PASS,C[n+]1ccc(-c2cc[n+](CC(=O)C34C[C@H]5C[C@@H](C3)C[C@@H](C4)C5)cc2)cc1,B04623F599670D40534C578C742075A381E80C37F274DFBEF114BB421F77DFD2,GUEST_CAN_0625,PASS,AttentiveFP,3,family_cold,calixarene,6.775461196899414
223,1,193,C1C2=CC(=CC(=C2O)CC3=CC(=CC(=C3O)CC4=C(C(=CC(=C4)S(=O)(=O)O)CC5=C(C1=CC(=C5)S(=O)(=O)O)O)O)S(=O)(=O)O)S(=O)(=O)O,O=C(OCCCC)C1=CC=CC=C1C(C2=CC=C(N(CC)CC)C=C2O3)=C(C=C/4)C3=CC4=[N+](CC)\CC,calixarene,3.348299980163574,O=S(=O)(O)c1cc2c(O)c(c1)Cc1cc(S(=O)(=O)O)cc(c1O)Cc1cc(S(=O)(=O)O)cc(c1O)Cc1cc(S(=O)(=O)O)cc(c1O)C2,C1130CCDC8DA0C6458EF6C2E07E7F3330D8F8B055CBE4DEAADB70DC00C8CDFC1,HOST_CAN_0154,PASS,CCCCOC(=O)c1ccccc1-c1c2ccc(=[N+](CC)CC)cc-2oc2cc(N(CC)CC)ccc12,6ABF93E22B781100842BF1EFD6E3AD46FB805AD371C665171C9FD4F38F91728F,GUEST_CAN_0313,PASS,AttentiveFP,3,family_cold,calixarene,5.192073822021484
224,1,194,C1C2=CC(=CC(=C2O)CC3=CC(=CC(=C3O)CC4=C(C(=CC(=C4)S(=O)(=O)O)CC5=C(C1=CC(=C5)S(=O)(=O)O)O)O)S(=O)(=O)O)S(=O)(=O)O,Cl[Zn]Cl,calixarene,3.7465999126434326,O=S(=O)(O)c1cc2c(O)c(c1)Cc1cc(S(=O)(=O)O)cc(c1O)Cc1cc(S(=O)(=O)O)cc(c1O)Cc1cc(S(=O)(=O)O)cc(c1O)C2,C1130CCDC8DA0C6458EF6C2E07E7F3330D8F8B055CBE4DEAADB70DC00C8CDFC1,HOST_CAN_0154,PASS,[Cl][Zn][Cl],6A8AD3DAA1DBDC5CB0F702A0B5F6AF6B7DDA33ABD3528D978075E07386946AD4,GUEST_CAN_1049,PASS,AttentiveFP,3,family_cold,calixarene,1.2667670249938965
226,63,81,Oc1c2Cc3cc(cc(c3O)Cc3cc(cc(c3O)Cc3cc(cc(c3O)Cc3cc(cc(Cc4c(c(Cc5c(c(Cc6c(c(Cc1cc(c2)S(=O)(=O)[O-])cc(c6)S(=O)(=O)[O-])O)cc(c5)S(=O)(=O)[O-])O)cc(c4)S(=O)(=O)[O-])O)c3O)S(=O)(=O)[O-])S(=O)(=O)[O-])S(=O)(=O)[O-])S(=O)(=O)[O-],Cc1cc2nc3-c([nH]c2cc1N)cc(=[N+](C)C)cc3,calixarene,6.357999801635742,O=S(=O)([O-])c1cc2c(O)c(c1)Cc1cc(S(=O)(=O)[O-])cc(c1O)Cc1cc(S(=O)(=O)[O-])cc(c1O)Cc1cc(S(=O)(=O)[O-])cc(c1O)Cc1cc(S(=O)(=O)[O-])cc(c1O)Cc1cc(S(=O)(=O)[O-])cc(c1O)Cc1cc(S(=O)(=O)[O-])cc(c1O)Cc1cc(S(=O)(=O)[O-])cc(c1O)C2,3C24C9B25872FE0768A640DF44D242D9AEC5F3FA9C167A457997BAE8D628FFF1,HOST_CAN_0166,PASS,Cc1cc2nc3ccc(=[N+](C)C)cc-3[nH]c2cc1N,C5DF1E7584A7298C9907FD74E586B8A2459B4C1C8328AB00C60A72DAE728E305,GUEST_CAN_0651,PASS,AttentiveFP,3,family_cold,calixarene,5.403120040893555
231,32,200,OC(=O)c1ccc(cc1)N=Nc1cc2Cc3cc(N=Nc4ccc(cc4)C(=O)O)cc(c3O)Cc3cc(cc(Cc4c(c(Cc(c1)c2O)cc(N=Nc1ccc(cc1)C(=O)O)c4)O)c3O)/N=N/c1ccc(cc1)C(=O)O,CC1C(C(CC(O1)OC2CC(CC3=C2C(=C4C(=C3O)C(=O)C5=CC=CC=C5C4=O)O)(C(=O)C)O)N)O,calixarene,6.748199939727783,O=C(O)c1ccc(N=Nc2cc3c(O)c(c2)Cc2cc(N=Nc4ccc(C(=O)O)cc4)cc(c2O)Cc2cc(/N=N/c4ccc(C(=O)O)cc4)cc(c2O)Cc2cc(N=Nc4ccc(C(=O)O)cc4)cc(c2O)C3)cc1,5B585DBFF951CBB98E465DBECF308ACBE2EAF8773CE9C58156BE700CBB287248,HOST_CAN_0134,PASS,CC(=O)C1(O)Cc2c(O)c3c(c(O)c2C(OC2CC(N)C(O)C(C)O2)C1)C(=O)c1ccccc1C3=O,288DCA2C0779B0DCA4D3DDD0FA49905F70AEC43D045EE6CAA7CCA330FF8D1524,GUEST_CAN_0063,PASS,AttentiveFP,3,family_cold,calixarene,5.094128608703613
232,30,85,C1C2=CC(=CC(=C2O)CC3=CC(=CC(=C3O)CC4=CC(=CC(=C4O)CC5=C(C(=CC(=C5)S(=O)(=O)[O-])CC6=C(C(=CC(=C6)S(=O)(=O)[O-])CC7=C(C1=CC(=C7)S(=O)(=O)[O-])O)O)O)S(=O)(=O)[O-])S(=O)(=O)[O-])S(=O)(=O)[O-],COC1=C(C2=C[N+]3=C(C=C2C=C1)C4=CC5=C(C=C4CC3)OCO5)OC.[Cl-],calixarene,3.9600000381469727,O=S(=O)([O-])c1cc2c(O)c(c1)Cc1cc(S(=O)(=O)[O-])cc(c1O)Cc1cc(S(=O)(=O)[O-])cc(c1O)Cc1cc(S(=O)(=O)[O-])cc(c1O)Cc1cc(S(=O)(=O)[O-])cc(c1O)Cc1cc(S(=O)(=O)[O-])cc(c1O)C2,175E9D01D3A7DD7BE73E9B8659E8BAA0A16B2D5C4CCEFE3BEFED10121429BF10,HOST_CAN_0164,PASS,COc1ccc2cc3[n+](cc2c1OC)CCc1cc2c(cc1-3)OCO2.[Cl-],2002F700467546FC920CE9A91096FEE4BBFBC89B967D34B7A6F925905277E3AF,GUEST_CAN_0500,PASS,AttentiveFP,3,family_cold,calixarene,4.303130149841309
238,30,205,C1C2=CC(=CC(=C2O)CC3=CC(=CC(=C3O)CC4=CC(=CC(=C4O)CC5=C(C(=CC(=C5)S(=O)(=O)[O-])CC6=C(C(=CC(=C6)S(=O)(=O)[O-])CC7=C(C1=CC(=C7)S(=O)(=O)[O-])O)O)O)S(=O)(=O)[O-])S(=O)(=O)[O-])S(=O)(=O)[O-],CN(C)C1=CC2=C(C=C1)N=C3C=CC(=[N+](C)C)C=C3S2.[Cl-],calixarene,5.820199966430664,O=S(=O)([O-])c1cc2c(O)c(c1)Cc1cc(S(=O)(=O)[O-])cc(c1O)Cc1cc(S(=O)(=O)[O-])cc(c1O)Cc1cc(S(=O)(=O)[O-])cc(c1O)Cc1cc(S(=O)(=O)[O-])cc(c1O)Cc1cc(S(=O)(=O)[O-])cc(c1O)C2,175E9D01D3A7DD7BE73E9B8659E8BAA0A16B2D5C4CCEFE3BEFED10121429BF10,HOST_CAN_0164,PASS,CN(C)c1ccc2nc3ccc(=[N+](C)C)cc-3sc2c1.[Cl-],3DE370A1BA5793291E648A02AB38D5B7C28AB576253437EAD27954C74B3FA491,GUEST_CAN_0412,PASS,AttentiveFP,3,family_cold,calixarene,5.026814937591553
242,79,96,OC(=O)COc1c2cccc1Cc1cccc(c1OCC(=O)O)Cc1c(c(Cc3c(c(C2)ccc3)OCC(=O)O)ccc1)OCC(=O)O,C[N+](C)(C)C1=CC=CC=C1,calixarene,2.200000047683716,O=C(O)COc1c2cccc1Cc1cccc(c1OCC(=O)O)Cc1cccc(c1OCC(=O)O)Cc1cccc(c1OCC(=O)O)C2,31282512BE72F48E4C936E57F962376202BAF175B8430F712603BAF04D68B020,HOST_CAN_0131,PASS,C[N+](C)(C)c1ccccc1,BE2E413C8306C73C28B2EF0E9ABBED86E0E5AEBC3F7D99A31A8C230156F8C865,GUEST_CAN_0585,PASS,AttentiveFP,3,family_cold,calixarene,2.9932284355163574
245,80,46,O=C(OCC[N+](C)(C)C)C1=CC(CC2=C3)=C(OCCCCCCCCCCCC)C(CC4=CC(C(OCC[N+](C)(C)C)=O)=CC(CC5=CC(C(OCC[N+](C)(C)C)=O)=CC(CC(C=C3C(OCC[N+](C)(C)C)=O)=C2OCCCCCCCCCCCC)=C5OCCCCCCCCCCCC)=C4OCCCCCCCCCCCC)=C1,C1=CC=C(C=C1)NC2=CC=CC3=C2C(=CC=C3)S(=O)(=O)O,calixarene,6.361700057983398,CCCCCCCCCCCCOc1c2cc(C(=O)OCC[N+](C)(C)C)cc1Cc1cc(C(=O)OCC[N+](C)(C)C)cc(c1OCCCCCCCCCCCC)Cc1cc(C(=O)OCC[N+](C)(C)C)cc(c1OCCCCCCCCCCCC)Cc1cc(C(=O)OCC[N+](C)(C)C)cc(c1OCCCCCCCCCCCC)C2,BD30937807545112476F642C439CE3787E297A125B214683EDECEB884CC53DA9,HOST_CAN_0026,PASS,O=S(=O)(O)c1cccc2cccc(Nc3ccccc3)c12,C8ECBFB7BFF882EF953A90B709957BBDD5A708508C39AD89F6640E78DA78E786,GUEST_CAN_0932,PASS,AttentiveFP,3,family_cold,calixarene,5.016398906707764
246,45,201,C1C2=CC(=CC=C2)CC3=CC(=CC=C3)CC4=CC=CC(=C4)CC5=CC=CC1=C5,[Li+],calixarene,1.8740999698638916,c1cc2cc(c1)Cc1cccc(c1)Cc1cccc(c1)Cc1cccc(c1)C2,001BA14F081450375618B4DEC192A3633931B27A166EE11658CCCBFAB45E327F,HOST_CAN_0183,PASS,[Li+],A7557B375892DC7E581DDC6CA9773574F95B6514113F07A19BDE6059504332FE,GUEST_CAN_1071,PASS,AttentiveFP,3,family_cold,calixarene,3.1311140060424805
247,24,209,OC1=C2C=C(S(=O)([O-])=O)C=C1CC3=C(O)C(CC4=CC(S(=O)([O-])=O)=CC(CC5=CC(S(=O)([O-])=O)=CC(CC6=CC(S(=O)([O-])=O)=CC(CC(C=C(S(=O)([O-])=O)C=C7C2)=C7O)=C6O)=C5O)=C4O)=CC(S(=O)([O-])=O)=C3.[Na+].[Na+].[Na+].[Na+].[Na+].[Na+],CC(C[C@@H](C(=O)NCC(=O)O)N)C,calixarene,3.2100000381469727,O=S(=O)([O-])c1cc2c(O)c(c1)Cc1cc(S(=O)(=O)[O-])cc(c1O)Cc1cc(S(=O)(=O)[O-])cc(c1O)Cc1cc(S(=O)(=O)[O-])cc(c1O)Cc1cc(S(=O)(=O)[O-])cc(c1O)Cc1cc(S(=O)(=O)[O-])cc(c1O)C2.[Na+].[Na+].[Na+].[Na+].[Na+].[Na+],2C1F820212E47C3BD5C15E73832EDE6A35C8C7920DDCE445D20F661D969CA26F,HOST_CAN_0165,PASS,CC(C)C[C@H](N)C(=O)NCC(=O)O,4AACD6ADFD9EB7A0F9E18F2EB11FB06642A4BDAADA272AF3C28B555F438D9EC6,GUEST_CAN_0148,PASS,AttentiveFP,3,family_cold,calixarene,2.806642532348633
252,1,213,C1C2=CC(=CC(=C2O)CC3=CC(=CC(=C3O)CC4=C(C(=CC(=C4)S(=O)(=O)O)CC5=C(C1=CC(=C5)S(=O)(=O)O)O)O)S(=O)(=O)O)S(=O)(=O)O,CNC(=NC)NCCCC(C(=O)O)N,calixarene,3.0413999557495117,O=S(=O)(O)c1cc2c(O)c(c1)Cc1cc(S(=O)(=O)O)cc(c1O)Cc1cc(S(=O)(=O)O)cc(c1O)Cc1cc(S(=O)(=O)O)cc(c1O)C2,C1130CCDC8DA0C6458EF6C2E07E7F3330D8F8B055CBE4DEAADB70DC00C8CDFC1,HOST_CAN_0154,PASS,CN=C(NC)NCCCC(N)C(=O)O,779A6537252B6F241FBC733747CD431BEE6965C89F2A6C9832D77F0C487DFE3B,GUEST_CAN_0422,PASS,AttentiveFP,3,family_cold,calixarene,2.3550643920898438
254,82,215,OC1=C2C=C(S(=O)([O-])=O)C=C1CC3=C(O)C(CC4=CC(S(=O)([O-])=O)=CC(CC5=CC(S(=O)([O-])=O)=CC(CC6=CC(S(=O)([O-])=O)=CC(CC(C=C(S(=O)([O-])=O)C=C7C2)=C7O)=C6O)=C5OCCN)=C4O)=CC(S(=O)([O-])=O)=C3,CC(C(=O)O)N,calixarene,1.9637999534606934,NCCOc1c2cc(S(=O)(=O)[O-])cc1Cc1cc(S(=O)(=O)[O-])cc(c1O)Cc1cc(S(=O)(=O)[O-])cc(c1O)Cc1cc(S(=O)(=O)[O-])cc(c1O)Cc1cc(S(=O)(=O)[O-])cc(c1O)Cc1cc(S(=O)(=O)[O-])cc(c1O)C2,943BCEA8586BE526CE8501B61202A05D77257BC2BB9DA3A3C52BD077795B3D50,HOST_CAN_0111,PASS,CC(N)C(=O)O,6AC3AD1747D8E4C9B36EA5FBFB37965B87CCE816D9D72141F9005590B6D6FC3C,GUEST_CAN_0180,PASS,AttentiveFP,3,family_cold,calixarene,1.7446386814117432
258,45,170,C1C2=CC(=CC=C2)CC3=CC(=CC=C3)CC4=CC=CC(=C4)CC5=CC=CC1=C5,[NH3+]CCCC[NH3+],calixarene,5.414999961853027,c1cc2cc(c1)Cc1cccc(c1)Cc1cccc(c1)Cc1cccc(c1)C2,001BA14F081450375618B4DEC192A3633931B27A166EE11658CCCBFAB45E327F,HOST_CAN_0183,PASS,[NH3+]CCCC[NH3+],E784E21CDCC374849454B4BBAEDEC0DD2BF05295ACB829CC80284AC7800CF77E,GUEST_CAN_1088,PASS,AttentiveFP,3,family_cold,calixarene,3.443129777908325
271,84,226,CCCCCCOc1c2Cc3cc(cc(c3OCCCCCC)Cc3cc(cc(Cc4c(c(Cc1cc(c2)S(=O)(=O)[O-])cc(c4)S(=O)(=O)[O-])OCCCCCC)c3OCCCCCC)S(=O)(=O)[O-])S(=O)(=O)[O-],Cc1ccccn1.[Cl-].[Cl-].[Pt+2].N,calixarene,4.431399822235107,CCCCCCOc1c2cc(S(=O)(=O)[O-])cc1Cc1cc(S(=O)(=O)[O-])cc(c1OCCCCCC)Cc1cc(S(=O)(=O)[O-])cc(c1OCCCCCC)Cc1cc(S(=O)(=O)[O-])cc(c1OCCCCCC)C2,C518E51BDF85183B14A149C966DCD4A4434A48A30814E263D88387FA25725959,HOST_CAN_0028,PASS,Cc1ccccn1.N.[Cl-].[Cl-].[Pt+2],7A0A3F187473A58FDF147E16E609E69211A7CDADD40311E4B9E6FD5B9D7C89F4,GUEST_CAN_0671,PASS,AttentiveFP,3,family_cold,calixarene,2.925370693206787
273,1,228,C1C2=CC(=CC(=C2O)CC3=CC(=CC(=C3O)CC4=C(C(=CC(=C4)S(=O)(=O)O)CC5=C(C1=CC(=C5)S(=O)(=O)O)O)O)S(=O)(=O)O)S(=O)(=O)O,CN=C(N)NCCCC(C(=O)O)N,calixarene,2.8808000087738037,O=S(=O)(O)c1cc2c(O)c(c1)Cc1cc(S(=O)(=O)O)cc(c1O)Cc1cc(S(=O)(=O)O)cc(c1O)Cc1cc(S(=O)(=O)O)cc(c1O)C2,C1130CCDC8DA0C6458EF6C2E07E7F3330D8F8B055CBE4DEAADB70DC00C8CDFC1,HOST_CAN_0154,PASS,CN=C(N)NCCCC(N)C(=O)O,AC5DE4409F32BD2D17B5F0B4B252945C0CB19634FCFB964A1C3286EB34F2AD70,GUEST_CAN_0420,PASS,AttentiveFP,3,family_cold,calixarene,2.2811203002929688
275,1,229,C1C2=CC(=CC(=C2O)CC3=CC(=CC(=C3O)CC4=C(C(=CC(=C4)S(=O)(=O)O)CC5=C(C1=CC(=C5)S(=O)(=O)O)O)O)S(=O)(=O)O)S(=O)(=O)O,[Na+],calixarene,2.3454999923706055,O=S(=O)(O)c1cc2c(O)c(c1)Cc1cc(S(=O)(=O)O)cc(c1O)Cc1cc(S(=O)(=O)O)cc(c1O)Cc1cc(S(=O)(=O)O)cc(c1O)C2,C1130CCDC8DA0C6458EF6C2E07E7F3330D8F8B055CBE4DEAADB70DC00C8CDFC1,HOST_CAN_0154,PASS,[Na+],C967F382B185E1578CB9153250886D12807928AF715FC44BD49BA94ACEDD7043,GUEST_CAN_1098,PASS,AttentiveFP,3,family_cold,calixarene,1.971463680267334
278,1,231,C1C2=CC(=CC(=C2O)CC3=CC(=CC(=C3O)CC4=C(C(=CC(=C4)S(=O)(=O)O)CC5=C(C1=CC(=C5)S(=O)(=O)O)O)O)S(=O)(=O)O)S(=O)(=O)O,C[N+](C)(C)CCCCC(C(=O)O)N,calixarene,4.361499786376953,O=S(=O)(O)c1cc2c(O)c(c1)Cc1cc(S(=O)(=O)O)cc(c1O)Cc1cc(S(=O)(=O)O)cc(c1O)Cc1cc(S(=O)(=O)O)cc(c1O)C2,C1130CCDC8DA0C6458EF6C2E07E7F3330D8F8B055CBE4DEAADB70DC00C8CDFC1,HOST_CAN_0154,PASS,C[N+](C)(C)CCCCC(N)C(=O)O,A5D9046F4C510F24A7D2618FA2E491B2FD6A06575CDE2270294DEDC76755B73A,GUEST_CAN_0563,PASS,AttentiveFP,3,family_cold,calixarene,2.4937357902526855
279,45,229,C1C2=CC(=CC=C2)CC3=CC(=CC=C3)CC4=CC=CC(=C4)CC5=CC=CC1=C5,[Na+],calixarene,1.9021999835968018,c1cc2cc(c1)Cc1cccc(c1)Cc1cccc(c1)Cc1cccc(c1)C2,001BA14F081450375618B4DEC192A3633931B27A166EE11658CCCBFAB45E327F,HOST_CAN_0183,PASS,[Na+],C967F382B185E1578CB9153250886D12807928AF715FC44BD49BA94ACEDD7043,GUEST_CAN_1098,PASS,AttentiveFP,3,family_cold,calixarene,3.123152732849121
284,22,236,Oc1c2Sc3cc(cc(c3O)Sc3cc(cc(Sc4c(c(Sc1cc(c2)S(=O)(=O)O)cc(c4)S(=O)(=O)O)O)c3O)S(=O)(=O)O)S(=O)(=O)O,C1=CC=NC(=C1)C2=CC=CC=N2,calixarene,1.7559000253677368,O=S(=O)(O)c1cc2c(O)c(c1)Sc1cc(S(=O)(=O)O)cc(c1O)Sc1cc(S(=O)(=O)O)cc(c1O)Sc1cc(S(=O)(=O)O)cc(c1O)S2,5FE888C1FB51BDA35D21231A31EDB8203ACD56DD9744D0C6B83351EC668D4256,HOST_CAN_0156,PASS,c1ccc(-c2ccccn2)nc1,D1C762AD73B514E93CA06EC7059DE6085292C39B61F82E357DBCFC580CDD236C,GUEST_CAN_1128,PASS,AttentiveFP,3,family_cold,calixarene,2.8162333965301514
289,45,115,C1C2=CC(=CC=C2)CC3=CC(=CC=C3)CC4=CC=CC(=C4)CC5=CC=CC1=C5,[K+],calixarene,2.030400037765503,c1cc2cc(c1)Cc1cccc(c1)Cc1cccc(c1)Cc1cccc(c1)C2,001BA14F081450375618B4DEC192A3633931B27A166EE11658CCCBFAB45E327F,HOST_CAN_0183,PASS,[K+],E83A78F45A613BB8008932667E03FF097984CF2701657EB6EA0AB517A34DEC0B,GUEST_CAN_1068,PASS,AttentiveFP,3,family_cold,calixarene,3.0002846717834473
308,42,215,OC1=C(CC2=CC(S(=O)([O-])=O)=CC(CC(C=C3S(=O)([O-])=O)=C4OCC(N)=O)=C2O)C=C(S(=O)([O-])=O)C=C1CC5=CC(S(=O)([O-])=O)=CC(CC4=C3)=C5O,CC(C(=O)O)N,calixarene,2.0085999965667725,NC(=O)COc1c2cc(S(=O)(=O)[O-])cc1Cc1cc(S(=O)(=O)[O-])cc(c1O)Cc1cc(S(=O)(=O)[O-])cc(c1O)Cc1cc(S(=O)(=O)[O-])cc(c1O)C2,1F2BEDA02D00DC2C1A2D3A5BD5460849E045F21D3B673D4626094BA71BDA0464,HOST_CAN_0104,PASS,CC(N)C(=O)O,6AC3AD1747D8E4C9B36EA5FBFB37965B87CCE816D9D72141F9005590B6D6FC3C,GUEST_CAN_0180,PASS,AttentiveFP,3,family_cold,calixarene,1.3729150295257568
310,1,178,C1C2=CC(=CC(=C2O)CC3=CC(=CC(=C3O)CC4=C(C(=CC(=C4)S(=O)(=O)O)CC5=C(C1=CC(=C5)S(=O)(=O)O)O)O)S(=O)(=O)O)S(=O)(=O)O,C(CCN)CC(C(=O)O)N,calixarene,2.93530011177063,O=S(=O)(O)c1cc2c(O)c(c1)Cc1cc(S(=O)(=O)O)cc(c1O)Cc1cc(S(=O)(=O)O)cc(c1O)Cc1cc(S(=O)(=O)O)cc(c1O)C2,C1130CCDC8DA0C6458EF6C2E07E7F3330D8F8B055CBE4DEAADB70DC00C8CDFC1,HOST_CAN_0154,PASS,NCCCCC(N)C(=O)O,BD55DE8B1F18BBBA0B9FB86FA685E52B4743F1B75F837E0522E8C602B3191BA0,GUEST_CAN_0785,PASS,AttentiveFP,3,family_cold,calixarene,2.202209711074829
313,45,71,C1C2=CC(=CC=C2)CC3=CC(=CC=C3)CC4=CC=CC(=C4)CC5=CC=CC1=C5,CN(C)CCCCC(C(=O)O)N,calixarene,4.778200149536133,c1cc2cc(c1)Cc1cccc(c1)Cc1cccc(c1)Cc1cccc(c1)C2,001BA14F081450375618B4DEC192A3633931B27A166EE11658CCCBFAB45E327F,HOST_CAN_0183,PASS,CN(C)CCCCC(N)C(=O)O,BE57C810F885229BE3BE11856EA3FF5C62BE8C72A7B5FCA869756891D0E4ACA5,GUEST_CAN_0395,PASS,AttentiveFP,3,family_cold,calixarene,3.4895803928375244
315,1,254,C1C2=CC(=CC(=C2O)CC3=CC(=CC(=C3O)CC4=C(C(=CC(=C4)S(=O)(=O)O)CC5=C(C1=CC(=C5)S(=O)(=O)O)O)O)S(=O)(=O)O)S(=O)(=O)O,NC(=O)CCC(C(=O)NC(C(=O)NC(=O)C(NC(C(=O)N)Cc1ccc(cc1)O)C)C(O)C)NC(=O)C(NC(=O)C(C(O)C)NC(=O)C(NC(=O)C([NH3+])C)CCCNC(=[NH2+])N)CCCC[N+](C)(C)C,calixarene,5.301000118255615,O=S(=O)(O)c1cc2c(O)c(c1)Cc1cc(S(=O)(=O)O)cc(c1O)Cc1cc(S(=O)(=O)O)cc(c1O)Cc1cc(S(=O)(=O)O)cc(c1O)C2,C1130CCDC8DA0C6458EF6C2E07E7F3330D8F8B055CBE4DEAADB70DC00C8CDFC1,HOST_CAN_0154,PASS,CC([NH3+])C(=O)NC(CCCNC(N)=[NH2+])C(=O)NC(C(=O)NC(CCCC[N+](C)(C)C)C(=O)NC(CCC(N)=O)C(=O)NC(C(=O)NC(=O)C(C)NC(Cc1ccc(O)cc1)C(N)=O)C(C)O)C(C)O,D63983BAE8F238F31AAEE8CD424E7B2AEFCB66E397A6E28FAE654123C434FB31,GUEST_CAN_0194,PASS,AttentiveFP,3,family_cold,calixarene,3.790847063064575
316,1,255,C1C2=CC(=CC(=C2O)CC3=CC(=CC(=C3O)CC4=C(C(=CC(=C4)S(=O)(=O)O)CC5=C(C1=CC(=C5)S(=O)(=O)O)O)O)S(=O)(=O)O)S(=O)(=O)O,CCN1C=C(C(=O)C2=CC(=C(C=C21)N3CCNCC3)F)C(=O)O,calixarene,4.276299953460693,O=S(=O)(O)c1cc2c(O)c(c1)Cc1cc(S(=O)(=O)O)cc(c1O)Cc1cc(S(=O)(=O)O)cc(c1O)Cc1cc(S(=O)(=O)O)cc(c1O)C2,C1130CCDC8DA0C6458EF6C2E07E7F3330D8F8B055CBE4DEAADB70DC00C8CDFC1,HOST_CAN_0154,PASS,CCn1cc(C(=O)O)c(=O)c2cc(F)c(N3CCNCC3)cc21,51A13D1B35CE84294FAFDDC991735A9C36D89C1EB8D5241A29415246F6566D08,GUEST_CAN_0386,PASS,AttentiveFP,3,family_cold,calixarene,4.680944442749023
319,1,258,C1C2=CC(=CC(=C2O)CC3=CC(=CC(=C3O)CC4=C(C(=CC(=C4)S(=O)(=O)O)CC5=C(C1=CC(=C5)S(=O)(=O)O)O)O)S(=O)(=O)O)S(=O)(=O)O,CCCO,calixarene,1.340000033378601,O=S(=O)(O)c1cc2c(O)c(c1)Cc1cc(S(=O)(=O)O)cc(c1O)Cc1cc(S(=O)(=O)O)cc(c1O)Cc1cc(S(=O)(=O)O)cc(c1O)C2,C1130CCDC8DA0C6458EF6C2E07E7F3330D8F8B055CBE4DEAADB70DC00C8CDFC1,HOST_CAN_0154,PASS,CCCO,462B618A7419D00DD59FB15AED29E14BAFD4A7D7D862F15758CAC9C392890247,GUEST_CAN_0334,PASS,AttentiveFP,3,family_cold,calixarene,1.4414405822753906
321,90,260,CCCCCCCCCCCCCOc1c2cc(cc1Cc1cc(NC(=N)[NH3+])cc(c1OCCCCCCCCCCCC)Cc1cc(NC(=N)[NH3+])cc(c1OCCCCCCCCCCCC)Cc1c(c(Cc3c(c(C2)cc(NC(=N)[NH3+])c3)OCCCCCCCCCCCC)cc(NC(=N)[NH3+])c1)OCCCCCCCCCCCC)NC(=N)[NH3+],C1CCC(C(C1)[NH-])[NH-].C(=O)(C(=O)[O-])[O-].[Pt+4],calixarene,5.414999961853027,CCCCCCCCCCCCCOc1c2cc(NC(=N)[NH3+])cc1Cc1cc(NC(=N)[NH3+])cc(c1OCCCCCCCCCCCC)Cc1cc(NC(=N)[NH3+])cc(c1OCCCCCCCCCCCC)Cc1cc(NC(=N)[NH3+])cc(c1OCCCCCCCCCCCC)Cc1cc(NC(=N)[NH3+])cc(c1OCCCCCCCCCCCC)C2,A5AE0C6743B4C191BBE311A7590CE3620FD85BC6216E8A86BBF33F2997A94F95,HOST_CAN_0025,PASS,O=C([O-])C(=O)[O-].[NH-]C1CCCCC1[NH-].[Pt+4],0CDD95870040990434C583DE9E1CAA6F0E585FA27432CAAE3DAE2F8D1B0F1A60,GUEST_CAN_0893,PASS,AttentiveFP,3,family_cold,calixarene,5.40562105178833
329,77,92,Oc1c2Cc3cc(cc(c3OCCOc3c4Cc5cc(cc(c5O)Cc5cc(cc(Cc6c(c(Cc3cc(c4)S(=O)(=O)[O-])cc(c6)S(=O)(=O)[O-])O)c5O)S(=O)(=O)[O-])S(=O)(=O)[O-])Cc3cc(cc(Cc4c(c(Cc1cc(c2)S(=O)(=O)[O-])cc(c4)S(=O)(=O)[O-])O)c3O)S(=O)(=O)[O-])S(=O)(=O)[O-],C[N+]1=CC=C(C=C1)C2=CC=[N+](C=C2)C.[Cl-].[Cl-],calixarene,7.089900016784668,O=S(=O)([O-])c1cc2c(O)c(c1)Cc1cc(S(=O)(=O)[O-])cc(c1O)Cc1cc(S(=O)(=O)[O-])cc(c1OCCOc1c3cc(S(=O)(=O)[O-])cc1Cc1cc(S(=O)(=O)[O-])cc(c1O)Cc1cc(S(=O)(=O)[O-])cc(c1O)Cc1cc(S(=O)(=O)[O-])cc(c1O)C3)Cc1cc(S(=O)(=O)[O-])cc(c1O)C2,3844EA5590DFD4493BBABC2061A4EDAE96C443037E252EB22277F09FB3CD68CF,HOST_CAN_0167,PASS,C[n+]1ccc(-c2cc[n+](C)cc2)cc1.[Cl-].[Cl-],A34A59C172ABA48CFA54144DF49E70D56803B22DE394E6F3154C1D8F7DC6E5F1,GUEST_CAN_0623,PASS,AttentiveFP,3,family_cold,calixarene,4.909693241119385
330,30,213,C1C2=CC(=CC(=C2O)CC3=CC(=CC(=C3O)CC4=CC(=CC(=C4O)CC5=C(C(=CC(=C5)S(=O)(=O)[O-])CC6=C(C(=CC(=C6)S(=O)(=O)[O-])CC7=C(C1=CC(=C7)S(=O)(=O)[O-])O)O)O)S(=O)(=O)[O-])S(=O)(=O)[O-])S(=O)(=O)[O-],CNC(=NC)NCCCC(C(=O)O)N,calixarene,3.100399971008301,O=S(=O)([O-])c1cc2c(O)c(c1)Cc1cc(S(=O)(=O)[O-])cc(c1O)Cc1cc(S(=O)(=O)[O-])cc(c1O)Cc1cc(S(=O)(=O)[O-])cc(c1O)Cc1cc(S(=O)(=O)[O-])cc(c1O)Cc1cc(S(=O)(=O)[O-])cc(c1O)C2,175E9D01D3A7DD7BE73E9B8659E8BAA0A16B2D5C4CCEFE3BEFED10121429BF10,HOST_CAN_0164,PASS,CN=C(NC)NCCCC(N)C(=O)O,779A6537252B6F241FBC733747CD431BEE6965C89F2A6C9832D77F0C487DFE3B,GUEST_CAN_0422,PASS,AttentiveFP,3,family_cold,calixarene,2.738192081451416
334,90,269,CCCCCCCCCCCCCOc1c2cc(cc1Cc1cc(NC(=N)[NH3+])cc(c1OCCCCCCCCCCCC)Cc1cc(NC(=N)[NH3+])cc(c1OCCCCCCCCCCCC)Cc1c(c(Cc3c(c(C2)cc(NC(=N)[NH3+])c3)OCCCCCCCCCCCC)cc(NC(=N)[NH3+])c1)OCCCCCCCCCCCC)NC(=N)[NH3+],CCCCCCCCC=CCCCCCCCC(=O)[O-],calixarene,6.785299777984619,CCCCCCCCCCCCCOc1c2cc(NC(=N)[NH3+])cc1Cc1cc(NC(=N)[NH3+])cc(c1OCCCCCCCCCCCC)Cc1cc(NC(=N)[NH3+])cc(c1OCCCCCCCCCCCC)Cc1cc(NC(=N)[NH3+])cc(c1OCCCCCCCCCCCC)Cc1cc(NC(=N)[NH3+])cc(c1OCCCCCCCCCCCC)C2,A5AE0C6743B4C191BBE311A7590CE3620FD85BC6216E8A86BBF33F2997A94F95,HOST_CAN_0025,PASS,CCCCCCCCC=CCCCCCCCC(=O)[O-],7869484B62EFB779DB89FD43A7DE40CEC3A568C8EC06ED1EB715060E03760001,GUEST_CAN_0280,PASS,AttentiveFP,3,family_cold,calixarene,5.341331958770752
335,16,108,NCCOc1c2Cc3cc(cc(c3O)Cc3cc(cc(Cc4c(c(Cc1cc(c2)S(=O)(=O)O)cc(c4)S(=O)(=O)O)O)c3O)S(=O)(=O)O)S(=O)(=O)O,OC(=O)C(CCCNC(=[NH2+])N)N,calixarene,2.6503000259399414,NCCOc1c2cc(S(=O)(=O)O)cc1Cc1cc(S(=O)(=O)O)cc(c1O)Cc1cc(S(=O)(=O)O)cc(c1O)Cc1cc(S(=O)(=O)O)cc(c1O)C2,7D8C32DEDAD770C68375EE2FF28F9CCD81B4D3DB3816F51D3CC994E73708AEBC,HOST_CAN_0109,PASS,NC(=[NH2+])NCCCC(N)C(=O)O,3A95B838A3F3E4B9211C1F9CE461FB93EA851D8F0AA68498288217A21AD77FAC,GUEST_CAN_0726,PASS,AttentiveFP,3,family_cold,calixarene,2.2933571338653564
336,73,270,C1C2=CC(=CC(=C2O)CC3=CC(=CC(=C3O)CC4=CC(=CC(=C4O)CC5=C(C(=CC(=C5)S(=O)(=O)O)CC6=C(C1=CC(=C6)S(=O)(=O)O)O)O)S(=O)(=O)O)S(=O)(=O)O)S(=O)(=O)O,[H][C@@]1(C=C)[C@@H]2C[C@@]([C@@H](O)C3=CC=NC4=CC=CC=C43)([H])[N@](C1)CC2,calixarene,4.756800174713135,O=S(=O)(O)c1cc2c(O)c(c1)Cc1cc(S(=O)(=O)O)cc(c1O)Cc1cc(S(=O)(=O)O)cc(c1O)Cc1cc(S(=O)(=O)O)cc(c1O)Cc1cc(S(=O)(=O)O)cc(c1O)C2,CE64A1CA71928E5DE79CF9633E11D44D0BC2C175AB3D980BF8052807605CA8CC,HOST_CAN_0155,PASS,C=C[C@H]1C[N@]2CC[C@H]1C[C@@H]2[C@@H](O)c1ccnc2ccccc12,614D9CAAD2EDBD077C05B77BC250ED9BDBB32D9955FD3E39F65BA91829D1DB5E,GUEST_CAN_0054,PASS,AttentiveFP,3,family_cold,calixarene,5.212177753448486
337,30,78,C1C2=CC(=CC(=C2O)CC3=CC(=CC(=C3O)CC4=CC(=CC(=C4O)CC5=C(C(=CC(=C5)S(=O)(=O)[O-])CC6=C(C(=CC(=C6)S(=O)(=O)[O-])CC7=C(C1=CC(=C7)S(=O)(=O)[O-])O)O)O)S(=O)(=O)[O-])S(=O)(=O)[O-])S(=O)(=O)[O-],[Zn+2],calixarene,3.8469998836517334,O=S(=O)([O-])c1cc2c(O)c(c1)Cc1cc(S(=O)(=O)[O-])cc(c1O)Cc1cc(S(=O)(=O)[O-])cc(c1O)Cc1cc(S(=O)(=O)[O-])cc(c1O)Cc1cc(S(=O)(=O)[O-])cc(c1O)Cc1cc(S(=O)(=O)[O-])cc(c1O)C2,175E9D01D3A7DD7BE73E9B8659E8BAA0A16B2D5C4CCEFE3BEFED10121429BF10,HOST_CAN_0164,PASS,[Zn+2],3CA5AE58E1D62B3B92768768DBBC0E0DB68F214C1B63441804429208F034662B,GUEST_CAN_1117,PASS,AttentiveFP,3,family_cold,calixarene,1.8064393997192383
338,46,271,C1C2=CC(=CC(=C2O)CC3=CC(=CC(=C3O)CC4=C(C(=CC(=C4)S(=O)(=O)O)CC5=C(C1=CC(=C5)S(=O)(=O)[O-])O)O)S(=O)(=O)O)S(=O)(=O)O.[Na+],C1=CC=NC(=C1)N,calixarene,3.717600107192993,O=S(=O)([O-])c1cc2c(O)c(c1)Cc1cc(S(=O)(=O)O)cc(c1O)Cc1cc(S(=O)(=O)O)cc(c1O)Cc1cc(S(=O)(=O)O)cc(c1O)C2.[Na+],CA94CECC10EDB9167B38E05C5D125873C9C1506ED227A3D9C6CBBCD696828A96,HOST_CAN_0163,PASS,Nc1ccccn1,37A89CEE84BAFA4BA4E4333AD3051B9409462C09645E500B0AEB6FECD2D14118,GUEST_CAN_0839,PASS,AttentiveFP,3,family_cold,calixarene,2.100529670715332
343,68,275,Oc1c2cc(cc1Cc1cc(cc(c1O)Cc1c(c(Cc3c(c(C2)cc(c3)S(=O)(=O)O)O)cc(c1)S(=O)(=O)O)O)S(=O)(=O)O)NS(=O)(=O)c1ccc(cc1)C(=O)O,NCCCCC(C(=O)NC(C(=O)NC(C(=O)NCC(=O)NC(C(=O)N)Cc1ccc(cc1)O)C(O)C)CO)NC(=O)C(NC(C(=O)NC(=O)C(C(O)C)NC(=O)C(NC(=O)C(NC(=O)C(C(O)C)NC(=O)C(NC(=O)C(N)C)CCCNC(=N)N)CCCC[N+](C)(C)C)CCC(=O)N)C)CCCNC(=N)N,calixarene,7.790299892425537,O=C(O)c1ccc(S(=O)(=O)Nc2cc3c(O)c(c2)Cc2cc(S(=O)(=O)O)cc(c2O)Cc2cc(S(=O)(=O)O)cc(c2O)Cc2cc(S(=O)(=O)O)cc(c2O)C3)cc1,698FBD7126562AC5EF98798BC16D048473423AD0A0BD659BE98F031178BD7864,HOST_CAN_0136,PASS,CC(N)C(=O)NC(CCCNC(=N)N)C(=O)NC(C(=O)NC(CCCC[N+](C)(C)C)C(=O)NC(CCC(N)=O)C(=O)NC(C(=O)NC(=O)C(C)NC(CCCNC(=N)N)C(=O)NC(CCCCN)C(=O)NC(CO)C(=O)NC(C(=O)NCC(=O)NC(Cc1ccc(O)cc1)C(N)=O)C(C)O)C(C)O)C(C)O,25FDB195356441D0C34087BE8843E3CE8B61830D9520FAA57B9456D076F4D6B7,GUEST_CAN_0178,PASS,AttentiveFP,3,family_cold,calixarene,4.813258171081543
344,22,276,Oc1c2Sc3cc(cc(c3O)Sc3cc(cc(Sc4c(c(Sc1cc(c2)S(=O)(=O)O)cc(c4)S(=O)(=O)O)O)c3O)S(=O)(=O)O)S(=O)(=O)O,[H][C@@]1(C=C)[C@@H]2C[C@]([C@H](O)C3=CC=NC4=CC=CC=C43)([H])[N@](C1)CC2,calixarene,4.143400192260742,O=S(=O)(O)c1cc2c(O)c(c1)Sc1cc(S(=O)(=O)O)cc(c1O)Sc1cc(S(=O)(=O)O)cc(c1O)Sc1cc(S(=O)(=O)O)cc(c1O)S2,5FE888C1FB51BDA35D21231A31EDB8203ACD56DD9744D0C6B83351EC668D4256,HOST_CAN_0156,PASS,C=C[C@H]1C[N@]2CC[C@H]1C[C@H]2[C@H](O)c1ccnc2ccccc12,CE3412753CC0E6669F9F5F8B1616BB07AE7F13474380D05BB653895C97E63BD9,GUEST_CAN_0055,PASS,AttentiveFP,3,family_cold,calixarene,5.709564208984375
350,73,151,C1C2=CC(=CC(=C2O)CC3=CC(=CC(=C3O)CC4=CC(=CC(=C4O)CC5=C(C(=CC(=C5)S(=O)(=O)O)CC6=C(C1=CC(=C6)S(=O)(=O)O)O)O)S(=O)(=O)O)S(=O)(=O)O)S(=O)(=O)O,C[N+](C)(C)C1=CC=CC=C1.[Cl-],calixarene,4.198699951171875,O=S(=O)(O)c1cc2c(O)c(c1)Cc1cc(S(=O)(=O)O)cc(c1O)Cc1cc(S(=O)(=O)O)cc(c1O)Cc1cc(S(=O)(=O)O)cc(c1O)Cc1cc(S(=O)(=O)O)cc(c1O)C2,CE64A1CA71928E5DE79CF9633E11D44D0BC2C175AB3D980BF8052807605CA8CC,HOST_CAN_0155,PASS,C[N+](C)(C)c1ccccc1.[Cl-],27562B4B8AA95F21ECCFF66F5F5C28733B08EDD64BDE5CD8658D46691A1EB6B6,GUEST_CAN_0586,PASS,AttentiveFP,3,family_cold,calixarene,3.0105714797973633
351,30,193,C1C2=CC(=CC(=C2O)CC3=CC(=CC(=C3O)CC4=CC(=CC(=C4O)CC5=C(C(=CC(=C5)S(=O)(=O)[O-])CC6=C(C(=CC(=C6)S(=O)(=O)[O-])CC7=C(C1=CC(=C7)S(=O)(=O)[O-])O)O)O)S(=O)(=O)[O-])S(=O)(=O)[O-])S(=O)(=O)[O-],O=C(OCCCC)C1=CC=CC=C1C(C2=CC=C(N(CC)CC)C=C2O3)=C(C=C/4)C3=CC4=[N+](CC)\CC,calixarene,4.478099822998047,O=S(=O)([O-])c1cc2c(O)c(c1)Cc1cc(S(=O)(=O)[O-])cc(c1O)Cc1cc(S(=O)(=O)[O-])cc(c1O)Cc1cc(S(=O)(=O)[O-])cc(c1O)Cc1cc(S(=O)(=O)[O-])cc(c1O)Cc1cc(S(=O)(=O)[O-])cc(c1O)C2,175E9D01D3A7DD7BE73E9B8659E8BAA0A16B2D5C4CCEFE3BEFED10121429BF10,HOST_CAN_0164,PASS,CCCCOC(=O)c1ccccc1-c1c2ccc(=[N+](CC)CC)cc-2oc2cc(N(CC)CC)ccc12,6ABF93E22B781100842BF1EFD6E3AD46FB805AD371C665171C9FD4F38F91728F,GUEST_CAN_0313,PASS,AttentiveFP,3,family_cold,calixarene,5.004476547241211
353,82,56,OC1=C2C=C(S(=O)([O-])=O)C=C1CC3=C(O)C(CC4=CC(S(=O)([O-])=O)=CC(CC5=CC(S(=O)([O-])=O)=CC(CC6=CC(S(=O)([O-])=O)=CC(CC(C=C(S(=O)([O-])=O)C=C7C2)=C7O)=C6O)=C5OCCN)=C4O)=CC(S(=O)([O-])=O)=C3,CCCC(C(=O)O)N,calixarene,2.1461000442504883,NCCOc1c2cc(S(=O)(=O)[O-])cc1Cc1cc(S(=O)(=O)[O-])cc(c1O)Cc1cc(S(=O)(=O)[O-])cc(c1O)Cc1cc(S(=O)(=O)[O-])cc(c1O)Cc1cc(S(=O)(=O)[O-])cc(c1O)Cc1cc(S(=O)(=O)[O-])cc(c1O)C2,943BCEA8586BE526CE8501B61202A05D77257BC2BB9DA3A3C52BD077795B3D50,HOST_CAN_0111,PASS,CCCC(N)C(=O)O,81F3215F9F46874A7436620E7AD92167936CF997FB3F203D4397A018C4B56861,GUEST_CAN_0268,PASS,AttentiveFP,3,family_cold,calixarene,2.0735836029052734
354,1,282,C1C2=CC(=CC(=C2O)CC3=CC(=CC(=C3O)CC4=C(C(=CC(=C4)S(=O)(=O)O)CC5=C(C1=CC(=C5)S(=O)(=O)O)O)O)S(=O)(=O)O)S(=O)(=O)O,C[N+](Cc1ccccc1)(C)C.[Cl-],calixarene,4.039599895477295,O=S(=O)(O)c1cc2c(O)c(c1)Cc1cc(S(=O)(=O)O)cc(c1O)Cc1cc(S(=O)(=O)O)cc(c1O)Cc1cc(S(=O)(=O)O)cc(c1O)C2,C1130CCDC8DA0C6458EF6C2E07E7F3330D8F8B055CBE4DEAADB70DC00C8CDFC1,HOST_CAN_0154,PASS,C[N+](C)(C)Cc1ccccc1.[Cl-],E2B72B1017236ED2C69E32C9B5E76732BCFAE5D22D33A5C5E5E41D1D3289A9C6,GUEST_CAN_0579,PASS,AttentiveFP,3,family_cold,calixarene,3.6244914531707764
361,97,286,Oc1c2Cc3cc(cc(c3O)Cc3cc(cc(Cc4c(c(Cc1cc(c2)CS(=O)(=O)[O-])cc(c4)CS(=O)(=O)[O-])O)c3O)CS(=O)(=O)[O-])CS(=O)(=O)[O-],C[N+](C)(C)CCO,calixarene,4.09689998626709,O=S(=O)([O-])Cc1cc2c(O)c(c1)Cc1cc(CS(=O)(=O)[O-])cc(c1O)Cc1cc(CS(=O)(=O)[O-])cc(c1O)Cc1cc(CS(=O)(=O)[O-])cc(c1O)C2,6C2781D41B8CAD714B4AF531A18425F9ED354E810FB86EEACD62378860EDFA3D,HOST_CAN_0159,PASS,C[N+](C)(C)CCO,EE2F222C864A3340CB6DC5C1A21FDDCC9B162B0220641118D30F914132FC0AFF,GUEST_CAN_0568,PASS,AttentiveFP,3,family_cold,calixarene,1.825082540512085
363,45,31,C1C2=CC(=CC=C2)CC3=CC(=CC=C3)CC4=CC=CC(=C4)CC5=CC=CC1=C5,CC(=O)OC(CC(=O)[O-])C[N+](C)(C)C,calixarene,3.3833000659942627,c1cc2cc(c1)Cc1cccc(c1)Cc1cccc(c1)Cc1cccc(c1)C2,001BA14F081450375618B4DEC192A3633931B27A166EE11658CCCBFAB45E327F,HOST_CAN_0183,PASS,CC(=O)OC(CC(=O)[O-])C[N+](C)(C)C,84F3DE3A4774B1F6AF116A86D71ECC8AE9DDDEEB6CDC576B42DD15BBFC1D17CE,GUEST_CAN_0094,PASS,AttentiveFP,3,family_cold,calixarene,3.5677502155303955
364,24,288,OC1=C2C=C(S(=O)([O-])=O)C=C1CC3=C(O)C(CC4=CC(S(=O)([O-])=O)=CC(CC5=CC(S(=O)([O-])=O)=CC(CC6=CC(S(=O)([O-])=O)=CC(CC(C=C(S(=O)([O-])=O)C=C7C2)=C7O)=C6O)=C5O)=C4O)=CC(S(=O)([O-])=O)=C3.[Na+].[Na+].[Na+].[Na+].[Na+].[Na+],CC(C)C(C(=O)O)NC(=O)CN,calixarene,3.2100000381469727,O=S(=O)([O-])c1cc2c(O)c(c1)Cc1cc(S(=O)(=O)[O-])cc(c1O)Cc1cc(S(=O)(=O)[O-])cc(c1O)Cc1cc(S(=O)(=O)[O-])cc(c1O)Cc1cc(S(=O)(=O)[O-])cc(c1O)Cc1cc(S(=O)(=O)[O-])cc(c1O)C2.[Na+].[Na+].[Na+].[Na+].[Na+].[Na+],2C1F820212E47C3BD5C15E73832EDE6A35C8C7920DDCE445D20F661D969CA26F,HOST_CAN_0165,PASS,CC(C)C(NC(=O)CN)C(=O)O,C7C4F9D491E695E32FCA9610C29E6F26B277BB7597A85B98A5CB97B4FB2C694B,GUEST_CAN_0128,PASS,AttentiveFP,3,family_cold,calixarene,2.4907915592193604
365,24,289,OC1=C2C=C(S(=O)([O-])=O)C=C1CC3=C(O)C(CC4=CC(S(=O)([O-])=O)=CC(CC5=CC(S(=O)([O-])=O)=CC(CC6=CC(S(=O)([O-])=O)=CC(CC(C=C(S(=O)([O-])=O)C=C7C2)=C7O)=C6O)=C5O)=C4O)=CC(S(=O)([O-])=O)=C3.[Na+].[Na+].[Na+].[Na+].[Na+].[Na+],CC(C)CC(C(=O)NCC(=O)NCC(=O)O)N,calixarene,3.2200000286102295,O=S(=O)([O-])c1cc2c(O)c(c1)Cc1cc(S(=O)(=O)[O-])cc(c1O)Cc1cc(S(=O)(=O)[O-])cc(c1O)Cc1cc(S(=O)(=O)[O-])cc(c1O)Cc1cc(S(=O)(=O)[O-])cc(c1O)Cc1cc(S(=O)(=O)[O-])cc(c1O)C2.[Na+].[Na+].[Na+].[Na+].[Na+].[Na+],2C1F820212E47C3BD5C15E73832EDE6A35C8C7920DDCE445D20F661D969CA26F,HOST_CAN_0165,PASS,CC(C)CC(N)C(=O)NCC(=O)NCC(=O)O,D4CB6B17B725C35FD8BE8C81DB4944143150FA553B932E6B087A9D4D4C5F6D75,GUEST_CAN_0137,PASS,AttentiveFP,3,family_cold,calixarene,3.1459383964538574
367,16,215,NCCOc1c2Cc3cc(cc(c3O)Cc3cc(cc(Cc4c(c(Cc1cc(c2)S(=O)(=O)O)cc(c4)S(=O)(=O)O)O)c3O)S(=O)(=O)O)S(=O)(=O)O,CC(C(=O)O)N,calixarene,1.9955999851226807,NCCOc1c2cc(S(=O)(=O)O)cc1Cc1cc(S(=O)(=O)O)cc(c1O)Cc1cc(S(=O)(=O)O)cc(c1O)Cc1cc(S(=O)(=O)O)cc(c1O)C2,7D8C32DEDAD770C68375EE2FF28F9CCD81B4D3DB3816F51D3CC994E73708AEBC,HOST_CAN_0109,PASS,CC(N)C(=O)O,6AC3AD1747D8E4C9B36EA5FBFB37965B87CCE816D9D72141F9005590B6D6FC3C,GUEST_CAN_0180,PASS,AttentiveFP,3,family_cold,calixarene,1.3022465705871582
369,32,290,OC(=O)c1ccc(cc1)N=Nc1cc2Cc3cc(N=Nc4ccc(cc4)C(=O)O)cc(c3O)Cc3cc(cc(Cc4c(c(Cc(c1)c2O)cc(N=Nc1ccc(cc1)C(=O)O)c4)O)c3O)/N=N/c1ccc(cc1)C(=O)O,C1C(C(OC1N2C=C(C(=O)NC2=O)F)CO)O,calixarene,2.397900104522705,O=C(O)c1ccc(N=Nc2cc3c(O)c(c2)Cc2cc(N=Nc4ccc(C(=O)O)cc4)cc(c2O)Cc2cc(/N=N/c4ccc(C(=O)O)cc4)cc(c2O)Cc2cc(N=Nc4ccc(C(=O)O)cc4)cc(c2O)C3)cc1,5B585DBFF951CBB98E465DBECF308ACBE2EAF8773CE9C58156BE700CBB287248,HOST_CAN_0134,PASS,O=c1[nH]c(=O)n(C2CC(O)C(CO)O2)cc1F,C61E2F9FF939DD0A7AA7FD117F27AFBF7D85E7AB89D8481F6A8C6F0D5D925E56,GUEST_CAN_0954,PASS,AttentiveFP,3,family_cold,calixarene,3.886685609817505
378,52,72,OC(=O)COc1c2Cc3cc(cc(c3O)Cc3cc(cc(c3O)Cc3cc(cc(Cc4c(c(Cc5c(c(Cc1cc(c2)S(=O)(=O)O)cc(c5)S(=O)(=O)O)O)cc(c4)S(=O)(=O)O)O)c3O)S(=O)(=O)O)S(=O)(=O)O)S(=O)(=O)O,NC(C(=O)O)Cc1c[nH]cn1,calixarene,3.0174999237060547,O=C(O)COc1c2cc(S(=O)(=O)O)cc1Cc1cc(S(=O)(=O)O)cc(c1O)Cc1cc(S(=O)(=O)O)cc(c1O)Cc1cc(S(=O)(=O)O)cc(c1O)Cc1cc(S(=O)(=O)O)cc(c1O)Cc1cc(S(=O)(=O)O)cc(c1O)C2,89AB142F8D041F89710D49168CBEF0FA0D792576B82031818BFF7C2DE5D92117,HOST_CAN_0127,PASS,NC(Cc1c[nH]cn1)C(=O)O,FB673C9EDBC2F6C509C14A12DA10308CC8AD4E94C32BC5F3BAD448FBAA74F381,GUEST_CAN_0741,PASS,AttentiveFP,3,family_cold,calixarene,2.396395206451416
381,30,299,C1C2=CC(=CC(=C2O)CC3=CC(=CC(=C3O)CC4=CC(=CC(=C4O)CC5=C(C(=CC(=C5)S(=O)(=O)[O-])CC6=C(C(=CC(=C6)S(=O)(=O)[O-])CC7=C(C1=CC(=C7)S(=O)(=O)[O-])O)O)O)S(=O)(=O)[O-])S(=O)(=O)[O-])S(=O)(=O)[O-],C[N+](C)(C)C,calixarene,4.899799823760986,O=S(=O)([O-])c1cc2c(O)c(c1)Cc1cc(S(=O)(=O)[O-])cc(c1O)Cc1cc(S(=O)(=O)[O-])cc(c1O)Cc1cc(S(=O)(=O)[O-])cc(c1O)Cc1cc(S(=O)(=O)[O-])cc(c1O)Cc1cc(S(=O)(=O)[O-])cc(c1O)C2,175E9D01D3A7DD7BE73E9B8659E8BAA0A16B2D5C4CCEFE3BEFED10121429BF10,HOST_CAN_0164,PASS,C[N+](C)(C)C,4E668A15DBFB99CEF4E591194E4A7EBF203DDD98D3B5437DF2A209A639A7A83B,GUEST_CAN_0552,PASS,AttentiveFP,3,family_cold,calixarene,2.1799826622009277
384,46,302,C1C2=CC(=CC(=C2O)CC3=CC(=CC(=C3O)CC4=C(C(=CC(=C4)S(=O)(=O)O)CC5=C(C1=CC(=C5)S(=O)(=O)[O-])O)O)S(=O)(=O)O)S(=O)(=O)O.[Na+],CCN(CC)CCNC(=O)C1=CC=C(C=C1)N.Cl,calixarene,4.008600234985352,O=S(=O)([O-])c1cc2c(O)c(c1)Cc1cc(S(=O)(=O)O)cc(c1O)Cc1cc(S(=O)(=O)O)cc(c1O)Cc1cc(S(=O)(=O)O)cc(c1O)C2.[Na+],CA94CECC10EDB9167B38E05C5D125873C9C1506ED227A3D9C6CBBCD696828A96,HOST_CAN_0163,PASS,CCN(CC)CCNC(=O)c1ccc(N)cc1.Cl,1AC612C62ED223451DD5E85353D496B5723797F663C332269EA3EC33D33CF585,GUEST_CAN_0340,PASS,AttentiveFP,3,family_cold,calixarene,4.80361795425415
385,55,126,OC1=C(CC2=CC(S(=O)([O-])=O)=CC(CC3=C(O)C4=CC(S(=O)([O-])=O)=C3)=C2O)C=C(S(=O)([O-])=O)C=C1CC5=C(O)C(CC6=CC(S(=O)([O-])=O)=CC(CC7=CC(S(=O)([O-])=O)=CC(CC8=C(O)C(CC9=CC(S(=O)([O-])=O)=CC(C4)=C9O)=CC(S(=O)([O-])=O)=C8)=C7OCCN)=C6O)=CC(S(=O)([O-])=O)=C5,NC(C(=O)O)Cc1ccccc1,calixarene,2.3180999755859375,NCCOc1c2cc(S(=O)(=O)[O-])cc1Cc1cc(S(=O)(=O)[O-])cc(c1O)Cc1cc(S(=O)(=O)[O-])cc(c1O)Cc1cc(S(=O)(=O)[O-])cc(c1O)Cc1cc(S(=O)(=O)[O-])cc(c1O)Cc1cc(S(=O)(=O)[O-])cc(c1O)Cc1cc(S(=O)(=O)[O-])cc(c1O)Cc1cc(S(=O)(=O)[O-])cc(c1O)C2,46CD7FE84C8D6C4EF795EC2A85AC98203C8613778274664FF650C7423640E7D1,HOST_CAN_0112,PASS,NC(Cc1ccccc1)C(=O)O,4B6B1236F1C31D28D9F95F736FF46B2960AFF4F6FCE3D9E76CF43DE2ADDE8B08,GUEST_CAN_0746,PASS,AttentiveFP,3,family_cold,calixarene,3.270805835723877
386,82,126,OC1=C2C=C(S(=O)([O-])=O)C=C1CC3=C(O)C(CC4=CC(S(=O)([O-])=O)=CC(CC5=CC(S(=O)([O-])=O)=CC(CC6=CC(S(=O)([O-])=O)=CC(CC(C=C(S(=O)([O-])=O)C=C7C2)=C7O)=C6O)=C5OCCN)=C4O)=CC(S(=O)([O-])=O)=C3,NC(C(=O)O)Cc1ccccc1,calixarene,2.5657999515533447,NCCOc1c2cc(S(=O)(=O)[O-])cc1Cc1cc(S(=O)(=O)[O-])cc(c1O)Cc1cc(S(=O)(=O)[O-])cc(c1O)Cc1cc(S(=O)(=O)[O-])cc(c1O)Cc1cc(S(=O)(=O)[O-])cc(c1O)Cc1cc(S(=O)(=O)[O-])cc(c1O)C2,943BCEA8586BE526CE8501B61202A05D77257BC2BB9DA3A3C52BD077795B3D50,HOST_CAN_0111,PASS,NC(Cc1ccccc1)C(=O)O,4B6B1236F1C31D28D9F95F736FF46B2960AFF4F6FCE3D9E76CF43DE2ADDE8B08,GUEST_CAN_0746,PASS,AttentiveFP,3,family_cold,calixarene,2.4726388454437256
390,1,56,C1C2=CC(=CC(=C2O)CC3=CC(=CC(=C3O)CC4=C(C(=CC(=C4)S(=O)(=O)O)CC5=C(C1=CC(=C5)S(=O)(=O)O)O)O)S(=O)(=O)O)S(=O)(=O)O,CCCC(C(=O)O)N,calixarene,2.893199920654297,O=S(=O)(O)c1cc2c(O)c(c1)Cc1cc(S(=O)(=O)O)cc(c1O)Cc1cc(S(=O)(=O)O)cc(c1O)Cc1cc(S(=O)(=O)O)cc(c1O)C2,C1130CCDC8DA0C6458EF6C2E07E7F3330D8F8B055CBE4DEAADB70DC00C8CDFC1,HOST_CAN_0154,PASS,CCCC(N)C(=O)O,81F3215F9F46874A7436620E7AD92167936CF997FB3F203D4397A018C4B56861,GUEST_CAN_0268,PASS,AttentiveFP,3,family_cold,calixarene,1.590674877166748
399,45,313,C1C2=CC(=CC=C2)CC3=CC(=CC=C3)CC4=CC=CC(=C4)CC5=CC=CC1=C5,C(CCN)CCN,calixarene,5.431399822235107,c1cc2cc(c1)Cc1cccc(c1)Cc1cccc(c1)Cc1cccc(c1)C2,001BA14F081450375618B4DEC192A3633931B27A166EE11658CCCBFAB45E327F,HOST_CAN_0183,PASS,NCCCCCN,686B1F1D37E58EE9E8D62CED35D9E35B25EB8DBA4BB8BAA773577CEE8422D320,GUEST_CAN_0794,PASS,AttentiveFP,3,family_cold,calixarene,3.550018787384033
401,52,215,OC(=O)COc1c2Cc3cc(cc(c3O)Cc3cc(cc(c3O)Cc3cc(cc(Cc4c(c(Cc5c(c(Cc1cc(c2)S(=O)(=O)O)cc(c5)S(=O)(=O)O)O)cc(c4)S(=O)(=O)O)O)c3O)S(=O)(=O)O)S(=O)(=O)O)S(=O)(=O)O,CC(C(=O)O)N,calixarene,1.8387999534606934,O=C(O)COc1c2cc(S(=O)(=O)O)cc1Cc1cc(S(=O)(=O)O)cc(c1O)Cc1cc(S(=O)(=O)O)cc(c1O)Cc1cc(S(=O)(=O)O)cc(c1O)Cc1cc(S(=O)(=O)O)cc(c1O)Cc1cc(S(=O)(=O)O)cc(c1O)C2,89AB142F8D041F89710D49168CBEF0FA0D792576B82031818BFF7C2DE5D92117,HOST_CAN_0127,PASS,CC(N)C(=O)O,6AC3AD1747D8E4C9B36EA5FBFB37965B87CCE816D9D72141F9005590B6D6FC3C,GUEST_CAN_0180,PASS,AttentiveFP,3,family_cold,calixarene,1.6808843612670898
403,30,96,C1C2=CC(=CC(=C2O)CC3=CC(=CC(=C3O)CC4=CC(=CC(=C4O)CC5=C(C(=CC(=C5)S(=O)(=O)[O-])CC6=C(C(=CC(=C6)S(=O)(=O)[O-])CC7=C(C1=CC(=C7)S(=O)(=O)[O-])O)O)O)S(=O)(=O)[O-])S(=O)(=O)[O-])S(=O)(=O)[O-],C[N+](C)(C)C1=CC=CC=C1,calixarene,4.49970006942749,O=S(=O)([O-])c1cc2c(O)c(c1)Cc1cc(S(=O)(=O)[O-])cc(c1O)Cc1cc(S(=O)(=O)[O-])cc(c1O)Cc1cc(S(=O)(=O)[O-])cc(c1O)Cc1cc(S(=O)(=O)[O-])cc(c1O)Cc1cc(S(=O)(=O)[O-])cc(c1O)C2,175E9D01D3A7DD7BE73E9B8659E8BAA0A16B2D5C4CCEFE3BEFED10121429BF10,HOST_CAN_0164,PASS,C[N+](C)(C)c1ccccc1,BE2E413C8306C73C28B2EF0E9ABBED86E0E5AEBC3F7D99A31A8C230156F8C865,GUEST_CAN_0585,PASS,AttentiveFP,3,family_cold,calixarene,2.762392997741699
404,30,255,C1C2=CC(=CC(=C2O)CC3=CC(=CC(=C3O)CC4=CC(=CC(=C4O)CC5=C(C(=CC(=C5)S(=O)(=O)[O-])CC6=C(C(=CC(=C6)S(=O)(=O)[O-])CC7=C(C1=CC(=C7)S(=O)(=O)[O-])O)O)O)S(=O)(=O)[O-])S(=O)(=O)[O-])S(=O)(=O)[O-],CCN1C=C(C(=O)C2=CC(=C(C=C21)N3CCNCC3)F)C(=O)O,calixarene,4.601600170135498,O=S(=O)([O-])c1cc2c(O)c(c1)Cc1cc(S(=O)(=O)[O-])cc(c1O)Cc1cc(S(=O)(=O)[O-])cc(c1O)Cc1cc(S(=O)(=O)[O-])cc(c1O)Cc1cc(S(=O)(=O)[O-])cc(c1O)Cc1cc(S(=O)(=O)[O-])cc(c1O)C2,175E9D01D3A7DD7BE73E9B8659E8BAA0A16B2D5C4CCEFE3BEFED10121429BF10,HOST_CAN_0164,PASS,CCn1cc(C(=O)O)c(=O)c2cc(F)c(N3CCNCC3)cc21,51A13D1B35CE84294FAFDDC991735A9C36D89C1EB8D5241A29415246F6566D08,GUEST_CAN_0386,PASS,AttentiveFP,3,family_cold,calixarene,4.475526809692383
407,22,31,Oc1c2Sc3cc(cc(c3O)Sc3cc(cc(Sc4c(c(Sc1cc(c2)S(=O)(=O)O)cc(c4)S(=O)(=O)O)O)c3O)S(=O)(=O)O)S(=O)(=O)O,CC(=O)OC(CC(=O)[O-])C[N+](C)(C)C,calixarene,1.3221999406814575,O=S(=O)(O)c1cc2c(O)c(c1)Sc1cc(S(=O)(=O)O)cc(c1O)Sc1cc(S(=O)(=O)O)cc(c1O)Sc1cc(S(=O)(=O)O)cc(c1O)S2,5FE888C1FB51BDA35D21231A31EDB8203ACD56DD9744D0C6B83351EC668D4256,HOST_CAN_0156,PASS,CC(=O)OC(CC(=O)[O-])C[N+](C)(C)C,84F3DE3A4774B1F6AF116A86D71ECC8AE9DDDEEB6CDC576B42DD15BBFC1D17CE,GUEST_CAN_0094,PASS,AttentiveFP,3,family_cold,calixarene,1.9728918075561523
408,14,215,NCCOc1c2Cc3cc(cc(c3O)Cc3cc(cc(c3O)Cc3cc(cc(Cc4c(c(Cc5c(c(Cc1cc(c2)S(=O)(=O)O)cc(c5)S(=O)(=O)O)O)cc(c4)S(=O)(=O)O)O)c3O)S(=O)(=O)O)S(=O)(=O)O)S(=O)(=O)O,CC(C(=O)O)N,calixarene,2.100399971008301,NCCOc1c2cc(S(=O)(=O)O)cc1Cc1cc(S(=O)(=O)O)cc(c1O)Cc1cc(S(=O)(=O)O)cc(c1O)Cc1cc(S(=O)(=O)O)cc(c1O)Cc1cc(S(=O)(=O)O)cc(c1O)Cc1cc(S(=O)(=O)O)cc(c1O)C2,C787A22C599703D921FA29CACAF002E9FF6ED12C44482B2905C84DCBDD5B4AC1,HOST_CAN_0110,PASS,CC(N)C(=O)O,6AC3AD1747D8E4C9B36EA5FBFB37965B87CCE816D9D72141F9005590B6D6FC3C,GUEST_CAN_0180,PASS,AttentiveFP,3,family_cold,calixarene,1.628629446029663
410,45,108,C1C2=CC(=CC=C2)CC3=CC(=CC=C3)CC4=CC=CC(=C4)CC5=CC=CC1=C5,OC(=O)C(CCCNC(=[NH2+])N)N,calixarene,3.447200059890747,c1cc2cc(c1)Cc1cccc(c1)Cc1cccc(c1)Cc1cccc(c1)C2,001BA14F081450375618B4DEC192A3633931B27A166EE11658CCCBFAB45E327F,HOST_CAN_0183,PASS,NC(=[NH2+])NCCCC(N)C(=O)O,3A95B838A3F3E4B9211C1F9CE461FB93EA851D8F0AA68498288217A21AD77FAC,GUEST_CAN_0726,PASS,AttentiveFP,3,family_cold,calixarene,3.538033962249756
420,63,64,Oc1c2Cc3cc(cc(c3O)Cc3cc(cc(c3O)Cc3cc(cc(c3O)Cc3cc(cc(Cc4c(c(Cc5c(c(Cc6c(c(Cc1cc(c2)S(=O)(=O)[O-])cc(c6)S(=O)(=O)[O-])O)cc(c5)S(=O)(=O)[O-])O)cc(c4)S(=O)(=O)[O-])O)c3O)S(=O)(=O)[O-])S(=O)(=O)[O-])S(=O)(=O)[O-])S(=O)(=O)[O-],COC1=C(C=CC(=C1)C=CC(=O)O)O,calixarene,2.3510000705718994,O=S(=O)([O-])c1cc2c(O)c(c1)Cc1cc(S(=O)(=O)[O-])cc(c1O)Cc1cc(S(=O)(=O)[O-])cc(c1O)Cc1cc(S(=O)(=O)[O-])cc(c1O)Cc1cc(S(=O)(=O)[O-])cc(c1O)Cc1cc(S(=O)(=O)[O-])cc(c1O)Cc1cc(S(=O)(=O)[O-])cc(c1O)Cc1cc(S(=O)(=O)[O-])cc(c1O)C2,3C24C9B25872FE0768A640DF44D242D9AEC5F3FA9C167A457997BAE8D628FFF1,HOST_CAN_0166,PASS,COc1cc(C=CC(=O)O)ccc1O,FBA2624599D3DF61E64A1CD01004296006570403D519166BB73FAE5CFC4F262F,GUEST_CAN_0476,PASS,AttentiveFP,3,family_cold,calixarene,3.046565055847168
421,1,325,C1C2=CC(=CC(=C2O)CC3=CC(=CC(=C3O)CC4=C(C(=CC(=C4)S(=O)(=O)O)CC5=C(C1=CC(=C5)S(=O)(=O)O)O)O)S(=O)(=O)O)S(=O)(=O)O,C1CNCCNC1,calixarene,4.0015997886657715,O=S(=O)(O)c1cc2c(O)c(c1)Cc1cc(S(=O)(=O)O)cc(c1O)Cc1cc(S(=O)(=O)O)cc(c1O)Cc1cc(S(=O)(=O)O)cc(c1O)C2,C1130CCDC8DA0C6458EF6C2E07E7F3330D8F8B055CBE4DEAADB70DC00C8CDFC1,HOST_CAN_0154,PASS,C1CNCCNC1,7DF4AF0EAB88491897F1D6D84D44C1178746E05B04100C7295B937559AD91EE9,GUEST_CAN_0035,PASS,AttentiveFP,3,family_cold,calixarene,5.191414833068848
432,30,332,C1C2=CC(=CC(=C2O)CC3=CC(=CC(=C3O)CC4=CC(=CC(=C4O)CC5=C(C(=CC(=C5)S(=O)(=O)[O-])CC6=C(C(=CC(=C6)S(=O)(=O)[O-])CC7=C(C1=CC(=C7)S(=O)(=O)[O-])O)O)O)S(=O)(=O)[O-])S(=O)(=O)[O-])S(=O)(=O)[O-],C(CC(C(=O)NC(CCCN=C(N)N)C(=O)O)N)CN=C(N)N,calixarene,3.079200029373169,O=S(=O)([O-])c1cc2c(O)c(c1)Cc1cc(S(=O)(=O)[O-])cc(c1O)Cc1cc(S(=O)(=O)[O-])cc(c1O)Cc1cc(S(=O)(=O)[O-])cc(c1O)Cc1cc(S(=O)(=O)[O-])cc(c1O)Cc1cc(S(=O)(=O)[O-])cc(c1O)C2,175E9D01D3A7DD7BE73E9B8659E8BAA0A16B2D5C4CCEFE3BEFED10121429BF10,HOST_CAN_0164,PASS,NC(N)=NCCCC(N)C(=O)NC(CCCN=C(N)N)C(=O)O,3A8B2301E51B73866F85F765E5B50C91D53C9621B71623BBA372A8F50F71EA36,GUEST_CAN_0749,PASS,AttentiveFP,3,family_cold,calixarene,3.5097177028656006
433,1,333,C1C2=CC(=CC(=C2O)CC3=CC(=CC(=C3O)CC4=C(C(=CC(=C4)S(=O)(=O)O)CC5=C(C1=CC(=C5)S(=O)(=O)O)O)O)S(=O)(=O)O)S(=O)(=O)O,C(CC[NH3+])CC(=O)[O-],calixarene,2.259999990463257,O=S(=O)(O)c1cc2c(O)c(c1)Cc1cc(S(=O)(=O)O)cc(c1O)Cc1cc(S(=O)(=O)O)cc(c1O)Cc1cc(S(=O)(=O)O)cc(c1O)C2,C1130CCDC8DA0C6458EF6C2E07E7F3330D8F8B055CBE4DEAADB70DC00C8CDFC1,HOST_CAN_0154,PASS,[NH3+]CCCCC(=O)[O-],45CFEA5FDAA8D7A65790935646985A3ABBFCF5B919C8D0D1B42395924442E282,GUEST_CAN_1081,PASS,AttentiveFP,3,family_cold,calixarene,2.1299047470092773
437,99,178,N#CCOc1c2Cc3cc(cc(c3O)Cc3cc(cc(c3O)Cc3cc(cc(c3O)Cc3cc(cc(Cc4c(c(Cc5c(c(Cc6c(c(Cc1cc(c2)S(=O)(=O)O)cc(c6)S(=O)(=O)O)O)cc(c5)S(=O)(=O)O)O)cc(c4)S(=O)(=O)O)O)c3O)S(=O)(=O)O)S(=O)(=O)O)S(=O)(=O)O)S(=O)(=O)O,C(CCN)CC(C(=O)O)N,calixarene,2.8254001140594482,N#CCOc1c2cc(S(=O)(=O)O)cc1Cc1cc(S(=O)(=O)O)cc(c1O)Cc1cc(S(=O)(=O)O)cc(c1O)Cc1cc(S(=O)(=O)O)cc(c1O)Cc1cc(S(=O)(=O)O)cc(c1O)Cc1cc(S(=O)(=O)O)cc(c1O)Cc1cc(S(=O)(=O)O)cc(c1O)Cc1cc(S(=O)(=O)O)cc(c1O)C2,9C5AE9DC33FB7183D6DE570E4F40C5ED225E59EFD3C7E5485333524BCCF933C0,HOST_CAN_0103,PASS,NCCCCC(N)C(=O)O,BD55DE8B1F18BBBA0B9FB86FA685E52B4743F1B75F837E0522E8C602B3191BA0,GUEST_CAN_0785,PASS,AttentiveFP,3,family_cold,calixarene,3.409562587738037
439,100,46,CCCCCCCCCCCCOc1c2cc(cc1Cc1cc(cc(c1OCCCCCCCCCCCC)Cc1cc(cc(c1OCCCCCCCCCCCC)Cc1c(c(Cc3c(c(C2)cc(c3)C(=O)OCC[N+](C)(C)C)OCCCCCCCCCCCC)cc(c1)C(=O)OCC[N+](C)(C)C)OCCCCCCCCCCCC)C(=O)OCC[N+](C)(C)C)C(=O)OCC[N+](C)(C)C)C(=O)OCC[N+](C)(C)C,C1=CC=C(C=C1)NC2=CC=CC3=C2C(=CC=C3)S(=O)(=O)O,calixarene,6.505099773406982,CCCCCCCCCCCCOc1c2cc(C(=O)OCC[N+](C)(C)C)cc1Cc1cc(C(=O)OCC[N+](C)(C)C)cc(c1OCCCCCCCCCCCC)Cc1cc(C(=O)OCC[N+](C)(C)C)cc(c1OCCCCCCCCCCCC)Cc1cc(C(=O)OCC[N+](C)(C)C)cc(c1OCCCCCCCCCCCC)Cc1cc(C(=O)OCC[N+](C)(C)C)cc(c1OCCCCCCCCCCCC)C2,3A703FA6C5DFBAEFFBC1C53D6F3999C06F6F847B9DDCDFD15D17E133D6D25FAB,HOST_CAN_0027,PASS,O=S(=O)(O)c1cccc2cccc(Nc3ccccc3)c12,C8ECBFB7BFF882EF953A90B709957BBDD5A708508C39AD89F6640E78DA78E786,GUEST_CAN_0932,PASS,AttentiveFP,3,family_cold,calixarene,6.0249810218811035
441,73,286,C1C2=CC(=CC(=C2O)CC3=CC(=CC(=C3O)CC4=CC(=CC(=C4O)CC5=C(C(=CC(=C5)S(=O)(=O)O)CC6=C(C1=CC(=C6)S(=O)(=O)O)O)O)S(=O)(=O)O)S(=O)(=O)O)S(=O)(=O)O,C[N+](C)(C)CCO,calixarene,4.155300140380859,O=S(=O)(O)c1cc2c(O)c(c1)Cc1cc(S(=O)(=O)O)cc(c1O)Cc1cc(S(=O)(=O)O)cc(c1O)Cc1cc(S(=O)(=O)O)cc(c1O)Cc1cc(S(=O)(=O)O)cc(c1O)C2,CE64A1CA71928E5DE79CF9633E11D44D0BC2C175AB3D980BF8052807605CA8CC,HOST_CAN_0155,PASS,C[N+](C)(C)CCO,EE2F222C864A3340CB6DC5C1A21FDDCC9B162B0220641118D30F914132FC0AFF,GUEST_CAN_0568,PASS,AttentiveFP,3,family_cold,calixarene,1.9345815181732178
442,52,337,OC(=O)COc1c2Cc3cc(cc(c3O)Cc3cc(cc(c3O)Cc3cc(cc(Cc4c(c(Cc5c(c(Cc1cc(c2)S(=O)(=O)O)cc(c5)S(=O)(=O)O)O)cc(c4)S(=O)(=O)O)O)c3O)S(=O)(=O)O)S(=O)(=O)O)S(=O)(=O)O,OCC(C(=O)O)N,calixarene,2.2253000736236572,O=C(O)COc1c2cc(S(=O)(=O)O)cc1Cc1cc(S(=O)(=O)O)cc(c1O)Cc1cc(S(=O)(=O)O)cc(c1O)Cc1cc(S(=O)(=O)O)cc(c1O)Cc1cc(S(=O)(=O)O)cc(c1O)Cc1cc(S(=O)(=O)O)cc(c1O)C2,89AB142F8D041F89710D49168CBEF0FA0D792576B82031818BFF7C2DE5D92117,HOST_CAN_0127,PASS,NC(CO)C(=O)O,2EBE58D687C0AA53F22B8D1549C80A85A6D27FB38ECC46BD2A35B25250CAEFA2,GUEST_CAN_0734,PASS,AttentiveFP,3,family_cold,calixarene,1.5691890716552734
444,1,338,C1C2=CC(=CC(=C2O)CC3=CC(=CC(=C3O)CC4=C(C(=CC(=C4)S(=O)(=O)O)CC5=C(C1=CC(=C5)S(=O)(=O)O)O)O)S(=O)(=O)O)S(=O)(=O)O,C1=CC=C(C=C1)C2=CC(=O)C3=C(C(=C(C=C3O2)OC4C(C(C(C(O4)C(=O)O)O)O)O)O)O,calixarene,4.214000225067139,O=S(=O)(O)c1cc2c(O)c(c1)Cc1cc(S(=O)(=O)O)cc(c1O)Cc1cc(S(=O)(=O)O)cc(c1O)Cc1cc(S(=O)(=O)O)cc(c1O)C2,C1130CCDC8DA0C6458EF6C2E07E7F3330D8F8B055CBE4DEAADB70DC00C8CDFC1,HOST_CAN_0154,PASS,O=C(O)C1OC(Oc2cc3oc(-c4ccccc4)cc(=O)c3c(O)c2O)C(O)C(O)C1O,127588582E4011E1A74BB8E2043EF5B42E49C4D847374CD8A901A330DA6D9033,GUEST_CAN_0870,PASS,AttentiveFP,3,family_cold,calixarene,2.5104808807373047
450,24,343,OC1=C2C=C(S(=O)([O-])=O)C=C1CC3=C(O)C(CC4=CC(S(=O)([O-])=O)=CC(CC5=CC(S(=O)([O-])=O)=CC(CC6=CC(S(=O)([O-])=O)=CC(CC(C=C(S(=O)([O-])=O)C=C7C2)=C7O)=C6O)=C5O)=C4O)=CC(S(=O)([O-])=O)=C3.[Na+].[Na+].[Na+].[Na+].[Na+].[Na+],C1=CC(=C(C=C1F)F)C(CN2C=NC=N2)(CN3C=NC=N3)O,calixarene,2.380199909210205,O=S(=O)([O-])c1cc2c(O)c(c1)Cc1cc(S(=O)(=O)[O-])cc(c1O)Cc1cc(S(=O)(=O)[O-])cc(c1O)Cc1cc(S(=O)(=O)[O-])cc(c1O)Cc1cc(S(=O)(=O)[O-])cc(c1O)Cc1cc(S(=O)(=O)[O-])cc(c1O)C2.[Na+].[Na+].[Na+].[Na+].[Na+].[Na+],2C1F820212E47C3BD5C15E73832EDE6A35C8C7920DDCE445D20F661D969CA26F,HOST_CAN_0165,PASS,OC(Cn1cncn1)(Cn1cncn1)c1ccc(F)cc1F,9594D6554481AE705E34C4725B7F3A9B5DBA2473D6C5446C3E91C1B9495B2086,GUEST_CAN_0957,PASS,AttentiveFP,3,family_cold,calixarene,3.894087791442871
458,1,348,C1C2=CC(=CC(=C2O)CC3=CC(=CC(=C3O)CC4=C(C(=CC(=C4)S(=O)(=O)O)CC5=C(C1=CC(=C5)S(=O)(=O)O)O)O)S(=O)(=O)O)S(=O)(=O)O,OCC(C(=O)NC(C(=O)N)[C@H](O)C)NC(=O)C(NC(=O)C(NC(=O)C)CCCNC(=N)N)CCCC[N+](C)(C)C,calixarene,4.992499828338623,O=S(=O)(O)c1cc2c(O)c(c1)Cc1cc(S(=O)(=O)O)cc(c1O)Cc1cc(S(=O)(=O)O)cc(c1O)Cc1cc(S(=O)(=O)O)cc(c1O)C2,C1130CCDC8DA0C6458EF6C2E07E7F3330D8F8B055CBE4DEAADB70DC00C8CDFC1,HOST_CAN_0154,PASS,CC(=O)NC(CCCNC(=N)N)C(=O)NC(CCCC[N+](C)(C)C)C(=O)NC(CO)C(=O)NC(C(N)=O)[C@@H](C)O,130A44477ECBEE6BC7334D06B3D91AFE4D564D56817DAB10DE64E1B5C22D8319,GUEST_CAN_0070,PASS,AttentiveFP,3,family_cold,calixarene,3.1696934700012207
464,30,353,C1C2=CC(=CC(=C2O)CC3=CC(=CC(=C3O)CC4=CC(=CC(=C4O)CC5=C(C(=CC(=C5)S(=O)(=O)[O-])CC6=C(C(=CC(=C6)S(=O)(=O)[O-])CC7=C(C1=CC(=C7)S(=O)(=O)[O-])O)O)O)S(=O)(=O)[O-])S(=O)(=O)[O-])S(=O)(=O)[O-],CNC1=CC2=C(C=C1)C=C3C=CC(=[NH+]C)C=C3O2.[Cl-],calixarene,3.9800000190734863,O=S(=O)([O-])c1cc2c(O)c(c1)Cc1cc(S(=O)(=O)[O-])cc(c1O)Cc1cc(S(=O)(=O)[O-])cc(c1O)Cc1cc(S(=O)(=O)[O-])cc(c1O)Cc1cc(S(=O)(=O)[O-])cc(c1O)Cc1cc(S(=O)(=O)[O-])cc(c1O)C2,175E9D01D3A7DD7BE73E9B8659E8BAA0A16B2D5C4CCEFE3BEFED10121429BF10,HOST_CAN_0164,PASS,CNc1ccc2cc3ccc(=[NH+]C)cc-3oc2c1.[Cl-],40A1716939AF15B346C71DAB9A87CDCEA128A41E2582458E422054A1D912677D,GUEST_CAN_0433,PASS,AttentiveFP,3,family_cold,calixarene,4.842164993286133
471,73,236,C1C2=CC(=CC(=C2O)CC3=CC(=CC(=C3O)CC4=CC(=CC(=C4O)CC5=C(C(=CC(=C5)S(=O)(=O)O)CC6=C(C1=CC(=C6)S(=O)(=O)O)O)O)S(=O)(=O)O)S(=O)(=O)O)S(=O)(=O)O,C1=CC=NC(=C1)C2=CC=CC=N2,calixarene,3.0859999656677246,O=S(=O)(O)c1cc2c(O)c(c1)Cc1cc(S(=O)(=O)O)cc(c1O)Cc1cc(S(=O)(=O)O)cc(c1O)Cc1cc(S(=O)(=O)O)cc(c1O)Cc1cc(S(=O)(=O)O)cc(c1O)C2,CE64A1CA71928E5DE79CF9633E11D44D0BC2C175AB3D980BF8052807605CA8CC,HOST_CAN_0155,PASS,c1ccc(-c2ccccn2)nc1,D1C762AD73B514E93CA06EC7059DE6085292C39B61F82E357DBCFC580CDD236C,GUEST_CAN_1128,PASS,AttentiveFP,3,family_cold,calixarene,2.7496261596679688
480,14,126,NCCOc1c2Cc3cc(cc(c3O)Cc3cc(cc(c3O)Cc3cc(cc(Cc4c(c(Cc5c(c(Cc1cc(c2)S(=O)(=O)O)cc(c5)S(=O)(=O)O)O)cc(c4)S(=O)(=O)O)O)c3O)S(=O)(=O)O)S(=O)(=O)O)S(=O)(=O)O,NC(C(=O)O)Cc1ccccc1,calixarene,2.3096001148223877,NCCOc1c2cc(S(=O)(=O)O)cc1Cc1cc(S(=O)(=O)O)cc(c1O)Cc1cc(S(=O)(=O)O)cc(c1O)Cc1cc(S(=O)(=O)O)cc(c1O)Cc1cc(S(=O)(=O)O)cc(c1O)Cc1cc(S(=O)(=O)O)cc(c1O)C2,C787A22C599703D921FA29CACAF002E9FF6ED12C44482B2905C84DCBDD5B4AC1,HOST_CAN_0110,PASS,NC(Cc1ccccc1)C(=O)O,4B6B1236F1C31D28D9F95F736FF46B2960AFF4F6FCE3D9E76CF43DE2ADDE8B08,GUEST_CAN_0746,PASS,AttentiveFP,3,family_cold,calixarene,2.41727614402771
482,30,81,C1C2=CC(=CC(=C2O)CC3=CC(=CC(=C3O)CC4=CC(=CC(=C4O)CC5=C(C(=CC(=C5)S(=O)(=O)[O-])CC6=C(C(=CC(=C6)S(=O)(=O)[O-])CC7=C(C1=CC(=C7)S(=O)(=O)[O-])O)O)O)S(=O)(=O)[O-])S(=O)(=O)[O-])S(=O)(=O)[O-],Cc1cc2nc3-c([nH]c2cc1N)cc(=[N+](C)C)cc3,calixarene,4.4253997802734375,O=S(=O)([O-])c1cc2c(O)c(c1)Cc1cc(S(=O)(=O)[O-])cc(c1O)Cc1cc(S(=O)(=O)[O-])cc(c1O)Cc1cc(S(=O)(=O)[O-])cc(c1O)Cc1cc(S(=O)(=O)[O-])cc(c1O)Cc1cc(S(=O)(=O)[O-])cc(c1O)C2,175E9D01D3A7DD7BE73E9B8659E8BAA0A16B2D5C4CCEFE3BEFED10121429BF10,HOST_CAN_0164,PASS,Cc1cc2nc3ccc(=[N+](C)C)cc-3[nH]c2cc1N,C5DF1E7584A7298C9907FD74E586B8A2459B4C1C8328AB00C60A72DAE728E305,GUEST_CAN_0651,PASS,AttentiveFP,3,family_cold,calixarene,4.654486656188965
487,1,369,C1C2=CC(=CC(=C2O)CC3=CC(=CC(=C3O)CC4=C(C(=CC(=C4)S(=O)(=O)O)CC5=C(C1=CC(=C5)S(=O)(=O)O)O)O)S(=O)(=O)O)S(=O)(=O)O,C1CC2CCC(C1)N=N2,calixarene,2.934499979019165,O=S(=O)(O)c1cc2c(O)c(c1)Cc1cc(S(=O)(=O)O)cc(c1O)Cc1cc(S(=O)(=O)O)cc(c1O)Cc1cc(S(=O)(=O)O)cc(c1O)C2,C1130CCDC8DA0C6458EF6C2E07E7F3330D8F8B055CBE4DEAADB70DC00C8CDFC1,HOST_CAN_0154,PASS,C1CC2CCC(C1)N=N2,3CB1DE4B60C8143576E12CED092F576F3C060BF327141DD7E64000E135972BED,GUEST_CAN_0021,PASS,AttentiveFP,3,family_cold,calixarene,3.181689977645874
488,1,370,C1C2=CC(=CC(=C2O)CC3=CC(=CC(=C3O)CC4=C(C(=CC(=C4)S(=O)(=O)O)CC5=C(C1=CC(=C5)S(=O)(=O)O)O)O)S(=O)(=O)O)S(=O)(=O)O,C[NH3+].[Cl-],calixarene,2.725600004196167,O=S(=O)(O)c1cc2c(O)c(c1)Cc1cc(S(=O)(=O)O)cc(c1O)Cc1cc(S(=O)(=O)O)cc(c1O)Cc1cc(S(=O)(=O)O)cc(c1O)C2,C1130CCDC8DA0C6458EF6C2E07E7F3330D8F8B055CBE4DEAADB70DC00C8CDFC1,HOST_CAN_0154,PASS,C[NH3+].[Cl-],A2C62504C739A146AF67BA17040EB085FABB9996F038951E4F75C0A99986EC03,GUEST_CAN_0612,PASS,AttentiveFP,3,family_cold,calixarene,2.952609062194824
494,30,250,C1C2=CC(=CC(=C2O)CC3=CC(=CC(=C3O)CC4=CC(=CC(=C4O)CC5=C(C(=CC(=C5)S(=O)(=O)[O-])CC6=C(C(=CC(=C6)S(=O)(=O)[O-])CC7=C(C1=CC(=C7)S(=O)(=O)[O-])O)O)O)S(=O)(=O)[O-])S(=O)(=O)[O-])S(=O)(=O)[O-],C1=CC(=CC=C1C2=CC3=C(N2)C=C(C=C3)C(=[NH2+])N)C(=[NH2+])N,calixarene,5.949399948120117,O=S(=O)([O-])c1cc2c(O)c(c1)Cc1cc(S(=O)(=O)[O-])cc(c1O)Cc1cc(S(=O)(=O)[O-])cc(c1O)Cc1cc(S(=O)(=O)[O-])cc(c1O)Cc1cc(S(=O)(=O)[O-])cc(c1O)Cc1cc(S(=O)(=O)[O-])cc(c1O)C2,175E9D01D3A7DD7BE73E9B8659E8BAA0A16B2D5C4CCEFE3BEFED10121429BF10,HOST_CAN_0164,PASS,NC(=[NH2+])c1ccc(-c2cc3ccc(C(N)=[NH2+])cc3[nH]2)cc1,CEEB6EEFB04D0B8CA13A0AE7419DA74A65BBB334871B9622AAFDF76333649B11,GUEST_CAN_0727,PASS,AttentiveFP,3,family_cold,calixarene,5.112362861633301
495,105,374,[O-]S(=O)(=O)c1cc2Cc3cc(cc4c3OCCOCCOc3c(C4)cc(cc3Cc3c4c(Cc(c1)c2OCCOCCO4)cc(c3)S(=O)(=O)[O-])S(=O)(=O)[O-])S(=O)(=O)[O-],OCC(C(=O)NC(C(=O)N1CCCC1C(=O)NC(C(=O)N)Cc1ccc(cc1)O)C)NC(=O)C(NC(=O)C(NC(=O)C(NC(=O)C(NC(=O)C)C)C)CCCNC(=N)N)CCCC[N+](C)(C)C,calixarene,4.07919979095459,O=S(=O)([O-])c1cc2c3c(c1)Cc1cc(S(=O)(=O)[O-])cc4c1OCCOCCOc1c(cc(S(=O)(=O)[O-])cc1Cc1cc(S(=O)(=O)[O-])cc(c1OCCOCCO3)C2)C4,9D2DCBDA348CCD08F13D2B73B3A83B8B4FDE5CFA9578AAF42821690A43C13F98,HOST_CAN_0169,PASS,CC(=O)NC(C)C(=O)NC(C)C(=O)NC(CCCNC(=N)N)C(=O)NC(CCCC[N+](C)(C)C)C(=O)NC(CO)C(=O)NC(C)C(=O)N1CCCC1C(=O)NC(Cc1ccc(O)cc1)C(N)=O,934A862FD875337749D4F733791F261D712391A6D4CB302C520246E780F7D911,GUEST_CAN_0067,PASS,AttentiveFP,3,family_cold,calixarene,3.708889961242676
497,106,376,CCCOC1=C2CC3=CC(P(OC)(O[Li])=O)=CC(CC4=C(OCCC)C(CC5=C(OCCC)C(CC1=CC(P(OC)(O[Li])=O)=C2)=CC(P(OC)(O[Li])=O)=C5)=CC(P(OC)(O[Li])=O)=C4)=C3OCCC,C(CO)N.Cl,calixarene,1.0,[Li][O]P(=O)(OC)c1cc2c(OCCC)c(c1)Cc1cc(P(=O)([O][Li])OC)cc(c1OCCC)Cc1cc(P(=O)([O][Li])OC)cc(c1OCCC)Cc1cc(P(=O)([O][Li])OC)cc(c1OCCC)C2,7E35E77A746111D0F7C2AD48B4236AD5F23EBD686B02C0BEF4D3F0D97CE016F4,HOST_CAN_0180,PASS,Cl.NCCO,B8BFC7F3AB287F02D64B1AF5D74B52A154A02E551CB075B8B8621A2F056ECCD2,GUEST_CAN_0689,PASS,AttentiveFP,3,family_cold,calixarene,1.5082411766052246
501,107,380,OC1=C(CC2=C(C(CC3=C(O)C(C4)=CC(N=NC5=CC=C(C(O)=O)C=C5)=C3)=CC(N=NC6=CC=C(C(O)=O)C=C6)=C2)O)C=C(N=NC7=CC=C(C(O)=O)C=C7)C=C1CC8=C(O)C4=CC(N=NC9=CC=C(C(O)=O)C=C9)=C8,COC(=O)C1=CC=CC=C1C2=C3C=CC(=N)C=C3OC4=C2C=CC(=C4)N.Cl,calixarene,7.146100044250488,O=C(O)c1ccc(N=Nc2cc3c(O)c(c2)Cc2cc(N=Nc4ccc(C(=O)O)cc4)cc(c2O)Cc2cc(N=Nc4ccc(C(=O)O)cc4)cc(c2O)Cc2cc(N=Nc4ccc(C(=O)O)cc4)cc(c2O)C3)cc1,5A6AA76AB59CCD1FAB474526DD8000E6FCE420722542BE5E9687FA5C9EE01379,HOST_CAN_0135,PASS,COC(=O)c1ccccc1-c1c2ccc(=N)cc-2oc2cc(N)ccc12.Cl,5E7CB4F855C7DF07A7FE5C5A6B1FEDBF120212FEF7EB6F9F895F19484B6B423C,GUEST_CAN_0451,PASS,AttentiveFP,3,family_cold,calixarene,5.189105987548828
503,16,72,NCCOc1c2Cc3cc(cc(c3O)Cc3cc(cc(Cc4c(c(Cc1cc(c2)S(=O)(=O)O)cc(c4)S(=O)(=O)O)O)c3O)S(=O)(=O)O)S(=O)(=O)O,NC(C(=O)O)Cc1c[nH]cn1,calixarene,2.3138999938964844,NCCOc1c2cc(S(=O)(=O)O)cc1Cc1cc(S(=O)(=O)O)cc(c1O)Cc1cc(S(=O)(=O)O)cc(c1O)Cc1cc(S(=O)(=O)O)cc(c1O)C2,7D8C32DEDAD770C68375EE2FF28F9CCD81B4D3DB3816F51D3CC994E73708AEBC,HOST_CAN_0109,PASS,NC(Cc1c[nH]cn1)C(=O)O,FB673C9EDBC2F6C509C14A12DA10308CC8AD4E94C32BC5F3BAD448FBAA74F381,GUEST_CAN_0741,PASS,AttentiveFP,3,family_cold,calixarene,1.848862648010254
505,42,15,OC1=C(CC2=CC(S(=O)([O-])=O)=CC(CC(C=C3S(=O)([O-])=O)=C4OCC(N)=O)=C2O)C=C(S(=O)([O-])=O)C=C1CC5=CC(S(=O)([O-])=O)=CC(CC4=C3)=C5O,[O-]C(=O)CC(C(=O)O)N,calixarene,3.3522000312805176,NC(=O)COc1c2cc(S(=O)(=O)[O-])cc1Cc1cc(S(=O)(=O)[O-])cc(c1O)Cc1cc(S(=O)(=O)[O-])cc(c1O)Cc1cc(S(=O)(=O)[O-])cc(c1O)C2,1F2BEDA02D00DC2C1A2D3A5BD5460849E045F21D3B673D4626094BA71BDA0464,HOST_CAN_0104,PASS,NC(CC(=O)[O-])C(=O)O,BB5F75F5A9C5B3B73A0A3B7339C8AC7150359761D5C24F8C1D742AB3AA3BCA26,GUEST_CAN_0731,PASS,AttentiveFP,3,family_cold,calixarene,1.399348258972168
507,46,384,C1C2=CC(=CC(=C2O)CC3=CC(=CC(=C3O)CC4=C(C(=CC(=C4)S(=O)(=O)O)CC5=C(C1=CC(=C5)S(=O)(=O)[O-])O)O)S(=O)(=O)O)S(=O)(=O)O.[Na+],CC1=CC=NC=C1,calixarene,3.1821999549865723,O=S(=O)([O-])c1cc2c(O)c(c1)Cc1cc(S(=O)(=O)O)cc(c1O)Cc1cc(S(=O)(=O)O)cc(c1O)Cc1cc(S(=O)(=O)O)cc(c1O)C2.[Na+],CA94CECC10EDB9167B38E05C5D125873C9C1506ED227A3D9C6CBBCD696828A96,HOST_CAN_0163,PASS,Cc1ccncc1,793286ADE81890C85B833167A2C805C672C3C04BEE8A17A89412FEBE14BF75D9,GUEST_CAN_0675,PASS,AttentiveFP,3,family_cold,calixarene,2.092822790145874
509,1,66,C1C2=CC(=CC(=C2O)CC3=CC(=CC(=C3O)CC4=C(C(=CC(=C4)S(=O)(=O)O)CC5=C(C1=CC(=C5)S(=O)(=O)O)O)O)S(=O)(=O)O)S(=O)(=O)O,CCN(CC)C1=CC2=C(C=C1)C(=C3C=CC(=[N+](CC)CC)C=C3O2)C4=CC=CC=C4C(=O)O.[Cl-],calixarene,3.0218000411987305,O=S(=O)(O)c1cc2c(O)c(c1)Cc1cc(S(=O)(=O)O)cc(c1O)Cc1cc(S(=O)(=O)O)cc(c1O)Cc1cc(S(=O)(=O)O)cc(c1O)C2,C1130CCDC8DA0C6458EF6C2E07E7F3330D8F8B055CBE4DEAADB70DC00C8CDFC1,HOST_CAN_0154,PASS,CCN(CC)c1ccc2c(-c3ccccc3C(=O)O)c3ccc(=[N+](CC)CC)cc-3oc2c1.[Cl-],E6B7F92F3A311CD3784FBF712B743266F1C434D81B8F11E34C9F34FDCF2DC073,GUEST_CAN_0347,PASS,AttentiveFP,3,family_cold,calixarene,5.19093132019043
515,1,256,C1C2=CC(=CC(=C2O)CC3=CC(=CC(=C3O)CC4=C(C(=CC(=C4)S(=O)(=O)O)CC5=C(C1=CC(=C5)S(=O)(=O)O)O)O)S(=O)(=O)O)S(=O)(=O)O,CCCCO,calixarene,1.5800000429153442,O=S(=O)(O)c1cc2c(O)c(c1)Cc1cc(S(=O)(=O)O)cc(c1O)Cc1cc(S(=O)(=O)O)cc(c1O)Cc1cc(S(=O)(=O)O)cc(c1O)C2,C1130CCDC8DA0C6458EF6C2E07E7F3330D8F8B055CBE4DEAADB70DC00C8CDFC1,HOST_CAN_0154,PASS,CCCCO,581B7EFD3DCD0E0841EE9123D5670DDC43EF0E9A885955F904BAAFC5653A3E40,GUEST_CAN_0312,PASS,AttentiveFP,3,family_cold,calixarene,1.5962073802947998
516,99,57,N#CCOc1c2Cc3cc(cc(c3O)Cc3cc(cc(c3O)Cc3cc(cc(c3O)Cc3cc(cc(Cc4c(c(Cc5c(c(Cc6c(c(Cc1cc(c2)S(=O)(=O)O)cc(c6)S(=O)(=O)O)O)cc(c5)S(=O)(=O)O)O)cc(c4)S(=O)(=O)O)O)c3O)S(=O)(=O)O)S(=O)(=O)O)S(=O)(=O)O)S(=O)(=O)O,OC(=O)C1CCCN1,calixarene,1.4771000146865845,N#CCOc1c2cc(S(=O)(=O)O)cc1Cc1cc(S(=O)(=O)O)cc(c1O)Cc1cc(S(=O)(=O)O)cc(c1O)Cc1cc(S(=O)(=O)O)cc(c1O)Cc1cc(S(=O)(=O)O)cc(c1O)Cc1cc(S(=O)(=O)O)cc(c1O)Cc1cc(S(=O)(=O)O)cc(c1O)Cc1cc(S(=O)(=O)O)cc(c1O)C2,9C5AE9DC33FB7183D6DE570E4F40C5ED225E59EFD3C7E5485333524BCCF933C0,HOST_CAN_0103,PASS,O=C(O)C1CCCN1,089AB51F23001BB951B8422598AD8ED1DBAD90EB1049857FB2A03F150DA120BA,GUEST_CAN_0869,PASS,AttentiveFP,3,family_cold,calixarene,2.8965907096862793
517,55,215,OC1=C(CC2=CC(S(=O)([O-])=O)=CC(CC3=C(O)C4=CC(S(=O)([O-])=O)=C3)=C2O)C=C(S(=O)([O-])=O)C=C1CC5=C(O)C(CC6=CC(S(=O)([O-])=O)=CC(CC7=CC(S(=O)([O-])=O)=CC(CC8=C(O)C(CC9=CC(S(=O)([O-])=O)=CC(C4)=C9O)=CC(S(=O)([O-])=O)=C8)=C7OCCN)=C6O)=CC(S(=O)([O-])=O)=C5,CC(C(=O)O)N,calixarene,1.7482000589370728,NCCOc1c2cc(S(=O)(=O)[O-])cc1Cc1cc(S(=O)(=O)[O-])cc(c1O)Cc1cc(S(=O)(=O)[O-])cc(c1O)Cc1cc(S(=O)(=O)[O-])cc(c1O)Cc1cc(S(=O)(=O)[O-])cc(c1O)Cc1cc(S(=O)(=O)[O-])cc(c1O)Cc1cc(S(=O)(=O)[O-])cc(c1O)Cc1cc(S(=O)(=O)[O-])cc(c1O)C2,46CD7FE84C8D6C4EF795EC2A85AC98203C8613778274664FF650C7423640E7D1,HOST_CAN_0112,PASS,CC(N)C(=O)O,6AC3AD1747D8E4C9B36EA5FBFB37965B87CCE816D9D72141F9005590B6D6FC3C,GUEST_CAN_0180,PASS,AttentiveFP,3,family_cold,calixarene,2.378899574279785
518,32,389,OC(=O)c1ccc(cc1)N=Nc1cc2Cc3cc(N=Nc4ccc(cc4)C(=O)O)cc(c3O)Cc3cc(cc(Cc4c(c(Cc(c1)c2O)cc(N=Nc1ccc(cc1)C(=O)O)c4)O)c3O)/N=N/c1ccc(cc1)C(=O)O,CC1C(C(CC(O1)OC2CC(CC3=C2C(=C4C(=C3O)C(=O)C5=C(C4=O)C(=CC=C5)OC)O)(C(=O)CO)O)N)O,calixarene,8.204099655151367,O=C(O)c1ccc(N=Nc2cc3c(O)c(c2)Cc2cc(N=Nc4ccc(C(=O)O)cc4)cc(c2O)Cc2cc(/N=N/c4ccc(C(=O)O)cc4)cc(c2O)Cc2cc(N=Nc4ccc(C(=O)O)cc4)cc(c2O)C3)cc1,5B585DBFF951CBB98E465DBECF308ACBE2EAF8773CE9C58156BE700CBB287248,HOST_CAN_0134,PASS,COc1cccc2c1C(=O)c1c(O)c3c(c(O)c1C2=O)CC(O)(C(=O)CO)CC3OC1CC(N)C(O)C(C)O1,5E691EE01CBEED4195F6DBAC1948C0336399630FC27CE9AA76E2113537710ABA,GUEST_CAN_0506,PASS,AttentiveFP,3,family_cold,calixarene,4.818624973297119
522,46,391,C1C2=CC(=CC(=C2O)CC3=CC(=CC(=C3O)CC4=C(C(=CC(=C4)S(=O)(=O)O)CC5=C(C1=CC(=C5)S(=O)(=O)[O-])O)O)S(=O)(=O)O)S(=O)(=O)O.[Na+],C1=CN=CC=C1C=O,calixarene,1.8632999658584595,O=S(=O)([O-])c1cc2c(O)c(c1)Cc1cc(S(=O)(=O)O)cc(c1O)Cc1cc(S(=O)(=O)O)cc(c1O)Cc1cc(S(=O)(=O)O)cc(c1O)C2.[Na+],CA94CECC10EDB9167B38E05C5D125873C9C1506ED227A3D9C6CBBCD696828A96,HOST_CAN_0163,PASS,O=Cc1ccncc1,300F72978E119D6191EFFB58ABDF916646C3C9D5C1EF15B1F698CD7D7B61E692,GUEST_CAN_0930,PASS,AttentiveFP,3,family_cold,calixarene,1.9754760265350342
525,1,392,C1C2=CC(=CC(=C2O)CC3=CC(=CC(=C3O)CC4=C(C(=CC(=C4)S(=O)(=O)O)CC5=C(C1=CC(=C5)S(=O)(=O)O)O)O)S(=O)(=O)O)S(=O)(=O)O,C(CCO)CO,calixarene,1.2798999547958374,O=S(=O)(O)c1cc2c(O)c(c1)Cc1cc(S(=O)(=O)O)cc(c1O)Cc1cc(S(=O)(=O)O)cc(c1O)Cc1cc(S(=O)(=O)O)cc(c1O)C2,C1130CCDC8DA0C6458EF6C2E07E7F3330D8F8B055CBE4DEAADB70DC00C8CDFC1,HOST_CAN_0154,PASS,OCCCCO,ED163EE7BA76B1E7104AA03DF4E17A7C5D4AD5461513A3BFCEE8D3F9111FDE5C,GUEST_CAN_0976,PASS,AttentiveFP,3,family_cold,calixarene,1.2440581321716309
530,55,72,OC1=C(CC2=CC(S(=O)([O-])=O)=CC(CC3=C(O)C4=CC(S(=O)([O-])=O)=C3)=C2O)C=C(S(=O)([O-])=O)C=C1CC5=C(O)C(CC6=CC(S(=O)([O-])=O)=CC(CC7=CC(S(=O)([O-])=O)=CC(CC8=C(O)C(CC9=CC(S(=O)([O-])=O)=CC(C4)=C9O)=CC(S(=O)([O-])=O)=C8)=C7OCCN)=C6O)=CC(S(=O)([O-])=O)=C5,NC(C(=O)O)Cc1c[nH]cn1,calixarene,2.869800090789795,NCCOc1c2cc(S(=O)(=O)[O-])cc1Cc1cc(S(=O)(=O)[O-])cc(c1O)Cc1cc(S(=O)(=O)[O-])cc(c1O)Cc1cc(S(=O)(=O)[O-])cc(c1O)Cc1cc(S(=O)(=O)[O-])cc(c1O)Cc1cc(S(=O)(=O)[O-])cc(c1O)Cc1cc(S(=O)(=O)[O-])cc(c1O)Cc1cc(S(=O)(=O)[O-])cc(c1O)C2,46CD7FE84C8D6C4EF795EC2A85AC98203C8613778274664FF650C7423640E7D1,HOST_CAN_0112,PASS,NC(Cc1c[nH]cn1)C(=O)O,FB673C9EDBC2F6C509C14A12DA10308CC8AD4E94C32BC5F3BAD448FBAA74F381,GUEST_CAN_0741,PASS,AttentiveFP,3,family_cold,calixarene,3.0710880756378174
535,1,215,C1C2=CC(=CC(=C2O)CC3=CC(=CC(=C3O)CC4=C(C(=CC(=C4)S(=O)(=O)O)CC5=C(C1=CC(=C5)S(=O)(=O)O)O)O)S(=O)(=O)O)S(=O)(=O)O,CC(C(=O)O)N,calixarene,3.2200000286102295,O=S(=O)(O)c1cc2c(O)c(c1)Cc1cc(S(=O)(=O)O)cc(c1O)Cc1cc(S(=O)(=O)O)cc(c1O)Cc1cc(S(=O)(=O)O)cc(c1O)C2,C1130CCDC8DA0C6458EF6C2E07E7F3330D8F8B055CBE4DEAADB70DC00C8CDFC1,HOST_CAN_0154,PASS,CC(N)C(=O)O,6AC3AD1747D8E4C9B36EA5FBFB37965B87CCE816D9D72141F9005590B6D6FC3C,GUEST_CAN_0180,PASS,AttentiveFP,3,family_cold,calixarene,1.269688606262207
536,1,399,C1C2=CC(=CC(=C2O)CC3=CC(=CC(=C3O)CC4=C(C(=CC(=C4)S(=O)(=O)O)CC5=C(C1=CC(=C5)S(=O)(=O)O)O)O)S(=O)(=O)O)S(=O)(=O)O,[NH3+]CCCCC(C(=O)N1CCCC1C(=O)NC(=O)C(NC(C(=O)N)Cc1ccc(cc1)O)Cc1nc[nH]c1)NC(=O)C(NC(=O)C(C(C)C)NC(=O)CNC(=O)C[NH3+])CCCC[NH3+],calixarene,3.892699956893921,O=S(=O)(O)c1cc2c(O)c(c1)Cc1cc(S(=O)(=O)O)cc(c1O)Cc1cc(S(=O)(=O)O)cc(c1O)Cc1cc(S(=O)(=O)O)cc(c1O)C2,C1130CCDC8DA0C6458EF6C2E07E7F3330D8F8B055CBE4DEAADB70DC00C8CDFC1,HOST_CAN_0154,PASS,CC(C)C(NC(=O)CNC(=O)C[NH3+])C(=O)NC(CCCC[NH3+])C(=O)NC(CCCC[NH3+])C(=O)N1CCCC1C(=O)NC(=O)C(Cc1c[nH]cn1)NC(Cc1ccc(O)cc1)C(N)=O,CCEFD6165DD6EFDF0063A940F568910B8D66EB240EEC701684312E4C4EF77276,GUEST_CAN_0130,PASS,AttentiveFP,3,family_cold,calixarene,4.754565238952637
537,73,400,C1C2=CC(=CC(=C2O)CC3=CC(=CC(=C3O)CC4=CC(=CC(=C4O)CC5=C(C(=CC(=C5)S(=O)(=O)O)CC6=C(C1=CC(=C6)S(=O)(=O)O)O)O)S(=O)(=O)O)S(=O)(=O)O)S(=O)(=O)O,CC1=NC(=CC=C1)C,calixarene,3.228600025177002,O=S(=O)(O)c1cc2c(O)c(c1)Cc1cc(S(=O)(=O)O)cc(c1O)Cc1cc(S(=O)(=O)O)cc(c1O)Cc1cc(S(=O)(=O)O)cc(c1O)Cc1cc(S(=O)(=O)O)cc(c1O)C2,CE64A1CA71928E5DE79CF9633E11D44D0BC2C175AB3D980BF8052807605CA8CC,HOST_CAN_0155,PASS,Cc1cccc(C)n1,DBFA28727E7253C6FF16A196350004E0257EBA3F3F69D11C8D90ABE7F3D7FD4B,GUEST_CAN_0665,PASS,AttentiveFP,3,family_cold,calixarene,2.3316917419433594
538,1,401,C1C2=CC(=CC(=C2O)CC3=CC(=CC(=C3O)CC4=C(C(=CC(=C4)S(=O)(=O)O)CC5=C(C1=CC(=C5)S(=O)(=O)O)O)O)S(=O)(=O)O)S(=O)(=O)O,[Mg+2].[Cl-].[Cl-],calixarene,3.4398999214172363,O=S(=O)(O)c1cc2c(O)c(c1)Cc1cc(S(=O)(=O)O)cc(c1O)Cc1cc(S(=O)(=O)O)cc(c1O)Cc1cc(S(=O)(=O)O)cc(c1O)C2,C1130CCDC8DA0C6458EF6C2E07E7F3330D8F8B055CBE4DEAADB70DC00C8CDFC1,HOST_CAN_0154,PASS,[Cl-].[Cl-].[Mg+2],B087D688B9146A717BF8B7C99307F8366B8209D8F51C624197BC0C66B921DAF9,GUEST_CAN_1028,PASS,AttentiveFP,3,family_cold,calixarene,2.8103325366973877
543,111,96,O=C(N(C)C)COC1=C(CC(C=C2S(=O)([O-])=O)=C3OCC(N(C)C)=O)C=C(S(=O)([O-])=O)C=C1CC4=C(OCC(N(C)C)=O)C(CC5=CC(S(=O)([O-])=O)=CC(CC3=C2)=C5OCC(N(C)C)=O)=CC(S(=O)([O-])=O)=C4,C[N+](C)(C)C1=CC=CC=C1,calixarene,3.299999952316284,CN(C)C(=O)COc1c2cc(S(=O)(=O)[O-])cc1Cc1cc(S(=O)(=O)[O-])cc(c1OCC(=O)N(C)C)Cc1cc(S(=O)(=O)[O-])cc(c1OCC(=O)N(C)C)Cc1cc(S(=O)(=O)[O-])cc(c1OCC(=O)N(C)C)C2,EBFB7187E80F60EC1E9F724BF308534B41B4C33313C0B0BC1E59E4B1EEA6DE11,HOST_CAN_0049,PASS,C[N+](C)(C)c1ccccc1,BE2E413C8306C73C28B2EF0E9ABBED86E0E5AEBC3F7D99A31A8C230156F8C865,GUEST_CAN_0585,PASS,AttentiveFP,3,family_cold,calixarene,2.789562702178955
558,46,66,C1C2=CC(=CC(=C2O)CC3=CC(=CC(=C3O)CC4=C(C(=CC(=C4)S(=O)(=O)O)CC5=C(C1=CC(=C5)S(=O)(=O)[O-])O)O)S(=O)(=O)O)S(=O)(=O)O.[Na+],CCN(CC)C1=CC2=C(C=C1)C(=C3C=CC(=[N+](CC)CC)C=C3O2)C4=CC=CC=C4C(=O)O.[Cl-],calixarene,2.7544000148773193,O=S(=O)([O-])c1cc2c(O)c(c1)Cc1cc(S(=O)(=O)O)cc(c1O)Cc1cc(S(=O)(=O)O)cc(c1O)Cc1cc(S(=O)(=O)O)cc(c1O)C2.[Na+],CA94CECC10EDB9167B38E05C5D125873C9C1506ED227A3D9C6CBBCD696828A96,HOST_CAN_0163,PASS,CCN(CC)c1ccc2c(-c3ccccc3C(=O)O)c3ccc(=[N+](CC)CC)cc-3oc2c1.[Cl-],E6B7F92F3A311CD3784FBF712B743266F1C434D81B8F11E34C9F34FDCF2DC073,GUEST_CAN_0347,PASS,AttentiveFP,3,family_cold,calixarene,5.059272766113281
568,1,205,C1C2=CC(=CC(=C2O)CC3=CC(=CC(=C3O)CC4=C(C(=CC(=C4)S(=O)(=O)O)CC5=C(C1=CC(=C5)S(=O)(=O)O)O)O)S(=O)(=O)O)S(=O)(=O)O,CN(C)C1=CC2=C(C=C1)N=C3C=CC(=[N+](C)C)C=C3S2.[Cl-],calixarene,5.149199962615967,O=S(=O)(O)c1cc2c(O)c(c1)Cc1cc(S(=O)(=O)O)cc(c1O)Cc1cc(S(=O)(=O)O)cc(c1O)Cc1cc(S(=O)(=O)O)cc(c1O)C2,C1130CCDC8DA0C6458EF6C2E07E7F3330D8F8B055CBE4DEAADB70DC00C8CDFC1,HOST_CAN_0154,PASS,CN(C)c1ccc2nc3ccc(=[N+](C)C)cc-3sc2c1.[Cl-],3DE370A1BA5793291E648A02AB38D5B7C28AB576253437EAD27954C74B3FA491,GUEST_CAN_0412,PASS,AttentiveFP,3,family_cold,calixarene,5.7473578453063965
574,73,421,C1C2=CC(=CC(=C2O)CC3=CC(=CC(=C3O)CC4=CC(=CC(=C4O)CC5=C(C(=CC(=C5)S(=O)(=O)O)CC6=C(C1=CC(=C6)S(=O)(=O)O)O)O)S(=O)(=O)O)S(=O)(=O)O)S(=O)(=O)O,CC1=NC=CC=C1,calixarene,2.6933999061584473,O=S(=O)(O)c1cc2c(O)c(c1)Cc1cc(S(=O)(=O)O)cc(c1O)Cc1cc(S(=O)(=O)O)cc(c1O)Cc1cc(S(=O)(=O)O)cc(c1O)Cc1cc(S(=O)(=O)O)cc(c1O)C2,CE64A1CA71928E5DE79CF9633E11D44D0BC2C175AB3D980BF8052807605CA8CC,HOST_CAN_0155,PASS,Cc1ccccn1,48762AE38224AF77C9E42C847671933DD428BE1D725365799528E72E8FF4C50E,GUEST_CAN_0670,PASS,AttentiveFP,3,family_cold,calixarene,2.0804858207702637
579,79,425,OC(=O)COc1c2cccc1Cc1cccc(c1OCC(=O)O)Cc1c(c(Cc3c(c(C2)ccc3)OCC(=O)O)ccc1)OCC(=O)O,C[N+](C)(C)C.[Cl-],calixarene,2.25,O=C(O)COc1c2cccc1Cc1cccc(c1OCC(=O)O)Cc1cccc(c1OCC(=O)O)Cc1cccc(c1OCC(=O)O)C2,31282512BE72F48E4C936E57F962376202BAF175B8430F712603BAF04D68B020,HOST_CAN_0131,PASS,C[N+](C)(C)C.[Cl-],97CBE1F038662B7BAAFAA36975C0625535DAE38A6F8B98279CB23B458DDA3056,GUEST_CAN_0555,PASS,AttentiveFP,3,family_cold,calixarene,2.6576380729675293
582,45,286,C1C2=CC(=CC=C2)CC3=CC(=CC=C3)CC4=CC=CC(=C4)CC5=CC=CC1=C5,C[N+](C)(C)CCO,calixarene,4.479499816894531,c1cc2cc(c1)Cc1cccc(c1)Cc1cccc(c1)Cc1cccc(c1)C2,001BA14F081450375618B4DEC192A3633931B27A166EE11658CCCBFAB45E327F,HOST_CAN_0183,PASS,C[N+](C)(C)CCO,EE2F222C864A3340CB6DC5C1A21FDDCC9B162B0220641118D30F914132FC0AFF,GUEST_CAN_0568,PASS,AttentiveFP,3,family_cold,calixarene,3.1738035678863525
583,99,108,N#CCOc1c2Cc3cc(cc(c3O)Cc3cc(cc(c3O)Cc3cc(cc(c3O)Cc3cc(cc(Cc4c(c(Cc5c(c(Cc6c(c(Cc1cc(c2)S(=O)(=O)O)cc(c6)S(=O)(=O)O)O)cc(c5)S(=O)(=O)O)O)cc(c4)S(=O)(=O)O)O)c3O)S(=O)(=O)O)S(=O)(=O)O)S(=O)(=O)O)S(=O)(=O)O,OC(=O)C(CCCNC(=[NH2+])N)N,calixarene,2.6284000873565674,N#CCOc1c2cc(S(=O)(=O)O)cc1Cc1cc(S(=O)(=O)O)cc(c1O)Cc1cc(S(=O)(=O)O)cc(c1O)Cc1cc(S(=O)(=O)O)cc(c1O)Cc1cc(S(=O)(=O)O)cc(c1O)Cc1cc(S(=O)(=O)O)cc(c1O)Cc1cc(S(=O)(=O)O)cc(c1O)Cc1cc(S(=O)(=O)O)cc(c1O)C2,9C5AE9DC33FB7183D6DE570E4F40C5ED225E59EFD3C7E5485333524BCCF933C0,HOST_CAN_0103,PASS,NC(=[NH2+])NCCCC(N)C(=O)O,3A95B838A3F3E4B9211C1F9CE461FB93EA851D8F0AA68498288217A21AD77FAC,GUEST_CAN_0726,PASS,AttentiveFP,3,family_cold,calixarene,3.6527748107910156
596,63,108,Oc1c2Cc3cc(cc(c3O)Cc3cc(cc(c3O)Cc3cc(cc(c3O)Cc3cc(cc(Cc4c(c(Cc5c(c(Cc6c(c(Cc1cc(c2)S(=O)(=O)[O-])cc(c6)S(=O)(=O)[O-])O)cc(c5)S(=O)(=O)[O-])O)cc(c4)S(=O)(=O)[O-])O)c3O)S(=O)(=O)[O-])S(=O)(=O)[O-])S(=O)(=O)[O-])S(=O)(=O)[O-],OC(=O)C(CCCNC(=[NH2+])N)N,calixarene,4.004300117492676,O=S(=O)([O-])c1cc2c(O)c(c1)Cc1cc(S(=O)(=O)[O-])cc(c1O)Cc1cc(S(=O)(=O)[O-])cc(c1O)Cc1cc(S(=O)(=O)[O-])cc(c1O)Cc1cc(S(=O)(=O)[O-])cc(c1O)Cc1cc(S(=O)(=O)[O-])cc(c1O)Cc1cc(S(=O)(=O)[O-])cc(c1O)Cc1cc(S(=O)(=O)[O-])cc(c1O)C2,3C24C9B25872FE0768A640DF44D242D9AEC5F3FA9C167A457997BAE8D628FFF1,HOST_CAN_0166,PASS,NC(=[NH2+])NCCCC(N)C(=O)O,3A95B838A3F3E4B9211C1F9CE461FB93EA851D8F0AA68498288217A21AD77FAC,GUEST_CAN_0726,PASS,AttentiveFP,3,family_cold,calixarene,3.475785255432129
597,21,275,Brc1ccc(cc1)S(=O)(=O)Nc1cc2Cc3cc(cc(c3O)Cc3cc(cc(Cc4c(c(Cc(c1)c2O)cc(c4)S(=O)(=O)O)O)c3O)S(=O)(=O)O)S(=O)(=O)O,NCCCCC(C(=O)NC(C(=O)NC(C(=O)NCC(=O)NC(C(=O)N)Cc1ccc(cc1)O)C(O)C)CO)NC(=O)C(NC(C(=O)NC(=O)C(C(O)C)NC(=O)C(NC(=O)C(NC(=O)C(C(O)C)NC(=O)C(NC(=O)C(N)C)CCCNC(=N)N)CCCC[N+](C)(C)C)CCC(=O)N)C)CCCNC(=N)N,calixarene,5.113900184631348,O=S(=O)(O)c1cc2c(O)c(c1)Cc1cc(S(=O)(=O)O)cc(c1O)Cc1cc(S(=O)(=O)O)cc(c1O)Cc1cc(NS(=O)(=O)c3ccc(Br)cc3)cc(c1O)C2,9740E1ADA78264243C242FDF917430805970CF99DF4E8ED560501F29D97FEA8B,HOST_CAN_0153,PASS,CC(N)C(=O)NC(CCCNC(=N)N)C(=O)NC(C(=O)NC(CCCC[N+](C)(C)C)C(=O)NC(CCC(N)=O)C(=O)NC(C(=O)NC(=O)C(C)NC(CCCNC(=N)N)C(=O)NC(CCCCN)C(=O)NC(CO)C(=O)NC(C(=O)NCC(=O)NC(Cc1ccc(O)cc1)C(N)=O)C(C)O)C(C)O)C(C)O,25FDB195356441D0C34087BE8843E3CE8B61830D9520FAA57B9456D076F4D6B7,GUEST_CAN_0178,PASS,AttentiveFP,3,family_cold,calixarene,4.733466625213623
601,63,337,Oc1c2Cc3cc(cc(c3O)Cc3cc(cc(c3O)Cc3cc(cc(c3O)Cc3cc(cc(Cc4c(c(Cc5c(c(Cc6c(c(Cc1cc(c2)S(=O)(=O)[O-])cc(c6)S(=O)(=O)[O-])O)cc(c5)S(=O)(=O)[O-])O)cc(c4)S(=O)(=O)[O-])O)c3O)S(=O)(=O)[O-])S(=O)(=O)[O-])S(=O)(=O)[O-])S(=O)(=O)[O-],OCC(C(=O)O)N,calixarene,2.5051000118255615,O=S(=O)([O-])c1cc2c(O)c(c1)Cc1cc(S(=O)(=O)[O-])cc(c1O)Cc1cc(S(=O)(=O)[O-])cc(c1O)Cc1cc(S(=O)(=O)[O-])cc(c1O)Cc1cc(S(=O)(=O)[O-])cc(c1O)Cc1cc(S(=O)(=O)[O-])cc(c1O)Cc1cc(S(=O)(=O)[O-])cc(c1O)Cc1cc(S(=O)(=O)[O-])cc(c1O)C2,3C24C9B25872FE0768A640DF44D242D9AEC5F3FA9C167A457997BAE8D628FFF1,HOST_CAN_0166,PASS,NC(CO)C(=O)O,2EBE58D687C0AA53F22B8D1549C80A85A6D27FB38ECC46BD2A35B25250CAEFA2,GUEST_CAN_0734,PASS,AttentiveFP,3,family_cold,calixarene,2.2483372688293457
603,1,440,C1C2=CC(=CC(=C2O)CC3=CC(=CC(=C3O)CC4=C(C(=CC(=C4)S(=O)(=O)O)CC5=C(C1=CC(=C5)S(=O)(=O)O)O)O)S(=O)(=O)O)S(=O)(=O)O,CC(C(=O)O)NC(=O)CN,calixarene,3.2100000381469727,O=S(=O)(O)c1cc2c(O)c(c1)Cc1cc(S(=O)(=O)O)cc(c1O)Cc1cc(S(=O)(=O)O)cc(c1O)Cc1cc(S(=O)(=O)O)cc(c1O)C2,C1130CCDC8DA0C6458EF6C2E07E7F3330D8F8B055CBE4DEAADB70DC00C8CDFC1,HOST_CAN_0154,PASS,CC(NC(=O)CN)C(=O)O,05890C7DD45D8F3107459006B72D4EDB9CC5C3A82EEA862EFDB24093E953F0AC,GUEST_CAN_0186,PASS,AttentiveFP,3,family_cold,calixarene,1.4507906436920166
605,45,13,C1C2=CC(=CC=C2)CC3=CC(=CC=C3)CC4=CC=CC(=C4)CC5=CC=CC1=C5,[Cs+],calixarene,2.3117001056671143,c1cc2cc(c1)Cc1cccc(c1)Cc1cccc(c1)Cc1cccc(c1)C2,001BA14F081450375618B4DEC192A3633931B27A166EE11658CCCBFAB45E327F,HOST_CAN_0183,PASS,[Cs+],2007C7CB8E9E407AF1FE3CC70080E500F82FCC5BB652DA30AE9309E09D1E52EF,GUEST_CAN_1052,PASS,AttentiveFP,3,family_cold,calixarene,2.6690924167633057
606,1,57,C1C2=CC(=CC(=C2O)CC3=CC(=CC(=C3O)CC4=C(C(=CC(=C4)S(=O)(=O)O)CC5=C(C1=CC(=C5)S(=O)(=O)O)O)O)S(=O)(=O)O)S(=O)(=O)O,OC(=O)C1CCCN1,calixarene,3.1045000553131104,O=S(=O)(O)c1cc2c(O)c(c1)Cc1cc(S(=O)(=O)O)cc(c1O)Cc1cc(S(=O)(=O)O)cc(c1O)Cc1cc(S(=O)(=O)O)cc(c1O)C2,C1130CCDC8DA0C6458EF6C2E07E7F3330D8F8B055CBE4DEAADB70DC00C8CDFC1,HOST_CAN_0154,PASS,O=C(O)C1CCCN1,089AB51F23001BB951B8422598AD8ED1DBAD90EB1049857FB2A03F150DA120BA,GUEST_CAN_0869,PASS,AttentiveFP,3,family_cold,calixarene,1.6488795280456543
609,45,443,C1C2=CC(=CC=C2)CC3=CC(=CC=C3)CC4=CC=CC(=C4)CC5=CC=CC1=C5,[Ga+3],calixarene,4.401400089263916,c1cc2cc(c1)Cc1cccc(c1)Cc1cccc(c1)Cc1cccc(c1)C2,001BA14F081450375618B4DEC192A3633931B27A166EE11658CCCBFAB45E327F,HOST_CAN_0183,PASS,[Ga+3],45EE15500564458288E81283DDEE90F1D7106245EB676E43646A7E836461451D,GUEST_CAN_1058,PASS,AttentiveFP,3,family_cold,calixarene,3.599703311920166
612,121,275,Oc1c2Cc3cc(cc(c3O)Cc3cc(cc(Cc4c(c(Cc1cc(c2)S(=O)(=O)O)cc(c4)NS(=O)(=O)c1ccc(cc1)C(=O)[O])O)c3O)S(=O)(=O)O)NS(=O)(=O)c1ccc(cc1)C(=O)[O],NCCCCC(C(=O)NC(C(=O)NC(C(=O)NCC(=O)NC(C(=O)N)Cc1ccc(cc1)O)C(O)C)CO)NC(=O)C(NC(C(=O)NC(=O)C(C(O)C)NC(=O)C(NC(=O)C(NC(=O)C(C(O)C)NC(=O)C(NC(=O)C(N)C)CCCNC(=N)N)CCCC[N+](C)(C)C)CCC(=O)N)C)CCCNC(=N)N,calixarene,5.799300193786621,[O]C(=O)c1ccc(S(=O)(=O)Nc2cc3c(O)c(c2)Cc2cc(S(=O)(=O)O)cc(c2O)Cc2cc(NS(=O)(=O)c4ccc(C([O])=O)cc4)cc(c2O)Cc2cc(S(=O)(=O)O)cc(c2O)C3)cc1,C8B53830D64E73BF90AC9C849CFB2B23C81A27721515EDA5A3469EA362472E0C,HOST_CAN_0182,PASS,CC(N)C(=O)NC(CCCNC(=N)N)C(=O)NC(C(=O)NC(CCCC[N+](C)(C)C)C(=O)NC(CCC(N)=O)C(=O)NC(C(=O)NC(=O)C(C)NC(CCCNC(=N)N)C(=O)NC(CCCCN)C(=O)NC(CO)C(=O)NC(C(=O)NCC(=O)NC(Cc1ccc(O)cc1)C(N)=O)C(C)O)C(C)O)C(C)O,25FDB195356441D0C34087BE8843E3CE8B61830D9520FAA57B9456D076F4D6B7,GUEST_CAN_0178,PASS,AttentiveFP,3,family_cold,calixarene,4.821873664855957
617,1,449,C1C2=CC(=CC(=C2O)CC3=CC(=CC(=C3O)CC4=C(C(=CC(=C4)S(=O)(=O)O)CC5=C(C1=CC(=C5)S(=O)(=O)O)O)O)S(=O)(=O)O)S(=O)(=O)O,CC[N+](CC)(CC)CC.[I-],calixarene,4.980100154876709,O=S(=O)(O)c1cc2c(O)c(c1)Cc1cc(S(=O)(=O)O)cc(c1O)Cc1cc(S(=O)(=O)O)cc(c1O)Cc1cc(S(=O)(=O)O)cc(c1O)C2,C1130CCDC8DA0C6458EF6C2E07E7F3330D8F8B055CBE4DEAADB70DC00C8CDFC1,HOST_CAN_0154,PASS,CC[N+](CC)(CC)CC.[I-],439726C7FE1A89F55ABD4835F401966187407593946A2A10145FD576A8887D74,GUEST_CAN_0375,PASS,AttentiveFP,3,family_cold,calixarene,4.8211140632629395
620,1,451,C1C2=CC(=CC(=C2O)CC3=CC(=CC(=C3O)CC4=C(C(=CC(=C4)S(=O)(=O)O)CC5=C(C1=CC(=C5)S(=O)(=O)O)O)O)S(=O)(=O)O)S(=O)(=O)O,O=C1N(CCC[N+](C)(C)C)C(=O)c2c3c1ccc1c3c(cc2)c2c3c1ccc1c3c(cc2)C(=O)N(C1=O)CCC[N+](C)(C)C,calixarene,6.255300045013428,O=S(=O)(O)c1cc2c(O)c(c1)Cc1cc(S(=O)(=O)O)cc(c1O)Cc1cc(S(=O)(=O)O)cc(c1O)Cc1cc(S(=O)(=O)O)cc(c1O)C2,C1130CCDC8DA0C6458EF6C2E07E7F3330D8F8B055CBE4DEAADB70DC00C8CDFC1,HOST_CAN_0154,PASS,C[N+](C)(C)CCCN1C(=O)c2ccc3c4ccc5c6c(ccc(c7ccc(c2c37)C1=O)c64)C(=O)N(CCC[N+](C)(C)C)C5=O,8F2080E3EBEA6EE55418A96B9930D88E335BEA4D244F94717C63193B9D69F4AF,GUEST_CAN_0567,PASS,AttentiveFP,3,family_cold,calixarene,5.681677341461182
626,34,215,OC1=C(CC2=CC(S(=O)([O-])=O)=CC(CC(C=C3S(=O)([O-])=O)=C4OCC(O)=O)=C2O)C=C(S(=O)([O-])=O)C=C1CC5=CC(S(=O)([O-])=O)=CC(CC4=C3)=C5O,CC(C(=O)O)N,calixarene,1.919100046157837,O=C(O)COc1c2cc(S(=O)(=O)[O-])cc1Cc1cc(S(=O)(=O)[O-])cc(c1O)Cc1cc(S(=O)(=O)[O-])cc(c1O)Cc1cc(S(=O)(=O)[O-])cc(c1O)C2,EBB61F0F13AD36B6AF388F0A3BF11BFB93DBCC3093F712DCC0802C51D18DC147,HOST_CAN_0129,PASS,CC(N)C(=O)O,6AC3AD1747D8E4C9B36EA5FBFB37965B87CCE816D9D72141F9005590B6D6FC3C,GUEST_CAN_0180,PASS,AttentiveFP,3,family_cold,calixarene,1.3182711601257324
633,22,457,Oc1c2Sc3cc(cc(c3O)Sc3cc(cc(Sc4c(c(Sc1cc(c2)S(=O)(=O)O)cc(c4)S(=O)(=O)O)O)c3O)S(=O)(=O)O)S(=O)(=O)O,C1CNCCCNC1,calixarene,2.539099931716919,O=S(=O)(O)c1cc2c(O)c(c1)Sc1cc(S(=O)(=O)O)cc(c1O)Sc1cc(S(=O)(=O)O)cc(c1O)Sc1cc(S(=O)(=O)O)cc(c1O)S2,5FE888C1FB51BDA35D21231A31EDB8203ACD56DD9744D0C6B83351EC668D4256,HOST_CAN_0156,PASS,C1CNCCCNC1,0AF6D8ADA6B15E762640D49D61179B7073FC758994EC3A11D1029773FE33D564,GUEST_CAN_0033,PASS,AttentiveFP,3,family_cold,calixarene,5.858986854553223
635,73,384,C1C2=CC(=CC(=C2O)CC3=CC(=CC(=C3O)CC4=CC(=CC(=C4O)CC5=C(C(=CC(=C5)S(=O)(=O)O)CC6=C(C1=CC(=C6)S(=O)(=O)O)O)O)S(=O)(=O)O)S(=O)(=O)O)S(=O)(=O)O,CC1=CC=NC=C1,calixarene,2.5120999813079834,O=S(=O)(O)c1cc2c(O)c(c1)Cc1cc(S(=O)(=O)O)cc(c1O)Cc1cc(S(=O)(=O)O)cc(c1O)Cc1cc(S(=O)(=O)O)cc(c1O)Cc1cc(S(=O)(=O)O)cc(c1O)C2,CE64A1CA71928E5DE79CF9633E11D44D0BC2C175AB3D980BF8052807605CA8CC,HOST_CAN_0155,PASS,Cc1ccncc1,793286ADE81890C85B833167A2C805C672C3C04BEE8A17A89412FEBE14BF75D9,GUEST_CAN_0675,PASS,AttentiveFP,3,family_cold,calixarene,2.1199402809143066
639,73,369,C1C2=CC(=CC(=C2O)CC3=CC(=CC(=C3O)CC4=CC(=CC(=C4O)CC5=C(C(=CC(=C5)S(=O)(=O)O)CC6=C(C1=CC(=C6)S(=O)(=O)O)O)O)S(=O)(=O)O)S(=O)(=O)O)S(=O)(=O)O,C1CC2CCC(C1)N=N2,calixarene,1.7648999691009521,O=S(=O)(O)c1cc2c(O)c(c1)Cc1cc(S(=O)(=O)O)cc(c1O)Cc1cc(S(=O)(=O)O)cc(c1O)Cc1cc(S(=O)(=O)O)cc(c1O)Cc1cc(S(=O)(=O)O)cc(c1O)C2,CE64A1CA71928E5DE79CF9633E11D44D0BC2C175AB3D980BF8052807605CA8CC,HOST_CAN_0155,PASS,C1CC2CCC(C1)N=N2,3CB1DE4B60C8143576E12CED092F576F3C060BF327141DD7E64000E135972BED,GUEST_CAN_0021,PASS,AttentiveFP,3,family_cold,calixarene,2.958306312561035
642,1,115,C1C2=CC(=CC(=C2O)CC3=CC(=CC(=C3O)CC4=C(C(=CC(=C4)S(=O)(=O)O)CC5=C(C1=CC(=C5)S(=O)(=O)O)O)O)S(=O)(=O)O)S(=O)(=O)O,[K+],calixarene,2.3289999961853027,O=S(=O)(O)c1cc2c(O)c(c1)Cc1cc(S(=O)(=O)O)cc(c1O)Cc1cc(S(=O)(=O)O)cc(c1O)Cc1cc(S(=O)(=O)O)cc(c1O)C2,C1130CCDC8DA0C6458EF6C2E07E7F3330D8F8B055CBE4DEAADB70DC00C8CDFC1,HOST_CAN_0154,PASS,[K+],E83A78F45A613BB8008932667E03FF097984CF2701657EB6EA0AB517A34DEC0B,GUEST_CAN_1068,PASS,AttentiveFP,3,family_cold,calixarene,1.657167673110962
645,123,464,[Na]OS(=O)(=O)c1ccc(cc1)N=Nc1cc2Cc3cc(N=Nc4ccc(cc4)S(=O)(=O)O[Na])cc(c3O)Cc3cc(cc(Cc4c(c(Cc(c1)c2O)cc(/N=N/c1ccc(cc1)S(=O)(=O)O[Na])c4)O)c3O)/N=N/c1ccc(cc1)S(=O)(=O)O[Na],CCCN1c2ccccc2C(/C/1=C/C=C/1\CCCC(=C1Cl)/C=C/C1=[N+](CCC)c2c(C1(C)C)cccc2)(C)C.[I-],calixarene,6.322199821472168,O=S(=O)([O][Na])c1ccc(N=Nc2cc3c(O)c(c2)Cc2cc(/N=N/c4ccc(S(=O)(=O)[O][Na])cc4)cc(c2O)Cc2cc(/N=N/c4ccc(S(=O)(=O)[O][Na])cc4)cc(c2O)Cc2cc(N=Nc4ccc(S(=O)(=O)[O][Na])cc4)cc(c2O)C3)cc1,544EE97E01F97F0432023165405A220034C2FC0C5A49A4E738969204EB66D3D4,HOST_CAN_0170,PASS,CCCN1/C(=C\C=C2/CCCC(/C=C/C3=[N+](CCC)c4ccccc4C3(C)C)=C2Cl)C(C)(C)c2ccccc21.[I-],C6134AC374607D29755300A057745976433909E073A85C043D920EB96147F247,GUEST_CAN_0331,PASS,AttentiveFP,3,family_cold,calixarene,5.169025421142578
648,42,337,OC1=C(CC2=CC(S(=O)([O-])=O)=CC(CC(C=C3S(=O)([O-])=O)=C4OCC(N)=O)=C2O)C=C(S(=O)([O-])=O)C=C1CC5=CC(S(=O)([O-])=O)=CC(CC4=C3)=C5O,OCC(C(=O)O)N,calixarene,2.7323999404907227,NC(=O)COc1c2cc(S(=O)(=O)[O-])cc1Cc1cc(S(=O)(=O)[O-])cc(c1O)Cc1cc(S(=O)(=O)[O-])cc(c1O)Cc1cc(S(=O)(=O)[O-])cc(c1O)C2,1F2BEDA02D00DC2C1A2D3A5BD5460849E045F21D3B673D4626094BA71BDA0464,HOST_CAN_0104,PASS,NC(CO)C(=O)O,2EBE58D687C0AA53F22B8D1549C80A85A6D27FB38ECC46BD2A35B25250CAEFA2,GUEST_CAN_0734,PASS,AttentiveFP,3,family_cold,calixarene,1.262296199798584
651,30,120,C1C2=CC(=CC(=C2O)CC3=CC(=CC(=C3O)CC4=CC(=CC(=C4O)CC5=C(C(=CC(=C5)S(=O)(=O)[O-])CC6=C(C(=CC(=C6)S(=O)(=O)[O-])CC7=C(C1=CC(=C7)S(=O)(=O)[O-])O)O)O)S(=O)(=O)[O-])S(=O)(=O)[O-])S(=O)(=O)[O-],CC1=CC2=NC3=C(C=C(C=C3)N(C)C)N=C2C=C1N.Cl,calixarene,3.6812000274658203,O=S(=O)([O-])c1cc2c(O)c(c1)Cc1cc(S(=O)(=O)[O-])cc(c1O)Cc1cc(S(=O)(=O)[O-])cc(c1O)Cc1cc(S(=O)(=O)[O-])cc(c1O)Cc1cc(S(=O)(=O)[O-])cc(c1O)Cc1cc(S(=O)(=O)[O-])cc(c1O)C2,175E9D01D3A7DD7BE73E9B8659E8BAA0A16B2D5C4CCEFE3BEFED10121429BF10,HOST_CAN_0164,PASS,Cc1cc2nc3ccc(N(C)C)cc3nc2cc1N.Cl,38DA61F40FBF04D6F8617D026997AD15F6CEDB2A1A227B5595A652A18AA9F05C,GUEST_CAN_0653,PASS,AttentiveFP,3,family_cold,calixarene,4.82697868347168
654,77,92,Oc1c2Cc3cc(cc(c3OCCOc3c4Cc5cc(cc(c5O)Cc5cc(cc(Cc6c(c(Cc3cc(c4)S(=O)(=O)[O-])cc(c6)S(=O)(=O)[O-])O)c5O)S(=O)(=O)[O-])S(=O)(=O)[O-])Cc3cc(cc(Cc4c(c(Cc1cc(c2)S(=O)(=O)[O-])cc(c4)S(=O)(=O)[O-])O)c3O)S(=O)(=O)[O-])S(=O)(=O)[O-],C[N+]1=CC=C(C=C1)C2=CC=[N+](C=C2)C.[Cl-].[Cl-],calixarene,5.63040018081665,O=S(=O)([O-])c1cc2c(O)c(c1)Cc1cc(S(=O)(=O)[O-])cc(c1O)Cc1cc(S(=O)(=O)[O-])cc(c1OCCOc1c3cc(S(=O)(=O)[O-])cc1Cc1cc(S(=O)(=O)[O-])cc(c1O)Cc1cc(S(=O)(=O)[O-])cc(c1O)Cc1cc(S(=O)(=O)[O-])cc(c1O)C3)Cc1cc(S(=O)(=O)[O-])cc(c1O)C2,3844EA5590DFD4493BBABC2061A4EDAE96C443037E252EB22277F09FB3CD68CF,HOST_CAN_0167,PASS,C[n+]1ccc(-c2cc[n+](C)cc2)cc1.[Cl-].[Cl-],A34A59C172ABA48CFA54144DF49E70D56803B22DE394E6F3154C1D8F7DC6E5F1,GUEST_CAN_0623,PASS,AttentiveFP,3,family_cold,calixarene,4.909693241119385
662,1,471,C1C2=CC(=CC(=C2O)CC3=CC(=CC(=C3O)CC4=C(C(=CC(=C4)S(=O)(=O)O)CC5=C(C1=CC(=C5)S(=O)(=O)O)O)O)S(=O)(=O)O)S(=O)(=O)O,C[N+](C)(C)CC(CC(=O)[O-])O,calixarene,4.447199821472168,O=S(=O)(O)c1cc2c(O)c(c1)Cc1cc(S(=O)(=O)O)cc(c1O)Cc1cc(S(=O)(=O)O)cc(c1O)Cc1cc(S(=O)(=O)O)cc(c1O)C2,C1130CCDC8DA0C6458EF6C2E07E7F3330D8F8B055CBE4DEAADB70DC00C8CDFC1,HOST_CAN_0154,PASS,C[N+](C)(C)CC(O)CC(=O)[O-],370F32550B57B0E4726D0231D011F557D8A6872401B4E799CD76A401AD1E6C52,GUEST_CAN_0561,PASS,AttentiveFP,3,family_cold,calixarene,1.6656019687652588
663,63,85,Oc1c2Cc3cc(cc(c3O)Cc3cc(cc(c3O)Cc3cc(cc(c3O)Cc3cc(cc(Cc4c(c(Cc5c(c(Cc6c(c(Cc1cc(c2)S(=O)(=O)[O-])cc(c6)S(=O)(=O)[O-])O)cc(c5)S(=O)(=O)[O-])O)cc(c4)S(=O)(=O)[O-])O)c3O)S(=O)(=O)[O-])S(=O)(=O)[O-])S(=O)(=O)[O-])S(=O)(=O)[O-],COC1=C(C2=C[N+]3=C(C=C2C=C1)C4=CC5=C(C=C4CC3)OCO5)OC.[Cl-],calixarene,5.421899795532227,O=S(=O)([O-])c1cc2c(O)c(c1)Cc1cc(S(=O)(=O)[O-])cc(c1O)Cc1cc(S(=O)(=O)[O-])cc(c1O)Cc1cc(S(=O)(=O)[O-])cc(c1O)Cc1cc(S(=O)(=O)[O-])cc(c1O)Cc1cc(S(=O)(=O)[O-])cc(c1O)Cc1cc(S(=O)(=O)[O-])cc(c1O)Cc1cc(S(=O)(=O)[O-])cc(c1O)C2,3C24C9B25872FE0768A640DF44D242D9AEC5F3FA9C167A457997BAE8D628FFF1,HOST_CAN_0166,PASS,COc1ccc2cc3[n+](cc2c1OC)CCc1cc2c(cc1-3)OCO2.[Cl-],2002F700467546FC920CE9A91096FEE4BBFBC89B967D34B7A6F925905277E3AF,GUEST_CAN_0500,PASS,AttentiveFP,3,family_cold,calixarene,5.240305423736572
669,73,475,C1C2=CC(=CC(=C2O)CC3=CC(=CC(=C3O)CC4=CC(=CC(=C4O)CC5=C(C(=CC(=C5)S(=O)(=O)O)CC6=C(C1=CC(=C6)S(=O)(=O)O)O)O)S(=O)(=O)O)S(=O)(=O)O)S(=O)(=O)O,[NH3+]Cc1ccc2c3c1ccc1c3c(cc2)ccc1,calixarene,4.892099857330322,O=S(=O)(O)c1cc2c(O)c(c1)Cc1cc(S(=O)(=O)O)cc(c1O)Cc1cc(S(=O)(=O)O)cc(c1O)Cc1cc(S(=O)(=O)O)cc(c1O)Cc1cc(S(=O)(=O)O)cc(c1O)C2,CE64A1CA71928E5DE79CF9633E11D44D0BC2C175AB3D980BF8052807605CA8CC,HOST_CAN_0155,PASS,[NH3+]Cc1ccc2ccc3cccc4ccc1c2c34,EDDAA9CE498CACE6B1394E44A4465FEF846C1B3DDFEB75DD8D4CB5A6C6CD18EB,GUEST_CAN_1094,PASS,AttentiveFP,3,family_cold,calixarene,5.144269943237305
671,84,476,CCCCCCOc1c2Cc3cc(cc(c3OCCCCCC)Cc3cc(cc(Cc4c(c(Cc1cc(c2)S(=O)(=O)[O-])cc(c4)S(=O)(=O)[O-])OCCCCCC)c3OCCCCCC)S(=O)(=O)[O-])S(=O)(=O)[O-],C[n+]1c2ccccc2c(c2c1cccc2)c1c2ccccc2[n+](c2c1cccc2)C.[O-][N+](=O)[O-].[O-][N+](=O)[O-],calixarene,7.24429988861084,CCCCCCOc1c2cc(S(=O)(=O)[O-])cc1Cc1cc(S(=O)(=O)[O-])cc(c1OCCCCCC)Cc1cc(S(=O)(=O)[O-])cc(c1OCCCCCC)Cc1cc(S(=O)(=O)[O-])cc(c1OCCCCCC)C2,C518E51BDF85183B14A149C966DCD4A4434A48A30814E263D88387FA25725959,HOST_CAN_0028,PASS,C[n+]1c2ccccc2c(-c2c3ccccc3[n+](C)c3ccccc23)c2ccccc21.O=[N+]([O-])[O-].O=[N+]([O-])[O-],D4D263F20E807DCE8290909D48E9092725AF7020357CB313B6E2612BD76C3B4C,GUEST_CAN_0617,PASS,AttentiveFP,3,family_cold,calixarene,4.831216812133789
674,68,231,Oc1c2cc(cc1Cc1cc(cc(c1O)Cc1c(c(Cc3c(c(C2)cc(c3)S(=O)(=O)O)O)cc(c1)S(=O)(=O)O)O)S(=O)(=O)O)NS(=O)(=O)c1ccc(cc1)C(=O)O,C[N+](C)(C)CCCCC(C(=O)O)N,calixarene,3.462399959564209,O=C(O)c1ccc(S(=O)(=O)Nc2cc3c(O)c(c2)Cc2cc(S(=O)(=O)O)cc(c2O)Cc2cc(S(=O)(=O)O)cc(c2O)Cc2cc(S(=O)(=O)O)cc(c2O)C3)cc1,698FBD7126562AC5EF98798BC16D048473423AD0A0BD659BE98F031178BD7864,HOST_CAN_0136,PASS,C[N+](C)(C)CCCCC(N)C(=O)O,A5D9046F4C510F24A7D2618FA2E491B2FD6A06575CDE2270294DEDC76755B73A,GUEST_CAN_0563,PASS,AttentiveFP,3,family_cold,calixarene,2.5633270740509033
677,99,18,N#CCOc1c2Cc3cc(cc(c3O)Cc3cc(cc(c3O)Cc3cc(cc(c3O)Cc3cc(cc(Cc4c(c(Cc5c(c(Cc6c(c(Cc1cc(c2)S(=O)(=O)O)cc(c6)S(=O)(=O)O)O)cc(c5)S(=O)(=O)O)O)cc(c4)S(=O)(=O)O)O)c3O)S(=O)(=O)O)S(=O)(=O)O)S(=O)(=O)O)S(=O)(=O)O,OC(=O)C(Cc1c[nH]c2c1cccc2)N,calixarene,2.3010001182556152,N#CCOc1c2cc(S(=O)(=O)O)cc1Cc1cc(S(=O)(=O)O)cc(c1O)Cc1cc(S(=O)(=O)O)cc(c1O)Cc1cc(S(=O)(=O)O)cc(c1O)Cc1cc(S(=O)(=O)O)cc(c1O)Cc1cc(S(=O)(=O)O)cc(c1O)Cc1cc(S(=O)(=O)O)cc(c1O)Cc1cc(S(=O)(=O)O)cc(c1O)C2,9C5AE9DC33FB7183D6DE570E4F40C5ED225E59EFD3C7E5485333524BCCF933C0,HOST_CAN_0103,PASS,NC(Cc1c[nH]c2ccccc12)C(=O)O,640E1867764F94CAFE2D991B23E1B000681C8619E07309C47EB26888B7938B6E,GUEST_CAN_0740,PASS,AttentiveFP,3,family_cold,calixarene,4.066422462463379
680,1,250,C1C2=CC(=CC(=C2O)CC3=CC(=CC(=C3O)CC4=C(C(=CC(=C4)S(=O)(=O)O)CC5=C(C1=CC(=C5)S(=O)(=O)O)O)O)S(=O)(=O)O)S(=O)(=O)O,C1=CC(=CC=C1C2=CC3=C(N2)C=C(C=C3)C(=[NH2+])N)C(=[NH2+])N,calixarene,4.447199821472168,O=S(=O)(O)c1cc2c(O)c(c1)Cc1cc(S(=O)(=O)O)cc(c1O)Cc1cc(S(=O)(=O)O)cc(c1O)Cc1cc(S(=O)(=O)O)cc(c1O)C2,C1130CCDC8DA0C6458EF6C2E07E7F3330D8F8B055CBE4DEAADB70DC00C8CDFC1,HOST_CAN_0154,PASS,NC(=[NH2+])c1ccc(-c2cc3ccc(C(N)=[NH2+])cc3[nH]2)cc1,CEEB6EEFB04D0B8CA13A0AE7419DA74A65BBB334871B9622AAFDF76333649B11,GUEST_CAN_0727,PASS,AttentiveFP,3,family_cold,calixarene,5.935985565185547
685,73,178,C1C2=CC(=CC(=C2O)CC3=CC(=CC(=C3O)CC4=CC(=CC(=C4O)CC5=C(C(=CC(=C5)S(=O)(=O)O)CC6=C(C1=CC(=C6)S(=O)(=O)O)O)O)S(=O)(=O)O)S(=O)(=O)O)S(=O)(=O)O,C(CCN)CC(C(=O)O)N,calixarene,2.8457000255584717,O=S(=O)(O)c1cc2c(O)c(c1)Cc1cc(S(=O)(=O)O)cc(c1O)Cc1cc(S(=O)(=O)O)cc(c1O)Cc1cc(S(=O)(=O)O)cc(c1O)Cc1cc(S(=O)(=O)O)cc(c1O)C2,CE64A1CA71928E5DE79CF9633E11D44D0BC2C175AB3D980BF8052807605CA8CC,HOST_CAN_0155,PASS,NCCCCC(N)C(=O)O,BD55DE8B1F18BBBA0B9FB86FA685E52B4743F1B75F837E0522E8C602B3191BA0,GUEST_CAN_0785,PASS,AttentiveFP,3,family_cold,calixarene,2.247831106185913
687,46,485,C1C2=CC(=CC(=C2O)CC3=CC(=CC(=C3O)CC4=C(C(=CC(=C4)S(=O)(=O)O)CC5=C(C1=CC(=C5)S(=O)(=O)[O-])O)O)S(=O)(=O)O)S(=O)(=O)O.[Na+],ClC1=NC(=CC=C1)Cl,calixarene,2.5353000164031982,O=S(=O)([O-])c1cc2c(O)c(c1)Cc1cc(S(=O)(=O)O)cc(c1O)Cc1cc(S(=O)(=O)O)cc(c1O)Cc1cc(S(=O)(=O)O)cc(c1O)C2.[Na+],CA94CECC10EDB9167B38E05C5D125873C9C1506ED227A3D9C6CBBCD696828A96,HOST_CAN_0163,PASS,Clc1cccc(Cl)n1,F99C2DB8D2CBC7A67472F57ED1158EC152D2450250D4DCA428CFF0CFA33DB2A6,GUEST_CAN_0699,PASS,AttentiveFP,3,family_cold,calixarene,2.2904114723205566
698,34,18,OC1=C(CC2=CC(S(=O)([O-])=O)=CC(CC(C=C3S(=O)([O-])=O)=C4OCC(O)=O)=C2O)C=C(S(=O)([O-])=O)C=C1CC5=CC(S(=O)([O-])=O)=CC(CC4=C3)=C5O,OC(=O)C(Cc1c[nH]c2c1cccc2)N,calixarene,2.2504000663757324,O=C(O)COc1c2cc(S(=O)(=O)[O-])cc1Cc1cc(S(=O)(=O)[O-])cc(c1O)Cc1cc(S(=O)(=O)[O-])cc(c1O)Cc1cc(S(=O)(=O)[O-])cc(c1O)C2,EBB61F0F13AD36B6AF388F0A3BF11BFB93DBCC3093F712DCC0802C51D18DC147,HOST_CAN_0129,PASS,NC(Cc1c[nH]c2ccccc12)C(=O)O,640E1867764F94CAFE2D991B23E1B000681C8619E07309C47EB26888B7938B6E,GUEST_CAN_0740,PASS,AttentiveFP,3,family_cold,calixarene,2.491250514984131
704,30,497,C1C2=CC(=CC(=C2O)CC3=CC(=CC(=C3O)CC4=CC(=CC(=C4O)CC5=C(C(=CC(=C5)S(=O)(=O)[O-])CC6=C(C(=CC(=C6)S(=O)(=O)[O-])CC7=C(C1=CC(=C7)S(=O)(=O)[O-])O)O)O)S(=O)(=O)[O-])S(=O)(=O)[O-])S(=O)(=O)[O-],C1CC2CC1N=N2,calixarene,1.7418999671936035,O=S(=O)([O-])c1cc2c(O)c(c1)Cc1cc(S(=O)(=O)[O-])cc(c1O)Cc1cc(S(=O)(=O)[O-])cc(c1O)Cc1cc(S(=O)(=O)[O-])cc(c1O)Cc1cc(S(=O)(=O)[O-])cc(c1O)Cc1cc(S(=O)(=O)[O-])cc(c1O)C2,175E9D01D3A7DD7BE73E9B8659E8BAA0A16B2D5C4CCEFE3BEFED10121429BF10,HOST_CAN_0164,PASS,C1CC2CC1N=N2,A2496E9CCE3928D5E2403BB21D4F1D008596E587754FBC1A3268F4A4C1D0C131,GUEST_CAN_0020,PASS,AttentiveFP,3,family_cold,calixarene,2.570317268371582
711,46,501,C1C2=CC(=CC(=C2O)CC3=CC(=CC(=C3O)CC4=C(C(=CC(=C4)S(=O)(=O)O)CC5=C(C1=CC(=C5)S(=O)(=O)[O-])O)O)S(=O)(=O)O)S(=O)(=O)O.[Na+],C1=CC(=NC(=C1)C(=O)O)C(=O)O,calixarene,1.8324999809265137,O=S(=O)([O-])c1cc2c(O)c(c1)Cc1cc(S(=O)(=O)O)cc(c1O)Cc1cc(S(=O)(=O)O)cc(c1O)Cc1cc(S(=O)(=O)O)cc(c1O)C2.[Na+],CA94CECC10EDB9167B38E05C5D125873C9C1506ED227A3D9C6CBBCD696828A96,HOST_CAN_0163,PASS,O=C(O)c1cccc(C(=O)O)n1,207C13F90D0DBA16843662EC874783E522B0E73A1D106D5C4AD9078DF6660820,GUEST_CAN_0887,PASS,AttentiveFP,3,family_cold,calixarene,1.3100535869598389
713,46,262,C1C2=CC(=CC(=C2O)CC3=CC(=CC(=C3O)CC4=C(C(=CC(=C4)S(=O)(=O)O)CC5=C(C1=CC(=C5)S(=O)(=O)[O-])O)O)S(=O)(=O)O)S(=O)(=O)O.[Na+],CCN(CC)CCOC(=O)C1=CC=C(C=C1)N.Cl,calixarene,3.706700086593628,O=S(=O)([O-])c1cc2c(O)c(c1)Cc1cc(S(=O)(=O)O)cc(c1O)Cc1cc(S(=O)(=O)O)cc(c1O)Cc1cc(S(=O)(=O)O)cc(c1O)C2.[Na+],CA94CECC10EDB9167B38E05C5D125873C9C1506ED227A3D9C6CBBCD696828A96,HOST_CAN_0163,PASS,CCN(CC)CCOC(=O)c1ccc(N)cc1.Cl,B6592951C8A510E3B4F06E47C61517E830D4419A9C487D8E3D4F7EA1AAA33F0C,GUEST_CAN_0342,PASS,AttentiveFP,3,family_cold,calixarene,3.8037848472595215
718,1,503,C1C2=CC(=CC(=C2O)CC3=CC(=CC(=C3O)CC4=C(C(=CC(=C4)S(=O)(=O)O)CC5=C(C1=CC(=C5)S(=O)(=O)O)O)O)S(=O)(=O)O)S(=O)(=O)O,Cl[Cu]Cl,calixarene,3.752000093460083,O=S(=O)(O)c1cc2c(O)c(c1)Cc1cc(S(=O)(=O)O)cc(c1O)Cc1cc(S(=O)(=O)O)cc(c1O)Cc1cc(S(=O)(=O)O)cc(c1O)C2,C1130CCDC8DA0C6458EF6C2E07E7F3330D8F8B055CBE4DEAADB70DC00C8CDFC1,HOST_CAN_0154,PASS,[Cl][Cu][Cl],B6FEE526F8BD85529A9B50FCC3E83B95BF1E23A7154A31438738FA32E0619093,GUEST_CAN_1044,PASS,AttentiveFP,3,family_cold,calixarene,1.611461877822876
728,24,509,OC1=C2C=C(S(=O)([O-])=O)C=C1CC3=C(O)C(CC4=CC(S(=O)([O-])=O)=CC(CC5=CC(S(=O)([O-])=O)=CC(CC6=CC(S(=O)([O-])=O)=CC(CC(C=C(S(=O)([O-])=O)C=C7C2)=C7O)=C6O)=C5O)=C4O)=CC(S(=O)([O-])=O)=C3.[Na+].[Na+].[Na+].[Na+].[Na+].[Na+],C[N+](C)(C)CC(=O)[O-],calixarene,2.4200000762939453,O=S(=O)([O-])c1cc2c(O)c(c1)Cc1cc(S(=O)(=O)[O-])cc(c1O)Cc1cc(S(=O)(=O)[O-])cc(c1O)Cc1cc(S(=O)(=O)[O-])cc(c1O)Cc1cc(S(=O)(=O)[O-])cc(c1O)Cc1cc(S(=O)(=O)[O-])cc(c1O)C2.[Na+].[Na+].[Na+].[Na+].[Na+].[Na+],2C1F820212E47C3BD5C15E73832EDE6A35C8C7920DDCE445D20F661D969CA26F,HOST_CAN_0165,PASS,C[N+](C)(C)CC(=O)[O-],CDF9A85CA59152226925EF410E18806C9C78B4FF8A35831070A291AB98CB9DD4,GUEST_CAN_0560,PASS,AttentiveFP,3,family_cold,calixarene,2.440025568008423
731,46,421,C1C2=CC(=CC(=C2O)CC3=CC(=CC(=C3O)CC4=C(C(=CC(=C4)S(=O)(=O)O)CC5=C(C1=CC(=C5)S(=O)(=O)[O-])O)O)S(=O)(=O)O)S(=O)(=O)O.[Na+],CC1=NC=CC=C1,calixarene,3.625499963760376,O=S(=O)([O-])c1cc2c(O)c(c1)Cc1cc(S(=O)(=O)O)cc(c1O)Cc1cc(S(=O)(=O)O)cc(c1O)Cc1cc(S(=O)(=O)O)cc(c1O)C2.[Na+],CA94CECC10EDB9167B38E05C5D125873C9C1506ED227A3D9C6CBBCD696828A96,HOST_CAN_0163,PASS,Cc1ccccn1,48762AE38224AF77C9E42C847671933DD428BE1D725365799528E72E8FF4C50E,GUEST_CAN_0670,PASS,AttentiveFP,3,family_cold,calixarene,2.0535874366760254
732,1,510,C1C2=CC(=CC(=C2O)CC3=CC(=CC(=C3O)CC4=C(C(=CC(=C4)S(=O)(=O)O)CC5=C(C1=CC(=C5)S(=O)(=O)O)O)O)S(=O)(=O)O)S(=O)(=O)O,CP(OC(C)C)(OC(C)C)=O,calixarene,1.5535999536514282,O=S(=O)(O)c1cc2c(O)c(c1)Cc1cc(S(=O)(=O)O)cc(c1O)Cc1cc(S(=O)(=O)O)cc(c1O)Cc1cc(S(=O)(=O)O)cc(c1O)C2,C1130CCDC8DA0C6458EF6C2E07E7F3330D8F8B055CBE4DEAADB70DC00C8CDFC1,HOST_CAN_0154,PASS,CC(C)OP(C)(=O)OC(C)C,C2D0C2BEA50DD620BD1178D86C28FE918812B48459C0DC9EB4998004E1AD9425,GUEST_CAN_0164,PASS,AttentiveFP,3,family_cold,calixarene,1.5858383178710938
734,1,85,C1C2=CC(=CC(=C2O)CC3=CC(=CC(=C3O)CC4=C(C(=CC(=C4)S(=O)(=O)O)CC5=C(C1=CC(=C5)S(=O)(=O)O)O)O)S(=O)(=O)O)S(=O)(=O)O,COC1=C(C2=C[N+]3=C(C=C2C=C1)C4=CC5=C(C=C4CC3)OCO5)OC.[Cl-],calixarene,3.6066999435424805,O=S(=O)(O)c1cc2c(O)c(c1)Cc1cc(S(=O)(=O)O)cc(c1O)Cc1cc(S(=O)(=O)O)cc(c1O)Cc1cc(S(=O)(=O)O)cc(c1O)C2,C1130CCDC8DA0C6458EF6C2E07E7F3330D8F8B055CBE4DEAADB70DC00C8CDFC1,HOST_CAN_0154,PASS,COc1ccc2cc3[n+](cc2c1OC)CCc1cc2c(cc1-3)OCO2.[Cl-],2002F700467546FC920CE9A91096FEE4BBFBC89B967D34B7A6F925905277E3AF,GUEST_CAN_0500,PASS,AttentiveFP,3,family_cold,calixarene,4.224002838134766
736,77,513,Oc1c2Cc3cc(cc(c3OCCOc3c4Cc5cc(cc(c5O)Cc5cc(cc(Cc6c(c(Cc3cc(c4)S(=O)(=O)[O-])cc(c6)S(=O)(=O)[O-])O)c5O)S(=O)(=O)[O-])S(=O)(=O)[O-])Cc3cc(cc(Cc4c(c(Cc1cc(c2)S(=O)(=O)[O-])cc(c4)S(=O)(=O)[O-])O)c3O)S(=O)(=O)[O-])S(=O)(=O)[O-],C[n+]1ccc(cc1)c1cc[n+](cc1)CCCCCC[n+]1ccc(cc1)c1cc[n+](cc1)C,calixarene,6.060699939727783,O=S(=O)([O-])c1cc2c(O)c(c1)Cc1cc(S(=O)(=O)[O-])cc(c1O)Cc1cc(S(=O)(=O)[O-])cc(c1OCCOc1c3cc(S(=O)(=O)[O-])cc1Cc1cc(S(=O)(=O)[O-])cc(c1O)Cc1cc(S(=O)(=O)[O-])cc(c1O)Cc1cc(S(=O)(=O)[O-])cc(c1O)C3)Cc1cc(S(=O)(=O)[O-])cc(c1O)C2,3844EA5590DFD4493BBABC2061A4EDAE96C443037E252EB22277F09FB3CD68CF,HOST_CAN_0167,PASS,C[n+]1ccc(-c2cc[n+](CCCCCC[n+]3ccc(-c4cc[n+](C)cc4)cc3)cc2)cc1,FA7F0FC15F06020C22FDDC5EBF9867E21D20C2FA86EDE3DB8AC24FEBBF21396E,GUEST_CAN_0627,PASS,AttentiveFP,3,family_cold,calixarene,5.641279697418213
740,1,457,C1C2=CC(=CC(=C2O)CC3=CC(=CC(=C3O)CC4=C(C(=CC(=C4)S(=O)(=O)O)CC5=C(C1=CC(=C5)S(=O)(=O)O)O)O)S(=O)(=O)O)S(=O)(=O)O,C1CNCCCNC1,calixarene,4.080599784851074,O=S(=O)(O)c1cc2c(O)c(c1)Cc1cc(S(=O)(=O)O)cc(c1O)Cc1cc(S(=O)(=O)O)cc(c1O)Cc1cc(S(=O)(=O)O)cc(c1O)C2,C1130CCDC8DA0C6458EF6C2E07E7F3330D8F8B055CBE4DEAADB70DC00C8CDFC1,HOST_CAN_0154,PASS,C1CNCCCNC1,0AF6D8ADA6B15E762640D49D61179B7073FC758994EC3A11D1029773FE33D564,GUEST_CAN_0033,PASS,AttentiveFP,3,family_cold,calixarene,5.634055137634277
748,45,520,C1C2=CC(=CC=C2)CC3=CC(=CC=C3)CC4=CC=CC(=C4)CC5=CC=CC1=C5,O=C(O)C(N)CCCN,calixarene,2.322200059890747,c1cc2cc(c1)Cc1cccc(c1)Cc1cccc(c1)Cc1cccc(c1)C2,001BA14F081450375618B4DEC192A3633931B27A166EE11658CCCBFAB45E327F,HOST_CAN_0183,PASS,NCCCC(N)C(=O)O,6F01F86620AC902D0CD8F3B98B4E927D3F052E6DEDC983DDF5FABA0A62103F7D,GUEST_CAN_0780,PASS,AttentiveFP,3,family_cold,calixarene,3.372147798538208
752,1,27,C1C2=CC(=CC(=C2O)CC3=CC(=CC(=C3O)CC4=C(C(=CC(=C4)S(=O)(=O)O)CC5=C(C1=CC(=C5)S(=O)(=O)O)O)O)S(=O)(=O)O)S(=O)(=O)O,NCCCCC(C(=O)NC(C(=O)NC(C(=O)NC(=O)C(NC(C(=O)NC(C(=O)NC(C(=O)NC(C(=O)NCC(=O)NC(C(=O)N)Cc1ccc(cc1)O)C(O)C)CO)CCCC[N+](C)(C)C)CCCNC(=N)N)C)C(O)C)CCC(=O)N)NC(=O)C(C(O)C)NC(=O)C(NC(=O)C(N)C)CCCNC(=N)N,calixarene,6.770899772644043,O=S(=O)(O)c1cc2c(O)c(c1)Cc1cc(S(=O)(=O)O)cc(c1O)Cc1cc(S(=O)(=O)O)cc(c1O)Cc1cc(S(=O)(=O)O)cc(c1O)C2,C1130CCDC8DA0C6458EF6C2E07E7F3330D8F8B055CBE4DEAADB70DC00C8CDFC1,HOST_CAN_0154,PASS,CC(N)C(=O)NC(CCCNC(=N)N)C(=O)NC(C(=O)NC(CCCCN)C(=O)NC(CCC(N)=O)C(=O)NC(C(=O)NC(=O)C(C)NC(CCCNC(=N)N)C(=O)NC(CCCC[N+](C)(C)C)C(=O)NC(CO)C(=O)NC(C(=O)NCC(=O)NC(Cc1ccc(O)cc1)C(N)=O)C(C)O)C(C)O)C(C)O,FDB24492C01844597473AA7C2BD6C580BEC794EA067753C199B126BE41E8D5FA,GUEST_CAN_0177,PASS,AttentiveFP,3,family_cold,calixarene,4.832172870635986
755,133,523,OC1=C(CC2=CC(S(=O)([O-])=O)=CC(CC3=CC(S(=O)([O-])=O)=CC(CC4=CC(S(=O)([O-])=O)=CC(CC5=CC(S(=O)([O-])=O)=CC6=C5OCC(O)=O)=C4O)=C3O)=C2O)C=C(S(=O)([O-])=O)C=C1CC7=C(O)C(CC8=C(O)C(CC9=C(O)C(C6)=CC(S(=O)([O-])=O)=C9)=CC(S(=O)([O-])=O)=C8)=CC(S(=O)([O-])=O)=C7,C(C(=O)O)N,calixarene,1.6532000303268433,O=C(O)COc1c2cc(S(=O)(=O)[O-])cc1Cc1cc(S(=O)(=O)[O-])cc(c1O)Cc1cc(S(=O)(=O)[O-])cc(c1O)Cc1cc(S(=O)(=O)[O-])cc(c1O)Cc1cc(S(=O)(=O)[O-])cc(c1O)Cc1cc(S(=O)(=O)[O-])cc(c1O)Cc1cc(S(=O)(=O)[O-])cc(c1O)Cc1cc(S(=O)(=O)[O-])cc(c1O)C2,035C2443DCD42EB5D85B11E9A688FB2E331A4D0CA7EB7848E0D32F221FD3DC33,HOST_CAN_0130,PASS,NCC(=O)O,30FE3809EFBE5F6B082D9B94D27A0C7C9ECD1364A816D59C3D31CE32BCDF848E,GUEST_CAN_0774,PASS,AttentiveFP,3,family_cold,calixarene,2.3710644245147705
756,63,524,Oc1c2Cc3cc(cc(c3O)Cc3cc(cc(c3O)Cc3cc(cc(c3O)Cc3cc(cc(Cc4c(c(Cc5c(c(Cc6c(c(Cc1cc(c2)S(=O)(=O)[O-])cc(c6)S(=O)(=O)[O-])O)cc(c5)S(=O)(=O)[O-])O)cc(c4)S(=O)(=O)[O-])O)c3O)S(=O)(=O)[O-])S(=O)(=O)[O-])S(=O)(=O)[O-])S(=O)(=O)[O-],O=C1C(O)=C(O)[C@H](O1)[C@@H](O)CO,calixarene,1.429900050163269,O=S(=O)([O-])c1cc2c(O)c(c1)Cc1cc(S(=O)(=O)[O-])cc(c1O)Cc1cc(S(=O)(=O)[O-])cc(c1O)Cc1cc(S(=O)(=O)[O-])cc(c1O)Cc1cc(S(=O)(=O)[O-])cc(c1O)Cc1cc(S(=O)(=O)[O-])cc(c1O)Cc1cc(S(=O)(=O)[O-])cc(c1O)Cc1cc(S(=O)(=O)[O-])cc(c1O)C2,3C24C9B25872FE0768A640DF44D242D9AEC5F3FA9C167A457997BAE8D628FFF1,HOST_CAN_0166,PASS,O=C1O[C@H]([C@@H](O)CO)C(O)=C1O,BA826380B26AE91182914600C5C740C04E1F100BB4A933C1CC05AC9FBBBCE1F8,GUEST_CAN_0925,PASS,AttentiveFP,3,family_cold,calixarene,2.1653058528900146
762,45,527,C1C2=CC(=CC=C2)CC3=CC(=CC=C3)CC4=CC=CC(=C4)CC5=CC=CC1=C5,C(C)(C)C12N=NC(CC1)(CC2)C,calixarene,3.1410000324249268,c1cc2cc(c1)Cc1cccc(c1)Cc1cccc(c1)Cc1cccc(c1)C2,001BA14F081450375618B4DEC192A3633931B27A166EE11658CCCBFAB45E327F,HOST_CAN_0183,PASS,CC(C)C12CCC(C)(CC1)N=N2,557E81382EA4D3045E4C236049DCBDA570124CB609F1B8B76C97280514F22B94,GUEST_CAN_0131,PASS,AttentiveFP,3,family_cold,calixarene,3.8187930583953857
767,14,108,NCCOc1c2Cc3cc(cc(c3O)Cc3cc(cc(c3O)Cc3cc(cc(Cc4c(c(Cc5c(c(Cc1cc(c2)S(=O)(=O)O)cc(c5)S(=O)(=O)O)O)cc(c4)S(=O)(=O)O)O)c3O)S(=O)(=O)O)S(=O)(=O)O)S(=O)(=O)O,OC(=O)C(CCCNC(=[NH2+])N)N,calixarene,2.828000068664551,NCCOc1c2cc(S(=O)(=O)O)cc1Cc1cc(S(=O)(=O)O)cc(c1O)Cc1cc(S(=O)(=O)O)cc(c1O)Cc1cc(S(=O)(=O)O)cc(c1O)Cc1cc(S(=O)(=O)O)cc(c1O)Cc1cc(S(=O)(=O)O)cc(c1O)C2,C787A22C599703D921FA29CACAF002E9FF6ED12C44482B2905C84DCBDD5B4AC1,HOST_CAN_0110,PASS,NC(=[NH2+])NCCCC(N)C(=O)O,3A95B838A3F3E4B9211C1F9CE461FB93EA851D8F0AA68498288217A21AD77FAC,GUEST_CAN_0726,PASS,AttentiveFP,3,family_cold,calixarene,2.7286126613616943
770,30,353,C1C2=CC(=CC(=C2O)CC3=CC(=CC(=C3O)CC4=CC(=CC(=C4O)CC5=C(C(=CC(=C5)S(=O)(=O)[O-])CC6=C(C(=CC(=C6)S(=O)(=O)[O-])CC7=C(C1=CC(=C7)S(=O)(=O)[O-])O)O)O)S(=O)(=O)[O-])S(=O)(=O)[O-])S(=O)(=O)[O-],CNC1=CC2=C(C=C1)C=C3C=CC(=[NH+]C)C=C3O2.[Cl-],calixarene,4.350200176239014,O=S(=O)([O-])c1cc2c(O)c(c1)Cc1cc(S(=O)(=O)[O-])cc(c1O)Cc1cc(S(=O)(=O)[O-])cc(c1O)Cc1cc(S(=O)(=O)[O-])cc(c1O)Cc1cc(S(=O)(=O)[O-])cc(c1O)Cc1cc(S(=O)(=O)[O-])cc(c1O)C2,175E9D01D3A7DD7BE73E9B8659E8BAA0A16B2D5C4CCEFE3BEFED10121429BF10,HOST_CAN_0164,PASS,CNc1ccc2cc3ccc(=[NH+]C)cc-3oc2c1.[Cl-],40A1716939AF15B346C71DAB9A87CDCEA128A41E2582458E422054A1D912677D,GUEST_CAN_0433,PASS,AttentiveFP,3,family_cold,calixarene,4.842164993286133
776,46,533,C1C2=CC(=CC(=C2O)CC3=CC(=CC(=C3O)CC4=C(C(=CC(=C4)S(=O)(=O)O)CC5=C(C1=CC(=C5)S(=O)(=O)[O-])O)O)S(=O)(=O)O)S(=O)(=O)O.[Na+],C[n+]1ccccc1,calixarene,5.80620002746582,O=S(=O)([O-])c1cc2c(O)c(c1)Cc1cc(S(=O)(=O)O)cc(c1O)Cc1cc(S(=O)(=O)O)cc(c1O)Cc1cc(S(=O)(=O)O)cc(c1O)C2.[Na+],CA94CECC10EDB9167B38E05C5D125873C9C1506ED227A3D9C6CBBCD696828A96,HOST_CAN_0163,PASS,C[n+]1ccccc1,234AC0F3CD6F47CC7896BDA3EA945CA07EBAE235392EDCB2A08B4D796C9B49D7,GUEST_CAN_0641,PASS,AttentiveFP,3,family_cold,calixarene,2.0208740234375
777,30,15,C1C2=CC(=CC(=C2O)CC3=CC(=CC(=C3O)CC4=CC(=CC(=C4O)CC5=C(C(=CC(=C5)S(=O)(=O)[O-])CC6=C(C(=CC(=C6)S(=O)(=O)[O-])CC7=C(C1=CC(=C7)S(=O)(=O)[O-])O)O)O)S(=O)(=O)[O-])S(=O)(=O)[O-])S(=O)(=O)[O-],[O-]C(=O)CC(C(=O)O)N,calixarene,2.5490000247955322,O=S(=O)([O-])c1cc2c(O)c(c1)Cc1cc(S(=O)(=O)[O-])cc(c1O)Cc1cc(S(=O)(=O)[O-])cc(c1O)Cc1cc(S(=O)(=O)[O-])cc(c1O)Cc1cc(S(=O)(=O)[O-])cc(c1O)Cc1cc(S(=O)(=O)[O-])cc(c1O)C2,175E9D01D3A7DD7BE73E9B8659E8BAA0A16B2D5C4CCEFE3BEFED10121429BF10,HOST_CAN_0164,PASS,NC(CC(=O)[O-])C(=O)O,BB5F75F5A9C5B3B73A0A3B7339C8AC7150359761D5C24F8C1D742AB3AA3BCA26,GUEST_CAN_0731,PASS,AttentiveFP,3,family_cold,calixarene,1.7425403594970703
785,63,538,Oc1c2Cc3cc(cc(c3O)Cc3cc(cc(c3O)Cc3cc(cc(c3O)Cc3cc(cc(Cc4c(c(Cc5c(c(Cc6c(c(Cc1cc(c2)S(=O)(=O)[O-])cc(c6)S(=O)(=O)[O-])O)cc(c5)S(=O)(=O)[O-])O)cc(c4)S(=O)(=O)[O-])O)c3O)S(=O)(=O)[O-])S(=O)(=O)[O-])S(=O)(=O)[O-])S(=O)(=O)[O-],CC1=C2C=C(C(=CC2=CC3=[N+]1C=CC4=CC(=C(C=C43)OC)OC)OC)OC.[Cl-],calixarene,4.80620002746582,O=S(=O)([O-])c1cc2c(O)c(c1)Cc1cc(S(=O)(=O)[O-])cc(c1O)Cc1cc(S(=O)(=O)[O-])cc(c1O)Cc1cc(S(=O)(=O)[O-])cc(c1O)Cc1cc(S(=O)(=O)[O-])cc(c1O)Cc1cc(S(=O)(=O)[O-])cc(c1O)Cc1cc(S(=O)(=O)[O-])cc(c1O)Cc1cc(S(=O)(=O)[O-])cc(c1O)C2,3C24C9B25872FE0768A640DF44D242D9AEC5F3FA9C167A457997BAE8D628FFF1,HOST_CAN_0166,PASS,COc1cc2cc3c4cc(OC)c(OC)cc4cc[n+]3c(C)c2cc1OC.[Cl-],7C2EA846BA7CA8E9143143887B407353DC6C1C0B70DB9287063DF4A70F3F93EC,GUEST_CAN_0482,PASS,AttentiveFP,3,family_cold,calixarene,5.188183784484863
786,45,178,C1C2=CC(=CC=C2)CC3=CC(=CC=C3)CC4=CC=CC(=C4)CC5=CC=CC1=C5,C(CCN)CC(C(=O)O)N,calixarene,3.0,c1cc2cc(c1)Cc1cccc(c1)Cc1cccc(c1)Cc1cccc(c1)C2,001BA14F081450375618B4DEC192A3633931B27A166EE11658CCCBFAB45E327F,HOST_CAN_0183,PASS,NCCCCC(N)C(=O)O,BD55DE8B1F18BBBA0B9FB86FA685E52B4743F1B75F837E0522E8C602B3191BA0,GUEST_CAN_0785,PASS,AttentiveFP,3,family_cold,calixarene,3.40248966217041
787,1,120,C1C2=CC(=CC(=C2O)CC3=CC(=CC(=C3O)CC4=C(C(=CC(=C4)S(=O)(=O)O)CC5=C(C1=CC(=C5)S(=O)(=O)O)O)O)S(=O)(=O)O)S(=O)(=O)O,CC1=CC2=NC3=C(C=C(C=C3)N(C)C)N=C2C=C1N.Cl,calixarene,3.7853000164031982,O=S(=O)(O)c1cc2c(O)c(c1)Cc1cc(S(=O)(=O)O)cc(c1O)Cc1cc(S(=O)(=O)O)cc(c1O)Cc1cc(S(=O)(=O)O)cc(c1O)C2,C1130CCDC8DA0C6458EF6C2E07E7F3330D8F8B055CBE4DEAADB70DC00C8CDFC1,HOST_CAN_0154,PASS,Cc1cc2nc3ccc(N(C)C)cc3nc2cc1N.Cl,38DA61F40FBF04D6F8617D026997AD15F6CEDB2A1A227B5595A652A18AA9F05C,GUEST_CAN_0653,PASS,AttentiveFP,3,family_cold,calixarene,5.4936909675598145
790,1,539,C1C2=CC(=CC(=C2O)CC3=CC(=CC(=C3O)CC4=C(C(=CC(=C4)S(=O)(=O)O)CC5=C(C1=CC(=C5)S(=O)(=O)O)O)O)S(=O)(=O)O)S(=O)(=O)O,F[B-](F)(F)F.C1(=CC=CC=C1)C1=[O+]C(=CC(=C1)C1=CC=CC=C1)C1=CC=CC=C1,calixarene,4.328199863433838,O=S(=O)(O)c1cc2c(O)c(c1)Cc1cc(S(=O)(=O)O)cc(c1O)Cc1cc(S(=O)(=O)O)cc(c1O)Cc1cc(S(=O)(=O)O)cc(c1O)C2,C1130CCDC8DA0C6458EF6C2E07E7F3330D8F8B055CBE4DEAADB70DC00C8CDFC1,HOST_CAN_0154,PASS,F[B-](F)(F)F.c1ccc(-c2cc(-c3ccccc3)[o+]c(-c3ccccc3)c2)cc1,7F906225A097956B228C4DE7EBDEC7A09E166EFADC4E5C3998BEA654B86FA898,GUEST_CAN_0705,PASS,AttentiveFP,3,family_cold,calixarene,5.013923168182373
798,30,33,C1C2=CC(=CC(=C2O)CC3=CC(=CC(=C3O)CC4=CC(=CC(=C4O)CC5=C(C(=CC(=C5)S(=O)(=O)[O-])CC6=C(C(=CC(=C6)S(=O)(=O)[O-])CC7=C(C1=CC(=C7)S(=O)(=O)[O-])O)O)O)S(=O)(=O)[O-])S(=O)(=O)[O-])S(=O)(=O)[O-],CC(C(C)(C)C)OP(=O)(C)O,calixarene,1.9776999950408936,O=S(=O)([O-])c1cc2c(O)c(c1)Cc1cc(S(=O)(=O)[O-])cc(c1O)Cc1cc(S(=O)(=O)[O-])cc(c1O)Cc1cc(S(=O)(=O)[O-])cc(c1O)Cc1cc(S(=O)(=O)[O-])cc(c1O)Cc1cc(S(=O)(=O)[O-])cc(c1O)C2,175E9D01D3A7DD7BE73E9B8659E8BAA0A16B2D5C4CCEFE3BEFED10121429BF10,HOST_CAN_0164,PASS,CC(OP(C)(=O)O)C(C)(C)C,EA93B1F14F5A50406BE78502D314A0958B8DB0BE08FB8F2ECB4BA6B4CC9E6286,GUEST_CAN_0193,PASS,AttentiveFP,3,family_cold,calixarene,1.6830322742462158
802,137,547,Oc1c2cc(cc1Cc1cc(cc(c1O)Cc1cc(cc(c1O)Cc1c(c(Cc3c(c(C2)cc(c3)CS(=O)(=O)[O-])O)cc(c1)CS(=O)(=O)[O-])O)CS(=O)(=O)[O-])CS(=O)(=O)[O-])CS(=O)(=O)[O-],C[N+](C)(C)CCOC(=O)CCC(=O)OCC[N+](C)(C)C,calixarene,5.262499809265137,O=S(=O)([O-])Cc1cc2c(O)c(c1)Cc1cc(CS(=O)(=O)[O-])cc(c1O)Cc1cc(CS(=O)(=O)[O-])cc(c1O)Cc1cc(CS(=O)(=O)[O-])cc(c1O)Cc1cc(CS(=O)(=O)[O-])cc(c1O)C2,3F66642BA28686E03663642EB8388C7853135C75C42F0050CC6C46992F28AC09,HOST_CAN_0160,PASS,C[N+](C)(C)CCOC(=O)CCC(=O)OCC[N+](C)(C)C,168122AB36303795CD3BE42ABCB877822F79FBE84B0D42505E86A89CF28DB147,GUEST_CAN_0569,PASS,AttentiveFP,3,family_cold,calixarene,3.006936550140381
805,73,104,C1C2=CC(=CC(=C2O)CC3=CC(=CC(=C3O)CC4=CC(=CC(=C4O)CC5=C(C(=CC(=C5)S(=O)(=O)O)CC6=C(C1=CC(=C6)S(=O)(=O)O)O)O)S(=O)(=O)O)S(=O)(=O)O)S(=O)(=O)O,C1CC2CCC1N=N2,calixarene,1.3945000171661377,O=S(=O)(O)c1cc2c(O)c(c1)Cc1cc(S(=O)(=O)O)cc(c1O)Cc1cc(S(=O)(=O)O)cc(c1O)Cc1cc(S(=O)(=O)O)cc(c1O)Cc1cc(S(=O)(=O)O)cc(c1O)C2,CE64A1CA71928E5DE79CF9633E11D44D0BC2C175AB3D980BF8052807605CA8CC,HOST_CAN_0155,PASS,C1CC2CCC1N=N2,28524F2C321EA80222CEAE7EE74FE527F854D218FD4782A52CD6A817541C8DDA,GUEST_CAN_0024,PASS,AttentiveFP,3,family_cold,calixarene,2.691732406616211
808,1,551,C1C2=CC(=CC(=C2O)CC3=CC(=CC(=C3O)CC4=C(C(=CC(=C4)S(=O)(=O)O)CC5=C(C1=CC(=C5)S(=O)(=O)O)O)O)S(=O)(=O)O)S(=O)(=O)O,[La+3],calixarene,2.6050000190734863,O=S(=O)(O)c1cc2c(O)c(c1)Cc1cc(S(=O)(=O)O)cc(c1O)Cc1cc(S(=O)(=O)O)cc(c1O)Cc1cc(S(=O)(=O)O)cc(c1O)C2,C1130CCDC8DA0C6458EF6C2E07E7F3330D8F8B055CBE4DEAADB70DC00C8CDFC1,HOST_CAN_0154,PASS,[La+3],50FB0629866A50A238D7748F9F0E2CCD7B2624DE678D63139B21FE8E7C3AEF6D,GUEST_CAN_1070,PASS,AttentiveFP,3,family_cold,calixarene,3.734638214111328
818,1,557,C1C2=CC(=CC(=C2O)CC3=CC(=CC(=C3O)CC4=C(C(=CC(=C4)S(=O)(=O)O)CC5=C(C1=CC(=C5)S(=O)(=O)O)O)O)S(=O)(=O)O)S(=O)(=O)O,CN(C)C(=NCCCC(C(=O)O)N)N,calixarene,3.077699899673462,O=S(=O)(O)c1cc2c(O)c(c1)Cc1cc(S(=O)(=O)O)cc(c1O)Cc1cc(S(=O)(=O)O)cc(c1O)Cc1cc(S(=O)(=O)O)cc(c1O)C2,C1130CCDC8DA0C6458EF6C2E07E7F3330D8F8B055CBE4DEAADB70DC00C8CDFC1,HOST_CAN_0154,PASS,CN(C)C(N)=NCCCC(N)C(=O)O,8FECDFE6FD8E3AB55B038D0BDBF122796AB039E405A2214EC5BD150967E713AD,GUEST_CAN_0391,PASS,AttentiveFP,3,family_cold,calixarene,2.5321884155273438
820,24,301,OC1=C2C=C(S(=O)([O-])=O)C=C1CC3=C(O)C(CC4=CC(S(=O)([O-])=O)=CC(CC5=CC(S(=O)([O-])=O)=CC(CC6=CC(S(=O)([O-])=O)=CC(CC(C=C(S(=O)([O-])=O)C=C7C2)=C7O)=C6O)=C5O)=C4O)=CC(S(=O)([O-])=O)=C3.[Na+].[Na+].[Na+].[Na+].[Na+].[Na+],CC(=O)OCC[N+](C)(C)C,calixarene,3.7300000190734863,O=S(=O)([O-])c1cc2c(O)c(c1)Cc1cc(S(=O)(=O)[O-])cc(c1O)Cc1cc(S(=O)(=O)[O-])cc(c1O)Cc1cc(S(=O)(=O)[O-])cc(c1O)Cc1cc(S(=O)(=O)[O-])cc(c1O)Cc1cc(S(=O)(=O)[O-])cc(c1O)C2.[Na+].[Na+].[Na+].[Na+].[Na+].[Na+],2C1F820212E47C3BD5C15E73832EDE6A35C8C7920DDCE445D20F661D969CA26F,HOST_CAN_0165,PASS,CC(=O)OCC[N+](C)(C)C,84D51F4020B502D4D631E57EE68EFDE6A9760DA224964EB235142C0ADF7611B2,GUEST_CAN_0100,PASS,AttentiveFP,3,family_cold,calixarene,2.6074459552764893
824,30,559,C1C2=CC(=CC(=C2O)CC3=CC(=CC(=C3O)CC4=CC(=CC(=C4O)CC5=C(C(=CC(=C5)S(=O)(=O)[O-])CC6=C(C(=CC(=C6)S(=O)(=O)[O-])CC7=C(C1=CC(=C7)S(=O)(=O)[O-])O)O)O)S(=O)(=O)[O-])S(=O)(=O)[O-])S(=O)(=O)[O-],CCC(COC(=O)C1=CC(=C(C(=C1)OC)OC)OC)(C2=CC=CC=C2)N(C)C,calixarene,4.809500217437744,O=S(=O)([O-])c1cc2c(O)c(c1)Cc1cc(S(=O)(=O)[O-])cc(c1O)Cc1cc(S(=O)(=O)[O-])cc(c1O)Cc1cc(S(=O)(=O)[O-])cc(c1O)Cc1cc(S(=O)(=O)[O-])cc(c1O)Cc1cc(S(=O)(=O)[O-])cc(c1O)C2,175E9D01D3A7DD7BE73E9B8659E8BAA0A16B2D5C4CCEFE3BEFED10121429BF10,HOST_CAN_0164,PASS,CCC(COC(=O)c1cc(OC)c(OC)c(OC)c1)(c1ccccc1)N(C)C,8FF4B6324A457C57C099C820716A66D348B22787EF048D39E582F99F85E5290E,GUEST_CAN_0260,PASS,AttentiveFP,3,family_cold,calixarene,3.875694751739502
827,139,389,Oc1c2Cc3cc(N)cc(c3O)Cc3cc(cc(Cc4c(c(Cc1cc(c2)N)cc(N)c4)O)c3O)N,CC1C(C(CC(O1)OC2CC(CC3=C2C(=C4C(=C3O)C(=O)C5=C(C4=O)C(=CC=C5)OC)O)(C(=O)CO)O)N)O,calixarene,4.0,Nc1cc2c(O)c(c1)Cc1cc(N)cc(c1O)Cc1cc(N)cc(c1O)Cc1cc(N)cc(c1O)C2,7B9BCC020D8A5B4E379A7C1BEC086733022832265151879189B204E269014832,HOST_CAN_0115,PASS,COc1cccc2c1C(=O)c1c(O)c3c(c(O)c1C2=O)CC(O)(C(=O)CO)CC3OC1CC(N)C(O)C(C)O1,5E691EE01CBEED4195F6DBAC1948C0336399630FC27CE9AA76E2113537710ABA,GUEST_CAN_0506,PASS,AttentiveFP,3,family_cold,calixarene,3.5896284580230713
836,140,523,CCCOc1c2cccc1Cc1cc(cc(c1O)Cc1c(c(Cc3c(c(C2)cc(c3)C(P(=O)(O)O)O)O)ccc1)OCCC)C(P(=O)(O)O)O,C(C(=O)O)N,calixarene,3.8636999130249023,CCCOc1c2cccc1Cc1cc(C(O)P(=O)(O)O)cc(c1O)Cc1cccc(c1OCCC)Cc1cc(C(O)P(=O)(O)O)cc(c1O)C2,7E37A1448B69308BE97A832CBDB926DD75192CE13258A59AFE8AD733B0848296,HOST_CAN_0038,PASS,NCC(=O)O,30FE3809EFBE5F6B082D9B94D27A0C7C9ECD1364A816D59C3D31CE32BCDF848E,GUEST_CAN_0774,PASS,AttentiveFP,3,family_cold,calixarene,1.2830426692962646
838,16,178,NCCOc1c2Cc3cc(cc(c3O)Cc3cc(cc(Cc4c(c(Cc1cc(c2)S(=O)(=O)O)cc(c4)S(=O)(=O)O)O)c3O)S(=O)(=O)O)S(=O)(=O)O,C(CCN)CC(C(=O)O)N,calixarene,2.3053998947143555,NCCOc1c2cc(S(=O)(=O)O)cc1Cc1cc(S(=O)(=O)O)cc(c1O)Cc1cc(S(=O)(=O)O)cc(c1O)Cc1cc(S(=O)(=O)O)cc(c1O)C2,7D8C32DEDAD770C68375EE2FF28F9CCD81B4D3DB3816F51D3CC994E73708AEBC,HOST_CAN_0109,PASS,NCCCCC(N)C(=O)O,BD55DE8B1F18BBBA0B9FB86FA685E52B4743F1B75F837E0522E8C602B3191BA0,GUEST_CAN_0785,PASS,AttentiveFP,3,family_cold,calixarene,2.0998759269714355
841,45,72,C1C2=CC(=CC=C2)CC3=CC(=CC=C3)CC4=CC=CC(=C4)CC5=CC=CC1=C5,NC(C(=O)O)Cc1c[nH]cn1,calixarene,2.748199939727783,c1cc2cc(c1)Cc1cccc(c1)Cc1cccc(c1)Cc1cccc(c1)C2,001BA14F081450375618B4DEC192A3633931B27A166EE11658CCCBFAB45E327F,HOST_CAN_0183,PASS,NC(Cc1c[nH]cn1)C(=O)O,FB673C9EDBC2F6C509C14A12DA10308CC8AD4E94C32BC5F3BAD448FBAA74F381,GUEST_CAN_0741,PASS,AttentiveFP,3,family_cold,calixarene,3.485689163208008
843,46,509,C1C2=CC(=CC(=C2O)CC3=CC(=CC(=C3O)CC4=C(C(=CC(=C4)S(=O)(=O)O)CC5=C(C1=CC(=C5)S(=O)(=O)[O-])O)O)S(=O)(=O)O)S(=O)(=O)O.[Na+],C[N+](C)(C)CC(=O)[O-],calixarene,2.6191000938415527,O=S(=O)([O-])c1cc2c(O)c(c1)Cc1cc(S(=O)(=O)O)cc(c1O)Cc1cc(S(=O)(=O)O)cc(c1O)Cc1cc(S(=O)(=O)O)cc(c1O)C2.[Na+],CA94CECC10EDB9167B38E05C5D125873C9C1506ED227A3D9C6CBBCD696828A96,HOST_CAN_0163,PASS,C[N+](C)(C)CC(=O)[O-],CDF9A85CA59152226925EF410E18806C9C78B4FF8A35831070A291AB98CB9DD4,GUEST_CAN_0560,PASS,AttentiveFP,3,family_cold,calixarene,1.8909265995025635
844,141,372,CC(C)(C)C1=CC2=C(C(=C1)CC3=CC(=CC(=C3OCC(=O)OC)CC4=CC(=CC(=C4OCC(=O)OC)CC5=C(C(=CC(=C5)C(C)(C)C)C2)OCC(=O)OC)C(C)(C)C)C(C)(C)C)OCC(=O)OC,CCC(C)C1C(=O)NC2CSSCC(C(=O)NC(CSSCC(C(=O)NCC(=O)NC(C(=O)NC(C(=O)NC(C(=O)NC(C(=O)NC(C(=O)NC(C(=O)NC(C(=O)NC(C(=O)NC(C(=O)NC(C(=O)NC(CSSCC(NC(=O)C(NC(=O)C(NC(=O)C(NC(=O)C(NC(=O)C(NC(=O)C(NC(=O)C(NC(=O)C(NC2=O)CO)CC(C)C)CC3=CC=C(C=C3)O)CCC(=O)N)CC(C)C)CCC(=O)O)CC(=O)N)CC4=CC=C(C=C4)O)C(=O)NC(CC(=O)N)C(=O)O)C(=O)NCC(=O)NC(CCC(=O)O)C(=O)NC(CCCNC(=N)N)C(=O)NCC(=O)NC(CC5=CC=CC=C5)C(=O)NC(CC6=CC=CC=C6)C(=O)NC(CC7=CC=C(C=C7)O)C(=O)NC(C(C)O)C(=O)N8CCCC8C(=O)NC(CCCCN)C(=O)NC(C(C)O)C(=O)O)C(C)C)CC(C)C)CC9=CC=C(C=C9)O)CC(C)C)C)CCC(=O)O)C(C)C)CC(C)C)CC2=CNC=N2)CO)NC(=O)C(CC(C)C)NC(=O)C(CC2=CNC=N2)NC(=O)C(CCC(=O)N)NC(=O)C(CC(=O)N)NC(=O)C(C(C)C)NC(=O)C(CC2=CC=CC=C2)N)C(=O)NC(C(=O)NC(C(=O)N1)CO)C(C)O)NC(=O)C(CCC(=O)N)NC(=O)C(CCC(=O)O)NC(=O)C(C(C)C)NC(=O)C(C(C)CC)NC(=O)CN,calixarene,7.301000118255615,COC(=O)COc1c2cc(C(C)(C)C)cc1Cc1cc(C(C)(C)C)cc(c1OCC(=O)OC)Cc1cc(C(C)(C)C)cc(c1OCC(=O)OC)Cc1cc(C(C)(C)C)cc(c1OCC(=O)OC)C2,73B080974E03CCE5E7AF3A160529C27640F25944AB15DBB90917A7E7BD8278A2,HOST_CAN_0054,PASS,CCC(C)C(NC(=O)CN)C(=O)NC(C(=O)NC(CCC(=O)O)C(=O)NC(CCC(N)=O)C(=O)NC1CSSCC2NC(=O)C(C(C)CC)NC(=O)C(CO)NC(=O)C(C(C)O)NC(=O)C(CSSCC(NC(=O)C(CC(C)C)NC(=O)C(Cc3c[nH]cn3)NC(=O)C(CCC(N)=O)NC(=O)C(CC(N)=O)NC(=O)C(NC(=O)C(N)Cc3ccccc3)C(C)C)C(=O)NCC(=O)NC(CO)C(=O)NC(Cc3c[nH]cn3)C(=O)NC(CC(C)C)C(=O)NC(C(C)C)C(=O)NC(CCC(=O)O)C(=O)NC(C)C(=O)NC(CC(C)C)C(=O)NC(Cc3ccc(O)cc3)C(=O)NC(CC(C)C)C(=O)NC(C(C)C)C(=O)NC(C(=O)NCC(=O)NC(CCC(=O)O)C(=O)NC(CCCNC(=N)N)C(=O)NCC(=O)NC(Cc3ccccc3)C(=O)NC(Cc3ccccc3)C(=O)NC(Cc3ccc(O)cc3)C(=O)NC(C(=O)N3CCCC3C(=O)NC(CCCCN)C(=O)NC(C(=O)O)C(C)O)C(C)O)CSSCC(C(=O)NC(CC(N)=O)C(=O)O)NC(=O)C(Cc3ccc(O)cc3)NC(=O)C(CC(N)=O)NC(=O)C(CCC(=O)O)NC(=O)C(CC(C)C)NC(=O)C(CCC(N)=O)NC(=O)C(Cc3ccc(O)cc3)NC(=O)C(CC(C)C)NC(=O)C(CO)NC2=O)NC1=O)C(C)C,885EAF67B2FF10FCDED0B7729B3F203587A7D98B555D9C25FAC0D39560C307EF,GUEST_CAN_0259,PASS,AttentiveFP,3,family_cold,calixarene,6.404421806335449
845,133,57,OC1=C(CC2=CC(S(=O)([O-])=O)=CC(CC3=CC(S(=O)([O-])=O)=CC(CC4=CC(S(=O)([O-])=O)=CC(CC5=CC(S(=O)([O-])=O)=CC6=C5OCC(O)=O)=C4O)=C3O)=C2O)C=C(S(=O)([O-])=O)C=C1CC7=C(O)C(CC8=C(O)C(CC9=C(O)C(C6)=CC(S(=O)([O-])=O)=C9)=CC(S(=O)([O-])=O)=C8)=CC(S(=O)([O-])=O)=C7,OC(=O)C1CCCN1,calixarene,1.6990000009536743,O=C(O)COc1c2cc(S(=O)(=O)[O-])cc1Cc1cc(S(=O)(=O)[O-])cc(c1O)Cc1cc(S(=O)(=O)[O-])cc(c1O)Cc1cc(S(=O)(=O)[O-])cc(c1O)Cc1cc(S(=O)(=O)[O-])cc(c1O)Cc1cc(S(=O)(=O)[O-])cc(c1O)Cc1cc(S(=O)(=O)[O-])cc(c1O)Cc1cc(S(=O)(=O)[O-])cc(c1O)C2,035C2443DCD42EB5D85B11E9A688FB2E331A4D0CA7EB7848E0D32F221FD3DC33,HOST_CAN_0130,PASS,O=C(O)C1CCCN1,089AB51F23001BB951B8422598AD8ED1DBAD90EB1049857FB2A03F150DA120BA,GUEST_CAN_0869,PASS,AttentiveFP,3,family_cold,calixarene,2.9828343391418457
854,55,57,OC1=C(CC2=CC(S(=O)([O-])=O)=CC(CC3=C(O)C4=CC(S(=O)([O-])=O)=C3)=C2O)C=C(S(=O)([O-])=O)C=C1CC5=C(O)C(CC6=CC(S(=O)([O-])=O)=CC(CC7=CC(S(=O)([O-])=O)=CC(CC8=C(O)C(CC9=CC(S(=O)([O-])=O)=CC(C4)=C9O)=CC(S(=O)([O-])=O)=C8)=C7OCCN)=C6O)=CC(S(=O)([O-])=O)=C5,OC(=O)C1CCCN1,calixarene,1.8324999809265137,NCCOc1c2cc(S(=O)(=O)[O-])cc1Cc1cc(S(=O)(=O)[O-])cc(c1O)Cc1cc(S(=O)(=O)[O-])cc(c1O)Cc1cc(S(=O)(=O)[O-])cc(c1O)Cc1cc(S(=O)(=O)[O-])cc(c1O)Cc1cc(S(=O)(=O)[O-])cc(c1O)Cc1cc(S(=O)(=O)[O-])cc(c1O)Cc1cc(S(=O)(=O)[O-])cc(c1O)C2,46CD7FE84C8D6C4EF795EC2A85AC98203C8613778274664FF650C7423640E7D1,HOST_CAN_0112,PASS,O=C(O)C1CCCN1,089AB51F23001BB951B8422598AD8ED1DBAD90EB1049857FB2A03F150DA120BA,GUEST_CAN_0869,PASS,AttentiveFP,3,family_cold,calixarene,2.7777609825134277
860,106,581,CCCOC1=C2CC3=CC(P(OC)(O[Li])=O)=CC(CC4=C(OCCC)C(CC5=C(OCCC)C(CC1=CC(P(OC)(O[Li])=O)=C2)=CC(P(OC)(O[Li])=O)=C5)=CC(P(OC)(O[Li])=O)=C4)=C3OCCC,CC(C(C1=CC=CC=C1)O)NC.Cl,calixarene,1.6532000303268433,[Li][O]P(=O)(OC)c1cc2c(OCCC)c(c1)Cc1cc(P(=O)([O][Li])OC)cc(c1OCCC)Cc1cc(P(=O)([O][Li])OC)cc(c1OCCC)Cc1cc(P(=O)([O][Li])OC)cc(c1OCCC)C2,7E35E77A746111D0F7C2AD48B4236AD5F23EBD686B02C0BEF4D3F0D97CE016F4,HOST_CAN_0180,PASS,CNC(C)C(O)c1ccccc1.Cl,D8615678964D3FE4EDA3B93E790EE8198756976629150E32922E603E5F5196BF,GUEST_CAN_0426,PASS,AttentiveFP,3,family_cold,calixarene,2.0475828647613525
862,1,314,C1C2=CC(=CC(=C2O)CC3=CC(=CC(=C3O)CC4=C(C(=CC(=C4)S(=O)(=O)O)CC5=C(C1=CC(=C5)S(=O)(=O)O)O)O)S(=O)(=O)O)S(=O)(=O)O,C(C(=O)NCC(=O)O)N,calixarene,2.990000009536743,O=S(=O)(O)c1cc2c(O)c(c1)Cc1cc(S(=O)(=O)O)cc(c1O)Cc1cc(S(=O)(=O)O)cc(c1O)Cc1cc(S(=O)(=O)O)cc(c1O)C2,C1130CCDC8DA0C6458EF6C2E07E7F3330D8F8B055CBE4DEAADB70DC00C8CDFC1,HOST_CAN_0154,PASS,NCC(=O)NCC(=O)O,CBCC05D0D71B7353262B49DA950175F7023233A16A2FEDFC4011D88F9F93B0FB,GUEST_CAN_0770,PASS,AttentiveFP,3,family_cold,calixarene,1.4974749088287354
870,73,587,C1C2=CC(=CC(=C2O)CC3=CC(=CC(=C3O)CC4=CC(=CC(=C4O)CC5=C(C(=CC(=C5)S(=O)(=O)O)CC6=C(C1=CC(=C6)S(=O)(=O)O)O)O)S(=O)(=O)O)S(=O)(=O)O)S(=O)(=O)O,C[n+]1ccc(cc1)c1cc[n+](cc1)C.[I-].[I-],calixarene,3.740000009536743,O=S(=O)(O)c1cc2c(O)c(c1)Cc1cc(S(=O)(=O)O)cc(c1O)Cc1cc(S(=O)(=O)O)cc(c1O)Cc1cc(S(=O)(=O)O)cc(c1O)Cc1cc(S(=O)(=O)O)cc(c1O)C2,CE64A1CA71928E5DE79CF9633E11D44D0BC2C175AB3D980BF8052807605CA8CC,HOST_CAN_0155,PASS,C[n+]1ccc(-c2cc[n+](C)cc2)cc1.[I-].[I-],FCA491A8B5C9289D74A682B83E3A35C297EDED2C00F5851674CB19F5C3125200,GUEST_CAN_0624,PASS,AttentiveFP,3,family_cold,calixarene,4.430283069610596
871,32,588,OC(=O)c1ccc(cc1)N=Nc1cc2Cc3cc(N=Nc4ccc(cc4)C(=O)O)cc(c3O)Cc3cc(cc(Cc4c(c(Cc(c1)c2O)cc(N=Nc1ccc(cc1)C(=O)O)c4)O)c3O)/N=N/c1ccc(cc1)C(=O)O,C1(=CC=CC=C1)/C(=C(\CC)/C1=CC=CC=C1)/C1=CC=C(OCCN(C)C)C=C1,calixarene,5.301000118255615,O=C(O)c1ccc(N=Nc2cc3c(O)c(c2)Cc2cc(N=Nc4ccc(C(=O)O)cc4)cc(c2O)Cc2cc(/N=N/c4ccc(C(=O)O)cc4)cc(c2O)Cc2cc(N=Nc4ccc(C(=O)O)cc4)cc(c2O)C3)cc1,5B585DBFF951CBB98E465DBECF308ACBE2EAF8773CE9C58156BE700CBB287248,HOST_CAN_0134,PASS,CC/C(=C(\c1ccccc1)c1ccc(OCCN(C)C)cc1)c1ccccc1,5ACDA16CB277C39C304264A8998B93023328B939D55AAAE2BB19D9B80C4E63B6,GUEST_CAN_0198,PASS,AttentiveFP,3,family_cold,calixarene,5.607176780700684
878,79,593,OC(=O)COc1c2cccc1Cc1cccc(c1OCC(=O)O)Cc1c(c(Cc3c(c(C2)ccc3)OCC(=O)O)ccc1)OCC(=O)O,C[N+](C)(C)CC1=CC=C([N+]([O-])=O)C=C1,calixarene,1.7000000476837158,O=C(O)COc1c2cccc1Cc1cccc(c1OCC(=O)O)Cc1cccc(c1OCC(=O)O)Cc1cccc(c1OCC(=O)O)C2,31282512BE72F48E4C936E57F962376202BAF175B8430F712603BAF04D68B020,HOST_CAN_0131,PASS,C[N+](C)(C)Cc1ccc([N+](=O)[O-])cc1,C81DFE1142CCEAC17EA508E9FB9CE73991FEBBC991F7E13643BFF32A03784961,GUEST_CAN_0576,PASS,AttentiveFP,3,family_cold,calixarene,3.9016809463500977
880,22,485,Oc1c2Sc3cc(cc(c3O)Sc3cc(cc(Sc4c(c(Sc1cc(c2)S(=O)(=O)O)cc(c4)S(=O)(=O)O)O)c3O)S(=O)(=O)O)S(=O)(=O)O,ClC1=NC(=CC=C1)Cl,calixarene,2.365499973297119,O=S(=O)(O)c1cc2c(O)c(c1)Sc1cc(S(=O)(=O)O)cc(c1O)Sc1cc(S(=O)(=O)O)cc(c1O)Sc1cc(S(=O)(=O)O)cc(c1O)S2,5FE888C1FB51BDA35D21231A31EDB8203ACD56DD9744D0C6B83351EC668D4256,HOST_CAN_0156,PASS,Clc1cccc(Cl)n1,F99C2DB8D2CBC7A67472F57ED1158EC152D2450250D4DCA428CFF0CFA33DB2A6,GUEST_CAN_0699,PASS,AttentiveFP,3,family_cold,calixarene,2.3514437675476074
884,25,376,CCCOc1c2Cc3cc(cc(c3OCCC)Cc3cc(cc(Cc4c(c(Cc1cc(c2)P(=O)(O)O)cc(c4)P(=O)(O)O)OCCC)c3OCCC)P(=O)(O)O)P(=O)(O)O,C(CO)N.Cl,calixarene,1.0413999557495117,CCCOc1c2cc(P(=O)(O)O)cc1Cc1cc(P(=O)(O)O)cc(c1OCCC)Cc1cc(P(=O)(O)O)cc(c1OCCC)Cc1cc(P(=O)(O)O)cc(c1OCCC)C2,C043E79A34829EDDBE86C6FC09E756E7D0FDCE1A2BB383803C5CAA52B9480850,HOST_CAN_0037,PASS,Cl.NCCO,B8BFC7F3AB287F02D64B1AF5D74B52A154A02E551CB075B8B8621A2F056ECCD2,GUEST_CAN_0689,PASS,AttentiveFP,3,family_cold,calixarene,1.7382166385650635
889,1,105,C1C2=CC(=CC(=C2O)CC3=CC(=CC(=C3O)CC4=C(C(=CC(=C4)S(=O)(=O)O)CC5=C(C1=CC(=C5)S(=O)(=O)O)O)O)S(=O)(=O)O)S(=O)(=O)O,C[N+]12CC[N+](CC1)(CC2)C,calixarene,7.17609977722168,O=S(=O)(O)c1cc2c(O)c(c1)Cc1cc(S(=O)(=O)O)cc(c1O)Cc1cc(S(=O)(=O)O)cc(c1O)Cc1cc(S(=O)(=O)O)cc(c1O)C2,C1130CCDC8DA0C6458EF6C2E07E7F3330D8F8B055CBE4DEAADB70DC00C8CDFC1,HOST_CAN_0154,PASS,C[N+]12CC[N+](C)(CC1)CC2,4A0B3FB25D57A204AAAED1CCC06C3AECC941629302D2B322E7A56F6DC2436CD2,GUEST_CAN_0605,PASS,AttentiveFP,3,family_cold,calixarene,7.761983871459961
890,1,374,C1C2=CC(=CC(=C2O)CC3=CC(=CC(=C3O)CC4=C(C(=CC(=C4)S(=O)(=O)O)CC5=C(C1=CC(=C5)S(=O)(=O)O)O)O)S(=O)(=O)O)S(=O)(=O)O,OCC(C(=O)NC(C(=O)N1CCCC1C(=O)NC(C(=O)N)Cc1ccc(cc1)O)C)NC(=O)C(NC(=O)C(NC(=O)C(NC(=O)C(NC(=O)C)C)C)CCCNC(=N)N)CCCC[N+](C)(C)C,calixarene,5.267199993133545,O=S(=O)(O)c1cc2c(O)c(c1)Cc1cc(S(=O)(=O)O)cc(c1O)Cc1cc(S(=O)(=O)O)cc(c1O)Cc1cc(S(=O)(=O)O)cc(c1O)C2,C1130CCDC8DA0C6458EF6C2E07E7F3330D8F8B055CBE4DEAADB70DC00C8CDFC1,HOST_CAN_0154,PASS,CC(=O)NC(C)C(=O)NC(C)C(=O)NC(CCCNC(=N)N)C(=O)NC(CCCC[N+](C)(C)C)C(=O)NC(CO)C(=O)NC(C)C(=O)N1CCCC1C(=O)NC(Cc1ccc(O)cc1)C(N)=O,934A862FD875337749D4F733791F261D712391A6D4CB302C520246E780F7D911,GUEST_CAN_0067,PASS,AttentiveFP,3,family_cold,calixarene,3.8736307621002197
892,1,398,C1C2=CC(=CC(=C2O)CC3=CC(=CC(=C3O)CC4=C(C(=CC(=C4)S(=O)(=O)O)CC5=C(C1=CC(=C5)S(=O)(=O)O)O)O)S(=O)(=O)O)S(=O)(=O)O,C(CCCC)O,calixarene,1.6299999952316284,O=S(=O)(O)c1cc2c(O)c(c1)Cc1cc(S(=O)(=O)O)cc(c1O)Cc1cc(S(=O)(=O)O)cc(c1O)Cc1cc(S(=O)(=O)O)cc(c1O)C2,C1130CCDC8DA0C6458EF6C2E07E7F3330D8F8B055CBE4DEAADB70DC00C8CDFC1,HOST_CAN_0154,PASS,CCCCCO,64D1BEDCA3AD9A1D51E4CD33942B548F132A9D77C656AB793A10C46594F30167,GUEST_CAN_0305,PASS,AttentiveFP,3,family_cold,calixarene,1.7789053916931152
893,97,476,Oc1c2Cc3cc(cc(c3O)Cc3cc(cc(Cc4c(c(Cc1cc(c2)CS(=O)(=O)[O-])cc(c4)CS(=O)(=O)[O-])O)c3O)CS(=O)(=O)[O-])CS(=O)(=O)[O-],C[n+]1c2ccccc2c(c2c1cccc2)c1c2ccccc2[n+](c2c1cccc2)C.[O-][N+](=O)[O-].[O-][N+](=O)[O-],calixarene,5.342400074005127,O=S(=O)([O-])Cc1cc2c(O)c(c1)Cc1cc(CS(=O)(=O)[O-])cc(c1O)Cc1cc(CS(=O)(=O)[O-])cc(c1O)Cc1cc(CS(=O)(=O)[O-])cc(c1O)C2,6C2781D41B8CAD714B4AF531A18425F9ED354E810FB86EEACD62378860EDFA3D,HOST_CAN_0159,PASS,C[n+]1c2ccccc2c(-c2c3ccccc3[n+](C)c3ccccc23)c2ccccc21.O=[N+]([O-])[O-].O=[N+]([O-])[O-],D4D263F20E807DCE8290909D48E9092725AF7020357CB313B6E2612BD76C3B4C,GUEST_CAN_0617,PASS,AttentiveFP,3,family_cold,calixarene,5.022470474243164
894,1,599,C1C2=CC(=CC(=C2O)CC3=CC(=CC(=C3O)CC4=C(C(=CC(=C4)S(=O)(=O)O)CC5=C(C1=CC(=C5)S(=O)(=O)O)O)O)S(=O)(=O)O)S(=O)(=O)O,CC(c1ccccc1[N+](=O)[O-])OCC[N+](C)(C)C,calixarene,4.17609977722168,O=S(=O)(O)c1cc2c(O)c(c1)Cc1cc(S(=O)(=O)O)cc(c1O)Cc1cc(S(=O)(=O)O)cc(c1O)Cc1cc(S(=O)(=O)O)cc(c1O)C2,C1130CCDC8DA0C6458EF6C2E07E7F3330D8F8B055CBE4DEAADB70DC00C8CDFC1,HOST_CAN_0154,PASS,CC(OCC[N+](C)(C)C)c1ccccc1[N+](=O)[O-],564C2BD700BE3B4AC81778858439198198D65A7C0BD9F3BB910237FE048B6847,GUEST_CAN_0191,PASS,AttentiveFP,3,family_cold,calixarene,3.5994627475738525
899,106,604,CCCOC1=C2CC3=CC(P(OC)(O[Li])=O)=CC(CC4=C(OCCC)C(CC5=C(OCCC)C(CC1=CC(P(OC)(O[Li])=O)=C2)=CC(P(OC)(O[Li])=O)=C5)=CC(P(OC)(O[Li])=O)=C4)=C3OCCC,C1=CC=C(C=C1)CN.Cl,calixarene,1.0,[Li][O]P(=O)(OC)c1cc2c(OCCC)c(c1)Cc1cc(P(=O)([O][Li])OC)cc(c1OCCC)Cc1cc(P(=O)([O][Li])OC)cc(c1OCCC)Cc1cc(P(=O)([O][Li])OC)cc(c1OCCC)C2,7E35E77A746111D0F7C2AD48B4236AD5F23EBD686B02C0BEF4D3F0D97CE016F4,HOST_CAN_0180,PASS,Cl.NCc1ccccc1,940B23638656F8FE23E14ED8A0BBBA6E62D42F8FE7C323CF9C1D5C7983D012F0,GUEST_CAN_0694,PASS,AttentiveFP,3,family_cold,calixarene,2.0257956981658936
901,42,56,OC1=C(CC2=CC(S(=O)([O-])=O)=CC(CC(C=C3S(=O)([O-])=O)=C4OCC(N)=O)=C2O)C=C(S(=O)([O-])=O)C=C1CC5=CC(S(=O)([O-])=O)=CC(CC4=C3)=C5O,CCCC(C(=O)O)N,calixarene,2.4377999305725098,NC(=O)COc1c2cc(S(=O)(=O)[O-])cc1Cc1cc(S(=O)(=O)[O-])cc(c1O)Cc1cc(S(=O)(=O)[O-])cc(c1O)Cc1cc(S(=O)(=O)[O-])cc(c1O)C2,1F2BEDA02D00DC2C1A2D3A5BD5460849E045F21D3B673D4626094BA71BDA0464,HOST_CAN_0104,PASS,CCCC(N)C(=O)O,81F3215F9F46874A7436620E7AD92167936CF997FB3F203D4397A018C4B56861,GUEST_CAN_0268,PASS,AttentiveFP,3,family_cold,calixarene,1.6613025665283203
902,1,605,C1C2=CC(=CC(=C2O)CC3=CC(=CC(=C3O)CC4=C(C(=CC(=C4)S(=O)(=O)O)CC5=C(C1=CC(=C5)S(=O)(=O)O)O)O)S(=O)(=O)O)S(=O)(=O)O,CC1(C)C(/C=C/C2=C([O-])C=CC([N+]([O-])=O)=C2)=[N+](CCO)C3=CC=CC=C31,calixarene,3.544100046157837,O=S(=O)(O)c1cc2c(O)c(c1)Cc1cc(S(=O)(=O)O)cc(c1O)Cc1cc(S(=O)(=O)O)cc(c1O)Cc1cc(S(=O)(=O)O)cc(c1O)C2,C1130CCDC8DA0C6458EF6C2E07E7F3330D8F8B055CBE4DEAADB70DC00C8CDFC1,HOST_CAN_0154,PASS,CC1(C)C(/C=C/c2cc([N+](=O)[O-])ccc2[O-])=[N+](CCO)c2ccccc21,144A51A235A50D485F4E5A7B22995D3A39E2CF9EC0F9970C460E9E7F213BAD85,GUEST_CAN_0202,PASS,AttentiveFP,3,family_cold,calixarene,4.188745975494385
904,141,178,CC(C)(C)C1=CC2=C(C(=C1)CC3=CC(=CC(=C3OCC(=O)OC)CC4=CC(=CC(=C4OCC(=O)OC)CC5=C(C(=CC(=C5)C(C)(C)C)C2)OCC(=O)OC)C(C)(C)C)C(C)(C)C)OCC(=O)OC,C(CCN)CC(C(=O)O)N,calixarene,2.477099895477295,COC(=O)COc1c2cc(C(C)(C)C)cc1Cc1cc(C(C)(C)C)cc(c1OCC(=O)OC)Cc1cc(C(C)(C)C)cc(c1OCC(=O)OC)Cc1cc(C(C)(C)C)cc(c1OCC(=O)OC)C2,73B080974E03CCE5E7AF3A160529C27640F25944AB15DBB90917A7E7BD8278A2,HOST_CAN_0054,PASS,NCCCCC(N)C(=O)O,BD55DE8B1F18BBBA0B9FB86FA685E52B4743F1B75F837E0522E8C602B3191BA0,GUEST_CAN_0785,PASS,AttentiveFP,3,family_cold,calixarene,1.7900371551513672
906,14,57,NCCOc1c2Cc3cc(cc(c3O)Cc3cc(cc(c3O)Cc3cc(cc(Cc4c(c(Cc5c(c(Cc1cc(c2)S(=O)(=O)O)cc(c5)S(=O)(=O)O)O)cc(c4)S(=O)(=O)O)O)c3O)S(=O)(=O)O)S(=O)(=O)O)S(=O)(=O)O,OC(=O)C1CCCN1,calixarene,2.5527000427246094,NCCOc1c2cc(S(=O)(=O)O)cc1Cc1cc(S(=O)(=O)O)cc(c1O)Cc1cc(S(=O)(=O)O)cc(c1O)Cc1cc(S(=O)(=O)O)cc(c1O)Cc1cc(S(=O)(=O)O)cc(c1O)Cc1cc(S(=O)(=O)O)cc(c1O)C2,C787A22C599703D921FA29CACAF002E9FF6ED12C44482B2905C84DCBDD5B4AC1,HOST_CAN_0110,PASS,O=C(O)C1CCCN1,089AB51F23001BB951B8422598AD8ED1DBAD90EB1049857FB2A03F150DA120BA,GUEST_CAN_0869,PASS,AttentiveFP,3,family_cold,calixarene,2.042463779449463
908,14,18,NCCOc1c2Cc3cc(cc(c3O)Cc3cc(cc(c3O)Cc3cc(cc(Cc4c(c(Cc5c(c(Cc1cc(c2)S(=O)(=O)O)cc(c5)S(=O)(=O)O)O)cc(c4)S(=O)(=O)O)O)c3O)S(=O)(=O)O)S(=O)(=O)O)S(=O)(=O)O,OC(=O)C(Cc1c[nH]c2c1cccc2)N,calixarene,3.4735000133514404,NCCOc1c2cc(S(=O)(=O)O)cc1Cc1cc(S(=O)(=O)O)cc(c1O)Cc1cc(S(=O)(=O)O)cc(c1O)Cc1cc(S(=O)(=O)O)cc(c1O)Cc1cc(S(=O)(=O)O)cc(c1O)Cc1cc(S(=O)(=O)O)cc(c1O)C2,C787A22C599703D921FA29CACAF002E9FF6ED12C44482B2905C84DCBDD5B4AC1,HOST_CAN_0110,PASS,NC(Cc1c[nH]c2ccccc12)C(=O)O,640E1867764F94CAFE2D991B23E1B000681C8619E07309C47EB26888B7938B6E,GUEST_CAN_0740,PASS,AttentiveFP,3,family_cold,calixarene,2.959630250930786
913,30,77,C1C2=CC(=CC(=C2O)CC3=CC(=CC(=C3O)CC4=CC(=CC(=C4O)CC5=C(C(=CC(=C5)S(=O)(=O)[O-])CC6=C(C(=CC(=C6)S(=O)(=O)[O-])CC7=C(C1=CC(=C7)S(=O)(=O)[O-])O)O)O)S(=O)(=O)[O-])S(=O)(=O)[O-])S(=O)(=O)[O-],C(CCN)CC(C(=O)NC(CCCCN)C(=O)O)N,calixarene,3.3617000579833984,O=S(=O)([O-])c1cc2c(O)c(c1)Cc1cc(S(=O)(=O)[O-])cc(c1O)Cc1cc(S(=O)(=O)[O-])cc(c1O)Cc1cc(S(=O)(=O)[O-])cc(c1O)Cc1cc(S(=O)(=O)[O-])cc(c1O)Cc1cc(S(=O)(=O)[O-])cc(c1O)C2,175E9D01D3A7DD7BE73E9B8659E8BAA0A16B2D5C4CCEFE3BEFED10121429BF10,HOST_CAN_0164,PASS,NCCCCC(N)C(=O)NC(CCCCN)C(=O)O,5C7BC58C90DD642A232916F464595403796C7B2B0D5EDD8335D8947598187999,GUEST_CAN_0783,PASS,AttentiveFP,3,family_cold,calixarene,3.577399969100952
921,1,572,C1C2=CC(=CC(=C2O)CC3=CC(=CC(=C3O)CC4=C(C(=CC(=C4)S(=O)(=O)O)CC5=C(C1=CC(=C5)S(=O)(=O)O)O)O)S(=O)(=O)O)S(=O)(=O)O,CC(C)C(C(=O)O)N,calixarene,3.200000047683716,O=S(=O)(O)c1cc2c(O)c(c1)Cc1cc(S(=O)(=O)O)cc(c1O)Cc1cc(S(=O)(=O)O)cc(c1O)Cc1cc(S(=O)(=O)O)cc(c1O)C2,C1130CCDC8DA0C6458EF6C2E07E7F3330D8F8B055CBE4DEAADB70DC00C8CDFC1,HOST_CAN_0154,PASS,CC(C)C(N)C(=O)O,EAAD6355EDB48BD09CF062EA5EAA7075212160A98BDA6E749F91F85D2319B476,GUEST_CAN_0126,PASS,AttentiveFP,3,family_cold,calixarene,1.5008399486541748
925,63,15,Oc1c2Cc3cc(cc(c3O)Cc3cc(cc(c3O)Cc3cc(cc(c3O)Cc3cc(cc(Cc4c(c(Cc5c(c(Cc6c(c(Cc1cc(c2)S(=O)(=O)[O-])cc(c6)S(=O)(=O)[O-])O)cc(c5)S(=O)(=O)[O-])O)cc(c4)S(=O)(=O)[O-])O)c3O)S(=O)(=O)[O-])S(=O)(=O)[O-])S(=O)(=O)[O-])S(=O)(=O)[O-],[O-]C(=O)CC(C(=O)O)N,calixarene,2.7881999015808105,O=S(=O)([O-])c1cc2c(O)c(c1)Cc1cc(S(=O)(=O)[O-])cc(c1O)Cc1cc(S(=O)(=O)[O-])cc(c1O)Cc1cc(S(=O)(=O)[O-])cc(c1O)Cc1cc(S(=O)(=O)[O-])cc(c1O)Cc1cc(S(=O)(=O)[O-])cc(c1O)Cc1cc(S(=O)(=O)[O-])cc(c1O)Cc1cc(S(=O)(=O)[O-])cc(c1O)C2,3C24C9B25872FE0768A640DF44D242D9AEC5F3FA9C167A457997BAE8D628FFF1,HOST_CAN_0166,PASS,NC(CC(=O)[O-])C(=O)O,BB5F75F5A9C5B3B73A0A3B7339C8AC7150359761D5C24F8C1D742AB3AA3BCA26,GUEST_CAN_0731,PASS,AttentiveFP,3,family_cold,calixarene,2.465890884399414
926,1,619,C1C2=CC(=CC(=C2O)CC3=CC(=CC(=C3O)CC4=C(C(=CC(=C4)S(=O)(=O)O)CC5=C(C1=CC(=C5)S(=O)(=O)O)O)O)S(=O)(=O)O)S(=O)(=O)O,[NH3+]CCCCC(C(=O)[O-])[NH3+],calixarene,2.869999885559082,O=S(=O)(O)c1cc2c(O)c(c1)Cc1cc(S(=O)(=O)O)cc(c1O)Cc1cc(S(=O)(=O)O)cc(c1O)Cc1cc(S(=O)(=O)O)cc(c1O)C2,C1130CCDC8DA0C6458EF6C2E07E7F3330D8F8B055CBE4DEAADB70DC00C8CDFC1,HOST_CAN_0154,PASS,[NH3+]CCCCC([NH3+])C(=O)[O-],088DBB3507C5E834DBD8033C58FA7844D3BEFFBB26E20C59DF5E0BD12C1A39BF,GUEST_CAN_1082,PASS,AttentiveFP,3,family_cold,calixarene,2.7869796752929688
928,46,31,C1C2=CC(=CC(=C2O)CC3=CC(=CC(=C3O)CC4=C(C(=CC(=C4)S(=O)(=O)O)CC5=C(C1=CC(=C5)S(=O)(=O)[O-])O)O)S(=O)(=O)O)S(=O)(=O)O.[Na+],CC(=O)OC(CC(=O)[O-])C[N+](C)(C)C,calixarene,2.8115999698638916,O=S(=O)([O-])c1cc2c(O)c(c1)Cc1cc(S(=O)(=O)O)cc(c1O)Cc1cc(S(=O)(=O)O)cc(c1O)Cc1cc(S(=O)(=O)O)cc(c1O)C2.[Na+],CA94CECC10EDB9167B38E05C5D125873C9C1506ED227A3D9C6CBBCD696828A96,HOST_CAN_0163,PASS,CC(=O)OC(CC(=O)[O-])C[N+](C)(C)C,84F3DE3A4774B1F6AF116A86D71ECC8AE9DDDEEB6CDC576B42DD15BBFC1D17CE,GUEST_CAN_0094,PASS,AttentiveFP,3,family_cold,calixarene,1.9974415302276611
932,1,497,C1C2=CC(=CC(=C2O)CC3=CC(=CC(=C3O)CC4=C(C(=CC(=C4)S(=O)(=O)O)CC5=C(C1=CC(=C5)S(=O)(=O)O)O)O)S(=O)(=O)O)S(=O)(=O)O,C1CC2CC1N=N2,calixarene,2.829200029373169,O=S(=O)(O)c1cc2c(O)c(c1)Cc1cc(S(=O)(=O)O)cc(c1O)Cc1cc(S(=O)(=O)O)cc(c1O)Cc1cc(S(=O)(=O)O)cc(c1O)C2,C1130CCDC8DA0C6458EF6C2E07E7F3330D8F8B055CBE4DEAADB70DC00C8CDFC1,HOST_CAN_0154,PASS,C1CC2CC1N=N2,A2496E9CCE3928D5E2403BB21D4F1D008596E587754FBC1A3268F4A4C1D0C131,GUEST_CAN_0020,PASS,AttentiveFP,3,family_cold,calixarene,2.7640576362609863
935,1,624,C1C2=CC(=CC(=C2O)CC3=CC(=CC(=C3O)CC4=C(C(=CC(=C4)S(=O)(=O)O)CC5=C(C1=CC(=C5)S(=O)(=O)O)O)O)S(=O)(=O)O)S(=O)(=O)O,CCNC(=[NH2+])N,calixarene,3.259999990463257,O=S(=O)(O)c1cc2c(O)c(c1)Cc1cc(S(=O)(=O)O)cc(c1O)Cc1cc(S(=O)(=O)O)cc(c1O)Cc1cc(S(=O)(=O)O)cc(c1O)C2,C1130CCDC8DA0C6458EF6C2E07E7F3330D8F8B055CBE4DEAADB70DC00C8CDFC1,HOST_CAN_0154,PASS,CCNC(N)=[NH2+],DCBCF2FA972F537C9D596B99499AE02E4B4460D1959DD7A5BFDC5056DF958704,GUEST_CAN_0358,PASS,AttentiveFP,3,family_cold,calixarene,2.8916516304016113
939,30,57,C1C2=CC(=CC(=C2O)CC3=CC(=CC(=C3O)CC4=CC(=CC(=C4O)CC5=C(C(=CC(=C5)S(=O)(=O)[O-])CC6=C(C(=CC(=C6)S(=O)(=O)[O-])CC7=C(C1=CC(=C7)S(=O)(=O)[O-])O)O)O)S(=O)(=O)[O-])S(=O)(=O)[O-])S(=O)(=O)[O-],OC(=O)C1CCCN1,calixarene,2.2304000854492188,O=S(=O)([O-])c1cc2c(O)c(c1)Cc1cc(S(=O)(=O)[O-])cc(c1O)Cc1cc(S(=O)(=O)[O-])cc(c1O)Cc1cc(S(=O)(=O)[O-])cc(c1O)Cc1cc(S(=O)(=O)[O-])cc(c1O)Cc1cc(S(=O)(=O)[O-])cc(c1O)C2,175E9D01D3A7DD7BE73E9B8659E8BAA0A16B2D5C4CCEFE3BEFED10121429BF10,HOST_CAN_0164,PASS,O=C(O)C1CCCN1,089AB51F23001BB951B8422598AD8ED1DBAD90EB1049857FB2A03F150DA120BA,GUEST_CAN_0869,PASS,AttentiveFP,3,family_cold,calixarene,2.052690029144287
943,46,476,C1C2=CC(=CC(=C2O)CC3=CC(=CC(=C3O)CC4=C(C(=CC(=C4)S(=O)(=O)O)CC5=C(C1=CC(=C5)S(=O)(=O)[O-])O)O)S(=O)(=O)O)S(=O)(=O)O.[Na+],C[n+]1c2ccccc2c(c2c1cccc2)c1c2ccccc2[n+](c2c1cccc2)C.[O-][N+](=O)[O-].[O-][N+](=O)[O-],calixarene,6.679699897766113,O=S(=O)([O-])c1cc2c(O)c(c1)Cc1cc(S(=O)(=O)O)cc(c1O)Cc1cc(S(=O)(=O)O)cc(c1O)Cc1cc(S(=O)(=O)O)cc(c1O)C2.[Na+],CA94CECC10EDB9167B38E05C5D125873C9C1506ED227A3D9C6CBBCD696828A96,HOST_CAN_0163,PASS,C[n+]1c2ccccc2c(-c2c3ccccc3[n+](C)c3ccccc23)c2ccccc21.O=[N+]([O-])[O-].O=[N+]([O-])[O-],D4D263F20E807DCE8290909D48E9092725AF7020357CB313B6E2612BD76C3B4C,GUEST_CAN_0617,PASS,AttentiveFP,3,family_cold,calixarene,5.18259334564209
952,1,630,C1C2=CC(=CC(=C2O)CC3=CC(=CC(=C3O)CC4=C(C(=CC(=C4)S(=O)(=O)O)CC5=C(C1=CC(=C5)S(=O)(=O)O)O)O)S(=O)(=O)O)S(=O)(=O)O,CC(=O)NCCCCC(C(=O)O)N,calixarene,1.0799000263214111,O=S(=O)(O)c1cc2c(O)c(c1)Cc1cc(S(=O)(=O)O)cc(c1O)Cc1cc(S(=O)(=O)O)cc(c1O)Cc1cc(S(=O)(=O)O)cc(c1O)C2,C1130CCDC8DA0C6458EF6C2E07E7F3330D8F8B055CBE4DEAADB70DC00C8CDFC1,HOST_CAN_0154,PASS,CC(=O)NCCCCC(N)C(=O)O,4B432548414F64AF99E0FAD8549299C24B1295032042F7A161EE1DD6B8060367,GUEST_CAN_0085,PASS,AttentiveFP,3,family_cold,calixarene,2.046938896179199
963,1,64,C1C2=CC(=CC(=C2O)CC3=CC(=CC(=C3O)CC4=C(C(=CC(=C4)S(=O)(=O)O)CC5=C(C1=CC(=C5)S(=O)(=O)O)O)O)S(=O)(=O)O)S(=O)(=O)O,COC1=C(C=CC(=C1)C=CC(=O)O)O,calixarene,4.211900234222412,O=S(=O)(O)c1cc2c(O)c(c1)Cc1cc(S(=O)(=O)O)cc(c1O)Cc1cc(S(=O)(=O)O)cc(c1O)Cc1cc(S(=O)(=O)O)cc(c1O)C2,C1130CCDC8DA0C6458EF6C2E07E7F3330D8F8B055CBE4DEAADB70DC00C8CDFC1,HOST_CAN_0154,PASS,COc1cc(C=CC(=O)O)ccc1O,FBA2624599D3DF61E64A1CD01004296006570403D519166BB73FAE5CFC4F262F,GUEST_CAN_0476,PASS,AttentiveFP,3,family_cold,calixarene,1.6339845657348633
966,46,636,C1C2=CC(=CC(=C2O)CC3=CC(=CC(=C3O)CC4=C(C(=CC(=C4)S(=O)(=O)O)CC5=C(C1=CC(=C5)S(=O)(=O)[O-])O)O)S(=O)(=O)O)S(=O)(=O)O.[Na+],OCC(C(=O)NC(C(=O)NCC(=O)O)CC(C)C)NC(=O)C(Cc1c[nH]c2c1cccc2)NC(=O)C(NC(=O)C(NC(=O)C(CC(C)C)N)CCCNC(=N)N)CCCNC(=N)N,calixarene,5.698999881744385,O=S(=O)([O-])c1cc2c(O)c(c1)Cc1cc(S(=O)(=O)O)cc(c1O)Cc1cc(S(=O)(=O)O)cc(c1O)Cc1cc(S(=O)(=O)O)cc(c1O)C2.[Na+],CA94CECC10EDB9167B38E05C5D125873C9C1506ED227A3D9C6CBBCD696828A96,HOST_CAN_0163,PASS,CC(C)CC(N)C(=O)NC(CCCNC(=N)N)C(=O)NC(CCCNC(=N)N)C(=O)NC(Cc1c[nH]c2ccccc12)C(=O)NC(CO)C(=O)NC(CC(C)C)C(=O)NCC(=O)O,91E79D05D8AAAEF2652FEE2F675C7E7B9C5394F0B00C93370198BA9C41501284,GUEST_CAN_0133,PASS,AttentiveFP,3,family_cold,calixarene,3.9623403549194336
973,82,18,OC1=C2C=C(S(=O)([O-])=O)C=C1CC3=C(O)C(CC4=CC(S(=O)([O-])=O)=CC(CC5=CC(S(=O)([O-])=O)=CC(CC6=CC(S(=O)([O-])=O)=CC(CC(C=C(S(=O)([O-])=O)C=C7C2)=C7O)=C6O)=C5OCCN)=C4O)=CC(S(=O)([O-])=O)=C3,OC(=O)C(Cc1c[nH]c2c1cccc2)N,calixarene,2.7032999992370605,NCCOc1c2cc(S(=O)(=O)[O-])cc1Cc1cc(S(=O)(=O)[O-])cc(c1O)Cc1cc(S(=O)(=O)[O-])cc(c1O)Cc1cc(S(=O)(=O)[O-])cc(c1O)Cc1cc(S(=O)(=O)[O-])cc(c1O)Cc1cc(S(=O)(=O)[O-])cc(c1O)C2,943BCEA8586BE526CE8501B61202A05D77257BC2BB9DA3A3C52BD077795B3D50,HOST_CAN_0111,PASS,NC(Cc1c[nH]c2ccccc12)C(=O)O,640E1867764F94CAFE2D991B23E1B000681C8619E07309C47EB26888B7938B6E,GUEST_CAN_0740,PASS,AttentiveFP,3,family_cold,calixarene,2.9561517238616943
978,24,642,OC1=C2C=C(S(=O)([O-])=O)C=C1CC3=C(O)C(CC4=CC(S(=O)([O-])=O)=CC(CC5=CC(S(=O)([O-])=O)=CC(CC6=CC(S(=O)([O-])=O)=CC(CC(C=C(S(=O)([O-])=O)C=C7C2)=C7O)=C6O)=C5O)=C4O)=CC(S(=O)([O-])=O)=C3.[Na+].[Na+].[Na+].[Na+].[Na+].[Na+],N[C@@H](CC(C)C)C(=O)N[C@@H](C)C(=O)O,calixarene,3.1600000858306885,O=S(=O)([O-])c1cc2c(O)c(c1)Cc1cc(S(=O)(=O)[O-])cc(c1O)Cc1cc(S(=O)(=O)[O-])cc(c1O)Cc1cc(S(=O)(=O)[O-])cc(c1O)Cc1cc(S(=O)(=O)[O-])cc(c1O)Cc1cc(S(=O)(=O)[O-])cc(c1O)C2.[Na+].[Na+].[Na+].[Na+].[Na+].[Na+],2C1F820212E47C3BD5C15E73832EDE6A35C8C7920DDCE445D20F661D969CA26F,HOST_CAN_0165,PASS,CC(C)C[C@H](N)C(=O)N[C@@H](C)C(=O)O,FA31C037AAC82D03C787382A7445CB610BD9898A10E233D18772916EA1E7A618,GUEST_CAN_0149,PASS,AttentiveFP,3,family_cold,calixarene,2.827239513397217
985,1,647,C1C2=CC(=CC(=C2O)CC3=CC(=CC(=C3O)CC4=C(C(=CC(=C4)S(=O)(=O)O)CC5=C(C1=CC(=C5)S(=O)(=O)O)O)O)S(=O)(=O)O)S(=O)(=O)O,NC(=[NH2+])N,calixarene,2.4000000953674316,O=S(=O)(O)c1cc2c(O)c(c1)Cc1cc(S(=O)(=O)O)cc(c1O)Cc1cc(S(=O)(=O)O)cc(c1O)Cc1cc(S(=O)(=O)O)cc(c1O)C2,C1130CCDC8DA0C6458EF6C2E07E7F3330D8F8B055CBE4DEAADB70DC00C8CDFC1,HOST_CAN_0154,PASS,NC(N)=[NH2+],EED8A7F8836E80AAC402F96F6D5EBACE247654417C382BC2428D18EEDA8181BB,GUEST_CAN_0754,PASS,AttentiveFP,3,family_cold,calixarene,2.599486827850342
987,42,18,OC1=C(CC2=CC(S(=O)([O-])=O)=CC(CC(C=C3S(=O)([O-])=O)=C4OCC(N)=O)=C2O)C=C(S(=O)([O-])=O)C=C1CC5=CC(S(=O)([O-])=O)=CC(CC4=C3)=C5O,OC(=O)C(Cc1c[nH]c2c1cccc2)N,calixarene,2.3243000507354736,NC(=O)COc1c2cc(S(=O)(=O)[O-])cc1Cc1cc(S(=O)(=O)[O-])cc(c1O)Cc1cc(S(=O)(=O)[O-])cc(c1O)Cc1cc(S(=O)(=O)[O-])cc(c1O)C2,1F2BEDA02D00DC2C1A2D3A5BD5460849E045F21D3B673D4626094BA71BDA0464,HOST_CAN_0104,PASS,NC(Cc1c[nH]c2ccccc12)C(=O)O,640E1867764F94CAFE2D991B23E1B000681C8619E07309C47EB26888B7938B6E,GUEST_CAN_0740,PASS,AttentiveFP,3,family_cold,calixarene,2.457429885864258
1003,42,523,OC1=C(CC2=CC(S(=O)([O-])=O)=CC(CC(C=C3S(=O)([O-])=O)=C4OCC(N)=O)=C2O)C=C(S(=O)([O-])=O)C=C1CC5=CC(S(=O)([O-])=O)=CC(CC4=C3)=C5O,C(C(=O)O)N,calixarene,1.4771000146865845,NC(=O)COc1c2cc(S(=O)(=O)[O-])cc1Cc1cc(S(=O)(=O)[O-])cc(c1O)Cc1cc(S(=O)(=O)[O-])cc(c1O)Cc1cc(S(=O)(=O)[O-])cc(c1O)C2,1F2BEDA02D00DC2C1A2D3A5BD5460849E045F21D3B673D4626094BA71BDA0464,HOST_CAN_0104,PASS,NCC(=O)O,30FE3809EFBE5F6B082D9B94D27A0C7C9ECD1364A816D59C3D31CE32BCDF848E,GUEST_CAN_0774,PASS,AttentiveFP,3,family_cold,calixarene,1.3446674346923828
1004,1,658,C1C2=CC(=CC(=C2O)CC3=CC(=CC(=C3O)CC4=C(C(=CC(=C4)S(=O)(=O)O)CC5=C(C1=CC(=C5)S(=O)(=O)O)O)O)S(=O)(=O)O)S(=O)(=O)O,CC[N+](CC)(CC)CC1=CC=CC=C1,calixarene,4.500100135803223,O=S(=O)(O)c1cc2c(O)c(c1)Cc1cc(S(=O)(=O)O)cc(c1O)Cc1cc(S(=O)(=O)O)cc(c1O)Cc1cc(S(=O)(=O)O)cc(c1O)C2,C1130CCDC8DA0C6458EF6C2E07E7F3330D8F8B055CBE4DEAADB70DC00C8CDFC1,HOST_CAN_0154,PASS,CC[N+](CC)(CC)Cc1ccccc1,D3082D17492ADECD8DFE6B302C61BEF55BEECCF7C5432D2FDC812E354CDD2BE4,GUEST_CAN_0376,PASS,AttentiveFP,3,family_cold,calixarene,4.378842353820801
1005,73,451,C1C2=CC(=CC(=C2O)CC3=CC(=CC(=C3O)CC4=CC(=CC(=C4O)CC5=C(C(=CC(=C5)S(=O)(=O)O)CC6=C(C1=CC(=C6)S(=O)(=O)O)O)O)S(=O)(=O)O)S(=O)(=O)O)S(=O)(=O)O,O=C1N(CCC[N+](C)(C)C)C(=O)c2c3c1ccc1c3c(cc2)c2c3c1ccc1c3c(cc2)C(=O)N(C1=O)CCC[N+](C)(C)C,calixarene,6.770899772644043,O=S(=O)(O)c1cc2c(O)c(c1)Cc1cc(S(=O)(=O)O)cc(c1O)Cc1cc(S(=O)(=O)O)cc(c1O)Cc1cc(S(=O)(=O)O)cc(c1O)Cc1cc(S(=O)(=O)O)cc(c1O)C2,CE64A1CA71928E5DE79CF9633E11D44D0BC2C175AB3D980BF8052807605CA8CC,HOST_CAN_0155,PASS,C[N+](C)(C)CCCN1C(=O)c2ccc3c4ccc5c6c(ccc(c7ccc(c2c37)C1=O)c64)C(=O)N(CCC[N+](C)(C)C)C5=O,8F2080E3EBEA6EE55418A96B9930D88E335BEA4D244F94717C63193B9D69F4AF,GUEST_CAN_0567,PASS,AttentiveFP,3,family_cold,calixarene,5.670975685119629
1006,32,260,OC(=O)c1ccc(cc1)N=Nc1cc2Cc3cc(N=Nc4ccc(cc4)C(=O)O)cc(c3O)Cc3cc(cc(Cc4c(c(Cc(c1)c2O)cc(N=Nc1ccc(cc1)C(=O)O)c4)O)c3O)/N=N/c1ccc(cc1)C(=O)O,C1CCC(C(C1)[NH-])[NH-].C(=O)(C(=O)[O-])[O-].[Pt+4],calixarene,4.431399822235107,O=C(O)c1ccc(N=Nc2cc3c(O)c(c2)Cc2cc(N=Nc4ccc(C(=O)O)cc4)cc(c2O)Cc2cc(/N=N/c4ccc(C(=O)O)cc4)cc(c2O)Cc2cc(N=Nc4ccc(C(=O)O)cc4)cc(c2O)C3)cc1,5B585DBFF951CBB98E465DBECF308ACBE2EAF8773CE9C58156BE700CBB287248,HOST_CAN_0134,PASS,O=C([O-])C(=O)[O-].[NH-]C1CCCCC1[NH-].[Pt+4],0CDD95870040990434C583DE9E1CAA6F0E585FA27432CAAE3DAE2F8D1B0F1A60,GUEST_CAN_0893,PASS,AttentiveFP,3,family_cold,calixarene,4.45758056640625
1007,32,659,OC(=O)c1ccc(cc1)N=Nc1cc2Cc3cc(N=Nc4ccc(cc4)C(=O)O)cc(c3O)Cc3cc(cc(Cc4c(c(Cc(c1)c2O)cc(N=Nc1ccc(cc1)C(=O)O)c4)O)c3O)/N=N/c1ccc(cc1)C(=O)O,C(C)[C@]1(C(OCC=2C(N3CC=4C=C5C=C(C=CC5=NC4C3=CC12)O)=O)=O)O,calixarene,5.041399955749512,O=C(O)c1ccc(N=Nc2cc3c(O)c(c2)Cc2cc(N=Nc4ccc(C(=O)O)cc4)cc(c2O)Cc2cc(/N=N/c4ccc(C(=O)O)cc4)cc(c2O)Cc2cc(N=Nc4ccc(C(=O)O)cc4)cc(c2O)C3)cc1,5B585DBFF951CBB98E465DBECF308ACBE2EAF8773CE9C58156BE700CBB287248,HOST_CAN_0134,PASS,CC[C@@]1(O)C(=O)OCc2c1cc1n(c2=O)Cc2cc3cc(O)ccc3nc2-1,9928DD20B2A19BEB9F12C2BF25A444C73D6D7308F74C3D66C50B5EA06713B7AB,GUEST_CAN_0370,PASS,AttentiveFP,3,family_cold,calixarene,4.894742012023926
1011,82,523,OC1=C2C=C(S(=O)([O-])=O)C=C1CC3=C(O)C(CC4=CC(S(=O)([O-])=O)=CC(CC5=CC(S(=O)([O-])=O)=CC(CC6=CC(S(=O)([O-])=O)=CC(CC(C=C(S(=O)([O-])=O)C=C7C2)=C7O)=C6O)=C5OCCN)=C4O)=CC(S(=O)([O-])=O)=C3,C(C(=O)O)N,calixarene,1.6627999544143677,NCCOc1c2cc(S(=O)(=O)[O-])cc1Cc1cc(S(=O)(=O)[O-])cc(c1O)Cc1cc(S(=O)(=O)[O-])cc(c1O)Cc1cc(S(=O)(=O)[O-])cc(c1O)Cc1cc(S(=O)(=O)[O-])cc(c1O)Cc1cc(S(=O)(=O)[O-])cc(c1O)C2,943BCEA8586BE526CE8501B61202A05D77257BC2BB9DA3A3C52BD077795B3D50,HOST_CAN_0111,PASS,NCC(=O)O,30FE3809EFBE5F6B082D9B94D27A0C7C9ECD1364A816D59C3D31CE32BCDF848E,GUEST_CAN_0774,PASS,AttentiveFP,3,family_cold,calixarene,1.677201509475708
1014,63,523,Oc1c2Cc3cc(cc(c3O)Cc3cc(cc(c3O)Cc3cc(cc(c3O)Cc3cc(cc(Cc4c(c(Cc5c(c(Cc6c(c(Cc1cc(c2)S(=O)(=O)[O-])cc(c6)S(=O)(=O)[O-])O)cc(c5)S(=O)(=O)[O-])O)cc(c4)S(=O)(=O)[O-])O)c3O)S(=O)(=O)[O-])S(=O)(=O)[O-])S(=O)(=O)[O-])S(=O)(=O)[O-],C(C(=O)O)N,calixarene,1.3009999990463257,O=S(=O)([O-])c1cc2c(O)c(c1)Cc1cc(S(=O)(=O)[O-])cc(c1O)Cc1cc(S(=O)(=O)[O-])cc(c1O)Cc1cc(S(=O)(=O)[O-])cc(c1O)Cc1cc(S(=O)(=O)[O-])cc(c1O)Cc1cc(S(=O)(=O)[O-])cc(c1O)Cc1cc(S(=O)(=O)[O-])cc(c1O)Cc1cc(S(=O)(=O)[O-])cc(c1O)C2,3C24C9B25872FE0768A640DF44D242D9AEC5F3FA9C167A457997BAE8D628FFF1,HOST_CAN_0166,PASS,NCC(=O)O,30FE3809EFBE5F6B082D9B94D27A0C7C9ECD1364A816D59C3D31CE32BCDF848E,GUEST_CAN_0774,PASS,AttentiveFP,3,family_cold,calixarene,2.2336349487304688
1015,52,108,OC(=O)COc1c2Cc3cc(cc(c3O)Cc3cc(cc(c3O)Cc3cc(cc(Cc4c(c(Cc5c(c(Cc1cc(c2)S(=O)(=O)O)cc(c5)S(=O)(=O)O)O)cc(c4)S(=O)(=O)O)O)c3O)S(=O)(=O)O)S(=O)(=O)O)S(=O)(=O)O,OC(=O)C(CCCNC(=[NH2+])N)N,calixarene,3.168800115585327,O=C(O)COc1c2cc(S(=O)(=O)O)cc1Cc1cc(S(=O)(=O)O)cc(c1O)Cc1cc(S(=O)(=O)O)cc(c1O)Cc1cc(S(=O)(=O)O)cc(c1O)Cc1cc(S(=O)(=O)O)cc(c1O)Cc1cc(S(=O)(=O)O)cc(c1O)C2,89AB142F8D041F89710D49168CBEF0FA0D792576B82031818BFF7C2DE5D92117,HOST_CAN_0127,PASS,NC(=[NH2+])NCCCC(N)C(=O)O,3A95B838A3F3E4B9211C1F9CE461FB93EA851D8F0AA68498288217A21AD77FAC,GUEST_CAN_0726,PASS,AttentiveFP,3,family_cold,calixarene,2.9794235229492188
1023,73,92,C1C2=CC(=CC(=C2O)CC3=CC(=CC(=C3O)CC4=CC(=CC(=C4O)CC5=C(C(=CC(=C5)S(=O)(=O)O)CC6=C(C1=CC(=C6)S(=O)(=O)O)O)O)S(=O)(=O)O)S(=O)(=O)O)S(=O)(=O)O,C[N+]1=CC=C(C=C1)C2=CC=[N+](C=C2)C.[Cl-].[Cl-],calixarene,5.399700164794922,O=S(=O)(O)c1cc2c(O)c(c1)Cc1cc(S(=O)(=O)O)cc(c1O)Cc1cc(S(=O)(=O)O)cc(c1O)Cc1cc(S(=O)(=O)O)cc(c1O)Cc1cc(S(=O)(=O)O)cc(c1O)C2,CE64A1CA71928E5DE79CF9633E11D44D0BC2C175AB3D980BF8052807605CA8CC,HOST_CAN_0155,PASS,C[n+]1ccc(-c2cc[n+](C)cc2)cc1.[Cl-].[Cl-],A34A59C172ABA48CFA54144DF49E70D56803B22DE394E6F3154C1D8F7DC6E5F1,GUEST_CAN_0623,PASS,AttentiveFP,3,family_cold,calixarene,4.074211597442627
1026,46,587,C1C2=CC(=CC(=C2O)CC3=CC(=CC(=C3O)CC4=C(C(=CC(=C4)S(=O)(=O)O)CC5=C(C1=CC(=C5)S(=O)(=O)[O-])O)O)S(=O)(=O)O)S(=O)(=O)O.[Na+],C[n+]1ccc(cc1)c1cc[n+](cc1)C.[I-].[I-],calixarene,4.730000019073486,O=S(=O)([O-])c1cc2c(O)c(c1)Cc1cc(S(=O)(=O)O)cc(c1O)Cc1cc(S(=O)(=O)O)cc(c1O)Cc1cc(S(=O)(=O)O)cc(c1O)C2.[Na+],CA94CECC10EDB9167B38E05C5D125873C9C1506ED227A3D9C6CBBCD696828A96,HOST_CAN_0163,PASS,C[n+]1ccc(-c2cc[n+](C)cc2)cc1.[I-].[I-],FCA491A8B5C9289D74A682B83E3A35C297EDED2C00F5851674CB19F5C3125200,GUEST_CAN_0624,PASS,AttentiveFP,3,family_cold,calixarene,4.634819030761719
1028,63,193,Oc1c2Cc3cc(cc(c3O)Cc3cc(cc(c3O)Cc3cc(cc(c3O)Cc3cc(cc(Cc4c(c(Cc5c(c(Cc6c(c(Cc1cc(c2)S(=O)(=O)[O-])cc(c6)S(=O)(=O)[O-])O)cc(c5)S(=O)(=O)[O-])O)cc(c4)S(=O)(=O)[O-])O)c3O)S(=O)(=O)[O-])S(=O)(=O)[O-])S(=O)(=O)[O-])S(=O)(=O)[O-],O=C(OCCCC)C1=CC=CC=C1C(C2=CC=C(N(CC)CC)C=C2O3)=C(C=C/4)C3=CC4=[N+](CC)\CC,calixarene,4.631999969482422,O=S(=O)([O-])c1cc2c(O)c(c1)Cc1cc(S(=O)(=O)[O-])cc(c1O)Cc1cc(S(=O)(=O)[O-])cc(c1O)Cc1cc(S(=O)(=O)[O-])cc(c1O)Cc1cc(S(=O)(=O)[O-])cc(c1O)Cc1cc(S(=O)(=O)[O-])cc(c1O)Cc1cc(S(=O)(=O)[O-])cc(c1O)Cc1cc(S(=O)(=O)[O-])cc(c1O)C2,3C24C9B25872FE0768A640DF44D242D9AEC5F3FA9C167A457997BAE8D628FFF1,HOST_CAN_0166,PASS,CCCCOC(=O)c1ccccc1-c1c2ccc(=[N+](CC)CC)cc-2oc2cc(N(CC)CC)ccc12,6ABF93E22B781100842BF1EFD6E3AD46FB805AD371C665171C9FD4F38F91728F,GUEST_CAN_0313,PASS,AttentiveFP,3,family_cold,calixarene,5.787696838378906
1032,90,670,CCCCCCCCCCCCCOc1c2cc(cc1Cc1cc(NC(=N)[NH3+])cc(c1OCCCCCCCCCCCC)Cc1cc(NC(=N)[NH3+])cc(c1OCCCCCCCCCCCC)Cc1c(c(Cc3c(c(C2)cc(NC(=N)[NH3+])c3)OCCCCCCCCCCCC)cc(NC(=N)[NH3+])c1)OCCCCCCCCCCCC)NC(=N)[NH3+],CN(CC1=CN=C2C(=N1)C(=NC(=N2)N)N)C3=CC=C(C=C3)C(=O)NC(CCC(=O)O)C(=O)O,calixarene,5.86329984664917,CCCCCCCCCCCCCOc1c2cc(NC(=N)[NH3+])cc1Cc1cc(NC(=N)[NH3+])cc(c1OCCCCCCCCCCCC)Cc1cc(NC(=N)[NH3+])cc(c1OCCCCCCCCCCCC)Cc1cc(NC(=N)[NH3+])cc(c1OCCCCCCCCCCCC)Cc1cc(NC(=N)[NH3+])cc(c1OCCCCCCCCCCCC)C2,A5AE0C6743B4C191BBE311A7590CE3620FD85BC6216E8A86BBF33F2997A94F95,HOST_CAN_0025,PASS,CN(Cc1cnc2nc(N)nc(N)c2n1)c1ccc(C(=O)NC(CCC(=O)O)C(=O)O)cc1,585572F371657C1C22C476D90579A98C4FEB7AEEBDEFD6C534E5E5FFD78B0AB4,GUEST_CAN_0414,PASS,AttentiveFP,3,family_cold,calixarene,5.974641799926758
1047,1,675,C1C2=CC(=CC(=C2O)CC3=CC(=CC(=C3O)CC4=C(C(=CC(=C4)S(=O)(=O)O)CC5=C(C1=CC(=C5)S(=O)(=O)O)O)O)S(=O)(=O)O)S(=O)(=O)O,CCO,calixarene,1.0398000478744507,O=S(=O)(O)c1cc2c(O)c(c1)Cc1cc(S(=O)(=O)O)cc(c1O)Cc1cc(S(=O)(=O)O)cc(c1O)Cc1cc(S(=O)(=O)O)cc(c1O)C2,C1130CCDC8DA0C6458EF6C2E07E7F3330D8F8B055CBE4DEAADB70DC00C8CDFC1,HOST_CAN_0154,PASS,CCO,AB1DE819EDE91DF490E6441934DECFA9041B49F91D6BBADBBA4DF634CCFF57FA,GUEST_CAN_0361,PASS,AttentiveFP,3,family_cold,calixarene,1.3545336723327637
1054,34,178,OC1=C(CC2=CC(S(=O)([O-])=O)=CC(CC(C=C3S(=O)([O-])=O)=C4OCC(O)=O)=C2O)C=C(S(=O)([O-])=O)C=C1CC5=CC(S(=O)([O-])=O)=CC(CC4=C3)=C5O,C(CCN)CC(C(=O)O)N,calixarene,2.9479000568389893,O=C(O)COc1c2cc(S(=O)(=O)[O-])cc1Cc1cc(S(=O)(=O)[O-])cc(c1O)Cc1cc(S(=O)(=O)[O-])cc(c1O)Cc1cc(S(=O)(=O)[O-])cc(c1O)C2,EBB61F0F13AD36B6AF388F0A3BF11BFB93DBCC3093F712DCC0802C51D18DC147,HOST_CAN_0129,PASS,NCCCCC(N)C(=O)O,BD55DE8B1F18BBBA0B9FB86FA685E52B4743F1B75F837E0522E8C602B3191BA0,GUEST_CAN_0785,PASS,AttentiveFP,3,family_cold,calixarene,2.1511473655700684
1061,32,681,OC(=O)c1ccc(cc1)N=Nc1cc2Cc3cc(N=Nc4ccc(cc4)C(=O)O)cc(c3O)Cc3cc(cc(Cc4c(c(Cc(c1)c2O)cc(N=Nc1ccc(cc1)C(=O)O)c4)O)c3O)/N=N/c1ccc(cc1)C(=O)O,CC1=C2C(C(=O)C3(C(CC4C(C3C(C(C2(C)C)(CC1OC(=O)C(C(C5=CC=CC=C5)NC(=O)C6=CC=CC=C6)O)O)OC(=O)C7=CC=CC=C7)(CO4)OC(=O)C)O)C)OC(=O)C,calixarene,6.204100131988525,O=C(O)c1ccc(N=Nc2cc3c(O)c(c2)Cc2cc(N=Nc4ccc(C(=O)O)cc4)cc(c2O)Cc2cc(/N=N/c4ccc(C(=O)O)cc4)cc(c2O)Cc2cc(N=Nc4ccc(C(=O)O)cc4)cc(c2O)C3)cc1,5B585DBFF951CBB98E465DBECF308ACBE2EAF8773CE9C58156BE700CBB287248,HOST_CAN_0134,PASS,CC(=O)OC1C(=O)C2(C)C(O)CC3OCC3(OC(C)=O)C2C(OC(=O)c2ccccc2)C2(O)CC(OC(=O)C(O)C(NC(=O)c3ccccc3)c3ccccc3)C(C)=C1C2(C)C,D6D8CF365D23EF6F5E00709EBFEB1A2EA3025005681355C70A993E44F2BBEFF7,GUEST_CAN_0096,PASS,AttentiveFP,3,family_cold,calixarene,4.46862268447876
1066,1,538,C1C2=CC(=CC(=C2O)CC3=CC(=CC(=C3O)CC4=C(C(=CC(=C4)S(=O)(=O)O)CC5=C(C1=CC(=C5)S(=O)(=O)O)O)O)S(=O)(=O)O)S(=O)(=O)O,CC1=C2C=C(C(=CC2=CC3=[N+]1C=CC4=CC(=C(C=C43)OC)OC)OC)OC.[Cl-],calixarene,7.255300045013428,O=S(=O)(O)c1cc2c(O)c(c1)Cc1cc(S(=O)(=O)O)cc(c1O)Cc1cc(S(=O)(=O)O)cc(c1O)Cc1cc(S(=O)(=O)O)cc(c1O)C2,C1130CCDC8DA0C6458EF6C2E07E7F3330D8F8B055CBE4DEAADB70DC00C8CDFC1,HOST_CAN_0154,PASS,COc1cc2cc3c4cc(OC)c(OC)cc4cc[n+]3c(C)c2cc1OC.[Cl-],7C2EA846BA7CA8E9143143887B407353DC6C1C0B70DB9287063DF4A70F3F93EC,GUEST_CAN_0482,PASS,AttentiveFP,3,family_cold,calixarene,3.9967010021209717
1067,30,353,C1C2=CC(=CC(=C2O)CC3=CC(=CC(=C3O)CC4=CC(=CC(=C4O)CC5=C(C(=CC(=C5)S(=O)(=O)[O-])CC6=C(C(=CC(=C6)S(=O)(=O)[O-])CC7=C(C1=CC(=C7)S(=O)(=O)[O-])O)O)O)S(=O)(=O)[O-])S(=O)(=O)[O-])S(=O)(=O)[O-],CNC1=CC2=C(C=C1)C=C3C=CC(=[NH+]C)C=C3O2.[Cl-],calixarene,4.63040018081665,O=S(=O)([O-])c1cc2c(O)c(c1)Cc1cc(S(=O)(=O)[O-])cc(c1O)Cc1cc(S(=O)(=O)[O-])cc(c1O)Cc1cc(S(=O)(=O)[O-])cc(c1O)Cc1cc(S(=O)(=O)[O-])cc(c1O)Cc1cc(S(=O)(=O)[O-])cc(c1O)C2,175E9D01D3A7DD7BE73E9B8659E8BAA0A16B2D5C4CCEFE3BEFED10121429BF10,HOST_CAN_0164,PASS,CNc1ccc2cc3ccc(=[NH+]C)cc-3oc2c1.[Cl-],40A1716939AF15B346C71DAB9A87CDCEA128A41E2582458E422054A1D912677D,GUEST_CAN_0433,PASS,AttentiveFP,3,family_cold,calixarene,4.842164993286133
1072,1,685,C1C2=CC(=CC(=C2O)CC3=CC(=CC(=C3O)CC4=C(C(=CC(=C4)S(=O)(=O)O)CC5=C(C1=CC(=C5)S(=O)(=O)O)O)O)S(=O)(=O)O)S(=O)(=O)O,CC(C)CC(C(=O)O)N,calixarene,3.0799999237060547,O=S(=O)(O)c1cc2c(O)c(c1)Cc1cc(S(=O)(=O)O)cc(c1O)Cc1cc(S(=O)(=O)O)cc(c1O)Cc1cc(S(=O)(=O)O)cc(c1O)C2,C1130CCDC8DA0C6458EF6C2E07E7F3330D8F8B055CBE4DEAADB70DC00C8CDFC1,HOST_CAN_0154,PASS,CC(C)CC(N)C(=O)O,893953F7D3D1B02F1F34388CFAC1F79FAD2BF402935FE79A4114E12FD93BE90A,GUEST_CAN_0138,PASS,AttentiveFP,3,family_cold,calixarene,1.8576204776763916
1085,141,109,CC(C)(C)C1=CC2=C(C(=C1)CC3=CC(=CC(=C3OCC(=O)OC)CC4=CC(=CC(=C4OCC(=O)OC)CC5=C(C(=CC(=C5)C(C)(C)C)C2)OCC(=O)OC)C(C)(C)C)C(C)(C)C)OCC(=O)OC,C(CC(C(=O)O)N)CN=C(N)N,calixarene,2.544100046157837,COC(=O)COc1c2cc(C(C)(C)C)cc1Cc1cc(C(C)(C)C)cc(c1OCC(=O)OC)Cc1cc(C(C)(C)C)cc(c1OCC(=O)OC)Cc1cc(C(C)(C)C)cc(c1OCC(=O)OC)C2,73B080974E03CCE5E7AF3A160529C27640F25944AB15DBB90917A7E7BD8278A2,HOST_CAN_0054,PASS,NC(N)=NCCCC(N)C(=O)O,0E8C75093E2FC997DA04592D0B5BF85F1497CF3AA52A61C1DE57D4718119AA31,GUEST_CAN_0751,PASS,AttentiveFP,3,family_cold,calixarene,1.8742022514343262
1093,30,126,C1C2=CC(=CC(=C2O)CC3=CC(=CC(=C3O)CC4=CC(=CC(=C4O)CC5=C(C(=CC(=C5)S(=O)(=O)[O-])CC6=C(C(=CC(=C6)S(=O)(=O)[O-])CC7=C(C1=CC(=C7)S(=O)(=O)[O-])O)O)O)S(=O)(=O)[O-])S(=O)(=O)[O-])S(=O)(=O)[O-],NC(C(=O)O)Cc1ccccc1,calixarene,2.5820999145507812,O=S(=O)([O-])c1cc2c(O)c(c1)Cc1cc(S(=O)(=O)[O-])cc(c1O)Cc1cc(S(=O)(=O)[O-])cc(c1O)Cc1cc(S(=O)(=O)[O-])cc(c1O)Cc1cc(S(=O)(=O)[O-])cc(c1O)Cc1cc(S(=O)(=O)[O-])cc(c1O)C2,175E9D01D3A7DD7BE73E9B8659E8BAA0A16B2D5C4CCEFE3BEFED10121429BF10,HOST_CAN_0164,PASS,NC(Cc1ccccc1)C(=O)O,4B6B1236F1C31D28D9F95F736FF46B2960AFF4F6FCE3D9E76CF43DE2ADDE8B08,GUEST_CAN_0746,PASS,AttentiveFP,3,family_cold,calixarene,2.4361181259155273
1094,1,696,C1C2=CC(=CC(=C2O)CC3=CC(=CC(=C3O)CC4=C(C(=CC(=C4)S(=O)(=O)O)CC5=C(C1=CC(=C5)S(=O)(=O)O)O)O)S(=O)(=O)O)S(=O)(=O)O,[NH3+]CCCC(=O)[O-],calixarene,1.3600000143051147,O=S(=O)(O)c1cc2c(O)c(c1)Cc1cc(S(=O)(=O)O)cc(c1O)Cc1cc(S(=O)(=O)O)cc(c1O)Cc1cc(S(=O)(=O)O)cc(c1O)C2,C1130CCDC8DA0C6458EF6C2E07E7F3330D8F8B055CBE4DEAADB70DC00C8CDFC1,HOST_CAN_0154,PASS,[NH3+]CCCC(=O)[O-],FDA538F510A061E2BAD0E5E063C476EFF4821C80E51D6468853EBAB76CA0049A,GUEST_CAN_1080,PASS,AttentiveFP,3,family_cold,calixarene,1.9791784286499023
1100,22,325,Oc1c2Sc3cc(cc(c3O)Sc3cc(cc(Sc4c(c(Sc1cc(c2)S(=O)(=O)O)cc(c4)S(=O)(=O)O)O)c3O)S(=O)(=O)O)S(=O)(=O)O,C1CNCCNC1,calixarene,2.469099998474121,O=S(=O)(O)c1cc2c(O)c(c1)Sc1cc(S(=O)(=O)O)cc(c1O)Sc1cc(S(=O)(=O)O)cc(c1O)Sc1cc(S(=O)(=O)O)cc(c1O)S2,5FE888C1FB51BDA35D21231A31EDB8203ACD56DD9744D0C6B83351EC668D4256,HOST_CAN_0156,PASS,C1CNCCNC1,7DF4AF0EAB88491897F1D6D84D44C1178746E05B04100C7295B937559AD91EE9,GUEST_CAN_0035,PASS,AttentiveFP,3,family_cold,calixarene,5.421097755432129
1106,63,56,Oc1c2Cc3cc(cc(c3O)Cc3cc(cc(c3O)Cc3cc(cc(c3O)Cc3cc(cc(Cc4c(c(Cc5c(c(Cc6c(c(Cc1cc(c2)S(=O)(=O)[O-])cc(c6)S(=O)(=O)[O-])O)cc(c5)S(=O)(=O)[O-])O)cc(c4)S(=O)(=O)[O-])O)c3O)S(=O)(=O)[O-])S(=O)(=O)[O-])S(=O)(=O)[O-])S(=O)(=O)[O-],CCCC(C(=O)O)N,calixarene,3.0457000732421875,O=S(=O)([O-])c1cc2c(O)c(c1)Cc1cc(S(=O)(=O)[O-])cc(c1O)Cc1cc(S(=O)(=O)[O-])cc(c1O)Cc1cc(S(=O)(=O)[O-])cc(c1O)Cc1cc(S(=O)(=O)[O-])cc(c1O)Cc1cc(S(=O)(=O)[O-])cc(c1O)Cc1cc(S(=O)(=O)[O-])cc(c1O)Cc1cc(S(=O)(=O)[O-])cc(c1O)C2,3C24C9B25872FE0768A640DF44D242D9AEC5F3FA9C167A457997BAE8D628FFF1,HOST_CAN_0166,PASS,CCCC(N)C(=O)O,81F3215F9F46874A7436620E7AD92167936CF997FB3F203D4397A018C4B56861,GUEST_CAN_0268,PASS,AttentiveFP,3,family_cold,calixarene,2.735335350036621
1109,42,178,OC1=C(CC2=CC(S(=O)([O-])=O)=CC(CC(C=C3S(=O)([O-])=O)=C4OCC(N)=O)=C2O)C=C(S(=O)([O-])=O)C=C1CC5=CC(S(=O)([O-])=O)=CC(CC4=C3)=C5O,C(CCN)CC(C(=O)O)N,calixarene,2.761899948120117,NC(=O)COc1c2cc(S(=O)(=O)[O-])cc1Cc1cc(S(=O)(=O)[O-])cc(c1O)Cc1cc(S(=O)(=O)[O-])cc(c1O)Cc1cc(S(=O)(=O)[O-])cc(c1O)C2,1F2BEDA02D00DC2C1A2D3A5BD5460849E045F21D3B673D4626094BA71BDA0464,HOST_CAN_0104,PASS,NCCCCC(N)C(=O)O,BD55DE8B1F18BBBA0B9FB86FA685E52B4743F1B75F837E0522E8C602B3191BA0,GUEST_CAN_0785,PASS,AttentiveFP,3,family_cold,calixarene,2.1272478103637695
1110,46,701,C1C2=CC(=CC(=C2O)CC3=CC(=CC(=C3O)CC4=C(C(=CC(=C4)S(=O)(=O)O)CC5=C(C1=CC(=C5)S(=O)(=O)[O-])O)O)S(=O)(=O)O)S(=O)(=O)O.[Na+],CCN(CC)CC(=O)NC1=C(C=CC=C1C)C.Cl,calixarene,3.8169000148773193,O=S(=O)([O-])c1cc2c(O)c(c1)Cc1cc(S(=O)(=O)O)cc(c1O)Cc1cc(S(=O)(=O)O)cc(c1O)Cc1cc(S(=O)(=O)O)cc(c1O)C2.[Na+],CA94CECC10EDB9167B38E05C5D125873C9C1506ED227A3D9C6CBBCD696828A96,HOST_CAN_0163,PASS,CCN(CC)CC(=O)Nc1c(C)cccc1C.Cl,5971EA53FC0633A11F8F57A5EF620FC83E1AB33CBA7FB30042EDBC6D2DE897B5,GUEST_CAN_0339,PASS,AttentiveFP,3,family_cold,calixarene,4.460681438446045
1113,45,497,C1C2=CC(=CC=C2)CC3=CC(=CC=C3)CC4=CC=CC(=C4)CC5=CC=CC1=C5,C1CC2CC1N=N2,calixarene,2.6810998916625977,c1cc2cc(c1)Cc1cccc(c1)Cc1cccc(c1)Cc1cccc(c1)C2,001BA14F081450375618B4DEC192A3633931B27A166EE11658CCCBFAB45E327F,HOST_CAN_0183,PASS,C1CC2CC1N=N2,A2496E9CCE3928D5E2403BB21D4F1D008596E587754FBC1A3268F4A4C1D0C131,GUEST_CAN_0020,PASS,AttentiveFP,3,family_cold,calixarene,3.3167049884796143
1116,30,510,C1C2=CC(=CC(=C2O)CC3=CC(=CC(=C3O)CC4=CC(=CC(=C4O)CC5=C(C(=CC(=C5)S(=O)(=O)[O-])CC6=C(C(=CC(=C6)S(=O)(=O)[O-])CC7=C(C1=CC(=C7)S(=O)(=O)[O-])O)O)O)S(=O)(=O)[O-])S(=O)(=O)[O-])S(=O)(=O)[O-],CP(OC(C)C)(OC(C)C)=O,calixarene,1.252500057220459,O=S(=O)([O-])c1cc2c(O)c(c1)Cc1cc(S(=O)(=O)[O-])cc(c1O)Cc1cc(S(=O)(=O)[O-])cc(c1O)Cc1cc(S(=O)(=O)[O-])cc(c1O)Cc1cc(S(=O)(=O)[O-])cc(c1O)Cc1cc(S(=O)(=O)[O-])cc(c1O)C2,175E9D01D3A7DD7BE73E9B8659E8BAA0A16B2D5C4CCEFE3BEFED10121429BF10,HOST_CAN_0164,PASS,CC(C)OP(C)(=O)OC(C)C,C2D0C2BEA50DD620BD1178D86C28FE918812B48459C0DC9EB4998004E1AD9425,GUEST_CAN_0164,PASS,AttentiveFP,3,family_cold,calixarene,2.1262428760528564
1118,1,587,C1C2=CC(=CC(=C2O)CC3=CC(=CC(=C3O)CC4=C(C(=CC(=C4)S(=O)(=O)O)CC5=C(C1=CC(=C5)S(=O)(=O)O)O)O)S(=O)(=O)O)S(=O)(=O)O,C[n+]1ccc(cc1)c1cc[n+](cc1)C.[I-].[I-],calixarene,5.966599941253662,O=S(=O)(O)c1cc2c(O)c(c1)Cc1cc(S(=O)(=O)O)cc(c1O)Cc1cc(S(=O)(=O)O)cc(c1O)Cc1cc(S(=O)(=O)O)cc(c1O)C2,C1130CCDC8DA0C6458EF6C2E07E7F3330D8F8B055CBE4DEAADB70DC00C8CDFC1,HOST_CAN_0154,PASS,C[n+]1ccc(-c2cc[n+](C)cc2)cc1.[I-].[I-],FCA491A8B5C9289D74A682B83E3A35C297EDED2C00F5851674CB19F5C3125200,GUEST_CAN_0624,PASS,AttentiveFP,3,family_cold,calixarene,4.8548455238342285
1122,32,707,OC(=O)c1ccc(cc1)N=Nc1cc2Cc3cc(N=Nc4ccc(cc4)C(=O)O)cc(c3O)Cc3cc(cc(Cc4c(c(Cc(c1)c2O)cc(N=Nc1ccc(cc1)C(=O)O)c4)O)c3O)/N=N/c1ccc(cc1)C(=O)O,C[N+](CCO[Si]1(OCC[N+](C)(C)C)n2c3/N=C/4\N=C(/N=c/5\n1/c(=N\C1=N/C(=N\c2c2c3cccc2)/c2c1cccc2)/c1c5cccc1)c1c4cccc1)(C)C,calixarene,7.732399940490723,O=C(O)c1ccc(N=Nc2cc3c(O)c(c2)Cc2cc(N=Nc4ccc(C(=O)O)cc4)cc(c2O)Cc2cc(/N=N/c4ccc(C(=O)O)cc4)cc(c2O)Cc2cc(N=Nc4ccc(C(=O)O)cc4)cc(c2O)C3)cc1,5B585DBFF951CBB98E465DBECF308ACBE2EAF8773CE9C58156BE700CBB287248,HOST_CAN_0134,PASS,C[N+](C)(C)CCO[Si]1(OCC[N+](C)(C)C)n2c3c4ccccc4c2/N=C2N=C(/N=c4/c5ccccc5/c(n41)=N/C1=NC(=N\3)/c3ccccc31)c1ccccc1\2,99746B0158AA9AA29923AA4A6EF83BB0F176AAC5409BDBBA91BE330B7A2F6316,GUEST_CAN_0572,PASS,AttentiveFP,3,family_cold,calixarene,5.713221549987793
1126,34,57,OC1=C(CC2=CC(S(=O)([O-])=O)=CC(CC(C=C3S(=O)([O-])=O)=C4OCC(O)=O)=C2O)C=C(S(=O)([O-])=O)C=C1CC5=CC(S(=O)([O-])=O)=CC(CC4=C3)=C5O,OC(=O)C1CCCN1,calixarene,2.680299997329712,O=C(O)COc1c2cc(S(=O)(=O)[O-])cc1Cc1cc(S(=O)(=O)[O-])cc(c1O)Cc1cc(S(=O)(=O)[O-])cc(c1O)Cc1cc(S(=O)(=O)[O-])cc(c1O)C2,EBB61F0F13AD36B6AF388F0A3BF11BFB93DBCC3093F712DCC0802C51D18DC147,HOST_CAN_0129,PASS,O=C(O)C1CCCN1,089AB51F23001BB951B8422598AD8ED1DBAD90EB1049857FB2A03F150DA120BA,GUEST_CAN_0869,PASS,AttentiveFP,3,family_cold,calixarene,1.6730079650878906
1128,1,711,C1C2=CC(=CC(=C2O)CC3=CC(=CC(=C3O)CC4=C(C(=CC(=C4)S(=O)(=O)O)CC5=C(C1=CC(=C5)S(=O)(=O)O)O)O)S(=O)(=O)O)S(=O)(=O)O,C[N+](C)(C)CC1=CC=CC=C1,calixarene,4.599899768829346,O=S(=O)(O)c1cc2c(O)c(c1)Cc1cc(S(=O)(=O)O)cc(c1O)Cc1cc(S(=O)(=O)O)cc(c1O)Cc1cc(S(=O)(=O)O)cc(c1O)C2,C1130CCDC8DA0C6458EF6C2E07E7F3330D8F8B055CBE4DEAADB70DC00C8CDFC1,HOST_CAN_0154,PASS,C[N+](C)(C)Cc1ccccc1,CDE012544980E620277F4811D00218A746C0B569EA3EE49252ACF41EF67EF8BE,GUEST_CAN_0578,PASS,AttentiveFP,3,family_cold,calixarene,3.139845132827759
1133,45,551,C1C2=CC(=CC=C2)CC3=CC(=CC=C3)CC4=CC=CC(=C4)CC5=CC=CC1=C5,[La+3],calixarene,4.547900199890137,c1cc2cc(c1)Cc1cccc(c1)Cc1cccc(c1)Cc1cccc(c1)C2,001BA14F081450375618B4DEC192A3633931B27A166EE11658CCCBFAB45E327F,HOST_CAN_0183,PASS,[La+3],50FB0629866A50A238D7748F9F0E2CCD7B2624DE678D63139B21FE8E7C3AEF6D,GUEST_CAN_1070,PASS,AttentiveFP,3,family_cold,calixarene,3.599703311920166
1139,1,15,C1C2=CC(=CC(=C2O)CC3=CC(=CC(=C3O)CC4=C(C(=CC(=C4)S(=O)(=O)O)CC5=C(C1=CC(=C5)S(=O)(=O)O)O)O)S(=O)(=O)O)S(=O)(=O)O,[O-]C(=O)CC(C(=O)O)N,calixarene,2.7093000411987305,O=S(=O)(O)c1cc2c(O)c(c1)Cc1cc(S(=O)(=O)O)cc(c1O)Cc1cc(S(=O)(=O)O)cc(c1O)Cc1cc(S(=O)(=O)O)cc(c1O)C2,C1130CCDC8DA0C6458EF6C2E07E7F3330D8F8B055CBE4DEAADB70DC00C8CDFC1,HOST_CAN_0154,PASS,NC(CC(=O)[O-])C(=O)O,BB5F75F5A9C5B3B73A0A3B7339C8AC7150359761D5C24F8C1D742AB3AA3BCA26,GUEST_CAN_0731,PASS,AttentiveFP,3,family_cold,calixarene,1.25860595703125
1141,30,56,C1C2=CC(=CC(=C2O)CC3=CC(=CC(=C3O)CC4=CC(=CC(=C4O)CC5=C(C(=CC(=C5)S(=O)(=O)[O-])CC6=C(C(=CC(=C6)S(=O)(=O)[O-])CC7=C(C1=CC(=C7)S(=O)(=O)[O-])O)O)O)S(=O)(=O)[O-])S(=O)(=O)[O-])S(=O)(=O)[O-],CCCC(C(=O)O)N,calixarene,2.539099931716919,O=S(=O)([O-])c1cc2c(O)c(c1)Cc1cc(S(=O)(=O)[O-])cc(c1O)Cc1cc(S(=O)(=O)[O-])cc(c1O)Cc1cc(S(=O)(=O)[O-])cc(c1O)Cc1cc(S(=O)(=O)[O-])cc(c1O)Cc1cc(S(=O)(=O)[O-])cc(c1O)C2,175E9D01D3A7DD7BE73E9B8659E8BAA0A16B2D5C4CCEFE3BEFED10121429BF10,HOST_CAN_0164,PASS,CCCC(N)C(=O)O,81F3215F9F46874A7436620E7AD92167936CF997FB3F203D4397A018C4B56861,GUEST_CAN_0268,PASS,AttentiveFP,3,family_cold,calixarene,2.0259265899658203
1142,1,394,C1C2=CC(=CC(=C2O)CC3=CC(=CC(=C3O)CC4=C(C(=CC(=C4)S(=O)(=O)O)CC5=C(C1=CC(=C5)S(=O)(=O)O)O)O)S(=O)(=O)O)S(=O)(=O)O,CNCCCCC(C(=O)O)N,calixarene,3.398699998855591,O=S(=O)(O)c1cc2c(O)c(c1)Cc1cc(S(=O)(=O)O)cc(c1O)Cc1cc(S(=O)(=O)O)cc(c1O)Cc1cc(S(=O)(=O)O)cc(c1O)C2,C1130CCDC8DA0C6458EF6C2E07E7F3330D8F8B055CBE4DEAADB70DC00C8CDFC1,HOST_CAN_0154,PASS,CNCCCCC(N)C(=O)O,9B0AE5E142031D417A6076D2AEB927C30933D05F67DFBD26C8B83EF20A2F463F,GUEST_CAN_0431,PASS,AttentiveFP,3,family_cold,calixarene,2.4008710384368896
1150,73,718,C1C2=CC(=CC(=C2O)CC3=CC(=CC(=C3O)CC4=CC(=CC(=C4O)CC5=C(C(=CC(=C5)S(=O)(=O)O)CC6=C(C1=CC(=C6)S(=O)(=O)O)O)O)S(=O)(=O)O)S(=O)(=O)O)S(=O)(=O)O,C12=C(N=CC=C3)C3=CC=C1C=CC=N2,calixarene,3.358099937438965,O=S(=O)(O)c1cc2c(O)c(c1)Cc1cc(S(=O)(=O)O)cc(c1O)Cc1cc(S(=O)(=O)O)cc(c1O)Cc1cc(S(=O)(=O)O)cc(c1O)Cc1cc(S(=O)(=O)O)cc(c1O)C2,CE64A1CA71928E5DE79CF9633E11D44D0BC2C175AB3D980BF8052807605CA8CC,HOST_CAN_0155,PASS,c1cnc2c(c1)ccc1cccnc12,0DE407E41EB32F1EF3602208289CAC1540971D9E44DB21A5F598DE4603DBD81B,GUEST_CAN_1150,PASS,AttentiveFP,3,family_cold,calixarene,3.4000818729400635
1157,45,449,C1C2=CC(=CC=C2)CC3=CC(=CC=C3)CC4=CC=CC(=C4)CC5=CC=CC1=C5,CC[N+](CC)(CC)CC.[I-],calixarene,5.3846001625061035,c1cc2cc(c1)Cc1cccc(c1)Cc1cccc(c1)Cc1cccc(c1)C2,001BA14F081450375618B4DEC192A3633931B27A166EE11658CCCBFAB45E327F,HOST_CAN_0183,PASS,CC[N+](CC)(CC)CC.[I-],439726C7FE1A89F55ABD4835F401966187407593946A2A10145FD576A8887D74,GUEST_CAN_0375,PASS,AttentiveFP,3,family_cold,calixarene,3.833557605743408
1160,73,547,C1C2=CC(=CC(=C2O)CC3=CC(=CC(=C3O)CC4=CC(=CC(=C4O)CC5=C(C(=CC(=C5)S(=O)(=O)O)CC6=C(C1=CC(=C6)S(=O)(=O)O)O)O)S(=O)(=O)O)S(=O)(=O)O)S(=O)(=O)O,C[N+](C)(C)CCOC(=O)CCC(=O)OCC[N+](C)(C)C,calixarene,5.404799938201904,O=S(=O)(O)c1cc2c(O)c(c1)Cc1cc(S(=O)(=O)O)cc(c1O)Cc1cc(S(=O)(=O)O)cc(c1O)Cc1cc(S(=O)(=O)O)cc(c1O)Cc1cc(S(=O)(=O)O)cc(c1O)C2,CE64A1CA71928E5DE79CF9633E11D44D0BC2C175AB3D980BF8052807605CA8CC,HOST_CAN_0155,PASS,C[N+](C)(C)CCOC(=O)CCC(=O)OCC[N+](C)(C)C,168122AB36303795CD3BE42ABCB877822F79FBE84B0D42505E86A89CF28DB147,GUEST_CAN_0569,PASS,AttentiveFP,3,family_cold,calixarene,2.9592785835266113
1164,159,476,CCCCCCOc1c2Cc3cc(cc(c3OCCCCCC)Cc3cc(cc(c3OCCCCCC)Cc3cc(cc(Cc4c(c(Cc5c(c(Cc1cc(c2)S(=O)(=O)[O-])cc(c5)S(=O)(=O)[O-])OCCCCCC)cc(c4)S(=O)(=O)[O-])OCCCCCC)c3OCCCCCC)S(=O)(=O)[O-])S(=O)(=O)[O-])S(=O)(=O)[O-],C[n+]1c2ccccc2c(c2c1cccc2)c1c2ccccc2[n+](c2c1cccc2)C.[O-][N+](=O)[O-].[O-][N+](=O)[O-],calixarene,5.757599830627441,CCCCCCOc1c2cc(S(=O)(=O)[O-])cc1Cc1cc(S(=O)(=O)[O-])cc(c1OCCCCCC)Cc1cc(S(=O)(=O)[O-])cc(c1OCCCCCC)Cc1cc(S(=O)(=O)[O-])cc(c1OCCCCCC)Cc1cc(S(=O)(=O)[O-])cc(c1OCCCCCC)Cc1cc(S(=O)(=O)[O-])cc(c1OCCCCCC)C2,01CBB54F6C94047AC1A8BB7B7BEC7EE2A260A4A1EC23A8796F6DBB39F19C192F,HOST_CAN_0029,PASS,C[n+]1c2ccccc2c(-c2c3ccccc3[n+](C)c3ccccc23)c2ccccc21.O=[N+]([O-])[O-].O=[N+]([O-])[O-],D4D263F20E807DCE8290909D48E9092725AF7020357CB313B6E2612BD76C3B4C,GUEST_CAN_0617,PASS,AttentiveFP,3,family_cold,calixarene,6.049720764160156
1165,1,724,C1C2=CC(=CC(=C2O)CC3=CC(=CC(=C3O)CC4=C(C(=CC(=C4)S(=O)(=O)O)CC5=C(C1=CC(=C5)S(=O)(=O)O)O)O)S(=O)(=O)O)S(=O)(=O)O,[NH3+]CCCCC(C(=O)NC(C(=O)NC(C(=O)NCC(=O)NC(C(=O)N)Cc1ccc(cc1)O)C(O)C)CO)NC(=O)C(NC(C(=O)NC(=O)C(C(O)C)[NH3+])C)CCCNC(=[NH2+])N,calixarene,3.9955999851226807,O=S(=O)(O)c1cc2c(O)c(c1)Cc1cc(S(=O)(=O)O)cc(c1O)Cc1cc(S(=O)(=O)O)cc(c1O)Cc1cc(S(=O)(=O)O)cc(c1O)C2,C1130CCDC8DA0C6458EF6C2E07E7F3330D8F8B055CBE4DEAADB70DC00C8CDFC1,HOST_CAN_0154,PASS,CC(NC(CCCNC(N)=[NH2+])C(=O)NC(CCCC[NH3+])C(=O)NC(CO)C(=O)NC(C(=O)NCC(=O)NC(Cc1ccc(O)cc1)C(N)=O)C(C)O)C(=O)NC(=O)C([NH3+])C(C)O,138CD6CED96C898902D4C597CC9A9A174ADACCC90940F768C7EE4B826A18016F,GUEST_CAN_0190,PASS,AttentiveFP,3,family_cold,calixarene,3.536247968673706
1171,1,727,C1C2=CC(=CC(=C2O)CC3=CC(=CC(=C3O)CC4=C(C(=CC(=C4)S(=O)(=O)O)CC5=C(C1=CC(=C5)S(=O)(=O)O)O)O)S(=O)(=O)O)S(=O)(=O)O,CC1(C)C(/C=C/C2=C(O)C=CC([N+]([O-])=O)=C2)=[N+](CCO)C3=CC=CC=C31,calixarene,4.397900104522705,O=S(=O)(O)c1cc2c(O)c(c1)Cc1cc(S(=O)(=O)O)cc(c1O)Cc1cc(S(=O)(=O)O)cc(c1O)Cc1cc(S(=O)(=O)O)cc(c1O)C2,C1130CCDC8DA0C6458EF6C2E07E7F3330D8F8B055CBE4DEAADB70DC00C8CDFC1,HOST_CAN_0154,PASS,CC1(C)C(/C=C/c2cc([N+](=O)[O-])ccc2O)=[N+](CCO)c2ccccc21,D7C8D7003546975C489ED8B8BF86B7BB7009D123D78D842A4E8D9CA44F0D544B,GUEST_CAN_0201,PASS,AttentiveFP,3,family_cold,calixarene,3.867982864379883
1173,121,27,Oc1c2Cc3cc(cc(c3O)Cc3cc(cc(Cc4c(c(Cc1cc(c2)S(=O)(=O)O)cc(c4)NS(=O)(=O)c1ccc(cc1)C(=O)[O])O)c3O)S(=O)(=O)O)NS(=O)(=O)c1ccc(cc1)C(=O)[O],NCCCCC(C(=O)NC(C(=O)NC(C(=O)NC(=O)C(NC(C(=O)NC(C(=O)NC(C(=O)NC(C(=O)NCC(=O)NC(C(=O)N)Cc1ccc(cc1)O)C(O)C)CO)CCCC[N+](C)(C)C)CCCNC(=N)N)C)C(O)C)CCC(=O)N)NC(=O)C(C(O)C)NC(=O)C(NC(=O)C(N)C)CCCNC(=N)N,calixarene,6.301000118255615,[O]C(=O)c1ccc(S(=O)(=O)Nc2cc3c(O)c(c2)Cc2cc(S(=O)(=O)O)cc(c2O)Cc2cc(NS(=O)(=O)c4ccc(C([O])=O)cc4)cc(c2O)Cc2cc(S(=O)(=O)O)cc(c2O)C3)cc1,C8B53830D64E73BF90AC9C849CFB2B23C81A27721515EDA5A3469EA362472E0C,HOST_CAN_0182,PASS,CC(N)C(=O)NC(CCCNC(=N)N)C(=O)NC(C(=O)NC(CCCCN)C(=O)NC(CCC(N)=O)C(=O)NC(C(=O)NC(=O)C(C)NC(CCCNC(=N)N)C(=O)NC(CCCC[N+](C)(C)C)C(=O)NC(CO)C(=O)NC(C(=O)NCC(=O)NC(Cc1ccc(O)cc1)C(N)=O)C(C)O)C(C)O)C(C)O,FDB24492C01844597473AA7C2BD6C580BEC794EA067753C199B126BE41E8D5FA,GUEST_CAN_0177,PASS,AttentiveFP,3,family_cold,calixarene,4.821873664855957
1175,30,72,C1C2=CC(=CC(=C2O)CC3=CC(=CC(=C3O)CC4=CC(=CC(=C4O)CC5=C(C(=CC(=C5)S(=O)(=O)[O-])CC6=C(C(=CC(=C6)S(=O)(=O)[O-])CC7=C(C1=CC(=C7)S(=O)(=O)[O-])O)O)O)S(=O)(=O)[O-])S(=O)(=O)[O-])S(=O)(=O)[O-],NC(C(=O)O)Cc1c[nH]cn1,calixarene,3.285599946975708,O=S(=O)([O-])c1cc2c(O)c(c1)Cc1cc(S(=O)(=O)[O-])cc(c1O)Cc1cc(S(=O)(=O)[O-])cc(c1O)Cc1cc(S(=O)(=O)[O-])cc(c1O)Cc1cc(S(=O)(=O)[O-])cc(c1O)Cc1cc(S(=O)(=O)[O-])cc(c1O)C2,175E9D01D3A7DD7BE73E9B8659E8BAA0A16B2D5C4CCEFE3BEFED10121429BF10,HOST_CAN_0164,PASS,NC(Cc1c[nH]cn1)C(=O)O,FB673C9EDBC2F6C509C14A12DA10308CC8AD4E94C32BC5F3BAD448FBAA74F381,GUEST_CAN_0741,PASS,AttentiveFP,3,family_cold,calixarene,2.263274669647217
1176,22,384,Oc1c2Sc3cc(cc(c3O)Sc3cc(cc(Sc4c(c(Sc1cc(c2)S(=O)(=O)O)cc(c4)S(=O)(=O)O)O)c3O)S(=O)(=O)O)S(=O)(=O)O,CC1=CC=NC=C1,calixarene,2.4637999534606934,O=S(=O)(O)c1cc2c(O)c(c1)Sc1cc(S(=O)(=O)O)cc(c1O)Sc1cc(S(=O)(=O)O)cc(c1O)Sc1cc(S(=O)(=O)O)cc(c1O)S2,5FE888C1FB51BDA35D21231A31EDB8203ACD56DD9744D0C6B83351EC668D4256,HOST_CAN_0156,PASS,Cc1ccncc1,793286ADE81890C85B833167A2C805C672C3C04BEE8A17A89412FEBE14BF75D9,GUEST_CAN_0675,PASS,AttentiveFP,3,family_cold,calixarene,2.127631425857544
1180,1,299,C1C2=CC(=CC(=C2O)CC3=CC(=CC(=C3O)CC4=C(C(=CC(=C4)S(=O)(=O)O)CC5=C(C1=CC(=C5)S(=O)(=O)O)O)O)S(=O)(=O)O)S(=O)(=O)O,C[N+](C)(C)C,calixarene,4.649799823760986,O=S(=O)(O)c1cc2c(O)c(c1)Cc1cc(S(=O)(=O)O)cc(c1O)Cc1cc(S(=O)(=O)O)cc(c1O)Cc1cc(S(=O)(=O)O)cc(c1O)C2,C1130CCDC8DA0C6458EF6C2E07E7F3330D8F8B055CBE4DEAADB70DC00C8CDFC1,HOST_CAN_0154,PASS,C[N+](C)(C)C,4E668A15DBFB99CEF4E591194E4A7EBF203DDD98D3B5437DF2A209A639A7A83B,GUEST_CAN_0552,PASS,AttentiveFP,3,family_cold,calixarene,2.250340700149536
1183,1,733,C1C2=CC(=CC(=C2O)CC3=CC(=CC(=C3O)CC4=C(C(=CC(=C4)S(=O)(=O)O)CC5=C(C1=CC(=C5)S(=O)(=O)O)O)O)S(=O)(=O)O)S(=O)(=O)O,[Cl-].C(CC)[N+](CCC)(CCC)CCC,calixarene,4.484799861907959,O=S(=O)(O)c1cc2c(O)c(c1)Cc1cc(S(=O)(=O)O)cc(c1O)Cc1cc(S(=O)(=O)O)cc(c1O)Cc1cc(S(=O)(=O)O)cc(c1O)C2,C1130CCDC8DA0C6458EF6C2E07E7F3330D8F8B055CBE4DEAADB70DC00C8CDFC1,HOST_CAN_0154,PASS,CCC[N+](CCC)(CCC)CCC.[Cl-],7E4FFA4592B5866D79017B7D3BA09FC8257193B2863C9C744D333FA1F98785E0,GUEST_CAN_0336,PASS,AttentiveFP,3,family_cold,calixarene,4.588172435760498
1184,90,734,CCCCCCCCCCCCCOc1c2cc(cc1Cc1cc(NC(=N)[NH3+])cc(c1OCCCCCCCCCCCC)Cc1cc(NC(=N)[NH3+])cc(c1OCCCCCCCCCCCC)Cc1c(c(Cc3c(c(C2)cc(NC(=N)[NH3+])c3)OCCCCCCCCCCCC)cc(NC(=N)[NH3+])c1)OCCCCCCCCCCCC)NC(=N)[NH3+],ClCCN(C1=CC=C(C=C1)CCCC(=O)O)CCCl,calixarene,5.255300045013428,CCCCCCCCCCCCCOc1c2cc(NC(=N)[NH3+])cc1Cc1cc(NC(=N)[NH3+])cc(c1OCCCCCCCCCCCC)Cc1cc(NC(=N)[NH3+])cc(c1OCCCCCCCCCCCC)Cc1cc(NC(=N)[NH3+])cc(c1OCCCCCCCCCCCC)Cc1cc(NC(=N)[NH3+])cc(c1OCCCCCCCCCCCC)C2,A5AE0C6743B4C191BBE311A7590CE3620FD85BC6216E8A86BBF33F2997A94F95,HOST_CAN_0025,PASS,O=C(O)CCCc1ccc(N(CCCl)CCCl)cc1,87C43CFE895B099DDCC924A6F94062288341874314F7612D14BDEECA90A4FBBF,GUEST_CAN_0874,PASS,AttentiveFP,3,family_cold,calixarene,5.261066436767578
1185,46,735,C1C2=CC(=CC(=C2O)CC3=CC(=CC(=C3O)CC4=C(C(=CC(=C4)S(=O)(=O)O)CC5=C(C1=CC(=C5)S(=O)(=O)[O-])O)O)S(=O)(=O)O)S(=O)(=O)O.[Na+],CC(CC(C(=O)NCC(=O)O)NC(=O)C(NC(=O)C(Cc1c[nH]c2c1cccc2)NC(=O)C(NC(=O)C(NC(=O)C(CC(C)C)N)CCCNC(=N)N)CCCNC(=N)N)COP(=O)(O)O)C,calixarene,3.6989998817443848,O=S(=O)([O-])c1cc2c(O)c(c1)Cc1cc(S(=O)(=O)O)cc(c1O)Cc1cc(S(=O)(=O)O)cc(c1O)Cc1cc(S(=O)(=O)O)cc(c1O)C2.[Na+],CA94CECC10EDB9167B38E05C5D125873C9C1506ED227A3D9C6CBBCD696828A96,HOST_CAN_0163,PASS,CC(C)CC(N)C(=O)NC(CCCNC(=N)N)C(=O)NC(CCCNC(=N)N)C(=O)NC(Cc1c[nH]c2ccccc12)C(=O)NC(COP(=O)(O)O)C(=O)NC(CC(C)C)C(=O)NCC(=O)O,ABBF60D61CE1AD685370E43DE1B4C731A2D91B4A3016BAA0E4C81D1C9B015A86,GUEST_CAN_0134,PASS,AttentiveFP,3,family_cold,calixarene,3.6011672019958496
1187,1,642,C1C2=CC(=CC(=C2O)CC3=CC(=CC(=C3O)CC4=C(C(=CC(=C4)S(=O)(=O)O)CC5=C(C1=CC(=C5)S(=O)(=O)O)O)O)S(=O)(=O)O)S(=O)(=O)O,N[C@@H](CC(C)C)C(=O)N[C@@H](C)C(=O)O,calixarene,3.2300000190734863,O=S(=O)(O)c1cc2c(O)c(c1)Cc1cc(S(=O)(=O)O)cc(c1O)Cc1cc(S(=O)(=O)O)cc(c1O)Cc1cc(S(=O)(=O)O)cc(c1O)C2,C1130CCDC8DA0C6458EF6C2E07E7F3330D8F8B055CBE4DEAADB70DC00C8CDFC1,HOST_CAN_0154,PASS,CC(C)C[C@H](N)C(=O)N[C@@H](C)C(=O)O,FA31C037AAC82D03C787382A7445CB610BD9898A10E233D18772916EA1E7A618,GUEST_CAN_0149,PASS,AttentiveFP,3,family_cold,calixarene,2.1255903244018555
1196,46,400,C1C2=CC(=CC(=C2O)CC3=CC(=CC(=C3O)CC4=C(C(=CC(=C4)S(=O)(=O)O)CC5=C(C1=CC(=C5)S(=O)(=O)[O-])O)O)S(=O)(=O)O)S(=O)(=O)O.[Na+],CC1=NC(=CC=C1)C,calixarene,4.105100154876709,O=S(=O)([O-])c1cc2c(O)c(c1)Cc1cc(S(=O)(=O)O)cc(c1O)Cc1cc(S(=O)(=O)O)cc(c1O)Cc1cc(S(=O)(=O)O)cc(c1O)C2.[Na+],CA94CECC10EDB9167B38E05C5D125873C9C1506ED227A3D9C6CBBCD696828A96,HOST_CAN_0163,PASS,Cc1cccc(C)n1,DBFA28727E7253C6FF16A196350004E0257EBA3F3F69D11C8D90ABE7F3D7FD4B,GUEST_CAN_0665,PASS,AttentiveFP,3,family_cold,calixarene,2.306987762451172
1198,1,740,C1C2=CC(=CC(=C2O)CC3=CC(=CC(=C3O)CC4=C(C(=CC(=C4)S(=O)(=O)O)CC5=C(C1=CC(=C5)S(=O)(=O)O)O)O)S(=O)(=O)O)S(=O)(=O)O,C(C)[NH3+],calixarene,3.5799999237060547,O=S(=O)(O)c1cc2c(O)c(c1)Cc1cc(S(=O)(=O)O)cc(c1O)Cc1cc(S(=O)(=O)O)cc(c1O)Cc1cc(S(=O)(=O)O)cc(c1O)C2,C1130CCDC8DA0C6458EF6C2E07E7F3330D8F8B055CBE4DEAADB70DC00C8CDFC1,HOST_CAN_0154,PASS,CC[NH3+],D6FEDAD390E53EAC3D6B344582A6B5BEC80CB34C617B9276317B4FAD7825C62C,GUEST_CAN_0380,PASS,AttentiveFP,3,family_cold,calixarene,2.986356735229492
1219,106,351,CCCOC1=C2CC3=CC(P(OC)(O[Li])=O)=CC(CC4=C(OCCC)C(CC5=C(OCCC)C(CC1=CC(P(OC)(O[Li])=O)=C2)=CC(P(OC)(O[Li])=O)=C5)=CC(P(OC)(O[Li])=O)=C4)=C3OCCC,C1=CC(=C(C=C1C(CN)O)O)O.Cl,calixarene,1.6532000303268433,[Li][O]P(=O)(OC)c1cc2c(OCCC)c(c1)Cc1cc(P(=O)([O][Li])OC)cc(c1OCCC)Cc1cc(P(=O)([O][Li])OC)cc(c1OCCC)Cc1cc(P(=O)([O][Li])OC)cc(c1OCCC)C2,7E35E77A746111D0F7C2AD48B4236AD5F23EBD686B02C0BEF4D3F0D97CE016F4,HOST_CAN_0180,PASS,Cl.NCC(O)c1ccc(O)c(O)c1,77292EA0463E2AED797CAE9779601581D37EB7B67F9EA7796D4F6EE168154886,GUEST_CAN_0687,PASS,AttentiveFP,3,family_cold,calixarene,1.818180799484253
1225,30,557,C1C2=CC(=CC(=C2O)CC3=CC(=CC(=C3O)CC4=CC(=CC(=C4O)CC5=C(C(=CC(=C5)S(=O)(=O)[O-])CC6=C(C(=CC(=C6)S(=O)(=O)[O-])CC7=C(C1=CC(=C7)S(=O)(=O)[O-])O)O)O)S(=O)(=O)[O-])S(=O)(=O)[O-])S(=O)(=O)[O-],CN(C)C(=NCCCC(C(=O)O)N)N,calixarene,2.498300075531006,O=S(=O)([O-])c1cc2c(O)c(c1)Cc1cc(S(=O)(=O)[O-])cc(c1O)Cc1cc(S(=O)(=O)[O-])cc(c1O)Cc1cc(S(=O)(=O)[O-])cc(c1O)Cc1cc(S(=O)(=O)[O-])cc(c1O)Cc1cc(S(=O)(=O)[O-])cc(c1O)C2,175E9D01D3A7DD7BE73E9B8659E8BAA0A16B2D5C4CCEFE3BEFED10121429BF10,HOST_CAN_0164,PASS,CN(C)C(N)=NCCCC(N)C(=O)O,8FECDFE6FD8E3AB55B038D0BDBF122796AB039E405A2214EC5BD150967E713AD,GUEST_CAN_0391,PASS,AttentiveFP,3,family_cold,calixarene,2.8412790298461914
1226,30,599,C1C2=CC(=CC(=C2O)CC3=CC(=CC(=C3O)CC4=CC(=CC(=C4O)CC5=C(C(=CC(=C5)S(=O)(=O)[O-])CC6=C(C(=CC(=C6)S(=O)(=O)[O-])CC7=C(C1=CC(=C7)S(=O)(=O)[O-])O)O)O)S(=O)(=O)[O-])S(=O)(=O)[O-])S(=O)(=O)[O-],CC(c1ccccc1[N+](=O)[O-])OCC[N+](C)(C)C,calixarene,4.113900184631348,O=S(=O)([O-])c1cc2c(O)c(c1)Cc1cc(S(=O)(=O)[O-])cc(c1O)Cc1cc(S(=O)(=O)[O-])cc(c1O)Cc1cc(S(=O)(=O)[O-])cc(c1O)Cc1cc(S(=O)(=O)[O-])cc(c1O)Cc1cc(S(=O)(=O)[O-])cc(c1O)C2,175E9D01D3A7DD7BE73E9B8659E8BAA0A16B2D5C4CCEFE3BEFED10121429BF10,HOST_CAN_0164,PASS,CC(OCC[N+](C)(C)C)c1ccccc1[N+](=O)[O-],564C2BD700BE3B4AC81778858439198198D65A7C0BD9F3BB910237FE048B6847,GUEST_CAN_0191,PASS,AttentiveFP,3,family_cold,calixarene,3.70062255859375
1229,1,758,C1C2=CC(=CC(=C2O)CC3=CC(=CC(=C3O)CC4=C(C(=CC(=C4)S(=O)(=O)O)CC5=C(C1=CC(=C5)S(=O)(=O)O)O)O)S(=O)(=O)O)S(=O)(=O)O,N1CCNCC1,calixarene,2.9828999042510986,O=S(=O)(O)c1cc2c(O)c(c1)Cc1cc(S(=O)(=O)O)cc(c1O)Cc1cc(S(=O)(=O)O)cc(c1O)Cc1cc(S(=O)(=O)O)cc(c1O)C2,C1130CCDC8DA0C6458EF6C2E07E7F3330D8F8B055CBE4DEAADB70DC00C8CDFC1,HOST_CAN_0154,PASS,C1CNCCN1,DCBEE0CE71A0A74F58734832A3AC6F70AAF67F6ECC73294D85B4FCCD1D324E29,GUEST_CAN_0034,PASS,AttentiveFP,3,family_cold,calixarene,4.780172348022461
1231,46,760,C1C2=CC(=CC(=C2O)CC3=CC(=CC(=C3O)CC4=C(C(=CC(=C4)S(=O)(=O)O)CC5=C(C1=CC(=C5)S(=O)(=O)[O-])O)O)S(=O)(=O)O)S(=O)(=O)O.[Na+],O(CC[n+]1ccccc1)CC[n+]1ccccc1.[Br-].[Br-],calixarene,6.968500137329102,O=S(=O)([O-])c1cc2c(O)c(c1)Cc1cc(S(=O)(=O)O)cc(c1O)Cc1cc(S(=O)(=O)O)cc(c1O)Cc1cc(S(=O)(=O)O)cc(c1O)C2.[Na+],CA94CECC10EDB9167B38E05C5D125873C9C1506ED227A3D9C6CBBCD696828A96,HOST_CAN_0163,PASS,[Br-].[Br-].c1cc[n+](CCOCC[n+]2ccccc2)cc1,FCCC85C7A819BE8C060104EB1DE606858B68A72974429620A79DA1DD1203FD8D,GUEST_CAN_1015,PASS,AttentiveFP,3,family_cold,calixarene,3.024118661880493
1233,160,231,Cc1ccc(cc1)S(=O)(=O)Nc1cc2Cc3cc(cc(c3O)Cc3cc(cc(Cc4c(c(Cc(c1)c2O)cc(c4)S(=O)(=O)O)O)c3O)S(=O)(=O)O)S(=O)(=O)O,C[N+](C)(C)CCCCC(C(=O)O)N,calixarene,2.7558999061584473,Cc1ccc(S(=O)(=O)Nc2cc3c(O)c(c2)Cc2cc(S(=O)(=O)O)cc(c2O)Cc2cc(S(=O)(=O)O)cc(c2O)Cc2cc(S(=O)(=O)O)cc(c2O)C3)cc1,D0610B51F3447B00F0C2D7E4BAAC7B4E81FA831667DB291DD19762B0CCB7F926,HOST_CAN_0100,PASS,C[N+](C)(C)CCCCC(N)C(=O)O,A5D9046F4C510F24A7D2618FA2E491B2FD6A06575CDE2270294DEDC76755B73A,GUEST_CAN_0563,PASS,AttentiveFP,3,family_cold,calixarene,2.501387357711792
1241,30,764,C1C2=CC(=CC(=C2O)CC3=CC(=CC(=C3O)CC4=CC(=CC(=C4O)CC5=C(C(=CC(=C5)S(=O)(=O)[O-])CC6=C(C(=CC(=C6)S(=O)(=O)[O-])CC7=C(C1=CC(=C7)S(=O)(=O)[O-])O)O)O)S(=O)(=O)[O-])S(=O)(=O)[O-])S(=O)(=O)[O-],C1(=CCC2=CC=C3C=CC=C4C=CC1C2=C34)/C=C/C3=CCN(C=C3)C,calixarene,3.759999990463257,O=S(=O)([O-])c1cc2c(O)c(c1)Cc1cc(S(=O)(=O)[O-])cc(c1O)Cc1cc(S(=O)(=O)[O-])cc(c1O)Cc1cc(S(=O)(=O)[O-])cc(c1O)Cc1cc(S(=O)(=O)[O-])cc(c1O)Cc1cc(S(=O)(=O)[O-])cc(c1O)C2,175E9D01D3A7DD7BE73E9B8659E8BAA0A16B2D5C4CCEFE3BEFED10121429BF10,HOST_CAN_0164,PASS,CN1C=CC(/C=C/C2=CCc3ccc4cccc5c4c3C2C=C5)=CC1,312B6A5D578A533AEA667D63213D9DB8EF06CBF8CAC67B375C184BC36324F841,GUEST_CAN_0416,PASS,AttentiveFP,3,family_cold,calixarene,4.837656021118164
1246,30,109,C1C2=CC(=CC(=C2O)CC3=CC(=CC(=C3O)CC4=CC(=CC(=C4O)CC5=C(C(=CC(=C5)S(=O)(=O)[O-])CC6=C(C(=CC(=C6)S(=O)(=O)[O-])CC7=C(C1=CC(=C7)S(=O)(=O)[O-])O)O)O)S(=O)(=O)[O-])S(=O)(=O)[O-])S(=O)(=O)[O-],C(CC(C(=O)O)N)CN=C(N)N,calixarene,2.1201999187469482,O=S(=O)([O-])c1cc2c(O)c(c1)Cc1cc(S(=O)(=O)[O-])cc(c1O)Cc1cc(S(=O)(=O)[O-])cc(c1O)Cc1cc(S(=O)(=O)[O-])cc(c1O)Cc1cc(S(=O)(=O)[O-])cc(c1O)Cc1cc(S(=O)(=O)[O-])cc(c1O)C2,175E9D01D3A7DD7BE73E9B8659E8BAA0A16B2D5C4CCEFE3BEFED10121429BF10,HOST_CAN_0164,PASS,NC(N)=NCCCC(N)C(=O)O,0E8C75093E2FC997DA04592D0B5BF85F1497CF3AA52A61C1DE57D4718119AA31,GUEST_CAN_0751,PASS,AttentiveFP,3,family_cold,calixarene,2.552088499069214
1252,73,593,C1C2=CC(=CC(=C2O)CC3=CC(=CC(=C3O)CC4=CC(=CC(=C4O)CC5=C(C(=CC(=C5)S(=O)(=O)O)CC6=C(C1=CC(=C6)S(=O)(=O)O)O)O)S(=O)(=O)O)S(=O)(=O)O)S(=O)(=O)O,C[N+](C)(C)CC1=CC=C([N+]([O-])=O)C=C1,calixarene,5.100399971008301,O=S(=O)(O)c1cc2c(O)c(c1)Cc1cc(S(=O)(=O)O)cc(c1O)Cc1cc(S(=O)(=O)O)cc(c1O)Cc1cc(S(=O)(=O)O)cc(c1O)Cc1cc(S(=O)(=O)O)cc(c1O)C2,CE64A1CA71928E5DE79CF9633E11D44D0BC2C175AB3D980BF8052807605CA8CC,HOST_CAN_0155,PASS,C[N+](C)(C)Cc1ccc([N+](=O)[O-])cc1,C81DFE1142CCEAC17EA508E9FB9CE73991FEBBC991F7E13643BFF32A03784961,GUEST_CAN_0576,PASS,AttentiveFP,3,family_cold,calixarene,3.4304563999176025
1255,45,770,C1C2=CC(=CC=C2)CC3=CC(=CC=C3)CC4=CC=CC(=C4)CC5=CC=CC1=C5,[Al+3],calixarene,4.307499885559082,c1cc2cc(c1)Cc1cccc(c1)Cc1cccc(c1)Cc1cccc(c1)C2,001BA14F081450375618B4DEC192A3633931B27A166EE11658CCCBFAB45E327F,HOST_CAN_0183,PASS,[Al+3],74BC4B32EE0356896B664BBADD81C0D96E1808AB885FC80F3835E44DE6A71F31,GUEST_CAN_1009,PASS,AttentiveFP,3,family_cold,calixarene,3.599703311920166
1257,1,175,C1C2=CC(=CC(=C2O)CC3=CC(=CC(=C3O)CC4=C(C(=CC(=C4)S(=O)(=O)O)CC5=C(C1=CC(=C5)S(=O)(=O)O)O)O)S(=O)(=O)O)S(=O)(=O)O,CCCC[N+](CCCC)(CCCC)CCCC.[I-],calixarene,4.104800224304199,O=S(=O)(O)c1cc2c(O)c(c1)Cc1cc(S(=O)(=O)O)cc(c1O)Cc1cc(S(=O)(=O)O)cc(c1O)Cc1cc(S(=O)(=O)O)cc(c1O)C2,C1130CCDC8DA0C6458EF6C2E07E7F3330D8F8B055CBE4DEAADB70DC00C8CDFC1,HOST_CAN_0154,PASS,CCCC[N+](CCCC)(CCCC)CCCC.[I-],AEB60E90607A4F8C1F949B3EACD125A2B91E0A4DEAD7B24D9097176DB9E506E4,GUEST_CAN_0318,PASS,AttentiveFP,3,family_cold,calixarene,4.954019546508789
1259,99,215,N#CCOc1c2Cc3cc(cc(c3O)Cc3cc(cc(c3O)Cc3cc(cc(c3O)Cc3cc(cc(Cc4c(c(Cc5c(c(Cc6c(c(Cc1cc(c2)S(=O)(=O)O)cc(c6)S(=O)(=O)O)O)cc(c5)S(=O)(=O)O)O)cc(c4)S(=O)(=O)O)O)c3O)S(=O)(=O)O)S(=O)(=O)O)S(=O)(=O)O)S(=O)(=O)O,CC(C(=O)O)N,calixarene,1.8062000274658203,N#CCOc1c2cc(S(=O)(=O)O)cc1Cc1cc(S(=O)(=O)O)cc(c1O)Cc1cc(S(=O)(=O)O)cc(c1O)Cc1cc(S(=O)(=O)O)cc(c1O)Cc1cc(S(=O)(=O)O)cc(c1O)Cc1cc(S(=O)(=O)O)cc(c1O)Cc1cc(S(=O)(=O)O)cc(c1O)Cc1cc(S(=O)(=O)O)cc(c1O)C2,9C5AE9DC33FB7183D6DE570E4F40C5ED225E59EFD3C7E5485333524BCCF933C0,HOST_CAN_0103,PASS,CC(N)C(=O)O,6AC3AD1747D8E4C9B36EA5FBFB37965B87CCE816D9D72141F9005590B6D6FC3C,GUEST_CAN_0180,PASS,AttentiveFP,3,family_cold,calixarene,2.4158573150634766
1265,1,126,C1C2=CC(=CC(=C2O)CC3=CC(=CC(=C3O)CC4=C(C(=CC(=C4)S(=O)(=O)O)CC5=C(C1=CC(=C5)S(=O)(=O)O)O)O)S(=O)(=O)O)S(=O)(=O)O,NC(C(=O)O)Cc1ccccc1,calixarene,2.913300037384033,O=S(=O)(O)c1cc2c(O)c(c1)Cc1cc(S(=O)(=O)O)cc(c1O)Cc1cc(S(=O)(=O)O)cc(c1O)Cc1cc(S(=O)(=O)O)cc(c1O)C2,C1130CCDC8DA0C6458EF6C2E07E7F3330D8F8B055CBE4DEAADB70DC00C8CDFC1,HOST_CAN_0154,PASS,NC(Cc1ccccc1)C(=O)O,4B6B1236F1C31D28D9F95F736FF46B2960AFF4F6FCE3D9E76CF43DE2ADDE8B08,GUEST_CAN_0746,PASS,AttentiveFP,3,family_cold,calixarene,2.053112268447876
1266,159,774,CCCCCCOc1c2Cc3cc(cc(c3OCCCCCC)Cc3cc(cc(c3OCCCCCC)Cc3cc(cc(Cc4c(c(Cc5c(c(Cc1cc(c2)S(=O)(=O)[O-])cc(c5)S(=O)(=O)[O-])OCCCCCC)cc(c4)S(=O)(=O)[O-])OCCCCCC)c3OCCCCCC)S(=O)(=O)[O-])S(=O)(=O)[O-])S(=O)(=O)[O-],[Tb+3],calixarene,5.672100067138672,CCCCCCOc1c2cc(S(=O)(=O)[O-])cc1Cc1cc(S(=O)(=O)[O-])cc(c1OCCCCCC)Cc1cc(S(=O)(=O)[O-])cc(c1OCCCCCC)Cc1cc(S(=O)(=O)[O-])cc(c1OCCCCCC)Cc1cc(S(=O)(=O)[O-])cc(c1OCCCCCC)Cc1cc(S(=O)(=O)[O-])cc(c1OCCCCCC)C2,01CBB54F6C94047AC1A8BB7B7BEC7EE2A260A4A1EC23A8796F6DBB39F19C192F,HOST_CAN_0029,PASS,[Tb+3],C2FDA4C0E826EDB775328B3FE74A1C888B5C053B2E06E09EC014A7C88C28AB2E,GUEST_CAN_1114,PASS,AttentiveFP,3,family_cold,calixarene,3.1085267066955566
1285,45,661,C1C2=CC(=CC=C2)CC3=CC(=CC=C3)CC4=CC=CC(=C4)CC5=CC=CC1=C5,C(CCN=C(N)N)CN,calixarene,6.85129976272583,c1cc2cc(c1)Cc1cccc(c1)Cc1cccc(c1)Cc1cccc(c1)C2,001BA14F081450375618B4DEC192A3633931B27A166EE11658CCCBFAB45E327F,HOST_CAN_0183,PASS,NCCCCN=C(N)N,147435922603679D62DCF688C9853E3AD71C8B15D4F61677EFF46B2F78910BA6,GUEST_CAN_0797,PASS,AttentiveFP,3,family_cold,calixarene,3.558994770050049
1289,1,783,C1C2=CC(=CC(=C2O)CC3=CC(=CC(=C3O)CC4=C(C(=CC(=C4)S(=O)(=O)O)CC5=C(C1=CC(=C5)S(=O)(=O)O)O)O)S(=O)(=O)O)S(=O)(=O)O,C(CCCCO)O,calixarene,1.4300999641418457,O=S(=O)(O)c1cc2c(O)c(c1)Cc1cc(S(=O)(=O)O)cc(c1O)Cc1cc(S(=O)(=O)O)cc(c1O)Cc1cc(S(=O)(=O)O)cc(c1O)C2,C1130CCDC8DA0C6458EF6C2E07E7F3330D8F8B055CBE4DEAADB70DC00C8CDFC1,HOST_CAN_0154,PASS,OCCCCCO,B0C1010F63DB205130CA12BD53F799A737AB9B20479B742BBE6631D086FE43EA,GUEST_CAN_0975,PASS,AttentiveFP,3,family_cold,calixarene,1.3856160640716553
1290,42,57,OC1=C(CC2=CC(S(=O)([O-])=O)=CC(CC(C=C3S(=O)([O-])=O)=C4OCC(N)=O)=C2O)C=C(S(=O)([O-])=O)C=C1CC5=CC(S(=O)([O-])=O)=CC(CC4=C3)=C5O,OC(=O)C1CCCN1,calixarene,2.56469988822937,NC(=O)COc1c2cc(S(=O)(=O)[O-])cc1Cc1cc(S(=O)(=O)[O-])cc(c1O)Cc1cc(S(=O)(=O)[O-])cc(c1O)Cc1cc(S(=O)(=O)[O-])cc(c1O)C2,1F2BEDA02D00DC2C1A2D3A5BD5460849E045F21D3B673D4626094BA71BDA0464,HOST_CAN_0104,PASS,O=C(O)C1CCCN1,089AB51F23001BB951B8422598AD8ED1DBAD90EB1049857FB2A03F150DA120BA,GUEST_CAN_0869,PASS,AttentiveFP,3,family_cold,calixarene,1.7137551307678223
1293,106,35,CCCOC1=C2CC3=CC(P(OC)(O[Li])=O)=CC(CC4=C(OCCC)C(CC5=C(OCCC)C(CC1=CC(P(OC)(O[Li])=O)=C2)=CC(P(OC)(O[Li])=O)=C5)=CC(P(OC)(O[Li])=O)=C4)=C3OCCC,CC(C(C1=CC=CC=C1)O)N.Cl,calixarene,1.7633999586105347,[Li][O]P(=O)(OC)c1cc2c(OCCC)c(c1)Cc1cc(P(=O)([O][Li])OC)cc(c1OCCC)Cc1cc(P(=O)([O][Li])OC)cc(c1OCCC)Cc1cc(P(=O)([O][Li])OC)cc(c1OCCC)C2,7E35E77A746111D0F7C2AD48B4236AD5F23EBD686B02C0BEF4D3F0D97CE016F4,HOST_CAN_0180,PASS,CC(N)C(O)c1ccccc1.Cl,F3CBF8AD0B3694DB4AF6CFE0D68F9D32EE1559DDDF9FC432AE2D1BBD4B3B4403,GUEST_CAN_0181,PASS,AttentiveFP,3,family_cold,calixarene,2.009303569793701
1295,1,133,C1C2=CC(=CC(=C2O)CC3=CC(=CC(=C3O)CC4=C(C(=CC(=C4)S(=O)(=O)O)CC5=C(C1=CC(=C5)S(=O)(=O)O)O)O)S(=O)(=O)O)S(=O)(=O)O,[Cl-].[Cs+],calixarene,2.8815999031066895,O=S(=O)(O)c1cc2c(O)c(c1)Cc1cc(S(=O)(=O)O)cc(c1O)Cc1cc(S(=O)(=O)O)cc(c1O)Cc1cc(S(=O)(=O)O)cc(c1O)C2,C1130CCDC8DA0C6458EF6C2E07E7F3330D8F8B055CBE4DEAADB70DC00C8CDFC1,HOST_CAN_0154,PASS,[Cl-].[Cs+],92887686B9FCD5D7B4FF9C8AAFE34E6D69DCC3DF4F7D53B23D98EBC2D3E6DDEE,GUEST_CAN_1034,PASS,AttentiveFP,3,family_cold,calixarene,1.5529303550720215
1299,1,18,C1C2=CC(=CC(=C2O)CC3=CC(=CC(=C3O)CC4=C(C(=CC(=C4)S(=O)(=O)O)CC5=C(C1=CC(=C5)S(=O)(=O)O)O)O)S(=O)(=O)O)S(=O)(=O)O,OC(=O)C(Cc1c[nH]c2c1cccc2)N,calixarene,2.4200000762939453,O=S(=O)(O)c1cc2c(O)c(c1)Cc1cc(S(=O)(=O)O)cc(c1O)Cc1cc(S(=O)(=O)O)cc(c1O)Cc1cc(S(=O)(=O)O)cc(c1O)C2,C1130CCDC8DA0C6458EF6C2E07E7F3330D8F8B055CBE4DEAADB70DC00C8CDFC1,HOST_CAN_0154,PASS,NC(Cc1c[nH]c2ccccc12)C(=O)O,640E1867764F94CAFE2D991B23E1B000681C8619E07309C47EB26888B7938B6E,GUEST_CAN_0740,PASS,AttentiveFP,3,family_cold,calixarene,2.523085594177246
1302,63,727,Oc1c2Cc3cc(cc(c3O)Cc3cc(cc(c3O)Cc3cc(cc(c3O)Cc3cc(cc(Cc4c(c(Cc5c(c(Cc6c(c(Cc1cc(c2)S(=O)(=O)[O-])cc(c6)S(=O)(=O)[O-])O)cc(c5)S(=O)(=O)[O-])O)cc(c4)S(=O)(=O)[O-])O)c3O)S(=O)(=O)[O-])S(=O)(=O)[O-])S(=O)(=O)[O-])S(=O)(=O)[O-],CC1(C)C(/C=C/C2=C(O)C=CC([N+]([O-])=O)=C2)=[N+](CCO)C3=CC=CC=C31,calixarene,4.370100021362305,O=S(=O)([O-])c1cc2c(O)c(c1)Cc1cc(S(=O)(=O)[O-])cc(c1O)Cc1cc(S(=O)(=O)[O-])cc(c1O)Cc1cc(S(=O)(=O)[O-])cc(c1O)Cc1cc(S(=O)(=O)[O-])cc(c1O)Cc1cc(S(=O)(=O)[O-])cc(c1O)Cc1cc(S(=O)(=O)[O-])cc(c1O)Cc1cc(S(=O)(=O)[O-])cc(c1O)C2,3C24C9B25872FE0768A640DF44D242D9AEC5F3FA9C167A457997BAE8D628FFF1,HOST_CAN_0166,PASS,CC1(C)C(/C=C/c2cc([N+](=O)[O-])ccc2O)=[N+](CCO)c2ccccc21,D7C8D7003546975C489ED8B8BF86B7BB7009D123D78D842A4E8D9CA44F0D544B,GUEST_CAN_0201,PASS,AttentiveFP,3,family_cold,calixarene,5.062476634979248
1308,1,788,C1C2=CC(=CC(=C2O)CC3=CC(=CC(=C3O)CC4=C(C(=CC(=C4)S(=O)(=O)O)CC5=C(C1=CC(=C5)S(=O)(=O)O)O)O)S(=O)(=O)O)S(=O)(=O)O,CCC[NH3+],calixarene,4.12060022354126,O=S(=O)(O)c1cc2c(O)c(c1)Cc1cc(S(=O)(=O)O)cc(c1O)Cc1cc(S(=O)(=O)O)cc(c1O)Cc1cc(S(=O)(=O)O)cc(c1O)C2,C1130CCDC8DA0C6458EF6C2E07E7F3330D8F8B055CBE4DEAADB70DC00C8CDFC1,HOST_CAN_0154,PASS,CCC[NH3+],4AE8234A48B586530D7F45AECAABE9126E0648F04A0A0D70F3CF9DE7DDC6878C,GUEST_CAN_0337,PASS,AttentiveFP,3,family_cold,calixarene,2.9234988689422607
1310,30,66,C1C2=CC(=CC(=C2O)CC3=CC(=CC(=C3O)CC4=CC(=CC(=C4O)CC5=C(C(=CC(=C5)S(=O)(=O)[O-])CC6=C(C(=CC(=C6)S(=O)(=O)[O-])CC7=C(C1=CC(=C7)S(=O)(=O)[O-])O)O)O)S(=O)(=O)[O-])S(=O)(=O)[O-])S(=O)(=O)[O-],CCN(CC)C1=CC2=C(C=C1)C(=C3C=CC(=[N+](CC)CC)C=C3O2)C4=CC=CC=C4C(=O)O.[Cl-],calixarene,3.8173000812530518,O=S(=O)([O-])c1cc2c(O)c(c1)Cc1cc(S(=O)(=O)[O-])cc(c1O)Cc1cc(S(=O)(=O)[O-])cc(c1O)Cc1cc(S(=O)(=O)[O-])cc(c1O)Cc1cc(S(=O)(=O)[O-])cc(c1O)Cc1cc(S(=O)(=O)[O-])cc(c1O)C2,175E9D01D3A7DD7BE73E9B8659E8BAA0A16B2D5C4CCEFE3BEFED10121429BF10,HOST_CAN_0164,PASS,CCN(CC)c1ccc2c(-c3ccccc3C(=O)O)c3ccc(=[N+](CC)CC)cc-3oc2c1.[Cl-],E6B7F92F3A311CD3784FBF712B743266F1C434D81B8F11E34C9F34FDCF2DC073,GUEST_CAN_0347,PASS,AttentiveFP,3,family_cold,calixarene,4.950579643249512
1312,45,301,C1C2=CC(=CC=C2)CC3=CC(=CC=C3)CC4=CC=CC(=C4)CC5=CC=CC1=C5,CC(=O)OCC[N+](C)(C)C,calixarene,4.55019998550415,c1cc2cc(c1)Cc1cccc(c1)Cc1cccc(c1)Cc1cccc(c1)C2,001BA14F081450375618B4DEC192A3633931B27A166EE11658CCCBFAB45E327F,HOST_CAN_0183,PASS,CC(=O)OCC[N+](C)(C)C,84D51F4020B502D4D631E57EE68EFDE6A9760DA224964EB235142C0ADF7611B2,GUEST_CAN_0100,PASS,AttentiveFP,3,family_cold,calixarene,3.417116403579712
1314,133,56,OC1=C(CC2=CC(S(=O)([O-])=O)=CC(CC3=CC(S(=O)([O-])=O)=CC(CC4=CC(S(=O)([O-])=O)=CC(CC5=CC(S(=O)([O-])=O)=CC6=C5OCC(O)=O)=C4O)=C3O)=C2O)C=C(S(=O)([O-])=O)C=C1CC7=C(O)C(CC8=C(O)C(CC9=C(O)C(C6)=CC(S(=O)([O-])=O)=C9)=CC(S(=O)([O-])=O)=C8)=CC(S(=O)([O-])=O)=C7,CCCC(C(=O)O)N,calixarene,2.037400007247925,O=C(O)COc1c2cc(S(=O)(=O)[O-])cc1Cc1cc(S(=O)(=O)[O-])cc(c1O)Cc1cc(S(=O)(=O)[O-])cc(c1O)Cc1cc(S(=O)(=O)[O-])cc(c1O)Cc1cc(S(=O)(=O)[O-])cc(c1O)Cc1cc(S(=O)(=O)[O-])cc(c1O)Cc1cc(S(=O)(=O)[O-])cc(c1O)Cc1cc(S(=O)(=O)[O-])cc(c1O)C2,035C2443DCD42EB5D85B11E9A688FB2E331A4D0CA7EB7848E0D32F221FD3DC33,HOST_CAN_0130,PASS,CCCC(N)C(=O)O,81F3215F9F46874A7436620E7AD92167936CF997FB3F203D4397A018C4B56861,GUEST_CAN_0268,PASS,AttentiveFP,3,family_cold,calixarene,2.9426965713500977
1315,45,791,C1C2=CC(=CC=C2)CC3=CC(=CC=C3)CC4=CC=CC(=C4)CC5=CC=CC1=C5,C[N+](C)(C)CCOC(=O)N,calixarene,4.577700138092041,c1cc2cc(c1)Cc1cccc(c1)Cc1cccc(c1)Cc1cccc(c1)C2,001BA14F081450375618B4DEC192A3633931B27A166EE11658CCCBFAB45E327F,HOST_CAN_0183,PASS,C[N+](C)(C)CCOC(N)=O,953419FF59925C74DC5F7B1B06D1EB8F05E545B706E0E7E57F2C2D11DDB43E5F,GUEST_CAN_0571,PASS,AttentiveFP,3,family_cold,calixarene,3.431140422821045
1319,34,337,OC1=C(CC2=CC(S(=O)([O-])=O)=CC(CC(C=C3S(=O)([O-])=O)=C4OCC(O)=O)=C2O)C=C(S(=O)([O-])=O)C=C1CC5=CC(S(=O)([O-])=O)=CC(CC4=C3)=C5O,OCC(C(=O)O)N,calixarene,3.550800085067749,O=C(O)COc1c2cc(S(=O)(=O)[O-])cc1Cc1cc(S(=O)(=O)[O-])cc(c1O)Cc1cc(S(=O)(=O)[O-])cc(c1O)Cc1cc(S(=O)(=O)[O-])cc(c1O)C2,EBB61F0F13AD36B6AF388F0A3BF11BFB93DBCC3093F712DCC0802C51D18DC147,HOST_CAN_0129,PASS,NC(CO)C(=O)O,2EBE58D687C0AA53F22B8D1549C80A85A6D27FB38ECC46BD2A35B25250CAEFA2,GUEST_CAN_0734,PASS,AttentiveFP,3,family_cold,calixarene,1.1915080547332764
1320,160,178,Cc1ccc(cc1)S(=O)(=O)Nc1cc2Cc3cc(cc(c3O)Cc3cc(cc(Cc4c(c(Cc(c1)c2O)cc(c4)S(=O)(=O)O)O)c3O)S(=O)(=O)O)S(=O)(=O)O,C(CCN)CC(C(=O)O)N,calixarene,1.4771000146865845,Cc1ccc(S(=O)(=O)Nc2cc3c(O)c(c2)Cc2cc(S(=O)(=O)O)cc(c2O)Cc2cc(S(=O)(=O)O)cc(c2O)Cc2cc(S(=O)(=O)O)cc(c2O)C3)cc1,D0610B51F3447B00F0C2D7E4BAAC7B4E81FA831667DB291DD19762B0CCB7F926,HOST_CAN_0100,PASS,NCCCCC(N)C(=O)O,BD55DE8B1F18BBBA0B9FB86FA685E52B4743F1B75F837E0522E8C602B3191BA0,GUEST_CAN_0785,PASS,AttentiveFP,3,family_cold,calixarene,2.196866989135742
1327,34,108,OC1=C(CC2=CC(S(=O)([O-])=O)=CC(CC(C=C3S(=O)([O-])=O)=C4OCC(O)=O)=C2O)C=C(S(=O)([O-])=O)C=C1CC5=CC(S(=O)([O-])=O)=CC(CC4=C3)=C5O,OC(=O)C(CCCNC(=[NH2+])N)N,calixarene,2.90310001373291,O=C(O)COc1c2cc(S(=O)(=O)[O-])cc1Cc1cc(S(=O)(=O)[O-])cc(c1O)Cc1cc(S(=O)(=O)[O-])cc(c1O)Cc1cc(S(=O)(=O)[O-])cc(c1O)C2,EBB61F0F13AD36B6AF388F0A3BF11BFB93DBCC3093F712DCC0802C51D18DC147,HOST_CAN_0129,PASS,NC(=[NH2+])NCCCC(N)C(=O)O,3A95B838A3F3E4B9211C1F9CE461FB93EA851D8F0AA68498288217A21AD77FAC,GUEST_CAN_0726,PASS,AttentiveFP,3,family_cold,calixarene,2.3553647994995117
1328,82,72,OC1=C2C=C(S(=O)([O-])=O)C=C1CC3=C(O)C(CC4=CC(S(=O)([O-])=O)=CC(CC5=CC(S(=O)([O-])=O)=CC(CC6=CC(S(=O)([O-])=O)=CC(CC(C=C(S(=O)([O-])=O)C=C7C2)=C7O)=C6O)=C5OCCN)=C4O)=CC(S(=O)([O-])=O)=C3,NC(C(=O)O)Cc1c[nH]cn1,calixarene,2.789599895477295,NCCOc1c2cc(S(=O)(=O)[O-])cc1Cc1cc(S(=O)(=O)[O-])cc(c1O)Cc1cc(S(=O)(=O)[O-])cc(c1O)Cc1cc(S(=O)(=O)[O-])cc(c1O)Cc1cc(S(=O)(=O)[O-])cc(c1O)Cc1cc(S(=O)(=O)[O-])cc(c1O)C2,943BCEA8586BE526CE8501B61202A05D77257BC2BB9DA3A3C52BD077795B3D50,HOST_CAN_0111,PASS,NC(Cc1c[nH]cn1)C(=O)O,FB673C9EDBC2F6C509C14A12DA10308CC8AD4E94C32BC5F3BAD448FBAA74F381,GUEST_CAN_0741,PASS,AttentiveFP,3,family_cold,calixarene,2.325380325317383
1332,34,523,OC1=C(CC2=CC(S(=O)([O-])=O)=CC(CC(C=C3S(=O)([O-])=O)=C4OCC(O)=O)=C2O)C=C(S(=O)([O-])=O)C=C1CC5=CC(S(=O)([O-])=O)=CC(CC4=C3)=C5O,C(C(=O)O)N,calixarene,1.715999960899353,O=C(O)COc1c2cc(S(=O)(=O)[O-])cc1Cc1cc(S(=O)(=O)[O-])cc(c1O)Cc1cc(S(=O)(=O)[O-])cc(c1O)Cc1cc(S(=O)(=O)[O-])cc(c1O)C2,EBB61F0F13AD36B6AF388F0A3BF11BFB93DBCC3093F712DCC0802C51D18DC147,HOST_CAN_0129,PASS,NCC(=O)O,30FE3809EFBE5F6B082D9B94D27A0C7C9ECD1364A816D59C3D31CE32BCDF848E,GUEST_CAN_0774,PASS,AttentiveFP,3,family_cold,calixarene,1.28511643409729
1334,77,798,Oc1c2Cc3cc(cc(c3OCCOc3c4Cc5cc(cc(c5O)Cc5cc(cc(Cc6c(c(Cc3cc(c4)S(=O)(=O)[O-])cc(c6)S(=O)(=O)[O-])O)c5O)S(=O)(=O)[O-])S(=O)(=O)[O-])Cc3cc(cc(Cc4c(c(Cc1cc(c2)S(=O)(=O)[O-])cc(c4)S(=O)(=O)[O-])O)c3O)S(=O)(=O)[O-])S(=O)(=O)[O-],C(CCCCCCC(=O)OCC[N+](C)(C)C)(=O)OCC[N+](C)(C)C,calixarene,4.07919979095459,O=S(=O)([O-])c1cc2c(O)c(c1)Cc1cc(S(=O)(=O)[O-])cc(c1O)Cc1cc(S(=O)(=O)[O-])cc(c1OCCOc1c3cc(S(=O)(=O)[O-])cc1Cc1cc(S(=O)(=O)[O-])cc(c1O)Cc1cc(S(=O)(=O)[O-])cc(c1O)Cc1cc(S(=O)(=O)[O-])cc(c1O)C3)Cc1cc(S(=O)(=O)[O-])cc(c1O)C2,3844EA5590DFD4493BBABC2061A4EDAE96C443037E252EB22277F09FB3CD68CF,HOST_CAN_0167,PASS,C[N+](C)(C)CCOC(=O)CCCCCCC(=O)OCC[N+](C)(C)C,0C44D91FA26E22C75B9C107C7635AB8F98D1D00B801DCC8DCC74E0574FC3E421,GUEST_CAN_0570,PASS,AttentiveFP,3,family_cold,calixarene,4.632275581359863
1335,1,799,C1C2=CC(=CC(=C2O)CC3=CC(=CC(=C3O)CC4=C(C(=CC(=C4)S(=O)(=O)O)CC5=C(C1=CC(=C5)S(=O)(=O)O)O)O)S(=O)(=O)O)S(=O)(=O)O,C[NH+]=C(N)N,calixarene,3.0399999618530273,O=S(=O)(O)c1cc2c(O)c(c1)Cc1cc(S(=O)(=O)O)cc(c1O)Cc1cc(S(=O)(=O)O)cc(c1O)Cc1cc(S(=O)(=O)O)cc(c1O)C2,C1130CCDC8DA0C6458EF6C2E07E7F3330D8F8B055CBE4DEAADB70DC00C8CDFC1,HOST_CAN_0154,PASS,C[NH+]=C(N)N,CE24F9CEC157E4B9C8B63D561872F2D1A9B0820890617E4A1917784C75EBC190,GUEST_CAN_0609,PASS,AttentiveFP,3,family_cold,calixarene,2.764073371887207
1338,32,389,OC(=O)c1ccc(cc1)N=Nc1cc2Cc3cc(N=Nc4ccc(cc4)C(=O)O)cc(c3O)Cc3cc(cc(Cc4c(c(Cc(c1)c2O)cc(N=Nc1ccc(cc1)C(=O)O)c4)O)c3O)/N=N/c1ccc(cc1)C(=O)O,CC1C(C(CC(O1)OC2CC(CC3=C2C(=C4C(=C3O)C(=O)C5=C(C4=O)C(=CC=C5)OC)O)(C(=O)CO)O)N)O,calixarene,8.0,O=C(O)c1ccc(N=Nc2cc3c(O)c(c2)Cc2cc(N=Nc4ccc(C(=O)O)cc4)cc(c2O)Cc2cc(/N=N/c4ccc(C(=O)O)cc4)cc(c2O)Cc2cc(N=Nc4ccc(C(=O)O)cc4)cc(c2O)C3)cc1,5B585DBFF951CBB98E465DBECF308ACBE2EAF8773CE9C58156BE700CBB287248,HOST_CAN_0134,PASS,COc1cccc2c1C(=O)c1c(O)c3c(c(O)c1C2=O)CC(O)(C(=O)CO)CC3OC1CC(N)C(O)C(C)O1,5E691EE01CBEED4195F6DBAC1948C0336399630FC27CE9AA76E2113537710ABA,GUEST_CAN_0506,PASS,AttentiveFP,3,family_cold,calixarene,4.818624973297119
1344,45,88,C1C2=CC(=CC=C2)CC3=CC(=CC=C3)CC4=CC=CC(=C4)CC5=CC=CC1=C5,[Ca+2],calixarene,3.3917999267578125,c1cc2cc(c1)Cc1cccc(c1)Cc1cccc(c1)Cc1cccc(c1)C2,001BA14F081450375618B4DEC192A3633931B27A166EE11658CCCBFAB45E327F,HOST_CAN_0183,PASS,[Ca+2],561732356B8592F747BA6C15EFCD099F7FAD62C4ABEDA9A81D86C4D38151E987,GUEST_CAN_1020,PASS,AttentiveFP,3,family_cold,calixarene,3.593451738357544
1353,73,711,C1C2=CC(=CC(=C2O)CC3=CC(=CC(=C3O)CC4=CC(=CC(=C4O)CC5=C(C(=CC(=C5)S(=O)(=O)O)CC6=C(C1=CC(=C6)S(=O)(=O)O)O)O)S(=O)(=O)O)S(=O)(=O)O)S(=O)(=O)O,C[N+](C)(C)CC1=CC=CC=C1,calixarene,4.0,O=S(=O)(O)c1cc2c(O)c(c1)Cc1cc(S(=O)(=O)O)cc(c1O)Cc1cc(S(=O)(=O)O)cc(c1O)Cc1cc(S(=O)(=O)O)cc(c1O)Cc1cc(S(=O)(=O)O)cc(c1O)C2,CE64A1CA71928E5DE79CF9633E11D44D0BC2C175AB3D980BF8052807605CA8CC,HOST_CAN_0155,PASS,C[N+](C)(C)Cc1ccccc1,CDE012544980E620277F4811D00218A746C0B569EA3EE49252ACF41EF67EF8BE,GUEST_CAN_0578,PASS,AttentiveFP,3,family_cold,calixarene,2.9646871089935303
1359,52,57,OC(=O)COc1c2Cc3cc(cc(c3O)Cc3cc(cc(c3O)Cc3cc(cc(Cc4c(c(Cc5c(c(Cc1cc(c2)S(=O)(=O)O)cc(c5)S(=O)(=O)O)O)cc(c4)S(=O)(=O)O)O)c3O)S(=O)(=O)O)S(=O)(=O)O)S(=O)(=O)O,OC(=O)C1CCCN1,calixarene,1.8194999694824219,O=C(O)COc1c2cc(S(=O)(=O)O)cc1Cc1cc(S(=O)(=O)O)cc(c1O)Cc1cc(S(=O)(=O)O)cc(c1O)Cc1cc(S(=O)(=O)O)cc(c1O)Cc1cc(S(=O)(=O)O)cc(c1O)Cc1cc(S(=O)(=O)O)cc(c1O)C2,89AB142F8D041F89710D49168CBEF0FA0D792576B82031818BFF7C2DE5D92117,HOST_CAN_0127,PASS,O=C(O)C1CCCN1,089AB51F23001BB951B8422598AD8ED1DBAD90EB1049857FB2A03F150DA120BA,GUEST_CAN_0869,PASS,AttentiveFP,3,family_cold,calixarene,2.1756069660186768
1366,1,593,C1C2=CC(=CC(=C2O)CC3=CC(=CC(=C3O)CC4=C(C(=CC(=C4)S(=O)(=O)O)CC5=C(C1=CC(=C5)S(=O)(=O)O)O)O)S(=O)(=O)O)S(=O)(=O)O,C[N+](C)(C)CC1=CC=C([N+]([O-])=O)C=C1,calixarene,4.198699951171875,O=S(=O)(O)c1cc2c(O)c(c1)Cc1cc(S(=O)(=O)O)cc(c1O)Cc1cc(S(=O)(=O)O)cc(c1O)Cc1cc(S(=O)(=O)O)cc(c1O)C2,C1130CCDC8DA0C6458EF6C2E07E7F3330D8F8B055CBE4DEAADB70DC00C8CDFC1,HOST_CAN_0154,PASS,C[N+](C)(C)Cc1ccc([N+](=O)[O-])cc1,C81DFE1142CCEAC17EA508E9FB9CE73991FEBBC991F7E13643BFF32A03784961,GUEST_CAN_0576,PASS,AttentiveFP,3,family_cold,calixarene,3.60298752784729
1370,34,126,OC1=C(CC2=CC(S(=O)([O-])=O)=CC(CC(C=C3S(=O)([O-])=O)=C4OCC(O)=O)=C2O)C=C(S(=O)([O-])=O)C=C1CC5=CC(S(=O)([O-])=O)=CC(CC4=C3)=C5O,NC(C(=O)O)Cc1ccccc1,calixarene,2.5933001041412354,O=C(O)COc1c2cc(S(=O)(=O)[O-])cc1Cc1cc(S(=O)(=O)[O-])cc(c1O)Cc1cc(S(=O)(=O)[O-])cc(c1O)Cc1cc(S(=O)(=O)[O-])cc(c1O)C2,EBB61F0F13AD36B6AF388F0A3BF11BFB93DBCC3093F712DCC0802C51D18DC147,HOST_CAN_0129,PASS,NC(Cc1ccccc1)C(=O)O,4B6B1236F1C31D28D9F95F736FF46B2960AFF4F6FCE3D9E76CF43DE2ADDE8B08,GUEST_CAN_0746,PASS,AttentiveFP,3,family_cold,calixarene,2.0364997386932373
1374,111,425,O=C(N(C)C)COC1=C(CC(C=C2S(=O)([O-])=O)=C3OCC(N(C)C)=O)C=C(S(=O)([O-])=O)C=C1CC4=C(OCC(N(C)C)=O)C(CC5=CC(S(=O)([O-])=O)=CC(CC3=C2)=C5OCC(N(C)C)=O)=CC(S(=O)([O-])=O)=C4,C[N+](C)(C)C.[Cl-],calixarene,3.5999999046325684,CN(C)C(=O)COc1c2cc(S(=O)(=O)[O-])cc1Cc1cc(S(=O)(=O)[O-])cc(c1OCC(=O)N(C)C)Cc1cc(S(=O)(=O)[O-])cc(c1OCC(=O)N(C)C)Cc1cc(S(=O)(=O)[O-])cc(c1OCC(=O)N(C)C)C2,EBFB7187E80F60EC1E9F724BF308534B41B4C33313C0B0BC1E59E4B1EEA6DE11,HOST_CAN_0049,PASS,C[N+](C)(C)C.[Cl-],97CBE1F038662B7BAAFAA36975C0625535DAE38A6F8B98279CB23B458DDA3056,GUEST_CAN_0555,PASS,AttentiveFP,3,family_cold,calixarene,2.4358062744140625
1375,73,299,C1C2=CC(=CC(=C2O)CC3=CC(=CC(=C3O)CC4=CC(=CC(=C4O)CC5=C(C(=CC(=C5)S(=O)(=O)O)CC6=C(C1=CC(=C6)S(=O)(=O)O)O)O)S(=O)(=O)O)S(=O)(=O)O)S(=O)(=O)O,C[N+](C)(C)C,calixarene,3.5999999046325684,O=S(=O)(O)c1cc2c(O)c(c1)Cc1cc(S(=O)(=O)O)cc(c1O)Cc1cc(S(=O)(=O)O)cc(c1O)Cc1cc(S(=O)(=O)O)cc(c1O)Cc1cc(S(=O)(=O)O)cc(c1O)C2,CE64A1CA71928E5DE79CF9633E11D44D0BC2C175AB3D980BF8052807605CA8CC,HOST_CAN_0155,PASS,C[N+](C)(C)C,4E668A15DBFB99CEF4E591194E4A7EBF203DDD98D3B5437DF2A209A639A7A83B,GUEST_CAN_0552,PASS,AttentiveFP,3,family_cold,calixarene,2.161803722381592
1376,1,286,C1C2=CC(=CC(=C2O)CC3=CC(=CC(=C3O)CC4=C(C(=CC(=C4)S(=O)(=O)O)CC5=C(C1=CC(=C5)S(=O)(=O)O)O)O)S(=O)(=O)O)S(=O)(=O)O,C[N+](C)(C)CCO,calixarene,4.873000144958496,O=S(=O)(O)c1cc2c(O)c(c1)Cc1cc(S(=O)(=O)O)cc(c1O)Cc1cc(S(=O)(=O)O)cc(c1O)Cc1cc(S(=O)(=O)O)cc(c1O)C2,C1130CCDC8DA0C6458EF6C2E07E7F3330D8F8B055CBE4DEAADB70DC00C8CDFC1,HOST_CAN_0154,PASS,C[N+](C)(C)CCO,EE2F222C864A3340CB6DC5C1A21FDDCC9B162B0220641118D30F914132FC0AFF,GUEST_CAN_0568,PASS,AttentiveFP,3,family_cold,calixarene,1.90419340133667
1379,22,282,Oc1c2Sc3cc(cc(c3O)Sc3cc(cc(Sc4c(c(Sc1cc(c2)S(=O)(=O)O)cc(c4)S(=O)(=O)O)O)c3O)S(=O)(=O)O)S(=O)(=O)O,C[N+](Cc1ccccc1)(C)C.[Cl-],calixarene,3.2699999809265137,O=S(=O)(O)c1cc2c(O)c(c1)Sc1cc(S(=O)(=O)O)cc(c1O)Sc1cc(S(=O)(=O)O)cc(c1O)Sc1cc(S(=O)(=O)O)cc(c1O)S2,5FE888C1FB51BDA35D21231A31EDB8203ACD56DD9744D0C6B83351EC668D4256,HOST_CAN_0156,PASS,C[N+](C)(C)Cc1ccccc1.[Cl-],E2B72B1017236ED2C69E32C9B5E76732BCFAE5D22D33A5C5E5E41D1D3289A9C6,GUEST_CAN_0579,PASS,AttentiveFP,3,family_cold,calixarene,3.7569966316223145
1381,163,815,COCCOCCOCCOc1c2Cc3cc(NC(=N)[NH3+])cc(c3OCCOCCOCCOC)Cc3cc(cc(Cc4c(c(Cc1cc(c2)NC(=N)[NH3+])cc(NC(=N)[NH3+])c4)OCCOCCOCCOC)c3OCCOCCOCCOC)NC(=N)[NH3+],OC(=O)c1ccccc1c1c2cc(Br)c(c(c2oc2-c1cc(Br)c(=O)c2Br)Br)O,calixarene,5.37470006942749,COCCOCCOCCOc1c2cc(NC(=N)[NH3+])cc1Cc1cc(NC(=N)[NH3+])cc(c1OCCOCCOCCOC)Cc1cc(NC(=N)[NH3+])cc(c1OCCOCCOCCOC)Cc1cc(NC(=N)[NH3+])cc(c1OCCOCCOCCOC)C2,0BC50085F2037F5A28CDC92EE65A196554515366C6B8ABC6F8A10FFC3545D040,HOST_CAN_0057,PASS,O=C(O)c1ccccc1-c1c2cc(Br)c(=O)c(Br)c-2oc2c(Br)c(O)c(Br)cc12,ADBBA96650A1347B1A355A2F258A1E765973749007B6A61E21966B0A645B0771,GUEST_CAN_0891,PASS,AttentiveFP,3,family_cold,calixarene,3.9889168739318848
1383,63,605,Oc1c2Cc3cc(cc(c3O)Cc3cc(cc(c3O)Cc3cc(cc(c3O)Cc3cc(cc(Cc4c(c(Cc5c(c(Cc6c(c(Cc1cc(c2)S(=O)(=O)[O-])cc(c6)S(=O)(=O)[O-])O)cc(c5)S(=O)(=O)[O-])O)cc(c4)S(=O)(=O)[O-])O)c3O)S(=O)(=O)[O-])S(=O)(=O)[O-])S(=O)(=O)[O-])S(=O)(=O)[O-],CC1(C)C(/C=C/C2=C([O-])C=CC([N+]([O-])=O)=C2)=[N+](CCO)C3=CC=CC=C31,calixarene,3.5051000118255615,O=S(=O)([O-])c1cc2c(O)c(c1)Cc1cc(S(=O)(=O)[O-])cc(c1O)Cc1cc(S(=O)(=O)[O-])cc(c1O)Cc1cc(S(=O)(=O)[O-])cc(c1O)Cc1cc(S(=O)(=O)[O-])cc(c1O)Cc1cc(S(=O)(=O)[O-])cc(c1O)Cc1cc(S(=O)(=O)[O-])cc(c1O)Cc1cc(S(=O)(=O)[O-])cc(c1O)C2,3C24C9B25872FE0768A640DF44D242D9AEC5F3FA9C167A457997BAE8D628FFF1,HOST_CAN_0166,PASS,CC1(C)C(/C=C/c2cc([N+](=O)[O-])ccc2[O-])=[N+](CCO)c2ccccc21,144A51A235A50D485F4E5A7B22995D3A39E2CF9EC0F9970C460E9E7F213BAD85,GUEST_CAN_0202,PASS,AttentiveFP,3,family_cold,calixarene,5.202481269836426
1392,45,221,C1C2=CC(=CC=C2)CC3=CC(=CC=C3)CC4=CC=CC(=C4)CC5=CC=CC1=C5,C1=C(NC=N1)CCN,calixarene,4.95419979095459,c1cc2cc(c1)Cc1cccc(c1)Cc1cccc(c1)Cc1cccc(c1)C2,001BA14F081450375618B4DEC192A3633931B27A166EE11658CCCBFAB45E327F,HOST_CAN_0183,PASS,NCCc1cnc[nH]1,15D090429620CA099A147C5AB92E85222F180B20A16D7D5EE0B5A640A2C40D3F,GUEST_CAN_0811,PASS,AttentiveFP,3,family_cold,calixarene,3.34226655960083
1393,63,821,Oc1c2Cc3cc(cc(c3O)Cc3cc(cc(c3O)Cc3cc(cc(c3O)Cc3cc(cc(Cc4c(c(Cc5c(c(Cc6c(c(Cc1cc(c2)S(=O)(=O)[O-])cc(c6)S(=O)(=O)[O-])O)cc(c5)S(=O)(=O)[O-])O)cc(c4)S(=O)(=O)[O-])O)c3O)S(=O)(=O)[O-])S(=O)(=O)[O-])S(=O)(=O)[O-])S(=O)(=O)[O-],S(=O)(=O)(C1=CC=CC=2C(N(C)C)=CC=CC12)OCC[N+](C)(C)C,calixarene,5.518499851226807,O=S(=O)([O-])c1cc2c(O)c(c1)Cc1cc(S(=O)(=O)[O-])cc(c1O)Cc1cc(S(=O)(=O)[O-])cc(c1O)Cc1cc(S(=O)(=O)[O-])cc(c1O)Cc1cc(S(=O)(=O)[O-])cc(c1O)Cc1cc(S(=O)(=O)[O-])cc(c1O)Cc1cc(S(=O)(=O)[O-])cc(c1O)Cc1cc(S(=O)(=O)[O-])cc(c1O)C2,3C24C9B25872FE0768A640DF44D242D9AEC5F3FA9C167A457997BAE8D628FFF1,HOST_CAN_0166,PASS,CN(C)c1cccc2c(S(=O)(=O)OCC[N+](C)(C)C)cccc12,8C5C0142EB1257A4E848706D7FF23B96310B55FD4A42A53F6608A5AED23A7D4E,GUEST_CAN_0413,PASS,AttentiveFP,3,family_cold,calixarene,4.983187675476074
1414,30,711,C1C2=CC(=CC(=C2O)CC3=CC(=CC(=C3O)CC4=CC(=CC(=C4O)CC5=C(C(=CC(=C5)S(=O)(=O)[O-])CC6=C(C(=CC(=C6)S(=O)(=O)[O-])CC7=C(C1=CC(=C7)S(=O)(=O)[O-])O)O)O)S(=O)(=O)[O-])S(=O)(=O)[O-])S(=O)(=O)[O-],C[N+](C)(C)CC1=CC=CC=C1,calixarene,0.6628000140190125,O=S(=O)([O-])c1cc2c(O)c(c1)Cc1cc(S(=O)(=O)[O-])cc(c1O)Cc1cc(S(=O)(=O)[O-])cc(c1O)Cc1cc(S(=O)(=O)[O-])cc(c1O)Cc1cc(S(=O)(=O)[O-])cc(c1O)Cc1cc(S(=O)(=O)[O-])cc(c1O)C2,175E9D01D3A7DD7BE73E9B8659E8BAA0A16B2D5C4CCEFE3BEFED10121429BF10,HOST_CAN_0164,PASS,C[N+](C)(C)Cc1ccccc1,CDE012544980E620277F4811D00218A746C0B569EA3EE49252ACF41EF67EF8BE,GUEST_CAN_0578,PASS,AttentiveFP,3,family_cold,calixarene,3.006786823272705
1420,77,836,Oc1c2Cc3cc(cc(c3OCCOc3c4Cc5cc(cc(c5O)Cc5cc(cc(Cc6c(c(Cc3cc(c4)S(=O)(=O)[O-])cc(c6)S(=O)(=O)[O-])O)c5O)S(=O)(=O)[O-])S(=O)(=O)[O-])Cc3cc(cc(Cc4c(c(Cc1cc(c2)S(=O)(=O)[O-])cc(c4)S(=O)(=O)[O-])O)c3O)S(=O)(=O)[O-])S(=O)(=O)[O-],c1cc[n+](cc1)Cc1ccc(cc1)/N=N/c1ccc(cc1)C[n+]1ccccc1,calixarene,2.8548998832702637,O=S(=O)([O-])c1cc2c(O)c(c1)Cc1cc(S(=O)(=O)[O-])cc(c1O)Cc1cc(S(=O)(=O)[O-])cc(c1OCCOc1c3cc(S(=O)(=O)[O-])cc1Cc1cc(S(=O)(=O)[O-])cc(c1O)Cc1cc(S(=O)(=O)[O-])cc(c1O)Cc1cc(S(=O)(=O)[O-])cc(c1O)C3)Cc1cc(S(=O)(=O)[O-])cc(c1O)C2,3844EA5590DFD4493BBABC2061A4EDAE96C443037E252EB22277F09FB3CD68CF,HOST_CAN_0167,PASS,c1cc[n+](Cc2ccc(/N=N/c3ccc(C[n+]4ccccc4)cc3)cc2)cc1,570324776A14942E3DFB82C0A98058ECD665E71E416DFC9F8FE6625750CEC801,GUEST_CAN_1124,PASS,AttentiveFP,3,family_cold,calixarene,5.310188293457031
1423,46,837,C1C2=CC(=CC(=C2O)CC3=CC(=CC(=C3O)CC4=C(C(=CC(=C4)S(=O)(=O)O)CC5=C(C1=CC(=C5)S(=O)(=O)[O-])O)O)S(=O)(=O)O)S(=O)(=O)O.[Na+],N1=CC=C(C=C1)C1=CC=NC=C1,calixarene,1.6434999704360962,O=S(=O)([O-])c1cc2c(O)c(c1)Cc1cc(S(=O)(=O)O)cc(c1O)Cc1cc(S(=O)(=O)O)cc(c1O)Cc1cc(S(=O)(=O)O)cc(c1O)C2.[Na+],CA94CECC10EDB9167B38E05C5D125873C9C1506ED227A3D9C6CBBCD696828A96,HOST_CAN_0163,PASS,c1cc(-c2ccncc2)ccn1,DEE9BD7AA80FD759D9512F899E5B26B6D8953648388A070F9641BC1DACF28421,GUEST_CAN_1121,PASS,AttentiveFP,3,family_cold,calixarene,2.820345878601074
1425,22,271,Oc1c2Sc3cc(cc(c3O)Sc3cc(cc(Sc4c(c(Sc1cc(c2)S(=O)(=O)O)cc(c4)S(=O)(=O)O)O)c3O)S(=O)(=O)O)S(=O)(=O)O,C1=CC=NC(=C1)N,calixarene,2.7184998989105225,O=S(=O)(O)c1cc2c(O)c(c1)Sc1cc(S(=O)(=O)O)cc(c1O)Sc1cc(S(=O)(=O)O)cc(c1O)Sc1cc(S(=O)(=O)O)cc(c1O)S2,5FE888C1FB51BDA35D21231A31EDB8203ACD56DD9744D0C6B83351EC668D4256,HOST_CAN_0156,PASS,Nc1ccccn1,37A89CEE84BAFA4BA4E4333AD3051B9409462C09645E500B0AEB6FECD2D14118,GUEST_CAN_0839,PASS,AttentiveFP,3,family_cold,calixarene,2.13260555267334
1446,1,780,C1C2=CC(=CC(=C2O)CC3=CC(=CC(=C3O)CC4=C(C(=CC(=C4)S(=O)(=O)O)CC5=C(C1=CC(=C5)S(=O)(=O)O)O)O)S(=O)(=O)O)S(=O)(=O)O,Cl[Ag],calixarene,2.433000087738037,O=S(=O)(O)c1cc2c(O)c(c1)Cc1cc(S(=O)(=O)O)cc(c1O)Cc1cc(S(=O)(=O)O)cc(c1O)Cc1cc(S(=O)(=O)O)cc(c1O)C2,C1130CCDC8DA0C6458EF6C2E07E7F3330D8F8B055CBE4DEAADB70DC00C8CDFC1,HOST_CAN_0154,PASS,[Cl][Ag],4A933E184334874789768EEC6D400995440C723058F3A6FFAAB1D8F3A29103E8,GUEST_CAN_1042,PASS,AttentiveFP,3,family_cold,calixarene,1.810410737991333
1453,1,289,C1C2=CC(=CC(=C2O)CC3=CC(=CC(=C3O)CC4=C(C(=CC(=C4)S(=O)(=O)O)CC5=C(C1=CC(=C5)S(=O)(=O)O)O)O)S(=O)(=O)O)S(=O)(=O)O,CC(C)CC(C(=O)NCC(=O)NCC(=O)O)N,calixarene,3.119999885559082,O=S(=O)(O)c1cc2c(O)c(c1)Cc1cc(S(=O)(=O)O)cc(c1O)Cc1cc(S(=O)(=O)O)cc(c1O)Cc1cc(S(=O)(=O)O)cc(c1O)C2,C1130CCDC8DA0C6458EF6C2E07E7F3330D8F8B055CBE4DEAADB70DC00C8CDFC1,HOST_CAN_0154,PASS,CC(C)CC(N)C(=O)NCC(=O)NCC(=O)O,D4CB6B17B725C35FD8BE8C81DB4944143150FA553B932E6B087A9D4D4C5F6D75,GUEST_CAN_0137,PASS,AttentiveFP,3,family_cold,calixarene,2.4148061275482178
1455,22,509,Oc1c2Sc3cc(cc(c3O)Sc3cc(cc(Sc4c(c(Sc1cc(c2)S(=O)(=O)O)cc(c4)S(=O)(=O)O)O)c3O)S(=O)(=O)O)S(=O)(=O)O,C[N+](C)(C)CC(=O)[O-],calixarene,1.079200029373169,O=S(=O)(O)c1cc2c(O)c(c1)Sc1cc(S(=O)(=O)O)cc(c1O)Sc1cc(S(=O)(=O)O)cc(c1O)Sc1cc(S(=O)(=O)O)cc(c1O)S2,5FE888C1FB51BDA35D21231A31EDB8203ACD56DD9744D0C6B83351EC668D4256,HOST_CAN_0156,PASS,C[N+](C)(C)CC(=O)[O-],CDF9A85CA59152226925EF410E18806C9C78B4FF8A35831070A291AB98CB9DD4,GUEST_CAN_0560,PASS,AttentiveFP,3,family_cold,calixarene,1.890817403793335
1464,1,275,C1C2=CC(=CC(=C2O)CC3=CC(=CC(=C3O)CC4=C(C(=CC(=C4)S(=O)(=O)O)CC5=C(C1=CC(=C5)S(=O)(=O)O)O)O)S(=O)(=O)O)S(=O)(=O)O,NCCCCC(C(=O)NC(C(=O)NC(C(=O)NCC(=O)NC(C(=O)N)Cc1ccc(cc1)O)C(O)C)CO)NC(=O)C(NC(C(=O)NC(=O)C(C(O)C)NC(=O)C(NC(=O)C(NC(=O)C(C(O)C)NC(=O)C(NC(=O)C(N)C)CCCNC(=N)N)CCCC[N+](C)(C)C)CCC(=O)N)C)CCCNC(=N)N,calixarene,7.826099872589111,O=S(=O)(O)c1cc2c(O)c(c1)Cc1cc(S(=O)(=O)O)cc(c1O)Cc1cc(S(=O)(=O)O)cc(c1O)Cc1cc(S(=O)(=O)O)cc(c1O)C2,C1130CCDC8DA0C6458EF6C2E07E7F3330D8F8B055CBE4DEAADB70DC00C8CDFC1,HOST_CAN_0154,PASS,CC(N)C(=O)NC(CCCNC(=N)N)C(=O)NC(C(=O)NC(CCCC[N+](C)(C)C)C(=O)NC(CCC(N)=O)C(=O)NC(C(=O)NC(=O)C(C)NC(CCCNC(=N)N)C(=O)NC(CCCCN)C(=O)NC(CO)C(=O)NC(C(=O)NCC(=O)NC(Cc1ccc(O)cc1)C(N)=O)C(C)O)C(C)O)C(C)O,25FDB195356441D0C34087BE8843E3CE8B61830D9520FAA57B9456D076F4D6B7,GUEST_CAN_0178,PASS,AttentiveFP,3,family_cold,calixarene,4.832172393798828
1465,30,733,C1C2=CC(=CC(=C2O)CC3=CC(=CC(=C3O)CC4=CC(=CC(=C4O)CC5=C(C(=CC(=C5)S(=O)(=O)[O-])CC6=C(C(=CC(=C6)S(=O)(=O)[O-])CC7=C(C1=CC(=C7)S(=O)(=O)[O-])O)O)O)S(=O)(=O)[O-])S(=O)(=O)[O-])S(=O)(=O)[O-],[Cl-].C(CC)[N+](CCC)(CCC)CCC,calixarene,4.198699951171875,O=S(=O)([O-])c1cc2c(O)c(c1)Cc1cc(S(=O)(=O)[O-])cc(c1O)Cc1cc(S(=O)(=O)[O-])cc(c1O)Cc1cc(S(=O)(=O)[O-])cc(c1O)Cc1cc(S(=O)(=O)[O-])cc(c1O)Cc1cc(S(=O)(=O)[O-])cc(c1O)C2,175E9D01D3A7DD7BE73E9B8659E8BAA0A16B2D5C4CCEFE3BEFED10121429BF10,HOST_CAN_0164,PASS,CCC[N+](CCC)(CCC)CCC.[Cl-],7E4FFA4592B5866D79017B7D3BA09FC8257193B2863C9C744D333FA1F98785E0,GUEST_CAN_0336,PASS,AttentiveFP,3,family_cold,calixarene,3.784119129180908
1470,45,76,C1C2=CC(=CC=C2)CC3=CC(=CC=C3)CC4=CC=CC(=C4)CC5=CC=CC1=C5,[Ba+2],calixarene,3.829900026321411,c1cc2cc(c1)Cc1cccc(c1)Cc1cccc(c1)Cc1cccc(c1)C2,001BA14F081450375618B4DEC192A3633931B27A166EE11658CCCBFAB45E327F,HOST_CAN_0183,PASS,[Ba+2],646B641AF6E7E8BB0EF6865C6EADD1E8EF78BF2568880853D320270397B832AE,GUEST_CAN_1012,PASS,AttentiveFP,3,family_cold,calixarene,3.599703311920166
1472,1,854,C1C2=CC(=CC(=C2O)CC3=CC(=CC(=C3O)CC4=C(C(=CC(=C4)S(=O)(=O)O)CC5=C(C1=CC(=C5)S(=O)(=O)O)O)O)S(=O)(=O)O)S(=O)(=O)O,[Cl-].[Dy+3].[Cl-].[Cl-],calixarene,3.880000114440918,O=S(=O)(O)c1cc2c(O)c(c1)Cc1cc(S(=O)(=O)O)cc(c1O)Cc1cc(S(=O)(=O)O)cc(c1O)Cc1cc(S(=O)(=O)O)cc(c1O)C2,C1130CCDC8DA0C6458EF6C2E07E7F3330D8F8B055CBE4DEAADB70DC00C8CDFC1,HOST_CAN_0154,PASS,[Cl-].[Cl-].[Cl-].[Dy+3],B760CA04FC6C7648DFD3E9DEBC637D467A284C1978E5A6C11CB94DD4F0813D89,GUEST_CAN_1024,PASS,AttentiveFP,3,family_cold,calixarene,2.8712120056152344
1478,1,855,C1C2=CC(=CC(=C2O)CC3=CC(=CC(=C3O)CC4=C(C(=CC(=C4)S(=O)(=O)O)CC5=C(C1=CC(=C5)S(=O)(=O)O)O)O)S(=O)(=O)O)S(=O)(=O)O,C12N=NCC(CC1)CC2,calixarene,2.9776999950408936,O=S(=O)(O)c1cc2c(O)c(c1)Cc1cc(S(=O)(=O)O)cc(c1O)Cc1cc(S(=O)(=O)O)cc(c1O)Cc1cc(S(=O)(=O)O)cc(c1O)C2,C1130CCDC8DA0C6458EF6C2E07E7F3330D8F8B055CBE4DEAADB70DC00C8CDFC1,HOST_CAN_0154,PASS,C1CC2CCC1CN=N2,0B4C9FFAD4E178EB217DB20D5B58CAB8A5C5EDD208BEC612A767884ACA59714E,GUEST_CAN_0022,PASS,AttentiveFP,3,family_cold,calixarene,3.666241407394409
1480,1,856,C1C2=CC(=CC(=C2O)CC3=CC(=CC(=C3O)CC4=C(C(=CC(=C4)S(=O)(=O)O)CC5=C(C1=CC(=C5)S(=O)(=O)O)O)O)S(=O)(=O)O)S(=O)(=O)O,[NH3+]CCCCC(=O)[O-],calixarene,1.9500000476837158,O=S(=O)(O)c1cc2c(O)c(c1)Cc1cc(S(=O)(=O)O)cc(c1O)Cc1cc(S(=O)(=O)O)cc(c1O)Cc1cc(S(=O)(=O)O)cc(c1O)C2,C1130CCDC8DA0C6458EF6C2E07E7F3330D8F8B055CBE4DEAADB70DC00C8CDFC1,HOST_CAN_0154,PASS,[NH3+]CCCCC(=O)[O-],45CFEA5FDAA8D7A65790935646985A3ABBFCF5B919C8D0D1B42395924442E282,GUEST_CAN_1081,PASS,AttentiveFP,3,family_cold,calixarene,2.1299047470092773
1486,30,449,C1C2=CC(=CC(=C2O)CC3=CC(=CC(=C3O)CC4=CC(=CC(=C4O)CC5=C(C(=CC(=C5)S(=O)(=O)[O-])CC6=C(C(=CC(=C6)S(=O)(=O)[O-])CC7=C(C1=CC(=C7)S(=O)(=O)[O-])O)O)O)S(=O)(=O)[O-])S(=O)(=O)[O-])S(=O)(=O)[O-],CC[N+](CC)(CC)CC.[I-],calixarene,5.0,O=S(=O)([O-])c1cc2c(O)c(c1)Cc1cc(S(=O)(=O)[O-])cc(c1O)Cc1cc(S(=O)(=O)[O-])cc(c1O)Cc1cc(S(=O)(=O)[O-])cc(c1O)Cc1cc(S(=O)(=O)[O-])cc(c1O)Cc1cc(S(=O)(=O)[O-])cc(c1O)C2,175E9D01D3A7DD7BE73E9B8659E8BAA0A16B2D5C4CCEFE3BEFED10121429BF10,HOST_CAN_0164,PASS,CC[N+](CC)(CC)CC.[I-],439726C7FE1A89F55ABD4835F401966187407593946A2A10145FD576A8887D74,GUEST_CAN_0375,PASS,AttentiveFP,3,family_cold,calixarene,3.68560791015625
1488,63,72,Oc1c2Cc3cc(cc(c3O)Cc3cc(cc(c3O)Cc3cc(cc(c3O)Cc3cc(cc(Cc4c(c(Cc5c(c(Cc6c(c(Cc1cc(c2)S(=O)(=O)[O-])cc(c6)S(=O)(=O)[O-])O)cc(c5)S(=O)(=O)[O-])O)cc(c4)S(=O)(=O)[O-])O)c3O)S(=O)(=O)[O-])S(=O)(=O)[O-])S(=O)(=O)[O-])S(=O)(=O)[O-],NC(C(=O)O)Cc1c[nH]cn1,calixarene,3.4518001079559326,O=S(=O)([O-])c1cc2c(O)c(c1)Cc1cc(S(=O)(=O)[O-])cc(c1O)Cc1cc(S(=O)(=O)[O-])cc(c1O)Cc1cc(S(=O)(=O)[O-])cc(c1O)Cc1cc(S(=O)(=O)[O-])cc(c1O)Cc1cc(S(=O)(=O)[O-])cc(c1O)Cc1cc(S(=O)(=O)[O-])cc(c1O)Cc1cc(S(=O)(=O)[O-])cc(c1O)C2,3C24C9B25872FE0768A640DF44D242D9AEC5F3FA9C167A457997BAE8D628FFF1,HOST_CAN_0166,PASS,NC(Cc1c[nH]cn1)C(=O)O,FB673C9EDBC2F6C509C14A12DA10308CC8AD4E94C32BC5F3BAD448FBAA74F381,GUEST_CAN_0741,PASS,AttentiveFP,3,family_cold,calixarene,3.061877965927124
1489,63,66,Oc1c2Cc3cc(cc(c3O)Cc3cc(cc(c3O)Cc3cc(cc(c3O)Cc3cc(cc(Cc4c(c(Cc5c(c(Cc6c(c(Cc1cc(c2)S(=O)(=O)[O-])cc(c6)S(=O)(=O)[O-])O)cc(c5)S(=O)(=O)[O-])O)cc(c4)S(=O)(=O)[O-])O)c3O)S(=O)(=O)[O-])S(=O)(=O)[O-])S(=O)(=O)[O-])S(=O)(=O)[O-],CCN(CC)C1=CC2=C(C=C1)C(=C3C=CC(=[N+](CC)CC)C=C3O2)C4=CC=CC=C4C(=O)O.[Cl-],calixarene,5.196100234985352,O=S(=O)([O-])c1cc2c(O)c(c1)Cc1cc(S(=O)(=O)[O-])cc(c1O)Cc1cc(S(=O)(=O)[O-])cc(c1O)Cc1cc(S(=O)(=O)[O-])cc(c1O)Cc1cc(S(=O)(=O)[O-])cc(c1O)Cc1cc(S(=O)(=O)[O-])cc(c1O)Cc1cc(S(=O)(=O)[O-])cc(c1O)Cc1cc(S(=O)(=O)[O-])cc(c1O)C2,3C24C9B25872FE0768A640DF44D242D9AEC5F3FA9C167A457997BAE8D628FFF1,HOST_CAN_0166,PASS,CCN(CC)c1ccc2c(-c3ccccc3C(=O)O)c3ccc(=[N+](CC)CC)cc-3oc2c1.[Cl-],E6B7F92F3A311CD3784FBF712B743266F1C434D81B8F11E34C9F34FDCF2DC073,GUEST_CAN_0347,PASS,AttentiveFP,3,family_cold,calixarene,5.73048210144043
1493,82,108,OC1=C2C=C(S(=O)([O-])=O)C=C1CC3=C(O)C(CC4=CC(S(=O)([O-])=O)=CC(CC5=CC(S(=O)([O-])=O)=CC(CC6=CC(S(=O)([O-])=O)=CC(CC(C=C(S(=O)([O-])=O)C=C7C2)=C7O)=C6O)=C5OCCN)=C4O)=CC(S(=O)([O-])=O)=C3,OC(=O)C(CCCNC(=[NH2+])N)N,calixarene,3.3048999309539795,NCCOc1c2cc(S(=O)(=O)[O-])cc1Cc1cc(S(=O)(=O)[O-])cc(c1O)Cc1cc(S(=O)(=O)[O-])cc(c1O)Cc1cc(S(=O)(=O)[O-])cc(c1O)Cc1cc(S(=O)(=O)[O-])cc(c1O)Cc1cc(S(=O)(=O)[O-])cc(c1O)C2,943BCEA8586BE526CE8501B61202A05D77257BC2BB9DA3A3C52BD077795B3D50,HOST_CAN_0111,PASS,NC(=[NH2+])NCCCC(N)C(=O)O,3A95B838A3F3E4B9211C1F9CE461FB93EA851D8F0AA68498288217A21AD77FAC,GUEST_CAN_0726,PASS,AttentiveFP,3,family_cold,calixarene,2.686068534851074
1495,1,698,C1C2=CC(=CC(=C2O)CC3=CC(=CC(=C3O)CC4=C(C(=CC(=C4)S(=O)(=O)O)CC5=C(C1=CC(=C5)S(=O)(=O)O)O)O)S(=O)(=O)O)S(=O)(=O)O,CCCC[NH3+],calixarene,4.008600234985352,O=S(=O)(O)c1cc2c(O)c(c1)Cc1cc(S(=O)(=O)O)cc(c1O)Cc1cc(S(=O)(=O)O)cc(c1O)Cc1cc(S(=O)(=O)O)cc(c1O)C2,C1130CCDC8DA0C6458EF6C2E07E7F3330D8F8B055CBE4DEAADB70DC00C8CDFC1,HOST_CAN_0154,PASS,CCCC[NH3+],6A71D8302F7F41484EDE7CB008CCE4F2AFAAFDA27C6FFB24A0361849051D3340,GUEST_CAN_0322,PASS,AttentiveFP,3,family_cold,calixarene,3.0229570865631104
1496,141,861,CC(C)(C)C1=CC2=C(C(=C1)CC3=CC(=CC(=C3OCC(=O)OC)CC4=CC(=CC(=C4OCC(=O)OC)CC5=C(C(=CC(=C5)C(C)(C)C)C2)OCC(=O)OC)C(C)(C)C)C(C)(C)C)OCC(=O)OC,NCCCNCCCCNCCCN,calixarene,6.924300193786621,COC(=O)COc1c2cc(C(C)(C)C)cc1Cc1cc(C(C)(C)C)cc(c1OCC(=O)OC)Cc1cc(C(C)(C)C)cc(c1OCC(=O)OC)Cc1cc(C(C)(C)C)cc(c1OCC(=O)OC)C2,73B080974E03CCE5E7AF3A160529C27640F25944AB15DBB90917A7E7BD8278A2,HOST_CAN_0054,PASS,NCCCNCCCCNCCCN,89EC2515667C6CC2F4199FFE131AE7FD274838F92C27EE7FE3B2B92748655134,GUEST_CAN_0802,PASS,AttentiveFP,3,family_cold,calixarene,4.1152663230896
1500,159,587,CCCCCCOc1c2Cc3cc(cc(c3OCCCCCC)Cc3cc(cc(c3OCCCCCC)Cc3cc(cc(Cc4c(c(Cc5c(c(Cc1cc(c2)S(=O)(=O)[O-])cc(c5)S(=O)(=O)[O-])OCCCCCC)cc(c4)S(=O)(=O)[O-])OCCCCCC)c3OCCCCCC)S(=O)(=O)[O-])S(=O)(=O)[O-])S(=O)(=O)[O-],C[n+]1ccc(cc1)c1cc[n+](cc1)C.[I-].[I-],calixarene,5.591100215911865,CCCCCCOc1c2cc(S(=O)(=O)[O-])cc1Cc1cc(S(=O)(=O)[O-])cc(c1OCCCCCC)Cc1cc(S(=O)(=O)[O-])cc(c1OCCCCCC)Cc1cc(S(=O)(=O)[O-])cc(c1OCCCCCC)Cc1cc(S(=O)(=O)[O-])cc(c1OCCCCCC)Cc1cc(S(=O)(=O)[O-])cc(c1OCCCCCC)C2,01CBB54F6C94047AC1A8BB7B7BEC7EE2A260A4A1EC23A8796F6DBB39F19C192F,HOST_CAN_0029,PASS,C[n+]1ccc(-c2cc[n+](C)cc2)cc1.[I-].[I-],FCA491A8B5C9289D74A682B83E3A35C297EDED2C00F5851674CB19F5C3125200,GUEST_CAN_0624,PASS,AttentiveFP,3,family_cold,calixarene,5.233098030090332
1504,1,209,C1C2=CC(=CC(=C2O)CC3=CC(=CC(=C3O)CC4=C(C(=CC(=C4)S(=O)(=O)O)CC5=C(C1=CC(=C5)S(=O)(=O)O)O)O)S(=O)(=O)O)S(=O)(=O)O,CC(C[C@@H](C(=O)NCC(=O)O)N)C,calixarene,3.2300000190734863,O=S(=O)(O)c1cc2c(O)c(c1)Cc1cc(S(=O)(=O)O)cc(c1O)Cc1cc(S(=O)(=O)O)cc(c1O)Cc1cc(S(=O)(=O)O)cc(c1O)C2,C1130CCDC8DA0C6458EF6C2E07E7F3330D8F8B055CBE4DEAADB70DC00C8CDFC1,HOST_CAN_0154,PASS,CC(C)C[C@H](N)C(=O)NCC(=O)O,4AACD6ADFD9EB7A0F9E18F2EB11FB06642A4BDAADA272AF3C28B555F438D9EC6,GUEST_CAN_0148,PASS,AttentiveFP,3,family_cold,calixarene,2.1672797203063965
1505,1,865,C1C2=CC(=CC(=C2O)CC3=CC(=CC(=C3O)CC4=C(C(=CC(=C4)S(=O)(=O)O)CC5=C(C1=CC(=C5)S(=O)(=O)O)O)O)S(=O)(=O)O)S(=O)(=O)O,C(CCN)CC(C(=O)NC(CCCN=C(N)N)C(=O)O)N,calixarene,3.56820011138916,O=S(=O)(O)c1cc2c(O)c(c1)Cc1cc(S(=O)(=O)O)cc(c1O)Cc1cc(S(=O)(=O)O)cc(c1O)Cc1cc(S(=O)(=O)O)cc(c1O)C2,C1130CCDC8DA0C6458EF6C2E07E7F3330D8F8B055CBE4DEAADB70DC00C8CDFC1,HOST_CAN_0154,PASS,NCCCCC(N)C(=O)NC(CCCN=C(N)N)C(=O)O,85B274D3F2DB673C6080FF06611C42EE63CEF117FBAFC759BFFD0BB348856F37,GUEST_CAN_0784,PASS,AttentiveFP,3,family_cold,calixarene,3.2543911933898926
1507,52,56,OC(=O)COc1c2Cc3cc(cc(c3O)Cc3cc(cc(c3O)Cc3cc(cc(Cc4c(c(Cc5c(c(Cc1cc(c2)S(=O)(=O)O)cc(c5)S(=O)(=O)O)O)cc(c4)S(=O)(=O)O)O)c3O)S(=O)(=O)O)S(=O)(=O)O)S(=O)(=O)O,CCCC(C(=O)O)N,calixarene,2.037400007247925,O=C(O)COc1c2cc(S(=O)(=O)O)cc1Cc1cc(S(=O)(=O)O)cc(c1O)Cc1cc(S(=O)(=O)O)cc(c1O)Cc1cc(S(=O)(=O)O)cc(c1O)Cc1cc(S(=O)(=O)O)cc(c1O)Cc1cc(S(=O)(=O)O)cc(c1O)C2,89AB142F8D041F89710D49168CBEF0FA0D792576B82031818BFF7C2DE5D92117,HOST_CAN_0127,PASS,CCCC(N)C(=O)O,81F3215F9F46874A7436620E7AD92167936CF997FB3F203D4397A018C4B56861,GUEST_CAN_0268,PASS,AttentiveFP,3,family_cold,calixarene,2.1297624111175537
1511,139,464,Oc1c2Cc3cc(N)cc(c3O)Cc3cc(cc(Cc4c(c(Cc1cc(c2)N)cc(N)c4)O)c3O)N,CCCN1c2ccccc2C(/C/1=C/C=C/1\CCCC(=C1Cl)/C=C/C1=[N+](CCC)c2c(C1(C)C)cccc2)(C)C.[I-],calixarene,4.361700057983398,Nc1cc2c(O)c(c1)Cc1cc(N)cc(c1O)Cc1cc(N)cc(c1O)Cc1cc(N)cc(c1O)C2,7B9BCC020D8A5B4E379A7C1BEC086733022832265151879189B204E269014832,HOST_CAN_0115,PASS,CCCN1/C(=C\C=C2/CCCC(/C=C/C3=[N+](CCC)c4ccccc4C3(C)C)=C2Cl)C(C)(C)c2ccccc21.[I-],C6134AC374607D29755300A057745976433909E073A85C043D920EB96147F247,GUEST_CAN_0331,PASS,AttentiveFP,3,family_cold,calixarene,4.512948989868164
1516,82,178,OC1=C2C=C(S(=O)([O-])=O)C=C1CC3=C(O)C(CC4=CC(S(=O)([O-])=O)=CC(CC5=CC(S(=O)([O-])=O)=CC(CC6=CC(S(=O)([O-])=O)=CC(CC(C=C(S(=O)([O-])=O)C=C7C2)=C7O)=C6O)=C5OCCN)=C4O)=CC(S(=O)([O-])=O)=C3,C(CCN)CC(C(=O)O)N,calixarene,3.098299980163574,NCCOc1c2cc(S(=O)(=O)[O-])cc1Cc1cc(S(=O)(=O)[O-])cc(c1O)Cc1cc(S(=O)(=O)[O-])cc(c1O)Cc1cc(S(=O)(=O)[O-])cc(c1O)Cc1cc(S(=O)(=O)[O-])cc(c1O)Cc1cc(S(=O)(=O)[O-])cc(c1O)C2,943BCEA8586BE526CE8501B61202A05D77257BC2BB9DA3A3C52BD077795B3D50,HOST_CAN_0111,PASS,NCCCCC(N)C(=O)O,BD55DE8B1F18BBBA0B9FB86FA685E52B4743F1B75F837E0522E8C602B3191BA0,GUEST_CAN_0785,PASS,AttentiveFP,3,family_cold,calixarene,2.49161434173584
1517,32,867,OC(=O)c1ccc(cc1)N=Nc1cc2Cc3cc(N=Nc4ccc(cc4)C(=O)O)cc(c3O)Cc3cc(cc(Cc4c(c(Cc(c1)c2O)cc(N=Nc1ccc(cc1)C(=O)O)c4)O)c3O)/N=N/c1ccc(cc1)C(=O)O,C(C1=CC=CC=C1)(=O)O[C@@H]1[C@@]2(C[C@@H](C(=C([C@H](C([C@@]3([C@H](C[C@H]4OC[C@]4([C@@H]13)OC(C)=O)O)C)=O)O)C2(C)C)C)OC([C@@H]([C@H](C2=CC=CC=C2)NC(=O)OC(C)(C)C)O)=O)O,calixarene,5.662799835205078,O=C(O)c1ccc(N=Nc2cc3c(O)c(c2)Cc2cc(N=Nc4ccc(C(=O)O)cc4)cc(c2O)Cc2cc(/N=N/c4ccc(C(=O)O)cc4)cc(c2O)Cc2cc(N=Nc4ccc(C(=O)O)cc4)cc(c2O)C3)cc1,5B585DBFF951CBB98E465DBECF308ACBE2EAF8773CE9C58156BE700CBB287248,HOST_CAN_0134,PASS,CC(=O)O[C@@]12CO[C@@H]1C[C@H](O)[C@@]1(C)C(=O)[C@H](O)C3=C(C)[C@@H](OC(=O)[C@H](O)[C@@H](NC(=O)OC(C)(C)C)c4ccccc4)C[C@@](O)([C@@H](OC(=O)c4ccccc4)[C@H]21)C3(C)C,FD8F8CCFA1C7F8132165FA1A12A866BA5F737274C5CD78290F236E0B5638E342,GUEST_CAN_0102,PASS,AttentiveFP,3,family_cold,calixarene,4.229125499725342
1522,133,215,OC1=C(CC2=CC(S(=O)([O-])=O)=CC(CC3=CC(S(=O)([O-])=O)=CC(CC4=CC(S(=O)([O-])=O)=CC(CC5=CC(S(=O)([O-])=O)=CC6=C5OCC(O)=O)=C4O)=C3O)=C2O)C=C(S(=O)([O-])=O)C=C1CC7=C(O)C(CC8=C(O)C(CC9=C(O)C(C6)=CC(S(=O)([O-])=O)=C9)=CC(S(=O)([O-])=O)=C8)=CC(S(=O)([O-])=O)=C7,CC(C(=O)O)N,calixarene,1.875100016593933,O=C(O)COc1c2cc(S(=O)(=O)[O-])cc1Cc1cc(S(=O)(=O)[O-])cc(c1O)Cc1cc(S(=O)(=O)[O-])cc(c1O)Cc1cc(S(=O)(=O)[O-])cc(c1O)Cc1cc(S(=O)(=O)[O-])cc(c1O)Cc1cc(S(=O)(=O)[O-])cc(c1O)Cc1cc(S(=O)(=O)[O-])cc(c1O)Cc1cc(S(=O)(=O)[O-])cc(c1O)C2,035C2443DCD42EB5D85B11E9A688FB2E331A4D0CA7EB7848E0D32F221FD3DC33,HOST_CAN_0130,PASS,CC(N)C(=O)O,6AC3AD1747D8E4C9B36EA5FBFB37965B87CCE816D9D72141F9005590B6D6FC3C,GUEST_CAN_0180,PASS,AttentiveFP,3,family_cold,calixarene,2.482875347137451
1535,1,875,C1C2=CC(=CC(=C2O)CC3=CC(=CC(=C3O)CC4=C(C(=CC(=C4)S(=O)(=O)O)CC5=C(C1=CC(=C5)S(=O)(=O)O)O)O)S(=O)(=O)O)S(=O)(=O)O,C(C(=O)NCC(=O)NCC(=O)O)N,calixarene,3.109999895095825,O=S(=O)(O)c1cc2c(O)c(c1)Cc1cc(S(=O)(=O)O)cc(c1O)Cc1cc(S(=O)(=O)O)cc(c1O)Cc1cc(S(=O)(=O)O)cc(c1O)C2,C1130CCDC8DA0C6458EF6C2E07E7F3330D8F8B055CBE4DEAADB70DC00C8CDFC1,HOST_CAN_0154,PASS,NCC(=O)NCC(=O)NCC(=O)O,B18CB35EE34A3754C0586009B82E70A8E57B95FE074B53EDF8B209E5A7D517A9,GUEST_CAN_0768,PASS,AttentiveFP,3,family_cold,calixarene,1.820136308670044
1540,1,243,C1C2=CC(=CC(=C2O)CC3=CC(=CC(=C3O)CC4=C(C(=CC(=C4)S(=O)(=O)O)CC5=C(C1=CC(=C5)S(=O)(=O)O)O)O)S(=O)(=O)O)S(=O)(=O)O,Cl[Yb](Cl)Cl,calixarene,3.809999942779541,O=S(=O)(O)c1cc2c(O)c(c1)Cc1cc(S(=O)(=O)O)cc(c1O)Cc1cc(S(=O)(=O)O)cc(c1O)Cc1cc(S(=O)(=O)O)cc(c1O)C2,C1130CCDC8DA0C6458EF6C2E07E7F3330D8F8B055CBE4DEAADB70DC00C8CDFC1,HOST_CAN_0154,PASS,[Cl][Yb]([Cl])[Cl],59CFD47D9F207EC2824B835E6D02D9135A48C726F605678F4A01D79FC70A9A4A,GUEST_CAN_1048,PASS,AttentiveFP,3,family_cold,calixarene,2.6504878997802734
1541,63,768,Oc1c2Cc3cc(cc(c3O)Cc3cc(cc(c3O)Cc3cc(cc(c3O)Cc3cc(cc(Cc4c(c(Cc5c(c(Cc6c(c(Cc1cc(c2)S(=O)(=O)[O-])cc(c6)S(=O)(=O)[O-])O)cc(c5)S(=O)(=O)[O-])O)cc(c4)S(=O)(=O)[O-])O)c3O)S(=O)(=O)[O-])S(=O)(=O)[O-])S(=O)(=O)[O-])S(=O)(=O)[O-],CCNC1=C(C=C2C(=C1)OC3=CC(=[NH+]CC)C(=CC3=C2C4=CC=CC=C4C(=O)OCC)C)C.[Cl-],calixarene,6.278800010681152,O=S(=O)([O-])c1cc2c(O)c(c1)Cc1cc(S(=O)(=O)[O-])cc(c1O)Cc1cc(S(=O)(=O)[O-])cc(c1O)Cc1cc(S(=O)(=O)[O-])cc(c1O)Cc1cc(S(=O)(=O)[O-])cc(c1O)Cc1cc(S(=O)(=O)[O-])cc(c1O)Cc1cc(S(=O)(=O)[O-])cc(c1O)Cc1cc(S(=O)(=O)[O-])cc(c1O)C2,3C24C9B25872FE0768A640DF44D242D9AEC5F3FA9C167A457997BAE8D628FFF1,HOST_CAN_0166,PASS,CCNc1cc2oc3cc(=[NH+]CC)c(C)cc-3c(-c3ccccc3C(=O)OCC)c2cc1C.[Cl-],7747AE094C60B01CC68A562B284C6966F13F3487956DAAB5A7B13BEFB4A724EF,GUEST_CAN_0359,PASS,AttentiveFP,3,family_cold,calixarene,5.964815139770508
1546,45,471,C1C2=CC(=CC=C2)CC3=CC(=CC=C3)CC4=CC=CC(=C4)CC5=CC=CC1=C5,C[N+](C)(C)CC(CC(=O)[O-])O,calixarene,3.514899969100952,c1cc2cc(c1)Cc1cccc(c1)Cc1cccc(c1)Cc1cccc(c1)C2,001BA14F081450375618B4DEC192A3633931B27A166EE11658CCCBFAB45E327F,HOST_CAN_0183,PASS,C[N+](C)(C)CC(O)CC(=O)[O-],370F32550B57B0E4726D0231D011F557D8A6872401B4E799CD76A401AD1E6C52,GUEST_CAN_0561,PASS,AttentiveFP,3,family_cold,calixarene,3.407683849334717
1550,46,878,C1C2=CC(=CC(=C2O)CC3=CC(=CC(=C3O)CC4=C(C(=CC(=C4)S(=O)(=O)O)CC5=C(C1=CC(=C5)S(=O)(=O)[O-])O)O)S(=O)(=O)O)S(=O)(=O)O.[Na+],C1=CC(=C(C=C1O)O)C2=C(C(=O)C3=C(C=C(C=C3O2)O)O)O,calixarene,4.824100017547607,O=S(=O)([O-])c1cc2c(O)c(c1)Cc1cc(S(=O)(=O)O)cc(c1O)Cc1cc(S(=O)(=O)O)cc(c1O)Cc1cc(S(=O)(=O)O)cc(c1O)C2.[Na+],CA94CECC10EDB9167B38E05C5D125873C9C1506ED227A3D9C6CBBCD696828A96,HOST_CAN_0163,PASS,O=c1c(O)c(-c2ccc(O)cc2O)oc2cc(O)cc(O)c12,75A954D1A4999253B57129A1740B79E5C1BDB821E1977B226B917448B0BF765A,GUEST_CAN_0955,PASS,AttentiveFP,3,family_cold,calixarene,2.8484067916870117
1554,63,178,Oc1c2Cc3cc(cc(c3O)Cc3cc(cc(c3O)Cc3cc(cc(c3O)Cc3cc(cc(Cc4c(c(Cc5c(c(Cc6c(c(Cc1cc(c2)S(=O)(=O)[O-])cc(c6)S(=O)(=O)[O-])O)cc(c5)S(=O)(=O)[O-])O)cc(c4)S(=O)(=O)[O-])O)c3O)S(=O)(=O)[O-])S(=O)(=O)[O-])S(=O)(=O)[O-])S(=O)(=O)[O-],C(CCN)CC(C(=O)O)N,calixarene,3.6322999000549316,O=S(=O)([O-])c1cc2c(O)c(c1)Cc1cc(S(=O)(=O)[O-])cc(c1O)Cc1cc(S(=O)(=O)[O-])cc(c1O)Cc1cc(S(=O)(=O)[O-])cc(c1O)Cc1cc(S(=O)(=O)[O-])cc(c1O)Cc1cc(S(=O)(=O)[O-])cc(c1O)Cc1cc(S(=O)(=O)[O-])cc(c1O)Cc1cc(S(=O)(=O)[O-])cc(c1O)C2,3C24C9B25872FE0768A640DF44D242D9AEC5F3FA9C167A457997BAE8D628FFF1,HOST_CAN_0166,PASS,NCCCCC(N)C(=O)O,BD55DE8B1F18BBBA0B9FB86FA685E52B4743F1B75F837E0522E8C602B3191BA0,GUEST_CAN_0785,PASS,AttentiveFP,3,family_cold,calixarene,3.226449966430664
1563,139,707,Oc1c2Cc3cc(N)cc(c3O)Cc3cc(cc(Cc4c(c(Cc1cc(c2)N)cc(N)c4)O)c3O)N,C[N+](CCO[Si]1(OCC[N+](C)(C)C)n2c3/N=C/4\N=C(/N=c/5\n1/c(=N\C1=N/C(=N\c2c2c3cccc2)/c2c1cccc2)/c1c5cccc1)c1c4cccc1)(C)C,calixarene,4.544099807739258,Nc1cc2c(O)c(c1)Cc1cc(N)cc(c1O)Cc1cc(N)cc(c1O)Cc1cc(N)cc(c1O)C2,7B9BCC020D8A5B4E379A7C1BEC086733022832265151879189B204E269014832,HOST_CAN_0115,PASS,C[N+](C)(C)CCO[Si]1(OCC[N+](C)(C)C)n2c3c4ccccc4c2/N=C2N=C(/N=c4/c5ccccc5/c(n41)=N/C1=NC(=N\3)/c3ccccc31)c1ccccc1\2,99746B0158AA9AA29923AA4A6EF83BB0F176AAC5409BDBBA91BE330B7A2F6316,GUEST_CAN_0572,PASS,AttentiveFP,3,family_cold,calixarene,4.125466346740723
1570,99,523,N#CCOc1c2Cc3cc(cc(c3O)Cc3cc(cc(c3O)Cc3cc(cc(c3O)Cc3cc(cc(Cc4c(c(Cc5c(c(Cc6c(c(Cc1cc(c2)S(=O)(=O)O)cc(c6)S(=O)(=O)O)O)cc(c5)S(=O)(=O)O)O)cc(c4)S(=O)(=O)O)O)c3O)S(=O)(=O)O)S(=O)(=O)O)S(=O)(=O)O)S(=O)(=O)O,C(C(=O)O)N,calixarene,1.5051000118255615,N#CCOc1c2cc(S(=O)(=O)O)cc1Cc1cc(S(=O)(=O)O)cc(c1O)Cc1cc(S(=O)(=O)O)cc(c1O)Cc1cc(S(=O)(=O)O)cc(c1O)Cc1cc(S(=O)(=O)O)cc(c1O)Cc1cc(S(=O)(=O)O)cc(c1O)Cc1cc(S(=O)(=O)O)cc(c1O)Cc1cc(S(=O)(=O)O)cc(c1O)C2,9C5AE9DC33FB7183D6DE570E4F40C5ED225E59EFD3C7E5485333524BCCF933C0,HOST_CAN_0103,PASS,NCC(=O)O,30FE3809EFBE5F6B082D9B94D27A0C7C9ECD1364A816D59C3D31CE32BCDF848E,GUEST_CAN_0774,PASS,AttentiveFP,3,family_cold,calixarene,2.3069515228271484
1572,1,547,C1C2=CC(=CC(=C2O)CC3=CC(=CC(=C3O)CC4=C(C(=CC(=C4)S(=O)(=O)O)CC5=C(C1=CC(=C5)S(=O)(=O)O)O)O)S(=O)(=O)O)S(=O)(=O)O,C[N+](C)(C)CCOC(=O)CCC(=O)OCC[N+](C)(C)C,calixarene,6.029399871826172,O=S(=O)(O)c1cc2c(O)c(c1)Cc1cc(S(=O)(=O)O)cc(c1O)Cc1cc(S(=O)(=O)O)cc(c1O)Cc1cc(S(=O)(=O)O)cc(c1O)C2,C1130CCDC8DA0C6458EF6C2E07E7F3330D8F8B055CBE4DEAADB70DC00C8CDFC1,HOST_CAN_0154,PASS,C[N+](C)(C)CCOC(=O)CCC(=O)OCC[N+](C)(C)C,168122AB36303795CD3BE42ABCB877822F79FBE84B0D42505E86A89CF28DB147,GUEST_CAN_0569,PASS,AttentiveFP,3,family_cold,calixarene,2.767096519470215
1575,46,885,C1C2=CC(=CC(=C2O)CC3=CC(=CC(=C3O)CC4=C(C(=CC(=C4)S(=O)(=O)O)CC5=C(C1=CC(=C5)S(=O)(=O)[O-])O)O)S(=O)(=O)O)S(=O)(=O)O.[Na+],NCCCCC(C(=O)NC(C(=O)NC([C@@H](OP(=O)(O)O)C)C(=O)NC(C(=O)NC(C(=O)NC(C(=O)NC(C(=O)O)CC(C)C)CCCNC(=N)N)CCCNC(=N)N)CC(C)C)CCCNC(=N)N)NC(=O)C(Cc1c[nH]c2c1cccc2)N,calixarene,4.698999881744385,O=S(=O)([O-])c1cc2c(O)c(c1)Cc1cc(S(=O)(=O)O)cc(c1O)Cc1cc(S(=O)(=O)O)cc(c1O)Cc1cc(S(=O)(=O)O)cc(c1O)C2.[Na+],CA94CECC10EDB9167B38E05C5D125873C9C1506ED227A3D9C6CBBCD696828A96,HOST_CAN_0163,PASS,CC(C)CC(NC(=O)C(CCCNC(=N)N)NC(=O)C(CCCNC(=N)N)NC(=O)C(CC(C)C)NC(=O)C(NC(=O)C(CCCNC(=N)N)NC(=O)C(CCCCN)NC(=O)C(N)Cc1c[nH]c2ccccc12)[C@H](C)OP(=O)(O)O)C(=O)O,FE457D79FC71778C6F06B2771D09F423F2587B01B6C66DDD6398B80CBBC6F839,GUEST_CAN_0140,PASS,AttentiveFP,3,family_cold,calixarene,4.2848944664001465
1579,52,18,OC(=O)COc1c2Cc3cc(cc(c3O)Cc3cc(cc(c3O)Cc3cc(cc(Cc4c(c(Cc5c(c(Cc1cc(c2)S(=O)(=O)O)cc(c5)S(=O)(=O)O)O)cc(c4)S(=O)(=O)O)O)c3O)S(=O)(=O)O)S(=O)(=O)O)S(=O)(=O)O,OC(=O)C(Cc1c[nH]c2c1cccc2)N,calixarene,2.6364998817443848,O=C(O)COc1c2cc(S(=O)(=O)O)cc1Cc1cc(S(=O)(=O)O)cc(c1O)Cc1cc(S(=O)(=O)O)cc(c1O)Cc1cc(S(=O)(=O)O)cc(c1O)Cc1cc(S(=O)(=O)O)cc(c1O)Cc1cc(S(=O)(=O)O)cc(c1O)C2,89AB142F8D041F89710D49168CBEF0FA0D792576B82031818BFF7C2DE5D92117,HOST_CAN_0127,PASS,NC(Cc1c[nH]c2ccccc12)C(=O)O,640E1867764F94CAFE2D991B23E1B000681C8619E07309C47EB26888B7938B6E,GUEST_CAN_0740,PASS,AttentiveFP,3,family_cold,calixarene,3.221498966217041
1585,14,178,NCCOc1c2Cc3cc(cc(c3O)Cc3cc(cc(c3O)Cc3cc(cc(Cc4c(c(Cc5c(c(Cc1cc(c2)S(=O)(=O)O)cc(c5)S(=O)(=O)O)O)cc(c4)S(=O)(=O)O)O)c3O)S(=O)(=O)O)S(=O)(=O)O)S(=O)(=O)O,C(CCN)CC(C(=O)O)N,calixarene,2.9911999702453613,NCCOc1c2cc(S(=O)(=O)O)cc1Cc1cc(S(=O)(=O)O)cc(c1O)Cc1cc(S(=O)(=O)O)cc(c1O)Cc1cc(S(=O)(=O)O)cc(c1O)Cc1cc(S(=O)(=O)O)cc(c1O)Cc1cc(S(=O)(=O)O)cc(c1O)C2,C787A22C599703D921FA29CACAF002E9FF6ED12C44482B2905C84DCBDD5B4AC1,HOST_CAN_0110,PASS,NCCCCC(N)C(=O)O,BD55DE8B1F18BBBA0B9FB86FA685E52B4743F1B75F837E0522E8C602B3191BA0,GUEST_CAN_0785,PASS,AttentiveFP,3,family_cold,calixarene,2.5019054412841797
1590,14,72,NCCOc1c2Cc3cc(cc(c3O)Cc3cc(cc(c3O)Cc3cc(cc(Cc4c(c(Cc5c(c(Cc1cc(c2)S(=O)(=O)O)cc(c5)S(=O)(=O)O)O)cc(c4)S(=O)(=O)O)O)c3O)S(=O)(=O)O)S(=O)(=O)O)S(=O)(=O)O,NC(C(=O)O)Cc1c[nH]cn1,calixarene,2.7588999271392822,NCCOc1c2cc(S(=O)(=O)O)cc1Cc1cc(S(=O)(=O)O)cc(c1O)Cc1cc(S(=O)(=O)O)cc(c1O)Cc1cc(S(=O)(=O)O)cc(c1O)Cc1cc(S(=O)(=O)O)cc(c1O)Cc1cc(S(=O)(=O)O)cc(c1O)C2,C787A22C599703D921FA29CACAF002E9FF6ED12C44482B2905C84DCBDD5B4AC1,HOST_CAN_0110,PASS,NC(Cc1c[nH]cn1)C(=O)O,FB673C9EDBC2F6C509C14A12DA10308CC8AD4E94C32BC5F3BAD448FBAA74F381,GUEST_CAN_0741,PASS,AttentiveFP,3,family_cold,calixarene,2.2593798637390137
1593,1,255,C1C2=CC(=CC(=C2O)CC3=CC(=CC(=C3O)CC4=C(C(=CC(=C4)S(=O)(=O)O)CC5=C(C1=CC(=C5)S(=O)(=O)O)O)O)S(=O)(=O)O)S(=O)(=O)O,CCN1C=C(C(=O)C2=CC(=C(C=C21)N3CCNCC3)F)C(=O)O,calixarene,4.075500011444092,O=S(=O)(O)c1cc2c(O)c(c1)Cc1cc(S(=O)(=O)O)cc(c1O)Cc1cc(S(=O)(=O)O)cc(c1O)Cc1cc(S(=O)(=O)O)cc(c1O)C2,C1130CCDC8DA0C6458EF6C2E07E7F3330D8F8B055CBE4DEAADB70DC00C8CDFC1,HOST_CAN_0154,PASS,CCn1cc(C(=O)O)c(=O)c2cc(F)c(N3CCNCC3)cc21,51A13D1B35CE84294FAFDDC991735A9C36D89C1EB8D5241A29415246F6566D08,GUEST_CAN_0386,PASS,AttentiveFP,3,family_cold,calixarene,4.680944442749023
1595,1,184,C1C2=CC(=CC(=C2O)CC3=CC(=CC(=C3O)CC4=C(C(=CC(=C4)S(=O)(=O)O)CC5=C(C1=CC(=C5)S(=O)(=O)O)O)O)S(=O)(=O)O)S(=O)(=O)O,C1=CC=C(C=C1)CC(C(=O)O)NC(=O)CN,calixarene,3.2300000190734863,O=S(=O)(O)c1cc2c(O)c(c1)Cc1cc(S(=O)(=O)O)cc(c1O)Cc1cc(S(=O)(=O)O)cc(c1O)Cc1cc(S(=O)(=O)O)cc(c1O)C2,C1130CCDC8DA0C6458EF6C2E07E7F3330D8F8B055CBE4DEAADB70DC00C8CDFC1,HOST_CAN_0154,PASS,NCC(=O)NC(Cc1ccccc1)C(=O)O,B24C6BA3C391F2D0C0B5CD092FE1ADC311DDBF52F109C82C135A510AD2D79380,GUEST_CAN_0766,PASS,AttentiveFP,3,family_cold,calixarene,2.2422409057617188
1598,1,891,C1C2=CC(=CC(=C2O)CC3=CC(=CC(=C3O)CC4=C(C(=CC(=C4)S(=O)(=O)O)CC5=C(C1=CC(=C5)S(=O)(=O)O)O)O)S(=O)(=O)O)S(=O)(=O)O,C(CC(C(=O)NC(CCCN=C(N)N)C(=O)NC(CCCN=C(N)N)C(=O)O)N)CN=C(N)N,calixarene,4.544099807739258,O=S(=O)(O)c1cc2c(O)c(c1)Cc1cc(S(=O)(=O)O)cc(c1O)Cc1cc(S(=O)(=O)O)cc(c1O)Cc1cc(S(=O)(=O)O)cc(c1O)C2,C1130CCDC8DA0C6458EF6C2E07E7F3330D8F8B055CBE4DEAADB70DC00C8CDFC1,HOST_CAN_0154,PASS,NC(N)=NCCCC(N)C(=O)NC(CCCN=C(N)N)C(=O)NC(CCCN=C(N)N)C(=O)O,A9EE6309268C1B7B9709FEAFED1ABB412DB44B25953335CC5756B785F67289A0,GUEST_CAN_0748,PASS,AttentiveFP,3,family_cold,calixarene,3.5494556427001953
1611,1,897,C1C2=CC(=CC(=C2O)CC3=CC(=CC(=C3O)CC4=C(C(=CC(=C4)S(=O)(=O)O)CC5=C(C1=CC(=C5)S(=O)(=O)O)O)O)S(=O)(=O)O)S(=O)(=O)O,C1C[N+]2=CC=CC=C2C3=CC=CC=[N+]31,calixarene,7.633500099182129,O=S(=O)(O)c1cc2c(O)c(c1)Cc1cc(S(=O)(=O)O)cc(c1O)Cc1cc(S(=O)(=O)O)cc(c1O)Cc1cc(S(=O)(=O)O)cc(c1O)C2,C1130CCDC8DA0C6458EF6C2E07E7F3330D8F8B055CBE4DEAADB70DC00C8CDFC1,HOST_CAN_0154,PASS,c1cc[n+]2c(c1)-c1cccc[n+]1CC2,129DC49EF4AB93F0D7CFF5529A53286D3BDA797A045B296BD0D89008262A749F,GUEST_CAN_1125,PASS,AttentiveFP,3,family_cold,calixarene,3.533658504486084
1612,1,106,C1C2=CC(=CC(=C2O)CC3=CC(=CC(=C3O)CC4=C(C(=CC(=C4)S(=O)(=O)O)CC5=C(C1=CC(=C5)S(=O)(=O)O)O)O)S(=O)(=O)O)S(=O)(=O)O,CC1(C2CCC1(C(=O)C2)C)C,calixarene,2.8129000663757324,O=S(=O)(O)c1cc2c(O)c(c1)Cc1cc(S(=O)(=O)O)cc(c1O)Cc1cc(S(=O)(=O)O)cc(c1O)Cc1cc(S(=O)(=O)O)cc(c1O)C2,C1130CCDC8DA0C6458EF6C2E07E7F3330D8F8B055CBE4DEAADB70DC00C8CDFC1,HOST_CAN_0154,PASS,CC12CCC(CC1=O)C2(C)C,E24F935BD21DA0C5862F5F2938AB9A4C9205A66880F3E5382749307F674BBBCE,GUEST_CAN_0230,PASS,AttentiveFP,3,family_cold,calixarene,4.473743915557861
1630,1,907,C1C2=CC(=CC(=C2O)CC3=CC(=CC(=C3O)CC4=C(C(=CC(=C4)S(=O)(=O)O)CC5=C(C1=CC(=C5)S(=O)(=O)O)O)O)S(=O)(=O)O)S(=O)(=O)O,CP(OC(C(C)(C)C)C)(F)=O,calixarene,1.875100016593933,O=S(=O)(O)c1cc2c(O)c(c1)Cc1cc(S(=O)(=O)O)cc(c1O)Cc1cc(S(=O)(=O)O)cc(c1O)Cc1cc(S(=O)(=O)O)cc(c1O)C2,C1130CCDC8DA0C6458EF6C2E07E7F3330D8F8B055CBE4DEAADB70DC00C8CDFC1,HOST_CAN_0154,PASS,CC(OP(C)(=O)F)C(C)(C)C,927C19F99F31139204D266720B2140DF7E217694C603C41F73F1D7D4EFB5A0F3,GUEST_CAN_0192,PASS,AttentiveFP,3,family_cold,calixarene,1.4690892696380615
1635,16,56,NCCOc1c2Cc3cc(cc(c3O)Cc3cc(cc(Cc4c(c(Cc1cc(c2)S(=O)(=O)O)cc(c4)S(=O)(=O)O)O)c3O)S(=O)(=O)O)S(=O)(=O)O,CCCC(C(=O)O)N,calixarene,2.488600015640259,NCCOc1c2cc(S(=O)(=O)O)cc1Cc1cc(S(=O)(=O)O)cc(c1O)Cc1cc(S(=O)(=O)O)cc(c1O)Cc1cc(S(=O)(=O)O)cc(c1O)C2,7D8C32DEDAD770C68375EE2FF28F9CCD81B4D3DB3816F51D3CC994E73708AEBC,HOST_CAN_0109,PASS,CCCC(N)C(=O)O,81F3215F9F46874A7436620E7AD92167936CF997FB3F203D4397A018C4B56861,GUEST_CAN_0268,PASS,AttentiveFP,3,family_cold,calixarene,1.6011855602264404
1637,166,229,CCOC(=O)COc1c2cccc1Cc1cc(cc(c1OCC(=O)OCC)Cc1c(c(Cc3c(c(C2)cc(c3)C(=O)NCc2ccc3c4c2ccc2c4c(cc3)ccc2)OCC(=O)OCC)ccc1)OCC(=O)OCC)C(=O)NCc1ccc2c3c1ccc1c3c(cc2)ccc1,[Na+],calixarene,3.340399980545044,CCOC(=O)COc1c2cccc1Cc1cc(C(=O)NCc3ccc4ccc5cccc6ccc3c4c56)cc(c1OCC(=O)OCC)Cc1cccc(c1OCC(=O)OCC)Cc1cc(C(=O)NCc3ccc4ccc5cccc6ccc3c4c56)cc(c1OCC(=O)OCC)C2,7CD987C7A6EF99FCB10C1FFDD34AEA0A0E6FCCF74DCE3969CFE38C25108C02E7,HOST_CAN_0043,PASS,[Na+],C967F382B185E1578CB9153250886D12807928AF715FC44BD49BA94ACEDD7043,GUEST_CAN_1098,PASS,AttentiveFP,3,family_cold,calixarene,2.3514814376831055
1639,30,231,C1C2=CC(=CC(=C2O)CC3=CC(=CC(=C3O)CC4=CC(=CC(=C4O)CC5=C(C(=CC(=C5)S(=O)(=O)[O-])CC6=C(C(=CC(=C6)S(=O)(=O)[O-])CC7=C(C1=CC(=C7)S(=O)(=O)[O-])O)O)O)S(=O)(=O)[O-])S(=O)(=O)[O-])S(=O)(=O)[O-],C[N+](C)(C)CCCCC(C(=O)O)N,calixarene,2.968899965286255,O=S(=O)([O-])c1cc2c(O)c(c1)Cc1cc(S(=O)(=O)[O-])cc(c1O)Cc1cc(S(=O)(=O)[O-])cc(c1O)Cc1cc(S(=O)(=O)[O-])cc(c1O)Cc1cc(S(=O)(=O)[O-])cc(c1O)Cc1cc(S(=O)(=O)[O-])cc(c1O)C2,175E9D01D3A7DD7BE73E9B8659E8BAA0A16B2D5C4CCEFE3BEFED10121429BF10,HOST_CAN_0164,PASS,C[N+](C)(C)CCCCC(N)C(=O)O,A5D9046F4C510F24A7D2618FA2E491B2FD6A06575CDE2270294DEDC76755B73A,GUEST_CAN_0563,PASS,AttentiveFP,3,family_cold,calixarene,2.815345048904419
1640,30,910,C1C2=CC(=CC(=C2O)CC3=CC(=CC(=C3O)CC4=CC(=CC(=C4O)CC5=C(C(=CC(=C5)S(=O)(=O)[O-])CC6=C(C(=CC(=C6)S(=O)(=O)[O-])CC7=C(C1=CC(=C7)S(=O)(=O)[O-])O)O)O)S(=O)(=O)[O-])S(=O)(=O)[O-])S(=O)(=O)[O-],CN(C)C1=CC=C(C=C1)C(=N)C2=CC=C(C=C2)N(C)C.Cl,calixarene,4.184700012207031,O=S(=O)([O-])c1cc2c(O)c(c1)Cc1cc(S(=O)(=O)[O-])cc(c1O)Cc1cc(S(=O)(=O)[O-])cc(c1O)Cc1cc(S(=O)(=O)[O-])cc(c1O)Cc1cc(S(=O)(=O)[O-])cc(c1O)Cc1cc(S(=O)(=O)[O-])cc(c1O)C2,175E9D01D3A7DD7BE73E9B8659E8BAA0A16B2D5C4CCEFE3BEFED10121429BF10,HOST_CAN_0164,PASS,CN(C)c1ccc(C(=N)c2ccc(N(C)C)cc2)cc1.Cl,7CAC61A02B7841201EBA0EEAC3CCC2C701314C48BCD0471D0CC2D606D0415B35,GUEST_CAN_0405,PASS,AttentiveFP,3,family_cold,calixarene,4.757795333862305
1645,16,15,NCCOc1c2Cc3cc(cc(c3O)Cc3cc(cc(Cc4c(c(Cc1cc(c2)S(=O)(=O)O)cc(c4)S(=O)(=O)O)O)c3O)S(=O)(=O)O)S(=O)(=O)O,[O-]C(=O)CC(C(=O)O)N,calixarene,3.7497000694274902,NCCOc1c2cc(S(=O)(=O)O)cc1Cc1cc(S(=O)(=O)O)cc(c1O)Cc1cc(S(=O)(=O)O)cc(c1O)Cc1cc(S(=O)(=O)O)cc(c1O)C2,7D8C32DEDAD770C68375EE2FF28F9CCD81B4D3DB3816F51D3CC994E73708AEBC,HOST_CAN_0109,PASS,NC(CC(=O)[O-])C(=O)O,BB5F75F5A9C5B3B73A0A3B7339C8AC7150359761D5C24F8C1D742AB3AA3BCA26,GUEST_CAN_0731,PASS,AttentiveFP,3,family_cold,calixarene,1.3115274906158447
1649,22,501,Oc1c2Sc3cc(cc(c3O)Sc3cc(cc(Sc4c(c(Sc1cc(c2)S(=O)(=O)O)cc(c4)S(=O)(=O)O)O)c3O)S(=O)(=O)O)S(=O)(=O)O,C1=CC(=NC(=C1)C(=O)O)C(=O)O,calixarene,1.8260999917984009,O=S(=O)(O)c1cc2c(O)c(c1)Sc1cc(S(=O)(=O)O)cc(c1O)Sc1cc(S(=O)(=O)O)cc(c1O)Sc1cc(S(=O)(=O)O)cc(c1O)S2,5FE888C1FB51BDA35D21231A31EDB8203ACD56DD9744D0C6B83351EC668D4256,HOST_CAN_0156,PASS,O=C(O)c1cccc(C(=O)O)n1,207C13F90D0DBA16843662EC874783E522B0E73A1D106D5C4AD9078DF6660820,GUEST_CAN_0887,PASS,AttentiveFP,3,family_cold,calixarene,1.218721628189087
1653,30,891,C1C2=CC(=CC(=C2O)CC3=CC(=CC(=C3O)CC4=CC(=CC(=C4O)CC5=C(C(=CC(=C5)S(=O)(=O)[O-])CC6=C(C(=CC(=C6)S(=O)(=O)[O-])CC7=C(C1=CC(=C7)S(=O)(=O)[O-])O)O)O)S(=O)(=O)[O-])S(=O)(=O)[O-])S(=O)(=O)[O-],C(CC(C(=O)NC(CCCN=C(N)N)C(=O)NC(CCCN=C(N)N)C(=O)O)N)CN=C(N)N,calixarene,3.2040998935699463,O=S(=O)([O-])c1cc2c(O)c(c1)Cc1cc(S(=O)(=O)[O-])cc(c1O)Cc1cc(S(=O)(=O)[O-])cc(c1O)Cc1cc(S(=O)(=O)[O-])cc(c1O)Cc1cc(S(=O)(=O)[O-])cc(c1O)Cc1cc(S(=O)(=O)[O-])cc(c1O)C2,175E9D01D3A7DD7BE73E9B8659E8BAA0A16B2D5C4CCEFE3BEFED10121429BF10,HOST_CAN_0164,PASS,NC(N)=NCCCC(N)C(=O)NC(CCCN=C(N)N)C(=O)NC(CCCN=C(N)N)C(=O)O,A9EE6309268C1B7B9709FEAFED1ABB412DB44B25953335CC5756B785F67289A0,GUEST_CAN_0748,PASS,AttentiveFP,3,family_cold,calixarene,4.006516456604004
1654,73,29,C1C2=CC(=CC(=C2O)CC3=CC(=CC(=C3O)CC4=CC(=CC(=C4O)CC5=C(C(=CC(=C5)S(=O)(=O)O)CC6=C(C1=CC(=C6)S(=O)(=O)O)O)O)S(=O)(=O)O)S(=O)(=O)O)S(=O)(=O)O,C1=CC=NC=C1,calixarene,2.1702001094818115,O=S(=O)(O)c1cc2c(O)c(c1)Cc1cc(S(=O)(=O)O)cc(c1O)Cc1cc(S(=O)(=O)O)cc(c1O)Cc1cc(S(=O)(=O)O)cc(c1O)Cc1cc(S(=O)(=O)O)cc(c1O)C2,CE64A1CA71928E5DE79CF9633E11D44D0BC2C175AB3D980BF8052807605CA8CC,HOST_CAN_0155,PASS,c1ccncc1,75C7A4B0B41E43900BFB8055909B37897A5E104541D35413384B7FF9A1C88B83,GUEST_CAN_1147,PASS,AttentiveFP,3,family_cold,calixarene,1.8571858406066895
1658,1,918,C1C2=CC(=CC(=C2O)CC3=CC(=CC(=C3O)CC4=C(C(=CC(=C4)S(=O)(=O)O)CC5=C(C1=CC(=C5)S(=O)(=O)O)O)O)S(=O)(=O)O)S(=O)(=O)O,C1=CC=[N+]2C=3C=4N(CC=CC4C=CC13)CC2,calixarene,7.278800010681152,O=S(=O)(O)c1cc2c(O)c(c1)Cc1cc(S(=O)(=O)O)cc(c1O)Cc1cc(S(=O)(=O)O)cc(c1O)Cc1cc(S(=O)(=O)O)cc(c1O)C2,C1130CCDC8DA0C6458EF6C2E07E7F3330D8F8B055CBE4DEAADB70DC00C8CDFC1,HOST_CAN_0154,PASS,C1=Cc2ccc3ccc[n+]4c3c2N(C1)CC4,F3BB623698A62AD762DCADDC7D09956C638BEFEDCFAAFD6204C5A006C4B989F5,GUEST_CAN_0018,PASS,AttentiveFP,3,family_cold,calixarene,4.606934547424316
1667,30,910,C1C2=CC(=CC(=C2O)CC3=CC(=CC(=C3O)CC4=CC(=CC(=C4O)CC5=C(C(=CC(=C5)S(=O)(=O)[O-])CC6=C(C(=CC(=C6)S(=O)(=O)[O-])CC7=C(C1=CC(=C7)S(=O)(=O)[O-])O)O)O)S(=O)(=O)[O-])S(=O)(=O)[O-])S(=O)(=O)[O-],CN(C)C1=CC=C(C=C1)C(=N)C2=CC=C(C=C2)N(C)C.Cl,calixarene,4.093400001525879,O=S(=O)([O-])c1cc2c(O)c(c1)Cc1cc(S(=O)(=O)[O-])cc(c1O)Cc1cc(S(=O)(=O)[O-])cc(c1O)Cc1cc(S(=O)(=O)[O-])cc(c1O)Cc1cc(S(=O)(=O)[O-])cc(c1O)Cc1cc(S(=O)(=O)[O-])cc(c1O)C2,175E9D01D3A7DD7BE73E9B8659E8BAA0A16B2D5C4CCEFE3BEFED10121429BF10,HOST_CAN_0164,PASS,CN(C)c1ccc(C(=N)c2ccc(N(C)C)cc2)cc1.Cl,7CAC61A02B7841201EBA0EEAC3CCC2C701314C48BCD0471D0CC2D606D0415B35,GUEST_CAN_0405,PASS,AttentiveFP,3,family_cold,calixarene,4.757795333862305
1668,32,193,OC(=O)c1ccc(cc1)N=Nc1cc2Cc3cc(N=Nc4ccc(cc4)C(=O)O)cc(c3O)Cc3cc(cc(Cc4c(c(Cc(c1)c2O)cc(N=Nc1ccc(cc1)C(=O)O)c4)O)c3O)/N=N/c1ccc(cc1)C(=O)O,O=C(OCCCC)C1=CC=CC=C1C(C2=CC=C(N(CC)CC)C=C2O3)=C(C=C/4)C3=CC4=[N+](CC)\CC,calixarene,6.690199851989746,O=C(O)c1ccc(N=Nc2cc3c(O)c(c2)Cc2cc(N=Nc4ccc(C(=O)O)cc4)cc(c2O)Cc2cc(/N=N/c4ccc(C(=O)O)cc4)cc(c2O)Cc2cc(N=Nc4ccc(C(=O)O)cc4)cc(c2O)C3)cc1,5B585DBFF951CBB98E465DBECF308ACBE2EAF8773CE9C58156BE700CBB287248,HOST_CAN_0134,PASS,CCCCOC(=O)c1ccccc1-c1c2ccc(=[N+](CC)CC)cc-2oc2cc(N(CC)CC)ccc12,6ABF93E22B781100842BF1EFD6E3AD46FB805AD371C665171C9FD4F38F91728F,GUEST_CAN_0313,PASS,AttentiveFP,3,family_cold,calixarene,5.702508926391602
1671,46,343,C1C2=CC(=CC(=C2O)CC3=CC(=CC(=C3O)CC4=C(C(=CC(=C4)S(=O)(=O)O)CC5=C(C1=CC(=C5)S(=O)(=O)[O-])O)O)S(=O)(=O)O)S(=O)(=O)O.[Na+],C1=CC(=C(C=C1F)F)C(CN2C=NC=N2)(CN3C=NC=N3)O,calixarene,2.2227001190185547,O=S(=O)([O-])c1cc2c(O)c(c1)Cc1cc(S(=O)(=O)O)cc(c1O)Cc1cc(S(=O)(=O)O)cc(c1O)Cc1cc(S(=O)(=O)O)cc(c1O)C2.[Na+],CA94CECC10EDB9167B38E05C5D125873C9C1506ED227A3D9C6CBBCD696828A96,HOST_CAN_0163,PASS,OC(Cn1cncn1)(Cn1cncn1)c1ccc(F)cc1F,9594D6554481AE705E34C4725B7F3A9B5DBA2473D6C5446C3E91C1B9495B2086,GUEST_CAN_0957,PASS,AttentiveFP,3,family_cold,calixarene,3.1589341163635254
1676,1,922,C1C2=CC(=CC(=C2O)CC3=CC(=CC(=C3O)CC4=C(C(=CC(=C4)S(=O)(=O)O)CC5=C(C1=CC(=C5)S(=O)(=O)O)O)O)S(=O)(=O)O)S(=O)(=O)O,N[C@@H]([C@H](O)C)C(=O)O,calixarene,3.190000057220459,O=S(=O)(O)c1cc2c(O)c(c1)Cc1cc(S(=O)(=O)O)cc(c1O)Cc1cc(S(=O)(=O)O)cc(c1O)Cc1cc(S(=O)(=O)O)cc(c1O)C2,C1130CCDC8DA0C6458EF6C2E07E7F3330D8F8B055CBE4DEAADB70DC00C8CDFC1,HOST_CAN_0154,PASS,C[C@@H](O)[C@H](N)C(=O)O,B0076350F76A6A54C4751577A28C401B55A07CE45CE823ECBE44BA3D3AFCD684,GUEST_CAN_0538,PASS,AttentiveFP,3,family_cold,calixarene,1.0075936317443848
1680,30,907,C1C2=CC(=CC(=C2O)CC3=CC(=CC(=C3O)CC4=CC(=CC(=C4O)CC5=C(C(=CC(=C5)S(=O)(=O)[O-])CC6=C(C(=CC(=C6)S(=O)(=O)[O-])CC7=C(C1=CC(=C7)S(=O)(=O)[O-])O)O)O)S(=O)(=O)[O-])S(=O)(=O)[O-])S(=O)(=O)[O-],CP(OC(C(C)(C)C)C)(F)=O,calixarene,1.0,O=S(=O)([O-])c1cc2c(O)c(c1)Cc1cc(S(=O)(=O)[O-])cc(c1O)Cc1cc(S(=O)(=O)[O-])cc(c1O)Cc1cc(S(=O)(=O)[O-])cc(c1O)Cc1cc(S(=O)(=O)[O-])cc(c1O)Cc1cc(S(=O)(=O)[O-])cc(c1O)C2,175E9D01D3A7DD7BE73E9B8659E8BAA0A16B2D5C4CCEFE3BEFED10121429BF10,HOST_CAN_0164,PASS,CC(OP(C)(=O)F)C(C)(C)C,927C19F99F31139204D266720B2140DF7E217694C603C41F73F1D7D4EFB5A0F3,GUEST_CAN_0192,PASS,AttentiveFP,3,family_cold,calixarene,2.0634207725524902
1688,1,477,C1C2=CC(=CC(=C2O)CC3=CC(=CC(=C3O)CC4=C(C(=CC(=C4)S(=O)(=O)O)CC5=C(C1=CC(=C5)S(=O)(=O)O)O)O)S(=O)(=O)O)S(=O)(=O)O,C1=CC=C(C=C1)CC(C(=O)O)N,calixarene,3.140000104904175,O=S(=O)(O)c1cc2c(O)c(c1)Cc1cc(S(=O)(=O)O)cc(c1O)Cc1cc(S(=O)(=O)O)cc(c1O)Cc1cc(S(=O)(=O)O)cc(c1O)C2,C1130CCDC8DA0C6458EF6C2E07E7F3330D8F8B055CBE4DEAADB70DC00C8CDFC1,HOST_CAN_0154,PASS,NC(Cc1ccccc1)C(=O)O,4B6B1236F1C31D28D9F95F736FF46B2960AFF4F6FCE3D9E76CF43DE2ADDE8B08,GUEST_CAN_0746,PASS,AttentiveFP,3,family_cold,calixarene,2.053112268447876
1689,168,96,CCOCCOc1c2Cc3cc(cc(c3O)Cc3cc(cc(Cc4c(c(Cc1cc(c2)S(=O)(=O)O)cc(c4)S(=O)(=O)O)O)c3OCCOCC)S(=O)(=O)O)S(=O)(=O)O,C[N+](C)(C)C1=CC=CC=C1,calixarene,3.4000000953674316,CCOCCOc1c2cc(S(=O)(=O)O)cc1Cc1cc(S(=O)(=O)O)cc(c1O)Cc1cc(S(=O)(=O)O)cc(c1OCCOCC)Cc1cc(S(=O)(=O)O)cc(c1O)C2,13C56BD80BCA0600A856097F06CE3050B87D596632145A959878353EAE517E67,HOST_CAN_0044,PASS,C[N+](C)(C)c1ccccc1,BE2E413C8306C73C28B2EF0E9ABBED86E0E5AEBC3F7D99A31A8C230156F8C865,GUEST_CAN_0585,PASS,AttentiveFP,3,family_cold,calixarene,2.415688991546631
1700,25,581,CCCOc1c2Cc3cc(cc(c3OCCC)Cc3cc(cc(Cc4c(c(Cc1cc(c2)P(=O)(O)O)cc(c4)P(=O)(O)O)OCCC)c3OCCC)P(=O)(O)O)P(=O)(O)O,CC(C(C1=CC=CC=C1)O)NC.Cl,calixarene,1.9293999671936035,CCCOc1c2cc(P(=O)(O)O)cc1Cc1cc(P(=O)(O)O)cc(c1OCCC)Cc1cc(P(=O)(O)O)cc(c1OCCC)Cc1cc(P(=O)(O)O)cc(c1OCCC)C2,C043E79A34829EDDBE86C6FC09E756E7D0FDCE1A2BB383803C5CAA52B9480850,HOST_CAN_0037,PASS,CNC(C)C(O)c1ccccc1.Cl,D8615678964D3FE4EDA3B93E790EE8198756976629150E32922E603E5F5196BF,GUEST_CAN_0426,PASS,AttentiveFP,3,family_cold,calixarene,2.2651515007019043
1704,30,936,C1C2=CC(=CC(=C2O)CC3=CC(=CC(=C3O)CC4=CC(=CC(=C4O)CC5=C(C(=CC(=C5)S(=O)(=O)[O-])CC6=C(C(=CC(=C6)S(=O)(=O)[O-])CC7=C(C1=CC(=C7)S(=O)(=O)[O-])O)O)O)S(=O)(=O)[O-])S(=O)(=O)[O-])S(=O)(=O)[O-],[Co+2],calixarene,3.754300117492676,O=S(=O)([O-])c1cc2c(O)c(c1)Cc1cc(S(=O)(=O)[O-])cc(c1O)Cc1cc(S(=O)(=O)[O-])cc(c1O)Cc1cc(S(=O)(=O)[O-])cc(c1O)Cc1cc(S(=O)(=O)[O-])cc(c1O)Cc1cc(S(=O)(=O)[O-])cc(c1O)C2,175E9D01D3A7DD7BE73E9B8659E8BAA0A16B2D5C4CCEFE3BEFED10121429BF10,HOST_CAN_0164,PASS,[Co+2],EEBF38895788BC7455EBBA493D0BB2107793654FEE6BBB7B104B871D0A04E786,GUEST_CAN_1050,PASS,AttentiveFP,3,family_cold,calixarene,2.8454689979553223
1713,25,942,CCCOc1c2Cc3cc(cc(c3OCCC)Cc3cc(cc(Cc4c(c(Cc1cc(c2)P(=O)(O)O)cc(c4)P(=O)(O)O)OCCC)c3OCCC)P(=O)(O)O)P(=O)(O)O,C1=CC=C(C(=C1)N)N.Cl.Cl,calixarene,1.0,CCCOc1c2cc(P(=O)(O)O)cc1Cc1cc(P(=O)(O)O)cc(c1OCCC)Cc1cc(P(=O)(O)O)cc(c1OCCC)Cc1cc(P(=O)(O)O)cc(c1OCCC)C2,C043E79A34829EDDBE86C6FC09E756E7D0FDCE1A2BB383803C5CAA52B9480850,HOST_CAN_0037,PASS,Cl.Cl.Nc1ccccc1N,2C92DDC7C6C053794C28C95C42283694C83ACF3616581E38869D1D17B25EF2B5,GUEST_CAN_0681,PASS,AttentiveFP,3,family_cold,calixarene,2.3878979682922363
1722,45,63,C1C2=CC(=CC=C2)CC3=CC(=CC=C3)CC4=CC=CC(=C4)CC5=CC=CC1=C5,[Rb+],calixarene,2.0857999324798584,c1cc2cc(c1)Cc1cccc(c1)Cc1cccc(c1)Cc1cccc(c1)C2,001BA14F081450375618B4DEC192A3633931B27A166EE11658CCCBFAB45E327F,HOST_CAN_0183,PASS,[Rb+],A81E1030429F736D8E35EA84C21CDFC8BA21CABFAB462465BE82BDA25EAD58DF,GUEST_CAN_1109,PASS,AttentiveFP,3,family_cold,calixarene,2.6690924167633057
1728,1,946,C1C2=CC(=CC(=C2O)CC3=CC(=CC(=C3O)CC4=C(C(=CC(=C4)S(=O)(=O)O)CC5=C(C1=CC(=C5)S(=O)(=O)O)O)O)S(=O)(=O)O)S(=O)(=O)O,C1(=CC=CC=C1)C12N=NC(CC1)CC2,calixarene,2.544100046157837,O=S(=O)(O)c1cc2c(O)c(c1)Cc1cc(S(=O)(=O)O)cc(c1O)Cc1cc(S(=O)(=O)O)cc(c1O)Cc1cc(S(=O)(=O)O)cc(c1O)C2,C1130CCDC8DA0C6458EF6C2E07E7F3330D8F8B055CBE4DEAADB70DC00C8CDFC1,HOST_CAN_0154,PASS,c1ccc(C23CCC(CC2)N=N3)cc1,332E35059CF12FFE47B44B746E0A83CBFF6B56413BA723A44B8222AD53E68FFE,GUEST_CAN_1129,PASS,AttentiveFP,3,family_cold,calixarene,4.272485256195068
1729,30,338,C1C2=CC(=CC(=C2O)CC3=CC(=CC(=C3O)CC4=CC(=CC(=C4O)CC5=C(C(=CC(=C5)S(=O)(=O)[O-])CC6=C(C(=CC(=C6)S(=O)(=O)[O-])CC7=C(C1=CC(=C7)S(=O)(=O)[O-])O)O)O)S(=O)(=O)[O-])S(=O)(=O)[O-])S(=O)(=O)[O-],C1=CC=C(C=C1)C2=CC(=O)C3=C(C(=C(C=C3O2)OC4C(C(C(C(O4)C(=O)O)O)O)O)O)O,calixarene,4.272200107574463,O=S(=O)([O-])c1cc2c(O)c(c1)Cc1cc(S(=O)(=O)[O-])cc(c1O)Cc1cc(S(=O)(=O)[O-])cc(c1O)Cc1cc(S(=O)(=O)[O-])cc(c1O)Cc1cc(S(=O)(=O)[O-])cc(c1O)Cc1cc(S(=O)(=O)[O-])cc(c1O)C2,175E9D01D3A7DD7BE73E9B8659E8BAA0A16B2D5C4CCEFE3BEFED10121429BF10,HOST_CAN_0164,PASS,O=C(O)C1OC(Oc2cc3oc(-c4ccccc4)cc(=O)c3c(O)c2O)C(O)C(O)C1O,127588582E4011E1A74BB8E2043EF5B42E49C4D847374CD8A901A330DA6D9033,GUEST_CAN_0870,PASS,AttentiveFP,3,family_cold,calixarene,3.329646110534668
1732,32,948,OC(=O)c1ccc(cc1)N=Nc1cc2Cc3cc(N=Nc4ccc(cc4)C(=O)O)cc(c3O)Cc3cc(cc(Cc4c(c(Cc(c1)c2O)cc(N=Nc1ccc(cc1)C(=O)O)c4)O)c3O)/N=N/c1ccc(cc1)C(=O)O,C(C)(=O)[C@]1(C[C@@H](C=2C(=C3C(C=4C(=CC=CC4C(C3=C(C2C1)O)=O)OC)=O)O)O[C@@H]1O[C@H]([C@H]([C@H](C1)N)O)C)O,calixarene,7.690199851989746,O=C(O)c1ccc(N=Nc2cc3c(O)c(c2)Cc2cc(N=Nc4ccc(C(=O)O)cc4)cc(c2O)Cc2cc(/N=N/c4ccc(C(=O)O)cc4)cc(c2O)Cc2cc(N=Nc4ccc(C(=O)O)cc4)cc(c2O)C3)cc1,5B585DBFF951CBB98E465DBECF308ACBE2EAF8773CE9C58156BE700CBB287248,HOST_CAN_0134,PASS,COc1cccc2c1C(=O)c1c(O)c3c(c(O)c1C2=O)C[C@@](O)(C(C)=O)C[C@@H]3O[C@H]1C[C@H](N)[C@H](O)[C@H](C)O1,CC7B2436FFE27C7775984F5CA9F84B2D97F6BC5DA965487063A4934456A1855C,GUEST_CAN_0508,PASS,AttentiveFP,3,family_cold,calixarene,4.992487907409668
1735,30,949,C1C2=CC(=CC(=C2O)CC3=CC(=CC(=C3O)CC4=CC(=CC(=C4O)CC5=C(C(=CC(=C5)S(=O)(=O)[O-])CC6=C(C(=CC(=C6)S(=O)(=O)[O-])CC7=C(C1=CC(=C7)S(=O)(=O)[O-])O)O)O)S(=O)(=O)[O-])S(=O)(=O)[O-])S(=O)(=O)[O-],[O-]c1ccc2c(c1)oc1-c(c2c2ccccc2C(=O)[O-])ccc(=O)c1,calixarene,3.783900022506714,O=S(=O)([O-])c1cc2c(O)c(c1)Cc1cc(S(=O)(=O)[O-])cc(c1O)Cc1cc(S(=O)(=O)[O-])cc(c1O)Cc1cc(S(=O)(=O)[O-])cc(c1O)Cc1cc(S(=O)(=O)[O-])cc(c1O)Cc1cc(S(=O)(=O)[O-])cc(c1O)C2,175E9D01D3A7DD7BE73E9B8659E8BAA0A16B2D5C4CCEFE3BEFED10121429BF10,HOST_CAN_0164,PASS,O=C([O-])c1ccccc1-c1c2ccc(=O)cc-2oc2cc([O-])ccc12,46256330BE528666D111033C130C7C029A2092FF2942927C1803A9F444584A3F,GUEST_CAN_0909,PASS,AttentiveFP,3,family_cold,calixarene,4.332362174987793
1738,168,425,CCOCCOc1c2Cc3cc(cc(c3O)Cc3cc(cc(Cc4c(c(Cc1cc(c2)S(=O)(=O)O)cc(c4)S(=O)(=O)O)O)c3OCCOCC)S(=O)(=O)O)S(=O)(=O)O,C[N+](C)(C)C.[Cl-],calixarene,2.5999999046325684,CCOCCOc1c2cc(S(=O)(=O)O)cc1Cc1cc(S(=O)(=O)O)cc(c1O)Cc1cc(S(=O)(=O)O)cc(c1OCCOCC)Cc1cc(S(=O)(=O)O)cc(c1O)C2,13C56BD80BCA0600A856097F06CE3050B87D596632145A959878353EAE517E67,HOST_CAN_0044,PASS,C[N+](C)(C)C.[Cl-],97CBE1F038662B7BAAFAA36975C0625535DAE38A6F8B98279CB23B458DDA3056,GUEST_CAN_0555,PASS,AttentiveFP,3,family_cold,calixarene,2.1507351398468018
1746,30,215,C1C2=CC(=CC(=C2O)CC3=CC(=CC(=C3O)CC4=CC(=CC(=C4O)CC5=C(C(=CC(=C5)S(=O)(=O)[O-])CC6=C(C(=CC(=C6)S(=O)(=O)[O-])CC7=C(C1=CC(=C7)S(=O)(=O)[O-])O)O)O)S(=O)(=O)[O-])S(=O)(=O)[O-])S(=O)(=O)[O-],CC(C(=O)O)N,calixarene,1.8128999471664429,O=S(=O)([O-])c1cc2c(O)c(c1)Cc1cc(S(=O)(=O)[O-])cc(c1O)Cc1cc(S(=O)(=O)[O-])cc(c1O)Cc1cc(S(=O)(=O)[O-])cc(c1O)Cc1cc(S(=O)(=O)[O-])cc(c1O)Cc1cc(S(=O)(=O)[O-])cc(c1O)C2,175E9D01D3A7DD7BE73E9B8659E8BAA0A16B2D5C4CCEFE3BEFED10121429BF10,HOST_CAN_0164,PASS,CC(N)C(=O)O,6AC3AD1747D8E4C9B36EA5FBFB37965B87CCE816D9D72141F9005590B6D6FC3C,GUEST_CAN_0180,PASS,AttentiveFP,3,family_cold,calixarene,1.6770055294036865
1754,45,959,C1C2=CC(=CC=C2)CC3=CC(=CC=C3)CC4=CC=CC(=C4)CC5=CC=CC1=C5,C12[NH+]=NC(CC1)CC2,calixarene,5.0,c1cc2cc(c1)Cc1cccc(c1)Cc1cccc(c1)Cc1cccc(c1)C2,001BA14F081450375618B4DEC192A3633931B27A166EE11658CCCBFAB45E327F,HOST_CAN_0183,PASS,C1CC2CCC1N=[NH+]2,3425AC709A391DE943E18371A4B663074580287F56A0FB23E6186ABAAEAF443A,GUEST_CAN_0025,PASS,AttentiveFP,3,family_cold,calixarene,3.511863946914673
1758,52,126,OC(=O)COc1c2Cc3cc(cc(c3O)Cc3cc(cc(c3O)Cc3cc(cc(Cc4c(c(Cc5c(c(Cc1cc(c2)S(=O)(=O)O)cc(c5)S(=O)(=O)O)O)cc(c4)S(=O)(=O)O)O)c3O)S(=O)(=O)O)S(=O)(=O)O)S(=O)(=O)O,NC(C(=O)O)Cc1ccccc1,calixarene,1.973099946975708,O=C(O)COc1c2cc(S(=O)(=O)O)cc1Cc1cc(S(=O)(=O)O)cc(c1O)Cc1cc(S(=O)(=O)O)cc(c1O)Cc1cc(S(=O)(=O)O)cc(c1O)Cc1cc(S(=O)(=O)O)cc(c1O)Cc1cc(S(=O)(=O)O)cc(c1O)C2,89AB142F8D041F89710D49168CBEF0FA0D792576B82031818BFF7C2DE5D92117,HOST_CAN_0127,PASS,NC(Cc1ccccc1)C(=O)O,4B6B1236F1C31D28D9F95F736FF46B2960AFF4F6FCE3D9E76CF43DE2ADDE8B08,GUEST_CAN_0746,PASS,AttentiveFP,3,family_cold,calixarene,2.593831777572632
1759,16,523,NCCOc1c2Cc3cc(cc(c3O)Cc3cc(cc(Cc4c(c(Cc1cc(c2)S(=O)(=O)O)cc(c4)S(=O)(=O)O)O)c3O)S(=O)(=O)O)S(=O)(=O)O,C(C(=O)O)N,calixarene,1.6334999799728394,NCCOc1c2cc(S(=O)(=O)O)cc1Cc1cc(S(=O)(=O)O)cc(c1O)Cc1cc(S(=O)(=O)O)cc(c1O)Cc1cc(S(=O)(=O)O)cc(c1O)C2,7D8C32DEDAD770C68375EE2FF28F9CCD81B4D3DB3816F51D3CC994E73708AEBC,HOST_CAN_0109,PASS,NCC(=O)O,30FE3809EFBE5F6B082D9B94D27A0C7C9ECD1364A816D59C3D31CE32BCDF848E,GUEST_CAN_0774,PASS,AttentiveFP,3,family_cold,calixarene,1.2759568691253662
1765,46,301,C1C2=CC(=CC(=C2O)CC3=CC(=CC(=C3O)CC4=C(C(=CC(=C4)S(=O)(=O)O)CC5=C(C1=CC(=C5)S(=O)(=O)[O-])O)O)S(=O)(=O)O)S(=O)(=O)O.[Na+],CC(=O)OCC[N+](C)(C)C,calixarene,4.139900207519531,O=S(=O)([O-])c1cc2c(O)c(c1)Cc1cc(S(=O)(=O)O)cc(c1O)Cc1cc(S(=O)(=O)O)cc(c1O)Cc1cc(S(=O)(=O)O)cc(c1O)C2.[Na+],CA94CECC10EDB9167B38E05C5D125873C9C1506ED227A3D9C6CBBCD696828A96,HOST_CAN_0163,PASS,CC(=O)OCC[N+](C)(C)C,84D51F4020B502D4D631E57EE68EFDE6A9760DA224964EB235142C0ADF7611B2,GUEST_CAN_0100,PASS,AttentiveFP,3,family_cold,calixarene,2.000624179840088
1768,24,875,OC1=C2C=C(S(=O)([O-])=O)C=C1CC3=C(O)C(CC4=CC(S(=O)([O-])=O)=CC(CC5=CC(S(=O)([O-])=O)=CC(CC6=CC(S(=O)([O-])=O)=CC(CC(C=C(S(=O)([O-])=O)C=C7C2)=C7O)=C6O)=C5O)=C4O)=CC(S(=O)([O-])=O)=C3.[Na+].[Na+].[Na+].[Na+].[Na+].[Na+],C(C(=O)NCC(=O)NCC(=O)O)N,calixarene,3.25,O=S(=O)([O-])c1cc2c(O)c(c1)Cc1cc(S(=O)(=O)[O-])cc(c1O)Cc1cc(S(=O)(=O)[O-])cc(c1O)Cc1cc(S(=O)(=O)[O-])cc(c1O)Cc1cc(S(=O)(=O)[O-])cc(c1O)Cc1cc(S(=O)(=O)[O-])cc(c1O)C2.[Na+].[Na+].[Na+].[Na+].[Na+].[Na+],2C1F820212E47C3BD5C15E73832EDE6A35C8C7920DDCE445D20F661D969CA26F,HOST_CAN_0165,PASS,NCC(=O)NCC(=O)NCC(=O)O,B18CB35EE34A3754C0586009B82E70A8E57B95FE074B53EDF8B209E5A7D517A9,GUEST_CAN_0768,PASS,AttentiveFP,3,family_cold,calixarene,2.5535154342651367
1782,30,372,C1C2=CC(=CC(=C2O)CC3=CC(=CC(=C3O)CC4=CC(=CC(=C4O)CC5=C(C(=CC(=C5)S(=O)(=O)[O-])CC6=C(C(=CC(=C6)S(=O)(=O)[O-])CC7=C(C1=CC(=C7)S(=O)(=O)[O-])O)O)O)S(=O)(=O)[O-])S(=O)(=O)[O-])S(=O)(=O)[O-],CCC(C)C1C(=O)NC2CSSCC(C(=O)NC(CSSCC(C(=O)NCC(=O)NC(C(=O)NC(C(=O)NC(C(=O)NC(C(=O)NC(C(=O)NC(C(=O)NC(C(=O)NC(C(=O)NC(C(=O)NC(C(=O)NC(CSSCC(NC(=O)C(NC(=O)C(NC(=O)C(NC(=O)C(NC(=O)C(NC(=O)C(NC(=O)C(NC(=O)C(NC2=O)CO)CC(C)C)CC3=CC=C(C=C3)O)CCC(=O)N)CC(C)C)CCC(=O)O)CC(=O)N)CC4=CC=C(C=C4)O)C(=O)NC(CC(=O)N)C(=O)O)C(=O)NCC(=O)NC(CCC(=O)O)C(=O)NC(CCCNC(=N)N)C(=O)NCC(=O)NC(CC5=CC=CC=C5)C(=O)NC(CC6=CC=CC=C6)C(=O)NC(CC7=CC=C(C=C7)O)C(=O)NC(C(C)O)C(=O)N8CCCC8C(=O)NC(CCCCN)C(=O)NC(C(C)O)C(=O)O)C(C)C)CC(C)C)CC9=CC=C(C=C9)O)CC(C)C)C)CCC(=O)O)C(C)C)CC(C)C)CC2=CNC=N2)CO)NC(=O)C(CC(C)C)NC(=O)C(CC2=CNC=N2)NC(=O)C(CCC(=O)N)NC(=O)C(CC(=O)N)NC(=O)C(C(C)C)NC(=O)C(CC2=CC=CC=C2)N)C(=O)NC(C(=O)NC(C(=O)N1)CO)C(C)O)NC(=O)C(CCC(=O)N)NC(=O)C(CCC(=O)O)NC(=O)C(C(C)C)NC(=O)C(C(C)CC)NC(=O)CN,calixarene,5.0,O=S(=O)([O-])c1cc2c(O)c(c1)Cc1cc(S(=O)(=O)[O-])cc(c1O)Cc1cc(S(=O)(=O)[O-])cc(c1O)Cc1cc(S(=O)(=O)[O-])cc(c1O)Cc1cc(S(=O)(=O)[O-])cc(c1O)Cc1cc(S(=O)(=O)[O-])cc(c1O)C2,175E9D01D3A7DD7BE73E9B8659E8BAA0A16B2D5C4CCEFE3BEFED10121429BF10,HOST_CAN_0164,PASS,CCC(C)C(NC(=O)CN)C(=O)NC(C(=O)NC(CCC(=O)O)C(=O)NC(CCC(N)=O)C(=O)NC1CSSCC2NC(=O)C(C(C)CC)NC(=O)C(CO)NC(=O)C(C(C)O)NC(=O)C(CSSCC(NC(=O)C(CC(C)C)NC(=O)C(Cc3c[nH]cn3)NC(=O)C(CCC(N)=O)NC(=O)C(CC(N)=O)NC(=O)C(NC(=O)C(N)Cc3ccccc3)C(C)C)C(=O)NCC(=O)NC(CO)C(=O)NC(Cc3c[nH]cn3)C(=O)NC(CC(C)C)C(=O)NC(C(C)C)C(=O)NC(CCC(=O)O)C(=O)NC(C)C(=O)NC(CC(C)C)C(=O)NC(Cc3ccc(O)cc3)C(=O)NC(CC(C)C)C(=O)NC(C(C)C)C(=O)NC(C(=O)NCC(=O)NC(CCC(=O)O)C(=O)NC(CCCNC(=N)N)C(=O)NCC(=O)NC(Cc3ccccc3)C(=O)NC(Cc3ccccc3)C(=O)NC(Cc3ccc(O)cc3)C(=O)NC(C(=O)N3CCCC3C(=O)NC(CCCCN)C(=O)NC(C(=O)O)C(C)O)C(C)O)CSSCC(C(=O)NC(CC(N)=O)C(=O)O)NC(=O)C(Cc3ccc(O)cc3)NC(=O)C(CC(N)=O)NC(=O)C(CCC(=O)O)NC(=O)C(CC(C)C)NC(=O)C(CCC(N)=O)NC(=O)C(Cc3ccc(O)cc3)NC(=O)C(CC(C)C)NC(=O)C(CO)NC2=O)NC1=O)C(C)C,885EAF67B2FF10FCDED0B7729B3F203587A7D98B555D9C25FAC0D39560C307EF,GUEST_CAN_0259,PASS,AttentiveFP,3,family_cold,calixarene,6.715388298034668
1785,22,400,Oc1c2Sc3cc(cc(c3O)Sc3cc(cc(Sc4c(c(Sc1cc(c2)S(=O)(=O)O)cc(c4)S(=O)(=O)O)O)c3O)S(=O)(=O)O)S(=O)(=O)O,CC1=NC(=CC=C1)C,calixarene,3.333400011062622,O=S(=O)(O)c1cc2c(O)c(c1)Sc1cc(S(=O)(=O)O)cc(c1O)Sc1cc(S(=O)(=O)O)cc(c1O)Sc1cc(S(=O)(=O)O)cc(c1O)S2,5FE888C1FB51BDA35D21231A31EDB8203ACD56DD9744D0C6B83351EC668D4256,HOST_CAN_0156,PASS,Cc1cccc(C)n1,DBFA28727E7253C6FF16A196350004E0257EBA3F3F69D11C8D90ABE7F3D7FD4B,GUEST_CAN_0665,PASS,AttentiveFP,3,family_cold,calixarene,2.375430107116699
1792,55,523,OC1=C(CC2=CC(S(=O)([O-])=O)=CC(CC3=C(O)C4=CC(S(=O)([O-])=O)=C3)=C2O)C=C(S(=O)([O-])=O)C=C1CC5=C(O)C(CC6=CC(S(=O)([O-])=O)=CC(CC7=CC(S(=O)([O-])=O)=CC(CC8=C(O)C(CC9=CC(S(=O)([O-])=O)=CC(C4)=C9O)=CC(S(=O)([O-])=O)=C8)=C7OCCN)=C6O)=CC(S(=O)([O-])=O)=C5,C(C(=O)O)N,calixarene,1.4471999406814575,NCCOc1c2cc(S(=O)(=O)[O-])cc1Cc1cc(S(=O)(=O)[O-])cc(c1O)Cc1cc(S(=O)(=O)[O-])cc(c1O)Cc1cc(S(=O)(=O)[O-])cc(c1O)Cc1cc(S(=O)(=O)[O-])cc(c1O)Cc1cc(S(=O)(=O)[O-])cc(c1O)Cc1cc(S(=O)(=O)[O-])cc(c1O)Cc1cc(S(=O)(=O)[O-])cc(c1O)C2,46CD7FE84C8D6C4EF795EC2A85AC98203C8613778274664FF650C7423640E7D1,HOST_CAN_0112,PASS,NCC(=O)O,30FE3809EFBE5F6B082D9B94D27A0C7C9ECD1364A816D59C3D31CE32BCDF848E,GUEST_CAN_0774,PASS,AttentiveFP,3,family_cold,calixarene,2.285839080810547
1793,160,476,Cc1ccc(cc1)S(=O)(=O)Nc1cc2Cc3cc(cc(c3O)Cc3cc(cc(Cc4c(c(Cc(c1)c2O)cc(c4)S(=O)(=O)O)O)c3O)S(=O)(=O)O)S(=O)(=O)O,C[n+]1c2ccccc2c(c2c1cccc2)c1c2ccccc2[n+](c2c1cccc2)C.[O-][N+](=O)[O-].[O-][N+](=O)[O-],calixarene,5.719299793243408,Cc1ccc(S(=O)(=O)Nc2cc3c(O)c(c2)Cc2cc(S(=O)(=O)O)cc(c2O)Cc2cc(S(=O)(=O)O)cc(c2O)Cc2cc(S(=O)(=O)O)cc(c2O)C3)cc1,D0610B51F3447B00F0C2D7E4BAAC7B4E81FA831667DB291DD19762B0CCB7F926,HOST_CAN_0100,PASS,C[n+]1c2ccccc2c(-c2c3ccccc3[n+](C)c3ccccc23)c2ccccc21.O=[N+]([O-])[O-].O=[N+]([O-])[O-],D4D263F20E807DCE8290909D48E9092725AF7020357CB313B6E2612BD76C3B4C,GUEST_CAN_0617,PASS,AttentiveFP,3,family_cold,calixarene,5.098241329193115
1798,45,975,C1C2=CC(=CC=C2)CC3=CC(=CC=C3)CC4=CC=CC(=C4)CC5=CC=CC1=C5,[NH4+],calixarene,2.097599983215332,c1cc2cc(c1)Cc1cccc(c1)Cc1cccc(c1)Cc1cccc(c1)C2,001BA14F081450375618B4DEC192A3633931B27A166EE11658CCCBFAB45E327F,HOST_CAN_0183,PASS,[NH4+],B262B2B94C0EB249A976DB52B98B60512B1ACB0BDB0C9A0675D9AFBF9BACACFB,GUEST_CAN_1097,PASS,AttentiveFP,3,family_cold,calixarene,3.0852768421173096
1801,97,547,Oc1c2Cc3cc(cc(c3O)Cc3cc(cc(Cc4c(c(Cc1cc(c2)CS(=O)(=O)[O-])cc(c4)CS(=O)(=O)[O-])O)c3O)CS(=O)(=O)[O-])CS(=O)(=O)[O-],C[N+](C)(C)CCOC(=O)CCC(=O)OCC[N+](C)(C)C,calixarene,5.178999900817871,O=S(=O)([O-])Cc1cc2c(O)c(c1)Cc1cc(CS(=O)(=O)[O-])cc(c1O)Cc1cc(CS(=O)(=O)[O-])cc(c1O)Cc1cc(CS(=O)(=O)[O-])cc(c1O)C2,6C2781D41B8CAD714B4AF531A18425F9ED354E810FB86EEACD62378860EDFA3D,HOST_CAN_0159,PASS,C[N+](C)(C)CCOC(=O)CCC(=O)OCC[N+](C)(C)C,168122AB36303795CD3BE42ABCB877822F79FBE84B0D42505E86A89CF28DB147,GUEST_CAN_0569,PASS,AttentiveFP,3,family_cold,calixarene,2.6668081283569336
1802,30,523,C1C2=CC(=CC(=C2O)CC3=CC(=CC(=C3O)CC4=CC(=CC(=C4O)CC5=C(C(=CC(=C5)S(=O)(=O)[O-])CC6=C(C(=CC(=C6)S(=O)(=O)[O-])CC7=C(C1=CC(=C7)S(=O)(=O)[O-])O)O)O)S(=O)(=O)[O-])S(=O)(=O)[O-])S(=O)(=O)[O-],C(C(=O)O)N,calixarene,1.2303999662399292,O=S(=O)([O-])c1cc2c(O)c(c1)Cc1cc(S(=O)(=O)[O-])cc(c1O)Cc1cc(S(=O)(=O)[O-])cc(c1O)Cc1cc(S(=O)(=O)[O-])cc(c1O)Cc1cc(S(=O)(=O)[O-])cc(c1O)Cc1cc(S(=O)(=O)[O-])cc(c1O)C2,175E9D01D3A7DD7BE73E9B8659E8BAA0A16B2D5C4CCEFE3BEFED10121429BF10,HOST_CAN_0164,PASS,NCC(=O)O,30FE3809EFBE5F6B082D9B94D27A0C7C9ECD1364A816D59C3D31CE32BCDF848E,GUEST_CAN_0774,PASS,AttentiveFP,3,family_cold,calixarene,1.611067295074463
1807,46,979,C1C2=CC(=CC(=C2O)CC3=CC(=CC(=C3O)CC4=C(C(=CC(=C4)S(=O)(=O)O)CC5=C(C1=CC(=C5)S(=O)(=O)[O-])O)O)S(=O)(=O)O)S(=O)(=O)O.[Na+],NC1=CC=NC=C1,calixarene,2.933500051498413,O=S(=O)([O-])c1cc2c(O)c(c1)Cc1cc(S(=O)(=O)O)cc(c1O)Cc1cc(S(=O)(=O)O)cc(c1O)Cc1cc(S(=O)(=O)O)cc(c1O)C2.[Na+],CA94CECC10EDB9167B38E05C5D125873C9C1506ED227A3D9C6CBBCD696828A96,HOST_CAN_0163,PASS,Nc1ccncc1,CEC5078599FE0F065A74BE06F99F85ECB9F5D4A310E56C7D637E739DBC41FCA9,GUEST_CAN_0840,PASS,AttentiveFP,3,family_cold,calixarene,2.134228229522705
1808,45,231,C1C2=CC(=CC=C2)CC3=CC(=CC=C3)CC4=CC=CC(=C4)CC5=CC=CC1=C5,C[N+](C)(C)CCCCC(C(=O)O)N,calixarene,5.113900184631348,c1cc2cc(c1)Cc1cccc(c1)Cc1cccc(c1)Cc1cccc(c1)C2,001BA14F081450375618B4DEC192A3633931B27A166EE11658CCCBFAB45E327F,HOST_CAN_0183,PASS,C[N+](C)(C)CCCCC(N)C(=O)O,A5D9046F4C510F24A7D2618FA2E491B2FD6A06575CDE2270294DEDC76755B73A,GUEST_CAN_0563,PASS,AttentiveFP,3,family_cold,calixarene,3.4978389739990234
1816,1,71,C1C2=CC(=CC(=C2O)CC3=CC(=CC(=C3O)CC4=C(C(=CC(=C4)S(=O)(=O)O)CC5=C(C1=CC(=C5)S(=O)(=O)O)O)O)S(=O)(=O)O)S(=O)(=O)O,CN(C)CCCCC(C(=O)O)N,calixarene,3.907399892807007,O=S(=O)(O)c1cc2c(O)c(c1)Cc1cc(S(=O)(=O)O)cc(c1O)Cc1cc(S(=O)(=O)O)cc(c1O)Cc1cc(S(=O)(=O)O)cc(c1O)C2,C1130CCDC8DA0C6458EF6C2E07E7F3330D8F8B055CBE4DEAADB70DC00C8CDFC1,HOST_CAN_0154,PASS,CN(C)CCCCC(N)C(=O)O,BE57C810F885229BE3BE11856EA3FF5C62BE8C72A7B5FCA869756891D0E4ACA5,GUEST_CAN_0395,PASS,AttentiveFP,3,family_cold,calixarene,2.682426929473877
1826,45,984,C1C2=CC(=CC=C2)CC3=CC(=CC=C3)CC4=CC=CC(=C4)CC5=CC=CC1=C5,C1CC2CCC1CN[N]2,calixarene,5.397900104522705,c1cc2cc(c1)Cc1cccc(c1)Cc1cccc(c1)Cc1cccc(c1)C2,001BA14F081450375618B4DEC192A3633931B27A166EE11658CCCBFAB45E327F,HOST_CAN_0183,PASS,C1CC2CCC1CN[N]2,A7560B9D96E9B1CD116C50DEA0BBAB8C79B4FD3C173B18689444FC8801F00BED,GUEST_CAN_0023,PASS,AttentiveFP,3,family_cold,calixarene,4.460623741149902
1838,16,126,NCCOc1c2Cc3cc(cc(c3O)Cc3cc(cc(Cc4c(c(Cc1cc(c2)S(=O)(=O)O)cc(c4)S(=O)(=O)O)O)c3O)S(=O)(=O)O)S(=O)(=O)O,NC(C(=O)O)Cc1ccccc1,calixarene,2.4532999992370605,NCCOc1c2cc(S(=O)(=O)O)cc1Cc1cc(S(=O)(=O)O)cc(c1O)Cc1cc(S(=O)(=O)O)cc(c1O)Cc1cc(S(=O)(=O)O)cc(c1O)C2,7D8C32DEDAD770C68375EE2FF28F9CCD81B4D3DB3816F51D3CC994E73708AEBC,HOST_CAN_0109,PASS,NC(Cc1ccccc1)C(=O)O,4B6B1236F1C31D28D9F95F736FF46B2960AFF4F6FCE3D9E76CF43DE2ADDE8B08,GUEST_CAN_0746,PASS,AttentiveFP,3,family_cold,calixarene,2.0048863887786865
1839,55,18,OC1=C(CC2=CC(S(=O)([O-])=O)=CC(CC3=C(O)C4=CC(S(=O)([O-])=O)=C3)=C2O)C=C(S(=O)([O-])=O)C=C1CC5=C(O)C(CC6=CC(S(=O)([O-])=O)=CC(CC7=CC(S(=O)([O-])=O)=CC(CC8=C(O)C(CC9=CC(S(=O)([O-])=O)=CC(C4)=C9O)=CC(S(=O)([O-])=O)=C8)=C7OCCN)=C6O)=CC(S(=O)([O-])=O)=C5,OC(=O)C(Cc1c[nH]c2c1cccc2)N,calixarene,2.626300096511841,NCCOc1c2cc(S(=O)(=O)[O-])cc1Cc1cc(S(=O)(=O)[O-])cc(c1O)Cc1cc(S(=O)(=O)[O-])cc(c1O)Cc1cc(S(=O)(=O)[O-])cc(c1O)Cc1cc(S(=O)(=O)[O-])cc(c1O)Cc1cc(S(=O)(=O)[O-])cc(c1O)Cc1cc(S(=O)(=O)[O-])cc(c1O)Cc1cc(S(=O)(=O)[O-])cc(c1O)C2,46CD7FE84C8D6C4EF795EC2A85AC98203C8613778274664FF650C7423640E7D1,HOST_CAN_0112,PASS,NC(Cc1c[nH]c2ccccc12)C(=O)O,640E1867764F94CAFE2D991B23E1B000681C8619E07309C47EB26888B7938B6E,GUEST_CAN_0740,PASS,AttentiveFP,3,family_cold,calixarene,3.8940353393554688
1841,30,988,C1C2=CC(=CC(=C2O)CC3=CC(=CC(=C3O)CC4=CC(=CC(=C4O)CC5=C(C(=CC(=C5)S(=O)(=O)[O-])CC6=C(C(=CC(=C6)S(=O)(=O)[O-])CC7=C(C1=CC(=C7)S(=O)(=O)[O-])O)O)O)S(=O)(=O)[O-])S(=O)(=O)[O-])S(=O)(=O)[O-],C1CC2=C3C(=C4C(=C2)C(=C5C=C6CCC[N+]7=C6C(=C5O4)CCC7)C#N)CCCN3C1.[O-]Cl(=O)(=O)=O,calixarene,5.041399955749512,O=S(=O)([O-])c1cc2c(O)c(c1)Cc1cc(S(=O)(=O)[O-])cc(c1O)Cc1cc(S(=O)(=O)[O-])cc(c1O)Cc1cc(S(=O)(=O)[O-])cc(c1O)Cc1cc(S(=O)(=O)[O-])cc(c1O)Cc1cc(S(=O)(=O)[O-])cc(c1O)C2,175E9D01D3A7DD7BE73E9B8659E8BAA0A16B2D5C4CCEFE3BEFED10121429BF10,HOST_CAN_0164,PASS,N#CC1=c2cc3c4c(c2Oc2c1cc1c5c2CCCN5CCC1)CCC[N+]=4CCC3.[O-][Cl+3]([O-])([O-])[O-],CC8ADDA07338DD3363A61BFDAA96CA681B48D518CD55E23319106440FDAF9FEB,GUEST_CAN_0711,PASS,AttentiveFP,3,family_cold,calixarene,6.696681976318359
1858,32,994,OC(=O)c1ccc(cc1)N=Nc1cc2Cc3cc(N=Nc4ccc(cc4)C(=O)O)cc(c3O)Cc3cc(cc(Cc4c(c(Cc(c1)c2O)cc(N=Nc1ccc(cc1)C(=O)O)c4)O)c3O)/N=N/c1ccc(cc1)C(=O)O,CCC1=C2CN3C(=CC4=C(C3=O)COC(=O)C4(CC)O)C2=NC5=C1C=C(C=C5)OC(=O)N6CCC(CC6)N7CCCCC7,calixarene,6.732399940490723,O=C(O)c1ccc(N=Nc2cc3c(O)c(c2)Cc2cc(N=Nc4ccc(C(=O)O)cc4)cc(c2O)Cc2cc(/N=N/c4ccc(C(=O)O)cc4)cc(c2O)Cc2cc(N=Nc4ccc(C(=O)O)cc4)cc(c2O)C3)cc1,5B585DBFF951CBB98E465DBECF308ACBE2EAF8773CE9C58156BE700CBB287248,HOST_CAN_0134,PASS,CCc1c2c(nc3ccc(OC(=O)N4CCC(N5CCCCC5)CC4)cc13)-c1cc3c(c(=O)n1C2)COC(=O)C3(O)CC,FB515519F2684933EF92ECC9C22E23DBC401D5049B1A15BCD330F25CDFAA31AD,GUEST_CAN_0381,PASS,AttentiveFP,3,family_cold,calixarene,5.840404987335205
1861,1,465,C1C2=CC(=CC(=C2O)CC3=CC(=CC(=C3O)CC4=C(C(=CC(=C4)S(=O)(=O)O)CC5=C(C1=CC(=C5)S(=O)(=O)O)O)O)S(=O)(=O)O)S(=O)(=O)O,[N+](=O)([O-])[O-].[N+](=O)([O-])[O-].[N+](=O)([O-])[O-].O.O.O.O.O.O.[La+3],calixarene,4.230400085449219,O=S(=O)(O)c1cc2c(O)c(c1)Cc1cc(S(=O)(=O)O)cc(c1O)Cc1cc(S(=O)(=O)O)cc(c1O)Cc1cc(S(=O)(=O)O)cc(c1O)C2,C1130CCDC8DA0C6458EF6C2E07E7F3330D8F8B055CBE4DEAADB70DC00C8CDFC1,HOST_CAN_0154,PASS,O.O.O.O.O.O.O=[N+]([O-])[O-].O=[N+]([O-])[O-].O=[N+]([O-])[O-].[La+3],C5E2CCE274AEED0461673155D81FF095B070ABC42D6C09EAB6754196F3A68E64,GUEST_CAN_0844,PASS,AttentiveFP,3,family_cold,calixarene,2.682870388031006
1863,24,525,OC1=C2C=C(S(=O)([O-])=O)C=C1CC3=C(O)C(CC4=CC(S(=O)([O-])=O)=CC(CC5=CC(S(=O)([O-])=O)=CC(CC6=CC(S(=O)([O-])=O)=CC(CC(C=C(S(=O)([O-])=O)C=C7C2)=C7O)=C6O)=C5O)=C4O)=CC(S(=O)([O-])=O)=C3.[Na+].[Na+].[Na+].[Na+].[Na+].[Na+],NCC(=O)N[C@@H](CC(C)C)C(=O)O,calixarene,3.190000057220459,O=S(=O)([O-])c1cc2c(O)c(c1)Cc1cc(S(=O)(=O)[O-])cc(c1O)Cc1cc(S(=O)(=O)[O-])cc(c1O)Cc1cc(S(=O)(=O)[O-])cc(c1O)Cc1cc(S(=O)(=O)[O-])cc(c1O)Cc1cc(S(=O)(=O)[O-])cc(c1O)C2.[Na+].[Na+].[Na+].[Na+].[Na+].[Na+],2C1F820212E47C3BD5C15E73832EDE6A35C8C7920DDCE445D20F661D969CA26F,HOST_CAN_0165,PASS,CC(C)C[C@H](NC(=O)CN)C(=O)O,369E589A87D863926710C3B33091598567B388CAB40B8814AF119330C012435F,GUEST_CAN_0152,PASS,AttentiveFP,3,family_cold,calixarene,2.6996707916259766
1866,1,998,C1C2=CC(=CC(=C2O)CC3=CC(=CC(=C3O)CC4=C(C(=CC(=C4)S(=O)(=O)O)CC5=C(C1=CC(=C5)S(=O)(=O)O)O)O)S(=O)(=O)O)S(=O)(=O)O,C(C)(=O)SCC[N+](C)(C)C,calixarene,4.69980001449585,O=S(=O)(O)c1cc2c(O)c(c1)Cc1cc(S(=O)(=O)O)cc(c1O)Cc1cc(S(=O)(=O)O)cc(c1O)Cc1cc(S(=O)(=O)O)cc(c1O)C2,C1130CCDC8DA0C6458EF6C2E07E7F3330D8F8B055CBE4DEAADB70DC00C8CDFC1,HOST_CAN_0154,PASS,CC(=O)SCC[N+](C)(C)C,5600E3C6559B3B5580B4FCAD665DFEFA27B0E97B313F3740030CCD27EF06E687,GUEST_CAN_0105,PASS,AttentiveFP,3,family_cold,calixarene,2.4722816944122314
1867,30,680,C1C2=CC(=CC(=C2O)CC3=CC(=CC(=C3O)CC4=CC(=CC(=C4O)CC5=C(C(=CC(=C5)S(=O)(=O)[O-])CC6=C(C(=CC(=C6)S(=O)(=O)[O-])CC7=C(C1=CC(=C7)S(=O)(=O)[O-])O)O)O)S(=O)(=O)[O-])S(=O)(=O)[O-])S(=O)(=O)[O-],[Cu+2],calixarene,4.14300012588501,O=S(=O)([O-])c1cc2c(O)c(c1)Cc1cc(S(=O)(=O)[O-])cc(c1O)Cc1cc(S(=O)(=O)[O-])cc(c1O)Cc1cc(S(=O)(=O)[O-])cc(c1O)Cc1cc(S(=O)(=O)[O-])cc(c1O)Cc1cc(S(=O)(=O)[O-])cc(c1O)C2,175E9D01D3A7DD7BE73E9B8659E8BAA0A16B2D5C4CCEFE3BEFED10121429BF10,HOST_CAN_0164,PASS,[Cu+2],ED0C6E693A7A5884686AB150159BE52926B09D0031C28F8313DEEC34DE61C27E,GUEST_CAN_1053,PASS,AttentiveFP,3,family_cold,calixarene,2.8454689979553223
1872,30,112,C1C2=CC(=CC(=C2O)CC3=CC(=CC(=C3O)CC4=CC(=CC(=C4O)CC5=C(C(=CC(=C5)S(=O)(=O)[O-])CC6=C(C(=CC(=C6)S(=O)(=O)[O-])CC7=C(C1=CC(=C7)S(=O)(=O)[O-])O)O)O)S(=O)(=O)[O-])S(=O)(=O)[O-])S(=O)(=O)[O-],C(CCN)CC(C(=O)NC(CCCCN)C(=O)NC(CCCCN)C(=O)O)N,calixarene,3.4914000034332275,O=S(=O)([O-])c1cc2c(O)c(c1)Cc1cc(S(=O)(=O)[O-])cc(c1O)Cc1cc(S(=O)(=O)[O-])cc(c1O)Cc1cc(S(=O)(=O)[O-])cc(c1O)Cc1cc(S(=O)(=O)[O-])cc(c1O)Cc1cc(S(=O)(=O)[O-])cc(c1O)C2,175E9D01D3A7DD7BE73E9B8659E8BAA0A16B2D5C4CCEFE3BEFED10121429BF10,HOST_CAN_0164,PASS,NCCCCC(N)C(=O)NC(CCCCN)C(=O)NC(CCCCN)C(=O)O,867C2D3767A2019BB56AC2FB5DA260B8FD4B4EDB8CE1FD700999008590B67400,GUEST_CAN_0782,PASS,AttentiveFP,3,family_cold,calixarene,4.230560779571533
1877,1,143,C1C2=CC(=CC(=C2O)CC3=CC(=CC(=C3O)CC4=C(C(=CC(=C4)S(=O)(=O)O)CC5=C(C1=CC(=C5)S(=O)(=O)O)O)O)S(=O)(=O)O)S(=O)(=O)O,O.O.O.O.O.O.O.[Cl-].[Cl-].[Cl-].[La+3],calixarene,4.230400085449219,O=S(=O)(O)c1cc2c(O)c(c1)Cc1cc(S(=O)(=O)O)cc(c1O)Cc1cc(S(=O)(=O)O)cc(c1O)Cc1cc(S(=O)(=O)O)cc(c1O)C2,C1130CCDC8DA0C6458EF6C2E07E7F3330D8F8B055CBE4DEAADB70DC00C8CDFC1,HOST_CAN_0154,PASS,O.O.O.O.O.O.O.[Cl-].[Cl-].[Cl-].[La+3],1E37E2BF0692633D9CE24924BA2B24B23857130425674815F06A869898F2B330,GUEST_CAN_0843,PASS,AttentiveFP,3,family_cold,calixarene,2.8707547187805176
1885,30,104,C1C2=CC(=CC(=C2O)CC3=CC(=CC(=C3O)CC4=CC(=CC(=C4O)CC5=C(C(=CC(=C5)S(=O)(=O)[O-])CC6=C(C(=CC(=C6)S(=O)(=O)[O-])CC7=C(C1=CC(=C7)S(=O)(=O)[O-])O)O)O)S(=O)(=O)[O-])S(=O)(=O)[O-])S(=O)(=O)[O-],C1CC2CCC1N=N2,calixarene,1.9138000011444092,O=S(=O)([O-])c1cc2c(O)c(c1)Cc1cc(S(=O)(=O)[O-])cc(c1O)Cc1cc(S(=O)(=O)[O-])cc(c1O)Cc1cc(S(=O)(=O)[O-])cc(c1O)Cc1cc(S(=O)(=O)[O-])cc(c1O)Cc1cc(S(=O)(=O)[O-])cc(c1O)C2,175E9D01D3A7DD7BE73E9B8659E8BAA0A16B2D5C4CCEFE3BEFED10121429BF10,HOST_CAN_0164,PASS,C1CC2CCC1N=N2,28524F2C321EA80222CEAE7EE74FE527F854D218FD4782A52CD6A817541C8DDA,GUEST_CAN_0024,PASS,AttentiveFP,3,family_cold,calixarene,2.7021374702453613
1887,34,72,OC1=C(CC2=CC(S(=O)([O-])=O)=CC(CC(C=C3S(=O)([O-])=O)=C4OCC(O)=O)=C2O)C=C(S(=O)([O-])=O)C=C1CC5=CC(S(=O)([O-])=O)=CC(CC4=C3)=C5O,NC(C(=O)O)Cc1c[nH]cn1,calixarene,2.4856998920440674,O=C(O)COc1c2cc(S(=O)(=O)[O-])cc1Cc1cc(S(=O)(=O)[O-])cc(c1O)Cc1cc(S(=O)(=O)[O-])cc(c1O)Cc1cc(S(=O)(=O)[O-])cc(c1O)C2,EBB61F0F13AD36B6AF388F0A3BF11BFB93DBCC3093F712DCC0802C51D18DC147,HOST_CAN_0129,PASS,NC(Cc1c[nH]cn1)C(=O)O,FB673C9EDBC2F6C509C14A12DA10308CC8AD4E94C32BC5F3BAD448FBAA74F381,GUEST_CAN_0741,PASS,AttentiveFP,3,family_cold,calixarene,1.8795933723449707
1889,1,1005,C1C2=CC(=CC(=C2O)CC3=CC(=CC(=C3O)CC4=C(C(=CC(=C4)S(=O)(=O)O)CC5=C(C1=CC(=C5)S(=O)(=O)O)O)O)S(=O)(=O)O)S(=O)(=O)O,NCCCCCC(=O)[O-],calixarene,1.1800999641418457,O=S(=O)(O)c1cc2c(O)c(c1)Cc1cc(S(=O)(=O)O)cc(c1O)Cc1cc(S(=O)(=O)O)cc(c1O)Cc1cc(S(=O)(=O)O)cc(c1O)C2,C1130CCDC8DA0C6458EF6C2E07E7F3330D8F8B055CBE4DEAADB70DC00C8CDFC1,HOST_CAN_0154,PASS,NCCCCCC(=O)[O-],CA78B5A126E0BE6C67614EDBF449C80F69FD69CAA923E9EFBC2212B47C688EA8,GUEST_CAN_0789,PASS,AttentiveFP,3,family_cold,calixarene,2.248080253601074
1893,16,337,NCCOc1c2Cc3cc(cc(c3O)Cc3cc(cc(Cc4c(c(Cc1cc(c2)S(=O)(=O)O)cc(c4)S(=O)(=O)O)O)c3O)S(=O)(=O)O)S(=O)(=O)O,OCC(C(=O)O)N,calixarene,2.623199939727783,NCCOc1c2cc(S(=O)(=O)O)cc1Cc1cc(S(=O)(=O)O)cc(c1O)Cc1cc(S(=O)(=O)O)cc(c1O)Cc1cc(S(=O)(=O)O)cc(c1O)C2,7D8C32DEDAD770C68375EE2FF28F9CCD81B4D3DB3816F51D3CC994E73708AEBC,HOST_CAN_0109,PASS,NC(CO)C(=O)O,2EBE58D687C0AA53F22B8D1549C80A85A6D27FB38ECC46BD2A35B25250CAEFA2,GUEST_CAN_0734,PASS,AttentiveFP,3,family_cold,calixarene,1.172095537185669
1895,1,764,C1C2=CC(=CC(=C2O)CC3=CC(=CC(=C3O)CC4=C(C(=CC(=C4)S(=O)(=O)O)CC5=C(C1=CC(=C5)S(=O)(=O)O)O)O)S(=O)(=O)O)S(=O)(=O)O,C1(=CCC2=CC=C3C=CC=C4C=CC1C2=C34)/C=C/C3=CCN(C=C3)C,calixarene,2.8399999141693115,O=S(=O)(O)c1cc2c(O)c(c1)Cc1cc(S(=O)(=O)O)cc(c1O)Cc1cc(S(=O)(=O)O)cc(c1O)Cc1cc(S(=O)(=O)O)cc(c1O)C2,C1130CCDC8DA0C6458EF6C2E07E7F3330D8F8B055CBE4DEAADB70DC00C8CDFC1,HOST_CAN_0154,PASS,CN1C=CC(/C=C/C2=CCc3ccc4cccc5c4c3C2C=C5)=CC1,312B6A5D578A533AEA667D63213D9DB8EF06CBF8CAC67B375C184BC36324F841,GUEST_CAN_0416,PASS,AttentiveFP,3,family_cold,calixarene,5.323890686035156
1896,30,18,C1C2=CC(=CC(=C2O)CC3=CC(=CC(=C3O)CC4=CC(=CC(=C4O)CC5=C(C(=CC(=C5)S(=O)(=O)[O-])CC6=C(C(=CC(=C6)S(=O)(=O)[O-])CC7=C(C1=CC(=C7)S(=O)(=O)[O-])O)O)O)S(=O)(=O)[O-])S(=O)(=O)[O-])S(=O)(=O)[O-],OC(=O)C(Cc1c[nH]c2c1cccc2)N,calixarene,3.160799980163574,O=S(=O)([O-])c1cc2c(O)c(c1)Cc1cc(S(=O)(=O)[O-])cc(c1O)Cc1cc(S(=O)(=O)[O-])cc(c1O)Cc1cc(S(=O)(=O)[O-])cc(c1O)Cc1cc(S(=O)(=O)[O-])cc(c1O)Cc1cc(S(=O)(=O)[O-])cc(c1O)C2,175E9D01D3A7DD7BE73E9B8659E8BAA0A16B2D5C4CCEFE3BEFED10121429BF10,HOST_CAN_0164,PASS,NC(Cc1c[nH]c2ccccc12)C(=O)O,640E1867764F94CAFE2D991B23E1B000681C8619E07309C47EB26888B7938B6E,GUEST_CAN_0740,PASS,AttentiveFP,3,family_cold,calixarene,2.938373327255249
1899,123,66,[Na]OS(=O)(=O)c1ccc(cc1)N=Nc1cc2Cc3cc(N=Nc4ccc(cc4)S(=O)(=O)O[Na])cc(c3O)Cc3cc(cc(Cc4c(c(Cc(c1)c2O)cc(/N=N/c1ccc(cc1)S(=O)(=O)O[Na])c4)O)c3O)/N=N/c1ccc(cc1)S(=O)(=O)O[Na],CCN(CC)C1=CC2=C(C=C1)C(=C3C=CC(=[N+](CC)CC)C=C3O2)C4=CC=CC=C4C(=O)O.[Cl-],calixarene,6.07919979095459,O=S(=O)([O][Na])c1ccc(N=Nc2cc3c(O)c(c2)Cc2cc(/N=N/c4ccc(S(=O)(=O)[O][Na])cc4)cc(c2O)Cc2cc(/N=N/c4ccc(S(=O)(=O)[O][Na])cc4)cc(c2O)Cc2cc(N=Nc4ccc(S(=O)(=O)[O][Na])cc4)cc(c2O)C3)cc1,544EE97E01F97F0432023165405A220034C2FC0C5A49A4E738969204EB66D3D4,HOST_CAN_0170,PASS,CCN(CC)c1ccc2c(-c3ccccc3C(=O)O)c3ccc(=[N+](CC)CC)cc-3oc2c1.[Cl-],E6B7F92F3A311CD3784FBF712B743266F1C434D81B8F11E34C9F34FDCF2DC073,GUEST_CAN_0347,PASS,AttentiveFP,3,family_cold,calixarene,4.885609149932861
1902,46,30,C1C2=CC(=CC(=C2O)CC3=CC(=CC(=C3O)CC4=C(C(=CC(=C4)S(=O)(=O)O)CC5=C(C1=CC(=C5)S(=O)(=O)[O-])O)O)S(=O)(=O)O)S(=O)(=O)O.[Na+],CCCCOC1=NC2=CC=CC=C2C(=C1)C(=O)NCCN(CC)CC.Cl,calixarene,4.252900123596191,O=S(=O)([O-])c1cc2c(O)c(c1)Cc1cc(S(=O)(=O)O)cc(c1O)Cc1cc(S(=O)(=O)O)cc(c1O)Cc1cc(S(=O)(=O)O)cc(c1O)C2.[Na+],CA94CECC10EDB9167B38E05C5D125873C9C1506ED227A3D9C6CBBCD696828A96,HOST_CAN_0163,PASS,CCCCOc1cc(C(=O)NCCN(CC)CC)c2ccccc2n1.Cl,9EE0A4C760C05959EF862E5A33BC41138F65BC2F1C0C020F262CB04579BA1A37,GUEST_CAN_0314,PASS,AttentiveFP,3,family_cold,calixarene,4.903352737426758
1904,1,215,C1C2=CC(=CC(=C2O)CC3=CC(=CC(=C3O)CC4=C(C(=CC(=C4)S(=O)(=O)O)CC5=C(C1=CC(=C5)S(=O)(=O)O)O)O)S(=O)(=O)O)S(=O)(=O)O,CC(C(=O)O)N,calixarene,1.8920999765396118,O=S(=O)(O)c1cc2c(O)c(c1)Cc1cc(S(=O)(=O)O)cc(c1O)Cc1cc(S(=O)(=O)O)cc(c1O)Cc1cc(S(=O)(=O)O)cc(c1O)C2,C1130CCDC8DA0C6458EF6C2E07E7F3330D8F8B055CBE4DEAADB70DC00C8CDFC1,HOST_CAN_0154,PASS,CC(N)C(=O)O,6AC3AD1747D8E4C9B36EA5FBFB37965B87CCE816D9D72141F9005590B6D6FC3C,GUEST_CAN_0180,PASS,AttentiveFP,3,family_cold,calixarene,1.269688606262207
1906,1,32,C1C2=CC(=CC(=C2O)CC3=CC(=CC(=C3O)CC4=C(C(=CC(=C4)S(=O)(=O)O)CC5=C(C1=CC(=C5)S(=O)(=O)O)O)O)S(=O)(=O)O)S(=O)(=O)O,CCCCCC[NH3+],calixarene,3.5999999046325684,O=S(=O)(O)c1cc2c(O)c(c1)Cc1cc(S(=O)(=O)O)cc(c1O)Cc1cc(S(=O)(=O)O)cc(c1O)Cc1cc(S(=O)(=O)O)cc(c1O)C2,C1130CCDC8DA0C6458EF6C2E07E7F3330D8F8B055CBE4DEAADB70DC00C8CDFC1,HOST_CAN_0154,PASS,CCCCCC[NH3+],8992B28ADCBCB2D79B0755BE71A544C4402BA92BF63E66FCAFB1B7947B8EB8A1,GUEST_CAN_0300,PASS,AttentiveFP,3,family_cold,calixarene,3.3848605155944824
1910,1,397,C1C2=CC(=CC(=C2O)CC3=CC(=CC(=C3O)CC4=C(C(=CC(=C4)S(=O)(=O)O)CC5=C(C1=CC(=C5)S(=O)(=O)O)O)O)S(=O)(=O)O)S(=O)(=O)O,C1=CC=C2C(=C1)C(=CN2)CC(C(=O)O)N,calixarene,3.130000114440918,O=S(=O)(O)c1cc2c(O)c(c1)Cc1cc(S(=O)(=O)O)cc(c1O)Cc1cc(S(=O)(=O)O)cc(c1O)Cc1cc(S(=O)(=O)O)cc(c1O)C2,C1130CCDC8DA0C6458EF6C2E07E7F3330D8F8B055CBE4DEAADB70DC00C8CDFC1,HOST_CAN_0154,PASS,NC(Cc1c[nH]c2ccccc12)C(=O)O,640E1867764F94CAFE2D991B23E1B000681C8619E07309C47EB26888B7938B6E,GUEST_CAN_0740,PASS,AttentiveFP,3,family_cold,calixarene,2.523085594177246
1911,24,282,OC1=C2C=C(S(=O)([O-])=O)C=C1CC3=C(O)C(CC4=CC(S(=O)([O-])=O)=CC(CC5=CC(S(=O)([O-])=O)=CC(CC6=CC(S(=O)([O-])=O)=CC(CC(C=C(S(=O)([O-])=O)C=C7C2)=C7O)=C6O)=C5O)=C4O)=CC(S(=O)([O-])=O)=C3.[Na+].[Na+].[Na+].[Na+].[Na+].[Na+],C[N+](Cc1ccccc1)(C)C.[Cl-],calixarene,3.640000104904175,O=S(=O)([O-])c1cc2c(O)c(c1)Cc1cc(S(=O)(=O)[O-])cc(c1O)Cc1cc(S(=O)(=O)[O-])cc(c1O)Cc1cc(S(=O)(=O)[O-])cc(c1O)Cc1cc(S(=O)(=O)[O-])cc(c1O)Cc1cc(S(=O)(=O)[O-])cc(c1O)C2.[Na+].[Na+].[Na+].[Na+].[Na+].[Na+],2C1F820212E47C3BD5C15E73832EDE6A35C8C7920DDCE445D20F661D969CA26F,HOST_CAN_0165,PASS,C[N+](C)(C)Cc1ccccc1.[Cl-],E2B72B1017236ED2C69E32C9B5E76732BCFAE5D22D33A5C5E5E41D1D3289A9C6,GUEST_CAN_0579,PASS,AttentiveFP,3,family_cold,calixarene,3.4803686141967773
1914,177,1013,OC1=C(C(CCCCCCCCCCC)C2=C(O)C=C(O)C(C(CCCCCCCCCCC)C3=CC(C(CCCCCCCCCCC)C4=C(O)C=C(O)C5=C4)=C(O)C=C3O)=C2)C=C(C5CCCCCCCCCCC)C(O)=C1,CC[N+](=C1C=CC2=NC3=C(C=C(C4=CC=CC=C43)N)OC2=C1)CC.[Cl-],calixarene,5.875100135803223,CCCCCCCCCCCC1c2cc(c(O)cc2O)C(CCCCCCCCCCC)c2cc(c(O)cc2O)C(CCCCCCCCCCC)c2cc(c(O)cc2O)C(CCCCCCCCCCC)c2cc1c(O)cc2O,22B236C675D1E6ACA5D27CF000205297A050D8E36D91827080FD40037A1854F8,HOST_CAN_0023,PASS,CC[N+](CC)=c1ccc2nc3c(cc(N)c4ccccc43)oc-2c1.[Cl-],35A92B9A491388E4BBC4AA3C56C4DE0FA661F3C94ED7E74EF52E6DB038474113,GUEST_CAN_0379,PASS,AttentiveFP,3,family_cold,calixarene,5.386317729949951
1915,63,57,Oc1c2Cc3cc(cc(c3O)Cc3cc(cc(c3O)Cc3cc(cc(c3O)Cc3cc(cc(Cc4c(c(Cc5c(c(Cc6c(c(Cc1cc(c2)S(=O)(=O)[O-])cc(c6)S(=O)(=O)[O-])O)cc(c5)S(=O)(=O)[O-])O)cc(c4)S(=O)(=O)[O-])O)c3O)S(=O)(=O)[O-])S(=O)(=O)[O-])S(=O)(=O)[O-])S(=O)(=O)[O-],OC(=O)C1CCCN1,calixarene,2.5315001010894775,O=S(=O)([O-])c1cc2c(O)c(c1)Cc1cc(S(=O)(=O)[O-])cc(c1O)Cc1cc(S(=O)(=O)[O-])cc(c1O)Cc1cc(S(=O)(=O)[O-])cc(c1O)Cc1cc(S(=O)(=O)[O-])cc(c1O)Cc1cc(S(=O)(=O)[O-])cc(c1O)Cc1cc(S(=O)(=O)[O-])cc(c1O)Cc1cc(S(=O)(=O)[O-])cc(c1O)C2,3C24C9B25872FE0768A640DF44D242D9AEC5F3FA9C167A457997BAE8D628FFF1,HOST_CAN_0166,PASS,O=C(O)C1CCCN1,089AB51F23001BB951B8422598AD8ED1DBAD90EB1049857FB2A03F150DA120BA,GUEST_CAN_0869,PASS,AttentiveFP,3,family_cold,calixarene,2.771897792816162
1916,55,56,OC1=C(CC2=CC(S(=O)([O-])=O)=CC(CC3=C(O)C4=CC(S(=O)([O-])=O)=C3)=C2O)C=C(S(=O)([O-])=O)C=C1CC5=C(O)C(CC6=CC(S(=O)([O-])=O)=CC(CC7=CC(S(=O)([O-])=O)=CC(CC8=C(O)C(CC9=CC(S(=O)([O-])=O)=CC(C4)=C9O)=CC(S(=O)([O-])=O)=C8)=C7OCCN)=C6O)=CC(S(=O)([O-])=O)=C5,CCCC(C(=O)O)N,calixarene,1.8324999809265137,NCCOc1c2cc(S(=O)(=O)[O-])cc1Cc1cc(S(=O)(=O)[O-])cc(c1O)Cc1cc(S(=O)(=O)[O-])cc(c1O)Cc1cc(S(=O)(=O)[O-])cc(c1O)Cc1cc(S(=O)(=O)[O-])cc(c1O)Cc1cc(S(=O)(=O)[O-])cc(c1O)Cc1cc(S(=O)(=O)[O-])cc(c1O)Cc1cc(S(=O)(=O)[O-])cc(c1O)C2,46CD7FE84C8D6C4EF795EC2A85AC98203C8613778274664FF650C7423640E7D1,HOST_CAN_0112,PASS,CCCC(N)C(=O)O,81F3215F9F46874A7436620E7AD92167936CF997FB3F203D4397A018C4B56861,GUEST_CAN_0268,PASS,AttentiveFP,3,family_cold,calixarene,2.7473278045654297
1917,1,1014,C1C2=CC(=CC(=C2O)CC3=CC(=CC(=C3O)CC4=C(C(=CC(=C4)S(=O)(=O)O)CC5=C(C1=CC(=C5)S(=O)(=O)O)O)O)S(=O)(=O)O)S(=O)(=O)O,C(CCN)CC(C(=O)O)NC(=O)C(CCCN=C(N)N)N,calixarene,3.633500099182129,O=S(=O)(O)c1cc2c(O)c(c1)Cc1cc(S(=O)(=O)O)cc(c1O)Cc1cc(S(=O)(=O)O)cc(c1O)Cc1cc(S(=O)(=O)O)cc(c1O)C2,C1130CCDC8DA0C6458EF6C2E07E7F3330D8F8B055CBE4DEAADB70DC00C8CDFC1,HOST_CAN_0154,PASS,NCCCCC(NC(=O)C(N)CCCN=C(N)N)C(=O)O,3599DE72515C0524DCC1CB3678D31BD9808E1D60B1ECC50437E4DE647CA22467,GUEST_CAN_0786,PASS,AttentiveFP,3,family_cold,calixarene,3.2560691833496094
1922,40,1015,CCCOC1=C(CC2=C3)C=C(CN4C=C[N+](C)=C4)C=C1CC5=CC(CN6C=C[N+](C)=C6)=CC(CC7=CC(CN8C=[N+](C)C=C8)=CC(CC(C=C3CN9C=[N+](C)C=C9)=C2OCCC)=C7OCCC)=C5OCCC.[Cl-].[Cl-].[Cl-].[Cl-],OC(C(C(=O)[O-])O)C(=O)[O-],calixarene,3.9911999702453613,CCCOc1c2cc(Cn3cc[n+](C)c3)cc1Cc1cc(Cn3cc[n+](C)c3)cc(c1OCCC)Cc1cc(Cn3cc[n+](C)c3)cc(c1OCCC)Cc1cc(Cn3cc[n+](C)c3)cc(c1OCCC)C2.[Cl-].[Cl-].[Cl-].[Cl-],4995CE892BF426A6B84644652603CEBA2888332F3D209D40E8107789925FA342,HOST_CAN_0036,PASS,O=C([O-])C(O)C(O)C(=O)[O-],477ED5FA5EE2B8AAF7723162186B6194FC4B1C21E714CED028523B7E4A571B0C,GUEST_CAN_0897,PASS,AttentiveFP,3,family_cold,calixarene,2.5182600021362305
1926,22,837,Oc1c2Sc3cc(cc(c3O)Sc3cc(cc(Sc4c(c(Sc1cc(c2)S(=O)(=O)O)cc(c4)S(=O)(=O)O)O)c3O)S(=O)(=O)O)S(=O)(=O)O,N1=CC=C(C=C1)C1=CC=NC=C1,calixarene,1.6901999711990356,O=S(=O)(O)c1cc2c(O)c(c1)Sc1cc(S(=O)(=O)O)cc(c1O)Sc1cc(S(=O)(=O)O)cc(c1O)Sc1cc(S(=O)(=O)O)cc(c1O)S2,5FE888C1FB51BDA35D21231A31EDB8203ACD56DD9744D0C6B83351EC668D4256,HOST_CAN_0156,PASS,c1cc(-c2ccncc2)ccn1,DEE9BD7AA80FD759D9512F899E5B26B6D8953648388A070F9641BC1DACF28421,GUEST_CAN_1121,PASS,AttentiveFP,3,family_cold,calixarene,2.9931392669677734
1928,178,1018,CC1c2cc(c(cc2O)O)C(C)c2cc(c(cc2O)O)C(c2cc(C(c3cc1c(O)cc3O)C)c(O)cc2O)C,[Br-].C(C)[N+](CC)(CC)CC,calixarene,3.5,CC1c2cc(c(O)cc2O)C(C)c2cc(c(O)cc2O)C(C)c2cc(c(O)cc2O)C(C)c2cc1c(O)cc2O,F8F3531601E46BE363757E4958384DC8A131D5BFE667EF4EB7FA3F2E61704A87,HOST_CAN_0019,PASS,CC[N+](CC)(CC)CC.[Br-],2F3B9FCC3CBE3E0BC134993375AC329DB2F8CB3D659344415C73B1C20CFA5845,GUEST_CAN_0374,PASS,AttentiveFP,3,family_cold,calixarene,2.8880319595336914
1933,1,1019,C1C2=CC(=CC(=C2O)CC3=CC(=CC(=C3O)CC4=C(C(=CC(=C4)S(=O)(=O)O)CC5=C(C1=CC(=C5)S(=O)(=O)O)O)O)S(=O)(=O)O)S(=O)(=O)O,[NH3+]CCCCC(C(=O)NC(C(=O)NC(C(=O)NC(=O)C(NC(C(=O)N)Cc1ccc(cc1)O)C)C(O)C)CCC(=O)N)NC(=O)C(C(O)C)NC(=O)C(NC(=O)C([NH3+])C)CCCNC(=[NH2+])N,calixarene,4.342400074005127,O=S(=O)(O)c1cc2c(O)c(c1)Cc1cc(S(=O)(=O)O)cc(c1O)Cc1cc(S(=O)(=O)O)cc(c1O)Cc1cc(S(=O)(=O)O)cc(c1O)C2,C1130CCDC8DA0C6458EF6C2E07E7F3330D8F8B055CBE4DEAADB70DC00C8CDFC1,HOST_CAN_0154,PASS,CC([NH3+])C(=O)NC(CCCNC(N)=[NH2+])C(=O)NC(C(=O)NC(CCCC[NH3+])C(=O)NC(CCC(N)=O)C(=O)NC(C(=O)NC(=O)C(C)NC(Cc1ccc(O)cc1)C(N)=O)C(C)O)C(C)O,5DB50ED50100975110158D12D0C699F6ED4621BCAE805484A4C361421CAC45CB,GUEST_CAN_0195,PASS,AttentiveFP,3,family_cold,calixarene,3.7565925121307373
1934,1,288,C1C2=CC(=CC(=C2O)CC3=CC(=CC(=C3O)CC4=C(C(=CC(=C4)S(=O)(=O)O)CC5=C(C1=CC(=C5)S(=O)(=O)O)O)O)S(=O)(=O)O)S(=O)(=O)O,CC(C)C(C(=O)O)NC(=O)CN,calixarene,3.240000009536743,O=S(=O)(O)c1cc2c(O)c(c1)Cc1cc(S(=O)(=O)O)cc(c1O)Cc1cc(S(=O)(=O)O)cc(c1O)Cc1cc(S(=O)(=O)O)cc(c1O)C2,C1130CCDC8DA0C6458EF6C2E07E7F3330D8F8B055CBE4DEAADB70DC00C8CDFC1,HOST_CAN_0154,PASS,CC(C)C(NC(=O)CN)C(=O)O,C7C4F9D491E695E32FCA9610C29E6F26B277BB7597A85B98A5CB97B4FB2C694B,GUEST_CAN_0128,PASS,AttentiveFP,3,family_cold,calixarene,1.7460901737213135
1938,14,523,NCCOc1c2Cc3cc(cc(c3O)Cc3cc(cc(c3O)Cc3cc(cc(Cc4c(c(Cc5c(c(Cc1cc(c2)S(=O)(=O)O)cc(c5)S(=O)(=O)O)O)cc(c4)S(=O)(=O)O)O)c3O)S(=O)(=O)O)S(=O)(=O)O)S(=O)(=O)O,C(C(=O)O)N,calixarene,1.6812000274658203,NCCOc1c2cc(S(=O)(=O)O)cc1Cc1cc(S(=O)(=O)O)cc(c1O)Cc1cc(S(=O)(=O)O)cc(c1O)Cc1cc(S(=O)(=O)O)cc(c1O)Cc1cc(S(=O)(=O)O)cc(c1O)Cc1cc(S(=O)(=O)O)cc(c1O)C2,C787A22C599703D921FA29CACAF002E9FF6ED12C44482B2905C84DCBDD5B4AC1,HOST_CAN_0110,PASS,NCC(=O)O,30FE3809EFBE5F6B082D9B94D27A0C7C9ECD1364A816D59C3D31CE32BCDF848E,GUEST_CAN_0774,PASS,AttentiveFP,3,family_cold,calixarene,1.5625922679901123
1943,63,18,Oc1c2Cc3cc(cc(c3O)Cc3cc(cc(c3O)Cc3cc(cc(c3O)Cc3cc(cc(Cc4c(c(Cc5c(c(Cc6c(c(Cc1cc(c2)S(=O)(=O)[O-])cc(c6)S(=O)(=O)[O-])O)cc(c5)S(=O)(=O)[O-])O)cc(c4)S(=O)(=O)[O-])O)c3O)S(=O)(=O)[O-])S(=O)(=O)[O-])S(=O)(=O)[O-])S(=O)(=O)[O-],OC(=O)C(Cc1c[nH]c2c1cccc2)N,calixarene,3.5397000312805176,O=S(=O)([O-])c1cc2c(O)c(c1)Cc1cc(S(=O)(=O)[O-])cc(c1O)Cc1cc(S(=O)(=O)[O-])cc(c1O)Cc1cc(S(=O)(=O)[O-])cc(c1O)Cc1cc(S(=O)(=O)[O-])cc(c1O)Cc1cc(S(=O)(=O)[O-])cc(c1O)Cc1cc(S(=O)(=O)[O-])cc(c1O)Cc1cc(S(=O)(=O)[O-])cc(c1O)C2,3C24C9B25872FE0768A640DF44D242D9AEC5F3FA9C167A457997BAE8D628FFF1,HOST_CAN_0166,PASS,NC(Cc1c[nH]c2ccccc12)C(=O)O,640E1867764F94CAFE2D991B23E1B000681C8619E07309C47EB26888B7938B6E,GUEST_CAN_0740,PASS,AttentiveFP,3,family_cold,calixarene,3.8920369148254395
1947,45,394,C1C2=CC(=CC=C2)CC3=CC(=CC=C3)CC4=CC=CC(=C4)CC5=CC=CC1=C5,CNCCCCC(C(=O)O)N,calixarene,4.301000118255615,c1cc2cc(c1)Cc1cccc(c1)Cc1cccc(c1)Cc1cccc(c1)C2,001BA14F081450375618B4DEC192A3633931B27A166EE11658CCCBFAB45E327F,HOST_CAN_0183,PASS,CNCCCCC(N)C(=O)O,9B0AE5E142031D417A6076D2AEB927C30933D05F67DFBD26C8B83EF20A2F463F,GUEST_CAN_0431,PASS,AttentiveFP,3,family_cold,calixarene,3.4300537109375
1949,63,988,Oc1c2Cc3cc(cc(c3O)Cc3cc(cc(c3O)Cc3cc(cc(c3O)Cc3cc(cc(Cc4c(c(Cc5c(c(Cc6c(c(Cc1cc(c2)S(=O)(=O)[O-])cc(c6)S(=O)(=O)[O-])O)cc(c5)S(=O)(=O)[O-])O)cc(c4)S(=O)(=O)[O-])O)c3O)S(=O)(=O)[O-])S(=O)(=O)[O-])S(=O)(=O)[O-])S(=O)(=O)[O-],C1CC2=C3C(=C4C(=C2)C(=C5C=C6CCC[N+]7=C6C(=C5O4)CCC7)C#N)CCCN3C1.[O-]Cl(=O)(=O)=O,calixarene,5.6579999923706055,O=S(=O)([O-])c1cc2c(O)c(c1)Cc1cc(S(=O)(=O)[O-])cc(c1O)Cc1cc(S(=O)(=O)[O-])cc(c1O)Cc1cc(S(=O)(=O)[O-])cc(c1O)Cc1cc(S(=O)(=O)[O-])cc(c1O)Cc1cc(S(=O)(=O)[O-])cc(c1O)Cc1cc(S(=O)(=O)[O-])cc(c1O)Cc1cc(S(=O)(=O)[O-])cc(c1O)C2,3C24C9B25872FE0768A640DF44D242D9AEC5F3FA9C167A457997BAE8D628FFF1,HOST_CAN_0166,PASS,N#CC1=c2cc3c4c(c2Oc2c1cc1c5c2CCCN5CCC1)CCC[N+]=4CCC3.[O-][Cl+3]([O-])([O-])[O-],CC8ADDA07338DD3363A61BFDAA96CA681B48D518CD55E23319106440FDAF9FEB,GUEST_CAN_0711,PASS,AttentiveFP,3,family_cold,calixarene,6.8822407722473145
1950,1,1023,C1C2=CC(=CC(=C2O)CC3=CC(=CC(=C3O)CC4=C(C(=CC(=C4)S(=O)(=O)O)CC5=C(C1=CC(=C5)S(=O)(=O)O)O)O)S(=O)(=O)O)S(=O)(=O)O,OCC(C(=O)NC(C(=O)NCC(=O)NC(C(=O)N)Cc1ccc(cc1)O)C(O)C)NC(=O)C(NC(=O)C(NC(C(=O)NC(=O)C(C(O)C)[NH3+])C)CCCNC(=[NH2+])N)CCCC[N+](C)(C)C,calixarene,5.146100044250488,O=S(=O)(O)c1cc2c(O)c(c1)Cc1cc(S(=O)(=O)O)cc(c1O)Cc1cc(S(=O)(=O)O)cc(c1O)Cc1cc(S(=O)(=O)O)cc(c1O)C2,C1130CCDC8DA0C6458EF6C2E07E7F3330D8F8B055CBE4DEAADB70DC00C8CDFC1,HOST_CAN_0154,PASS,CC(NC(CCCNC(N)=[NH2+])C(=O)NC(CCCC[N+](C)(C)C)C(=O)NC(CO)C(=O)NC(C(=O)NCC(=O)NC(Cc1ccc(O)cc1)C(N)=O)C(C)O)C(=O)NC(=O)C([NH3+])C(C)O,EE9767229E968E4B84B7ACC189EED5656FB1078BD218D1E7621348DE00B7412E,GUEST_CAN_0189,PASS,AttentiveFP,3,family_cold,calixarene,3.5659217834472656
1959,1,337,C1C2=CC(=CC(=C2O)CC3=CC(=CC(=C3O)CC4=C(C(=CC(=C4)S(=O)(=O)O)CC5=C(C1=CC(=C5)S(=O)(=O)O)O)O)S(=O)(=O)O)S(=O)(=O)O,OCC(C(=O)O)N,calixarene,2.079200029373169,O=S(=O)(O)c1cc2c(O)c(c1)Cc1cc(S(=O)(=O)O)cc(c1O)Cc1cc(S(=O)(=O)O)cc(c1O)Cc1cc(S(=O)(=O)O)cc(c1O)C2,C1130CCDC8DA0C6458EF6C2E07E7F3330D8F8B055CBE4DEAADB70DC00C8CDFC1,HOST_CAN_0154,PASS,NC(CO)C(=O)O,2EBE58D687C0AA53F22B8D1549C80A85A6D27FB38ECC46BD2A35B25250CAEFA2,GUEST_CAN_0734,PASS,AttentiveFP,3,family_cold,calixarene,1.1254963874816895
1961,21,27,Brc1ccc(cc1)S(=O)(=O)Nc1cc2Cc3cc(cc(c3O)Cc3cc(cc(Cc4c(c(Cc(c1)c2O)cc(c4)S(=O)(=O)O)O)c3O)S(=O)(=O)O)S(=O)(=O)O,NCCCCC(C(=O)NC(C(=O)NC(C(=O)NC(=O)C(NC(C(=O)NC(C(=O)NC(C(=O)NC(C(=O)NCC(=O)NC(C(=O)N)Cc1ccc(cc1)O)C(O)C)CO)CCCC[N+](C)(C)C)CCCNC(=N)N)C)C(O)C)CCC(=O)N)NC(=O)C(C(O)C)NC(=O)C(NC(=O)C(N)C)CCCNC(=N)N,calixarene,6.041399955749512,O=S(=O)(O)c1cc2c(O)c(c1)Cc1cc(S(=O)(=O)O)cc(c1O)Cc1cc(S(=O)(=O)O)cc(c1O)Cc1cc(NS(=O)(=O)c3ccc(Br)cc3)cc(c1O)C2,9740E1ADA78264243C242FDF917430805970CF99DF4E8ED560501F29D97FEA8B,HOST_CAN_0153,PASS,CC(N)C(=O)NC(CCCNC(=N)N)C(=O)NC(C(=O)NC(CCCCN)C(=O)NC(CCC(N)=O)C(=O)NC(C(=O)NC(=O)C(C)NC(CCCNC(=N)N)C(=O)NC(CCCC[N+](C)(C)C)C(=O)NC(CO)C(=O)NC(C(=O)NCC(=O)NC(Cc1ccc(O)cc1)C(N)=O)C(C)O)C(C)O)C(C)O,FDB24492C01844597473AA7C2BD6C580BEC794EA067753C199B126BE41E8D5FA,GUEST_CAN_0177,PASS,AttentiveFP,3,family_cold,calixarene,4.733467102050781
1969,73,497,C1C2=CC(=CC(=C2O)CC3=CC(=CC(=C3O)CC4=CC(=CC(=C4O)CC5=C(C(=CC(=C5)S(=O)(=O)O)CC6=C(C1=CC(=C6)S(=O)(=O)O)O)O)S(=O)(=O)O)S(=O)(=O)O)S(=O)(=O)O,C1CC2CC1N=N2,calixarene,1.542799949645996,O=S(=O)(O)c1cc2c(O)c(c1)Cc1cc(S(=O)(=O)O)cc(c1O)Cc1cc(S(=O)(=O)O)cc(c1O)Cc1cc(S(=O)(=O)O)cc(c1O)Cc1cc(S(=O)(=O)O)cc(c1O)C2,CE64A1CA71928E5DE79CF9633E11D44D0BC2C175AB3D980BF8052807605CA8CC,HOST_CAN_0155,PASS,C1CC2CC1N=N2,A2496E9CCE3928D5E2403BB21D4F1D008596E587754FBC1A3268F4A4C1D0C131,GUEST_CAN_0020,PASS,AttentiveFP,3,family_cold,calixarene,2.570103645324707
1973,30,998,C1C2=CC(=CC(=C2O)CC3=CC(=CC(=C3O)CC4=CC(=CC(=C4O)CC5=C(C(=CC(=C5)S(=O)(=O)[O-])CC6=C(C(=CC(=C6)S(=O)(=O)[O-])CC7=C(C1=CC(=C7)S(=O)(=O)[O-])O)O)O)S(=O)(=O)[O-])S(=O)(=O)[O-])S(=O)(=O)[O-],C(C)(=O)SCC[N+](C)(C)C,calixarene,4.69980001449585,O=S(=O)([O-])c1cc2c(O)c(c1)Cc1cc(S(=O)(=O)[O-])cc(c1O)Cc1cc(S(=O)(=O)[O-])cc(c1O)Cc1cc(S(=O)(=O)[O-])cc(c1O)Cc1cc(S(=O)(=O)[O-])cc(c1O)Cc1cc(S(=O)(=O)[O-])cc(c1O)C2,175E9D01D3A7DD7BE73E9B8659E8BAA0A16B2D5C4CCEFE3BEFED10121429BF10,HOST_CAN_0164,PASS,CC(=O)SCC[N+](C)(C)C,5600E3C6559B3B5580B4FCAD665DFEFA27B0E97B313F3740030CCD27EF06E687,GUEST_CAN_0105,PASS,AttentiveFP,3,family_cold,calixarene,2.6351938247680664
1975,46,236,C1C2=CC(=CC(=C2O)CC3=CC(=CC(=C3O)CC4=C(C(=CC(=C4)S(=O)(=O)O)CC5=C(C1=CC(=C5)S(=O)(=O)[O-])O)O)S(=O)(=O)O)S(=O)(=O)O.[Na+],C1=CC=NC(=C1)C2=CC=CC=N2,calixarene,1.924299955368042,O=S(=O)([O-])c1cc2c(O)c(c1)Cc1cc(S(=O)(=O)O)cc(c1O)Cc1cc(S(=O)(=O)O)cc(c1O)Cc1cc(S(=O)(=O)O)cc(c1O)C2.[Na+],CA94CECC10EDB9167B38E05C5D125873C9C1506ED227A3D9C6CBBCD696828A96,HOST_CAN_0163,PASS,c1ccc(-c2ccccn2)nc1,D1C762AD73B514E93CA06EC7059DE6085292C39B61F82E357DBCFC580CDD236C,GUEST_CAN_1128,PASS,AttentiveFP,3,family_cold,calixarene,2.690197706222534
1982,14,56,NCCOc1c2Cc3cc(cc(c3O)Cc3cc(cc(c3O)Cc3cc(cc(Cc4c(c(Cc5c(c(Cc1cc(c2)S(=O)(=O)O)cc(c5)S(=O)(=O)O)O)cc(c4)S(=O)(=O)O)O)c3O)S(=O)(=O)O)S(=O)(=O)O)S(=O)(=O)O,CCCC(C(=O)O)N,calixarene,2.2899999618530273,NCCOc1c2cc(S(=O)(=O)O)cc1Cc1cc(S(=O)(=O)O)cc(c1O)Cc1cc(S(=O)(=O)O)cc(c1O)Cc1cc(S(=O)(=O)O)cc(c1O)Cc1cc(S(=O)(=O)O)cc(c1O)Cc1cc(S(=O)(=O)O)cc(c1O)C2,C787A22C599703D921FA29CACAF002E9FF6ED12C44482B2905C84DCBDD5B4AC1,HOST_CAN_0110,PASS,CCCC(N)C(=O)O,81F3215F9F46874A7436620E7AD92167936CF997FB3F203D4397A018C4B56861,GUEST_CAN_0268,PASS,AttentiveFP,3,family_cold,calixarene,2.0019586086273193
1985,178,26,CC1c2cc(c(cc2O)O)C(C)c2cc(c(cc2O)O)C(c2cc(C(c3cc1c(O)cc3O)C)c(O)cc2O)C,C[N+](C)(C)C.[Br-],calixarene,3.200000047683716,CC1c2cc(c(O)cc2O)C(C)c2cc(c(O)cc2O)C(C)c2cc(c(O)cc2O)C(C)c2cc1c(O)cc2O,F8F3531601E46BE363757E4958384DC8A131D5BFE667EF4EB7FA3F2E61704A87,HOST_CAN_0019,PASS,C[N+](C)(C)C.[Br-],106908581BCF2696B3EEAD8D13589E489EE5CE3B80E72B912566C7953850AB09,GUEST_CAN_0554,PASS,AttentiveFP,3,family_cold,calixarene,2.5044240951538086
1986,84,587,CCCCCCOc1c2Cc3cc(cc(c3OCCCCCC)Cc3cc(cc(Cc4c(c(Cc1cc(c2)S(=O)(=O)[O-])cc(c4)S(=O)(=O)[O-])OCCCCCC)c3OCCCCCC)S(=O)(=O)[O-])S(=O)(=O)[O-],C[n+]1ccc(cc1)c1cc[n+](cc1)C.[I-].[I-],calixarene,6.301000118255615,CCCCCCOc1c2cc(S(=O)(=O)[O-])cc1Cc1cc(S(=O)(=O)[O-])cc(c1OCCCCCC)Cc1cc(S(=O)(=O)[O-])cc(c1OCCCCCC)Cc1cc(S(=O)(=O)[O-])cc(c1OCCCCCC)C2,C518E51BDF85183B14A149C966DCD4A4434A48A30814E263D88387FA25725959,HOST_CAN_0028,PASS,C[n+]1ccc(-c2cc[n+](C)cc2)cc1.[I-].[I-],FCA491A8B5C9289D74A682B83E3A35C297EDED2C00F5851674CB19F5C3125200,GUEST_CAN_0624,PASS,AttentiveFP,3,family_cold,calixarene,3.9867594242095947
1989,180,96,CCOCCOc1c2Cc3cc(cc(c3OCCOCC)Cc3cc(cc(Cc4c(c(Cc1cc(c2)S(=O)(=O)O)cc(c4)S(=O)(=O)O)OCCOCC)c3OCCOCC)S(=O)(=O)O)S(=O)(=O)O,C[N+](C)(C)C1=CC=CC=C1,calixarene,2.4000000953674316,CCOCCOc1c2cc(S(=O)(=O)O)cc1Cc1cc(S(=O)(=O)O)cc(c1OCCOCC)Cc1cc(S(=O)(=O)O)cc(c1OCCOCC)Cc1cc(S(=O)(=O)O)cc(c1OCCOCC)C2,AE8F20A3E691ACD6A2E031C6291D37E31BCA3F2894C2BB7A93B6740D7A953221,HOST_CAN_0045,PASS,C[N+](C)(C)c1ccccc1,BE2E413C8306C73C28B2EF0E9ABBED86E0E5AEBC3F7D99A31A8C230156F8C865,GUEST_CAN_0585,PASS,AttentiveFP,3,family_cold,calixarene,2.3003859519958496
1990,22,301,Oc1c2Sc3cc(cc(c3O)Sc3cc(cc(Sc4c(c(Sc1cc(c2)S(=O)(=O)O)cc(c4)S(=O)(=O)O)O)c3O)S(=O)(=O)O)S(=O)(=O)O,CC(=O)OCC[N+](C)(C)C,calixarene,2.7300000190734863,O=S(=O)(O)c1cc2c(O)c(c1)Sc1cc(S(=O)(=O)O)cc(c1O)Sc1cc(S(=O)(=O)O)cc(c1O)Sc1cc(S(=O)(=O)O)cc(c1O)S2,5FE888C1FB51BDA35D21231A31EDB8203ACD56DD9744D0C6B83351EC668D4256,HOST_CAN_0156,PASS,CC(=O)OCC[N+](C)(C)C,84D51F4020B502D4D631E57EE68EFDE6A9760DA224964EB235142C0ADF7611B2,GUEST_CAN_0100,PASS,AttentiveFP,3,family_cold,calixarene,2.0152082443237305
2001,22,421,Oc1c2Sc3cc(cc(c3O)Sc3cc(cc(Sc4c(c(Sc1cc(c2)S(=O)(=O)O)cc(c4)S(=O)(=O)O)O)c3O)S(=O)(=O)O)S(=O)(=O)O,CC1=NC=CC=C1,calixarene,2.6916000843048096,O=S(=O)(O)c1cc2c(O)c(c1)Sc1cc(S(=O)(=O)O)cc(c1O)Sc1cc(S(=O)(=O)O)cc(c1O)Sc1cc(S(=O)(=O)O)cc(c1O)S2,5FE888C1FB51BDA35D21231A31EDB8203ACD56DD9744D0C6B83351EC668D4256,HOST_CAN_0156,PASS,Cc1ccccn1,48762AE38224AF77C9E42C847671933DD428BE1D725365799528E72E8FF4C50E,GUEST_CAN_0670,PASS,AttentiveFP,3,family_cold,calixarene,2.0834412574768066
2008,52,523,OC(=O)COc1c2Cc3cc(cc(c3O)Cc3cc(cc(c3O)Cc3cc(cc(Cc4c(c(Cc5c(c(Cc1cc(c2)S(=O)(=O)O)cc(c5)S(=O)(=O)O)O)cc(c4)S(=O)(=O)O)O)c3O)S(=O)(=O)O)S(=O)(=O)O)S(=O)(=O)O,C(C(=O)O)N,calixarene,1.579800009727478,O=C(O)COc1c2cc(S(=O)(=O)O)cc1Cc1cc(S(=O)(=O)O)cc(c1O)Cc1cc(S(=O)(=O)O)cc(c1O)Cc1cc(S(=O)(=O)O)cc(c1O)Cc1cc(S(=O)(=O)O)cc(c1O)Cc1cc(S(=O)(=O)O)cc(c1O)C2,89AB142F8D041F89710D49168CBEF0FA0D792576B82031818BFF7C2DE5D92117,HOST_CAN_0127,PASS,NCC(=O)O,30FE3809EFBE5F6B082D9B94D27A0C7C9ECD1364A816D59C3D31CE32BCDF848E,GUEST_CAN_0774,PASS,AttentiveFP,3,family_cold,calixarene,1.6093838214874268
2018,1,1040,C1C2=CC(=CC(=C2O)CC3=CC(=CC(=C3O)CC4=C(C(=CC(=C4)S(=O)(=O)O)CC5=C(C1=CC(=C5)S(=O)(=O)O)O)O)S(=O)(=O)O)S(=O)(=O)O,[Cl-].[Cl-].[Cl-].[Nd+3],calixarene,4.07919979095459,O=S(=O)(O)c1cc2c(O)c(c1)Cc1cc(S(=O)(=O)O)cc(c1O)Cc1cc(S(=O)(=O)O)cc(c1O)Cc1cc(S(=O)(=O)O)cc(c1O)C2,C1130CCDC8DA0C6458EF6C2E07E7F3330D8F8B055CBE4DEAADB70DC00C8CDFC1,HOST_CAN_0154,PASS,[Cl-].[Cl-].[Cl-].[Nd+3],70D6AFA33B6F6FCA9A547B03FF7182977FE29E9F39200ADFEFECA6960EB4F6F8,GUEST_CAN_1026,PASS,AttentiveFP,3,family_cold,calixarene,2.8945236206054688
2019,82,57,OC1=C2C=C(S(=O)([O-])=O)C=C1CC3=C(O)C(CC4=CC(S(=O)([O-])=O)=CC(CC5=CC(S(=O)([O-])=O)=CC(CC6=CC(S(=O)([O-])=O)=CC(CC(C=C(S(=O)([O-])=O)C=C7C2)=C7O)=C6O)=C5OCCN)=C4O)=CC(S(=O)([O-])=O)=C3,OC(=O)C1CCCN1,calixarene,2.09689998626709,NCCOc1c2cc(S(=O)(=O)[O-])cc1Cc1cc(S(=O)(=O)[O-])cc(c1O)Cc1cc(S(=O)(=O)[O-])cc(c1O)Cc1cc(S(=O)(=O)[O-])cc(c1O)Cc1cc(S(=O)(=O)[O-])cc(c1O)Cc1cc(S(=O)(=O)[O-])cc(c1O)C2,943BCEA8586BE526CE8501B61202A05D77257BC2BB9DA3A3C52BD077795B3D50,HOST_CAN_0111,PASS,O=C(O)C1CCCN1,089AB51F23001BB951B8422598AD8ED1DBAD90EB1049857FB2A03F150DA120BA,GUEST_CAN_0869,PASS,AttentiveFP,3,family_cold,calixarene,2.1055960655212402
2022,73,837,C1C2=CC(=CC(=C2O)CC3=CC(=CC(=C3O)CC4=CC(=CC(=C4O)CC5=C(C(=CC(=C5)S(=O)(=O)O)CC6=C(C1=CC(=C6)S(=O)(=O)O)O)O)S(=O)(=O)O)S(=O)(=O)O)S(=O)(=O)O,N1=CC=C(C=C1)C1=CC=NC=C1,calixarene,3.3094000816345215,O=S(=O)(O)c1cc2c(O)c(c1)Cc1cc(S(=O)(=O)O)cc(c1O)Cc1cc(S(=O)(=O)O)cc(c1O)Cc1cc(S(=O)(=O)O)cc(c1O)Cc1cc(S(=O)(=O)O)cc(c1O)C2,CE64A1CA71928E5DE79CF9633E11D44D0BC2C175AB3D980BF8052807605CA8CC,HOST_CAN_0155,PASS,c1cc(-c2ccncc2)ccn1,DEE9BD7AA80FD759D9512F899E5B26B6D8953648388A070F9641BC1DACF28421,GUEST_CAN_1121,PASS,AttentiveFP,3,family_cold,calixarene,2.8554787635803223
2026,68,178,Oc1c2cc(cc1Cc1cc(cc(c1O)Cc1c(c(Cc3c(c(C2)cc(c3)S(=O)(=O)O)O)cc(c1)S(=O)(=O)O)O)S(=O)(=O)O)NS(=O)(=O)c1ccc(cc1)C(=O)O,C(CCN)CC(C(=O)O)N,calixarene,2.079200029373169,O=C(O)c1ccc(S(=O)(=O)Nc2cc3c(O)c(c2)Cc2cc(S(=O)(=O)O)cc(c2O)Cc2cc(S(=O)(=O)O)cc(c2O)Cc2cc(S(=O)(=O)O)cc(c2O)C3)cc1,698FBD7126562AC5EF98798BC16D048473423AD0A0BD659BE98F031178BD7864,HOST_CAN_0136,PASS,NCCCCC(N)C(=O)O,BD55DE8B1F18BBBA0B9FB86FA685E52B4743F1B75F837E0522E8C602B3191BA0,GUEST_CAN_0785,PASS,AttentiveFP,3,family_cold,calixarene,2.2381279468536377
2029,42,108,OC1=C(CC2=CC(S(=O)([O-])=O)=CC(CC(C=C3S(=O)([O-])=O)=C4OCC(N)=O)=C2O)C=C(S(=O)([O-])=O)C=C1CC5=CC(S(=O)([O-])=O)=CC(CC4=C3)=C5O,OC(=O)C(CCCNC(=[NH2+])N)N,calixarene,2.924299955368042,NC(=O)COc1c2cc(S(=O)(=O)[O-])cc1Cc1cc(S(=O)(=O)[O-])cc(c1O)Cc1cc(S(=O)(=O)[O-])cc(c1O)Cc1cc(S(=O)(=O)[O-])cc(c1O)C2,1F2BEDA02D00DC2C1A2D3A5BD5460849E045F21D3B673D4626094BA71BDA0464,HOST_CAN_0104,PASS,NC(=[NH2+])NCCCC(N)C(=O)O,3A95B838A3F3E4B9211C1F9CE461FB93EA851D8F0AA68498288217A21AD77FAC,GUEST_CAN_0726,PASS,AttentiveFP,3,family_cold,calixarene,2.318721294403076
2031,1,527,C1C2=CC(=CC(=C2O)CC3=CC(=CC(=C3O)CC4=C(C(=CC(=C4)S(=O)(=O)O)CC5=C(C1=CC(=C5)S(=O)(=O)O)O)O)S(=O)(=O)O)S(=O)(=O)O,C(C)(C)C12N=NC(CC1)(CC2)C,calixarene,2.6812000274658203,O=S(=O)(O)c1cc2c(O)c(c1)Cc1cc(S(=O)(=O)O)cc(c1O)Cc1cc(S(=O)(=O)O)cc(c1O)Cc1cc(S(=O)(=O)O)cc(c1O)C2,C1130CCDC8DA0C6458EF6C2E07E7F3330D8F8B055CBE4DEAADB70DC00C8CDFC1,HOST_CAN_0154,PASS,CC(C)C12CCC(C)(CC1)N=N2,557E81382EA4D3045E4C236049DCBDA570124CB609F1B8B76C97280514F22B94,GUEST_CAN_0131,PASS,AttentiveFP,3,family_cold,calixarene,4.372696399688721
2033,63,215,Oc1c2Cc3cc(cc(c3O)Cc3cc(cc(c3O)Cc3cc(cc(c3O)Cc3cc(cc(Cc4c(c(Cc5c(c(Cc6c(c(Cc1cc(c2)S(=O)(=O)[O-])cc(c6)S(=O)(=O)[O-])O)cc(c5)S(=O)(=O)[O-])O)cc(c4)S(=O)(=O)[O-])O)c3O)S(=O)(=O)[O-])S(=O)(=O)[O-])S(=O)(=O)[O-])S(=O)(=O)[O-],CC(C(=O)O)N,calixarene,1.8128999471664429,O=S(=O)([O-])c1cc2c(O)c(c1)Cc1cc(S(=O)(=O)[O-])cc(c1O)Cc1cc(S(=O)(=O)[O-])cc(c1O)Cc1cc(S(=O)(=O)[O-])cc(c1O)Cc1cc(S(=O)(=O)[O-])cc(c1O)Cc1cc(S(=O)(=O)[O-])cc(c1O)Cc1cc(S(=O)(=O)[O-])cc(c1O)Cc1cc(S(=O)(=O)[O-])cc(c1O)C2,3C24C9B25872FE0768A640DF44D242D9AEC5F3FA9C167A457997BAE8D628FFF1,HOST_CAN_0166,PASS,CC(N)C(=O)O,6AC3AD1747D8E4C9B36EA5FBFB37965B87CCE816D9D72141F9005590B6D6FC3C,GUEST_CAN_0180,PASS,AttentiveFP,3,family_cold,calixarene,2.3284876346588135
2038,137,476,Oc1c2cc(cc1Cc1cc(cc(c1O)Cc1cc(cc(c1O)Cc1c(c(Cc3c(c(C2)cc(c3)CS(=O)(=O)[O-])O)cc(c1)CS(=O)(=O)[O-])O)CS(=O)(=O)[O-])CS(=O)(=O)[O-])CS(=O)(=O)[O-],C[n+]1c2ccccc2c(c2c1cccc2)c1c2ccccc2[n+](c2c1cccc2)C.[O-][N+](=O)[O-].[O-][N+](=O)[O-],calixarene,6.2067999839782715,O=S(=O)([O-])Cc1cc2c(O)c(c1)Cc1cc(CS(=O)(=O)[O-])cc(c1O)Cc1cc(CS(=O)(=O)[O-])cc(c1O)Cc1cc(CS(=O)(=O)[O-])cc(c1O)Cc1cc(CS(=O)(=O)[O-])cc(c1O)C2,3F66642BA28686E03663642EB8388C7853135C75C42F0050CC6C46992F28AC09,HOST_CAN_0160,PASS,C[n+]1c2ccccc2c(-c2c3ccccc3[n+](C)c3ccccc23)c2ccccc21.O=[N+]([O-])[O-].O=[N+]([O-])[O-],D4D263F20E807DCE8290909D48E9092725AF7020357CB313B6E2612BD76C3B4C,GUEST_CAN_0617,PASS,AttentiveFP,3,family_cold,calixarene,4.973921298980713
2045,14,337,NCCOc1c2Cc3cc(cc(c3O)Cc3cc(cc(c3O)Cc3cc(cc(Cc4c(c(Cc5c(c(Cc1cc(c2)S(=O)(=O)O)cc(c5)S(=O)(=O)O)O)cc(c4)S(=O)(=O)O)O)c3O)S(=O)(=O)O)S(=O)(=O)O)S(=O)(=O)O,OCC(C(=O)O)N,calixarene,2.2504000663757324,NCCOc1c2cc(S(=O)(=O)O)cc1Cc1cc(S(=O)(=O)O)cc(c1O)Cc1cc(S(=O)(=O)O)cc(c1O)Cc1cc(S(=O)(=O)O)cc(c1O)Cc1cc(S(=O)(=O)O)cc(c1O)Cc1cc(S(=O)(=O)O)cc(c1O)C2,C787A22C599703D921FA29CACAF002E9FF6ED12C44482B2905C84DCBDD5B4AC1,HOST_CAN_0110,PASS,NC(CO)C(=O)O,2EBE58D687C0AA53F22B8D1549C80A85A6D27FB38ECC46BD2A35B25250CAEFA2,GUEST_CAN_0734,PASS,AttentiveFP,3,family_cold,calixarene,1.5259087085723877
2049,25,351,CCCOc1c2Cc3cc(cc(c3OCCC)Cc3cc(cc(Cc4c(c(Cc1cc(c2)P(=O)(O)O)cc(c4)P(=O)(O)O)OCCC)c3OCCC)P(=O)(O)O)P(=O)(O)O,C1=CC(=C(C=C1C(CN)O)O)O.Cl,calixarene,2.0569000244140625,CCCOc1c2cc(P(=O)(O)O)cc1Cc1cc(P(=O)(O)O)cc(c1OCCC)Cc1cc(P(=O)(O)O)cc(c1OCCC)Cc1cc(P(=O)(O)O)cc(c1OCCC)C2,C043E79A34829EDDBE86C6FC09E756E7D0FDCE1A2BB383803C5CAA52B9480850,HOST_CAN_0037,PASS,Cl.NCC(O)c1ccc(O)c(O)c1,77292EA0463E2AED797CAE9779601581D37EB7B67F9EA7796D4F6EE168154886,GUEST_CAN_0687,PASS,AttentiveFP,3,family_cold,calixarene,1.9789738655090332
2054,30,337,C1C2=CC(=CC(=C2O)CC3=CC(=CC(=C3O)CC4=CC(=CC(=C4O)CC5=C(C(=CC(=C5)S(=O)(=O)[O-])CC6=C(C(=CC(=C6)S(=O)(=O)[O-])CC7=C(C1=CC(=C7)S(=O)(=O)[O-])O)O)O)S(=O)(=O)[O-])S(=O)(=O)[O-])S(=O)(=O)[O-],OCC(C(=O)O)N,calixarene,2.0492000579833984,O=S(=O)([O-])c1cc2c(O)c(c1)Cc1cc(S(=O)(=O)[O-])cc(c1O)Cc1cc(S(=O)(=O)[O-])cc(c1O)Cc1cc(S(=O)(=O)[O-])cc(c1O)Cc1cc(S(=O)(=O)[O-])cc(c1O)Cc1cc(S(=O)(=O)[O-])cc(c1O)C2,175E9D01D3A7DD7BE73E9B8659E8BAA0A16B2D5C4CCEFE3BEFED10121429BF10,HOST_CAN_0164,PASS,NC(CO)C(=O)O,2EBE58D687C0AA53F22B8D1549C80A85A6D27FB38ECC46BD2A35B25250CAEFA2,GUEST_CAN_0734,PASS,AttentiveFP,3,family_cold,calixarene,1.5753347873687744
2067,1,420,C1C2=CC(=CC(=C2O)CC3=CC(=CC(=C3O)CC4=C(C(=CC(=C4)S(=O)(=O)O)CC5=C(C1=CC(=C5)S(=O)(=O)O)O)O)S(=O)(=O)O)S(=O)(=O)O,CCCCCCC[NH3+],calixarene,3.390000104904175,O=S(=O)(O)c1cc2c(O)c(c1)Cc1cc(S(=O)(=O)O)cc(c1O)Cc1cc(S(=O)(=O)O)cc(c1O)Cc1cc(S(=O)(=O)O)cc(c1O)C2,C1130CCDC8DA0C6458EF6C2E07E7F3330D8F8B055CBE4DEAADB70DC00C8CDFC1,HOST_CAN_0154,PASS,CCCCCCC[NH3+],8B86E80E7A606F90A3E142792E25022A151B83C91A5DF63798EDA4A621EE932C,GUEST_CAN_0294,PASS,AttentiveFP,3,family_cold,calixarene,3.5915699005126953
2069,1,332,C1C2=CC(=CC(=C2O)CC3=CC(=CC(=C3O)CC4=C(C(=CC(=C4)S(=O)(=O)O)CC5=C(C1=CC(=C5)S(=O)(=O)O)O)O)S(=O)(=O)O)S(=O)(=O)O,C(CC(C(=O)NC(CCCN=C(N)N)C(=O)O)N)CN=C(N)N,calixarene,3.8864998817443848,O=S(=O)(O)c1cc2c(O)c(c1)Cc1cc(S(=O)(=O)O)cc(c1O)Cc1cc(S(=O)(=O)O)cc(c1O)Cc1cc(S(=O)(=O)O)cc(c1O)C2,C1130CCDC8DA0C6458EF6C2E07E7F3330D8F8B055CBE4DEAADB70DC00C8CDFC1,HOST_CAN_0154,PASS,NC(N)=NCCCC(N)C(=O)NC(CCCN=C(N)N)C(=O)O,3A8B2301E51B73866F85F765E5B50C91D53C9621B71623BBA372A8F50F71EA36,GUEST_CAN_0749,PASS,AttentiveFP,3,family_cold,calixarene,3.0780153274536133
2072,137,286,Oc1c2cc(cc1Cc1cc(cc(c1O)Cc1cc(cc(c1O)Cc1c(c(Cc3c(c(C2)cc(c3)CS(=O)(=O)[O-])O)cc(c1)CS(=O)(=O)[O-])O)CS(=O)(=O)[O-])CS(=O)(=O)[O-])CS(=O)(=O)[O-],C[N+](C)(C)CCO,calixarene,4.09689998626709,O=S(=O)([O-])Cc1cc2c(O)c(c1)Cc1cc(CS(=O)(=O)[O-])cc(c1O)Cc1cc(CS(=O)(=O)[O-])cc(c1O)Cc1cc(CS(=O)(=O)[O-])cc(c1O)Cc1cc(CS(=O)(=O)[O-])cc(c1O)C2,3F66642BA28686E03663642EB8388C7853135C75C42F0050CC6C46992F28AC09,HOST_CAN_0160,PASS,C[N+](C)(C)CCO,EE2F222C864A3340CB6DC5C1A21FDDCC9B162B0220641118D30F914132FC0AFF,GUEST_CAN_0568,PASS,AttentiveFP,3,family_cold,calixarene,1.941218614578247
2073,79,658,OC(=O)COc1c2cccc1Cc1cccc(c1OCC(=O)O)Cc1c(c(Cc3c(c(C2)ccc3)OCC(=O)O)ccc1)OCC(=O)O,CC[N+](CC)(CC)CC1=CC=CC=C1,calixarene,1.7000000476837158,O=C(O)COc1c2cccc1Cc1cccc(c1OCC(=O)O)Cc1cccc(c1OCC(=O)O)Cc1cccc(c1OCC(=O)O)C2,31282512BE72F48E4C936E57F962376202BAF175B8430F712603BAF04D68B020,HOST_CAN_0131,PASS,CC[N+](CC)(CC)Cc1ccccc1,D3082D17492ADECD8DFE6B302C61BEF55BEECCF7C5432D2FDC812E354CDD2BE4,GUEST_CAN_0376,PASS,AttentiveFP,3,family_cold,calixarene,4.749709129333496
2076,30,369,C1C2=CC(=CC(=C2O)CC3=CC(=CC(=C3O)CC4=CC(=CC(=C4O)CC5=C(C(=CC(=C5)S(=O)(=O)[O-])CC6=C(C(=CC(=C6)S(=O)(=O)[O-])CC7=C(C1=CC(=C7)S(=O)(=O)[O-])O)O)O)S(=O)(=O)[O-])S(=O)(=O)[O-])S(=O)(=O)[O-],C1CC2CCC(C1)N=N2,calixarene,1.1205999851226807,O=S(=O)([O-])c1cc2c(O)c(c1)Cc1cc(S(=O)(=O)[O-])cc(c1O)Cc1cc(S(=O)(=O)[O-])cc(c1O)Cc1cc(S(=O)(=O)[O-])cc(c1O)Cc1cc(S(=O)(=O)[O-])cc(c1O)Cc1cc(S(=O)(=O)[O-])cc(c1O)C2,175E9D01D3A7DD7BE73E9B8659E8BAA0A16B2D5C4CCEFE3BEFED10121429BF10,HOST_CAN_0164,PASS,C1CC2CCC(C1)N=N2,3CB1DE4B60C8143576E12CED092F576F3C060BF327141DD7E64000E135972BED,GUEST_CAN_0021,PASS,AttentiveFP,3,family_cold,calixarene,2.925568103790283
2078,82,337,OC1=C2C=C(S(=O)([O-])=O)C=C1CC3=C(O)C(CC4=CC(S(=O)([O-])=O)=CC(CC5=CC(S(=O)([O-])=O)=CC(CC6=CC(S(=O)([O-])=O)=CC(CC(C=C(S(=O)([O-])=O)C=C7C2)=C7O)=C6O)=C5OCCN)=C4O)=CC(S(=O)([O-])=O)=C3,OCC(C(=O)O)N,calixarene,2.3710999488830566,NCCOc1c2cc(S(=O)(=O)[O-])cc1Cc1cc(S(=O)(=O)[O-])cc(c1O)Cc1cc(S(=O)(=O)[O-])cc(c1O)Cc1cc(S(=O)(=O)[O-])cc(c1O)Cc1cc(S(=O)(=O)[O-])cc(c1O)Cc1cc(S(=O)(=O)[O-])cc(c1O)C2,943BCEA8586BE526CE8501B61202A05D77257BC2BB9DA3A3C52BD077795B3D50,HOST_CAN_0111,PASS,NC(CO)C(=O)O,2EBE58D687C0AA53F22B8D1549C80A85A6D27FB38ECC46BD2A35B25250CAEFA2,GUEST_CAN_0734,PASS,AttentiveFP,3,family_cold,calixarene,1.657752513885498
2083,1,1052,C1C2=CC(=CC(=C2O)CC3=CC(=CC(=C3O)CC4=C(C(=CC(=C4)S(=O)(=O)O)CC5=C(C1=CC(=C5)S(=O)(=O)O)O)O)S(=O)(=O)O)S(=O)(=O)O,[O-][N+](C)(C)C,calixarene,1.8162000179290771,O=S(=O)(O)c1cc2c(O)c(c1)Cc1cc(S(=O)(=O)O)cc(c1O)Cc1cc(S(=O)(=O)O)cc(c1O)Cc1cc(S(=O)(=O)O)cc(c1O)C2,C1130CCDC8DA0C6458EF6C2E07E7F3330D8F8B055CBE4DEAADB70DC00C8CDFC1,HOST_CAN_0154,PASS,C[N+](C)(C)[O-],4DB759A0012AC932B8EA6AED1F8E65169620716D15FE7CD3F5ACA63C95C1E141,GUEST_CAN_0583,PASS,AttentiveFP,3,family_cold,calixarene,2.1401567459106445
2085,106,5,CCCOC1=C2CC3=CC(P(OC)(O[Li])=O)=CC(CC4=C(OCCC)C(CC5=C(OCCC)C(CC1=CC(P(OC)(O[Li])=O)=C2)=CC(P(OC)(O[Li])=O)=C5)=CC(P(OC)(O[Li])=O)=C4)=C3OCCC,C1=CC=C(C=C1)CCN.Cl,calixarene,1.8451000452041626,[Li][O]P(=O)(OC)c1cc2c(OCCC)c(c1)Cc1cc(P(=O)([O][Li])OC)cc(c1OCCC)Cc1cc(P(=O)([O][Li])OC)cc(c1OCCC)Cc1cc(P(=O)([O][Li])OC)cc(c1OCCC)C2,7E35E77A746111D0F7C2AD48B4236AD5F23EBD686B02C0BEF4D3F0D97CE016F4,HOST_CAN_0180,PASS,Cl.NCCc1ccccc1,694C353D974E43F94B1A87CEC52C279387A77EBF6FFAF0F180A66EE64E2F9B79,GUEST_CAN_0692,PASS,AttentiveFP,3,family_cold,calixarene,2.132061004638672
2090,63,599,Oc1c2Cc3cc(cc(c3O)Cc3cc(cc(c3O)Cc3cc(cc(c3O)Cc3cc(cc(Cc4c(c(Cc5c(c(Cc6c(c(Cc1cc(c2)S(=O)(=O)[O-])cc(c6)S(=O)(=O)[O-])O)cc(c5)S(=O)(=O)[O-])O)cc(c4)S(=O)(=O)[O-])O)c3O)S(=O)(=O)[O-])S(=O)(=O)[O-])S(=O)(=O)[O-])S(=O)(=O)[O-],CC(c1ccccc1[N+](=O)[O-])OCC[N+](C)(C)C,calixarene,4.531499862670898,O=S(=O)([O-])c1cc2c(O)c(c1)Cc1cc(S(=O)(=O)[O-])cc(c1O)Cc1cc(S(=O)(=O)[O-])cc(c1O)Cc1cc(S(=O)(=O)[O-])cc(c1O)Cc1cc(S(=O)(=O)[O-])cc(c1O)Cc1cc(S(=O)(=O)[O-])cc(c1O)Cc1cc(S(=O)(=O)[O-])cc(c1O)Cc1cc(S(=O)(=O)[O-])cc(c1O)C2,3C24C9B25872FE0768A640DF44D242D9AEC5F3FA9C167A457997BAE8D628FFF1,HOST_CAN_0166,PASS,CC(OCC[N+](C)(C)C)c1ccccc1[N+](=O)[O-],564C2BD700BE3B4AC81778858439198198D65A7C0BD9F3BB910237FE048B6847,GUEST_CAN_0191,PASS,AttentiveFP,3,family_cold,calixarene,4.651051044464111
2092,1,201,C1C2=CC(=CC(=C2O)CC3=CC(=CC(=C3O)CC4=C(C(=CC(=C4)S(=O)(=O)O)CC5=C(C1=CC(=C5)S(=O)(=O)O)O)O)S(=O)(=O)O)S(=O)(=O)O,[Li+],calixarene,2.1429998874664307,O=S(=O)(O)c1cc2c(O)c(c1)Cc1cc(S(=O)(=O)O)cc(c1O)Cc1cc(S(=O)(=O)O)cc(c1O)Cc1cc(S(=O)(=O)O)cc(c1O)C2,C1130CCDC8DA0C6458EF6C2E07E7F3330D8F8B055CBE4DEAADB70DC00C8CDFC1,HOST_CAN_0154,PASS,[Li+],A7557B375892DC7E581DDC6CA9773574F95B6514113F07A19BDE6059504332FE,GUEST_CAN_1071,PASS,AttentiveFP,3,family_cold,calixarene,1.9163477420806885
2099,30,658,C1C2=CC(=CC(=C2O)CC3=CC(=CC(=C3O)CC4=CC(=CC(=C4O)CC5=C(C(=CC(=C5)S(=O)(=O)[O-])CC6=C(C(=CC(=C6)S(=O)(=O)[O-])CC7=C(C1=CC(=C7)S(=O)(=O)[O-])O)O)O)S(=O)(=O)[O-])S(=O)(=O)[O-])S(=O)(=O)[O-],CC[N+](CC)(CC)CC1=CC=CC=C1,calixarene,4.800000190734863,O=S(=O)([O-])c1cc2c(O)c(c1)Cc1cc(S(=O)(=O)[O-])cc(c1O)Cc1cc(S(=O)(=O)[O-])cc(c1O)Cc1cc(S(=O)(=O)[O-])cc(c1O)Cc1cc(S(=O)(=O)[O-])cc(c1O)Cc1cc(S(=O)(=O)[O-])cc(c1O)C2,175E9D01D3A7DD7BE73E9B8659E8BAA0A16B2D5C4CCEFE3BEFED10121429BF10,HOST_CAN_0164,PASS,CC[N+](CC)(CC)Cc1ccccc1,D3082D17492ADECD8DFE6B302C61BEF55BEECCF7C5432D2FDC812E354CDD2BE4,GUEST_CAN_0376,PASS,AttentiveFP,3,family_cold,calixarene,3.788419246673584
2101,32,212,OC(=O)c1ccc(cc1)N=Nc1cc2Cc3cc(N=Nc4ccc(cc4)C(=O)O)cc(c3O)Cc3cc(cc(Cc4c(c(Cc(c1)c2O)cc(N=Nc1ccc(cc1)C(=O)O)c4)O)c3O)/N=N/c1ccc(cc1)C(=O)O,CCC1(C2=C(COC1=O)C(=O)N3CC4=CC5=CC=CC=C5N=C4C3=C2)O,calixarene,6.301000118255615,O=C(O)c1ccc(N=Nc2cc3c(O)c(c2)Cc2cc(N=Nc4ccc(C(=O)O)cc4)cc(c2O)Cc2cc(/N=N/c4ccc(C(=O)O)cc4)cc(c2O)Cc2cc(N=Nc4ccc(C(=O)O)cc4)cc(c2O)C3)cc1,5B585DBFF951CBB98E465DBECF308ACBE2EAF8773CE9C58156BE700CBB287248,HOST_CAN_0134,PASS,CCC1(O)C(=O)OCc2c1cc1n(c2=O)Cc2cc3ccccc3nc2-1,E9469B35D0FA832E6E52F35A157677A6168BC086499F2BDA38D585474E1165AE,GUEST_CAN_0263,PASS,AttentiveFP,3,family_cold,calixarene,4.977132797241211
2104,1,625,C1C2=CC(=CC(=C2O)CC3=CC(=CC(=C3O)CC4=C(C(=CC(=C4)S(=O)(=O)O)CC5=C(C1=CC(=C5)S(=O)(=O)O)O)O)S(=O)(=O)O)S(=O)(=O)O,Cl[Ni]Cl,calixarene,3.7451000213623047,O=S(=O)(O)c1cc2c(O)c(c1)Cc1cc(S(=O)(=O)O)cc(c1O)Cc1cc(S(=O)(=O)O)cc(c1O)Cc1cc(S(=O)(=O)O)cc(c1O)C2,C1130CCDC8DA0C6458EF6C2E07E7F3330D8F8B055CBE4DEAADB70DC00C8CDFC1,HOST_CAN_0154,PASS,[Cl][Ni][Cl],F5998A3880CF3FC5A3748CB5A3A499E73F833CEB743BCFCDE469E8A30FB72229,GUEST_CAN_1047,PASS,AttentiveFP,3,family_cold,calixarene,1.611461877822876
2106,99,72,N#CCOc1c2Cc3cc(cc(c3O)Cc3cc(cc(c3O)Cc3cc(cc(c3O)Cc3cc(cc(Cc4c(c(Cc5c(c(Cc6c(c(Cc1cc(c2)S(=O)(=O)O)cc(c6)S(=O)(=O)O)O)cc(c5)S(=O)(=O)O)O)cc(c4)S(=O)(=O)O)O)c3O)S(=O)(=O)O)S(=O)(=O)O)S(=O)(=O)O)S(=O)(=O)O,NC(C(=O)O)Cc1c[nH]cn1,calixarene,2.819499969482422,N#CCOc1c2cc(S(=O)(=O)O)cc1Cc1cc(S(=O)(=O)O)cc(c1O)Cc1cc(S(=O)(=O)O)cc(c1O)Cc1cc(S(=O)(=O)O)cc(c1O)Cc1cc(S(=O)(=O)O)cc(c1O)Cc1cc(S(=O)(=O)O)cc(c1O)Cc1cc(S(=O)(=O)O)cc(c1O)Cc1cc(S(=O)(=O)O)cc(c1O)C2,9C5AE9DC33FB7183D6DE570E4F40C5ED225E59EFD3C7E5485333524BCCF933C0,HOST_CAN_0103,PASS,NC(Cc1c[nH]cn1)C(=O)O,FB673C9EDBC2F6C509C14A12DA10308CC8AD4E94C32BC5F3BAD448FBAA74F381,GUEST_CAN_0741,PASS,AttentiveFP,3,family_cold,calixarene,3.1963696479797363
2109,1,165,C1C2=CC(=CC(=C2O)CC3=CC(=CC(=C3O)CC4=C(C(=CC(=C4)S(=O)(=O)O)CC5=C(C1=CC(=C5)S(=O)(=O)O)O)O)S(=O)(=O)O)S(=O)(=O)O,CCCCC[NH3+],calixarene,3.809999942779541,O=S(=O)(O)c1cc2c(O)c(c1)Cc1cc(S(=O)(=O)O)cc(c1O)Cc1cc(S(=O)(=O)O)cc(c1O)Cc1cc(S(=O)(=O)O)cc(c1O)C2,C1130CCDC8DA0C6458EF6C2E07E7F3330D8F8B055CBE4DEAADB70DC00C8CDFC1,HOST_CAN_0154,PASS,CCCCC[NH3+],87469872E602061811AE44CAB9FD6AF6067BA08C39AA373262A49AD7E46387C5,GUEST_CAN_0307,PASS,AttentiveFP,3,family_cold,calixarene,3.1753947734832764
2116,25,604,CCCOc1c2Cc3cc(cc(c3OCCC)Cc3cc(cc(Cc4c(c(Cc1cc(c2)P(=O)(O)O)cc(c4)P(=O)(O)O)OCCC)c3OCCC)P(=O)(O)O)P(=O)(O)O,C1=CC=C(C=C1)CN.Cl,calixarene,1.857300043106079,CCCOc1c2cc(P(=O)(O)O)cc1Cc1cc(P(=O)(O)O)cc(c1OCCC)Cc1cc(P(=O)(O)O)cc(c1OCCC)Cc1cc(P(=O)(O)O)cc(c1OCCC)C2,C043E79A34829EDDBE86C6FC09E756E7D0FDCE1A2BB383803C5CAA52B9480850,HOST_CAN_0037,PASS,Cl.NCc1ccccc1,940B23638656F8FE23E14ED8A0BBBA6E62D42F8FE7C323CF9C1D5C7983D012F0,GUEST_CAN_0694,PASS,AttentiveFP,3,family_cold,calixarene,2.3037614822387695
2120,55,178,OC1=C(CC2=CC(S(=O)([O-])=O)=CC(CC3=C(O)C4=CC(S(=O)([O-])=O)=C3)=C2O)C=C(S(=O)([O-])=O)C=C1CC5=C(O)C(CC6=CC(S(=O)([O-])=O)=CC(CC7=CC(S(=O)([O-])=O)=CC(CC8=C(O)C(CC9=CC(S(=O)([O-])=O)=CC(C4)=C9O)=CC(S(=O)([O-])=O)=C8)=C7OCCN)=C6O)=CC(S(=O)([O-])=O)=C5,C(CCN)CC(C(=O)O)N,calixarene,2.9853999614715576,NCCOc1c2cc(S(=O)(=O)[O-])cc1Cc1cc(S(=O)(=O)[O-])cc(c1O)Cc1cc(S(=O)(=O)[O-])cc(c1O)Cc1cc(S(=O)(=O)[O-])cc(c1O)Cc1cc(S(=O)(=O)[O-])cc(c1O)Cc1cc(S(=O)(=O)[O-])cc(c1O)Cc1cc(S(=O)(=O)[O-])cc(c1O)Cc1cc(S(=O)(=O)[O-])cc(c1O)C2,46CD7FE84C8D6C4EF795EC2A85AC98203C8613778274664FF650C7423640E7D1,HOST_CAN_0112,PASS,NCCCCC(N)C(=O)O,BD55DE8B1F18BBBA0B9FB86FA685E52B4743F1B75F837E0522E8C602B3191BA0,GUEST_CAN_0785,PASS,AttentiveFP,3,family_cold,calixarene,3.2198290824890137
2121,30,286,C1C2=CC(=CC(=C2O)CC3=CC(=CC(=C3O)CC4=CC(=CC(=C4O)CC5=C(C(=CC(=C5)S(=O)(=O)[O-])CC6=C(C(=CC(=C6)S(=O)(=O)[O-])CC7=C(C1=CC(=C7)S(=O)(=O)[O-])O)O)O)S(=O)(=O)[O-])S(=O)(=O)[O-])S(=O)(=O)[O-],C[N+](C)(C)CCO,calixarene,4.800000190734863,O=S(=O)([O-])c1cc2c(O)c(c1)Cc1cc(S(=O)(=O)[O-])cc(c1O)Cc1cc(S(=O)(=O)[O-])cc(c1O)Cc1cc(S(=O)(=O)[O-])cc(c1O)Cc1cc(S(=O)(=O)[O-])cc(c1O)Cc1cc(S(=O)(=O)[O-])cc(c1O)C2,175E9D01D3A7DD7BE73E9B8659E8BAA0A16B2D5C4CCEFE3BEFED10121429BF10,HOST_CAN_0164,PASS,C[N+](C)(C)CCO,EE2F222C864A3340CB6DC5C1A21FDDCC9B162B0220641118D30F914132FC0AFF,GUEST_CAN_0568,PASS,AttentiveFP,3,family_cold,calixarene,2.1691770553588867
2129,21,275,Brc1ccc(cc1)S(=O)(=O)Nc1cc2Cc3cc(cc(c3O)Cc3cc(cc(Cc4c(c(Cc(c1)c2O)cc(c4)S(=O)(=O)O)O)c3O)S(=O)(=O)O)S(=O)(=O)O,NCCCCC(C(=O)NC(C(=O)NC(C(=O)NCC(=O)NC(C(=O)N)Cc1ccc(cc1)O)C(O)C)CO)NC(=O)C(NC(C(=O)NC(=O)C(C(O)C)NC(=O)C(NC(=O)C(NC(=O)C(C(O)C)NC(=O)C(NC(=O)C(N)C)CCCNC(=N)N)CCCC[N+](C)(C)C)CCC(=O)N)C)CCCNC(=N)N,calixarene,6.505099773406982,O=S(=O)(O)c1cc2c(O)c(c1)Cc1cc(S(=O)(=O)O)cc(c1O)Cc1cc(S(=O)(=O)O)cc(c1O)Cc1cc(NS(=O)(=O)c3ccc(Br)cc3)cc(c1O)C2,9740E1ADA78264243C242FDF917430805970CF99DF4E8ED560501F29D97FEA8B,HOST_CAN_0153,PASS,CC(N)C(=O)NC(CCCNC(=N)N)C(=O)NC(C(=O)NC(CCCC[N+](C)(C)C)C(=O)NC(CCC(N)=O)C(=O)NC(C(=O)NC(=O)C(C)NC(CCCNC(=N)N)C(=O)NC(CCCCN)C(=O)NC(CO)C(=O)NC(C(=O)NCC(=O)NC(Cc1ccc(O)cc1)C(N)=O)C(C)O)C(C)O)C(C)O,25FDB195356441D0C34087BE8843E3CE8B61830D9520FAA57B9456D076F4D6B7,GUEST_CAN_0178,PASS,AttentiveFP,3,family_cold,calixarene,4.733466625213623
2131,46,1062,C1C2=CC(=CC(=C2O)CC3=CC(=CC(=C3O)CC4=C(C(=CC(=C4)S(=O)(=O)O)CC5=C(C1=CC(=C5)S(=O)(=O)[O-])O)O)S(=O)(=O)O)S(=O)(=O)O.[Na+],NCCCCC(C(=O)NC(C(=O)NC(C(=O)NC(C(=O)NC(C(=O)NC(C(=O)NC(C(=O)O)CC(C)C)CCCNC(=N)N)CCCNC(=N)N)CC(C)C)[C@H](O)C)CCCNC(=N)N)NC(=O)C(Cc1c[nH]c2c1cccc2)N,calixarene,6.397900104522705,O=S(=O)([O-])c1cc2c(O)c(c1)Cc1cc(S(=O)(=O)O)cc(c1O)Cc1cc(S(=O)(=O)O)cc(c1O)Cc1cc(S(=O)(=O)O)cc(c1O)C2.[Na+],CA94CECC10EDB9167B38E05C5D125873C9C1506ED227A3D9C6CBBCD696828A96,HOST_CAN_0163,PASS,CC(C)CC(NC(=O)C(CCCNC(=N)N)NC(=O)C(CCCNC(=N)N)NC(=O)C(CC(C)C)NC(=O)C(NC(=O)C(CCCNC(=N)N)NC(=O)C(CCCCN)NC(=O)C(N)Cc1c[nH]c2ccccc12)[C@@H](C)O)C(=O)O,522C4C6F8AE66033BC060C6A7786E89641C15B48B1F6A423D47ECA424662111C,GUEST_CAN_0139,PASS,AttentiveFP,3,family_cold,calixarene,4.410073280334473
2140,22,979,Oc1c2Sc3cc(cc(c3O)Sc3cc(cc(Sc4c(c(Sc1cc(c2)S(=O)(=O)O)cc(c4)S(=O)(=O)O)O)c3O)S(=O)(=O)O)S(=O)(=O)O,NC1=CC=NC=C1,calixarene,2.465399980545044,O=S(=O)(O)c1cc2c(O)c(c1)Sc1cc(S(=O)(=O)O)cc(c1O)Sc1cc(S(=O)(=O)O)cc(c1O)Sc1cc(S(=O)(=O)O)cc(c1O)S2,5FE888C1FB51BDA35D21231A31EDB8203ACD56DD9744D0C6B83351EC668D4256,HOST_CAN_0156,PASS,Nc1ccncc1,CEC5078599FE0F065A74BE06F99F85ECB9F5D4A310E56C7D637E739DBC41FCA9,GUEST_CAN_0840,PASS,AttentiveFP,3,family_cold,calixarene,2.171018362045288
2141,24,440,OC1=C2C=C(S(=O)([O-])=O)C=C1CC3=C(O)C(CC4=CC(S(=O)([O-])=O)=CC(CC5=CC(S(=O)([O-])=O)=CC(CC6=CC(S(=O)([O-])=O)=CC(CC(C=C(S(=O)([O-])=O)C=C7C2)=C7O)=C6O)=C5O)=C4O)=CC(S(=O)([O-])=O)=C3.[Na+].[Na+].[Na+].[Na+].[Na+].[Na+],CC(C(=O)O)NC(=O)CN,calixarene,3.4700000286102295,O=S(=O)([O-])c1cc2c(O)c(c1)Cc1cc(S(=O)(=O)[O-])cc(c1O)Cc1cc(S(=O)(=O)[O-])cc(c1O)Cc1cc(S(=O)(=O)[O-])cc(c1O)Cc1cc(S(=O)(=O)[O-])cc(c1O)Cc1cc(S(=O)(=O)[O-])cc(c1O)C2.[Na+].[Na+].[Na+].[Na+].[Na+].[Na+],2C1F820212E47C3BD5C15E73832EDE6A35C8C7920DDCE445D20F661D969CA26F,HOST_CAN_0165,PASS,CC(NC(=O)CN)C(=O)O,05890C7DD45D8F3107459006B72D4EDB9CC5C3A82EEA862EFDB24093E953F0AC,GUEST_CAN_0186,PASS,AttentiveFP,3,family_cold,calixarene,2.225344181060791
2144,178,286,CC1c2cc(c(cc2O)O)C(C)c2cc(c(cc2O)O)C(c2cc(C(c3cc1c(O)cc3O)C)c(O)cc2O)C,C[N+](C)(C)CCO,calixarene,3.9000000953674316,CC1c2cc(c(O)cc2O)C(C)c2cc(c(O)cc2O)C(C)c2cc(c(O)cc2O)C(C)c2cc1c(O)cc2O,F8F3531601E46BE363757E4958384DC8A131D5BFE667EF4EB7FA3F2E61704A87,HOST_CAN_0019,PASS,C[N+](C)(C)CCO,EE2F222C864A3340CB6DC5C1A21FDDCC9B162B0220641118D30F914132FC0AFF,GUEST_CAN_0568,PASS,AttentiveFP,3,family_cold,calixarene,2.5158376693725586
2147,187,425,OC(=O)COc1c2Cc3cc(cc(c3O)Cc3cc(cc(Cc4c(c(Cc1cc(c2)S(=O)(=O)O)cc(c4)S(=O)(=O)O)O)c3OCC(=O)O)S(=O)(=O)O)S(=O)(=O)O,C[N+](C)(C)C.[Cl-],calixarene,2.5999999046325684,O=C(O)COc1c2cc(S(=O)(=O)O)cc1Cc1cc(S(=O)(=O)O)cc(c1O)Cc1cc(S(=O)(=O)O)cc(c1OCC(=O)O)Cc1cc(S(=O)(=O)O)cc(c1O)C2,7DB78DC75D05DE6D3FD1E73953241F1CFA06FA0B1FECD2C286AD0E7C2C0C4001,HOST_CAN_0128,PASS,C[N+](C)(C)C.[Cl-],97CBE1F038662B7BAAFAA36975C0625535DAE38A6F8B98279CB23B458DDA3056,GUEST_CAN_0555,PASS,AttentiveFP,3,family_cold,calixarene,2.768234968185425
2148,1,1064,C1C2=CC(=CC(=C2O)CC3=CC(=CC(=C3O)CC4=C(C(=CC(=C4)S(=O)(=O)O)CC5=C(C1=CC(=C5)S(=O)(=O)O)O)O)S(=O)(=O)O)S(=O)(=O)O,[Cl-].[Eu+3].[Cl-].[Cl-],calixarene,3.8299999237060547,O=S(=O)(O)c1cc2c(O)c(c1)Cc1cc(S(=O)(=O)O)cc(c1O)Cc1cc(S(=O)(=O)O)cc(c1O)Cc1cc(S(=O)(=O)O)cc(c1O)C2,C1130CCDC8DA0C6458EF6C2E07E7F3330D8F8B055CBE4DEAADB70DC00C8CDFC1,HOST_CAN_0154,PASS,[Cl-].[Cl-].[Cl-].[Eu+3],50FFF1A32B53A3AA2E6015D8F96E55CF4E774BF141BFE16EC709B1DF2E34F844,GUEST_CAN_1025,PASS,AttentiveFP,3,family_cold,calixarene,2.7025887966156006
2150,1,525,C1C2=CC(=CC(=C2O)CC3=CC(=CC(=C3O)CC4=C(C(=CC(=C4)S(=O)(=O)O)CC5=C(C1=CC(=C5)S(=O)(=O)O)O)O)S(=O)(=O)O)S(=O)(=O)O,NCC(=O)N[C@@H](CC(C)C)C(=O)O,calixarene,3.2200000286102295,O=S(=O)(O)c1cc2c(O)c(c1)Cc1cc(S(=O)(=O)O)cc(c1O)Cc1cc(S(=O)(=O)O)cc(c1O)Cc1cc(S(=O)(=O)O)cc(c1O)C2,C1130CCDC8DA0C6458EF6C2E07E7F3330D8F8B055CBE4DEAADB70DC00C8CDFC1,HOST_CAN_0154,PASS,CC(C)C[C@H](NC(=O)CN)C(=O)O,369E589A87D863926710C3B33091598567B388CAB40B8814AF119330C012435F,GUEST_CAN_0152,PASS,AttentiveFP,3,family_cold,calixarene,2.031519651412964
2151,24,314,OC1=C2C=C(S(=O)([O-])=O)C=C1CC3=C(O)C(CC4=CC(S(=O)([O-])=O)=CC(CC5=CC(S(=O)([O-])=O)=CC(CC6=CC(S(=O)([O-])=O)=CC(CC(C=C(S(=O)([O-])=O)C=C7C2)=C7O)=C6O)=C5O)=C4O)=CC(S(=O)([O-])=O)=C3.[Na+].[Na+].[Na+].[Na+].[Na+].[Na+],C(C(=O)NCC(=O)O)N,calixarene,3.299999952316284,O=S(=O)([O-])c1cc2c(O)c(c1)Cc1cc(S(=O)(=O)[O-])cc(c1O)Cc1cc(S(=O)(=O)[O-])cc(c1O)Cc1cc(S(=O)(=O)[O-])cc(c1O)Cc1cc(S(=O)(=O)[O-])cc(c1O)Cc1cc(S(=O)(=O)[O-])cc(c1O)C2.[Na+].[Na+].[Na+].[Na+].[Na+].[Na+],2C1F820212E47C3BD5C15E73832EDE6A35C8C7920DDCE445D20F661D969CA26F,HOST_CAN_0165,PASS,NCC(=O)NCC(=O)O,CBCC05D0D71B7353262B49DA950175F7023233A16A2FEDFC4011D88F9F93B0FB,GUEST_CAN_0770,PASS,AttentiveFP,3,family_cold,calixarene,2.2189414501190186
2152,90,949,CCCCCCCCCCCCCOc1c2cc(cc1Cc1cc(NC(=N)[NH3+])cc(c1OCCCCCCCCCCCC)Cc1cc(NC(=N)[NH3+])cc(c1OCCCCCCCCCCCC)Cc1c(c(Cc3c(c(C2)cc(NC(=N)[NH3+])c3)OCCCCCCCCCCCC)cc(NC(=N)[NH3+])c1)OCCCCCCCCCCCC)NC(=N)[NH3+],[O-]c1ccc2c(c1)oc1-c(c2c2ccccc2C(=O)[O-])ccc(=O)c1,calixarene,7.278800010681152,CCCCCCCCCCCCCOc1c2cc(NC(=N)[NH3+])cc1Cc1cc(NC(=N)[NH3+])cc(c1OCCCCCCCCCCCC)Cc1cc(NC(=N)[NH3+])cc(c1OCCCCCCCCCCCC)Cc1cc(NC(=N)[NH3+])cc(c1OCCCCCCCCCCCC)Cc1cc(NC(=N)[NH3+])cc(c1OCCCCCCCCCCCC)C2,A5AE0C6743B4C191BBE311A7590CE3620FD85BC6216E8A86BBF33F2997A94F95,HOST_CAN_0025,PASS,O=C([O-])c1ccccc1-c1c2ccc(=O)cc-2oc2cc([O-])ccc12,46256330BE528666D111033C130C7C029A2092FF2942927C1803A9F444584A3F,GUEST_CAN_0909,PASS,AttentiveFP,3,family_cold,calixarene,6.2546586990356445
2155,99,56,N#CCOc1c2Cc3cc(cc(c3O)Cc3cc(cc(c3O)Cc3cc(cc(c3O)Cc3cc(cc(Cc4c(c(Cc5c(c(Cc6c(c(Cc1cc(c2)S(=O)(=O)O)cc(c6)S(=O)(=O)O)O)cc(c5)S(=O)(=O)O)O)cc(c4)S(=O)(=O)O)O)c3O)S(=O)(=O)O)S(=O)(=O)O)S(=O)(=O)O)S(=O)(=O)O,CCCC(C(=O)O)N,calixarene,1.9493999481201172,N#CCOc1c2cc(S(=O)(=O)O)cc1Cc1cc(S(=O)(=O)O)cc(c1O)Cc1cc(S(=O)(=O)O)cc(c1O)Cc1cc(S(=O)(=O)O)cc(c1O)Cc1cc(S(=O)(=O)O)cc(c1O)Cc1cc(S(=O)(=O)O)cc(c1O)Cc1cc(S(=O)(=O)O)cc(c1O)Cc1cc(S(=O)(=O)O)cc(c1O)C2,9C5AE9DC33FB7183D6DE570E4F40C5ED225E59EFD3C7E5485333524BCCF933C0,HOST_CAN_0103,PASS,CCCC(N)C(=O)O,81F3215F9F46874A7436620E7AD92167936CF997FB3F203D4397A018C4B56861,GUEST_CAN_0268,PASS,AttentiveFP,3,family_cold,calixarene,2.859894037246704
2156,99,126,N#CCOc1c2Cc3cc(cc(c3O)Cc3cc(cc(c3O)Cc3cc(cc(c3O)Cc3cc(cc(Cc4c(c(Cc5c(c(Cc6c(c(Cc1cc(c2)S(=O)(=O)O)cc(c6)S(=O)(=O)O)O)cc(c5)S(=O)(=O)O)O)cc(c4)S(=O)(=O)O)O)c3O)S(=O)(=O)O)S(=O)(=O)O)S(=O)(=O)O)S(=O)(=O)O,NC(C(=O)O)Cc1ccccc1,calixarene,2.2528998851776123,N#CCOc1c2cc(S(=O)(=O)O)cc1Cc1cc(S(=O)(=O)O)cc(c1O)Cc1cc(S(=O)(=O)O)cc(c1O)Cc1cc(S(=O)(=O)O)cc(c1O)Cc1cc(S(=O)(=O)O)cc(c1O)Cc1cc(S(=O)(=O)O)cc(c1O)Cc1cc(S(=O)(=O)O)cc(c1O)Cc1cc(S(=O)(=O)O)cc(c1O)C2,9C5AE9DC33FB7183D6DE570E4F40C5ED225E59EFD3C7E5485333524BCCF933C0,HOST_CAN_0103,PASS,NC(Cc1ccccc1)C(=O)O,4B6B1236F1C31D28D9F95F736FF46B2960AFF4F6FCE3D9E76CF43DE2ADDE8B08,GUEST_CAN_0746,PASS,AttentiveFP,3,family_cold,calixarene,3.419658660888672
2160,1,1067,C1C2=CC(=CC(=C2O)CC3=CC(=CC(=C3O)CC4=C(C(=CC(=C4)S(=O)(=O)O)CC5=C(C1=CC(=C5)S(=O)(=O)O)O)O)S(=O)(=O)O)S(=O)(=O)O,[Cl-].[Sm+3].[Cl-].[Cl-],calixarene,3.819999933242798,O=S(=O)(O)c1cc2c(O)c(c1)Cc1cc(S(=O)(=O)O)cc(c1O)Cc1cc(S(=O)(=O)O)cc(c1O)Cc1cc(S(=O)(=O)O)cc(c1O)C2,C1130CCDC8DA0C6458EF6C2E07E7F3330D8F8B055CBE4DEAADB70DC00C8CDFC1,HOST_CAN_0154,PASS,[Cl-].[Cl-].[Cl-].[Sm+3],A74DA779C4483A4B99DDC359FED6A64CE9D709E603E1B417EE7434D70025BF07,GUEST_CAN_1027,PASS,AttentiveFP,3,family_cold,calixarene,2.7025887966156006
2161,82,15,OC1=C2C=C(S(=O)([O-])=O)C=C1CC3=C(O)C(CC4=CC(S(=O)([O-])=O)=CC(CC5=CC(S(=O)([O-])=O)=CC(CC6=CC(S(=O)([O-])=O)=CC(CC(C=C(S(=O)([O-])=O)C=C7C2)=C7O)=C6O)=C5OCCN)=C4O)=CC(S(=O)([O-])=O)=C3,[O-]C(=O)CC(C(=O)O)N,calixarene,3.400700092315674,NCCOc1c2cc(S(=O)(=O)[O-])cc1Cc1cc(S(=O)(=O)[O-])cc(c1O)Cc1cc(S(=O)(=O)[O-])cc(c1O)Cc1cc(S(=O)(=O)[O-])cc(c1O)Cc1cc(S(=O)(=O)[O-])cc(c1O)Cc1cc(S(=O)(=O)[O-])cc(c1O)C2,943BCEA8586BE526CE8501B61202A05D77257BC2BB9DA3A3C52BD077795B3D50,HOST_CAN_0111,PASS,NC(CC(=O)[O-])C(=O)O,BB5F75F5A9C5B3B73A0A3B7339C8AC7150359761D5C24F8C1D742AB3AA3BCA26,GUEST_CAN_0731,PASS,AttentiveFP,3,family_cold,calixarene,1.8363721370697021
2162,1,556,C1C2=CC(=CC(=C2O)CC3=CC(=CC(=C3O)CC4=C(C(=CC(=C4)S(=O)(=O)O)CC5=C(C1=CC(=C5)S(=O)(=O)O)O)O)S(=O)(=O)O)S(=O)(=O)O,[Cl-].[Rb+],calixarene,2.40310001373291,O=S(=O)(O)c1cc2c(O)c(c1)Cc1cc(S(=O)(=O)O)cc(c1O)Cc1cc(S(=O)(=O)O)cc(c1O)Cc1cc(S(=O)(=O)O)cc(c1O)C2,C1130CCDC8DA0C6458EF6C2E07E7F3330D8F8B055CBE4DEAADB70DC00C8CDFC1,HOST_CAN_0154,PASS,[Cl-].[Rb+],F45F5EBA18BFE44CAB128A2E84C8B34A3194175A1497FEDAE86348640AB59865,GUEST_CAN_1041,PASS,AttentiveFP,3,family_cold,calixarene,1.5529303550720215
2164,106,942,CCCOC1=C2CC3=CC(P(OC)(O[Li])=O)=CC(CC4=C(OCCC)C(CC5=C(OCCC)C(CC1=CC(P(OC)(O[Li])=O)=C2)=CC(P(OC)(O[Li])=O)=C5)=CC(P(OC)(O[Li])=O)=C4)=C3OCCC,C1=CC=C(C(=C1)N)N.Cl.Cl,calixarene,1.0,[Li][O]P(=O)(OC)c1cc2c(OCCC)c(c1)Cc1cc(P(=O)([O][Li])OC)cc(c1OCCC)Cc1cc(P(=O)([O][Li])OC)cc(c1OCCC)Cc1cc(P(=O)([O][Li])OC)cc(c1OCCC)C2,7E35E77A746111D0F7C2AD48B4236AD5F23EBD686B02C0BEF4D3F0D97CE016F4,HOST_CAN_0180,PASS,Cl.Cl.Nc1ccccc1N,2C92DDC7C6C053794C28C95C42283694C83ACF3616581E38869D1D17B25EF2B5,GUEST_CAN_0681,PASS,AttentiveFP,3,family_cold,calixarene,2.1350932121276855
