split	block_id	fold_index	seed	row_index	max_pair_similarity
host_cold	host_cold/fold_0	0		7	0.83000004291534424
host_cold	host_cold/fold_0	0		12	0.82926833629608154
host_cold	host_cold/fold_0	0		14	0.77083337306976318
host_cold	host_cold/fold_0	0		17	0.61538463830947876
host_cold	host_cold/fold_0	0		18	1
host_cold	host_cold/fold_0	0		23	0.88297873735427856
host_cold	host_cold/fold_0	0		28	0.88297873735427856
host_cold	host_cold/fold_0	0		31	0.92592597007751465
host_cold	host_cold/fold_0	0		34	1
host_cold	host_cold/fold_0	0		38	0.67142856121063232
host_cold	host_cold/fold_0	0		40	0.875
host_cold	host_cold/fold_0	0		44	0.80851066112518311
host_cold	host_cold/fold_0	0		45	0.55084747076034546
host_cold	host_cold/fold_0	0		49	0.6111111044883728
host_cold	host_cold/fold_0	0		51	0.87121212482452393
host_cold	host_cold/fold_0	0		52	0.79166662693023682
host_cold	host_cold/fold_0	0		59	1
host_cold	host_cold/fold_0	0		71	0.5952380895614624
host_cold	host_cold/fold_0	0		75	1
host_cold	host_cold/fold_0	0		83	0.75694441795349121
host_cold	host_cold/fold_0	0		93	0.64772725105285645
host_cold	host_cold/fold_0	0		96	0.69696968793869019
host_cold	host_cold/fold_0	0		103	0.61688309907913208
host_cold	host_cold/fold_0	0		104	0.95348834991455078
host_cold	host_cold/fold_0	0		106	0.69354838132858276
host_cold	host_cold/fold_0	0		109	0.78409087657928467
host_cold	host_cold/fold_0	0		112	1
host_cold	host_cold/fold_0	0		123	0.83333337306976318
host_cold	host_cold/fold_0	0		128	0.57142859697341919
host_cold	host_cold/fold_0	0		133	0.77192986011505127
host_cold	host_cold/fold_0	0		139	0.6086956262588501
host_cold	host_cold/fold_0	0		145	0.5
host_cold	host_cold/fold_0	0		147	0.79411768913269043
host_cold	host_cold/fold_0	0		154	0.78999996185302734
host_cold	host_cold/fold_0	0		155	0.8888888955116272
host_cold	host_cold/fold_0	0		156	0.75
host_cold	host_cold/fold_0	0		161	0.71698111295700073
host_cold	host_cold/fold_0	0		164	0.84375
host_cold	host_cold/fold_0	0		165	1
host_cold	host_cold/fold_0	0		167	1
host_cold	host_cold/fold_0	0		170	0.63461542129516602
host_cold	host_cold/fold_0	0		171	0.75
host_cold	host_cold/fold_0	0		174	0.73913043737411499
host_cold	host_cold/fold_0	0		184	0.6640625
host_cold	host_cold/fold_0	0		187	0.38747218251228333
host_cold	host_cold/fold_0	0		188	0.6086956262588501
host_cold	host_cold/fold_0	0		194	0.66666668653488159
host_cold	host_cold/fold_0	0		197	0.87121212482452393
host_cold	host_cold/fold_0	0		199	0.88297873735427856
host_cold	host_cold/fold_0	0		202	0.66666668653488159
host_cold	host_cold/fold_0	0		206	0.71428573131561279
host_cold	host_cold/fold_0	0		212	0.81481480598449707
host_cold	host_cold/fold_0	0		213	0.72580647468566895
host_cold	host_cold/fold_0	0		217	0.6388888955116272
host_cold	host_cold/fold_0	0		218	0.78409087657928467
host_cold	host_cold/fold_0	0		220	1
host_cold	host_cold/fold_0	0		221	0.77192986011505127
host_cold	host_cold/fold_0	0		225	0.80434781312942505
host_cold	host_cold/fold_0	0		243	0.83749997615814209
host_cold	host_cold/fold_0	0		244	1
host_cold	host_cold/fold_0	0		247	0.81481480598449707
host_cold	host_cold/fold_0	0		249	1
host_cold	host_cold/fold_0	0		256	0.68333333730697632
host_cold	host_cold/fold_0	0		264	0.64523810148239136
host_cold	host_cold/fold_0	0		265	0.71666669845581055
host_cold	host_cold/fold_0	0		268	1
host_cold	host_cold/fold_0	0		270	0.77272725105285645
host_cold	host_cold/fold_0	0		271	0.64211887121200562
host_cold	host_cold/fold_0	0		276	0.62711864709854126
host_cold	host_cold/fold_0	0		277	0.93859648704528809
host_cold	host_cold/fold_0	0		288	0.63461542129516602
host_cold	host_cold/fold_0	0		298	1
host_cold	host_cold/fold_0	0		302	0.71698111295700073
host_cold	host_cold/fold_0	0		304	0.68918919563293457
host_cold	host_cold/fold_0	0		305	0.625
host_cold	host_cold/fold_0	0		307	1
host_cold	host_cold/fold_0	0		311	0.77083337306976318
host_cold	host_cold/fold_0	0		312	0.77499997615814209
host_cold	host_cold/fold_0	0		321	0.5727272629737854
host_cold	host_cold/fold_0	0		323	1
host_cold	host_cold/fold_0	0		325	0.78205132484436035
host_cold	host_cold/fold_0	0		334	0.39386790990829468
host_cold	host_cold/fold_0	0		335	1
host_cold	host_cold/fold_0	0		339	0.671875
host_cold	host_cold/fold_0	0		340	0.64999997615814209
host_cold	host_cold/fold_0	0		356	1
host_cold	host_cold/fold_0	0		358	0.61832058429718018
host_cold	host_cold/fold_0	0		361	1
host_cold	host_cold/fold_0	0		364	0.81481480598449707
host_cold	host_cold/fold_0	0		365	0.81481480598449707
host_cold	host_cold/fold_0	0		367	1
host_cold	host_cold/fold_0	0		370	0.75
host_cold	host_cold/fold_0	0		373	0.75
host_cold	host_cold/fold_0	0		379	0.75
host_cold	host_cold/fold_0	0		382	0.80208337306976318
host_cold	host_cold/fold_0	0		387	0.7014925479888916
host_cold	host_cold/fold_0	0		389	0.71698111295700073
host_cold	host_cold/fold_0	0		392	0.65555554628372192
host_cold	host_cold/fold_0	0		397	0.65909087657928467
host_cold	host_cold/fold_0	0		406	0.65957444906234741
host_cold	host_cold/fold_0	0		411	0.93181818723678589
host_cold	host_cold/fold_0	0		423	0.66455698013305664
host_cold	host_cold/fold_0	0		425	1
host_cold	host_cold/fold_0	0		430	0.84259259700775146
host_cold	host_cold/fold_0	0		431	0.88297873735427856
host_cold	host_cold/fold_0	0		436	1
host_cold	host_cold/fold_0	0		437	0.82142853736877441
host_cold	host_cold/fold_0	0		439	1
host_cold	host_cold/fold_0	0		450	0.92592597007751465
host_cold	host_cold/fold_0	0		452	1
host_cold	host_cold/fold_0	0		453	0.70588237047195435
host_cold	host_cold/fold_0	0		454	0.61956524848937988
host_cold	host_cold/fold_0	0		469	0.64035087823867798
host_cold	host_cold/fold_0	0		470	0.78125
host_cold	host_cold/fold_0	0		473	1
host_cold	host_cold/fold_0	0		477	0.65217387676239014
host_cold	host_cold/fold_0	0		479	0.67142856121063232
host_cold	host_cold/fold_0	0		490	1
host_cold	host_cold/fold_0	0		491	1
host_cold	host_cold/fold_0	0		493	0.61956524848937988
host_cold	host_cold/fold_0	0		498	0.78125
host_cold	host_cold/fold_0	0		503	1
host_cold	host_cold/fold_0	0		516	0.82142853736877441
host_cold	host_cold/fold_0	0		520	0.73076921701431274
host_cold	host_cold/fold_0	0		523	0.71698111295700073
host_cold	host_cold/fold_0	0		545	0.88297873735427856
host_cold	host_cold/fold_0	0		548	0.93000000715255737
host_cold	host_cold/fold_0	0		552	0.62857145071029663
host_cold	host_cold/fold_0	0		553	0.88297873735427856
host_cold	host_cold/fold_0	0		557	0.71666669845581055
host_cold	host_cold/fold_0	0		560	1
host_cold	host_cold/fold_0	0		565	0.93859648704528809
host_cold	host_cold/fold_0	0		570	1
host_cold	host_cold/fold_0	0		571	0.91346156597137451
host_cold	host_cold/fold_0	0		577	0.6640625
host_cold	host_cold/fold_0	0		578	0.625
host_cold	host_cold/fold_0	0		580	0.81818181276321411
host_cold	host_cold/fold_0	0		581	0.93859648704528809
host_cold	host_cold/fold_0	0		583	0.82142853736877441
host_cold	host_cold/fold_0	0		587	0.6640625
host_cold	host_cold/fold_0	0		611	0.662162184715271
host_cold	host_cold/fold_0	0		612	0.91666662693023682
host_cold	host_cold/fold_0	0		613	0.66666668653488159
host_cold	host_cold/fold_0	0		619	0.74074077606201172
host_cold	host_cold/fold_0	0		621	1
host_cold	host_cold/fold_0	0		623	0.55660378932952881
host_cold	host_cold/fold_0	0		629	1
host_cold	host_cold/fold_0	0		634	0.62962961196899414
host_cold	host_cold/fold_0	0		650	0.88297873735427856
host_cold	host_cold/fold_0	0		659	1
host_cold	host_cold/fold_0	0		670	0.73076921701431274
host_cold	host_cold/fold_0	0		671	1
host_cold	host_cold/fold_0	0		673	1
host_cold	host_cold/fold_0	0		677	0.82142853736877441
host_cold	host_cold/fold_0	0		683	0.91346156597137451
host_cold	host_cold/fold_0	0		693	0.86458337306976318
host_cold	host_cold/fold_0	0		700	0.73076921701431274
host_cold	host_cold/fold_0	0		702	0.87254905700683594
host_cold	host_cold/fold_0	0		705	0.63461542129516602
host_cold	host_cold/fold_0	0		712	0.93859648704528809
host_cold	host_cold/fold_0	0		714	0.75
host_cold	host_cold/fold_0	0		715	1
host_cold	host_cold/fold_0	0		716	0.56000000238418579
host_cold	host_cold/fold_0	0		719	0.77083337306976318
host_cold	host_cold/fold_0	0		722	0.83333337306976318
host_cold	host_cold/fold_0	0		727	0.90425533056259155
host_cold	host_cold/fold_0	0		728	0.92592597007751465
host_cold	host_cold/fold_0	0		730	0.83000004291534424
host_cold	host_cold/fold_0	0		733	0.68253970146179199
host_cold	host_cold/fold_0	0		741	0.78409087657928467
host_cold	host_cold/fold_0	0		742	0.62857145071029663
host_cold	host_cold/fold_0	0		745	0.63235294818878174
host_cold	host_cold/fold_0	0		750	0.75
host_cold	host_cold/fold_0	0		763	0.67703348398208618
host_cold	host_cold/fold_0	0		764	0.63793104887008667
host_cold	host_cold/fold_0	0		768	0.71666669845581055
host_cold	host_cold/fold_0	0		771	0.83000004291534424
host_cold	host_cold/fold_0	0		775	0.93859648704528809
host_cold	host_cold/fold_0	0		788	0.91346156597137451
host_cold	host_cold/fold_0	0		789	1
host_cold	host_cold/fold_0	0		791	1
host_cold	host_cold/fold_0	0		793	0.63793104887008667
host_cold	host_cold/fold_0	0		796	0.62820512056350708
host_cold	host_cold/fold_0	0		799	0.71666669845581055
host_cold	host_cold/fold_0	0		803	1
host_cold	host_cold/fold_0	0		811	0.6454545259475708
host_cold	host_cold/fold_0	0		814	0.96739131212234497
host_cold	host_cold/fold_0	0		816	1
host_cold	host_cold/fold_0	0		820	0.92592597007751465
host_cold	host_cold/fold_0	0		825	1
host_cold	host_cold/fold_0	0		829	1
host_cold	host_cold/fold_0	0		836	0.67857146263122559
host_cold	host_cold/fold_0	0		837	1
host_cold	host_cold/fold_0	0		838	1
host_cold	host_cold/fold_0	0		842	0.73529410362243652
host_cold	host_cold/fold_0	0		844	0.60227274894714355
host_cold	host_cold/fold_0	0		846	0.71698111295700073
host_cold	host_cold/fold_0	0		853	0.61940300464630127
host_cold	host_cold/fold_0	0		855	1
host_cold	host_cold/fold_0	0		857	0.54320985078811646
host_cold	host_cold/fold_0	0		859	0.66176474094390869
host_cold	host_cold/fold_0	0		861	0.83333337306976318
host_cold	host_cold/fold_0	0		863	0.77083337306976318
host_cold	host_cold/fold_0	0		875	0.63157892227172852
host_cold	host_cold/fold_0	0		877	0.6388888955116272
host_cold	host_cold/fold_0	0		883	0.72916668653488159
host_cold	host_cold/fold_0	0		886	0.71698111295700073
host_cold	host_cold/fold_0	0		887	1
host_cold	host_cold/fold_0	0		891	0.83333337306976318
host_cold	host_cold/fold_0	0		893	1
host_cold	host_cold/fold_0	0		896	0.64444446563720703
host_cold	host_cold/fold_0	0		903	0.8617020845413208
host_cold	host_cold/fold_0	0		904	0.69148933887481689
host_cold	host_cold/fold_0	0		912	0.83333337306976318
host_cold	host_cold/fold_0	0		918	0.72727274894714355
host_cold	host_cold/fold_0	0		923	0.7109375
host_cold	host_cold/fold_0	0		934	0.61940300464630127
host_cold	host_cold/fold_0	0		936	1
host_cold	host_cold/fold_0	0		940	0.5961538553237915
host_cold	host_cold/fold_0	0		941	0.75
host_cold	host_cold/fold_0	0		944	0.60000002384185791
host_cold	host_cold/fold_0	0		945	0.63793104887008667
host_cold	host_cold/fold_0	0		946	1
host_cold	host_cold/fold_0	0		958	0.93859648704528809
host_cold	host_cold/fold_0	0		959	0.81999999284744263
host_cold	host_cold/fold_0	0		961	0.88297873735427856
host_cold	host_cold/fold_0	0		962	1
host_cold	host_cold/fold_0	0		965	0.662162184715271
host_cold	host_cold/fold_0	0		978	0.81481480598449707
host_cold	host_cold/fold_0	0		981	0.68181818723678589
host_cold	host_cold/fold_0	0		983	0.55963301658630371
host_cold	host_cold/fold_0	0		984	0.55357146263122559
host_cold	host_cold/fold_0	0		990	0.61874997615814209
host_cold	host_cold/fold_0	0		994	0.63157892227172852
host_cold	host_cold/fold_0	0		995	0.93859648704528809
host_cold	host_cold/fold_0	0		997	0.88297873735427856
host_cold	host_cold/fold_0	0		998	0.78571426868438721
host_cold	host_cold/fold_0	0		1002	0.63793104887008667
host_cold	host_cold/fold_0	0		1012	0.66666668653488159
host_cold	host_cold/fold_0	0		1016	0.93859648704528809
host_cold	host_cold/fold_0	0		1017	0.96875
host_cold	host_cold/fold_0	0		1019	1
host_cold	host_cold/fold_0	0		1025	0.71428573131561279
host_cold	host_cold/fold_0	0		1032	0.30285286903381348
host_cold	host_cold/fold_0	0		1034	0.87121212482452393
host_cold	host_cold/fold_0	0		1037	0.625
host_cold	host_cold/fold_0	0		1038	1
host_cold	host_cold/fold_0	0		1057	0.68301510810852051
host_cold	host_cold/fold_0	0		1068	0.71698111295700073
host_cold	host_cold/fold_0	0		1071	0.48076921701431274
host_cold	host_cold/fold_0	0		1078	1
host_cold	host_cold/fold_0	0		1083	0.88297873735427856
host_cold	host_cold/fold_0	0		1085	0.60465115308761597
host_cold	host_cold/fold_0	0		1088	0.48076921701431274
host_cold	host_cold/fold_0	0		1097	0.66666668653488159
host_cold	host_cold/fold_0	0		1104	0.88297873735427856
host_cold	host_cold/fold_0	0		1114	1
host_cold	host_cold/fold_0	0		1117	0.53490567207336426
host_cold	host_cold/fold_0	0		1120	0.88297873735427856
host_cold	host_cold/fold_0	0		1124	0.83653843402862549
host_cold	host_cold/fold_0	0		1125	0.81818181276321411
host_cold	host_cold/fold_0	0		1127	1
host_cold	host_cold/fold_0	0		1129	0.77083337306976318
host_cold	host_cold/fold_0	0		1130	1
host_cold	host_cold/fold_0	0		1131	0.88297873735427856
host_cold	host_cold/fold_0	0		1137	0.60000002384185791
host_cold	host_cold/fold_0	0		1138	0.87121212482452393
host_cold	host_cold/fold_0	0		1146	0.66666668653488159
host_cold	host_cold/fold_0	0		1155	0.61702126264572144
host_cold	host_cold/fold_0	0		1158	0.65517240762710571
host_cold	host_cold/fold_0	0		1166	1
host_cold	host_cold/fold_0	0		1167	0.61486488580703735
host_cold	host_cold/fold_0	0		1173	0.91666662693023682
host_cold	host_cold/fold_0	0		1174	0.72727274894714355
host_cold	host_cold/fold_0	0		1177	0.55434781312942505
host_cold	host_cold/fold_0	0		1184	0.32222223281860352
host_cold	host_cold/fold_0	0		1189	0.71698111295700073
host_cold	host_cold/fold_0	0		1190	0.64788734912872314
host_cold	host_cold/fold_0	0		1191	0.6904761791229248
host_cold	host_cold/fold_0	0		1200	0.88297873735427856
host_cold	host_cold/fold_0	0		1202	0.79268288612365723
host_cold	host_cold/fold_0	0		1203	0.67105263471603394
host_cold	host_cold/fold_0	0		1209	0.77192986011505127
host_cold	host_cold/fold_0	0		1212	0.68253970146179199
host_cold	host_cold/fold_0	0		1215	0.86363637447357178
host_cold	host_cold/fold_0	0		1218	0.76190477609634399
host_cold	host_cold/fold_0	0		1223	0.58928573131561279
host_cold	host_cold/fold_0	0		1224	0.6454545259475708
host_cold	host_cold/fold_0	0		1235	0.87121212482452393
host_cold	host_cold/fold_0	0		1237	0.61666667461395264
host_cold	host_cold/fold_0	0		1243	0.60000002384185791
host_cold	host_cold/fold_0	0		1254	0.93859648704528809
host_cold	host_cold/fold_0	0		1259	0.82142853736877441
host_cold	host_cold/fold_0	0		1262	0.93000000715255737
host_cold	host_cold/fold_0	0		1264	0.83000004291534424
host_cold	host_cold/fold_0	0		1267	1
host_cold	host_cold/fold_0	0		1270	0.86666667461395264
host_cold	host_cold/fold_0	0		1282	0.81999999284744263
host_cold	host_cold/fold_0	0		1317	0.671875
host_cold	host_cold/fold_0	0		1321	0.61538463830947876
host_cold	host_cold/fold_0	0		1323	1
host_cold	host_cold/fold_0	0		1324	0.8125
host_cold	host_cold/fold_0	0		1326	0.69230771064758301
host_cold	host_cold/fold_0	0		1333	0.75
host_cold	host_cold/fold_0	0		1337	0.67857146263122559
host_cold	host_cold/fold_0	0		1342	0.62222224473953247
host_cold	host_cold/fold_0	0		1347	0.71249997615814209
host_cold	host_cold/fold_0	0		1349	1
host_cold	host_cold/fold_0	0		1355	1
host_cold	host_cold/fold_0	0		1361	0.86842107772827148
host_cold	host_cold/fold_0	0		1367	0.88297873735427856
host_cold	host_cold/fold_0	0		1369	1
host_cold	host_cold/fold_0	0		1381	0.26095119118690491
host_cold	host_cold/fold_0	0		1386	0.88297873735427856
host_cold	host_cold/fold_0	0		1387	0.71590912342071533
host_cold	host_cold/fold_0	0		1391	0.61940300464630127
host_cold	host_cold/fold_0	0		1399	0.6071428656578064
host_cold	host_cold/fold_0	0		1403	0.78125
host_cold	host_cold/fold_0	0		1407	0.6428571343421936
host_cold	host_cold/fold_0	0		1411	0.69354838132858276
host_cold	host_cold/fold_0	0		1413	0.84375
host_cold	host_cold/fold_0	0		1428	0.78846156597137451
host_cold	host_cold/fold_0	0		1429	0.77083337306976318
host_cold	host_cold/fold_0	0		1431	1
host_cold	host_cold/fold_0	0		1432	0.5961538553237915
host_cold	host_cold/fold_0	0		1434	0.88297873735427856
host_cold	host_cold/fold_0	0		1436	0.66455698013305664
host_cold	host_cold/fold_0	0		1444	1
host_cold	host_cold/fold_0	0		1448	0.84482759237289429
host_cold	host_cold/fold_0	0		1449	0.63043475151062012
host_cold	host_cold/fold_0	0		1450	0.88297873735427856
host_cold	host_cold/fold_0	0		1451	1
host_cold	host_cold/fold_0	0		1454	0.55555558204650879
host_cold	host_cold/fold_0	0		1463	0.61940300464630127
host_cold	host_cold/fold_0	0		1474	0.83000004291534424
host_cold	host_cold/fold_0	0		1482	0.71666669845581055
host_cold	host_cold/fold_0	0		1487	0.83333337306976318
host_cold	host_cold/fold_0	0		1490	0.83333337306976318
host_cold	host_cold/fold_0	0		1491	0.71052634716033936
host_cold	host_cold/fold_0	0		1496	0.58620691299438477
host_cold	host_cold/fold_0	0		1497	0.91346156597137451
host_cold	host_cold/fold_0	0		1499	0.77192986011505127
host_cold	host_cold/fold_0	0		1506	0.55833333730697632
host_cold	host_cold/fold_0	0		1509	0.92156863212585449
host_cold	host_cold/fold_0	0		1518	1
host_cold	host_cold/fold_0	0		1521	0.58333337306976318
host_cold	host_cold/fold_0	0		1524	1
host_cold	host_cold/fold_0	0		1527	0.6388888955116272
host_cold	host_cold/fold_0	0		1542	0.81034481525421143
host_cold	host_cold/fold_0	0		1556	0.78703701496124268
host_cold	host_cold/fold_0	0		1558	0.72500002384185791
host_cold	host_cold/fold_0	0		1564	0.67164182662963867
host_cold	host_cold/fold_0	0		1570	0.82142853736877441
host_cold	host_cold/fold_0	0		1571	0.87121212482452393
host_cold	host_cold/fold_0	0		1577	0.75
host_cold	host_cold/fold_0	0		1588	0.55084747076034546
host_cold	host_cold/fold_0	0		1596	1
host_cold	host_cold/fold_0	0		1600	0.57692307233810425
host_cold	host_cold/fold_0	0		1603	0.59574466943740845
host_cold	host_cold/fold_0	0		1610	1
host_cold	host_cold/fold_0	0		1613	0.69230771064758301
host_cold	host_cold/fold_0	0		1615	0.93000000715255737
host_cold	host_cold/fold_0	0		1627	0.93000000715255737
host_cold	host_cold/fold_0	0		1633	1
host_cold	host_cold/fold_0	0		1635	1
host_cold	host_cold/fold_0	0		1641	0.66666668653488159
host_cold	host_cold/fold_0	0		1645	1
host_cold	host_cold/fold_0	0		1657	0.67391306161880493
host_cold	host_cold/fold_0	0		1660	0.8125
host_cold	host_cold/fold_0	0		1673	1
host_cold	host_cold/fold_0	0		1679	0.39220750331878662
host_cold	host_cold/fold_0	0		1691	0.88297873735427856
host_cold	host_cold/fold_0	0		1695	0.81147539615631104
host_cold	host_cold/fold_0	0		1702	0.70769232511520386
host_cold	host_cold/fold_0	0		1703	0.77586209774017334
host_cold	host_cold/fold_0	0		1707	0.63043475151062012
host_cold	host_cold/fold_0	0		1708	0.66455698013305664
host_cold	host_cold/fold_0	0		1709	1
host_cold	host_cold/fold_0	0		1712	0.73076921701431274
host_cold	host_cold/fold_0	0		1734	0.61688309907913208
host_cold	host_cold/fold_0	0		1736	0.80303031206130981
host_cold	host_cold/fold_0	0		1737	0.88297873735427856
host_cold	host_cold/fold_0	0		1747	0.83000004291534424
host_cold	host_cold/fold_0	0		1749	1
host_cold	host_cold/fold_0	0		1750	0.63157892227172852
host_cold	host_cold/fold_0	0		1753	0.63636362552642822
host_cold	host_cold/fold_0	0		1757	0.73076921701431274
host_cold	host_cold/fold_0	0		1759	1
host_cold	host_cold/fold_0	0		1760	0.75
host_cold	host_cold/fold_0	0		1766	0.70588237047195435
host_cold	host_cold/fold_0	0		1768	0.81481480598449707
host_cold	host_cold/fold_0	0		1773	0.62264150381088257
host_cold	host_cold/fold_0	0		1778	0.52999997138977051
host_cold	host_cold/fold_0	0		1783	1
host_cold	host_cold/fold_0	0		1786	0.53720235824584961
host_cold	host_cold/fold_0	0		1794	0.85000002384185791
host_cold	host_cold/fold_0	0		1801	1
host_cold	host_cold/fold_0	0		1809	0.73076921701431274
host_cold	host_cold/fold_0	0		1811	1
host_cold	host_cold/fold_0	0		1814	1
host_cold	host_cold/fold_0	0		1818	1
host_cold	host_cold/fold_0	0		1819	0.81818181276321411
host_cold	host_cold/fold_0	0		1822	0.62179064750671387
host_cold	host_cold/fold_0	0		1836	0.88297873735427856
host_cold	host_cold/fold_0	0		1837	1
host_cold	host_cold/fold_0	0		1838	1
host_cold	host_cold/fold_0	0		1842	0.75
host_cold	host_cold/fold_0	0		1846	0.73076921701431274
host_cold	host_cold/fold_0	0		1853	0.88157892227172852
host_cold	host_cold/fold_0	0		1854	0.55963301658630371
host_cold	host_cold/fold_0	0		1856	0.88297873735427856
host_cold	host_cold/fold_0	0		1862	0.81896555423736572
host_cold	host_cold/fold_0	0		1863	0.81481480598449707
host_cold	host_cold/fold_0	0		1865	0.61940300464630127
host_cold	host_cold/fold_0	0		1874	0.7950819730758667
host_cold	host_cold/fold_0	0		1876	1
host_cold	host_cold/fold_0	0		1882	0.61940300464630127
host_cold	host_cold/fold_0	0		1886	1
host_cold	host_cold/fold_0	0		1893	1
host_cold	host_cold/fold_0	0		1894	0.66455698013305664
host_cold	host_cold/fold_0	0		1898	1
host_cold	host_cold/fold_0	0		1911	0.95048308372497559
host_cold	host_cold/fold_0	0		1912	1
host_cold	host_cold/fold_0	0		1921	0.61666667461395264
host_cold	host_cold/fold_0	0		1923	0.75
host_cold	host_cold/fold_0	0		1924	0.75
host_cold	host_cold/fold_0	0		1930	0.81818181276321411
host_cold	host_cold/fold_0	0		1935	1
host_cold	host_cold/fold_0	0		1939	0.63157892227172852
host_cold	host_cold/fold_0	0		1944	0.75
host_cold	host_cold/fold_0	0		1946	1
host_cold	host_cold/fold_0	0		1952	0.73076921701431274
host_cold	host_cold/fold_0	0		1956	1
host_cold	host_cold/fold_0	0		1957	0.52857142686843872
host_cold	host_cold/fold_0	0		1966	0.70370370149612427
host_cold	host_cold/fold_0	0		1974	0.64035087823867798
host_cold	host_cold/fold_0	0		1984	0.66666668653488159
host_cold	host_cold/fold_0	0		1986	1
host_cold	host_cold/fold_0	0		1988	1
host_cold	host_cold/fold_0	0		1996	0.75999999046325684
host_cold	host_cold/fold_0	0		1999	0.64583331346511841
host_cold	host_cold/fold_0	0		2005	0.625
host_cold	host_cold/fold_0	0		2020	1
host_cold	host_cold/fold_0	0		2023	1
host_cold	host_cold/fold_0	0		2035	0.78409087657928467
host_cold	host_cold/fold_0	0		2036	1
host_cold	host_cold/fold_0	0		2037	0.6538461446762085
host_cold	host_cold/fold_0	0		2051	0.61940300464630127
host_cold	host_cold/fold_0	0		2052	0.61940300464630127
host_cold	host_cold/fold_0	0		2053	0.55084747076034546
host_cold	host_cold/fold_0	0		2055	0.56000000238418579
host_cold	host_cold/fold_0	0		2058	0.88709676265716553
host_cold	host_cold/fold_0	0		2062	0.69565218687057495
host_cold	host_cold/fold_0	0		2064	1
host_cold	host_cold/fold_0	0		2068	0.83000004291534424
host_cold	host_cold/fold_0	0		2071	0.93859648704528809
host_cold	host_cold/fold_0	0		2074	1
host_cold	host_cold/fold_0	0		2075	0.83333337306976318
host_cold	host_cold/fold_0	0		2080	0.61940300464630127
host_cold	host_cold/fold_0	0		2081	0.78688526153564453
host_cold	host_cold/fold_0	0		2082	0.875
host_cold	host_cold/fold_0	0		2086	0.68965518474578857
host_cold	host_cold/fold_0	0		2096	0.73076921701431274
host_cold	host_cold/fold_0	0		2106	0.82142853736877441
host_cold	host_cold/fold_0	0		2107	0.86363637447357178
host_cold	host_cold/fold_0	0		2110	0.65416669845581055
host_cold	host_cold/fold_0	0		2112	1
host_cold	host_cold/fold_0	0		2114	0.77083337306976318
host_cold	host_cold/fold_0	0		2126	1
host_cold	host_cold/fold_0	0		2127	1
host_cold	host_cold/fold_0	0		2141	0.81481480598449707
host_cold	host_cold/fold_0	0		2143	1
host_cold	host_cold/fold_0	0		2151	0.81481480598449707
host_cold	host_cold/fold_0	0		2152	0.58163267374038696
host_cold	host_cold/fold_0	0		2153	1
host_cold	host_cold/fold_0	0		2155	0.82142853736877441
host_cold	host_cold/fold_0	0		2156	0.82142853736877441
host_cold	host_cold/fold_1	1		11	0.87586891651153564
host_cold	host_cold/fold_1	1		25	0.30263158679008484
host_cold	host_cold/fold_1	1		26	0.5533333420753479
host_cold	host_cold/fold_1	1		27	0.87209302186965942
host_cold	host_cold/fold_1	1		55	0.73636364936828613
host_cold	host_cold/fold_1	1		57	1
host_cold	host_cold/fold_1	1		58	0.56756758689880371
host_cold	host_cold/fold_1	1		72	0.27355071902275085
host_cold	host_cold/fold_1	1		78	1
host_cold	host_cold/fold_1	1		79	1
host_cold	host_cold/fold_1	1		81	0.58333331346511841
host_cold	host_cold/fold_1	1		82	0.70588237047195435
host_cold	host_cold/fold_1	1		84	0.90740740299224854
host_cold	host_cold/fold_1	1		85	0.74358975887298584
host_cold	host_cold/fold_1	1		94	0.82456141710281372
host_cold	host_cold/fold_1	1		95	0.90594059228897095
host_cold	host_cold/fold_1	1		114	0.8888888955116272
host_cold	host_cold/fold_1	1		125	0.88749998807907104
host_cold	host_cold/fold_1	1		130	1
host_cold	host_cold/fold_1	1		140	0.50427353382110596
host_cold	host_cold/fold_1	1		149	0.54166668653488159
host_cold	host_cold/fold_1	1		151	0.66142559051513672
host_cold	host_cold/fold_1	1		157	0.54477614164352417
host_cold	host_cold/fold_1	1		160	0.73636364936828613
host_cold	host_cold/fold_1	1		175	0.37137681245803833
host_cold	host_cold/fold_1	1		178	0.53561252355575562
host_cold	host_cold/fold_1	1		185	0.52083331346511841
host_cold	host_cold/fold_1	1		186	0.55084747076034546
host_cold	host_cold/fold_1	1		189	0.72972971200942993
host_cold	host_cold/fold_1	1		208	0.71698111295700073
host_cold	host_cold/fold_1	1		210	0.40274599194526672
host_cold	host_cold/fold_1	1		216	0.67417418956756592
host_cold	host_cold/fold_1	1		229	0.79268288612365723
host_cold	host_cold/fold_1	1		240	0.55434781312942505
host_cold	host_cold/fold_1	1		245	1
host_cold	host_cold/fold_1	1		246	0.58620691299438477
host_cold	host_cold/fold_1	1		251	0.93269228935241699
host_cold	host_cold/fold_1	1		258	0.58620691299438477
host_cold	host_cold/fold_1	1		267	0.50427353382110596
host_cold	host_cold/fold_1	1		269	0.79268288612365723
host_cold	host_cold/fold_1	1		279	0.58620691299438477
host_cold	host_cold/fold_1	1		289	0.58620691299438477
host_cold	host_cold/fold_1	1		294	0.76041662693023682
host_cold	host_cold/fold_1	1		301	0.73636364936828613
host_cold	host_cold/fold_1	1		313	0.58620691299438477
host_cold	host_cold/fold_1	1		320	0.48245614767074585
host_cold	host_cold/fold_1	1		338	0.70588237047195435
host_cold	host_cold/fold_1	1		359	0.73636364936828613
host_cold	host_cold/fold_1	1		363	0.58064514398574829
host_cold	host_cold/fold_1	1		380	0.50427353382110596
host_cold	host_cold/fold_1	1		384	0.52645504474639893
host_cold	host_cold/fold_1	1		399	0.5810810923576355
host_cold	host_cold/fold_1	1		405	0.68000000715255737
host_cold	host_cold/fold_1	1		410	0.58333331346511841
host_cold	host_cold/fold_1	1		415	0.8947368860244751
host_cold	host_cold/fold_1	1		457	0.79268288612365723
host_cold	host_cold/fold_1	1		468	0.5124434232711792
host_cold	host_cold/fold_1	1		506	0.57228118181228638
host_cold	host_cold/fold_1	1		507	0.8888888955116272
host_cold	host_cold/fold_1	1		511	0.61363637447357178
host_cold	host_cold/fold_1	1		512	1
host_cold	host_cold/fold_1	1		522	0.59941518306732178
host_cold	host_cold/fold_1	1		529	0.57258063554763794
host_cold	host_cold/fold_1	1		532	0.8888888955116272
host_cold	host_cold/fold_1	1		558	0.90740740299224854
host_cold	host_cold/fold_1	1		561	0.75757575035095215
host_cold	host_cold/fold_1	1		572	0.75757575035095215
host_cold	host_cold/fold_1	1		582	0.58620691299438477
host_cold	host_cold/fold_1	1		585	0.73636364936828613
host_cold	host_cold/fold_1	1		590	0.39220750331878662
host_cold	host_cold/fold_1	1		597	0.87209302186965942
host_cold	host_cold/fold_1	1		599	0.71698111295700073
host_cold	host_cold/fold_1	1		605	0.52083331346511841
host_cold	host_cold/fold_1	1		609	0.13166144490242004
host_cold	host_cold/fold_1	1		626	1
host_cold	host_cold/fold_1	1		627	0.69354838132858276
host_cold	host_cold/fold_1	1		636	0.83333337306976318
host_cold	host_cold/fold_1	1		653	0.26877471804618835
host_cold	host_cold/fold_1	1		665	0.75757575035095215
host_cold	host_cold/fold_1	1		668	0.81147539615631104
host_cold	host_cold/fold_1	1		682	0.8947368860244751
host_cold	host_cold/fold_1	1		687	0.70588237047195435
host_cold	host_cold/fold_1	1		689	0.87254905700683594
host_cold	host_cold/fold_1	1		691	0.52960526943206787
host_cold	host_cold/fold_1	1		698	0.88749998807907104
host_cold	host_cold/fold_1	1		703	0.71666669845581055
host_cold	host_cold/fold_1	1		707	0.73750001192092896
host_cold	host_cold/fold_1	1		710	0.57258063554763794
host_cold	host_cold/fold_1	1		711	0.70588237047195435
host_cold	host_cold/fold_1	1		713	0.53452605009078979
host_cold	host_cold/fold_1	1		731	0.8888888955116272
host_cold	host_cold/fold_1	1		735	0.89583337306976318
host_cold	host_cold/fold_1	1		748	0.5810810923576355
host_cold	host_cold/fold_1	1		749	0.56578946113586426
host_cold	host_cold/fold_1	1		754	1
host_cold	host_cold/fold_1	1		762	0.58620691299438477
host_cold	host_cold/fold_1	1		776	0.58333337306976318
host_cold	host_cold/fold_1	1		778	0.81147539615631104
host_cold	host_cold/fold_1	1		786	0.58620691299438477
host_cold	host_cold/fold_1	1		797	0.49404764175415039
host_cold	host_cold/fold_1	1		809	0.68181818723678589
host_cold	host_cold/fold_1	1		815	0.41165122389793396
host_cold	host_cold/fold_1	1		833	0.62857145071029663
host_cold	host_cold/fold_1	1		841	0.58620691299438477
host_cold	host_cold/fold_1	1		843	0.92592597007751465
host_cold	host_cold/fold_1	1		849	0.61940300464630127
host_cold	host_cold/fold_1	1		850	0.68000000715255737
host_cold	host_cold/fold_1	1		876	0.3815789520740509
host_cold	host_cold/fold_1	1		881	0.34848487377166748
host_cold	host_cold/fold_1	1		909	0.91250002384185791
host_cold	host_cold/fold_1	1		915	0.57258063554763794
host_cold	host_cold/fold_1	1		928	0.92592597007751465
host_cold	host_cold/fold_1	1		943	0.76190477609634399
host_cold	host_cold/fold_1	1		947	0.71698111295700073
host_cold	host_cold/fold_1	1		948	0.90594059228897095
host_cold	host_cold/fold_1	1		964	1
host_cold	host_cold/fold_1	1		966	0.61455023288726807
host_cold	host_cold/fold_1	1		992	0.88392853736877441
host_cold	host_cold/fold_1	1		993	0.5476190447807312
host_cold	host_cold/fold_1	1		1010	0.61940300464630127
host_cold	host_cold/fold_1	1		1013	0.5288461446762085
host_cold	host_cold/fold_1	1		1022	0.75757575035095215
host_cold	host_cold/fold_1	1		1026	0.8888888955116272
host_cold	host_cold/fold_1	1		1039	1
host_cold	host_cold/fold_1	1		1045	0.73750001192092896
host_cold	host_cold/fold_1	1		1048	0.43888890743255615
host_cold	host_cold/fold_1	1		1054	0.88749998807907104
host_cold	host_cold/fold_1	1		1055	0.75757575035095215
host_cold	host_cold/fold_1	1		1073	0.71698111295700073
host_cold	host_cold/fold_1	1		1075	0.61940300464630127
host_cold	host_cold/fold_1	1		1084	0.90594059228897095
host_cold	host_cold/fold_1	1		1095	1
host_cold	host_cold/fold_1	1		1101	0.92156863212585449
host_cold	host_cold/fold_1	1		1103	0.6428571343421936
host_cold	host_cold/fold_1	1		1110	0.54050928354263306
host_cold	host_cold/fold_1	1		1113	0.58620691299438477
host_cold	host_cold/fold_1	1		1121	0.47902098298072815
host_cold	host_cold/fold_1	1		1126	1
host_cold	host_cold/fold_1	1		1133	0.58620691299438477
host_cold	host_cold/fold_1	1		1145	0.90594059228897095
host_cold	host_cold/fold_1	1		1157	0.58620691299438477
host_cold	host_cold/fold_1	1		1162	0.84375
host_cold	host_cold/fold_1	1		1185	0.5957190990447998
host_cold	host_cold/fold_1	1		1196	0.8888888955116272
host_cold	host_cold/fold_1	1		1210	0.46428573131561279
host_cold	host_cold/fold_1	1		1220	0.75757575035095215
host_cold	host_cold/fold_1	1		1231	0.48842594027519226
host_cold	host_cold/fold_1	1		1232	0.78688526153564453
host_cold	host_cold/fold_1	1		1255	0.2916666567325592
host_cold	host_cold/fold_1	1		1272	0.61940300464630127
host_cold	host_cold/fold_1	1		1274	0.73636364936828613
host_cold	host_cold/fold_1	1		1277	0.56790125370025635
host_cold	host_cold/fold_1	1		1278	0.76041662693023682
host_cold	host_cold/fold_1	1		1280	0.48245614767074585
host_cold	host_cold/fold_1	1		1285	0.5810810923576355
host_cold	host_cold/fold_1	1		1287	0.57575756311416626
host_cold	host_cold/fold_1	1		1288	0.42166668176651001
host_cold	host_cold/fold_1	1		1312	0.58064514398574829
host_cold	host_cold/fold_1	1		1315	0.41229385137557983
host_cold	host_cold/fold_1	1		1319	0.88749998807907104
host_cold	host_cold/fold_1	1		1327	0.88749998807907104
host_cold	host_cold/fold_1	1		1331	0.58749997615814209
host_cold	host_cold/fold_1	1		1332	1
host_cold	host_cold/fold_1	1		1344	0.54166668653488159
host_cold	host_cold/fold_1	1		1370	0.88749998807907104
host_cold	host_cold/fold_1	1		1388	0.75371122360229492
host_cold	host_cold/fold_1	1		1392	0.5810810923576355
host_cold	host_cold/fold_1	1		1409	0.8947368860244751
host_cold	host_cold/fold_1	1		1412	0.67417418956756592
host_cold	host_cold/fold_1	1		1421	0.8125
host_cold	host_cold/fold_1	1		1423	0.8888888955116272
host_cold	host_cold/fold_1	1		1424	0.72000002861022949
host_cold	host_cold/fold_1	1		1438	0.50427353382110596
host_cold	host_cold/fold_1	1		1445	0.56578946113586426
host_cold	host_cold/fold_1	1		1452	0.71698111295700073
host_cold	host_cold/fold_1	1		1458	0.73636364936828613
host_cold	host_cold/fold_1	1		1468	0.91071426868438721
host_cold	host_cold/fold_1	1		1470	0.52083331346511841
host_cold	host_cold/fold_1	1		1479	0.56666666269302368
host_cold	host_cold/fold_1	1		1502	0.62857145071029663
host_cold	host_cold/fold_1	1		1512	0.90594059228897095
host_cold	host_cold/fold_1	1		1544	0.74436092376708984
host_cold	host_cold/fold_1	1		1546	0.58620691299438477
host_cold	host_cold/fold_1	1		1550	0.52279204130172729
host_cold	host_cold/fold_1	1		1552	0.8947368860244751
host_cold	host_cold/fold_1	1		1559	1
host_cold	host_cold/fold_1	1		1562	0.50169491767883301
host_cold	host_cold/fold_1	1		1575	0.6061253547668457
host_cold	host_cold/fold_1	1		1578	1
host_cold	host_cold/fold_1	1		1580	1
host_cold	host_cold/fold_1	1		1583	0.8947368860244751
host_cold	host_cold/fold_1	1		1591	0.62264150381088257
host_cold	host_cold/fold_1	1		1601	0.93269228935241699
host_cold	host_cold/fold_1	1		1616	1
host_cold	host_cold/fold_1	1		1619	0.6103895902633667
host_cold	host_cold/fold_1	1		1622	1
host_cold	host_cold/fold_1	1		1626	0.49375000596046448
host_cold	host_cold/fold_1	1		1661	0.75757575035095215
host_cold	host_cold/fold_1	1		1665	0.62857145071029663
host_cold	host_cold/fold_1	1		1670	0.54827934503555298
host_cold	host_cold/fold_1	1		1671	0.92592597007751465
host_cold	host_cold/fold_1	1		1674	1
host_cold	host_cold/fold_1	1		1686	0.71698111295700073
host_cold	host_cold/fold_1	1		1692	0.53026634454727173
host_cold	host_cold/fold_1	1		1694	0.380952388048172
host_cold	host_cold/fold_1	1		1705	0.88709676265716553
host_cold	host_cold/fold_1	1		1718	0.71698111295700073
host_cold	host_cold/fold_1	1		1720	0.71698111295700073
host_cold	host_cold/fold_1	1		1721	0.46428573131561279
host_cold	host_cold/fold_1	1		1722	0.54166668653488159
host_cold	host_cold/fold_1	1		1739	0.71666669845581055
host_cold	host_cold/fold_1	1		1740	0.53804349899291992
host_cold	host_cold/fold_1	1		1754	0.25287356972694397
host_cold	host_cold/fold_1	1		1762	0.72972971200942993
host_cold	host_cold/fold_1	1		1763	0.79268288612365723
host_cold	host_cold/fold_1	1		1765	0.92592597007751465
host_cold	host_cold/fold_1	1		1775	0.79104477167129517
host_cold	host_cold/fold_1	1		1779	0.50169491767883301
host_cold	host_cold/fold_1	1		1790	0.75757575035095215
host_cold	host_cold/fold_1	1		1796	1
host_cold	host_cold/fold_1	1		1798	0.5178571343421936
host_cold	host_cold/fold_1	1		1803	0.82456141710281372
host_cold	host_cold/fold_1	1		1807	0.70588237047195435
host_cold	host_cold/fold_1	1		1808	0.58620691299438477
host_cold	host_cold/fold_1	1		1826	0.24620689451694489
host_cold	host_cold/fold_1	1		1843	0.55434781312942505
host_cold	host_cold/fold_1	1		1845	0.39829546213150024
host_cold	host_cold/fold_1	1		1875	0.91935479640960693
host_cold	host_cold/fold_1	1		1887	0.88749998807907104
host_cold	host_cold/fold_1	1		1897	0.73636364936828613
host_cold	host_cold/fold_1	1		1901	0.84301269054412842
host_cold	host_cold/fold_1	1		1902	0.54112833738327026
host_cold	host_cold/fold_1	1		1922	0.29066985845565796
host_cold	host_cold/fold_1	1		1929	0.54769062995910645
host_cold	host_cold/fold_1	1		1931	0.48870968818664551
host_cold	host_cold/fold_1	1		1937	1
host_cold	host_cold/fold_1	1		1947	0.58620691299438477
host_cold	host_cold/fold_1	1		1961	0.87209302186965942
host_cold	host_cold/fold_1	1		1967	1
host_cold	host_cold/fold_1	1		1975	0.8888888955116272
host_cold	host_cold/fold_1	1		1976	1
host_cold	host_cold/fold_1	1		1979	0.50427353382110596
host_cold	host_cold/fold_1	1		1980	1
host_cold	host_cold/fold_1	1		2000	1
host_cold	host_cold/fold_1	1		2003	1
host_cold	host_cold/fold_1	1		2013	0.90594059228897095
host_cold	host_cold/fold_1	1		2016	0.68181818723678589
host_cold	host_cold/fold_1	1		2021	0.91935479640960693
host_cold	host_cold/fold_1	1		2028	0.61940300464630127
host_cold	host_cold/fold_1	1		2032	0.67531448602676392
host_cold	host_cold/fold_1	1		2061	0.55737704038619995
host_cold	host_cold/fold_1	1		2079	0.61940300464630127
host_cold	host_cold/fold_1	1		2084	1
host_cold	host_cold/fold_1	1		2088	1
host_cold	host_cold/fold_1	1		2095	0.82499998807907104
host_cold	host_cold/fold_1	1		2108	0.51348686218261719
host_cold	host_cold/fold_1	1		2129	0.87209302186965942
host_cold	host_cold/fold_1	1		2130	1
host_cold	host_cold/fold_1	1		2131	0.62571728229522705
host_cold	host_cold/fold_1	1		2134	0.703125
host_cold	host_cold/fold_1	1		2147	0.80681818723678589
host_cold	host_cold/fold_1	1		2167	1
host_cold	host_cold/fold_1	1		2168	1
host_cold	host_cold/fold_1	1		2169	1
host_cold	host_cold/fold_1	1		2170	0.69642853736877441
host_cold	host_cold/fold_1	1		2171	1
host_cold	host_cold/fold_1	1		2172	0.703125
host_cold	host_cold/fold_1	1		2173	0.65151512622833252
host_cold	host_cold/fold_1	1		2174	0.70689654350280762
host_cold	host_cold/fold_1	1		2175	0.69354838132858276
host_cold	host_cold/fold_1	1		2176	0.5727272629737854
host_cold	host_cold/fold_1	1		2177	0.61904764175415039
host_cold	host_cold/fold_1	1		2178	1
host_cold	host_cold/fold_1	1		2179	1
host_cold	host_cold/fold_1	1		2180	0.8888888955116272
host_cold	host_cold/fold_1	1		2181	0.60344827175140381
host_cold	host_cold/fold_1	1		2182	1
host_cold	host_cold/fold_1	1		2183	1
host_cold	host_cold/fold_1	1		2184	1
host_cold	host_cold/fold_1	1		2185	0.96296298503875732
host_cold	host_cold/fold_1	1		2186	1
host_cold	host_cold/fold_1	1		2187	0.95454549789428711
host_cold	host_cold/fold_1	1		2188	1
host_cold	host_cold/fold_1	1		2189	0.78688526153564453
host_cold	host_cold/fold_1	1		2190	0.94444441795349121
host_cold	host_cold/fold_1	1		2191	0.57692307233810425
host_cold	host_cold/fold_1	1		2192	1
host_cold	host_cold/fold_1	1		2193	1
host_cold	host_cold/fold_1	1		2194	0.60606062412261963
host_cold	host_cold/fold_1	1		2195	0.79411768913269043
host_cold	host_cold/fold_1	1		2196	1
host_cold	host_cold/fold_1	1		2197	1
host_cold	host_cold/fold_1	1		2198	1
host_cold	host_cold/fold_1	1		2199	1
host_cold	host_cold/fold_1	1		2200	1
host_cold	host_cold/fold_1	1		2201	0.7288135290145874
host_cold	host_cold/fold_1	1		2202	0.60000002384185791
host_cold	host_cold/fold_1	1		2203	1
host_cold	host_cold/fold_1	1		2204	0.88235294818878174
host_cold	host_cold/fold_1	1		2205	0.83333337306976318
host_cold	host_cold/fold_1	1		2206	1
host_cold	host_cold/fold_1	1		2207	0.75
host_cold	host_cold/fold_1	1		2208	1
host_cold	host_cold/fold_1	1		2209	1
host_cold	host_cold/fold_1	1		2210	0.56451612710952759
host_cold	host_cold/fold_1	1		2211	0.67741936445236206
host_cold	host_cold/fold_1	1		2212	1
host_cold	host_cold/fold_1	1		2213	0.57142859697341919
host_cold	host_cold/fold_1	1		2214	1
host_cold	host_cold/fold_1	1		2215	0.72000002861022949
host_cold	host_cold/fold_1	1		2216	0.8928571343421936
host_cold	host_cold/fold_1	1		2217	1
host_cold	host_cold/fold_1	1		2218	0.65555554628372192
host_cold	host_cold/fold_1	1		2219	0.72727274894714355
host_cold	host_cold/fold_1	1		2220	0.71590912342071533
host_cold	host_cold/fold_1	1		2221	0.8888888955116272
host_cold	host_cold/fold_1	1		2222	0.8947368860244751
host_cold	host_cold/fold_1	1		2223	0.6428571343421936
host_cold	host_cold/fold_1	1		2224	0.73333334922790527
host_cold	host_cold/fold_1	1		2225	0.72727274894714355
host_cold	host_cold/fold_1	1		2226	0.62962961196899414
host_cold	host_cold/fold_1	1		2227	0.76760566234588623
host_cold	host_cold/fold_1	1		2228	1
host_cold	host_cold/fold_1	1		2229	0.76923078298568726
host_cold	host_cold/fold_1	1		2230	1
host_cold	host_cold/fold_1	1		2231	0.78688526153564453
host_cold	host_cold/fold_1	1		2232	0.61971831321716309
host_cold	host_cold/fold_1	1		2233	1
host_cold	host_cold/fold_1	1		2234	1
host_cold	host_cold/fold_1	1		2235	1
host_cold	host_cold/fold_1	1		2236	1
host_cold	host_cold/fold_1	1		2237	1
host_cold	host_cold/fold_1	1		2238	0.73076921701431274
host_cold	host_cold/fold_1	1		2239	0.78571426868438721
host_cold	host_cold/fold_1	1		2240	0.5901639461517334
host_cold	host_cold/fold_1	1		2241	0.60000002384185791
host_cold	host_cold/fold_1	1		2242	1
host_cold	host_cold/fold_1	1		2243	0.57692307233810425
host_cold	host_cold/fold_1	1		2244	0.84375
host_cold	host_cold/fold_1	1		2245	1
host_cold	host_cold/fold_1	1		2246	0.72222220897674561
host_cold	host_cold/fold_1	1		2247	1
host_cold	host_cold/fold_1	1		2248	1
host_cold	host_cold/fold_1	1		2249	1
host_cold	host_cold/fold_1	1		2250	0.69354838132858276
host_cold	host_cold/fold_1	1		2251	0.77777779102325439
host_cold	host_cold/fold_1	1		2252	1
host_cold	host_cold/fold_1	1		2253	1
host_cold	host_cold/fold_1	1		2254	0.73076921701431274
host_cold	host_cold/fold_1	1		2255	0.66666668653488159
host_cold	host_cold/fold_1	1		2256	0.58870965242385864
host_cold	host_cold/fold_1	1		2257	1
host_cold	host_cold/fold_1	1		2258	1
host_cold	host_cold/fold_1	1		2259	0.62162160873413086
host_cold	host_cold/fold_1	1		2260	1
host_cold	host_cold/fold_1	1		2261	1
host_cold	host_cold/fold_1	1		2262	0.625
host_cold	host_cold/fold_1	1		2263	0.97826087474822998
host_cold	host_cold/fold_1	1		2264	1
host_cold	host_cold/fold_1	1		2265	1
host_cold	host_cold/fold_1	1		2266	0.60169494152069092
host_cold	host_cold/fold_1	1		2267	0.75
host_cold	host_cold/fold_1	1		2268	1
host_cold	host_cold/fold_1	1		2269	1
host_cold	host_cold/fold_1	1		2270	0.95348834991455078
host_cold	host_cold/fold_1	1		2271	0.62962961196899414
host_cold	host_cold/fold_1	1		2272	0.6454545259475708
host_cold	host_cold/fold_1	1		2273	1
host_cold	host_cold/fold_1	1		2274	0.5901639461517334
host_cold	host_cold/fold_1	1		2275	1
host_cold	host_cold/fold_1	1		2276	0.63333332538604736
host_cold	host_cold/fold_1	1		2277	0.69999998807907104
host_cold	host_cold/fold_1	1		2278	0.8928571343421936
host_cold	host_cold/fold_1	1		2279	0.62676054239273071
host_cold	host_cold/fold_1	1		2280	0.65151512622833252
host_cold	host_cold/fold_1	1		2281	0.62857145071029663
host_cold	host_cold/fold_1	1		2282	1
host_cold	host_cold/fold_1	1		2283	1
host_cold	host_cold/fold_1	1		2284	0.84848487377166748
host_cold	host_cold/fold_1	1		2285	0.92424243688583374
host_cold	host_cold/fold_1	1		2286	0.73255813121795654
host_cold	host_cold/fold_1	1		2287	1
host_cold	host_cold/fold_1	1		2288	0.8571428656578064
host_cold	host_cold/fold_1	1		2289	1
host_cold	host_cold/fold_1	1		2290	0.77777779102325439
host_cold	host_cold/fold_1	1		2291	1
host_cold	host_cold/fold_1	1		2292	0.84210526943206787
host_cold	host_cold/fold_1	1		2293	0.62745100259780884
host_cold	host_cold/fold_1	1		2294	0.86585366725921631
host_cold	host_cold/fold_1	1		2295	1
host_cold	host_cold/fold_1	1		2296	0.70588237047195435
host_cold	host_cold/fold_1	1		2297	1
host_cold	host_cold/fold_1	1		2298	0.6875
host_cold	host_cold/fold_1	1		2299	1
host_cold	host_cold/fold_1	1		2300	1
host_cold	host_cold/fold_1	1		2301	0.96296298503875732
host_cold	host_cold/fold_1	1		2302	1
host_cold	host_cold/fold_1	1		2303	1
host_cold	host_cold/fold_1	1		2304	0.71666669845581055
host_cold	host_cold/fold_1	1		2305	0.6111111044883728
host_cold	host_cold/fold_1	1		2306	0.78070175647735596
host_cold	host_cold/fold_1	1		2307	0.89743590354919434
host_cold	host_cold/fold_1	1		2308	1
host_cold	host_cold/fold_1	1		2309	0.76923078298568726
host_cold	host_cold/fold_1	1		2310	0.96428573131561279
host_cold	host_cold/fold_1	1		2311	0.81999999284744263
host_cold	host_cold/fold_1	1		2312	0.875
host_cold	host_cold/fold_1	1		2313	0.67391306161880493
host_cold	host_cold/fold_1	1		2314	1
host_cold	host_cold/fold_1	1		2315	0.63265305757522583
host_cold	host_cold/fold_1	1		2316	0.77499997615814209
host_cold	host_cold/fold_1	1		2317	0.82758617401123047
host_cold	host_cold/fold_1	1		2318	1
host_cold	host_cold/fold_1	1		2319	1
host_cold	host_cold/fold_1	1		2320	0.60000002384185791
host_cold	host_cold/fold_1	1		2321	1
host_cold	host_cold/fold_1	1		2322	1
host_cold	host_cold/fold_1	1		2323	1
host_cold	host_cold/fold_1	1		2324	0.95833337306976318
host_cold	host_cold/fold_1	1		2325	1
host_cold	host_cold/fold_1	1		2326	1
host_cold	host_cold/fold_1	1		2327	1
host_cold	host_cold/fold_1	1		2328	0.63846153020858765
host_cold	host_cold/fold_1	1		2329	1
host_cold	host_cold/fold_1	1		2330	0.82352942228317261
host_cold	host_cold/fold_1	1		2331	0.77358490228652954
host_cold	host_cold/fold_1	1		2332	1
host_cold	host_cold/fold_1	1		2333	1
host_cold	host_cold/fold_1	1		2334	1
host_cold	host_cold/fold_1	1		2335	0.70833331346511841
host_cold	host_cold/fold_1	1		2336	0.78030300140380859
host_cold	host_cold/fold_1	1		2337	0.71621620655059814
host_cold	host_cold/fold_1	1		2338	0.69999998807907104
host_cold	host_cold/fold_1	1		2339	1
host_cold	host_cold/fold_1	1		2340	1
host_cold	host_cold/fold_1	1		2341	0.77777779102325439
host_cold	host_cold/fold_1	1		2342	0.70588237047195435
host_cold	host_cold/fold_1	1		2343	0.71428573131561279
host_cold	host_cold/fold_1	1		2344	1
host_cold	host_cold/fold_1	1		2345	0.72727274894714355
host_cold	host_cold/fold_1	1		2346	0.51428574323654175
host_cold	host_cold/fold_1	1		2347	0.73134326934814453
host_cold	host_cold/fold_1	1		2348	0.75
host_cold	host_cold/fold_1	1		2349	0.69999998807907104
host_cold	host_cold/fold_1	1		2350	0.93181818723678589
host_cold	host_cold/fold_1	1		2351	0.81481480598449707
host_cold	host_cold/fold_1	1		2352	1
host_cold	host_cold/fold_1	1		2353	1
host_cold	host_cold/fold_1	1		2354	0.62903225421905518
host_cold	host_cold/fold_1	1		2355	1
host_cold	host_cold/fold_1	1		2356	0.78846156597137451
host_cold	host_cold/fold_1	1		2357	1
host_cold	host_cold/fold_1	1		2358	0.94444441795349121
host_cold	host_cold/fold_1	1		2359	0.59375
host_cold	host_cold/fold_1	1		2360	0.62962961196899414
host_cold	host_cold/fold_1	1		2361	0.93939393758773804
host_cold	host_cold/fold_1	1		2362	1
host_cold	host_cold/fold_1	1		2363	1
host_cold	host_cold/fold_1	1		2364	0.82258063554763794
host_cold	host_cold/fold_1	1		2365	0.90425533056259155
host_cold	host_cold/fold_1	1		2366	1
host_cold	host_cold/fold_1	1		2367	0.69565218687057495
host_cold	host_cold/fold_1	1		2368	0.67142856121063232
host_cold	host_cold/fold_1	1		2369	1
host_cold	host_cold/fold_1	1		2370	0.7788461446762085
host_cold	host_cold/fold_1	1		2371	1
host_cold	host_cold/fold_1	1		2372	0.61363637447357178
host_cold	host_cold/fold_1	1		2373	0.52631580829620361
host_cold	host_cold/fold_1	1		2374	0.8452380895614624
host_cold	host_cold/fold_1	1		2375	1
host_cold	host_cold/fold_1	1		2376	0.9523809552192688
host_cold	host_cold/fold_1	1		2377	1
host_cold	host_cold/fold_1	1		2378	1
host_cold	host_cold/fold_1	1		2379	0.76190477609634399
host_cold	host_cold/fold_1	1		2380	0.92307692766189575
host_cold	host_cold/fold_1	1		2381	0.87931036949157715
host_cold	host_cold/fold_1	1		2382	1
host_cold	host_cold/fold_2	2		0	0.57734113931655884
host_cold	host_cold/fold_2	2		4	0.65714287757873535
host_cold	host_cold/fold_2	2		8	0.42476487159729004
host_cold	host_cold/fold_2	2		19	0.75862067937850952
host_cold	host_cold/fold_2	2		20	0.6111111044883728
host_cold	host_cold/fold_2	2		24	0.68604648113250732
host_cold	host_cold/fold_2	2		29	0.37254902720451355
host_cold	host_cold/fold_2	2		30	1
host_cold	host_cold/fold_2	2		32	0.56666666269302368
host_cold	host_cold/fold_2	2		36	0.57142859697341919
host_cold	host_cold/fold_2	2		41	1
host_cold	host_cold/fold_2	2		42	0.71052634716033936
host_cold	host_cold/fold_2	2		47	0.78571426868438721
host_cold	host_cold/fold_2	2		61	0.1875
host_cold	host_cold/fold_2	2		63	0.89999997615814209
host_cold	host_cold/fold_2	2		65	0.54054051637649536
host_cold	host_cold/fold_2	2		67	0.17307692766189575
host_cold	host_cold/fold_2	2		69	1
host_cold	host_cold/fold_2	2		73	0.58974361419677734
host_cold	host_cold/fold_2	2		76	0.53636366128921509
host_cold	host_cold/fold_2	2		77	0.625
host_cold	host_cold/fold_2	2		87	0.66666668653488159
host_cold	host_cold/fold_2	2		88	0.5901639461517334
host_cold	host_cold/fold_2	2		92	0.63636362552642822
host_cold	host_cold/fold_2	2		98	0.60606062412261963
host_cold	host_cold/fold_2	2		108	0.58974361419677734
host_cold	host_cold/fold_2	2		110	0.78571426868438721
host_cold	host_cold/fold_2	2		111	0.63636362552642822
host_cold	host_cold/fold_2	2		115	0.55813956260681152
host_cold	host_cold/fold_2	2		120	0.5803571343421936
host_cold	host_cold/fold_2	2		122	1
host_cold	host_cold/fold_2	2		129	0.70588237047195435
host_cold	host_cold/fold_2	2		132	0.60606062412261963
host_cold	host_cold/fold_2	2		134	0.6875
host_cold	host_cold/fold_2	2		136	0.72826087474822998
host_cold	host_cold/fold_2	2		137	1
host_cold	host_cold/fold_2	2		143	0.60000002384185791
host_cold	host_cold/fold_2	2		163	0.63265305757522583
host_cold	host_cold/fold_2	2		166	0.56666666269302368
host_cold	host_cold/fold_2	2		176	0.91666662693023682
host_cold	host_cold/fold_2	2		180	0.53448277711868286
host_cold	host_cold/fold_2	2		192	1
host_cold	host_cold/fold_2	2		193	0.5952380895614624
host_cold	host_cold/fold_2	2		195	1
host_cold	host_cold/fold_2	2		203	1
host_cold	host_cold/fold_2	2		207	0.5727272629737854
host_cold	host_cold/fold_2	2		214	0.5010683536529541
host_cold	host_cold/fold_2	2		215	1
host_cold	host_cold/fold_2	2		219	0.62037038803100586
host_cold	host_cold/fold_2	2		228	0.66304349899291992
host_cold	host_cold/fold_2	2		233	0.71428573131561279
host_cold	host_cold/fold_2	2		234	0.65517240762710571
host_cold	host_cold/fold_2	2		235	0.61864405870437622
host_cold	host_cold/fold_2	2		237	1
host_cold	host_cold/fold_2	2		239	0.5727272629737854
host_cold	host_cold/fold_2	2		241	0.28792569041252136
host_cold	host_cold/fold_2	2		254	1
host_cold	host_cold/fold_2	2		257	0.60000002384185791
host_cold	host_cold/fold_2	2		259	0.5803571343421936
host_cold	host_cold/fold_2	2		262	1
host_cold	host_cold/fold_2	2		263	0.60000002384185791
host_cold	host_cold/fold_2	2		274	0.56666666269302368
host_cold	host_cold/fold_2	2		280	0.57692307233810425
host_cold	host_cold/fold_2	2		281	0.62068963050842285
host_cold	host_cold/fold_2	2		284	0.70588237047195435
host_cold	host_cold/fold_2	2		291	0.65517240762710571
host_cold	host_cold/fold_2	2		292	0.61818182468414307
host_cold	host_cold/fold_2	2		295	0.18031968176364899
host_cold	host_cold/fold_2	2		299	0.61702126264572144
host_cold	host_cold/fold_2	2		300	0.61627906560897827
host_cold	host_cold/fold_2	2		314	0.89999997615814209
host_cold	host_cold/fold_2	2		317	0.58333331346511841
host_cold	host_cold/fold_2	2		326	0.60000002384185791
host_cold	host_cold/fold_2	2		329	0.78205132484436035
host_cold	host_cold/fold_2	2		336	0.58064514398574829
host_cold	host_cold/fold_2	2		341	0.62745100259780884
host_cold	host_cold/fold_2	2		343	0.91666662693023682
host_cold	host_cold/fold_2	2		344	0.33064514398574829
host_cold	host_cold/fold_2	2		345	0.609375
host_cold	host_cold/fold_2	2		347	0.59210526943206787
host_cold	host_cold/fold_2	2		348	0.82558143138885498
host_cold	host_cold/fold_2	2		350	1
host_cold	host_cold/fold_2	2		353	1
host_cold	host_cold/fold_2	2		357	0.53333336114883423
host_cold	host_cold/fold_2	2		360	0.625
host_cold	host_cold/fold_2	2		366	0.59210526943206787
host_cold	host_cold/fold_2	2		368	0.76315790414810181
host_cold	host_cold/fold_2	2		371	0.59574466943740845
host_cold	host_cold/fold_2	2		377	0.61666667461395264
host_cold	host_cold/fold_2	2		383	0.91935479640960693
host_cold	host_cold/fold_2	2		386	1
host_cold	host_cold/fold_2	2		393	0.64634144306182861
host_cold	host_cold/fold_2	2		402	0.6086956262588501
host_cold	host_cold/fold_2	2		407	0.70588237047195435
host_cold	host_cold/fold_2	2		409	0.59375
host_cold	host_cold/fold_2	2		412	0.60526317358016968
host_cold	host_cold/fold_2	2		413	0.1875
host_cold	host_cold/fold_2	2		416	0.57692307233810425
host_cold	host_cold/fold_2	2		418	0.60784316062927246
host_cold	host_cold/fold_2	2		424	0.56666666269302368
host_cold	host_cold/fold_2	2		426	0.57692307233810425
host_cold	host_cold/fold_2	2		434	0.76315790414810181
host_cold	host_cold/fold_2	2		435	0.56666666269302368
host_cold	host_cold/fold_2	2		438	1
host_cold	host_cold/fold_2	2		441	1
host_cold	host_cold/fold_2	2		443	1
host_cold	host_cold/fold_2	2		445	0.55833333730697632
host_cold	host_cold/fold_2	2		449	0.60204082727432251
host_cold	host_cold/fold_2	2		455	1
host_cold	host_cold/fold_2	2		456	0.66666668653488159
host_cold	host_cold/fold_2	2		460	0.62264150381088257
host_cold	host_cold/fold_2	2		471	0.8888888955116272
host_cold	host_cold/fold_2	2		472	0.38795986771583557
host_cold	host_cold/fold_2	2		478	0.6086956262588501
host_cold	host_cold/fold_2	2		483	0.625
host_cold	host_cold/fold_2	2		485	0.57692307233810425
host_cold	host_cold/fold_2	2		489	0.6111111044883728
host_cold	host_cold/fold_2	2		492	0.59302324056625366
host_cold	host_cold/fold_2	2		495	0.662162184715271
host_cold	host_cold/fold_2	2		497	0.8125
host_cold	host_cold/fold_2	2		514	0.65517240762710571
host_cold	host_cold/fold_2	2		524	0.60784316062927246
host_cold	host_cold/fold_2	2		527	0.58974361419677734
host_cold	host_cold/fold_2	2		528	0.64423078298568726
host_cold	host_cold/fold_2	2		533	0.6111111044883728
host_cold	host_cold/fold_2	2		537	0.8888888955116272
host_cold	host_cold/fold_2	2		540	0.63265305757522583
host_cold	host_cold/fold_2	2		542	0.53846156597137451
host_cold	host_cold/fold_2	2		546	0.58181816339492798
host_cold	host_cold/fold_2	2		549	0.58653843402862549
host_cold	host_cold/fold_2	2		550	0.66666668653488159
host_cold	host_cold/fold_2	2		551	0.61538463830947876
host_cold	host_cold/fold_2	2		555	0.625
host_cold	host_cold/fold_2	2		559	0.69512194395065308
host_cold	host_cold/fold_2	2		563	0.65714287757873535
host_cold	host_cold/fold_2	2		574	0.8888888955116272
host_cold	host_cold/fold_2	2		576	0.92857146263122559
host_cold	host_cold/fold_2	2		588	0.5124434232711792
host_cold	host_cold/fold_2	2		593	0.57894736528396606
host_cold	host_cold/fold_2	2		594	0.58333331346511841
host_cold	host_cold/fold_2	2		600	0.53636366128921509
host_cold	host_cold/fold_2	2		604	0.6428571343421936
host_cold	host_cold/fold_2	2		618	0.63953489065170288
host_cold	host_cold/fold_2	2		622	0.63636362552642822
host_cold	host_cold/fold_2	2		624	0.53333336114883423
host_cold	host_cold/fold_2	2		628	1
host_cold	host_cold/fold_2	2		630	0.56485271453857422
host_cold	host_cold/fold_2	2		632	0.82835817337036133
host_cold	host_cold/fold_2	2		633	0.75
host_cold	host_cold/fold_2	2		635	0.8888888955116272
host_cold	host_cold/fold_2	2		638	0.76315790414810181
host_cold	host_cold/fold_2	2		639	1
host_cold	host_cold/fold_2	2		641	0.54693877696990967
host_cold	host_cold/fold_2	2		647	0.56666666269302368
host_cold	host_cold/fold_2	2		649	0.55128204822540283
host_cold	host_cold/fold_2	2		652	0.63953489065170288
host_cold	host_cold/fold_2	2		654	0.78205132484436035
host_cold	host_cold/fold_2	2		661	0.53333336114883423
host_cold	host_cold/fold_2	2		664	0.90566039085388184
host_cold	host_cold/fold_2	2		669	0.579365074634552
host_cold	host_cold/fold_2	2		672	1
host_cold	host_cold/fold_2	2		674	0.87209302186965942
host_cold	host_cold/fold_2	2		685	1
host_cold	host_cold/fold_2	2		701	0.56666666269302368
host_cold	host_cold/fold_2	2		706	0.1875
host_cold	host_cold/fold_2	2		709	0.67708331346511841
host_cold	host_cold/fold_2	2		724	0.90594059228897095
host_cold	host_cold/fold_2	2		726	0.63636362552642822
host_cold	host_cold/fold_2	2		736	0.61596739292144775
host_cold	host_cold/fold_2	2		739	0.42567181587219238
host_cold	host_cold/fold_2	2		747	0.63333332538604736
host_cold	host_cold/fold_2	2		755	1
host_cold	host_cold/fold_2	2		757	0.63636362552642822
host_cold	host_cold/fold_2	2		758	0.58490568399429321
host_cold	host_cold/fold_2	2		759	0.92857146263122559
host_cold	host_cold/fold_2	2		761	0.625
host_cold	host_cold/fold_2	2		766	0.61666667461395264
host_cold	host_cold/fold_2	2		769	0.91250002384185791
host_cold	host_cold/fold_2	2		772	0.28888890147209167
host_cold	host_cold/fold_2	2		773	0.34090906381607056
host_cold	host_cold/fold_2	2		774	0.78571426868438721
host_cold	host_cold/fold_2	2		779	1
host_cold	host_cold/fold_2	2		780	0.59375
host_cold	host_cold/fold_2	2		781	0.90594059228897095
host_cold	host_cold/fold_2	2		783	0.58333331346511841
host_cold	host_cold/fold_2	2		792	0.58823531866073608
host_cold	host_cold/fold_2	2		795	0.72222220897674561
host_cold	host_cold/fold_2	2		805	1
host_cold	host_cold/fold_2	2		810	0.58571428060531616
host_cold	host_cold/fold_2	2		813	0.89999997615814209
host_cold	host_cold/fold_2	2		817	1
host_cold	host_cold/fold_2	2		819	0.75757575035095215
host_cold	host_cold/fold_2	2		822	0.90566039085388184
host_cold	host_cold/fold_2	2		834	0.61290323734283447
host_cold	host_cold/fold_2	2		835	1
host_cold	host_cold/fold_2	2		845	1
host_cold	host_cold/fold_2	2		847	0.59090912342071533
host_cold	host_cold/fold_2	2		848	0.64999997615814209
host_cold	host_cold/fold_2	2		858	0.55128204822540283
host_cold	host_cold/fold_2	2		860	0.8125
host_cold	host_cold/fold_2	2		864	1
host_cold	host_cold/fold_2	2		867	0.83333337306976318
host_cold	host_cold/fold_2	2		870	1
host_cold	host_cold/fold_2	2		879	0.79545450210571289
host_cold	host_cold/fold_2	2		880	0.70588237047195435
host_cold	host_cold/fold_2	2		885	0.58823531866073608
host_cold	host_cold/fold_2	2		897	0.17788460850715637
host_cold	host_cold/fold_2	2		899	0.8125
host_cold	host_cold/fold_2	2		914	0.13596491515636444
host_cold	host_cold/fold_2	2		916	0.56666666269302368
host_cold	host_cold/fold_2	2		919	0.625
host_cold	host_cold/fold_2	2		920	0.6875
host_cold	host_cold/fold_2	2		924	0.63636362552642822
host_cold	host_cold/fold_2	2		930	0.53333336114883423
host_cold	host_cold/fold_2	2		937	0.28888890147209167
host_cold	host_cold/fold_2	2		942	0.55000001192092896
host_cold	host_cold/fold_2	2		949	0.57547169923782349
host_cold	host_cold/fold_2	2		951	0.67045456171035767
host_cold	host_cold/fold_2	2		973	1
host_cold	host_cold/fold_2	2		975	0.56426399946212769
host_cold	host_cold/fold_2	2		980	0.18318122625350952
host_cold	host_cold/fold_2	2		986	0.28792569041252136
host_cold	host_cold/fold_2	2		988	1
host_cold	host_cold/fold_2	2		1000	0.361440509557724
host_cold	host_cold/fold_2	2		1005	1
host_cold	host_cold/fold_2	2		1009	0.62857145071029663
host_cold	host_cold/fold_2	2		1011	1
host_cold	host_cold/fold_2	2		1021	0.61627906560897827
host_cold	host_cold/fold_2	2		1023	0.93333333730697632
host_cold	host_cold/fold_2	2		1024	0.57446807622909546
host_cold	host_cold/fold_2	2		1027	0.361440509557724
host_cold	host_cold/fold_2	2		1031	0.62222224473953247
host_cold	host_cold/fold_2	2		1035	1
host_cold	host_cold/fold_2	2		1044	1
host_cold	host_cold/fold_2	2		1051	0.65306121110916138
host_cold	host_cold/fold_2	2		1052	0.63265305757522583
host_cold	host_cold/fold_2	2		1056	0.67708331346511841
host_cold	host_cold/fold_2	2		1063	0.86792457103729248
host_cold	host_cold/fold_2	2		1080	0.73529410362243652
host_cold	host_cold/fold_2	2		1089	0.625
host_cold	host_cold/fold_2	2		1091	0.59756100177764893
host_cold	host_cold/fold_2	2		1096	0.67045456171035767
host_cold	host_cold/fold_2	2		1098	0.90594059228897095
host_cold	host_cold/fold_2	2		1100	0.75
host_cold	host_cold/fold_2	2		1112	0.6413043737411499
host_cold	host_cold/fold_2	2		1119	0.1903846263885498
host_cold	host_cold/fold_2	2		1143	0.62745100259780884
host_cold	host_cold/fold_2	2		1147	0.55555558204650879
host_cold	host_cold/fold_2	2		1148	0.56818181276321411
host_cold	host_cold/fold_2	2		1150	0.5961538553237915
host_cold	host_cold/fold_2	2		1156	0.59574466943740845
host_cold	host_cold/fold_2	2		1159	0.65306121110916138
host_cold	host_cold/fold_2	2		1160	1
host_cold	host_cold/fold_2	2		1163	0.625
host_cold	host_cold/fold_2	2		1176	0.70588237047195435
host_cold	host_cold/fold_2	2		1178	0.57608693838119507
host_cold	host_cold/fold_2	2		1179	0.59459459781646729
host_cold	host_cold/fold_2	2		1182	0.63265305757522583
host_cold	host_cold/fold_2	2		1186	0.51999998092651367
host_cold	host_cold/fold_2	2		1199	0.5625
host_cold	host_cold/fold_2	2		1219	0.8125
host_cold	host_cold/fold_2	2		1230	0.89999997615814209
host_cold	host_cold/fold_2	2		1234	0.53636366128921509
host_cold	host_cold/fold_2	2		1247	0.57547169923782349
host_cold	host_cold/fold_2	2		1248	0.45555555820465088
host_cold	host_cold/fold_2	2		1249	0.62745100259780884
host_cold	host_cold/fold_2	2		1251	0.56666666269302368
host_cold	host_cold/fold_2	2		1252	1
host_cold	host_cold/fold_2	2		1253	0.60909092426300049
host_cold	host_cold/fold_2	2		1256	0.60483872890472412
host_cold	host_cold/fold_2	2		1261	0.58974361419677734
host_cold	host_cold/fold_2	2		1275	0.625
host_cold	host_cold/fold_2	2		1276	0.5475274920463562
host_cold	host_cold/fold_2	2		1291	0.67500001192092896
host_cold	host_cold/fold_2	2		1293	0.8125
host_cold	host_cold/fold_2	2		1297	0.5443037748336792
host_cold	host_cold/fold_2	2		1303	0.58823531866073608
host_cold	host_cold/fold_2	2		1305	0.59433960914611816
host_cold	host_cold/fold_2	2		1306	0.61290323734283447
host_cold	host_cold/fold_2	2		1314	1
host_cold	host_cold/fold_2	2		1318	0.56666666269302368
host_cold	host_cold/fold_2	2		1328	1
host_cold	host_cold/fold_2	2		1329	0.63636362552642822
host_cold	host_cold/fold_2	2		1334	0.63416147232055664
host_cold	host_cold/fold_2	2		1341	1
host_cold	host_cold/fold_2	2		1345	0.6894230842590332
host_cold	host_cold/fold_2	2		1352	0.90594059228897095
host_cold	host_cold/fold_2	2		1353	1
host_cold	host_cold/fold_2	2		1360	0.56060606241226196
host_cold	host_cold/fold_2	2		1375	1
host_cold	host_cold/fold_2	2		1377	0.55737704038619995
host_cold	host_cold/fold_2	2		1378	0.60227274894714355
host_cold	host_cold/fold_2	2		1379	0.75
host_cold	host_cold/fold_2	2		1384	0.55555558204650879
host_cold	host_cold/fold_2	2		1398	0.63636362552642822
host_cold	host_cold/fold_2	2		1405	1
host_cold	host_cold/fold_2	2		1406	0.63636362552642822
host_cold	host_cold/fold_2	2		1408	0.1875
host_cold	host_cold/fold_2	2		1418	0.78571426868438721
host_cold	host_cold/fold_2	2		1419	1
host_cold	host_cold/fold_2	2		1420	0.50877189636230469
host_cold	host_cold/fold_2	2		1422	0.56666666269302368
host_cold	host_cold/fold_2	2		1425	0.70588237047195435
host_cold	host_cold/fold_2	2		1426	1
host_cold	host_cold/fold_2	2		1427	0.58695650100708008
host_cold	host_cold/fold_2	2		1430	0.58888888359069824
host_cold	host_cold/fold_2	2		1433	0.1875
host_cold	host_cold/fold_2	2		1442	0.56382977962493896
host_cold	host_cold/fold_2	2		1455	0.70588237047195435
host_cold	host_cold/fold_2	2		1461	1
host_cold	host_cold/fold_2	2		1473	0.65517240762710571
host_cold	host_cold/fold_2	2		1475	0.609375
host_cold	host_cold/fold_2	2		1476	0.53333336114883423
host_cold	host_cold/fold_2	2		1481	0.58333331346511841
host_cold	host_cold/fold_2	2		1484	0.82499998807907104
host_cold	host_cold/fold_2	2		1493	1
host_cold	host_cold/fold_2	2		1494	0.67391306161880493
host_cold	host_cold/fold_2	2		1498	0.57692307233810425
host_cold	host_cold/fold_2	2		1501	0.60000002384185791
host_cold	host_cold/fold_2	2		1516	1
host_cold	host_cold/fold_2	2		1522	1
host_cold	host_cold/fold_2	2		1526	0.61666667461395264
host_cold	host_cold/fold_2	2		1529	0.56666666269302368
host_cold	host_cold/fold_2	2		1530	0.66666668653488159
host_cold	host_cold/fold_2	2		1531	0.5901639461517334
host_cold	host_cold/fold_2	2		1532	0.62222224473953247
host_cold	host_cold/fold_2	2		1533	0.63829785585403442
host_cold	host_cold/fold_2	2		1536	0.55833333730697632
host_cold	host_cold/fold_2	2		1537	0.68604648113250732
host_cold	host_cold/fold_2	2		1539	0.36764156818389893
host_cold	host_cold/fold_2	2		1547	0.625
host_cold	host_cold/fold_2	2		1548	0.57843136787414551
host_cold	host_cold/fold_2	2		1549	0.57608693838119507
host_cold	host_cold/fold_2	2		1551	0.64423078298568726
host_cold	host_cold/fold_2	2		1555	0.92857146263122559
host_cold	host_cold/fold_2	2		1561	0.56666666269302368
host_cold	host_cold/fold_2	2		1566	0.79104477167129517
host_cold	host_cold/fold_2	2		1573	0.90566039085388184
host_cold	host_cold/fold_2	2		1576	0.66289591789245605
host_cold	host_cold/fold_2	2		1582	0.73529410362243652
host_cold	host_cold/fold_2	2		1586	0.55833333730697632
host_cold	host_cold/fold_2	2		1594	0.6904761791229248
host_cold	host_cold/fold_2	2		1597	0.5961538553237915
host_cold	host_cold/fold_2	2		1602	0.60000002384185791
host_cold	host_cold/fold_2	2		1605	0.6413043737411499
host_cold	host_cold/fold_2	2		1608	0.56382977962493896
host_cold	host_cold/fold_2	2		1609	0.82558143138885498
host_cold	host_cold/fold_2	2		1617	0.6428571343421936
host_cold	host_cold/fold_2	2		1618	1
host_cold	host_cold/fold_2	2		1620	0.65555554628372192
host_cold	host_cold/fold_2	2		1623	0.61702126264572144
host_cold	host_cold/fold_2	2		1624	0.61764705181121826
host_cold	host_cold/fold_2	2		1628	0.60000002384185791
host_cold	host_cold/fold_2	2		1629	0.61818182468414307
host_cold	host_cold/fold_2	2		1631	0.625
host_cold	host_cold/fold_2	2		1636	0.60000002384185791
host_cold	host_cold/fold_2	2		1637	0.56818181276321411
host_cold	host_cold/fold_2	2		1638	0.56818181276321411
host_cold	host_cold/fold_2	2		1642	0.82258063554763794
host_cold	host_cold/fold_2	2		1649	0.70588237047195435
host_cold	host_cold/fold_2	2		1652	0.63829785585403442
host_cold	host_cold/fold_2	2		1654	0.60000002384185791
host_cold	host_cold/fold_2	2		1655	0.662162184715271
host_cold	host_cold/fold_2	2		1656	0.55555558204650879
host_cold	host_cold/fold_2	2		1659	0.59090912342071533
host_cold	host_cold/fold_2	2		1666	0.53636366128921509
host_cold	host_cold/fold_2	2		1678	0.61940300464630127
host_cold	host_cold/fold_2	2		1683	0.6111111044883728
host_cold	host_cold/fold_2	2		1685	0.61940300464630127
host_cold	host_cold/fold_2	2		1693	0.5742114782333374
host_cold	host_cold/fold_2	2		1696	0.65517240762710571
host_cold	host_cold/fold_2	2		1710	0.60416668653488159
host_cold	host_cold/fold_2	2		1714	0.57894736528396606
host_cold	host_cold/fold_2	2		1715	0.74675321578979492
host_cold	host_cold/fold_2	2		1723	0.73529410362243652
host_cold	host_cold/fold_2	2		1725	0.56896549463272095
host_cold	host_cold/fold_2	2		1730	0.51923078298568726
host_cold	host_cold/fold_2	2		1744	0.61702126264572144
host_cold	host_cold/fold_2	2		1745	0.30788177251815796
host_cold	host_cold/fold_2	2		1748	0.60606062412261963
host_cold	host_cold/fold_2	2		1751	0.90566039085388184
host_cold	host_cold/fold_2	2		1752	0.56122446060180664
host_cold	host_cold/fold_2	2		1761	0.53333336114883423
host_cold	host_cold/fold_2	2		1767	0.67045456171035767
host_cold	host_cold/fold_2	2		1770	0.78571426868438721
host_cold	host_cold/fold_2	2		1771	0.6086956262588501
host_cold	host_cold/fold_2	2		1774	0.6355932354927063
host_cold	host_cold/fold_2	2		1781	0.6111111044883728
host_cold	host_cold/fold_2	2		1785	0.70588237047195435
host_cold	host_cold/fold_2	2		1788	0.60344827175140381
host_cold	host_cold/fold_2	2		1795	0.17307692766189575
host_cold	host_cold/fold_2	2		1797	0.6413043737411499
host_cold	host_cold/fold_2	2		1800	0.58620691299438477
host_cold	host_cold/fold_2	2		1804	0.61940300464630127
host_cold	host_cold/fold_2	2		1805	0.53658539056777954
host_cold	host_cold/fold_2	2		1806	0.65517240762710571
host_cold	host_cold/fold_2	2		1810	0.57142859697341919
host_cold	host_cold/fold_2	2		1813	0.63636362552642822
host_cold	host_cold/fold_2	2		1824	0.63636362552642822
host_cold	host_cold/fold_2	2		1827	1
host_cold	host_cold/fold_2	2		1830	0.18318122625350952
host_cold	host_cold/fold_2	2		1831	0.5324675440788269
host_cold	host_cold/fold_2	2		1832	0.90594059228897095
host_cold	host_cold/fold_2	2		1834	0.875
host_cold	host_cold/fold_2	2		1840	0.33247128129005432
host_cold	host_cold/fold_2	2		1844	0.80303031206130981
host_cold	host_cold/fold_2	2		1848	0.82558143138885498
host_cold	host_cold/fold_2	2		1851	0.63333332538604736
host_cold	host_cold/fold_2	2		1852	0.56818181276321411
host_cold	host_cold/fold_2	2		1869	0.45555555820465088
host_cold	host_cold/fold_2	2		1871	0.54054051637649536
host_cold	host_cold/fold_2	2		1879	0.48663100600242615
host_cold	host_cold/fold_2	2		1880	0.58181816339492798
host_cold	host_cold/fold_2	2		1892	0.609375
host_cold	host_cold/fold_2	2		1905	0.1735241562128067
host_cold	host_cold/fold_2	2		1909	0.65517240762710571
host_cold	host_cold/fold_2	2		1913	0.57692307233810425
host_cold	host_cold/fold_2	2		1920	0.5625
host_cold	host_cold/fold_2	2		1926	0.70588237047195435
host_cold	host_cold/fold_2	2		1936	0.60606062412261963
host_cold	host_cold/fold_2	2		1942	0.63265305757522583
host_cold	host_cold/fold_2	2		1948	0.90594059228897095
host_cold	host_cold/fold_2	2		1962	0.57480019330978394
host_cold	host_cold/fold_2	2		1963	0.60227274894714355
host_cold	host_cold/fold_2	2		1964	0.47966504096984863
host_cold	host_cold/fold_2	2		1965	0.5952380895614624
host_cold	host_cold/fold_2	2		1969	1
host_cold	host_cold/fold_2	2		1977	0.13596491515636444
host_cold	host_cold/fold_2	2		1978	0.60000002384185791
host_cold	host_cold/fold_2	2		1987	0.5178571343421936
host_cold	host_cold/fold_2	2		1990	0.70588237047195435
host_cold	host_cold/fold_2	2		1992	0.625
host_cold	host_cold/fold_2	2		1993	0.5901639461517334
host_cold	host_cold/fold_2	2		1994	0.5767524242401123
host_cold	host_cold/fold_2	2		1995	0.56818181276321411
host_cold	host_cold/fold_2	2		1997	0.625
host_cold	host_cold/fold_2	2		2001	0.70588237047195435
host_cold	host_cold/fold_2	2		2002	0.6355932354927063
host_cold	host_cold/fold_2	2		2004	0.62195122241973877
host_cold	host_cold/fold_2	2		2010	0.58571428060531616
host_cold	host_cold/fold_2	2		2011	0.59090912342071533
host_cold	host_cold/fold_2	2		2014	0.59952831268310547
host_cold	host_cold/fold_2	2		2015	0.59433960914611816
host_cold	host_cold/fold_2	2		2019	1
host_cold	host_cold/fold_2	2		2022	0.8888888955116272
host_cold	host_cold/fold_2	2		2026	0.87209302186965942
host_cold	host_cold/fold_2	2		2030	0.56976747512817383
host_cold	host_cold/fold_2	2		2039	0.51999998092651367
host_cold	host_cold/fold_2	2		2040	0.58974361419677734
host_cold	host_cold/fold_2	2		2047	0.56603771448135376
host_cold	host_cold/fold_2	2		2048	0.62195122241973877
host_cold	host_cold/fold_2	2		2050	0.61666667461395264
host_cold	host_cold/fold_2	2		2059	0.625
host_cold	host_cold/fold_2	2		2063	0.61940300464630127
host_cold	host_cold/fold_2	2		2070	0.56382977962493896
host_cold	host_cold/fold_2	2		2077	0.76315790414810181
host_cold	host_cold/fold_2	2		2078	0.88461542129516602
host_cold	host_cold/fold_2	2		2085	0.8125
host_cold	host_cold/fold_2	2		2091	0.56122446060180664
host_cold	host_cold/fold_2	2		2093	0.55833333730697632
host_cold	host_cold/fold_2	2		2103	0.62745100259780884
host_cold	host_cold/fold_2	2		2113	0.65555554628372192
host_cold	host_cold/fold_2	2		2115	0.5625
host_cold	host_cold/fold_2	2		2118	0.1735241562128067
host_cold	host_cold/fold_2	2		2124	0.75757575035095215
host_cold	host_cold/fold_2	2		2135	1
host_cold	host_cold/fold_2	2		2139	0.79545450210571289
host_cold	host_cold/fold_2	2		2140	0.70588237047195435
host_cold	host_cold/fold_2	2		2142	0.8611111044883728
host_cold	host_cold/fold_2	2		2145	0.69298243522644043
host_cold	host_cold/fold_2	2		2149	0.69607841968536377
host_cold	host_cold/fold_2	2		2154	0.66666668653488159
host_cold	host_cold/fold_2	2		2157	0.62264150381088257
host_cold	host_cold/fold_2	2		2158	0.62727272510528564
host_cold	host_cold/fold_2	2		2161	0.88461542129516602
host_cold	host_cold/fold_2	2		2163	0.625
host_cold	host_cold/fold_2	2		2164	0.8125
host_cold	host_cold/fold_3	3		1	0.5
host_cold	host_cold/fold_3	3		2	0.56666666269302368
host_cold	host_cold/fold_3	3		5	0.93859648704528809
host_cold	host_cold/fold_3	3		6	0.81818181276321411
host_cold	host_cold/fold_3	3		16	0.59131205081939697
host_cold	host_cold/fold_3	3		33	0.55714285373687744
host_cold	host_cold/fold_3	3		35	0.8125
host_cold	host_cold/fold_3	3		39	0.76041662693023682
host_cold	host_cold/fold_3	3		43	0.79545450210571289
host_cold	host_cold/fold_3	3		46	0.55084747076034546
host_cold	host_cold/fold_3	3		48	0.57727271318435669
host_cold	host_cold/fold_3	3		60	0.57577133178710938
host_cold	host_cold/fold_3	3		66	0.55669224262237549
host_cold	host_cold/fold_3	3		80	0.80000001192092896
host_cold	host_cold/fold_3	3		86	0.52536231279373169
host_cold	host_cold/fold_3	3		89	0.8888888955116272
host_cold	host_cold/fold_3	3		90	0.59668600559234619
host_cold	host_cold/fold_3	3		91	0.58333331346511841
host_cold	host_cold/fold_3	3		99	0.88461542129516602
host_cold	host_cold/fold_3	3		100	0.89999997615814209
host_cold	host_cold/fold_3	3		101	0.96666669845581055
host_cold	host_cold/fold_3	3		102	0.8125
host_cold	host_cold/fold_3	3		105	0.80882352590560913
host_cold	host_cold/fold_3	3		113	1
host_cold	host_cold/fold_3	3		116	0.5875241756439209
host_cold	host_cold/fold_3	3		118	1
host_cold	host_cold/fold_3	3		119	0.60273975133895874
host_cold	host_cold/fold_3	3		121	0.6015625
host_cold	host_cold/fold_3	3		124	0.78125
host_cold	host_cold/fold_3	3		126	0.75757575035095215
host_cold	host_cold/fold_3	3		127	0.56896549463272095
host_cold	host_cold/fold_3	3		131	0.75371122360229492
host_cold	host_cold/fold_3	3		135	0.52543067932128906
host_cold	host_cold/fold_3	3		138	0.54545456171035767
host_cold	host_cold/fold_3	3		142	0.93859648704528809
host_cold	host_cold/fold_3	3		146	0.8947368860244751
host_cold	host_cold/fold_3	3		148	0.8142857551574707
host_cold	host_cold/fold_3	3		150	0.75757575035095215
host_cold	host_cold/fold_3	3		153	0.55000001192092896
host_cold	host_cold/fold_3	3		158	0.57863092422485352
host_cold	host_cold/fold_3	3		159	0.62162160873413086
host_cold	host_cold/fold_3	3		162	0.88297873735427856
host_cold	host_cold/fold_3	3		168	0.88297873735427856
host_cold	host_cold/fold_3	3		169	0.49358975887298584
host_cold	host_cold/fold_3	3		173	1
host_cold	host_cold/fold_3	3		181	0.88297873735427856
host_cold	host_cold/fold_3	3		190	0.51260834932327271
host_cold	host_cold/fold_3	3		196	0.58620691299438477
host_cold	host_cold/fold_3	3		198	0.93859648704528809
host_cold	host_cold/fold_3	3		200	0.56451612710952759
host_cold	host_cold/fold_3	3		201	0.55555558204650879
host_cold	host_cold/fold_3	3		204	0.88461542129516602
host_cold	host_cold/fold_3	3		222	0.8947368860244751
host_cold	host_cold/fold_3	3		223	0.7658119797706604
host_cold	host_cold/fold_3	3		224	0.56666666269302368
host_cold	host_cold/fold_3	3		226	0.90740740299224854
host_cold	host_cold/fold_3	3		230	0.28673243522644043
host_cold	host_cold/fold_3	3		232	0.56451612710952759
host_cold	host_cold/fold_3	3		238	0.55919313430786133
host_cold	host_cold/fold_3	3		242	0.68604648113250732
host_cold	host_cold/fold_3	3		248	0.53997194766998291
host_cold	host_cold/fold_3	3		250	0.53068244457244873
host_cold	host_cold/fold_3	3		252	0.70833331346511841
host_cold	host_cold/fold_3	3		260	0.55303031206130981
host_cold	host_cold/fold_3	3		273	0.7361111044883728
host_cold	host_cold/fold_3	3		275	0.58620691299438477
host_cold	host_cold/fold_3	3		278	0.78571426868438721
host_cold	host_cold/fold_3	3		282	0.75
host_cold	host_cold/fold_3	3		286	0.88297873735427856
host_cold	host_cold/fold_3	3		287	0.55737704038619995
host_cold	host_cold/fold_3	3		290	0.68000000715255737
host_cold	host_cold/fold_3	3		293	0.73636364936828613
host_cold	host_cold/fold_3	3		303	0.49473685026168823
host_cold	host_cold/fold_3	3		306	0.69512194395065308
host_cold	host_cold/fold_3	3		309	0.74358975887298584
host_cold	host_cold/fold_3	3		310	1
host_cold	host_cold/fold_3	3		315	0.61711716651916504
host_cold	host_cold/fold_3	3		316	0.55882352590560913
host_cold	host_cold/fold_3	3		318	0.88297873735427856
host_cold	host_cold/fold_3	3		319	0.66666668653488159
host_cold	host_cold/fold_3	3		322	0.5554511547088623
host_cold	host_cold/fold_3	3		328	0.42708331346511841
host_cold	host_cold/fold_3	3		330	0.62942367792129517
host_cold	host_cold/fold_3	3		337	0.58333331346511841
host_cold	host_cold/fold_3	3		351	0.78433048725128174
host_cold	host_cold/fold_3	3		352	0.88297873735427856
host_cold	host_cold/fold_3	3		354	0.97222220897674561
host_cold	host_cold/fold_3	3		378	0.88461542129516602
host_cold	host_cold/fold_3	3		381	0.82692307233810425
host_cold	host_cold/fold_3	3		390	0.80882352590560913
host_cold	host_cold/fold_3	3		391	0.59952831268310547
host_cold	host_cold/fold_3	3		394	0.69512194395065308
host_cold	host_cold/fold_3	3		395	0.8947368860244751
host_cold	host_cold/fold_3	3		396	0.75
host_cold	host_cold/fold_3	3		398	0.75
host_cold	host_cold/fold_3	3		401	0.88461542129516602
host_cold	host_cold/fold_3	3		403	0.79358971118927002
host_cold	host_cold/fold_3	3		404	0.54277700185775757
host_cold	host_cold/fold_3	3		417	0.76041662693023682
host_cold	host_cold/fold_3	3		420	0.55669224262237549
host_cold	host_cold/fold_3	3		421	0.75
host_cold	host_cold/fold_3	3		427	0.72826087474822998
host_cold	host_cold/fold_3	3		432	0.65045249462127686
host_cold	host_cold/fold_3	3		433	0.58064514398574829
host_cold	host_cold/fold_3	3		442	0.88461542129516602
host_cold	host_cold/fold_3	3		444	0.5593220591545105
host_cold	host_cold/fold_3	3		446	0.75699299573898315
host_cold	host_cold/fold_3	3		447	0.48297873139381409
host_cold	host_cold/fold_3	3		451	0.57142859697341919
host_cold	host_cold/fold_3	3		458	0.59322035312652588
host_cold	host_cold/fold_3	3		461	0.58333331346511841
host_cold	host_cold/fold_3	3		462	0.50925922393798828
host_cold	host_cold/fold_3	3		464	0.54347825050354004
host_cold	host_cold/fold_3	3		466	0.5476190447807312
host_cold	host_cold/fold_3	3		482	0.90740740299224854
host_cold	host_cold/fold_3	3		487	1
host_cold	host_cold/fold_3	3		488	0.57142859697341919
host_cold	host_cold/fold_3	3		494	0.56451612710952759
host_cold	host_cold/fold_3	3		508	0.53975975513458252
host_cold	host_cold/fold_3	3		509	0.8888888955116272
host_cold	host_cold/fold_3	3		515	0.6388888955116272
host_cold	host_cold/fold_3	3		525	0.63333332538604736
host_cold	host_cold/fold_3	3		526	0.88297873735427856
host_cold	host_cold/fold_3	3		531	0.5221858024597168
host_cold	host_cold/fold_3	3		535	0.80882352590560913
host_cold	host_cold/fold_3	3		536	0.56198346614837646
host_cold	host_cold/fold_3	3		538	0.56666666269302368
host_cold	host_cold/fold_3	3		544	0.93859648704528809
host_cold	host_cold/fold_3	3		547	0.93000000715255737
host_cold	host_cold/fold_3	3		562	0.75
host_cold	host_cold/fold_3	3		567	0.57692307233810425
host_cold	host_cold/fold_3	3		568	0.57954543828964233
host_cold	host_cold/fold_3	3		575	0.56926512718200684
host_cold	host_cold/fold_3	3		579	0.76315790414810181
host_cold	host_cold/fold_3	3		584	0.93859648704528809
host_cold	host_cold/fold_3	3		596	0.8142857551574707
host_cold	host_cold/fold_3	3		601	0.8142857551574707
host_cold	host_cold/fold_3	3		602	0.8947368860244751
host_cold	host_cold/fold_3	3		603	0.81481480598449707
host_cold	host_cold/fold_3	3		606	0.80882352590560913
host_cold	host_cold/fold_3	3		607	0.42239469289779663
host_cold	host_cold/fold_3	3		610	0.88297873735427856
host_cold	host_cold/fold_3	3		617	0.59090912342071533
host_cold	host_cold/fold_3	3		620	1
host_cold	host_cold/fold_3	3		637	0.88297873735427856
host_cold	host_cold/fold_3	3		640	0.55434781312942505
host_cold	host_cold/fold_3	3		642	0.58620691299438477
host_cold	host_cold/fold_3	3		651	0.56740736961364746
host_cold	host_cold/fold_3	3		657	0.68382352590560913
host_cold	host_cold/fold_3	3		658	0.72500002384185791
host_cold	host_cold/fold_3	3		662	0.6555556058883667
host_cold	host_cold/fold_3	3		663	0.56451612710952759
host_cold	host_cold/fold_3	3		675	0.5221858024597168
host_cold	host_cold/fold_3	3		678	0.52989131212234497
host_cold	host_cold/fold_3	3		680	0.57499998807907104
host_cold	host_cold/fold_3	3		686	0.88297873735427856
host_cold	host_cold/fold_3	3		697	0.88297873735427856
host_cold	host_cold/fold_3	3		704	0.82692307233810425
host_cold	host_cold/fold_3	3		718	0.56666666269302368
host_cold	host_cold/fold_3	3		721	0.65730339288711548
host_cold	host_cold/fold_3	3		723	0.58297872543334961
host_cold	host_cold/fold_3	3		732	0.55000001192092896
host_cold	host_cold/fold_3	3		734	0.56666666269302368
host_cold	host_cold/fold_3	3		740	0.75
host_cold	host_cold/fold_3	3		743	0.8611111044883728
host_cold	host_cold/fold_3	3		752	0.78378379344940186
host_cold	host_cold/fold_3	3		756	0.5595238208770752
host_cold	host_cold/fold_3	3		770	0.54347825050354004
host_cold	host_cold/fold_3	3		777	0.8142857551574707
host_cold	host_cold/fold_3	3		785	0.53381645679473877
host_cold	host_cold/fold_3	3		787	0.59722220897674561
host_cold	host_cold/fold_3	3		790	0.60000002384185791
host_cold	host_cold/fold_3	3		798	0.55934196710586548
host_cold	host_cold/fold_3	3		801	0.55737704038619995
host_cold	host_cold/fold_3	3		802	1
host_cold	host_cold/fold_3	3		806	0.93859648704528809
host_cold	host_cold/fold_3	3		808	0.58620691299438477
host_cold	host_cold/fold_3	3		818	0.828125
host_cold	host_cold/fold_3	3		824	0.57826089859008789
host_cold	host_cold/fold_3	3		828	0.58024692535400391
host_cold	host_cold/fold_3	3		839	0.2604166567325592
host_cold	host_cold/fold_3	3		851	0.28982841968536377
host_cold	host_cold/fold_3	3		862	0.81481480598449707
host_cold	host_cold/fold_3	3		865	0.62491422891616821
host_cold	host_cold/fold_3	3		868	0.75757575035095215
host_cold	host_cold/fold_3	3		873	0.49358975887298584
host_cold	host_cold/fold_3	3		878	0.60810810327529907
host_cold	host_cold/fold_3	3		884	0.8125
host_cold	host_cold/fold_3	3		889	0.8888888955116272
host_cold	host_cold/fold_3	3		890	0.662162184715271
host_cold	host_cold/fold_3	3		892	0.63157892227172852
host_cold	host_cold/fold_3	3		894	0.65555554628372192
host_cold	host_cold/fold_3	3		902	0.61864405870437622
host_cold	host_cold/fold_3	3		905	0.58297872543334961
host_cold	host_cold/fold_3	3		911	0.51904761791229248
host_cold	host_cold/fold_3	3		913	0.65774804353713989
host_cold	host_cold/fold_3	3		921	0.64814817905426025
host_cold	host_cold/fold_3	3		922	0.50310558080673218
host_cold	host_cold/fold_3	3		925	0.8142857551574707
host_cold	host_cold/fold_3	3		926	0.62121212482452393
host_cold	host_cold/fold_3	3		929	0.45524692535400391
host_cold	host_cold/fold_3	3		932	1
host_cold	host_cold/fold_3	3		935	0.56666666269302368
host_cold	host_cold/fold_3	3		939	0.8142857551574707
host_cold	host_cold/fold_3	3		952	0.76666665077209473
host_cold	host_cold/fold_3	3		955	0.88297873735427856
host_cold	host_cold/fold_3	3		960	0.68000000715255737
host_cold	host_cold/fold_3	3		963	0.5625
host_cold	host_cold/fold_3	3		969	0.57575756311416626
host_cold	host_cold/fold_3	3		977	0.75757575035095215
host_cold	host_cold/fold_3	3		979	0.89999997615814209
host_cold	host_cold/fold_3	3		985	0.55555558204650879
host_cold	host_cold/fold_3	3		991	0.5186733603477478
host_cold	host_cold/fold_3	3		996	0.28125
host_cold	host_cold/fold_3	3		999	0.75
host_cold	host_cold/fold_3	3		1004	0.78260868787765503
host_cold	host_cold/fold_3	3		1014	0.8142857551574707
host_cold	host_cold/fold_3	3		1015	0.88461542129516602
host_cold	host_cold/fold_3	3		1028	0.78433048725128174
host_cold	host_cold/fold_3	3		1033	0.75
host_cold	host_cold/fold_3	3		1040	0.58776170015335083
host_cold	host_cold/fold_3	3		1046	0.58001244068145752
host_cold	host_cold/fold_3	3		1047	0.6428571343421936
host_cold	host_cold/fold_3	3		1050	0.88297873735427856
host_cold	host_cold/fold_3	3		1060	0.43617022037506104
host_cold	host_cold/fold_3	3		1062	0.42666667699813843
host_cold	host_cold/fold_3	3		1065	0.93000000715255737
host_cold	host_cold/fold_3	3		1066	0.58974361419677734
host_cold	host_cold/fold_3	3		1067	0.54347825050354004
host_cold	host_cold/fold_3	3		1069	0.73636364936828613
host_cold	host_cold/fold_3	3		1072	0.70370370149612427
host_cold	host_cold/fold_3	3		1076	0.56730771064758301
host_cold	host_cold/fold_3	3		1077	0.52941179275512695
host_cold	host_cold/fold_3	3		1079	0.95744681358337402
host_cold	host_cold/fold_3	3		1081	0.73194617033004761
host_cold	host_cold/fold_3	3		1093	0.8142857551574707
host_cold	host_cold/fold_3	3		1094	0.58333331346511841
host_cold	host_cold/fold_3	3		1106	0.8142857551574707
host_cold	host_cold/fold_3	3		1115	0.55357146263122559
host_cold	host_cold/fold_3	3		1116	0.54277700185775757
host_cold	host_cold/fold_3	3		1118	1
host_cold	host_cold/fold_3	3		1128	1
host_cold	host_cold/fold_3	3		1134	0.51533651351928711
host_cold	host_cold/fold_3	3		1135	0.56730771064758301
host_cold	host_cold/fold_3	3		1136	0.79545450210571289
host_cold	host_cold/fold_3	3		1139	0.80882352590560913
host_cold	host_cold/fold_3	3		1140	0.74358975887298584
host_cold	host_cold/fold_3	3		1141	0.8142857551574707
host_cold	host_cold/fold_3	3		1142	0.78571426868438721
host_cold	host_cold/fold_3	3		1144	0.93000000715255737
host_cold	host_cold/fold_3	3		1149	0.88297873735427856
host_cold	host_cold/fold_3	3		1152	0.51739132404327393
host_cold	host_cold/fold_3	3		1154	0.88297873735427856
host_cold	host_cold/fold_3	3		1161	0.56730771064758301
host_cold	host_cold/fold_3	3		1164	1
host_cold	host_cold/fold_3	3		1165	0.58960902690887451
host_cold	host_cold/fold_3	3		1171	0.61864405870437622
host_cold	host_cold/fold_3	3		1175	0.8142857551574707
host_cold	host_cold/fold_3	3		1180	1
host_cold	host_cold/fold_3	3		1183	0.60526317358016968
host_cold	host_cold/fold_3	3		1187	0.81481480598449707
host_cold	host_cold/fold_3	3		1188	0.75757575035095215
host_cold	host_cold/fold_3	3		1198	0.56666666269302368
host_cold	host_cold/fold_3	3		1205	0.5221858024597168
host_cold	host_cold/fold_3	3		1213	0.75
host_cold	host_cold/fold_3	3		1217	0.52681231498718262
host_cold	host_cold/fold_3	3		1222	0.93859648704528809
host_cold	host_cold/fold_3	3		1225	0.65504807233810425
host_cold	host_cold/fold_3	3		1226	0.60616785287857056
host_cold	host_cold/fold_3	3		1229	0.58333337306976318
host_cold	host_cold/fold_3	3		1241	0.57692307233810425
host_cold	host_cold/fold_3	3		1242	0.53756678104400635
host_cold	host_cold/fold_3	3		1244	0.95744681358337402
host_cold	host_cold/fold_3	3		1246	0.82692307233810425
host_cold	host_cold/fold_3	3		1250	0.56578946113586426
host_cold	host_cold/fold_3	3		1257	0.5952380895614624
host_cold	host_cold/fold_3	3		1260	0.55624997615814209
host_cold	host_cold/fold_3	3		1263	0.83000004291534424
host_cold	host_cold/fold_3	3		1265	0.80882352590560913
host_cold	host_cold/fold_3	3		1266	0.5
host_cold	host_cold/fold_3	3		1268	0.55000001192092896
host_cold	host_cold/fold_3	3		1269	0.44421052932739258
host_cold	host_cold/fold_3	3		1279	0.88297873735427856
host_cold	host_cold/fold_3	3		1284	0.60000002384185791
host_cold	host_cold/fold_3	3		1286	0.58333337306976318
host_cold	host_cold/fold_3	3		1289	0.625
host_cold	host_cold/fold_3	3		1295	0.56666666269302368
host_cold	host_cold/fold_3	3		1296	0.36815920472145081
host_cold	host_cold/fold_3	3		1298	0.56730771064758301
host_cold	host_cold/fold_3	3		1299	0.80882352590560913
host_cold	host_cold/fold_3	3		1301	0.96739131212234497
host_cold	host_cold/fold_3	3		1302	0.54347825050354004
host_cold	host_cold/fold_3	3		1308	0.55555558204650879
host_cold	host_cold/fold_3	3		1310	0.90740740299224854
host_cold	host_cold/fold_3	3		1322	0.81818181276321411
host_cold	host_cold/fold_3	3		1325	0.79545450210571289
host_cold	host_cold/fold_3	3		1335	0.56000000238418579
host_cold	host_cold/fold_3	3		1351	0.53731346130371094
host_cold	host_cold/fold_3	3		1354	0.88297873735427856
host_cold	host_cold/fold_3	3		1358	0.23814655840396881
host_cold	host_cold/fold_3	3		1359	0.88461542129516602
host_cold	host_cold/fold_3	3		1363	0.75
host_cold	host_cold/fold_3	3		1366	1
host_cold	host_cold/fold_3	3		1372	0.82558143138885498
host_cold	host_cold/fold_3	3		1376	1
host_cold	host_cold/fold_3	3		1383	0.54347825050354004
host_cold	host_cold/fold_3	3		1389	0.88297873735427856
host_cold	host_cold/fold_3	3		1393	0.60048311948776245
host_cold	host_cold/fold_3	3		1400	0.93859648704528809
host_cold	host_cold/fold_3	3		1401	0.60000002384185791
host_cold	host_cold/fold_3	3		1404	0.79545450210571289
host_cold	host_cold/fold_3	3		1410	0.88297873735427856
host_cold	host_cold/fold_3	3		1414	0.95048308372497559
host_cold	host_cold/fold_3	3		1416	0.75999999046325684
host_cold	host_cold/fold_3	3		1437	0.73750001192092896
host_cold	host_cold/fold_3	3		1446	0.56666666269302368
host_cold	host_cold/fold_3	3		1447	0.75
host_cold	host_cold/fold_3	3		1453	0.81481480598449707
host_cold	host_cold/fold_3	3		1460	0.58297872543334961
host_cold	host_cold/fold_3	3		1462	0.69354838132858276
host_cold	host_cold/fold_3	3		1464	0.78378379344940186
host_cold	host_cold/fold_3	3		1465	0.55826085805892944
host_cold	host_cold/fold_3	3		1467	0.95744681358337402
host_cold	host_cold/fold_3	3		1469	0.93000000715255737
host_cold	host_cold/fold_3	3		1472	0.55000001192092896
host_cold	host_cold/fold_3	3		1477	0.88297873735427856
host_cold	host_cold/fold_3	3		1478	0.73529410362243652
host_cold	host_cold/fold_3	3		1480	0.58064514398574829
host_cold	host_cold/fold_3	3		1483	0.54347825050354004
host_cold	host_cold/fold_3	3		1486	0.58333331346511841
host_cold	host_cold/fold_3	3		1488	0.8142857551574707
host_cold	host_cold/fold_3	3		1489	0.90740740299224854
host_cold	host_cold/fold_3	3		1492	0.56730771064758301
host_cold	host_cold/fold_3	3		1495	0.57692307233810425
host_cold	host_cold/fold_3	3		1500	1
host_cold	host_cold/fold_3	3		1503	0.73295450210571289
host_cold	host_cold/fold_3	3		1504	0.81481480598449707
host_cold	host_cold/fold_3	3		1505	0.78205132484436035
host_cold	host_cold/fold_3	3		1507	0.88461542129516602
host_cold	host_cold/fold_3	3		1508	0.68382352590560913
host_cold	host_cold/fold_3	3		1520	0.57863092422485352
host_cold	host_cold/fold_3	3		1525	0.5476190447807312
host_cold	host_cold/fold_3	3		1535	0.81481480598449707
host_cold	host_cold/fold_3	3		1540	0.56666666269302368
host_cold	host_cold/fold_3	3		1541	0.58002644777297974
host_cold	host_cold/fold_3	3		1545	0.83000004291534424
host_cold	host_cold/fold_3	3		1554	0.82692307233810425
host_cold	host_cold/fold_3	3		1572	1
host_cold	host_cold/fold_3	3		1579	0.88461542129516602
host_cold	host_cold/fold_3	3		1584	0.89999997615814209
host_cold	host_cold/fold_3	3		1589	0.65797877311706543
host_cold	host_cold/fold_3	3		1592	0.88297873735427856
host_cold	host_cold/fold_3	3		1593	0.55882352590560913
host_cold	host_cold/fold_3	3		1595	0.81481480598449707
host_cold	host_cold/fold_3	3		1598	0.80555558204650879
host_cold	host_cold/fold_3	3		1606	0.89999997615814209
host_cold	host_cold/fold_3	3		1611	0.5961538553237915
host_cold	host_cold/fold_3	3		1612	0.56666666269302368
host_cold	host_cold/fold_3	3		1630	0.55714285373687744
host_cold	host_cold/fold_3	3		1632	0.75757575035095215
host_cold	host_cold/fold_3	3		1639	0.7195122241973877
host_cold	host_cold/fold_3	3		1640	0.55401843786239624
host_cold	host_cold/fold_3	3		1644	0.51802420616149902
host_cold	host_cold/fold_3	3		1651	0.58333331346511841
host_cold	host_cold/fold_3	3		1653	0.6338164210319519
host_cold	host_cold/fold_3	3		1658	0.58139532804489136
host_cold	host_cold/fold_3	3		1663	0.53488373756408691
host_cold	host_cold/fold_3	3		1667	0.55401843786239624
host_cold	host_cold/fold_3	3		1669	0.58050847053527832
host_cold	host_cold/fold_3	3		1676	0.6428571343421936
host_cold	host_cold/fold_3	3		1677	0.8947368860244751
host_cold	host_cold/fold_3	3		1680	0.54405033588409424
host_cold	host_cold/fold_3	3		1681	0.93859648704528809
host_cold	host_cold/fold_3	3		1684	0.75757575035095215
host_cold	host_cold/fold_3	3		1687	0.55769228935241699
host_cold	host_cold/fold_3	3		1688	0.80882352590560913
host_cold	host_cold/fold_3	3		1689	0.94594597816467285
host_cold	host_cold/fold_3	3		1698	0.42708331346511841
host_cold	host_cold/fold_3	3		1700	0.8125
host_cold	host_cold/fold_3	3		1701	0.55147057771682739
host_cold	host_cold/fold_3	3		1704	0.47826087474822998
host_cold	host_cold/fold_3	3		1713	0.8125
host_cold	host_cold/fold_3	3		1726	0.65570604801177979
host_cold	host_cold/fold_3	3		1728	0.62962961196899414
host_cold	host_cold/fold_3	3		1729	0.56916999816894531
host_cold	host_cold/fold_3	3		1731	0.50797873735427856
host_cold	host_cold/fold_3	3		1735	0.61030596494674683
host_cold	host_cold/fold_3	3		1738	0.80681818723678589
host_cold	host_cold/fold_3	3		1743	0.37142857909202576
host_cold	host_cold/fold_3	3		1746	0.8142857551574707
host_cold	host_cold/fold_3	3		1758	0.88461542129516602
host_cold	host_cold/fold_3	3		1764	0.88297873735427856
host_cold	host_cold/fold_3	3		1776	0.2272108793258667
host_cold	host_cold/fold_3	3		1782	0.60227274894714355
host_cold	host_cold/fold_3	3		1789	0.75757575035095215
host_cold	host_cold/fold_3	3		1799	0.42357721924781799
host_cold	host_cold/fold_3	3		1802	0.8142857551574707
host_cold	host_cold/fold_3	3		1816	0.78571426868438721
host_cold	host_cold/fold_3	3		1820	0.93269228935241699
host_cold	host_cold/fold_3	3		1821	0.39966738224029541
host_cold	host_cold/fold_3	3		1825	0.43333333730697632
host_cold	host_cold/fold_3	3		1829	0.53191488981246948
host_cold	host_cold/fold_3	3		1833	0.73636364936828613
host_cold	host_cold/fold_3	3		1835	0.53191488981246948
host_cold	host_cold/fold_3	3		1841	0.52256464958190918
host_cold	host_cold/fold_3	3		1849	0.52294689416885376
host_cold	host_cold/fold_3	3		1855	0.81818181276321411
host_cold	host_cold/fold_3	3		1859	0.54080736637115479
host_cold	host_cold/fold_3	3		1861	0.61538463830947876
host_cold	host_cold/fold_3	3		1866	0.67857146263122559
host_cold	host_cold/fold_3	3		1867	0.47826087474822998
host_cold	host_cold/fold_3	3		1870	0.65381205081939697
host_cold	host_cold/fold_3	3		1872	0.64899259805679321
host_cold	host_cold/fold_3	3		1877	0.56666666269302368
host_cold	host_cold/fold_3	3		1881	0.34999999403953552
host_cold	host_cold/fold_3	3		1885	0.82692307233810425
host_cold	host_cold/fold_3	3		1888	0.59210526943206787
host_cold	host_cold/fold_3	3		1889	0.67857146263122559
host_cold	host_cold/fold_3	3		1895	0.58974361419677734
host_cold	host_cold/fold_3	3		1896	0.8142857551574707
host_cold	host_cold/fold_3	3		1904	0.80882352590560913
host_cold	host_cold/fold_3	3		1906	0.56666666269302368
host_cold	host_cold/fold_3	3		1907	0.80263161659240723
host_cold	host_cold/fold_3	3		1908	0.83000004291534424
host_cold	host_cold/fold_3	3		1910	0.80882352590560913
host_cold	host_cold/fold_3	3		1914	0.32571429014205933
host_cold	host_cold/fold_3	3		1915	0.8142857551574707
host_cold	host_cold/fold_3	3		1917	0.78205132484436035
host_cold	host_cold/fold_3	3		1927	0.29374998807907104
host_cold	host_cold/fold_3	3		1928	0.49546486139297485
host_cold	host_cold/fold_3	3		1933	0.57299947738647461
host_cold	host_cold/fold_3	3		1934	0.81481480598449707
host_cold	host_cold/fold_3	3		1940	0.82558143138885498
host_cold	host_cold/fold_3	3		1943	0.8142857551574707
host_cold	host_cold/fold_3	3		1949	0.52256464958190918
host_cold	host_cold/fold_3	3		1950	0.63378381729125977
host_cold	host_cold/fold_3	3		1951	0.69512194395065308
host_cold	host_cold/fold_3	3		1959	0.80882352590560913
host_cold	host_cold/fold_3	3		1970	0.75
host_cold	host_cold/fold_3	3		1973	0.68196457624435425
host_cold	host_cold/fold_3	3		1981	0.82558143138885498
host_cold	host_cold/fold_3	3		1983	0.81818181276321411
host_cold	host_cold/fold_3	3		1985	0.57575756311416626
host_cold	host_cold/fold_3	3		2008	0.88461542129516602
host_cold	host_cold/fold_3	3		2018	0.55000001192092896
host_cold	host_cold/fold_3	3		2025	0.82499998807907104
host_cold	host_cold/fold_3	3		2027	0.53488373756408691
host_cold	host_cold/fold_3	3		2031	0.58620691299438477
host_cold	host_cold/fold_3	3		2033	0.8142857551574707
host_cold	host_cold/fold_3	3		2038	1
host_cold	host_cold/fold_3	3		2049	0.8125
host_cold	host_cold/fold_3	3		2054	0.8142857551574707
host_cold	host_cold/fold_3	3		2056	0.55021482706069946
host_cold	host_cold/fold_3	3		2060	0.52033251523971558
host_cold	host_cold/fold_3	3		2067	0.56666666269302368
host_cold	host_cold/fold_3	3		2069	0.82352942228317261
host_cold	host_cold/fold_3	3		2072	1
host_cold	host_cold/fold_3	3		2073	0.58333331346511841
host_cold	host_cold/fold_3	3		2076	0.82692307233810425
host_cold	host_cold/fold_3	3		2083	0.71428573131561279
host_cold	host_cold/fold_3	3		2087	0.93859648704528809
host_cold	host_cold/fold_3	3		2090	0.60616785287857056
host_cold	host_cold/fold_3	3		2092	0.58620691299438477
host_cold	host_cold/fold_3	3		2098	0.5476190447807312
host_cold	host_cold/fold_3	3		2099	0.74909424781799316
host_cold	host_cold/fold_3	3		2104	0.56666666269302368
host_cold	host_cold/fold_3	3		2109	0.55208331346511841
host_cold	host_cold/fold_3	3		2116	0.8125
host_cold	host_cold/fold_3	3		2121	0.82692307233810425
host_cold	host_cold/fold_3	3		2123	0.32692307233810425
host_cold	host_cold/fold_3	3		2137	0.95744681358337402
host_cold	host_cold/fold_3	3		2144	0.60294115543365479
host_cold	host_cold/fold_3	3		2148	0.55000001192092896
host_cold	host_cold/fold_3	3		2150	0.81481480598449707
host_cold	host_cold/fold_3	3		2160	0.55000001192092896
host_cold	host_cold/fold_3	3		2162	0.56666666269302368
host_cold	host_cold/fold_4	4		3	1
host_cold	host_cold/fold_4	4		9	1
host_cold	host_cold/fold_4	4		10	0.29452735185623169
host_cold	host_cold/fold_4	4		13	1
host_cold	host_cold/fold_4	4		15	1
host_cold	host_cold/fold_4	4		21	1
host_cold	host_cold/fold_4	4		22	0.59659087657928467
host_cold	host_cold/fold_4	4		37	0.79710143804550171
host_cold	host_cold/fold_4	4		50	0.89743590354919434
host_cold	host_cold/fold_4	4		53	0.2796909511089325
host_cold	host_cold/fold_4	4		54	1
host_cold	host_cold/fold_4	4		56	0.65909087657928467
host_cold	host_cold/fold_4	4		62	0.30664855241775513
host_cold	host_cold/fold_4	4		64	1
host_cold	host_cold/fold_4	4		68	0.78571426868438721
host_cold	host_cold/fold_4	4		70	0.84375
host_cold	host_cold/fold_4	4		74	0.88749998807907104
host_cold	host_cold/fold_4	4		97	0.73913043737411499
host_cold	host_cold/fold_4	4		107	0.29244402050971985
host_cold	host_cold/fold_4	4		117	1
host_cold	host_cold/fold_4	4		141	0.78205132484436035
host_cold	host_cold/fold_4	4		144	0.88749998807907104
host_cold	host_cold/fold_4	4		152	0.51851850748062134
host_cold	host_cold/fold_4	4		172	0.72727274894714355
host_cold	host_cold/fold_4	4		177	1
host_cold	host_cold/fold_4	4		179	0.53125
host_cold	host_cold/fold_4	4		182	0.54545456171035767
host_cold	host_cold/fold_4	4		183	0.33771488070487976
host_cold	host_cold/fold_4	4		191	0.31810036301612854
host_cold	host_cold/fold_4	4		205	0.87121212482452393
host_cold	host_cold/fold_4	4		209	0.48476701974868774
host_cold	host_cold/fold_4	4		211	0.78571426868438721
host_cold	host_cold/fold_4	4		227	0.54032260179519653
host_cold	host_cold/fold_4	4		231	0.3055555522441864
host_cold	host_cold/fold_4	4		236	0.54032260179519653
host_cold	host_cold/fold_4	4		253	0.26717948913574219
host_cold	host_cold/fold_4	4		255	1
host_cold	host_cold/fold_4	4		261	0.78571426868438721
host_cold	host_cold/fold_4	4		266	0.83333337306976318
host_cold	host_cold/fold_4	4		272	0.625
host_cold	host_cold/fold_4	4		283	0.201388880610466
host_cold	host_cold/fold_4	4		285	0.66666668653488159
host_cold	host_cold/fold_4	4		296	1
host_cold	host_cold/fold_4	4		297	1
host_cold	host_cold/fold_4	4		308	0.88749998807907104
host_cold	host_cold/fold_4	4		324	1
host_cold	host_cold/fold_4	4		327	0.29965555667877197
host_cold	host_cold/fold_4	4		331	0.5350877046585083
host_cold	host_cold/fold_4	4		332	0.35360360145568848
host_cold	host_cold/fold_4	4		333	1
host_cold	host_cold/fold_4	4		342	0.48476701974868774
host_cold	host_cold/fold_4	4		346	0.47205883264541626
host_cold	host_cold/fold_4	4		349	1
host_cold	host_cold/fold_4	4		355	0.5595238208770752
host_cold	host_cold/fold_4	4		362	0.6875
host_cold	host_cold/fold_4	4		369	0.30144926905632019
host_cold	host_cold/fold_4	4		372	0.26119402050971985
host_cold	host_cold/fold_4	4		374	1
host_cold	host_cold/fold_4	4		375	1
host_cold	host_cold/fold_4	4		376	0.29690831899642944
host_cold	host_cold/fold_4	4		385	1
host_cold	host_cold/fold_4	4		388	0.29393941164016724
host_cold	host_cold/fold_4	4		400	0.71052634716033936
host_cold	host_cold/fold_4	4		408	1
host_cold	host_cold/fold_4	4		414	0.43740573525428772
host_cold	host_cold/fold_4	4		419	1
host_cold	host_cold/fold_4	4		422	0.66666668653488159
host_cold	host_cold/fold_4	4		428	1
host_cold	host_cold/fold_4	4		429	0.75
host_cold	host_cold/fold_4	4		440	1
host_cold	host_cold/fold_4	4		448	0.73684209585189819
host_cold	host_cold/fold_4	4		459	0.68055558204650879
host_cold	host_cold/fold_4	4		463	0.8888888955116272
host_cold	host_cold/fold_4	4		465	0.625
host_cold	host_cold/fold_4	4		467	0.95833337306976318
host_cold	host_cold/fold_4	4		474	0.57142859697341919
host_cold	host_cold/fold_4	4		475	0.21377801895141602
host_cold	host_cold/fold_4	4		476	1
host_cold	host_cold/fold_4	4		480	1
host_cold	host_cold/fold_4	4		481	0.6538461446762085
host_cold	host_cold/fold_4	4		484	1
host_cold	host_cold/fold_4	4		486	0.89999997615814209
host_cold	host_cold/fold_4	4		496	0.52027028799057007
host_cold	host_cold/fold_4	4		499	0.87121212482452393
host_cold	host_cold/fold_4	4		500	0.75
host_cold	host_cold/fold_4	4		501	0.53947365283966064
host_cold	host_cold/fold_4	4		502	0.61134451627731323
host_cold	host_cold/fold_4	4		504	1
host_cold	host_cold/fold_4	4		505	0.88749998807907104
host_cold	host_cold/fold_4	4		510	0.5178571343421936
host_cold	host_cold/fold_4	4		513	0.34169882535934448
host_cold	host_cold/fold_4	4		517	1
host_cold	host_cold/fold_4	4		518	0.29595959186553955
host_cold	host_cold/fold_4	4		519	0.52027028799057007
host_cold	host_cold/fold_4	4		521	0.79710143804550171
host_cold	host_cold/fold_4	4		530	1
host_cold	host_cold/fold_4	4		534	0.96153843402862549
host_cold	host_cold/fold_4	4		539	0.54545456171035767
host_cold	host_cold/fold_4	4		541	0.39243808388710022
host_cold	host_cold/fold_4	4		543	0.73076921701431274
host_cold	host_cold/fold_4	4		554	1
host_cold	host_cold/fold_4	4		556	0.79268288612365723
host_cold	host_cold/fold_4	4		564	0.625
host_cold	host_cold/fold_4	4		566	0.81521737575531006
host_cold	host_cold/fold_4	4		569	0.87254905700683594
host_cold	host_cold/fold_4	4		573	0.80769228935241699
host_cold	host_cold/fold_4	4		586	0.28293314576148987
host_cold	host_cold/fold_4	4		589	0.75
host_cold	host_cold/fold_4	4		591	0.59659087657928467
host_cold	host_cold/fold_4	4		592	0.27191558480262756
host_cold	host_cold/fold_4	4		595	0.52027028799057007
host_cold	host_cold/fold_4	4		598	1
host_cold	host_cold/fold_4	4		608	1
host_cold	host_cold/fold_4	4		614	0.31572479009628296
host_cold	host_cold/fold_4	4		615	0.76190477609634399
host_cold	host_cold/fold_4	4		616	0.56875002384185791
host_cold	host_cold/fold_4	4		625	0.29965555667877197
host_cold	host_cold/fold_4	4		631	0.95744681358337402
host_cold	host_cold/fold_4	4		643	1
host_cold	host_cold/fold_4	4		644	0.48476701974868774
host_cold	host_cold/fold_4	4		645	0.39035087823867798
host_cold	host_cold/fold_4	4		646	0.72727274894714355
host_cold	host_cold/fold_4	4		648	0.88749998807907104
host_cold	host_cold/fold_4	4		655	0.30530339479446411
host_cold	host_cold/fold_4	4		656	0.54545456171035767
host_cold	host_cold/fold_4	4		660	0.54032260179519653
host_cold	host_cold/fold_4	4		666	0.43455836176872253
host_cold	host_cold/fold_4	4		667	1
host_cold	host_cold/fold_4	4		676	0.26119402050971985
host_cold	host_cold/fold_4	4		679	0.28392130136489868
host_cold	host_cold/fold_4	4		681	1
host_cold	host_cold/fold_4	4		684	0.51020407676696777
host_cold	host_cold/fold_4	4		688	0.77777779102325439
host_cold	host_cold/fold_4	4		690	0.26119402050971985
host_cold	host_cold/fold_4	4		692	0.81999999284744263
host_cold	host_cold/fold_4	4		694	0.35111111402511597
host_cold	host_cold/fold_4	4		695	0.26430976390838623
host_cold	host_cold/fold_4	4		696	1
host_cold	host_cold/fold_4	4		699	0.29690831899642944
host_cold	host_cold/fold_4	4		708	0.34169882535934448
host_cold	host_cold/fold_4	4		717	0.54545456171035767
host_cold	host_cold/fold_4	4		720	0.75
host_cold	host_cold/fold_4	4		725	1
host_cold	host_cold/fold_4	4		729	0.87121212482452393
host_cold	host_cold/fold_4	4		737	0.54032260179519653
host_cold	host_cold/fold_4	4		738	1
host_cold	host_cold/fold_4	4		744	0.75
host_cold	host_cold/fold_4	4		746	0.26717948913574219
host_cold	host_cold/fold_4	4		751	0.8571428656578064
host_cold	host_cold/fold_4	4		753	0.89583337306976318
host_cold	host_cold/fold_4	4		760	0.26430976390838623
host_cold	host_cold/fold_4	4		765	0.57746481895446777
host_cold	host_cold/fold_4	4		767	1
host_cold	host_cold/fold_4	4		782	0.53488373756408691
host_cold	host_cold/fold_4	4		784	1
host_cold	host_cold/fold_4	4		794	0.54545456171035767
host_cold	host_cold/fold_4	4		800	0.31810036301612854
host_cold	host_cold/fold_4	4		804	0.28119403123855591
host_cold	host_cold/fold_4	4		807	0.33510637283325195
host_cold	host_cold/fold_4	4		812	1
host_cold	host_cold/fold_4	4		821	1
host_cold	host_cold/fold_4	4		823	1
host_cold	host_cold/fold_4	4		826	0.69444441795349121
host_cold	host_cold/fold_4	4		827	0.32672882080078125
host_cold	host_cold/fold_4	4		830	0.28897181153297424
host_cold	host_cold/fold_4	4		831	0.82352942228317261
host_cold	host_cold/fold_4	4		832	0.77272725105285645
host_cold	host_cold/fold_4	4		840	0.77272725105285645
host_cold	host_cold/fold_4	4		852	0.54032260179519653
host_cold	host_cold/fold_4	4		854	1
host_cold	host_cold/fold_4	4		856	0.37154150009155273
host_cold	host_cold/fold_4	4		866	0.29690831899642944
host_cold	host_cold/fold_4	4		869	0.18567250669002533
host_cold	host_cold/fold_4	4		871	0.32251742482185364
host_cold	host_cold/fold_4	4		872	0.28119403123855591
host_cold	host_cold/fold_4	4		874	0.64864861965179443
host_cold	host_cold/fold_4	4		882	0.56756758689880371
host_cold	host_cold/fold_4	4		888	0.95744681358337402
host_cold	host_cold/fold_4	4		895	0.29816016554832458
host_cold	host_cold/fold_4	4		898	0.36875393986701965
host_cold	host_cold/fold_4	4		900	0.87121212482452393
host_cold	host_cold/fold_4	4		901	0.88749998807907104
host_cold	host_cold/fold_4	4		906	1
host_cold	host_cold/fold_4	4		907	0.29244402050971985
host_cold	host_cold/fold_4	4		908	1
host_cold	host_cold/fold_4	4		910	0.79166662693023682
host_cold	host_cold/fold_4	4		917	0.54032260179519653
host_cold	host_cold/fold_4	4		927	0.29452735185623169
host_cold	host_cold/fold_4	4		931	0.53030300140380859
host_cold	host_cold/fold_4	4		933	0.5
host_cold	host_cold/fold_4	4		938	0.28392130136489868
host_cold	host_cold/fold_4	4		950	0.31810036301612854
host_cold	host_cold/fold_4	4		953	0.28293314576148987
host_cold	host_cold/fold_4	4		954	0.41265597939491272
host_cold	host_cold/fold_4	4		956	0.73076921701431274
host_cold	host_cold/fold_4	4		957	0.26119402050971985
host_cold	host_cold/fold_4	4		967	0.27027025818824768
host_cold	host_cold/fold_4	4		968	0.76666665077209473
host_cold	host_cold/fold_4	4		970	0.77272725105285645
host_cold	host_cold/fold_4	4		971	1
host_cold	host_cold/fold_4	4		972	0.36363637447357178
host_cold	host_cold/fold_4	4		974	0.78947365283966064
host_cold	host_cold/fold_4	4		976	0.26119402050971985
host_cold	host_cold/fold_4	4		982	0.98076921701431274
host_cold	host_cold/fold_4	4		987	0.88749998807907104
host_cold	host_cold/fold_4	4		989	1
host_cold	host_cold/fold_4	4		1001	0.29690831899642944
host_cold	host_cold/fold_4	4		1003	0.88749998807907104
host_cold	host_cold/fold_4	4		1006	0.5727272629737854
host_cold	host_cold/fold_4	4		1007	0.47728517651557922
host_cold	host_cold/fold_4	4		1008	0.87121212482452393
host_cold	host_cold/fold_4	4		1018	0.8125
host_cold	host_cold/fold_4	4		1020	1
host_cold	host_cold/fold_4	4		1029	0.65517240762710571
host_cold	host_cold/fold_4	4		1030	0.48476701974868774
host_cold	host_cold/fold_4	4		1036	0.75
host_cold	host_cold/fold_4	4		1041	0.80769228935241699
host_cold	host_cold/fold_4	4		1042	0.71794873476028442
host_cold	host_cold/fold_4	4		1043	0.75
host_cold	host_cold/fold_4	4		1049	0.69607841968536377
host_cold	host_cold/fold_4	4		1053	1
host_cold	host_cold/fold_4	4		1058	0.57142859697341919
host_cold	host_cold/fold_4	4		1059	0.95744681358337402
host_cold	host_cold/fold_4	4		1061	0.28713080286979675
host_cold	host_cold/fold_4	4		1064	0.82352942228317261
host_cold	host_cold/fold_4	4		1070	0.54347825050354004
host_cold	host_cold/fold_4	4		1074	0.53125
host_cold	host_cold/fold_4	4		1082	0.72727274894714355
host_cold	host_cold/fold_4	4		1086	0.53030300140380859
host_cold	host_cold/fold_4	4		1087	0.70454543828964233
host_cold	host_cold/fold_4	4		1090	0.52777779102325439
host_cold	host_cold/fold_4	4		1092	0.27414774894714355
host_cold	host_cold/fold_4	4		1099	0.73076921701431274
host_cold	host_cold/fold_4	4		1102	1
host_cold	host_cold/fold_4	4		1105	0.57843136787414551
host_cold	host_cold/fold_4	4		1107	1
host_cold	host_cold/fold_4	4		1108	0.54032260179519653
host_cold	host_cold/fold_4	4		1109	0.88749998807907104
host_cold	host_cold/fold_4	4		1111	0.53125
host_cold	host_cold/fold_4	4		1122	0.32903224229812622
host_cold	host_cold/fold_4	4		1123	0.625
host_cold	host_cold/fold_4	4		1132	0.65517240762710571
host_cold	host_cold/fold_4	4		1151	0.43455836176872253
host_cold	host_cold/fold_4	4		1153	0.28458499908447266
host_cold	host_cold/fold_4	4		1168	0.79710143804550171
host_cold	host_cold/fold_4	4		1169	0.52027028799057007
host_cold	host_cold/fold_4	4		1170	0.28458499908447266
host_cold	host_cold/fold_4	4		1172	1
host_cold	host_cold/fold_4	4		1181	1
host_cold	host_cold/fold_4	4		1192	0.71212124824523926
host_cold	host_cold/fold_4	4		1193	0.56336724758148193
host_cold	host_cold/fold_4	4		1194	0.201388880610466
host_cold	host_cold/fold_4	4		1195	0.58333331346511841
host_cold	host_cold/fold_4	4		1197	0.54347825050354004
host_cold	host_cold/fold_4	4		1201	0.9523809552192688
host_cold	host_cold/fold_4	4		1204	0.57746481895446777
host_cold	host_cold/fold_4	4		1206	0.52777779102325439
host_cold	host_cold/fold_4	4		1207	0.3095533549785614
host_cold	host_cold/fold_4	4		1208	0.71428573131561279
host_cold	host_cold/fold_4	4		1211	0.65909087657928467
host_cold	host_cold/fold_4	4		1214	0.76923078298568726
host_cold	host_cold/fold_4	4		1216	1
host_cold	host_cold/fold_4	4		1221	1
host_cold	host_cold/fold_4	4		1227	1
host_cold	host_cold/fold_4	4		1228	0.31551498174667358
host_cold	host_cold/fold_4	4		1233	0.87209302186965942
host_cold	host_cold/fold_4	4		1236	0.31572479009628296
host_cold	host_cold/fold_4	4		1238	0.80769228935241699
host_cold	host_cold/fold_4	4		1239	0.26119402050971985
host_cold	host_cold/fold_4	4		1240	1
host_cold	host_cold/fold_4	4		1245	1
host_cold	host_cold/fold_4	4		1258	0.64705884456634521
host_cold	host_cold/fold_4	4		1271	0.23118279874324799
host_cold	host_cold/fold_4	4		1273	1
host_cold	host_cold/fold_4	4		1281	0.54032260179519653
host_cold	host_cold/fold_4	4		1283	1
host_cold	host_cold/fold_4	4		1290	0.88749998807907104
host_cold	host_cold/fold_4	4		1292	0.52027028799057007
host_cold	host_cold/fold_4	4		1294	1
host_cold	host_cold/fold_4	4		1300	0.54032260179519653
host_cold	host_cold/fold_4	4		1304	0.29816016554832458
host_cold	host_cold/fold_4	4		1307	0.75
host_cold	host_cold/fold_4	4		1309	0.76923078298568726
host_cold	host_cold/fold_4	4		1311	1
host_cold	host_cold/fold_4	4		1313	0.95744681358337402
host_cold	host_cold/fold_4	4		1316	0.25715956091880798
host_cold	host_cold/fold_4	4		1320	0.87209302186965942
host_cold	host_cold/fold_4	4		1330	1
host_cold	host_cold/fold_4	4		1336	0.30530339479446411
host_cold	host_cold/fold_4	4		1338	0.29595959186553955
host_cold	host_cold/fold_4	4		1339	0.54032260179519653
host_cold	host_cold/fold_4	4		1340	1
host_cold	host_cold/fold_4	4		1343	0.71428573131561279
host_cold	host_cold/fold_4	4		1346	0.625
host_cold	host_cold/fold_4	4		1348	1
host_cold	host_cold/fold_4	4		1350	1
host_cold	host_cold/fold_4	4		1356	1
host_cold	host_cold/fold_4	4		1357	1
host_cold	host_cold/fold_4	4		1362	0.28225806355476379
host_cold	host_cold/fold_4	4		1364	0.57142859697341919
host_cold	host_cold/fold_4	4		1365	0.30089285969734192
host_cold	host_cold/fold_4	4		1368	0.27027025818824768
host_cold	host_cold/fold_4	4		1371	0.65517240762710571
host_cold	host_cold/fold_4	4		1373	0.97058820724487305
host_cold	host_cold/fold_4	4		1374	0.73404252529144287
host_cold	host_cold/fold_4	4		1380	1
host_cold	host_cold/fold_4	4		1382	0.75
host_cold	host_cold/fold_4	4		1385	0.76666665077209473
host_cold	host_cold/fold_4	4		1390	0.31810036301612854
host_cold	host_cold/fold_4	4		1394	0.28897181153297424
host_cold	host_cold/fold_4	4		1395	0.78947365283966064
host_cold	host_cold/fold_4	4		1396	0.96428573131561279
host_cold	host_cold/fold_4	4		1397	0.35360360145568848
host_cold	host_cold/fold_4	4		1402	0.75714290142059326
host_cold	host_cold/fold_4	4		1415	0.54545456171035767
host_cold	host_cold/fold_4	4		1417	0.29244402050971985
host_cold	host_cold/fold_4	4		1435	0.6875
host_cold	host_cold/fold_4	4		1439	0.56097561120986938
host_cold	host_cold/fold_4	4		1440	0.75
host_cold	host_cold/fold_4	4		1441	0.56875002384185791
host_cold	host_cold/fold_4	4		1443	1
host_cold	host_cold/fold_4	4		1456	0.75
host_cold	host_cold/fold_4	4		1457	0.71052634716033936
host_cold	host_cold/fold_4	4		1459	0.77777779102325439
host_cold	host_cold/fold_4	4		1466	0.41265597939491272
host_cold	host_cold/fold_4	4		1471	1
host_cold	host_cold/fold_4	4		1485	0.53125
host_cold	host_cold/fold_4	4		1510	0.54032260179519653
host_cold	host_cold/fold_4	4		1511	0.39743590354919434
host_cold	host_cold/fold_4	4		1513	1
host_cold	host_cold/fold_4	4		1514	0.96153843402862549
host_cold	host_cold/fold_4	4		1515	1
host_cold	host_cold/fold_4	4		1517	0.29308176040649414
host_cold	host_cold/fold_4	4		1519	0.26119402050971985
host_cold	host_cold/fold_4	4		1523	1
host_cold	host_cold/fold_4	4		1528	1
host_cold	host_cold/fold_4	4		1534	1
host_cold	host_cold/fold_4	4		1538	0.75
host_cold	host_cold/fold_4	4		1543	1
host_cold	host_cold/fold_4	4		1553	0.30089285969734192
host_cold	host_cold/fold_4	4		1557	0.5116279125213623
host_cold	host_cold/fold_4	4		1560	0.78571426868438721
host_cold	host_cold/fold_4	4		1563	0.36738350987434387
host_cold	host_cold/fold_4	4		1565	1
host_cold	host_cold/fold_4	4		1567	0.55509525537490845
host_cold	host_cold/fold_4	4		1568	0.54032260179519653
host_cold	host_cold/fold_4	4		1569	0.27272728085517883
host_cold	host_cold/fold_4	4		1574	0.29690831899642944
host_cold	host_cold/fold_4	4		1581	0.29690831899642944
host_cold	host_cold/fold_4	4		1585	1
host_cold	host_cold/fold_4	4		1587	0.57746481895446777
host_cold	host_cold/fold_4	4		1590	1
host_cold	host_cold/fold_4	4		1599	1
host_cold	host_cold/fold_4	4		1604	1
host_cold	host_cold/fold_4	4		1607	0.52857142686843872
host_cold	host_cold/fold_4	4		1614	0.54032260179519653
host_cold	host_cold/fold_4	4		1621	0.94444441795349121
host_cold	host_cold/fold_4	4		1625	1
host_cold	host_cold/fold_4	4		1634	1
host_cold	host_cold/fold_4	4		1643	1
host_cold	host_cold/fold_4	4		1646	0.83333337306976318
host_cold	host_cold/fold_4	4		1647	0.28897181153297424
host_cold	host_cold/fold_4	4		1648	0.75
host_cold	host_cold/fold_4	4		1650	1
host_cold	host_cold/fold_4	4		1662	0.5803571343421936
host_cold	host_cold/fold_4	4		1664	0.84000003337860107
host_cold	host_cold/fold_4	4		1668	0.69999998807907104
host_cold	host_cold/fold_4	4		1672	0.29244402050971985
host_cold	host_cold/fold_4	4		1675	0.65517240762710571
host_cold	host_cold/fold_4	4		1682	0.73913043737411499
host_cold	host_cold/fold_4	4		1690	0.62931036949157715
host_cold	host_cold/fold_4	4		1697	0.6428571343421936
host_cold	host_cold/fold_4	4		1699	0.27846154570579529
host_cold	host_cold/fold_4	4		1706	0.30252957344055176
host_cold	host_cold/fold_4	4		1711	1
host_cold	host_cold/fold_4	4		1716	0.28897181153297424
host_cold	host_cold/fold_4	4		1717	0.57746481895446777
host_cold	host_cold/fold_4	4		1719	0.54032260179519653
host_cold	host_cold/fold_4	4		1724	0.65517240762710571
host_cold	host_cold/fold_4	4		1727	0.78571426868438721
host_cold	host_cold/fold_4	4		1732	0.29693877696990967
host_cold	host_cold/fold_4	4		1733	0.28897181153297424
host_cold	host_cold/fold_4	4		1741	0.76666665077209473
host_cold	host_cold/fold_4	4		1742	0.52027028799057007
host_cold	host_cold/fold_4	4		1755	0.50537633895874023
host_cold	host_cold/fold_4	4		1756	0.765625
host_cold	host_cold/fold_4	4		1769	0.29244402050971985
host_cold	host_cold/fold_4	4		1772	1
host_cold	host_cold/fold_4	4		1777	0.54032260179519653
host_cold	host_cold/fold_4	4		1780	1
host_cold	host_cold/fold_4	4		1784	1
host_cold	host_cold/fold_4	4		1787	0.33492821455001831
host_cold	host_cold/fold_4	4		1791	0.29393941164016724
host_cold	host_cold/fold_4	4		1792	1
host_cold	host_cold/fold_4	4		1793	0.76190477609634399
host_cold	host_cold/fold_4	4		1812	0.20806100964546204
host_cold	host_cold/fold_4	4		1815	0.76666665077209473
host_cold	host_cold/fold_4	4		1817	0.79710143804550171
host_cold	host_cold/fold_4	4		1823	0.52027028799057007
host_cold	host_cold/fold_4	4		1828	0.35111111402511597
host_cold	host_cold/fold_4	4		1839	1
host_cold	host_cold/fold_4	4		1847	0.59659087657928467
host_cold	host_cold/fold_4	4		1850	1
host_cold	host_cold/fold_4	4		1857	0.89583337306976318
host_cold	host_cold/fold_4	4		1858	0.29912424087524414
host_cold	host_cold/fold_4	4		1860	0.79545450210571289
host_cold	host_cold/fold_4	4		1864	0.29690831899642944
host_cold	host_cold/fold_4	4		1868	0.28897181153297424
host_cold	host_cold/fold_4	4		1873	0.26119402050971985
host_cold	host_cold/fold_4	4		1878	1
host_cold	host_cold/fold_4	4		1883	0.58169937133789062
host_cold	host_cold/fold_4	4		1884	0.515625
host_cold	host_cold/fold_4	4		1890	0.79710143804550171
host_cold	host_cold/fold_4	4		1891	0.66666668653488159
host_cold	host_cold/fold_4	4		1899	0.72368419170379639
host_cold	host_cold/fold_4	4		1900	0.75
host_cold	host_cold/fold_4	4		1903	1
host_cold	host_cold/fold_4	4		1916	1
host_cold	host_cold/fold_4	4		1918	1
host_cold	host_cold/fold_4	4		1919	1
host_cold	host_cold/fold_4	4		1925	0.78571426868438721
host_cold	host_cold/fold_4	4		1932	0.78571426868438721
host_cold	host_cold/fold_4	4		1938	1
host_cold	host_cold/fold_4	4		1941	0.66666668653488159
host_cold	host_cold/fold_4	4		1945	0.79268288612365723
host_cold	host_cold/fold_4	4		1953	1
host_cold	host_cold/fold_4	4		1954	1
host_cold	host_cold/fold_4	4		1955	0.30664855241775513
host_cold	host_cold/fold_4	4		1958	0.26119402050971985
host_cold	host_cold/fold_4	4		1960	0.75
host_cold	host_cold/fold_4	4		1968	1
host_cold	host_cold/fold_4	4		1971	0.82499998807907104
host_cold	host_cold/fold_4	4		1972	1
host_cold	host_cold/fold_4	4		1982	1
host_cold	host_cold/fold_4	4		1989	0.94594597816467285
host_cold	host_cold/fold_4	4		1991	0.54032260179519653
host_cold	host_cold/fold_4	4		1998	0.52027028799057007
host_cold	host_cold/fold_4	4		2006	0.57843136787414551
host_cold	host_cold/fold_4	4		2007	0.68181818723678589
host_cold	host_cold/fold_4	4		2009	0.65517240762710571
host_cold	host_cold/fold_4	4		2012	0.56521737575531006
host_cold	host_cold/fold_4	4		2017	0.52857142686843872
host_cold	host_cold/fold_4	4		2024	1
host_cold	host_cold/fold_4	4		2029	0.88749998807907104
host_cold	host_cold/fold_4	4		2034	0.80769228935241699
host_cold	host_cold/fold_4	4		2041	0.52857142686843872
host_cold	host_cold/fold_4	4		2042	0.29690831899642944
host_cold	host_cold/fold_4	4		2043	0.3095533549785614
host_cold	host_cold/fold_4	4		2044	0.42077398300170898
host_cold	host_cold/fold_4	4		2045	1
host_cold	host_cold/fold_4	4		2046	0.29244402050971985
host_cold	host_cold/fold_4	4		2057	0.79268288612365723
host_cold	host_cold/fold_4	4		2065	0.80769228935241699
host_cold	host_cold/fold_4	4		2066	0.75
host_cold	host_cold/fold_4	4		2089	0.65517240762710571
host_cold	host_cold/fold_4	4		2094	0.29965555667877197
host_cold	host_cold/fold_4	4		2097	0.33492821455001831
host_cold	host_cold/fold_4	4		2100	1
host_cold	host_cold/fold_4	4		2101	0.5634920597076416
host_cold	host_cold/fold_4	4		2102	1
host_cold	host_cold/fold_4	4		2105	0.56521737575531006
host_cold	host_cold/fold_4	4		2111	0.87121212482452393
host_cold	host_cold/fold_4	4		2117	0.29965555667877197
host_cold	host_cold/fold_4	4		2119	0.78571426868438721
host_cold	host_cold/fold_4	4		2120	1
host_cold	host_cold/fold_4	4		2122	0.8125
host_cold	host_cold/fold_4	4		2125	1
host_cold	host_cold/fold_4	4		2128	0.75
host_cold	host_cold/fold_4	4		2132	0.55624997615814209
host_cold	host_cold/fold_4	4		2133	1
host_cold	host_cold/fold_4	4		2136	0.79268288612365723
host_cold	host_cold/fold_4	4		2138	0.73076921701431274
host_cold	host_cold/fold_4	4		2146	0.27414774894714355
host_cold	host_cold/fold_4	4		2159	1
host_cold	host_cold/fold_4	4		2165	0.76666665077209473
host_cold	host_cold/fold_4	4		2166	0.52777779102325439
guest_cold	guest_cold/fold_0	0		9	0.96428573131561279
guest_cold	guest_cold/fold_0	0		10	0.81818181276321411
guest_cold	guest_cold/fold_0	0		13	0.5
guest_cold	guest_cold/fold_0	0		31	0.66176474094390869
guest_cold	guest_cold/fold_0	0		40	0.94897961616516113
guest_cold	guest_cold/fold_0	0		47	0.67441856861114502
guest_cold	guest_cold/fold_0	0		50	0.89743590354919434
guest_cold	guest_cold/fold_0	0		53	0.89506173133850098
guest_cold	guest_cold/fold_0	0		54	0.75
guest_cold	guest_cold/fold_0	0		59	0.57999998331069946
guest_cold	guest_cold/fold_0	0		62	0.77777779102325439
guest_cold	guest_cold/fold_0	0		66	0.61864405870437622
guest_cold	guest_cold/fold_0	0		68	0.6894230842590332
guest_cold	guest_cold/fold_0	0		69	0.75
guest_cold	guest_cold/fold_0	0		74	0.71428573131561279
guest_cold	guest_cold/fold_0	0		76	0.66666668653488159
guest_cold	guest_cold/fold_0	0		81	0.5
guest_cold	guest_cold/fold_0	0		84	0.58333331346511841
guest_cold	guest_cold/fold_0	0		87	0.78846156597137451
guest_cold	guest_cold/fold_0	0		89	0.65999996662139893
guest_cold	guest_cold/fold_0	0		91	0.6428571343421936
guest_cold	guest_cold/fold_0	0		94	0.62179487943649292
guest_cold	guest_cold/fold_0	0		105	0.71428573131561279
guest_cold	guest_cold/fold_0	0		110	0.8769230842590332
guest_cold	guest_cold/fold_0	0		111	0.5
guest_cold	guest_cold/fold_0	0		112	0.78846156597137451
guest_cold	guest_cold/fold_0	0		116	0.96666669845581055
guest_cold	guest_cold/fold_0	0		120	0.5803571343421936
guest_cold	guest_cold/fold_0	0		138	0.55714285373687744
guest_cold	guest_cold/fold_0	0		143	0.86363637447357178
guest_cold	guest_cold/fold_0	0		147	0.83333337306976318
guest_cold	guest_cold/fold_0	0		158	1
guest_cold	guest_cold/fold_0	0		159	0.69767439365386963
guest_cold	guest_cold/fold_0	0		163	0.90163934230804443
guest_cold	guest_cold/fold_0	0		164	0.84375
guest_cold	guest_cold/fold_0	0		181	0.58333331346511841
guest_cold	guest_cold/fold_0	0		190	0.76190477609634399
guest_cold	guest_cold/fold_0	0		192	0.67441856861114502
guest_cold	guest_cold/fold_0	0		194	0.80000001192092896
guest_cold	guest_cold/fold_0	0		200	0.55000001192092896
guest_cold	guest_cold/fold_0	0		202	0.81081080436706543
guest_cold	guest_cold/fold_0	0		204	0.75999999046325684
guest_cold	guest_cold/fold_0	0		206	0.71428573131561279
guest_cold	guest_cold/fold_0	0		212	0.75
guest_cold	guest_cold/fold_0	0		220	0.75
guest_cold	guest_cold/fold_0	0		226	0.65999996662139893
guest_cold	guest_cold/fold_0	0		228	0.74137932062149048
guest_cold	guest_cold/fold_0	0		230	0.55000001192092896
guest_cold	guest_cold/fold_0	0		237	0.58088237047195435
guest_cold	guest_cold/fold_0	0		238	0.65686273574829102
guest_cold	guest_cold/fold_0	0		240	0.90163934230804443
guest_cold	guest_cold/fold_0	0		244	0.8928571343421936
guest_cold	guest_cold/fold_0	0		245	0.32277563214302063
guest_cold	guest_cold/fold_0	0		250	0.8452380895614624
guest_cold	guest_cold/fold_0	0		257	0.86363637447357178
guest_cold	guest_cold/fold_0	0		259	0.5803571343421936
guest_cold	guest_cold/fold_0	0		260	0.68627452850341797
guest_cold	guest_cold/fold_0	0		265	0.72058820724487305
guest_cold	guest_cold/fold_0	0		267	1
guest_cold	guest_cold/fold_0	0		276	0.82558143138885498
guest_cold	guest_cold/fold_0	0		280	0.69117647409439087
guest_cold	guest_cold/fold_0	0		286	0.70833331346511841
guest_cold	guest_cold/fold_0	0		290	0.5
guest_cold	guest_cold/fold_0	0		294	0.66666668653488159
guest_cold	guest_cold/fold_0	0		300	0.78846156597137451
guest_cold	guest_cold/fold_0	0		301	0.58333331346511841
guest_cold	guest_cold/fold_0	0		305	1
guest_cold	guest_cold/fold_0	0		307	0.625
guest_cold	guest_cold/fold_0	0		310	0.80000001192092896
guest_cold	guest_cold/fold_0	0		319	0.79166662693023682
guest_cold	guest_cold/fold_0	0		333	0.57692307233810425
guest_cold	guest_cold/fold_0	0		337	0.5
guest_cold	guest_cold/fold_0	0		344	0.75
guest_cold	guest_cold/fold_0	0		349	0.80434781312942505
guest_cold	guest_cold/fold_0	0		354	0.77083337306976318
guest_cold	guest_cold/fold_0	0		356	0.88235294818878174
guest_cold	guest_cold/fold_0	0		357	0.56666666269302368
guest_cold	guest_cold/fold_0	0		363	0.76666665077209473
guest_cold	guest_cold/fold_0	0		372	0.6071428656578064
guest_cold	guest_cold/fold_0	0		378	0.71428573131561279
guest_cold	guest_cold/fold_0	0		381	0.63076925277709961
guest_cold	guest_cold/fold_0	0		389	0.92307692766189575
guest_cold	guest_cold/fold_0	0		391	0.60000002384185791
guest_cold	guest_cold/fold_0	0		393	0.796875
guest_cold	guest_cold/fold_0	0		405	0.5
guest_cold	guest_cold/fold_0	0		407	0.66176474094390869
guest_cold	guest_cold/fold_0	0		413	0.5
guest_cold	guest_cold/fold_0	0		417	0.66666668653488159
guest_cold	guest_cold/fold_0	0		420	0.61864405870437622
guest_cold	guest_cold/fold_0	0		421	0.94444441795349121
guest_cold	guest_cold/fold_0	0		426	0.69117647409439087
guest_cold	guest_cold/fold_0	0		429	0.75
guest_cold	guest_cold/fold_0	0		435	1
guest_cold	guest_cold/fold_0	0		437	0.75999999046325684
guest_cold	guest_cold/fold_0	0		439	0.32277563214302063
guest_cold	guest_cold/fold_0	0		444	0.59239131212234497
guest_cold	guest_cold/fold_0	0		447	0.60000002384185791
guest_cold	guest_cold/fold_0	0		449	0.72058820724487305
guest_cold	guest_cold/fold_0	0		451	0.75999999046325684
guest_cold	guest_cold/fold_0	0		452	0.75
guest_cold	guest_cold/fold_0	0		453	0.78846156597137451
guest_cold	guest_cold/fold_0	0		456	0.78846156597137451
guest_cold	guest_cold/fold_0	0		462	0.76923078298568726
guest_cold	guest_cold/fold_0	0		469	1
guest_cold	guest_cold/fold_0	0		470	0.92500001192092896
guest_cold	guest_cold/fold_0	0		476	1
guest_cold	guest_cold/fold_0	0		482	0.65999996662139893
guest_cold	guest_cold/fold_0	0		486	0.92857146263122559
guest_cold	guest_cold/fold_0	0		488	0.625
guest_cold	guest_cold/fold_0	0		498	0.92857146263122559
guest_cold	guest_cold/fold_0	0		503	0.71428573131561279
guest_cold	guest_cold/fold_0	0		509	0.8769230842590332
guest_cold	guest_cold/fold_0	0		516	0.57999998331069946
guest_cold	guest_cold/fold_0	0		519	0.78260868787765503
guest_cold	guest_cold/fold_0	0		529	0.90163934230804443
guest_cold	guest_cold/fold_0	0		530	0.71428573131561279
guest_cold	guest_cold/fold_0	0		533	0.82352942228317261
guest_cold	guest_cold/fold_0	0		536	0.8644859790802002
guest_cold	guest_cold/fold_0	0		539	0.82608699798583984
guest_cold	guest_cold/fold_0	0		545	0.56666666269302368
guest_cold	guest_cold/fold_0	0		549	0.63333332538604736
guest_cold	guest_cold/fold_0	0		558	0.78433048725128174
guest_cold	guest_cold/fold_0	0		561	0.92307692766189575
guest_cold	guest_cold/fold_0	0		563	0.78260868787765503
guest_cold	guest_cold/fold_0	0		568	0.65686273574829102
guest_cold	guest_cold/fold_0	0		575	0.71111112833023071
guest_cold	guest_cold/fold_0	0		578	0.72500002384185791
guest_cold	guest_cold/fold_0	0		592	0.625
guest_cold	guest_cold/fold_0	0		603	0.81481480598449707
guest_cold	guest_cold/fold_0	0		605	0.52499997615814209
guest_cold	guest_cold/fold_0	0		606	0.58695650100708008
guest_cold	guest_cold/fold_0	0		608	0.60416668653488159
guest_cold	guest_cold/fold_0	0		619	0.9523809552192688
guest_cold	guest_cold/fold_0	0		621	0.70289856195449829
guest_cold	guest_cold/fold_0	0		622	0.83928573131561279
guest_cold	guest_cold/fold_0	0		623	0.625
guest_cold	guest_cold/fold_0	0		630	0.6185566782951355
guest_cold	guest_cold/fold_0	0		650	0.6538461446762085
guest_cold	guest_cold/fold_0	0		655	0.66666668653488159
guest_cold	guest_cold/fold_0	0		668	0.62179487943649292
guest_cold	guest_cold/fold_0	0		671	0.58333331346511841
guest_cold	guest_cold/fold_0	0		672	0.80434781312942505
guest_cold	guest_cold/fold_0	0		679	0.70833331346511841
guest_cold	guest_cold/fold_0	0		685	0.80000001192092896
guest_cold	guest_cold/fold_0	0		686	0.70833331346511841
guest_cold	guest_cold/fold_0	0		687	0.72500002384185791
guest_cold	guest_cold/fold_0	0		697	0.66666668653488159
guest_cold	guest_cold/fold_0	0		700	0.5
guest_cold	guest_cold/fold_0	0		709	0.67708331346511841
guest_cold	guest_cold/fold_0	0		716	0.5
guest_cold	guest_cold/fold_0	0		728	0.6538461446762085
guest_cold	guest_cold/fold_0	0		736	0.79545450210571289
guest_cold	guest_cold/fold_0	0		743	0.79545450210571289
guest_cold	guest_cold/fold_0	0		744	0.9375
guest_cold	guest_cold/fold_0	0		773	0.58333331346511841
guest_cold	guest_cold/fold_0	0		779	0.78571426868438721
guest_cold	guest_cold/fold_0	0		786	0.92857146263122559
guest_cold	guest_cold/fold_0	0		791	0.96428573131561279
guest_cold	guest_cold/fold_0	0		795	0.75
guest_cold	guest_cold/fold_0	0		797	0.5595238208770752
guest_cold	guest_cold/fold_0	0		802	0.67391306161880493
guest_cold	guest_cold/fold_0	0		807	0.67307692766189575
guest_cold	guest_cold/fold_0	0		808	0.66666668653488159
guest_cold	guest_cold/fold_0	0		810	0.65217387676239014
guest_cold	guest_cold/fold_0	0		811	1
guest_cold	guest_cold/fold_0	0		815	0.6086956262588501
guest_cold	guest_cold/fold_0	0		825	0.67741936445236206
guest_cold	guest_cold/fold_0	0		826	0.80357146263122559
guest_cold	guest_cold/fold_0	0		828	0.75999999046325684
guest_cold	guest_cold/fold_0	0		833	0.78260868787765503
guest_cold	guest_cold/fold_0	0		838	0.75999999046325684
guest_cold	guest_cold/fold_0	0		841	0.65277779102325439
guest_cold	guest_cold/fold_0	0		842	0.73529410362243652
guest_cold	guest_cold/fold_0	0		843	0.6538461446762085
guest_cold	guest_cold/fold_0	0		845	0.57999998331069946
guest_cold	guest_cold/fold_0	0		847	0.79411768913269043
guest_cold	guest_cold/fold_0	0		848	0.71052634716033936
guest_cold	guest_cold/fold_0	0		851	0.71428573131561279
guest_cold	guest_cold/fold_0	0		854	0.57999998331069946
guest_cold	guest_cold/fold_0	0		857	0.78846156597137451
guest_cold	guest_cold/fold_0	0		865	0.76086956262588501
guest_cold	guest_cold/fold_0	0		868	0.92307692766189575
guest_cold	guest_cold/fold_0	0		870	0.93333333730697632
guest_cold	guest_cold/fold_0	0		874	0.79411768913269043
guest_cold	guest_cold/fold_0	0		875	0.82352942228317261
guest_cold	guest_cold/fold_0	0		876	0.3815789520740509
guest_cold	guest_cold/fold_0	0		877	1
guest_cold	guest_cold/fold_0	0		880	0.72500002384185791
guest_cold	guest_cold/fold_0	0		883	0.75
guest_cold	guest_cold/fold_0	0		893	0.51428574323654175
guest_cold	guest_cold/fold_0	0		897	0.88679242134094238
guest_cold	guest_cold/fold_0	0		898	0.82258063554763794
guest_cold	guest_cold/fold_0	0		904	0.75862067937850952
guest_cold	guest_cold/fold_0	0		905	1
guest_cold	guest_cold/fold_0	0		906	0.57999998331069946
guest_cold	guest_cold/fold_0	0		910	0.79166662693023682
guest_cold	guest_cold/fold_0	0		911	0.91250002384185791
guest_cold	guest_cold/fold_0	0		920	0.6875
guest_cold	guest_cold/fold_0	0		921	0.81578946113586426
guest_cold	guest_cold/fold_0	0		927	0.81818181276321411
guest_cold	guest_cold/fold_0	0		928	0.66176474094390869
guest_cold	guest_cold/fold_0	0		931	0.76724135875701904
guest_cold	guest_cold/fold_0	0		934	0.62790697813034058
guest_cold	guest_cold/fold_0	0		938	0.70833331346511841
guest_cold	guest_cold/fold_0	0		939	0.57999998331069946
guest_cold	guest_cold/fold_0	0		943	0.58823531866073608
guest_cold	guest_cold/fold_0	0		951	0.75925922393798828
guest_cold	guest_cold/fold_0	0		954	0.76724135875701904
guest_cold	guest_cold/fold_0	0		958	0.78846156597137451
guest_cold	guest_cold/fold_0	0		962	0.85483872890472412
guest_cold	guest_cold/fold_0	0		963	0.60784316062927246
guest_cold	guest_cold/fold_0	0		969	0.56097561120986938
guest_cold	guest_cold/fold_0	0		970	1
guest_cold	guest_cold/fold_0	0		971	0.75
guest_cold	guest_cold/fold_0	0		974	0.78947365283966064
guest_cold	guest_cold/fold_0	0		975	0.6185566782951355
guest_cold	guest_cold/fold_0	0		994	0.76666665077209473
guest_cold	guest_cold/fold_0	0		1000	0.59259259700775146
guest_cold	guest_cold/fold_0	0		1018	0.61224490404129028
guest_cold	guest_cold/fold_0	0		1021	0.78846156597137451
guest_cold	guest_cold/fold_0	0		1024	0.6111111044883728
guest_cold	guest_cold/fold_0	0		1026	0.82222223281860352
guest_cold	guest_cold/fold_0	0		1027	0.59259259700775146
guest_cold	guest_cold/fold_0	0		1038	0.90163934230804443
guest_cold	guest_cold/fold_0	0		1054	0.75999999046325684
guest_cold	guest_cold/fold_0	0		1056	0.67708331346511841
guest_cold	guest_cold/fold_0	0		1057	0.93877553939819336
guest_cold	guest_cold/fold_0	0		1060	0.43617022037506104
guest_cold	guest_cold/fold_0	0		1061	0.88383841514587402
guest_cold	guest_cold/fold_0	0		1069	0.63157892227172852
guest_cold	guest_cold/fold_0	0		1071	0.73076921701431274
guest_cold	guest_cold/fold_0	0		1075	0.75862067937850952
guest_cold	guest_cold/fold_0	0		1078	0.58928573131561279
guest_cold	guest_cold/fold_0	0		1082	0.91176474094390869
guest_cold	guest_cold/fold_0	0		1083	0.66071426868438721
guest_cold	guest_cold/fold_0	0		1084	0.53061223030090332
guest_cold	guest_cold/fold_0	0		1086	0.76724135875701904
guest_cold	guest_cold/fold_0	0		1088	0.73076921701431274
guest_cold	guest_cold/fold_0	0		1089	0.90163934230804443
guest_cold	guest_cold/fold_0	0		1096	0.75925922393798828
guest_cold	guest_cold/fold_0	0		1098	0.53061223030090332
guest_cold	guest_cold/fold_0	0		1100	0.94444441795349121
guest_cold	guest_cold/fold_0	0		1103	0.6428571343421936
guest_cold	guest_cold/fold_0	0		1109	0.75999999046325684
guest_cold	guest_cold/fold_0	0		1118	0.93333333730697632
guest_cold	guest_cold/fold_0	0		1126	0.57999998331069946
guest_cold	guest_cold/fold_0	0		1128	0.78260868787765503
guest_cold	guest_cold/fold_0	0		1133	0.5
guest_cold	guest_cold/fold_0	0		1140	0.70212769508361816
guest_cold	guest_cold/fold_0	0		1145	0.72222220897674561
guest_cold	guest_cold/fold_0	0		1150	0.69565218687057495
guest_cold	guest_cold/fold_0	0		1160	0.71497583389282227
guest_cold	guest_cold/fold_0	0		1164	0.58333331346511841
guest_cold	guest_cold/fold_0	0		1166	0.875
guest_cold	guest_cold/fold_0	0		1169	0.78260868787765503
guest_cold	guest_cold/fold_0	0		1171	0.90740740299224854
guest_cold	guest_cold/fold_0	0		1175	0.71428573131561279
guest_cold	guest_cold/fold_0	0		1180	0.71428573131561279
guest_cold	guest_cold/fold_0	0		1184	0.59459459781646729
guest_cold	guest_cold/fold_0	0		1185	0.9038461446762085
guest_cold	guest_cold/fold_0	0		1199	0.80555558204650879
guest_cold	guest_cold/fold_0	0		1208	0.81481480598449707
guest_cold	guest_cold/fold_0	0		1217	0.63207548856735229
guest_cold	guest_cold/fold_0	0		1227	0.75
guest_cold	guest_cold/fold_0	0		1229	0.77777779102325439
guest_cold	guest_cold/fold_0	0		1240	0.875
guest_cold	guest_cold/fold_0	0		1256	0.6875
guest_cold	guest_cold/fold_0	0		1268	0.80434781312942505
guest_cold	guest_cold/fold_0	0		1271	0.56521737575531006
guest_cold	guest_cold/fold_0	0		1272	0.55555558204650879
guest_cold	guest_cold/fold_0	0		1281	0.57692307233810425
guest_cold	guest_cold/fold_0	0		1290	0.57999998331069946
guest_cold	guest_cold/fold_0	0		1291	0.75757575035095215
guest_cold	guest_cold/fold_0	0		1294	1
guest_cold	guest_cold/fold_0	0		1300	0.57692307233810425
guest_cold	guest_cold/fold_0	0		1302	0.90740740299224854
guest_cold	guest_cold/fold_0	0		1310	0.8769230842590332
guest_cold	guest_cold/fold_0	0		1315	0.82608699798583984
guest_cold	guest_cold/fold_0	0		1316	0.73076921701431274
guest_cold	guest_cold/fold_0	0		1320	0.78571426868438721
guest_cold	guest_cold/fold_0	0		1323	0.5
guest_cold	guest_cold/fold_0	0		1326	0.7014925479888916
guest_cold	guest_cold/fold_0	0		1328	0.71428573131561279
guest_cold	guest_cold/fold_0	0		1336	0.66666668653488159
guest_cold	guest_cold/fold_0	0		1339	0.625
guest_cold	guest_cold/fold_0	0		1353	0.78260868787765503
guest_cold	guest_cold/fold_0	0		1359	0.57999998331069946
guest_cold	guest_cold/fold_0	0		1375	0.71428573131561279
guest_cold	guest_cold/fold_0	0		1378	0.75
guest_cold	guest_cold/fold_0	0		1379	0.62962961196899414
guest_cold	guest_cold/fold_0	0		1389	0.74000000953674316
guest_cold	guest_cold/fold_0	0		1392	0.57999998331069946
guest_cold	guest_cold/fold_0	0		1410	0.66666668653488159
guest_cold	guest_cold/fold_0	0		1414	0.78260868787765503
guest_cold	guest_cold/fold_0	0		1424	0.75862067937850952
guest_cold	guest_cold/fold_0	0		1433	0.5
guest_cold	guest_cold/fold_0	0		1439	0.78260868787765503
guest_cold	guest_cold/fold_0	0		1442	0.7361111044883728
guest_cold	guest_cold/fold_0	0		1448	0.80833333730697632
guest_cold	guest_cold/fold_0	0		1452	0.92307692766189575
guest_cold	guest_cold/fold_0	0		1455	0.6538461446762085
guest_cold	guest_cold/fold_0	0		1458	0.63157892227172852
guest_cold	guest_cold/fold_0	0		1462	0.66666668653488159
guest_cold	guest_cold/fold_0	0		1463	0.58333331346511841
guest_cold	guest_cold/fold_0	0		1466	0.76724135875701904
guest_cold	guest_cold/fold_0	0		1468	0.56756758689880371
guest_cold	guest_cold/fold_0	0		1474	0.56521737575531006
guest_cold	guest_cold/fold_0	0		1482	0.92857146263122559
guest_cold	guest_cold/fold_0	0		1488	0.71428573131561279
guest_cold	guest_cold/fold_0	0		1489	0.8769230842590332
guest_cold	guest_cold/fold_0	0		1496	0.54411762952804565
guest_cold	guest_cold/fold_0	0		1500	0.75384616851806641
guest_cold	guest_cold/fold_0	0		1505	1
guest_cold	guest_cold/fold_0	0		1513	0.5
guest_cold	guest_cold/fold_0	0		1514	0.98000001907348633
guest_cold	guest_cold/fold_0	0		1516	0.75999999046325684
guest_cold	guest_cold/fold_0	0		1526	0.77419352531433105
guest_cold	guest_cold/fold_0	0		1533	0.86538457870483398
guest_cold	guest_cold/fold_0	0		1544	0.74436092376708984
guest_cold	guest_cold/fold_0	0		1550	0.5595238208770752
guest_cold	guest_cold/fold_0	0		1554	0.80000001192092896
guest_cold	guest_cold/fold_0	0		1566	0.56140351295471191
guest_cold	guest_cold/fold_0	0		1567	0.71153843402862549
guest_cold	guest_cold/fold_0	0		1572	0.71497583389282227
guest_cold	guest_cold/fold_0	0		1576	0.66289591789245605
guest_cold	guest_cold/fold_0	0		1578	0.5
guest_cold	guest_cold/fold_0	0		1580	0.67441856861114502
guest_cold	guest_cold/fold_0	0		1582	0.61224490404129028
guest_cold	guest_cold/fold_0	0		1585	0.75999999046325684
guest_cold	guest_cold/fold_0	0		1590	0.71428573131561279
guest_cold	guest_cold/fold_0	0		1594	0.6904761791229248
guest_cold	guest_cold/fold_0	0		1595	0.75
guest_cold	guest_cold/fold_0	0		1599	0.78571426868438721
guest_cold	guest_cold/fold_0	0		1600	0.58219176530838013
guest_cold	guest_cold/fold_0	0		1601	0.62179487943649292
guest_cold	guest_cold/fold_0	0		1603	0.86486482620239258
guest_cold	guest_cold/fold_0	0		1608	0.875
guest_cold	guest_cold/fold_0	0		1611	0.62195122241973877
guest_cold	guest_cold/fold_0	0		1619	0.6103895902633667
guest_cold	guest_cold/fold_0	0		1621	0.94444441795349121
guest_cold	guest_cold/fold_0	0		1623	0.71428573131561279
guest_cold	guest_cold/fold_0	0		1624	0.65306121110916138
guest_cold	guest_cold/fold_0	0		1633	0.60416668653488159
guest_cold	guest_cold/fold_0	0		1644	0.6428571343421936
guest_cold	guest_cold/fold_0	0		1652	0.86538457870483398
guest_cold	guest_cold/fold_0	0		1655	0.79629629850387573
guest_cold	guest_cold/fold_0	0		1665	0.62857145071029663
guest_cold	guest_cold/fold_0	0		1666	0.56666666269302368
guest_cold	guest_cold/fold_0	0		1670	0.58152174949645996
guest_cold	guest_cold/fold_0	0		1681	0.78846156597137451
guest_cold	guest_cold/fold_0	0		1683	0.82352942228317261
guest_cold	guest_cold/fold_0	0		1705	0.64571744203567505
guest_cold	guest_cold/fold_0	0		1706	0.61627906560897827
guest_cold	guest_cold/fold_0	0		1723	0.6269230842590332
guest_cold	guest_cold/fold_0	0		1726	0.77499997615814209
guest_cold	guest_cold/fold_0	0		1729	0.61333334445953369
guest_cold	guest_cold/fold_0	0		1730	0.51898735761642456
guest_cold	guest_cold/fold_0	0		1731	0.60000002384185791
guest_cold	guest_cold/fold_0	0		1737	0.66666668653488159
guest_cold	guest_cold/fold_0	0		1752	0.78947365283966064
guest_cold	guest_cold/fold_0	0		1753	0.86046510934829712
guest_cold	guest_cold/fold_0	0		1767	0.75925922393798828
guest_cold	guest_cold/fold_0	0		1769	0.91666662693023682
guest_cold	guest_cold/fold_0	0		1770	0.67441856861114502
guest_cold	guest_cold/fold_0	0		1771	0.77777779102325439
guest_cold	guest_cold/fold_0	0		1775	0.58333331346511841
guest_cold	guest_cold/fold_0	0		1776	0.5746268630027771
guest_cold	guest_cold/fold_0	0		1777	0.625
guest_cold	guest_cold/fold_0	0		1793	0.52173912525177002
guest_cold	guest_cold/fold_0	0		1799	0.98717951774597168
guest_cold	guest_cold/fold_0	0		1800	0.34331798553466797
guest_cold	guest_cold/fold_0	0		1801	0.67391306161880493
guest_cold	guest_cold/fold_0	0		1813	0.83928573131561279
guest_cold	guest_cold/fold_0	0		1814	0.75
guest_cold	guest_cold/fold_0	0		1820	0.63829785585403442
guest_cold	guest_cold/fold_0	0		1827	0.58888888359069824
guest_cold	guest_cold/fold_0	0		1829	0.60416668653488159
guest_cold	guest_cold/fold_0	0		1831	0.66666668653488159
guest_cold	guest_cold/fold_0	0		1836	0.74000000953674316
guest_cold	guest_cold/fold_0	0		1845	0.6086956262588501
guest_cold	guest_cold/fold_0	0		1849	0.67647057771682739
guest_cold	guest_cold/fold_0	0		1856	0.66666668653488159
guest_cold	guest_cold/fold_0	0		1862	0.93965518474578857
guest_cold	guest_cold/fold_0	0		1867	0.5
guest_cold	guest_cold/fold_0	0		1871	0.5
guest_cold	guest_cold/fold_0	0		1878	0.58088237047195435
guest_cold	guest_cold/fold_0	0		1881	0.60000002384185791
guest_cold	guest_cold/fold_0	0		1883	0.58169937133789062
guest_cold	guest_cold/fold_0	0		1887	0.71428573131561279
guest_cold	guest_cold/fold_0	0		1888	0.57608693838119507
guest_cold	guest_cold/fold_0	0		1889	0.76086956262588501
guest_cold	guest_cold/fold_0	0		1899	0.63942307233810425
guest_cold	guest_cold/fold_0	0		1901	0.9482758641242981
guest_cold	guest_cold/fold_0	0		1907	0.76666665077209473
guest_cold	guest_cold/fold_0	0		1911	0.74909424781799316
guest_cold	guest_cold/fold_0	0		1915	0.57999998331069946
guest_cold	guest_cold/fold_0	0		1920	0.65686273574829102
guest_cold	guest_cold/fold_0	0		1921	0.82692307233810425
guest_cold	guest_cold/fold_0	0		1927	0.5
guest_cold	guest_cold/fold_0	0		1929	0.58152174949645996
guest_cold	guest_cold/fold_0	0		1948	0.72222220897674561
guest_cold	guest_cold/fold_0	0		1951	0.6726190447807312
guest_cold	guest_cold/fold_0	0		1954	0.875
guest_cold	guest_cold/fold_0	0		1955	0.77777779102325439
guest_cold	guest_cold/fold_0	0		1958	0.6071428656578064
guest_cold	guest_cold/fold_0	0		1967	0.58888888359069824
guest_cold	guest_cold/fold_0	0		1980	0.5
guest_cold	guest_cold/fold_0	0		1986	0.75384616851806641
guest_cold	guest_cold/fold_0	0		1993	0.69767439365386963
guest_cold	guest_cold/fold_0	0		2005	1
guest_cold	guest_cold/fold_0	0		2011	0.71428573131561279
guest_cold	guest_cold/fold_0	0		2014	0.55555558204650879
guest_cold	guest_cold/fold_0	0		2019	0.57999998331069946
guest_cold	guest_cold/fold_0	0		2025	0.77083337306976318
guest_cold	guest_cold/fold_0	0		2026	0.78571426868438721
guest_cold	guest_cold/fold_0	0		2038	0.51428574323654175
guest_cold	guest_cold/fold_0	0		2041	0.66666668653488159
guest_cold	guest_cold/fold_0	0		2046	0.91666662693023682
guest_cold	guest_cold/fold_0	0		2058	0.75862067937850952
guest_cold	guest_cold/fold_0	0		2063	0.58333331346511841
guest_cold	guest_cold/fold_0	0		2070	0.7361111044883728
guest_cold	guest_cold/fold_0	0		2081	0.78688526153564453
guest_cold	guest_cold/fold_0	0		2091	0.85897433757781982
guest_cold	guest_cold/fold_0	0		2106	0.71428573131561279
guest_cold	guest_cold/fold_0	0		2115	0.80555558204650879
guest_cold	guest_cold/fold_0	0		2120	0.75999999046325684
guest_cold	guest_cold/fold_0	0		2139	1
guest_cold	guest_cold/fold_0	0		2141	0.81481480598449707
guest_cold	guest_cold/fold_0	0		2142	0.79545450210571289
guest_cold	guest_cold/fold_0	0		2145	0.72916668653488159
guest_cold	guest_cold/fold_0	0		2149	0.74468088150024414
guest_cold	guest_cold/fold_0	0		2158	0.87142860889434814
guest_cold	guest_cold/fold_0	0		2160	0.66666668653488159
guest_cold	guest_cold/fold_0	0		2171	0.75
guest_cold	guest_cold/fold_0	0		2176	0.70270270109176636
guest_cold	guest_cold/fold_0	0		2187	0.60000002384185791
guest_cold	guest_cold/fold_0	0		2198	0.8928571343421936
guest_cold	guest_cold/fold_0	0		2203	0.875
guest_cold	guest_cold/fold_0	0		2210	0.51315790414810181
guest_cold	guest_cold/fold_0	0		2213	0.62962961196899414
guest_cold	guest_cold/fold_0	0		2215	0.75862067937850952
guest_cold	guest_cold/fold_0	0		2226	0.62962961196899414
guest_cold	guest_cold/fold_0	0		2235	0.625
guest_cold	guest_cold/fold_0	0		2236	0.67741936445236206
guest_cold	guest_cold/fold_0	0		2247	0.96428573131561279
guest_cold	guest_cold/fold_0	0		2254	0.88461542129516602
guest_cold	guest_cold/fold_0	0		2255	0.66666668653488159
guest_cold	guest_cold/fold_0	0		2264	0.90163934230804443
guest_cold	guest_cold/fold_0	0		2265	0.75
guest_cold	guest_cold/fold_0	0		2268	0.96428573131561279
guest_cold	guest_cold/fold_0	0		2277	0.69999998807907104
guest_cold	guest_cold/fold_0	0		2279	0.75694441795349121
guest_cold	guest_cold/fold_0	0		2285	0.92424243688583374
guest_cold	guest_cold/fold_0	0		2288	0.8571428656578064
guest_cold	guest_cold/fold_0	0		2293	0.62745100259780884
guest_cold	guest_cold/fold_0	0		2296	0.70588237047195435
guest_cold	guest_cold/fold_0	0		2297	0.78846156597137451
guest_cold	guest_cold/fold_0	0		2301	1
guest_cold	guest_cold/fold_0	0		2304	0.72058820724487305
guest_cold	guest_cold/fold_0	0		2305	0.80303031206130981
guest_cold	guest_cold/fold_0	0		2308	1
guest_cold	guest_cold/fold_0	0		2311	0.91666662693023682
guest_cold	guest_cold/fold_0	0		2314	0.85483872890472412
guest_cold	guest_cold/fold_0	0		2323	0.57692307233810425
guest_cold	guest_cold/fold_0	0		2326	0.75
guest_cold	guest_cold/fold_0	0		2329	0.88235294818878174
guest_cold	guest_cold/fold_0	0		2331	0.91250002384185791
guest_cold	guest_cold/fold_0	0		2344	0.58928573131561279
guest_cold	guest_cold/fold_0	0		2348	0.75
guest_cold	guest_cold/fold_0	0		2360	0.77777779102325439
guest_cold	guest_cold/fold_0	0		2361	0.93939393758773804
guest_cold	guest_cold/fold_0	0		2362	0.60416668653488159
guest_cold	guest_cold/fold_0	0		2367	0.69565218687057495
guest_cold	guest_cold/fold_0	0		2371	0.70289856195449829
guest_cold	guest_cold/fold_0	0		2373	0.52631580829620361
guest_cold	guest_cold/fold_0	0		2374	0.91025638580322266
guest_cold	guest_cold/fold_0	0		2380	0.92592597007751465
guest_cold	guest_cold/fold_1	1		0	0.75949370861053467
guest_cold	guest_cold/fold_1	1		2	0.66666668653488159
guest_cold	guest_cold/fold_1	1		3	0.71698111295700073
guest_cold	guest_cold/fold_1	1		15	0.73076921701431274
guest_cold	guest_cold/fold_1	1		22	0.79032254219055176
guest_cold	guest_cold/fold_1	1		25	0.5
guest_cold	guest_cold/fold_1	1		26	0.61764705181121826
guest_cold	guest_cold/fold_1	1		27	1
guest_cold	guest_cold/fold_1	1		28	0.67647057771682739
guest_cold	guest_cold/fold_1	1		43	0.75
guest_cold	guest_cold/fold_1	1		48	0.8644859790802002
guest_cold	guest_cold/fold_1	1		49	0.63636362552642822
guest_cold	guest_cold/fold_1	1		58	0.75949370861053467
guest_cold	guest_cold/fold_1	1		60	0.68103444576263428
guest_cold	guest_cold/fold_1	1		83	0.86065572500228882
guest_cold	guest_cold/fold_1	1		90	0.9345238208770752
guest_cold	guest_cold/fold_1	1		92	0.5
guest_cold	guest_cold/fold_1	1		95	0.72222220897674561
guest_cold	guest_cold/fold_1	1		99	0.73076921701431274
guest_cold	guest_cold/fold_1	1		103	0.63829785585403442
guest_cold	guest_cold/fold_1	1		115	0.7361111044883728
guest_cold	guest_cold/fold_1	1		118	0.828125
guest_cold	guest_cold/fold_1	1		119	0.78125
guest_cold	guest_cold/fold_1	1		125	0.73076921701431274
guest_cold	guest_cold/fold_1	1		133	1
guest_cold	guest_cold/fold_1	1		144	0.75
guest_cold	guest_cold/fold_1	1		145	0.5
guest_cold	guest_cold/fold_1	1		146	0.79069769382476807
guest_cold	guest_cold/fold_1	1		148	0.75
guest_cold	guest_cold/fold_1	1		160	0.63636362552642822
guest_cold	guest_cold/fold_1	1		176	1
guest_cold	guest_cold/fold_1	1		178	0.73404252529144287
guest_cold	guest_cold/fold_1	1		182	0.78947365283966064
guest_cold	guest_cold/fold_1	1		183	0.81999999284744263
guest_cold	guest_cold/fold_1	1		186	0.65217387676239014
guest_cold	guest_cold/fold_1	1		189	0.88461542129516602
guest_cold	guest_cold/fold_1	1		195	0.828125
guest_cold	guest_cold/fold_1	1		198	0.59259259700775146
guest_cold	guest_cold/fold_1	1		210	0.5
guest_cold	guest_cold/fold_1	1		217	1
guest_cold	guest_cold/fold_1	1		219	0.77631580829620361
guest_cold	guest_cold/fold_1	1		221	1
guest_cold	guest_cold/fold_1	1		225	0.85106384754180908
guest_cold	guest_cold/fold_1	1		227	0.64705884456634521
guest_cold	guest_cold/fold_1	1		241	0.64814817905426025
guest_cold	guest_cold/fold_1	1		253	0.70833331346511841
guest_cold	guest_cold/fold_1	1		268	0.65714287757873535
guest_cold	guest_cold/fold_1	1		278	0.78571426868438721
guest_cold	guest_cold/fold_1	1		281	0.83333337306976318
guest_cold	guest_cold/fold_1	1		287	0.56666666269302368
guest_cold	guest_cold/fold_1	1		311	0.94444441795349121
guest_cold	guest_cold/fold_1	1		318	0.69999998807907104
guest_cold	guest_cold/fold_1	1		320	0.625
guest_cold	guest_cold/fold_1	1		340	0.76190477609634399
guest_cold	guest_cold/fold_1	1		348	0.65277779102325439
guest_cold	guest_cold/fold_1	1		358	0.61832058429718018
guest_cold	guest_cold/fold_1	1		361	0.67391306161880493
guest_cold	guest_cold/fold_1	1		365	0.93103444576263428
guest_cold	guest_cold/fold_1	1		375	0.69999998807907104
guest_cold	guest_cold/fold_1	1		379	0.78260868787765503
guest_cold	guest_cold/fold_1	1		380	1
guest_cold	guest_cold/fold_1	1		382	0.8928571343421936
guest_cold	guest_cold/fold_1	1		383	0.61524391174316406
guest_cold	guest_cold/fold_1	1		385	0.75
guest_cold	guest_cold/fold_1	1		386	0.75
guest_cold	guest_cold/fold_1	1		394	0.52439022064208984
guest_cold	guest_cold/fold_1	1		396	0.79166662693023682
guest_cold	guest_cold/fold_1	1		406	0.82692307233810425
guest_cold	guest_cold/fold_1	1		411	0.93181818723678589
guest_cold	guest_cold/fold_1	1		412	0.73913043737411499
guest_cold	guest_cold/fold_1	1		414	0.85897433757781982
guest_cold	guest_cold/fold_1	1		416	0.83928573131561279
guest_cold	guest_cold/fold_1	1		422	0.71428573131561279
guest_cold	guest_cold/fold_1	1		431	0.70297873020172119
guest_cold	guest_cold/fold_1	1		432	0.81081080436706543
guest_cold	guest_cold/fold_1	1		441	0.67391306161880493
guest_cold	guest_cold/fold_1	1		442	0.75
guest_cold	guest_cold/fold_1	1		443	0.73404252529144287
guest_cold	guest_cold/fold_1	1		446	0.79166662693023682
guest_cold	guest_cold/fold_1	1		454	0.875
guest_cold	guest_cold/fold_1	1		460	0.6111111044883728
guest_cold	guest_cold/fold_1	1		463	0.8888888955116272
guest_cold	guest_cold/fold_1	1		465	0.625
guest_cold	guest_cold/fold_1	1		480	0.75
guest_cold	guest_cold/fold_1	1		485	0.83928573131561279
guest_cold	guest_cold/fold_1	1		487	0.875
guest_cold	guest_cold/fold_1	1		489	0.8142857551574707
guest_cold	guest_cold/fold_1	1		492	0.72727274894714355
guest_cold	guest_cold/fold_1	1		496	0.79545450210571289
guest_cold	guest_cold/fold_1	1		497	0.61904764175415039
guest_cold	guest_cold/fold_1	1		505	0.73076921701431274
guest_cold	guest_cold/fold_1	1		510	0.55319148302078247
guest_cold	guest_cold/fold_1	1		521	0.79032254219055176
guest_cold	guest_cold/fold_1	1		525	0.9375
guest_cold	guest_cold/fold_1	1		528	0.84722220897674561
guest_cold	guest_cold/fold_1	1		537	0.72500002384185791
guest_cold	guest_cold/fold_1	1		540	0.90163934230804443
guest_cold	guest_cold/fold_1	1		541	0.75862067937850952
guest_cold	guest_cold/fold_1	1		542	0.6875
guest_cold	guest_cold/fold_1	1		552	0.86046510934829712
guest_cold	guest_cold/fold_1	1		557	0.7678571343421936
guest_cold	guest_cold/fold_1	1		560	0.90163934230804443
guest_cold	guest_cold/fold_1	1		570	0.58333331346511841
guest_cold	guest_cold/fold_1	1		580	0.81818181276321411
guest_cold	guest_cold/fold_1	1		582	0.67391306161880493
guest_cold	guest_cold/fold_1	1		588	0.5124434232711792
guest_cold	guest_cold/fold_1	1		589	0.875
guest_cold	guest_cold/fold_1	1		601	0.75
guest_cold	guest_cold/fold_1	1		604	0.69999998807907104
guest_cold	guest_cold/fold_1	1		607	0.53260868787765503
guest_cold	guest_cold/fold_1	1		609	0.54545456171035767
guest_cold	guest_cold/fold_1	1		616	0.79629629850387573
guest_cold	guest_cold/fold_1	1		618	0.78846156597137451
guest_cold	guest_cold/fold_1	1		624	0.69999998807907104
guest_cold	guest_cold/fold_1	1		628	0.73404252529144287
guest_cold	guest_cold/fold_1	1		632	0.61250001192092896
guest_cold	guest_cold/fold_1	1		639	0.875
guest_cold	guest_cold/fold_1	1		640	0.80434781312942505
guest_cold	guest_cold/fold_1	1		648	0.75
guest_cold	guest_cold/fold_1	1		652	0.78846156597137451
guest_cold	guest_cold/fold_1	1		653	0.5
guest_cold	guest_cold/fold_1	1		658	0.72500002384185791
guest_cold	guest_cold/fold_1	1		660	0.60000002384185791
guest_cold	guest_cold/fold_1	1		662	0.6555556058883667
guest_cold	guest_cold/fold_1	1		667	1
guest_cold	guest_cold/fold_1	1		673	0.97826087474822998
guest_cold	guest_cold/fold_1	1		674	0.78571426868438721
guest_cold	guest_cold/fold_1	1		676	1
guest_cold	guest_cold/fold_1	1		681	0.73404252529144287
guest_cold	guest_cold/fold_1	1		690	0.57142859697341919
guest_cold	guest_cold/fold_1	1		691	0.6428571343421936
guest_cold	guest_cold/fold_1	1		702	0.87254905700683594
guest_cold	guest_cold/fold_1	1		705	0.63461542129516602
guest_cold	guest_cold/fold_1	1		707	0.60000002384185791
guest_cold	guest_cold/fold_1	1		710	0.90163934230804443
guest_cold	guest_cold/fold_1	1		714	0.54166668653488159
guest_cold	guest_cold/fold_1	1		724	0.72222220897674561
guest_cold	guest_cold/fold_1	1		729	0.79032254219055176
guest_cold	guest_cold/fold_1	1		732	0.68000000715255737
guest_cold	guest_cold/fold_1	1		738	0.76315790414810181
guest_cold	guest_cold/fold_1	1		746	0.70833331346511841
guest_cold	guest_cold/fold_1	1		752	1
guest_cold	guest_cold/fold_1	1		763	0.67703348398208618
guest_cold	guest_cold/fold_1	1		772	0.57692307233810425
guest_cold	guest_cold/fold_1	1		775	0.63636362552642822
guest_cold	guest_cold/fold_1	1		777	0.73076921701431274
guest_cold	guest_cold/fold_1	1		782	0.69117647409439087
guest_cold	guest_cold/fold_1	1		793	0.80769228935241699
guest_cold	guest_cold/fold_1	1		803	0.86842107772827148
guest_cold	guest_cold/fold_1	1		804	0.65999996662139893
guest_cold	guest_cold/fold_1	1		820	0.68196457624435425
guest_cold	guest_cold/fold_1	1		840	1
guest_cold	guest_cold/fold_1	1		849	0.63392853736877441
guest_cold	guest_cold/fold_1	1		853	0.63392853736877441
guest_cold	guest_cold/fold_1	1		855	0.77586209774017334
guest_cold	guest_cold/fold_1	1		858	0.58928573131561279
guest_cold	guest_cold/fold_1	1		871	0.58641976118087769
guest_cold	guest_cold/fold_1	1		872	0.65999996662139893
guest_cold	guest_cold/fold_1	1		882	0.36274275183677673
guest_cold	guest_cold/fold_1	1		884	0.61904764175415039
guest_cold	guest_cold/fold_1	1		885	0.62000000476837158
guest_cold	guest_cold/fold_1	1		896	0.74242424964904785
guest_cold	guest_cold/fold_1	1		899	0.80000001192092896
guest_cold	guest_cold/fold_1	1		903	0.76315790414810181
guest_cold	guest_cold/fold_1	1		915	0.75949370861053467
guest_cold	guest_cold/fold_1	1		923	0.8125
guest_cold	guest_cold/fold_1	1		925	0.73076921701431274
guest_cold	guest_cold/fold_1	1		935	0.65625
guest_cold	guest_cold/fold_1	1		937	0.57692307233810425
guest_cold	guest_cold/fold_1	1		942	0.60000002384185791
guest_cold	guest_cold/fold_1	1		946	0.65714287757873535
guest_cold	guest_cold/fold_1	1		952	0.83333337306976318
guest_cold	guest_cold/fold_1	1		959	0.81999999284744263
guest_cold	guest_cold/fold_1	1		964	0.97826087474822998
guest_cold	guest_cold/fold_1	1		966	0.9038461446762085
guest_cold	guest_cold/fold_1	1		976	0.57142859697341919
guest_cold	guest_cold/fold_1	1		986	0.64814817905426025
guest_cold	guest_cold/fold_1	1		995	0.69117647409439087
guest_cold	guest_cold/fold_1	1		1002	0.80769228935241699
guest_cold	guest_cold/fold_1	1		1009	0.78260868787765503
guest_cold	guest_cold/fold_1	1		1020	0.97826087474822998
guest_cold	guest_cold/fold_1	1		1029	0.5
guest_cold	guest_cold/fold_1	1		1031	1
guest_cold	guest_cold/fold_1	1		1033	0.84000003337860107
guest_cold	guest_cold/fold_1	1		1037	1
guest_cold	guest_cold/fold_1	1		1044	0.76315790414810181
guest_cold	guest_cold/fold_1	1		1050	0.67647057771682739
guest_cold	guest_cold/fold_1	1		1051	0.80645161867141724
guest_cold	guest_cold/fold_1	1		1062	0.77272725105285645
guest_cold	guest_cold/fold_1	1		1074	0.56818181276321411
guest_cold	guest_cold/fold_1	1		1085	0.75862067937850952
guest_cold	guest_cold/fold_1	1		1090	0.82258063554763794
guest_cold	guest_cold/fold_1	1		1093	0.75
guest_cold	guest_cold/fold_1	1		1105	0.79032254219055176
guest_cold	guest_cold/fold_1	1		1108	0.60000002384185791
guest_cold	guest_cold/fold_1	1		1112	0.86538457870483398
guest_cold	guest_cold/fold_1	1		1116	0.68000000715255737
guest_cold	guest_cold/fold_1	1		1121	0.88095235824584961
guest_cold	guest_cold/fold_1	1		1122	0.57222223281860352
guest_cold	guest_cold/fold_1	1		1123	0.6388888955116272
guest_cold	guest_cold/fold_1	1		1124	0.94897961616516113
guest_cold	guest_cold/fold_1	1		1125	0.68333333730697632
guest_cold	guest_cold/fold_1	1		1130	0.71590912342071533
guest_cold	guest_cold/fold_1	1		1134	0.68627452850341797
guest_cold	guest_cold/fold_1	1		1135	0.61206895112991333
guest_cold	guest_cold/fold_1	1		1139	0.75
guest_cold	guest_cold/fold_1	1		1143	0.875
guest_cold	guest_cold/fold_1	1		1146	0.66666668653488159
guest_cold	guest_cold/fold_1	1		1148	0.96153843402862549
guest_cold	guest_cold/fold_1	1		1158	0.76470589637756348
guest_cold	guest_cold/fold_1	1		1159	0.80645161867141724
guest_cold	guest_cold/fold_1	1		1163	0.90163934230804443
guest_cold	guest_cold/fold_1	1		1173	1
guest_cold	guest_cold/fold_1	1		1177	0.8125
guest_cold	guest_cold/fold_1	1		1179	0.6547619104385376
guest_cold	guest_cold/fold_1	1		1190	0.69863015413284302
guest_cold	guest_cold/fold_1	1		1192	0.83333337306976318
guest_cold	guest_cold/fold_1	1		1196	0.72500002384185791
guest_cold	guest_cold/fold_1	1		1198	0.77777779102325439
guest_cold	guest_cold/fold_1	1		1201	0.9523809552192688
guest_cold	guest_cold/fold_1	1		1203	0.73529410362243652
guest_cold	guest_cold/fold_1	1		1206	0.54545456171035767
guest_cold	guest_cold/fold_1	1		1209	1
guest_cold	guest_cold/fold_1	1		1222	0.63636362552642822
guest_cold	guest_cold/fold_1	1		1224	1
guest_cold	guest_cold/fold_1	1		1233	0.78571426868438721
guest_cold	guest_cold/fold_1	1		1234	0.69999998807907104
guest_cold	guest_cold/fold_1	1		1235	0.79032254219055176
guest_cold	guest_cold/fold_1	1		1237	0.61666667461395264
guest_cold	guest_cold/fold_1	1		1245	1
guest_cold	guest_cold/fold_1	1		1246	0.828125
guest_cold	guest_cold/fold_1	1		1249	0.875
guest_cold	guest_cold/fold_1	1		1251	1
guest_cold	guest_cold/fold_1	1		1254	0.59259259700775146
guest_cold	guest_cold/fold_1	1		1260	0.68181818723678589
guest_cold	guest_cold/fold_1	1		1261	0.77419352531433105
guest_cold	guest_cold/fold_1	1		1265	0.75
guest_cold	guest_cold/fold_1	1		1274	0.69999998807907104
guest_cold	guest_cold/fold_1	1		1282	0.81999999284744263
guest_cold	guest_cold/fold_1	1		1286	0.71428573131561279
guest_cold	guest_cold/fold_1	1		1287	0.65217387676239014
guest_cold	guest_cold/fold_1	1		1288	0.6428571343421936
guest_cold	guest_cold/fold_1	1		1296	0.75999999046325684
guest_cold	guest_cold/fold_1	1		1303	0.62000000476837158
guest_cold	guest_cold/fold_1	1		1305	0.69512194395065308
guest_cold	guest_cold/fold_1	1		1312	0.82608699798583984
guest_cold	guest_cold/fold_1	1		1319	0.75
guest_cold	guest_cold/fold_1	1		1321	0.74193549156188965
guest_cold	guest_cold/fold_1	1		1331	0.61764705181121826
guest_cold	guest_cold/fold_1	1		1333	0.84000003337860107
guest_cold	guest_cold/fold_1	1		1335	0.625
guest_cold	guest_cold/fold_1	1		1344	0.5
guest_cold	guest_cold/fold_1	1		1349	0.625
guest_cold	guest_cold/fold_1	1		1354	0.60000002384185791
guest_cold	guest_cold/fold_1	1		1363	0.78260868787765503
guest_cold	guest_cold/fold_1	1		1369	1
guest_cold	guest_cold/fold_1	1		1370	0.75
guest_cold	guest_cold/fold_1	1		1373	0.97058820724487305
guest_cold	guest_cold/fold_1	1		1376	0.67391306161880493
guest_cold	guest_cold/fold_1	1		1386	0.60000002384185791
guest_cold	guest_cold/fold_1	1		1393	0.6428571343421936
guest_cold	guest_cold/fold_1	1		1398	0.63636362552642822
guest_cold	guest_cold/fold_1	1		1399	0.70370370149612427
guest_cold	guest_cold/fold_1	1		1400	0.69117647409439087
guest_cold	guest_cold/fold_1	1		1403	0.90163934230804443
guest_cold	guest_cold/fold_1	1		1405	0.69298243522644043
guest_cold	guest_cold/fold_1	1		1408	0.5
guest_cold	guest_cold/fold_1	1		1409	0.80263161659240723
guest_cold	guest_cold/fold_1	1		1411	0.65151512622833252
guest_cold	guest_cold/fold_1	1		1415	0.78947365283966064
guest_cold	guest_cold/fold_1	1		1429	0.71527779102325439
guest_cold	guest_cold/fold_1	1		1432	0.67708331346511841
guest_cold	guest_cold/fold_1	1		1436	1
guest_cold	guest_cold/fold_1	1		1437	0.60000002384185791
guest_cold	guest_cold/fold_1	1		1438	1
guest_cold	guest_cold/fold_1	1		1441	0.79629629850387573
guest_cold	guest_cold/fold_1	1		1450	0.69999998807907104
guest_cold	guest_cold/fold_1	1		1453	0.93103444576263428
guest_cold	guest_cold/fold_1	1		1454	0.70833331346511841
guest_cold	guest_cold/fold_1	1		1460	1
guest_cold	guest_cold/fold_1	1		1471	0.66666668653488159
guest_cold	guest_cold/fold_1	1		1472	0.66666668653488159
guest_cold	guest_cold/fold_1	1		1487	0.76470589637756348
guest_cold	guest_cold/fold_1	1		1494	0.67391306161880493
guest_cold	guest_cold/fold_1	1		1502	0.78260868787765503
guest_cold	guest_cold/fold_1	1		1508	0.79032254219055176
guest_cold	guest_cold/fold_1	1		1510	0.64705884456634521
guest_cold	guest_cold/fold_1	1		1515	0.57142859697341919
guest_cold	guest_cold/fold_1	1		1520	1
guest_cold	guest_cold/fold_1	1		1525	0.79032254219055176
guest_cold	guest_cold/fold_1	1		1527	1
guest_cold	guest_cold/fold_1	1		1534	0.66666668653488159
guest_cold	guest_cold/fold_1	1		1535	0.94999998807907104
guest_cold	guest_cold/fold_1	1		1546	0.76666665077209473
guest_cold	guest_cold/fold_1	1		1548	0.63461542129516602
guest_cold	guest_cold/fold_1	1		1551	0.84722220897674561
guest_cold	guest_cold/fold_1	1		1563	0.5604395866394043
guest_cold	guest_cold/fold_1	1		1565	0.5
guest_cold	guest_cold/fold_1	1		1575	0.81182795763015747
guest_cold	guest_cold/fold_1	1		1587	0.79032254219055176
guest_cold	guest_cold/fold_1	1		1588	0.6071428656578064
guest_cold	guest_cold/fold_1	1		1589	0.77499997615814209
guest_cold	guest_cold/fold_1	1		1598	0.91025638580322266
guest_cold	guest_cold/fold_1	1		1605	0.83928573131561279
guest_cold	guest_cold/fold_1	1		1612	0.57317072153091431
guest_cold	guest_cold/fold_1	1		1634	0.71698111295700073
guest_cold	guest_cold/fold_1	1		1639	0.78571426868438721
guest_cold	guest_cold/fold_1	1		1640	0.64102566242218018
guest_cold	guest_cold/fold_1	1		1643	0.60000002384185791
guest_cold	guest_cold/fold_1	1		1645	0.73076921701431274
guest_cold	guest_cold/fold_1	1		1651	0.63793104887008667
guest_cold	guest_cold/fold_1	1		1653	0.82051283121109009
guest_cold	guest_cold/fold_1	1		1657	0.67021274566650391
guest_cold	guest_cold/fold_1	1		1659	0.86734694242477417
guest_cold	guest_cold/fold_1	1		1667	0.64102566242218018
guest_cold	guest_cold/fold_1	1		1673	0.72222220897674561
guest_cold	guest_cold/fold_1	1		1674	0.5
guest_cold	guest_cold/fold_1	1		1682	0.94444441795349121
guest_cold	guest_cold/fold_1	1		1685	0.63571429252624512
guest_cold	guest_cold/fold_1	1		1688	0.75
guest_cold	guest_cold/fold_1	1		1692	0.60000002384185791
guest_cold	guest_cold/fold_1	1		1694	0.625
guest_cold	guest_cold/fold_1	1		1696	0.5
guest_cold	guest_cold/fold_1	1		1698	0.66666668653488159
guest_cold	guest_cold/fold_1	1		1701	0.77499997615814209
guest_cold	guest_cold/fold_1	1		1704	0.5
guest_cold	guest_cold/fold_1	1		1715	0.57575756311416626
guest_cold	guest_cold/fold_1	1		1725	0.7288135290145874
guest_cold	guest_cold/fold_1	1		1734	0.63829785585403442
guest_cold	guest_cold/fold_1	1		1735	0.70289856195449829
guest_cold	guest_cold/fold_1	1		1739	0.75862067937850952
guest_cold	guest_cold/fold_1	1		1740	0.83333337306976318
guest_cold	guest_cold/fold_1	1		1742	0.75
guest_cold	guest_cold/fold_1	1		1755	0.5
guest_cold	guest_cold/fold_1	1		1756	0.765625
guest_cold	guest_cold/fold_1	1		1757	0.5
guest_cold	guest_cold/fold_1	1		1758	0.75
guest_cold	guest_cold/fold_1	1		1761	0.60000002384185791
guest_cold	guest_cold/fold_1	1		1763	0.8888888955116272
guest_cold	guest_cold/fold_1	1		1764	0.81999999284744263
guest_cold	guest_cold/fold_1	1		1765	0.71497583389282227
guest_cold	guest_cold/fold_1	1		1768	0.94999998807907104
guest_cold	guest_cold/fold_1	1		1773	0.60655736923217773
guest_cold	guest_cold/fold_1	1		1774	0.74468088150024414
guest_cold	guest_cold/fold_1	1		1779	0.50169491767883301
guest_cold	guest_cold/fold_1	1		1781	0.71052634716033936
guest_cold	guest_cold/fold_1	1		1783	0.8571428656578064
guest_cold	guest_cold/fold_1	1		1784	0.69298243522644043
guest_cold	guest_cold/fold_1	1		1785	0.72500002384185791
guest_cold	guest_cold/fold_1	1		1786	0.67045456171035767
guest_cold	guest_cold/fold_1	1		1797	0.83928573131561279
guest_cold	guest_cold/fold_1	1		1804	0.662162184715271
guest_cold	guest_cold/fold_1	1		1805	0.6111111044883728
guest_cold	guest_cold/fold_1	1		1807	0.75
guest_cold	guest_cold/fold_1	1		1808	0.78571426868438721
guest_cold	guest_cold/fold_1	1		1812	0.59459459781646729
guest_cold	guest_cold/fold_1	1		1815	0.8888888955116272
guest_cold	guest_cold/fold_1	1		1821	0.52272725105285645
guest_cold	guest_cold/fold_1	1		1823	0.75
guest_cold	guest_cold/fold_1	1		1834	0.875
guest_cold	guest_cold/fold_1	1		1835	0.55263155698776245
guest_cold	guest_cold/fold_1	1		1837	1
guest_cold	guest_cold/fold_1	1		1838	0.75
guest_cold	guest_cold/fold_1	1		1840	0.30750000476837158
guest_cold	guest_cold/fold_1	1		1843	0.90163934230804443
guest_cold	guest_cold/fold_1	1		1855	0.68333333730697632
guest_cold	guest_cold/fold_1	1		1857	0.89583337306976318
guest_cold	guest_cold/fold_1	1		1865	0.63571429252624512
guest_cold	guest_cold/fold_1	1		1873	1
guest_cold	guest_cold/fold_1	1		1875	0.60000002384185791
guest_cold	guest_cold/fold_1	1		1882	0.5810810923576355
guest_cold	guest_cold/fold_1	1		1886	0.796875
guest_cold	guest_cold/fold_1	1		1891	0.66666668653488159
guest_cold	guest_cold/fold_1	1		1893	0.75
guest_cold	guest_cold/fold_1	1		1898	0.71698111295700073
guest_cold	guest_cold/fold_1	1		1905	0.59302324056625366
guest_cold	guest_cold/fold_1	1		1923	0.79166662693023682
guest_cold	guest_cold/fold_1	1		1928	0.49546486139297485
guest_cold	guest_cold/fold_1	1		1930	0.59726446866989136
guest_cold	guest_cold/fold_1	1		1939	0.82352942228317261
guest_cold	guest_cold/fold_1	1		1940	0.65277779102325439
guest_cold	guest_cold/fold_1	1		1941	0.79166662693023682
guest_cold	guest_cold/fold_1	1		1945	0.8888888955116272
guest_cold	guest_cold/fold_1	1		1956	0.66666668653488159
guest_cold	guest_cold/fold_1	1		1959	0.75
guest_cold	guest_cold/fold_1	1		1960	0.875
guest_cold	guest_cold/fold_1	1		1961	1
guest_cold	guest_cold/fold_1	1		1963	0.73913043737411499
guest_cold	guest_cold/fold_1	1		1966	0.84375
guest_cold	guest_cold/fold_1	1		1970	0.60000002384185791
guest_cold	guest_cold/fold_1	1		1974	1
guest_cold	guest_cold/fold_1	1		1983	0.59970235824584961
guest_cold	guest_cold/fold_1	1		1985	0.49375000596046448
guest_cold	guest_cold/fold_1	1		1990	0.66176474094390869
guest_cold	guest_cold/fold_1	1		1994	0.75949370861053467
guest_cold	guest_cold/fold_1	1		1995	0.96153843402862549
guest_cold	guest_cold/fold_1	1		1998	0.79545450210571289
guest_cold	guest_cold/fold_1	1		2000	0.5
guest_cold	guest_cold/fold_1	1		2002	0.74468088150024414
guest_cold	guest_cold/fold_1	1		2004	0.69642853736877441
guest_cold	guest_cold/fold_1	1		2007	0.68181818723678589
guest_cold	guest_cold/fold_1	1		2015	0.69512194395065308
guest_cold	guest_cold/fold_1	1		2018	0.66666668653488159
guest_cold	guest_cold/fold_1	1		2020	0.5
guest_cold	guest_cold/fold_1	1		2021	0.60000002384185791
guest_cold	guest_cold/fold_1	1		2027	0.65789473056793213
guest_cold	guest_cold/fold_1	1		2028	0.75862067937850952
guest_cold	guest_cold/fold_1	1		2035	0.76470589637756348
guest_cold	guest_cold/fold_1	1		2036	0.69999998807907104
guest_cold	guest_cold/fold_1	1		2044	0.57894736528396606
guest_cold	guest_cold/fold_1	1		2045	0.75
guest_cold	guest_cold/fold_1	1		2048	0.69642853736877441
guest_cold	guest_cold/fold_1	1		2050	0.77419352531433105
guest_cold	guest_cold/fold_1	1		2052	0.58571428060531616
guest_cold	guest_cold/fold_1	1		2054	0.75
guest_cold	guest_cold/fold_1	1		2061	0.6111111044883728
guest_cold	guest_cold/fold_1	1		2062	0.69565218687057495
guest_cold	guest_cold/fold_1	1		2069	0.93243241310119629
guest_cold	guest_cold/fold_1	1		2072	0.67391306161880493
guest_cold	guest_cold/fold_1	1		2076	0.875
guest_cold	guest_cold/fold_1	1		2078	0.75
guest_cold	guest_cold/fold_1	1		2082	0.875
guest_cold	guest_cold/fold_1	1		2102	0.5
guest_cold	guest_cold/fold_1	1		2105	0.58064514398574829
guest_cold	guest_cold/fold_1	1		2109	0.96153843402862549
guest_cold	guest_cold/fold_1	1		2116	0.80000001192092896
guest_cold	guest_cold/fold_1	1		2118	0.59302324056625366
guest_cold	guest_cold/fold_1	1		2121	0.67391306161880493
guest_cold	guest_cold/fold_1	1		2131	0.79120880365371704
guest_cold	guest_cold/fold_1	1		2132	0.60416668653488159
guest_cold	guest_cold/fold_1	1		2140	0.75
guest_cold	guest_cold/fold_1	1		2144	0.35602280497550964
guest_cold	guest_cold/fold_1	1		2152	0.56060606241226196
guest_cold	guest_cold/fold_1	1		2153	0.66666668653488159
guest_cold	guest_cold/fold_1	1		2156	0.75
guest_cold	guest_cold/fold_1	1		2161	0.73076921701431274
guest_cold	guest_cold/fold_1	1		2165	0.76666665077209473
guest_cold	guest_cold/fold_1	1		2173	0.64516127109527588
guest_cold	guest_cold/fold_1	1		2174	0.8125
guest_cold	guest_cold/fold_1	1		2175	0.67741936445236206
guest_cold	guest_cold/fold_1	1		2179	0.57142859697341919
guest_cold	guest_cold/fold_1	1		2180	0.94444441795349121
guest_cold	guest_cold/fold_1	1		2188	0.90163934230804443
guest_cold	guest_cold/fold_1	1		2194	0.69565218687057495
guest_cold	guest_cold/fold_1	1		2195	0.79411768913269043
guest_cold	guest_cold/fold_1	1		2199	1
guest_cold	guest_cold/fold_1	1		2201	0.7288135290145874
guest_cold	guest_cold/fold_1	1		2214	0.58333331346511841
guest_cold	guest_cold/fold_1	1		2219	0.72727274894714355
guest_cold	guest_cold/fold_1	1		2229	0.76923078298568726
guest_cold	guest_cold/fold_1	1		2231	1
guest_cold	guest_cold/fold_1	1		2238	0.73076921701431274
guest_cold	guest_cold/fold_1	1		2244	0.91666662693023682
guest_cold	guest_cold/fold_1	1		2245	0.69999998807907104
guest_cold	guest_cold/fold_1	1		2260	0.625
guest_cold	guest_cold/fold_1	1		2271	0.77777779102325439
guest_cold	guest_cold/fold_1	1		2276	0.6875
guest_cold	guest_cold/fold_1	1		2278	0.8928571343421936
guest_cold	guest_cold/fold_1	1		2281	0.62857145071029663
guest_cold	guest_cold/fold_1	1		2283	0.796875
guest_cold	guest_cold/fold_1	1		2287	0.66666668653488159
guest_cold	guest_cold/fold_1	1		2295	0.8571428656578064
guest_cold	guest_cold/fold_1	1		2299	0.77586209774017334
guest_cold	guest_cold/fold_1	1		2302	0.72222220897674561
guest_cold	guest_cold/fold_1	1		2312	0.875
guest_cold	guest_cold/fold_1	1		2313	0.63414633274078369
guest_cold	guest_cold/fold_1	1		2317	0.85185182094573975
guest_cold	guest_cold/fold_1	1		2327	0.60000002384185791
guest_cold	guest_cold/fold_1	1		2332	0.66666668653488159
guest_cold	guest_cold/fold_1	1		2334	1
guest_cold	guest_cold/fold_1	1		2336	0.94736838340759277
guest_cold	guest_cold/fold_1	1		2340	0.65714287757873535
guest_cold	guest_cold/fold_1	1		2357	0.71590912342071533
guest_cold	guest_cold/fold_1	1		2358	0.94444441795349121
guest_cold	guest_cold/fold_1	1		2365	0.90909087657928467
guest_cold	guest_cold/fold_1	1		2368	0.84375
guest_cold	guest_cold/fold_1	1		2382	0.86842107772827148
guest_cold	guest_cold/fold_2	2		4	0.65714287757873535
guest_cold	guest_cold/fold_2	2		7	0.60500001907348633
guest_cold	guest_cold/fold_2	2		8	0.74000000953674316
guest_cold	guest_cold/fold_2	2		14	0.72916668653488159
guest_cold	guest_cold/fold_2	2		19	0.75862067937850952
guest_cold	guest_cold/fold_2	2		20	0.73913043737411499
guest_cold	guest_cold/fold_2	2		21	0.5
guest_cold	guest_cold/fold_2	2		30	0.64516127109527588
guest_cold	guest_cold/fold_2	2		34	0.84375
guest_cold	guest_cold/fold_2	2		51	0.65217387676239014
guest_cold	guest_cold/fold_2	2		52	0.79166662693023682
guest_cold	guest_cold/fold_2	2		61	0.5
guest_cold	guest_cold/fold_2	2		67	0.8888888955116272
guest_cold	guest_cold/fold_2	2		71	0.60638296604156494
guest_cold	guest_cold/fold_2	2		75	0.68253970146179199
guest_cold	guest_cold/fold_2	2		79	0.5
guest_cold	guest_cold/fold_2	2		82	0.75
guest_cold	guest_cold/fold_2	2		93	0.68333333730697632
guest_cold	guest_cold/fold_2	2		104	0.95348834991455078
guest_cold	guest_cold/fold_2	2		106	0.60000002384185791
guest_cold	guest_cold/fold_2	2		108	0.796875
guest_cold	guest_cold/fold_2	2		109	0.81944441795349121
guest_cold	guest_cold/fold_2	2		123	0.81944441795349121
guest_cold	guest_cold/fold_2	2		127	0.66666668653488159
guest_cold	guest_cold/fold_2	2		128	0.78846156597137451
guest_cold	guest_cold/fold_2	2		129	0.75
guest_cold	guest_cold/fold_2	2		130	0.5
guest_cold	guest_cold/fold_2	2		134	0.75
guest_cold	guest_cold/fold_2	2		136	0.65686273574829102
guest_cold	guest_cold/fold_2	2		142	0.78846156597137451
guest_cold	guest_cold/fold_2	2		149	0.5
guest_cold	guest_cold/fold_2	2		151	0.94444441795349121
guest_cold	guest_cold/fold_2	2		152	0.5178571343421936
guest_cold	guest_cold/fold_2	2		161	0.5625
guest_cold	guest_cold/fold_2	2		165	0.75
guest_cold	guest_cold/fold_2	2		166	1
guest_cold	guest_cold/fold_2	2		169	0.75
guest_cold	guest_cold/fold_2	2		172	0.8888888955116272
guest_cold	guest_cold/fold_2	2		180	0.60000002384185791
guest_cold	guest_cold/fold_2	2		184	1
guest_cold	guest_cold/fold_2	2		187	0.66666668653488159
guest_cold	guest_cold/fold_2	2		188	0.76923078298568726
guest_cold	guest_cold/fold_2	2		196	0.79166662693023682
guest_cold	guest_cold/fold_2	2		201	0.75
guest_cold	guest_cold/fold_2	2		205	0.65217387676239014
guest_cold	guest_cold/fold_2	2		215	0.68604648113250732
guest_cold	guest_cold/fold_2	2		222	0.71418130397796631
guest_cold	guest_cold/fold_2	2		224	0.57142859697341919
guest_cold	guest_cold/fold_2	2		236	0.94444441795349121
guest_cold	guest_cold/fold_2	2		247	0.93103444576263428
guest_cold	guest_cold/fold_2	2		248	0.75
guest_cold	guest_cold/fold_2	2		251	0.62179487943649292
guest_cold	guest_cold/fold_2	2		252	0.83333337306976318
guest_cold	guest_cold/fold_2	2		254	0.71428573131561279
guest_cold	guest_cold/fold_2	2		256	0.75925922393798828
guest_cold	guest_cold/fold_2	2		258	0.57692307233810425
guest_cold	guest_cold/fold_2	2		263	0.64102566242218018
guest_cold	guest_cold/fold_2	2		266	0.8571428656578064
guest_cold	guest_cold/fold_2	2		272	0.625
guest_cold	guest_cold/fold_2	2		277	0.78846156597137451
guest_cold	guest_cold/fold_2	2		285	0.79411768913269043
guest_cold	guest_cold/fold_2	2		289	0.5
guest_cold	guest_cold/fold_2	2		291	0.5
guest_cold	guest_cold/fold_2	2		299	0.79629629850387573
guest_cold	guest_cold/fold_2	2		306	0.60416668653488159
guest_cold	guest_cold/fold_2	2		308	0.71428573131561279
guest_cold	guest_cold/fold_2	2		322	0.66129028797149658
guest_cold	guest_cold/fold_2	2		325	0.81818181276321411
guest_cold	guest_cold/fold_2	2		328	0.66666668653488159
guest_cold	guest_cold/fold_2	2		330	0.77027022838592529
guest_cold	guest_cold/fold_2	2		332	0.78260868787765503
guest_cold	guest_cold/fold_2	2		336	0.75
guest_cold	guest_cold/fold_2	2		341	0.79032254219055176
guest_cold	guest_cold/fold_2	2		360	0.68518519401550293
guest_cold	guest_cold/fold_2	2		364	0.81481480598449707
guest_cold	guest_cold/fold_2	2		367	0.71428573131561279
guest_cold	guest_cold/fold_2	2		371	0.65999996662139893
guest_cold	guest_cold/fold_2	2		373	0.74137932062149048
guest_cold	guest_cold/fold_2	2		376	0.60000002384185791
guest_cold	guest_cold/fold_2	2		384	0.78750002384185791
guest_cold	guest_cold/fold_2	2		387	0.7014925479888916
guest_cold	guest_cold/fold_2	2		400	0.73684209585189819
guest_cold	guest_cold/fold_2	2		401	0.71428573131561279
guest_cold	guest_cold/fold_2	2		402	0.65555554628372192
guest_cold	guest_cold/fold_2	2		408	0.71428573131561279
guest_cold	guest_cold/fold_2	2		415	0.81944441795349121
guest_cold	guest_cold/fold_2	2		427	0.57051283121109009
guest_cold	guest_cold/fold_2	2		428	0.75
guest_cold	guest_cold/fold_2	2		433	0.91666662693023682
guest_cold	guest_cold/fold_2	2		438	0.68604648113250732
guest_cold	guest_cold/fold_2	2		445	0.64814817905426025
guest_cold	guest_cold/fold_2	2		450	0.55319148302078247
guest_cold	guest_cold/fold_2	2		472	0.6538461446762085
guest_cold	guest_cold/fold_2	2		474	0.60000002384185791
guest_cold	guest_cold/fold_2	2		475	0.65517240762710571
guest_cold	guest_cold/fold_2	2		477	0.98076921701431274
guest_cold	guest_cold/fold_2	2		478	0.65555554628372192
guest_cold	guest_cold/fold_2	2		493	0.98571431636810303
guest_cold	guest_cold/fold_2	2		494	0.60000002384185791
guest_cold	guest_cold/fold_2	2		499	0.57843136787414551
guest_cold	guest_cold/fold_2	2		501	0.72666668891906738
guest_cold	guest_cold/fold_2	2		504	0.70454543828964233
guest_cold	guest_cold/fold_2	2		517	0.71428573131561279
guest_cold	guest_cold/fold_2	2		534	0.96153843402862549
guest_cold	guest_cold/fold_2	2		535	0.79411768913269043
guest_cold	guest_cold/fold_2	2		544	0.63461542129516602
guest_cold	guest_cold/fold_2	2		547	0.33906251192092896
guest_cold	guest_cold/fold_2	2		548	0.33906251192092896
guest_cold	guest_cold/fold_2	2		550	0.77083337306976318
guest_cold	guest_cold/fold_2	2		553	0.6428571343421936
guest_cold	guest_cold/fold_2	2		559	0.75757575035095215
guest_cold	guest_cold/fold_2	2		562	0.75
guest_cold	guest_cold/fold_2	2		567	0.71052634716033936
guest_cold	guest_cold/fold_2	2		569	0.87254905700683594
guest_cold	guest_cold/fold_2	2		571	0.28787878155708313
guest_cold	guest_cold/fold_2	2		572	0.82352942228317261
guest_cold	guest_cold/fold_2	2		574	0.75
guest_cold	guest_cold/fold_2	2		576	0.29032257199287415
guest_cold	guest_cold/fold_2	2		577	1
guest_cold	guest_cold/fold_2	2		585	0.63157892227172852
guest_cold	guest_cold/fold_2	2		593	1
guest_cold	guest_cold/fold_2	2		595	0.79629629850387573
guest_cold	guest_cold/fold_2	2		599	0.57377052307128906
guest_cold	guest_cold/fold_2	2		615	0.76190477609634399
guest_cold	guest_cold/fold_2	2		626	0.71428573131561279
guest_cold	guest_cold/fold_2	2		627	0.60000002384185791
guest_cold	guest_cold/fold_2	2		631	0.23145979642868042
guest_cold	guest_cold/fold_2	2		633	0.94444441795349121
guest_cold	guest_cold/fold_2	2		641	0.56666666269302368
guest_cold	guest_cold/fold_2	2		642	0.52941179275512695
guest_cold	guest_cold/fold_2	2		645	0.55392158031463623
guest_cold	guest_cold/fold_2	2		649	0.6538461446762085
guest_cold	guest_cold/fold_2	2		651	0.65999996662139893
guest_cold	guest_cold/fold_2	2		661	0.60000002384185791
guest_cold	guest_cold/fold_2	2		664	0.29477611184120178
guest_cold	guest_cold/fold_2	2		680	0.60000002384185791
guest_cold	guest_cold/fold_2	2		683	0.33787879347801208
guest_cold	guest_cold/fold_2	2		684	0.51020407676696777
guest_cold	guest_cold/fold_2	2		689	0.55036628246307373
guest_cold	guest_cold/fold_2	2		694	0.58333331346511841
guest_cold	guest_cold/fold_2	2		699	0.71428573131561279
guest_cold	guest_cold/fold_2	2		711	0.65217387676239014
guest_cold	guest_cold/fold_2	2		712	0.63461542129516602
guest_cold	guest_cold/fold_2	2		718	0.57142859697341919
guest_cold	guest_cold/fold_2	2		720	0.875
guest_cold	guest_cold/fold_2	2		723	1
guest_cold	guest_cold/fold_2	2		725	0.66666668653488159
guest_cold	guest_cold/fold_2	2		726	0.5
guest_cold	guest_cold/fold_2	2		731	0.75
guest_cold	guest_cold/fold_2	2		735	0.55028736591339111
guest_cold	guest_cold/fold_2	2		740	0.94444441795349121
guest_cold	guest_cold/fold_2	2		753	0.63041555881500244
guest_cold	guest_cold/fold_2	2		758	0.75
guest_cold	guest_cold/fold_2	2		759	0.29032257199287415
guest_cold	guest_cold/fold_2	2		771	0.6428571343421936
guest_cold	guest_cold/fold_2	2		778	0.62179487943649292
guest_cold	guest_cold/fold_2	2		785	0.62903225421905518
guest_cold	guest_cold/fold_2	2		787	0.69767439365386963
guest_cold	guest_cold/fold_2	2		788	0.28787878155708313
guest_cold	guest_cold/fold_2	2		790	0.60344827175140381
guest_cold	guest_cold/fold_2	2		792	0.70270270109176636
guest_cold	guest_cold/fold_2	2		794	0.77999997138977051
guest_cold	guest_cold/fold_2	2		814	0.58918619155883789
guest_cold	guest_cold/fold_2	2		818	0.828125
guest_cold	guest_cold/fold_2	2		822	0.23525232076644897
guest_cold	guest_cold/fold_2	2		832	1
guest_cold	guest_cold/fold_2	2		834	0.8947368860244751
guest_cold	guest_cold/fold_2	2		837	0.81666666269302368
guest_cold	guest_cold/fold_2	2		846	0.63157892227172852
guest_cold	guest_cold/fold_2	2		850	0.57142859697341919
guest_cold	guest_cold/fold_2	2		861	0.83333337306976318
guest_cold	guest_cold/fold_2	2		862	0.94999998807907104
guest_cold	guest_cold/fold_2	2		863	0.74909424781799316
guest_cold	guest_cold/fold_2	2		887	0.77499997615814209
guest_cold	guest_cold/fold_2	2		888	0.34098362922668457
guest_cold	guest_cold/fold_2	2		892	0.88461542129516602
guest_cold	guest_cold/fold_2	2		894	0.65555554628372192
guest_cold	guest_cold/fold_2	2		902	0.90740740299224854
guest_cold	guest_cold/fold_2	2		907	0.91666662693023682
guest_cold	guest_cold/fold_2	2		912	0.92241382598876953
guest_cold	guest_cold/fold_2	2		916	0.875
guest_cold	guest_cold/fold_2	2		919	1
guest_cold	guest_cold/fold_2	2		926	0.71153843402862549
guest_cold	guest_cold/fold_2	2		929	0.68181818723678589
guest_cold	guest_cold/fold_2	2		930	0.59375
guest_cold	guest_cold/fold_2	2		933	0.5
guest_cold	guest_cold/fold_2	2		944	0.60000002384185791
guest_cold	guest_cold/fold_2	2		945	0.80769228935241699
guest_cold	guest_cold/fold_2	2		947	0.82352942228317261
guest_cold	guest_cold/fold_2	2		949	0.83928573131561279
guest_cold	guest_cold/fold_2	2		955	0.65999996662139893
guest_cold	guest_cold/fold_2	2		960	0.5
guest_cold	guest_cold/fold_2	2		965	0.78260868787765503
guest_cold	guest_cold/fold_2	2		972	0.75925922393798828
guest_cold	guest_cold/fold_2	2		981	0.71428573131561279
guest_cold	guest_cold/fold_2	2		984	0.78333330154418945
guest_cold	guest_cold/fold_2	2		988	0.60204082727432251
guest_cold	guest_cold/fold_2	2		989	0.60204082727432251
guest_cold	guest_cold/fold_2	2		990	0.61874997615814209
guest_cold	guest_cold/fold_2	2		991	0.71111112833023071
guest_cold	guest_cold/fold_2	2		1019	0.78688526153564453
guest_cold	guest_cold/fold_2	2		1032	0.59459459781646729
guest_cold	guest_cold/fold_2	2		1036	0.875
guest_cold	guest_cold/fold_2	2		1041	1
guest_cold	guest_cold/fold_2	2		1042	0.81481480598449707
guest_cold	guest_cold/fold_2	2		1043	0.79310345649719238
guest_cold	guest_cold/fold_2	2		1046	0.71875
guest_cold	guest_cold/fold_2	2		1047	0.77777779102325439
guest_cold	guest_cold/fold_2	2		1058	0.60000002384185791
guest_cold	guest_cold/fold_2	2		1059	0.29098361730575562
guest_cold	guest_cold/fold_2	2		1063	0.33968254923820496
guest_cold	guest_cold/fold_2	2		1065	0.2890625
guest_cold	guest_cold/fold_2	2		1066	0.62903225421905518
guest_cold	guest_cold/fold_2	2		1070	0.63636362552642822
guest_cold	guest_cold/fold_2	2		1072	0.79629629850387573
guest_cold	guest_cold/fold_2	2		1077	0.76666665077209473
guest_cold	guest_cold/fold_2	2		1079	0.23145979642868042
guest_cold	guest_cold/fold_2	2		1091	0.79411768913269043
guest_cold	guest_cold/fold_2	2		1092	0.66666668653488159
guest_cold	guest_cold/fold_2	2		1099	0.8571428656578064
guest_cold	guest_cold/fold_2	2		1102	0.66666668653488159
guest_cold	guest_cold/fold_2	2		1120	0.67647057771682739
guest_cold	guest_cold/fold_2	2		1136	0.79545450210571289
guest_cold	guest_cold/fold_2	2		1137	0.60000002384185791
guest_cold	guest_cold/fold_2	2		1144	0.23004695773124695
guest_cold	guest_cold/fold_2	2		1147	0.3055555522441864
guest_cold	guest_cold/fold_2	2		1149	0.74193549156188965
guest_cold	guest_cold/fold_2	2		1152	0.77777779102325439
guest_cold	guest_cold/fold_2	2		1156	0.65999996662139893
guest_cold	guest_cold/fold_2	2		1168	0.65217387676239014
guest_cold	guest_cold/fold_2	2		1178	0.71212124824523926
guest_cold	guest_cold/fold_2	2		1188	0.82352942228317261
guest_cold	guest_cold/fold_2	2		1189	0.82352942228317261
guest_cold	guest_cold/fold_2	2		1193	0.63157892227172852
guest_cold	guest_cold/fold_2	2		1194	1
guest_cold	guest_cold/fold_2	2		1197	0.63636362552642822
guest_cold	guest_cold/fold_2	2		1200	0.662162184715271
guest_cold	guest_cold/fold_2	2		1202	0.75862067937850952
guest_cold	guest_cold/fold_2	2		1204	0.65217387676239014
guest_cold	guest_cold/fold_2	2		1207	0.66666668653488159
guest_cold	guest_cold/fold_2	2		1210	0.625
guest_cold	guest_cold/fold_2	2		1213	0.84000003337860107
guest_cold	guest_cold/fold_2	2		1216	0.5
guest_cold	guest_cold/fold_2	2		1223	0.58928573131561279
guest_cold	guest_cold/fold_2	2		1225	0.828125
guest_cold	guest_cold/fold_2	2		1226	0.6428571343421936
guest_cold	guest_cold/fold_2	2		1228	0.81999999284744263
guest_cold	guest_cold/fold_2	2		1244	0.29098361730575562
guest_cold	guest_cold/fold_2	2		1247	0.83928573131561279
guest_cold	guest_cold/fold_2	2		1257	0.75
guest_cold	guest_cold/fold_2	2		1258	0.80188679695129395
guest_cold	guest_cold/fold_2	2		1259	0.71428573131561279
guest_cold	guest_cold/fold_2	2		1262	0.2890625
guest_cold	guest_cold/fold_2	2		1266	0.5
guest_cold	guest_cold/fold_2	2		1269	0.77499997615814209
guest_cold	guest_cold/fold_2	2		1270	0.86666667461395264
guest_cold	guest_cold/fold_2	2		1273	0.69999998807907104
guest_cold	guest_cold/fold_2	2		1276	0.56666666269302368
guest_cold	guest_cold/fold_2	2		1292	0.79629629850387573
guest_cold	guest_cold/fold_2	2		1297	0.35555556416511536
guest_cold	guest_cold/fold_2	2		1298	1
guest_cold	guest_cold/fold_2	2		1301	0.62179487943649292
guest_cold	guest_cold/fold_2	2		1306	0.59375
guest_cold	guest_cold/fold_2	2		1308	0.77777779102325439
guest_cold	guest_cold/fold_2	2		1311	0.64999997615814209
guest_cold	guest_cold/fold_2	2		1313	0.29098361730575562
guest_cold	guest_cold/fold_2	2		1324	0.96341466903686523
guest_cold	guest_cold/fold_2	2		1329	0.5
guest_cold	guest_cold/fold_2	2		1330	0.57142859697341919
guest_cold	guest_cold/fold_2	2		1334	0.63416147232055664
guest_cold	guest_cold/fold_2	2		1337	0.76666665077209473
guest_cold	guest_cold/fold_2	2		1340	0.57142859697341919
guest_cold	guest_cold/fold_2	2		1343	0.71428573131561279
guest_cold	guest_cold/fold_2	2		1346	0.6428571343421936
guest_cold	guest_cold/fold_2	2		1348	0.5
guest_cold	guest_cold/fold_2	2		1357	0.68604648113250732
guest_cold	guest_cold/fold_2	2		1360	0.70833331346511841
guest_cold	guest_cold/fold_2	2		1380	0.57142859697341919
guest_cold	guest_cold/fold_2	2		1381	0.47999316453933716
guest_cold	guest_cold/fold_2	2		1383	0.90740740299224854
guest_cold	guest_cold/fold_2	2		1387	0.67441856861114502
guest_cold	guest_cold/fold_2	2		1388	0.80263161659240723
guest_cold	guest_cold/fold_2	2		1394	0.61764705181121826
guest_cold	guest_cold/fold_2	2		1395	0.82352942228317261
guest_cold	guest_cold/fold_2	2		1397	0.78260868787765503
guest_cold	guest_cold/fold_2	2		1401	0.9375
guest_cold	guest_cold/fold_2	2		1404	0.79545450210571289
guest_cold	guest_cold/fold_2	2		1412	1
guest_cold	guest_cold/fold_2	2		1418	0.78571426868438721
guest_cold	guest_cold/fold_2	2		1422	1
guest_cold	guest_cold/fold_2	2		1430	0.72727274894714355
guest_cold	guest_cold/fold_2	2		1435	0.80357146263122559
guest_cold	guest_cold/fold_2	2		1445	0.625
guest_cold	guest_cold/fold_2	2		1446	0.58333331346511841
guest_cold	guest_cold/fold_2	2		1459	0.9375
guest_cold	guest_cold/fold_2	2		1461	0.64516127109527588
guest_cold	guest_cold/fold_2	2		1467	0.29098361730575562
guest_cold	guest_cold/fold_2	2		1469	0.2890625
guest_cold	guest_cold/fold_2	2		1480	0.91666662693023682
guest_cold	guest_cold/fold_2	2		1483	0.60000002384185791
guest_cold	guest_cold/fold_2	2		1484	0.35072463750839233
guest_cold	guest_cold/fold_2	2		1495	0.88461542129516602
guest_cold	guest_cold/fold_2	2		1497	0.22835499048233032
guest_cold	guest_cold/fold_2	2		1503	0.79166662693023682
guest_cold	guest_cold/fold_2	2		1504	0.93103444576263428
guest_cold	guest_cold/fold_2	2		1506	0.70833331346511841
guest_cold	guest_cold/fold_2	2		1511	0.5604395866394043
guest_cold	guest_cold/fold_2	2		1522	0.71428573131561279
guest_cold	guest_cold/fold_2	2		1523	0.64516127109527588
guest_cold	guest_cold/fold_2	2		1536	0.64814817905426025
guest_cold	guest_cold/fold_2	2		1542	0.93965518474578857
guest_cold	guest_cold/fold_2	2		1545	0.77499997615814209
guest_cold	guest_cold/fold_2	2		1549	0.71212124824523926
guest_cold	guest_cold/fold_2	2		1555	0.23079878091812134
guest_cold	guest_cold/fold_2	2		1556	0.86734694242477417
guest_cold	guest_cold/fold_2	2		1562	0.57142859697341919
guest_cold	guest_cold/fold_2	2		1571	0.57843136787414551
guest_cold	guest_cold/fold_2	2		1573	0.34477612376213074
guest_cold	guest_cold/fold_2	2		1581	0.60000002384185791
guest_cold	guest_cold/fold_2	2		1592	0.67647057771682739
guest_cold	guest_cold/fold_2	2		1596	0.72222220897674561
guest_cold	guest_cold/fold_2	2		1607	0.60000002384185791
guest_cold	guest_cold/fold_2	2		1609	0.65217387676239014
guest_cold	guest_cold/fold_2	2		1613	0.81818181276321411
guest_cold	guest_cold/fold_2	2		1615	0.229538694024086
guest_cold	guest_cold/fold_2	2		1616	0.5
guest_cold	guest_cold/fold_2	2		1618	0.84375
guest_cold	guest_cold/fold_2	2		1620	0.75
guest_cold	guest_cold/fold_2	2		1622	0.5
guest_cold	guest_cold/fold_2	2		1627	0.2890625
guest_cold	guest_cold/fold_2	2		1629	0.87142860889434814
guest_cold	guest_cold/fold_2	2		1630	0.80000001192092896
guest_cold	guest_cold/fold_2	2		1636	1
guest_cold	guest_cold/fold_2	2		1638	0.67307692766189575
guest_cold	guest_cold/fold_2	2		1641	0.79166662693023682
guest_cold	guest_cold/fold_2	2		1646	0.83333337306976318
guest_cold	guest_cold/fold_2	2		1649	0.65217387676239014
guest_cold	guest_cold/fold_2	2		1656	0.6875
guest_cold	guest_cold/fold_2	2		1658	0.62195122241973877
guest_cold	guest_cold/fold_2	2		1663	0.65217387676239014
guest_cold	guest_cold/fold_2	2		1664	0.81999999284744263
guest_cold	guest_cold/fold_2	2		1671	0.57142859697341919
guest_cold	guest_cold/fold_2	2		1672	0.91666662693023682
guest_cold	guest_cold/fold_2	2		1675	0.5
guest_cold	guest_cold/fold_2	2		1676	0.81578946113586426
guest_cold	guest_cold/fold_2	2		1678	0.63571429252624512
guest_cold	guest_cold/fold_2	2		1680	0.80000001192092896
guest_cold	guest_cold/fold_2	2		1684	0.63157892227172852
guest_cold	guest_cold/fold_2	2		1686	0.63157892227172852
guest_cold	guest_cold/fold_2	2		1693	0.6185566782951355
guest_cold	guest_cold/fold_2	2		1695	0.92500001192092896
guest_cold	guest_cold/fold_2	2		1703	0.80833333730697632
guest_cold	guest_cold/fold_2	2		1708	1
guest_cold	guest_cold/fold_2	2		1709	0.5
guest_cold	guest_cold/fold_2	2		1711	0.84375
guest_cold	guest_cold/fold_2	2		1719	0.94444441795349121
guest_cold	guest_cold/fold_2	2		1724	0.5
guest_cold	guest_cold/fold_2	2		1728	0.62962961196899414
guest_cold	guest_cold/fold_2	2		1732	0.93835616111755371
guest_cold	guest_cold/fold_2	2		1736	0.80303031206130981
guest_cold	guest_cold/fold_2	2		1743	0.5625
guest_cold	guest_cold/fold_2	2		1744	0.79629629850387573
guest_cold	guest_cold/fold_2	2		1746	0.71428573131561279
guest_cold	guest_cold/fold_2	2		1749	0.65909087657928467
guest_cold	guest_cold/fold_2	2		1750	0.67647057771682739
guest_cold	guest_cold/fold_2	2		1751	0.29477611184120178
guest_cold	guest_cold/fold_2	2		1754	0.64999997615814209
guest_cold	guest_cold/fold_2	2		1760	0.84000003337860107
guest_cold	guest_cold/fold_2	2		1762	0.8888888955116272
guest_cold	guest_cold/fold_2	2		1766	0.84090912342071533
guest_cold	guest_cold/fold_2	2		1788	0.60416668653488159
guest_cold	guest_cold/fold_2	2		1790	0.63157892227172852
guest_cold	guest_cold/fold_2	2		1794	0.91836738586425781
guest_cold	guest_cold/fold_2	2		1803	0.62179487943649292
guest_cold	guest_cold/fold_2	2		1806	0.5
guest_cold	guest_cold/fold_2	2		1811	0.57142859697341919
guest_cold	guest_cold/fold_2	2		1818	0.66666668653488159
guest_cold	guest_cold/fold_2	2		1828	0.58333331346511841
guest_cold	guest_cold/fold_2	2		1846	0.5
guest_cold	guest_cold/fold_2	2		1852	0.67307692766189575
guest_cold	guest_cold/fold_2	2		1854	0.57894736528396606
guest_cold	guest_cold/fold_2	2		1860	0.79545450210571289
guest_cold	guest_cold/fold_2	2		1863	0.79310345649719238
guest_cold	guest_cold/fold_2	2		1864	0.71428573131561279
guest_cold	guest_cold/fold_2	2		1868	0.61764705181121826
guest_cold	guest_cold/fold_2	2		1877	0.66666668653488159
guest_cold	guest_cold/fold_2	2		1890	0.57843136787414551
guest_cold	guest_cold/fold_2	2		1892	0.97222220897674561
guest_cold	guest_cold/fold_2	2		1902	0.64516127109527588
guest_cold	guest_cold/fold_2	2		1903	0.5
guest_cold	guest_cold/fold_2	2		1904	0.79411768913269043
guest_cold	guest_cold/fold_2	2		1914	0.32571429014205933
guest_cold	guest_cold/fold_2	2		1933	0.93670886754989624
guest_cold	guest_cold/fold_2	2		1934	0.81481480598449707
guest_cold	guest_cold/fold_2	2		1935	0.5
guest_cold	guest_cold/fold_2	2		1937	1
guest_cold	guest_cold/fold_2	2		1952	0.5
guest_cold	guest_cold/fold_2	2		1962	0.6185566782951355
guest_cold	guest_cold/fold_2	2		1978	0.64102566242218018
guest_cold	guest_cold/fold_2	2		1979	1
guest_cold	guest_cold/fold_2	2		1981	0.65217387676239014
guest_cold	guest_cold/fold_2	2		1988	0.57142859697341919
guest_cold	guest_cold/fold_2	2		1992	0.79166662693023682
guest_cold	guest_cold/fold_2	2		2001	0.75
guest_cold	guest_cold/fold_2	2		2016	0.57303369045257568
guest_cold	guest_cold/fold_2	2		2017	0.60000002384185791
guest_cold	guest_cold/fold_2	2		2023	0.69999998807907104
guest_cold	guest_cold/fold_2	2		2030	0.88461542129516602
guest_cold	guest_cold/fold_2	2		2033	0.71428573131561279
guest_cold	guest_cold/fold_2	2		2043	0.66666668653488159
guest_cold	guest_cold/fold_2	2		2051	0.63571429252624512
guest_cold	guest_cold/fold_2	2		2056	0.77999997138977051
guest_cold	guest_cold/fold_2	2		2064	0.93939393758773804
guest_cold	guest_cold/fold_2	2		2065	1
guest_cold	guest_cold/fold_2	2		2074	0.97727274894714355
guest_cold	guest_cold/fold_2	2		2090	0.6428571343421936
guest_cold	guest_cold/fold_2	2		2101	0.91379308700561523
guest_cold	guest_cold/fold_2	2		2103	0.79032254219055176
guest_cold	guest_cold/fold_2	2		2113	0.75
guest_cold	guest_cold/fold_2	2		2114	0.94444441795349121
guest_cold	guest_cold/fold_2	2		2123	0.71428573131561279
guest_cold	guest_cold/fold_2	2		2127	1
guest_cold	guest_cold/fold_2	2		2134	0.88461542129516602
guest_cold	guest_cold/fold_2	2		2137	0.34098362922668457
guest_cold	guest_cold/fold_2	2		2138	0.8571428656578064
guest_cold	guest_cold/fold_2	2		2143	0.70454543828964233
guest_cold	guest_cold/fold_2	2		2146	0.66666668653488159
guest_cold	guest_cold/fold_2	2		2150	0.79310345649719238
guest_cold	guest_cold/fold_2	2		2151	0.94999998807907104
guest_cold	guest_cold/fold_2	2		2154	0.77083337306976318
guest_cold	guest_cold/fold_2	2		2166	0.66666668653488159
guest_cold	guest_cold/fold_2	2		2170	0.67741936445236206
guest_cold	guest_cold/fold_2	2		2178	0.84375
guest_cold	guest_cold/fold_2	2		2185	1
guest_cold	guest_cold/fold_2	2		2190	0.94444441795349121
guest_cold	guest_cold/fold_2	2		2193	0.66666668653488159
guest_cold	guest_cold/fold_2	2		2205	0.90909087657928467
guest_cold	guest_cold/fold_2	2		2206	0.78688526153564453
guest_cold	guest_cold/fold_2	2		2208	0.77499997615814209
guest_cold	guest_cold/fold_2	2		2211	0.67741936445236206
guest_cold	guest_cold/fold_2	2		2212	0.68253970146179199
guest_cold	guest_cold/fold_2	2		2217	0.93939393758773804
guest_cold	guest_cold/fold_2	2		2220	0.71590912342071533
guest_cold	guest_cold/fold_2	2		2224	0.73333334922790527
guest_cold	guest_cold/fold_2	2		2227	0.73913043737411499
guest_cold	guest_cold/fold_2	2		2230	0.97727274894714355
guest_cold	guest_cold/fold_2	2		2232	0.61971831321716309
guest_cold	guest_cold/fold_2	2		2233	0.72222220897674561
guest_cold	guest_cold/fold_2	2		2242	0.69999998807907104
guest_cold	guest_cold/fold_2	2		2243	0.80303031206130981
guest_cold	guest_cold/fold_2	2		2248	0.75
guest_cold	guest_cold/fold_2	2		2249	0.64999997615814209
guest_cold	guest_cold/fold_2	2		2250	0.70454543828964233
guest_cold	guest_cold/fold_2	2		2256	0.58870965242385864
guest_cold	guest_cold/fold_2	2		2257	0.57142859697341919
guest_cold	guest_cold/fold_2	2		2259	0.62162160873413086
guest_cold	guest_cold/fold_2	2		2262	0.71428573131561279
guest_cold	guest_cold/fold_2	2		2263	0.97826087474822998
guest_cold	guest_cold/fold_2	2		2269	0.66666668653488159
guest_cold	guest_cold/fold_2	2		2273	0.57142859697341919
guest_cold	guest_cold/fold_2	2		2294	0.86904764175415039
guest_cold	guest_cold/fold_2	2		2298	0.6875
guest_cold	guest_cold/fold_2	2		2300	0.65909087657928467
guest_cold	guest_cold/fold_2	2		2303	1
guest_cold	guest_cold/fold_2	2		2309	0.76923078298568726
guest_cold	guest_cold/fold_2	2		2320	0.77941179275512695
guest_cold	guest_cold/fold_2	2		2321	1
guest_cold	guest_cold/fold_2	2		2324	0.95833337306976318
guest_cold	guest_cold/fold_2	2		2337	0.71621620655059814
guest_cold	guest_cold/fold_2	2		2341	0.77777779102325439
guest_cold	guest_cold/fold_2	2		2345	0.72727274894714355
guest_cold	guest_cold/fold_2	2		2349	0.69999998807907104
guest_cold	guest_cold/fold_2	2		2352	1
guest_cold	guest_cold/fold_2	2		2354	0.62903225421905518
guest_cold	guest_cold/fold_2	2		2377	0.57142859697341919
guest_cold	guest_cold/fold_2	2		2378	0.81666666269302368
guest_cold	guest_cold/fold_2	2		2379	0.76190477609634399
guest_cold	guest_cold/fold_3	3		5	0.78260868787765503
guest_cold	guest_cold/fold_3	3		6	0.68333333730697632
guest_cold	guest_cold/fold_3	3		16	0.97058820724487305
guest_cold	guest_cold/fold_3	3		17	0.93396222591400146
guest_cold	guest_cold/fold_3	3		29	0.66666668653488159
guest_cold	guest_cold/fold_3	3		32	1
guest_cold	guest_cold/fold_3	3		33	0.80000001192092896
guest_cold	guest_cold/fold_3	3		35	0.78571426868438721
guest_cold	guest_cold/fold_3	3		36	0.69444441795349121
guest_cold	guest_cold/fold_3	3		37	0.79032254219055176
guest_cold	guest_cold/fold_3	3		41	0.62727272510528564
guest_cold	guest_cold/fold_3	3		42	0.71052634716033936
guest_cold	guest_cold/fold_3	3		45	0.78260868787765503
guest_cold	guest_cold/fold_3	3		46	0.5
guest_cold	guest_cold/fold_3	3		56	0.69565218687057495
guest_cold	guest_cold/fold_3	3		64	0.72727274894714355
guest_cold	guest_cold/fold_3	3		65	0.5
guest_cold	guest_cold/fold_3	3		72	0.27355071902275085
guest_cold	guest_cold/fold_3	3		77	0.95454549789428711
guest_cold	guest_cold/fold_3	3		80	0.87837839126586914
guest_cold	guest_cold/fold_3	3		85	0.55000001192092896
guest_cold	guest_cold/fold_3	3		86	0.93103444576263428
guest_cold	guest_cold/fold_3	3		88	0.86734694242477417
guest_cold	guest_cold/fold_3	3		96	0.64999997615814209
guest_cold	guest_cold/fold_3	3		97	0.94444441795349121
guest_cold	guest_cold/fold_3	3		98	1
guest_cold	guest_cold/fold_3	3		100	0.91666662693023682
guest_cold	guest_cold/fold_3	3		102	0.80000001192092896
guest_cold	guest_cold/fold_3	3		113	0.875
guest_cold	guest_cold/fold_3	3		114	0.54545456171035767
guest_cold	guest_cold/fold_3	3		121	0.62962961196899414
guest_cold	guest_cold/fold_3	3		124	0.85897433757781982
guest_cold	guest_cold/fold_3	3		126	0.62651515007019043
guest_cold	guest_cold/fold_3	3		135	0.56481480598449707
guest_cold	guest_cold/fold_3	3		137	0.84375
guest_cold	guest_cold/fold_3	3		139	0.6086956262588501
guest_cold	guest_cold/fold_3	3		141	0.74761903285980225
guest_cold	guest_cold/fold_3	3		157	0.6111111044883728
guest_cold	guest_cold/fold_3	3		162	0.77499997615814209
guest_cold	guest_cold/fold_3	3		167	0.64999997615814209
guest_cold	guest_cold/fold_3	3		171	0.85555553436279297
guest_cold	guest_cold/fold_3	3		174	0.73913043737411499
guest_cold	guest_cold/fold_3	3		175	0.83333337306976318
guest_cold	guest_cold/fold_3	3		177	1
guest_cold	guest_cold/fold_3	3		185	0.5
guest_cold	guest_cold/fold_3	3		191	0.77777779102325439
guest_cold	guest_cold/fold_3	3		208	0.94444441795349121
guest_cold	guest_cold/fold_3	3		211	0.91666662693023682
guest_cold	guest_cold/fold_3	3		214	0.69999998807907104
guest_cold	guest_cold/fold_3	3		216	1
guest_cold	guest_cold/fold_3	3		223	0.8769230842590332
guest_cold	guest_cold/fold_3	3		229	0.74050635099411011
guest_cold	guest_cold/fold_3	3		231	0.91428571939468384
guest_cold	guest_cold/fold_3	3		232	0.62903225421905518
guest_cold	guest_cold/fold_3	3		233	0.8769230842590332
guest_cold	guest_cold/fold_3	3		234	0.5
guest_cold	guest_cold/fold_3	3		243	0.83749997615814209
guest_cold	guest_cold/fold_3	3		246	0.5
guest_cold	guest_cold/fold_3	3		249	0.68181818723678589
guest_cold	guest_cold/fold_3	3		255	1
guest_cold	guest_cold/fold_3	3		269	0.86956524848937988
guest_cold	guest_cold/fold_3	3		274	1
guest_cold	guest_cold/fold_3	3		283	1
guest_cold	guest_cold/fold_3	3		288	0.77999997138977051
guest_cold	guest_cold/fold_3	3		292	0.84722220897674561
guest_cold	guest_cold/fold_3	3		295	0.81451612710952759
guest_cold	guest_cold/fold_3	3		296	0.66666668653488159
guest_cold	guest_cold/fold_3	3		304	0.72916668653488159
guest_cold	guest_cold/fold_3	3		309	0.75
guest_cold	guest_cold/fold_3	3		312	0.77499997615814209
guest_cold	guest_cold/fold_3	3		314	0.91666662693023682
guest_cold	guest_cold/fold_3	3		315	0.93670886754989624
guest_cold	guest_cold/fold_3	3		321	0.54545456171035767
guest_cold	guest_cold/fold_3	3		323	0.5
guest_cold	guest_cold/fold_3	3		324	0.73404252529144287
guest_cold	guest_cold/fold_3	3		326	0.74000000953674316
guest_cold	guest_cold/fold_3	3		327	0.81818181276321411
guest_cold	guest_cold/fold_3	3		329	0.79545450210571289
guest_cold	guest_cold/fold_3	3		334	0.56122446060180664
guest_cold	guest_cold/fold_3	3		339	0.84375
guest_cold	guest_cold/fold_3	3		351	0.8769230842590332
guest_cold	guest_cold/fold_3	3		352	0.70454543828964233
guest_cold	guest_cold/fold_3	3		362	0.80769228935241699
guest_cold	guest_cold/fold_3	3		368	0.91666662693023682
guest_cold	guest_cold/fold_3	3		374	0.57142859697341919
guest_cold	guest_cold/fold_3	3		377	0.7804877758026123
guest_cold	guest_cold/fold_3	3		388	0.6875
guest_cold	guest_cold/fold_3	3		398	0.5625
guest_cold	guest_cold/fold_3	3		409	0.76923078298568726
guest_cold	guest_cold/fold_3	3		423	1
guest_cold	guest_cold/fold_3	3		424	0.58333331346511841
guest_cold	guest_cold/fold_3	3		425	0.65999996662139893
guest_cold	guest_cold/fold_3	3		430	0.84259259700775146
guest_cold	guest_cold/fold_3	3		434	0.87288135290145874
guest_cold	guest_cold/fold_3	3		436	0.66666668653488159
guest_cold	guest_cold/fold_3	3		440	0.625
guest_cold	guest_cold/fold_3	3		448	0.73684209585189819
guest_cold	guest_cold/fold_3	3		455	0.73404252529144287
guest_cold	guest_cold/fold_3	3		457	0.8888888955116272
guest_cold	guest_cold/fold_3	3		459	0.68333333730697632
guest_cold	guest_cold/fold_3	3		481	0.70454543828964233
guest_cold	guest_cold/fold_3	3		483	0.95454549789428711
guest_cold	guest_cold/fold_3	3		484	0.5
guest_cold	guest_cold/fold_3	3		500	0.52777779102325439
guest_cold	guest_cold/fold_3	3		502	0.84210526943206787
guest_cold	guest_cold/fold_3	3		506	0.57228118181228638
guest_cold	guest_cold/fold_3	3		507	0.75
guest_cold	guest_cold/fold_3	3		508	0.83720934391021729
guest_cold	guest_cold/fold_3	3		511	0.59090912342071533
guest_cold	guest_cold/fold_3	3		512	0.66666668653488159
guest_cold	guest_cold/fold_3	3		513	0.75
guest_cold	guest_cold/fold_3	3		520	0.5
guest_cold	guest_cold/fold_3	3		546	0.60526317358016968
guest_cold	guest_cold/fold_3	3		555	0.72000002861022949
guest_cold	guest_cold/fold_3	3		556	0.86956524848937988
guest_cold	guest_cold/fold_3	3		564	0.625
guest_cold	guest_cold/fold_3	3		566	0.8928571343421936
guest_cold	guest_cold/fold_3	3		573	1
guest_cold	guest_cold/fold_3	3		579	0.59375
guest_cold	guest_cold/fold_3	3		584	0.61524391174316406
guest_cold	guest_cold/fold_3	3		586	0.67500001192092896
guest_cold	guest_cold/fold_3	3		587	1
guest_cold	guest_cold/fold_3	3		610	0.6538461446762085
guest_cold	guest_cold/fold_3	3		611	0.78260868787765503
guest_cold	guest_cold/fold_3	3		613	0.66666668653488159
guest_cold	guest_cold/fold_3	3		614	0.79545450210571289
guest_cold	guest_cold/fold_3	3		620	0.61538463830947876
guest_cold	guest_cold/fold_3	3		625	0.81818181276321411
guest_cold	guest_cold/fold_3	3		629	0.72727274894714355
guest_cold	guest_cold/fold_3	3		635	0.75
guest_cold	guest_cold/fold_3	3		644	1
guest_cold	guest_cold/fold_3	3		646	0.8888888955116272
guest_cold	guest_cold/fold_3	3		647	0.65999996662139893
guest_cold	guest_cold/fold_3	3		654	0.79545450210571289
guest_cold	guest_cold/fold_3	3		656	0.64814817905426025
guest_cold	guest_cold/fold_3	3		663	0.62903225421905518
guest_cold	guest_cold/fold_3	3		666	0.76724135875701904
guest_cold	guest_cold/fold_3	3		692	0.81999999284744263
guest_cold	guest_cold/fold_3	3		693	0.86458337306976318
guest_cold	guest_cold/fold_3	3		696	0.72340428829193115
guest_cold	guest_cold/fold_3	3		701	0.58333331346511841
guest_cold	guest_cold/fold_3	3		703	0.72058820724487305
guest_cold	guest_cold/fold_3	3		708	0.75
guest_cold	guest_cold/fold_3	3		713	0.78750002384185791
guest_cold	guest_cold/fold_3	3		715	0.66666668653488159
guest_cold	guest_cold/fold_3	3		717	0.64814817905426025
guest_cold	guest_cold/fold_3	3		721	0.79032254219055176
guest_cold	guest_cold/fold_3	3		730	0.5961538553237915
guest_cold	guest_cold/fold_3	3		734	0.62903225421905518
guest_cold	guest_cold/fold_3	3		737	0.54545456171035767
guest_cold	guest_cold/fold_3	3		742	0.68055558204650879
guest_cold	guest_cold/fold_3	3		749	0.56578946113586426
guest_cold	guest_cold/fold_3	3		750	0.52631580829620361
guest_cold	guest_cold/fold_3	3		751	0.87037038803100586
guest_cold	guest_cold/fold_3	3		754	0.5
guest_cold	guest_cold/fold_3	3		755	0.65789473056793213
guest_cold	guest_cold/fold_3	3		761	0.95454549789428711
guest_cold	guest_cold/fold_3	3		764	0.80769228935241699
guest_cold	guest_cold/fold_3	3		765	0.79032254219055176
guest_cold	guest_cold/fold_3	3		766	0.7804877758026123
guest_cold	guest_cold/fold_3	3		774	0.84848487377166748
guest_cold	guest_cold/fold_3	3		776	0.69444441795349121
guest_cold	guest_cold/fold_3	3		780	0.76923078298568726
guest_cold	guest_cold/fold_3	3		781	0.55000001192092896
guest_cold	guest_cold/fold_3	3		796	0.78260868787765503
guest_cold	guest_cold/fold_3	3		798	0.80000001192092896
guest_cold	guest_cold/fold_3	3		799	0.72058820724487305
guest_cold	guest_cold/fold_3	3		800	0.80000001192092896
guest_cold	guest_cold/fold_3	3		805	0.875
guest_cold	guest_cold/fold_3	3		812	0.81000000238418579
guest_cold	guest_cold/fold_3	3		813	0.87288135290145874
guest_cold	guest_cold/fold_3	3		817	0.73404252529144287
guest_cold	guest_cold/fold_3	3		821	0.84375
guest_cold	guest_cold/fold_3	3		823	0.875
guest_cold	guest_cold/fold_3	3		824	0.61864405870437622
guest_cold	guest_cold/fold_3	3		831	0.84375
guest_cold	guest_cold/fold_3	3		835	0.875
guest_cold	guest_cold/fold_3	3		836	0.38333332538604736
guest_cold	guest_cold/fold_3	3		852	0.66666668653488159
guest_cold	guest_cold/fold_3	3		856	0.82608699798583984
guest_cold	guest_cold/fold_3	3		859	0.69999998807907104
guest_cold	guest_cold/fold_3	3		864	0.875
guest_cold	guest_cold/fold_3	3		869	0.18567250669002533
guest_cold	guest_cold/fold_3	3		873	0.66666668653488159
guest_cold	guest_cold/fold_3	3		878	0.61290323734283447
guest_cold	guest_cold/fold_3	3		879	1
guest_cold	guest_cold/fold_3	3		881	0.5
guest_cold	guest_cold/fold_3	3		886	0.66142559051513672
guest_cold	guest_cold/fold_3	3		889	0.55000001192092896
guest_cold	guest_cold/fold_3	3		913	0.81081080436706543
guest_cold	guest_cold/fold_3	3		918	0.81818181276321411
guest_cold	guest_cold/fold_3	3		922	0.6875
guest_cold	guest_cold/fold_3	3		924	0.5
guest_cold	guest_cold/fold_3	3		936	0.58333331346511841
guest_cold	guest_cold/fold_3	3		940	0.56818181276321411
guest_cold	guest_cold/fold_3	3		950	0.77777779102325439
guest_cold	guest_cold/fold_3	3		953	0.67500001192092896
guest_cold	guest_cold/fold_3	3		956	0.88461542129516602
guest_cold	guest_cold/fold_3	3		961	0.60344827175140381
guest_cold	guest_cold/fold_3	3		968	0.86956524848937988
guest_cold	guest_cold/fold_3	3		978	0.78125
guest_cold	guest_cold/fold_3	3		980	0.79824560880661011
guest_cold	guest_cold/fold_3	3		993	0.6111111044883728
guest_cold	guest_cold/fold_3	3		996	0.66666668653488159
guest_cold	guest_cold/fold_3	3		997	0.64814817905426025
guest_cold	guest_cold/fold_3	3		998	0.78571426868438721
guest_cold	guest_cold/fold_3	3		1001	0.60000002384185791
guest_cold	guest_cold/fold_3	3		1003	0.65789473056793213
guest_cold	guest_cold/fold_3	3		1004	0.78260868787765503
guest_cold	guest_cold/fold_3	3		1005	0.61538463830947876
guest_cold	guest_cold/fold_3	3		1006	0.56707316637039185
guest_cold	guest_cold/fold_3	3		1008	0.79032254219055176
guest_cold	guest_cold/fold_3	3		1011	0.65789473056793213
guest_cold	guest_cold/fold_3	3		1013	0.63636362552642822
guest_cold	guest_cold/fold_3	3		1014	0.71510297060012817
guest_cold	guest_cold/fold_3	3		1016	0.61355423927307129
guest_cold	guest_cold/fold_3	3		1023	0.93333333730697632
guest_cold	guest_cold/fold_3	3		1025	0.8125
guest_cold	guest_cold/fold_3	3		1028	0.8769230842590332
guest_cold	guest_cold/fold_3	3		1030	1
guest_cold	guest_cold/fold_3	3		1034	0.79032254219055176
guest_cold	guest_cold/fold_3	3		1035	0.62727272510528564
guest_cold	guest_cold/fold_3	3		1039	0.5
guest_cold	guest_cold/fold_3	3		1040	0.68000000715255737
guest_cold	guest_cold/fold_3	3		1045	0.60000002384185791
guest_cold	guest_cold/fold_3	3		1048	0.5
guest_cold	guest_cold/fold_3	3		1049	0.69607841968536377
guest_cold	guest_cold/fold_3	3		1055	0.61764705181121826
guest_cold	guest_cold/fold_3	3		1064	0.73333334922790527
guest_cold	guest_cold/fold_3	3		1080	0.61224490404129028
guest_cold	guest_cold/fold_3	3		1081	0.91860461235046387
guest_cold	guest_cold/fold_3	3		1087	0.75
guest_cold	guest_cold/fold_3	3		1094	0.91666662693023682
guest_cold	guest_cold/fold_3	3		1095	0.5
guest_cold	guest_cold/fold_3	3		1104	0.66666668653488159
guest_cold	guest_cold/fold_3	3		1115	0.79166662693023682
guest_cold	guest_cold/fold_3	3		1117	0.8125
guest_cold	guest_cold/fold_3	3		1127	0.5
guest_cold	guest_cold/fold_3	3		1129	0.7351190447807312
guest_cold	guest_cold/fold_3	3		1132	0.5
guest_cold	guest_cold/fold_3	3		1138	0.79032254219055176
guest_cold	guest_cold/fold_3	3		1151	0.76724135875701904
guest_cold	guest_cold/fold_3	3		1153	0.58620691299438477
guest_cold	guest_cold/fold_3	3		1155	0.875
guest_cold	guest_cold/fold_3	3		1161	0.62068963050842285
guest_cold	guest_cold/fold_3	3		1162	0.84375
guest_cold	guest_cold/fold_3	3		1165	0.84659087657928467
guest_cold	guest_cold/fold_3	3		1167	0.8125
guest_cold	guest_cold/fold_3	3		1170	0.58620691299438477
guest_cold	guest_cold/fold_3	3		1176	0.75
guest_cold	guest_cold/fold_3	3		1181	0.63333332538604736
guest_cold	guest_cold/fold_3	3		1183	0.75
guest_cold	guest_cold/fold_3	3		1186	0.6111111044883728
guest_cold	guest_cold/fold_3	3		1187	0.79629629850387573
guest_cold	guest_cold/fold_3	3		1191	0.85000002384185791
guest_cold	guest_cold/fold_3	3		1195	0.78260868787765503
guest_cold	guest_cold/fold_3	3		1205	0.74358975887298584
guest_cold	guest_cold/fold_3	3		1214	0.76923078298568726
guest_cold	guest_cold/fold_3	3		1215	0.8928571343421936
guest_cold	guest_cold/fold_3	3		1221	0.5
guest_cold	guest_cold/fold_3	3		1231	0.57142859697341919
guest_cold	guest_cold/fold_3	3		1236	0.79545450210571289
guest_cold	guest_cold/fold_3	3		1238	1
guest_cold	guest_cold/fold_3	3		1241	0.56000000238418579
guest_cold	guest_cold/fold_3	3		1242	0.60416668653488159
guest_cold	guest_cold/fold_3	3		1243	0.76666665077209473
guest_cold	guest_cold/fold_3	3		1250	0.6726190447807312
guest_cold	guest_cold/fold_3	3		1252	0.7321428656578064
guest_cold	guest_cold/fold_3	3		1255	0.5
guest_cold	guest_cold/fold_3	3		1263	0.65999996662139893
guest_cold	guest_cold/fold_3	3		1275	0.53991293907165527
guest_cold	guest_cold/fold_3	3		1277	0.6086956262588501
guest_cold	guest_cold/fold_3	3		1280	0.5
guest_cold	guest_cold/fold_3	3		1284	0.94444441795349121
guest_cold	guest_cold/fold_3	3		1293	0.78571426868438721
guest_cold	guest_cold/fold_3	3		1318	1
guest_cold	guest_cold/fold_3	3		1325	0.75
guest_cold	guest_cold/fold_3	3		1332	0.65789473056793213
guest_cold	guest_cold/fold_3	3		1341	0.81000000238418579
guest_cold	guest_cold/fold_3	3		1345	0.6894230842590332
guest_cold	guest_cold/fold_3	3		1347	0.41762450337409973
guest_cold	guest_cold/fold_3	3		1350	0.66666668653488159
guest_cold	guest_cold/fold_3	3		1352	0.55263155698776245
guest_cold	guest_cold/fold_3	3		1361	0.86842107772827148
guest_cold	guest_cold/fold_3	3		1364	0.55000001192092896
guest_cold	guest_cold/fold_3	3		1365	0.77083337306976318
guest_cold	guest_cold/fold_3	3		1366	0.7321428656578064
guest_cold	guest_cold/fold_3	3		1371	0.5
guest_cold	guest_cold/fold_3	3		1374	0.63076925277709961
guest_cold	guest_cold/fold_3	3		1377	0.6111111044883728
guest_cold	guest_cold/fold_3	3		1384	0.80555558204650879
guest_cold	guest_cold/fold_3	3		1385	0.8888888955116272
guest_cold	guest_cold/fold_3	3		1390	0.80000001192092896
guest_cold	guest_cold/fold_3	3		1406	0.5
guest_cold	guest_cold/fold_3	3		1416	0.76666665077209473
guest_cold	guest_cold/fold_3	3		1419	0.72340428829193115
guest_cold	guest_cold/fold_3	3		1420	0.59459459781646729
guest_cold	guest_cold/fold_3	3		1427	0.71052634716033936
guest_cold	guest_cold/fold_3	3		1428	0.78846156597137451
guest_cold	guest_cold/fold_3	3		1431	0.625
guest_cold	guest_cold/fold_3	3		1434	0.74000000953674316
guest_cold	guest_cold/fold_3	3		1440	0.875
guest_cold	guest_cold/fold_3	3		1451	0.5
guest_cold	guest_cold/fold_3	3		1456	0.875
guest_cold	guest_cold/fold_3	3		1457	0.76666665077209473
guest_cold	guest_cold/fold_3	3		1465	0.75
guest_cold	guest_cold/fold_3	3		1477	0.6875
guest_cold	guest_cold/fold_3	3		1479	0.6086956262588501
guest_cold	guest_cold/fold_3	3		1485	0.53125
guest_cold	guest_cold/fold_3	3		1498	0.59259259700775146
guest_cold	guest_cold/fold_3	3		1512	0.55263155698776245
guest_cold	guest_cold/fold_3	3		1521	0.6086956262588501
guest_cold	guest_cold/fold_3	3		1528	0.58333331346511841
guest_cold	guest_cold/fold_3	3		1529	1
guest_cold	guest_cold/fold_3	3		1530	0.66666668653488159
guest_cold	guest_cold/fold_3	3		1531	0.86734694242477417
guest_cold	guest_cold/fold_3	3		1538	0.97058820724487305
guest_cold	guest_cold/fold_3	3		1540	0.58333331346511841
guest_cold	guest_cold/fold_3	3		1541	0.6726190447807312
guest_cold	guest_cold/fold_3	3		1543	0.5
guest_cold	guest_cold/fold_3	3		1547	0.72000002861022949
guest_cold	guest_cold/fold_3	3		1553	0.77083337306976318
guest_cold	guest_cold/fold_3	3		1557	0.546875
guest_cold	guest_cold/fold_3	3		1559	0.5
guest_cold	guest_cold/fold_3	3		1561	0.65999996662139893
guest_cold	guest_cold/fold_3	3		1564	0.67164182662963867
guest_cold	guest_cold/fold_3	3		1568	0.66666668653488159
guest_cold	guest_cold/fold_3	3		1569	0.72727274894714355
guest_cold	guest_cold/fold_3	3		1570	0.65217387676239014
guest_cold	guest_cold/fold_3	3		1574	0.60000002384185791
guest_cold	guest_cold/fold_3	3		1577	0.85555553436279297
guest_cold	guest_cold/fold_3	3		1584	0.87288135290145874
guest_cold	guest_cold/fold_3	3		1586	0.56896549463272095
guest_cold	guest_cold/fold_3	3		1597	0.60000002384185791
guest_cold	guest_cold/fold_3	3		1614	0.54545456171035767
guest_cold	guest_cold/fold_3	3		1617	0.6428571343421936
guest_cold	guest_cold/fold_3	3		1631	0.95454549789428711
guest_cold	guest_cold/fold_3	3		1642	0.58088237047195435
guest_cold	guest_cold/fold_3	3		1648	0.875
guest_cold	guest_cold/fold_3	3		1650	0.5
guest_cold	guest_cold/fold_3	3		1654	0.66666668653488159
guest_cold	guest_cold/fold_3	3		1660	0.8125
guest_cold	guest_cold/fold_3	3		1661	0.61388885974884033
guest_cold	guest_cold/fold_3	3		1668	0.72666668891906738
guest_cold	guest_cold/fold_3	3		1669	0.71428573131561279
guest_cold	guest_cold/fold_3	3		1690	0.80188679695129395
guest_cold	guest_cold/fold_3	3		1699	0.60000002384185791
guest_cold	guest_cold/fold_3	3		1702	0.8017241358757019
guest_cold	guest_cold/fold_3	3		1707	0.80555558204650879
guest_cold	guest_cold/fold_3	3		1710	0.75
guest_cold	guest_cold/fold_3	3		1712	0.5
guest_cold	guest_cold/fold_3	3		1714	1
guest_cold	guest_cold/fold_3	3		1721	0.5
guest_cold	guest_cold/fold_3	3		1722	0.5
guest_cold	guest_cold/fold_3	3		1738	0.68378376960754395
guest_cold	guest_cold/fold_3	3		1741	0.74050635099411011
guest_cold	guest_cold/fold_3	3		1745	0.74000000953674316
guest_cold	guest_cold/fold_3	3		1748	1
guest_cold	guest_cold/fold_3	3		1759	0.65789473056793213
guest_cold	guest_cold/fold_3	3		1780	0.75
guest_cold	guest_cold/fold_3	3		1787	0.78947365283966064
guest_cold	guest_cold/fold_3	3		1789	0.61764705181121826
guest_cold	guest_cold/fold_3	3		1791	0.6875
guest_cold	guest_cold/fold_3	3		1792	0.65789473056793213
guest_cold	guest_cold/fold_3	3		1795	0.8888888955116272
guest_cold	guest_cold/fold_3	3		1802	0.71510297060012817
guest_cold	guest_cold/fold_3	3		1809	0.5
guest_cold	guest_cold/fold_3	3		1810	0.69444441795349121
guest_cold	guest_cold/fold_3	3		1825	0.98717951774597168
guest_cold	guest_cold/fold_3	3		1830	0.79824560880661011
guest_cold	guest_cold/fold_3	3		1841	0.54891306161880493
guest_cold	guest_cold/fold_3	3		1842	0.75
guest_cold	guest_cold/fold_3	3		1847	0.79032254219055176
guest_cold	guest_cold/fold_3	3		1861	0.6111111044883728
guest_cold	guest_cold/fold_3	3		1866	0.67857146263122559
guest_cold	guest_cold/fold_3	3		1872	0.82051283121109009
guest_cold	guest_cold/fold_3	3		1874	0.92857146263122559
guest_cold	guest_cold/fold_3	3		1876	0.875
guest_cold	guest_cold/fold_3	3		1879	0.69117647409439087
guest_cold	guest_cold/fold_3	3		1880	0.60526317358016968
guest_cold	guest_cold/fold_3	3		1884	0.5
guest_cold	guest_cold/fold_3	3		1885	0.875
guest_cold	guest_cold/fold_3	3		1894	1
guest_cold	guest_cold/fold_3	3		1895	0.59154927730560303
guest_cold	guest_cold/fold_3	3		1897	0.57999998331069946
guest_cold	guest_cold/fold_3	3		1906	0.96153843402862549
guest_cold	guest_cold/fold_3	3		1909	0.5
guest_cold	guest_cold/fold_3	3		1913	0.36536994576454163
guest_cold	guest_cold/fold_3	3		1917	1
guest_cold	guest_cold/fold_3	3		1922	0.29066985845565796
guest_cold	guest_cold/fold_3	3		1925	0.80769228935241699
guest_cold	guest_cold/fold_3	3		1932	0.87288135290145874
guest_cold	guest_cold/fold_3	3		1936	0.69565218687057495
guest_cold	guest_cold/fold_3	3		1938	0.65789473056793213
guest_cold	guest_cold/fold_3	3		1942	0.57291668653488159
guest_cold	guest_cold/fold_3	3		1949	0.54891306161880493
guest_cold	guest_cold/fold_3	3		1950	0.85000002384185791
guest_cold	guest_cold/fold_3	3		1964	0.68421053886413574
guest_cold	guest_cold/fold_3	3		1971	0.57831323146820068
guest_cold	guest_cold/fold_3	3		1973	0.68196457624435425
guest_cold	guest_cold/fold_3	3		1976	0.5
guest_cold	guest_cold/fold_3	3		1996	0.52666664123535156
guest_cold	guest_cold/fold_3	3		2008	0.65789473056793213
guest_cold	guest_cold/fold_3	3		2010	0.6875
guest_cold	guest_cold/fold_3	3		2013	0.55000001192092896
guest_cold	guest_cold/fold_3	3		2024	0.5
guest_cold	guest_cold/fold_3	3		2034	1
guest_cold	guest_cold/fold_3	3		2039	0.6111111044883728
guest_cold	guest_cold/fold_3	3		2040	0.50684928894042969
guest_cold	guest_cold/fold_3	3		2053	0.5
guest_cold	guest_cold/fold_3	3		2055	0.76666665077209473
guest_cold	guest_cold/fold_3	3		2057	0.8888888955116272
guest_cold	guest_cold/fold_3	3		2059	0.57291668653488159
guest_cold	guest_cold/fold_3	3		2067	0.96153843402862549
guest_cold	guest_cold/fold_3	3		2071	0.78260868787765503
guest_cold	guest_cold/fold_3	3		2073	0.65999996662139893
guest_cold	guest_cold/fold_3	3		2085	0.80000001192092896
guest_cold	guest_cold/fold_3	3		2086	0.75
guest_cold	guest_cold/fold_3	3		2088	0.5
guest_cold	guest_cold/fold_3	3		2092	0.51724135875701904
guest_cold	guest_cold/fold_3	3		2093	0.56896549463272095
guest_cold	guest_cold/fold_3	3		2094	0.61764705181121826
guest_cold	guest_cold/fold_3	3		2095	0.40346300601959229
guest_cold	guest_cold/fold_3	3		2097	0.78947365283966064
guest_cold	guest_cold/fold_3	3		2098	0.79032254219055176
guest_cold	guest_cold/fold_3	3		2099	0.78260868787765503
guest_cold	guest_cold/fold_3	3		2104	0.58333331346511841
guest_cold	guest_cold/fold_3	3		2111	0.79032254219055176
guest_cold	guest_cold/fold_3	3		2112	0.66666668653488159
guest_cold	guest_cold/fold_3	3		2117	0.61764705181121826
guest_cold	guest_cold/fold_3	3		2119	0.66098487377166748
guest_cold	guest_cold/fold_3	3		2122	0.70833331346511841
guest_cold	guest_cold/fold_3	3		2125	0.62727272510528564
guest_cold	guest_cold/fold_3	3		2126	0.796875
guest_cold	guest_cold/fold_3	3		2128	0.875
guest_cold	guest_cold/fold_3	3		2133	0.5
guest_cold	guest_cold/fold_3	3		2136	0.74050635099411011
guest_cold	guest_cold/fold_3	3		2147	0.708823561668396
guest_cold	guest_cold/fold_3	3		2163	0.95454549789428711
guest_cold	guest_cold/fold_3	3		2167	0.57142859697341919
guest_cold	guest_cold/fold_3	3		2172	0.8125
guest_cold	guest_cold/fold_3	3		2177	0.61904764175415039
guest_cold	guest_cold/fold_3	3		2189	1
guest_cold	guest_cold/fold_3	3		2204	0.88235294818878174
guest_cold	guest_cold/fold_3	3		2207	0.75
guest_cold	guest_cold/fold_3	3		2209	0.72727274894714355
guest_cold	guest_cold/fold_3	3		2218	0.65555554628372192
guest_cold	guest_cold/fold_3	3		2222	0.8947368860244751
guest_cold	guest_cold/fold_3	3		2223	0.6428571343421936
guest_cold	guest_cold/fold_3	3		2228	0.64999997615814209
guest_cold	guest_cold/fold_3	3		2241	0.60000002384185791
guest_cold	guest_cold/fold_3	3		2246	0.72222220897674561
guest_cold	guest_cold/fold_3	3		2251	0.77777779102325439
guest_cold	guest_cold/fold_3	3		2252	0.75
guest_cold	guest_cold/fold_3	3		2258	0.63333332538604736
guest_cold	guest_cold/fold_3	3		2261	0.66666668653488159
guest_cold	guest_cold/fold_3	3		2266	0.60169494152069092
guest_cold	guest_cold/fold_3	3		2267	0.5
guest_cold	guest_cold/fold_3	3		2274	0.81818181276321411
guest_cold	guest_cold/fold_3	3		2275	0.68181818723678589
guest_cold	guest_cold/fold_3	3		2280	0.65151512622833252
guest_cold	guest_cold/fold_3	3		2284	0.84848487377166748
guest_cold	guest_cold/fold_3	3		2289	0.875
guest_cold	guest_cold/fold_3	3		2290	0.94736838340759277
guest_cold	guest_cold/fold_3	3		2291	1
guest_cold	guest_cold/fold_3	3		2292	0.88235294818878174
guest_cold	guest_cold/fold_3	3		2306	0.93269228935241699
guest_cold	guest_cold/fold_3	3		2310	0.96428573131561279
guest_cold	guest_cold/fold_3	3		2315	0.69230771064758301
guest_cold	guest_cold/fold_3	3		2318	0.66666668653488159
guest_cold	guest_cold/fold_3	3		2325	0.796875
guest_cold	guest_cold/fold_3	3		2330	0.6875
guest_cold	guest_cold/fold_3	3		2335	0.88461542129516602
guest_cold	guest_cold/fold_3	3		2355	0.65999996662139893
guest_cold	guest_cold/fold_3	3		2366	0.58333331346511841
guest_cold	guest_cold/fold_3	3		2372	0.72916668653488159
guest_cold	guest_cold/fold_4	4		1	0.58333331346511841
guest_cold	guest_cold/fold_4	4		11	0.93103444576263428
guest_cold	guest_cold/fold_4	4		12	0.80232560634613037
guest_cold	guest_cold/fold_4	4		18	0.75
guest_cold	guest_cold/fold_4	4		23	0.69999998807907104
guest_cold	guest_cold/fold_4	4		24	0.75925922393798828
guest_cold	guest_cold/fold_4	4		38	0.76086956262588501
guest_cold	guest_cold/fold_4	4		39	0.66666668653488159
guest_cold	guest_cold/fold_4	4		44	0.96341466903686523
guest_cold	guest_cold/fold_4	4		55	0.56666666269302368
guest_cold	guest_cold/fold_4	4		57	0.75999999046325684
guest_cold	guest_cold/fold_4	4		63	0.91666662693023682
guest_cold	guest_cold/fold_4	4		70	0.84375
guest_cold	guest_cold/fold_4	4		73	0.77419352531433105
guest_cold	guest_cold/fold_4	4		78	0.5
guest_cold	guest_cold/fold_4	4		101	0.70454543828964233
guest_cold	guest_cold/fold_4	4		107	0.71428573131561279
guest_cold	guest_cold/fold_4	4		117	0.74193549156188965
guest_cold	guest_cold/fold_4	4		122	0.74074077606201172
guest_cold	guest_cold/fold_4	4		131	0.91860461235046387
guest_cold	guest_cold/fold_4	4		132	1
guest_cold	guest_cold/fold_4	4		140	1
guest_cold	guest_cold/fold_4	4		150	0.92307692766189575
guest_cold	guest_cold/fold_4	4		153	0.66666668653488159
guest_cold	guest_cold/fold_4	4		154	0.73770493268966675
guest_cold	guest_cold/fold_4	4		155	0.81395351886749268
guest_cold	guest_cold/fold_4	4		156	0.79166662693023682
guest_cold	guest_cold/fold_4	4		168	0.66071426868438721
guest_cold	guest_cold/fold_4	4		170	0.72222220897674561
guest_cold	guest_cold/fold_4	4		173	0.71739131212234497
guest_cold	guest_cold/fold_4	4		179	0.53125
guest_cold	guest_cold/fold_4	4		193	0.64516127109527588
guest_cold	guest_cold/fold_4	4		197	0.70967739820480347
guest_cold	guest_cold/fold_4	4		199	0.60810810327529907
guest_cold	guest_cold/fold_4	4		203	0.65714287757873535
guest_cold	guest_cold/fold_4	4		207	0.81666666269302368
guest_cold	guest_cold/fold_4	4		209	1
guest_cold	guest_cold/fold_4	4		213	0.72580647468566895
guest_cold	guest_cold/fold_4	4		218	0.81944441795349121
guest_cold	guest_cold/fold_4	4		235	0.67105263471603394
guest_cold	guest_cold/fold_4	4		239	0.81666666269302368
guest_cold	guest_cold/fold_4	4		242	0.65999996662139893
guest_cold	guest_cold/fold_4	4		261	0.91666662693023682
guest_cold	guest_cold/fold_4	4		262	0.80434781312942505
guest_cold	guest_cold/fold_4	4		264	0.92857146263122559
guest_cold	guest_cold/fold_4	4		270	0.92424243688583374
guest_cold	guest_cold/fold_4	4		271	0.64211887121200562
guest_cold	guest_cold/fold_4	4		273	0.83333337306976318
guest_cold	guest_cold/fold_4	4		275	0.5
guest_cold	guest_cold/fold_4	4		279	0.5
guest_cold	guest_cold/fold_4	4		282	0.80000001192092896
guest_cold	guest_cold/fold_4	4		284	0.75
guest_cold	guest_cold/fold_4	4		293	0.81999999284744263
guest_cold	guest_cold/fold_4	4		297	0.75
guest_cold	guest_cold/fold_4	4		298	1
guest_cold	guest_cold/fold_4	4		302	0.63157892227172852
guest_cold	guest_cold/fold_4	4		303	0.60000002384185791
guest_cold	guest_cold/fold_4	4		313	0.78571426868438721
guest_cold	guest_cold/fold_4	4		316	0.58928573131561279
guest_cold	guest_cold/fold_4	4		317	0.70833331346511841
guest_cold	guest_cold/fold_4	4		331	0.60000002384185791
guest_cold	guest_cold/fold_4	4		335	0.74193549156188965
guest_cold	guest_cold/fold_4	4		338	0.72727274894714355
guest_cold	guest_cold/fold_4	4		342	1
guest_cold	guest_cold/fold_4	4		343	1
guest_cold	guest_cold/fold_4	4		345	0.68518519401550293
guest_cold	guest_cold/fold_4	4		346	0.84210526943206787
guest_cold	guest_cold/fold_4	4		347	0.65217387676239014
guest_cold	guest_cold/fold_4	4		350	0.71739131212234497
guest_cold	guest_cold/fold_4	4		353	0.75999999046325684
guest_cold	guest_cold/fold_4	4		355	0.59459459781646729
guest_cold	guest_cold/fold_4	4		359	0.69999998807907104
guest_cold	guest_cold/fold_4	4		366	0.65217387676239014
guest_cold	guest_cold/fold_4	4		369	0.56962025165557861
guest_cold	guest_cold/fold_4	4		370	0.76923078298568726
guest_cold	guest_cold/fold_4	4		390	0.75999999046325684
guest_cold	guest_cold/fold_4	4		392	0.65555554628372192
guest_cold	guest_cold/fold_4	4		395	0.68103444576263428
guest_cold	guest_cold/fold_4	4		397	0.71428573131561279
guest_cold	guest_cold/fold_4	4		399	0.66666668653488159
guest_cold	guest_cold/fold_4	4		403	0.70454543828964233
guest_cold	guest_cold/fold_4	4		404	0.58928573131561279
guest_cold	guest_cold/fold_4	4		410	0.74193549156188965
guest_cold	guest_cold/fold_4	4		418	0.67142856121063232
guest_cold	guest_cold/fold_4	4		419	1
guest_cold	guest_cold/fold_4	4		458	0.73684209585189819
guest_cold	guest_cold/fold_4	4		461	0.78125
guest_cold	guest_cold/fold_4	4		464	0.5961538553237915
guest_cold	guest_cold/fold_4	4		466	0.70967739820480347
guest_cold	guest_cold/fold_4	4		467	0.95833337306976318
guest_cold	guest_cold/fold_4	4		468	0.97058820724487305
guest_cold	guest_cold/fold_4	4		471	0.75
guest_cold	guest_cold/fold_4	4		473	0.73076921701431274
guest_cold	guest_cold/fold_4	4		479	0.78846156597137451
guest_cold	guest_cold/fold_4	4		490	0.97727274894714355
guest_cold	guest_cold/fold_4	4		491	0.67703348398208618
guest_cold	guest_cold/fold_4	4		495	0.59668600559234619
guest_cold	guest_cold/fold_4	4		514	0.5
guest_cold	guest_cold/fold_4	4		515	0.88461542129516602
guest_cold	guest_cold/fold_4	4		518	0.93835616111755371
guest_cold	guest_cold/fold_4	4		522	0.6904761791229248
guest_cold	guest_cold/fold_4	4		523	0.92307692766189575
guest_cold	guest_cold/fold_4	4		524	0.67142856121063232
guest_cold	guest_cold/fold_4	4		526	0.66071426868438721
guest_cold	guest_cold/fold_4	4		527	0.77419352531433105
guest_cold	guest_cold/fold_4	4		531	0.93103444576263428
guest_cold	guest_cold/fold_4	4		532	0.83749997615814209
guest_cold	guest_cold/fold_4	4		538	0.66666668653488159
guest_cold	guest_cold/fold_4	4		543	0.59375
guest_cold	guest_cold/fold_4	4		551	0.77027022838592529
guest_cold	guest_cold/fold_4	4		554	0.80434781312942505
guest_cold	guest_cold/fold_4	4		565	0.662162184715271
guest_cold	guest_cold/fold_4	4		581	0.71875
guest_cold	guest_cold/fold_4	4		583	0.74193549156188965
guest_cold	guest_cold/fold_4	4		590	0.38747218251228333
guest_cold	guest_cold/fold_4	4		591	0.71153843402862549
guest_cold	guest_cold/fold_4	4		594	0.71428573131561279
guest_cold	guest_cold/fold_4	4		596	0.77027022838592529
guest_cold	guest_cold/fold_4	4		597	1
guest_cold	guest_cold/fold_4	4		598	0.75
guest_cold	guest_cold/fold_4	4		600	0.69999998807907104
guest_cold	guest_cold/fold_4	4		602	0.76470589637756348
guest_cold	guest_cold/fold_4	4		612	1
guest_cold	guest_cold/fold_4	4		617	0.6875
guest_cold	guest_cold/fold_4	4		634	0.70370370149612427
guest_cold	guest_cold/fold_4	4		636	0.81944441795349121
guest_cold	guest_cold/fold_4	4		637	0.6428571343421936
guest_cold	guest_cold/fold_4	4		638	0.91666662693023682
guest_cold	guest_cold/fold_4	4		643	0.96153843402862549
guest_cold	guest_cold/fold_4	4		657	0.77999997138977051
guest_cold	guest_cold/fold_4	4		659	0.5
guest_cold	guest_cold/fold_4	4		665	0.92307692766189575
guest_cold	guest_cold/fold_4	4		669	0.609375
guest_cold	guest_cold/fold_4	4		670	0.5
guest_cold	guest_cold/fold_4	4		675	0.74358975887298584
guest_cold	guest_cold/fold_4	4		677	0.75
guest_cold	guest_cold/fold_4	4		678	0.75
guest_cold	guest_cold/fold_4	4		682	0.9482758641242981
guest_cold	guest_cold/fold_4	4		688	0.77777779102325439
guest_cold	guest_cold/fold_4	4		695	0.61538463830947876
guest_cold	guest_cold/fold_4	4		698	0.75
guest_cold	guest_cold/fold_4	4		704	0.83333337306976318
guest_cold	guest_cold/fold_4	4		706	0.5
guest_cold	guest_cold/fold_4	4		719	0.64999997615814209
guest_cold	guest_cold/fold_4	4		722	0.81944441795349121
guest_cold	guest_cold/fold_4	4		727	0.91836738586425781
guest_cold	guest_cold/fold_4	4		733	0.96052634716033936
guest_cold	guest_cold/fold_4	4		739	0.662162184715271
guest_cold	guest_cold/fold_4	4		741	0.76666665077209473
guest_cold	guest_cold/fold_4	4		745	0.76086956262588501
guest_cold	guest_cold/fold_4	4		747	0.95454549789428711
guest_cold	guest_cold/fold_4	4		748	0.92857146263122559
guest_cold	guest_cold/fold_4	4		756	0.58823531866073608
guest_cold	guest_cold/fold_4	4		757	0.5
guest_cold	guest_cold/fold_4	4		760	0.61538463830947876
guest_cold	guest_cold/fold_4	4		762	0.53125
guest_cold	guest_cold/fold_4	4		767	0.74193549156188965
guest_cold	guest_cold/fold_4	4		768	0.71666669845581055
guest_cold	guest_cold/fold_4	4		769	0.60576921701431274
guest_cold	guest_cold/fold_4	4		770	0.5961538553237915
guest_cold	guest_cold/fold_4	4		783	0.6875
guest_cold	guest_cold/fold_4	4		784	1
guest_cold	guest_cold/fold_4	4		789	0.75
guest_cold	guest_cold/fold_4	4		801	0.77777779102325439
guest_cold	guest_cold/fold_4	4		806	0.71875
guest_cold	guest_cold/fold_4	4		809	0.6428571343421936
guest_cold	guest_cold/fold_4	4		816	0.75
guest_cold	guest_cold/fold_4	4		819	0.84848487377166748
guest_cold	guest_cold/fold_4	4		827	0.6201743483543396
guest_cold	guest_cold/fold_4	4		829	1
guest_cold	guest_cold/fold_4	4		830	0.59090912342071533
guest_cold	guest_cold/fold_4	4		839	0.71428573131561279
guest_cold	guest_cold/fold_4	4		844	0.546875
guest_cold	guest_cold/fold_4	4		860	0.78571426868438721
guest_cold	guest_cold/fold_4	4		866	0.625
guest_cold	guest_cold/fold_4	4		867	0.83333337306976318
guest_cold	guest_cold/fold_4	4		890	0.9345238208770752
guest_cold	guest_cold/fold_4	4		891	0.76436781883239746
guest_cold	guest_cold/fold_4	4		895	0.77999997138977051
guest_cold	guest_cold/fold_4	4		900	0.70967739820480347
guest_cold	guest_cold/fold_4	4		901	0.75999999046325684
guest_cold	guest_cold/fold_4	4		908	0.75
guest_cold	guest_cold/fold_4	4		909	0.52643454074859619
guest_cold	guest_cold/fold_4	4		914	0.56000000238418579
guest_cold	guest_cold/fold_4	4		917	0.57142859697341919
guest_cold	guest_cold/fold_4	4		932	0.83333337306976318
guest_cold	guest_cold/fold_4	4		941	0.75
guest_cold	guest_cold/fold_4	4		948	0.60909092426300049
guest_cold	guest_cold/fold_4	4		957	0.55000001192092896
guest_cold	guest_cold/fold_4	4		967	0.75925922393798828
guest_cold	guest_cold/fold_4	4		973	0.75
guest_cold	guest_cold/fold_4	4		977	0.88461542129516602
guest_cold	guest_cold/fold_4	4		979	0.91666662693023682
guest_cold	guest_cold/fold_4	4		982	0.98076921701431274
guest_cold	guest_cold/fold_4	4		983	0.59375
guest_cold	guest_cold/fold_4	4		985	0.65625
guest_cold	guest_cold/fold_4	4		987	0.75
guest_cold	guest_cold/fold_4	4		992	0.56756758689880371
guest_cold	guest_cold/fold_4	4		999	0.80434781312942505
guest_cold	guest_cold/fold_4	4		1007	0.91379308700561523
guest_cold	guest_cold/fold_4	4		1010	0.70689654350280762
guest_cold	guest_cold/fold_4	4		1012	0.80769228935241699
guest_cold	guest_cold/fold_4	4		1015	0.74193549156188965
guest_cold	guest_cold/fold_4	4		1017	0.96875
guest_cold	guest_cold/fold_4	4		1022	0.88461542129516602
guest_cold	guest_cold/fold_4	4		1052	0.78846156597137451
guest_cold	guest_cold/fold_4	4		1053	0.75
guest_cold	guest_cold/fold_4	4		1067	0.5961538553237915
guest_cold	guest_cold/fold_4	4		1068	0.61764705181121826
guest_cold	guest_cold/fold_4	4		1073	0.6428571343421936
guest_cold	guest_cold/fold_4	4		1076	1
guest_cold	guest_cold/fold_4	4		1097	0.80555558204650879
guest_cold	guest_cold/fold_4	4		1101	0.57734113931655884
guest_cold	guest_cold/fold_4	4		1106	0.75999999046325684
guest_cold	guest_cold/fold_4	4		1107	0.81000000238418579
guest_cold	guest_cold/fold_4	4		1110	0.65957444906234741
guest_cold	guest_cold/fold_4	4		1111	0.53125
guest_cold	guest_cold/fold_4	4		1113	0.64999997615814209
guest_cold	guest_cold/fold_4	4		1114	1
guest_cold	guest_cold/fold_4	4		1119	0.81451612710952759
guest_cold	guest_cold/fold_4	4		1131	0.6428571343421936
guest_cold	guest_cold/fold_4	4		1141	0.75999999046325684
guest_cold	guest_cold/fold_4	4		1142	0.83333337306976318
guest_cold	guest_cold/fold_4	4		1154	0.69999998807907104
guest_cold	guest_cold/fold_4	4		1157	0.58333331346511841
guest_cold	guest_cold/fold_4	4		1172	0.88461542129516602
guest_cold	guest_cold/fold_4	4		1174	0.9523809552192688
guest_cold	guest_cold/fold_4	4		1182	0.78846156597137451
guest_cold	guest_cold/fold_4	4		1211	0.66666668653488159
guest_cold	guest_cold/fold_4	4		1212	0.96052634716033936
guest_cold	guest_cold/fold_4	4		1218	0.76190477609634399
guest_cold	guest_cold/fold_4	4		1219	0.625
guest_cold	guest_cold/fold_4	4		1220	0.63157892227172852
guest_cold	guest_cold/fold_4	4		1230	0.88235294818878174
guest_cold	guest_cold/fold_4	4		1232	0.57594937086105347
guest_cold	guest_cold/fold_4	4		1239	1
guest_cold	guest_cold/fold_4	4		1248	0.60000002384185791
guest_cold	guest_cold/fold_4	4		1253	0.8142857551574707
guest_cold	guest_cold/fold_4	4		1264	0.6428571343421936
guest_cold	guest_cold/fold_4	4		1267	0.66666668653488159
guest_cold	guest_cold/fold_4	4		1278	0.66666668653488159
guest_cold	guest_cold/fold_4	4		1279	0.625
guest_cold	guest_cold/fold_4	4		1283	0.75
guest_cold	guest_cold/fold_4	4		1285	0.63793104887008667
guest_cold	guest_cold/fold_4	4		1289	0.9375
guest_cold	guest_cold/fold_4	4		1295	0.66666668653488159
guest_cold	guest_cold/fold_4	4		1299	0.75
guest_cold	guest_cold/fold_4	4		1304	0.77999997138977051
guest_cold	guest_cold/fold_4	4		1307	0.875
guest_cold	guest_cold/fold_4	4		1309	0.96153843402862549
guest_cold	guest_cold/fold_4	4		1314	0.75999999046325684
guest_cold	guest_cold/fold_4	4		1317	0.67647057771682739
guest_cold	guest_cold/fold_4	4		1322	0.62903225421905518
guest_cold	guest_cold/fold_4	4		1327	0.74193549156188965
guest_cold	guest_cold/fold_4	4		1338	0.93835616111755371
guest_cold	guest_cold/fold_4	4		1342	0.98571431636810303
guest_cold	guest_cold/fold_4	4		1351	0.66666668653488159
guest_cold	guest_cold/fold_4	4		1355	0.81666666269302368
guest_cold	guest_cold/fold_4	4		1356	0.83333337306976318
guest_cold	guest_cold/fold_4	4		1358	0.61904764175415039
guest_cold	guest_cold/fold_4	4		1362	0.625
guest_cold	guest_cold/fold_4	4		1367	0.66071426868438721
guest_cold	guest_cold/fold_4	4		1368	0.75925922393798828
guest_cold	guest_cold/fold_4	4		1372	0.65277779102325439
guest_cold	guest_cold/fold_4	4		1382	0.875
guest_cold	guest_cold/fold_4	4		1391	0.58571428060531616
guest_cold	guest_cold/fold_4	4		1396	0.96428573131561279
guest_cold	guest_cold/fold_4	4		1402	0.79032254219055176
guest_cold	guest_cold/fold_4	4		1407	0.78260868787765503
guest_cold	guest_cold/fold_4	4		1413	0.91666662693023682
guest_cold	guest_cold/fold_4	4		1417	0.71428573131561279
guest_cold	guest_cold/fold_4	4		1421	0.5767524242401123
guest_cold	guest_cold/fold_4	4		1423	0.75
guest_cold	guest_cold/fold_4	4		1425	0.72727274894714355
guest_cold	guest_cold/fold_4	4		1426	0.67441856861114502
guest_cold	guest_cold/fold_4	4		1443	0.6111111044883728
guest_cold	guest_cold/fold_4	4		1444	0.5
guest_cold	guest_cold/fold_4	4		1447	0.80434781312942505
guest_cold	guest_cold/fold_4	4		1449	0.86585366725921631
guest_cold	guest_cold/fold_4	4		1464	1
guest_cold	guest_cold/fold_4	4		1470	0.5
guest_cold	guest_cold/fold_4	4		1473	0.5
guest_cold	guest_cold/fold_4	4		1475	0.68518519401550293
guest_cold	guest_cold/fold_4	4		1476	0.69999998807907104
guest_cold	guest_cold/fold_4	4		1478	0.73529410362243652
guest_cold	guest_cold/fold_4	4		1481	0.6875
guest_cold	guest_cold/fold_4	4		1486	0.6875
guest_cold	guest_cold/fold_4	4		1490	0.76666665077209473
guest_cold	guest_cold/fold_4	4		1491	0.79166662693023682
guest_cold	guest_cold/fold_4	4		1492	0.68627452850341797
guest_cold	guest_cold/fold_4	4		1493	0.74193549156188965
guest_cold	guest_cold/fold_4	4		1499	1
guest_cold	guest_cold/fold_4	4		1501	0.78846156597137451
guest_cold	guest_cold/fold_4	4		1507	0.75999999046325684
guest_cold	guest_cold/fold_4	4		1509	0.57594937086105347
guest_cold	guest_cold/fold_4	4		1517	0.88383841514587402
guest_cold	guest_cold/fold_4	4		1518	0.86666667461395264
guest_cold	guest_cold/fold_4	4		1519	1
guest_cold	guest_cold/fold_4	4		1524	0.7678571343421936
guest_cold	guest_cold/fold_4	4		1532	1
guest_cold	guest_cold/fold_4	4		1537	0.75925922393798828
guest_cold	guest_cold/fold_4	4		1539	0.61486488580703735
guest_cold	guest_cold/fold_4	4		1552	0.69999998807907104
guest_cold	guest_cold/fold_4	4		1558	0.72500002384185791
guest_cold	guest_cold/fold_4	4		1560	0.60576921701431274
guest_cold	guest_cold/fold_4	4		1579	0.75
guest_cold	guest_cold/fold_4	4		1583	0.77272725105285645
guest_cold	guest_cold/fold_4	4		1591	0.66666668653488159
guest_cold	guest_cold/fold_4	4		1593	0.58928573131561279
guest_cold	guest_cold/fold_4	4		1602	1
guest_cold	guest_cold/fold_4	4		1604	0.5
guest_cold	guest_cold/fold_4	4		1606	0.88235294818878174
guest_cold	guest_cold/fold_4	4		1610	0.83333337306976318
guest_cold	guest_cold/fold_4	4		1625	0.65714287757873535
guest_cold	guest_cold/fold_4	4		1626	0.57142859697341919
guest_cold	guest_cold/fold_4	4		1628	0.79629629850387573
guest_cold	guest_cold/fold_4	4		1632	0.63157892227172852
guest_cold	guest_cold/fold_4	4		1635	0.75999999046325684
guest_cold	guest_cold/fold_4	4		1637	0.31000000238418579
guest_cold	guest_cold/fold_4	4		1647	0.56521737575531006
guest_cold	guest_cold/fold_4	4		1662	0.5803571343421936
guest_cold	guest_cold/fold_4	4		1677	0.84301269054412842
guest_cold	guest_cold/fold_4	4		1679	0.66666668653488159
guest_cold	guest_cold/fold_4	4		1687	0.56603771448135376
guest_cold	guest_cold/fold_4	4		1689	0.59375
guest_cold	guest_cold/fold_4	4		1691	0.66071426868438721
guest_cold	guest_cold/fold_4	4		1697	0.73684209585189819
guest_cold	guest_cold/fold_4	4		1700	0.78571426868438721
guest_cold	guest_cold/fold_4	4		1713	0.68421053886413574
guest_cold	guest_cold/fold_4	4		1716	0.56521737575531006
guest_cold	guest_cold/fold_4	4		1717	0.77999997138977051
guest_cold	guest_cold/fold_4	4		1718	0.63157892227172852
guest_cold	guest_cold/fold_4	4		1720	0.92307692766189575
guest_cold	guest_cold/fold_4	4		1727	0.88235294818878174
guest_cold	guest_cold/fold_4	4		1733	0.59090912342071533
guest_cold	guest_cold/fold_4	4		1747	0.5961538553237915
guest_cold	guest_cold/fold_4	4		1772	0.84848487377166748
guest_cold	guest_cold/fold_4	4		1778	0.78333330154418945
guest_cold	guest_cold/fold_4	4		1782	0.56994819641113281
guest_cold	guest_cold/fold_4	4		1796	0.5
guest_cold	guest_cold/fold_4	4		1798	0.53333336114883423
guest_cold	guest_cold/fold_4	4		1816	0.78571426868438721
guest_cold	guest_cold/fold_4	4		1817	0.70967739820480347
guest_cold	guest_cold/fold_4	4		1819	0.63513511419296265
guest_cold	guest_cold/fold_4	4		1822	0.93877553939819336
guest_cold	guest_cold/fold_4	4		1824	0.5
guest_cold	guest_cold/fold_4	4		1826	0.61538463830947876
guest_cold	guest_cold/fold_4	4		1832	0.60240966081619263
guest_cold	guest_cold/fold_4	4		1833	0.58333331346511841
guest_cold	guest_cold/fold_4	4		1839	0.75
guest_cold	guest_cold/fold_4	4		1844	0.72340428829193115
guest_cold	guest_cold/fold_4	4		1848	0.65277779102325439
guest_cold	guest_cold/fold_4	4		1850	0.5
guest_cold	guest_cold/fold_4	4		1851	0.95454549789428711
guest_cold	guest_cold/fold_4	4		1853	0.88157892227172852
guest_cold	guest_cold/fold_4	4		1858	0.73563218116760254
guest_cold	guest_cold/fold_4	4		1859	0.8452380895614624
guest_cold	guest_cold/fold_4	4		1869	0.60000002384185791
guest_cold	guest_cold/fold_4	4		1870	0.77083337306976318
guest_cold	guest_cold/fold_4	4		1896	0.75
guest_cold	guest_cold/fold_4	4		1900	0.875
guest_cold	guest_cold/fold_4	4		1908	0.66666668653488159
guest_cold	guest_cold/fold_4	4		1910	0.75
guest_cold	guest_cold/fold_4	4		1912	0.92424243688583374
guest_cold	guest_cold/fold_4	4		1916	0.75999999046325684
guest_cold	guest_cold/fold_4	4		1918	0.66666668653488159
guest_cold	guest_cold/fold_4	4		1919	0.74074077606201172
guest_cold	guest_cold/fold_4	4		1924	0.79166662693023682
guest_cold	guest_cold/fold_4	4		1926	0.75
guest_cold	guest_cold/fold_4	4		1931	0.55555558204650879
guest_cold	guest_cold/fold_4	4		1943	0.75
guest_cold	guest_cold/fold_4	4		1944	0.83333337306976318
guest_cold	guest_cold/fold_4	4		1946	0.75
guest_cold	guest_cold/fold_4	4		1947	0.78571426868438721
guest_cold	guest_cold/fold_4	4		1953	0.75
guest_cold	guest_cold/fold_4	4		1957	0.20512820780277252
guest_cold	guest_cold/fold_4	4		1965	0.64516127109527588
guest_cold	guest_cold/fold_4	4		1968	1
guest_cold	guest_cold/fold_4	4		1969	0.83333337306976318
guest_cold	guest_cold/fold_4	4		1972	0.96153843402862549
guest_cold	guest_cold/fold_4	4		1975	0.75
guest_cold	guest_cold/fold_4	4		1977	0.56000000238418579
guest_cold	guest_cold/fold_4	4		1982	0.75999999046325684
guest_cold	guest_cold/fold_4	4		1984	0.66176474094390869
guest_cold	guest_cold/fold_4	4		1987	0.5
guest_cold	guest_cold/fold_4	4		1989	0.53969597816467285
guest_cold	guest_cold/fold_4	4		1991	0.57142859697341919
guest_cold	guest_cold/fold_4	4		1997	1
guest_cold	guest_cold/fold_4	4		1999	0.85000002384185791
guest_cold	guest_cold/fold_4	4		2003	0.5
guest_cold	guest_cold/fold_4	4		2006	0.85897433757781982
guest_cold	guest_cold/fold_4	4		2009	0.5
guest_cold	guest_cold/fold_4	4		2012	0.61538463830947876
guest_cold	guest_cold/fold_4	4		2022	0.75
guest_cold	guest_cold/fold_4	4		2029	0.74193549156188965
guest_cold	guest_cold/fold_4	4		2031	0.56944441795349121
guest_cold	guest_cold/fold_4	4		2032	0.88461542129516602
guest_cold	guest_cold/fold_4	4		2037	0.6538461446762085
guest_cold	guest_cold/fold_4	4		2042	0.625
guest_cold	guest_cold/fold_4	4		2047	0.85897433757781982
guest_cold	guest_cold/fold_4	4		2049	0.625
guest_cold	guest_cold/fold_4	4		2060	0.60000002384185791
guest_cold	guest_cold/fold_4	4		2066	0.875
guest_cold	guest_cold/fold_4	4		2068	0.59210526943206787
guest_cold	guest_cold/fold_4	4		2075	0.92857146263122559
guest_cold	guest_cold/fold_4	4		2077	0.88235294818878174
guest_cold	guest_cold/fold_4	4		2079	0.67500001192092896
guest_cold	guest_cold/fold_4	4		2080	0.70689654350280762
guest_cold	guest_cold/fold_4	4		2083	0.71428573131561279
guest_cold	guest_cold/fold_4	4		2084	0.67441856861114502
guest_cold	guest_cold/fold_4	4		2087	0.662162184715271
guest_cold	guest_cold/fold_4	4		2089	0.5
guest_cold	guest_cold/fold_4	4		2096	0.5
guest_cold	guest_cold/fold_4	4		2100	0.5
guest_cold	guest_cold/fold_4	4		2107	0.8586956262588501
guest_cold	guest_cold/fold_4	4		2108	0.59183675050735474
guest_cold	guest_cold/fold_4	4		2110	0.67500001192092896
guest_cold	guest_cold/fold_4	4		2124	0.84848487377166748
guest_cold	guest_cold/fold_4	4		2129	1
guest_cold	guest_cold/fold_4	4		2130	0.5
guest_cold	guest_cold/fold_4	4		2135	0.81000000238418579
guest_cold	guest_cold/fold_4	4		2148	0.66666668653488159
guest_cold	guest_cold/fold_4	4		2155	0.75999999046325684
guest_cold	guest_cold/fold_4	4		2157	0.58571428060531616
guest_cold	guest_cold/fold_4	4		2159	0.66666668653488159
guest_cold	guest_cold/fold_4	4		2162	0.66666668653488159
guest_cold	guest_cold/fold_4	4		2164	0.68421053886413574
guest_cold	guest_cold/fold_4	4		2168	0.66666668653488159
guest_cold	guest_cold/fold_4	4		2169	0.75
guest_cold	guest_cold/fold_4	4		2181	0.77272725105285645
guest_cold	guest_cold/fold_4	4		2182	0.86666667461395264
guest_cold	guest_cold/fold_4	4		2183	0.6111111044883728
guest_cold	guest_cold/fold_4	4		2184	1
guest_cold	guest_cold/fold_4	4		2186	1
guest_cold	guest_cold/fold_4	4		2191	0.80303031206130981
guest_cold	guest_cold/fold_4	4		2192	1
guest_cold	guest_cold/fold_4	4		2196	0.67703348398208618
guest_cold	guest_cold/fold_4	4		2197	0.75
guest_cold	guest_cold/fold_4	4		2200	0.92424243688583374
guest_cold	guest_cold/fold_4	4		2202	0.81818181276321411
guest_cold	guest_cold/fold_4	4		2216	0.92592597007751465
guest_cold	guest_cold/fold_4	4		2221	0.83749997615814209
guest_cold	guest_cold/fold_4	4		2225	0.72727274894714355
guest_cold	guest_cold/fold_4	4		2234	0.96153843402862549
guest_cold	guest_cold/fold_4	4		2237	0.66666668653488159
guest_cold	guest_cold/fold_4	4		2239	0.78571426868438721
guest_cold	guest_cold/fold_4	4		2240	0.81818181276321411
guest_cold	guest_cold/fold_4	4		2253	0.97727274894714355
guest_cold	guest_cold/fold_4	4		2270	0.95348834991455078
guest_cold	guest_cold/fold_4	4		2272	0.6454545259475708
guest_cold	guest_cold/fold_4	4		2282	0.75
guest_cold	guest_cold/fold_4	4		2286	0.73255813121795654
guest_cold	guest_cold/fold_4	4		2307	0.91025638580322266
guest_cold	guest_cold/fold_4	4		2316	0.77499997615814209
guest_cold	guest_cold/fold_4	4		2319	0.75
guest_cold	guest_cold/fold_4	4		2322	0.88461542129516602
guest_cold	guest_cold/fold_4	4		2328	0.64864861965179443
guest_cold	guest_cold/fold_4	4		2333	0.75
guest_cold	guest_cold/fold_4	4		2338	0.69999998807907104
guest_cold	guest_cold/fold_4	4		2339	0.73076921701431274
guest_cold	guest_cold/fold_4	4		2342	0.84375
guest_cold	guest_cold/fold_4	4		2343	0.71428573131561279
guest_cold	guest_cold/fold_4	4		2346	0.51428574323654175
guest_cold	guest_cold/fold_4	4		2347	0.81617647409439087
guest_cold	guest_cold/fold_4	4		2350	0.93181818723678589
guest_cold	guest_cold/fold_4	4		2351	0.93269228935241699
guest_cold	guest_cold/fold_4	4		2353	0.7678571343421936
guest_cold	guest_cold/fold_4	4		2356	0.78846156597137451
guest_cold	guest_cold/fold_4	4		2359	0.6875
guest_cold	guest_cold/fold_4	4		2363	0.81666666269302368
guest_cold	guest_cold/fold_4	4		2364	0.82258063554763794
guest_cold	guest_cold/fold_4	4		2369	0.84848487377166748
guest_cold	guest_cold/fold_4	4		2370	0.91250002384185791
guest_cold	guest_cold/fold_4	4		2375	1
guest_cold	guest_cold/fold_4	4		2376	0.9523809552192688
guest_cold	guest_cold/fold_4	4		2381	0.91071426868438721
double_cold	double_cold/seed_0	0	0	26	0.47812500596046448
double_cold	double_cold/seed_0	0	0	50	0.89743590354919434
double_cold	double_cold/seed_0	0	0	54	0.75
double_cold	double_cold/seed_0	0	0	56	0.65909087657928467
double_cold	double_cold/seed_0	0	0	179	0.52777779102325439
double_cold	double_cold/seed_0	0	0	182	0.34077921509742737
double_cold	double_cold/seed_0	0	0	195	0.828125
double_cold	double_cold/seed_0	0	0	218	0.61014211177825928
double_cold	double_cold/seed_0	0	0	264	0.64523810148239136
double_cold	double_cold/seed_0	0	0	265	0.35555556416511536
double_cold	double_cold/seed_0	0	0	303	0.49473685026168823
double_cold	double_cold/seed_0	0	0	346	0.47205883264541626
double_cold	double_cold/seed_0	0	0	350	0.96666669845581055
double_cold	double_cold/seed_0	0	0	368	0.71969699859619141
double_cold	double_cold/seed_0	0	0	391	0.51175212860107422
double_cold	double_cold/seed_0	0	0	422	0.66666668653488159
double_cold	double_cold/seed_0	0	0	434	0.67591166496276855
double_cold	double_cold/seed_0	0	0	440	0.625
double_cold	double_cold/seed_0	0	0	441	0.67391306161880493
double_cold	double_cold/seed_0	0	0	467	0.95833337306976318
double_cold	double_cold/seed_0	0	0	484	0.5
double_cold	double_cold/seed_0	0	0	486	0.89999997615814209
double_cold	double_cold/seed_0	0	0	495	0.40994977951049805
double_cold	double_cold/seed_0	0	0	508	0.50506073236465454
double_cold	double_cold/seed_0	0	0	531	0.50803476572036743
double_cold	double_cold/seed_0	0	0	557	0.57615381479263306
double_cold	double_cold/seed_0	0	0	575	0.47617056965827942
double_cold	double_cold/seed_0	0	0	599	0.26008456945419312
double_cold	double_cold/seed_0	0	0	719	0.54583334922790527
double_cold	double_cold/seed_0	0	0	725	0.75
double_cold	double_cold/seed_0	0	0	751	0.8571428656578064
double_cold	double_cold/seed_0	0	0	799	0.43095237016677856
double_cold	double_cold/seed_0	0	0	801	0.52564102411270142
double_cold	double_cold/seed_0	0	0	807	0.33510637283325195
double_cold	double_cold/seed_0	0	0	832	0.77272725105285645
double_cold	double_cold/seed_0	0	0	840	0.77272725105285645
double_cold	double_cold/seed_0	0	0	860	0.53522288799285889
double_cold	double_cold/seed_0	0	0	895	0.33015424013137817
double_cold	double_cold/seed_0	0	0	967	0.33368244767189026
double_cold	double_cold/seed_0	0	0	991	0.48397436738014221
double_cold	double_cold/seed_0	0	0	1032	0.37934485077857971
double_cold	double_cold/seed_0	0	0	1042	0.71794873476028442
double_cold	double_cold/seed_0	0	0	1046	0.58001244068145752
double_cold	double_cold/seed_0	0	0	1053	0.75
double_cold	double_cold/seed_0	0	0	1064	0.82352942228317261
double_cold	double_cold/seed_0	0	0	1073	0.49931696057319641
double_cold	double_cold/seed_0	0	0	1099	0.73076921701431274
double_cold	double_cold/seed_0	0	0	1122	0.56790125370025635
double_cold	double_cold/seed_0	0	0	1127	0.5
double_cold	double_cold/seed_0	0	0	1135	0.49652209877967834
double_cold	double_cold/seed_0	0	0	1147	0.48778197169303894
double_cold	double_cold/seed_0	0	0	1153	0.29485329985618591
double_cold	double_cold/seed_0	0	0	1161	0.5288461446762085
double_cold	double_cold/seed_0	0	0	1170	0.29485329985618591
double_cold	double_cold/seed_0	0	0	1181	0.63333332538604736
double_cold	double_cold/seed_0	0	0	1184	0.39175787568092346
double_cold	double_cold/seed_0	0	0	1195	0.51249998807907104
double_cold	double_cold/seed_0	0	0	1208	0.70270270109176636
double_cold	double_cold/seed_0	0	0	1269	0.44421052932739258
double_cold	double_cold/seed_0	0	0	1273	0.69999998807907104
double_cold	double_cold/seed_0	0	0	1275	0.5
double_cold	double_cold/seed_0	0	0	1276	0.5475274920463562
double_cold	double_cold/seed_0	0	0	1293	0.4553571343421936
double_cold	double_cold/seed_0	0	0	1304	0.33015424013137817
double_cold	double_cold/seed_0	0	0	1350	0.75
double_cold	double_cold/seed_0	0	0	1368	0.33368244767189026
double_cold	double_cold/seed_0	0	0	1396	0.96428573131561279
double_cold	double_cold/seed_0	0	0	1415	0.34077921509742737
double_cold	double_cold/seed_0	0	0	1421	0.5767524242401123
double_cold	double_cold/seed_0	0	0	1459	0.6388888955116272
double_cold	double_cold/seed_0	0	0	1467	0.88601827621459961
double_cold	double_cold/seed_0	0	0	1469	0.85857141017913818
double_cold	double_cold/seed_0	0	0	1492	0.50586307048797607
double_cold	double_cold/seed_0	0	0	1509	0.49751800298690796
double_cold	double_cold/seed_0	0	0	1514	0.96153843402862549
double_cold	double_cold/seed_0	0	0	1534	0.75
double_cold	double_cold/seed_0	0	0	1621	0.94444441795349121
double_cold	double_cold/seed_0	0	0	1643	0.60000002384185791
double_cold	double_cold/seed_0	0	0	1654	0.58695650100708008
double_cold	double_cold/seed_0	0	0	1669	0.44050481915473938
double_cold	double_cold/seed_0	0	0	1686	0.34856009483337402
double_cold	double_cold/seed_0	0	0	1690	0.58730161190032959
double_cold	double_cold/seed_0	0	0	1712	0.2916666567325592
double_cold	double_cold/seed_0	0	0	1742	0.42045456171035767
double_cold	double_cold/seed_0	0	0	1823	0.42045456171035767
double_cold	double_cold/seed_0	0	0	1865	0.51839077472686768
double_cold	double_cold/seed_0	0	0	1918	0.66666668653488159
double_cold	double_cold/seed_0	0	0	1953	0.75
double_cold	double_cold/seed_0	0	0	1962	0.55016720294952393
double_cold	double_cold/seed_0	0	0	1972	1
double_cold	double_cold/seed_0	0	0	2022	0.6388888955116272
double_cold	double_cold/seed_0	0	0	2051	0.29774773120880127
double_cold	double_cold/seed_0	0	0	2059	0.56254953145980835
double_cold	double_cold/seed_0	0	0	2060	0.50506073236465454
double_cold	double_cold/seed_0	0	0	2073	0.53490567207336426
double_cold	double_cold/seed_0	0	0	2077	0.66666668653488159
double_cold	double_cold/seed_0	0	0	2080	0.41111111640930176
double_cold	double_cold/seed_0	0	0	2122	0.8125
double_cold	double_cold/seed_0	0	0	2138	0.73076921701431274
double_cold	double_cold/seed_0	0	0	2159	0.66666668653488159
double_cold	double_cold/seed_0	0	0	2161	0.73076921701431274
double_cold	double_cold/seed_0	0	0	2164	0.49671053886413574
double_cold	double_cold/seed_1	1	1	23	0.58297872543334961
double_cold	double_cold/seed_1	1	1	48	0.57727271318435669
double_cold	double_cold/seed_1	1	1	62	0.30664855241775513
double_cold	double_cold/seed_1	1	1	178	0.50755858421325684
double_cold	double_cold/seed_1	1	1	186	0.54106283187866211
double_cold	double_cold/seed_1	1	1	232	0.51880139112472534
double_cold	double_cold/seed_1	1	1	238	0.5192444920539856
double_cold	double_cold/seed_1	1	1	252	0.70833331346511841
double_cold	double_cold/seed_1	1	1	311	0.54742550849914551
double_cold	double_cold/seed_1	1	1	330	0.6146245002746582
double_cold	double_cold/seed_1	1	1	354	0.97222220897674561
double_cold	double_cold/seed_1	1	1	388	0.29393941164016724
double_cold	double_cold/seed_1	1	1	396	0.54166662693023682
double_cold	double_cold/seed_1	1	1	398	0.29545456171035767
double_cold	double_cold/seed_1	1	1	427	0.45269769430160522
double_cold	double_cold/seed_1	1	1	431	0.70297873020172119
double_cold	double_cold/seed_1	1	1	432	0.65045249462127686
double_cold	double_cold/seed_1	1	1	433	0.58064514398574829
double_cold	double_cold/seed_1	1	1	487	0.875
double_cold	double_cold/seed_1	1	1	488	0.57142859697341919
double_cold	double_cold/seed_1	1	1	506	0.57228118181228638
double_cold	double_cold/seed_1	1	1	520	0.2916666567325592
double_cold	double_cold/seed_1	1	1	522	0.59941518306732178
double_cold	double_cold/seed_1	1	1	568	0.57954543828964233
double_cold	double_cold/seed_1	1	1	644	0.48476701974868774
double_cold	double_cold/seed_1	1	1	651	0.52455717325210571
double_cold	double_cold/seed_1	1	1	663	0.51880139112472534
double_cold	double_cold/seed_1	1	1	668	0.45995426177978516
double_cold	double_cold/seed_1	1	1	676	0.26839828491210938
double_cold	double_cold/seed_1	1	1	689	0.50452077388763428
double_cold	double_cold/seed_1	1	1	718	0.5
double_cold	double_cold/seed_1	1	1	719	0.52083337306976318
double_cold	double_cold/seed_1	1	1	734	0.56363636255264282
double_cold	double_cold/seed_1	1	1	740	0.69444441795349121
double_cold	double_cold/seed_1	1	1	752	0.78378379344940186
double_cold	double_cold/seed_1	1	1	759	0.8571428656578064
double_cold	double_cold/seed_1	1	1	778	0.46858763694763184
double_cold	double_cold/seed_1	1	1	787	0.59722220897674561
double_cold	double_cold/seed_1	1	1	788	0.84203296899795532
double_cold	double_cold/seed_1	1	1	797	0.49404764175415039
double_cold	double_cold/seed_1	1	1	800	0.31810036301612854
double_cold	double_cold/seed_1	1	1	804	0.28119403123855591
double_cold	double_cold/seed_1	1	1	818	0.828125
double_cold	double_cold/seed_1	1	1	830	0.28897181153297424
double_cold	double_cold/seed_1	1	1	872	0.28119403123855591
double_cold	double_cold/seed_1	1	1	894	0.65555554628372192
double_cold	double_cold/seed_1	1	1	899	0.61250001192092896
double_cold	double_cold/seed_1	1	1	929	0.46252930164337158
double_cold	double_cold/seed_1	1	1	935	0.56666666269302368
double_cold	double_cold/seed_1	1	1	952	0.76666665077209473
double_cold	double_cold/seed_1	1	1	999	0.54166662693023682
double_cold	double_cold/seed_1	1	1	1001	0.29690831899642944
double_cold	double_cold/seed_1	1	1	1030	0.48476701974868774
double_cold	double_cold/seed_1	1	1	1039	0.5
double_cold	double_cold/seed_1	1	1	1057	0.68301510810852051
double_cold	double_cold/seed_1	1	1	1060	0.43617022037506104
double_cold	double_cold/seed_1	1	1	1062	0.57967209815979004
double_cold	double_cold/seed_1	1	1	1098	0.44760724902153015
double_cold	double_cold/seed_1	1	1	1125	0.56631207466125488
double_cold	double_cold/seed_1	1	1	1165	0.58960902690887451
double_cold	double_cold/seed_1	1	1	1171	0.61864405870437622
double_cold	double_cold/seed_1	1	1	1187	0.6428571343421936
double_cold	double_cold/seed_1	1	1	1198	0.55769228935241699
double_cold	double_cold/seed_1	1	1	1221	0.5
double_cold	double_cold/seed_1	1	1	1225	0.65504807233810425
double_cold	double_cold/seed_1	1	1	1226	0.60616785287857056
double_cold	double_cold/seed_1	1	1	1229	0.58333337306976318
double_cold	double_cold/seed_1	1	1	1239	0.26839828491210938
double_cold	double_cold/seed_1	1	1	1241	0.51672244071960449
double_cold	double_cold/seed_1	1	1	1269	0.5396721363067627
double_cold	double_cold/seed_1	1	1	1271	0.23118279874324799
double_cold	double_cold/seed_1	1	1	1302	0.54347825050354004
double_cold	double_cold/seed_1	1	1	1308	0.55357140302658081
double_cold	double_cold/seed_1	1	1	1362	0.27586206793785095
double_cold	double_cold/seed_1	1	1	1374	0.55116277933120728
double_cold	double_cold/seed_1	1	1	1376	0.67391306161880493
double_cold	double_cold/seed_1	1	1	1388	0.73194617033004761
double_cold	double_cold/seed_1	1	1	1390	0.31810036301612854
double_cold	double_cold/seed_1	1	1	1429	0.54006409645080566
double_cold	double_cold/seed_1	1	1	1434	0.65797877311706543
double_cold	double_cold/seed_1	1	1	1468	0.54901218414306641
double_cold	double_cold/seed_1	1	1	1472	0.55000001192092896
double_cold	double_cold/seed_1	1	1	1480	0.58064514398574829
double_cold	double_cold/seed_1	1	1	1497	0.72925102710723877
double_cold	double_cold/seed_1	1	1	1505	0.78205132484436035
double_cold	double_cold/seed_1	1	1	1519	0.26839828491210938
double_cold	double_cold/seed_1	1	1	1539	0.38445264101028442
double_cold	double_cold/seed_1	1	1	1555	0.74436092376708984
double_cold	double_cold/seed_1	1	1	1574	0.29690831899642944
double_cold	double_cold/seed_1	1	1	1575	0.54787719249725342
double_cold	double_cold/seed_1	1	1	1650	0.5
double_cold	double_cold/seed_1	1	1	1662	0.56730771064758301
double_cold	double_cold/seed_1	1	1	1712	0.2916666567325592
double_cold	double_cold/seed_1	1	1	1733	0.28897181153297424
double_cold	double_cold/seed_1	1	1	1747	0.49666666984558105
double_cold	double_cold/seed_1	1	1	1791	0.29393941164016724
double_cold	double_cold/seed_1	1	1	1804	0.54675400257110596
double_cold	double_cold/seed_1	1	1	1821	0.39966738224029541
double_cold	double_cold/seed_1	1	1	1836	0.62297874689102173
double_cold	double_cold/seed_1	1	1	1840	0.33181819319725037
double_cold	double_cold/seed_1	1	1	1847	0.57202380895614624
double_cold	double_cold/seed_1	1	1	1867	0.47826087474822998
double_cold	double_cold/seed_1	1	1	1873	0.26839828491210938
double_cold	double_cold/seed_1	1	1	1881	0.34999999403953552
double_cold	double_cold/seed_1	1	1	1889	0.67857146263122559
double_cold	double_cold/seed_1	1	1	1895	0.579365074634552
double_cold	double_cold/seed_1	1	1	1913	0.35708534717559814
double_cold	double_cold/seed_1	1	1	1934	0.65151512622833252
double_cold	double_cold/seed_1	1	1	1955	0.30664855241775513
double_cold	double_cold/seed_1	1	1	2063	0.44831046462059021
double_cold	double_cold/seed_1	1	1	2069	0.82352942228317261
double_cold	double_cold/seed_1	1	1	2076	0.70192307233810425
double_cold	double_cold/seed_1	1	1	2088	0.5
double_cold	double_cold/seed_1	1	1	2090	0.60616785287857056
double_cold	double_cold/seed_1	1	1	2092	0.5
double_cold	double_cold/seed_1	1	1	2114	0.60298103094100952
double_cold	double_cold/seed_1	1	1	2121	0.65217393636703491
double_cold	double_cold/seed_1	1	1	2123	0.32692307233810425
double_cold	double_cold/seed_1	1	1	2147	0.708823561668396
double_cold	double_cold/seed_1	1	1	2148	0.55000001192092896
double_cold	double_cold/seed_1	1	1	2157	0.41182315349578857
double_cold	double_cold/seed_1	1	1	2167	0.75
double_cold	double_cold/seed_1	1	1	2170	0.5961538553237915
double_cold	double_cold/seed_1	1	1	2173	0.65151512622833252
double_cold	double_cold/seed_1	1	1	2174	0.70689654350280762
double_cold	double_cold/seed_1	1	1	2180	0.76923078298568726
double_cold	double_cold/seed_1	1	1	2190	0.78571426868438721
double_cold	double_cold/seed_1	1	1	2193	0.75
double_cold	double_cold/seed_1	1	1	2199	0.80769228935241699
double_cold	double_cold/seed_1	1	1	2207	0.75
double_cold	double_cold/seed_1	1	1	2211	0.67741936445236206
double_cold	double_cold/seed_1	1	1	2213	0.57142859697341919
double_cold	double_cold/seed_1	1	1	2219	0.72727274894714355
double_cold	double_cold/seed_1	1	1	2227	0.76760566234588623
double_cold	double_cold/seed_1	1	1	2228	0.64999997615814209
double_cold	double_cold/seed_1	1	1	2233	0.68181818723678589
double_cold	double_cold/seed_1	1	1	2238	0.72000002861022949
double_cold	double_cold/seed_1	1	1	2241	0.60000002384185791
double_cold	double_cold/seed_1	1	1	2258	0.64705884456634521
double_cold	double_cold/seed_1	1	1	2266	0.58928573131561279
double_cold	double_cold/seed_1	1	1	2270	0.95348834991455078
double_cold	double_cold/seed_1	1	1	2284	0.84848487377166748
double_cold	double_cold/seed_1	1	1	2287	0.66666668653488159
double_cold	double_cold/seed_1	1	1	2292	0.84210526943206787
double_cold	double_cold/seed_1	1	1	2294	0.86585366725921631
double_cold	double_cold/seed_1	1	1	2297	0.72916668653488159
double_cold	double_cold/seed_1	1	1	2298	0.6875
double_cold	double_cold/seed_1	1	1	2299	0.77586209774017334
double_cold	double_cold/seed_1	1	1	2301	0.96296298503875732
double_cold	double_cold/seed_1	1	1	2306	0.78070175647735596
double_cold	double_cold/seed_1	1	1	2316	0.71153843402862549
double_cold	double_cold/seed_1	1	1	2317	0.82758617401123047
double_cold	double_cold/seed_1	1	1	2321	1
double_cold	double_cold/seed_1	1	1	2326	0.75
double_cold	double_cold/seed_1	1	1	2351	0.81481480598449707
double_cold	double_cold/seed_1	1	1	2355	0.65999996662139893
double_cold	double_cold/seed_1	1	1	2358	0.76923078298568726
double_cold	double_cold/seed_1	1	1	2360	0.62962961196899414
double_cold	double_cold/seed_1	1	1	2368	0.65277779102325439
double_cold	double_cold/seed_1	1	1	2373	0.52631580829620361
double_cold	double_cold/seed_1	1	1	2377	0.58333331346511841
double_cold	double_cold/seed_1	1	1	2382	0.86842107772827148
double_cold	double_cold/seed_2	2	2	86	0.52536231279373169
double_cold	double_cold/seed_2	2	2	136	0.45525017380714417
double_cold	double_cold/seed_2	2	2	161	0.35151514410972595
double_cold	double_cold/seed_2	2	2	189	0.66466343402862549
double_cold	double_cold/seed_2	2	2	192	0.43199434876441956
double_cold	double_cold/seed_2	2	2	245	0.32718193531036377
double_cold	double_cold/seed_2	2	2	287	0.50148224830627441
double_cold	double_cold/seed_2	2	2	322	0.41603344678878784
double_cold	double_cold/seed_2	2	2	383	0.61524391174316406
double_cold	double_cold/seed_2	2	2	395	0.4513975977897644
double_cold	double_cold/seed_2	2	2	427	0.39279636740684509
double_cold	double_cold/seed_2	2	2	484	0.5
double_cold	double_cold/seed_2	2	2	503	0.54355400800704956
double_cold	double_cold/seed_2	2	2	512	0.76470589637756348
double_cold	double_cold/seed_2	2	2	523	0.67531448602676392
double_cold	double_cold/seed_2	2	2	530	0.5595238208770752
double_cold	double_cold/seed_2	2	2	531	0.5221858024597168
double_cold	double_cold/seed_2	2	2	612	0.61923074722290039
double_cold	double_cold/seed_2	2	2	697	0.54964542388916016
double_cold	double_cold/seed_2	2	2	714	0.3125
double_cold	double_cold/seed_2	2	2	750	0.28333333134651184
double_cold	double_cold/seed_2	2	2	768	0.71666669845581055
double_cold	double_cold/seed_2	2	2	833	0.41118013858795166
double_cold	double_cold/seed_2	2	2	881	0.34848487377166748
double_cold	double_cold/seed_2	2	2	969	0.56097561120986938
double_cold	double_cold/seed_2	2	2	1059	0.88601827621459961
double_cold	double_cold/seed_2	2	2	1127	0.5
double_cold	double_cold/seed_2	2	2	1161	0.55213707685470581
double_cold	double_cold/seed_2	2	2	1173	0.61923074722290039
double_cold	double_cold/seed_2	2	2	1189	0.5625
double_cold	double_cold/seed_2	2	2	1243	0.57999998331069946
double_cold	double_cold/seed_2	2	2	1319	0.75
double_cold	double_cold/seed_2	2	2	1328	0.5595238208770752
double_cold	double_cold/seed_2	2	2	1333	0.59000003337860107
double_cold	double_cold/seed_2	2	2	1345	0.6894230842590332
double_cold	double_cold/seed_2	2	2	1347	0.287615567445755
double_cold	double_cold/seed_2	2	2	1358	0.41858482360839844
double_cold	double_cold/seed_2	2	2	1388	0.58672249317169189
double_cold	double_cold/seed_2	2	2	1410	0.54964542388916016
double_cold	double_cold/seed_2	2	2	1412	0.67417418956756592
double_cold	double_cold/seed_2	2	2	1460	0.58297872543334961
double_cold	double_cold/seed_2	2	2	1463	0.34487181901931763
double_cold	double_cold/seed_2	2	2	1474	0.42528736591339111
double_cold	double_cold/seed_2	2	2	1492	0.54056203365325928
double_cold	double_cold/seed_2	2	2	1506	0.375
double_cold	double_cold/seed_2	2	2	1520	0.57863092422485352
double_cold	double_cold/seed_2	2	2	1552	0.48016935586929321
double_cold	double_cold/seed_2	2	2	1567	0.55509525537490845
double_cold	double_cold/seed_2	2	2	1580	0.43199434876441956
double_cold	double_cold/seed_2	2	2	1590	0.54355400800704956
double_cold	double_cold/seed_2	2	2	1627	0.85857141017913818
double_cold	double_cold/seed_2	2	2	1644	0.51802420616149902
double_cold	double_cold/seed_2	2	2	1679	0.39220750331878662
double_cold	double_cold/seed_2	2	2	1692	0.52232146263122559
double_cold	double_cold/seed_2	2	2	1763	0.6815718412399292
double_cold	double_cold/seed_2	2	2	1827	0.54329001903533936
double_cold	double_cold/seed_2	2	2	1829	0.33725491166114807
double_cold	double_cold/seed_2	2	2	1833	0.46631208062171936
double_cold	double_cold/seed_2	2	2	1855	0.50151515007019043
double_cold	double_cold/seed_2	2	2	1859	0.5258328914642334
double_cold	double_cold/seed_2	2	2	1865	0.51839077472686768
double_cold	double_cold/seed_2	2	2	1870	0.65381205081939697
double_cold	double_cold/seed_2	2	2	1883	0.58169937133789062
double_cold	double_cold/seed_2	2	2	1887	0.65714287757873535
double_cold	double_cold/seed_2	2	2	1893	0.57926833629608154
double_cold	double_cold/seed_2	2	2	1907	0.76666665077209473
double_cold	double_cold/seed_2	2	2	1923	0.54166662693023682
double_cold	double_cold/seed_2	2	2	1924	0.54166662693023682
double_cold	double_cold/seed_2	2	2	1962	0.50452160835266113
double_cold	double_cold/seed_2	2	2	1967	0.54329001903533936
double_cold	double_cold/seed_2	2	2	2044	0.42077398300170898
double_cold	double_cold/seed_2	2	2	2045	0.57926833629608154
double_cold	double_cold/seed_2	2	2	2051	0.29774773120880127
double_cold	double_cold/seed_2	2	2	2052	0.53921568393707275
double_cold	double_cold/seed_2	2	2	2060	0.52033251523971558
double_cold	double_cold/seed_2	2	2	2078	0.5952380895614624
double_cold	double_cold/seed_2	2	2	2106	0.53571426868438721
double_cold	double_cold/seed_2	2	2	2168	0.57142859697341919
double_cold	double_cold/seed_2	2	2	2170	0.6071428656578064
double_cold	double_cold/seed_2	2	2	2176	0.5727272629737854
double_cold	double_cold/seed_2	2	2	2184	1
double_cold	double_cold/seed_2	2	2	2185	0.96296298503875732
double_cold	double_cold/seed_2	2	2	2191	0.57692307233810425
double_cold	double_cold/seed_2	2	2	2196	0.67703348398208618
double_cold	double_cold/seed_2	2	2	2201	0.7288135290145874
double_cold	double_cold/seed_2	2	2	2204	0.88235294818878174
double_cold	double_cold/seed_2	2	2	2205	0.83333337306976318
double_cold	double_cold/seed_2	2	2	2207	0.57142859697341919
double_cold	double_cold/seed_2	2	2	2211	0.64999997615814209
double_cold	double_cold/seed_2	2	2	2214	0.57575756311416626
double_cold	double_cold/seed_2	2	2	2220	0.71590912342071533
double_cold	double_cold/seed_2	2	2	2233	0.68421053886413574
double_cold	double_cold/seed_2	2	2	2234	1
double_cold	double_cold/seed_2	2	2	2236	0.64999997615814209
double_cold	double_cold/seed_2	2	2	2242	0.58333331346511841
double_cold	double_cold/seed_2	2	2	2243	0.57692307233810425
double_cold	double_cold/seed_2	2	2	2244	0.84375
double_cold	double_cold/seed_2	2	2	2245	0.57142859697341919
double_cold	double_cold/seed_2	2	2	2248	0.625
double_cold	double_cold/seed_2	2	2	2257	0.57142859697341919
double_cold	double_cold/seed_2	2	2	2261	0.57142859697341919
double_cold	double_cold/seed_2	2	2	2268	0.96428573131561279
double_cold	double_cold/seed_2	2	2	2271	0.62962961196899414
double_cold	double_cold/seed_2	2	2	2277	0.69999998807907104
double_cold	double_cold/seed_2	2	2	2283	0.796875
double_cold	double_cold/seed_2	2	2	2284	0.84848487377166748
double_cold	double_cold/seed_2	2	2	2289	0.875
double_cold	double_cold/seed_2	2	2	2291	1
double_cold	double_cold/seed_2	2	2	2295	0.85185182094573975
double_cold	double_cold/seed_2	2	2	2297	0.72916668653488159
double_cold	double_cold/seed_2	2	2	2298	0.6875
double_cold	double_cold/seed_2	2	2	2301	0.96296298503875732
double_cold	double_cold/seed_2	2	2	2311	0.81999999284744263
double_cold	double_cold/seed_2	2	2	2313	0.67391306161880493
double_cold	double_cold/seed_2	2	2	2314	0.94230771064758301
double_cold	double_cold/seed_2	2	2	2321	1
double_cold	double_cold/seed_2	2	2	2323	0.57692307233810425
double_cold	double_cold/seed_2	2	2	2326	0.66666668653488159
double_cold	double_cold/seed_2	2	2	2328	0.63846153020858765
double_cold	double_cold/seed_2	2	2	2331	0.77358490228652954
double_cold	double_cold/seed_2	2	2	2333	0.66666668653488159
double_cold	double_cold/seed_2	2	2	2338	0.69999998807907104
double_cold	double_cold/seed_2	2	2	2342	0.70588237047195435
double_cold	double_cold/seed_2	2	2	2349	0.69999998807907104
double_cold	double_cold/seed_2	2	2	2359	0.59375
double_cold	double_cold/seed_2	2	2	2362	0.60416668653488159
double_cold	double_cold/seed_2	2	2	2368	0.67142856121063232
double_cold	double_cold/seed_2	2	2	2375	1
double_cold	double_cold/seed_2	2	2	2378	0.81666666269302368
double_cold	double_cold/seed_2	2	2	2381	0.87931036949157715
double_cold	double_cold/seed_2	2	2	2382	0.86842107772827148
double_cold	double_cold/seed_3	3	3	3	0.69491523504257202
double_cold	double_cold/seed_3	3	3	39	0.42708331346511841
double_cold	double_cold/seed_3	3	3	61	0.1875
double_cold	double_cold/seed_3	3	3	99	0.61538463830947876
double_cold	double_cold/seed_3	3	3	120	0.5803571343421936
double_cold	double_cold/seed_3	3	3	136	0.56000000238418579
double_cold	double_cold/seed_3	3	3	152	0.5178571343421936
double_cold	double_cold/seed_3	3	3	153	0.42708331346511841
double_cold	double_cold/seed_3	3	3	172	0.72727274894714355
double_cold	double_cold/seed_3	3	3	259	0.5625
double_cold	double_cold/seed_3	3	3	271	0.64211887121200562
double_cold	double_cold/seed_3	3	3	442	0.63461542129516602
double_cold	double_cold/seed_3	3	3	576	0.8571428656578064
double_cold	double_cold/seed_3	3	3	601	0.75
double_cold	double_cold/seed_3	3	3	623	0.33620691299438477
double_cold	double_cold/seed_3	3	3	657	0.5545923113822937
double_cold	double_cold/seed_3	3	3	691	0.52960526943206787
double_cold	double_cold/seed_3	3	3	707	0.55000001192092896
double_cold	double_cold/seed_3	3	3	710	0.50647807121276855
double_cold	double_cold/seed_3	3	3	720	0.75
double_cold	double_cold/seed_3	3	3	744	0.79166662693023682
double_cold	double_cold/seed_3	3	3	755	0.65217387676239014
double_cold	double_cold/seed_3	3	3	773	0.14805194735527039
double_cold	double_cold/seed_3	3	3	775	0.57496011257171631
double_cold	double_cold/seed_3	3	3	881	0.34848487377166748
double_cold	double_cold/seed_3	3	3	884	0.51797384023666382
double_cold	double_cold/seed_3	3	3	924	0.28703704476356506
double_cold	double_cold/seed_3	3	3	925	0.72000002861022949
double_cold	double_cold/seed_3	3	3	993	0.30364656448364258
double_cold	double_cold/seed_3	3	3	996	0.28125
double_cold	double_cold/seed_3	3	3	1014	0.71510297060012817
double_cold	double_cold/seed_3	3	3	1048	0.43888890743255615
double_cold	double_cold/seed_3	3	3	1071	0.48076921701431274
double_cold	double_cold/seed_3	3	3	1080	0.59848487377166748
double_cold	double_cold/seed_3	3	3	1088	0.48076921701431274
double_cold	double_cold/seed_3	3	3	1129	0.5099637508392334
double_cold	double_cold/seed_3	3	3	1206	0.52777779102325439
double_cold	double_cold/seed_3	3	3	1220	0.31339713931083679
double_cold	double_cold/seed_3	3	3	1233	0.65780735015869141
double_cold	double_cold/seed_3	3	3	1254	0.53118908405303955
double_cold	double_cold/seed_3	3	3	1258	0.64705884456634521
double_cold	double_cold/seed_3	3	3	1271	0.23118279874324799
double_cold	double_cold/seed_3	3	3	1331	0.45555555820465088
double_cold	double_cold/seed_3	3	3	1382	0.75
double_cold	double_cold/seed_3	3	3	1429	0.71527779102325439
double_cold	double_cold/seed_3	3	3	1454	0.35124999284744263
double_cold	double_cold/seed_3	3	3	1459	0.79166662693023682
double_cold	double_cold/seed_3	3	3	1500	0.75384616851806641
double_cold	double_cold/seed_3	3	3	1508	0.55880105495452881
double_cold	double_cold/seed_3	3	3	1541	0.69186043739318848
double_cold	double_cold/seed_3	3	3	1555	0.74436092376708984
double_cold	double_cold/seed_3	3	3	1559	0.5
double_cold	double_cold/seed_3	3	3	1588	0.3133484423160553
double_cold	double_cold/seed_3	3	3	1632	0.3399122953414917
double_cold	double_cold/seed_3	3	3	1645	0.73076921701431274
double_cold	double_cold/seed_3	3	3	1648	0.75
double_cold	double_cold/seed_3	3	3	1697	0.707317054271698
double_cold	double_cold/seed_3	3	3	1759	0.65217387676239014
double_cold	double_cold/seed_3	3	3	1779	0.34285715222358704
double_cold	double_cold/seed_3	3	3	1893	0.75
double_cold	double_cold/seed_3	3	3	1920	0.5625
double_cold	double_cold/seed_3	3	3	1954	0.875
double_cold	double_cold/seed_3	3	3	1986	0.75384616851806641
double_cold	double_cold/seed_3	3	3	2008	0.54566562175750732
double_cold	double_cold/seed_3	3	3	2056	0.55100381374359131
double_cold	double_cold/seed_3	3	3	2066	0.75
double_cold	double_cold/seed_3	3	3	2119	0.66098487377166748
double_cold	double_cold/seed_3	3	3	2139	0.21166667342185974
double_cold	double_cold/seed_4	4	4	6	0.66041666269302368
double_cold	double_cold/seed_4	4	4	13	0.5
double_cold	double_cold/seed_4	4	4	57	0.71428573131561279
double_cold	double_cold/seed_4	4	4	94	0.55501329898834229
double_cold	double_cold/seed_4	4	4	117	0.584555983543396
double_cold	double_cold/seed_4	4	4	140	0.27139037847518921
double_cold	double_cold/seed_4	4	4	157	0.50526928901672363
double_cold	double_cold/seed_4	4	4	169	0.44354838132858276
double_cold	double_cold/seed_4	4	4	177	0.73529410362243652
double_cold	double_cold/seed_4	4	4	179	0.53125
double_cold	double_cold/seed_4	4	4	204	0.60882353782653809
double_cold	double_cold/seed_4	4	4	218	0.61014211177825928
double_cold	double_cold/seed_4	4	4	240	0.45598715543746948
double_cold	double_cold/seed_4	4	4	241	0.28792569041252136
double_cold	double_cold/seed_4	4	4	338	0.6388888955116272
double_cold	double_cold/seed_4	4	4	353	0.63461542129516602
double_cold	double_cold/seed_4	4	4	368	0.71969699859619141
double_cold	double_cold/seed_4	4	4	374	0.57142859697341919
double_cold	double_cold/seed_4	4	4	383	0.61524391174316406
double_cold	double_cold/seed_4	4	4	394	0.45827984809875488
double_cold	double_cold/seed_4	4	4	428	0.625
double_cold	double_cold/seed_4	4	4	445	0.33524027466773987
double_cold	double_cold/seed_4	4	4	448	0.73684209585189819
double_cold	double_cold/seed_4	4	4	463	0.67647057771682739
double_cold	double_cold/seed_4	4	4	502	0.56632649898529053
double_cold	double_cold/seed_4	4	4	504	0.625
double_cold	double_cold/seed_4	4	4	510	0.47959184646606445
double_cold	double_cold/seed_4	4	4	511	0.51441442966461182
double_cold	double_cold/seed_4	4	4	522	0.579365074634552
double_cold	double_cold/seed_4	4	4	529	0.47421997785568237
double_cold	double_cold/seed_4	4	4	564	0.625
double_cold	double_cold/seed_4	4	4	590	0.28575283288955688
double_cold	double_cold/seed_4	4	4	599	0.27948111295700073
double_cold	double_cold/seed_4	4	4	608	0.95454549789428711
double_cold	double_cold/seed_4	4	4	636	0.71418130397796631
double_cold	double_cold/seed_4	4	4	667	0.73529410362243652
double_cold	double_cold/seed_4	4	4	688	0.69999998807907104
double_cold	double_cold/seed_4	4	4	692	0.81999999284744263
double_cold	double_cold/seed_4	4	4	711	0.54106283187866211
double_cold	double_cold/seed_4	4	4	725	0.75
double_cold	double_cold/seed_4	4	4	783	0.46250000596046448
double_cold	double_cold/seed_4	4	4	826	0.6538461446762085
double_cold	double_cold/seed_4	4	4	844	0.2689368724822998
double_cold	double_cold/seed_4	4	4	888	0.88601827621459961
double_cold	double_cold/seed_4	4	4	904	0.54515600204467773
double_cold	double_cold/seed_4	4	4	928	0.60925924777984619
double_cold	double_cold/seed_4	4	4	943	0.52199071645736694
double_cold	double_cold/seed_4	4	4	966	0.61455023288726807
double_cold	double_cold/seed_4	4	4	982	0.98076921701431274
double_cold	double_cold/seed_4	4	4	986	0.28792569041252136
double_cold	double_cold/seed_4	4	4	993	0.52880179882049561
double_cold	double_cold/seed_4	4	4	1011	0.54251015186309814
double_cold	double_cold/seed_4	4	4	1015	0.61764705181121826
double_cold	double_cold/seed_4	4	4	1022	0.71590912342071533
double_cold	double_cold/seed_4	4	4	1041	0.80769228935241699
double_cold	double_cold/seed_4	4	4	1049	0.69607841968536377
double_cold	double_cold/seed_4	4	4	1054	0.66666668653488159
double_cold	double_cold/seed_4	4	4	1057	0.68301510810852051
double_cold	double_cold/seed_4	4	4	1064	0.73333334922790527
double_cold	double_cold/seed_4	4	4	1085	0.43277615308761597
double_cold	double_cold/seed_4	4	4	1088	0.48076921701431274
double_cold	double_cold/seed_4	4	4	1089	0.78760421276092529
double_cold	double_cold/seed_4	4	4	1121	0.33405795693397522
double_cold	double_cold/seed_4	4	4	1123	0.625
double_cold	double_cold/seed_4	4	4	1177	0.55434781312942505
double_cold	double_cold/seed_4	4	4	1221	0.5
double_cold	double_cold/seed_4	4	4	1227	0.66666668653488159
double_cold	double_cold/seed_4	4	4	1240	0.875
double_cold	double_cold/seed_4	4	4	1287	0.52708333730697632
double_cold	double_cold/seed_4	4	4	1294	0.73529410362243652
double_cold	double_cold/seed_4	4	4	1313	0.88601827621459961
double_cold	double_cold/seed_4	4	4	1327	0.63333332538604736
double_cold	double_cold/seed_4	4	4	1332	0.64705884456634521
double_cold	double_cold/seed_4	4	4	1340	0.58333331346511841
double_cold	double_cold/seed_4	4	4	1350	0.66666668653488159
double_cold	double_cold/seed_4	4	4	1396	0.96428573131561279
double_cold	double_cold/seed_4	4	4	1421	0.5767524242401123
double_cold	double_cold/seed_4	4	4	1423	0.6388888955116272
double_cold	double_cold/seed_4	4	4	1424	0.71428573131561279
double_cold	double_cold/seed_4	4	4	1457	0.62962961196899414
double_cold	double_cold/seed_4	4	4	1481	0.46250000596046448
double_cold	double_cold/seed_4	4	4	1483	0.48594847321510315
double_cold	double_cold/seed_4	4	4	1493	0.584555983543396
double_cold	double_cold/seed_4	4	4	1496	0.28888890147209167
double_cold	double_cold/seed_4	4	4	1506	0.375
double_cold	double_cold/seed_4	4	4	1507	0.59890109300613403
double_cold	double_cold/seed_4	4	4	1514	0.96153843402862549
double_cold	double_cold/seed_4	4	4	1516	0.61538463830947876
double_cold	double_cold/seed_4	4	4	1536	0.33524027466773987
double_cold	double_cold/seed_4	4	4	1539	0.38445264101028442
double_cold	double_cold/seed_4	4	4	1566	0.37854477763175964
double_cold	double_cold/seed_4	4	4	1575	0.6061253547668457
double_cold	double_cold/seed_4	4	4	1650	0.5
double_cold	double_cold/seed_4	4	4	1661	0.58809524774551392
double_cold	double_cold/seed_4	4	4	1685	0.42436563968658447
double_cold	double_cold/seed_4	4	4	1715	0.55741757154464722
double_cold	double_cold/seed_4	4	4	1730	0.50070476531982422
double_cold	double_cold/seed_4	4	4	1739	0.65714287757873535
double_cold	double_cold/seed_4	4	4	1740	0.2836478054523468
double_cold	double_cold/seed_4	4	4	1765	0.71497583389282227
double_cold	double_cold/seed_4	4	4	1778	0.52999997138977051
double_cold	double_cold/seed_4	4	4	1792	0.54251015186309814
double_cold	double_cold/seed_4	4	4	1800	0.29120880365371704
double_cold	double_cold/seed_4	4	4	1901	0.84301269054412842
double_cold	double_cold/seed_4	4	4	1916	0.63461542129516602
double_cold	double_cold/seed_4	4	4	1931	0.48870968818664551
double_cold	double_cold/seed_4	4	4	1962	0.55016720294952393
double_cold	double_cold/seed_4	4	4	2008	0.54566562175750732
double_cold	double_cold/seed_4	4	4	2012	0.60000002384185791
double_cold	double_cold/seed_4	4	4	2016	0.30067920684814453
double_cold	double_cold/seed_4	4	4	2032	0.67531448602676392
double_cold	double_cold/seed_4	4	4	2034	0.80769228935241699
double_cold	double_cold/seed_4	4	4	2055	0.55736434459686279
double_cold	double_cold/seed_4	4	4	2061	0.32424241304397583
double_cold	double_cold/seed_4	4	4	2065	0.80769228935241699
double_cold	double_cold/seed_4	4	4	2120	0.61538463830947876
double_cold	double_cold/seed_4	4	4	2147	0.708823561668396
double_cold	double_cold/seed_4	4	4	2166	0.5
double_cold	double_cold/seed_5	5	5	38	0.67142856121063232
double_cold	double_cold/seed_5	5	5	64	0.72727274894714355
double_cold	double_cold/seed_5	5	5	76	0.56000000238418579
double_cold	double_cold/seed_5	5	5	93	0.64772725105285645
double_cold	double_cold/seed_5	5	5	97	0.66289591789245605
double_cold	double_cold/seed_5	5	5	147	0.75
double_cold	double_cold/seed_5	5	5	148	0.75
double_cold	double_cold/seed_5	5	5	171	0.75
double_cold	double_cold/seed_5	5	5	174	0.62903225421905518
double_cold	double_cold/seed_5	5	5	177	0.73529410362243652
double_cold	double_cold/seed_5	5	5	180	0.55000001192092896
double_cold	double_cold/seed_5	5	5	188	0.60416668653488159
double_cold	double_cold/seed_5	5	5	194	0.66666668653488159
double_cold	double_cold/seed_5	5	5	202	0.66666668653488159
double_cold	double_cold/seed_5	5	5	215	0.68604648113250732
double_cold	double_cold/seed_5	5	5	250	0.49433615803718567
double_cold	double_cold/seed_5	5	5	256	0.68333333730697632
double_cold	double_cold/seed_5	5	5	257	0.83333337306976318
double_cold	double_cold/seed_5	5	5	270	0.77272725105285645
double_cold	double_cold/seed_5	5	5	274	0.64814817905426025
double_cold	double_cold/seed_5	5	5	281	0.80000001192092896
double_cold	double_cold/seed_5	5	5	298	1
double_cold	double_cold/seed_5	5	5	321	0.36868485808372498
double_cold	double_cold/seed_5	5	5	324	0.73404252529144287
double_cold	double_cold/seed_5	5	5	325	0.78205132484436035
double_cold	double_cold/seed_5	5	5	347	0.671875
double_cold	double_cold/seed_5	5	5	373	0.5
double_cold	double_cold/seed_5	5	5	385	0.75
double_cold	double_cold/seed_5	5	5	391	0.59952831268310547
double_cold	double_cold/seed_5	5	5	392	0.59782606363296509
double_cold	double_cold/seed_5	5	5	397	0.65909087657928467
double_cold	double_cold/seed_5	5	5	419	1
double_cold	double_cold/seed_5	5	5	422	0.66666668653488159
double_cold	double_cold/seed_5	5	5	423	0.64457833766937256
double_cold	double_cold/seed_5	5	5	435	0.64814817905426025
double_cold	double_cold/seed_5	5	5	448	0.73684209585189819
double_cold	double_cold/seed_5	5	5	454	0.61956524848937988
double_cold	double_cold/seed_5	5	5	455	0.73404252529144287
double_cold	double_cold/seed_5	5	5	465	0.625
double_cold	double_cold/seed_5	5	5	469	0.64035087823867798
double_cold	double_cold/seed_5	5	5	477	0.64912283420562744
double_cold	double_cold/seed_5	5	5	479	0.65909087657928467
double_cold	double_cold/seed_5	5	5	481	0.62857145071029663
double_cold	double_cold/seed_5	5	5	493	0.61956524848937988
double_cold	double_cold/seed_5	5	5	498	0.78125
double_cold	double_cold/seed_5	5	5	531	0.50803476572036743
double_cold	double_cold/seed_5	5	5	549	0.56730771064758301
double_cold	double_cold/seed_5	5	5	560	0.90163934230804443
double_cold	double_cold/seed_5	5	5	570	0.59090912342071533
double_cold	double_cold/seed_5	5	5	578	0.61904764175415039
double_cold	double_cold/seed_5	5	5	581	0.73547148704528809
double_cold	double_cold/seed_5	5	5	601	0.75
double_cold	double_cold/seed_5	5	5	611	0.62121212482452393
double_cold	double_cold/seed_5	5	5	623	0.34999999403953552
double_cold	double_cold/seed_5	5	5	627	0.34397163987159729
double_cold	double_cold/seed_5	5	5	629	0.72727274894714355
double_cold	double_cold/seed_5	5	5	661	0.3571428656578064
double_cold	double_cold/seed_5	5	5	673	0.97826087474822998
double_cold	double_cold/seed_5	5	5	693	0.86458337306976318
double_cold	double_cold/seed_5	5	5	702	0.82352942228317261
double_cold	double_cold/seed_5	5	5	714	0.34999999403953552
double_cold	double_cold/seed_5	5	5	733	0.68253970146179199
double_cold	double_cold/seed_5	5	5	742	0.62857145071029663
double_cold	double_cold/seed_5	5	5	756	0.5762711763381958
double_cold	double_cold/seed_5	5	5	758	0.75
double_cold	double_cold/seed_5	5	5	789	0.66666668653488159
double_cold	double_cold/seed_5	5	5	801	0.49860239028930664
double_cold	double_cold/seed_5	5	5	811	0.6454545259475708
double_cold	double_cold/seed_5	5	5	812	0.81000000238418579
double_cold	double_cold/seed_5	5	5	814	0.54336351156234741
double_cold	double_cold/seed_5	5	5	828	0.57967209815979004
double_cold	double_cold/seed_5	5	5	831	0.82352942228317261
double_cold	double_cold/seed_5	5	5	832	0.71428573131561279
double_cold	double_cold/seed_5	5	5	840	0.71428573131561279
double_cold	double_cold/seed_5	5	5	854	0.57407408952713013
double_cold	double_cold/seed_5	5	5	877	0.63636362552642822
double_cold	double_cold/seed_5	5	5	916	0.66666668653488159
double_cold	double_cold/seed_5	5	5	918	0.72727274894714355
double_cold	double_cold/seed_5	5	5	964	0.97826087474822998
double_cold	double_cold/seed_5	5	5	984	0.5
double_cold	double_cold/seed_5	5	5	1010	0.38152009248733521
double_cold	double_cold/seed_5	5	5	1014	0.71510297060012817
double_cold	double_cold/seed_5	5	5	1017	0.96875
double_cold	double_cold/seed_5	5	5	1020	0.97826087474822998
double_cold	double_cold/seed_5	5	5	1043	0.75
double_cold	double_cold/seed_5	5	5	1053	0.66666668653488159
double_cold	double_cold/seed_5	5	5	1056	0.60227274894714355
double_cold	double_cold/seed_5	5	5	1075	0.54797440767288208
double_cold	double_cold/seed_5	5	5	1077	0.52421760559082031
double_cold	double_cold/seed_5	5	5	1097	0.64102566242218018
double_cold	double_cold/seed_5	5	5	1102	0.66666668653488159
double_cold	double_cold/seed_5	5	5	1106	0.72413790225982666
double_cold	double_cold/seed_5	5	5	1112	0.86538457870483398
double_cold	double_cold/seed_5	5	5	1121	0.47902098298072815
double_cold	double_cold/seed_5	5	5	1123	0.625
double_cold	double_cold/seed_5	5	5	1124	0.83653843402862549
double_cold	double_cold/seed_5	5	5	1130	0.71590912342071533
double_cold	double_cold/seed_5	5	5	1134	0.46945703029632568
double_cold	double_cold/seed_5	5	5	1137	0.60000002384185791
double_cold	double_cold/seed_5	5	5	1146	0.63636362552642822
double_cold	double_cold/seed_5	5	5	1155	0.61702126264572144
double_cold	double_cold/seed_5	5	5	1161	0.5288461446762085
double_cold	double_cold/seed_5	5	5	1166	0.875
double_cold	double_cold/seed_5	5	5	1167	0.61486488580703735
double_cold	double_cold/seed_5	5	5	1181	0.6111111044883728
double_cold	double_cold/seed_5	5	5	1192	0.61538463830947876
double_cold	double_cold/seed_5	5	5	1199	0.69999998807907104
double_cold	double_cold/seed_5	5	5	1201	0.9523809552192688
double_cold	double_cold/seed_5	5	5	1208	0.71428573131561279
double_cold	double_cold/seed_5	5	5	1237	0.59090912342071533
double_cold	double_cold/seed_5	5	5	1240	0.875
double_cold	double_cold/seed_5	5	5	1260	0.53938114643096924
double_cold	double_cold/seed_5	5	5	1266	0.5
double_cold	double_cold/seed_5	5	5	1271	0.20340502262115479
double_cold	double_cold/seed_5	5	5	1294	0.73529410362243652
double_cold	double_cold/seed_5	5	5	1301	0.55448716878890991
double_cold	double_cold/seed_5	5	5	1309	0.76923078298568726
double_cold	double_cold/seed_5	5	5	1311	0.6428571343421936
double_cold	double_cold/seed_5	5	5	1317	0.671875
double_cold	double_cold/seed_5	5	5	1326	0.69230771064758301
double_cold	double_cold/seed_5	5	5	1343	0.71428573131561279
double_cold	double_cold/seed_5	5	5	1357	0.68604648113250732
double_cold	double_cold/seed_5	5	5	1362	0.28225806355476379
double_cold	double_cold/seed_5	5	5	1369	1
double_cold	double_cold/seed_5	5	5	1388	0.75371122360229492
double_cold	double_cold/seed_5	5	5	1393	0.6428571343421936
double_cold	double_cold/seed_5	5	5	1395	0.63333332538604736
double_cold	double_cold/seed_5	5	5	1401	0.5446428656578064
double_cold	double_cold/seed_5	5	5	1402	0.75714290142059326
double_cold	double_cold/seed_5	5	5	1407	0.6428571343421936
double_cold	double_cold/seed_5	5	5	1416	0.48633879423141479
double_cold	double_cold/seed_5	5	5	1424	0.6875
double_cold	double_cold/seed_5	5	5	1427	0.63043475151062012
double_cold	double_cold/seed_5	5	5	1428	0.62162160873413086
double_cold	double_cold/seed_5	5	5	1432	0.5961538553237915
double_cold	double_cold/seed_5	5	5	1457	0.62962961196899414
double_cold	double_cold/seed_5	5	5	1459	0.61363637447357178
double_cold	double_cold/seed_5	5	5	1485	0.52941179275512695
double_cold	double_cold/seed_5	5	5	1489	0.8769230842590332
double_cold	double_cold/seed_5	5	5	1509	0.50041806697845459
double_cold	double_cold/seed_5	5	5	1513	0.5
double_cold	double_cold/seed_5	5	5	1514	0.96153843402862549
double_cold	double_cold/seed_5	5	5	1518	0.6428571343421936
double_cold	double_cold/seed_5	5	5	1534	0.75
double_cold	double_cold/seed_5	5	5	1538	0.6904761791229248
double_cold	double_cold/seed_5	5	5	1541	0.69186043739318848
double_cold	double_cold/seed_5	5	5	1542	0.81034481525421143
double_cold	double_cold/seed_5	5	5	1543	0.5
double_cold	double_cold/seed_5	5	5	1554	0.80000001192092896
double_cold	double_cold/seed_5	5	5	1564	0.67164182662963867
double_cold	double_cold/seed_5	5	5	1600	0.56962025165557861
double_cold	double_cold/seed_5	5	5	1603	0.59574466943740845
double_cold	double_cold/seed_5	5	5	1606	0.78235292434692383
double_cold	double_cold/seed_5	5	5	1613	0.68181818723678589
double_cold	double_cold/seed_5	5	5	1621	0.68421053886413574
double_cold	double_cold/seed_5	5	5	1669	0.54479420185089111
double_cold	double_cold/seed_5	5	5	1694	0.380952388048172
double_cold	double_cold/seed_5	5	5	1695	0.75806450843811035
double_cold	double_cold/seed_5	5	5	1727	0.66806721687316895
double_cold	double_cold/seed_5	5	5	1756	0.765625
double_cold	double_cold/seed_5	5	5	1780	0.75
double_cold	double_cold/seed_5	5	5	1792	0.64705884456634521
double_cold	double_cold/seed_5	5	5	1815	0.74888890981674194
double_cold	double_cold/seed_5	5	5	1831	0.33303084969520569
double_cold	double_cold/seed_5	5	5	1851	0.95454549789428711
double_cold	double_cold/seed_5	5	5	1874	0.7950819730758667
double_cold	double_cold/seed_5	5	5	1903	0.5
double_cold	double_cold/seed_5	5	5	1915	0.57407408952713013
double_cold	double_cold/seed_5	5	5	1916	0.72000002861022949
double_cold	double_cold/seed_5	5	5	1920	0.5350877046585083
double_cold	double_cold/seed_5	5	5	1941	0.66666668653488159
double_cold	double_cold/seed_5	5	5	1956	0.75
double_cold	double_cold/seed_5	5	5	1999	0.64583331346511841
double_cold	double_cold/seed_5	5	5	2072	0.67391306161880493
double_cold	double_cold/seed_5	5	5	2107	0.81000000238418579
double_cold	double_cold/seed_5	5	5	2108	0.51348686218261719
double_cold	double_cold/seed_5	5	5	2120	0.74193549156188965
double_cold	double_cold/seed_5	5	5	2132	0.52895146608352661
double_cold	double_cold/seed_5	5	5	2142	0.79545450210571289
double_cold	double_cold/seed_6	6	6	7	0.60272729396820068
double_cold	double_cold/seed_6	6	6	18	0.75
double_cold	double_cold/seed_6	6	6	51	0.52338600158691406
double_cold	double_cold/seed_6	6	6	68	0.6894230842590332
double_cold	double_cold/seed_6	6	6	102	0.3909091055393219
double_cold	double_cold/seed_6	6	6	135	0.55555558204650879
double_cold	double_cold/seed_6	6	6	200	0.55769228935241699
double_cold	double_cold/seed_6	6	6	201	0.57692307233810425
double_cold	double_cold/seed_6	6	6	210	0.38986355066299438
double_cold	double_cold/seed_6	6	6	229	0.57626497745513916
double_cold	double_cold/seed_6	6	6	241	0.22763156890869141
double_cold	double_cold/seed_6	6	6	279	0.3214285671710968
double_cold	double_cold/seed_6	6	6	295	0.18484042584896088
double_cold	double_cold/seed_6	6	6	306	0.30989351868629456
double_cold	double_cold/seed_6	6	6	349	0.80434781312942505
double_cold	double_cold/seed_6	6	6	359	0.40303030610084534
double_cold	double_cold/seed_6	6	6	391	0.50148224830627441
double_cold	double_cold/seed_6	6	6	394	0.45827984809875488
double_cold	double_cold/seed_6	6	6	424	0.51041668653488159
double_cold	double_cold/seed_6	6	6	434	0.61646318435668945
double_cold	double_cold/seed_6	6	6	457	0.71331787109375
double_cold	double_cold/seed_6	6	6	494	0.60000002384185791
double_cold	double_cold/seed_6	6	6	532	0.8888888955116272
double_cold	double_cold/seed_6	6	6	571	0.84203296899795532
double_cold	double_cold/seed_6	6	6	579	0.50810813903808594
double_cold	double_cold/seed_6	6	6	607	0.37694013118743896
double_cold	double_cold/seed_6	6	6	627	0.36136364936828613
double_cold	double_cold/seed_6	6	6	638	0.71969699859619141
double_cold	double_cold/seed_6	6	6	696	0.72340428829193115
double_cold	double_cold/seed_6	6	6	701	0.51041668653488159
double_cold	double_cold/seed_6	6	6	704	0.59358978271484375
double_cold	double_cold/seed_6	6	6	714	0.43125000596046448
double_cold	double_cold/seed_6	6	6	721	0.55648624897003174
double_cold	double_cold/seed_6	6	6	730	0.53333336114883423
double_cold	double_cold/seed_6	6	6	738	0.76315790414810181
double_cold	double_cold/seed_6	6	6	748	0.51477831602096558
double_cold	double_cold/seed_6	6	6	798	0.6269230842590332
double_cold	double_cold/seed_6	6	6	801	0.5007246732711792
double_cold	double_cold/seed_6	6	6	812	0.81000000238418579
double_cold	double_cold/seed_6	6	6	822	0.72144985198974609
double_cold	double_cold/seed_6	6	6	823	0.875
double_cold	double_cold/seed_6	6	6	833	0.39778324961662292
double_cold	double_cold/seed_6	6	6	973	0.75
double_cold	double_cold/seed_6	6	6	980	0.18095839023590088
double_cold	double_cold/seed_6	6	6	984	0.55357146263122559
double_cold	double_cold/seed_6	6	6	986	0.22763156890869141
double_cold	double_cold/seed_6	6	6	989	0.60204082727432251
double_cold	double_cold/seed_6	6	6	991	0.5186733603477478
double_cold	double_cold/seed_6	6	6	1018	0.48691859841346741
double_cold	double_cold/seed_6	6	6	1034	0.66153466701507568
double_cold	double_cold/seed_6	6	6	1040	0.58776170015335083
double_cold	double_cold/seed_6	6	6	1074	0.27097505331039429
double_cold	double_cold/seed_6	6	6	1076	0.6071428656578064
double_cold	double_cold/seed_6	6	6	1085	0.60037034749984741
double_cold	double_cold/seed_6	6	6	1113	0.35287356376647949
double_cold	double_cold/seed_6	6	6	1135	0.50949656963348389
double_cold	double_cold/seed_6	6	6	1138	0.66153466701507568
double_cold	double_cold/seed_6	6	6	1152	0.51739132404327393
double_cold	double_cold/seed_6	6	6	1161	0.55213707685470581
double_cold	double_cold/seed_6	6	6	1194	0.14560440182685852
double_cold	double_cold/seed_6	6	6	1228	0.28874662518501282
double_cold	double_cold/seed_6	6	6	1241	0.55405408143997192
double_cold	double_cold/seed_6	6	6	1246	0.75862067937850952
double_cold	double_cold/seed_6	6	6	1260	0.53938114643096924
double_cold	double_cold/seed_6	6	6	1274	0.40303030610084534
double_cold	double_cold/seed_6	6	6	1278	0.42708331346511841
double_cold	double_cold/seed_6	6	6	1310	0.8769230842590332
double_cold	double_cold/seed_6	6	6	1312	0.53432202339172363
double_cold	double_cold/seed_6	6	6	1344	0.16954022645950317
double_cold	double_cold/seed_6	6	6	1385	0.78063493967056274
double_cold	double_cold/seed_6	6	6	1414	0.95048308372497559
double_cold	double_cold/seed_6	6	6	1496	0.30260047316551208
double_cold	double_cold/seed_6	6	6	1497	0.72925102710723877
double_cold	double_cold/seed_6	6	6	1502	0.41762450337409973
double_cold	double_cold/seed_6	6	6	1565	0.5
double_cold	double_cold/seed_6	6	6	1582	0.42441859841346741
double_cold	double_cold/seed_6	6	6	1656	0.46889400482177734
double_cold	double_cold/seed_6	6	6	1663	0.41607683897018433
double_cold	double_cold/seed_6	6	6	1704	0.5
double_cold	double_cold/seed_6	6	6	1723	0.6269230842590332
double_cold	double_cold/seed_6	6	6	1739	0.75862067937850952
double_cold	double_cold/seed_6	6	6	1741	0.64358210563659668
double_cold	double_cold/seed_6	6	6	1747	0.49666666984558105
double_cold	double_cold/seed_6	6	6	1751	0.83423185348510742
double_cold	double_cold/seed_6	6	6	1763	0.66224813461303711
double_cold	double_cold/seed_6	6	6	1778	0.52999997138977051
double_cold	double_cold/seed_6	6	6	1795	0.18484042584896088
double_cold	double_cold/seed_6	6	6	1815	0.72956526279449463
double_cold	double_cold/seed_6	6	6	1830	0.18095839023590088
double_cold	double_cold/seed_6	6	6	1835	0.3282608687877655
double_cold	double_cold/seed_6	6	6	1850	0.5
double_cold	double_cold/seed_6	6	6	1859	0.5258328914642334
double_cold	double_cold/seed_6	6	6	1885	0.70192307233810425
double_cold	double_cold/seed_6	6	6	1896	0.75
double_cold	double_cold/seed_6	6	6	1919	0.69642853736877441
double_cold	double_cold/seed_6	6	6	1924	0.55434781312942505
double_cold	double_cold/seed_6	6	6	1951	0.60518395900726318
double_cold	double_cold/seed_6	6	6	2000	0.5
double_cold	double_cold/seed_6	6	6	2028	0.54329115152359009
double_cold	double_cold/seed_6	6	6	2056	0.55100381374359131
double_cold	double_cold/seed_6	6	6	2060	0.52033251523971558
double_cold	double_cold/seed_6	6	6	2085	0.38333335518836975
double_cold	double_cold/seed_6	6	6	2098	0.52818626165390015
double_cold	double_cold/seed_6	6	6	2130	0.5
double_cold	double_cold/seed_6	6	6	2147	0.708823561668396
double_cold	double_cold/seed_7	7	7	5	0.54287737607955933
double_cold	double_cold/seed_7	7	7	8	0.41853144764900208
double_cold	double_cold/seed_7	7	7	12	0.82926833629608154
double_cold	double_cold/seed_7	7	7	28	0.37001895904541016
double_cold	double_cold/seed_7	7	7	30	0.64516127109527588
double_cold	double_cold/seed_7	7	7	38	0.67142856121063232
double_cold	double_cold/seed_7	7	7	39	0.42708331346511841
double_cold	double_cold/seed_7	7	7	41	0.57142859697341919
double_cold	double_cold/seed_7	7	7	44	0.80851066112518311
double_cold	double_cold/seed_7	7	7	71	0.5952380895614624
double_cold	double_cold/seed_7	7	7	76	0.5178571343421936
double_cold	double_cold/seed_7	7	7	83	0.75694441795349121
double_cold	double_cold/seed_7	7	7	93	0.64772725105285645
double_cold	double_cold/seed_7	7	7	102	0.56075215339660645
double_cold	double_cold/seed_7	7	7	108	0.58974361419677734
double_cold	double_cold/seed_7	7	7	110	0.73076921701431274
double_cold	double_cold/seed_7	7	7	112	0.5952380895614624
double_cold	double_cold/seed_7	7	7	132	0.60606062412261963
double_cold	double_cold/seed_7	7	7	154	0.78999996185302734
double_cold	double_cold/seed_7	7	7	174	0.73913043737411499
double_cold	double_cold/seed_7	7	7	198	0.4440227746963501
double_cold	double_cold/seed_7	7	7	202	0.66666668653488159
double_cold	double_cold/seed_7	7	7	203	0.5625
double_cold	double_cold/seed_7	7	7	217	0.6388888955116272
double_cold	double_cold/seed_7	7	7	225	0.80434781312942505
double_cold	double_cold/seed_7	7	7	230	0.28673243522644043
double_cold	double_cold/seed_7	7	7	233	0.71126759052276611
double_cold	double_cold/seed_7	7	7	235	0.61000001430511475
double_cold	double_cold/seed_7	7	7	237	0.5517241358757019
double_cold	double_cold/seed_7	7	7	262	0.80434781312942505
double_cold	double_cold/seed_7	7	7	264	0.64523810148239136
double_cold	double_cold/seed_7	7	7	293	0.45208331942558289
double_cold	double_cold/seed_7	7	7	298	1
double_cold	double_cold/seed_7	7	7	299	0.61702126264572144
double_cold	double_cold/seed_7	7	7	300	0.61627906560897827
double_cold	double_cold/seed_7	7	7	318	0.43636363744735718
double_cold	double_cold/seed_7	7	7	321	0.29502925276756287
double_cold	double_cold/seed_7	7	7	331	0.26048952341079712
double_cold	double_cold/seed_7	7	7	334	0.3154761791229248
double_cold	double_cold/seed_7	7	7	339	0.671875
double_cold	double_cold/seed_7	7	7	341	0.62745100259780884
double_cold	double_cold/seed_7	7	7	360	0.60000002384185791
double_cold	double_cold/seed_7	7	7	387	0.7014925479888916
double_cold	double_cold/seed_7	7	7	412	0.56410259008407593
double_cold	double_cold/seed_7	7	7	416	0.57692307233810425
double_cold	double_cold/seed_7	7	7	431	0.37223586440086365
double_cold	double_cold/seed_7	7	7	435	0.5625
double_cold	double_cold/seed_7	7	7	443	0.73404252529144287
double_cold	double_cold/seed_7	7	7	469	0.64035087823867798
double_cold	double_cold/seed_7	7	7	470	0.78125
double_cold	double_cold/seed_7	7	7	483	0.55769228935241699
double_cold	double_cold/seed_7	7	7	485	0.57692307233810425
double_cold	double_cold/seed_7	7	7	491	0.6071428656578064
double_cold	double_cold/seed_7	7	7	528	0.64423078298568726
double_cold	double_cold/seed_7	7	7	542	0.53846156597137451
double_cold	double_cold/seed_7	7	7	550	0.66666668653488159
double_cold	double_cold/seed_7	7	7	553	0.5288957953453064
double_cold	double_cold/seed_7	7	7	580	0.81818181276321411
double_cold	double_cold/seed_7	7	7	587	0.6640625
double_cold	double_cold/seed_7	7	7	589	0.74436092376708984
double_cold	double_cold/seed_7	7	7	590	0.39220750331878662
double_cold	double_cold/seed_7	7	7	598	0.59356725215911865
double_cold	double_cold/seed_7	7	7	610	0.47162353992462158
double_cold	double_cold/seed_7	7	7	611	0.662162184715271
double_cold	double_cold/seed_7	7	7	618	0.63953489065170288
double_cold	double_cold/seed_7	7	7	619	0.74074077606201172
double_cold	double_cold/seed_7	7	7	622	0.63636362552642822
double_cold	double_cold/seed_7	7	7	628	0.73404252529144287
double_cold	double_cold/seed_7	7	7	629	0.72727274894714355
double_cold	double_cold/seed_7	7	7	634	0.62962961196899414
double_cold	double_cold/seed_7	7	7	637	0.46875
double_cold	double_cold/seed_7	7	7	646	0.69078946113586426
double_cold	double_cold/seed_7	7	7	652	0.63953489065170288
double_cold	double_cold/seed_7	7	7	697	0.40303030610084534
double_cold	double_cold/seed_7	7	7	705	0.63461542129516602
double_cold	double_cold/seed_7	7	7	730	0.3191964328289032
double_cold	double_cold/seed_7	7	7	733	0.68253970146179199
double_cold	double_cold/seed_7	7	7	739	0.42567181587219238
double_cold	double_cold/seed_7	7	7	745	0.63235294818878174
double_cold	double_cold/seed_7	7	7	754	0.5
double_cold	double_cold/seed_7	7	7	756	0.58823531866073608
double_cold	double_cold/seed_7	7	7	763	0.64705884456634521
double_cold	double_cold/seed_7	7	7	764	0.63793104887008667
double_cold	double_cold/seed_7	7	7	771	0.5288957953453064
double_cold	double_cold/seed_7	7	7	785	0.62903225421905518
double_cold	double_cold/seed_7	7	7	793	0.63793104887008667
double_cold	double_cold/seed_7	7	7	796	0.62820512056350708
double_cold	double_cold/seed_7	7	7	811	0.6454545259475708
double_cold	double_cold/seed_7	7	7	835	0.55555558204650879
double_cold	double_cold/seed_7	7	7	837	0.81666666269302368
double_cold	double_cold/seed_7	7	7	839	0.2604166567325592
double_cold	double_cold/seed_7	7	7	844	0.2689368724822998
double_cold	double_cold/seed_7	7	7	847	0.59090912342071533
double_cold	double_cold/seed_7	7	7	851	0.2604166567325592
double_cold	double_cold/seed_7	7	7	864	0.55555558204650879
double_cold	double_cold/seed_7	7	7	865	0.5639880895614624
double_cold	double_cold/seed_7	7	7	867	0.5625
double_cold	double_cold/seed_7	7	7	875	0.61538463830947876
double_cold	double_cold/seed_7	7	7	883	0.625
double_cold	double_cold/seed_7	7	7	905	0.54166668653488159
double_cold	double_cold/seed_7	7	7	919	0.61428570747375488
double_cold	double_cold/seed_7	7	7	942	0.55000001192092896
double_cold	double_cold/seed_7	7	7	945	0.63793104887008667
double_cold	double_cold/seed_7	7	7	949	0.57547169923782349
double_cold	double_cold/seed_7	7	7	955	0.53733032941818237
double_cold	double_cold/seed_7	7	7	969	0.56097561120986938
double_cold	double_cold/seed_7	7	7	990	0.58088237047195435
double_cold	double_cold/seed_7	7	7	997	0.40438872575759888
double_cold	double_cold/seed_7	7	7	1006	0.52380955219268799
double_cold	double_cold/seed_7	7	7	1011	0.65217387676239014
double_cold	double_cold/seed_7	7	7	1012	0.66666668653488159
double_cold	double_cold/seed_7	7	7	1014	0.71510297060012817
double_cold	double_cold/seed_7	7	7	1017	0.96875
double_cold	double_cold/seed_7	7	7	1019	0.65999996662139893
double_cold	double_cold/seed_7	7	7	1021	0.61627906560897827
double_cold	double_cold/seed_7	7	7	1028	0.68666666746139526
double_cold	double_cold/seed_7	7	7	1032	0.30285286903381348
double_cold	double_cold/seed_7	7	7	1035	0.57142859697341919
double_cold	double_cold/seed_7	7	7	1036	0.74436092376708984
double_cold	double_cold/seed_7	7	7	1044	0.76315790414810181
double_cold	double_cold/seed_7	7	7	1050	0.42387819290161133
double_cold	double_cold/seed_7	7	7	1052	0.62999999523162842
double_cold	double_cold/seed_7	7	7	1069	0.46541666984558105
double_cold	double_cold/seed_7	7	7	1097	0.64102566242218018
double_cold	double_cold/seed_7	7	7	1111	0.52777779102325439
double_cold	double_cold/seed_7	7	7	1115	0.52999997138977051
double_cold	double_cold/seed_7	7	7	1125	0.50151515007019043
double_cold	double_cold/seed_7	7	7	1131	0.40151515603065491
double_cold	double_cold/seed_7	7	7	1140	0.70212769508361816
double_cold	double_cold/seed_7	7	7	1167	0.61486488580703735
double_cold	double_cold/seed_7	7	7	1182	0.62999999523162842
double_cold	double_cold/seed_7	7	7	1184	0.3043360710144043
double_cold	double_cold/seed_7	7	7	1191	0.6904761791229248
double_cold	double_cold/seed_7	7	7	1212	0.68253970146179199
double_cold	double_cold/seed_7	7	7	1218	0.67857146263122559
double_cold	double_cold/seed_7	7	7	1234	0.515625
double_cold	double_cold/seed_7	7	7	1243	0.60000002384185791
double_cold	double_cold/seed_7	7	7	1247	0.57547169923782349
double_cold	double_cold/seed_7	7	7	1254	0.4435107409954071
double_cold	double_cold/seed_7	7	7	1263	0.4010416567325592
double_cold	double_cold/seed_7	7	7	1264	0.38690477609634399
double_cold	double_cold/seed_7	7	7	1321	0.61428570747375488
double_cold	double_cold/seed_7	7	7	1341	0.81000000238418579
double_cold	double_cold/seed_7	7	7	1342	0.62222224473953247
double_cold	double_cold/seed_7	7	7	1349	0.625
double_cold	double_cold/seed_7	7	7	1354	0.40715578198432922
double_cold	double_cold/seed_7	7	7	1363	0.55434781312942505
double_cold	double_cold/seed_7	7	7	1369	1
double_cold	double_cold/seed_7	7	7	1386	0.33992093801498413
double_cold	double_cold/seed_7	7	7	1389	0.62541663646697998
double_cold	double_cold/seed_7	7	7	1427	0.57692307233810425
double_cold	double_cold/seed_7	7	7	1428	0.78846156597137451
double_cold	double_cold/seed_7	7	7	1436	0.66455698013305664
double_cold	double_cold/seed_7	7	7	1450	0.39354836940765381
double_cold	double_cold/seed_7	7	7	1460	0.54166668653488159
double_cold	double_cold/seed_7	7	7	1461	0.64516127109527588
double_cold	double_cold/seed_7	7	7	1489	0.70289856195449829
double_cold	double_cold/seed_7	7	7	1541	0.6538461446762085
double_cold	double_cold/seed_7	7	7	1551	0.64423078298568726
double_cold	double_cold/seed_7	7	7	1556	0.78703701496124268
double_cold	double_cold/seed_7	7	7	1570	0.53684210777282715
double_cold	double_cold/seed_7	7	7	1594	0.6538461446762085
double_cold	double_cold/seed_7	7	7	1596	0.69642853736877441
double_cold	double_cold/seed_7	7	7	1601	0.57099020481109619
double_cold	double_cold/seed_7	7	7	1608	0.53488373756408691
double_cold	double_cold/seed_7	7	7	1610	0.6111111044883728
double_cold	double_cold/seed_7	7	7	1613	0.69230771064758301
double_cold	double_cold/seed_7	7	7	1620	0.65555554628372192
double_cold	double_cold/seed_7	7	7	1622	0.5
double_cold	double_cold/seed_7	7	7	1628	0.60000002384185791
double_cold	double_cold/seed_7	7	7	1629	0.60000002384185791
double_cold	double_cold/seed_7	7	7	1633	0.60000002384185791
double_cold	double_cold/seed_7	7	7	1636	0.60000002384185791
double_cold	double_cold/seed_7	7	7	1638	0.5625
double_cold	double_cold/seed_7	7	7	1668	0.72666668891906738
double_cold	double_cold/seed_7	7	7	1673	0.72222220897674561
double_cold	double_cold/seed_7	7	7	1698	0.42708331346511841
double_cold	double_cold/seed_7	7	7	1710	0.60416668653488159
double_cold	double_cold/seed_7	7	7	1725	0.56896549463272095
double_cold	double_cold/seed_7	7	7	1736	0.80303031206130981
double_cold	double_cold/seed_7	7	7	1744	0.61702126264572144
double_cold	double_cold/seed_7	7	7	1752	0.55102038383483887
double_cold	double_cold/seed_7	7	7	1764	0.43947070837020874
double_cold	double_cold/seed_7	7	7	1788	0.60344827175140381
double_cold	double_cold/seed_7	7	7	1794	0.85000002384185791
double_cold	double_cold/seed_7	7	7	1804	0.54929578304290771
double_cold	double_cold/seed_7	7	7	1805	0.53409093618392944
double_cold	double_cold/seed_7	7	7	1813	0.63636362552642822
double_cold	double_cold/seed_7	7	7	1833	0.40303030610084534
double_cold	double_cold/seed_7	7	7	1834	0.5476190447807312
double_cold	double_cold/seed_7	7	7	1836	0.55818182229995728
double_cold	double_cold/seed_7	7	7	1852	0.5625
double_cold	double_cold/seed_7	7	7	1856	0.36021506786346436
double_cold	double_cold/seed_7	7	7	1876	0.58823531866073608
double_cold	double_cold/seed_7	7	7	1936	0.60606062412261963
double_cold	double_cold/seed_7	7	7	1942	0.56196087598800659
double_cold	double_cold/seed_7	7	7	1949	0.56321841478347778
double_cold	double_cold/seed_7	7	7	1963	0.60227274894714355
double_cold	double_cold/seed_7	7	7	1966	0.70370370149612427
double_cold	double_cold/seed_7	7	7	1996	0.44421052932739258
double_cold	double_cold/seed_7	7	7	2003	0.5
double_cold	double_cold/seed_7	7	7	2004	0.62195122241973877
double_cold	double_cold/seed_7	7	7	2048	0.62195122241973877
double_cold	double_cold/seed_7	7	7	2050	0.61666667461395264
double_cold	double_cold/seed_7	7	7	2052	0.53921568393707275
double_cold	double_cold/seed_7	7	7	2064	0.8947368860244751
double_cold	double_cold/seed_7	7	7	2071	0.54201680421829224
double_cold	double_cold/seed_7	7	7	2082	0.625
double_cold	double_cold/seed_7	7	7	2091	0.56122446060180664
double_cold	double_cold/seed_7	7	7	2103	0.62745100259780884
double_cold	double_cold/seed_7	7	7	2113	0.65555554628372192
double_cold	double_cold/seed_7	7	7	2116	0.49671053886413574
double_cold	double_cold/seed_7	7	7	2143	0.70454543828964233
double_cold	double_cold/seed_7	7	7	2154	0.66666668653488159
double_cold	double_cold/seed_7	7	7	2158	0.59803920984268188
double_cold	double_cold/seed_8	8	8	18	0.75
double_cold	double_cold/seed_8	8	8	29	0.37254902720451355
double_cold	double_cold/seed_8	8	8	54	0.75
double_cold	double_cold/seed_8	8	8	56	0.65909087657928467
double_cold	double_cold/seed_8	8	8	59	0.57407408952713013
double_cold	double_cold/seed_8	8	8	70	0.84375
double_cold	double_cold/seed_8	8	8	162	0.62297874689102173
double_cold	double_cold/seed_8	8	8	168	0.56155014038085938
double_cold	double_cold/seed_8	8	8	179	0.53125
double_cold	double_cold/seed_8	8	8	181	0.50169491767883301
double_cold	double_cold/seed_8	8	8	227	0.29220780730247498
double_cold	double_cold/seed_8	8	8	236	0.24901185929775238
double_cold	double_cold/seed_8	8	8	242	0.57477480173110962
double_cold	double_cold/seed_8	8	8	284	0.49791666865348816
double_cold	double_cold/seed_8	8	8	286	0.57528644800186157
double_cold	double_cold/seed_8	8	8	294	0.29098361730575562
double_cold	double_cold/seed_8	8	8	301	0.44411766529083252
double_cold	double_cold/seed_8	8	8	328	0.30660378932952881
double_cold	double_cold/seed_8	8	8	372	0.27435064315795898
double_cold	double_cold/seed_8	8	8	417	0.30319148302078247
double_cold	double_cold/seed_8	8	8	441	0.67391306161880493
double_cold	double_cold/seed_8	8	8	448	0.73684209585189819
double_cold	double_cold/seed_8	8	8	459	0.68055558204650879
double_cold	double_cold/seed_8	8	8	471	0.6388888955116272
double_cold	double_cold/seed_8	8	8	481	0.6538461446762085
double_cold	double_cold/seed_8	8	8	484	0.5
double_cold	double_cold/seed_8	8	8	486	0.89999997615814209
double_cold	double_cold/seed_8	8	8	534	0.96153843402862549
double_cold	double_cold/seed_8	8	8	543	0.61782944202423096
double_cold	double_cold/seed_8	8	8	566	0.81521737575531006
double_cold	double_cold/seed_8	8	8	608	0.60000002384185791
double_cold	double_cold/seed_8	8	8	632	0.61250001192092896
double_cold	double_cold/seed_8	8	8	676	0.26839828491210938
double_cold	double_cold/seed_8	8	8	679	0.34077921509742737
double_cold	double_cold/seed_8	8	8	698	0.63749998807907104
double_cold	double_cold/seed_8	8	8	699	0.26298701763153076
double_cold	double_cold/seed_8	8	8	737	0.24650350213050842
double_cold	double_cold/seed_8	8	8	755	0.54539471864700317
double_cold	double_cold/seed_8	8	8	756	0.58823531866073608
double_cold	double_cold/seed_8	8	8	784	1
double_cold	double_cold/seed_8	8	8	785	0.62903225421905518
double_cold	double_cold/seed_8	8	8	800	0.25108227133750916
double_cold	double_cold/seed_8	8	8	805	0.875
double_cold	double_cold/seed_8	8	8	815	0.24684873223304749
double_cold	double_cold/seed_8	8	8	820	0.68196457624435425
double_cold	double_cold/seed_8	8	8	840	0.77272725105285645
double_cold	double_cold/seed_8	8	8	845	0.46157407760620117
double_cold	double_cold/seed_8	8	8	849	0.40395581722259521
double_cold	double_cold/seed_8	8	8	860	0.59821426868438721
double_cold	double_cold/seed_8	8	8	866	0.25781625509262085
double_cold	double_cold/seed_8	8	8	879	0.24254384636878967
double_cold	double_cold/seed_8	8	8	899	0.49671053886413574
double_cold	double_cold/seed_8	8	8	905	0.58297872543334961
double_cold	double_cold/seed_8	8	8	907	0.27435064315795898
double_cold	double_cold/seed_8	8	8	910	0.79166662693023682
double_cold	double_cold/seed_8	8	8	938	0.34077921509742737
double_cold	double_cold/seed_8	8	8	957	0.25227272510528564
double_cold	double_cold/seed_8	8	8	975	0.56426399946212769
double_cold	double_cold/seed_8	8	8	982	0.98076921701431274
double_cold	double_cold/seed_8	8	8	996	0.22281166911125183
double_cold	double_cold/seed_8	8	8	1010	0.359995037317276
double_cold	double_cold/seed_8	8	8	1014	0.65789473056793213
double_cold	double_cold/seed_8	8	8	1049	0.69607841968536377
double_cold	double_cold/seed_8	8	8	1060	0.234375
double_cold	double_cold/seed_8	8	8	1082	0.72727274894714355
double_cold	double_cold/seed_8	8	8	1099	0.73076921701431274
double_cold	double_cold/seed_8	8	8	1126	0.46157407760620117
double_cold	double_cold/seed_8	8	8	1140	0.23586955666542053
double_cold	double_cold/seed_8	8	8	1149	0.52583587169647217
double_cold	double_cold/seed_8	8	8	1150	0.5961538553237915
double_cold	double_cold/seed_8	8	8	1168	0.44927534461021423
double_cold	double_cold/seed_8	8	8	1181	0.63333332538604736
double_cold	double_cold/seed_8	8	8	1186	0.41285714507102966
double_cold	double_cold/seed_8	8	8	1201	0.9523809552192688
double_cold	double_cold/seed_8	8	8	1211	0.65909087657928467
double_cold	double_cold/seed_8	8	8	1219	0.58306276798248291
double_cold	double_cold/seed_8	8	8	1245	0.94444441795349121
double_cold	double_cold/seed_8	8	8	1273	0.69999998807907104
double_cold	double_cold/seed_8	8	8	1283	0.66666668653488159
double_cold	double_cold/seed_8	8	8	1287	0.52905404567718506
double_cold	double_cold/seed_8	8	8	1288	0.42023026943206787
double_cold	double_cold/seed_8	8	8	1332	0.54539471864700317
double_cold	double_cold/seed_8	8	8	1339	0.26425749063491821
double_cold	double_cold/seed_8	8	8	1388	0.75371122360229492
double_cold	double_cold/seed_8	8	8	1390	0.25108227133750916
double_cold	double_cold/seed_8	8	8	1435	0.72413790225982666
double_cold	double_cold/seed_8	8	8	1457	0.71052634716033936
double_cold	double_cold/seed_8	8	8	1460	0.58297872543334961
double_cold	double_cold/seed_8	8	8	1503	0.73295450210571289
double_cold	double_cold/seed_8	8	8	1510	0.29220780730247498
double_cold	double_cold/seed_8	8	8	1515	0.51999998092651367
double_cold	double_cold/seed_8	8	8	1520	0.57863092422485352
double_cold	double_cold/seed_8	8	8	1534	0.66666668653488159
double_cold	double_cold/seed_8	8	8	1584	0.77288138866424561
double_cold	double_cold/seed_8	8	8	1591	0.59698683023452759
double_cold	double_cold/seed_8	8	8	1614	0.24650350213050842
double_cold	double_cold/seed_8	8	8	1654	0.60000002384185791
double_cold	double_cold/seed_8	8	8	1663	0.41956523060798645
double_cold	double_cold/seed_8	8	8	1672	0.27435064315795898
double_cold	double_cold/seed_8	8	8	1694	0.380952388048172
double_cold	double_cold/seed_8	8	8	1719	0.24901185929775238
double_cold	double_cold/seed_8	8	8	1721	0.46428573131561279
double_cold	double_cold/seed_8	8	8	1747	0.33269476890563965
double_cold	double_cold/seed_8	8	8	1759	0.65789473056793213
double_cold	double_cold/seed_8	8	8	1768	0.76481479406356812
double_cold	double_cold/seed_8	8	8	1769	0.29485329985618591
double_cold	double_cold/seed_8	8	8	1775	0.3758680522441864
double_cold	double_cold/seed_8	8	8	1777	0.26425749063491821
double_cold	double_cold/seed_8	8	8	1864	0.26298701763153076
double_cold	double_cold/seed_8	8	8	1870	0.59726446866989136
double_cold	double_cold/seed_8	8	8	1873	0.26839828491210938
double_cold	double_cold/seed_8	8	8	1875	0.60000002384185791
double_cold	double_cold/seed_8	8	8	1891	0.66666668653488159
double_cold	double_cold/seed_8	8	8	1897	0.43354839086532593
double_cold	double_cold/seed_8	8	8	1901	0.84301269054412842
double_cold	double_cold/seed_8	8	8	1908	0.45705282688140869
double_cold	double_cold/seed_8	8	8	1915	0.57407408952713013
double_cold	double_cold/seed_8	8	8	1918	0.66666668653488159
double_cold	double_cold/seed_8	8	8	1920	0.5625
double_cold	double_cold/seed_8	8	8	1931	0.48870968818664551
double_cold	double_cold/seed_8	8	8	1943	0.75
double_cold	double_cold/seed_8	8	8	1949	0.56321841478347778
double_cold	double_cold/seed_8	8	8	1958	0.27435064315795898
double_cold	double_cold/seed_8	8	8	1989	0.69639641046524048
double_cold	double_cold/seed_8	8	8	1990	0.57608699798583984
double_cold	double_cold/seed_8	8	8	2007	0.625
double_cold	double_cold/seed_8	8	8	2021	0.60000002384185791
double_cold	double_cold/seed_8	8	8	2039	0.41285714507102966
double_cold	double_cold/seed_8	8	8	2041	0.5
double_cold	double_cold/seed_8	8	8	2042	0.25781625509262085
double_cold	double_cold/seed_8	8	8	2046	0.29485329985618591
double_cold	double_cold/seed_8	8	8	2079	0.5414312481880188
double_cold	double_cold/seed_8	8	8	2085	0.58169937133789062
double_cold	double_cold/seed_8	8	8	2102	0.5
double_cold	double_cold/seed_8	8	8	2108	0.51348686218261719
double_cold	double_cold/seed_8	8	8	2138	0.73076921701431274
double_cold	double_cold/seed_8	8	8	2139	0.24254384636878967
double_cold	double_cold/seed_8	8	8	2142	0.24540816247463226
double_cold	double_cold/seed_9	9	9	26	0.47812500596046448
double_cold	double_cold/seed_9	9	9	28	0.55944931507110596
double_cold	double_cold/seed_9	9	9	35	0.59821426868438721
double_cold	double_cold/seed_9	9	9	138	0.40031731128692627
double_cold	double_cold/seed_9	9	9	145	0.5
double_cold	double_cold/seed_9	9	9	177	0.73529410362243652
double_cold	double_cold/seed_9	9	9	199	0.50797873735427856
double_cold	double_cold/seed_9	9	9	272	0.625
double_cold	double_cold/seed_9	9	9	285	0.66666668653488159
double_cold	double_cold/seed_9	9	9	308	0.60178571939468384
double_cold	double_cold/seed_9	9	9	362	0.80769228935241699
double_cold	double_cold/seed_9	9	9	364	0.63826084136962891
double_cold	double_cold/seed_9	9	9	365	0.74584925174713135
double_cold	double_cold/seed_9	9	9	375	0.57142859697341919
double_cold	double_cold/seed_9	9	9	379	0.54545450210571289
double_cold	double_cold/seed_9	9	9	476	1
double_cold	double_cold/seed_9	9	9	504	0.625
double_cold	double_cold/seed_9	9	9	505	0.61826920509338379
double_cold	double_cold/seed_9	9	9	540	0.78760421276092529
double_cold	double_cold/seed_9	9	9	548	0.85857141017913818
double_cold	double_cold/seed_9	9	9	569	0.87254905700683594
double_cold	double_cold/seed_9	9	9	579	0.50810813903808594
double_cold	double_cold/seed_9	9	9	646	0.72727274894714355
double_cold	double_cold/seed_9	9	9	648	0.63749998807907104
double_cold	double_cold/seed_9	9	9	670	0.2916666567325592
double_cold	double_cold/seed_9	9	9	681	0.73404252529144287
double_cold	double_cold/seed_9	9	9	728	0.63210701942443848
double_cold	double_cold/seed_9	9	9	738	0.72222220897674561
double_cold	double_cold/seed_9	9	9	759	0.8571428656578064
double_cold	double_cold/seed_9	9	9	769	0.47340425848960876
double_cold	double_cold/seed_9	9	9	815	0.41165122389793396
double_cold	double_cold/seed_9	9	9	821	0.72000002861022949
double_cold	double_cold/seed_9	9	9	849	0.40395581722259521
double_cold	double_cold/seed_9	9	9	857	0.52923977375030518
double_cold	double_cold/seed_9	9	9	947	0.54098361730575562
double_cold	double_cold/seed_9	9	9	971	0.66666668653488159
double_cold	double_cold/seed_9	9	9	975	0.56426399946212769
double_cold	double_cold/seed_9	9	9	982	0.98076921701431274
double_cold	double_cold/seed_9	9	9	984	0.55357146263122559
double_cold	double_cold/seed_9	9	9	989	0.60204082727432251
double_cold	double_cold/seed_9	9	9	997	0.54297876358032227
double_cold	double_cold/seed_9	9	9	1042	0.70270270109176636
double_cold	double_cold/seed_9	9	9	1053	0.75
double_cold	double_cold/seed_9	9	9	1080	0.59848487377166748
double_cold	double_cold/seed_9	9	9	1082	0.68421053886413574
double_cold	double_cold/seed_9	9	9	1085	0.60037034749984741
double_cold	double_cold/seed_9	9	9	1087	0.70454543828964233
double_cold	double_cold/seed_9	9	9	1117	0.51249998807907104
double_cold	double_cold/seed_9	9	9	1123	0.625
double_cold	double_cold/seed_9	9	9	1173	0.91666662693023682
double_cold	double_cold/seed_9	9	9	1181	0.63333332538604736
double_cold	double_cold/seed_9	9	9	1227	0.75
double_cold	double_cold/seed_9	9	9	1244	0.88601827621459961
double_cold	double_cold/seed_9	9	9	1262	0.85857141017913818
double_cold	double_cold/seed_9	9	9	1273	0.58333331346511841
double_cold	double_cold/seed_9	9	9	1280	0.37828946113586426
double_cold	double_cold/seed_9	9	9	1294	0.73529410362243652
double_cold	double_cold/seed_9	9	9	1340	0.57142859697341919
double_cold	double_cold/seed_9	9	9	1364	0.57142859697341919
double_cold	double_cold/seed_9	9	9	1373	0.72000002861022949
double_cold	double_cold/seed_9	9	9	1382	0.75
double_cold	double_cold/seed_9	9	9	1402	0.75714290142059326
double_cold	double_cold/seed_9	9	9	1437	0.44255319237709045
double_cold	double_cold/seed_9	9	9	1438	0.26298701763153076
double_cold	double_cold/seed_9	9	9	1444	0.5
double_cold	double_cold/seed_9	9	9	1483	0.48594847321510315
double_cold	double_cold/seed_9	9	9	1496	0.30260047316551208
double_cold	double_cold/seed_9	9	9	1506	0.34110671281814575
double_cold	double_cold/seed_9	9	9	1588	0.31451612710952759
double_cold	double_cold/seed_9	9	9	1599	0.78571426868438721
double_cold	double_cold/seed_9	9	9	1601	0.57099020481109619
double_cold	double_cold/seed_9	9	9	1643	0.60000002384185791
double_cold	double_cold/seed_9	9	9	1646	0.83333337306976318
double_cold	double_cold/seed_9	9	9	1664	0.84000003337860107
double_cold	double_cold/seed_9	9	9	1686	0.34856009483337402
double_cold	double_cold/seed_9	9	9	1711	0.6875
double_cold	double_cold/seed_9	9	9	1737	0.54964542388916016
double_cold	double_cold/seed_9	9	9	1738	0.68378376960754395
double_cold	double_cold/seed_9	9	9	1741	0.64358210563659668
double_cold	double_cold/seed_9	9	9	1756	0.765625
double_cold	double_cold/seed_9	9	9	1776	0.43974065780639648
double_cold	double_cold/seed_9	9	9	1843	0.50647807121276855
double_cold	double_cold/seed_9	9	9	1860	0.79545450210571289
double_cold	double_cold/seed_9	9	9	1884	0.515625
double_cold	double_cold/seed_9	9	9	1914	0.32571429014205933
double_cold	double_cold/seed_9	9	9	1919	0.69642853736877441
double_cold	double_cold/seed_9	9	9	1924	0.55434781312942505
double_cold	double_cold/seed_9	9	9	1942	0.56196087598800659
double_cold	double_cold/seed_9	9	9	1953	0.75
double_cold	double_cold/seed_9	9	9	1967	0.58888888359069824
double_cold	double_cold/seed_9	9	9	1972	1
double_cold	double_cold/seed_9	9	9	1979	0.26298701763153076
double_cold	double_cold/seed_9	9	9	2028	0.54329115152359009
double_cold	double_cold/seed_9	9	9	2034	0.80769228935241699
double_cold	double_cold/seed_9	9	9	2125	0.62037038803100586
double_cold	double_cold/seed_9	9	9	2128	0.75
double_cold	double_cold/seed_9	9	9	2137	0.88601827621459961
double_cold	double_cold/seed_9	9	9	2147	0.708823561668396
double_cold	double_cold/seed_9	9	9	2159	0.66666668653488159
double_cold	double_cold/seed_9	9	9	2165	0.69999998807907104
double_cold	double_cold/seed_10	10	10	9	0.6111111044883728
double_cold	double_cold/seed_10	10	10	27	0.86363637447357178
double_cold	double_cold/seed_10	10	10	53	0.57339447736740112
double_cold	double_cold/seed_10	10	10	54	0.75
double_cold	double_cold/seed_10	10	10	80	0.80000001192092896
double_cold	double_cold/seed_10	10	10	113	0.875
double_cold	double_cold/seed_10	10	10	124	0.78125
double_cold	double_cold/seed_10	10	10	126	0.62651515007019043
double_cold	double_cold/seed_10	10	10	175	0.26961269974708557
double_cold	double_cold/seed_10	10	10	176	0.91666662693023682
double_cold	double_cold/seed_10	10	10	223	0.7658119797706604
double_cold	double_cold/seed_10	10	10	231	0.59239131212234497
double_cold	double_cold/seed_10	10	10	271	0.64211887121200562
double_cold	double_cold/seed_10	10	10	273	0.7361111044883728
double_cold	double_cold/seed_10	10	10	316	0.55882352590560913
double_cold	double_cold/seed_10	10	10	319	0.66666668653488159
double_cold	double_cold/seed_10	10	10	333	0.58333331346511841
double_cold	double_cold/seed_10	10	10	346	0.42704081535339355
double_cold	double_cold/seed_10	10	10	374	0.75
double_cold	double_cold/seed_10	10	10	419	1
double_cold	double_cold/seed_10	10	10	429	0.69230771064758301
double_cold	double_cold/seed_10	10	10	444	0.5593220591545105
double_cold	double_cold/seed_10	10	10	461	0.58190637826919556
double_cold	double_cold/seed_10	10	10	472	0.38795986771583557
double_cold	double_cold/seed_10	10	10	500	0.75
double_cold	double_cold/seed_10	10	10	511	0.51441442966461182
double_cold	double_cold/seed_10	10	10	566	0.81521737575531006
double_cold	double_cold/seed_10	10	10	568	0.57954543828964233
double_cold	double_cold/seed_10	10	10	581	0.55569726228713989
double_cold	double_cold/seed_10	10	10	599	0.27948111295700073
double_cold	double_cold/seed_10	10	10	606	0.57407408952713013
double_cold	double_cold/seed_10	10	10	608	0.95454549789428711
double_cold	double_cold/seed_10	10	10	615	0.76190477609634399
double_cold	double_cold/seed_10	10	10	641	0.54693877696990967
double_cold	double_cold/seed_10	10	10	642	0.5
double_cold	double_cold/seed_10	10	10	692	0.81999999284744263
double_cold	double_cold/seed_10	10	10	716	0.43617022037506104
double_cold	double_cold/seed_10	10	10	752	0.76923078298568726
double_cold	double_cold/seed_10	10	10	757	0.1875
double_cold	double_cold/seed_10	10	10	797	0.49223604798316956
double_cold	double_cold/seed_10	10	10	799	0.43725490570068359
double_cold	double_cold/seed_10	10	10	806	0.55648624897003174
double_cold	double_cold/seed_10	10	10	808	0.5
double_cold	double_cold/seed_10	10	10	868	0.6806526780128479
double_cold	double_cold/seed_10	10	10	889	0.54545456171035767
double_cold	double_cold/seed_10	10	10	910	0.79166662693023682
double_cold	double_cold/seed_10	10	10	926	0.62121212482452393
double_cold	double_cold/seed_10	10	10	970	0.77272725105285645
double_cold	double_cold/seed_10	10	10	977	0.71590912342071533
double_cold	double_cold/seed_10	10	10	982	0.98076921701431274
double_cold	double_cold/seed_10	10	10	985	0.55555558204650879
double_cold	double_cold/seed_10	10	10	1007	0.55376344919204712
double_cold	double_cold/seed_10	10	10	1027	0.361440509557724
double_cold	double_cold/seed_10	10	10	1049	0.69607841968536377
double_cold	double_cold/seed_10	10	10	1066	0.57499998807907104
double_cold	double_cold/seed_10	10	10	1077	0.52421760559082031
double_cold	double_cold/seed_10	10	10	1094	0.58333331346511841
double_cold	double_cold/seed_10	10	10	1098	0.44760724902153015
double_cold	double_cold/seed_10	10	10	1122	0.56790125370025635
double_cold	double_cold/seed_10	10	10	1123	0.625
double_cold	double_cold/seed_10	10	10	1216	0.5
double_cold	double_cold/seed_10	10	10	1290	0.46749997138977051
double_cold	double_cold/seed_10	10	10	1294	1
double_cold	double_cold/seed_10	10	10	1316	0.25715956091880798
double_cold	double_cold/seed_10	10	10	1329	0.4375
double_cold	double_cold/seed_10	10	10	1343	0.71428573131561279
double_cold	double_cold/seed_10	10	10	1348	0.5
double_cold	double_cold/seed_10	10	10	1351	0.45212766528129578
double_cold	double_cold/seed_10	10	10	1359	0.5
double_cold	double_cold/seed_10	10	10	1380	0.75
double_cold	double_cold/seed_10	10	10	1395	0.78947365283966064
double_cold	double_cold/seed_10	10	10	1396	0.61764705181121826
double_cold	double_cold/seed_10	10	10	1406	0.28703704476356506
double_cold	double_cold/seed_10	10	10	1408	0.1875
double_cold	double_cold/seed_10	10	10	1412	0.67417418956756592
double_cold	double_cold/seed_10	10	10	1433	0.1875
double_cold	double_cold/seed_10	10	10	1443	0.6111111044883728
double_cold	double_cold/seed_10	10	10	1452	0.64005804061889648
double_cold	double_cold/seed_10	10	10	1462	0.45588237047195435
double_cold	double_cold/seed_10	10	10	1463	0.34487181901931763
double_cold	double_cold/seed_10	10	10	1468	0.54901218414306641
double_cold	double_cold/seed_10	10	10	1471	0.66666668653488159
double_cold	double_cold/seed_10	10	10	1498	0.56081080436706543
double_cold	double_cold/seed_10	10	10	1504	0.74584925174713135
double_cold	double_cold/seed_10	10	10	1511	0.3888888955116272
double_cold	double_cold/seed_10	10	10	1514	0.96153843402862549
double_cold	double_cold/seed_10	10	10	1563	0.35125446319580078
double_cold	double_cold/seed_10	10	10	1593	0.55882352590560913
double_cold	double_cold/seed_10	10	10	1646	0.83333337306976318
double_cold	double_cold/seed_10	10	10	1650	0.5
double_cold	double_cold/seed_10	10	10	1664	0.84000003337860107
double_cold	double_cold/seed_10	10	10	1668	0.72666668891906738
double_cold	double_cold/seed_10	10	10	1677	0.87586891651153564
double_cold	double_cold/seed_10	10	10	1693	0.5742114782333374
double_cold	double_cold/seed_10	10	10	1705	0.68301510810852051
double_cold	double_cold/seed_10	10	10	1740	0.2836478054523468
double_cold	double_cold/seed_10	10	10	1745	0.32307693362236023
double_cold	double_cold/seed_10	10	10	1772	0.84848487377166748
double_cold	double_cold/seed_10	10	10	1866	0.67857146263122559
double_cold	double_cold/seed_10	10	10	1891	0.66666668653488159
double_cold	double_cold/seed_10	10	10	1917	0.78205132484436035
double_cold	double_cold/seed_10	10	10	1925	0.78571426868438721
double_cold	double_cold/seed_10	10	10	1961	0.86363637447357178
double_cold	double_cold/seed_10	10	10	2007	0.625
double_cold	double_cold/seed_10	10	10	2031	0.53571426868438721
double_cold	double_cold/seed_10	10	10	2032	0.67531448602676392
double_cold	double_cold/seed_10	10	10	2080	0.42356324195861816
double_cold	double_cold/seed_10	10	10	2083	0.71428573131561279
double_cold	double_cold/seed_10	10	10	2092	0.5
double_cold	double_cold/seed_10	10	10	2100	0.5
double_cold	double_cold/seed_10	10	10	2122	0.8125
double_cold	double_cold/seed_10	10	10	2133	0.5
double_cold	double_cold/seed_11	11	11	12	0.78571426868438721
double_cold	double_cold/seed_11	11	11	19	0.70689654350280762
double_cold	double_cold/seed_11	11	11	24	0.6875
double_cold	double_cold/seed_11	11	11	36	0.69444441795349121
double_cold	double_cold/seed_11	11	11	43	0.44696968793869019
double_cold	double_cold/seed_11	11	11	52	0.63461542129516602
double_cold	double_cold/seed_11	11	11	53	0.57339447736740112
double_cold	double_cold/seed_11	11	11	56	0.65909087657928467
double_cold	double_cold/seed_11	11	11	66	0.60784316062927246
double_cold	double_cold/seed_11	11	11	69	0.64583331346511841
double_cold	double_cold/seed_11	11	11	72	0.27355071902275085
double_cold	double_cold/seed_11	11	11	88	0.5901639461517334
double_cold	double_cold/seed_11	11	11	98	1
double_cold	double_cold/seed_11	11	11	104	0.66326528787612915
double_cold	double_cold/seed_11	11	11	109	0.49069768190383911
double_cold	double_cold/seed_11	11	11	122	0.74074077606201172
double_cold	double_cold/seed_11	11	11	135	0.55555558204650879
double_cold	double_cold/seed_11	11	11	137	0.84375
double_cold	double_cold/seed_11	11	11	164	0.52272725105285645
double_cold	double_cold/seed_11	11	11	165	0.6111111044883728
double_cold	double_cold/seed_11	11	11	171	0.61458331346511841
double_cold	double_cold/seed_11	11	11	177	0.60294115543365479
double_cold	double_cold/seed_11	11	11	188	0.55882352590560913
double_cold	double_cold/seed_11	11	11	207	0.6538461446762085
double_cold	double_cold/seed_11	11	11	218	0.52753978967666626
double_cold	double_cold/seed_11	11	11	220	0.55555558204650879
double_cold	double_cold/seed_11	11	11	225	0.66304349899291992
double_cold	double_cold/seed_11	11	11	232	0.62903225421905518
double_cold	double_cold/seed_11	11	11	239	0.6538461446762085
double_cold	double_cold/seed_11	11	11	244	0.6071428656578064
double_cold	double_cold/seed_11	11	11	249	0.57142859697341919
double_cold	double_cold/seed_11	11	11	255	0.54838711023330688
double_cold	double_cold/seed_11	11	11	259	0.5803571343421936
double_cold	double_cold/seed_11	11	11	270	0.6268656849861145
double_cold	double_cold/seed_11	11	11	285	0.6538461446762085
double_cold	double_cold/seed_11	11	11	304	0.56481480598449707
double_cold	double_cold/seed_11	11	11	331	0.28846153616905212
double_cold	double_cold/seed_11	11	11	341	0.79032254219055176
double_cold	double_cold/seed_11	11	11	375	0.5
double_cold	double_cold/seed_11	11	11	381	0.57201087474822998
double_cold	double_cold/seed_11	11	11	392	0.56481480598449707
double_cold	double_cold/seed_11	11	11	394	0.44512194395065308
double_cold	double_cold/seed_11	11	11	399	0.5185810923576355
double_cold	double_cold/seed_11	11	11	409	0.76923078298568726
double_cold	double_cold/seed_11	11	11	412	0.60526317358016968
double_cold	double_cold/seed_11	11	11	415	0.59473687410354614
double_cold	double_cold/seed_11	11	11	422	0.63636362552642822
double_cold	double_cold/seed_11	11	11	428	0.6111111044883728
double_cold	double_cold/seed_11	11	11	430	0.658730149269104
double_cold	double_cold/seed_11	11	11	432	0.79751133918762207
double_cold	double_cold/seed_11	11	11	446	0.61434513330459595
double_cold	double_cold/seed_11	11	11	452	0.52083331346511841
double_cold	double_cold/seed_11	11	11	453	0.55660378932952881
double_cold	double_cold/seed_11	11	11	454	0.55263155698776245
double_cold	double_cold/seed_11	11	11	463	0.609375
double_cold	double_cold/seed_11	11	11	465	0.53125
double_cold	double_cold/seed_11	11	11	469	0.59090912342071533
double_cold	double_cold/seed_11	11	11	473	0.55714285373687744
double_cold	double_cold/seed_11	11	11	477	0.5901639461517334
double_cold	double_cold/seed_11	11	11	510	0.32574069499969482
double_cold	double_cold/seed_11	11	11	549	0.56730771064758301
double_cold	double_cold/seed_11	11	11	550	0.68333333730697632
double_cold	double_cold/seed_11	11	11	566	0.73809522390365601
double_cold	double_cold/seed_11	11	11	567	0.36967214941978455
double_cold	double_cold/seed_11	11	11	581	0.73547148704528809
double_cold	double_cold/seed_11	11	11	587	0.60416668653488159
double_cold	double_cold/seed_11	11	11	604	0.69999998807907104
double_cold	double_cold/seed_11	11	11	607	0.37694013118743896
double_cold	double_cold/seed_11	11	11	636	0.59081530570983887
double_cold	double_cold/seed_11	11	11	658	0.34999999403953552
double_cold	double_cold/seed_11	11	11	664	0.83423185348510742
double_cold	double_cold/seed_11	11	11	672	0.80434781312942505
double_cold	double_cold/seed_11	11	11	692	0.56363636255264282
double_cold	double_cold/seed_11	11	11	693	0.64999997615814209
double_cold	double_cold/seed_11	11	11	702	0.65686273574829102
double_cold	double_cold/seed_11	11	11	707	0.55000001192092896
double_cold	double_cold/seed_11	11	11	727	0.67000001668930054
double_cold	double_cold/seed_11	11	11	733	0.60204082727432251
double_cold	double_cold/seed_11	11	11	745	0.56818181276321411
double_cold	double_cold/seed_11	11	11	748	0.4860139787197113
double_cold	double_cold/seed_11	11	11	763	0.58673471212387085
double_cold	double_cold/seed_11	11	11	780	0.76923078298568726
double_cold	double_cold/seed_11	11	11	786	0.55311357975006104
double_cold	double_cold/seed_11	11	11	791	0.7351190447807312
double_cold	double_cold/seed_11	11	11	795	0.71428573131561279
double_cold	double_cold/seed_11	11	11	796	0.58163267374038696
double_cold	double_cold/seed_11	11	11	810	0.65217387676239014
double_cold	double_cold/seed_11	11	11	822	0.72144985198974609
double_cold	double_cold/seed_11	11	11	826	0.59210526943206787
double_cold	double_cold/seed_11	11	11	828	0.53772896528244019
double_cold	double_cold/seed_11	11	11	829	0.5810810923576355
double_cold	double_cold/seed_11	11	11	831	0.6428571343421936
double_cold	double_cold/seed_11	11	11	835	0.63333332538604736
double_cold	double_cold/seed_11	11	11	841	0.31792318820953369
double_cold	double_cold/seed_11	11	11	849	0.40273222327232361
double_cold	double_cold/seed_11	11	11	871	0.56000000238418579
double_cold	double_cold/seed_11	11	11	875	0.58620691299438477
double_cold	double_cold/seed_11	11	11	885	0.58333331346511841
double_cold	double_cold/seed_11	11	11	887	0.60975611209869385
double_cold	double_cold/seed_11	11	11	920	0.68627452850341797
double_cold	double_cold/seed_11	11	11	929	0.42115384340286255
double_cold	double_cold/seed_11	11	11	936	0.54545456171035767
double_cold	double_cold/seed_11	11	11	959	0.56382977962493896
double_cold	double_cold/seed_11	11	11	965	0.57894736528396606
double_cold	double_cold/seed_11	11	11	1016	0.538596510887146
double_cold	double_cold/seed_11	11	11	1035	0.59375
double_cold	double_cold/seed_11	11	11	1038	0.53429239988327026
double_cold	double_cold/seed_11	11	11	1044	0.75
double_cold	double_cold/seed_11	11	11	1062	0.37681499123573303
double_cold	double_cold/seed_11	11	11	1064	0.73333334922790527
double_cold	double_cold/seed_11	11	11	1075	0.54029303789138794
double_cold	double_cold/seed_11	11	11	1115	0.55357146263122559
double_cold	double_cold/seed_11	11	11	1116	0.55681818723678589
double_cold	double_cold/seed_11	11	11	1123	0.625
double_cold	double_cold/seed_11	11	11	1124	0.625
double_cold	double_cold/seed_11	11	11	1133	0.14870689809322357
double_cold	double_cold/seed_11	11	11	1146	0.55555558204650879
double_cold	double_cold/seed_11	11	11	1148	0.96153843402862549
double_cold	double_cold/seed_11	11	11	1157	0.27370691299438477
double_cold	double_cold/seed_11	11	11	1158	0.58695650100708008
double_cold	double_cold/seed_11	11	11	1166	0.71698111295700073
double_cold	double_cold/seed_11	11	11	1167	0.59259259700775146
double_cold	double_cold/seed_11	11	11	1175	0.71428573131561279
double_cold	double_cold/seed_11	11	11	1178	0.61842107772827148
double_cold	double_cold/seed_11	11	11	1192	0.58333331346511841
double_cold	double_cold/seed_11	11	11	1194	0.16685520112514496
double_cold	double_cold/seed_11	11	11	1209	0.62280702590942383
double_cold	double_cold/seed_11	11	11	1212	0.60204082727432251
double_cold	double_cold/seed_11	11	11	1214	0.59375
double_cold	double_cold/seed_11	11	11	1218	0.67857146263122559
double_cold	double_cold/seed_11	11	11	1227	0.55555558204650879
double_cold	double_cold/seed_11	11	11	1228	0.20216907560825348
double_cold	double_cold/seed_11	11	11	1238	0.58333331346511841
double_cold	double_cold/seed_11	11	11	1240	0.71698111295700073
double_cold	double_cold/seed_11	11	11	1245	0.71527779102325439
double_cold	double_cold/seed_11	11	11	1254	0.5701754093170166
double_cold	double_cold/seed_11	11	11	1260	0.53938114643096924
double_cold	double_cold/seed_11	11	11	1271	0.16745731234550476
double_cold	double_cold/seed_11	11	11	1272	0.4022420346736908
double_cold	double_cold/seed_11	11	11	1273	0.5
double_cold	double_cold/seed_11	11	11	1282	0.56382977962493896
double_cold	double_cold/seed_11	11	11	1283	0.56578946113586426
double_cold	double_cold/seed_11	11	11	1291	0.67500001192092896
double_cold	double_cold/seed_11	11	11	1303	0.58333331346511841
double_cold	double_cold/seed_11	11	11	1305	0.64864861965179443
double_cold	double_cold/seed_11	11	11	1312	0.41229385137557983
double_cold	double_cold/seed_11	11	11	1316	0.25715956091880798
double_cold	double_cold/seed_11	11	11	1321	0.61538463830947876
double_cold	double_cold/seed_11	11	11	1326	0.546875
double_cold	double_cold/seed_11	11	11	1340	0.5
double_cold	double_cold/seed_11	11	11	1341	0.80434781312942505
double_cold	double_cold/seed_11	11	11	1342	0.58333331346511841
double_cold	double_cold/seed_11	11	11	1363	0.55434781312942505
double_cold	double_cold/seed_11	11	11	1373	0.60606062412261963
double_cold	double_cold/seed_11	11	11	1387	0.57894736528396606
double_cold	double_cold/seed_11	11	11	1392	0.30166929960250854
double_cold	double_cold/seed_11	11	11	1396	0.58333331346511841
double_cold	double_cold/seed_11	11	11	1403	0.63076925277709961
double_cold	double_cold/seed_11	11	11	1407	0.59090912342071533
double_cold	double_cold/seed_11	11	11	1442	0.7361111044883728
double_cold	double_cold/seed_11	11	11	1447	0.54166662693023682
double_cold	double_cold/seed_11	11	11	1485	0.5
double_cold	double_cold/seed_11	11	11	1486	0.5625
double_cold	double_cold/seed_11	11	11	1491	0.55555558204650879
double_cold	double_cold/seed_11	11	11	1499	0.62280702590942383
double_cold	double_cold/seed_11	11	11	1514	0.5446428656578064
double_cold	double_cold/seed_11	11	11	1528	0.54545456171035767
double_cold	double_cold/seed_11	11	11	1533	0.86538457870483398
double_cold	double_cold/seed_11	11	11	1534	0.56578946113586426
double_cold	double_cold/seed_11	11	11	1537	0.6875
double_cold	double_cold/seed_11	11	11	1542	0.64406776428222656
double_cold	double_cold/seed_11	11	11	1546	0.34731185436248779
double_cold	double_cold/seed_11	11	11	1548	0.58536583185195923
double_cold	double_cold/seed_11	11	11	1549	0.61842107772827148
double_cold	double_cold/seed_11	11	11	1557	0.40555554628372192
double_cold	double_cold/seed_11	11	11	1566	0.38152009248733521
double_cold	double_cold/seed_11	11	11	1591	0.59698683023452759
double_cold	double_cold/seed_11	11	11	1620	0.66666668653488159
double_cold	double_cold/seed_11	11	11	1624	0.61764705181121826
double_cold	double_cold/seed_11	11	11	1638	0.6428571343421936
double_cold	double_cold/seed_11	11	11	1641	0.55555558204650879
double_cold	double_cold/seed_11	11	11	1642	0.56818181276321411
double_cold	double_cold/seed_11	11	11	1646	0.83333337306976318
double_cold	double_cold/seed_11	11	11	1652	0.86538457870483398
double_cold	double_cold/seed_11	11	11	1659	0.59090912342071533
double_cold	double_cold/seed_11	11	11	1660	0.55072462558746338
double_cold	double_cold/seed_11	11	11	1664	0.62000000476837158
double_cold	double_cold/seed_11	11	11	1673	0.53191488981246948
double_cold	double_cold/seed_11	11	11	1678	0.40396678447723389
double_cold	double_cold/seed_11	11	11	1680	0.6269230842590332
double_cold	double_cold/seed_11	11	11	1685	0.42112711071968079
double_cold	double_cold/seed_11	11	11	1690	0.56849312782287598
double_cold	double_cold/seed_11	11	11	1703	0.55072462558746338
double_cold	double_cold/seed_11	11	11	1706	0.28414443135261536
double_cold	double_cold/seed_11	11	11	1715	0.4098360538482666
double_cold	double_cold/seed_11	11	11	1729	0.59239131212234497
double_cold	double_cold/seed_11	11	11	1746	0.71428573131561279
double_cold	double_cold/seed_11	11	11	1754	0.23620690405368805
double_cold	double_cold/seed_11	11	11	1766	0.56862747669219971
double_cold	double_cold/seed_11	11	11	1775	0.38152009248733521
double_cold	double_cold/seed_11	11	11	1781	0.6111111044883728
double_cold	double_cold/seed_11	11	11	1794	0.65686273574829102
double_cold	double_cold/seed_11	11	11	1805	0.56666666269302368
double_cold	double_cold/seed_11	11	11	1810	0.69444441795349121
double_cold	double_cold/seed_11	11	11	1811	0.5
double_cold	double_cold/seed_11	11	11	1834	0.65625
double_cold	double_cold/seed_11	11	11	1841	0.54891306161880493
double_cold	double_cold/seed_11	11	11	1842	0.51851850748062134
double_cold	double_cold/seed_11	11	11	1852	0.6428571343421936
double_cold	double_cold/seed_11	11	11	1857	0.54545456171035767
double_cold	double_cold/seed_11	11	11	1858	0.55309736728668213
double_cold	double_cold/seed_11	11	11	1876	0.5138888955116272
double_cold	double_cold/seed_11	11	11	1885	0.66025638580322266
double_cold	double_cold/seed_11	11	11	1886	0.66250002384185791
double_cold	double_cold/seed_11	11	11	1896	0.75
double_cold	double_cold/seed_11	11	11	1922	0.29066985845565796
double_cold	double_cold/seed_11	11	11	1941	0.55555558204650879
double_cold	double_cold/seed_11	11	11	1946	0.56578946113586426
double_cold	double_cold/seed_11	11	11	1956	0.56578946113586426
double_cold	double_cold/seed_11	11	11	1971	0.35389611124992371
double_cold	double_cold/seed_11	11	11	1973	0.63210701942443848
double_cold	double_cold/seed_11	11	11	1992	0.71428573131561279
double_cold	double_cold/seed_11	11	11	2012	0.60000002384185791
double_cold	double_cold/seed_11	11	11	2015	0.64864861965179443
double_cold	double_cold/seed_11	11	11	2023	0.5
double_cold	double_cold/seed_11	11	11	2036	0.5
double_cold	double_cold/seed_11	11	11	2037	0.54716980457305908
double_cold	double_cold/seed_11	11	11	2070	0.7361111044883728
double_cold	double_cold/seed_11	11	11	2076	0.59358978271484375
double_cold	double_cold/seed_11	11	11	2082	0.52127659320831299
double_cold	double_cold/seed_11	11	11	2086	0.6428571343421936
double_cold	double_cold/seed_11	11	11	2099	0.74909424781799316
double_cold	double_cold/seed_11	11	11	2103	0.79032254219055176
double_cold	double_cold/seed_11	11	11	2107	0.68478262424468994
double_cold	double_cold/seed_11	11	11	2113	0.66666668653488159
double_cold	double_cold/seed_11	11	11	2123	0.32692307233810425
double_cold	double_cold/seed_11	11	11	2127	0.5810810923576355
double_cold	double_cold/seed_11	11	11	2132	0.52895146608352661
double_cold	double_cold/seed_11	11	11	2135	0.6696428656578064
double_cold	double_cold/seed_11	11	11	2154	0.68333333730697632
double_cold	double_cold/seed_11	11	11	2159	0.56578946113586426
double_cold	double_cold/seed_11	11	11	2171	0.52083331346511841
double_cold	double_cold/seed_11	11	11	2181	0.57777780294418335
double_cold	double_cold/seed_11	11	11	2184	0.71527779102325439
double_cold	double_cold/seed_11	11	11	2195	0.56999999284744263
double_cold	double_cold/seed_11	11	11	2198	0.6071428656578064
double_cold	double_cold/seed_11	11	11	2199	0.71527779102325439
double_cold	double_cold/seed_11	11	11	2203	0.71698111295700073
double_cold	double_cold/seed_11	11	11	2208	0.60975611209869385
double_cold	double_cold/seed_11	11	11	2215	0.75862067937850952
double_cold	double_cold/seed_11	11	11	2220	0.55737704038619995
double_cold	double_cold/seed_11	11	11	2221	0.75
double_cold	double_cold/seed_11	11	11	2237	0.56578946113586426
double_cold	double_cold/seed_11	11	11	2242	0.5
double_cold	double_cold/seed_11	11	11	2245	0.5
double_cold	double_cold/seed_11	11	11	2247	0.7351190447807312
double_cold	double_cold/seed_11	11	11	2248	0.6111111044883728
double_cold	double_cold/seed_11	11	11	2263	0.97826087474822998
double_cold	double_cold/seed_11	11	11	2264	0.53429239988327026
double_cold	double_cold/seed_11	11	11	2270	0.67777776718139648
double_cold	double_cold/seed_11	11	11	2275	0.57142859697341919
double_cold	double_cold/seed_11	11	11	2278	0.61250001192092896
double_cold	double_cold/seed_11	11	11	2283	0.66250002384185791
double_cold	double_cold/seed_11	11	11	2288	0.85185182094573975
double_cold	double_cold/seed_11	11	11	2289	0.5138888955116272
double_cold	double_cold/seed_11	11	11	2291	0.60294115543365479
double_cold	double_cold/seed_11	11	11	2302	0.53191488981246948
double_cold	double_cold/seed_11	11	11	2304	0.72058820724487305
double_cold	double_cold/seed_11	11	11	2305	0.55263155698776245
double_cold	double_cold/seed_11	11	11	2307	0.77027022838592529
double_cold	double_cold/seed_11	11	11	2317	0.6355932354927063
double_cold	double_cold/seed_11	11	11	2319	0.75
double_cold	double_cold/seed_11	11	11	2320	0.56382977962493896
double_cold	double_cold/seed_11	11	11	2321	0.5810810923576355
double_cold	double_cold/seed_11	11	11	2326	0.55555558204650879
double_cold	double_cold/seed_11	11	11	2332	0.56578946113586426
double_cold	double_cold/seed_11	11	11	2333	0.56578946113586426
double_cold	double_cold/seed_11	11	11	2338	0.57142859697341919
double_cold	double_cold/seed_11	11	11	2339	0.55714285373687744
double_cold	double_cold/seed_11	11	11	2342	0.578125
double_cold	double_cold/seed_11	11	11	2346	0.5
double_cold	double_cold/seed_11	11	11	2351	0.68627452850341797
double_cold	double_cold/seed_11	11	11	2360	0.53750002384185791
double_cold	double_cold/seed_11	11	11	2366	0.54545456171035767
double_cold	double_cold/seed_11	11	11	2374	0.74358975887298584
double_cold	double_cold/seed_11	11	11	2377	0.5
