row_index,host_id,guest_id,host_smiles,guest_smiles,family,y_true,host_canonical_smiles,host_canonical_key_sha256,host_alias_group_id,host_parse_status,guest_canonical_smiles,guest_canonical_key_sha256,guest_alias_group_id,guest_parse_status,model,seed,regime,fold,y_pred
13,12,13,O1CCOCCN2CCOCCOCCOCCN(CCOCC1)CCOCCOCCOCC2,[Cs+],other,2.0,C1COCCN2CCOCCOCCOCCN(CCOCCO1)CCOCCOCCOCC2,85C7C02142B236ECBC1FC9E9A1DD4E3252A7651F7F5B037994877CF5373B1DC8,HOST_CAN_0006,PASS,[Cs+],2007C7CB8E9E407AF1FE3CC70080E500F82FCC5BB652DA30AE9309E09D1E52EF,GUEST_CAN_1052,PASS,GINE,2,double_cold,4,2.3900856971740723
15,14,15,NCCOc1c2Cc3cc(cc(c3O)Cc3cc(cc(c3O)Cc3cc(cc(Cc4c(c(Cc5c(c(Cc1cc(c2)S(=O)(=O)O)cc(c5)S(=O)(=O)O)O)cc(c4)S(=O)(=O)O)O)c3O)S(=O)(=O)O)S(=O)(=O)O)S(=O)(=O)O,[O-]C(=O)CC(C(=O)O)N,calixarene,3.7342000007629395,NCCOc1c2cc(S(=O)(=O)O)cc1Cc1cc(S(=O)(=O)O)cc(c1O)Cc1cc(S(=O)(=O)O)cc(c1O)Cc1cc(S(=O)(=O)O)cc(c1O)Cc1cc(S(=O)(=O)O)cc(c1O)Cc1cc(S(=O)(=O)O)cc(c1O)C2,C787A22C599703D921FA29CACAF002E9FF6ED12C44482B2905C84DCBDD5B4AC1,HOST_CAN_0110,PASS,NC(CC(=O)[O-])C(=O)O,BB5F75F5A9C5B3B73A0A3B7339C8AC7150359761D5C24F8C1D742AB3AA3BCA26,GUEST_CAN_0731,PASS,GINE,2,double_cold,4,2.1854348182678223
37,26,37,[Li+].[Li+].B(C1=CC=CC=C1CNCC2=CC=C(C=C2)C(=O)NC3=CC(=CC(=C3)CP(=O)([O-])OC)CP(=O)([O-])OC)(O)O,C1=CC(=C(C=C1C(CN)O)O)O,other,2.263400077819824,COP(=O)([O-])Cc1cc(CP(=O)([O-])OC)cc(NC(=O)c2ccc(CNCc3ccccc3B(O)O)cc2)c1.[Li+].[Li+],F42D7F8FEECED34D2A8CD9838DF697E6536F3F5A5AD106D19B9E9737F28D2790,HOST_CAN_0067,PASS,NCC(O)c1ccc(O)c(O)c1,7F5D32A02DE5511E772E8422081F82EE16925B55633A6CB4BB4E730CF1565495,GUEST_CAN_0775,PASS,GINE,2,double_cold,4,2.30438232421875
38,11,38,C1N2C3C4N(C2=O)CN5C6C7N(C5=O)CN8C9C2N(C8=O)CN5C8C%10N(C5=O)CN5C%11C%12N(C5=O)CN5C%13C%14N(C5=O)CN5C%15C%16N(C5=O)CN5C%17C(N1C5=O)N1CN3C(=O)N4CN6C(=O)N7CN9C(=O)N2CN8C(=O)N%10CN%11C(=O)N%12CN%13C(=O)N%14CN%15C(=O)N%16CN%17C1=O,C(C)OC1=CC=C(C=C1)O,cucurbituril,3.0,O=C1N2CN3C(=O)N4CN5C(=O)N6CN7C(=O)N8CN9C(=O)N%10CN%11C(=O)N%12CN%13C(=O)N%14CN%15C(=O)N%16CN1C1C2N2CN%17C(=O)N(CN%18C(=O)N(CN%19C(=O)N(CN%20C(=O)N(CN%21C(=O)N(CN%22C(=O)N(CN%23C(=O)N(CN1C2=O)C%16C%15%23)C%14C%13%22)C%12C%11%21)C%10C9%20)C8C7%19)C6C5%18)C4C3%17,E82CB7F52437B0147F435E3074F006752062FF8924E87C1DAF3210D182FF633B,HOST_CAN_0143,PASS,CCOc1ccc(O)cc1,B6A3BA93C56DE33D9CEB0E841B51FF560379B69E9BC2C21080ACFE219FFBDC2F,GUEST_CAN_0369,PASS,GINE,2,double_cold,4,3.8629343509674072
44,11,44,C1N2C3C4N(C2=O)CN5C6C7N(C5=O)CN8C9C2N(C8=O)CN5C8C%10N(C5=O)CN5C%11C%12N(C5=O)CN5C%13C%14N(C5=O)CN5C%15C%16N(C5=O)CN5C%17C(N1C5=O)N1CN3C(=O)N4CN6C(=O)N7CN9C(=O)N2CN8C(=O)N%10CN%11C(=O)N%12CN%13C(=O)N%14CN%15C(=O)N%16CN%17C1=O,O=C([C@H](Cc1ccc(cc1)O)N)N[C@H](C(=O)N[C@H](C(=O)O)C)Cc1ccccc1,cucurbituril,6.537799835205078,O=C1N2CN3C(=O)N4CN5C(=O)N6CN7C(=O)N8CN9C(=O)N%10CN%11C(=O)N%12CN%13C(=O)N%14CN%15C(=O)N%16CN1C1C2N2CN%17C(=O)N(CN%18C(=O)N(CN%19C(=O)N(CN%20C(=O)N(CN%21C(=O)N(CN%22C(=O)N(CN%23C(=O)N(CN1C2=O)C%16C%15%23)C%14C%13%22)C%12C%11%21)C%10C9%20)C8C7%19)C6C5%18)C4C3%17,E82CB7F52437B0147F435E3074F006752062FF8924E87C1DAF3210D182FF633B,HOST_CAN_0143,PASS,C[C@H](NC(=O)[C@H](Cc1ccccc1)NC(=O)[C@@H](N)Cc1ccc(O)cc1)C(=O)O,A631500F810B1FA74482AF42815042A9593417775134D0FDCBE60F3AD7A5AB96,GUEST_CAN_0547,PASS,GINE,2,double_cold,4,4.071061134338379
48,1,47,C1C2=CC(=CC(=C2O)CC3=CC(=CC(=C3O)CC4=C(C(=CC(=C4)S(=O)(=O)O)CC5=C(C1=CC(=C5)S(=O)(=O)O)O)O)S(=O)(=O)O)S(=O)(=O)O,[NH3+]CCCCC(C(=O)N1CCCC(=O)C1NC(=O)C(NC(C(=O)N)Cc1ccc(cc1)O)Cc1nc[nH]c1)NC(=O)C(NC(=O)C(C(C)C)NC(=O)CNC(=O)C[NH3+])CCCC[N+](C)(C)C,calixarene,5.041399955749512,O=S(=O)(O)c1cc2c(O)c(c1)Cc1cc(S(=O)(=O)O)cc(c1O)Cc1cc(S(=O)(=O)O)cc(c1O)Cc1cc(S(=O)(=O)O)cc(c1O)C2,C1130CCDC8DA0C6458EF6C2E07E7F3330D8F8B055CBE4DEAADB70DC00C8CDFC1,HOST_CAN_0154,PASS,CC(C)C(NC(=O)CNC(=O)C[NH3+])C(=O)NC(CCCC[N+](C)(C)C)C(=O)NC(CCCC[NH3+])C(=O)N1CCCC(=O)C1NC(=O)C(Cc1c[nH]cn1)NC(Cc1ccc(O)cc1)C(N)=O,FD7C2B99B942876E09F98837C6358544B3CCA5DF95516A974EF37A4452132BA8,GUEST_CAN_0129,PASS,GINE,2,double_cold,4,4.930944919586182
57,34,56,OC1=C(CC2=CC(S(=O)([O-])=O)=CC(CC(C=C3S(=O)([O-])=O)=C4OCC(O)=O)=C2O)C=C(S(=O)([O-])=O)C=C1CC5=CC(S(=O)([O-])=O)=CC(CC4=C3)=C5O,CCCC(C(=O)O)N,calixarene,2.6884000301361084,O=C(O)COc1c2cc(S(=O)(=O)[O-])cc1Cc1cc(S(=O)(=O)[O-])cc(c1O)Cc1cc(S(=O)(=O)[O-])cc(c1O)Cc1cc(S(=O)(=O)[O-])cc(c1O)C2,EBB61F0F13AD36B6AF388F0A3BF11BFB93DBCC3093F712DCC0802C51D18DC147,HOST_CAN_0129,PASS,CCCC(N)C(=O)O,81F3215F9F46874A7436620E7AD92167936CF997FB3F203D4397A018C4B56861,GUEST_CAN_0268,PASS,GINE,2,double_cold,4,1.9265575408935547
93,11,89,C1N2C3C4N(C2=O)CN5C6C7N(C5=O)CN8C9C2N(C8=O)CN5C8C%10N(C5=O)CN5C%11C%12N(C5=O)CN5C%13C%14N(C5=O)CN5C%15C%16N(C5=O)CN5C%17C(N1C5=O)N1CN3C(=O)N4CN6C(=O)N7CN9C(=O)N2CN8C(=O)N%10CN%11C(=O)N%12CN%13C(=O)N%14CN%15C(=O)N%16CN%17C1=O,C1OC2=C(O1)C=C(C=C2)O,cucurbituril,4.311600208282471,O=C1N2CN3C(=O)N4CN5C(=O)N6CN7C(=O)N8CN9C(=O)N%10CN%11C(=O)N%12CN%13C(=O)N%14CN%15C(=O)N%16CN1C1C2N2CN%17C(=O)N(CN%18C(=O)N(CN%19C(=O)N(CN%20C(=O)N(CN%21C(=O)N(CN%22C(=O)N(CN%23C(=O)N(CN1C2=O)C%16C%15%23)C%14C%13%22)C%12C%11%21)C%10C9%20)C8C7%19)C6C5%18)C4C3%17,E82CB7F52437B0147F435E3074F006752062FF8924E87C1DAF3210D182FF633B,HOST_CAN_0143,PASS,Oc1ccc2c(c1)OCO2,047C82A25C64B079210E12D34ADA35F9CA8575616A1149DDFA77E1BA78711DD7,GUEST_CAN_0998,PASS,GINE,2,double_cold,4,4.0083441734313965
104,11,98,C1N2C3C4N(C2=O)CN5C6C7N(C5=O)CN8C9C2N(C8=O)CN5C8C%10N(C5=O)CN5C%11C%12N(C5=O)CN5C%13C%14N(C5=O)CN5C%15C%16N(C5=O)CN5C%17C(N1C5=O)N1CN3C(=O)N4CN6C(=O)N7CN9C(=O)N2CN8C(=O)N%10CN%11C(=O)N%12CN%13C(=O)N%14CN%15C(=O)N%16CN%17C1=O,C1=CC=C2C(=C1)C(=CN2)CC(C(=O)NCC(=O)NCC(=O)O)N,cucurbituril,5.198800086975098,O=C1N2CN3C(=O)N4CN5C(=O)N6CN7C(=O)N8CN9C(=O)N%10CN%11C(=O)N%12CN%13C(=O)N%14CN%15C(=O)N%16CN1C1C2N2CN%17C(=O)N(CN%18C(=O)N(CN%19C(=O)N(CN%20C(=O)N(CN%21C(=O)N(CN%22C(=O)N(CN%23C(=O)N(CN1C2=O)C%16C%15%23)C%14C%13%22)C%12C%11%21)C%10C9%20)C8C7%19)C6C5%18)C4C3%17,E82CB7F52437B0147F435E3074F006752062FF8924E87C1DAF3210D182FF633B,HOST_CAN_0143,PASS,NC(Cc1c[nH]c2ccccc12)C(=O)NCC(=O)NCC(=O)O,2C43B083BD1E29E783981D780E3B0FD1808AB5DE5A31659FCA71D6AEEFA685F0,GUEST_CAN_0738,PASS,GINE,2,double_cold,4,5.094886779785156
118,1,109,C1C2=CC(=CC(=C2O)CC3=CC(=CC(=C3O)CC4=C(C(=CC(=C4)S(=O)(=O)O)CC5=C(C1=CC(=C5)S(=O)(=O)O)O)O)S(=O)(=O)O)S(=O)(=O)O,C(CC(C(=O)O)N)CN=C(N)N,calixarene,3.2697999477386475,O=S(=O)(O)c1cc2c(O)c(c1)Cc1cc(S(=O)(=O)O)cc(c1O)Cc1cc(S(=O)(=O)O)cc(c1O)Cc1cc(S(=O)(=O)O)cc(c1O)C2,C1130CCDC8DA0C6458EF6C2E07E7F3330D8F8B055CBE4DEAADB70DC00C8CDFC1,HOST_CAN_0154,PASS,NC(N)=NCCCC(N)C(=O)O,0E8C75093E2FC997DA04592D0B5BF85F1497CF3AA52A61C1DE57D4718119AA31,GUEST_CAN_0751,PASS,GINE,2,double_cold,4,3.0270638465881348
121,48,92,[Na]OS(=O)(=O)CCCOc1c2CN3C(=O)N4[C@]5([C@@]3(N(Cc2c(c2c1cccc2)OCCCS(=O)(=O)O[Na])C(=O)N5CN1[C@@]2(N(C4)C(=O)N3[C@]2(C)N(C1=O)Cc1c(C3)c(OCCCS(=O)(=O)O[Na])c2c(c1OCCCS(=O)(=O)O[Na])cccc2)C)C)C,C[N+]1=CC=C(C=C1)C2=CC=[N+](C=C2)C.[Cl-].[Cl-],other,5.448699951171875,C[C@]12N3Cc4c(c(OCCCS(=O)(=O)[O][Na])c5ccccc5c4OCCCS(=O)(=O)[O][Na])CN1C(=O)N1CN4C(=O)N5Cc6c(c(OCCCS(=O)(=O)[O][Na])c7ccccc7c6OCCCS(=O)(=O)[O][Na])CN6C(=O)N(CN(C3=O)[C@]12C)[C@]4(C)[C@@]56C,D18B807A904C56B05E199911FB10FFB774349CC49BBD32D2EFAFF4C892BA649F,HOST_CAN_0090,PASS,C[n+]1ccc(-c2cc[n+](C)cc2)cc1.[Cl-].[Cl-],A34A59C172ABA48CFA54144DF49E70D56803B22DE394E6F3154C1D8F7DC6E5F1,GUEST_CAN_0623,PASS,GINE,2,double_cold,4,5.785451412200928
125,34,15,OC1=C(CC2=CC(S(=O)([O-])=O)=CC(CC(C=C3S(=O)([O-])=O)=C4OCC(O)=O)=C2O)C=C(S(=O)([O-])=O)C=C1CC5=CC(S(=O)([O-])=O)=CC(CC4=C3)=C5O,[O-]C(=O)CC(C(=O)O)N,calixarene,3.4551000595092773,O=C(O)COc1c2cc(S(=O)(=O)[O-])cc1Cc1cc(S(=O)(=O)[O-])cc(c1O)Cc1cc(S(=O)(=O)[O-])cc(c1O)Cc1cc(S(=O)(=O)[O-])cc(c1O)C2,EBB61F0F13AD36B6AF388F0A3BF11BFB93DBCC3093F712DCC0802C51D18DC147,HOST_CAN_0129,PASS,NC(CC(=O)[O-])C(=O)O,BB5F75F5A9C5B3B73A0A3B7339C8AC7150359761D5C24F8C1D742AB3AA3BCA26,GUEST_CAN_0731,PASS,GINE,2,double_cold,4,2.282980442047119
127,1,113,C1C2=CC(=CC(=C2O)CC3=CC(=CC(=C3O)CC4=C(C(=CC(=C4)S(=O)(=O)O)CC5=C(C1=CC(=C5)S(=O)(=O)O)O)O)S(=O)(=O)O)S(=O)(=O)O,CCOP(=O)(C)OCC,calixarene,1.5232000350952148,O=S(=O)(O)c1cc2c(O)c(c1)Cc1cc(S(=O)(=O)O)cc(c1O)Cc1cc(S(=O)(=O)O)cc(c1O)Cc1cc(S(=O)(=O)O)cc(c1O)C2,C1130CCDC8DA0C6458EF6C2E07E7F3330D8F8B055CBE4DEAADB70DC00C8CDFC1,HOST_CAN_0154,PASS,CCOP(C)(=O)OCC,A5B35C2138144500E2AFF0B0BF4139B070106CADC6A7C6E1D8A6FB26ADEF000F,GUEST_CAN_0367,PASS,GINE,2,double_cold,4,1.7233779430389404
141,61,92,Oc1c2Cc3cc(cc4c3OCCOc3c5Cc6cc(cc(Cc7c(OCCOc8c(Cc1cc(c2)S(=O)(=O)[O-])cc(cc8Cc1c(c(C4)cc(c1)S(=O)(=O)[O-])O)S(=O)(=O)[O-])c(Cc1c(c(Cc3cc(c5)S(=O)(=O)[O-])cc(c1)S(=O)(=O)[O-])O)cc(c7)S(=O)(=O)[O-])c6O)S(=O)(=O)[O-])S(=O)(=O)[O-],C[N+]1=CC=C(C=C1)C2=CC=[N+](C=C2)C.[Cl-].[Cl-],calixarene,6.555099964141846,O=S(=O)([O-])c1cc2c(O)c(c1)Cc1cc(S(=O)(=O)[O-])cc3c1OCCOc1c4cc(S(=O)(=O)[O-])cc1Cc1cc(S(=O)(=O)[O-])cc(c1O)Cc1cc(S(=O)(=O)[O-])cc(c1OCCOc1c(cc(S(=O)(=O)[O-])cc1Cc1cc(S(=O)(=O)[O-])cc(c1O)C3)C2)Cc1cc(S(=O)(=O)[O-])cc(c1O)C4,C2455B556D8BCD7020D1A83F7BB4B442A591F4C2B5AA0A2B0B23B912297BEA73,HOST_CAN_0168,PASS,C[n+]1ccc(-c2cc[n+](C)cc2)cc1.[Cl-].[Cl-],A34A59C172ABA48CFA54144DF49E70D56803B22DE394E6F3154C1D8F7DC6E5F1,GUEST_CAN_0623,PASS,GINE,2,double_cold,4,4.079465866088867
159,1,138,C1C2=CC(=CC(=C2O)CC3=CC(=CC(=C3O)CC4=C(C(=CC(=C4)S(=O)(=O)O)CC5=C(C1=CC(=C5)S(=O)(=O)O)O)O)S(=O)(=O)O)S(=O)(=O)O,CC1=CC2=C(C=C1N)[N+](=C3C=C(C(=CC3=N2)C)N)C4=CC=CC=C4.[Cl-],calixarene,4.289400100708008,O=S(=O)(O)c1cc2c(O)c(c1)Cc1cc(S(=O)(=O)O)cc(c1O)Cc1cc(S(=O)(=O)O)cc(c1O)Cc1cc(S(=O)(=O)O)cc(c1O)C2,C1130CCDC8DA0C6458EF6C2E07E7F3330D8F8B055CBE4DEAADB70DC00C8CDFC1,HOST_CAN_0154,PASS,Cc1cc2nc3cc(C)c(N)cc3[n+](-c3ccccc3)c2cc1N.[Cl-],6C23131E23824F74076AE480AD36D628F0F33D6700F3B35A67A21F791CA61E3F,GUEST_CAN_0650,PASS,GINE,2,double_cold,4,5.872615814208984
160,33,139,[H]C1(C(C(O[C@](OC2=C1C=C3[C@]4([H])CCC[N+](C)(C)C)([H])C5=CC(O6)=CC(OC7=CC8=CC(C[N+](C)(C)C)=C7)=C5)=C9)=CC%10=C9O[C@](C%11=CC(O8)=CC(OC%12=CC%13=CC(C[N+](C)(C)C)=C%12)=C%11)([H])OC%14=C(C%10([H])CCC[N+](C)(C)C)C=C%15C(O[C@](C%16=CC%17=CC(O%13)=C%16)([H])OC%18=CC(O[C@](C%19=CC(OC%20=CC(O%17)=CC(C[N+](C)(C)C)=C%20)=CC(OC%21=CC6=CC(C[N+](C)(C)C)=C%21)=C%19)([H])OC3=C2)=C4C=C%18[C@]%15([H])CCC[N+](C)(C)C)=C%14)CCC[N+](C)(C)C.[Cl-].[Cl-].[Cl-].[Cl-].[Cl-].[Cl-].[Cl-].[Cl-],[O-][Re](=O)(=O)=O.[Na+],other,3.556299924850464,C[N+](C)(C)CCCC1c2cc3c4cc2O[C@H]2Oc5cc6c(cc51)[C@H](CCC[N+](C)(C)C)c1cc5c7cc1O[C@H](O6)c1cc6cc(c1)Oc1cc(C[N+](C)(C)C)cc(c1)Oc1cc8cc(c1)[C@H](Oc1cc(c(cc1[C@H]5CCC[N+](C)(C)C)C3CCC[N+](C)(C)C)O[C@@H](O4)c1cc(cc(c1)Oc1cc(C[N+](C)(C)C)cc(c1)O8)Oc1cc(C[N+](C)(C)C)cc(c1)Oc1cc(cc2c1)Oc1cc(C[N+](C)(C)C)cc(c1)O6)O7.[Cl-].[Cl-].[Cl-].[Cl-].[Cl-].[Cl-].[Cl-].[Cl-],F783BB4F0E2D9595DCCBD26C1895FCF835428AF86721AF4DD7F78FB07FBB8527,HOST_CAN_0096,PASS,[Na+].[O]=[Re](=[O])(=[O])[O-],AF42F34AEEF70F9C56B1206AC16DC33D9D7E4B4A26CD3297530031FB0691E687,GUEST_CAN_1102,PASS,GINE,2,double_cold,4,1.7258520126342773
185,45,161,C1C2=CC(=CC=C2)CC3=CC(=CC=C3)CC4=CC=CC(=C4)CC5=CC=CC1=C5,[Mg+2],calixarene,3.174499988555908,c1cc2cc(c1)Cc1cccc(c1)Cc1cccc(c1)Cc1cccc(c1)C2,001BA14F081450375618B4DEC192A3633931B27A166EE11658CCCBFAB45E327F,HOST_CAN_0183,PASS,[Mg+2],7F8D39B1BC5783E4D085768535A47B9BA749178FAD98C2BA37380CBAD5B2A9A1,GUEST_CAN_1073,PASS,GINE,2,double_cold,4,2.219832420349121
187,71,163,COC[C@@H]1O[C@H]2O[C@H]3[C@H](COC)O[C@H]([C@H]([C@@H]3OC)OC)O[C@H]3[C@H](COC)O[C@H]([C@H]([C@@H]3OC)OC)O[C@@H]3[C@@H](COC)O[C@@H]([C@@H]([C@H]3OC)OC)O[C@@H]3[C@H](O[C@H](O[C@@H]4[C@H](O[C@H](O[C@H]5[C@@H](O[C@@H](O[C@@H]1[C@H]([C@@H]2OC)OC)[C@@H](OC)[C@@H]5OC)CNCCN1C(=O)c2ccc5c6c2c(C1=O)ccc6c1c2c5ccc5c2c(cc1)C(=O)N(C5=O)CCNC[C@H]1O[C@@H]2O[C@@H]5[C@@H](COC)O[C@@H]([C@@H]([C@H]5OC)OC)O[C@H]5[C@H](COC)O[C@H]([C@H]([C@@H]5OC)OC)O[C@H]5[C@H](COC)O[C@H]([C@H]([C@@H]5OC)OC)O[C@H]5[C@@H](O[C@@H](O[C@H]6[C@@H](O[C@@H](O[C@@H]7[C@H](O[C@H](O[C@H]1[C@@H]([C@H]2OC)OC)[C@H](OC)[C@H]7OC)COC)[C@@H](OC)[C@@H]6OC)COC)[C@@H](OC)[C@@H]5OC)COC)[C@H](OC)[C@H]4OC)COC)[C@H](OC)[C@H]3OC)COC,[Na]OC(=O)CCCc1ccc2c3c1ccc1c3c(cc2)ccc1,cyclodextrin,4.598599910736084,COC[C@@H]1O[C@H]2O[C@@H]3[C@@H](OC)[C@H](OC)[C@H](O[C@H]4[C@H](OC)[C@@H](OC)[C@@H](O[C@H]5[C@H](OC)[C@@H](OC)[C@@H](O[C@H]6[C@H](OC)[C@@H](OC)[C@@H](O[C@@H]7[C@@H](OC)[C@H](OC)[C@H](O[C@@H]8[C@@H](OC)[C@H](OC)[C@H](O[C@@H]1[C@@H](OC)[C@@H]2OC)O[C@H]8COC)O[C@H]7COC)O[C@@H]6COC)O[C@@H]5CNCCN1C(=O)c2ccc5c6ccc7c8c(ccc(c9ccc(c2c59)C1=O)c86)C(=O)N(CCNC[C@@H]1O[C@H]2O[C@@H]5[C@@H](OC)[C@H](OC)[C@H](O[C@@H]6[C@@H](OC)[C@H](OC)[C@H](O[C@@H]8[C@@H](OC)[C@H](OC)[C@H](O[C@H]9[C@H](OC)[C@@H](OC)[C@@H](O[C@H]%10[C@H](OC)[C@@H](OC)[C@@H](O[C@H]%11[C@H](OC)[C@@H](OC)[C@@H](O[C@@H]1[C@@H](OC)[C@@H]2OC)O[C@@H]%11COC)O[C@@H]%10COC)O[C@@H]9COC)O[C@H]8COC)O[C@H]6COC)O[C@H]5COC)C7=O)O[C@@H]4COC)O[C@H]3COC,AA344ED0639038BDE60A18347E828CC07F0FE5021B69841313E8408CF4E680AF,HOST_CAN_0060,PASS,O=C(CCCc1ccc2ccc3cccc4ccc1c2c34)[O][Na],17AA4C46736144734AAA10362BAD5BA7E618FB659BD55B027DAC7EA58ED09425,GUEST_CAN_0847,PASS,GINE,2,double_cold,4,3.6442744731903076
188,11,164,C1N2C3C4N(C2=O)CN5C6C7N(C5=O)CN8C9C2N(C8=O)CN5C8C%10N(C5=O)CN5C%11C%12N(C5=O)CN5C%13C%14N(C5=O)CN5C%15C%16N(C5=O)CN5C%17C(N1C5=O)N1CN3C(=O)N4CN6C(=O)N7CN9C(=O)N2CN8C(=O)N%10CN%11C(=O)N%12CN%13C(=O)N%14CN%15C(=O)N%16CN%17C1=O,C1=C(C=C(C=C1O)O)O,cucurbituril,2.585200071334839,O=C1N2CN3C(=O)N4CN5C(=O)N6CN7C(=O)N8CN9C(=O)N%10CN%11C(=O)N%12CN%13C(=O)N%14CN%15C(=O)N%16CN1C1C2N2CN%17C(=O)N(CN%18C(=O)N(CN%19C(=O)N(CN%20C(=O)N(CN%21C(=O)N(CN%22C(=O)N(CN%23C(=O)N(CN1C2=O)C%16C%15%23)C%14C%13%22)C%12C%11%21)C%10C9%20)C8C7%19)C6C5%18)C4C3%17,E82CB7F52437B0147F435E3074F006752062FF8924E87C1DAF3210D182FF633B,HOST_CAN_0143,PASS,Oc1cc(O)cc(O)c1,1660A9E85FDBB41518DFC93FD4DBA7ABAB86F3426F80EA77DB6C235E22ADA0FA,GUEST_CAN_0987,PASS,GINE,2,double_cold,4,3.0553927421569824
217,11,188,C1N2C3C4N(C2=O)CN5C6C7N(C5=O)CN8C9C2N(C8=O)CN5C8C%10N(C5=O)CN5C%11C%12N(C5=O)CN5C%13C%14N(C5=O)CN5C%15C%16N(C5=O)CN5C%17C(N1C5=O)N1CN3C(=O)N4CN6C(=O)N7CN9C(=O)N2CN8C(=O)N%10CN%11C(=O)N%12CN%13C(=O)N%14CN%15C(=O)N%16CN%17C1=O,COCCOCCOCCOCCOCCOCCOCCOCCOCCOCCOCCOCCOCCOCCOCCOCCOCCOCCOCCOCCOCCOCCOCCOCCOCCOCCOCCOCCOCCOCCOCCOCCOCCOCCOCCOCCOCCOCCOCCOCCOCCOCCOCCOCCOCCOCCOCCOCCOCCOCCOCCOCCOCCOCCOCCOCCOCCOCCOCCOCCOCCOCCOCCOCCOCCOCCOCCOCCOCCOCCOCCOCCOCCOCCOCCOCCOCCOCCOCCOCCOCCOCCOCCOCCOCCOCCOCCOCCOCCOCCOCCOCCOCCOCCOCCOCCOCCOCCOCCOCCOCCOCCOCCOCCOCCOCCOCCOCCOCCOCCOCCOCCOCCOCCOC(=O)Nc1ccc(cc1)c1ccccc1,cucurbituril,4.906400203704834,O=C1N2CN3C(=O)N4CN5C(=O)N6CN7C(=O)N8CN9C(=O)N%10CN%11C(=O)N%12CN%13C(=O)N%14CN%15C(=O)N%16CN1C1C2N2CN%17C(=O)N(CN%18C(=O)N(CN%19C(=O)N(CN%20C(=O)N(CN%21C(=O)N(CN%22C(=O)N(CN%23C(=O)N(CN1C2=O)C%16C%15%23)C%14C%13%22)C%12C%11%21)C%10C9%20)C8C7%19)C6C5%18)C4C3%17,E82CB7F52437B0147F435E3074F006752062FF8924E87C1DAF3210D182FF633B,HOST_CAN_0143,PASS,COCCOCCOCCOCCOCCOCCOCCOCCOCCOCCOCCOCCOCCOCCOCCOCCOCCOCCOCCOCCOCCOCCOCCOCCOCCOCCOCCOCCOCCOCCOCCOCCOCCOCCOCCOCCOCCOCCOCCOCCOCCOCCOCCOCCOCCOCCOCCOCCOCCOCCOCCOCCOCCOCCOCCOCCOCCOCCOCCOCCOCCOCCOCCOCCOCCOCCOCCOCCOCCOCCOCCOCCOCCOCCOCCOCCOCCOCCOCCOCCOCCOCCOCCOCCOCCOCCOCCOCCOCCOCCOCCOCCOCCOCCOCCOCCOCCOCCOCCOCCOCCOCCOCCOCCOCCOCCOCCOCCOCCOCCOCCOCCOCCOCCOC(=O)Nc1ccc(-c2ccccc2)cc1,CCE2F11E677847337EAA24334DCD7374574630EE668474AA398809DF8DFF47D7,GUEST_CAN_0471,PASS,GINE,2,double_cold,4,4.361695289611816
220,11,191,C1N2C3C4N(C2=O)CN5C6C7N(C5=O)CN8C9C2N(C8=O)CN5C8C%10N(C5=O)CN5C%11C%12N(C5=O)CN5C%13C%14N(C5=O)CN5C%15C%16N(C5=O)CN5C%17C(N1C5=O)N1CN3C(=O)N4CN6C(=O)N7CN9C(=O)N2CN8C(=O)N%10CN%11C(=O)N%12CN%13C(=O)N%14CN%15C(=O)N%16CN%17C1=O,O.O.O.O.O.O.[Cl-].[Cl-].[Sr+2],cucurbituril,3.630000114440918,O=C1N2CN3C(=O)N4CN5C(=O)N6CN7C(=O)N8CN9C(=O)N%10CN%11C(=O)N%12CN%13C(=O)N%14CN%15C(=O)N%16CN1C1C2N2CN%17C(=O)N(CN%18C(=O)N(CN%19C(=O)N(CN%20C(=O)N(CN%21C(=O)N(CN%22C(=O)N(CN%23C(=O)N(CN1C2=O)C%16C%15%23)C%14C%13%22)C%12C%11%21)C%10C9%20)C8C7%19)C6C5%18)C4C3%17,E82CB7F52437B0147F435E3074F006752062FF8924E87C1DAF3210D182FF633B,HOST_CAN_0143,PASS,O.O.O.O.O.O.[Cl-].[Cl-].[Sr+2],3C32050D7E5AD41C7BC6DC47F8AF4E8E287A431913D4C7D7380ACBE3018A2B81,GUEST_CAN_0845,PASS,GINE,2,double_cold,4,4.435832977294922
243,11,207,C1N2C3C4N(C2=O)CN5C6C7N(C5=O)CN8C9C2N(C8=O)CN5C8C%10N(C5=O)CN5C%11C%12N(C5=O)CN5C%13C%14N(C5=O)CN5C%15C%16N(C5=O)CN5C%17C(N1C5=O)N1CN3C(=O)N4CN6C(=O)N7CN9C(=O)N2CN8C(=O)N%10CN%11C(=O)N%12CN%13C(=O)N%14CN%15C(=O)N%16CN%17C1=O,C1=CC2=C(C=C1O)C(=CN2)CC(C(=O)O)N,cucurbituril,3.8947999477386475,O=C1N2CN3C(=O)N4CN5C(=O)N6CN7C(=O)N8CN9C(=O)N%10CN%11C(=O)N%12CN%13C(=O)N%14CN%15C(=O)N%16CN1C1C2N2CN%17C(=O)N(CN%18C(=O)N(CN%19C(=O)N(CN%20C(=O)N(CN%21C(=O)N(CN%22C(=O)N(CN%23C(=O)N(CN1C2=O)C%16C%15%23)C%14C%13%22)C%12C%11%21)C%10C9%20)C8C7%19)C6C5%18)C4C3%17,E82CB7F52437B0147F435E3074F006752062FF8924E87C1DAF3210D182FF633B,HOST_CAN_0143,PASS,NC(Cc1c[nH]c2ccc(O)cc12)C(=O)O,45B44343750ACDA5126ED59220CFC05D3A26B3418D18E8070014944EFE1CB2F3,GUEST_CAN_0736,PASS,GINE,2,double_cold,4,4.080102920532227
270,11,225,C1N2C3C4N(C2=O)CN5C6C7N(C5=O)CN8C9C2N(C8=O)CN5C8C%10N(C5=O)CN5C%11C%12N(C5=O)CN5C%13C%14N(C5=O)CN5C%15C%16N(C5=O)CN5C%17C(N1C5=O)N1CN3C(=O)N4CN6C(=O)N7CN9C(=O)N2CN8C(=O)N%10CN%11C(=O)N%12CN%13C(=O)N%14CN%15C(=O)N%16CN%17C1=O,NCCCC[C@@H](C(=O)N[C@H](C(=O)NCC(=O)N[C@H](C(=O)O)Cc1ccc(cc1)O)C(C)C)NC(=O)[C@H](CCSC)N,cucurbituril,5.214799880981445,O=C1N2CN3C(=O)N4CN5C(=O)N6CN7C(=O)N8CN9C(=O)N%10CN%11C(=O)N%12CN%13C(=O)N%14CN%15C(=O)N%16CN1C1C2N2CN%17C(=O)N(CN%18C(=O)N(CN%19C(=O)N(CN%20C(=O)N(CN%21C(=O)N(CN%22C(=O)N(CN%23C(=O)N(CN1C2=O)C%16C%15%23)C%14C%13%22)C%12C%11%21)C%10C9%20)C8C7%19)C6C5%18)C4C3%17,E82CB7F52437B0147F435E3074F006752062FF8924E87C1DAF3210D182FF633B,HOST_CAN_0143,PASS,CSCC[C@H](N)C(=O)N[C@@H](CCCCN)C(=O)N[C@H](C(=O)NCC(=O)N[C@@H](Cc1ccc(O)cc1)C(=O)O)C(C)C,8167E5B9D467D3517CB5E026ABC440323FD783B543B9969360208D926D546B5A,GUEST_CAN_0524,PASS,GINE,2,double_cold,4,4.221659183502197
273,1,228,C1C2=CC(=CC(=C2O)CC3=CC(=CC(=C3O)CC4=C(C(=CC(=C4)S(=O)(=O)O)CC5=C(C1=CC(=C5)S(=O)(=O)O)O)O)S(=O)(=O)O)S(=O)(=O)O,CN=C(N)NCCCC(C(=O)O)N,calixarene,2.8808000087738037,O=S(=O)(O)c1cc2c(O)c(c1)Cc1cc(S(=O)(=O)O)cc(c1O)Cc1cc(S(=O)(=O)O)cc(c1O)Cc1cc(S(=O)(=O)O)cc(c1O)C2,C1130CCDC8DA0C6458EF6C2E07E7F3330D8F8B055CBE4DEAADB70DC00C8CDFC1,HOST_CAN_0154,PASS,CN=C(N)NCCCC(N)C(=O)O,AC5DE4409F32BD2D17B5F0B4B252945C0CB19634FCFB964A1C3286EB34F2AD70,GUEST_CAN_0420,PASS,GINE,2,double_cold,4,3.083127021789551
276,11,230,C1N2C3C4N(C2=O)CN5C6C7N(C5=O)CN8C9C2N(C8=O)CN5C8C%10N(C5=O)CN5C%11C%12N(C5=O)CN5C%13C%14N(C5=O)CN5C%15C%16N(C5=O)CN5C%17C(N1C5=O)N1CN3C(=O)N4CN6C(=O)N7CN9C(=O)N2CN8C(=O)N%10CN%11C(=O)N%12CN%13C(=O)N%14CN%15C(=O)N%16CN%17C1=O,COCCOC(=O)Nc1cccc2c1cccc2,cucurbituril,4.329500198364258,O=C1N2CN3C(=O)N4CN5C(=O)N6CN7C(=O)N8CN9C(=O)N%10CN%11C(=O)N%12CN%13C(=O)N%14CN%15C(=O)N%16CN1C1C2N2CN%17C(=O)N(CN%18C(=O)N(CN%19C(=O)N(CN%20C(=O)N(CN%21C(=O)N(CN%22C(=O)N(CN%23C(=O)N(CN1C2=O)C%16C%15%23)C%14C%13%22)C%12C%11%21)C%10C9%20)C8C7%19)C6C5%18)C4C3%17,E82CB7F52437B0147F435E3074F006752062FF8924E87C1DAF3210D182FF633B,HOST_CAN_0143,PASS,COCCOC(=O)Nc1cccc2ccccc12,7B7FBEE571BFC6F481BFF2FC1E97EEF3F1F47AAC4AFF2575DF817875303B1A9D,GUEST_CAN_0457,PASS,GINE,2,double_cold,4,3.7797741889953613
278,1,231,C1C2=CC(=CC(=C2O)CC3=CC(=CC(=C3O)CC4=C(C(=CC(=C4)S(=O)(=O)O)CC5=C(C1=CC(=C5)S(=O)(=O)O)O)O)S(=O)(=O)O)S(=O)(=O)O,C[N+](C)(C)CCCCC(C(=O)O)N,calixarene,4.361499786376953,O=S(=O)(O)c1cc2c(O)c(c1)Cc1cc(S(=O)(=O)O)cc(c1O)Cc1cc(S(=O)(=O)O)cc(c1O)Cc1cc(S(=O)(=O)O)cc(c1O)C2,C1130CCDC8DA0C6458EF6C2E07E7F3330D8F8B055CBE4DEAADB70DC00C8CDFC1,HOST_CAN_0154,PASS,C[N+](C)(C)CCCCC(N)C(=O)O,A5D9046F4C510F24A7D2618FA2E491B2FD6A06575CDE2270294DEDC76755B73A,GUEST_CAN_0563,PASS,GINE,2,double_cold,4,4.0008320808410645
287,48,238,[Na]OS(=O)(=O)CCCOc1c2CN3C(=O)N4[C@]5([C@@]3(N(Cc2c(c2c1cccc2)OCCCS(=O)(=O)O[Na])C(=O)N5CN1[C@@]2(N(C4)C(=O)N3[C@]2(C)N(C1=O)Cc1c(C3)c(OCCCS(=O)(=O)O[Na])c2c(c1OCCCS(=O)(=O)O[Na])cccc2)C)C)C,[NH3+][C@@H]1CC[C@H](CC1)[NH3+].[Cl-].[Cl-],other,1.7559000253677368,C[C@]12N3Cc4c(c(OCCCS(=O)(=O)[O][Na])c5ccccc5c4OCCCS(=O)(=O)[O][Na])CN1C(=O)N1CN4C(=O)N5Cc6c(c(OCCCS(=O)(=O)[O][Na])c7ccccc7c6OCCCS(=O)(=O)[O][Na])CN6C(=O)N(CN(C3=O)[C@]12C)[C@]4(C)[C@@]56C,D18B807A904C56B05E199911FB10FFB774349CC49BBD32D2EFAFF4C892BA649F,HOST_CAN_0090,PASS,[Cl-].[Cl-].[NH3+][C@H]1CC[C@H]([NH3+])CC1,E9F9FA4299BFC1D79397C498274130D26D2EE95ED4CFAA951C8CFA2222B9A1F7,GUEST_CAN_1033,PASS,GINE,2,double_cold,4,4.9958648681640625
288,11,239,C1N2C3C4N(C2=O)CN5C6C7N(C5=O)CN8C9C2N(C8=O)CN5C8C%10N(C5=O)CN5C%11C%12N(C5=O)CN5C%13C%14N(C5=O)CN5C%15C%16N(C5=O)CN5C%17C(N1C5=O)N1CN3C(=O)N4CN6C(=O)N7CN9C(=O)N2CN8C(=O)N%10CN%11C(=O)N%12CN%13C(=O)N%14CN%15C(=O)N%16CN%17C1=O,COC1=CC=CC=C1O,cucurbituril,4.041399955749512,O=C1N2CN3C(=O)N4CN5C(=O)N6CN7C(=O)N8CN9C(=O)N%10CN%11C(=O)N%12CN%13C(=O)N%14CN%15C(=O)N%16CN1C1C2N2CN%17C(=O)N(CN%18C(=O)N(CN%19C(=O)N(CN%20C(=O)N(CN%21C(=O)N(CN%22C(=O)N(CN%23C(=O)N(CN1C2=O)C%16C%15%23)C%14C%13%22)C%12C%11%21)C%10C9%20)C8C7%19)C6C5%18)C4C3%17,E82CB7F52437B0147F435E3074F006752062FF8924E87C1DAF3210D182FF633B,HOST_CAN_0143,PASS,COc1ccccc1O,F3096C440B010109CCDE7BCBFA0B04BE528C8CE9AEB3189BC62DCE0D72433F98,GUEST_CAN_0509,PASS,GINE,2,double_cold,4,3.3503799438476562
290,88,240,OCCNC(=O)CCCCCN1C2C(N(C1=O)CCCCCC(=O)NCCO)N1C(=O)N2CN2C(=O)N(C3C2N(CCCCCC(=O)NCCO)C(=O)N3CCCCCC(=O)NCCO)CN2C(=O)N(C3C2N(CCCCCC(=O)NCCO)C(=O)N3CCCCCC(=O)NCCO)CN2C(=O)N(CN3C(=O)N(CN4C(=O)N(C1)C1C4N(C(=O)N1CCCCCC(=O)NCCO)CCCCCC(=O)NCCO)C1C3N(C(=O)N1CCCCCC(=O)NCCO)CCCCCC(=O)NCCO)[C@H]1[C@@H]2N(CCCCCC(=O)NCCO)C(=O)N1CCCCCC(=O)NCCO,[I-],other,7.113900184631348,O=C(CCCCCN1C(=O)N(CCCCCC(=O)NCCO)C2C1N1CN3C(=O)N(CN4C(=O)N(CN5C(=O)N(CN6C(=O)N(CN7C(=O)N(CN2C1=O)C1C7N(CCCCCC(=O)NCCO)C(=O)N1CCCCCC(=O)NCCO)C1C6N(CCCCCC(=O)NCCO)C(=O)N1CCCCCC(=O)NCCO)[C@H]1[C@@H]5N(CCCCCC(=O)NCCO)C(=O)N1CCCCCC(=O)NCCO)C1C4N(CCCCCC(=O)NCCO)C(=O)N1CCCCCC(=O)NCCO)C1C3N(CCCCCC(=O)NCCO)C(=O)N1CCCCCC(=O)NCCO)NCCO,65359C3904626CF699505BCBFBC7F41BCE668DDDD74C9E170F9BA10094BB9AD9,HOST_CAN_0116,PASS,[I-],D585322DA0D35F9B1699343EB51C65D22F4552CDEB467642740D4A8D61702967,GUEST_CAN_1063,PASS,GINE,2,double_cold,4,5.507030963897705
301,33,157,[H]C1(C(C(O[C@](OC2=C1C=C3[C@]4([H])CCC[N+](C)(C)C)([H])C5=CC(O6)=CC(OC7=CC8=CC(C[N+](C)(C)C)=C7)=C5)=C9)=CC%10=C9O[C@](C%11=CC(O8)=CC(OC%12=CC%13=CC(C[N+](C)(C)C)=C%12)=C%11)([H])OC%14=C(C%10([H])CCC[N+](C)(C)C)C=C%15C(O[C@](C%16=CC%17=CC(O%13)=C%16)([H])OC%18=CC(O[C@](C%19=CC(OC%20=CC(O%17)=CC(C[N+](C)(C)C)=C%20)=CC(OC%21=CC6=CC(C[N+](C)(C)C)=C%21)=C%19)([H])OC3=C2)=C4C=C%18[C@]%15([H])CCC[N+](C)(C)C)=C%14)CCC[N+](C)(C)C.[Cl-].[Cl-].[Cl-].[Cl-].[Cl-].[Cl-].[Cl-].[Cl-],F[P-](F)(F)(F)(F)F.[Na+],other,3.627700090408325,C[N+](C)(C)CCCC1c2cc3c4cc2O[C@H]2Oc5cc6c(cc51)[C@H](CCC[N+](C)(C)C)c1cc5c7cc1O[C@H](O6)c1cc6cc(c1)Oc1cc(C[N+](C)(C)C)cc(c1)Oc1cc8cc(c1)[C@H](Oc1cc(c(cc1[C@H]5CCC[N+](C)(C)C)C3CCC[N+](C)(C)C)O[C@@H](O4)c1cc(cc(c1)Oc1cc(C[N+](C)(C)C)cc(c1)O8)Oc1cc(C[N+](C)(C)C)cc(c1)Oc1cc(cc2c1)Oc1cc(C[N+](C)(C)C)cc(c1)O6)O7.[Cl-].[Cl-].[Cl-].[Cl-].[Cl-].[Cl-].[Cl-].[Cl-],F783BB4F0E2D9595DCCBD26C1895FCF835428AF86721AF4DD7F78FB07FBB8527,HOST_CAN_0096,PASS,F[P-](F)(F)(F)(F)F.[Na+],70B37F864AA04D4E558B70627441F815145BB79C93E4218BE310755F84FFDF85,GUEST_CAN_0710,PASS,GINE,2,double_cold,4,3.1621389389038086
310,1,178,C1C2=CC(=CC(=C2O)CC3=CC(=CC(=C3O)CC4=C(C(=CC(=C4)S(=O)(=O)O)CC5=C(C1=CC(=C5)S(=O)(=O)O)O)O)S(=O)(=O)O)S(=O)(=O)O,C(CCN)CC(C(=O)O)N,calixarene,2.93530011177063,O=S(=O)(O)c1cc2c(O)c(c1)Cc1cc(S(=O)(=O)O)cc(c1O)Cc1cc(S(=O)(=O)O)cc(c1O)Cc1cc(S(=O)(=O)O)cc(c1O)C2,C1130CCDC8DA0C6458EF6C2E07E7F3330D8F8B055CBE4DEAADB70DC00C8CDFC1,HOST_CAN_0154,PASS,NCCCCC(N)C(=O)O,BD55DE8B1F18BBBA0B9FB86FA685E52B4743F1B75F837E0522E8C602B3191BA0,GUEST_CAN_0785,PASS,GINE,2,double_cold,4,2.6926255226135254
312,11,253,C1N2C3C4N(C2=O)CN5C6C7N(C5=O)CN8C9C2N(C8=O)CN5C8C%10N(C5=O)CN5C%11C%12N(C5=O)CN5C%13C%14N(C5=O)CN5C%15C%16N(C5=O)CN5C%17C(N1C5=O)N1CN3C(=O)N4CN6C(=O)N7CN9C(=O)N2CN8C(=O)N%10CN%11C(=O)N%12CN%13C(=O)N%14CN%15C(=O)N%16CN%17C1=O,C[N+]1=CC2=C(C=C1)C3=CC=[N+](C)C=C3C=C2,cucurbituril,4.946000099182129,O=C1N2CN3C(=O)N4CN5C(=O)N6CN7C(=O)N8CN9C(=O)N%10CN%11C(=O)N%12CN%13C(=O)N%14CN%15C(=O)N%16CN1C1C2N2CN%17C(=O)N(CN%18C(=O)N(CN%19C(=O)N(CN%20C(=O)N(CN%21C(=O)N(CN%22C(=O)N(CN%23C(=O)N(CN1C2=O)C%16C%15%23)C%14C%13%22)C%12C%11%21)C%10C9%20)C8C7%19)C6C5%18)C4C3%17,E82CB7F52437B0147F435E3074F006752062FF8924E87C1DAF3210D182FF633B,HOST_CAN_0143,PASS,C[n+]1ccc2c(ccc3c[n+](C)ccc32)c1,30E30B6097084E1E2BA8381BB147ED1F5B1DD8640A47754CAE0D5FD67EAF366F,GUEST_CAN_0637,PASS,GINE,2,double_cold,4,6.567889213562012
315,1,254,C1C2=CC(=CC(=C2O)CC3=CC(=CC(=C3O)CC4=C(C(=CC(=C4)S(=O)(=O)O)CC5=C(C1=CC(=C5)S(=O)(=O)O)O)O)S(=O)(=O)O)S(=O)(=O)O,NC(=O)CCC(C(=O)NC(C(=O)NC(=O)C(NC(C(=O)N)Cc1ccc(cc1)O)C)C(O)C)NC(=O)C(NC(=O)C(C(O)C)NC(=O)C(NC(=O)C([NH3+])C)CCCNC(=[NH2+])N)CCCC[N+](C)(C)C,calixarene,5.301000118255615,O=S(=O)(O)c1cc2c(O)c(c1)Cc1cc(S(=O)(=O)O)cc(c1O)Cc1cc(S(=O)(=O)O)cc(c1O)Cc1cc(S(=O)(=O)O)cc(c1O)C2,C1130CCDC8DA0C6458EF6C2E07E7F3330D8F8B055CBE4DEAADB70DC00C8CDFC1,HOST_CAN_0154,PASS,CC([NH3+])C(=O)NC(CCCNC(N)=[NH2+])C(=O)NC(C(=O)NC(CCCC[N+](C)(C)C)C(=O)NC(CCC(N)=O)C(=O)NC(C(=O)NC(=O)C(C)NC(Cc1ccc(O)cc1)C(N)=O)C(C)O)C(C)O,D63983BAE8F238F31AAEE8CD424E7B2AEFCB66E397A6E28FAE654123C434FB31,GUEST_CAN_0194,PASS,GINE,2,double_cold,4,4.929006576538086
316,1,255,C1C2=CC(=CC(=C2O)CC3=CC(=CC(=C3O)CC4=C(C(=CC(=C4)S(=O)(=O)O)CC5=C(C1=CC(=C5)S(=O)(=O)O)O)O)S(=O)(=O)O)S(=O)(=O)O,CCN1C=C(C(=O)C2=CC(=C(C=C21)N3CCNCC3)F)C(=O)O,calixarene,4.276299953460693,O=S(=O)(O)c1cc2c(O)c(c1)Cc1cc(S(=O)(=O)O)cc(c1O)Cc1cc(S(=O)(=O)O)cc(c1O)Cc1cc(S(=O)(=O)O)cc(c1O)C2,C1130CCDC8DA0C6458EF6C2E07E7F3330D8F8B055CBE4DEAADB70DC00C8CDFC1,HOST_CAN_0154,PASS,CCn1cc(C(=O)O)c(=O)c2cc(F)c(N3CCNCC3)cc21,51A13D1B35CE84294FAFDDC991735A9C36D89C1EB8D5241A29415246F6566D08,GUEST_CAN_0386,PASS,GINE,2,double_cold,4,5.629101753234863
340,11,273,C1N2C3C4N(C2=O)CN5C6C7N(C5=O)CN8C9C2N(C8=O)CN5C8C%10N(C5=O)CN5C%11C%12N(C5=O)CN5C%13C%14N(C5=O)CN5C%15C%16N(C5=O)CN5C%17C(N1C5=O)N1CN3C(=O)N4CN6C(=O)N7CN9C(=O)N2CN8C(=O)N%10CN%11C(=O)N%12CN%13C(=O)N%14CN%15C(=O)N%16CN%17C1=O,C1=CC(=CC(=C1)O)C#N,cucurbituril,3.7160000801086426,O=C1N2CN3C(=O)N4CN5C(=O)N6CN7C(=O)N8CN9C(=O)N%10CN%11C(=O)N%12CN%13C(=O)N%14CN%15C(=O)N%16CN1C1C2N2CN%17C(=O)N(CN%18C(=O)N(CN%19C(=O)N(CN%20C(=O)N(CN%21C(=O)N(CN%22C(=O)N(CN%23C(=O)N(CN1C2=O)C%16C%15%23)C%14C%13%22)C%12C%11%21)C%10C9%20)C8C7%19)C6C5%18)C4C3%17,E82CB7F52437B0147F435E3074F006752062FF8924E87C1DAF3210D182FF633B,HOST_CAN_0143,PASS,N#Cc1cccc(O)c1,A402F56EB37984B87F5CF1EB4FC260D4E7495F92BA4877400F92C3674B69CFFF,GUEST_CAN_0718,PASS,GINE,2,double_cold,4,2.9338107109069824
353,82,56,OC1=C2C=C(S(=O)([O-])=O)C=C1CC3=C(O)C(CC4=CC(S(=O)([O-])=O)=CC(CC5=CC(S(=O)([O-])=O)=CC(CC6=CC(S(=O)([O-])=O)=CC(CC(C=C(S(=O)([O-])=O)C=C7C2)=C7O)=C6O)=C5OCCN)=C4O)=CC(S(=O)([O-])=O)=C3,CCCC(C(=O)O)N,calixarene,2.1461000442504883,NCCOc1c2cc(S(=O)(=O)[O-])cc1Cc1cc(S(=O)(=O)[O-])cc(c1O)Cc1cc(S(=O)(=O)[O-])cc(c1O)Cc1cc(S(=O)(=O)[O-])cc(c1O)Cc1cc(S(=O)(=O)[O-])cc(c1O)Cc1cc(S(=O)(=O)[O-])cc(c1O)C2,943BCEA8586BE526CE8501B61202A05D77257BC2BB9DA3A3C52BD077795B3D50,HOST_CAN_0111,PASS,CCCC(N)C(=O)O,81F3215F9F46874A7436620E7AD92167936CF997FB3F203D4397A018C4B56861,GUEST_CAN_0268,PASS,GINE,2,double_cold,4,1.911669373512268
363,45,31,C1C2=CC(=CC=C2)CC3=CC(=CC=C3)CC4=CC=CC(=C4)CC5=CC=CC1=C5,CC(=O)OC(CC(=O)[O-])C[N+](C)(C)C,calixarene,3.3833000659942627,c1cc2cc(c1)Cc1cccc(c1)Cc1cccc(c1)Cc1cccc(c1)C2,001BA14F081450375618B4DEC192A3633931B27A166EE11658CCCBFAB45E327F,HOST_CAN_0183,PASS,CC(=O)OC(CC(=O)[O-])C[N+](C)(C)C,84F3DE3A4774B1F6AF116A86D71ECC8AE9DDDEEB6CDC576B42DD15BBFC1D17CE,GUEST_CAN_0094,PASS,GINE,2,double_cold,4,3.25250244140625
390,1,56,C1C2=CC(=CC(=C2O)CC3=CC(=CC(=C3O)CC4=C(C(=CC(=C4)S(=O)(=O)O)CC5=C(C1=CC(=C5)S(=O)(=O)O)O)O)S(=O)(=O)O)S(=O)(=O)O,CCCC(C(=O)O)N,calixarene,2.893199920654297,O=S(=O)(O)c1cc2c(O)c(c1)Cc1cc(S(=O)(=O)O)cc(c1O)Cc1cc(S(=O)(=O)O)cc(c1O)Cc1cc(S(=O)(=O)O)cc(c1O)C2,C1130CCDC8DA0C6458EF6C2E07E7F3330D8F8B055CBE4DEAADB70DC00C8CDFC1,HOST_CAN_0154,PASS,CCCC(N)C(=O)O,81F3215F9F46874A7436620E7AD92167936CF997FB3F203D4397A018C4B56861,GUEST_CAN_0268,PASS,GINE,2,double_cold,4,1.9178467988967896
421,1,325,C1C2=CC(=CC(=C2O)CC3=CC(=CC(=C3O)CC4=C(C(=CC(=C4)S(=O)(=O)O)CC5=C(C1=CC(=C5)S(=O)(=O)O)O)O)S(=O)(=O)O)S(=O)(=O)O,C1CNCCNC1,calixarene,4.0015997886657715,O=S(=O)(O)c1cc2c(O)c(c1)Cc1cc(S(=O)(=O)O)cc(c1O)Cc1cc(S(=O)(=O)O)cc(c1O)Cc1cc(S(=O)(=O)O)cc(c1O)C2,C1130CCDC8DA0C6458EF6C2E07E7F3330D8F8B055CBE4DEAADB70DC00C8CDFC1,HOST_CAN_0154,PASS,C1CNCCNC1,7DF4AF0EAB88491897F1D6D84D44C1178746E05B04100C7295B937559AD91EE9,GUEST_CAN_0035,PASS,GINE,2,double_cold,4,2.8075754642486572
436,11,335,C1N2C3C4N(C2=O)CN5C6C7N(C5=O)CN8C9C2N(C8=O)CN5C8C%10N(C5=O)CN5C%11C%12N(C5=O)CN5C%13C%14N(C5=O)CN5C%15C%16N(C5=O)CN5C%17C(N1C5=O)N1CN3C(=O)N4CN6C(=O)N7CN9C(=O)N2CN8C(=O)N%10CN%11C(=O)N%12CN%13C(=O)N%14CN%15C(=O)N%16CN%17C1=O,[Li+].[Cl-],cucurbituril,1.690000057220459,O=C1N2CN3C(=O)N4CN5C(=O)N6CN7C(=O)N8CN9C(=O)N%10CN%11C(=O)N%12CN%13C(=O)N%14CN%15C(=O)N%16CN1C1C2N2CN%17C(=O)N(CN%18C(=O)N(CN%19C(=O)N(CN%20C(=O)N(CN%21C(=O)N(CN%22C(=O)N(CN%23C(=O)N(CN1C2=O)C%16C%15%23)C%14C%13%22)C%12C%11%21)C%10C9%20)C8C7%19)C6C5%18)C4C3%17,E82CB7F52437B0147F435E3074F006752062FF8924E87C1DAF3210D182FF633B,HOST_CAN_0143,PASS,[Cl-].[Li+],9C20D725F6CDEBC3F46058296145BF8B00A1AB9C8A5165AC9523DEBA6449DA18,GUEST_CAN_1036,PASS,GINE,2,double_cold,4,3.5047130584716797
453,11,345,C1N2C3C4N(C2=O)CN5C6C7N(C5=O)CN8C9C2N(C8=O)CN5C8C%10N(C5=O)CN5C%11C%12N(C5=O)CN5C%13C%14N(C5=O)CN5C%15C%16N(C5=O)CN5C%17C(N1C5=O)N1CN3C(=O)N4CN6C(=O)N7CN9C(=O)N2CN8C(=O)N%10CN%11C(=O)N%12CN%13C(=O)N%14CN%15C(=O)N%16CN%17C1=O,COC1=CC=C([N+]2=CC=C(C3=CC=[N+](C4=CC=C(OC)C=C4)C=C3)C=C2)C=C1,cucurbituril,6.591100215911865,O=C1N2CN3C(=O)N4CN5C(=O)N6CN7C(=O)N8CN9C(=O)N%10CN%11C(=O)N%12CN%13C(=O)N%14CN%15C(=O)N%16CN1C1C2N2CN%17C(=O)N(CN%18C(=O)N(CN%19C(=O)N(CN%20C(=O)N(CN%21C(=O)N(CN%22C(=O)N(CN%23C(=O)N(CN1C2=O)C%16C%15%23)C%14C%13%22)C%12C%11%21)C%10C9%20)C8C7%19)C6C5%18)C4C3%17,E82CB7F52437B0147F435E3074F006752062FF8924E87C1DAF3210D182FF633B,HOST_CAN_0143,PASS,COc1ccc(-[n+]2ccc(-c3cc[n+](-c4ccc(OC)cc4)cc3)cc2)cc1,B4418C3334320519F976AFAA058617727DE8B4D7AF32C3C433D78927066226E0,GUEST_CAN_0484,PASS,GINE,2,double_cold,4,5.700078964233398
470,11,358,C1N2C3C4N(C2=O)CN5C6C7N(C5=O)CN8C9C2N(C8=O)CN5C8C%10N(C5=O)CN5C%11C%12N(C5=O)CN5C%13C%14N(C5=O)CN5C%15C%16N(C5=O)CN5C%17C(N1C5=O)N1CN3C(=O)N4CN6C(=O)N7CN9C(=O)N2CN8C(=O)N%10CN%11C(=O)N%12CN%13C(=O)N%14CN%15C(=O)N%16CN%17C1=O,NCCCC[C@@H](C(=O)N[C@H](C(=O)N[C@H](C(=O)N[C@H](C(=O)O)C)C)Cc1c[nH]c2c1cccc2)NC(=O)[C@@H](N)C,cucurbituril,4.230400085449219,O=C1N2CN3C(=O)N4CN5C(=O)N6CN7C(=O)N8CN9C(=O)N%10CN%11C(=O)N%12CN%13C(=O)N%14CN%15C(=O)N%16CN1C1C2N2CN%17C(=O)N(CN%18C(=O)N(CN%19C(=O)N(CN%20C(=O)N(CN%21C(=O)N(CN%22C(=O)N(CN%23C(=O)N(CN1C2=O)C%16C%15%23)C%14C%13%22)C%12C%11%21)C%10C9%20)C8C7%19)C6C5%18)C4C3%17,E82CB7F52437B0147F435E3074F006752062FF8924E87C1DAF3210D182FF633B,HOST_CAN_0143,PASS,C[C@H](N)C(=O)N[C@@H](CCCCN)C(=O)N[C@@H](Cc1c[nH]c2ccccc12)C(=O)N[C@@H](C)C(=O)N[C@@H](C)C(=O)O,9CA1A8F04AF2927E6EAA647B4C9F3CBDC2C0353BCE6E7BBD8646D41DEFC97CDE,GUEST_CAN_0543,PASS,GINE,2,double_cold,4,4.108112335205078
487,1,369,C1C2=CC(=CC(=C2O)CC3=CC(=CC(=C3O)CC4=C(C(=CC(=C4)S(=O)(=O)O)CC5=C(C1=CC(=C5)S(=O)(=O)O)O)O)S(=O)(=O)O)S(=O)(=O)O,C1CC2CCC(C1)N=N2,calixarene,2.934499979019165,O=S(=O)(O)c1cc2c(O)c(c1)Cc1cc(S(=O)(=O)O)cc(c1O)Cc1cc(S(=O)(=O)O)cc(c1O)Cc1cc(S(=O)(=O)O)cc(c1O)C2,C1130CCDC8DA0C6458EF6C2E07E7F3330D8F8B055CBE4DEAADB70DC00C8CDFC1,HOST_CAN_0154,PASS,C1CC2CCC(C1)N=N2,3CB1DE4B60C8143576E12CED092F576F3C060BF327141DD7E64000E135972BED,GUEST_CAN_0021,PASS,GINE,2,double_cold,4,2.024991273880005
491,11,372,C1N2C3C4N(C2=O)CN5C6C7N(C5=O)CN8C9C2N(C8=O)CN5C8C%10N(C5=O)CN5C%11C%12N(C5=O)CN5C%13C%14N(C5=O)CN5C%15C%16N(C5=O)CN5C%17C(N1C5=O)N1CN3C(=O)N4CN6C(=O)N7CN9C(=O)N2CN8C(=O)N%10CN%11C(=O)N%12CN%13C(=O)N%14CN%15C(=O)N%16CN%17C1=O,CCC(C)C1C(=O)NC2CSSCC(C(=O)NC(CSSCC(C(=O)NCC(=O)NC(C(=O)NC(C(=O)NC(C(=O)NC(C(=O)NC(C(=O)NC(C(=O)NC(C(=O)NC(C(=O)NC(C(=O)NC(C(=O)NC(CSSCC(NC(=O)C(NC(=O)C(NC(=O)C(NC(=O)C(NC(=O)C(NC(=O)C(NC(=O)C(NC(=O)C(NC2=O)CO)CC(C)C)CC3=CC=C(C=C3)O)CCC(=O)N)CC(C)C)CCC(=O)O)CC(=O)N)CC4=CC=C(C=C4)O)C(=O)NC(CC(=O)N)C(=O)O)C(=O)NCC(=O)NC(CCC(=O)O)C(=O)NC(CCCNC(=N)N)C(=O)NCC(=O)NC(CC5=CC=CC=C5)C(=O)NC(CC6=CC=CC=C6)C(=O)NC(CC7=CC=C(C=C7)O)C(=O)NC(C(C)O)C(=O)N8CCCC8C(=O)NC(CCCCN)C(=O)NC(C(C)O)C(=O)O)C(C)C)CC(C)C)CC9=CC=C(C=C9)O)CC(C)C)C)CCC(=O)O)C(C)C)CC(C)C)CC2=CNC=N2)CO)NC(=O)C(CC(C)C)NC(=O)C(CC2=CNC=N2)NC(=O)C(CCC(=O)N)NC(=O)C(CC(=O)N)NC(=O)C(C(C)C)NC(=O)C(CC2=CC=CC=C2)N)C(=O)NC(C(=O)NC(C(=O)N1)CO)C(C)O)NC(=O)C(CCC(=O)N)NC(=O)C(CCC(=O)O)NC(=O)C(C(C)C)NC(=O)C(C(C)CC)NC(=O)CN,cucurbituril,5.518499851226807,O=C1N2CN3C(=O)N4CN5C(=O)N6CN7C(=O)N8CN9C(=O)N%10CN%11C(=O)N%12CN%13C(=O)N%14CN%15C(=O)N%16CN1C1C2N2CN%17C(=O)N(CN%18C(=O)N(CN%19C(=O)N(CN%20C(=O)N(CN%21C(=O)N(CN%22C(=O)N(CN%23C(=O)N(CN1C2=O)C%16C%15%23)C%14C%13%22)C%12C%11%21)C%10C9%20)C8C7%19)C6C5%18)C4C3%17,E82CB7F52437B0147F435E3074F006752062FF8924E87C1DAF3210D182FF633B,HOST_CAN_0143,PASS,CCC(C)C(NC(=O)CN)C(=O)NC(C(=O)NC(CCC(=O)O)C(=O)NC(CCC(N)=O)C(=O)NC1CSSCC2NC(=O)C(C(C)CC)NC(=O)C(CO)NC(=O)C(C(C)O)NC(=O)C(CSSCC(NC(=O)C(CC(C)C)NC(=O)C(Cc3c[nH]cn3)NC(=O)C(CCC(N)=O)NC(=O)C(CC(N)=O)NC(=O)C(NC(=O)C(N)Cc3ccccc3)C(C)C)C(=O)NCC(=O)NC(CO)C(=O)NC(Cc3c[nH]cn3)C(=O)NC(CC(C)C)C(=O)NC(C(C)C)C(=O)NC(CCC(=O)O)C(=O)NC(C)C(=O)NC(CC(C)C)C(=O)NC(Cc3ccc(O)cc3)C(=O)NC(CC(C)C)C(=O)NC(C(C)C)C(=O)NC(C(=O)NCC(=O)NC(CCC(=O)O)C(=O)NC(CCCNC(=N)N)C(=O)NCC(=O)NC(Cc3ccccc3)C(=O)NC(Cc3ccccc3)C(=O)NC(Cc3ccc(O)cc3)C(=O)NC(C(=O)N3CCCC3C(=O)NC(CCCCN)C(=O)NC(C(=O)O)C(C)O)C(C)O)CSSCC(C(=O)NC(CC(N)=O)C(=O)O)NC(=O)C(Cc3ccc(O)cc3)NC(=O)C(CC(N)=O)NC(=O)C(CCC(=O)O)NC(=O)C(CC(C)C)NC(=O)C(CCC(N)=O)NC(=O)C(Cc3ccc(O)cc3)NC(=O)C(CC(C)C)NC(=O)C(CO)NC2=O)NC1=O)C(C)C,885EAF67B2FF10FCDED0B7729B3F203587A7D98B555D9C25FAC0D39560C307EF,GUEST_CAN_0259,PASS,GINE,2,double_cold,4,3.4974279403686523
495,105,374,[O-]S(=O)(=O)c1cc2Cc3cc(cc4c3OCCOCCOc3c(C4)cc(cc3Cc3c4c(Cc(c1)c2OCCOCCO4)cc(c3)S(=O)(=O)[O-])S(=O)(=O)[O-])S(=O)(=O)[O-],OCC(C(=O)NC(C(=O)N1CCCC1C(=O)NC(C(=O)N)Cc1ccc(cc1)O)C)NC(=O)C(NC(=O)C(NC(=O)C(NC(=O)C(NC(=O)C)C)C)CCCNC(=N)N)CCCC[N+](C)(C)C,calixarene,4.07919979095459,O=S(=O)([O-])c1cc2c3c(c1)Cc1cc(S(=O)(=O)[O-])cc4c1OCCOCCOc1c(cc(S(=O)(=O)[O-])cc1Cc1cc(S(=O)(=O)[O-])cc(c1OCCOCCO3)C2)C4,9D2DCBDA348CCD08F13D2B73B3A83B8B4FDE5CFA9578AAF42821690A43C13F98,HOST_CAN_0169,PASS,CC(=O)NC(C)C(=O)NC(C)C(=O)NC(CCCNC(=N)N)C(=O)NC(CCCC[N+](C)(C)C)C(=O)NC(CO)C(=O)NC(C)C(=O)N1CCCC1C(=O)NC(Cc1ccc(O)cc1)C(N)=O,934A862FD875337749D4F733791F261D712391A6D4CB302C520246E780F7D911,GUEST_CAN_0067,PASS,GINE,2,double_cold,4,4.180329322814941
498,11,377,C1N2C3C4N(C2=O)CN5C6C7N(C5=O)CN8C9C2N(C8=O)CN5C8C%10N(C5=O)CN5C%11C%12N(C5=O)CN5C%13C%14N(C5=O)CN5C%15C%16N(C5=O)CN5C%17C(N1C5=O)N1CN3C(=O)N4CN6C(=O)N7CN9C(=O)N2CN8C(=O)N%10CN%11C(=O)N%12CN%13C(=O)N%14CN%15C(=O)N%16CN%17C1=O,N[C@@H](CCSC)C(=O)N[C@@H](CCCCN)C(=O)N[C@@H](C)C(=O)NCC(=O)N[C@@H](CC1=CC=C(C=C1)O)C(=O)O,cucurbituril,6.049200057983398,O=C1N2CN3C(=O)N4CN5C(=O)N6CN7C(=O)N8CN9C(=O)N%10CN%11C(=O)N%12CN%13C(=O)N%14CN%15C(=O)N%16CN1C1C2N2CN%17C(=O)N(CN%18C(=O)N(CN%19C(=O)N(CN%20C(=O)N(CN%21C(=O)N(CN%22C(=O)N(CN%23C(=O)N(CN1C2=O)C%16C%15%23)C%14C%13%22)C%12C%11%21)C%10C9%20)C8C7%19)C6C5%18)C4C3%17,E82CB7F52437B0147F435E3074F006752062FF8924E87C1DAF3210D182FF633B,HOST_CAN_0143,PASS,CSCC[C@H](N)C(=O)N[C@@H](CCCCN)C(=O)N[C@@H](C)C(=O)NCC(=O)N[C@@H](Cc1ccc(O)cc1)C(=O)O,780765FA6777017FD1F3B5D56A2262D8AE2DAD3987CF785F9E509EC2CD6B634D,GUEST_CAN_0522,PASS,GINE,2,double_cold,4,4.298415660858154
508,48,385,[Na]OS(=O)(=O)CCCOc1c2CN3C(=O)N4[C@]5([C@@]3(N(Cc2c(c2c1cccc2)OCCCS(=O)(=O)O[Na])C(=O)N5CN1[C@@]2(N(C4)C(=O)N3[C@]2(C)N(C1=O)Cc1c(C3)c(OCCCS(=O)(=O)O[Na])c2c(c1OCCCS(=O)(=O)O[Na])cccc2)C)C)C,O=C1C=C2SC3=CC(N(C)C)=CC=C3N=C2C=C1,other,4.76039981842041,C[C@]12N3Cc4c(c(OCCCS(=O)(=O)[O][Na])c5ccccc5c4OCCCS(=O)(=O)[O][Na])CN1C(=O)N1CN4C(=O)N5Cc6c(c(OCCCS(=O)(=O)[O][Na])c7ccccc7c6OCCCS(=O)(=O)[O][Na])CN6C(=O)N(CN(C3=O)[C@]12C)[C@]4(C)[C@@]56C,D18B807A904C56B05E199911FB10FFB774349CC49BBD32D2EFAFF4C892BA649F,HOST_CAN_0090,PASS,CN(C)c1ccc2nc3ccc(=O)cc-3sc2c1,02EE801B8E4D4B73295CF311BB6A14DBD441A9E02300BFAF3AD49411805B9858,GUEST_CAN_0411,PASS,GINE,2,double_cold,4,6.906301498413086
509,1,66,C1C2=CC(=CC(=C2O)CC3=CC(=CC(=C3O)CC4=C(C(=CC(=C4)S(=O)(=O)O)CC5=C(C1=CC(=C5)S(=O)(=O)O)O)O)S(=O)(=O)O)S(=O)(=O)O,CCN(CC)C1=CC2=C(C=C1)C(=C3C=CC(=[N+](CC)CC)C=C3O2)C4=CC=CC=C4C(=O)O.[Cl-],calixarene,3.0218000411987305,O=S(=O)(O)c1cc2c(O)c(c1)Cc1cc(S(=O)(=O)O)cc(c1O)Cc1cc(S(=O)(=O)O)cc(c1O)Cc1cc(S(=O)(=O)O)cc(c1O)C2,C1130CCDC8DA0C6458EF6C2E07E7F3330D8F8B055CBE4DEAADB70DC00C8CDFC1,HOST_CAN_0154,PASS,CCN(CC)c1ccc2c(-c3ccccc3C(=O)O)c3ccc(=[N+](CC)CC)cc-3oc2c1.[Cl-],E6B7F92F3A311CD3784FBF712B743266F1C434D81B8F11E34C9F34FDCF2DC073,GUEST_CAN_0347,PASS,GINE,2,double_cold,4,5.540452003479004
515,1,256,C1C2=CC(=CC(=C2O)CC3=CC(=CC(=C3O)CC4=C(C(=CC(=C4)S(=O)(=O)O)CC5=C(C1=CC(=C5)S(=O)(=O)O)O)O)S(=O)(=O)O)S(=O)(=O)O,CCCCO,calixarene,1.5800000429153442,O=S(=O)(O)c1cc2c(O)c(c1)Cc1cc(S(=O)(=O)O)cc(c1O)Cc1cc(S(=O)(=O)O)cc(c1O)Cc1cc(S(=O)(=O)O)cc(c1O)C2,C1130CCDC8DA0C6458EF6C2E07E7F3330D8F8B055CBE4DEAADB70DC00C8CDFC1,HOST_CAN_0154,PASS,CCCCO,581B7EFD3DCD0E0841EE9123D5670DDC43EF0E9A885955F904BAAFC5653A3E40,GUEST_CAN_0312,PASS,GINE,2,double_cold,4,1.73765230178833
536,1,399,C1C2=CC(=CC(=C2O)CC3=CC(=CC(=C3O)CC4=C(C(=CC(=C4)S(=O)(=O)O)CC5=C(C1=CC(=C5)S(=O)(=O)O)O)O)S(=O)(=O)O)S(=O)(=O)O,[NH3+]CCCCC(C(=O)N1CCCC1C(=O)NC(=O)C(NC(C(=O)N)Cc1ccc(cc1)O)Cc1nc[nH]c1)NC(=O)C(NC(=O)C(C(C)C)NC(=O)CNC(=O)C[NH3+])CCCC[NH3+],calixarene,3.892699956893921,O=S(=O)(O)c1cc2c(O)c(c1)Cc1cc(S(=O)(=O)O)cc(c1O)Cc1cc(S(=O)(=O)O)cc(c1O)Cc1cc(S(=O)(=O)O)cc(c1O)C2,C1130CCDC8DA0C6458EF6C2E07E7F3330D8F8B055CBE4DEAADB70DC00C8CDFC1,HOST_CAN_0154,PASS,CC(C)C(NC(=O)CNC(=O)C[NH3+])C(=O)NC(CCCC[NH3+])C(=O)NC(CCCC[NH3+])C(=O)N1CCCC1C(=O)NC(=O)C(Cc1c[nH]cn1)NC(Cc1ccc(O)cc1)C(N)=O,CCEFD6165DD6EFDF0063A940F568910B8D66EB240EEC701684312E4C4EF77276,GUEST_CAN_0130,PASS,GINE,2,double_cold,4,4.762106418609619
538,1,401,C1C2=CC(=CC(=C2O)CC3=CC(=CC(=C3O)CC4=C(C(=CC(=C4)S(=O)(=O)O)CC5=C(C1=CC(=C5)S(=O)(=O)O)O)O)S(=O)(=O)O)S(=O)(=O)O,[Mg+2].[Cl-].[Cl-],calixarene,3.4398999214172363,O=S(=O)(O)c1cc2c(O)c(c1)Cc1cc(S(=O)(=O)O)cc(c1O)Cc1cc(S(=O)(=O)O)cc(c1O)Cc1cc(S(=O)(=O)O)cc(c1O)C2,C1130CCDC8DA0C6458EF6C2E07E7F3330D8F8B055CBE4DEAADB70DC00C8CDFC1,HOST_CAN_0154,PASS,[Cl-].[Cl-].[Mg+2],B087D688B9146A717BF8B7C99307F8366B8209D8F51C624197BC0C66B921DAF9,GUEST_CAN_1028,PASS,GINE,2,double_cold,4,3.8180952072143555
545,18,157,CC1=C2C3=CC4=C1OC5C6=CC7=CC(=C6)OC8=CC(=CC(=C8)C(=O)O)OC9=CC1=CC(=C9)C6OC8=C(C=C(C4CCC(=O)O)C(=C8C)O5)C(C4=C(O6)C(=C5C(=C4)C(C4=C6C(=C(C(=C4)C3CCC(=O)O)OC(O2)C2=CC(=CC(=C2)OC2=CC(=CC(=C2)C(=O)O)OC2=CC(=CC(=C2)C(O5)O6)OC2=CC(=CC(=C2)C(=O)O)O1)OC1=CC(=CC(=C1)C(=O)O)O7)C)CCC(=O)O)C)CCC(=O)O,F[P-](F)(F)(F)(F)F.[Na+],cavitand,4.1819000244140625,Cc1c2c3cc4c1OC1Oc5c(cc6c(c5C)OC5Oc7c(cc8c(c7C)OC7Oc9c(cc(c(c9C)OC(O2)c2cc9cc(c2)Oc2cc(cc(C(=O)O)c2)Oc2cc(cc7c2)Oc2cc(cc(C(=O)O)c2)Oc2cc(cc5c2)Oc2cc(cc(C(=O)O)c2)Oc2cc(cc1c2)Oc1cc(cc(C(=O)O)c1)O9)C3CCC(=O)O)C8CCC(=O)O)C6CCC(=O)O)C4CCC(=O)O,326FFD4B5C5565D32207155C0B129AE16AFCA7B3342F0DAD815C24AB8DFA8483,HOST_CAN_0099,PASS,F[P-](F)(F)(F)(F)F.[Na+],70B37F864AA04D4E558B70627441F815145BB79C93E4218BE310755F84FFDF85,GUEST_CAN_0710,PASS,GINE,2,double_cold,4,3.2387888431549072
553,18,411,CC1=C2C3=CC4=C1OC5C6=CC7=CC(=C6)OC8=CC(=CC(=C8)C(=O)O)OC9=CC1=CC(=C9)C6OC8=C(C=C(C4CCC(=O)O)C(=C8C)O5)C(C4=C(O6)C(=C5C(=C4)C(C4=C6C(=C(C(=C4)C3CCC(=O)O)OC(O2)C2=CC(=CC(=C2)OC2=CC(=CC(=C2)C(=O)O)OC2=CC(=CC(=C2)C(O5)O6)OC2=CC(=CC(=C2)C(=O)O)O1)OC1=CC(=CC(=C1)C(=O)O)O7)C)CCC(=O)O)C)CCC(=O)O,CCCCCC[N+](C)(C)C.[Cl-],cavitand,4.283899784088135,Cc1c2c3cc4c1OC1Oc5c(cc6c(c5C)OC5Oc7c(cc8c(c7C)OC7Oc9c(cc(c(c9C)OC(O2)c2cc9cc(c2)Oc2cc(cc(C(=O)O)c2)Oc2cc(cc7c2)Oc2cc(cc(C(=O)O)c2)Oc2cc(cc5c2)Oc2cc(cc(C(=O)O)c2)Oc2cc(cc1c2)Oc1cc(cc(C(=O)O)c1)O9)C3CCC(=O)O)C8CCC(=O)O)C6CCC(=O)O)C4CCC(=O)O,326FFD4B5C5565D32207155C0B129AE16AFCA7B3342F0DAD815C24AB8DFA8483,HOST_CAN_0099,PASS,CCCCCC[N+](C)(C)C.[Cl-],2678C2424C739C2D9266BD3D3D7935A8947095DF196996EF1599E3A349DA25FC,GUEST_CAN_0298,PASS,GINE,2,double_cold,4,5.300339221954346
578,11,424,C1N2C3C4N(C2=O)CN5C6C7N(C5=O)CN8C9C2N(C8=O)CN5C8C%10N(C5=O)CN5C%11C%12N(C5=O)CN5C%13C%14N(C5=O)CN5C%15C%16N(C5=O)CN5C%17C(N1C5=O)N1CN3C(=O)N4CN6C(=O)N7CN9C(=O)N2CN8C(=O)N%10CN%11C(=O)N%12CN%13C(=O)N%14CN%15C(=O)N%16CN%17C1=O,C1=CC2=C3C(=C1)C4=CC=CC5=C4C(=CC=C5)C3=CC=C2,cucurbituril,5.792399883270264,O=C1N2CN3C(=O)N4CN5C(=O)N6CN7C(=O)N8CN9C(=O)N%10CN%11C(=O)N%12CN%13C(=O)N%14CN%15C(=O)N%16CN1C1C2N2CN%17C(=O)N(CN%18C(=O)N(CN%19C(=O)N(CN%20C(=O)N(CN%21C(=O)N(CN%22C(=O)N(CN%23C(=O)N(CN1C2=O)C%16C%15%23)C%14C%13%22)C%12C%11%21)C%10C9%20)C8C7%19)C6C5%18)C4C3%17,E82CB7F52437B0147F435E3074F006752062FF8924E87C1DAF3210D182FF633B,HOST_CAN_0143,PASS,c1cc2cccc3c4cccc5cccc(c(c1)c23)c54,8C757907AA4B8FACEE39E7C43AD9EBCE8195B814AC593B98332DCA186ECBD4F7,GUEST_CAN_1123,PASS,GINE,2,double_cold,4,5.018551826477051
582,45,286,C1C2=CC(=CC=C2)CC3=CC(=CC=C3)CC4=CC=CC(=C4)CC5=CC=CC1=C5,C[N+](C)(C)CCO,calixarene,4.479499816894531,c1cc2cc(c1)Cc1cccc(c1)Cc1cccc(c1)Cc1cccc(c1)C2,001BA14F081450375618B4DEC192A3633931B27A166EE11658CCCBFAB45E327F,HOST_CAN_0183,PASS,C[N+](C)(C)CCO,EE2F222C864A3340CB6DC5C1A21FDDCC9B162B0220641118D30F914132FC0AFF,GUEST_CAN_0568,PASS,GINE,2,double_cold,4,2.7216062545776367
587,11,430,C1N2C3C4N(C2=O)CN5C6C7N(C5=O)CN8C9C2N(C8=O)CN5C8C%10N(C5=O)CN5C%11C%12N(C5=O)CN5C%13C%14N(C5=O)CN5C%15C%16N(C5=O)CN5C%17C(N1C5=O)N1CN3C(=O)N4CN6C(=O)N7CN9C(=O)N2CN8C(=O)N%10CN%11C(=O)N%12CN%13C(=O)N%14CN%15C(=O)N%16CN%17C1=O,O=C(NC1=CC2=CC=CC=C2C=C1)OCCOCCOCCOCCOCCOCCOCCOCCOCCOCCOCCOCCOCCOCCOCCOCCOCCOCCOCCOCCOCCOCCOCCOCCOCCOCCOCCOCCOCCOCCOCCOCCOCCOCCOCCOCCOCCOCCOCCOCCOCCOCCOCCOCCOC,cucurbituril,5.651299953460693,O=C1N2CN3C(=O)N4CN5C(=O)N6CN7C(=O)N8CN9C(=O)N%10CN%11C(=O)N%12CN%13C(=O)N%14CN%15C(=O)N%16CN1C1C2N2CN%17C(=O)N(CN%18C(=O)N(CN%19C(=O)N(CN%20C(=O)N(CN%21C(=O)N(CN%22C(=O)N(CN%23C(=O)N(CN1C2=O)C%16C%15%23)C%14C%13%22)C%12C%11%21)C%10C9%20)C8C7%19)C6C5%18)C4C3%17,E82CB7F52437B0147F435E3074F006752062FF8924E87C1DAF3210D182FF633B,HOST_CAN_0143,PASS,COCCOCCOCCOCCOCCOCCOCCOCCOCCOCCOCCOCCOCCOCCOCCOCCOCCOCCOCCOCCOCCOCCOCCOCCOCCOCCOCCOCCOCCOCCOCCOCCOCCOCCOCCOCCOCCOCCOCCOCCOCCOCCOCCOCCOC(=O)Nc1ccc2ccccc2c1,43C2F3F7934D74743711EF101E8CD9C395868A6E2CA107B763502143071D5DB2,GUEST_CAN_0462,PASS,GINE,2,double_cold,4,4.315066337585449
595,69,437,NCCN1C=C(N=N1)COC(C=C2)=C(CNCC3=C(OCC(N=N4)=CN4CCN)C=CC5=C3C=C6)C7=C2C8=C(C=C7)OC9CC8C%10=C(O9)C=CC%11=C%10C=CC(OCC(N=N%12)=CN%12CCN)=C%11CNCC%13=C(OCC(N=N%14)=CN%14CCN)C=CC%15=C%13C=CC(O%16)=C%15C%17C5=C6OC%16C%17,OC(C(=O)O)CC1=CC=CC=C1,other,3.8738999366760254,NCCn1cc(COc2ccc3c4c5ccc3c2CNCc2c(OCc3cn(CCN)nn3)ccc3c6c(ccc23)OC2CC6c3c(ccc6c(c(OCc7cn(CCN)nn7)ccc36)CNCc3c(OCc6cn(CCN)nn6)ccc6c7c(ccc36)OC(CC47)O5)O2)nn1,E69AC36986BDADC1E5A61FE9021251B6D5437DB096F231021CE94D055FF4BCBF,HOST_CAN_0113,PASS,O=C(O)C(O)Cc1ccccc1,E9397338BFA2DF2426F5EAFAC89A6A669CCB8C215710730D405A0EAD1E19A161,GUEST_CAN_0859,PASS,GINE,2,double_cold,4,1.6546580791473389
605,45,13,C1C2=CC(=CC=C2)CC3=CC(=CC=C3)CC4=CC=CC(=C4)CC5=CC=CC1=C5,[Cs+],calixarene,2.3117001056671143,c1cc2cc(c1)Cc1cccc(c1)Cc1cccc(c1)Cc1cccc(c1)C2,001BA14F081450375618B4DEC192A3633931B27A166EE11658CCCBFAB45E327F,HOST_CAN_0183,PASS,[Cs+],2007C7CB8E9E407AF1FE3CC70080E500F82FCC5BB652DA30AE9309E09D1E52EF,GUEST_CAN_1052,PASS,GINE,2,double_cold,4,1.0814383029937744
650,18,237,CC1=C2C3=CC4=C1OC5C6=CC7=CC(=C6)OC8=CC(=CC(=C8)C(=O)O)OC9=CC1=CC(=C9)C6OC8=C(C=C(C4CCC(=O)O)C(=C8C)O5)C(C4=C(O6)C(=C5C(=C4)C(C4=C6C(=C(C(=C4)C3CCC(=O)O)OC(O2)C2=CC(=CC(=C2)OC2=CC(=CC(=C2)C(=O)O)OC2=CC(=CC(=C2)C(O5)O6)OC2=CC(=CC(=C2)C(=O)O)O1)OC1=CC(=CC(=C1)C(=O)O)O7)C)CCC(=O)O)C)CCC(=O)O,C#CCCCC(=O)O,cavitand,3.924999952316284,Cc1c2c3cc4c1OC1Oc5c(cc6c(c5C)OC5Oc7c(cc8c(c7C)OC7Oc9c(cc(c(c9C)OC(O2)c2cc9cc(c2)Oc2cc(cc(C(=O)O)c2)Oc2cc(cc7c2)Oc2cc(cc(C(=O)O)c2)Oc2cc(cc5c2)Oc2cc(cc(C(=O)O)c2)Oc2cc(cc1c2)Oc1cc(cc(C(=O)O)c1)O9)C3CCC(=O)O)C8CCC(=O)O)C6CCC(=O)O)C4CCC(=O)O,326FFD4B5C5565D32207155C0B129AE16AFCA7B3342F0DAD815C24AB8DFA8483,HOST_CAN_0099,PASS,C#CCCCC(=O)O,44098F444A383255C50ABD8A5620E03A2E79ECC4071BA0A80188DEB1DF0F35FF,GUEST_CAN_0006,PASS,GINE,2,double_cold,4,2.979372262954712
666,69,473,NCCN1C=C(N=N1)COC(C=C2)=C(CNCC3=C(OCC(N=N4)=CN4CCN)C=CC5=C3C=C6)C7=C2C8=C(C=C7)OC9CC8C%10=C(O9)C=CC%11=C%10C=CC(OCC(N=N%12)=CN%12CCN)=C%11CNCC%13=C(OCC(N=N%14)=CN%14CCN)C=CC%15=C%13C=CC(O%16)=C%15C%17C5=C6OC%16C%17,O=C(Cc1ccccc1)N[C@H]1C(=O)N2[C@H]1SC([C@H]2C(=O)[O-])(C)C.[Na+],other,4.12060022354126,NCCn1cc(COc2ccc3c4c5ccc3c2CNCc2c(OCc3cn(CCN)nn3)ccc3c6c(ccc23)OC2CC6c3c(ccc6c(c(OCc7cn(CCN)nn7)ccc36)CNCc3c(OCc6cn(CCN)nn6)ccc6c7c(ccc36)OC(CC47)O5)O2)nn1,E69AC36986BDADC1E5A61FE9021251B6D5437DB096F231021CE94D055FF4BCBF,HOST_CAN_0113,PASS,CC1(C)S[C@H]2[C@@H](NC(=O)Cc3ccccc3)C(=O)N2[C@@H]1C(=O)[O-].[Na+],95280732D171EA0125107DBD13A3770B46FD40C4C47303A961FE1BBA455EA980,GUEST_CAN_0211,PASS,GINE,2,double_cold,4,2.7338345050811768
675,48,478,[Na]OS(=O)(=O)CCCOc1c2CN3C(=O)N4[C@]5([C@@]3(N(Cc2c(c2c1cccc2)OCCCS(=O)(=O)O[Na])C(=O)N5CN1[C@@]2(N(C4)C(=O)N3[C@]2(C)N(C1=O)Cc1c(C3)c(OCCCS(=O)(=O)O[Na])c2c(c1OCCCS(=O)(=O)O[Na])cccc2)C)C)C,[Na]OC(=O)CCN1C(=O)c2ccc3c4c2c(C1=O)ccc4C(=O)N(C3=O)CCC(=O)O[Na],other,3.7923998832702637,C[C@]12N3Cc4c(c(OCCCS(=O)(=O)[O][Na])c5ccccc5c4OCCCS(=O)(=O)[O][Na])CN1C(=O)N1CN4C(=O)N5Cc6c(c(OCCCS(=O)(=O)[O][Na])c7ccccc7c6OCCCS(=O)(=O)[O][Na])CN6C(=O)N(CN(C3=O)[C@]12C)[C@]4(C)[C@@]56C,D18B807A904C56B05E199911FB10FFB774349CC49BBD32D2EFAFF4C892BA649F,HOST_CAN_0090,PASS,O=C(CCN1C(=O)c2ccc3c4c(ccc(c24)C1=O)C(=O)N(CCC(=O)[O][Na])C3=O)[O][Na],915E7580545FDECDB5A269D6D3BD427AF61E2E3C93936139FC71B5753BABCC84,GUEST_CAN_0848,PASS,GINE,2,double_cold,4,5.039608001708984
705,11,498,C1N2C3C4N(C2=O)CN5C6C7N(C5=O)CN8C9C2N(C8=O)CN5C8C%10N(C5=O)CN5C%11C%12N(C5=O)CN5C%13C%14N(C5=O)CN5C%15C%16N(C5=O)CN5C%17C(N1C5=O)N1CN3C(=O)N4CN6C(=O)N7CN9C(=O)N2CN8C(=O)N%10CN%11C(=O)N%12CN%13C(=O)N%14CN%15C(=O)N%16CN%17C1=O,C1CC(=O)N(C1=O)C2=CC=CC=C2,cucurbituril,4.477099895477295,O=C1N2CN3C(=O)N4CN5C(=O)N6CN7C(=O)N8CN9C(=O)N%10CN%11C(=O)N%12CN%13C(=O)N%14CN%15C(=O)N%16CN1C1C2N2CN%17C(=O)N(CN%18C(=O)N(CN%19C(=O)N(CN%20C(=O)N(CN%21C(=O)N(CN%22C(=O)N(CN%23C(=O)N(CN1C2=O)C%16C%15%23)C%14C%13%22)C%12C%11%21)C%10C9%20)C8C7%19)C6C5%18)C4C3%17,E82CB7F52437B0147F435E3074F006752062FF8924E87C1DAF3210D182FF633B,HOST_CAN_0143,PASS,O=C1CCC(=O)N1c1ccccc1,94F9D492410F2F56A9B6D65379770F0F282E5EEBE648CFB2E532709A924F639A,GUEST_CAN_0917,PASS,GINE,2,double_cold,4,4.185843467712402
771,6,411,OC(=O)CCC1c2cc3c4cc2O[C@@H]2Oc5c1cc1c(c5)O[C@@H]5Oc6c([C@@H]1CCC(=O)O)cc1[C@H](c7cc(C3CCC(=O)O)c3O[C@H](O4)c4cc8Oc9cc(Oc%10cc2cc(c%10C(=O)O)Oc2cccc(c2)Oc2cc5cc(c2C(=O)O)Oc2cccc(c2)Oc2cc([C@@H](Oc7c3)Oc1c6)cc(Oc1cc(Oc(c4)c8C(=O)O)ccc1)c2C(=O)O)ccc9)CCC(=O)O,CCCCCC[N+](C)(C)C.[Cl-],other,4.2718000411987305,O=C(O)CCC1c2cc3c4cc2O[C@H]2Oc5cc6c(cc51)[C@H](CCC(=O)O)c1cc5c7cc1O[C@H](O6)c1cc6c(C(=O)O)c(c1)Oc1cccc(c1)Oc1cc8cc(c1C(=O)O)Oc1cccc(c1)Oc1cc(cc(c1C(=O)O)Oc1cccc(c1)Oc1cc2cc(c1C(=O)O)Oc1cccc(c1)O6)[C@H](O4)Oc1cc(c(cc1C3CCC(=O)O)[C@H]5CCC(=O)O)O[C@@H]8O7,9910B6C324867B78C538BC824892433086D3864FCBD7A2F3E051B7730A9D9689,HOST_CAN_0118,PASS,CCCCCC[N+](C)(C)C.[Cl-],2678C2424C739C2D9266BD3D3D7935A8947095DF196996EF1599E3A349DA25FC,GUEST_CAN_0298,PASS,GINE,2,double_cold,4,5.2652435302734375
786,45,178,C1C2=CC(=CC=C2)CC3=CC(=CC=C3)CC4=CC=CC(=C4)CC5=CC=CC1=C5,C(CCN)CC(C(=O)O)N,calixarene,3.0,c1cc2cc(c1)Cc1cccc(c1)Cc1cccc(c1)Cc1cccc(c1)C2,001BA14F081450375618B4DEC192A3633931B27A166EE11658CCCBFAB45E327F,HOST_CAN_0183,PASS,NCCCCC(N)C(=O)O,BD55DE8B1F18BBBA0B9FB86FA685E52B4743F1B75F837E0522E8C602B3191BA0,GUEST_CAN_0785,PASS,GINE,2,double_cold,4,2.7944984436035156
787,1,120,C1C2=CC(=CC(=C2O)CC3=CC(=CC(=C3O)CC4=C(C(=CC(=C4)S(=O)(=O)O)CC5=C(C1=CC(=C5)S(=O)(=O)O)O)O)S(=O)(=O)O)S(=O)(=O)O,CC1=CC2=NC3=C(C=C(C=C3)N(C)C)N=C2C=C1N.Cl,calixarene,3.7853000164031982,O=S(=O)(O)c1cc2c(O)c(c1)Cc1cc(S(=O)(=O)O)cc(c1O)Cc1cc(S(=O)(=O)O)cc(c1O)Cc1cc(S(=O)(=O)O)cc(c1O)C2,C1130CCDC8DA0C6458EF6C2E07E7F3330D8F8B055CBE4DEAADB70DC00C8CDFC1,HOST_CAN_0154,PASS,Cc1cc2nc3ccc(N(C)C)cc3nc2cc1N.Cl,38DA61F40FBF04D6F8617D026997AD15F6CEDB2A1A227B5595A652A18AA9F05C,GUEST_CAN_0653,PASS,GINE,2,double_cold,4,5.364249229431152
789,11,133,C1N2C3C4N(C2=O)CN5C6C7N(C5=O)CN8C9C2N(C8=O)CN5C8C%10N(C5=O)CN5C%11C%12N(C5=O)CN5C%13C%14N(C5=O)CN5C%15C%16N(C5=O)CN5C%17C(N1C5=O)N1CN3C(=O)N4CN6C(=O)N7CN9C(=O)N2CN8C(=O)N%10CN%11C(=O)N%12CN%13C(=O)N%14CN%15C(=O)N%16CN%17C1=O,[Cl-].[Cs+],cucurbituril,2.549999952316284,O=C1N2CN3C(=O)N4CN5C(=O)N6CN7C(=O)N8CN9C(=O)N%10CN%11C(=O)N%12CN%13C(=O)N%14CN%15C(=O)N%16CN1C1C2N2CN%17C(=O)N(CN%18C(=O)N(CN%19C(=O)N(CN%20C(=O)N(CN%21C(=O)N(CN%22C(=O)N(CN%23C(=O)N(CN1C2=O)C%16C%15%23)C%14C%13%22)C%12C%11%21)C%10C9%20)C8C7%19)C6C5%18)C4C3%17,E82CB7F52437B0147F435E3074F006752062FF8924E87C1DAF3210D182FF633B,HOST_CAN_0143,PASS,[Cl-].[Cs+],92887686B9FCD5D7B4FF9C8AAFE34E6D69DCC3DF4F7D53B23D98EBC2D3E6DDEE,GUEST_CAN_1034,PASS,GINE,2,double_cold,4,3.6161696910858154
818,1,557,C1C2=CC(=CC(=C2O)CC3=CC(=CC(=C3O)CC4=C(C(=CC(=C4)S(=O)(=O)O)CC5=C(C1=CC(=C5)S(=O)(=O)O)O)O)S(=O)(=O)O)S(=O)(=O)O,CN(C)C(=NCCCC(C(=O)O)N)N,calixarene,3.077699899673462,O=S(=O)(O)c1cc2c(O)c(c1)Cc1cc(S(=O)(=O)O)cc(c1O)Cc1cc(S(=O)(=O)O)cc(c1O)Cc1cc(S(=O)(=O)O)cc(c1O)C2,C1130CCDC8DA0C6458EF6C2E07E7F3330D8F8B055CBE4DEAADB70DC00C8CDFC1,HOST_CAN_0154,PASS,CN(C)C(N)=NCCCC(N)C(=O)O,8FECDFE6FD8E3AB55B038D0BDBF122796AB039E405A2214EC5BD150967E713AD,GUEST_CAN_0391,PASS,GINE,2,double_cold,4,3.340472936630249
837,11,567,C1N2C3C4N(C2=O)CN5C6C7N(C5=O)CN8C9C2N(C8=O)CN5C8C%10N(C5=O)CN5C%11C%12N(C5=O)CN5C%13C%14N(C5=O)CN5C%15C%16N(C5=O)CN5C%17C(N1C5=O)N1CN3C(=O)N4CN6C(=O)N7CN9C(=O)N2CN8C(=O)N%10CN%11C(=O)N%12CN%13C(=O)N%14CN%15C(=O)N%16CN%17C1=O,C[N+]1=CC=C(C=C1)C2=CC=[N+](C=C2)CCC[NH3+],cucurbituril,6.86329984664917,O=C1N2CN3C(=O)N4CN5C(=O)N6CN7C(=O)N8CN9C(=O)N%10CN%11C(=O)N%12CN%13C(=O)N%14CN%15C(=O)N%16CN1C1C2N2CN%17C(=O)N(CN%18C(=O)N(CN%19C(=O)N(CN%20C(=O)N(CN%21C(=O)N(CN%22C(=O)N(CN%23C(=O)N(CN1C2=O)C%16C%15%23)C%14C%13%22)C%12C%11%21)C%10C9%20)C8C7%19)C6C5%18)C4C3%17,E82CB7F52437B0147F435E3074F006752062FF8924E87C1DAF3210D182FF633B,HOST_CAN_0143,PASS,C[n+]1ccc(-c2cc[n+](CCC[NH3+])cc2)cc1,5AF9011ACD490192411E4F4F4466541B7D70B44981EE48C9786433D9FE240D16,GUEST_CAN_0629,PASS,GINE,2,double_cold,4,5.93967866897583
842,11,570,C1N2C3C4N(C2=O)CN5C6C7N(C5=O)CN8C9C2N(C8=O)CN5C8C%10N(C5=O)CN5C%11C%12N(C5=O)CN5C%13C%14N(C5=O)CN5C%15C%16N(C5=O)CN5C%17C(N1C5=O)N1CN3C(=O)N4CN6C(=O)N7CN9C(=O)N2CN8C(=O)N%10CN%11C(=O)N%12CN%13C(=O)N%14CN%15C(=O)N%16CN%17C1=O,C1C=CC=C1.[CH-]1C=CC=C1.[Co+2],cucurbituril,8.838800430297852,O=C1N2CN3C(=O)N4CN5C(=O)N6CN7C(=O)N8CN9C(=O)N%10CN%11C(=O)N%12CN%13C(=O)N%14CN%15C(=O)N%16CN1C1C2N2CN%17C(=O)N(CN%18C(=O)N(CN%19C(=O)N(CN%20C(=O)N(CN%21C(=O)N(CN%22C(=O)N(CN%23C(=O)N(CN1C2=O)C%16C%15%23)C%14C%13%22)C%12C%11%21)C%10C9%20)C8C7%19)C6C5%18)C4C3%17,E82CB7F52437B0147F435E3074F006752062FF8924E87C1DAF3210D182FF633B,HOST_CAN_0143,PASS,C1=CCC=C1.[Co+2].c1cc[cH-]c1,2B517A26C24E67CC61E3EEEE380678B02C773284D09943837E54B1A950E37E5E,GUEST_CAN_0016,PASS,GINE,2,double_cold,4,5.364269733428955
844,141,372,CC(C)(C)C1=CC2=C(C(=C1)CC3=CC(=CC(=C3OCC(=O)OC)CC4=CC(=CC(=C4OCC(=O)OC)CC5=C(C(=CC(=C5)C(C)(C)C)C2)OCC(=O)OC)C(C)(C)C)C(C)(C)C)OCC(=O)OC,CCC(C)C1C(=O)NC2CSSCC(C(=O)NC(CSSCC(C(=O)NCC(=O)NC(C(=O)NC(C(=O)NC(C(=O)NC(C(=O)NC(C(=O)NC(C(=O)NC(C(=O)NC(C(=O)NC(C(=O)NC(C(=O)NC(CSSCC(NC(=O)C(NC(=O)C(NC(=O)C(NC(=O)C(NC(=O)C(NC(=O)C(NC(=O)C(NC(=O)C(NC2=O)CO)CC(C)C)CC3=CC=C(C=C3)O)CCC(=O)N)CC(C)C)CCC(=O)O)CC(=O)N)CC4=CC=C(C=C4)O)C(=O)NC(CC(=O)N)C(=O)O)C(=O)NCC(=O)NC(CCC(=O)O)C(=O)NC(CCCNC(=N)N)C(=O)NCC(=O)NC(CC5=CC=CC=C5)C(=O)NC(CC6=CC=CC=C6)C(=O)NC(CC7=CC=C(C=C7)O)C(=O)NC(C(C)O)C(=O)N8CCCC8C(=O)NC(CCCCN)C(=O)NC(C(C)O)C(=O)O)C(C)C)CC(C)C)CC9=CC=C(C=C9)O)CC(C)C)C)CCC(=O)O)C(C)C)CC(C)C)CC2=CNC=N2)CO)NC(=O)C(CC(C)C)NC(=O)C(CC2=CNC=N2)NC(=O)C(CCC(=O)N)NC(=O)C(CC(=O)N)NC(=O)C(C(C)C)NC(=O)C(CC2=CC=CC=C2)N)C(=O)NC(C(=O)NC(C(=O)N1)CO)C(C)O)NC(=O)C(CCC(=O)N)NC(=O)C(CCC(=O)O)NC(=O)C(C(C)C)NC(=O)C(C(C)CC)NC(=O)CN,calixarene,7.301000118255615,COC(=O)COc1c2cc(C(C)(C)C)cc1Cc1cc(C(C)(C)C)cc(c1OCC(=O)OC)Cc1cc(C(C)(C)C)cc(c1OCC(=O)OC)Cc1cc(C(C)(C)C)cc(c1OCC(=O)OC)C2,73B080974E03CCE5E7AF3A160529C27640F25944AB15DBB90917A7E7BD8278A2,HOST_CAN_0054,PASS,CCC(C)C(NC(=O)CN)C(=O)NC(C(=O)NC(CCC(=O)O)C(=O)NC(CCC(N)=O)C(=O)NC1CSSCC2NC(=O)C(C(C)CC)NC(=O)C(CO)NC(=O)C(C(C)O)NC(=O)C(CSSCC(NC(=O)C(CC(C)C)NC(=O)C(Cc3c[nH]cn3)NC(=O)C(CCC(N)=O)NC(=O)C(CC(N)=O)NC(=O)C(NC(=O)C(N)Cc3ccccc3)C(C)C)C(=O)NCC(=O)NC(CO)C(=O)NC(Cc3c[nH]cn3)C(=O)NC(CC(C)C)C(=O)NC(C(C)C)C(=O)NC(CCC(=O)O)C(=O)NC(C)C(=O)NC(CC(C)C)C(=O)NC(Cc3ccc(O)cc3)C(=O)NC(CC(C)C)C(=O)NC(C(C)C)C(=O)NC(C(=O)NCC(=O)NC(CCC(=O)O)C(=O)NC(CCCNC(=N)N)C(=O)NCC(=O)NC(Cc3ccccc3)C(=O)NC(Cc3ccccc3)C(=O)NC(Cc3ccc(O)cc3)C(=O)NC(C(=O)N3CCCC3C(=O)NC(CCCCN)C(=O)NC(C(=O)O)C(C)O)C(C)O)CSSCC(C(=O)NC(CC(N)=O)C(=O)O)NC(=O)C(Cc3ccc(O)cc3)NC(=O)C(CC(N)=O)NC(=O)C(CCC(=O)O)NC(=O)C(CC(C)C)NC(=O)C(CCC(N)=O)NC(=O)C(Cc3ccc(O)cc3)NC(=O)C(CC(C)C)NC(=O)C(CO)NC2=O)NC1=O)C(C)C,885EAF67B2FF10FCDED0B7729B3F203587A7D98B555D9C25FAC0D39560C307EF,GUEST_CAN_0259,PASS,GINE,2,double_cold,4,3.002901315689087
855,11,577,C1N2C3C4N(C2=O)CN5C6C7N(C5=O)CN8C9C2N(C8=O)CN5C8C%10N(C5=O)CN5C%11C%12N(C5=O)CN5C%13C%14N(C5=O)CN5C%15C%16N(C5=O)CN5C%17C(N1C5=O)N1CN3C(=O)N4CN6C(=O)N7CN9C(=O)N2CN8C(=O)N%10CN%11C(=O)N%12CN%13C(=O)N%14CN%15C(=O)N%16CN%17C1=O,CC(=O)C1CCC2C1(CCC3C2CCC4=CC(=O)CCC34C)C,cucurbituril,7.938499927520752,O=C1N2CN3C(=O)N4CN5C(=O)N6CN7C(=O)N8CN9C(=O)N%10CN%11C(=O)N%12CN%13C(=O)N%14CN%15C(=O)N%16CN1C1C2N2CN%17C(=O)N(CN%18C(=O)N(CN%19C(=O)N(CN%20C(=O)N(CN%21C(=O)N(CN%22C(=O)N(CN%23C(=O)N(CN1C2=O)C%16C%15%23)C%14C%13%22)C%12C%11%21)C%10C9%20)C8C7%19)C6C5%18)C4C3%17,E82CB7F52437B0147F435E3074F006752062FF8924E87C1DAF3210D182FF633B,HOST_CAN_0143,PASS,CC(=O)C1CCC2C3CCC4=CC(=O)CCC4(C)C3CCC12C,7673C06C9F6E1E307CCC2692CB0E2F8F8CE0D771D2904A31C260B1610AF82E42,GUEST_CAN_0064,PASS,GINE,2,double_cold,4,6.76492977142334
861,11,582,C1N2C3C4N(C2=O)CN5C6C7N(C5=O)CN8C9C2N(C8=O)CN5C8C%10N(C5=O)CN5C%11C%12N(C5=O)CN5C%13C%14N(C5=O)CN5C%15C%16N(C5=O)CN5C%17C(N1C5=O)N1CN3C(=O)N4CN6C(=O)N7CN9C(=O)N2CN8C(=O)N%10CN%11C(=O)N%12CN%13C(=O)N%14CN%15C(=O)N%16CN%17C1=O,CC(=O)OC1CCC2C1(CCC3C2CCC4=C3C=CC(=C4)O)C,cucurbituril,6.812900066375732,O=C1N2CN3C(=O)N4CN5C(=O)N6CN7C(=O)N8CN9C(=O)N%10CN%11C(=O)N%12CN%13C(=O)N%14CN%15C(=O)N%16CN1C1C2N2CN%17C(=O)N(CN%18C(=O)N(CN%19C(=O)N(CN%20C(=O)N(CN%21C(=O)N(CN%22C(=O)N(CN%23C(=O)N(CN1C2=O)C%16C%15%23)C%14C%13%22)C%12C%11%21)C%10C9%20)C8C7%19)C6C5%18)C4C3%17,E82CB7F52437B0147F435E3074F006752062FF8924E87C1DAF3210D182FF633B,HOST_CAN_0143,PASS,CC(=O)OC1CCC2C3CCc4cc(O)ccc4C3CCC12C,1F89F51921AD5393752AFED00244EFA05303D9FF55A8D9523A21AA0CF88CB78D,GUEST_CAN_0099,PASS,GINE,2,double_cold,4,5.51756477355957
887,11,598,C1N2C3C4N(C2=O)CN5C6C7N(C5=O)CN8C9C2N(C8=O)CN5C8C%10N(C5=O)CN5C%11C%12N(C5=O)CN5C%13C%14N(C5=O)CN5C%15C%16N(C5=O)CN5C%17C(N1C5=O)N1CN3C(=O)N4CN6C(=O)N7CN9C(=O)N2CN8C(=O)N%10CN%11C(=O)N%12CN%13C(=O)N%14CN%15C(=O)N%16CN%17C1=O,C[N+]1=CC2=C3C4=C(C=[N+](C)C=C4C=CC3=C1)C=C2,cucurbituril,5.936800003051758,O=C1N2CN3C(=O)N4CN5C(=O)N6CN7C(=O)N8CN9C(=O)N%10CN%11C(=O)N%12CN%13C(=O)N%14CN%15C(=O)N%16CN1C1C2N2CN%17C(=O)N(CN%18C(=O)N(CN%19C(=O)N(CN%20C(=O)N(CN%21C(=O)N(CN%22C(=O)N(CN%23C(=O)N(CN1C2=O)C%16C%15%23)C%14C%13%22)C%12C%11%21)C%10C9%20)C8C7%19)C6C5%18)C4C3%17,E82CB7F52437B0147F435E3074F006752062FF8924E87C1DAF3210D182FF633B,HOST_CAN_0143,PASS,C[n+]1cc2ccc3c[n+](C)cc4ccc(c1)c2c34,8C26809730C316FDCC2618BD5B3B525A51259CED54605034A946844E1215D09F,GUEST_CAN_0620,PASS,GINE,2,double_cold,4,6.725002765655518
890,1,374,C1C2=CC(=CC(=C2O)CC3=CC(=CC(=C3O)CC4=C(C(=CC(=C4)S(=O)(=O)O)CC5=C(C1=CC(=C5)S(=O)(=O)O)O)O)S(=O)(=O)O)S(=O)(=O)O,OCC(C(=O)NC(C(=O)N1CCCC1C(=O)NC(C(=O)N)Cc1ccc(cc1)O)C)NC(=O)C(NC(=O)C(NC(=O)C(NC(=O)C(NC(=O)C)C)C)CCCNC(=N)N)CCCC[N+](C)(C)C,calixarene,5.267199993133545,O=S(=O)(O)c1cc2c(O)c(c1)Cc1cc(S(=O)(=O)O)cc(c1O)Cc1cc(S(=O)(=O)O)cc(c1O)Cc1cc(S(=O)(=O)O)cc(c1O)C2,C1130CCDC8DA0C6458EF6C2E07E7F3330D8F8B055CBE4DEAADB70DC00C8CDFC1,HOST_CAN_0154,PASS,CC(=O)NC(C)C(=O)NC(C)C(=O)NC(CCCNC(=N)N)C(=O)NC(CCCC[N+](C)(C)C)C(=O)NC(CO)C(=O)NC(C)C(=O)N1CCCC1C(=O)NC(Cc1ccc(O)cc1)C(N)=O,934A862FD875337749D4F733791F261D712391A6D4CB302C520246E780F7D911,GUEST_CAN_0067,PASS,GINE,2,double_cold,4,4.934093475341797
896,11,601,C1N2C3C4N(C2=O)CN5C6C7N(C5=O)CN8C9C2N(C8=O)CN5C8C%10N(C5=O)CN5C%11C%12N(C5=O)CN5C%13C%14N(C5=O)CN5C%15C%16N(C5=O)CN5C%17C(N1C5=O)N1CN3C(=O)N4CN6C(=O)N7CN9C(=O)N2CN8C(=O)N%10CN%11C(=O)N%12CN%13C(=O)N%14CN%15C(=O)N%16CN%17C1=O,C(C)OC(=O)C1=CC=C(C=C1)[N+]1=CC=C(C=C1)C1=CC=[N+](C=C1)C1=CC=C(C=C1)C(=O)OCC,cucurbituril,6.278800010681152,O=C1N2CN3C(=O)N4CN5C(=O)N6CN7C(=O)N8CN9C(=O)N%10CN%11C(=O)N%12CN%13C(=O)N%14CN%15C(=O)N%16CN1C1C2N2CN%17C(=O)N(CN%18C(=O)N(CN%19C(=O)N(CN%20C(=O)N(CN%21C(=O)N(CN%22C(=O)N(CN%23C(=O)N(CN1C2=O)C%16C%15%23)C%14C%13%22)C%12C%11%21)C%10C9%20)C8C7%19)C6C5%18)C4C3%17,E82CB7F52437B0147F435E3074F006752062FF8924E87C1DAF3210D182FF633B,HOST_CAN_0143,PASS,CCOC(=O)c1ccc(-[n+]2ccc(-c3cc[n+](-c4ccc(C(=O)OCC)cc4)cc3)cc2)cc1,2CA61649862602366BBB4DB7C946165833A69537549E569CDCC25D81A4B1004D,GUEST_CAN_0362,PASS,GINE,2,double_cold,4,5.099562644958496
904,141,178,CC(C)(C)C1=CC2=C(C(=C1)CC3=CC(=CC(=C3OCC(=O)OC)CC4=CC(=CC(=C4OCC(=O)OC)CC5=C(C(=CC(=C5)C(C)(C)C)C2)OCC(=O)OC)C(C)(C)C)C(C)(C)C)OCC(=O)OC,C(CCN)CC(C(=O)O)N,calixarene,2.477099895477295,COC(=O)COc1c2cc(C(C)(C)C)cc1Cc1cc(C(C)(C)C)cc(c1OCC(=O)OC)Cc1cc(C(C)(C)C)cc(c1OCC(=O)OC)Cc1cc(C(C)(C)C)cc(c1OCC(=O)OC)C2,73B080974E03CCE5E7AF3A160529C27640F25944AB15DBB90917A7E7BD8278A2,HOST_CAN_0054,PASS,NCCCCC(N)C(=O)O,BD55DE8B1F18BBBA0B9FB86FA685E52B4743F1B75F837E0522E8C602B3191BA0,GUEST_CAN_0785,PASS,GINE,2,double_cold,4,2.199495315551758
922,48,617,[Na]OS(=O)(=O)CCCOc1c2CN3C(=O)N4[C@]5([C@@]3(N(Cc2c(c2c1cccc2)OCCCS(=O)(=O)O[Na])C(=O)N5CN1[C@@]2(N(C4)C(=O)N3[C@]2(C)N(C1=O)Cc1c(C3)c(OCCCS(=O)(=O)O[Na])c2c(c1OCCCS(=O)(=O)O[Na])cccc2)C)C)C,[NH3+]CCC[NH2+]Cc1ccc(cc1)C[NH2+]CCC[NH3+].[Cl-].[Cl-].[Cl-].[Cl-],other,4.651299953460693,C[C@]12N3Cc4c(c(OCCCS(=O)(=O)[O][Na])c5ccccc5c4OCCCS(=O)(=O)[O][Na])CN1C(=O)N1CN4C(=O)N5Cc6c(c(OCCCS(=O)(=O)[O][Na])c7ccccc7c6OCCCS(=O)(=O)[O][Na])CN6C(=O)N(CN(C3=O)[C@]12C)[C@]4(C)[C@@]56C,D18B807A904C56B05E199911FB10FFB774349CC49BBD32D2EFAFF4C892BA649F,HOST_CAN_0090,PASS,[Cl-].[Cl-].[Cl-].[Cl-].[NH3+]CCC[NH2+]Cc1ccc(C[NH2+]CCC[NH3+])cc1,19F540B9994C429D186833758999466D60749E06FE2AD555EE462111A75FAF5C,GUEST_CAN_1023,PASS,GINE,2,double_cold,4,3.8181700706481934
935,1,624,C1C2=CC(=CC(=C2O)CC3=CC(=CC(=C3O)CC4=C(C(=CC(=C4)S(=O)(=O)O)CC5=C(C1=CC(=C5)S(=O)(=O)O)O)O)S(=O)(=O)O)S(=O)(=O)O,CCNC(=[NH2+])N,calixarene,3.259999990463257,O=S(=O)(O)c1cc2c(O)c(c1)Cc1cc(S(=O)(=O)O)cc(c1O)Cc1cc(S(=O)(=O)O)cc(c1O)Cc1cc(S(=O)(=O)O)cc(c1O)C2,C1130CCDC8DA0C6458EF6C2E07E7F3330D8F8B055CBE4DEAADB70DC00C8CDFC1,HOST_CAN_0154,PASS,CCNC(N)=[NH2+],DCBCF2FA972F537C9D596B99499AE02E4B4460D1959DD7A5BFDC5056DF958704,GUEST_CAN_0358,PASS,GINE,2,double_cold,4,2.461078405380249
952,1,630,C1C2=CC(=CC(=C2O)CC3=CC(=CC(=C3O)CC4=C(C(=CC(=C4)S(=O)(=O)O)CC5=C(C1=CC(=C5)S(=O)(=O)O)O)O)S(=O)(=O)O)S(=O)(=O)O,CC(=O)NCCCCC(C(=O)O)N,calixarene,1.0799000263214111,O=S(=O)(O)c1cc2c(O)c(c1)Cc1cc(S(=O)(=O)O)cc(c1O)Cc1cc(S(=O)(=O)O)cc(c1O)Cc1cc(S(=O)(=O)O)cc(c1O)C2,C1130CCDC8DA0C6458EF6C2E07E7F3330D8F8B055CBE4DEAADB70DC00C8CDFC1,HOST_CAN_0154,PASS,CC(=O)NCCCCC(N)C(=O)O,4B432548414F64AF99E0FAD8549299C24B1295032042F7A161EE1DD6B8060367,GUEST_CAN_0085,PASS,GINE,2,double_cold,4,3.100040912628174
960,88,575,OCCNC(=O)CCCCCN1C2C(N(C1=O)CCCCCC(=O)NCCO)N1C(=O)N2CN2C(=O)N(C3C2N(CCCCCC(=O)NCCO)C(=O)N3CCCCCC(=O)NCCO)CN2C(=O)N(C3C2N(CCCCCC(=O)NCCO)C(=O)N3CCCCCC(=O)NCCO)CN2C(=O)N(CN3C(=O)N(CN4C(=O)N(C1)C1C4N(C(=O)N1CCCCCC(=O)NCCO)CCCCCC(=O)NCCO)C1C3N(C(=O)N1CCCCCC(=O)NCCO)CCCCCC(=O)NCCO)[C@H]1[C@@H]2N(CCCCCC(=O)NCCO)C(=O)N1CCCCCC(=O)NCCO,[O-]S(=O)(=O)OOS(=O)(=O)[O-],other,6.919099807739258,O=C(CCCCCN1C(=O)N(CCCCCC(=O)NCCO)C2C1N1CN3C(=O)N(CN4C(=O)N(CN5C(=O)N(CN6C(=O)N(CN7C(=O)N(CN2C1=O)C1C7N(CCCCCC(=O)NCCO)C(=O)N1CCCCCC(=O)NCCO)C1C6N(CCCCCC(=O)NCCO)C(=O)N1CCCCCC(=O)NCCO)[C@H]1[C@@H]5N(CCCCCC(=O)NCCO)C(=O)N1CCCCCC(=O)NCCO)C1C4N(CCCCCC(=O)NCCO)C(=O)N1CCCCCC(=O)NCCO)C1C3N(CCCCCC(=O)NCCO)C(=O)N1CCCCCC(=O)NCCO)NCCO,65359C3904626CF699505BCBFBC7F41BCE668DDDD74C9E170F9BA10094BB9AD9,HOST_CAN_0116,PASS,O=S(=O)([O-])OOS(=O)(=O)[O-],69639F73723260BADEF0F9C5FDB5B068F85A0E9E19DED1EDCC9999F30B56FBC7,GUEST_CAN_0934,PASS,GINE,2,double_cold,4,2.508913516998291
962,11,634,C1N2C3C4N(C2=O)CN5C6C7N(C5=O)CN8C9C2N(C8=O)CN5C8C%10N(C5=O)CN5C%11C%12N(C5=O)CN5C%13C%14N(C5=O)CN5C%15C%16N(C5=O)CN5C%17C(N1C5=O)N1CN3C(=O)N4CN6C(=O)N7CN9C(=O)N2CN8C(=O)N%10CN%11C(=O)N%12CN%13C(=O)N%14CN%15C(=O)N%16CN%17C1=O,C[N+]1=CN(C=C1)CC2=CC=C(C=C2)C3=CC=C(C=C3)CN4C=C[N+](=C4)C,cucurbituril,5.2967000007629395,O=C1N2CN3C(=O)N4CN5C(=O)N6CN7C(=O)N8CN9C(=O)N%10CN%11C(=O)N%12CN%13C(=O)N%14CN%15C(=O)N%16CN1C1C2N2CN%17C(=O)N(CN%18C(=O)N(CN%19C(=O)N(CN%20C(=O)N(CN%21C(=O)N(CN%22C(=O)N(CN%23C(=O)N(CN1C2=O)C%16C%15%23)C%14C%13%22)C%12C%11%21)C%10C9%20)C8C7%19)C6C5%18)C4C3%17,E82CB7F52437B0147F435E3074F006752062FF8924E87C1DAF3210D182FF633B,HOST_CAN_0143,PASS,C[n+]1ccn(Cc2ccc(-c3ccc(Cn4cc[n+](C)c4)cc3)cc2)c1,F0AB0D398D24C95AF4C0975DA914246F9E5109B147572E5D0EF6AB036B3155BA,GUEST_CAN_0642,PASS,GINE,2,double_cold,4,6.231720924377441
991,48,649,[Na]OS(=O)(=O)CCCOc1c2CN3C(=O)N4[C@]5([C@@]3(N(Cc2c(c2c1cccc2)OCCCS(=O)(=O)O[Na])C(=O)N5CN1[C@@]2(N(C4)C(=O)N3[C@]2(C)N(C1=O)Cc1c(C3)c(OCCCS(=O)(=O)O[Na])c2c(c1OCCCS(=O)(=O)O[Na])cccc2)C)C)C,CN(C)C1=CC(NC(C(C=C/2)=C3)=CC2=[N+](C)/C)=C3C=C1,other,6.257699966430664,C[C@]12N3Cc4c(c(OCCCS(=O)(=O)[O][Na])c5ccccc5c4OCCCS(=O)(=O)[O][Na])CN1C(=O)N1CN4C(=O)N5Cc6c(c(OCCCS(=O)(=O)[O][Na])c7ccccc7c6OCCCS(=O)(=O)[O][Na])CN6C(=O)N(CN(C3=O)[C@]12C)[C@]4(C)[C@@]56C,D18B807A904C56B05E199911FB10FFB774349CC49BBD32D2EFAFF4C892BA649F,HOST_CAN_0090,PASS,CN(C)c1ccc2cc3ccc(=[N+](C)C)cc-3[nH]c2c1,6371382287DF33D354562F0CE9D03DBE376A511D6D73E51585972BDFE94E7040,GUEST_CAN_0407,PASS,GINE,2,double_cold,4,6.393299579620361
1047,1,675,C1C2=CC(=CC(=C2O)CC3=CC(=CC(=C3O)CC4=C(C(=CC(=C4)S(=O)(=O)O)CC5=C(C1=CC(=C5)S(=O)(=O)O)O)O)S(=O)(=O)O)S(=O)(=O)O,CCO,calixarene,1.0398000478744507,O=S(=O)(O)c1cc2c(O)c(c1)Cc1cc(S(=O)(=O)O)cc(c1O)Cc1cc(S(=O)(=O)O)cc(c1O)Cc1cc(S(=O)(=O)O)cc(c1O)C2,C1130CCDC8DA0C6458EF6C2E07E7F3330D8F8B055CBE4DEAADB70DC00C8CDFC1,HOST_CAN_0154,PASS,CCO,AB1DE819EDE91DF490E6441934DECFA9041B49F91D6BBADBBA4DF634CCFF57FA,GUEST_CAN_0361,PASS,GINE,2,double_cold,4,1.5905866622924805
1054,34,178,OC1=C(CC2=CC(S(=O)([O-])=O)=CC(CC(C=C3S(=O)([O-])=O)=C4OCC(O)=O)=C2O)C=C(S(=O)([O-])=O)C=C1CC5=CC(S(=O)([O-])=O)=CC(CC4=C3)=C5O,C(CCN)CC(C(=O)O)N,calixarene,2.9479000568389893,O=C(O)COc1c2cc(S(=O)(=O)[O-])cc1Cc1cc(S(=O)(=O)[O-])cc(c1O)Cc1cc(S(=O)(=O)[O-])cc(c1O)Cc1cc(S(=O)(=O)[O-])cc(c1O)C2,EBB61F0F13AD36B6AF388F0A3BF11BFB93DBCC3093F712DCC0802C51D18DC147,HOST_CAN_0129,PASS,NCCCCC(N)C(=O)O,BD55DE8B1F18BBBA0B9FB86FA685E52B4743F1B75F837E0522E8C602B3191BA0,GUEST_CAN_0785,PASS,GINE,2,double_cold,4,2.829253673553467
1066,1,538,C1C2=CC(=CC(=C2O)CC3=CC(=CC(=C3O)CC4=C(C(=CC(=C4)S(=O)(=O)O)CC5=C(C1=CC(=C5)S(=O)(=O)O)O)O)S(=O)(=O)O)S(=O)(=O)O,CC1=C2C=C(C(=CC2=CC3=[N+]1C=CC4=CC(=C(C=C43)OC)OC)OC)OC.[Cl-],calixarene,7.255300045013428,O=S(=O)(O)c1cc2c(O)c(c1)Cc1cc(S(=O)(=O)O)cc(c1O)Cc1cc(S(=O)(=O)O)cc(c1O)Cc1cc(S(=O)(=O)O)cc(c1O)C2,C1130CCDC8DA0C6458EF6C2E07E7F3330D8F8B055CBE4DEAADB70DC00C8CDFC1,HOST_CAN_0154,PASS,COc1cc2cc3c4cc(OC)c(OC)cc4cc[n+]3c(C)c2cc1OC.[Cl-],7C2EA846BA7CA8E9143143887B407353DC6C1C0B70DB9287063DF4A70F3F93EC,GUEST_CAN_0482,PASS,GINE,2,double_cold,4,6.045853614807129
1085,141,109,CC(C)(C)C1=CC2=C(C(=C1)CC3=CC(=CC(=C3OCC(=O)OC)CC4=CC(=CC(=C4OCC(=O)OC)CC5=C(C(=CC(=C5)C(C)(C)C)C2)OCC(=O)OC)C(C)(C)C)C(C)(C)C)OCC(=O)OC,C(CC(C(=O)O)N)CN=C(N)N,calixarene,2.544100046157837,COC(=O)COc1c2cc(C(C)(C)C)cc1Cc1cc(C(C)(C)C)cc(c1OCC(=O)OC)Cc1cc(C(C)(C)C)cc(c1OCC(=O)OC)Cc1cc(C(C)(C)C)cc(c1OCC(=O)OC)C2,73B080974E03CCE5E7AF3A160529C27640F25944AB15DBB90917A7E7BD8278A2,HOST_CAN_0054,PASS,NC(N)=NCCCC(N)C(=O)O,0E8C75093E2FC997DA04592D0B5BF85F1497CF3AA52A61C1DE57D4718119AA31,GUEST_CAN_0751,PASS,GINE,2,double_cold,4,2.614224910736084
1094,1,696,C1C2=CC(=CC(=C2O)CC3=CC(=CC(=C3O)CC4=C(C(=CC(=C4)S(=O)(=O)O)CC5=C(C1=CC(=C5)S(=O)(=O)O)O)O)S(=O)(=O)O)S(=O)(=O)O,[NH3+]CCCC(=O)[O-],calixarene,1.3600000143051147,O=S(=O)(O)c1cc2c(O)c(c1)Cc1cc(S(=O)(=O)O)cc(c1O)Cc1cc(S(=O)(=O)O)cc(c1O)Cc1cc(S(=O)(=O)O)cc(c1O)C2,C1130CCDC8DA0C6458EF6C2E07E7F3330D8F8B055CBE4DEAADB70DC00C8CDFC1,HOST_CAN_0154,PASS,[NH3+]CCCC(=O)[O-],FDA538F510A061E2BAD0E5E063C476EFF4821C80E51D6468853EBAB76CA0049A,GUEST_CAN_1080,PASS,GINE,2,double_cold,4,2.6153650283813477
1130,11,712,C1N2C3C4N(C2=O)CN5C6C7N(C5=O)CN8C9C2N(C8=O)CN5C8C%10N(C5=O)CN5C%11C%12N(C5=O)CN5C%13C%14N(C5=O)CN5C%15C%16N(C5=O)CN5C%17C(N1C5=O)N1CN3C(=O)N4CN6C(=O)N7CN9C(=O)N2CN8C(=O)N%10CN%11C(=O)N%12CN%13C(=O)N%14CN%15C(=O)N%16CN%17C1=O,C[N+]1=CC=C(C2=CC(C3=C(C4=C(C)SC(C(C=C5)=CC=[N+]5C)=C4)CCC3)=C(C)S2)C=C1,cucurbituril,7.366199970245361,O=C1N2CN3C(=O)N4CN5C(=O)N6CN7C(=O)N8CN9C(=O)N%10CN%11C(=O)N%12CN%13C(=O)N%14CN%15C(=O)N%16CN1C1C2N2CN%17C(=O)N(CN%18C(=O)N(CN%19C(=O)N(CN%20C(=O)N(CN%21C(=O)N(CN%22C(=O)N(CN%23C(=O)N(CN1C2=O)C%16C%15%23)C%14C%13%22)C%12C%11%21)C%10C9%20)C8C7%19)C6C5%18)C4C3%17,E82CB7F52437B0147F435E3074F006752062FF8924E87C1DAF3210D182FF633B,HOST_CAN_0143,PASS,Cc1sc(-c2cc[n+](C)cc2)cc1C1=C(c2cc(-c3cc[n+](C)cc3)sc2C)CCC1,DE265792A44F30598E499A77826E9FF192ACA2AF59087431025CDC7939D9061E,GUEST_CAN_0676,PASS,GINE,2,double_cold,4,5.9519805908203125
1134,48,713,[Na]OS(=O)(=O)CCCOc1c2CN3C(=O)N4[C@]5([C@@]3(N(Cc2c(c2c1cccc2)OCCCS(=O)(=O)O[Na])C(=O)N5CN1[C@@]2(N(C4)C(=O)N3[C@]2(C)N(C1=O)Cc1c(C3)c(OCCCS(=O)(=O)O[Na])c2c(c1OCCCS(=O)(=O)O[Na])cccc2)C)C)C,C/[N+](C)=C1C=C/C(C=C/1)=C(C2=CC=C(N(C)C)C=C2)\C3=CC=C(N(C)C)C=C3.[Cl-],other,4.52370023727417,C[C@]12N3Cc4c(c(OCCCS(=O)(=O)[O][Na])c5ccccc5c4OCCCS(=O)(=O)[O][Na])CN1C(=O)N1CN4C(=O)N5Cc6c(c(OCCCS(=O)(=O)[O][Na])c7ccccc7c6OCCCS(=O)(=O)[O][Na])CN6C(=O)N(CN(C3=O)[C@]12C)[C@]4(C)[C@@]56C,D18B807A904C56B05E199911FB10FFB774349CC49BBD32D2EFAFF4C892BA649F,HOST_CAN_0090,PASS,CN(C)c1ccc(C(=C2C=CC(=[N+](C)C)C=C2)c2ccc(N(C)C)cc2)cc1.[Cl-],196AA30E65C9F36CDFC2FFD641DFAC0E54FBEB822628F9476B975575A078529A,GUEST_CAN_0404,PASS,GINE,2,double_cold,4,5.191399574279785
1139,1,15,C1C2=CC(=CC(=C2O)CC3=CC(=CC(=C3O)CC4=C(C(=CC(=C4)S(=O)(=O)O)CC5=C(C1=CC(=C5)S(=O)(=O)O)O)O)S(=O)(=O)O)S(=O)(=O)O,[O-]C(=O)CC(C(=O)O)N,calixarene,2.7093000411987305,O=S(=O)(O)c1cc2c(O)c(c1)Cc1cc(S(=O)(=O)O)cc(c1O)Cc1cc(S(=O)(=O)O)cc(c1O)Cc1cc(S(=O)(=O)O)cc(c1O)C2,C1130CCDC8DA0C6458EF6C2E07E7F3330D8F8B055CBE4DEAADB70DC00C8CDFC1,HOST_CAN_0154,PASS,NC(CC(=O)[O-])C(=O)O,BB5F75F5A9C5B3B73A0A3B7339C8AC7150359761D5C24F8C1D742AB3AA3BCA26,GUEST_CAN_0731,PASS,GINE,2,double_cold,4,2.1247427463531494
1151,69,473,NCCN1C=C(N=N1)COC(C=C2)=C(CNCC3=C(OCC(N=N4)=CN4CCN)C=CC5=C3C=C6)C7=C2C8=C(C=C7)OC9CC8C%10=C(O9)C=CC%11=C%10C=CC(OCC(N=N%12)=CN%12CCN)=C%11CNCC%13=C(OCC(N=N%14)=CN%14CCN)C=CC%15=C%13C=CC(O%16)=C%15C%17C5=C6OC%16C%17,O=C(Cc1ccccc1)N[C@H]1C(=O)N2[C@H]1SC([C@H]2C(=O)[O-])(C)C.[Na+],other,3.851300001144409,NCCn1cc(COc2ccc3c4c5ccc3c2CNCc2c(OCc3cn(CCN)nn3)ccc3c6c(ccc23)OC2CC6c3c(ccc6c(c(OCc7cn(CCN)nn7)ccc36)CNCc3c(OCc6cn(CCN)nn6)ccc6c7c(ccc36)OC(CC47)O5)O2)nn1,E69AC36986BDADC1E5A61FE9021251B6D5437DB096F231021CE94D055FF4BCBF,HOST_CAN_0113,PASS,CC1(C)S[C@H]2[C@@H](NC(=O)Cc3ccccc3)C(=O)N2[C@@H]1C(=O)[O-].[Na+],95280732D171EA0125107DBD13A3770B46FD40C4C47303A961FE1BBA455EA980,GUEST_CAN_0211,PASS,GINE,2,double_cold,4,2.7338345050811768
1165,1,724,C1C2=CC(=CC(=C2O)CC3=CC(=CC(=C3O)CC4=C(C(=CC(=C4)S(=O)(=O)O)CC5=C(C1=CC(=C5)S(=O)(=O)O)O)O)S(=O)(=O)O)S(=O)(=O)O,[NH3+]CCCCC(C(=O)NC(C(=O)NC(C(=O)NCC(=O)NC(C(=O)N)Cc1ccc(cc1)O)C(O)C)CO)NC(=O)C(NC(C(=O)NC(=O)C(C(O)C)[NH3+])C)CCCNC(=[NH2+])N,calixarene,3.9955999851226807,O=S(=O)(O)c1cc2c(O)c(c1)Cc1cc(S(=O)(=O)O)cc(c1O)Cc1cc(S(=O)(=O)O)cc(c1O)Cc1cc(S(=O)(=O)O)cc(c1O)C2,C1130CCDC8DA0C6458EF6C2E07E7F3330D8F8B055CBE4DEAADB70DC00C8CDFC1,HOST_CAN_0154,PASS,CC(NC(CCCNC(N)=[NH2+])C(=O)NC(CCCC[NH3+])C(=O)NC(CO)C(=O)NC(C(=O)NCC(=O)NC(Cc1ccc(O)cc1)C(N)=O)C(C)O)C(=O)NC(=O)C([NH3+])C(C)O,138CD6CED96C898902D4C597CC9A9A174ADACCC90940F768C7EE4B826A18016F,GUEST_CAN_0190,PASS,GINE,2,double_cold,4,4.653446197509766
1171,1,727,C1C2=CC(=CC(=C2O)CC3=CC(=CC(=C3O)CC4=C(C(=CC(=C4)S(=O)(=O)O)CC5=C(C1=CC(=C5)S(=O)(=O)O)O)O)S(=O)(=O)O)S(=O)(=O)O,CC1(C)C(/C=C/C2=C(O)C=CC([N+]([O-])=O)=C2)=[N+](CCO)C3=CC=CC=C31,calixarene,4.397900104522705,O=S(=O)(O)c1cc2c(O)c(c1)Cc1cc(S(=O)(=O)O)cc(c1O)Cc1cc(S(=O)(=O)O)cc(c1O)Cc1cc(S(=O)(=O)O)cc(c1O)C2,C1130CCDC8DA0C6458EF6C2E07E7F3330D8F8B055CBE4DEAADB70DC00C8CDFC1,HOST_CAN_0154,PASS,CC1(C)C(/C=C/c2cc([N+](=O)[O-])ccc2O)=[N+](CCO)c2ccccc21,D7C8D7003546975C489ED8B8BF86B7BB7009D123D78D842A4E8D9CA44F0D544B,GUEST_CAN_0201,PASS,GINE,2,double_cold,4,3.9895076751708984
1200,18,717,CC1=C2C3=CC4=C1OC5C6=CC7=CC(=C6)OC8=CC(=CC(=C8)C(=O)O)OC9=CC1=CC(=C9)C6OC8=C(C=C(C4CCC(=O)O)C(=C8C)O5)C(C4=C(O6)C(=C5C(=C4)C(C4=C6C(=C(C(=C4)C3CCC(=O)O)OC(O2)C2=CC(=CC(=C2)OC2=CC(=CC(=C2)C(=O)O)OC2=CC(=CC(=C2)C(O5)O6)OC2=CC(=CC(=C2)C(=O)O)O1)OC1=CC(=CC(=C1)C(=O)O)O7)C)CCC(=O)O)C)CCC(=O)O,C1=CC(=CC(=C1)[N+](=O)[O-])C(=O)O,cavitand,3.285599946975708,Cc1c2c3cc4c1OC1Oc5c(cc6c(c5C)OC5Oc7c(cc8c(c7C)OC7Oc9c(cc(c(c9C)OC(O2)c2cc9cc(c2)Oc2cc(cc(C(=O)O)c2)Oc2cc(cc7c2)Oc2cc(cc(C(=O)O)c2)Oc2cc(cc5c2)Oc2cc(cc(C(=O)O)c2)Oc2cc(cc1c2)Oc1cc(cc(C(=O)O)c1)O9)C3CCC(=O)O)C8CCC(=O)O)C6CCC(=O)O)C4CCC(=O)O,326FFD4B5C5565D32207155C0B129AE16AFCA7B3342F0DAD815C24AB8DFA8483,HOST_CAN_0099,PASS,O=C(O)c1cccc([N+](=O)[O-])c1,E288032C12EB3149FF309318BB691A41FC90AF13ED046C8CB6AFDE4D1E3918FF,GUEST_CAN_0889,PASS,GINE,2,double_cold,4,3.918238639831543
1221,12,161,O1CCOCCN2CCOCCOCCOCCN(CCOCC1)CCOCCOCCOCC2,[Mg+2],other,2.0,C1COCCN2CCOCCOCCOCCN(CCOCCO1)CCOCCOCCOCC2,85C7C02142B236ECBC1FC9E9A1DD4E3252A7651F7F5B037994877CF5373B1DC8,HOST_CAN_0006,PASS,[Mg+2],7F8D39B1BC5783E4D085768535A47B9BA749178FAD98C2BA37380CBAD5B2A9A1,GUEST_CAN_1073,PASS,GINE,2,double_cold,4,4.491584300994873
1229,1,758,C1C2=CC(=CC(=C2O)CC3=CC(=CC(=C3O)CC4=C(C(=CC(=C4)S(=O)(=O)O)CC5=C(C1=CC(=C5)S(=O)(=O)O)O)O)S(=O)(=O)O)S(=O)(=O)O,N1CCNCC1,calixarene,2.9828999042510986,O=S(=O)(O)c1cc2c(O)c(c1)Cc1cc(S(=O)(=O)O)cc(c1O)Cc1cc(S(=O)(=O)O)cc(c1O)Cc1cc(S(=O)(=O)O)cc(c1O)C2,C1130CCDC8DA0C6458EF6C2E07E7F3330D8F8B055CBE4DEAADB70DC00C8CDFC1,HOST_CAN_0154,PASS,C1CNCCN1,DCBEE0CE71A0A74F58734832A3AC6F70AAF67F6ECC73294D85B4FCCD1D324E29,GUEST_CAN_0034,PASS,GINE,2,double_cold,4,2.9670512676239014
1242,48,765,[Na]OS(=O)(=O)CCCOc1c2CN3C(=O)N4[C@]5([C@@]3(N(Cc2c(c2c1cccc2)OCCCS(=O)(=O)O[Na])C(=O)N5CN1[C@@]2(N(C4)C(=O)N3[C@]2(C)N(C1=O)Cc1c(C3)c(OCCCS(=O)(=O)O[Na])c2c(c1OCCCS(=O)(=O)O[Na])cccc2)C)C)C,N1=CC=NC2=C1C=CC=C2,other,2.401400089263916,C[C@]12N3Cc4c(c(OCCCS(=O)(=O)[O][Na])c5ccccc5c4OCCCS(=O)(=O)[O][Na])CN1C(=O)N1CN4C(=O)N5Cc6c(c(OCCCS(=O)(=O)[O][Na])c7ccccc7c6OCCCS(=O)(=O)[O][Na])CN6C(=O)N(CN(C3=O)[C@]12C)[C@]4(C)[C@@]56C,D18B807A904C56B05E199911FB10FFB774349CC49BBD32D2EFAFF4C892BA649F,HOST_CAN_0090,PASS,c1ccc2nccnc2c1,B7224916C5D8F3C21D7784CF472EF4EBA9BD95FF537927CA3C209940744BCEC8,GUEST_CAN_1144,PASS,GINE,2,double_cold,4,5.011818885803223
1266,159,774,CCCCCCOc1c2Cc3cc(cc(c3OCCCCCC)Cc3cc(cc(c3OCCCCCC)Cc3cc(cc(Cc4c(c(Cc5c(c(Cc1cc(c2)S(=O)(=O)[O-])cc(c5)S(=O)(=O)[O-])OCCCCCC)cc(c4)S(=O)(=O)[O-])OCCCCCC)c3OCCCCCC)S(=O)(=O)[O-])S(=O)(=O)[O-])S(=O)(=O)[O-],[Tb+3],calixarene,5.672100067138672,CCCCCCOc1c2cc(S(=O)(=O)[O-])cc1Cc1cc(S(=O)(=O)[O-])cc(c1OCCCCCC)Cc1cc(S(=O)(=O)[O-])cc(c1OCCCCCC)Cc1cc(S(=O)(=O)[O-])cc(c1OCCCCCC)Cc1cc(S(=O)(=O)[O-])cc(c1OCCCCCC)Cc1cc(S(=O)(=O)[O-])cc(c1OCCCCCC)C2,01CBB54F6C94047AC1A8BB7B7BEC7EE2A260A4A1EC23A8796F6DBB39F19C192F,HOST_CAN_0029,PASS,[Tb+3],C2FDA4C0E826EDB775328B3FE74A1C888B5C053B2E06E09EC014A7C88C28AB2E,GUEST_CAN_1114,PASS,GINE,2,double_cold,4,3.94443941116333
1289,1,783,C1C2=CC(=CC(=C2O)CC3=CC(=CC(=C3O)CC4=C(C(=CC(=C4)S(=O)(=O)O)CC5=C(C1=CC(=C5)S(=O)(=O)O)O)O)S(=O)(=O)O)S(=O)(=O)O,C(CCCCO)O,calixarene,1.4300999641418457,O=S(=O)(O)c1cc2c(O)c(c1)Cc1cc(S(=O)(=O)O)cc(c1O)Cc1cc(S(=O)(=O)O)cc(c1O)Cc1cc(S(=O)(=O)O)cc(c1O)C2,C1130CCDC8DA0C6458EF6C2E07E7F3330D8F8B055CBE4DEAADB70DC00C8CDFC1,HOST_CAN_0154,PASS,OCCCCCO,B0C1010F63DB205130CA12BD53F799A737AB9B20479B742BBE6631D086FE43EA,GUEST_CAN_0975,PASS,GINE,2,double_cold,4,2.651516914367676
1292,69,437,NCCN1C=C(N=N1)COC(C=C2)=C(CNCC3=C(OCC(N=N4)=CN4CCN)C=CC5=C3C=C6)C7=C2C8=C(C=C7)OC9CC8C%10=C(O9)C=CC%11=C%10C=CC(OCC(N=N%12)=CN%12CCN)=C%11CNCC%13=C(OCC(N=N%14)=CN%14CCN)C=CC%15=C%13C=CC(O%16)=C%15C%17C5=C6OC%16C%17,OC(C(=O)O)CC1=CC=CC=C1,other,3.6394999027252197,NCCn1cc(COc2ccc3c4c5ccc3c2CNCc2c(OCc3cn(CCN)nn3)ccc3c6c(ccc23)OC2CC6c3c(ccc6c(c(OCc7cn(CCN)nn7)ccc36)CNCc3c(OCc6cn(CCN)nn6)ccc6c7c(ccc36)OC(CC47)O5)O2)nn1,E69AC36986BDADC1E5A61FE9021251B6D5437DB096F231021CE94D055FF4BCBF,HOST_CAN_0113,PASS,O=C(O)C(O)Cc1ccccc1,E9397338BFA2DF2426F5EAFAC89A6A669CCB8C215710730D405A0EAD1E19A161,GUEST_CAN_0859,PASS,GINE,2,double_cold,4,1.6546580791473389
1295,1,133,C1C2=CC(=CC(=C2O)CC3=CC(=CC(=C3O)CC4=C(C(=CC(=C4)S(=O)(=O)O)CC5=C(C1=CC(=C5)S(=O)(=O)O)O)O)S(=O)(=O)O)S(=O)(=O)O,[Cl-].[Cs+],calixarene,2.8815999031066895,O=S(=O)(O)c1cc2c(O)c(c1)Cc1cc(S(=O)(=O)O)cc(c1O)Cc1cc(S(=O)(=O)O)cc(c1O)Cc1cc(S(=O)(=O)O)cc(c1O)C2,C1130CCDC8DA0C6458EF6C2E07E7F3330D8F8B055CBE4DEAADB70DC00C8CDFC1,HOST_CAN_0154,PASS,[Cl-].[Cs+],92887686B9FCD5D7B4FF9C8AAFE34E6D69DCC3DF4F7D53B23D98EBC2D3E6DDEE,GUEST_CAN_1034,PASS,GINE,2,double_cold,4,2.966198444366455
1315,45,791,C1C2=CC(=CC=C2)CC3=CC(=CC=C3)CC4=CC=CC(=C4)CC5=CC=CC1=C5,C[N+](C)(C)CCOC(=O)N,calixarene,4.577700138092041,c1cc2cc(c1)Cc1cccc(c1)Cc1cccc(c1)Cc1cccc(c1)C2,001BA14F081450375618B4DEC192A3633931B27A166EE11658CCCBFAB45E327F,HOST_CAN_0183,PASS,C[N+](C)(C)CCOC(N)=O,953419FF59925C74DC5F7B1B06D1EB8F05E545B706E0E7E57F2C2D11DDB43E5F,GUEST_CAN_0571,PASS,GINE,2,double_cold,4,3.386221408843994
1344,45,88,C1C2=CC(=CC=C2)CC3=CC(=CC=C3)CC4=CC=CC(=C4)CC5=CC=CC1=C5,[Ca+2],calixarene,3.3917999267578125,c1cc2cc(c1)Cc1cccc(c1)Cc1cccc(c1)Cc1cccc(c1)C2,001BA14F081450375618B4DEC192A3633931B27A166EE11658CCCBFAB45E327F,HOST_CAN_0183,PASS,[Ca+2],561732356B8592F747BA6C15EFCD099F7FAD62C4ABEDA9A81D86C4D38151E987,GUEST_CAN_1020,PASS,GINE,2,double_cold,4,1.2065074443817139
1358,102,806,C1C2=CC=C(C[N+]3=CC=C(C=C3)C4=CC=[N+](CC5=CC=C(C[N+]6=CC=C(C=C6)C7=CC=[N+]1C=C7)C=C5)C=C4)C=C2.F[P-](F)(F)(F)(F)F.F[P-](F)(F)(F)(F)F.F[P-](F)(F)(F)(F)F.F[P-](F)(F)(F)(F)F,C1=CC=C2C(=C1)C=CN2,other,3.8524999618530273,F[P-](F)(F)(F)(F)F.F[P-](F)(F)(F)(F)F.F[P-](F)(F)(F)(F)F.F[P-](F)(F)(F)(F)F.c1cc2ccc1C[n+]1ccc(cc1)-c1cc[n+](cc1)Cc1ccc(cc1)C[n+]1ccc(cc1)-c1cc[n+](cc1)C2,0F2553E080CE2D9CBEC36FEC297EF4CF441DFE215349B4C10A84D4A1E91451C0,HOST_CAN_0102,PASS,c1ccc2[nH]ccc2c1,E65F5BB7D6337F0D157E64696F6DC39E64F22FCE5C6B77A92E71DD0AB6B06CC0,GUEST_CAN_1135,PASS,GINE,2,double_cold,4,2.955789089202881
1361,11,92,C1N2C3C4N(C2=O)CN5C6C7N(C5=O)CN8C9C2N(C8=O)CN5C8C%10N(C5=O)CN5C%11C%12N(C5=O)CN5C%13C%14N(C5=O)CN5C%15C%16N(C5=O)CN5C%17C(N1C5=O)N1CN3C(=O)N4CN6C(=O)N7CN9C(=O)N2CN8C(=O)N%10CN%11C(=O)N%12CN%13C(=O)N%14CN%15C(=O)N%16CN%17C1=O,C[N+]1=CC=C(C=C1)C2=CC=[N+](C=C2)C.[Cl-].[Cl-],cucurbituril,5.691400051116943,O=C1N2CN3C(=O)N4CN5C(=O)N6CN7C(=O)N8CN9C(=O)N%10CN%11C(=O)N%12CN%13C(=O)N%14CN%15C(=O)N%16CN1C1C2N2CN%17C(=O)N(CN%18C(=O)N(CN%19C(=O)N(CN%20C(=O)N(CN%21C(=O)N(CN%22C(=O)N(CN%23C(=O)N(CN1C2=O)C%16C%15%23)C%14C%13%22)C%12C%11%21)C%10C9%20)C8C7%19)C6C5%18)C4C3%17,E82CB7F52437B0147F435E3074F006752062FF8924E87C1DAF3210D182FF633B,HOST_CAN_0143,PASS,C[n+]1ccc(-c2cc[n+](C)cc2)cc1.[Cl-].[Cl-],A34A59C172ABA48CFA54144DF49E70D56803B22DE394E6F3154C1D8F7DC6E5F1,GUEST_CAN_0623,PASS,GINE,2,double_cold,4,5.246434688568115
1366,1,593,C1C2=CC(=CC(=C2O)CC3=CC(=CC(=C3O)CC4=C(C(=CC(=C4)S(=O)(=O)O)CC5=C(C1=CC(=C5)S(=O)(=O)O)O)O)S(=O)(=O)O)S(=O)(=O)O,C[N+](C)(C)CC1=CC=C([N+]([O-])=O)C=C1,calixarene,4.198699951171875,O=S(=O)(O)c1cc2c(O)c(c1)Cc1cc(S(=O)(=O)O)cc(c1O)Cc1cc(S(=O)(=O)O)cc(c1O)Cc1cc(S(=O)(=O)O)cc(c1O)C2,C1130CCDC8DA0C6458EF6C2E07E7F3330D8F8B055CBE4DEAADB70DC00C8CDFC1,HOST_CAN_0154,PASS,C[N+](C)(C)Cc1ccc([N+](=O)[O-])cc1,C81DFE1142CCEAC17EA508E9FB9CE73991FEBBC991F7E13643BFF32A03784961,GUEST_CAN_0576,PASS,GINE,2,double_cold,4,4.675626277923584
1369,11,811,C1N2C3C4N(C2=O)CN5C6C7N(C5=O)CN8C9C2N(C8=O)CN5C8C%10N(C5=O)CN5C%11C%12N(C5=O)CN5C%13C%14N(C5=O)CN5C%15C%16N(C5=O)CN5C%17C(N1C5=O)N1CN3C(=O)N4CN6C(=O)N7CN9C(=O)N2CN8C(=O)N%10CN%11C(=O)N%12CN%13C(=O)N%14CN%15C(=O)N%16CN%17C1=O,CCCCCCCC[N+](C)(C)C.[Br-],cucurbituril,6.017000198364258,O=C1N2CN3C(=O)N4CN5C(=O)N6CN7C(=O)N8CN9C(=O)N%10CN%11C(=O)N%12CN%13C(=O)N%14CN%15C(=O)N%16CN1C1C2N2CN%17C(=O)N(CN%18C(=O)N(CN%19C(=O)N(CN%20C(=O)N(CN%21C(=O)N(CN%22C(=O)N(CN%23C(=O)N(CN1C2=O)C%16C%15%23)C%14C%13%22)C%12C%11%21)C%10C9%20)C8C7%19)C6C5%18)C4C3%17,E82CB7F52437B0147F435E3074F006752062FF8924E87C1DAF3210D182FF633B,HOST_CAN_0143,PASS,CCCCCCCC[N+](C)(C)C.[Br-],30AE64CA0FA9098CDEEB1E37FEDF88A9AA48064E14B3274439D9971FBD08F133,GUEST_CAN_0289,PASS,GINE,2,double_cold,4,7.698517322540283
1374,111,425,O=C(N(C)C)COC1=C(CC(C=C2S(=O)([O-])=O)=C3OCC(N(C)C)=O)C=C(S(=O)([O-])=O)C=C1CC4=C(OCC(N(C)C)=O)C(CC5=CC(S(=O)([O-])=O)=CC(CC3=C2)=C5OCC(N(C)C)=O)=CC(S(=O)([O-])=O)=C4,C[N+](C)(C)C.[Cl-],calixarene,3.5999999046325684,CN(C)C(=O)COc1c2cc(S(=O)(=O)[O-])cc1Cc1cc(S(=O)(=O)[O-])cc(c1OCC(=O)N(C)C)Cc1cc(S(=O)(=O)[O-])cc(c1OCC(=O)N(C)C)Cc1cc(S(=O)(=O)[O-])cc(c1OCC(=O)N(C)C)C2,EBFB7187E80F60EC1E9F724BF308534B41B4C33313C0B0BC1E59E4B1EEA6DE11,HOST_CAN_0049,PASS,C[N+](C)(C)C.[Cl-],97CBE1F038662B7BAAFAA36975C0625535DAE38A6F8B98279CB23B458DDA3056,GUEST_CAN_0555,PASS,GINE,2,double_cold,4,4.27773904800415
1376,1,286,C1C2=CC(=CC(=C2O)CC3=CC(=CC(=C3O)CC4=C(C(=CC(=C4)S(=O)(=O)O)CC5=C(C1=CC(=C5)S(=O)(=O)O)O)O)S(=O)(=O)O)S(=O)(=O)O,C[N+](C)(C)CCO,calixarene,4.873000144958496,O=S(=O)(O)c1cc2c(O)c(c1)Cc1cc(S(=O)(=O)O)cc(c1O)Cc1cc(S(=O)(=O)O)cc(c1O)Cc1cc(S(=O)(=O)O)cc(c1O)C2,C1130CCDC8DA0C6458EF6C2E07E7F3330D8F8B055CBE4DEAADB70DC00C8CDFC1,HOST_CAN_0154,PASS,C[N+](C)(C)CCO,EE2F222C864A3340CB6DC5C1A21FDDCC9B162B0220641118D30F914132FC0AFF,GUEST_CAN_0568,PASS,GINE,2,double_cold,4,3.9726688861846924
1386,18,139,CC1=C2C3=CC4=C1OC5C6=CC7=CC(=C6)OC8=CC(=CC(=C8)C(=O)O)OC9=CC1=CC(=C9)C6OC8=C(C=C(C4CCC(=O)O)C(=C8C)O5)C(C4=C(O6)C(=C5C(=C4)C(C4=C6C(=C(C(=C4)C3CCC(=O)O)OC(O2)C2=CC(=CC(=C2)OC2=CC(=CC(=C2)C(=O)O)OC2=CC(=CC(=C2)C(O5)O6)OC2=CC(=CC(=C2)C(=O)O)O1)OC1=CC(=CC(=C1)C(=O)O)O7)C)CCC(=O)O)C)CCC(=O)O,[O-][Re](=O)(=O)=O.[Na+],cavitand,3.4019999504089355,Cc1c2c3cc4c1OC1Oc5c(cc6c(c5C)OC5Oc7c(cc8c(c7C)OC7Oc9c(cc(c(c9C)OC(O2)c2cc9cc(c2)Oc2cc(cc(C(=O)O)c2)Oc2cc(cc7c2)Oc2cc(cc(C(=O)O)c2)Oc2cc(cc5c2)Oc2cc(cc(C(=O)O)c2)Oc2cc(cc1c2)Oc1cc(cc(C(=O)O)c1)O9)C3CCC(=O)O)C8CCC(=O)O)C6CCC(=O)O)C4CCC(=O)O,326FFD4B5C5565D32207155C0B129AE16AFCA7B3342F0DAD815C24AB8DFA8483,HOST_CAN_0099,PASS,[Na+].[O]=[Re](=[O])(=[O])[O-],AF42F34AEEF70F9C56B1206AC16DC33D9D7E4B4A26CD3297530031FB0691E687,GUEST_CAN_1102,PASS,GINE,2,double_cold,4,1.6733014583587646
1403,11,827,C1N2C3C4N(C2=O)CN5C6C7N(C5=O)CN8C9C2N(C8=O)CN5C8C%10N(C5=O)CN5C%11C%12N(C5=O)CN5C%13C%14N(C5=O)CN5C%15C%16N(C5=O)CN5C%17C(N1C5=O)N1CN3C(=O)N4CN6C(=O)N7CN9C(=O)N2CN8C(=O)N%10CN%11C(=O)N%12CN%13C(=O)N%14CN%15C(=O)N%16CN%17C1=O,CSCC[C@@H](C(=O)N[C@H](C(=O)NCC(=O)NCC(=O)N[C@H](C(=O)O)Cc1ccc(cc1)O)CCCNC(=N)N)N,cucurbituril,5.677599906921387,O=C1N2CN3C(=O)N4CN5C(=O)N6CN7C(=O)N8CN9C(=O)N%10CN%11C(=O)N%12CN%13C(=O)N%14CN%15C(=O)N%16CN1C1C2N2CN%17C(=O)N(CN%18C(=O)N(CN%19C(=O)N(CN%20C(=O)N(CN%21C(=O)N(CN%22C(=O)N(CN%23C(=O)N(CN1C2=O)C%16C%15%23)C%14C%13%22)C%12C%11%21)C%10C9%20)C8C7%19)C6C5%18)C4C3%17,E82CB7F52437B0147F435E3074F006752062FF8924E87C1DAF3210D182FF633B,HOST_CAN_0143,PASS,CSCC[C@H](N)C(=O)N[C@@H](CCCNC(=N)N)C(=O)NCC(=O)NCC(=O)N[C@@H](Cc1ccc(O)cc1)C(=O)O,6B99E24A8B66E19088B6129CAD3AFDBBF801EB9D6CD99C7AE2D2B5F303CFC42C,GUEST_CAN_0525,PASS,GINE,2,double_cold,4,4.134554862976074
1407,11,830,C1N2C3C4N(C2=O)CN5C6C7N(C5=O)CN8C9C2N(C8=O)CN5C8C%10N(C5=O)CN5C%11C%12N(C5=O)CN5C%13C%14N(C5=O)CN5C%15C%16N(C5=O)CN5C%17C(N1C5=O)N1CN3C(=O)N4CN6C(=O)N7CN9C(=O)N2CN8C(=O)N%10CN%11C(=O)N%12CN%13C(=O)N%14CN%15C(=O)N%16CN%17C1=O,C1([N+]2=CC=C(C3=CC=[N+](C4=CC=CC=C4)C=C3)C=C2)=CC=CC=C1,cucurbituril,6.462399959564209,O=C1N2CN3C(=O)N4CN5C(=O)N6CN7C(=O)N8CN9C(=O)N%10CN%11C(=O)N%12CN%13C(=O)N%14CN%15C(=O)N%16CN1C1C2N2CN%17C(=O)N(CN%18C(=O)N(CN%19C(=O)N(CN%20C(=O)N(CN%21C(=O)N(CN%22C(=O)N(CN%23C(=O)N(CN1C2=O)C%16C%15%23)C%14C%13%22)C%12C%11%21)C%10C9%20)C8C7%19)C6C5%18)C4C3%17,E82CB7F52437B0147F435E3074F006752062FF8924E87C1DAF3210D182FF633B,HOST_CAN_0143,PASS,c1ccc(-[n+]2ccc(-c3cc[n+](-c4ccccc4)cc3)cc2)cc1,CBAB08684A3B71055BE3F79BD5CD3CFEB365D533423AAB9BCFC5F50E6DFBD69E,GUEST_CAN_1127,PASS,GINE,2,double_cold,4,5.524665832519531
1424,108,178,O=C1N2CN3C(=O)N4C5C3N3CN6C2C2N1CN1C(=O)N7C8C1N(CN2C6=O)C(=O)N8CN1[C@H]2N(C7)C(=O)N6C2N(C1=O)CN1[C@@H]2N(C6)C(=O)N6[C@@H]2N(C1=O)CN1[C@H]2[C@@H]7N(CN8C(=O)N(C4)C4N(CN5C3=O)C(=O)N(C84)CN7C1=O)C(=O)N2C6,C(CCN)CC(C(=O)O)N,cucurbituril,3.939500093460083,O=C1N2CN3C(=O)N4CN5C(=O)N6CN7C(=O)N8CN9C(=O)N%10CN%11C(=O)N%12CN%13C(=O)N%14CN1C1C2N2CN%15C(=O)N(CN%16C(=O)N(CN%17C(=O)N(CN%18C(=O)N(CN%19C(=O)N(CN%20C(=O)N(CN1C2=O)C%14C%13%20)[C@H]%12C%11%19)[C@@H]%10[C@@H]9%18)[C@@H]8[C@@H]7%17)C6C5%16)C4C3%15,BD6B34731933265D03CE9AFCE130892456A328BC5C42751231203ABC90CAB3FC,HOST_CAN_0146,PASS,NCCCCC(N)C(=O)O,BD55DE8B1F18BBBA0B9FB86FA685E52B4743F1B75F837E0522E8C602B3191BA0,GUEST_CAN_0785,PASS,GINE,2,double_cold,4,3.627040147781372
1431,11,336,C1N2C3C4N(C2=O)CN5C6C7N(C5=O)CN8C9C2N(C8=O)CN5C8C%10N(C5=O)CN5C%11C%12N(C5=O)CN5C%13C%14N(C5=O)CN5C%15C%16N(C5=O)CN5C%17C(N1C5=O)N1CN3C(=O)N4CN6C(=O)N7CN9C(=O)N2CN8C(=O)N%10CN%11C(=O)N%12CN%13C(=O)N%14CN%15C(=O)N%16CN%17C1=O,C[Si](C)(C)CN,cucurbituril,1.0,O=C1N2CN3C(=O)N4CN5C(=O)N6CN7C(=O)N8CN9C(=O)N%10CN%11C(=O)N%12CN%13C(=O)N%14CN%15C(=O)N%16CN1C1C2N2CN%17C(=O)N(CN%18C(=O)N(CN%19C(=O)N(CN%20C(=O)N(CN%21C(=O)N(CN%22C(=O)N(CN%23C(=O)N(CN1C2=O)C%16C%15%23)C%14C%13%22)C%12C%11%21)C%10C9%20)C8C7%19)C6C5%18)C4C3%17,E82CB7F52437B0147F435E3074F006752062FF8924E87C1DAF3210D182FF633B,HOST_CAN_0143,PASS,C[Si](C)(C)CN,3F70EC61B0F2ECB5450DBB0D4A2FB827CC6852B13315CF5B8517BBCF6250AFF8,GUEST_CAN_0616,PASS,GINE,2,double_cold,4,1.7903296947479248
1446,1,780,C1C2=CC(=CC(=C2O)CC3=CC(=CC(=C3O)CC4=C(C(=CC(=C4)S(=O)(=O)O)CC5=C(C1=CC(=C5)S(=O)(=O)O)O)O)S(=O)(=O)O)S(=O)(=O)O,Cl[Ag],calixarene,2.433000087738037,O=S(=O)(O)c1cc2c(O)c(c1)Cc1cc(S(=O)(=O)O)cc(c1O)Cc1cc(S(=O)(=O)O)cc(c1O)Cc1cc(S(=O)(=O)O)cc(c1O)C2,C1130CCDC8DA0C6458EF6C2E07E7F3330D8F8B055CBE4DEAADB70DC00C8CDFC1,HOST_CAN_0154,PASS,[Cl][Ag],4A933E184334874789768EEC6D400995440C723058F3A6FFAAB1D8F3A29103E8,GUEST_CAN_1042,PASS,GINE,2,double_cold,4,1.661160945892334
1453,1,289,C1C2=CC(=CC(=C2O)CC3=CC(=CC(=C3O)CC4=C(C(=CC(=C4)S(=O)(=O)O)CC5=C(C1=CC(=C5)S(=O)(=O)O)O)O)S(=O)(=O)O)S(=O)(=O)O,CC(C)CC(C(=O)NCC(=O)NCC(=O)O)N,calixarene,3.119999885559082,O=S(=O)(O)c1cc2c(O)c(c1)Cc1cc(S(=O)(=O)O)cc(c1O)Cc1cc(S(=O)(=O)O)cc(c1O)Cc1cc(S(=O)(=O)O)cc(c1O)C2,C1130CCDC8DA0C6458EF6C2E07E7F3330D8F8B055CBE4DEAADB70DC00C8CDFC1,HOST_CAN_0154,PASS,CC(C)CC(N)C(=O)NCC(=O)NCC(=O)O,D4CB6B17B725C35FD8BE8C81DB4944143150FA553B932E6B087A9D4D4C5F6D75,GUEST_CAN_0137,PASS,GINE,2,double_cold,4,3.769655466079712
1470,45,76,C1C2=CC(=CC=C2)CC3=CC(=CC=C3)CC4=CC=CC(=C4)CC5=CC=CC1=C5,[Ba+2],calixarene,3.829900026321411,c1cc2cc(c1)Cc1cccc(c1)Cc1cccc(c1)Cc1cccc(c1)C2,001BA14F081450375618B4DEC192A3633931B27A166EE11658CCCBFAB45E327F,HOST_CAN_0183,PASS,[Ba+2],646B641AF6E7E8BB0EF6865C6EADD1E8EF78BF2568880853D320270397B832AE,GUEST_CAN_1012,PASS,GINE,2,double_cold,4,2.219832420349121
1472,1,854,C1C2=CC(=CC(=C2O)CC3=CC(=CC(=C3O)CC4=C(C(=CC(=C4)S(=O)(=O)O)CC5=C(C1=CC(=C5)S(=O)(=O)O)O)O)S(=O)(=O)O)S(=O)(=O)O,[Cl-].[Dy+3].[Cl-].[Cl-],calixarene,3.880000114440918,O=S(=O)(O)c1cc2c(O)c(c1)Cc1cc(S(=O)(=O)O)cc(c1O)Cc1cc(S(=O)(=O)O)cc(c1O)Cc1cc(S(=O)(=O)O)cc(c1O)C2,C1130CCDC8DA0C6458EF6C2E07E7F3330D8F8B055CBE4DEAADB70DC00C8CDFC1,HOST_CAN_0154,PASS,[Cl-].[Cl-].[Cl-].[Dy+3],B760CA04FC6C7648DFD3E9DEBC637D467A284C1978E5A6C11CB94DD4F0813D89,GUEST_CAN_1024,PASS,GINE,2,double_cold,4,3.6769959926605225
1495,1,698,C1C2=CC(=CC(=C2O)CC3=CC(=CC(=C3O)CC4=C(C(=CC(=C4)S(=O)(=O)O)CC5=C(C1=CC(=C5)S(=O)(=O)O)O)O)S(=O)(=O)O)S(=O)(=O)O,CCCC[NH3+],calixarene,4.008600234985352,O=S(=O)(O)c1cc2c(O)c(c1)Cc1cc(S(=O)(=O)O)cc(c1O)Cc1cc(S(=O)(=O)O)cc(c1O)Cc1cc(S(=O)(=O)O)cc(c1O)C2,C1130CCDC8DA0C6458EF6C2E07E7F3330D8F8B055CBE4DEAADB70DC00C8CDFC1,HOST_CAN_0154,PASS,CCCC[NH3+],6A71D8302F7F41484EDE7CB008CCE4F2AFAAFDA27C6FFB24A0361849051D3340,GUEST_CAN_0322,PASS,GINE,2,double_cold,4,2.123835325241089
1504,1,209,C1C2=CC(=CC(=C2O)CC3=CC(=CC(=C3O)CC4=C(C(=CC(=C4)S(=O)(=O)O)CC5=C(C1=CC(=C5)S(=O)(=O)O)O)O)S(=O)(=O)O)S(=O)(=O)O,CC(C[C@@H](C(=O)NCC(=O)O)N)C,calixarene,3.2300000190734863,O=S(=O)(O)c1cc2c(O)c(c1)Cc1cc(S(=O)(=O)O)cc(c1O)Cc1cc(S(=O)(=O)O)cc(c1O)Cc1cc(S(=O)(=O)O)cc(c1O)C2,C1130CCDC8DA0C6458EF6C2E07E7F3330D8F8B055CBE4DEAADB70DC00C8CDFC1,HOST_CAN_0154,PASS,CC(C)C[C@H](N)C(=O)NCC(=O)O,4AACD6ADFD9EB7A0F9E18F2EB11FB06642A4BDAADA272AF3C28B555F438D9EC6,GUEST_CAN_0148,PASS,GINE,2,double_cold,4,3.3215153217315674
1516,82,178,OC1=C2C=C(S(=O)([O-])=O)C=C1CC3=C(O)C(CC4=CC(S(=O)([O-])=O)=CC(CC5=CC(S(=O)([O-])=O)=CC(CC6=CC(S(=O)([O-])=O)=CC(CC(C=C(S(=O)([O-])=O)C=C7C2)=C7O)=C6O)=C5OCCN)=C4O)=CC(S(=O)([O-])=O)=C3,C(CCN)CC(C(=O)O)N,calixarene,3.098299980163574,NCCOc1c2cc(S(=O)(=O)[O-])cc1Cc1cc(S(=O)(=O)[O-])cc(c1O)Cc1cc(S(=O)(=O)[O-])cc(c1O)Cc1cc(S(=O)(=O)[O-])cc(c1O)Cc1cc(S(=O)(=O)[O-])cc(c1O)Cc1cc(S(=O)(=O)[O-])cc(c1O)C2,943BCEA8586BE526CE8501B61202A05D77257BC2BB9DA3A3C52BD077795B3D50,HOST_CAN_0111,PASS,NCCCCC(N)C(=O)O,BD55DE8B1F18BBBA0B9FB86FA685E52B4743F1B75F837E0522E8C602B3191BA0,GUEST_CAN_0785,PASS,GINE,2,double_cold,4,2.721269130706787
1524,11,870,C1N2C3C4N(C2=O)CN5C6C7N(C5=O)CN8C9C2N(C8=O)CN5C8C%10N(C5=O)CN5C%11C%12N(C5=O)CN5C%13C%14N(C5=O)CN5C%15C%16N(C5=O)CN5C%17C(N1C5=O)N1CN3C(=O)N4CN6C(=O)N7CN9C(=O)N2CN8C(=O)N%10CN%11C(=O)N%12CN%13C(=O)N%14CN%15C(=O)N%16CN%17C1=O,C1=C[N+](=CC=C1C2=CC=[N+](C=C2)CCCN)CCCN,cucurbituril,6.8572998046875,O=C1N2CN3C(=O)N4CN5C(=O)N6CN7C(=O)N8CN9C(=O)N%10CN%11C(=O)N%12CN%13C(=O)N%14CN%15C(=O)N%16CN1C1C2N2CN%17C(=O)N(CN%18C(=O)N(CN%19C(=O)N(CN%20C(=O)N(CN%21C(=O)N(CN%22C(=O)N(CN%23C(=O)N(CN1C2=O)C%16C%15%23)C%14C%13%22)C%12C%11%21)C%10C9%20)C8C7%19)C6C5%18)C4C3%17,E82CB7F52437B0147F435E3074F006752062FF8924E87C1DAF3210D182FF633B,HOST_CAN_0143,PASS,NCCC[n+]1ccc(-c2cc[n+](CCCN)cc2)cc1,287487705CD5329051167C5DC7F0242C889FDCE233F25E17AA45A42EE88319CD,GUEST_CAN_0804,PASS,GINE,2,double_cold,4,6.301359176635742
1539,101,876,CC12C3(N4CN5C6C7N(C5=O)CN8C9C5N(C8=O)CN8C(=O)N%10CC%11=C(C=CC%12=C%11C(=C(C=C%12)OCCCS(=O)(=O)[O-])CN%11C%10(C8(N(C%11=O)CN5C(=O)N9CN7C(=O)N6CN3C(=O)N1CC1=C(C=CC3=C1C(=C(C=C3)OCCCS(=O)(=O)[O-])CN2C4=O)OCCCS(=O)(=O)[O-])C)C)OCCCS(=O)(=O)[O-])C.[Na+].[Na+].[Na+].[Na+],CC1=C(N=CN1)CSCCNC(=NC)NC#N,cucurbituril,4.544099807739258,CC12N3Cc4c(OCCCS(=O)(=O)[O-])ccc5ccc(OCCCS(=O)(=O)[O-])c(c45)CN1C(=O)N1CN4C(=O)N5CN6C(=O)N7CN8C(=O)N9Cc%10c(OCCCS(=O)(=O)[O-])ccc%11ccc(OCCCS(=O)(=O)[O-])c(c%10%11)CN%10C(=O)N(CN%11C(=O)N(CN%12C(=O)N(CN(C3=O)C12C)C4C%125)C6C%117)C8(C)C%109C.[Na+].[Na+].[Na+].[Na+],D06B992717C42348D2028871BE8CF32C393DC5D34135FC7CB387827D0E760D24,HOST_CAN_0017,PASS,CN=C(NC#N)NCCSCc1nc[nH]c1C,6BB19FE2E802D6CFBBB8E1417D7699BA543C39DC0612B324992AD0434FE9864C,GUEST_CAN_0421,PASS,GINE,2,double_cold,4,3.899745464324951
1556,11,879,C1N2C3C4N(C2=O)CN5C6C7N(C5=O)CN8C9C2N(C8=O)CN5C8C%10N(C5=O)CN5C%11C%12N(C5=O)CN5C%13C%14N(C5=O)CN5C%15C%16N(C5=O)CN5C%17C(N1C5=O)N1CN3C(=O)N4CN6C(=O)N7CN9C(=O)N2CN8C(=O)N%10CN%11C(=O)N%12CN%13C(=O)N%14CN%15C(=O)N%16CN%17C1=O,N[C@@H](CC1=CC=C(C=C1)O)C(=O)N[C@@H](CCCCN)C(=O)N[C@@H](C)C(=O)O,cucurbituril,6.698999881744385,O=C1N2CN3C(=O)N4CN5C(=O)N6CN7C(=O)N8CN9C(=O)N%10CN%11C(=O)N%12CN%13C(=O)N%14CN%15C(=O)N%16CN1C1C2N2CN%17C(=O)N(CN%18C(=O)N(CN%19C(=O)N(CN%20C(=O)N(CN%21C(=O)N(CN%22C(=O)N(CN%23C(=O)N(CN1C2=O)C%16C%15%23)C%14C%13%22)C%12C%11%21)C%10C9%20)C8C7%19)C6C5%18)C4C3%17,E82CB7F52437B0147F435E3074F006752062FF8924E87C1DAF3210D182FF633B,HOST_CAN_0143,PASS,C[C@H](NC(=O)[C@H](CCCCN)NC(=O)[C@@H](N)Cc1ccc(O)cc1)C(=O)O,B165ED525BF5B47F32147969D1244640C0701B8E289564874392D6F6C312C752,GUEST_CAN_0545,PASS,GINE,2,double_cold,4,4.276232719421387
1565,12,88,O1CCOCCN2CCOCCOCCOCCN(CCOCC1)CCOCCOCCOCC2,[Ca+2],other,2.0,C1COCCN2CCOCCOCCOCCN(CCOCCO1)CCOCCOCCOCC2,85C7C02142B236ECBC1FC9E9A1DD4E3252A7651F7F5B037994877CF5373B1DC8,HOST_CAN_0006,PASS,[Ca+2],561732356B8592F747BA6C15EFCD099F7FAD62C4ABEDA9A81D86C4D38151E987,GUEST_CAN_1020,PASS,GINE,2,double_cold,4,2.7379956245422363
1572,1,547,C1C2=CC(=CC(=C2O)CC3=CC(=CC(=C3O)CC4=C(C(=CC(=C4)S(=O)(=O)O)CC5=C(C1=CC(=C5)S(=O)(=O)O)O)O)S(=O)(=O)O)S(=O)(=O)O,C[N+](C)(C)CCOC(=O)CCC(=O)OCC[N+](C)(C)C,calixarene,6.029399871826172,O=S(=O)(O)c1cc2c(O)c(c1)Cc1cc(S(=O)(=O)O)cc(c1O)Cc1cc(S(=O)(=O)O)cc(c1O)Cc1cc(S(=O)(=O)O)cc(c1O)C2,C1130CCDC8DA0C6458EF6C2E07E7F3330D8F8B055CBE4DEAADB70DC00C8CDFC1,HOST_CAN_0154,PASS,C[N+](C)(C)CCOC(=O)CCC(=O)OCC[N+](C)(C)C,168122AB36303795CD3BE42ABCB877822F79FBE84B0D42505E86A89CF28DB147,GUEST_CAN_0569,PASS,GINE,2,double_cold,4,3.899209499359131
1585,14,178,NCCOc1c2Cc3cc(cc(c3O)Cc3cc(cc(c3O)Cc3cc(cc(Cc4c(c(Cc5c(c(Cc1cc(c2)S(=O)(=O)O)cc(c5)S(=O)(=O)O)O)cc(c4)S(=O)(=O)O)O)c3O)S(=O)(=O)O)S(=O)(=O)O)S(=O)(=O)O,C(CCN)CC(C(=O)O)N,calixarene,2.9911999702453613,NCCOc1c2cc(S(=O)(=O)O)cc1Cc1cc(S(=O)(=O)O)cc(c1O)Cc1cc(S(=O)(=O)O)cc(c1O)Cc1cc(S(=O)(=O)O)cc(c1O)Cc1cc(S(=O)(=O)O)cc(c1O)Cc1cc(S(=O)(=O)O)cc(c1O)C2,C787A22C599703D921FA29CACAF002E9FF6ED12C44482B2905C84DCBDD5B4AC1,HOST_CAN_0110,PASS,NCCCCC(N)C(=O)O,BD55DE8B1F18BBBA0B9FB86FA685E52B4743F1B75F837E0522E8C602B3191BA0,GUEST_CAN_0785,PASS,GINE,2,double_cold,4,2.701171398162842
1593,1,255,C1C2=CC(=CC(=C2O)CC3=CC(=CC(=C3O)CC4=C(C(=CC(=C4)S(=O)(=O)O)CC5=C(C1=CC(=C5)S(=O)(=O)O)O)O)S(=O)(=O)O)S(=O)(=O)O,CCN1C=C(C(=O)C2=CC(=C(C=C21)N3CCNCC3)F)C(=O)O,calixarene,4.075500011444092,O=S(=O)(O)c1cc2c(O)c(c1)Cc1cc(S(=O)(=O)O)cc(c1O)Cc1cc(S(=O)(=O)O)cc(c1O)Cc1cc(S(=O)(=O)O)cc(c1O)C2,C1130CCDC8DA0C6458EF6C2E07E7F3330D8F8B055CBE4DEAADB70DC00C8CDFC1,HOST_CAN_0154,PASS,CCn1cc(C(=O)O)c(=O)c2cc(F)c(N3CCNCC3)cc21,51A13D1B35CE84294FAFDDC991735A9C36D89C1EB8D5241A29415246F6566D08,GUEST_CAN_0386,PASS,GINE,2,double_cold,4,5.629101753234863
1596,11,889,C1N2C3C4N(C2=O)CN5C6C7N(C5=O)CN8C9C2N(C8=O)CN5C8C%10N(C5=O)CN5C%11C%12N(C5=O)CN5C%13C%14N(C5=O)CN5C%15C%16N(C5=O)CN5C%17C(N1C5=O)N1CN3C(=O)N4CN6C(=O)N7CN9C(=O)N2CN8C(=O)N%10CN%11C(=O)N%12CN%13C(=O)N%14CN%15C(=O)N%16CN%17C1=O,C1=CC(=CC2=NC3=C(C=CC(=C3)N)C=C21)N,cucurbituril,7.278800010681152,O=C1N2CN3C(=O)N4CN5C(=O)N6CN7C(=O)N8CN9C(=O)N%10CN%11C(=O)N%12CN%13C(=O)N%14CN%15C(=O)N%16CN1C1C2N2CN%17C(=O)N(CN%18C(=O)N(CN%19C(=O)N(CN%20C(=O)N(CN%21C(=O)N(CN%22C(=O)N(CN%23C(=O)N(CN1C2=O)C%16C%15%23)C%14C%13%22)C%12C%11%21)C%10C9%20)C8C7%19)C6C5%18)C4C3%17,E82CB7F52437B0147F435E3074F006752062FF8924E87C1DAF3210D182FF633B,HOST_CAN_0143,PASS,Nc1ccc2cc3ccc(N)cc3nc2c1,D411B377C03BBABD2165E0B473286530D3BDAAD56721B49F00195B2F88920F18,GUEST_CAN_0834,PASS,GINE,2,double_cold,4,7.279689788818359
1630,1,907,C1C2=CC(=CC(=C2O)CC3=CC(=CC(=C3O)CC4=C(C(=CC(=C4)S(=O)(=O)O)CC5=C(C1=CC(=C5)S(=O)(=O)O)O)O)S(=O)(=O)O)S(=O)(=O)O,CP(OC(C(C)(C)C)C)(F)=O,calixarene,1.875100016593933,O=S(=O)(O)c1cc2c(O)c(c1)Cc1cc(S(=O)(=O)O)cc(c1O)Cc1cc(S(=O)(=O)O)cc(c1O)Cc1cc(S(=O)(=O)O)cc(c1O)C2,C1130CCDC8DA0C6458EF6C2E07E7F3330D8F8B055CBE4DEAADB70DC00C8CDFC1,HOST_CAN_0154,PASS,CC(OP(C)(=O)F)C(C)(C)C,927C19F99F31139204D266720B2140DF7E217694C603C41F73F1D7D4EFB5A0F3,GUEST_CAN_0192,PASS,GINE,2,double_cold,4,1.6940996646881104
1641,11,911,C1N2C3C4N(C2=O)CN5C6C7N(C5=O)CN8C9C2N(C8=O)CN5C8C%10N(C5=O)CN5C%11C%12N(C5=O)CN5C%13C%14N(C5=O)CN5C%15C%16N(C5=O)CN5C%17C(N1C5=O)N1CN3C(=O)N4CN6C(=O)N7CN9C(=O)N2CN8C(=O)N%10CN%11C(=O)N%12CN%13C(=O)N%14CN%15C(=O)N%16CN%17C1=O,C1(=CC=C(C=C1)C)[N+]1=CC=C(C=C1)C1=CC=[N+](C=C1)C1=CC=C(C=C1)C,cucurbituril,6.342400074005127,O=C1N2CN3C(=O)N4CN5C(=O)N6CN7C(=O)N8CN9C(=O)N%10CN%11C(=O)N%12CN%13C(=O)N%14CN%15C(=O)N%16CN1C1C2N2CN%17C(=O)N(CN%18C(=O)N(CN%19C(=O)N(CN%20C(=O)N(CN%21C(=O)N(CN%22C(=O)N(CN%23C(=O)N(CN1C2=O)C%16C%15%23)C%14C%13%22)C%12C%11%21)C%10C9%20)C8C7%19)C6C5%18)C4C3%17,E82CB7F52437B0147F435E3074F006752062FF8924E87C1DAF3210D182FF633B,HOST_CAN_0143,PASS,Cc1ccc(-[n+]2ccc(-c3cc[n+](-c4ccc(C)cc4)cc3)cc2)cc1,FDF24E4C3CCDD02EF93BD8C7D9F350A5F00F9F7872D248B8548311BB98247FE6,GUEST_CAN_0654,PASS,GINE,2,double_cold,4,5.418111801147461
1644,48,912,[Na]OS(=O)(=O)CCCOc1c2CN3C(=O)N4[C@]5([C@@]3(N(Cc2c(c2c1cccc2)OCCCS(=O)(=O)O[Na])C(=O)N5CN1[C@@]2(N(C4)C(=O)N3[C@]2(C)N(C1=O)Cc1c(C3)c(OCCCS(=O)(=O)O[Na])c2c(c1OCCCS(=O)(=O)O[Na])cccc2)C)C)C,Cc1ccc2c(c1)sc([n+]2C)c1ccc(cc1)N(C)C.[Cl-],other,5.14300012588501,C[C@]12N3Cc4c(c(OCCCS(=O)(=O)[O][Na])c5ccccc5c4OCCCS(=O)(=O)[O][Na])CN1C(=O)N1CN4C(=O)N5Cc6c(c(OCCCS(=O)(=O)[O][Na])c7ccccc7c6OCCCS(=O)(=O)[O][Na])CN6C(=O)N(CN(C3=O)[C@]12C)[C@]4(C)[C@@]56C,D18B807A904C56B05E199911FB10FFB774349CC49BBD32D2EFAFF4C892BA649F,HOST_CAN_0090,PASS,Cc1ccc2c(c1)sc(-c1ccc(N(C)C)cc1)[n+]2C.[Cl-],59661591AF56235C54776FEF326381E52912264AEC9EB61F4C08C6E57753BD25,GUEST_CAN_0664,PASS,GINE,2,double_cold,4,7.109580039978027
1678,101,923,CC12C3(N4CN5C6C7N(C5=O)CN8C9C5N(C8=O)CN8C(=O)N%10CC%11=C(C=CC%12=C%11C(=C(C=C%12)OCCCS(=O)(=O)[O-])CN%11C%10(C8(N(C%11=O)CN5C(=O)N9CN7C(=O)N6CN3C(=O)N1CC1=C(C=CC3=C1C(=C(C=C3)OCCCS(=O)(=O)[O-])CN2C4=O)OCCCS(=O)(=O)[O-])C)C)OCCCS(=O)(=O)[O-])C.[Na+].[Na+].[Na+].[Na+],C1=C(N=C(S1)N=C(N)N)CSCCC(=NS(=O)(=O)N)N,cucurbituril,5.431399822235107,CC12N3Cc4c(OCCCS(=O)(=O)[O-])ccc5ccc(OCCCS(=O)(=O)[O-])c(c45)CN1C(=O)N1CN4C(=O)N5CN6C(=O)N7CN8C(=O)N9Cc%10c(OCCCS(=O)(=O)[O-])ccc%11ccc(OCCCS(=O)(=O)[O-])c(c%10%11)CN%10C(=O)N(CN%11C(=O)N(CN%12C(=O)N(CN(C3=O)C12C)C4C%125)C6C%117)C8(C)C%109C.[Na+].[Na+].[Na+].[Na+],D06B992717C42348D2028871BE8CF32C393DC5D34135FC7CB387827D0E760D24,HOST_CAN_0017,PASS,NC(N)=Nc1nc(CSCCC(N)=NS(N)(=O)=O)cs1,C278CD41E303334ECE190B1DCB1D3235703FA571589B367F21226679E0903877,GUEST_CAN_0752,PASS,GINE,2,double_cold,4,5.532340049743652
1707,11,939,C1N2C3C4N(C2=O)CN5C6C7N(C5=O)CN8C9C2N(C8=O)CN5C8C%10N(C5=O)CN5C%11C%12N(C5=O)CN5C%13C%14N(C5=O)CN5C%15C%16N(C5=O)CN5C%17C(N1C5=O)N1CN3C(=O)N4CN6C(=O)N7CN9C(=O)N2CN8C(=O)N%10CN%11C(=O)N%12CN%13C(=O)N%14CN%15C(=O)N%16CN%17C1=O,ClC=1C=C(C=CC1)O,cucurbituril,4.778200149536133,O=C1N2CN3C(=O)N4CN5C(=O)N6CN7C(=O)N8CN9C(=O)N%10CN%11C(=O)N%12CN%13C(=O)N%14CN%15C(=O)N%16CN1C1C2N2CN%17C(=O)N(CN%18C(=O)N(CN%19C(=O)N(CN%20C(=O)N(CN%21C(=O)N(CN%22C(=O)N(CN%23C(=O)N(CN1C2=O)C%16C%15%23)C%14C%13%22)C%12C%11%21)C%10C9%20)C8C7%19)C6C5%18)C4C3%17,E82CB7F52437B0147F435E3074F006752062FF8924E87C1DAF3210D182FF633B,HOST_CAN_0143,PASS,Oc1cccc(Cl)c1,98D10DAA5D2B7FBBC0B26E7FA0717EF3FCFC5F6BBAEEF6F9DD9E2904869E0B92,GUEST_CAN_1002,PASS,GINE,2,double_cold,4,3.286222457885742
1722,45,63,C1C2=CC(=CC=C2)CC3=CC(=CC=C3)CC4=CC=CC(=C4)CC5=CC=CC1=C5,[Rb+],calixarene,2.0857999324798584,c1cc2cc(c1)Cc1cccc(c1)Cc1cccc(c1)Cc1cccc(c1)C2,001BA14F081450375618B4DEC192A3633931B27A166EE11658CCCBFAB45E327F,HOST_CAN_0183,PASS,[Rb+],A81E1030429F736D8E35EA84C21CDFC8BA21CABFAB462465BE82BDA25EAD58DF,GUEST_CAN_1109,PASS,GINE,2,double_cold,4,1.0814383029937744
1723,134,66,O[C@@H]1[C@H](OC([C@@H]2O)O[C@H](CO)[C@@H](O)[C@H]2O)[C@@H](CO)O[C@@H](OC[C@@H]3O[C@@H]4[C@@H](O)[C@H](O)[C@H]3O[C@H]5[C@@H](O)[C@H](O)[C@@H](O[C@H]6[C@@H](O)[C@H](O)[C@@H](O[C@H]7[C@@H](O)[C@H](O)[C@@H](O[C@@H]8[C@H](O)[C@@H](O)[C@H](O[C@@H]9[C@H](O)[C@@H](O)[C@H](O[C@@H]%10[C@H](O)[C@@H](O)[C@H](O4)[C@@H](CO)O%10)[C@@H](CO)O9)[C@@H](CO)O8)[C@H](CO)O7)[C@H](CO)O6)[C@H](CO)O5)[C@@H]1O,CCN(CC)C1=CC2=C(C=C1)C(=C3C=CC(=[N+](CC)CC)C=C3O2)C4=CC=CC=C4C(=O)O.[Cl-],cyclodextrin,3.5185000896453857,OC[C@@H]1O[C@H]2O[C@@H]3[C@@H](O)[C@H](O)[C@H](O[C@H]4[C@H](O)[C@@H](O)[C@@H](O[C@H]5[C@H](O)[C@@H](O)[C@@H](O[C@H]6[C@H](O)[C@@H](O)[C@@H](O[C@@H]7[C@@H](O)[C@H](O)[C@H](O[C@@H]8[C@@H](O)[C@H](O)[C@H](O[C@@H]1[C@@H](O)[C@@H]2O)O[C@H]8CO)O[C@H]7CO)O[C@@H]6CO)O[C@@H]5CO)O[C@@H]4CO)O[C@H]3CO[C@@H]1O[C@H](CO)[C@@H](OC2O[C@H](CO)[C@@H](O)[C@@H](O)[C@H]2O)[C@@H](O)[C@H]1O,39E11931115A3C0980D148DAD371A06588B1E63ABA9B57E1CE9DA06DF4204CE0,HOST_CAN_0174,PASS,CCN(CC)c1ccc2c(-c3ccccc3C(=O)O)c3ccc(=[N+](CC)CC)cc-3oc2c1.[Cl-],E6B7F92F3A311CD3784FBF712B743266F1C434D81B8F11E34C9F34FDCF2DC073,GUEST_CAN_0347,PASS,GINE,2,double_cold,4,2.662651538848877
1727,76,759,O[C@@H]1C([C@H](O[C@@H]2[C@H](O)C(O)[C@H](O3)[C@@H](CO)O2)[C@@H](CN[C@](CO)([H])CC)O[C@@H]1O[C@@H]4[C@@H](CO)O[C@H](O[C@H]5C(O)[C@@H](O)[C@@H](O[C@@H]6[C@@H](CO)O[C@H](O[C@@H]7[C@@H](O)[C@@H]([C@H](O[C@H]8[C@H](O)[C@H]([C@@H]3O[C@@H]8CO)O)O[C@H]7CO)O)[C@H](O)C6O)O[C@@H]5CO)[C@H](O)[C@H]4O)O,CC(CCC(=O)NCCS(=O)(=O)[O-])C1CCC2C1(C(CC3C2C(CC4C3(CCC(C4)O)C)O)O)C.[Na+],cyclodextrin,3.446500062942505,CC[C@H](CO)NC[C@H]1O[C@@H]2O[C@H]3[C@H](O)[C@@H](O)[C@H](O[C@@H]3CO)O[C@H]3C(O)[C@@H](O)[C@H](O[C@@H]3CO)O[C@H]3C(O)[C@@H](O)[C@@H](O[C@@H]4[C@@H](O)[C@H](O)[C@H](O[C@H]5[C@H](O)[C@@H](O)[C@H](O[C@@H]5CO)O[C@H]5C(O)[C@@H](O)[C@H](O[C@@H]5CO)O[C@H]1C(O)[C@H]2O)O[C@H]4CO)O[C@@H]3CO,20CEEC542C502719CA99EE0FF60D301FD6593CC513BEB9E2F6E87B8EC887713C,HOST_CAN_0046,PASS,CC(CCC(=O)NCCS(=O)(=O)[O-])C1CCC2C3C(O)CC4CC(O)CCC4(C)C3CC(O)C12C.[Na+],3E62E939F78F11C7DC524969E9A1AF26554F07532EABA61AAA8478E5B9C280F1,GUEST_CAN_0169,PASS,GINE,2,double_cold,4,3.8237104415893555
1728,1,946,C1C2=CC(=CC(=C2O)CC3=CC(=CC(=C3O)CC4=C(C(=CC(=C4)S(=O)(=O)O)CC5=C(C1=CC(=C5)S(=O)(=O)O)O)O)S(=O)(=O)O)S(=O)(=O)O,C1(=CC=CC=C1)C12N=NC(CC1)CC2,calixarene,2.544100046157837,O=S(=O)(O)c1cc2c(O)c(c1)Cc1cc(S(=O)(=O)O)cc(c1O)Cc1cc(S(=O)(=O)O)cc(c1O)Cc1cc(S(=O)(=O)O)cc(c1O)C2,C1130CCDC8DA0C6458EF6C2E07E7F3330D8F8B055CBE4DEAADB70DC00C8CDFC1,HOST_CAN_0154,PASS,c1ccc(C23CCC(CC2)N=N3)cc1,332E35059CF12FFE47B44B746E0A83CBFF6B56413BA723A44B8222AD53E68FFE,GUEST_CAN_1129,PASS,GINE,2,double_cold,4,3.197842836380005
1739,108,109,O=C1N2CN3C(=O)N4C5C3N3CN6C2C2N1CN1C(=O)N7C8C1N(CN2C6=O)C(=O)N8CN1[C@H]2N(C7)C(=O)N6C2N(C1=O)CN1[C@@H]2N(C6)C(=O)N6[C@@H]2N(C1=O)CN1[C@H]2[C@@H]7N(CN8C(=O)N(C4)C4N(CN5C3=O)C(=O)N(C84)CN7C1=O)C(=O)N2C6,C(CC(C(=O)O)N)CN=C(N)N,cucurbituril,4.204100131988525,O=C1N2CN3C(=O)N4CN5C(=O)N6CN7C(=O)N8CN9C(=O)N%10CN%11C(=O)N%12CN%13C(=O)N%14CN1C1C2N2CN%15C(=O)N(CN%16C(=O)N(CN%17C(=O)N(CN%18C(=O)N(CN%19C(=O)N(CN%20C(=O)N(CN1C2=O)C%14C%13%20)[C@H]%12C%11%19)[C@@H]%10[C@@H]9%18)[C@@H]8[C@@H]7%17)C6C5%16)C4C3%15,BD6B34731933265D03CE9AFCE130892456A328BC5C42751231203ABC90CAB3FC,HOST_CAN_0146,PASS,NC(N)=NCCCC(N)C(=O)O,0E8C75093E2FC997DA04592D0B5BF85F1497CF3AA52A61C1DE57D4718119AA31,GUEST_CAN_0751,PASS,GINE,2,double_cold,4,3.2206192016601562
1750,11,956,C1N2C3C4N(C2=O)CN5C6C7N(C5=O)CN8C9C2N(C8=O)CN5C8C%10N(C5=O)CN5C%11C%12N(C5=O)CN5C%13C%14N(C5=O)CN5C%15C%16N(C5=O)CN5C%17C(N1C5=O)N1CN3C(=O)N4CN6C(=O)N7CN9C(=O)N2CN8C(=O)N%10CN%11C(=O)N%12CN%13C(=O)N%14CN%15C(=O)N%16CN%17C1=O,CCC(=O)NC1=CC(=C(C=C1)Cl)Cl,cucurbituril,3.90310001373291,O=C1N2CN3C(=O)N4CN5C(=O)N6CN7C(=O)N8CN9C(=O)N%10CN%11C(=O)N%12CN%13C(=O)N%14CN%15C(=O)N%16CN1C1C2N2CN%17C(=O)N(CN%18C(=O)N(CN%19C(=O)N(CN%20C(=O)N(CN%21C(=O)N(CN%22C(=O)N(CN%23C(=O)N(CN1C2=O)C%16C%15%23)C%14C%13%22)C%12C%11%21)C%10C9%20)C8C7%19)C6C5%18)C4C3%17,E82CB7F52437B0147F435E3074F006752062FF8924E87C1DAF3210D182FF633B,HOST_CAN_0143,PASS,CCC(=O)Nc1ccc(Cl)c(Cl)c1,77A18C8FED28F29E17A1D400380D6FEDD907E4406F79B3842D8A0B05863248A3,GUEST_CAN_0251,PASS,GINE,2,double_cold,4,3.1928677558898926
1753,11,958,C1N2C3C4N(C2=O)CN5C6C7N(C5=O)CN8C9C2N(C8=O)CN5C8C%10N(C5=O)CN5C%11C%12N(C5=O)CN5C%13C%14N(C5=O)CN5C%15C%16N(C5=O)CN5C%17C(N1C5=O)N1CN3C(=O)N4CN6C(=O)N7CN9C(=O)N2CN8C(=O)N%10CN%11C(=O)N%12CN%13C(=O)N%14CN%15C(=O)N%16CN%17C1=O,O=C(NC1=CC=CC2=CC=CC=C21)OCCOCCOCCOCCOCCOCCOCCOCCOCCOCCOCCOCCOCCOCCOCCOCCOCCOCCOCCOCCOCCOCCOCCOCCOCCOCCOCCOCCOCCOCCOCCOCCOCCOCCOCCOCCOCCOCCOCCOCCOCCOCCOCCOCCOC,cucurbituril,4.113900184631348,O=C1N2CN3C(=O)N4CN5C(=O)N6CN7C(=O)N8CN9C(=O)N%10CN%11C(=O)N%12CN%13C(=O)N%14CN%15C(=O)N%16CN1C1C2N2CN%17C(=O)N(CN%18C(=O)N(CN%19C(=O)N(CN%20C(=O)N(CN%21C(=O)N(CN%22C(=O)N(CN%23C(=O)N(CN1C2=O)C%16C%15%23)C%14C%13%22)C%12C%11%21)C%10C9%20)C8C7%19)C6C5%18)C4C3%17,E82CB7F52437B0147F435E3074F006752062FF8924E87C1DAF3210D182FF633B,HOST_CAN_0143,PASS,COCCOCCOCCOCCOCCOCCOCCOCCOCCOCCOCCOCCOCCOCCOCCOCCOCCOCCOCCOCCOCCOCCOCCOCCOCCOCCOCCOCCOCCOCCOCCOCCOCCOCCOCCOCCOCCOCCOCCOCCOCCOCCOCCOCCOC(=O)Nc1cccc2ccccc12,F5E80A909A6847A976E16DC27ADEBDB7F6A28441E68BEB314903F4A233810F24,GUEST_CAN_0463,PASS,GINE,2,double_cold,4,4.303589820861816
1787,69,971,NCCN1C=C(N=N1)COC(C=C2)=C(CNCC3=C(OCC(N=N4)=CN4CCN)C=CC5=C3C=C6)C7=C2C8=C(C=C7)OC9CC8C%10=C(O9)C=CC%11=C%10C=CC(OCC(N=N%12)=CN%12CCN)=C%11CNCC%13=C(OCC(N=N%14)=CN%14CCN)C=CC%15=C%13C=CC(O%16)=C%15C%17C5=C6OC%16C%17,O=C(C(=O)O)C1=CC=CC=C1,other,3.7465999126434326,NCCn1cc(COc2ccc3c4c5ccc3c2CNCc2c(OCc3cn(CCN)nn3)ccc3c6c(ccc23)OC2CC6c3c(ccc6c(c(OCc7cn(CCN)nn7)ccc36)CNCc3c(OCc6cn(CCN)nn6)ccc6c7c(ccc36)OC(CC47)O5)O2)nn1,E69AC36986BDADC1E5A61FE9021251B6D5437DB096F231021CE94D055FF4BCBF,HOST_CAN_0113,PASS,O=C(O)C(=O)c1ccccc1,59D705B21890E0D684B601BDBBAD416E3FA37DD45B9284C4CD080F6E5A6A404C,GUEST_CAN_0855,PASS,GINE,2,double_cold,4,2.26804256439209
1808,45,231,C1C2=CC(=CC=C2)CC3=CC(=CC=C3)CC4=CC=CC(=C4)CC5=CC=CC1=C5,C[N+](C)(C)CCCCC(C(=O)O)N,calixarene,5.113900184631348,c1cc2cc(c1)Cc1cccc(c1)Cc1cccc(c1)Cc1cccc(c1)C2,001BA14F081450375618B4DEC192A3633931B27A166EE11658CCCBFAB45E327F,HOST_CAN_0183,PASS,C[N+](C)(C)CCCCC(N)C(=O)O,A5D9046F4C510F24A7D2618FA2E491B2FD6A06575CDE2270294DEDC76755B73A,GUEST_CAN_0563,PASS,GINE,2,double_cold,4,3.303321599960327
1815,148,962,COC[C@H]1O[C@@H]2O[C@H]3[C@H](COC)O[C@H]([C@H]([C@@H]3OC)OC)O[C@H]3[C@H](COC)O[C@H]([C@H]([C@@H]3OC)OC)O[C@H]3[C@H](COC)O[C@H]([C@H]([C@@H]3OC)OC)O[C@H]3[C@@H](O[C@@H](O[C@@H]4[C@H](O[C@H](O[C@@H]5[C@H](O[C@H](O[C@H]1[C@@H]([C@H]2OC)OC)[C@H](OC)[C@H]5OC)COc1cccc2c1nccc2)[C@H](OC)[C@H]4OC)COC)[C@@H](OC)[C@@H]3OC)COC,[Na]OS(=O)(=O)CCNOC(=O)CCC([C@H]1CC[C@@H]2[C@]1(C)[C@@H](O)C[C@H]1[C@H]2[C@H](O)C[C@H]2[C@]1(C)CC[C@H](C2)O)C,cyclodextrin,3.940000057220459,COC[C@@H]1O[C@H]2O[C@@H]3[C@@H](OC)[C@H](OC)[C@H](O[C@H]4[C@H](OC)[C@@H](OC)[C@@H](O[C@H]5[C@H](OC)[C@@H](OC)[C@@H](O[C@H]6[C@H](OC)[C@@H](OC)[C@@H](O[C@@H]7[C@@H](OC)[C@H](OC)[C@H](O[C@@H]8[C@@H](OC)[C@H](OC)[C@H](O[C@@H]1[C@@H](OC)[C@@H]2OC)O[C@H]8COC)O[C@H]7COC)O[C@@H]6COC)O[C@@H]5COc1cccc2cccnc12)O[C@@H]4COC)O[C@H]3COC,BE6818D0F7F39A9C8E583555E0CBF232C6316093EE196DB44DE66AC74E86FDDD,HOST_CAN_0063,PASS,CC(CCC(=O)ONCCS(=O)(=O)[O][Na])[C@H]1CC[C@H]2[C@@H]3[C@H](O)C[C@@H]4C[C@H](O)CC[C@]4(C)[C@H]3C[C@H](O)[C@]12C,129254C5F67D4EE16CF4AC86FDA70C944CAE4F992A0551A482429E978B0610E7,GUEST_CAN_0172,PASS,GINE,2,double_cold,4,2.985222339630127
1826,45,984,C1C2=CC(=CC=C2)CC3=CC(=CC=C3)CC4=CC=CC(=C4)CC5=CC=CC1=C5,C1CC2CCC1CN[N]2,calixarene,5.397900104522705,c1cc2cc(c1)Cc1cccc(c1)Cc1cccc(c1)Cc1cccc(c1)C2,001BA14F081450375618B4DEC192A3633931B27A166EE11658CCCBFAB45E327F,HOST_CAN_0183,PASS,C1CC2CCC1CN[N]2,A7560B9D96E9B1CD116C50DEA0BBAB8C79B4FD3C173B18689444FC8801F00BED,GUEST_CAN_0023,PASS,GINE,2,double_cold,4,2.9526922702789307
1842,11,989,C1N2C3C4N(C2=O)CN5C6C7N(C5=O)CN8C9C2N(C8=O)CN5C8C%10N(C5=O)CN5C%11C%12N(C5=O)CN5C%13C%14N(C5=O)CN5C%15C%16N(C5=O)CN5C%17C(N1C5=O)N1CN3C(=O)N4CN6C(=O)N7CN9C(=O)N2CN8C(=O)N%10CN%11C(=O)N%12CN%13C(=O)N%14CN%15C(=O)N%16CN%17C1=O,OC12CC3(CC(CC(C1)C3)C2)[NH3+],cucurbituril,7.146100044250488,O=C1N2CN3C(=O)N4CN5C(=O)N6CN7C(=O)N8CN9C(=O)N%10CN%11C(=O)N%12CN%13C(=O)N%14CN%15C(=O)N%16CN1C1C2N2CN%17C(=O)N(CN%18C(=O)N(CN%19C(=O)N(CN%20C(=O)N(CN%21C(=O)N(CN%22C(=O)N(CN%23C(=O)N(CN1C2=O)C%16C%15%23)C%14C%13%22)C%12C%11%21)C%10C9%20)C8C7%19)C6C5%18)C4C3%17,E82CB7F52437B0147F435E3074F006752062FF8924E87C1DAF3210D182FF633B,HOST_CAN_0143,PASS,[NH3+]C12CC3CC(C1)CC(O)(C3)C2,88BD0AE0E56A5B4C2C8094073D3027FA36479553391586DA19C2F76637D29F23,GUEST_CAN_1074,PASS,GINE,2,double_cold,4,10.004844665527344
1859,48,995,[Na]OS(=O)(=O)CCCOc1c2CN3C(=O)N4[C@]5([C@@]3(N(Cc2c(c2c1cccc2)OCCCS(=O)(=O)O[Na])C(=O)N5CN1[C@@]2(N(C4)C(=O)N3[C@]2(C)N(C1=O)Cc1c(C3)c(OCCCS(=O)(=O)O[Na])c2c(c1OCCCS(=O)(=O)O[Na])cccc2)C)C)C,C[N+](=C1C=CC2=NC3=C(C=C(C=C3)N)SC2=C1)C.[Cl-],other,6.770899772644043,C[C@]12N3Cc4c(c(OCCCS(=O)(=O)[O][Na])c5ccccc5c4OCCCS(=O)(=O)[O][Na])CN1C(=O)N1CN4C(=O)N5Cc6c(c(OCCCS(=O)(=O)[O][Na])c7ccccc7c6OCCCS(=O)(=O)[O][Na])CN6C(=O)N(CN(C3=O)[C@]12C)[C@]4(C)[C@@]56C,D18B807A904C56B05E199911FB10FFB774349CC49BBD32D2EFAFF4C892BA649F,HOST_CAN_0090,PASS,C[N+](C)=c1ccc2nc3ccc(N)cc3sc-2c1.[Cl-],17938274D295C15C3CE08BBF19B59B9363595052023413BBDB704D4CF7847C67,GUEST_CAN_0602,PASS,GINE,2,double_cold,4,6.860339164733887
1874,11,1000,C1N2C3C4N(C2=O)CN5C6C7N(C5=O)CN8C9C2N(C8=O)CN5C8C%10N(C5=O)CN5C%11C%12N(C5=O)CN5C%13C%14N(C5=O)CN5C%15C%16N(C5=O)CN5C%17C(N1C5=O)N1CN3C(=O)N4CN6C(=O)N7CN9C(=O)N2CN8C(=O)N%10CN%11C(=O)N%12CN%13C(=O)N%14CN%15C(=O)N%16CN%17C1=O,NCCCC[C@@H](C(=O)NCC(=O)NCC(=O)N[C@H](C(=O)O)Cc1ccc(cc1)O)NC(=O)[C@H](CCSC)N,cucurbituril,6.3765997886657715,O=C1N2CN3C(=O)N4CN5C(=O)N6CN7C(=O)N8CN9C(=O)N%10CN%11C(=O)N%12CN%13C(=O)N%14CN%15C(=O)N%16CN1C1C2N2CN%17C(=O)N(CN%18C(=O)N(CN%19C(=O)N(CN%20C(=O)N(CN%21C(=O)N(CN%22C(=O)N(CN%23C(=O)N(CN1C2=O)C%16C%15%23)C%14C%13%22)C%12C%11%21)C%10C9%20)C8C7%19)C6C5%18)C4C3%17,E82CB7F52437B0147F435E3074F006752062FF8924E87C1DAF3210D182FF633B,HOST_CAN_0143,PASS,CSCC[C@H](N)C(=O)N[C@@H](CCCCN)C(=O)NCC(=O)NCC(=O)N[C@@H](Cc1ccc(O)cc1)C(=O)O,5D3267765A93ED1C14096C56ED7BDCDC2F863D694BE58745AB49C7F55817610A,GUEST_CAN_0521,PASS,GINE,2,double_cold,4,4.493893146514893
1899,123,66,[Na]OS(=O)(=O)c1ccc(cc1)N=Nc1cc2Cc3cc(N=Nc4ccc(cc4)S(=O)(=O)O[Na])cc(c3O)Cc3cc(cc(Cc4c(c(Cc(c1)c2O)cc(/N=N/c1ccc(cc1)S(=O)(=O)O[Na])c4)O)c3O)/N=N/c1ccc(cc1)S(=O)(=O)O[Na],CCN(CC)C1=CC2=C(C=C1)C(=C3C=CC(=[N+](CC)CC)C=C3O2)C4=CC=CC=C4C(=O)O.[Cl-],calixarene,6.07919979095459,O=S(=O)([O][Na])c1ccc(N=Nc2cc3c(O)c(c2)Cc2cc(/N=N/c4ccc(S(=O)(=O)[O][Na])cc4)cc(c2O)Cc2cc(/N=N/c4ccc(S(=O)(=O)[O][Na])cc4)cc(c2O)Cc2cc(N=Nc4ccc(S(=O)(=O)[O][Na])cc4)cc(c2O)C3)cc1,544EE97E01F97F0432023165405A220034C2FC0C5A49A4E738969204EB66D3D4,HOST_CAN_0170,PASS,CCN(CC)c1ccc2c(-c3ccccc3C(=O)O)c3ccc(=[N+](CC)CC)cc-3oc2c1.[Cl-],E6B7F92F3A311CD3784FBF712B743266F1C434D81B8F11E34C9F34FDCF2DC073,GUEST_CAN_0347,PASS,GINE,2,double_cold,4,6.463488578796387
1907,175,516,COC(=O)C1=CC=C(N1)C(=O)NC(=[NH2+])N,CC(C(=O)[O-])NC(=O)C,other,2.973099946975708,COC(=O)c1ccc(C(=O)NC(N)=[NH2+])[nH]1,4336DEF1BAE4D0921E4842BA4B4C5962C46BCCE4AA346852860E47CCD48C72A8,HOST_CAN_0055,PASS,CC(=O)NC(C)C(=O)[O-],223D3A7CF02799E4E69DE4CF10C536E7E3A130D2DECA6FB2E856007B979C6DE6,GUEST_CAN_0069,PASS,GINE,2,double_cold,4,3.751521110534668
1933,1,1019,C1C2=CC(=CC(=C2O)CC3=CC(=CC(=C3O)CC4=C(C(=CC(=C4)S(=O)(=O)O)CC5=C(C1=CC(=C5)S(=O)(=O)O)O)O)S(=O)(=O)O)S(=O)(=O)O,[NH3+]CCCCC(C(=O)NC(C(=O)NC(C(=O)NC(=O)C(NC(C(=O)N)Cc1ccc(cc1)O)C)C(O)C)CCC(=O)N)NC(=O)C(C(O)C)NC(=O)C(NC(=O)C([NH3+])C)CCCNC(=[NH2+])N,calixarene,4.342400074005127,O=S(=O)(O)c1cc2c(O)c(c1)Cc1cc(S(=O)(=O)O)cc(c1O)Cc1cc(S(=O)(=O)O)cc(c1O)Cc1cc(S(=O)(=O)O)cc(c1O)C2,C1130CCDC8DA0C6458EF6C2E07E7F3330D8F8B055CBE4DEAADB70DC00C8CDFC1,HOST_CAN_0154,PASS,CC([NH3+])C(=O)NC(CCCNC(N)=[NH2+])C(=O)NC(C(=O)NC(CCCC[NH3+])C(=O)NC(CCC(N)=O)C(=O)NC(C(=O)NC(=O)C(C)NC(Cc1ccc(O)cc1)C(N)=O)C(C)O)C(C)O,5DB50ED50100975110158D12D0C699F6ED4621BCAE805484A4C361421CAC45CB,GUEST_CAN_0195,PASS,GINE,2,double_cold,4,4.693778991699219
1939,11,1021,C1N2C3C4N(C2=O)CN5C6C7N(C5=O)CN8C9C2N(C8=O)CN5C8C%10N(C5=O)CN5C%11C%12N(C5=O)CN5C%13C%14N(C5=O)CN5C%15C%16N(C5=O)CN5C%17C(N1C5=O)N1CN3C(=O)N4CN6C(=O)N7CN9C(=O)N2CN8C(=O)N%10CN%11C(=O)N%12CN%13C(=O)N%14CN%15C(=O)N%16CN%17C1=O,C1=CC=C2C(=C1)C=CC=C2O,cucurbituril,5.602099895477295,O=C1N2CN3C(=O)N4CN5C(=O)N6CN7C(=O)N8CN9C(=O)N%10CN%11C(=O)N%12CN%13C(=O)N%14CN%15C(=O)N%16CN1C1C2N2CN%17C(=O)N(CN%18C(=O)N(CN%19C(=O)N(CN%20C(=O)N(CN%21C(=O)N(CN%22C(=O)N(CN%23C(=O)N(CN1C2=O)C%16C%15%23)C%14C%13%22)C%12C%11%21)C%10C9%20)C8C7%19)C6C5%18)C4C3%17,E82CB7F52437B0147F435E3074F006752062FF8924E87C1DAF3210D182FF633B,HOST_CAN_0143,PASS,Oc1cccc2ccccc12,F01D5EEA6944D14FBB13AFB12CE4FDED3900FFF533AFF689B55475096EACDD2B,GUEST_CAN_1005,PASS,GINE,2,double_cold,4,5.070992469787598
1946,11,401,C1N2C3C4N(C2=O)CN5C6C7N(C5=O)CN8C9C2N(C8=O)CN5C8C%10N(C5=O)CN5C%11C%12N(C5=O)CN5C%13C%14N(C5=O)CN5C%15C%16N(C5=O)CN5C%17C(N1C5=O)N1CN3C(=O)N4CN6C(=O)N7CN9C(=O)N2CN8C(=O)N%10CN%11C(=O)N%12CN%13C(=O)N%14CN%15C(=O)N%16CN%17C1=O,[Mg+2].[Cl-].[Cl-],cucurbituril,2.7200000286102295,O=C1N2CN3C(=O)N4CN5C(=O)N6CN7C(=O)N8CN9C(=O)N%10CN%11C(=O)N%12CN%13C(=O)N%14CN%15C(=O)N%16CN1C1C2N2CN%17C(=O)N(CN%18C(=O)N(CN%19C(=O)N(CN%20C(=O)N(CN%21C(=O)N(CN%22C(=O)N(CN%23C(=O)N(CN1C2=O)C%16C%15%23)C%14C%13%22)C%12C%11%21)C%10C9%20)C8C7%19)C6C5%18)C4C3%17,E82CB7F52437B0147F435E3074F006752062FF8924E87C1DAF3210D182FF633B,HOST_CAN_0143,PASS,[Cl-].[Cl-].[Mg+2],B087D688B9146A717BF8B7C99307F8366B8209D8F51C624197BC0C66B921DAF9,GUEST_CAN_1028,PASS,GINE,2,double_cold,4,4.772488117218018
1950,1,1023,C1C2=CC(=CC(=C2O)CC3=CC(=CC(=C3O)CC4=C(C(=CC(=C4)S(=O)(=O)O)CC5=C(C1=CC(=C5)S(=O)(=O)O)O)O)S(=O)(=O)O)S(=O)(=O)O,OCC(C(=O)NC(C(=O)NCC(=O)NC(C(=O)N)Cc1ccc(cc1)O)C(O)C)NC(=O)C(NC(=O)C(NC(C(=O)NC(=O)C(C(O)C)[NH3+])C)CCCNC(=[NH2+])N)CCCC[N+](C)(C)C,calixarene,5.146100044250488,O=S(=O)(O)c1cc2c(O)c(c1)Cc1cc(S(=O)(=O)O)cc(c1O)Cc1cc(S(=O)(=O)O)cc(c1O)Cc1cc(S(=O)(=O)O)cc(c1O)C2,C1130CCDC8DA0C6458EF6C2E07E7F3330D8F8B055CBE4DEAADB70DC00C8CDFC1,HOST_CAN_0154,PASS,CC(NC(CCCNC(N)=[NH2+])C(=O)NC(CCCC[N+](C)(C)C)C(=O)NC(CO)C(=O)NC(C(=O)NCC(=O)NC(Cc1ccc(O)cc1)C(N)=O)C(C)O)C(=O)NC(=O)C([NH3+])C(C)O,EE9767229E968E4B84B7ACC189EED5656FB1078BD218D1E7621348DE00B7412E,GUEST_CAN_0189,PASS,GINE,2,double_cold,4,4.89228630065918
1957,179,156,COC1=C2C=C3CC4=CC(=C5C=C4CC6=CC(=C(C=C6CC3=C1)OCCOC7=C(C=C8CC9=CC(=C(C=C9CC1=CC(=C(C=C1CC8=C7)OC)OCCO2)OC)OCCO5)OC)OC)OC,[Xe],other,2.9293999671936035,COc1cc2c3cc1OCCOc1cc4c(cc1OC)Cc1cc5c(OC)cc1Cc1cc(c(OC)cc1C4)OCCOc1cc(c(cc1OC)C3)Cc1cc(OC)c(cc1C2)OCCO5,A994AA34EE464E5BE1AB0D787D9DDCAF17250B43466C4579A1059A23B26EAB0C,HOST_CAN_0070,PASS,[Xe],463C698387C428389929BF1416FF8D357192FAE637E5A26BA0E54A16E2EDDA63,GUEST_CAN_1116,PASS,GINE,2,double_cold,4,1.185441255569458
1982,14,56,NCCOc1c2Cc3cc(cc(c3O)Cc3cc(cc(c3O)Cc3cc(cc(Cc4c(c(Cc5c(c(Cc1cc(c2)S(=O)(=O)O)cc(c5)S(=O)(=O)O)O)cc(c4)S(=O)(=O)O)O)c3O)S(=O)(=O)O)S(=O)(=O)O)S(=O)(=O)O,CCCC(C(=O)O)N,calixarene,2.2899999618530273,NCCOc1c2cc(S(=O)(=O)O)cc1Cc1cc(S(=O)(=O)O)cc(c1O)Cc1cc(S(=O)(=O)O)cc(c1O)Cc1cc(S(=O)(=O)O)cc(c1O)Cc1cc(S(=O)(=O)O)cc(c1O)Cc1cc(S(=O)(=O)O)cc(c1O)C2,C787A22C599703D921FA29CACAF002E9FF6ED12C44482B2905C84DCBDD5B4AC1,HOST_CAN_0110,PASS,CCCC(N)C(=O)O,81F3215F9F46874A7436620E7AD92167936CF997FB3F203D4397A018C4B56861,GUEST_CAN_0268,PASS,GINE,2,double_cold,4,1.8539762496948242
1984,11,1031,C1N2C3C4N(C2=O)CN5C6C7N(C5=O)CN8C9C2N(C8=O)CN5C8C%10N(C5=O)CN5C%11C%12N(C5=O)CN5C%13C%14N(C5=O)CN5C%15C%16N(C5=O)CN5C%17C(N1C5=O)N1CN3C(=O)N4CN6C(=O)N7CN9C(=O)N2CN8C(=O)N%10CN%11C(=O)N%12CN%13C(=O)N%14CN%15C(=O)N%16CN%17C1=O,C1=CC(=CC=C1CN)NC2=NC(=NC(=O)N2)NC3=CC=C(C=C3)CN,cucurbituril,10.761899948120117,O=C1N2CN3C(=O)N4CN5C(=O)N6CN7C(=O)N8CN9C(=O)N%10CN%11C(=O)N%12CN%13C(=O)N%14CN%15C(=O)N%16CN1C1C2N2CN%17C(=O)N(CN%18C(=O)N(CN%19C(=O)N(CN%20C(=O)N(CN%21C(=O)N(CN%22C(=O)N(CN%23C(=O)N(CN1C2=O)C%16C%15%23)C%14C%13%22)C%12C%11%21)C%10C9%20)C8C7%19)C6C5%18)C4C3%17,E82CB7F52437B0147F435E3074F006752062FF8924E87C1DAF3210D182FF633B,HOST_CAN_0143,PASS,NCc1ccc(Nc2nc(Nc3ccc(CN)cc3)[nH]c(=O)n2)cc1,F6A8AEABAF6622416EF0019A30223E89673492A83E64499AE34EEEC1930F98B3,GUEST_CAN_0815,PASS,GINE,2,double_cold,4,5.303747177124023
2023,11,780,C1N2C3C4N(C2=O)CN5C6C7N(C5=O)CN8C9C2N(C8=O)CN5C8C%10N(C5=O)CN5C%11C%12N(C5=O)CN5C%13C%14N(C5=O)CN5C%15C%16N(C5=O)CN5C%17C(N1C5=O)N1CN3C(=O)N4CN6C(=O)N7CN9C(=O)N2CN8C(=O)N%10CN%11C(=O)N%12CN%13C(=O)N%14CN%15C(=O)N%16CN%17C1=O,Cl[Ag],cucurbituril,2.319999933242798,O=C1N2CN3C(=O)N4CN5C(=O)N6CN7C(=O)N8CN9C(=O)N%10CN%11C(=O)N%12CN%13C(=O)N%14CN%15C(=O)N%16CN1C1C2N2CN%17C(=O)N(CN%18C(=O)N(CN%19C(=O)N(CN%20C(=O)N(CN%21C(=O)N(CN%22C(=O)N(CN%23C(=O)N(CN1C2=O)C%16C%15%23)C%14C%13%22)C%12C%11%21)C%10C9%20)C8C7%19)C6C5%18)C4C3%17,E82CB7F52437B0147F435E3074F006752062FF8924E87C1DAF3210D182FF633B,HOST_CAN_0143,PASS,[Cl][Ag],4A933E184334874789768EEC6D400995440C723058F3A6FFAAB1D8F3A29103E8,GUEST_CAN_1042,PASS,GINE,2,double_cold,4,1.9886387586593628
2024,12,63,O1CCOCCN2CCOCCOCCOCCN(CCOCC1)CCOCCOCCOCC2,[Rb+],other,0.49970000982284546,C1COCCN2CCOCCOCCOCCN(CCOCCO1)CCOCCOCCOCC2,85C7C02142B236ECBC1FC9E9A1DD4E3252A7651F7F5B037994877CF5373B1DC8,HOST_CAN_0006,PASS,[Rb+],A81E1030429F736D8E35EA84C21CDFC8BA21CABFAB462465BE82BDA25EAD58DF,GUEST_CAN_1109,PASS,GINE,2,double_cold,4,2.3900856971740723
2058,152,937,C1COCCOC2=NC3=CC=CC=C3N=C2OCCOCCOCCOC4=CC=CC=C4OCCO1,F[P-](F)(F)(F)(F)F.F[P-](F)(F)(F)(F)F.F[P-](F)(F)(F)(F)F.C1(C[NH2+]CC2=CC=C(OC3=CC(OC(C=C4)=CC=C4C[NH2+]CC5=CC=CC=C5)=CC(OC(C=C6)=CC=C6C[NH2+]CC7=CC=CC=C7)=C3)C=C2)=CC=CC=C1,other,8.518500328063965,c1ccc2c(c1)OCCOCCOCCOc1nc3ccccc3nc1OCCOCCOCCO2,11E567E73A50D02BD46891CF13338BDDF57C27745B8926A9E8B83F56E359EA3E,HOST_CAN_0187,PASS,F[P-](F)(F)(F)(F)F.F[P-](F)(F)(F)(F)F.F[P-](F)(F)(F)(F)F.c1ccc(C[NH2+]Cc2ccc(Oc3cc(Oc4ccc(C[NH2+]Cc5ccccc5)cc4)cc(Oc4ccc(C[NH2+]Cc5ccccc5)cc4)c3)cc2)cc1,32BC822A59EBA24F89EAF31AE89122DE48E9EA88CE6089F0B15D5AECA3940479,GUEST_CAN_0707,PASS,GINE,2,double_cold,4,2.068486452102661
2067,1,420,C1C2=CC(=CC(=C2O)CC3=CC(=CC(=C3O)CC4=C(C(=CC(=C4)S(=O)(=O)O)CC5=C(C1=CC(=C5)S(=O)(=O)O)O)O)S(=O)(=O)O)S(=O)(=O)O,CCCCCCC[NH3+],calixarene,3.390000104904175,O=S(=O)(O)c1cc2c(O)c(c1)Cc1cc(S(=O)(=O)O)cc(c1O)Cc1cc(S(=O)(=O)O)cc(c1O)Cc1cc(S(=O)(=O)O)cc(c1O)C2,C1130CCDC8DA0C6458EF6C2E07E7F3330D8F8B055CBE4DEAADB70DC00C8CDFC1,HOST_CAN_0154,PASS,CCCCCCC[NH3+],8B86E80E7A606F90A3E142792E25022A151B83C91A5DF63798EDA4A621EE932C,GUEST_CAN_0294,PASS,GINE,2,double_cold,4,4.387017250061035
2069,1,332,C1C2=CC(=CC(=C2O)CC3=CC(=CC(=C3O)CC4=C(C(=CC(=C4)S(=O)(=O)O)CC5=C(C1=CC(=C5)S(=O)(=O)O)O)O)S(=O)(=O)O)S(=O)(=O)O,C(CC(C(=O)NC(CCCN=C(N)N)C(=O)O)N)CN=C(N)N,calixarene,3.8864998817443848,O=S(=O)(O)c1cc2c(O)c(c1)Cc1cc(S(=O)(=O)O)cc(c1O)Cc1cc(S(=O)(=O)O)cc(c1O)Cc1cc(S(=O)(=O)O)cc(c1O)C2,C1130CCDC8DA0C6458EF6C2E07E7F3330D8F8B055CBE4DEAADB70DC00C8CDFC1,HOST_CAN_0154,PASS,NC(N)=NCCCC(N)C(=O)NC(CCCN=C(N)N)C(=O)O,3A8B2301E51B73866F85F765E5B50C91D53C9621B71623BBA372A8F50F71EA36,GUEST_CAN_0749,PASS,GINE,2,double_cold,4,3.987180709838867
2082,11,369,C1N2C3C4N(C2=O)CN5C6C7N(C5=O)CN8C9C2N(C8=O)CN5C8C%10N(C5=O)CN5C%11C%12N(C5=O)CN5C%13C%14N(C5=O)CN5C%15C%16N(C5=O)CN5C%17C(N1C5=O)N1CN3C(=O)N4CN6C(=O)N7CN9C(=O)N2CN8C(=O)N%10CN%11C(=O)N%12CN%13C(=O)N%14CN%15C(=O)N%16CN%17C1=O,C1CC2CCC(C1)N=N2,cucurbituril,5.767199993133545,O=C1N2CN3C(=O)N4CN5C(=O)N6CN7C(=O)N8CN9C(=O)N%10CN%11C(=O)N%12CN%13C(=O)N%14CN%15C(=O)N%16CN1C1C2N2CN%17C(=O)N(CN%18C(=O)N(CN%19C(=O)N(CN%20C(=O)N(CN%21C(=O)N(CN%22C(=O)N(CN%23C(=O)N(CN1C2=O)C%16C%15%23)C%14C%13%22)C%12C%11%21)C%10C9%20)C8C7%19)C6C5%18)C4C3%17,E82CB7F52437B0147F435E3074F006752062FF8924E87C1DAF3210D182FF633B,HOST_CAN_0143,PASS,C1CC2CCC(C1)N=N2,3CB1DE4B60C8143576E12CED092F576F3C060BF327141DD7E64000E135972BED,GUEST_CAN_0021,PASS,GINE,2,double_cold,4,4.530828952789307
2086,11,1053,C1N2C3C4N(C2=O)CN5C6C7N(C5=O)CN8C9C2N(C8=O)CN5C8C%10N(C5=O)CN5C%11C%12N(C5=O)CN5C%13C%14N(C5=O)CN5C%15C%16N(C5=O)CN5C%17C(N1C5=O)N1CN3C(=O)N4CN6C(=O)N7CN9C(=O)N2CN8C(=O)N%10CN%11C(=O)N%12CN%13C(=O)N%14CN%15C(=O)N%16CN%17C1=O,CCC1=CC=C(C=C1)O,cucurbituril,3.079200029373169,O=C1N2CN3C(=O)N4CN5C(=O)N6CN7C(=O)N8CN9C(=O)N%10CN%11C(=O)N%12CN%13C(=O)N%14CN%15C(=O)N%16CN1C1C2N2CN%17C(=O)N(CN%18C(=O)N(CN%19C(=O)N(CN%20C(=O)N(CN%21C(=O)N(CN%22C(=O)N(CN%23C(=O)N(CN1C2=O)C%16C%15%23)C%14C%13%22)C%12C%11%21)C%10C9%20)C8C7%19)C6C5%18)C4C3%17,E82CB7F52437B0147F435E3074F006752062FF8924E87C1DAF3210D182FF633B,HOST_CAN_0143,PASS,CCc1ccc(O)cc1,D35CCE149B3562190A171CA11FBDE2BD6C052AEAE4E452D57F6CC4BE61DF47DE,GUEST_CAN_0384,PASS,GINE,2,double_cold,4,3.646488666534424
2097,69,971,NCCN1C=C(N=N1)COC(C=C2)=C(CNCC3=C(OCC(N=N4)=CN4CCN)C=CC5=C3C=C6)C7=C2C8=C(C=C7)OC9CC8C%10=C(O9)C=CC%11=C%10C=CC(OCC(N=N%12)=CN%12CCN)=C%11CNCC%13=C(OCC(N=N%14)=CN%14CCN)C=CC%15=C%13C=CC(O%16)=C%15C%17C5=C6OC%16C%17,O=C(C(=O)O)C1=CC=CC=C1,other,3.3710999488830566,NCCn1cc(COc2ccc3c4c5ccc3c2CNCc2c(OCc3cn(CCN)nn3)ccc3c6c(ccc23)OC2CC6c3c(ccc6c(c(OCc7cn(CCN)nn7)ccc36)CNCc3c(OCc6cn(CCN)nn6)ccc6c7c(ccc36)OC(CC47)O5)O2)nn1,E69AC36986BDADC1E5A61FE9021251B6D5437DB096F231021CE94D055FF4BCBF,HOST_CAN_0113,PASS,O=C(O)C(=O)c1ccccc1,59D705B21890E0D684B601BDBBAD416E3FA37DD45B9284C4CD080F6E5A6A404C,GUEST_CAN_0855,PASS,GINE,2,double_cold,4,2.26804256439209
2098,102,37,C1C2=CC=C(C[N+]3=CC=C(C=C3)C4=CC=[N+](CC5=CC=C(C[N+]6=CC=C(C=C6)C7=CC=[N+]1C=C7)C=C5)C=C4)C=C2.F[P-](F)(F)(F)(F)F.F[P-](F)(F)(F)(F)F.F[P-](F)(F)(F)(F)F.F[P-](F)(F)(F)(F)F,C1=CC(=C(C=C1C(CN)O)O)O,other,3.170300006866455,F[P-](F)(F)(F)(F)F.F[P-](F)(F)(F)(F)F.F[P-](F)(F)(F)(F)F.F[P-](F)(F)(F)(F)F.c1cc2ccc1C[n+]1ccc(cc1)-c1cc[n+](cc1)Cc1ccc(cc1)C[n+]1ccc(cc1)-c1cc[n+](cc1)C2,0F2553E080CE2D9CBEC36FEC297EF4CF441DFE215349B4C10A84D4A1E91451C0,HOST_CAN_0102,PASS,NCC(O)c1ccc(O)c(O)c1,7F5D32A02DE5511E772E8422081F82EE16925B55633A6CB4BB4E730CF1565495,GUEST_CAN_0775,PASS,GINE,2,double_cold,4,2.5921034812927246
2126,11,890,C1N2C3C4N(C2=O)CN5C6C7N(C5=O)CN8C9C2N(C8=O)CN5C8C%10N(C5=O)CN5C%11C%12N(C5=O)CN5C%13C%14N(C5=O)CN5C%15C%16N(C5=O)CN5C%17C(N1C5=O)N1CN3C(=O)N4CN6C(=O)N7CN9C(=O)N2CN8C(=O)N%10CN%11C(=O)N%12CN%13C(=O)N%14CN%15C(=O)N%16CN%17C1=O,C[N+](C)(C)CC1=CC=C[CH-]1.[CH-]1C=CC=C1.[Fe+2],cucurbituril,9.913800239562988,O=C1N2CN3C(=O)N4CN5C(=O)N6CN7C(=O)N8CN9C(=O)N%10CN%11C(=O)N%12CN%13C(=O)N%14CN%15C(=O)N%16CN1C1C2N2CN%17C(=O)N(CN%18C(=O)N(CN%19C(=O)N(CN%20C(=O)N(CN%21C(=O)N(CN%22C(=O)N(CN%23C(=O)N(CN1C2=O)C%16C%15%23)C%14C%13%22)C%12C%11%21)C%10C9%20)C8C7%19)C6C5%18)C4C3%17,E82CB7F52437B0147F435E3074F006752062FF8924E87C1DAF3210D182FF633B,HOST_CAN_0143,PASS,C[N+](C)(C)Cc1ccc[cH-]1.[Fe+2].c1cc[cH-]c1,DF5E749BB3872D05FCFC1648C03337BECC96A374B6680A3E624701DF620678E7,GUEST_CAN_0577,PASS,GINE,2,double_cold,4,7.604982852935791
2127,11,419,C1N2C3C4N(C2=O)CN5C6C7N(C5=O)CN8C9C2N(C8=O)CN5C8C%10N(C5=O)CN5C%11C%12N(C5=O)CN5C%13C%14N(C5=O)CN5C%15C%16N(C5=O)CN5C%17C(N1C5=O)N1CN3C(=O)N4CN6C(=O)N7CN9C(=O)N2CN8C(=O)N%10CN%11C(=O)N%12CN%13C(=O)N%14CN%15C(=O)N%16CN%17C1=O,CCCCCC[N+](C)(C)C.[Br-],cucurbituril,5.579800128936768,O=C1N2CN3C(=O)N4CN5C(=O)N6CN7C(=O)N8CN9C(=O)N%10CN%11C(=O)N%12CN%13C(=O)N%14CN%15C(=O)N%16CN1C1C2N2CN%17C(=O)N(CN%18C(=O)N(CN%19C(=O)N(CN%20C(=O)N(CN%21C(=O)N(CN%22C(=O)N(CN%23C(=O)N(CN1C2=O)C%16C%15%23)C%14C%13%22)C%12C%11%21)C%10C9%20)C8C7%19)C6C5%18)C4C3%17,E82CB7F52437B0147F435E3074F006752062FF8924E87C1DAF3210D182FF633B,HOST_CAN_0143,PASS,CCCCCC[N+](C)(C)C.[Br-],76B55977AFC0302462D04F005374F747475B4920E68C74B0533B003CB28CB41E,GUEST_CAN_0297,PASS,GINE,2,double_cold,4,7.842267990112305
2147,187,425,OC(=O)COc1c2Cc3cc(cc(c3O)Cc3cc(cc(Cc4c(c(Cc1cc(c2)S(=O)(=O)O)cc(c4)S(=O)(=O)O)O)c3OCC(=O)O)S(=O)(=O)O)S(=O)(=O)O,C[N+](C)(C)C.[Cl-],calixarene,2.5999999046325684,O=C(O)COc1c2cc(S(=O)(=O)O)cc1Cc1cc(S(=O)(=O)O)cc(c1O)Cc1cc(S(=O)(=O)O)cc(c1OCC(=O)O)Cc1cc(S(=O)(=O)O)cc(c1O)C2,7DB78DC75D05DE6D3FD1E73953241F1CFA06FA0B1FECD2C286AD0E7C2C0C4001,HOST_CAN_0128,PASS,C[N+](C)(C)C.[Cl-],97CBE1F038662B7BAAFAA36975C0625535DAE38A6F8B98279CB23B458DDA3056,GUEST_CAN_0555,PASS,GINE,2,double_cold,4,4.3846330642700195
2161,82,15,OC1=C2C=C(S(=O)([O-])=O)C=C1CC3=C(O)C(CC4=CC(S(=O)([O-])=O)=CC(CC5=CC(S(=O)([O-])=O)=CC(CC6=CC(S(=O)([O-])=O)=CC(CC(C=C(S(=O)([O-])=O)C=C7C2)=C7O)=C6O)=C5OCCN)=C4O)=CC(S(=O)([O-])=O)=C3,[O-]C(=O)CC(C(=O)O)N,calixarene,3.400700092315674,NCCOc1c2cc(S(=O)(=O)[O-])cc1Cc1cc(S(=O)(=O)[O-])cc(c1O)Cc1cc(S(=O)(=O)[O-])cc(c1O)Cc1cc(S(=O)(=O)[O-])cc(c1O)Cc1cc(S(=O)(=O)[O-])cc(c1O)Cc1cc(S(=O)(=O)[O-])cc(c1O)C2,943BCEA8586BE526CE8501B61202A05D77257BC2BB9DA3A3C52BD077795B3D50,HOST_CAN_0111,PASS,NC(CC(=O)[O-])C(=O)O,BB5F75F5A9C5B3B73A0A3B7339C8AC7150359761D5C24F8C1D742AB3AA3BCA26,GUEST_CAN_0731,PASS,GINE,2,double_cold,4,2.3664567470550537
