row_index,host_id,guest_id,host_smiles,guest_smiles,family,y_true,host_canonical_smiles,host_canonical_key_sha256,host_alias_group_id,host_parse_status,guest_canonical_smiles,guest_canonical_key_sha256,guest_alias_group_id,guest_parse_status,model,seed,regime,fold,y_pred
4,3,4,OC[C@H]1O[C@@H]2O[C@@H]3[C@@H](CO)O[C@H](O[C@@H]4[C@@H](CO)O[C@H](O[C@@H]5[C@@H](CO)O[C@H](O[C@@H]6[C@@H](CO)O[C@H](O[C@@H]7[C@@H](CO)O[C@H](O[C@@H]8[C@@H](CO)O[C@H](O[C@H]1[C@H](O)[C@H]2O)[C@H](O)[C@H]8O)[C@H](O)[C@H]7O)[C@H](O)[C@H]6O)[C@H](O)[C@H]5O)[C@H](O)[C@H]4O)[C@H](O)[C@H]3O,[O-]C(=O)C[C@H]1C[C@@H]2C[C@H]1CC2,cyclodextrin,3.464200019836426,OC[C@H]1O[C@@H]2O[C@H]3[C@H](O)[C@@H](O)[C@@H](O[C@H]4[C@H](O)[C@@H](O)[C@@H](O[C@H]5[C@H](O)[C@@H](O)[C@@H](O[C@H]6[C@H](O)[C@@H](O)[C@@H](O[C@H]7[C@H](O)[C@@H](O)[C@@H](O[C@H]8[C@H](O)[C@@H](O)[C@@H](O[C@H]1[C@H](O)[C@H]2O)O[C@@H]8CO)O[C@@H]7CO)O[C@@H]6CO)O[C@@H]5CO)O[C@@H]4CO)O[C@@H]3CO,22584443D9512992310760C9871E3E6BDB3EDC92006F3EF1EC94F44373907EB1,HOST_CAN_0176,PASS,O=C([O-])C[C@H]1C[C@H]2CC[C@@H]1C2,A1114AD3C7D9D9E096534348D9680DC772A7E4C39CF4606A404F7B28A0CBCF90,GUEST_CAN_0902,PASS,AttentiveFP,4,host_cold,2,1.9619944095611572
5,4,5,[Na]OS(=O)(=O)CCCCOC=1C=C(C=CC1)[C@@H]1N=C(OC1)CC1=C(C(=C(C(=C1C)CC=1OC[C@@H](N1)C1=CC(=CC=C1)OCCCCS(=O)(=O)O[Na])C)CC=1OC[C@@H](N1)C1=CC(=CC=C1)OCCCCS(=O)(=O)O[Na])C,C1=CC=C(C=C1)CCN.Cl,other,1.9138000011444092,Cc1c(CC2=N[C@@H](c3cccc(OCCCCS(=O)(=O)[O][Na])c3)CO2)c(C)c(CC2=N[C@@H](c3cccc(OCCCCS(=O)(=O)[O][Na])c3)CO2)c(C)c1CC1=N[C@@H](c2cccc(OCCCCS(=O)(=O)[O][Na])c2)CO1,9E3429786C624B72E8FD089068975D2A1C33E04632FEA26EF01294722587A124,HOST_CAN_0098,PASS,Cl.NCCc1ccccc1,694C353D974E43F94B1A87CEC52C279387A77EBF6FFAF0F180A66EE64E2F9B79,GUEST_CAN_0692,PASS,AttentiveFP,4,host_cold,2,1.3636243343353271
6,5,6,CCc1c2Oc3cc4cc(c3)[C@@H]3Oc5cc6O[C@@H]7c8cc(Oc1cc(c2)C(=O)O)cc(c8)Oc1cc(cc(c1CC)Oc1cc2cc(c1)[C@H]1Oc8cc(O7)c7C(c6cc5C(c5c(O3)cc3O[C@@H](c6cc(Oc9c(c(O4)cc(c9)C(=O)O)CC)cc(c6)Oc4cc(cc(O2)c4CC)C(=O)O)Oc2c([C@@H](c3c5)CCC(=O)O)cc([C@H](c8c7)CCC(=O)O)c(O1)c2)CCC(=O)O)CCC(=O)O)C(=O)O,CC1=CC=C(C=C1)C(=O)O,other,2.4351999759674072,CCc1c2cc(C(=O)O)cc1Oc1cc3cc(c1)[C@H]1Oc4cc5c6cc4C(CCC(=O)O)c4cc7c(cc4O1)O[C@H]1Oc4cc8c(cc4[C@H]7CCC(=O)O)[C@H](CCC(=O)O)c4cc(c7cc4O[C@H](O8)c4cc(cc(c4)Oc4cc(C(=O)O)cc(c4CC)Oc4cc(cc1c4)Oc1cc(C(=O)O)cc(c1CC)O3)Oc1cc(C(=O)O)cc(c1CC)Oc1cc(cc(c1)[C@H](O5)O7)O2)C6CCC(=O)O,E72F5867663E6DAEB989707EF89DA7249ADCC77F45C9B940616AAB4553C73AA2,HOST_CAN_0048,PASS,Cc1ccc(C(=O)O)cc1,77120D4F215B3F6A20DC92D31FF568A8A5CC2FD03CD35785CF05B48416FB8C9C,GUEST_CAN_0655,PASS,AttentiveFP,4,host_cold,2,4.36163330078125
19,3,19,OC[C@H]1O[C@@H]2O[C@@H]3[C@@H](CO)O[C@H](O[C@@H]4[C@@H](CO)O[C@H](O[C@@H]5[C@@H](CO)O[C@H](O[C@@H]6[C@@H](CO)O[C@H](O[C@@H]7[C@@H](CO)O[C@H](O[C@@H]8[C@@H](CO)O[C@H](O[C@H]1[C@H](O)[C@H]2O)[C@H](O)[C@H]8O)[C@H](O)[C@H]7O)[C@H](O)[C@H]6O)[C@H](O)[C@H]5O)[C@H](O)[C@H]4O)[C@H](O)[C@H]3O,C1C2CC3C4C1C5CC(C4)CC3(C5C2)C(=O)O,cyclodextrin,4.700699806213379,OC[C@H]1O[C@@H]2O[C@H]3[C@H](O)[C@@H](O)[C@@H](O[C@H]4[C@H](O)[C@@H](O)[C@@H](O[C@H]5[C@H](O)[C@@H](O)[C@@H](O[C@H]6[C@H](O)[C@@H](O)[C@@H](O[C@H]7[C@H](O)[C@@H](O)[C@@H](O[C@H]8[C@H](O)[C@@H](O)[C@@H](O[C@H]1[C@H](O)[C@H]2O)O[C@@H]8CO)O[C@@H]7CO)O[C@@H]6CO)O[C@@H]5CO)O[C@@H]4CO)O[C@@H]3CO,22584443D9512992310760C9871E3E6BDB3EDC92006F3EF1EC94F44373907EB1,HOST_CAN_0176,PASS,O=C(O)C12CC3CC4C5CC(CC41)CC2C5C3,48FAABB3BEFF31C1DDB1F994E4251281E4462EC26D3B7665941A4D4A844D5537,GUEST_CAN_0864,PASS,AttentiveFP,4,host_cold,2,3.8443048000335693
20,3,20,OC[C@H]1O[C@@H]2O[C@@H]3[C@@H](CO)O[C@H](O[C@@H]4[C@@H](CO)O[C@H](O[C@@H]5[C@@H](CO)O[C@H](O[C@@H]6[C@@H](CO)O[C@H](O[C@@H]7[C@@H](CO)O[C@H](O[C@@H]8[C@@H](CO)O[C@H](O[C@H]1[C@H](O)[C@H]2O)[C@H](O)[C@H]8O)[C@H](O)[C@H]7O)[C@H](O)[C@H]6O)[C@H](O)[C@H]5O)[C@H](O)[C@H]4O)[C@H](O)[C@H]3O,CC(C)(C1=CC=C(C=C1)O)C2=CC=C(C=C2)O,cyclodextrin,4.901000022888184,OC[C@H]1O[C@@H]2O[C@H]3[C@H](O)[C@@H](O)[C@@H](O[C@H]4[C@H](O)[C@@H](O)[C@@H](O[C@H]5[C@H](O)[C@@H](O)[C@@H](O[C@H]6[C@H](O)[C@@H](O)[C@@H](O[C@H]7[C@H](O)[C@@H](O)[C@@H](O[C@H]8[C@H](O)[C@@H](O)[C@@H](O[C@H]1[C@H](O)[C@H]2O)O[C@@H]8CO)O[C@@H]7CO)O[C@@H]6CO)O[C@@H]5CO)O[C@@H]4CO)O[C@@H]3CO,22584443D9512992310760C9871E3E6BDB3EDC92006F3EF1EC94F44373907EB1,HOST_CAN_0176,PASS,CC(C)(c1ccc(O)cc1)c1ccc(O)cc1,A9890075C0AF3050928C7CC114364BD483577AB9CD9E240AF092AF0A4090A429,GUEST_CAN_0120,PASS,AttentiveFP,4,host_cold,2,2.473228931427002
23,18,23,CC1=C2C3=CC4=C1OC5C6=CC7=CC(=C6)OC8=CC(=CC(=C8)C(=O)O)OC9=CC1=CC(=C9)C6OC8=C(C=C(C4CCC(=O)O)C(=C8C)O5)C(C4=C(O6)C(=C5C(=C4)C(C4=C6C(=C(C(=C4)C3CCC(=O)O)OC(O2)C2=CC(=CC(=C2)OC2=CC(=CC(=C2)C(=O)O)OC2=CC(=CC(=C2)C(O5)O6)OC2=CC(=CC(=C2)C(=O)O)O1)OC1=CC(=CC(=C1)C(=O)O)O7)C)CCC(=O)O)C)CCC(=O)O,C(#N)[S-].[Na+],cavitand,1.1461000442504883,Cc1c2c3cc4c1OC1Oc5c(cc6c(c5C)OC5Oc7c(cc8c(c7C)OC7Oc9c(cc(c(c9C)OC(O2)c2cc9cc(c2)Oc2cc(cc(C(=O)O)c2)Oc2cc(cc7c2)Oc2cc(cc(C(=O)O)c2)Oc2cc(cc5c2)Oc2cc(cc(C(=O)O)c2)Oc2cc(cc1c2)Oc1cc(cc(C(=O)O)c1)O9)C3CCC(=O)O)C8CCC(=O)O)C6CCC(=O)O)C4CCC(=O)O,326FFD4B5C5565D32207155C0B129AE16AFCA7B3342F0DAD815C24AB8DFA8483,HOST_CAN_0099,PASS,N#C[S-].[Na+],C7EA3C834D4CD40D84736D62A55B84043DA6CC95962CF4DF2592DE68C06B9A69,GUEST_CAN_0714,PASS,AttentiveFP,4,host_cold,2,1.779693603515625
24,3,24,OC[C@H]1O[C@@H]2O[C@@H]3[C@@H](CO)O[C@H](O[C@@H]4[C@@H](CO)O[C@H](O[C@@H]5[C@@H](CO)O[C@H](O[C@@H]6[C@@H](CO)O[C@H](O[C@@H]7[C@@H](CO)O[C@H](O[C@@H]8[C@@H](CO)O[C@H](O[C@H]1[C@H](O)[C@H]2O)[C@H](O)[C@H]8O)[C@H](O)[C@H]7O)[C@H](O)[C@H]6O)[C@H](O)[C@H]5O)[C@H](O)[C@H]4O)[C@H](O)[C@H]3O,CCC(C1=CC=CC=C1)C(=O)O,cyclodextrin,1.9776999950408936,OC[C@H]1O[C@@H]2O[C@H]3[C@H](O)[C@@H](O)[C@@H](O[C@H]4[C@H](O)[C@@H](O)[C@@H](O[C@H]5[C@H](O)[C@@H](O)[C@@H](O[C@H]6[C@H](O)[C@@H](O)[C@@H](O[C@H]7[C@H](O)[C@@H](O)[C@@H](O[C@H]8[C@H](O)[C@@H](O)[C@@H](O[C@H]1[C@H](O)[C@H]2O)O[C@@H]8CO)O[C@@H]7CO)O[C@@H]6CO)O[C@@H]5CO)O[C@@H]4CO)O[C@@H]3CO,22584443D9512992310760C9871E3E6BDB3EDC92006F3EF1EC94F44373907EB1,HOST_CAN_0176,PASS,CCC(C(=O)O)c1ccccc1,A833AA32E4E4D5F47909A6A5843192B8E9172BC321A0D327A1BE77C60FB33C09,GUEST_CAN_0255,PASS,AttentiveFP,4,host_cold,2,2.092977285385132
28,18,28,CC1=C2C3=CC4=C1OC5C6=CC7=CC(=C6)OC8=CC(=CC(=C8)C(=O)O)OC9=CC1=CC(=C9)C6OC8=C(C=C(C4CCC(=O)O)C(=C8C)O5)C(C4=C(O6)C(=C5C(=C4)C(C4=C6C(=C(C(=C4)C3CCC(=O)O)OC(O2)C2=CC(=CC(=C2)OC2=CC(=CC(=C2)C(=O)O)OC2=CC(=CC(=C2)C(O5)O6)OC2=CC(=CC(=C2)C(=O)O)O1)OC1=CC(=CC(=C1)C(=O)O)O7)C)CCC(=O)O)C)CCC(=O)O,CS(=O)(=S)[O-].[Na+],cavitand,1.9330999851226807,Cc1c2c3cc4c1OC1Oc5c(cc6c(c5C)OC5Oc7c(cc8c(c7C)OC7Oc9c(cc(c(c9C)OC(O2)c2cc9cc(c2)Oc2cc(cc(C(=O)O)c2)Oc2cc(cc7c2)Oc2cc(cc(C(=O)O)c2)Oc2cc(cc5c2)Oc2cc(cc(C(=O)O)c2)Oc2cc(cc1c2)Oc1cc(cc(C(=O)O)c1)O9)C3CCC(=O)O)C8CCC(=O)O)C6CCC(=O)O)C4CCC(=O)O,326FFD4B5C5565D32207155C0B129AE16AFCA7B3342F0DAD815C24AB8DFA8483,HOST_CAN_0099,PASS,CS(=O)([O-])=S.[Na+],7330D51C337EE9B62FC3ED40CF088AA4E32D16B47C1B9BB338FE8B957DFD6752,GUEST_CAN_0510,PASS,AttentiveFP,4,host_cold,2,2.7985901832580566
29,22,29,Oc1c2Sc3cc(cc(c3O)Sc3cc(cc(Sc4c(c(Sc1cc(c2)S(=O)(=O)O)cc(c4)S(=O)(=O)O)O)c3O)S(=O)(=O)O)S(=O)(=O)O,C1=CC=NC=C1,calixarene,2.1958999633789062,O=S(=O)(O)c1cc2c(O)c(c1)Sc1cc(S(=O)(=O)O)cc(c1O)Sc1cc(S(=O)(=O)O)cc(c1O)Sc1cc(S(=O)(=O)O)cc(c1O)S2,5FE888C1FB51BDA35D21231A31EDB8203ACD56DD9744D0C6B83351EC668D4256,HOST_CAN_0156,PASS,c1ccncc1,75C7A4B0B41E43900BFB8055909B37897A5E104541D35413384B7FF9A1C88B83,GUEST_CAN_1147,PASS,AttentiveFP,4,host_cold,2,3.0764575004577637
30,23,30,OC[C@H]1O[C@@H]2O[C@@H]3[C@@H](CO)O[C@H](O[C@@H]4[C@@H](CO)O[C@H](O[C@@H]5[C@@H](CO)O[C@H](O[C@@H]6[C@@H](CO)O[C@H](O[C@@H]7[C@@H](CO)O[C@H](O[C@H]1[C@H](O)[C@H]2O)[C@H](O)[C@H]7O)[C@H](O)[C@H]6O)[C@H](O)[C@H]5O)[C@H](O)[C@H]4O)[C@H](O)[C@H]3O,CCCCOC1=NC2=CC=CC=C2C(=C1)C(=O)NCCN(CC)CC.Cl,cyclodextrin,2.8013999462127686,OC[C@H]1O[C@@H]2O[C@H]3[C@H](O)[C@@H](O)[C@@H](O[C@H]4[C@H](O)[C@@H](O)[C@@H](O[C@H]5[C@H](O)[C@@H](O)[C@@H](O[C@H]6[C@H](O)[C@@H](O)[C@@H](O[C@H]7[C@H](O)[C@@H](O)[C@@H](O[C@H]1[C@H](O)[C@H]2O)O[C@@H]7CO)O[C@@H]6CO)O[C@@H]5CO)O[C@@H]4CO)O[C@@H]3CO,9CB41F926A4386D7C0E23599753E6EDC60802BE1DCF577DB9B32CBB20691DB1D,HOST_CAN_0175,PASS,CCCCOc1cc(C(=O)NCCN(CC)CC)c2ccccc2n1.Cl,9EE0A4C760C05959EF862E5A33BC41138F65BC2F1C0C020F262CB04579BA1A37,GUEST_CAN_0314,PASS,AttentiveFP,4,host_cold,2,2.545010805130005
32,3,32,OC[C@H]1O[C@@H]2O[C@@H]3[C@@H](CO)O[C@H](O[C@@H]4[C@@H](CO)O[C@H](O[C@@H]5[C@@H](CO)O[C@H](O[C@@H]6[C@@H](CO)O[C@H](O[C@@H]7[C@@H](CO)O[C@H](O[C@@H]8[C@@H](CO)O[C@H](O[C@H]1[C@H](O)[C@H]2O)[C@H](O)[C@H]8O)[C@H](O)[C@H]7O)[C@H](O)[C@H]6O)[C@H](O)[C@H]5O)[C@H](O)[C@H]4O)[C@H](O)[C@H]3O,CCCCCC[NH3+],cyclodextrin,1.8220000267028809,OC[C@H]1O[C@@H]2O[C@H]3[C@H](O)[C@@H](O)[C@@H](O[C@H]4[C@H](O)[C@@H](O)[C@@H](O[C@H]5[C@H](O)[C@@H](O)[C@@H](O[C@H]6[C@H](O)[C@@H](O)[C@@H](O[C@H]7[C@H](O)[C@@H](O)[C@@H](O[C@H]8[C@H](O)[C@@H](O)[C@@H](O[C@H]1[C@H](O)[C@H]2O)O[C@@H]8CO)O[C@@H]7CO)O[C@@H]6CO)O[C@@H]5CO)O[C@@H]4CO)O[C@@H]3CO,22584443D9512992310760C9871E3E6BDB3EDC92006F3EF1EC94F44373907EB1,HOST_CAN_0176,PASS,CCCCCC[NH3+],8992B28ADCBCB2D79B0755BE71A544C4402BA92BF63E66FCAFB1B7947B8EB8A1,GUEST_CAN_0300,PASS,AttentiveFP,4,host_cold,2,1.375819206237793
36,3,36,OC[C@H]1O[C@@H]2O[C@@H]3[C@@H](CO)O[C@H](O[C@@H]4[C@@H](CO)O[C@H](O[C@@H]5[C@@H](CO)O[C@H](O[C@@H]6[C@@H](CO)O[C@H](O[C@@H]7[C@@H](CO)O[C@H](O[C@@H]8[C@@H](CO)O[C@H](O[C@H]1[C@H](O)[C@H]2O)[C@H](O)[C@H]8O)[C@H](O)[C@H]7O)[C@H](O)[C@H]6O)[C@H](O)[C@H]5O)[C@H](O)[C@H]4O)[C@H](O)[C@H]3O,CC1CCCCC1O,cyclodextrin,2.869800090789795,OC[C@H]1O[C@@H]2O[C@H]3[C@H](O)[C@@H](O)[C@@H](O[C@H]4[C@H](O)[C@@H](O)[C@@H](O[C@H]5[C@H](O)[C@@H](O)[C@@H](O[C@H]6[C@H](O)[C@@H](O)[C@@H](O[C@H]7[C@H](O)[C@@H](O)[C@@H](O[C@H]8[C@H](O)[C@@H](O)[C@@H](O[C@H]1[C@H](O)[C@H]2O)O[C@@H]8CO)O[C@@H]7CO)O[C@@H]6CO)O[C@@H]5CO)O[C@@H]4CO)O[C@@H]3CO,22584443D9512992310760C9871E3E6BDB3EDC92006F3EF1EC94F44373907EB1,HOST_CAN_0176,PASS,CC1CCCCC1O,71318E67A5954C9E37E826B43F843772CBDC256A7F54B2DAF73836E67FF82A01,GUEST_CAN_0241,PASS,AttentiveFP,4,host_cold,2,1.937574863433838
37,26,37,[Li+].[Li+].B(C1=CC=CC=C1CNCC2=CC=C(C=C2)C(=O)NC3=CC(=CC(=C3)CP(=O)([O-])OC)CP(=O)([O-])OC)(O)O,C1=CC(=C(C=C1C(CN)O)O)O,other,2.263400077819824,COP(=O)([O-])Cc1cc(CP(=O)([O-])OC)cc(NC(=O)c2ccc(CNCc3ccccc3B(O)O)cc2)c1.[Li+].[Li+],F42D7F8FEECED34D2A8CD9838DF697E6536F3F5A5AD106D19B9E9737F28D2790,HOST_CAN_0067,PASS,NCC(O)c1ccc(O)c(O)c1,7F5D32A02DE5511E772E8422081F82EE16925B55633A6CB4BB4E730CF1565495,GUEST_CAN_0775,PASS,AttentiveFP,4,host_cold,2,2.8715262413024902
41,23,41,OC[C@H]1O[C@@H]2O[C@@H]3[C@@H](CO)O[C@H](O[C@@H]4[C@@H](CO)O[C@H](O[C@@H]5[C@@H](CO)O[C@H](O[C@@H]6[C@@H](CO)O[C@H](O[C@@H]7[C@@H](CO)O[C@H](O[C@H]1[C@H](O)[C@H]2O)[C@H](O)[C@H]7O)[C@H](O)[C@H]6O)[C@H](O)[C@H]5O)[C@H](O)[C@H]4O)[C@H](O)[C@H]3O,CN(C)CCCN1C2=CC=CC=C2SC3=C1C=C(C=C3)Cl.Cl,cyclodextrin,2.1110999584198,OC[C@H]1O[C@@H]2O[C@H]3[C@H](O)[C@@H](O)[C@@H](O[C@H]4[C@H](O)[C@@H](O)[C@@H](O[C@H]5[C@H](O)[C@@H](O)[C@@H](O[C@H]6[C@H](O)[C@@H](O)[C@@H](O[C@H]7[C@H](O)[C@@H](O)[C@@H](O[C@H]1[C@H](O)[C@H]2O)O[C@@H]7CO)O[C@@H]6CO)O[C@@H]5CO)O[C@@H]4CO)O[C@@H]3CO,9CB41F926A4386D7C0E23599753E6EDC60802BE1DCF577DB9B32CBB20691DB1D,HOST_CAN_0175,PASS,CN(C)CCCN1c2ccccc2Sc2ccc(Cl)cc21.Cl,466A3D6B822D7F79D66131DFC64FF94C31CFB6206848BB51233FE4F97133C881,GUEST_CAN_0396,PASS,AttentiveFP,4,host_cold,2,2.7738280296325684
42,3,42,OC[C@H]1O[C@@H]2O[C@@H]3[C@@H](CO)O[C@H](O[C@@H]4[C@@H](CO)O[C@H](O[C@@H]5[C@@H](CO)O[C@H](O[C@@H]6[C@@H](CO)O[C@H](O[C@@H]7[C@@H](CO)O[C@H](O[C@@H]8[C@@H](CO)O[C@H](O[C@H]1[C@H](O)[C@H]2O)[C@H](O)[C@H]8O)[C@H](O)[C@H]7O)[C@H](O)[C@H]6O)[C@H](O)[C@H]5O)[C@H](O)[C@H]4O)[C@H](O)[C@H]3O,C1C2CC3CC1CC(C2)(C3)[NH3+].[Cl-],cyclodextrin,3.9367001056671143,OC[C@H]1O[C@@H]2O[C@H]3[C@H](O)[C@@H](O)[C@@H](O[C@H]4[C@H](O)[C@@H](O)[C@@H](O[C@H]5[C@H](O)[C@@H](O)[C@@H](O[C@H]6[C@H](O)[C@@H](O)[C@@H](O[C@H]7[C@H](O)[C@@H](O)[C@@H](O[C@H]8[C@H](O)[C@@H](O)[C@@H](O[C@H]1[C@H](O)[C@H]2O)O[C@@H]8CO)O[C@@H]7CO)O[C@@H]6CO)O[C@@H]5CO)O[C@@H]4CO)O[C@@H]3CO,22584443D9512992310760C9871E3E6BDB3EDC92006F3EF1EC94F44373907EB1,HOST_CAN_0176,PASS,[Cl-].[NH3+]C12CC3CC(CC(C3)C1)C2,31B358DB57154883A249C206FB6EBC9A94CE1514AC51F315DBE7234816481714,GUEST_CAN_1037,PASS,AttentiveFP,4,host_cold,2,1.9674649238586426
47,23,46,OC[C@H]1O[C@@H]2O[C@@H]3[C@@H](CO)O[C@H](O[C@@H]4[C@@H](CO)O[C@H](O[C@@H]5[C@@H](CO)O[C@H](O[C@@H]6[C@@H](CO)O[C@H](O[C@@H]7[C@@H](CO)O[C@H](O[C@H]1[C@H](O)[C@H]2O)[C@H](O)[C@H]7O)[C@H](O)[C@H]6O)[C@H](O)[C@H]5O)[C@H](O)[C@H]4O)[C@H](O)[C@H]3O,C1=CC=C(C=C1)NC2=CC=CC3=C2C(=CC=C3)S(=O)(=O)O,cyclodextrin,1.3009999990463257,OC[C@H]1O[C@@H]2O[C@H]3[C@H](O)[C@@H](O)[C@@H](O[C@H]4[C@H](O)[C@@H](O)[C@@H](O[C@H]5[C@H](O)[C@@H](O)[C@@H](O[C@H]6[C@H](O)[C@@H](O)[C@@H](O[C@H]7[C@H](O)[C@@H](O)[C@@H](O[C@H]1[C@H](O)[C@H]2O)O[C@@H]7CO)O[C@@H]6CO)O[C@@H]5CO)O[C@@H]4CO)O[C@@H]3CO,9CB41F926A4386D7C0E23599753E6EDC60802BE1DCF577DB9B32CBB20691DB1D,HOST_CAN_0175,PASS,O=S(=O)(O)c1cccc2cccc(Nc3ccccc3)c12,C8ECBFB7BFF882EF953A90B709957BBDD5A708508C39AD89F6640E78DA78E786,GUEST_CAN_0932,PASS,AttentiveFP,4,host_cold,2,3.009525775909424
51,31,50,[Li+].[Li+].COP(OC)(=O)CC1=CC(=CC(=C1)NC(CCCNCC1=C(C=CC=C1)B(O)O)=O)CP([O-])([O-])=O,C1=CC=C(C(=C1)O)O,other,2.171799898147583,COP(=O)(Cc1cc(CP(=O)([O-])[O-])cc(NC(=O)CCCNCc2ccccc2B(O)O)c1)OC.[Li+].[Li+],7C21E70373346443530CC627F376BB4B733535AF04E79A7E4ACEFF4D5857B371,HOST_CAN_0066,PASS,Oc1ccccc1O,D6044096AF0493CF06B8B5FDAA8C090BB98BA46AF75026C46D7FE4ACEF4715BB,GUEST_CAN_1007,PASS,AttentiveFP,4,host_cold,2,2.8054146766662598
61,36,59,C1CCC2C(C1)OCCOCCOC3CCCCC3OCCOCCO2,[Ag+],crown_ether,2.3499999046325684,C1CCC2OCCOCCOC3CCCCC3OCCOCCOC2C1,6324056DD7B8D486CDD96CAFC63AEDD5DD6528EA1F170F5E566BD0A62E2BF929,HOST_CAN_0001,PASS,[Ag+],385AB3836738C7EFC7DC808A8C5034474F3C2EEF8A7B03FBEE8E81030B96DBCF,GUEST_CAN_1008,PASS,AttentiveFP,4,host_cold,2,1.5596160888671875
63,3,61,OC[C@H]1O[C@@H]2O[C@@H]3[C@@H](CO)O[C@H](O[C@@H]4[C@@H](CO)O[C@H](O[C@@H]5[C@@H](CO)O[C@H](O[C@@H]6[C@@H](CO)O[C@H](O[C@@H]7[C@@H](CO)O[C@H](O[C@@H]8[C@@H](CO)O[C@H](O[C@H]1[C@H](O)[C@H]2O)[C@H](O)[C@H]8O)[C@H](O)[C@H]7O)[C@H](O)[C@H]6O)[C@H](O)[C@H]5O)[C@H](O)[C@H]4O)[C@H](O)[C@H]3O,CC(CCC(=O)[O-])C1CCC2C1(C(CC3C2C(CC4C3(CCC(C4)O)C)O)O)C.[Na+],cyclodextrin,3.6094000339508057,OC[C@H]1O[C@@H]2O[C@H]3[C@H](O)[C@@H](O)[C@@H](O[C@H]4[C@H](O)[C@@H](O)[C@@H](O[C@H]5[C@H](O)[C@@H](O)[C@@H](O[C@H]6[C@H](O)[C@@H](O)[C@@H](O[C@H]7[C@H](O)[C@@H](O)[C@@H](O[C@H]8[C@H](O)[C@@H](O)[C@@H](O[C@H]1[C@H](O)[C@H]2O)O[C@@H]8CO)O[C@@H]7CO)O[C@@H]6CO)O[C@@H]5CO)O[C@@H]4CO)O[C@@H]3CO,22584443D9512992310760C9871E3E6BDB3EDC92006F3EF1EC94F44373907EB1,HOST_CAN_0176,PASS,CC(CCC(=O)[O-])C1CCC2C3C(O)CC4CC(O)CCC4(C)C3CC(O)C12C.[Na+],6803A5516449CA62E6A3E8A89CDC620C550457C6B8ACEF02F50D3595007EB539,GUEST_CAN_0173,PASS,AttentiveFP,4,host_cold,2,3.6517281532287598
69,3,67,OC[C@H]1O[C@@H]2O[C@@H]3[C@@H](CO)O[C@H](O[C@@H]4[C@@H](CO)O[C@H](O[C@@H]5[C@@H](CO)O[C@H](O[C@@H]6[C@@H](CO)O[C@H](O[C@@H]7[C@@H](CO)O[C@H](O[C@@H]8[C@@H](CO)O[C@H](O[C@H]1[C@H](O)[C@H]2O)[C@H](O)[C@H]8O)[C@H](O)[C@H]7O)[C@H](O)[C@H]6O)[C@H](O)[C@H]5O)[C@H](O)[C@H]4O)[C@H](O)[C@H]3O,C1C2CC3C4C1C5CC(C4)CC3(C5C2)N,cyclodextrin,3.4563000202178955,OC[C@H]1O[C@@H]2O[C@H]3[C@H](O)[C@@H](O)[C@@H](O[C@H]4[C@H](O)[C@@H](O)[C@@H](O[C@H]5[C@H](O)[C@@H](O)[C@@H](O[C@H]6[C@H](O)[C@@H](O)[C@@H](O[C@H]7[C@H](O)[C@@H](O)[C@@H](O[C@H]8[C@H](O)[C@@H](O)[C@@H](O[C@H]1[C@H](O)[C@H]2O)O[C@@H]8CO)O[C@@H]7CO)O[C@@H]6CO)O[C@@H]5CO)O[C@@H]4CO)O[C@@H]3CO,22584443D9512992310760C9871E3E6BDB3EDC92006F3EF1EC94F44373907EB1,HOST_CAN_0176,PASS,NC12CC3CC4C5CC(CC41)CC2C5C3,D0E71C799C5D754B47CE30EBAFAAC1CE58193893165226F4FD8A4098AB6D7F3B,GUEST_CAN_0759,PASS,AttentiveFP,4,host_cold,2,3.24674916267395
74,42,72,OC1=C(CC2=CC(S(=O)([O-])=O)=CC(CC(C=C3S(=O)([O-])=O)=C4OCC(N)=O)=C2O)C=C(S(=O)([O-])=O)C=C1CC5=CC(S(=O)([O-])=O)=CC(CC4=C3)=C5O,NC(C(=O)O)Cc1c[nH]cn1,calixarene,2.3180999755859375,NC(=O)COc1c2cc(S(=O)(=O)[O-])cc1Cc1cc(S(=O)(=O)[O-])cc(c1O)Cc1cc(S(=O)(=O)[O-])cc(c1O)Cc1cc(S(=O)(=O)[O-])cc(c1O)C2,1F2BEDA02D00DC2C1A2D3A5BD5460849E045F21D3B673D4626094BA71BDA0464,HOST_CAN_0104,PASS,NC(Cc1c[nH]cn1)C(=O)O,FB673C9EDBC2F6C509C14A12DA10308CC8AD4E94C32BC5F3BAD448FBAA74F381,GUEST_CAN_0741,PASS,AttentiveFP,4,host_cold,2,2.577244281768799
76,23,74,OC[C@H]1O[C@@H]2O[C@@H]3[C@@H](CO)O[C@H](O[C@@H]4[C@@H](CO)O[C@H](O[C@@H]5[C@@H](CO)O[C@H](O[C@@H]6[C@@H](CO)O[C@H](O[C@@H]7[C@@H](CO)O[C@H](O[C@H]1[C@H](O)[C@H]2O)[C@H](O)[C@H]7O)[C@H](O)[C@H]6O)[C@H](O)[C@H]5O)[C@H](O)[C@H]4O)[C@H](O)[C@H]3O,C(#N)[N-]C#N.[Na+],cyclodextrin,2.1596999168395996,OC[C@H]1O[C@@H]2O[C@H]3[C@H](O)[C@@H](O)[C@@H](O[C@H]4[C@H](O)[C@@H](O)[C@@H](O[C@H]5[C@H](O)[C@@H](O)[C@@H](O[C@H]6[C@H](O)[C@@H](O)[C@@H](O[C@H]7[C@H](O)[C@@H](O)[C@@H](O[C@H]1[C@H](O)[C@H]2O)O[C@@H]7CO)O[C@@H]6CO)O[C@@H]5CO)O[C@@H]4CO)O[C@@H]3CO,9CB41F926A4386D7C0E23599753E6EDC60802BE1DCF577DB9B32CBB20691DB1D,HOST_CAN_0175,PASS,N#C[N-]C#N.[Na+],6D37A61218B4FECFFD27D0B32DDAA5973744B2E07356552A8F2C7BA36C9A1D9A,GUEST_CAN_0713,PASS,AttentiveFP,4,host_cold,2,1.9404385089874268
77,23,75,OC[C@H]1O[C@@H]2O[C@@H]3[C@@H](CO)O[C@H](O[C@@H]4[C@@H](CO)O[C@H](O[C@@H]5[C@@H](CO)O[C@H](O[C@@H]6[C@@H](CO)O[C@H](O[C@@H]7[C@@H](CO)O[C@H](O[C@H]1[C@H](O)[C@H]2O)[C@H](O)[C@H]7O)[C@H](O)[C@H]6O)[C@H](O)[C@H]5O)[C@H](O)[C@H]4O)[C@H](O)[C@H]3O,C1CCCC(CCC1)O,cyclodextrin,2.3650999069213867,OC[C@H]1O[C@@H]2O[C@H]3[C@H](O)[C@@H](O)[C@@H](O[C@H]4[C@H](O)[C@@H](O)[C@@H](O[C@H]5[C@H](O)[C@@H](O)[C@@H](O[C@H]6[C@H](O)[C@@H](O)[C@@H](O[C@H]7[C@H](O)[C@@H](O)[C@@H](O[C@H]1[C@H](O)[C@H]2O)O[C@@H]7CO)O[C@@H]6CO)O[C@@H]5CO)O[C@@H]4CO)O[C@@H]3CO,9CB41F926A4386D7C0E23599753E6EDC60802BE1DCF577DB9B32CBB20691DB1D,HOST_CAN_0175,PASS,OC1CCCCCCC1,ED9628745AB2C049C9CB75E7053732D87CB10F290C6DAF5FDB64893278C0DD30,GUEST_CAN_0966,PASS,AttentiveFP,4,host_cold,2,1.9868519306182861
78,43,76,C1COCCN2CCOCCN1CCOCCOCC2,[Ba+2],other,2.0,C1COCCN2CCOCCN(CCO1)CCOCC2,98A94C64ADA3B0E00FCE78FE7388B30022CC2F26C8BCF54DDABD5207E5AA7E8C,HOST_CAN_0002,PASS,[Ba+2],646B641AF6E7E8BB0EF6865C6EADD1E8EF78BF2568880853D320270397B832AE,GUEST_CAN_1012,PASS,AttentiveFP,4,host_cold,2,5.988437175750732
85,47,82,O=C(N2CN(C(N4CN(C(N6CN(C(N8CN(C(N%10CN%11C%13C%12N(CCCC(O)=O)C(N%13CCCC(O)=O)=O)=O)C9C%10N(CCCC(O)=O)C(N9CCCC(O)=O)=O)=O)C7C8N(CCCC(O)=O)C(N7CCCC(O)=O)=O)=O)C5C6N(CCCC(O)=O)C(N5CCCC(O)=O)=O)=O)C3C4N(CCCC(O)=O)C(N3CCCC(O)=O)=O)N(CN%12C%11=O)C1C2N(CCCC(O)=O)C(N1CCCC(O)=O)=O,[Br-],other,2.4681999683380127,O=C(O)CCCN1C(=O)N(CCCC(=O)O)C2C1N1CN3C(=O)N(CN4C(=O)N(CN5C(=O)N(CN6C(=O)N(CN7C(=O)N(CN2C1=O)C1C7N(CCCC(=O)O)C(=O)N1CCCC(=O)O)C1C6N(CCCC(=O)O)C(=O)N1CCCC(=O)O)C1C5N(CCCC(=O)O)C(=O)N1CCCC(=O)O)C1C4N(CCCC(=O)O)C(=O)N1CCCC(=O)O)C1C3N(CCCC(=O)O)C(=O)N1CCCC(=O)O,6C5C7F66B2D952E729F653DC9785C287BD871EBCB663DD839270802E514E3A70,HOST_CAN_0120,PASS,[Br-],E6DA0DF46FDF8347E7A30490E2A486EB72695875E66B86F4DB498CD7FE50292E,GUEST_CAN_1014,PASS,AttentiveFP,4,host_cold,2,2.5065531730651855
87,3,84,OC[C@H]1O[C@@H]2O[C@@H]3[C@@H](CO)O[C@H](O[C@@H]4[C@@H](CO)O[C@H](O[C@@H]5[C@@H](CO)O[C@H](O[C@@H]6[C@@H](CO)O[C@H](O[C@@H]7[C@@H](CO)O[C@H](O[C@@H]8[C@@H](CO)O[C@H](O[C@H]1[C@H](O)[C@H]2O)[C@H](O)[C@H]8O)[C@H](O)[C@H]7O)[C@H](O)[C@H]6O)[C@H](O)[C@H]5O)[C@H](O)[C@H]4O)[C@H](O)[C@H]3O,COC(=O)C(C1=CC=CC=C1)O,cyclodextrin,1.8021999597549438,OC[C@H]1O[C@@H]2O[C@H]3[C@H](O)[C@@H](O)[C@@H](O[C@H]4[C@H](O)[C@@H](O)[C@@H](O[C@H]5[C@H](O)[C@@H](O)[C@@H](O[C@H]6[C@H](O)[C@@H](O)[C@@H](O[C@H]7[C@H](O)[C@@H](O)[C@@H](O[C@H]8[C@H](O)[C@@H](O)[C@@H](O[C@H]1[C@H](O)[C@H]2O)O[C@@H]8CO)O[C@@H]7CO)O[C@@H]6CO)O[C@@H]5CO)O[C@@H]4CO)O[C@@H]3CO,22584443D9512992310760C9871E3E6BDB3EDC92006F3EF1EC94F44373907EB1,HOST_CAN_0176,PASS,COC(=O)C(O)c1ccccc1,B892487BE7DC6C082D50D46727606139C1C909344E69AFBACB6F0D3612DA1843,GUEST_CAN_0444,PASS,AttentiveFP,4,host_cold,2,2.367314338684082
88,3,85,OC[C@H]1O[C@@H]2O[C@@H]3[C@@H](CO)O[C@H](O[C@@H]4[C@@H](CO)O[C@H](O[C@@H]5[C@@H](CO)O[C@H](O[C@@H]6[C@@H](CO)O[C@H](O[C@@H]7[C@@H](CO)O[C@H](O[C@@H]8[C@@H](CO)O[C@H](O[C@H]1[C@H](O)[C@H]2O)[C@H](O)[C@H]8O)[C@H](O)[C@H]7O)[C@H](O)[C@H]6O)[C@H](O)[C@H]5O)[C@H](O)[C@H]4O)[C@H](O)[C@H]3O,COC1=C(C2=C[N+]3=C(C=C2C=C1)C4=CC5=C(C=C4CC3)OCO5)OC.[Cl-],cyclodextrin,2.071500062942505,OC[C@H]1O[C@@H]2O[C@H]3[C@H](O)[C@@H](O)[C@@H](O[C@H]4[C@H](O)[C@@H](O)[C@@H](O[C@H]5[C@H](O)[C@@H](O)[C@@H](O[C@H]6[C@H](O)[C@@H](O)[C@@H](O[C@H]7[C@H](O)[C@@H](O)[C@@H](O[C@H]8[C@H](O)[C@@H](O)[C@@H](O[C@H]1[C@H](O)[C@H]2O)O[C@@H]8CO)O[C@@H]7CO)O[C@@H]6CO)O[C@@H]5CO)O[C@@H]4CO)O[C@@H]3CO,22584443D9512992310760C9871E3E6BDB3EDC92006F3EF1EC94F44373907EB1,HOST_CAN_0176,PASS,COc1ccc2cc3[n+](cc2c1OC)CCc1cc2c(cc1-3)OCO2.[Cl-],2002F700467546FC920CE9A91096FEE4BBFBC89B967D34B7A6F925905277E3AF,GUEST_CAN_0500,PASS,AttentiveFP,4,host_cold,2,3.1725282669067383
92,36,88,C1CCC2C(C1)OCCOCCOC3CCCCC3OCCOCCO2,[Ca+2],crown_ether,0.39969998598098755,C1CCC2OCCOCCOC3CCCCC3OCCOCCOC2C1,6324056DD7B8D486CDD96CAFC63AEDD5DD6528EA1F170F5E566BD0A62E2BF929,HOST_CAN_0001,PASS,[Ca+2],561732356B8592F747BA6C15EFCD099F7FAD62C4ABEDA9A81D86C4D38151E987,GUEST_CAN_1020,PASS,AttentiveFP,4,host_cold,2,3.6326398849487305
98,3,94,OC[C@H]1O[C@@H]2O[C@@H]3[C@@H](CO)O[C@H](O[C@@H]4[C@@H](CO)O[C@H](O[C@@H]5[C@@H](CO)O[C@H](O[C@@H]6[C@@H](CO)O[C@H](O[C@@H]7[C@@H](CO)O[C@H](O[C@@H]8[C@@H](CO)O[C@H](O[C@H]1[C@H](O)[C@H]2O)[C@H](O)[C@H]8O)[C@H](O)[C@H]7O)[C@H](O)[C@H]6O)[C@H](O)[C@H]5O)[C@H](O)[C@H]4O)[C@H](O)[C@H]3O,CCCCCCC(=O)[O-],cyclodextrin,2.478600025177002,OC[C@H]1O[C@@H]2O[C@H]3[C@H](O)[C@@H](O)[C@@H](O[C@H]4[C@H](O)[C@@H](O)[C@@H](O[C@H]5[C@H](O)[C@@H](O)[C@@H](O[C@H]6[C@H](O)[C@@H](O)[C@@H](O[C@H]7[C@H](O)[C@@H](O)[C@@H](O[C@H]8[C@H](O)[C@@H](O)[C@@H](O[C@H]1[C@H](O)[C@H]2O)O[C@@H]8CO)O[C@@H]7CO)O[C@@H]6CO)O[C@@H]5CO)O[C@@H]4CO)O[C@@H]3CO,22584443D9512992310760C9871E3E6BDB3EDC92006F3EF1EC94F44373907EB1,HOST_CAN_0176,PASS,CCCCCCC(=O)[O-],A2A84647347D7613E40762E039F0B4FB832EECCE88CD47C5EE0222926819A2F5,GUEST_CAN_0275,PASS,AttentiveFP,4,host_cold,2,1.747527837753296
106,18,99,CC1=C2C3=CC4=C1OC5C6=CC7=CC(=C6)OC8=CC(=CC(=C8)C(=O)O)OC9=CC1=CC(=C9)C6OC8=C(C=C(C4CCC(=O)O)C(=C8C)O5)C(C4=C(O6)C(=C5C(=C4)C(C4=C6C(=C(C(=C4)C3CCC(=O)O)OC(O2)C2=CC(=CC(=C2)OC2=CC(=CC(=C2)C(=O)O)OC2=CC(=CC(=C2)C(O5)O6)OC2=CC(=CC(=C2)C(=O)O)O1)OC1=CC(=CC(=C1)C(=O)O)O7)C)CCC(=O)O)C)CCC(=O)O,[O-]Cl(=O)(=O)=O.[Na+],cavitand,1.8588000535964966,Cc1c2c3cc4c1OC1Oc5c(cc6c(c5C)OC5Oc7c(cc8c(c7C)OC7Oc9c(cc(c(c9C)OC(O2)c2cc9cc(c2)Oc2cc(cc(C(=O)O)c2)Oc2cc(cc7c2)Oc2cc(cc(C(=O)O)c2)Oc2cc(cc5c2)Oc2cc(cc(C(=O)O)c2)Oc2cc(cc1c2)Oc1cc(cc(C(=O)O)c1)O9)C3CCC(=O)O)C8CCC(=O)O)C6CCC(=O)O)C4CCC(=O)O,326FFD4B5C5565D32207155C0B129AE16AFCA7B3342F0DAD815C24AB8DFA8483,HOST_CAN_0099,PASS,[Na+].[O-][Cl+3]([O-])([O-])[O-],79F198E0F60D33505BEB2FD5A228F5DD74E58A284D9D51E59696EF81616913EE,GUEST_CAN_1100,PASS,AttentiveFP,4,host_cold,2,3.001786231994629
108,3,101,OC[C@H]1O[C@@H]2O[C@@H]3[C@@H](CO)O[C@H](O[C@@H]4[C@@H](CO)O[C@H](O[C@@H]5[C@@H](CO)O[C@H](O[C@@H]6[C@@H](CO)O[C@H](O[C@@H]7[C@@H](CO)O[C@H](O[C@@H]8[C@@H](CO)O[C@H](O[C@H]1[C@H](O)[C@H]2O)[C@H](O)[C@H]8O)[C@H](O)[C@H]7O)[C@H](O)[C@H]6O)[C@H](O)[C@H]5O)[C@H](O)[C@H]4O)[C@H](O)[C@H]3O,[O-]C(=O)Cc1cccc(c1)C,cyclodextrin,1.0755000114440918,OC[C@H]1O[C@@H]2O[C@H]3[C@H](O)[C@@H](O)[C@@H](O[C@H]4[C@H](O)[C@@H](O)[C@@H](O[C@H]5[C@H](O)[C@@H](O)[C@@H](O[C@H]6[C@H](O)[C@@H](O)[C@@H](O[C@H]7[C@H](O)[C@@H](O)[C@@H](O[C@H]8[C@H](O)[C@@H](O)[C@@H](O[C@H]1[C@H](O)[C@H]2O)O[C@@H]8CO)O[C@@H]7CO)O[C@@H]6CO)O[C@@H]5CO)O[C@@H]4CO)O[C@@H]3CO,22584443D9512992310760C9871E3E6BDB3EDC92006F3EF1EC94F44373907EB1,HOST_CAN_0176,PASS,Cc1cccc(CC(=O)[O-])c1,EA8EE72BEF68030647CD297CF5BD0F5EB33EE9279E33131C9E84C0970897F94B,GUEST_CAN_0666,PASS,AttentiveFP,4,host_cold,2,2.126197099685669
110,3,66,OC[C@H]1O[C@@H]2O[C@@H]3[C@@H](CO)O[C@H](O[C@@H]4[C@@H](CO)O[C@H](O[C@@H]5[C@@H](CO)O[C@H](O[C@@H]6[C@@H](CO)O[C@H](O[C@@H]7[C@@H](CO)O[C@H](O[C@@H]8[C@@H](CO)O[C@H](O[C@H]1[C@H](O)[C@H]2O)[C@H](O)[C@H]8O)[C@H](O)[C@H]7O)[C@H](O)[C@H]6O)[C@H](O)[C@H]5O)[C@H](O)[C@H]4O)[C@H](O)[C@H]3O,CCN(CC)C1=CC2=C(C=C1)C(=C3C=CC(=[N+](CC)CC)C=C3O2)C4=CC=CC=C4C(=O)O.[Cl-],cyclodextrin,3.72979998588562,OC[C@H]1O[C@@H]2O[C@H]3[C@H](O)[C@@H](O)[C@@H](O[C@H]4[C@H](O)[C@@H](O)[C@@H](O[C@H]5[C@H](O)[C@@H](O)[C@@H](O[C@H]6[C@H](O)[C@@H](O)[C@@H](O[C@H]7[C@H](O)[C@@H](O)[C@@H](O[C@H]8[C@H](O)[C@@H](O)[C@@H](O[C@H]1[C@H](O)[C@H]2O)O[C@@H]8CO)O[C@@H]7CO)O[C@@H]6CO)O[C@@H]5CO)O[C@@H]4CO)O[C@@H]3CO,22584443D9512992310760C9871E3E6BDB3EDC92006F3EF1EC94F44373907EB1,HOST_CAN_0176,PASS,CCN(CC)c1ccc2c(-c3ccccc3C(=O)O)c3ccc(=[N+](CC)CC)cc-3oc2c1.[Cl-],E6B7F92F3A311CD3784FBF712B743266F1C434D81B8F11E34C9F34FDCF2DC073,GUEST_CAN_0347,PASS,AttentiveFP,4,host_cold,2,2.9615352153778076
111,36,13,C1CCC2C(C1)OCCOCCOC3CCCCC3OCCOCCO2,[Cs+],crown_ether,1.2000000476837158,C1CCC2OCCOCCOC3CCCCC3OCCOCCOC2C1,6324056DD7B8D486CDD96CAFC63AEDD5DD6528EA1F170F5E566BD0A62E2BF929,HOST_CAN_0001,PASS,[Cs+],2007C7CB8E9E407AF1FE3CC70080E500F82FCC5BB652DA30AE9309E09D1E52EF,GUEST_CAN_1052,PASS,AttentiveFP,4,host_cold,2,1.741999626159668
115,23,106,OC[C@H]1O[C@@H]2O[C@@H]3[C@@H](CO)O[C@H](O[C@@H]4[C@@H](CO)O[C@H](O[C@@H]5[C@@H](CO)O[C@H](O[C@@H]6[C@@H](CO)O[C@H](O[C@@H]7[C@@H](CO)O[C@H](O[C@H]1[C@H](O)[C@H]2O)[C@H](O)[C@H]7O)[C@H](O)[C@H]6O)[C@H](O)[C@H]5O)[C@H](O)[C@H]4O)[C@H](O)[C@H]3O,CC1(C2CCC1(C(=O)C2)C)C,cyclodextrin,5.611000061035156,OC[C@H]1O[C@@H]2O[C@H]3[C@H](O)[C@@H](O)[C@@H](O[C@H]4[C@H](O)[C@@H](O)[C@@H](O[C@H]5[C@H](O)[C@@H](O)[C@@H](O[C@H]6[C@H](O)[C@@H](O)[C@@H](O[C@H]7[C@H](O)[C@@H](O)[C@@H](O[C@H]1[C@H](O)[C@H]2O)O[C@@H]7CO)O[C@@H]6CO)O[C@@H]5CO)O[C@@H]4CO)O[C@@H]3CO,9CB41F926A4386D7C0E23599753E6EDC60802BE1DCF577DB9B32CBB20691DB1D,HOST_CAN_0175,PASS,CC12CCC(CC1=O)C2(C)C,E24F935BD21DA0C5862F5F2938AB9A4C9205A66880F3E5382749307F674BBBCE,GUEST_CAN_0230,PASS,AttentiveFP,4,host_cold,2,2.177851438522339
122,3,111,OC[C@H]1O[C@@H]2O[C@@H]3[C@@H](CO)O[C@H](O[C@@H]4[C@@H](CO)O[C@H](O[C@@H]5[C@@H](CO)O[C@H](O[C@@H]6[C@@H](CO)O[C@H](O[C@@H]7[C@@H](CO)O[C@H](O[C@@H]8[C@@H](CO)O[C@H](O[C@H]1[C@H](O)[C@H]2O)[C@H](O)[C@H]8O)[C@H](O)[C@H]7O)[C@H](O)[C@H]6O)[C@H](O)[C@H]5O)[C@H](O)[C@H]4O)[C@H](O)[C@H]3O,[O-]C(=O)CC12C[C@@H]3C[C@H](C2)C[C@H](C1)C3.[K+],cyclodextrin,5.029399871826172,OC[C@H]1O[C@@H]2O[C@H]3[C@H](O)[C@@H](O)[C@@H](O[C@H]4[C@H](O)[C@@H](O)[C@@H](O[C@H]5[C@H](O)[C@@H](O)[C@@H](O[C@H]6[C@H](O)[C@@H](O)[C@@H](O[C@H]7[C@H](O)[C@@H](O)[C@@H](O[C@H]8[C@H](O)[C@@H](O)[C@@H](O[C@H]1[C@H](O)[C@H]2O)O[C@@H]8CO)O[C@@H]7CO)O[C@@H]6CO)O[C@@H]5CO)O[C@@H]4CO)O[C@@H]3CO,22584443D9512992310760C9871E3E6BDB3EDC92006F3EF1EC94F44373907EB1,HOST_CAN_0176,PASS,O=C([O-])CC12C[C@H]3C[C@@H](C1)C[C@@H](C2)C3.[K+],C5C5053DBF412D69C278883C5CA9706808D4A8C715517C37F2A6A2FC40562891,GUEST_CAN_0899,PASS,AttentiveFP,4,host_cold,2,2.2197868824005127
123,57,102,O=S(OC1=C2C(C3C4=CC5=C(C=C4C2C3)C6C7=C(C5C6)C=CC=C7)=C(OS(=O)([O-])=O)C8=C1C9C%10=CC(C%11C(C=CC=C%12)=C%12C%13C%11)=C%13C=C%10C8C9)([O-])=O.[Na+].[Na+],CC(=O)NC(CCCCN)C(=O)OC.Cl,other,4.6768999099731445,O=S(=O)([O-])Oc1c2c(c(OS(=O)(=O)[O-])c3c1C1CC3c3cc4c(cc31)C1CC4c3ccccc31)C1CC2c2cc3c(cc21)C1CC3c2ccccc21.[Na+].[Na+],5412FB52C8CBD58449E920A6B0055A7974AA5ED214A245A72F491F8E36BD048F,HOST_CAN_0161,PASS,COC(=O)C(CCCCN)NC(C)=O.Cl,5A0A62219231BC9A9B1FFE190DDB386916DC23A68C87DBD4EDE828D9A34D1434,GUEST_CAN_0436,PASS,AttentiveFP,4,host_cold,2,3.2121753692626953
129,22,79,Oc1c2Sc3cc(cc(c3O)Sc3cc(cc(Sc4c(c(Sc1cc(c2)S(=O)(=O)O)cc(c4)S(=O)(=O)O)O)c3O)S(=O)(=O)O)S(=O)(=O)O,C1=CC=NC(=C1)Cl,calixarene,2.1522998809814453,O=S(=O)(O)c1cc2c(O)c(c1)Sc1cc(S(=O)(=O)O)cc(c1O)Sc1cc(S(=O)(=O)O)cc(c1O)Sc1cc(S(=O)(=O)O)cc(c1O)S2,5FE888C1FB51BDA35D21231A31EDB8203ACD56DD9744D0C6B83351EC668D4256,HOST_CAN_0156,PASS,Clc1ccccn1,875F626AD0CD5BA63BC105E97857717FC9BEED942D5D42E2ED6DBC694277CD1A,GUEST_CAN_0700,PASS,AttentiveFP,4,host_cold,2,3.0313186645507812
130,43,115,C1COCCN2CCOCCN1CCOCCOCC2,[K+],other,2.0,C1COCCN2CCOCCN(CCO1)CCOCC2,98A94C64ADA3B0E00FCE78FE7388B30022CC2F26C8BCF54DDABD5207E5AA7E8C,HOST_CAN_0002,PASS,[K+],E83A78F45A613BB8008932667E03FF097984CF2701657EB6EA0AB517A34DEC0B,GUEST_CAN_1068,PASS,AttentiveFP,4,host_cold,2,3.9657139778137207
132,23,117,OC[C@H]1O[C@@H]2O[C@@H]3[C@@H](CO)O[C@H](O[C@@H]4[C@@H](CO)O[C@H](O[C@@H]5[C@@H](CO)O[C@H](O[C@@H]6[C@@H](CO)O[C@H](O[C@@H]7[C@@H](CO)O[C@H](O[C@H]1[C@H](O)[C@H]2O)[C@H](O)[C@H]7O)[C@H](O)[C@H]6O)[C@H](O)[C@H]5O)[C@H](O)[C@H]4O)[C@H](O)[C@H]3O,CCCCCCCC(=O)[O-],cyclodextrin,3.3889999389648438,OC[C@H]1O[C@@H]2O[C@H]3[C@H](O)[C@@H](O)[C@@H](O[C@H]4[C@H](O)[C@@H](O)[C@@H](O[C@H]5[C@H](O)[C@@H](O)[C@@H](O[C@H]6[C@H](O)[C@@H](O)[C@@H](O[C@H]7[C@H](O)[C@@H](O)[C@@H](O[C@H]1[C@H](O)[C@H]2O)O[C@@H]7CO)O[C@@H]6CO)O[C@@H]5CO)O[C@@H]4CO)O[C@@H]3CO,9CB41F926A4386D7C0E23599753E6EDC60802BE1DCF577DB9B32CBB20691DB1D,HOST_CAN_0175,PASS,CCCCCCCC(=O)[O-],6C7F59955968D6F66A25FA20F972DD1B465784053C347AEBF93F2935785EE3D8,GUEST_CAN_0278,PASS,AttentiveFP,4,host_cold,2,2.044041633605957
134,3,34,OC[C@H]1O[C@@H]2O[C@@H]3[C@@H](CO)O[C@H](O[C@@H]4[C@@H](CO)O[C@H](O[C@@H]5[C@@H](CO)O[C@H](O[C@@H]6[C@@H](CO)O[C@H](O[C@@H]7[C@@H](CO)O[C@H](O[C@@H]8[C@@H](CO)O[C@H](O[C@H]1[C@H](O)[C@H]2O)[C@H](O)[C@H]8O)[C@H](O)[C@H]7O)[C@H](O)[C@H]6O)[C@H](O)[C@H]5O)[C@H](O)[C@H]4O)[C@H](O)[C@H]3O,C1C2C3CC4(CC2C5CC1(CC3C5C4)O)O,cyclodextrin,5.03380012512207,OC[C@H]1O[C@@H]2O[C@H]3[C@H](O)[C@@H](O)[C@@H](O[C@H]4[C@H](O)[C@@H](O)[C@@H](O[C@H]5[C@H](O)[C@@H](O)[C@@H](O[C@H]6[C@H](O)[C@@H](O)[C@@H](O[C@H]7[C@H](O)[C@@H](O)[C@@H](O[C@H]8[C@H](O)[C@@H](O)[C@@H](O[C@H]1[C@H](O)[C@H]2O)O[C@@H]8CO)O[C@@H]7CO)O[C@@H]6CO)O[C@@H]5CO)O[C@@H]4CO)O[C@@H]3CO,22584443D9512992310760C9871E3E6BDB3EDC92006F3EF1EC94F44373907EB1,HOST_CAN_0176,PASS,OC12CC3C4CC5(O)CC3C(C1)C(C5)C4C2,AC991E13407816F89CB45E71B476B54D6B95741F30D897BD6F1DC5BADA9048B7,GUEST_CAN_0958,PASS,AttentiveFP,4,host_cold,2,3.2044997215270996
137,3,121,OC[C@H]1O[C@@H]2O[C@@H]3[C@@H](CO)O[C@H](O[C@@H]4[C@@H](CO)O[C@H](O[C@@H]5[C@@H](CO)O[C@H](O[C@@H]6[C@@H](CO)O[C@H](O[C@@H]7[C@@H](CO)O[C@H](O[C@@H]8[C@@H](CO)O[C@H](O[C@H]1[C@H](O)[C@H]2O)[C@H](O)[C@H]8O)[C@H](O)[C@H]7O)[C@H](O)[C@H]6O)[C@H](O)[C@H]5O)[C@H](O)[C@H]4O)[C@H](O)[C@H]3O,C1C2CC3C4C1C5CC(C4)(CC3C5C2)N,cyclodextrin,5.054699897766113,OC[C@H]1O[C@@H]2O[C@H]3[C@H](O)[C@@H](O)[C@@H](O[C@H]4[C@H](O)[C@@H](O)[C@@H](O[C@H]5[C@H](O)[C@@H](O)[C@@H](O[C@H]6[C@H](O)[C@@H](O)[C@@H](O[C@H]7[C@H](O)[C@@H](O)[C@@H](O[C@H]8[C@H](O)[C@@H](O)[C@@H](O[C@H]1[C@H](O)[C@H]2O)O[C@@H]8CO)O[C@@H]7CO)O[C@@H]6CO)O[C@@H]5CO)O[C@@H]4CO)O[C@@H]3CO,22584443D9512992310760C9871E3E6BDB3EDC92006F3EF1EC94F44373907EB1,HOST_CAN_0176,PASS,NC12CC3C4CC5CC3C(C1)C(C5)C4C2,13B9624BB7CB2AACC46822A3C7F30E43D3C581BDAE726763E7DE160B3EE6B9AE,GUEST_CAN_0757,PASS,AttentiveFP,4,host_cold,2,2.9685654640197754
141,61,92,Oc1c2Cc3cc(cc4c3OCCOc3c5Cc6cc(cc(Cc7c(OCCOc8c(Cc1cc(c2)S(=O)(=O)[O-])cc(cc8Cc1c(c(C4)cc(c1)S(=O)(=O)[O-])O)S(=O)(=O)[O-])c(Cc1c(c(Cc3cc(c5)S(=O)(=O)[O-])cc(c1)S(=O)(=O)[O-])O)cc(c7)S(=O)(=O)[O-])c6O)S(=O)(=O)[O-])S(=O)(=O)[O-],C[N+]1=CC=C(C=C1)C2=CC=[N+](C=C2)C.[Cl-].[Cl-],calixarene,6.555099964141846,O=S(=O)([O-])c1cc2c(O)c(c1)Cc1cc(S(=O)(=O)[O-])cc3c1OCCOc1c4cc(S(=O)(=O)[O-])cc1Cc1cc(S(=O)(=O)[O-])cc(c1O)Cc1cc(S(=O)(=O)[O-])cc(c1OCCOc1c(cc(S(=O)(=O)[O-])cc1Cc1cc(S(=O)(=O)[O-])cc(c1O)C3)C2)Cc1cc(S(=O)(=O)[O-])cc(c1O)C4,C2455B556D8BCD7020D1A83F7BB4B442A591F4C2B5AA0A2B0B23B912297BEA73,HOST_CAN_0168,PASS,C[n+]1ccc(-c2cc[n+](C)cc2)cc1.[Cl-].[Cl-],A34A59C172ABA48CFA54144DF49E70D56803B22DE394E6F3154C1D8F7DC6E5F1,GUEST_CAN_0623,PASS,AttentiveFP,4,host_cold,2,5.667418479919434
142,4,114,[Na]OS(=O)(=O)CCCCOC=1C=C(C=CC1)[C@@H]1N=C(OC1)CC1=C(C(=C(C(=C1C)CC=1OC[C@@H](N1)C1=CC(=CC=C1)OCCCCS(=O)(=O)O[Na])C)CC=1OC[C@@H](N1)C1=CC(=CC=C1)OCCCCS(=O)(=O)O[Na])C,C1=CC(=C(C=C1CCN)O)O.Cl,other,2.2067999839782715,Cc1c(CC2=N[C@@H](c3cccc(OCCCCS(=O)(=O)[O][Na])c3)CO2)c(C)c(CC2=N[C@@H](c3cccc(OCCCCS(=O)(=O)[O][Na])c3)CO2)c(C)c1CC1=N[C@@H](c2cccc(OCCCCS(=O)(=O)[O][Na])c2)CO1,9E3429786C624B72E8FD089068975D2A1C33E04632FEA26EF01294722587A124,HOST_CAN_0098,PASS,Cl.NCCc1ccc(O)c(O)c1,3F79E9799FBBC5EB4B4CED2B038F192B77EBCD775815447FBD52E31EB152AD2D,GUEST_CAN_0690,PASS,AttentiveFP,4,host_cold,2,1.3800091743469238
143,3,125,OC[C@H]1O[C@@H]2O[C@@H]3[C@@H](CO)O[C@H](O[C@@H]4[C@@H](CO)O[C@H](O[C@@H]5[C@@H](CO)O[C@H](O[C@@H]6[C@@H](CO)O[C@H](O[C@@H]7[C@@H](CO)O[C@H](O[C@@H]8[C@@H](CO)O[C@H](O[C@H]1[C@H](O)[C@H]2O)[C@H](O)[C@H]8O)[C@H](O)[C@H]7O)[C@H](O)[C@H]6O)[C@H](O)[C@H]5O)[C@H](O)[C@H]4O)[C@H](O)[C@H]3O,C1CC(C1)O,cyclodextrin,1.1461000442504883,OC[C@H]1O[C@@H]2O[C@H]3[C@H](O)[C@@H](O)[C@@H](O[C@H]4[C@H](O)[C@@H](O)[C@@H](O[C@H]5[C@H](O)[C@@H](O)[C@@H](O[C@H]6[C@H](O)[C@@H](O)[C@@H](O[C@H]7[C@H](O)[C@@H](O)[C@@H](O[C@H]8[C@H](O)[C@@H](O)[C@@H](O[C@H]1[C@H](O)[C@H]2O)O[C@@H]8CO)O[C@@H]7CO)O[C@@H]6CO)O[C@@H]5CO)O[C@@H]4CO)O[C@@H]3CO,22584443D9512992310760C9871E3E6BDB3EDC92006F3EF1EC94F44373907EB1,HOST_CAN_0176,PASS,OC1CCC1,6ABC8DFAD34103D2D8FB2F1A217519BE817BF1B0BCCC0256615C47697225A6E2,GUEST_CAN_0961,PASS,AttentiveFP,4,host_cold,2,1.6489367485046387
144,42,126,OC1=C(CC2=CC(S(=O)([O-])=O)=CC(CC(C=C3S(=O)([O-])=O)=C4OCC(N)=O)=C2O)C=C(S(=O)([O-])=O)C=C1CC5=CC(S(=O)([O-])=O)=CC(CC4=C3)=C5O,NC(C(=O)O)Cc1ccccc1,calixarene,2.6928000450134277,NC(=O)COc1c2cc(S(=O)(=O)[O-])cc1Cc1cc(S(=O)(=O)[O-])cc(c1O)Cc1cc(S(=O)(=O)[O-])cc(c1O)Cc1cc(S(=O)(=O)[O-])cc(c1O)C2,1F2BEDA02D00DC2C1A2D3A5BD5460849E045F21D3B673D4626094BA71BDA0464,HOST_CAN_0104,PASS,NC(Cc1ccccc1)C(=O)O,4B6B1236F1C31D28D9F95F736FF46B2960AFF4F6FCE3D9E76CF43DE2ADDE8B08,GUEST_CAN_0746,PASS,AttentiveFP,4,host_cold,2,2.6119227409362793
161,65,140,O=C(COC1=C(CC2=CC(OCC(O)=O)=C(C3)C=C2OCC(O)=O)C=C(OCC(O)=O)C(CC4=C(OCC(O)=O)C=C(CC5=CC(OCC(O)=O)=C(CC6=C(OCC(O)=O)C=C3C(OCC(O)=O)=C6)C=C5OCC(O)=O)C(OCC(O)=O)=C4)=C1)O,C[N+]1(CCC2=CC(=C(C=C2C1CC3=CC(=C(C=C3)OC)OC)OC)OC)CCC(=O)OCCCCCOC(=O)CC[N+]4(CCC5=CC(=C(C=C5C4CC6=CC(=C(C=C6)OC)OC)OC)OC)C,pillararene,5.18179988861084,O=C(O)COc1cc2c(OCC(=O)O)cc1Cc1cc(OCC(=O)O)c(cc1OCC(=O)O)Cc1cc(OCC(=O)O)c(cc1OCC(=O)O)Cc1cc(OCC(=O)O)c(cc1OCC(=O)O)Cc1cc(OCC(=O)O)c(cc1OCC(=O)O)C2,D554EF58E2285AB1E087AF8FFC6B903FE8A63389351C9D80310C0632D55CFBCA,HOST_CAN_0132,PASS,COc1ccc(CC2c3cc(OC)c(OC)cc3CC[N+]2(C)CCC(=O)OCCCCCOC(=O)CC[N+]2(C)CCc3cc(OC)c(OC)cc3C2Cc2ccc(OC)c(OC)c2)cc1OC,7CB80D14DBDE4459301A58035D4B211AB0E120E8FE777FBFBF14FB9517D00D03,GUEST_CAN_0486,PASS,AttentiveFP,4,host_cold,2,5.599052429199219
166,23,144,OC[C@H]1O[C@@H]2O[C@@H]3[C@@H](CO)O[C@H](O[C@@H]4[C@@H](CO)O[C@H](O[C@@H]5[C@@H](CO)O[C@H](O[C@@H]6[C@@H](CO)O[C@H](O[C@@H]7[C@@H](CO)O[C@H](O[C@H]1[C@H](O)[C@H]2O)[C@H](O)[C@H]7O)[C@H](O)[C@H]6O)[C@H](O)[C@H]5O)[C@H](O)[C@H]4O)[C@H](O)[C@H]3O,CCCCCCCC[NH3+],cyclodextrin,3.3757998943328857,OC[C@H]1O[C@@H]2O[C@H]3[C@H](O)[C@@H](O)[C@@H](O[C@H]4[C@H](O)[C@@H](O)[C@@H](O[C@H]5[C@H](O)[C@@H](O)[C@@H](O[C@H]6[C@H](O)[C@@H](O)[C@@H](O[C@H]7[C@H](O)[C@@H](O)[C@@H](O[C@H]1[C@H](O)[C@H]2O)O[C@@H]7CO)O[C@@H]6CO)O[C@@H]5CO)O[C@@H]4CO)O[C@@H]3CO,9CB41F926A4386D7C0E23599753E6EDC60802BE1DCF577DB9B32CBB20691DB1D,HOST_CAN_0175,PASS,CCCCCCCC[NH3+],1178012123C2560013F8A9850D3C737CDE7A80F90877A96DCDCEC52AF0305D60,GUEST_CAN_0290,PASS,AttentiveFP,4,host_cold,2,1.7697763442993164
176,68,27,Oc1c2cc(cc1Cc1cc(cc(c1O)Cc1c(c(Cc3c(c(C2)cc(c3)S(=O)(=O)O)O)cc(c1)S(=O)(=O)O)O)S(=O)(=O)O)NS(=O)(=O)c1ccc(cc1)C(=O)O,NCCCCC(C(=O)NC(C(=O)NC(C(=O)NC(=O)C(NC(C(=O)NC(C(=O)NC(C(=O)NC(C(=O)NCC(=O)NC(C(=O)N)Cc1ccc(cc1)O)C(O)C)CO)CCCC[N+](C)(C)C)CCCNC(=N)N)C)C(O)C)CCC(=O)N)NC(=O)C(C(O)C)NC(=O)C(NC(=O)C(N)C)CCCNC(=N)N,calixarene,6.724299907684326,O=C(O)c1ccc(S(=O)(=O)Nc2cc3c(O)c(c2)Cc2cc(S(=O)(=O)O)cc(c2O)Cc2cc(S(=O)(=O)O)cc(c2O)Cc2cc(S(=O)(=O)O)cc(c2O)C3)cc1,698FBD7126562AC5EF98798BC16D048473423AD0A0BD659BE98F031178BD7864,HOST_CAN_0136,PASS,CC(N)C(=O)NC(CCCNC(=N)N)C(=O)NC(C(=O)NC(CCCCN)C(=O)NC(CCC(N)=O)C(=O)NC(C(=O)NC(=O)C(C)NC(CCCNC(=N)N)C(=O)NC(CCCC[N+](C)(C)C)C(=O)NC(CO)C(=O)NC(C(=O)NCC(=O)NC(Cc1ccc(O)cc1)C(N)=O)C(C)O)C(C)O)C(C)O,FDB24492C01844597473AA7C2BD6C580BEC794EA067753C199B126BE41E8D5FA,GUEST_CAN_0177,PASS,AttentiveFP,4,host_cold,2,6.184851169586182
180,23,99,OC[C@H]1O[C@@H]2O[C@@H]3[C@@H](CO)O[C@H](O[C@@H]4[C@@H](CO)O[C@H](O[C@@H]5[C@@H](CO)O[C@H](O[C@@H]6[C@@H](CO)O[C@H](O[C@@H]7[C@@H](CO)O[C@H](O[C@H]1[C@H](O)[C@H]2O)[C@H](O)[C@H]7O)[C@H](O)[C@H]6O)[C@H](O)[C@H]5O)[C@H](O)[C@H]4O)[C@H](O)[C@H]3O,[O-]Cl(=O)(=O)=O.[Na+],cyclodextrin,1.1324000358581543,OC[C@H]1O[C@@H]2O[C@H]3[C@H](O)[C@@H](O)[C@@H](O[C@H]4[C@H](O)[C@@H](O)[C@@H](O[C@H]5[C@H](O)[C@@H](O)[C@@H](O[C@H]6[C@H](O)[C@@H](O)[C@@H](O[C@H]7[C@H](O)[C@@H](O)[C@@H](O[C@H]1[C@H](O)[C@H]2O)O[C@@H]7CO)O[C@@H]6CO)O[C@@H]5CO)O[C@@H]4CO)O[C@@H]3CO,9CB41F926A4386D7C0E23599753E6EDC60802BE1DCF577DB9B32CBB20691DB1D,HOST_CAN_0175,PASS,[Na+].[O-][Cl+3]([O-])([O-])[O-],79F198E0F60D33505BEB2FD5A228F5DD74E58A284D9D51E59696EF81616913EE,GUEST_CAN_1100,PASS,AttentiveFP,4,host_cold,2,1.5327587127685547
193,3,168,OC[C@H]1O[C@@H]2O[C@@H]3[C@@H](CO)O[C@H](O[C@@H]4[C@@H](CO)O[C@H](O[C@@H]5[C@@H](CO)O[C@H](O[C@@H]6[C@@H](CO)O[C@H](O[C@@H]7[C@@H](CO)O[C@H](O[C@@H]8[C@@H](CO)O[C@H](O[C@H]1[C@H](O)[C@H]2O)[C@H](O)[C@H]8O)[C@H](O)[C@H]7O)[C@H](O)[C@H]6O)[C@H](O)[C@H]5O)[C@H](O)[C@H]4O)[C@H](O)[C@H]3O,C1=CC=C(C=C1)C2OC(C(O2)CO)CO,cyclodextrin,2.060699939727783,OC[C@H]1O[C@@H]2O[C@H]3[C@H](O)[C@@H](O)[C@@H](O[C@H]4[C@H](O)[C@@H](O)[C@@H](O[C@H]5[C@H](O)[C@@H](O)[C@@H](O[C@H]6[C@H](O)[C@@H](O)[C@@H](O[C@H]7[C@H](O)[C@@H](O)[C@@H](O[C@H]8[C@H](O)[C@@H](O)[C@@H](O[C@H]1[C@H](O)[C@H]2O)O[C@@H]8CO)O[C@@H]7CO)O[C@@H]6CO)O[C@@H]5CO)O[C@@H]4CO)O[C@@H]3CO,22584443D9512992310760C9871E3E6BDB3EDC92006F3EF1EC94F44373907EB1,HOST_CAN_0176,PASS,OCC1OC(c2ccccc2)OC1CO,005954E8CCC7C668464B085A2C6ABD3E2C4B2AC84B8D2A8584B87A13239FC98B,GUEST_CAN_0973,PASS,AttentiveFP,4,host_cold,2,2.73614764213562
195,73,109,C1C2=CC(=CC(=C2O)CC3=CC(=CC(=C3O)CC4=CC(=CC(=C4O)CC5=C(C(=CC(=C5)S(=O)(=O)O)CC6=C(C1=CC(=C6)S(=O)(=O)O)O)O)S(=O)(=O)O)S(=O)(=O)O)S(=O)(=O)O,C(CC(C(=O)O)N)CN=C(N)N,calixarene,3.0085999965667725,O=S(=O)(O)c1cc2c(O)c(c1)Cc1cc(S(=O)(=O)O)cc(c1O)Cc1cc(S(=O)(=O)O)cc(c1O)Cc1cc(S(=O)(=O)O)cc(c1O)Cc1cc(S(=O)(=O)O)cc(c1O)C2,CE64A1CA71928E5DE79CF9633E11D44D0BC2C175AB3D980BF8052807605CA8CC,HOST_CAN_0155,PASS,NC(N)=NCCCC(N)C(=O)O,0E8C75093E2FC997DA04592D0B5BF85F1497CF3AA52A61C1DE57D4718119AA31,GUEST_CAN_0751,PASS,AttentiveFP,4,host_cold,2,3.0435400009155273
197,31,171,[Li+].[Li+].COP(OC)(=O)CC1=CC(=CC(=C1)NC(CCCNCC1=C(C=CC=C1)B(O)O)=O)CP([O-])([O-])=O,C1=CC(=C(C=C1CCN)O)O,other,2.3452999591827393,COP(=O)(Cc1cc(CP(=O)([O-])[O-])cc(NC(=O)CCCNCc2ccccc2B(O)O)c1)OC.[Li+].[Li+],7C21E70373346443530CC627F376BB4B733535AF04E79A7E4ACEFF4D5857B371,HOST_CAN_0066,PASS,NCCc1ccc(O)c(O)c1,8C989074BC36C962545C6731CBB09A9BCEAD59D65B1AEE4A0B8B096CFFB8E510,GUEST_CAN_0808,PASS,AttentiveFP,4,host_cold,2,2.6955223083496094
198,4,172,[Na]OS(=O)(=O)CCCCOC=1C=C(C=CC1)[C@@H]1N=C(OC1)CC1=C(C(=C(C(=C1C)CC=1OC[C@@H](N1)C1=CC(=CC=C1)OCCCCS(=O)(=O)O[Na])C)CC=1OC[C@@H](N1)C1=CC(=CC=C1)OCCCCS(=O)(=O)O[Na])C,C(CC(=O)O)CN,other,1.0,Cc1c(CC2=N[C@@H](c3cccc(OCCCCS(=O)(=O)[O][Na])c3)CO2)c(C)c(CC2=N[C@@H](c3cccc(OCCCCS(=O)(=O)[O][Na])c3)CO2)c(C)c1CC1=N[C@@H](c2cccc(OCCCCS(=O)(=O)[O][Na])c2)CO1,9E3429786C624B72E8FD089068975D2A1C33E04632FEA26EF01294722587A124,HOST_CAN_0098,PASS,NCCCC(=O)O,27B4AB76DF9E47A44493DE80500C8BD7328EB6FF0484FAA1847C0A6236987891,GUEST_CAN_0779,PASS,AttentiveFP,4,host_cold,2,0.5832433700561523
199,18,173,CC1=C2C3=CC4=C1OC5C6=CC7=CC(=C6)OC8=CC(=CC(=C8)C(=O)O)OC9=CC1=CC(=C9)C6OC8=C(C=C(C4CCC(=O)O)C(=C8C)O5)C(C4=C(O6)C(=C5C(=C4)C(C4=C6C(=C(C(=C4)C3CCC(=O)O)OC(O2)C2=CC(=CC(=C2)OC2=CC(=CC(=C2)C(=O)O)OC2=CC(=CC(=C2)C(O5)O6)OC2=CC(=CC(=C2)C(=O)O)O1)OC1=CC(=CC(=C1)C(=O)O)O7)C)CCC(=O)O)C)CCC(=O)O,CC(=C)C1CCC(=CC1)C(=O)O,cavitand,4.992099761962891,Cc1c2c3cc4c1OC1Oc5c(cc6c(c5C)OC5Oc7c(cc8c(c7C)OC7Oc9c(cc(c(c9C)OC(O2)c2cc9cc(c2)Oc2cc(cc(C(=O)O)c2)Oc2cc(cc7c2)Oc2cc(cc(C(=O)O)c2)Oc2cc(cc5c2)Oc2cc(cc(C(=O)O)c2)Oc2cc(cc1c2)Oc1cc(cc(C(=O)O)c1)O9)C3CCC(=O)O)C8CCC(=O)O)C6CCC(=O)O)C4CCC(=O)O,326FFD4B5C5565D32207155C0B129AE16AFCA7B3342F0DAD815C24AB8DFA8483,HOST_CAN_0099,PASS,C=C(C)C1CC=C(C(=O)O)CC1,7411A08C1732941061C7E066D7426FC72483A8246B403E7217C058A46226BD11,GUEST_CAN_0042,PASS,AttentiveFP,4,host_cold,2,4.471465110778809
203,3,177,OC[C@H]1O[C@@H]2O[C@@H]3[C@@H](CO)O[C@H](O[C@@H]4[C@@H](CO)O[C@H](O[C@@H]5[C@@H](CO)O[C@H](O[C@@H]6[C@@H](CO)O[C@H](O[C@@H]7[C@@H](CO)O[C@H](O[C@@H]8[C@@H](CO)O[C@H](O[C@H]1[C@H](O)[C@H]2O)[C@H](O)[C@H]8O)[C@H](O)[C@H]7O)[C@H](O)[C@H]6O)[C@H](O)[C@H]5O)[C@H](O)[C@H]4O)[C@H](O)[C@H]3O,C1=CC=C2C(=C1)C(=O)OC2(C3=CC=C(C=C3)O)C4=CC=C(C=C4)O,cyclodextrin,4.676700115203857,OC[C@H]1O[C@@H]2O[C@H]3[C@H](O)[C@@H](O)[C@@H](O[C@H]4[C@H](O)[C@@H](O)[C@@H](O[C@H]5[C@H](O)[C@@H](O)[C@@H](O[C@H]6[C@H](O)[C@@H](O)[C@@H](O[C@H]7[C@H](O)[C@@H](O)[C@@H](O[C@H]8[C@H](O)[C@@H](O)[C@@H](O[C@H]1[C@H](O)[C@H]2O)O[C@@H]8CO)O[C@@H]7CO)O[C@@H]6CO)O[C@@H]5CO)O[C@@H]4CO)O[C@@H]3CO,22584443D9512992310760C9871E3E6BDB3EDC92006F3EF1EC94F44373907EB1,HOST_CAN_0176,PASS,O=C1OC(c2ccc(O)cc2)(c2ccc(O)cc2)c2ccccc21,8B6A078C20DF8C97EAEB581B4C52931EB6E1C86D71F32C0714DA3023DA02626D,GUEST_CAN_0922,PASS,AttentiveFP,4,host_cold,2,3.085611343383789
207,3,180,OC[C@H]1O[C@@H]2O[C@@H]3[C@@H](CO)O[C@H](O[C@@H]4[C@@H](CO)O[C@H](O[C@@H]5[C@@H](CO)O[C@H](O[C@@H]6[C@@H](CO)O[C@H](O[C@@H]7[C@@H](CO)O[C@H](O[C@@H]8[C@@H](CO)O[C@H](O[C@H]1[C@H](O)[C@H]2O)[C@H](O)[C@H]8O)[C@H](O)[C@H]7O)[C@H](O)[C@H]6O)[C@H](O)[C@H]5O)[C@H](O)[C@H]4O)[C@H](O)[C@H]3O,CC(C)(C)OC(=O)NC(CO)C(=O)O,cyclodextrin,2.4547998905181885,OC[C@H]1O[C@@H]2O[C@H]3[C@H](O)[C@@H](O)[C@@H](O[C@H]4[C@H](O)[C@@H](O)[C@@H](O[C@H]5[C@H](O)[C@@H](O)[C@@H](O[C@H]6[C@H](O)[C@@H](O)[C@@H](O[C@H]7[C@H](O)[C@@H](O)[C@@H](O[C@H]8[C@H](O)[C@@H](O)[C@@H](O[C@H]1[C@H](O)[C@H]2O)O[C@@H]8CO)O[C@@H]7CO)O[C@@H]6CO)O[C@@H]5CO)O[C@@H]4CO)O[C@@H]3CO,22584443D9512992310760C9871E3E6BDB3EDC92006F3EF1EC94F44373907EB1,HOST_CAN_0176,PASS,CC(C)(C)OC(=O)NC(CO)C(=O)O,9C072C635240272D161234ED2122491B5C1F5E1B1186597B887F19829F1581EE,GUEST_CAN_0113,PASS,AttentiveFP,4,host_cold,2,1.8659212589263916
215,23,187,OC[C@H]1O[C@@H]2O[C@@H]3[C@@H](CO)O[C@H](O[C@@H]4[C@@H](CO)O[C@H](O[C@@H]5[C@@H](CO)O[C@H](O[C@@H]6[C@@H](CO)O[C@H](O[C@@H]7[C@@H](CO)O[C@H](O[C@H]1[C@H](O)[C@H]2O)[C@H](O)[C@H]7O)[C@H](O)[C@H]6O)[C@H](O)[C@H]5O)[C@H](O)[C@H]4O)[C@H](O)[C@H]3O,CCC(C)C(C1=CC=CC=C1)C(=O)OCC[N+](C)(CC)CC.[Br-],cyclodextrin,1.8997999429702759,OC[C@H]1O[C@@H]2O[C@H]3[C@H](O)[C@@H](O)[C@@H](O[C@H]4[C@H](O)[C@@H](O)[C@@H](O[C@H]5[C@H](O)[C@@H](O)[C@@H](O[C@H]6[C@H](O)[C@@H](O)[C@@H](O[C@H]7[C@H](O)[C@@H](O)[C@@H](O[C@H]1[C@H](O)[C@H]2O)O[C@@H]7CO)O[C@@H]6CO)O[C@@H]5CO)O[C@@H]4CO)O[C@@H]3CO,9CB41F926A4386D7C0E23599753E6EDC60802BE1DCF577DB9B32CBB20691DB1D,HOST_CAN_0175,PASS,CCC(C)C(C(=O)OCC[N+](C)(CC)CC)c1ccccc1.[Br-],F14832804F3AFFF114BFCBD52BEFB4558702666E47D58676E968FE363E66A6E0,GUEST_CAN_0258,PASS,AttentiveFP,4,host_cold,2,2.459601879119873
219,3,190,OC[C@H]1O[C@@H]2O[C@@H]3[C@@H](CO)O[C@H](O[C@@H]4[C@@H](CO)O[C@H](O[C@@H]5[C@@H](CO)O[C@H](O[C@@H]6[C@@H](CO)O[C@H](O[C@@H]7[C@@H](CO)O[C@H](O[C@@H]8[C@@H](CO)O[C@H](O[C@H]1[C@H](O)[C@H]2O)[C@H](O)[C@H]8O)[C@H](O)[C@H]7O)[C@H](O)[C@H]6O)[C@H](O)[C@H]5O)[C@H](O)[C@H]4O)[C@H](O)[C@H]3O,O=CC1=CC2=C(C=C1)SC3=CC=CC=C3O2,cyclodextrin,3.709700107574463,OC[C@H]1O[C@@H]2O[C@H]3[C@H](O)[C@@H](O)[C@@H](O[C@H]4[C@H](O)[C@@H](O)[C@@H](O[C@H]5[C@H](O)[C@@H](O)[C@@H](O[C@H]6[C@H](O)[C@@H](O)[C@@H](O[C@H]7[C@H](O)[C@@H](O)[C@@H](O[C@H]8[C@H](O)[C@@H](O)[C@@H](O[C@H]1[C@H](O)[C@H]2O)O[C@@H]8CO)O[C@@H]7CO)O[C@@H]6CO)O[C@@H]5CO)O[C@@H]4CO)O[C@@H]3CO,22584443D9512992310760C9871E3E6BDB3EDC92006F3EF1EC94F44373907EB1,HOST_CAN_0176,PASS,O=Cc1ccc2c(c1)Oc1ccccc1S2,0371CA049A24F756EA56B5A2DCD4377B6CA983C0CF51F1A38D09CDF0B5ECD17E,GUEST_CAN_0929,PASS,AttentiveFP,4,host_cold,2,2.7243707180023193
228,3,197,OC[C@H]1O[C@@H]2O[C@@H]3[C@@H](CO)O[C@H](O[C@@H]4[C@@H](CO)O[C@H](O[C@@H]5[C@@H](CO)O[C@H](O[C@@H]6[C@@H](CO)O[C@H](O[C@@H]7[C@@H](CO)O[C@H](O[C@@H]8[C@@H](CO)O[C@H](O[C@H]1[C@H](O)[C@H]2O)[C@H](O)[C@H]8O)[C@H](O)[C@H]7O)[C@H](O)[C@H]6O)[C@H](O)[C@H]5O)[C@H](O)[C@H]4O)[C@H](O)[C@H]3O,CC(CC(=O)[O-])C1=CC=CC=C1,cyclodextrin,2.5785999298095703,OC[C@H]1O[C@@H]2O[C@H]3[C@H](O)[C@@H](O)[C@@H](O[C@H]4[C@H](O)[C@@H](O)[C@@H](O[C@H]5[C@H](O)[C@@H](O)[C@@H](O[C@H]6[C@H](O)[C@@H](O)[C@@H](O[C@H]7[C@H](O)[C@@H](O)[C@@H](O[C@H]8[C@H](O)[C@@H](O)[C@@H](O[C@H]1[C@H](O)[C@H]2O)O[C@@H]8CO)O[C@@H]7CO)O[C@@H]6CO)O[C@@H]5CO)O[C@@H]4CO)O[C@@H]3CO,22584443D9512992310760C9871E3E6BDB3EDC92006F3EF1EC94F44373907EB1,HOST_CAN_0176,PASS,CC(CC(=O)[O-])c1ccccc1,A9CF174FC972F9A8D9A16439D2FD1FF5002FB2922B053D07F1C6EADA580066B0,GUEST_CAN_0167,PASS,AttentiveFP,4,host_cold,2,2.2096686363220215
229,78,198,COC[C@@H]1O[C@H]2O[C@@H]3[C@@H](COC)O[C@@H]([C@@H]([C@H]3OC)OC)O[C@@H]3[C@@H](COC)O[C@@H]([C@@H]([C@H]3OC)OC)O[C@@H]3[C@@H](COC)O[C@@H]([C@@H]([C@H]3OC)OC)O[C@H]3[C@@H](O[C@@H](O[C@H]4[C@@H](O[C@@H](O[C@H]5[C@@H](O[C@@H](O[C@@H]1[C@H]([C@@H]2OC)OC)[C@@H](OC)[C@@H]5OC)COC)[C@@H](OC)[C@@H]4OC)COC)[C@@H](OC)[C@@H]3OC)COC,CC(CCC(=O)[O-])C1CCC2C1(C(CC3C2CCC4C3(CCC(C4)O)C)O)C.[Na+],cyclodextrin,2.888700008392334,COC[C@@H]1O[C@H]2O[C@@H]3[C@@H](OC)[C@H](OC)[C@H](O[C@H]4[C@H](OC)[C@@H](OC)[C@@H](O[C@H]5[C@H](OC)[C@@H](OC)[C@@H](O[C@H]6[C@H](OC)[C@@H](OC)[C@@H](O[C@@H]7[C@@H](OC)[C@H](OC)[C@H](O[C@@H]8[C@@H](OC)[C@H](OC)[C@H](O[C@@H]1[C@@H](OC)[C@@H]2OC)O[C@H]8COC)O[C@H]7COC)O[C@@H]6COC)O[C@@H]5COC)O[C@@H]4COC)O[C@H]3COC,4DBC704653D506001F39C2066C78337580D179894FB25234B01BA86A08D866EF,HOST_CAN_0061,PASS,CC(CCC(=O)[O-])C1CCC2C3CCC4CC(O)CCC4(C)C3CC(O)C12C.[Na+],AAE8955CE9801473265577821D0239EBE4B6812D89DD2C64FBC72356DA8A31D4,GUEST_CAN_0174,PASS,AttentiveFP,4,host_cold,2,3.621299982070923
233,3,193,OC[C@H]1O[C@@H]2O[C@@H]3[C@@H](CO)O[C@H](O[C@@H]4[C@@H](CO)O[C@H](O[C@@H]5[C@@H](CO)O[C@H](O[C@@H]6[C@@H](CO)O[C@H](O[C@@H]7[C@@H](CO)O[C@H](O[C@@H]8[C@@H](CO)O[C@H](O[C@H]1[C@H](O)[C@H]2O)[C@H](O)[C@H]8O)[C@H](O)[C@H]7O)[C@H](O)[C@H]6O)[C@H](O)[C@H]5O)[C@H](O)[C@H]4O)[C@H](O)[C@H]3O,O=C(OCCCC)C1=CC=CC=C1C(C2=CC=C(N(CC)CC)C=C2O3)=C(C=C/4)C3=CC4=[N+](CC)\CC,cyclodextrin,3.608599901199341,OC[C@H]1O[C@@H]2O[C@H]3[C@H](O)[C@@H](O)[C@@H](O[C@H]4[C@H](O)[C@@H](O)[C@@H](O[C@H]5[C@H](O)[C@@H](O)[C@@H](O[C@H]6[C@H](O)[C@@H](O)[C@@H](O[C@H]7[C@H](O)[C@@H](O)[C@@H](O[C@H]8[C@H](O)[C@@H](O)[C@@H](O[C@H]1[C@H](O)[C@H]2O)O[C@@H]8CO)O[C@@H]7CO)O[C@@H]6CO)O[C@@H]5CO)O[C@@H]4CO)O[C@@H]3CO,22584443D9512992310760C9871E3E6BDB3EDC92006F3EF1EC94F44373907EB1,HOST_CAN_0176,PASS,CCCCOC(=O)c1ccccc1-c1c2ccc(=[N+](CC)CC)cc-2oc2cc(N(CC)CC)ccc12,6ABF93E22B781100842BF1EFD6E3AD46FB805AD371C665171C9FD4F38F91728F,GUEST_CAN_0313,PASS,AttentiveFP,4,host_cold,2,2.8662219047546387
235,3,202,OC[C@H]1O[C@@H]2O[C@@H]3[C@@H](CO)O[C@H](O[C@@H]4[C@@H](CO)O[C@H](O[C@@H]5[C@@H](CO)O[C@H](O[C@@H]6[C@@H](CO)O[C@H](O[C@@H]7[C@@H](CO)O[C@H](O[C@@H]8[C@@H](CO)O[C@H](O[C@H]1[C@H](O)[C@H]2O)[C@H](O)[C@H]8O)[C@H](O)[C@H]7O)[C@H](O)[C@H]6O)[C@H](O)[C@H]5O)[C@H](O)[C@H]4O)[C@H](O)[C@H]3O,CC(=O)NC1=CC=CC2=CC=CC=C21,cyclodextrin,2.1205999851226807,OC[C@H]1O[C@@H]2O[C@H]3[C@H](O)[C@@H](O)[C@@H](O[C@H]4[C@H](O)[C@@H](O)[C@@H](O[C@H]5[C@H](O)[C@@H](O)[C@@H](O[C@H]6[C@H](O)[C@@H](O)[C@@H](O[C@H]7[C@H](O)[C@@H](O)[C@@H](O[C@H]8[C@H](O)[C@@H](O)[C@@H](O[C@H]1[C@H](O)[C@H]2O)O[C@@H]8CO)O[C@@H]7CO)O[C@@H]6CO)O[C@@H]5CO)O[C@@H]4CO)O[C@@H]3CO,22584443D9512992310760C9871E3E6BDB3EDC92006F3EF1EC94F44373907EB1,HOST_CAN_0176,PASS,CC(=O)Nc1cccc2ccccc12,D7BBFA009F1ACE5746B547F62EE80A82A9330BC4AF24DA68AAB11DBD7D32EF95,GUEST_CAN_0091,PASS,AttentiveFP,4,host_cold,2,2.398775577545166
237,3,204,OC[C@H]1O[C@@H]2O[C@@H]3[C@@H](CO)O[C@H](O[C@@H]4[C@@H](CO)O[C@H](O[C@@H]5[C@@H](CO)O[C@H](O[C@@H]6[C@@H](CO)O[C@H](O[C@@H]7[C@@H](CO)O[C@H](O[C@@H]8[C@@H](CO)O[C@H](O[C@H]1[C@H](O)[C@H]2O)[C@H](O)[C@H]8O)[C@H](O)[C@H]7O)[C@H](O)[C@H]6O)[C@H](O)[C@H]5O)[C@H](O)[C@H]4O)[C@H](O)[C@H]3O,OCC[n+]1ccc(cc1/C=C(/C=C/C=C(/C=C/C1=C(C)CCCC1(C)C)\C)\C)/C=C/C=C(/C=C/C1=C(C)CCCC1(C)C)\C,cyclodextrin,2.397900104522705,OC[C@H]1O[C@@H]2O[C@H]3[C@H](O)[C@@H](O)[C@@H](O[C@H]4[C@H](O)[C@@H](O)[C@@H](O[C@H]5[C@H](O)[C@@H](O)[C@@H](O[C@H]6[C@H](O)[C@@H](O)[C@@H](O[C@H]7[C@H](O)[C@@H](O)[C@@H](O[C@H]8[C@H](O)[C@@H](O)[C@@H](O[C@H]1[C@H](O)[C@H]2O)O[C@@H]8CO)O[C@@H]7CO)O[C@@H]6CO)O[C@@H]5CO)O[C@@H]4CO)O[C@@H]3CO,22584443D9512992310760C9871E3E6BDB3EDC92006F3EF1EC94F44373907EB1,HOST_CAN_0176,PASS,CC1=C(/C=C/C(C)=C/C=C/C(C)=C/c2cc(/C=C/C=C(C)/C=C/C3=C(C)CCCC3(C)C)cc[n+]2CCO)C(C)(C)CCC1,AF14544FD45BF36DD2281117A67D98511285A66EC9BB7F5547CB09A7BFEAD670,GUEST_CAN_0236,PASS,AttentiveFP,4,host_cold,2,2.431209087371826
239,3,180,OC[C@H]1O[C@@H]2O[C@@H]3[C@@H](CO)O[C@H](O[C@@H]4[C@@H](CO)O[C@H](O[C@@H]5[C@@H](CO)O[C@H](O[C@@H]6[C@@H](CO)O[C@H](O[C@@H]7[C@@H](CO)O[C@H](O[C@@H]8[C@@H](CO)O[C@H](O[C@H]1[C@H](O)[C@H]2O)[C@H](O)[C@H]8O)[C@H](O)[C@H]7O)[C@H](O)[C@H]6O)[C@H](O)[C@H]5O)[C@H](O)[C@H]4O)[C@H](O)[C@H]3O,CC(C)(C)OC(=O)NC(CO)C(=O)O,cyclodextrin,2.4856998920440674,OC[C@H]1O[C@@H]2O[C@H]3[C@H](O)[C@@H](O)[C@@H](O[C@H]4[C@H](O)[C@@H](O)[C@@H](O[C@H]5[C@H](O)[C@@H](O)[C@@H](O[C@H]6[C@H](O)[C@@H](O)[C@@H](O[C@H]7[C@H](O)[C@@H](O)[C@@H](O[C@H]8[C@H](O)[C@@H](O)[C@@H](O[C@H]1[C@H](O)[C@H]2O)O[C@@H]8CO)O[C@@H]7CO)O[C@@H]6CO)O[C@@H]5CO)O[C@@H]4CO)O[C@@H]3CO,22584443D9512992310760C9871E3E6BDB3EDC92006F3EF1EC94F44373907EB1,HOST_CAN_0176,PASS,CC(C)(C)OC(=O)NC(CO)C(=O)O,9C072C635240272D161234ED2122491B5C1F5E1B1186597B887F19829F1581EE,GUEST_CAN_0113,PASS,AttentiveFP,4,host_cold,2,1.8659212589263916
257,23,125,OC[C@H]1O[C@@H]2O[C@@H]3[C@@H](CO)O[C@H](O[C@@H]4[C@@H](CO)O[C@H](O[C@@H]5[C@@H](CO)O[C@H](O[C@@H]6[C@@H](CO)O[C@H](O[C@@H]7[C@@H](CO)O[C@H](O[C@H]1[C@H](O)[C@H]2O)[C@H](O)[C@H]7O)[C@H](O)[C@H]6O)[C@H](O)[C@H]5O)[C@H](O)[C@H]4O)[C@H](O)[C@H]3O,C1CC(C1)O,cyclodextrin,1.4814000129699707,OC[C@H]1O[C@@H]2O[C@H]3[C@H](O)[C@@H](O)[C@@H](O[C@H]4[C@H](O)[C@@H](O)[C@@H](O[C@H]5[C@H](O)[C@@H](O)[C@@H](O[C@H]6[C@H](O)[C@@H](O)[C@@H](O[C@H]7[C@H](O)[C@@H](O)[C@@H](O[C@H]1[C@H](O)[C@H]2O)O[C@@H]7CO)O[C@@H]6CO)O[C@@H]5CO)O[C@@H]4CO)O[C@@H]3CO,9CB41F926A4386D7C0E23599753E6EDC60802BE1DCF577DB9B32CBB20691DB1D,HOST_CAN_0175,PASS,OC1CCC1,6ABC8DFAD34103D2D8FB2F1A217519BE817BF1B0BCCC0256615C47697225A6E2,GUEST_CAN_0961,PASS,AttentiveFP,4,host_cold,2,1.817115306854248
262,3,54,OC[C@H]1O[C@@H]2O[C@@H]3[C@@H](CO)O[C@H](O[C@@H]4[C@@H](CO)O[C@H](O[C@@H]5[C@@H](CO)O[C@H](O[C@@H]6[C@@H](CO)O[C@H](O[C@@H]7[C@@H](CO)O[C@H](O[C@@H]8[C@@H](CO)O[C@H](O[C@H]1[C@H](O)[C@H]2O)[C@H](O)[C@H]8O)[C@H](O)[C@H]7O)[C@H](O)[C@H]6O)[C@H](O)[C@H]5O)[C@H](O)[C@H]4O)[C@H](O)[C@H]3O,C1C2CC3CC1CC(C2)(C3)C(=O)O,cyclodextrin,4.440899848937988,OC[C@H]1O[C@@H]2O[C@H]3[C@H](O)[C@@H](O)[C@@H](O[C@H]4[C@H](O)[C@@H](O)[C@@H](O[C@H]5[C@H](O)[C@@H](O)[C@@H](O[C@H]6[C@H](O)[C@@H](O)[C@@H](O[C@H]7[C@H](O)[C@@H](O)[C@@H](O[C@H]8[C@H](O)[C@@H](O)[C@@H](O[C@H]1[C@H](O)[C@H]2O)O[C@@H]8CO)O[C@@H]7CO)O[C@@H]6CO)O[C@@H]5CO)O[C@@H]4CO)O[C@@H]3CO,22584443D9512992310760C9871E3E6BDB3EDC92006F3EF1EC94F44373907EB1,HOST_CAN_0176,PASS,O=C(O)C12CC3CC(CC(C3)C1)C2,BDD5C5A261E793089EEA24870ABE3EB6AAE16382F79784242493A375DCA0EDE8,GUEST_CAN_0863,PASS,AttentiveFP,4,host_cold,2,2.1265554428100586
263,3,219,OC[C@H]1O[C@@H]2O[C@@H]3[C@@H](CO)O[C@H](O[C@@H]4[C@@H](CO)O[C@H](O[C@@H]5[C@@H](CO)O[C@H](O[C@@H]6[C@@H](CO)O[C@H](O[C@@H]7[C@@H](CO)O[C@H](O[C@@H]8[C@@H](CO)O[C@H](O[C@H]1[C@H](O)[C@H]2O)[C@H](O)[C@H]8O)[C@H](O)[C@H]7O)[C@H](O)[C@H]6O)[C@H](O)[C@H]5O)[C@H](O)[C@H]4O)[C@H](O)[C@H]3O,CC1(C2(CCC1(OC2=O)C(=O)O)C)C,cyclodextrin,2.315999984741211,OC[C@H]1O[C@@H]2O[C@H]3[C@H](O)[C@@H](O)[C@@H](O[C@H]4[C@H](O)[C@@H](O)[C@@H](O[C@H]5[C@H](O)[C@@H](O)[C@@H](O[C@H]6[C@H](O)[C@@H](O)[C@@H](O[C@H]7[C@H](O)[C@@H](O)[C@@H](O[C@H]8[C@H](O)[C@@H](O)[C@@H](O[C@H]1[C@H](O)[C@H]2O)O[C@@H]8CO)O[C@@H]7CO)O[C@@H]6CO)O[C@@H]5CO)O[C@@H]4CO)O[C@@H]3CO,22584443D9512992310760C9871E3E6BDB3EDC92006F3EF1EC94F44373907EB1,HOST_CAN_0176,PASS,CC12CCC(C(=O)O)(OC1=O)C2(C)C,2EF39C1296CB6DE11CB281E1A8B266C8BB2AC5ED9998D5BBA6726FECC2915FA6,GUEST_CAN_0224,PASS,AttentiveFP,4,host_cold,2,2.1894209384918213
269,78,224,COC[C@@H]1O[C@H]2O[C@@H]3[C@@H](COC)O[C@@H]([C@@H]([C@H]3OC)OC)O[C@@H]3[C@@H](COC)O[C@@H]([C@@H]([C@H]3OC)OC)O[C@@H]3[C@@H](COC)O[C@@H]([C@@H]([C@H]3OC)OC)O[C@H]3[C@@H](O[C@@H](O[C@H]4[C@@H](O[C@@H](O[C@H]5[C@@H](O[C@@H](O[C@@H]1[C@H]([C@@H]2OC)OC)[C@@H](OC)[C@@H]5OC)COC)[C@@H](OC)[C@@H]4OC)COC)[C@@H](OC)[C@@H]3OC)COC,[Na]OC(=O)CCC([C@H]1CC[C@@H]2[C@]1(C)[C@@H](O)C[C@H]1[C@H]2[C@H](O)C[C@H]2[C@]1(C)CC[C@H](C2)O)C,cyclodextrin,1.7853000164031982,COC[C@@H]1O[C@H]2O[C@@H]3[C@@H](OC)[C@H](OC)[C@H](O[C@H]4[C@H](OC)[C@@H](OC)[C@@H](O[C@H]5[C@H](OC)[C@@H](OC)[C@@H](O[C@H]6[C@H](OC)[C@@H](OC)[C@@H](O[C@@H]7[C@@H](OC)[C@H](OC)[C@H](O[C@@H]8[C@@H](OC)[C@H](OC)[C@H](O[C@@H]1[C@@H](OC)[C@@H]2OC)O[C@H]8COC)O[C@H]7COC)O[C@@H]6COC)O[C@@H]5COC)O[C@@H]4COC)O[C@H]3COC,4DBC704653D506001F39C2066C78337580D179894FB25234B01BA86A08D866EF,HOST_CAN_0061,PASS,CC(CCC(=O)[O][Na])[C@H]1CC[C@H]2[C@@H]3[C@H](O)C[C@@H]4C[C@H](O)CC[C@]4(C)[C@H]3C[C@H](O)[C@]12C,325F0710EF62CA3C12381A9A8CD6F83A5931D6CF0558E81C8EA783470AFA3F90,GUEST_CAN_0175,PASS,AttentiveFP,4,host_cold,2,3.727585792541504
271,84,226,CCCCCCOc1c2Cc3cc(cc(c3OCCCCCC)Cc3cc(cc(Cc4c(c(Cc1cc(c2)S(=O)(=O)[O-])cc(c4)S(=O)(=O)[O-])OCCCCCC)c3OCCCCCC)S(=O)(=O)[O-])S(=O)(=O)[O-],Cc1ccccn1.[Cl-].[Cl-].[Pt+2].N,calixarene,4.431399822235107,CCCCCCOc1c2cc(S(=O)(=O)[O-])cc1Cc1cc(S(=O)(=O)[O-])cc(c1OCCCCCC)Cc1cc(S(=O)(=O)[O-])cc(c1OCCCCCC)Cc1cc(S(=O)(=O)[O-])cc(c1OCCCCCC)C2,C518E51BDF85183B14A149C966DCD4A4434A48A30814E263D88387FA25725959,HOST_CAN_0028,PASS,Cc1ccccn1.N.[Cl-].[Cl-].[Pt+2],7A0A3F187473A58FDF147E16E609E69211A7CDADD40311E4B9E6FD5B9D7C89F4,GUEST_CAN_0671,PASS,AttentiveFP,4,host_cold,2,4.690118312835693
274,23,154,OC[C@H]1O[C@@H]2O[C@@H]3[C@@H](CO)O[C@H](O[C@@H]4[C@@H](CO)O[C@H](O[C@@H]5[C@@H](CO)O[C@H](O[C@@H]6[C@@H](CO)O[C@H](O[C@@H]7[C@@H](CO)O[C@H](O[C@H]1[C@H](O)[C@H]2O)[C@H](O)[C@H]7O)[C@H](O)[C@H]6O)[C@H](O)[C@H]5O)[C@H](O)[C@H]4O)[C@H](O)[C@H]3O,C(CCCCCN)CCCCC(=O)O,cyclodextrin,3.159899950027466,OC[C@H]1O[C@@H]2O[C@H]3[C@H](O)[C@@H](O)[C@@H](O[C@H]4[C@H](O)[C@@H](O)[C@@H](O[C@H]5[C@H](O)[C@@H](O)[C@@H](O[C@H]6[C@H](O)[C@@H](O)[C@@H](O[C@H]7[C@H](O)[C@@H](O)[C@@H](O[C@H]1[C@H](O)[C@H]2O)O[C@@H]7CO)O[C@@H]6CO)O[C@@H]5CO)O[C@@H]4CO)O[C@@H]3CO,9CB41F926A4386D7C0E23599753E6EDC60802BE1DCF577DB9B32CBB20691DB1D,HOST_CAN_0175,PASS,NCCCCCCCCCCC(=O)O,D90EFEE84C464F882AC76B640D951FCA4E157CA4A4440656F6A9CC8622E8483C,GUEST_CAN_0791,PASS,AttentiveFP,4,host_cold,2,2.2782950401306152
280,3,232,OC[C@H]1O[C@@H]2O[C@@H]3[C@@H](CO)O[C@H](O[C@@H]4[C@@H](CO)O[C@H](O[C@@H]5[C@@H](CO)O[C@H](O[C@@H]6[C@@H](CO)O[C@H](O[C@@H]7[C@@H](CO)O[C@H](O[C@@H]8[C@@H](CO)O[C@H](O[C@H]1[C@H](O)[C@H]2O)[C@H](O)[C@H]8O)[C@H](O)[C@H]7O)[C@H](O)[C@H]6O)[C@H](O)[C@H]5O)[C@H](O)[C@H]4O)[C@H](O)[C@H]3O,CC1(C2CCC1(C(=O)C2=NO)C)C,cyclodextrin,3.3782999515533447,OC[C@H]1O[C@@H]2O[C@H]3[C@H](O)[C@@H](O)[C@@H](O[C@H]4[C@H](O)[C@@H](O)[C@@H](O[C@H]5[C@H](O)[C@@H](O)[C@@H](O[C@H]6[C@H](O)[C@@H](O)[C@@H](O[C@H]7[C@H](O)[C@@H](O)[C@@H](O[C@H]8[C@H](O)[C@@H](O)[C@@H](O[C@H]1[C@H](O)[C@H]2O)O[C@@H]8CO)O[C@@H]7CO)O[C@@H]6CO)O[C@@H]5CO)O[C@@H]4CO)O[C@@H]3CO,22584443D9512992310760C9871E3E6BDB3EDC92006F3EF1EC94F44373907EB1,HOST_CAN_0176,PASS,CC12CCC(C(=NO)C1=O)C2(C)C,9FB8A145473A7893F8AF8EED6E271DC8E14C517B6321519536601BF586DB8B7F,GUEST_CAN_0223,PASS,AttentiveFP,4,host_cold,2,2.0566699504852295
281,23,233,OC[C@H]1O[C@@H]2O[C@@H]3[C@@H](CO)O[C@H](O[C@@H]4[C@@H](CO)O[C@H](O[C@@H]5[C@@H](CO)O[C@H](O[C@@H]6[C@@H](CO)O[C@H](O[C@@H]7[C@@H](CO)O[C@H](O[C@H]1[C@H](O)[C@H]2O)[C@H](O)[C@H]7O)[C@H](O)[C@H]6O)[C@H](O)[C@H]5O)[C@H](O)[C@H]4O)[C@H](O)[C@H]3O,[O-]C(=O)CCC,cyclodextrin,1.0968999862670898,OC[C@H]1O[C@@H]2O[C@H]3[C@H](O)[C@@H](O)[C@@H](O[C@H]4[C@H](O)[C@@H](O)[C@@H](O[C@H]5[C@H](O)[C@@H](O)[C@@H](O[C@H]6[C@H](O)[C@@H](O)[C@@H](O[C@H]7[C@H](O)[C@@H](O)[C@@H](O[C@H]1[C@H](O)[C@H]2O)O[C@@H]7CO)O[C@@H]6CO)O[C@@H]5CO)O[C@@H]4CO)O[C@@H]3CO,9CB41F926A4386D7C0E23599753E6EDC60802BE1DCF577DB9B32CBB20691DB1D,HOST_CAN_0175,PASS,CCCC(=O)[O-],7B7CFB2FBAE2DF5E6E2393E45808772AC856698A76C81C982CC3567CE8672335,GUEST_CAN_0266,PASS,AttentiveFP,4,host_cold,2,1.8726305961608887
284,22,236,Oc1c2Sc3cc(cc(c3O)Sc3cc(cc(Sc4c(c(Sc1cc(c2)S(=O)(=O)O)cc(c4)S(=O)(=O)O)O)c3O)S(=O)(=O)O)S(=O)(=O)O,C1=CC=NC(=C1)C2=CC=CC=N2,calixarene,1.7559000253677368,O=S(=O)(O)c1cc2c(O)c(c1)Sc1cc(S(=O)(=O)O)cc(c1O)Sc1cc(S(=O)(=O)O)cc(c1O)Sc1cc(S(=O)(=O)O)cc(c1O)S2,5FE888C1FB51BDA35D21231A31EDB8203ACD56DD9744D0C6B83351EC668D4256,HOST_CAN_0156,PASS,c1ccc(-c2ccccn2)nc1,D1C762AD73B514E93CA06EC7059DE6085292C39B61F82E357DBCFC580CDD236C,GUEST_CAN_1128,PASS,AttentiveFP,4,host_cold,2,3.4956552982330322
292,3,241,OC[C@H]1O[C@@H]2O[C@@H]3[C@@H](CO)O[C@H](O[C@@H]4[C@@H](CO)O[C@H](O[C@@H]5[C@@H](CO)O[C@H](O[C@@H]6[C@@H](CO)O[C@H](O[C@@H]7[C@@H](CO)O[C@H](O[C@@H]8[C@@H](CO)O[C@H](O[C@H]1[C@H](O)[C@H]2O)[C@H](O)[C@H]8O)[C@H](O)[C@H]7O)[C@H](O)[C@H]6O)[C@H](O)[C@H]5O)[C@H](O)[C@H]4O)[C@H](O)[C@H]3O,C1=CC=C(C=C1)COC(=O)NC(CO)C(=O)O,cyclodextrin,2.037400007247925,OC[C@H]1O[C@@H]2O[C@H]3[C@H](O)[C@@H](O)[C@@H](O[C@H]4[C@H](O)[C@@H](O)[C@@H](O[C@H]5[C@H](O)[C@@H](O)[C@@H](O[C@H]6[C@H](O)[C@@H](O)[C@@H](O[C@H]7[C@H](O)[C@@H](O)[C@@H](O[C@H]8[C@H](O)[C@@H](O)[C@@H](O[C@H]1[C@H](O)[C@H]2O)O[C@@H]8CO)O[C@@H]7CO)O[C@@H]6CO)O[C@@H]5CO)O[C@@H]4CO)O[C@@H]3CO,22584443D9512992310760C9871E3E6BDB3EDC92006F3EF1EC94F44373907EB1,HOST_CAN_0176,PASS,O=C(NC(CO)C(=O)O)OCc1ccccc1,A09D16FC1626B0112ECCC9C15F6F43AEE0C7BCF662E9A440FE0947EC929413D7,GUEST_CAN_0850,PASS,AttentiveFP,4,host_cold,2,2.344383478164673
299,3,245,OC[C@H]1O[C@@H]2O[C@@H]3[C@@H](CO)O[C@H](O[C@@H]4[C@@H](CO)O[C@H](O[C@@H]5[C@@H](CO)O[C@H](O[C@@H]6[C@@H](CO)O[C@H](O[C@@H]7[C@@H](CO)O[C@H](O[C@@H]8[C@@H](CO)O[C@H](O[C@H]1[C@H](O)[C@H]2O)[C@H](O)[C@H]8O)[C@H](O)[C@H]7O)[C@H](O)[C@H]6O)[C@H](O)[C@H]5O)[C@H](O)[C@H]4O)[C@H](O)[C@H]3O,C1=CC=C(C=C1)CC(C(=O)O)O,cyclodextrin,1.9444999694824219,OC[C@H]1O[C@@H]2O[C@H]3[C@H](O)[C@@H](O)[C@@H](O[C@H]4[C@H](O)[C@@H](O)[C@@H](O[C@H]5[C@H](O)[C@@H](O)[C@@H](O[C@H]6[C@H](O)[C@@H](O)[C@@H](O[C@H]7[C@H](O)[C@@H](O)[C@@H](O[C@H]8[C@H](O)[C@@H](O)[C@@H](O[C@H]1[C@H](O)[C@H]2O)O[C@@H]8CO)O[C@@H]7CO)O[C@@H]6CO)O[C@@H]5CO)O[C@@H]4CO)O[C@@H]3CO,22584443D9512992310760C9871E3E6BDB3EDC92006F3EF1EC94F44373907EB1,HOST_CAN_0176,PASS,O=C(O)C(O)Cc1ccccc1,E9397338BFA2DF2426F5EAFAC89A6A669CCB8C215710730D405A0EAD1E19A161,GUEST_CAN_0859,PASS,AttentiveFP,4,host_cold,2,2.320058584213257
300,3,103,OC[C@H]1O[C@@H]2O[C@@H]3[C@@H](CO)O[C@H](O[C@@H]4[C@@H](CO)O[C@H](O[C@@H]5[C@@H](CO)O[C@H](O[C@@H]6[C@@H](CO)O[C@H](O[C@@H]7[C@@H](CO)O[C@H](O[C@@H]8[C@@H](CO)O[C@H](O[C@H]1[C@H](O)[C@H]2O)[C@H](O)[C@H]8O)[C@H](O)[C@H]7O)[C@H](O)[C@H]6O)[C@H](O)[C@H]5O)[C@H](O)[C@H]4O)[C@H](O)[C@H]3O,CN(C)C1=CC=C(C=C1)C#N,cyclodextrin,2.748199939727783,OC[C@H]1O[C@@H]2O[C@H]3[C@H](O)[C@@H](O)[C@@H](O[C@H]4[C@H](O)[C@@H](O)[C@@H](O[C@H]5[C@H](O)[C@@H](O)[C@@H](O[C@H]6[C@H](O)[C@@H](O)[C@@H](O[C@H]7[C@H](O)[C@@H](O)[C@@H](O[C@H]8[C@H](O)[C@@H](O)[C@@H](O[C@H]1[C@H](O)[C@H]2O)O[C@@H]8CO)O[C@@H]7CO)O[C@@H]6CO)O[C@@H]5CO)O[C@@H]4CO)O[C@@H]3CO,22584443D9512992310760C9871E3E6BDB3EDC92006F3EF1EC94F44373907EB1,HOST_CAN_0176,PASS,CN(C)c1ccc(C#N)cc1,F00B3B125A779B4E82547A15D344BF9EF0EFBEFED97B1235AF377FD0C1A186BB,GUEST_CAN_0403,PASS,AttentiveFP,4,host_cold,2,1.9636046886444092
302,65,246,O=C(COC1=C(CC2=CC(OCC(O)=O)=C(C3)C=C2OCC(O)=O)C=C(OCC(O)=O)C(CC4=C(OCC(O)=O)C=C(CC5=CC(OCC(O)=O)=C(CC6=C(OCC(O)=O)C=C3C(OCC(O)=O)=C6)C=C5OCC(O)=O)C(OCC(O)=O)=C4)=C1)O,C[NH2+]CCCCCC[NH2+]C.[Cl-].[Cl-],pillararene,7.55019998550415,O=C(O)COc1cc2c(OCC(=O)O)cc1Cc1cc(OCC(=O)O)c(cc1OCC(=O)O)Cc1cc(OCC(=O)O)c(cc1OCC(=O)O)Cc1cc(OCC(=O)O)c(cc1OCC(=O)O)Cc1cc(OCC(=O)O)c(cc1OCC(=O)O)C2,D554EF58E2285AB1E087AF8FFC6B903FE8A63389351C9D80310C0632D55CFBCA,HOST_CAN_0132,PASS,C[NH2+]CCCCCC[NH2+]C.[Cl-].[Cl-],2DC0727816F8B5C91CA849AACCF62E81FA1CD1F215425A9EEF72D8C23EA06FA6,GUEST_CAN_0610,PASS,AttentiveFP,4,host_cold,2,7.026427268981934
306,89,250,O[C@@H]1[C@@H](O)[C@H](O[C@@H]2[C@H](O)[C@@H](O)[C@H](O3)[C@@H](COCCCCS(=O)([O-])=O)O2)[C@@H](COCCCCS(=O)([O-])=O)O[C@@H]1O[C@H]4[C@H](O)[C@@H](O)[C@@H](O[C@@H]5[C@@H](O)[C@H](O)[C@H](O[C@@H]6[C@@H](O)[C@H](O)[C@H](O[C@@H]7[C@@H](O)[C@H](O)[C@H](O[C@@H]8[C@@H](O)[C@H](O)[C@H]3O[C@H]8COCCCCS(=O)([O-])=O)O[C@H]7COCCCCS(=O)([O-])=O)O[C@H]6COCCCCS(=O)([O-])=O)O[C@H]5COCCCCS(=O)([O-])=O)O[C@@H]4COCCCCS(=O)([O-])=O.[Na+].[Na+].[Na+].[Na+].[Na+].[Na+].[Na+],C1=CC(=CC=C1C2=CC3=C(N2)C=C(C=C3)C(=[NH2+])N)C(=[NH2+])N,cyclodextrin,5.146100044250488,O=S(=O)([O-])CCCCOC[C@@H]1O[C@H]2O[C@@H]3[C@@H](O)[C@H](O)[C@H](O[C@H]4[C@H](O)[C@@H](O)[C@@H](O[C@H]5[C@H](O)[C@@H](O)[C@@H](O[C@H]6[C@H](O)[C@@H](O)[C@@H](O[C@@H]7[C@@H](O)[C@H](O)[C@H](O[C@@H]8[C@@H](O)[C@H](O)[C@H](O[C@@H]1[C@@H](O)[C@@H]2O)O[C@H]8COCCCCS(=O)(=O)[O-])O[C@H]7COCCCCS(=O)(=O)[O-])O[C@@H]6COCCCCS(=O)(=O)[O-])O[C@@H]5COCCCCS(=O)(=O)[O-])O[C@@H]4COCCCCS(=O)(=O)[O-])O[C@H]3COCCCCS(=O)(=O)[O-].[Na+].[Na+].[Na+].[Na+].[Na+].[Na+].[Na+],0EF453A8FEAB2DBB346A347C51767F5C4A37ED4747250CEC0BCF3880BBC2D023,HOST_CAN_0157,PASS,NC(=[NH2+])c1ccc(-c2cc3ccc(C(N)=[NH2+])cc3[nH]2)cc1,CEEB6EEFB04D0B8CA13A0AE7419DA74A65BBB334871B9622AAFDF76333649B11,GUEST_CAN_0727,PASS,AttentiveFP,4,host_cold,2,5.076085090637207
308,42,215,OC1=C(CC2=CC(S(=O)([O-])=O)=CC(CC(C=C3S(=O)([O-])=O)=C4OCC(N)=O)=C2O)C=C(S(=O)([O-])=O)C=C1CC5=CC(S(=O)([O-])=O)=CC(CC4=C3)=C5O,CC(C(=O)O)N,calixarene,2.0085999965667725,NC(=O)COc1c2cc(S(=O)(=O)[O-])cc1Cc1cc(S(=O)(=O)[O-])cc(c1O)Cc1cc(S(=O)(=O)[O-])cc(c1O)Cc1cc(S(=O)(=O)[O-])cc(c1O)C2,1F2BEDA02D00DC2C1A2D3A5BD5460849E045F21D3B673D4626094BA71BDA0464,HOST_CAN_0104,PASS,CC(N)C(=O)O,6AC3AD1747D8E4C9B36EA5FBFB37965B87CCE816D9D72141F9005590B6D6FC3C,GUEST_CAN_0180,PASS,AttentiveFP,4,host_cold,2,2.320347309112549
314,3,95,OC[C@H]1O[C@@H]2O[C@@H]3[C@@H](CO)O[C@H](O[C@@H]4[C@@H](CO)O[C@H](O[C@@H]5[C@@H](CO)O[C@H](O[C@@H]6[C@@H](CO)O[C@H](O[C@@H]7[C@@H](CO)O[C@H](O[C@@H]8[C@@H](CO)O[C@H](O[C@H]1[C@H](O)[C@H]2O)[C@H](O)[C@H]8O)[C@H](O)[C@H]7O)[C@H](O)[C@H]6O)[C@H](O)[C@H]5O)[C@H](O)[C@H]4O)[C@H](O)[C@H]3O,CC(CCC(=O)NCC(=O)[O-])C1CCC2C1(C(CC3C2C(CC4C3(CCC(C4)O)C)O)O)C.[Na+],cyclodextrin,3.3791000843048096,OC[C@H]1O[C@@H]2O[C@H]3[C@H](O)[C@@H](O)[C@@H](O[C@H]4[C@H](O)[C@@H](O)[C@@H](O[C@H]5[C@H](O)[C@@H](O)[C@@H](O[C@H]6[C@H](O)[C@@H](O)[C@@H](O[C@H]7[C@H](O)[C@@H](O)[C@@H](O[C@H]8[C@H](O)[C@@H](O)[C@@H](O[C@H]1[C@H](O)[C@H]2O)O[C@@H]8CO)O[C@@H]7CO)O[C@@H]6CO)O[C@@H]5CO)O[C@@H]4CO)O[C@@H]3CO,22584443D9512992310760C9871E3E6BDB3EDC92006F3EF1EC94F44373907EB1,HOST_CAN_0176,PASS,CC(CCC(=O)NCC(=O)[O-])C1CCC2C3C(O)CC4CC(O)CCC4(C)C3CC(O)C12C.[Na+],0BCA6077014E90D295BA8D0F775B98D0E05F6E94F5743C82532FD0782D283F1B,GUEST_CAN_0168,PASS,AttentiveFP,4,host_cold,2,3.516711473464966
317,3,256,OC[C@H]1O[C@@H]2O[C@@H]3[C@@H](CO)O[C@H](O[C@@H]4[C@@H](CO)O[C@H](O[C@@H]5[C@@H](CO)O[C@H](O[C@@H]6[C@@H](CO)O[C@H](O[C@@H]7[C@@H](CO)O[C@H](O[C@@H]8[C@@H](CO)O[C@H](O[C@H]1[C@H](O)[C@H]2O)[C@H](O)[C@H]8O)[C@H](O)[C@H]7O)[C@H](O)[C@H]6O)[C@H](O)[C@H]5O)[C@H](O)[C@H]4O)[C@H](O)[C@H]3O,CCCCO,cyclodextrin,2.0,OC[C@H]1O[C@@H]2O[C@H]3[C@H](O)[C@@H](O)[C@@H](O[C@H]4[C@H](O)[C@@H](O)[C@@H](O[C@H]5[C@H](O)[C@@H](O)[C@@H](O[C@H]6[C@H](O)[C@@H](O)[C@@H](O[C@H]7[C@H](O)[C@@H](O)[C@@H](O[C@H]8[C@H](O)[C@@H](O)[C@@H](O[C@H]1[C@H](O)[C@H]2O)O[C@@H]8CO)O[C@@H]7CO)O[C@@H]6CO)O[C@@H]5CO)O[C@@H]4CO)O[C@@H]3CO,22584443D9512992310760C9871E3E6BDB3EDC92006F3EF1EC94F44373907EB1,HOST_CAN_0176,PASS,CCCCO,581B7EFD3DCD0E0841EE9123D5670DDC43EF0E9A885955F904BAAFC5653A3E40,GUEST_CAN_0312,PASS,AttentiveFP,4,host_cold,2,1.4937589168548584
326,23,264,OC[C@H]1O[C@@H]2O[C@@H]3[C@@H](CO)O[C@H](O[C@@H]4[C@@H](CO)O[C@H](O[C@@H]5[C@@H](CO)O[C@H](O[C@@H]6[C@@H](CO)O[C@H](O[C@@H]7[C@@H](CO)O[C@H](O[C@H]1[C@H](O)[C@H]2O)[C@H](O)[C@H]7O)[C@H](O)[C@H]6O)[C@H](O)[C@H]5O)[C@H](O)[C@H]4O)[C@H](O)[C@H]3O,C=CCCCCC(=O)[O-],cyclodextrin,2.6364998817443848,OC[C@H]1O[C@@H]2O[C@H]3[C@H](O)[C@@H](O)[C@@H](O[C@H]4[C@H](O)[C@@H](O)[C@@H](O[C@H]5[C@H](O)[C@@H](O)[C@@H](O[C@H]6[C@H](O)[C@@H](O)[C@@H](O[C@H]7[C@H](O)[C@@H](O)[C@@H](O[C@H]1[C@H](O)[C@H]2O)O[C@@H]7CO)O[C@@H]6CO)O[C@@H]5CO)O[C@@H]4CO)O[C@@H]3CO,9CB41F926A4386D7C0E23599753E6EDC60802BE1DCF577DB9B32CBB20691DB1D,HOST_CAN_0175,PASS,C=CCCCCC(=O)[O-],BD73564E29D9E3E5B8E081832AAB33187A16372312EBC379514611F69E5AFF77,GUEST_CAN_0048,PASS,AttentiveFP,4,host_cold,2,1.9683613777160645
336,73,270,C1C2=CC(=CC(=C2O)CC3=CC(=CC(=C3O)CC4=CC(=CC(=C4O)CC5=C(C(=CC(=C5)S(=O)(=O)O)CC6=C(C1=CC(=C6)S(=O)(=O)O)O)O)S(=O)(=O)O)S(=O)(=O)O)S(=O)(=O)O,[H][C@@]1(C=C)[C@@H]2C[C@@]([C@@H](O)C3=CC=NC4=CC=CC=C43)([H])[N@](C1)CC2,calixarene,4.756800174713135,O=S(=O)(O)c1cc2c(O)c(c1)Cc1cc(S(=O)(=O)O)cc(c1O)Cc1cc(S(=O)(=O)O)cc(c1O)Cc1cc(S(=O)(=O)O)cc(c1O)Cc1cc(S(=O)(=O)O)cc(c1O)C2,CE64A1CA71928E5DE79CF9633E11D44D0BC2C175AB3D980BF8052807605CA8CC,HOST_CAN_0155,PASS,C=C[C@H]1C[N@]2CC[C@H]1C[C@@H]2[C@@H](O)c1ccnc2ccccc12,614D9CAAD2EDBD077C05B77BC250ED9BDBB32D9955FD3E39F65BA91829D1DB5E,GUEST_CAN_0054,PASS,AttentiveFP,4,host_cold,2,4.106333255767822
341,3,274,OC[C@H]1O[C@@H]2O[C@@H]3[C@@H](CO)O[C@H](O[C@@H]4[C@@H](CO)O[C@H](O[C@@H]5[C@@H](CO)O[C@H](O[C@@H]6[C@@H](CO)O[C@H](O[C@@H]7[C@@H](CO)O[C@H](O[C@@H]8[C@@H](CO)O[C@H](O[C@H]1[C@H](O)[C@H]2O)[C@H](O)[C@H]8O)[C@H](O)[C@H]7O)[C@H](O)[C@H]6O)[C@H](O)[C@H]5O)[C@H](O)[C@H]4O)[C@H](O)[C@H]3O,C1=CC=C(C=C1)COCC(C(=O)O)N,cyclodextrin,1.8387999534606934,OC[C@H]1O[C@@H]2O[C@H]3[C@H](O)[C@@H](O)[C@@H](O[C@H]4[C@H](O)[C@@H](O)[C@@H](O[C@H]5[C@H](O)[C@@H](O)[C@@H](O[C@H]6[C@H](O)[C@@H](O)[C@@H](O[C@H]7[C@H](O)[C@@H](O)[C@@H](O[C@H]8[C@H](O)[C@@H](O)[C@@H](O[C@H]1[C@H](O)[C@H]2O)O[C@@H]8CO)O[C@@H]7CO)O[C@@H]6CO)O[C@@H]5CO)O[C@@H]4CO)O[C@@H]3CO,22584443D9512992310760C9871E3E6BDB3EDC92006F3EF1EC94F44373907EB1,HOST_CAN_0176,PASS,NC(COCc1ccccc1)C(=O)O,FA5FFAB9C6D06BBEF4C54285076E93E6084A5D76882C8BE4C7DC89A27C87D084,GUEST_CAN_0735,PASS,AttentiveFP,4,host_cold,2,1.9447786808013916
343,68,275,Oc1c2cc(cc1Cc1cc(cc(c1O)Cc1c(c(Cc3c(c(C2)cc(c3)S(=O)(=O)O)O)cc(c1)S(=O)(=O)O)O)S(=O)(=O)O)NS(=O)(=O)c1ccc(cc1)C(=O)O,NCCCCC(C(=O)NC(C(=O)NC(C(=O)NCC(=O)NC(C(=O)N)Cc1ccc(cc1)O)C(O)C)CO)NC(=O)C(NC(C(=O)NC(=O)C(C(O)C)NC(=O)C(NC(=O)C(NC(=O)C(C(O)C)NC(=O)C(NC(=O)C(N)C)CCCNC(=N)N)CCCC[N+](C)(C)C)CCC(=O)N)C)CCCNC(=N)N,calixarene,7.790299892425537,O=C(O)c1ccc(S(=O)(=O)Nc2cc3c(O)c(c2)Cc2cc(S(=O)(=O)O)cc(c2O)Cc2cc(S(=O)(=O)O)cc(c2O)Cc2cc(S(=O)(=O)O)cc(c2O)C3)cc1,698FBD7126562AC5EF98798BC16D048473423AD0A0BD659BE98F031178BD7864,HOST_CAN_0136,PASS,CC(N)C(=O)NC(CCCNC(=N)N)C(=O)NC(C(=O)NC(CCCC[N+](C)(C)C)C(=O)NC(CCC(N)=O)C(=O)NC(C(=O)NC(=O)C(C)NC(CCCNC(=N)N)C(=O)NC(CCCCN)C(=O)NC(CO)C(=O)NC(C(=O)NCC(=O)NC(Cc1ccc(O)cc1)C(N)=O)C(C)O)C(C)O)C(C)O,25FDB195356441D0C34087BE8843E3CE8B61830D9520FAA57B9456D076F4D6B7,GUEST_CAN_0178,PASS,AttentiveFP,4,host_cold,2,6.184851169586182
344,22,276,Oc1c2Sc3cc(cc(c3O)Sc3cc(cc(Sc4c(c(Sc1cc(c2)S(=O)(=O)O)cc(c4)S(=O)(=O)O)O)c3O)S(=O)(=O)O)S(=O)(=O)O,[H][C@@]1(C=C)[C@@H]2C[C@]([C@H](O)C3=CC=NC4=CC=CC=C43)([H])[N@](C1)CC2,calixarene,4.143400192260742,O=S(=O)(O)c1cc2c(O)c(c1)Sc1cc(S(=O)(=O)O)cc(c1O)Sc1cc(S(=O)(=O)O)cc(c1O)Sc1cc(S(=O)(=O)O)cc(c1O)S2,5FE888C1FB51BDA35D21231A31EDB8203ACD56DD9744D0C6B83351EC668D4256,HOST_CAN_0156,PASS,C=C[C@H]1C[N@]2CC[C@H]1C[C@H]2[C@H](O)c1ccnc2ccccc12,CE3412753CC0E6669F9F5F8B1616BB07AE7F13474380D05BB653895C97E63BD9,GUEST_CAN_0055,PASS,AttentiveFP,4,host_cold,2,4.535401821136475
345,3,277,OC[C@H]1O[C@@H]2O[C@@H]3[C@@H](CO)O[C@H](O[C@@H]4[C@@H](CO)O[C@H](O[C@@H]5[C@@H](CO)O[C@H](O[C@@H]6[C@@H](CO)O[C@H](O[C@@H]7[C@@H](CO)O[C@H](O[C@@H]8[C@@H](CO)O[C@H](O[C@H]1[C@H](O)[C@H]2O)[C@H](O)[C@H]8O)[C@H](O)[C@H]7O)[C@H](O)[C@H]6O)[C@H](O)[C@H]5O)[C@H](O)[C@H]4O)[C@H](O)[C@H]3O,C1CCC(CC1)C(C(=O)O)O,cyclodextrin,2.8115999698638916,OC[C@H]1O[C@@H]2O[C@H]3[C@H](O)[C@@H](O)[C@@H](O[C@H]4[C@H](O)[C@@H](O)[C@@H](O[C@H]5[C@H](O)[C@@H](O)[C@@H](O[C@H]6[C@H](O)[C@@H](O)[C@@H](O[C@H]7[C@H](O)[C@@H](O)[C@@H](O[C@H]8[C@H](O)[C@@H](O)[C@@H](O[C@H]1[C@H](O)[C@H]2O)O[C@@H]8CO)O[C@@H]7CO)O[C@@H]6CO)O[C@@H]5CO)O[C@@H]4CO)O[C@@H]3CO,22584443D9512992310760C9871E3E6BDB3EDC92006F3EF1EC94F44373907EB1,HOST_CAN_0176,PASS,O=C(O)C(O)C1CCCCC1,D147072B9CEBE6E5F03115921BABCAEDC15D884F87A1CE77EC427197F6EA4E79,GUEST_CAN_0858,PASS,AttentiveFP,4,host_cold,2,1.859133243560791
347,23,279,OC[C@H]1O[C@@H]2O[C@@H]3[C@@H](CO)O[C@H](O[C@@H]4[C@@H](CO)O[C@H](O[C@@H]5[C@@H](CO)O[C@H](O[C@@H]6[C@@H](CO)O[C@H](O[C@@H]7[C@@H](CO)O[C@H](O[C@H]1[C@H](O)[C@H]2O)[C@H](O)[C@H]7O)[C@H](O)[C@H]6O)[C@H](O)[C@H]5O)[C@H](O)[C@H]4O)[C@H](O)[C@H]3O,C1=CC=C2C(=C1)C=CC(=C2C3=C(C=CC4=CC=CC=C43)O)O,cyclodextrin,2.0141000747680664,OC[C@H]1O[C@@H]2O[C@H]3[C@H](O)[C@@H](O)[C@@H](O[C@H]4[C@H](O)[C@@H](O)[C@@H](O[C@H]5[C@H](O)[C@@H](O)[C@@H](O[C@H]6[C@H](O)[C@@H](O)[C@@H](O[C@H]7[C@H](O)[C@@H](O)[C@@H](O[C@H]1[C@H](O)[C@H]2O)O[C@@H]7CO)O[C@@H]6CO)O[C@@H]5CO)O[C@@H]4CO)O[C@@H]3CO,9CB41F926A4386D7C0E23599753E6EDC60802BE1DCF577DB9B32CBB20691DB1D,HOST_CAN_0175,PASS,Oc1ccc2ccccc2c1-c1c(O)ccc2ccccc12,590AF5C1DE9D6AC8FDFE35D459C231FE39B34B3ED27E03468EB1328DB6B3A1CC,GUEST_CAN_1001,PASS,AttentiveFP,4,host_cold,2,3.343292236328125
350,73,151,C1C2=CC(=CC(=C2O)CC3=CC(=CC(=C3O)CC4=CC(=CC(=C4O)CC5=C(C(=CC(=C5)S(=O)(=O)O)CC6=C(C1=CC(=C6)S(=O)(=O)O)O)O)S(=O)(=O)O)S(=O)(=O)O)S(=O)(=O)O,C[N+](C)(C)C1=CC=CC=C1.[Cl-],calixarene,4.198699951171875,O=S(=O)(O)c1cc2c(O)c(c1)Cc1cc(S(=O)(=O)O)cc(c1O)Cc1cc(S(=O)(=O)O)cc(c1O)Cc1cc(S(=O)(=O)O)cc(c1O)Cc1cc(S(=O)(=O)O)cc(c1O)C2,CE64A1CA71928E5DE79CF9633E11D44D0BC2C175AB3D980BF8052807605CA8CC,HOST_CAN_0155,PASS,C[N+](C)(C)c1ccccc1.[Cl-],27562B4B8AA95F21ECCFF66F5F5C28733B08EDD64BDE5CD8658D46691A1EB6B6,GUEST_CAN_0586,PASS,AttentiveFP,4,host_cold,2,4.144712924957275
358,96,284,CN(c1ccc2c(c1)oc1-c(c2c2cc(ccc2C(=O)[O-])C(=O)NCCC(=O)N2Cc3ccccc3-c3c(-c4c2cccc4)nnn3CCCCC23N4CN5C(=O)N6C7C5N5CN2C(=O)N2C3(C)N(C4=O)CN3C4N(C2)C(=O)N2C4N(C3=O)CN3C4N(C2)C(=O)N2C4N(C3=O)CN3C4N(C2)C(=O)N2CN8C(=O)N9CN%10C(=O)N(CN7C5=O)C5N(C6)C(=O)N(C%105)CN5C(=O)N(C8C95)CN(C3=O)C42)ccc(=[N+](C)C)c1)C,C(CCCN)CCN,cucurbituril,7.33650016784668,CN(C)c1ccc2c(-c3cc(C(=O)NCCC(=O)N4Cc5ccccc5-c5c(nnn5CCCCC56N7CN8C(=O)N9CN%10C(=O)N%11CN%12C(=O)N%13CN%14C(=O)N%15CN%16C(=O)N%17CN%18C(=O)N%19CN(C7=O)C5(C)N5CN7C(=O)N(CN%20C(=O)N(CN%21C(=O)N(CN%22C(=O)N(CN%23C(=O)N(CN%24C(=O)N(CN6C5=O)C8C9%24)C%10C%11%23)C%12C%13%22)C%14C%15%21)C%16C%17%20)C%18C%197)-c5ccccc54)ccc3C(=O)[O-])c3ccc(=[N+](C)C)cc-3oc2c1,BA91DFE914ACDAC9272FC53EE8A84DDD3481F62605296600026C4AF71543DB34,HOST_CAN_0050,PASS,NCCCCCCN,AECE2E97A54D8057B5ECFD13B5243E8B29CA3505CD8D5E083DD6AB3B16814C76,GUEST_CAN_0792,PASS,AttentiveFP,4,host_cold,2,4.890728950500488
360,3,285,OC[C@H]1O[C@@H]2O[C@@H]3[C@@H](CO)O[C@H](O[C@@H]4[C@@H](CO)O[C@H](O[C@@H]5[C@@H](CO)O[C@H](O[C@@H]6[C@@H](CO)O[C@H](O[C@@H]7[C@@H](CO)O[C@H](O[C@@H]8[C@@H](CO)O[C@H](O[C@H]1[C@H](O)[C@H]2O)[C@H](O)[C@H]8O)[C@H](O)[C@H]7O)[C@H](O)[C@H]6O)[C@H](O)[C@H]5O)[C@H](O)[C@H]4O)[C@H](O)[C@H]3O,C1CCC(CC1)CC(=O)O,cyclodextrin,3.103800058364868,OC[C@H]1O[C@@H]2O[C@H]3[C@H](O)[C@@H](O)[C@@H](O[C@H]4[C@H](O)[C@@H](O)[C@@H](O[C@H]5[C@H](O)[C@@H](O)[C@@H](O[C@H]6[C@H](O)[C@@H](O)[C@@H](O[C@H]7[C@H](O)[C@@H](O)[C@@H](O[C@H]8[C@H](O)[C@@H](O)[C@@H](O[C@H]1[C@H](O)[C@H]2O)O[C@@H]8CO)O[C@@H]7CO)O[C@@H]6CO)O[C@@H]5CO)O[C@@H]4CO)O[C@@H]3CO,22584443D9512992310760C9871E3E6BDB3EDC92006F3EF1EC94F44373907EB1,HOST_CAN_0176,PASS,O=C(O)CC1CCCCC1,C73CB82E0682AD1F2A0A6037542A453592E5D0964F78CD26468B8FF855F65B46,GUEST_CAN_0872,PASS,AttentiveFP,4,host_cold,2,1.6753380298614502
366,3,279,OC[C@H]1O[C@@H]2O[C@@H]3[C@@H](CO)O[C@H](O[C@@H]4[C@@H](CO)O[C@H](O[C@@H]5[C@@H](CO)O[C@H](O[C@@H]6[C@@H](CO)O[C@H](O[C@@H]7[C@@H](CO)O[C@H](O[C@@H]8[C@@H](CO)O[C@H](O[C@H]1[C@H](O)[C@H]2O)[C@H](O)[C@H]8O)[C@H](O)[C@H]7O)[C@H](O)[C@H]6O)[C@H](O)[C@H]5O)[C@H](O)[C@H]4O)[C@H](O)[C@H]3O,C1=CC=C2C(=C1)C=CC(=C2C3=C(C=CC4=CC=CC=C43)O)O,cyclodextrin,2.568000078201294,OC[C@H]1O[C@@H]2O[C@H]3[C@H](O)[C@@H](O)[C@@H](O[C@H]4[C@H](O)[C@@H](O)[C@@H](O[C@H]5[C@H](O)[C@@H](O)[C@@H](O[C@H]6[C@H](O)[C@@H](O)[C@@H](O[C@H]7[C@H](O)[C@@H](O)[C@@H](O[C@H]8[C@H](O)[C@@H](O)[C@@H](O[C@H]1[C@H](O)[C@H]2O)O[C@@H]8CO)O[C@@H]7CO)O[C@@H]6CO)O[C@@H]5CO)O[C@@H]4CO)O[C@@H]3CO,22584443D9512992310760C9871E3E6BDB3EDC92006F3EF1EC94F44373907EB1,HOST_CAN_0176,PASS,Oc1ccc2ccccc2c1-c1c(O)ccc2ccccc12,590AF5C1DE9D6AC8FDFE35D459C231FE39B34B3ED27E03468EB1328DB6B3A1CC,GUEST_CAN_1001,PASS,AttentiveFP,4,host_cold,2,3.213855504989624
371,3,291,OC[C@H]1O[C@@H]2O[C@@H]3[C@@H](CO)O[C@H](O[C@@H]4[C@@H](CO)O[C@H](O[C@@H]5[C@@H](CO)O[C@H](O[C@@H]6[C@@H](CO)O[C@H](O[C@@H]7[C@@H](CO)O[C@H](O[C@@H]8[C@@H](CO)O[C@H](O[C@H]1[C@H](O)[C@H]2O)[C@H](O)[C@H]8O)[C@H](O)[C@H]7O)[C@H](O)[C@H]6O)[C@H](O)[C@H]5O)[C@H](O)[C@H]4O)[C@H](O)[C@H]3O,CC(CBr)C(=O)OC,cyclodextrin,2.4351999759674072,OC[C@H]1O[C@@H]2O[C@H]3[C@H](O)[C@@H](O)[C@@H](O[C@H]4[C@H](O)[C@@H](O)[C@@H](O[C@H]5[C@H](O)[C@@H](O)[C@@H](O[C@H]6[C@H](O)[C@@H](O)[C@@H](O[C@H]7[C@H](O)[C@@H](O)[C@@H](O[C@H]8[C@H](O)[C@@H](O)[C@@H](O[C@H]1[C@H](O)[C@H]2O)O[C@@H]8CO)O[C@@H]7CO)O[C@@H]6CO)O[C@@H]5CO)O[C@@H]4CO)O[C@@H]3CO,22584443D9512992310760C9871E3E6BDB3EDC92006F3EF1EC94F44373907EB1,HOST_CAN_0176,PASS,COC(=O)C(C)CBr,5640F037C1252373217D10D5980BCA1FB5C97C9612315CC9B7557CECE3695E25,GUEST_CAN_0434,PASS,AttentiveFP,4,host_cold,2,1.8474407196044922
377,3,296,OC[C@H]1O[C@@H]2O[C@@H]3[C@@H](CO)O[C@H](O[C@@H]4[C@@H](CO)O[C@H](O[C@@H]5[C@@H](CO)O[C@H](O[C@@H]6[C@@H](CO)O[C@H](O[C@@H]7[C@@H](CO)O[C@H](O[C@@H]8[C@@H](CO)O[C@H](O[C@H]1[C@H](O)[C@H]2O)[C@H](O)[C@H]8O)[C@H](O)[C@H]7O)[C@H](O)[C@H]6O)[C@H](O)[C@H]5O)[C@H](O)[C@H]4O)[C@H](O)[C@H]3O,CC(=O)NC(CC1=CNC2=CC=CC=C21)C(=O)O,cyclodextrin,1.1038000583648682,OC[C@H]1O[C@@H]2O[C@H]3[C@H](O)[C@@H](O)[C@@H](O[C@H]4[C@H](O)[C@@H](O)[C@@H](O[C@H]5[C@H](O)[C@@H](O)[C@@H](O[C@H]6[C@H](O)[C@@H](O)[C@@H](O[C@H]7[C@H](O)[C@@H](O)[C@@H](O[C@H]8[C@H](O)[C@@H](O)[C@@H](O[C@H]1[C@H](O)[C@H]2O)O[C@@H]8CO)O[C@@H]7CO)O[C@@H]6CO)O[C@@H]5CO)O[C@@H]4CO)O[C@@H]3CO,22584443D9512992310760C9871E3E6BDB3EDC92006F3EF1EC94F44373907EB1,HOST_CAN_0176,PASS,CC(=O)NC(Cc1c[nH]c2ccccc12)C(=O)O,98F7320D090E241BFC6744B0EF72D1F5ECE8246FC143C1E9CF373B4A144A7EE1,GUEST_CAN_0071,PASS,AttentiveFP,4,host_cold,2,2.369882583618164
389,65,305,O=C(COC1=C(CC2=CC(OCC(O)=O)=C(C3)C=C2OCC(O)=O)C=C(OCC(O)=O)C(CC4=C(OCC(O)=O)C=C(CC5=CC(OCC(O)=O)=C(CC6=C(OCC(O)=O)C=C3C(OCC(O)=O)=C6)C=C5OCC(O)=O)C(OCC(O)=O)=C4)=C1)O,C[N+](CCCCCC[N+](C)(C)C)(C)C.[Cl-].[Cl-],pillararene,7.053100109100342,O=C(O)COc1cc2c(OCC(=O)O)cc1Cc1cc(OCC(=O)O)c(cc1OCC(=O)O)Cc1cc(OCC(=O)O)c(cc1OCC(=O)O)Cc1cc(OCC(=O)O)c(cc1OCC(=O)O)Cc1cc(OCC(=O)O)c(cc1OCC(=O)O)C2,D554EF58E2285AB1E087AF8FFC6B903FE8A63389351C9D80310C0632D55CFBCA,HOST_CAN_0132,PASS,C[N+](C)(C)CCCCCC[N+](C)(C)C.[Cl-].[Cl-],64E63B4AAB1DD8ACF26323DDFCB5C764115FF628538D34A06DF96CDD8D66FD68,GUEST_CAN_0564,PASS,AttentiveFP,4,host_cold,2,6.759821891784668
393,3,308,OC[C@H]1O[C@@H]2O[C@@H]3[C@@H](CO)O[C@H](O[C@@H]4[C@@H](CO)O[C@H](O[C@@H]5[C@@H](CO)O[C@H](O[C@@H]6[C@@H](CO)O[C@H](O[C@@H]7[C@@H](CO)O[C@H](O[C@@H]8[C@@H](CO)O[C@H](O[C@H]1[C@H](O)[C@H]2O)[C@H](O)[C@H]8O)[C@H](O)[C@H]7O)[C@H](O)[C@H]6O)[C@H](O)[C@H]5O)[C@H](O)[C@H]4O)[C@H](O)[C@H]3O,COc1cccc(c1)CC(=O)[O-],cyclodextrin,1.579800009727478,OC[C@H]1O[C@@H]2O[C@H]3[C@H](O)[C@@H](O)[C@@H](O[C@H]4[C@H](O)[C@@H](O)[C@@H](O[C@H]5[C@H](O)[C@@H](O)[C@@H](O[C@H]6[C@H](O)[C@@H](O)[C@@H](O[C@H]7[C@H](O)[C@@H](O)[C@@H](O[C@H]8[C@H](O)[C@@H](O)[C@@H](O[C@H]1[C@H](O)[C@H]2O)O[C@@H]8CO)O[C@@H]7CO)O[C@@H]6CO)O[C@@H]5CO)O[C@@H]4CO)O[C@@H]3CO,22584443D9512992310760C9871E3E6BDB3EDC92006F3EF1EC94F44373907EB1,HOST_CAN_0176,PASS,COc1cccc(CC(=O)[O-])c1,90918BA2DF02A5D4E66F8C99A6B85E3A4DBEB61AF4D6526EFE175D462E4D23BB,GUEST_CAN_0503,PASS,AttentiveFP,4,host_cold,2,2.20345401763916
394,89,91,O[C@@H]1[C@@H](O)[C@H](O[C@@H]2[C@H](O)[C@@H](O)[C@H](O3)[C@@H](COCCCCS(=O)([O-])=O)O2)[C@@H](COCCCCS(=O)([O-])=O)O[C@@H]1O[C@H]4[C@H](O)[C@@H](O)[C@@H](O[C@@H]5[C@@H](O)[C@H](O)[C@H](O[C@@H]6[C@@H](O)[C@H](O)[C@H](O[C@@H]7[C@@H](O)[C@H](O)[C@H](O[C@@H]8[C@@H](O)[C@H](O)[C@H]3O[C@H]8COCCCCS(=O)([O-])=O)O[C@H]7COCCCCS(=O)([O-])=O)O[C@H]6COCCCCS(=O)([O-])=O)O[C@H]5COCCCCS(=O)([O-])=O)O[C@@H]4COCCCCS(=O)([O-])=O.[Na+].[Na+].[Na+].[Na+].[Na+].[Na+].[Na+],C1C2CC3CC1CC(C2)(C3)N,cyclodextrin,4.071899890899658,O=S(=O)([O-])CCCCOC[C@@H]1O[C@H]2O[C@@H]3[C@@H](O)[C@H](O)[C@H](O[C@H]4[C@H](O)[C@@H](O)[C@@H](O[C@H]5[C@H](O)[C@@H](O)[C@@H](O[C@H]6[C@H](O)[C@@H](O)[C@@H](O[C@@H]7[C@@H](O)[C@H](O)[C@H](O[C@@H]8[C@@H](O)[C@H](O)[C@H](O[C@@H]1[C@@H](O)[C@@H]2O)O[C@H]8COCCCCS(=O)(=O)[O-])O[C@H]7COCCCCS(=O)(=O)[O-])O[C@@H]6COCCCCS(=O)(=O)[O-])O[C@@H]5COCCCCS(=O)(=O)[O-])O[C@@H]4COCCCCS(=O)(=O)[O-])O[C@H]3COCCCCS(=O)(=O)[O-].[Na+].[Na+].[Na+].[Na+].[Na+].[Na+].[Na+],0EF453A8FEAB2DBB346A347C51767F5C4A37ED4747250CEC0BCF3880BBC2D023,HOST_CAN_0157,PASS,NC12CC3CC(CC(C3)C1)C2,7A4D9C210824DA5713052FE54C9632224B5FB38B7401F407AC7A5312E48B504D,GUEST_CAN_0758,PASS,AttentiveFP,4,host_cold,2,5.0131001472473145
402,3,315,OC[C@H]1O[C@@H]2O[C@@H]3[C@@H](CO)O[C@H](O[C@@H]4[C@@H](CO)O[C@H](O[C@@H]5[C@@H](CO)O[C@H](O[C@@H]6[C@@H](CO)O[C@H](O[C@@H]7[C@@H](CO)O[C@H](O[C@@H]8[C@@H](CO)O[C@H](O[C@H]1[C@H](O)[C@H]2O)[C@H](O)[C@H]8O)[C@H](O)[C@H]7O)[C@H](O)[C@H]6O)[C@H](O)[C@H]5O)[C@H](O)[C@H]4O)[C@H](O)[C@H]3O,CC(C)NCC(COC1=CC=CC2=CC=CC=C21)O.Cl,cyclodextrin,2.06820011138916,OC[C@H]1O[C@@H]2O[C@H]3[C@H](O)[C@@H](O)[C@@H](O[C@H]4[C@H](O)[C@@H](O)[C@@H](O[C@H]5[C@H](O)[C@@H](O)[C@@H](O[C@H]6[C@H](O)[C@@H](O)[C@@H](O[C@H]7[C@H](O)[C@@H](O)[C@@H](O[C@H]8[C@H](O)[C@@H](O)[C@@H](O[C@H]1[C@H](O)[C@H]2O)O[C@@H]8CO)O[C@@H]7CO)O[C@@H]6CO)O[C@@H]5CO)O[C@@H]4CO)O[C@@H]3CO,22584443D9512992310760C9871E3E6BDB3EDC92006F3EF1EC94F44373907EB1,HOST_CAN_0176,PASS,CC(C)NCC(O)COc1cccc2ccccc12.Cl,7E3AE29C6BF9E41BF9911620AA6F0D58B216046EE525533BCB3FF29556ECAB25,GUEST_CAN_0162,PASS,AttentiveFP,4,host_cold,2,2.7225961685180664
407,22,31,Oc1c2Sc3cc(cc(c3O)Sc3cc(cc(Sc4c(c(Sc1cc(c2)S(=O)(=O)O)cc(c4)S(=O)(=O)O)O)c3O)S(=O)(=O)O)S(=O)(=O)O,CC(=O)OC(CC(=O)[O-])C[N+](C)(C)C,calixarene,1.3221999406814575,O=S(=O)(O)c1cc2c(O)c(c1)Sc1cc(S(=O)(=O)O)cc(c1O)Sc1cc(S(=O)(=O)O)cc(c1O)Sc1cc(S(=O)(=O)O)cc(c1O)S2,5FE888C1FB51BDA35D21231A31EDB8203ACD56DD9744D0C6B83351EC668D4256,HOST_CAN_0156,PASS,CC(=O)OC(CC(=O)[O-])C[N+](C)(C)C,84F3DE3A4774B1F6AF116A86D71ECC8AE9DDDEEB6CDC576B42DD15BBFC1D17CE,GUEST_CAN_0094,PASS,AttentiveFP,4,host_cold,2,3.9864132404327393
409,3,317,OC[C@H]1O[C@@H]2O[C@@H]3[C@@H](CO)O[C@H](O[C@@H]4[C@@H](CO)O[C@H](O[C@@H]5[C@@H](CO)O[C@H](O[C@@H]6[C@@H](CO)O[C@H](O[C@@H]7[C@@H](CO)O[C@H](O[C@@H]8[C@@H](CO)O[C@H](O[C@H]1[C@H](O)[C@H]2O)[C@H](O)[C@H]8O)[C@H](O)[C@H]7O)[C@H](O)[C@H]6O)[C@H](O)[C@H]5O)[C@H](O)[C@H]4O)[C@H](O)[C@H]3O,C1CCC(C(C1)O)O,cyclodextrin,1.9293999671936035,OC[C@H]1O[C@@H]2O[C@H]3[C@H](O)[C@@H](O)[C@@H](O[C@H]4[C@H](O)[C@@H](O)[C@@H](O[C@H]5[C@H](O)[C@@H](O)[C@@H](O[C@H]6[C@H](O)[C@@H](O)[C@@H](O[C@H]7[C@H](O)[C@@H](O)[C@@H](O[C@H]8[C@H](O)[C@@H](O)[C@@H](O[C@H]1[C@H](O)[C@H]2O)O[C@@H]8CO)O[C@@H]7CO)O[C@@H]6CO)O[C@@H]5CO)O[C@@H]4CO)O[C@@H]3CO,22584443D9512992310760C9871E3E6BDB3EDC92006F3EF1EC94F44373907EB1,HOST_CAN_0176,PASS,OC1CCCCC1O,68517F5E2C4E7A6C5B57748F5CC516315EA14A9348D8746ED8A985C007ADFF97,GUEST_CAN_0964,PASS,AttentiveFP,4,host_cold,2,1.8490571975708008
412,3,319,OC[C@H]1O[C@@H]2O[C@@H]3[C@@H](CO)O[C@H](O[C@@H]4[C@@H](CO)O[C@H](O[C@@H]5[C@@H](CO)O[C@H](O[C@@H]6[C@@H](CO)O[C@H](O[C@@H]7[C@@H](CO)O[C@H](O[C@@H]8[C@@H](CO)O[C@H](O[C@H]1[C@H](O)[C@H]2O)[C@H](O)[C@H]8O)[C@H](O)[C@H]7O)[C@H](O)[C@H]6O)[C@H](O)[C@H]5O)[C@H](O)[C@H]4O)[C@H](O)[C@H]3O,C1=CC(=CC=C1C(C2=CC=C(C=C2)O)(C(F)(F)F)C(F)(F)F)O,cyclodextrin,4.247000217437744,OC[C@H]1O[C@@H]2O[C@H]3[C@H](O)[C@@H](O)[C@@H](O[C@H]4[C@H](O)[C@@H](O)[C@@H](O[C@H]5[C@H](O)[C@@H](O)[C@@H](O[C@H]6[C@H](O)[C@@H](O)[C@@H](O[C@H]7[C@H](O)[C@@H](O)[C@@H](O[C@H]8[C@H](O)[C@@H](O)[C@@H](O[C@H]1[C@H](O)[C@H]2O)O[C@@H]8CO)O[C@@H]7CO)O[C@@H]6CO)O[C@@H]5CO)O[C@@H]4CO)O[C@@H]3CO,22584443D9512992310760C9871E3E6BDB3EDC92006F3EF1EC94F44373907EB1,HOST_CAN_0176,PASS,Oc1ccc(C(c2ccc(O)cc2)(C(F)(F)F)C(F)(F)F)cc1,CB868649F37E42F36AE2CA1AB541933F6D36640D26FCA15D1FEE745EAD58B548,GUEST_CAN_0991,PASS,AttentiveFP,4,host_cold,2,2.5672831535339355
413,36,320,C1CCC2C(C1)OCCOCCOC3CCCCC3OCCOCCO2,[Hg+].[Hg+],crown_ether,1.600000023841858,C1CCC2OCCOCCOC3CCCCC3OCCOCCOC2C1,6324056DD7B8D486CDD96CAFC63AEDD5DD6528EA1F170F5E566BD0A62E2BF929,HOST_CAN_0001,PASS,[Hg+].[Hg+],BD0D4AD4ACC13205B771FCC71D2BECD279ABBF390A0E8AA4D4C881829111281C,GUEST_CAN_1062,PASS,AttentiveFP,4,host_cold,2,2.281569004058838
416,3,322,OC[C@H]1O[C@@H]2O[C@@H]3[C@@H](CO)O[C@H](O[C@@H]4[C@@H](CO)O[C@H](O[C@@H]5[C@@H](CO)O[C@H](O[C@@H]6[C@@H](CO)O[C@H](O[C@@H]7[C@@H](CO)O[C@H](O[C@@H]8[C@@H](CO)O[C@H](O[C@H]1[C@H](O)[C@H]2O)[C@H](O)[C@H]8O)[C@H](O)[C@H]7O)[C@H](O)[C@H]6O)[C@H](O)[C@H]5O)[C@H](O)[C@H]4O)[C@H](O)[C@H]3O,CC(C(=O)O)NC(=O)OC(C)(C)C,cyclodextrin,2.5933001041412354,OC[C@H]1O[C@@H]2O[C@H]3[C@H](O)[C@@H](O)[C@@H](O[C@H]4[C@H](O)[C@@H](O)[C@@H](O[C@H]5[C@H](O)[C@@H](O)[C@@H](O[C@H]6[C@H](O)[C@@H](O)[C@@H](O[C@H]7[C@H](O)[C@@H](O)[C@@H](O[C@H]8[C@H](O)[C@@H](O)[C@@H](O[C@H]1[C@H](O)[C@H]2O)O[C@@H]8CO)O[C@@H]7CO)O[C@@H]6CO)O[C@@H]5CO)O[C@@H]4CO)O[C@@H]3CO,22584443D9512992310760C9871E3E6BDB3EDC92006F3EF1EC94F44373907EB1,HOST_CAN_0176,PASS,CC(NC(=O)OC(C)(C)C)C(=O)O,7CCCF740BF314177ABCE8798C8871EAF8CF4BB3A9EA8250CDEB718366D031332,GUEST_CAN_0187,PASS,AttentiveFP,4,host_cold,2,1.91070556640625
418,3,323,OC[C@H]1O[C@@H]2O[C@@H]3[C@@H](CO)O[C@H](O[C@@H]4[C@@H](CO)O[C@H](O[C@@H]5[C@@H](CO)O[C@H](O[C@@H]6[C@@H](CO)O[C@H](O[C@@H]7[C@@H](CO)O[C@H](O[C@@H]8[C@@H](CO)O[C@H](O[C@H]1[C@H](O)[C@H]2O)[C@H](O)[C@H]8O)[C@H](O)[C@H]7O)[C@H](O)[C@H]6O)[C@H](O)[C@H]5O)[C@H](O)[C@H]4O)[C@H](O)[C@H]3O,COC(C1=CC=CC=C1)(C(=O)O)C(F)(F)F,cyclodextrin,2.149199962615967,OC[C@H]1O[C@@H]2O[C@H]3[C@H](O)[C@@H](O)[C@@H](O[C@H]4[C@H](O)[C@@H](O)[C@@H](O[C@H]5[C@H](O)[C@@H](O)[C@@H](O[C@H]6[C@H](O)[C@@H](O)[C@@H](O[C@H]7[C@H](O)[C@@H](O)[C@@H](O[C@H]8[C@H](O)[C@@H](O)[C@@H](O[C@H]1[C@H](O)[C@H]2O)O[C@@H]8CO)O[C@@H]7CO)O[C@@H]6CO)O[C@@H]5CO)O[C@@H]4CO)O[C@@H]3CO,22584443D9512992310760C9871E3E6BDB3EDC92006F3EF1EC94F44373907EB1,HOST_CAN_0176,PASS,COC(C(=O)O)(c1ccccc1)C(F)(F)F,85C96E7903F4019B3669733EFEF7B9E39FB06B27FF49E9C8368DDDC0E9C8C069,GUEST_CAN_0452,PASS,AttentiveFP,4,host_cold,2,2.273059844970703
426,3,232,OC[C@H]1O[C@@H]2O[C@@H]3[C@@H](CO)O[C@H](O[C@@H]4[C@@H](CO)O[C@H](O[C@@H]5[C@@H](CO)O[C@H](O[C@@H]6[C@@H](CO)O[C@H](O[C@@H]7[C@@H](CO)O[C@H](O[C@@H]8[C@@H](CO)O[C@H](O[C@H]1[C@H](O)[C@H]2O)[C@H](O)[C@H]8O)[C@H](O)[C@H]7O)[C@H](O)[C@H]6O)[C@H](O)[C@H]5O)[C@H](O)[C@H]4O)[C@H](O)[C@H]3O,CC1(C2CCC1(C(=O)C2=NO)C)C,cyclodextrin,3.402899980545044,OC[C@H]1O[C@@H]2O[C@H]3[C@H](O)[C@@H](O)[C@@H](O[C@H]4[C@H](O)[C@@H](O)[C@@H](O[C@H]5[C@H](O)[C@@H](O)[C@@H](O[C@H]6[C@H](O)[C@@H](O)[C@@H](O[C@H]7[C@H](O)[C@@H](O)[C@@H](O[C@H]8[C@H](O)[C@@H](O)[C@@H](O[C@H]1[C@H](O)[C@H]2O)O[C@@H]8CO)O[C@@H]7CO)O[C@@H]6CO)O[C@@H]5CO)O[C@@H]4CO)O[C@@H]3CO,22584443D9512992310760C9871E3E6BDB3EDC92006F3EF1EC94F44373907EB1,HOST_CAN_0176,PASS,CC12CCC(C(=NO)C1=O)C2(C)C,9FB8A145473A7893F8AF8EED6E271DC8E14C517B6321519536601BF586DB8B7F,GUEST_CAN_0223,PASS,AttentiveFP,4,host_cold,2,2.0566699504852295
427,89,120,O[C@@H]1[C@@H](O)[C@H](O[C@@H]2[C@H](O)[C@@H](O)[C@H](O3)[C@@H](COCCCCS(=O)([O-])=O)O2)[C@@H](COCCCCS(=O)([O-])=O)O[C@@H]1O[C@H]4[C@H](O)[C@@H](O)[C@@H](O[C@@H]5[C@@H](O)[C@H](O)[C@H](O[C@@H]6[C@@H](O)[C@H](O)[C@H](O[C@@H]7[C@@H](O)[C@H](O)[C@H](O[C@@H]8[C@@H](O)[C@H](O)[C@H]3O[C@H]8COCCCCS(=O)([O-])=O)O[C@H]7COCCCCS(=O)([O-])=O)O[C@H]6COCCCCS(=O)([O-])=O)O[C@H]5COCCCCS(=O)([O-])=O)O[C@@H]4COCCCCS(=O)([O-])=O.[Na+].[Na+].[Na+].[Na+].[Na+].[Na+].[Na+],CC1=CC2=NC3=C(C=C(C=C3)N(C)C)N=C2C=C1N.Cl,cyclodextrin,3.3882999420166016,O=S(=O)([O-])CCCCOC[C@@H]1O[C@H]2O[C@@H]3[C@@H](O)[C@H](O)[C@H](O[C@H]4[C@H](O)[C@@H](O)[C@@H](O[C@H]5[C@H](O)[C@@H](O)[C@@H](O[C@H]6[C@H](O)[C@@H](O)[C@@H](O[C@@H]7[C@@H](O)[C@H](O)[C@H](O[C@@H]8[C@@H](O)[C@H](O)[C@H](O[C@@H]1[C@@H](O)[C@@H]2O)O[C@H]8COCCCCS(=O)(=O)[O-])O[C@H]7COCCCCS(=O)(=O)[O-])O[C@@H]6COCCCCS(=O)(=O)[O-])O[C@@H]5COCCCCS(=O)(=O)[O-])O[C@@H]4COCCCCS(=O)(=O)[O-])O[C@H]3COCCCCS(=O)(=O)[O-].[Na+].[Na+].[Na+].[Na+].[Na+].[Na+].[Na+],0EF453A8FEAB2DBB346A347C51767F5C4A37ED4747250CEC0BCF3880BBC2D023,HOST_CAN_0157,PASS,Cc1cc2nc3ccc(N(C)C)cc3nc2cc1N.Cl,38DA61F40FBF04D6F8617D026997AD15F6CEDB2A1A227B5595A652A18AA9F05C,GUEST_CAN_0653,PASS,AttentiveFP,4,host_cold,2,5.122643947601318
431,18,331,CC1=C2C3=CC4=C1OC5C6=CC7=CC(=C6)OC8=CC(=CC(=C8)C(=O)O)OC9=CC1=CC(=C9)C6OC8=C(C=C(C4CCC(=O)O)C(=C8C)O5)C(C4=C(O6)C(=C5C(=C4)C(C4=C6C(=C(C(=C4)C3CCC(=O)O)OC(O2)C2=CC(=CC(=C2)OC2=CC(=CC(=C2)C(=O)O)OC2=CC(=CC(=C2)C(O5)O6)OC2=CC(=CC(=C2)C(=O)O)O1)OC1=CC(=CC(=C1)C(=O)O)O7)C)CCC(=O)O)C)CCC(=O)O,C1C2CC3CC(C2)(CC1C3Br)C(=O)O,cavitand,1.370300054550171,Cc1c2c3cc4c1OC1Oc5c(cc6c(c5C)OC5Oc7c(cc8c(c7C)OC7Oc9c(cc(c(c9C)OC(O2)c2cc9cc(c2)Oc2cc(cc(C(=O)O)c2)Oc2cc(cc7c2)Oc2cc(cc(C(=O)O)c2)Oc2cc(cc5c2)Oc2cc(cc(C(=O)O)c2)Oc2cc(cc1c2)Oc1cc(cc(C(=O)O)c1)O9)C3CCC(=O)O)C8CCC(=O)O)C6CCC(=O)O)C4CCC(=O)O,326FFD4B5C5565D32207155C0B129AE16AFCA7B3342F0DAD815C24AB8DFA8483,HOST_CAN_0099,PASS,O=C(O)C12CC3CC(C1)C(Br)C(C3)C2,2B1B5D617BF3C1AF1FA4EA56A3E2892507C8BE85259EA3CFB9B7E157479F0A0F,GUEST_CAN_0862,PASS,AttentiveFP,4,host_cold,2,6.130839824676514
435,23,334,OC[C@H]1O[C@@H]2O[C@@H]3[C@@H](CO)O[C@H](O[C@@H]4[C@@H](CO)O[C@H](O[C@@H]5[C@@H](CO)O[C@H](O[C@@H]6[C@@H](CO)O[C@H](O[C@@H]7[C@@H](CO)O[C@H](O[C@H]1[C@H](O)[C@H]2O)[C@H](O)[C@H]7O)[C@H](O)[C@H]6O)[C@H](O)[C@H]5O)[C@H](O)[C@H]4O)[C@H](O)[C@H]3O,C(CCC(=O)O)CCN,cyclodextrin,3.1800999641418457,OC[C@H]1O[C@@H]2O[C@H]3[C@H](O)[C@@H](O)[C@@H](O[C@H]4[C@H](O)[C@@H](O)[C@@H](O[C@H]5[C@H](O)[C@@H](O)[C@@H](O[C@H]6[C@H](O)[C@@H](O)[C@@H](O[C@H]7[C@H](O)[C@@H](O)[C@@H](O[C@H]1[C@H](O)[C@H]2O)O[C@@H]7CO)O[C@@H]6CO)O[C@@H]5CO)O[C@@H]4CO)O[C@@H]3CO,9CB41F926A4386D7C0E23599753E6EDC60802BE1DCF577DB9B32CBB20691DB1D,HOST_CAN_0175,PASS,NCCCCCC(=O)O,556BB6F16F621D91B1DC645383B3B2E4F01F4052B797211787737B4069A13D18,GUEST_CAN_0788,PASS,AttentiveFP,4,host_cold,2,1.8617310523986816
438,3,187,OC[C@H]1O[C@@H]2O[C@@H]3[C@@H](CO)O[C@H](O[C@@H]4[C@@H](CO)O[C@H](O[C@@H]5[C@@H](CO)O[C@H](O[C@@H]6[C@@H](CO)O[C@H](O[C@@H]7[C@@H](CO)O[C@H](O[C@@H]8[C@@H](CO)O[C@H](O[C@H]1[C@H](O)[C@H]2O)[C@H](O)[C@H]8O)[C@H](O)[C@H]7O)[C@H](O)[C@H]6O)[C@H](O)[C@H]5O)[C@H](O)[C@H]4O)[C@H](O)[C@H]3O,CCC(C)C(C1=CC=CC=C1)C(=O)OCC[N+](C)(CC)CC.[Br-],cyclodextrin,4.202099800109863,OC[C@H]1O[C@@H]2O[C@H]3[C@H](O)[C@@H](O)[C@@H](O[C@H]4[C@H](O)[C@@H](O)[C@@H](O[C@H]5[C@H](O)[C@@H](O)[C@@H](O[C@H]6[C@H](O)[C@@H](O)[C@@H](O[C@H]7[C@H](O)[C@@H](O)[C@@H](O[C@H]8[C@H](O)[C@@H](O)[C@@H](O[C@H]1[C@H](O)[C@H]2O)O[C@@H]8CO)O[C@@H]7CO)O[C@@H]6CO)O[C@@H]5CO)O[C@@H]4CO)O[C@@H]3CO,22584443D9512992310760C9871E3E6BDB3EDC92006F3EF1EC94F44373907EB1,HOST_CAN_0176,PASS,CCC(C)C(C(=O)OCC[N+](C)(CC)CC)c1ccccc1.[Br-],F14832804F3AFFF114BFCBD52BEFB4558702666E47D58676E968FE363E66A6E0,GUEST_CAN_0258,PASS,AttentiveFP,4,host_cold,2,2.2287533283233643
441,73,286,C1C2=CC(=CC(=C2O)CC3=CC(=CC(=C3O)CC4=CC(=CC(=C4O)CC5=C(C(=CC(=C5)S(=O)(=O)O)CC6=C(C1=CC(=C6)S(=O)(=O)O)O)O)S(=O)(=O)O)S(=O)(=O)O)S(=O)(=O)O,C[N+](C)(C)CCO,calixarene,4.155300140380859,O=S(=O)(O)c1cc2c(O)c(c1)Cc1cc(S(=O)(=O)O)cc(c1O)Cc1cc(S(=O)(=O)O)cc(c1O)Cc1cc(S(=O)(=O)O)cc(c1O)Cc1cc(S(=O)(=O)O)cc(c1O)C2,CE64A1CA71928E5DE79CF9633E11D44D0BC2C175AB3D980BF8052807605CA8CC,HOST_CAN_0155,PASS,C[N+](C)(C)CCO,EE2F222C864A3340CB6DC5C1A21FDDCC9B162B0220641118D30F914132FC0AFF,GUEST_CAN_0568,PASS,AttentiveFP,4,host_cold,2,3.9540231227874756
443,23,155,OC[C@H]1O[C@@H]2O[C@@H]3[C@@H](CO)O[C@H](O[C@@H]4[C@@H](CO)O[C@H](O[C@@H]5[C@@H](CO)O[C@H](O[C@@H]6[C@@H](CO)O[C@H](O[C@@H]7[C@@H](CO)O[C@H](O[C@H]1[C@H](O)[C@H]2O)[C@H](O)[C@H]7O)[C@H](O)[C@H]6O)[C@H](O)[C@H]5O)[C@H](O)[C@H]4O)[C@H](O)[C@H]3O,CCCCNC1=CC=C(C=C1)C(=O)OCCN(C)C.Cl,cyclodextrin,2.401400089263916,OC[C@H]1O[C@@H]2O[C@H]3[C@H](O)[C@@H](O)[C@@H](O[C@H]4[C@H](O)[C@@H](O)[C@@H](O[C@H]5[C@H](O)[C@@H](O)[C@@H](O[C@H]6[C@H](O)[C@@H](O)[C@@H](O[C@H]7[C@H](O)[C@@H](O)[C@@H](O[C@H]1[C@H](O)[C@H]2O)O[C@@H]7CO)O[C@@H]6CO)O[C@@H]5CO)O[C@@H]4CO)O[C@@H]3CO,9CB41F926A4386D7C0E23599753E6EDC60802BE1DCF577DB9B32CBB20691DB1D,HOST_CAN_0175,PASS,CCCCNc1ccc(C(=O)OCCN(C)C)cc1.Cl,A397100E143BA35516F734EAC8597B29B3E35E4DCC69A41BC8906C1F1F535EAF,GUEST_CAN_0311,PASS,AttentiveFP,4,host_cold,2,2.2887980937957764
449,3,342,OC[C@H]1O[C@@H]2O[C@@H]3[C@@H](CO)O[C@H](O[C@@H]4[C@@H](CO)O[C@H](O[C@@H]5[C@@H](CO)O[C@H](O[C@@H]6[C@@H](CO)O[C@H](O[C@@H]7[C@@H](CO)O[C@H](O[C@@H]8[C@@H](CO)O[C@H](O[C@H]1[C@H](O)[C@H]2O)[C@H](O)[C@H]8O)[C@H](O)[C@H]7O)[C@H](O)[C@H]6O)[C@H](O)[C@H]5O)[C@H](O)[C@H]4O)[C@H](O)[C@H]3O,C1=CC=C(C=C1)COCC=O,cyclodextrin,2.342400074005127,OC[C@H]1O[C@@H]2O[C@H]3[C@H](O)[C@@H](O)[C@@H](O[C@H]4[C@H](O)[C@@H](O)[C@@H](O[C@H]5[C@H](O)[C@@H](O)[C@@H](O[C@H]6[C@H](O)[C@@H](O)[C@@H](O[C@H]7[C@H](O)[C@@H](O)[C@@H](O[C@H]8[C@H](O)[C@@H](O)[C@@H](O[C@H]1[C@H](O)[C@H]2O)O[C@@H]8CO)O[C@@H]7CO)O[C@@H]6CO)O[C@@H]5CO)O[C@@H]4CO)O[C@@H]3CO,22584443D9512992310760C9871E3E6BDB3EDC92006F3EF1EC94F44373907EB1,HOST_CAN_0176,PASS,O=CCOCc1ccccc1,814634EABD1D2CFF1B20A4F82DC95C916F9BCF5874A301C1F888443B6BCB6FC7,GUEST_CAN_0927,PASS,AttentiveFP,4,host_cold,2,2.1182334423065186
455,23,262,OC[C@H]1O[C@@H]2O[C@@H]3[C@@H](CO)O[C@H](O[C@@H]4[C@@H](CO)O[C@H](O[C@@H]5[C@@H](CO)O[C@H](O[C@@H]6[C@@H](CO)O[C@H](O[C@@H]7[C@@H](CO)O[C@H](O[C@H]1[C@H](O)[C@H]2O)[C@H](O)[C@H]7O)[C@H](O)[C@H]6O)[C@H](O)[C@H]5O)[C@H](O)[C@H]4O)[C@H](O)[C@H]3O,CCN(CC)CCOC(=O)C1=CC=C(C=C1)N.Cl,cyclodextrin,1.5932999849319458,OC[C@H]1O[C@@H]2O[C@H]3[C@H](O)[C@@H](O)[C@@H](O[C@H]4[C@H](O)[C@@H](O)[C@@H](O[C@H]5[C@H](O)[C@@H](O)[C@@H](O[C@H]6[C@H](O)[C@@H](O)[C@@H](O[C@H]7[C@H](O)[C@@H](O)[C@@H](O[C@H]1[C@H](O)[C@H]2O)O[C@@H]7CO)O[C@@H]6CO)O[C@@H]5CO)O[C@@H]4CO)O[C@@H]3CO,9CB41F926A4386D7C0E23599753E6EDC60802BE1DCF577DB9B32CBB20691DB1D,HOST_CAN_0175,PASS,CCN(CC)CCOC(=O)c1ccc(N)cc1.Cl,B6592951C8A510E3B4F06E47C61517E830D4419A9C487D8E3D4F7EA1AAA33F0C,GUEST_CAN_0342,PASS,AttentiveFP,4,host_cold,2,2.1020283699035645
456,3,84,OC[C@H]1O[C@@H]2O[C@@H]3[C@@H](CO)O[C@H](O[C@@H]4[C@@H](CO)O[C@H](O[C@@H]5[C@@H](CO)O[C@H](O[C@@H]6[C@@H](CO)O[C@H](O[C@@H]7[C@@H](CO)O[C@H](O[C@@H]8[C@@H](CO)O[C@H](O[C@H]1[C@H](O)[C@H]2O)[C@H](O)[C@H]8O)[C@H](O)[C@H]7O)[C@H](O)[C@H]6O)[C@H](O)[C@H]5O)[C@H](O)[C@H]4O)[C@H](O)[C@H]3O,COC(=O)C(C1=CC=CC=C1)O,cyclodextrin,1.8384000062942505,OC[C@H]1O[C@@H]2O[C@H]3[C@H](O)[C@@H](O)[C@@H](O[C@H]4[C@H](O)[C@@H](O)[C@@H](O[C@H]5[C@H](O)[C@@H](O)[C@@H](O[C@H]6[C@H](O)[C@@H](O)[C@@H](O[C@H]7[C@H](O)[C@@H](O)[C@@H](O[C@H]8[C@H](O)[C@@H](O)[C@@H](O[C@H]1[C@H](O)[C@H]2O)O[C@@H]8CO)O[C@@H]7CO)O[C@@H]6CO)O[C@@H]5CO)O[C@@H]4CO)O[C@@H]3CO,22584443D9512992310760C9871E3E6BDB3EDC92006F3EF1EC94F44373907EB1,HOST_CAN_0176,PASS,COC(=O)C(O)c1ccccc1,B892487BE7DC6C082D50D46727606139C1C909344E69AFBACB6F0D3612DA1843,GUEST_CAN_0444,PASS,AttentiveFP,4,host_cold,2,2.367314338684082
457,78,347,COC[C@@H]1O[C@H]2O[C@@H]3[C@@H](COC)O[C@@H]([C@@H]([C@H]3OC)OC)O[C@@H]3[C@@H](COC)O[C@@H]([C@@H]([C@H]3OC)OC)O[C@@H]3[C@@H](COC)O[C@@H]([C@@H]([C@H]3OC)OC)O[C@H]3[C@@H](O[C@@H](O[C@H]4[C@@H](O[C@@H](O[C@H]5[C@@H](O[C@@H](O[C@@H]1[C@H]([C@@H]2OC)OC)[C@@H](OC)[C@@H]5OC)COC)[C@@H](OC)[C@@H]4OC)COC)[C@@H](OC)[C@@H]3OC)COC,[Na]OC(=O)CNOC(=O)CCC([C@H]1CC[C@@H]2[C@]1(C)[C@@H](O)C[C@H]1[C@H]2[C@H](O)C[C@H]2[C@]1(C)CC[C@H](C2)O)C,cyclodextrin,2.3578999042510986,COC[C@@H]1O[C@H]2O[C@@H]3[C@@H](OC)[C@H](OC)[C@H](O[C@H]4[C@H](OC)[C@@H](OC)[C@@H](O[C@H]5[C@H](OC)[C@@H](OC)[C@@H](O[C@H]6[C@H](OC)[C@@H](OC)[C@@H](O[C@@H]7[C@@H](OC)[C@H](OC)[C@H](O[C@@H]8[C@@H](OC)[C@H](OC)[C@H](O[C@@H]1[C@@H](OC)[C@@H]2OC)O[C@H]8COC)O[C@H]7COC)O[C@@H]6COC)O[C@@H]5COC)O[C@@H]4COC)O[C@H]3COC,4DBC704653D506001F39C2066C78337580D179894FB25234B01BA86A08D866EF,HOST_CAN_0061,PASS,CC(CCC(=O)ONCC(=O)[O][Na])[C@H]1CC[C@H]2[C@@H]3[C@H](O)C[C@@H]4C[C@H](O)CC[C@]4(C)[C@H]3C[C@H](O)[C@]12C,51B5AC142E25B7D44702DD7E725372C2BF956D4EDF34BE5A2E7E9ED74F257862,GUEST_CAN_0171,PASS,AttentiveFP,4,host_cold,2,3.508253574371338
460,101,350,CC12C3(N4CN5C6C7N(C5=O)CN8C9C5N(C8=O)CN8C(=O)N%10CC%11=C(C=CC%12=C%11C(=C(C=C%12)OCCCS(=O)(=O)[O-])CN%11C%10(C8(N(C%11=O)CN5C(=O)N9CN7C(=O)N6CN3C(=O)N1CC1=C(C=CC3=C1C(=C(C=C3)OCCCS(=O)(=O)[O-])CN2C4=O)OCCCS(=O)(=O)[O-])C)C)OCCCS(=O)(=O)[O-])C.[Na+].[Na+].[Na+].[Na+],CNC(=C[N+](=O)[O-])NCCSCC1=CC=C(O1)CN(C)C,cucurbituril,5.230400085449219,CC12N3Cc4c(OCCCS(=O)(=O)[O-])ccc5ccc(OCCCS(=O)(=O)[O-])c(c45)CN1C(=O)N1CN4C(=O)N5CN6C(=O)N7CN8C(=O)N9Cc%10c(OCCCS(=O)(=O)[O-])ccc%11ccc(OCCCS(=O)(=O)[O-])c(c%10%11)CN%10C(=O)N(CN%11C(=O)N(CN%12C(=O)N(CN(C3=O)C12C)C4C%125)C6C%117)C8(C)C%109C.[Na+].[Na+].[Na+].[Na+],D06B992717C42348D2028871BE8CF32C393DC5D34135FC7CB387827D0E760D24,HOST_CAN_0017,PASS,CNC(=C[N+](=O)[O-])NCCSCc1ccc(CN(C)C)o1,81518DA11B0CE4F83FADB3B13E388327F49047BEDCBACA1266C7173F2B832477,GUEST_CAN_0423,PASS,AttentiveFP,4,host_cold,2,5.034066677093506
471,73,236,C1C2=CC(=CC(=C2O)CC3=CC(=CC(=C3O)CC4=CC(=CC(=C4O)CC5=C(C(=CC(=C5)S(=O)(=O)O)CC6=C(C1=CC(=C6)S(=O)(=O)O)O)O)S(=O)(=O)O)S(=O)(=O)O)S(=O)(=O)O,C1=CC=NC(=C1)C2=CC=CC=N2,calixarene,3.0859999656677246,O=S(=O)(O)c1cc2c(O)c(c1)Cc1cc(S(=O)(=O)O)cc(c1O)Cc1cc(S(=O)(=O)O)cc(c1O)Cc1cc(S(=O)(=O)O)cc(c1O)Cc1cc(S(=O)(=O)O)cc(c1O)C2,CE64A1CA71928E5DE79CF9633E11D44D0BC2C175AB3D980BF8052807605CA8CC,HOST_CAN_0155,PASS,c1ccc(-c2ccccn2)nc1,D1C762AD73B514E93CA06EC7059DE6085292C39B61F82E357DBCFC580CDD236C,GUEST_CAN_1128,PASS,AttentiveFP,4,host_cold,2,3.3444361686706543
478,3,315,OC[C@H]1O[C@@H]2O[C@@H]3[C@@H](CO)O[C@H](O[C@@H]4[C@@H](CO)O[C@H](O[C@@H]5[C@@H](CO)O[C@H](O[C@@H]6[C@@H](CO)O[C@H](O[C@@H]7[C@@H](CO)O[C@H](O[C@@H]8[C@@H](CO)O[C@H](O[C@H]1[C@H](O)[C@H]2O)[C@H](O)[C@H]8O)[C@H](O)[C@H]7O)[C@H](O)[C@H]6O)[C@H](O)[C@H]5O)[C@H](O)[C@H]4O)[C@H](O)[C@H]3O,CC(C)NCC(COC1=CC=CC2=CC=CC=C21)O.Cl,cyclodextrin,2.060699939727783,OC[C@H]1O[C@@H]2O[C@H]3[C@H](O)[C@@H](O)[C@@H](O[C@H]4[C@H](O)[C@@H](O)[C@@H](O[C@H]5[C@H](O)[C@@H](O)[C@@H](O[C@H]6[C@H](O)[C@@H](O)[C@@H](O[C@H]7[C@H](O)[C@@H](O)[C@@H](O[C@H]8[C@H](O)[C@@H](O)[C@@H](O[C@H]1[C@H](O)[C@H]2O)O[C@@H]8CO)O[C@@H]7CO)O[C@@H]6CO)O[C@@H]5CO)O[C@@H]4CO)O[C@@H]3CO,22584443D9512992310760C9871E3E6BDB3EDC92006F3EF1EC94F44373907EB1,HOST_CAN_0176,PASS,CC(C)NCC(O)COc1cccc2ccccc12.Cl,7E3AE29C6BF9E41BF9911620AA6F0D58B216046EE525533BCB3FF29556ECAB25,GUEST_CAN_0162,PASS,AttentiveFP,4,host_cold,2,2.7225961685180664
483,3,367,OC[C@H]1O[C@@H]2O[C@@H]3[C@@H](CO)O[C@H](O[C@@H]4[C@@H](CO)O[C@H](O[C@@H]5[C@@H](CO)O[C@H](O[C@@H]6[C@@H](CO)O[C@H](O[C@@H]7[C@@H](CO)O[C@H](O[C@@H]8[C@@H](CO)O[C@H](O[C@H]1[C@H](O)[C@H]2O)[C@H](O)[C@H]8O)[C@H](O)[C@H]7O)[C@H](O)[C@H]6O)[C@H](O)[C@H]5O)[C@H](O)[C@H]4O)[C@H](O)[C@H]3O,C1CCC(CC1)O,cyclodextrin,2.8457000255584717,OC[C@H]1O[C@@H]2O[C@H]3[C@H](O)[C@@H](O)[C@@H](O[C@H]4[C@H](O)[C@@H](O)[C@@H](O[C@H]5[C@H](O)[C@@H](O)[C@@H](O[C@H]6[C@H](O)[C@@H](O)[C@@H](O[C@H]7[C@H](O)[C@@H](O)[C@@H](O[C@H]8[C@H](O)[C@@H](O)[C@@H](O[C@H]1[C@H](O)[C@H]2O)O[C@@H]8CO)O[C@@H]7CO)O[C@@H]6CO)O[C@@H]5CO)O[C@@H]4CO)O[C@@H]3CO,22584443D9512992310760C9871E3E6BDB3EDC92006F3EF1EC94F44373907EB1,HOST_CAN_0176,PASS,OC1CCCCC1,E36B66A9146ED31803D5E93963C648E31D0F8767C42A5AF0CFDECA7D124CE29D,GUEST_CAN_0963,PASS,AttentiveFP,4,host_cold,2,1.7458062171936035
485,3,322,OC[C@H]1O[C@@H]2O[C@@H]3[C@@H](CO)O[C@H](O[C@@H]4[C@@H](CO)O[C@H](O[C@@H]5[C@@H](CO)O[C@H](O[C@@H]6[C@@H](CO)O[C@H](O[C@@H]7[C@@H](CO)O[C@H](O[C@@H]8[C@@H](CO)O[C@H](O[C@H]1[C@H](O)[C@H]2O)[C@H](O)[C@H]8O)[C@H](O)[C@H]7O)[C@H](O)[C@H]6O)[C@H](O)[C@H]5O)[C@H](O)[C@H]4O)[C@H](O)[C@H]3O,CC(C(=O)O)NC(=O)OC(C)(C)C,cyclodextrin,2.56469988822937,OC[C@H]1O[C@@H]2O[C@H]3[C@H](O)[C@@H](O)[C@@H](O[C@H]4[C@H](O)[C@@H](O)[C@@H](O[C@H]5[C@H](O)[C@@H](O)[C@@H](O[C@H]6[C@H](O)[C@@H](O)[C@@H](O[C@H]7[C@H](O)[C@@H](O)[C@@H](O[C@H]8[C@H](O)[C@@H](O)[C@@H](O[C@H]1[C@H](O)[C@H]2O)O[C@@H]8CO)O[C@@H]7CO)O[C@@H]6CO)O[C@@H]5CO)O[C@@H]4CO)O[C@@H]3CO,22584443D9512992310760C9871E3E6BDB3EDC92006F3EF1EC94F44373907EB1,HOST_CAN_0176,PASS,CC(NC(=O)OC(C)(C)C)C(=O)O,7CCCF740BF314177ABCE8798C8871EAF8CF4BB3A9EA8250CDEB718366D031332,GUEST_CAN_0187,PASS,AttentiveFP,4,host_cold,2,1.91070556640625
489,3,371,OC[C@H]1O[C@@H]2O[C@@H]3[C@@H](CO)O[C@H](O[C@@H]4[C@@H](CO)O[C@H](O[C@@H]5[C@@H](CO)O[C@H](O[C@@H]6[C@@H](CO)O[C@H](O[C@@H]7[C@@H](CO)O[C@H](O[C@@H]8[C@@H](CO)O[C@H](O[C@H]1[C@H](O)[C@H]2O)[C@H](O)[C@H]8O)[C@H](O)[C@H]7O)[C@H](O)[C@H]6O)[C@H](O)[C@H]5O)[C@H](O)[C@H]4O)[C@H](O)[C@H]3O,CN(C)CCC=C1C2=CC=CC=C2C=CC3=CC=CC=C31,cyclodextrin,3.9293999671936035,OC[C@H]1O[C@@H]2O[C@H]3[C@H](O)[C@@H](O)[C@@H](O[C@H]4[C@H](O)[C@@H](O)[C@@H](O[C@H]5[C@H](O)[C@@H](O)[C@@H](O[C@H]6[C@H](O)[C@@H](O)[C@@H](O[C@H]7[C@H](O)[C@@H](O)[C@@H](O[C@H]8[C@H](O)[C@@H](O)[C@@H](O[C@H]1[C@H](O)[C@H]2O)O[C@@H]8CO)O[C@@H]7CO)O[C@@H]6CO)O[C@@H]5CO)O[C@@H]4CO)O[C@@H]3CO,22584443D9512992310760C9871E3E6BDB3EDC92006F3EF1EC94F44373907EB1,HOST_CAN_0176,PASS,CN(C)CCC=C1c2ccccc2C=Cc2ccccc21,63AE6F9FCD8280DC29D15ABE4A0CD7ED5DD8DC203883AFA3F81F49358A2E29B6,GUEST_CAN_0393,PASS,AttentiveFP,4,host_cold,2,2.6153500080108643
492,3,373,OC[C@H]1O[C@@H]2O[C@@H]3[C@@H](CO)O[C@H](O[C@@H]4[C@@H](CO)O[C@H](O[C@@H]5[C@@H](CO)O[C@H](O[C@@H]6[C@@H](CO)O[C@H](O[C@@H]7[C@@H](CO)O[C@H](O[C@@H]8[C@@H](CO)O[C@H](O[C@H]1[C@H](O)[C@H]2O)[C@H](O)[C@H]8O)[C@H](O)[C@H]7O)[C@H](O)[C@H]6O)[C@H](O)[C@H]5O)[C@H](O)[C@H]4O)[C@H](O)[C@H]3O,Nc1ccc2-c3c(Cc2c1)cccc3,cyclodextrin,3.149199962615967,OC[C@H]1O[C@@H]2O[C@H]3[C@H](O)[C@@H](O)[C@@H](O[C@H]4[C@H](O)[C@@H](O)[C@@H](O[C@H]5[C@H](O)[C@@H](O)[C@@H](O[C@H]6[C@H](O)[C@@H](O)[C@@H](O[C@H]7[C@H](O)[C@@H](O)[C@@H](O[C@H]8[C@H](O)[C@@H](O)[C@@H](O[C@H]1[C@H](O)[C@H]2O)O[C@@H]8CO)O[C@@H]7CO)O[C@@H]6CO)O[C@@H]5CO)O[C@@H]4CO)O[C@@H]3CO,22584443D9512992310760C9871E3E6BDB3EDC92006F3EF1EC94F44373907EB1,HOST_CAN_0176,PASS,Nc1ccc2c(c1)Cc1ccccc1-2,A6DDC5F17014DC0F5FB8FBA43C116507FD10D7A392FE48E73C619A545FD534B7,GUEST_CAN_0831,PASS,AttentiveFP,4,host_cold,2,2.412712335586548
497,106,376,CCCOC1=C2CC3=CC(P(OC)(O[Li])=O)=CC(CC4=C(OCCC)C(CC5=C(OCCC)C(CC1=CC(P(OC)(O[Li])=O)=C2)=CC(P(OC)(O[Li])=O)=C5)=CC(P(OC)(O[Li])=O)=C4)=C3OCCC,C(CO)N.Cl,calixarene,1.0,[Li][O]P(=O)(OC)c1cc2c(OCCC)c(c1)Cc1cc(P(=O)([O][Li])OC)cc(c1OCCC)Cc1cc(P(=O)([O][Li])OC)cc(c1OCCC)Cc1cc(P(=O)([O][Li])OC)cc(c1OCCC)C2,7E35E77A746111D0F7C2AD48B4236AD5F23EBD686B02C0BEF4D3F0D97CE016F4,HOST_CAN_0180,PASS,Cl.NCCO,B8BFC7F3AB287F02D64B1AF5D74B52A154A02E551CB075B8B8621A2F056ECCD2,GUEST_CAN_0689,PASS,AttentiveFP,4,host_cold,2,0.8177318572998047
501,107,380,OC1=C(CC2=C(C(CC3=C(O)C(C4)=CC(N=NC5=CC=C(C(O)=O)C=C5)=C3)=CC(N=NC6=CC=C(C(O)=O)C=C6)=C2)O)C=C(N=NC7=CC=C(C(O)=O)C=C7)C=C1CC8=C(O)C4=CC(N=NC9=CC=C(C(O)=O)C=C9)=C8,COC(=O)C1=CC=CC=C1C2=C3C=CC(=N)C=C3OC4=C2C=CC(=C4)N.Cl,calixarene,7.146100044250488,O=C(O)c1ccc(N=Nc2cc3c(O)c(c2)Cc2cc(N=Nc4ccc(C(=O)O)cc4)cc(c2O)Cc2cc(N=Nc4ccc(C(=O)O)cc4)cc(c2O)Cc2cc(N=Nc4ccc(C(=O)O)cc4)cc(c2O)C3)cc1,5A6AA76AB59CCD1FAB474526DD8000E6FCE420722542BE5E9687FA5C9EE01379,HOST_CAN_0135,PASS,COC(=O)c1ccccc1-c1c2ccc(=N)cc-2oc2cc(N)ccc12.Cl,5E7CB4F855C7DF07A7FE5C5A6B1FEDBF120212FEF7EB6F9F895F19484B6B423C,GUEST_CAN_0451,PASS,AttentiveFP,4,host_cold,2,6.467015743255615
505,42,15,OC1=C(CC2=CC(S(=O)([O-])=O)=CC(CC(C=C3S(=O)([O-])=O)=C4OCC(N)=O)=C2O)C=C(S(=O)([O-])=O)C=C1CC5=CC(S(=O)([O-])=O)=CC(CC4=C3)=C5O,[O-]C(=O)CC(C(=O)O)N,calixarene,3.3522000312805176,NC(=O)COc1c2cc(S(=O)(=O)[O-])cc1Cc1cc(S(=O)(=O)[O-])cc(c1O)Cc1cc(S(=O)(=O)[O-])cc(c1O)Cc1cc(S(=O)(=O)[O-])cc(c1O)C2,1F2BEDA02D00DC2C1A2D3A5BD5460849E045F21D3B673D4626094BA71BDA0464,HOST_CAN_0104,PASS,NC(CC(=O)[O-])C(=O)O,BB5F75F5A9C5B3B73A0A3B7339C8AC7150359761D5C24F8C1D742AB3AA3BCA26,GUEST_CAN_0731,PASS,AttentiveFP,4,host_cold,2,2.820643424987793
506,47,383,O=C(N2CN(C(N4CN(C(N6CN(C(N8CN(C(N%10CN%11C%13C%12N(CCCC(O)=O)C(N%13CCCC(O)=O)=O)=O)C9C%10N(CCCC(O)=O)C(N9CCCC(O)=O)=O)=O)C7C8N(CCCC(O)=O)C(N7CCCC(O)=O)=O)=O)C5C6N(CCCC(O)=O)C(N5CCCC(O)=O)=O)=O)C3C4N(CCCC(O)=O)C(N3CCCC(O)=O)=O)N(CN%12C%11=O)C1C2N(CCCC(O)=O)C(N1CCCC(O)=O)=O,C[n+]1ccc(cc1)c1cc[n+](cc1)CCCCC[n+]1ccc(cc1)c1cc[n+](cc1)C,other,4.5619001388549805,O=C(O)CCCN1C(=O)N(CCCC(=O)O)C2C1N1CN3C(=O)N(CN4C(=O)N(CN5C(=O)N(CN6C(=O)N(CN7C(=O)N(CN2C1=O)C1C7N(CCCC(=O)O)C(=O)N1CCCC(=O)O)C1C6N(CCCC(=O)O)C(=O)N1CCCC(=O)O)C1C5N(CCCC(=O)O)C(=O)N1CCCC(=O)O)C1C4N(CCCC(=O)O)C(=O)N1CCCC(=O)O)C1C3N(CCCC(=O)O)C(=O)N1CCCC(=O)O,6C5C7F66B2D952E729F653DC9785C287BD871EBCB663DD839270802E514E3A70,HOST_CAN_0120,PASS,C[n+]1ccc(-c2cc[n+](CCCCC[n+]3ccc(-c4cc[n+](C)cc4)cc3)cc2)cc1,6C0956A80D8DB6FEF03DB159C61F4C745F6AA737EFEC536BB003697D36A45207,GUEST_CAN_0628,PASS,AttentiveFP,4,host_cold,2,5.567235469818115
521,26,22,[Li+].[Li+].B(C1=CC=CC=C1CNCC2=CC=C(C=C2)C(=O)NC3=CC(=CC(=C3)CP(=O)([O-])OC)CP(=O)([O-])OC)(O)O,CNCC(C1=CC(=C(C=C1)O)O)O,other,2.2325000762939453,COP(=O)([O-])Cc1cc(CP(=O)([O-])OC)cc(NC(=O)c2ccc(CNCc3ccccc3B(O)O)cc2)c1.[Li+].[Li+],F42D7F8FEECED34D2A8CD9838DF697E6536F3F5A5AD106D19B9E9737F28D2790,HOST_CAN_0067,PASS,CNCC(O)c1ccc(O)c(O)c1,6ECE6CFFF6E84A2846BFDF3E647E6C18CCEA435B77A528E23C38803D697997FC,GUEST_CAN_0428,PASS,AttentiveFP,4,host_cold,2,2.998345375061035
523,65,130,O=C(COC1=C(CC2=CC(OCC(O)=O)=C(C3)C=C2OCC(O)=O)C=C(OCC(O)=O)C(CC4=C(OCC(O)=O)C=C(CC5=CC(OCC(O)=O)=C(CC6=C(OCC(O)=O)C=C3C(OCC(O)=O)=C6)C=C5OCC(O)=O)C(OCC(O)=O)=C4)=C1)O,C[N+](CCCCC[N+](C)(C)C)(C)C.[I-].[I-],pillararene,6.041399955749512,O=C(O)COc1cc2c(OCC(=O)O)cc1Cc1cc(OCC(=O)O)c(cc1OCC(=O)O)Cc1cc(OCC(=O)O)c(cc1OCC(=O)O)Cc1cc(OCC(=O)O)c(cc1OCC(=O)O)Cc1cc(OCC(=O)O)c(cc1OCC(=O)O)C2,D554EF58E2285AB1E087AF8FFC6B903FE8A63389351C9D80310C0632D55CFBCA,HOST_CAN_0132,PASS,C[N+](C)(C)CCCCC[N+](C)(C)C.[I-].[I-],1A401729657A9AD83E04415A4E9AEAD80678B422CE57935C1B26E8FC1A65D2C6,GUEST_CAN_0565,PASS,AttentiveFP,4,host_cold,2,7.291085243225098
524,3,323,OC[C@H]1O[C@@H]2O[C@@H]3[C@@H](CO)O[C@H](O[C@@H]4[C@@H](CO)O[C@H](O[C@@H]5[C@@H](CO)O[C@H](O[C@@H]6[C@@H](CO)O[C@H](O[C@@H]7[C@@H](CO)O[C@H](O[C@@H]8[C@@H](CO)O[C@H](O[C@H]1[C@H](O)[C@H]2O)[C@H](O)[C@H]8O)[C@H](O)[C@H]7O)[C@H](O)[C@H]6O)[C@H](O)[C@H]5O)[C@H](O)[C@H]4O)[C@H](O)[C@H]3O,COC(C1=CC=CC=C1)(C(=O)O)C(F)(F)F,cyclodextrin,2.243000030517578,OC[C@H]1O[C@@H]2O[C@H]3[C@H](O)[C@@H](O)[C@@H](O[C@H]4[C@H](O)[C@@H](O)[C@@H](O[C@H]5[C@H](O)[C@@H](O)[C@@H](O[C@H]6[C@H](O)[C@@H](O)[C@@H](O[C@H]7[C@H](O)[C@@H](O)[C@@H](O[C@H]8[C@H](O)[C@@H](O)[C@@H](O[C@H]1[C@H](O)[C@H]2O)O[C@@H]8CO)O[C@@H]7CO)O[C@@H]6CO)O[C@@H]5CO)O[C@@H]4CO)O[C@@H]3CO,22584443D9512992310760C9871E3E6BDB3EDC92006F3EF1EC94F44373907EB1,HOST_CAN_0176,PASS,COC(C(=O)O)(c1ccccc1)C(F)(F)F,85C96E7903F4019B3669733EFEF7B9E39FB06B27FF49E9C8368DDDC0E9C8C069,GUEST_CAN_0452,PASS,AttentiveFP,4,host_cold,2,2.273059844970703
528,3,395,OC[C@H]1O[C@@H]2O[C@@H]3[C@@H](CO)O[C@H](O[C@@H]4[C@@H](CO)O[C@H](O[C@@H]5[C@@H](CO)O[C@H](O[C@@H]6[C@@H](CO)O[C@H](O[C@@H]7[C@@H](CO)O[C@H](O[C@@H]8[C@@H](CO)O[C@H](O[C@H]1[C@H](O)[C@H]2O)[C@H](O)[C@H]8O)[C@H](O)[C@H]7O)[C@H](O)[C@H]6O)[C@H](O)[C@H]5O)[C@H](O)[C@H]4O)[C@H](O)[C@H]3O,CC(C(=O)O)NC(=O)OCC1=CC=CC=C1,cyclodextrin,2.16729998588562,OC[C@H]1O[C@@H]2O[C@H]3[C@H](O)[C@@H](O)[C@@H](O[C@H]4[C@H](O)[C@@H](O)[C@@H](O[C@H]5[C@H](O)[C@@H](O)[C@@H](O[C@H]6[C@H](O)[C@@H](O)[C@@H](O[C@H]7[C@H](O)[C@@H](O)[C@@H](O[C@H]8[C@H](O)[C@@H](O)[C@@H](O[C@H]1[C@H](O)[C@H]2O)O[C@@H]8CO)O[C@@H]7CO)O[C@@H]6CO)O[C@@H]5CO)O[C@@H]4CO)O[C@@H]3CO,22584443D9512992310760C9871E3E6BDB3EDC92006F3EF1EC94F44373907EB1,HOST_CAN_0176,PASS,CC(NC(=O)OCc1ccccc1)C(=O)O,905C941D3A1920DB89C53AFB74AEE93B72889F50B4B15485967A9F749F5BEE34,GUEST_CAN_0188,PASS,AttentiveFP,4,host_cold,2,2.3057198524475098
533,3,184,OC[C@H]1O[C@@H]2O[C@@H]3[C@@H](CO)O[C@H](O[C@@H]4[C@@H](CO)O[C@H](O[C@@H]5[C@@H](CO)O[C@H](O[C@@H]6[C@@H](CO)O[C@H](O[C@@H]7[C@@H](CO)O[C@H](O[C@@H]8[C@@H](CO)O[C@H](O[C@H]1[C@H](O)[C@H]2O)[C@H](O)[C@H]8O)[C@H](O)[C@H]7O)[C@H](O)[C@H]6O)[C@H](O)[C@H]5O)[C@H](O)[C@H]4O)[C@H](O)[C@H]3O,C1=CC=C(C=C1)CC(C(=O)O)NC(=O)CN,cyclodextrin,1.7323999404907227,OC[C@H]1O[C@@H]2O[C@H]3[C@H](O)[C@@H](O)[C@@H](O[C@H]4[C@H](O)[C@@H](O)[C@@H](O[C@H]5[C@H](O)[C@@H](O)[C@@H](O[C@H]6[C@H](O)[C@@H](O)[C@@H](O[C@H]7[C@H](O)[C@@H](O)[C@@H](O[C@H]8[C@H](O)[C@@H](O)[C@@H](O[C@H]1[C@H](O)[C@H]2O)O[C@@H]8CO)O[C@@H]7CO)O[C@@H]6CO)O[C@@H]5CO)O[C@@H]4CO)O[C@@H]3CO,22584443D9512992310760C9871E3E6BDB3EDC92006F3EF1EC94F44373907EB1,HOST_CAN_0176,PASS,NCC(=O)NC(Cc1ccccc1)C(=O)O,B24C6BA3C391F2D0C0B5CD092FE1ADC311DDBF52F109C82C135A510AD2D79380,GUEST_CAN_0766,PASS,AttentiveFP,4,host_cold,2,2.0104968547821045
537,73,400,C1C2=CC(=CC(=C2O)CC3=CC(=CC(=C3O)CC4=CC(=CC(=C4O)CC5=C(C(=CC(=C5)S(=O)(=O)O)CC6=C(C1=CC(=C6)S(=O)(=O)O)O)O)S(=O)(=O)O)S(=O)(=O)O)S(=O)(=O)O,CC1=NC(=CC=C1)C,calixarene,3.228600025177002,O=S(=O)(O)c1cc2c(O)c(c1)Cc1cc(S(=O)(=O)O)cc(c1O)Cc1cc(S(=O)(=O)O)cc(c1O)Cc1cc(S(=O)(=O)O)cc(c1O)Cc1cc(S(=O)(=O)O)cc(c1O)C2,CE64A1CA71928E5DE79CF9633E11D44D0BC2C175AB3D980BF8052807605CA8CC,HOST_CAN_0155,PASS,Cc1cccc(C)n1,DBFA28727E7253C6FF16A196350004E0257EBA3F3F69D11C8D90ABE7F3D7FD4B,GUEST_CAN_0665,PASS,AttentiveFP,4,host_cold,2,2.857306480407715
542,3,404,OC[C@H]1O[C@@H]2O[C@@H]3[C@@H](CO)O[C@H](O[C@@H]4[C@@H](CO)O[C@H](O[C@@H]5[C@@H](CO)O[C@H](O[C@@H]6[C@@H](CO)O[C@H](O[C@@H]7[C@@H](CO)O[C@H](O[C@@H]8[C@@H](CO)O[C@H](O[C@H]1[C@H](O)[C@H]2O)[C@H](O)[C@H]8O)[C@H](O)[C@H]7O)[C@H](O)[C@H]6O)[C@H](O)[C@H]5O)[C@H](O)[C@H]4O)[C@H](O)[C@H]3O,C(CO)CBr,cyclodextrin,1.3488999605178833,OC[C@H]1O[C@@H]2O[C@H]3[C@H](O)[C@@H](O)[C@@H](O[C@H]4[C@H](O)[C@@H](O)[C@@H](O[C@H]5[C@H](O)[C@@H](O)[C@@H](O[C@H]6[C@H](O)[C@@H](O)[C@@H](O[C@H]7[C@H](O)[C@@H](O)[C@@H](O[C@H]8[C@H](O)[C@@H](O)[C@@H](O[C@H]1[C@H](O)[C@H]2O)O[C@@H]8CO)O[C@@H]7CO)O[C@@H]6CO)O[C@@H]5CO)O[C@@H]4CO)O[C@@H]3CO,22584443D9512992310760C9871E3E6BDB3EDC92006F3EF1EC94F44373907EB1,HOST_CAN_0176,PASS,OCCCBr,DA6BAAC14F5DF51FC882FF64CA541FA8F80E3C7CB53A25714869D077516D0164,GUEST_CAN_0974,PASS,AttentiveFP,4,host_cold,2,1.4932224750518799
544,4,50,[Na]OS(=O)(=O)CCCCOC=1C=C(C=CC1)[C@@H]1N=C(OC1)CC1=C(C(=C(C(=C1C)CC=1OC[C@@H](N1)C1=CC(=CC=C1)OCCCCS(=O)(=O)O[Na])C)CC=1OC[C@@H](N1)C1=CC(=CC=C1)OCCCCS(=O)(=O)O[Na])C,C1=CC=C(C(=C1)O)O,other,1.0,Cc1c(CC2=N[C@@H](c3cccc(OCCCCS(=O)(=O)[O][Na])c3)CO2)c(C)c(CC2=N[C@@H](c3cccc(OCCCCS(=O)(=O)[O][Na])c3)CO2)c(C)c1CC1=N[C@@H](c2cccc(OCCCCS(=O)(=O)[O][Na])c2)CO1,9E3429786C624B72E8FD089068975D2A1C33E04632FEA26EF01294722587A124,HOST_CAN_0098,PASS,Oc1ccccc1O,D6044096AF0493CF06B8B5FDAA8C090BB98BA46AF75026C46D7FE4ACEF4715BB,GUEST_CAN_1007,PASS,AttentiveFP,4,host_cold,2,1.3201024532318115
545,18,157,CC1=C2C3=CC4=C1OC5C6=CC7=CC(=C6)OC8=CC(=CC(=C8)C(=O)O)OC9=CC1=CC(=C9)C6OC8=C(C=C(C4CCC(=O)O)C(=C8C)O5)C(C4=C(O6)C(=C5C(=C4)C(C4=C6C(=C(C(=C4)C3CCC(=O)O)OC(O2)C2=CC(=CC(=C2)OC2=CC(=CC(=C2)C(=O)O)OC2=CC(=CC(=C2)C(O5)O6)OC2=CC(=CC(=C2)C(=O)O)O1)OC1=CC(=CC(=C1)C(=O)O)O7)C)CCC(=O)O)C)CCC(=O)O,F[P-](F)(F)(F)(F)F.[Na+],cavitand,4.1819000244140625,Cc1c2c3cc4c1OC1Oc5c(cc6c(c5C)OC5Oc7c(cc8c(c7C)OC7Oc9c(cc(c(c9C)OC(O2)c2cc9cc(c2)Oc2cc(cc(C(=O)O)c2)Oc2cc(cc7c2)Oc2cc(cc(C(=O)O)c2)Oc2cc(cc5c2)Oc2cc(cc(C(=O)O)c2)Oc2cc(cc1c2)Oc1cc(cc(C(=O)O)c1)O9)C3CCC(=O)O)C8CCC(=O)O)C6CCC(=O)O)C4CCC(=O)O,326FFD4B5C5565D32207155C0B129AE16AFCA7B3342F0DAD815C24AB8DFA8483,HOST_CAN_0099,PASS,F[P-](F)(F)(F)(F)F.[Na+],70B37F864AA04D4E558B70627441F815145BB79C93E4218BE310755F84FFDF85,GUEST_CAN_0710,PASS,AttentiveFP,4,host_cold,2,2.5399651527404785
546,3,405,OC[C@H]1O[C@@H]2O[C@@H]3[C@@H](CO)O[C@H](O[C@@H]4[C@@H](CO)O[C@H](O[C@@H]5[C@@H](CO)O[C@H](O[C@@H]6[C@@H](CO)O[C@H](O[C@@H]7[C@@H](CO)O[C@H](O[C@@H]8[C@@H](CO)O[C@H](O[C@H]1[C@H](O)[C@H]2O)[C@H](O)[C@H]8O)[C@H](O)[C@H]7O)[C@H](O)[C@H]6O)[C@H](O)[C@H]5O)[C@H](O)[C@H]4O)[C@H](O)[C@H]3O,CC(C1=CC=C[CH-]1)N(C)C.[CH-]1C=CC=C1.[Fe+2],cyclodextrin,3.7490999698638916,OC[C@H]1O[C@@H]2O[C@H]3[C@H](O)[C@@H](O)[C@@H](O[C@H]4[C@H](O)[C@@H](O)[C@@H](O[C@H]5[C@H](O)[C@@H](O)[C@@H](O[C@H]6[C@H](O)[C@@H](O)[C@@H](O[C@H]7[C@H](O)[C@@H](O)[C@@H](O[C@H]8[C@H](O)[C@@H](O)[C@@H](O[C@H]1[C@H](O)[C@H]2O)O[C@@H]8CO)O[C@@H]7CO)O[C@@H]6CO)O[C@@H]5CO)O[C@@H]4CO)O[C@@H]3CO,22584443D9512992310760C9871E3E6BDB3EDC92006F3EF1EC94F44373907EB1,HOST_CAN_0176,PASS,CC(c1ccc[cH-]1)N(C)C.[Fe+2].c1cc[cH-]c1,010CA61AFA8E6F11A00F934A84BF614E07CBD650358A19BE4E0F63F519AF9E46,GUEST_CAN_0197,PASS,AttentiveFP,4,host_cold,2,3.0615153312683105
550,3,408,OC[C@H]1O[C@@H]2O[C@@H]3[C@@H](CO)O[C@H](O[C@@H]4[C@@H](CO)O[C@H](O[C@@H]5[C@@H](CO)O[C@H](O[C@@H]6[C@@H](CO)O[C@H](O[C@@H]7[C@@H](CO)O[C@H](O[C@@H]8[C@@H](CO)O[C@H](O[C@H]1[C@H](O)[C@H]2O)[C@H](O)[C@H]8O)[C@H](O)[C@H]7O)[C@H](O)[C@H]6O)[C@H](O)[C@H]5O)[C@H](O)[C@H]4O)[C@H](O)[C@H]3O,CC(C1=CC=CC=C1)C(=O)O,cyclodextrin,1.531499981880188,OC[C@H]1O[C@@H]2O[C@H]3[C@H](O)[C@@H](O)[C@@H](O[C@H]4[C@H](O)[C@@H](O)[C@@H](O[C@H]5[C@H](O)[C@@H](O)[C@@H](O[C@H]6[C@H](O)[C@@H](O)[C@@H](O[C@H]7[C@H](O)[C@@H](O)[C@@H](O[C@H]8[C@H](O)[C@@H](O)[C@@H](O[C@H]1[C@H](O)[C@H]2O)O[C@@H]8CO)O[C@@H]7CO)O[C@@H]6CO)O[C@@H]5CO)O[C@@H]4CO)O[C@@H]3CO,22584443D9512992310760C9871E3E6BDB3EDC92006F3EF1EC94F44373907EB1,HOST_CAN_0176,PASS,CC(C(=O)O)c1ccccc1,39E81C14C70322EC40DB0016F5D8CC5F88B6124FB8BA69CBB0DE2E95D7C6979F,GUEST_CAN_0109,PASS,AttentiveFP,4,host_cold,2,2.232518196105957
551,3,409,OC[C@H]1O[C@@H]2O[C@@H]3[C@@H](CO)O[C@H](O[C@@H]4[C@@H](CO)O[C@H](O[C@@H]5[C@@H](CO)O[C@H](O[C@@H]6[C@@H](CO)O[C@H](O[C@@H]7[C@@H](CO)O[C@H](O[C@@H]8[C@@H](CO)O[C@H](O[C@H]1[C@H](O)[C@H]2O)[C@H](O)[C@H]8O)[C@H](O)[C@H]7O)[C@H](O)[C@H]6O)[C@H](O)[C@H]5O)[C@H](O)[C@H]4O)[C@H](O)[C@H]3O,C1=CC=C(C=C1)COC(=O)NCC(=O)O,cyclodextrin,2.1958999633789062,OC[C@H]1O[C@@H]2O[C@H]3[C@H](O)[C@@H](O)[C@@H](O[C@H]4[C@H](O)[C@@H](O)[C@@H](O[C@H]5[C@H](O)[C@@H](O)[C@@H](O[C@H]6[C@H](O)[C@@H](O)[C@@H](O[C@H]7[C@H](O)[C@@H](O)[C@@H](O[C@H]8[C@H](O)[C@@H](O)[C@@H](O[C@H]1[C@H](O)[C@H]2O)O[C@@H]8CO)O[C@@H]7CO)O[C@@H]6CO)O[C@@H]5CO)O[C@@H]4CO)O[C@@H]3CO,22584443D9512992310760C9871E3E6BDB3EDC92006F3EF1EC94F44373907EB1,HOST_CAN_0176,PASS,O=C(O)CNC(=O)OCc1ccccc1,D9133F55E3C820C69C9A1F3197E57A947AB6D3DC86E67E143AD7745B8005446F,GUEST_CAN_0878,PASS,AttentiveFP,4,host_cold,2,2.1939547061920166
553,18,411,CC1=C2C3=CC4=C1OC5C6=CC7=CC(=C6)OC8=CC(=CC(=C8)C(=O)O)OC9=CC1=CC(=C9)C6OC8=C(C=C(C4CCC(=O)O)C(=C8C)O5)C(C4=C(O6)C(=C5C(=C4)C(C4=C6C(=C(C(=C4)C3CCC(=O)O)OC(O2)C2=CC(=CC(=C2)OC2=CC(=CC(=C2)C(=O)O)OC2=CC(=CC(=C2)C(O5)O6)OC2=CC(=CC(=C2)C(=O)O)O1)OC1=CC(=CC(=C1)C(=O)O)O7)C)CCC(=O)O)C)CCC(=O)O,CCCCCC[N+](C)(C)C.[Cl-],cavitand,4.283899784088135,Cc1c2c3cc4c1OC1Oc5c(cc6c(c5C)OC5Oc7c(cc8c(c7C)OC7Oc9c(cc(c(c9C)OC(O2)c2cc9cc(c2)Oc2cc(cc(C(=O)O)c2)Oc2cc(cc7c2)Oc2cc(cc(C(=O)O)c2)Oc2cc(cc5c2)Oc2cc(cc(C(=O)O)c2)Oc2cc(cc1c2)Oc1cc(cc(C(=O)O)c1)O9)C3CCC(=O)O)C8CCC(=O)O)C6CCC(=O)O)C4CCC(=O)O,326FFD4B5C5565D32207155C0B129AE16AFCA7B3342F0DAD815C24AB8DFA8483,HOST_CAN_0099,PASS,CCCCCC[N+](C)(C)C.[Cl-],2678C2424C739C2D9266BD3D3D7935A8947095DF196996EF1599E3A349DA25FC,GUEST_CAN_0298,PASS,AttentiveFP,4,host_cold,2,4.136068820953369
555,3,412,OC[C@H]1O[C@@H]2O[C@@H]3[C@@H](CO)O[C@H](O[C@@H]4[C@@H](CO)O[C@H](O[C@@H]5[C@@H](CO)O[C@H](O[C@@H]6[C@@H](CO)O[C@H](O[C@@H]7[C@@H](CO)O[C@H](O[C@@H]8[C@@H](CO)O[C@H](O[C@H]1[C@H](O)[C@H]2O)[C@H](O)[C@H]8O)[C@H](O)[C@H]7O)[C@H](O)[C@H]6O)[C@H](O)[C@H]5O)[C@H](O)[C@H]4O)[C@H](O)[C@H]3O,C1=CC=C(C=C1)C(CO)O,cyclodextrin,1.7924000024795532,OC[C@H]1O[C@@H]2O[C@H]3[C@H](O)[C@@H](O)[C@@H](O[C@H]4[C@H](O)[C@@H](O)[C@@H](O[C@H]5[C@H](O)[C@@H](O)[C@@H](O[C@H]6[C@H](O)[C@@H](O)[C@@H](O[C@H]7[C@H](O)[C@@H](O)[C@@H](O[C@H]8[C@H](O)[C@@H](O)[C@@H](O[C@H]1[C@H](O)[C@H]2O)O[C@@H]8CO)O[C@@H]7CO)O[C@@H]6CO)O[C@@H]5CO)O[C@@H]4CO)O[C@@H]3CO,22584443D9512992310760C9871E3E6BDB3EDC92006F3EF1EC94F44373907EB1,HOST_CAN_0176,PASS,OCC(O)c1ccccc1,9103E594C120BB85413A67B43648D2E5A074C67648633BFF8AF83985259A36F6,GUEST_CAN_0968,PASS,AttentiveFP,4,host_cold,2,2.3161873817443848
559,3,120,OC[C@H]1O[C@@H]2O[C@@H]3[C@@H](CO)O[C@H](O[C@@H]4[C@@H](CO)O[C@H](O[C@@H]5[C@@H](CO)O[C@H](O[C@@H]6[C@@H](CO)O[C@H](O[C@@H]7[C@@H](CO)O[C@H](O[C@@H]8[C@@H](CO)O[C@H](O[C@H]1[C@H](O)[C@H]2O)[C@H](O)[C@H]8O)[C@H](O)[C@H]7O)[C@H](O)[C@H]6O)[C@H](O)[C@H]5O)[C@H](O)[C@H]4O)[C@H](O)[C@H]3O,CC1=CC2=NC3=C(C=C(C=C3)N(C)C)N=C2C=C1N.Cl,cyclodextrin,2.7288999557495117,OC[C@H]1O[C@@H]2O[C@H]3[C@H](O)[C@@H](O)[C@@H](O[C@H]4[C@H](O)[C@@H](O)[C@@H](O[C@H]5[C@H](O)[C@@H](O)[C@@H](O[C@H]6[C@H](O)[C@@H](O)[C@@H](O[C@H]7[C@H](O)[C@@H](O)[C@@H](O[C@H]8[C@H](O)[C@@H](O)[C@@H](O[C@H]1[C@H](O)[C@H]2O)O[C@@H]8CO)O[C@@H]7CO)O[C@@H]6CO)O[C@@H]5CO)O[C@@H]4CO)O[C@@H]3CO,22584443D9512992310760C9871E3E6BDB3EDC92006F3EF1EC94F44373907EB1,HOST_CAN_0176,PASS,Cc1cc2nc3ccc(N(C)C)cc3nc2cc1N.Cl,38DA61F40FBF04D6F8617D026997AD15F6CEDB2A1A227B5595A652A18AA9F05C,GUEST_CAN_0653,PASS,AttentiveFP,4,host_cold,2,2.7430405616760254
563,3,413,OC[C@H]1O[C@@H]2O[C@@H]3[C@@H](CO)O[C@H](O[C@@H]4[C@@H](CO)O[C@H](O[C@@H]5[C@@H](CO)O[C@H](O[C@@H]6[C@@H](CO)O[C@H](O[C@@H]7[C@@H](CO)O[C@H](O[C@@H]8[C@@H](CO)O[C@H](O[C@H]1[C@H](O)[C@H]2O)[C@H](O)[C@H]8O)[C@H](O)[C@H]7O)[C@H](O)[C@H]6O)[C@H](O)[C@H]5O)[C@H](O)[C@H]4O)[C@H](O)[C@H]3O,OC1=CC=C(C=C1)N=NC1=CC=CC=C1,cyclodextrin,2.5302000045776367,OC[C@H]1O[C@@H]2O[C@H]3[C@H](O)[C@@H](O)[C@@H](O[C@H]4[C@H](O)[C@@H](O)[C@@H](O[C@H]5[C@H](O)[C@@H](O)[C@@H](O[C@H]6[C@H](O)[C@@H](O)[C@@H](O[C@H]7[C@H](O)[C@@H](O)[C@@H](O[C@H]8[C@H](O)[C@@H](O)[C@@H](O[C@H]1[C@H](O)[C@H]2O)O[C@@H]8CO)O[C@@H]7CO)O[C@@H]6CO)O[C@@H]5CO)O[C@@H]4CO)O[C@@H]3CO,22584443D9512992310760C9871E3E6BDB3EDC92006F3EF1EC94F44373907EB1,HOST_CAN_0176,PASS,Oc1ccc(N=Nc2ccccc2)cc1,758D2839B54A895381DCF3B47E19C1E793C860CD75C37FD79A798417D0F22D3E,GUEST_CAN_0995,PASS,AttentiveFP,4,host_cold,2,2.564695358276367
574,73,421,C1C2=CC(=CC(=C2O)CC3=CC(=CC(=C3O)CC4=CC(=CC(=C4O)CC5=C(C(=CC(=C5)S(=O)(=O)O)CC6=C(C1=CC(=C6)S(=O)(=O)O)O)O)S(=O)(=O)O)S(=O)(=O)O)S(=O)(=O)O,CC1=NC=CC=C1,calixarene,2.6933999061584473,O=S(=O)(O)c1cc2c(O)c(c1)Cc1cc(S(=O)(=O)O)cc(c1O)Cc1cc(S(=O)(=O)O)cc(c1O)Cc1cc(S(=O)(=O)O)cc(c1O)Cc1cc(S(=O)(=O)O)cc(c1O)C2,CE64A1CA71928E5DE79CF9633E11D44D0BC2C175AB3D980BF8052807605CA8CC,HOST_CAN_0155,PASS,Cc1ccccn1,48762AE38224AF77C9E42C847671933DD428BE1D725365799528E72E8FF4C50E,GUEST_CAN_0670,PASS,AttentiveFP,4,host_cold,2,2.8835792541503906
584,4,427,[Na]OS(=O)(=O)CCCCOC=1C=C(C=CC1)[C@@H]1N=C(OC1)CC1=C(C(=C(C(=C1C)CC=1OC[C@@H](N1)C1=CC(=CC=C1)OCCCCS(=O)(=O)O[Na])C)CC=1OC[C@@H](N1)C1=CC(=CC=C1)OCCCCS(=O)(=O)O[Na])C,CC(=O)OCC[N+](C)(C)C.[Cl-],other,1.0,Cc1c(CC2=N[C@@H](c3cccc(OCCCCS(=O)(=O)[O][Na])c3)CO2)c(C)c(CC2=N[C@@H](c3cccc(OCCCCS(=O)(=O)[O][Na])c3)CO2)c(C)c1CC1=N[C@@H](c2cccc(OCCCCS(=O)(=O)[O][Na])c2)CO1,9E3429786C624B72E8FD089068975D2A1C33E04632FEA26EF01294722587A124,HOST_CAN_0098,PASS,CC(=O)OCC[N+](C)(C)C.[Cl-],4879DB6C417F8D989F6A62C99945BAB2F28386E52B872AFFF576ADC283F5F62A,GUEST_CAN_0101,PASS,AttentiveFP,4,host_cold,2,2.099806785583496
593,3,435,OC[C@H]1O[C@@H]2O[C@@H]3[C@@H](CO)O[C@H](O[C@@H]4[C@@H](CO)O[C@H](O[C@@H]5[C@@H](CO)O[C@H](O[C@@H]6[C@@H](CO)O[C@H](O[C@@H]7[C@@H](CO)O[C@H](O[C@@H]8[C@@H](CO)O[C@H](O[C@H]1[C@H](O)[C@H]2O)[C@H](O)[C@H]8O)[C@H](O)[C@H]7O)[C@H](O)[C@H]6O)[C@H](O)[C@H]5O)[C@H](O)[C@H]4O)[C@H](O)[C@H]3O,C[C@@H]1CC[C@@H](CC1)O,cyclodextrin,3.164900064468384,OC[C@H]1O[C@@H]2O[C@H]3[C@H](O)[C@@H](O)[C@@H](O[C@H]4[C@H](O)[C@@H](O)[C@@H](O[C@H]5[C@H](O)[C@@H](O)[C@@H](O[C@H]6[C@H](O)[C@@H](O)[C@@H](O[C@H]7[C@H](O)[C@@H](O)[C@@H](O[C@H]8[C@H](O)[C@@H](O)[C@@H](O[C@H]1[C@H](O)[C@H]2O)O[C@@H]8CO)O[C@@H]7CO)O[C@@H]6CO)O[C@@H]5CO)O[C@@H]4CO)O[C@@H]3CO,22584443D9512992310760C9871E3E6BDB3EDC92006F3EF1EC94F44373907EB1,HOST_CAN_0176,PASS,C[C@H]1CC[C@@H](O)CC1,0536F5D34FC351BE954BCB85D4BFEDB0D7848A09BD449D75524FBA5D1B202482,GUEST_CAN_0548,PASS,AttentiveFP,4,host_cold,2,1.9815635681152344
594,3,436,OC[C@H]1O[C@@H]2O[C@@H]3[C@@H](CO)O[C@H](O[C@@H]4[C@@H](CO)O[C@H](O[C@@H]5[C@@H](CO)O[C@H](O[C@@H]6[C@@H](CO)O[C@H](O[C@@H]7[C@@H](CO)O[C@H](O[C@@H]8[C@@H](CO)O[C@H](O[C@H]1[C@H](O)[C@H]2O)[C@H](O)[C@H]8O)[C@H](O)[C@H]7O)[C@H](O)[C@H]6O)[C@H](O)[C@H]5O)[C@H](O)[C@H]4O)[C@H](O)[C@H]3O,C1(=CC=CC=C1)CCCCN,cyclodextrin,2.6075000762939453,OC[C@H]1O[C@@H]2O[C@H]3[C@H](O)[C@@H](O)[C@@H](O[C@H]4[C@H](O)[C@@H](O)[C@@H](O[C@H]5[C@H](O)[C@@H](O)[C@@H](O[C@H]6[C@H](O)[C@@H](O)[C@@H](O[C@H]7[C@H](O)[C@@H](O)[C@@H](O[C@H]8[C@H](O)[C@@H](O)[C@@H](O[C@H]1[C@H](O)[C@H]2O)O[C@@H]8CO)O[C@@H]7CO)O[C@@H]6CO)O[C@@H]5CO)O[C@@H]4CO)O[C@@H]3CO,22584443D9512992310760C9871E3E6BDB3EDC92006F3EF1EC94F44373907EB1,HOST_CAN_0176,PASS,NCCCCc1ccccc1,EA0780013FF121F8CD9EBEB6A135FB58C11A0C8F23C9C5008D11D274E83558F2,GUEST_CAN_0800,PASS,AttentiveFP,4,host_cold,2,1.7930526733398438
600,23,23,OC[C@H]1O[C@@H]2O[C@@H]3[C@@H](CO)O[C@H](O[C@@H]4[C@@H](CO)O[C@H](O[C@@H]5[C@@H](CO)O[C@H](O[C@@H]6[C@@H](CO)O[C@H](O[C@@H]7[C@@H](CO)O[C@H](O[C@H]1[C@H](O)[C@H]2O)[C@H](O)[C@H]7O)[C@H](O)[C@H]6O)[C@H](O)[C@H]5O)[C@H](O)[C@H]4O)[C@H](O)[C@H]3O,C(#N)[S-].[Na+],cyclodextrin,1.1900999546051025,OC[C@H]1O[C@@H]2O[C@H]3[C@H](O)[C@@H](O)[C@@H](O[C@H]4[C@H](O)[C@@H](O)[C@@H](O[C@H]5[C@H](O)[C@@H](O)[C@@H](O[C@H]6[C@H](O)[C@@H](O)[C@@H](O[C@H]7[C@H](O)[C@@H](O)[C@@H](O[C@H]1[C@H](O)[C@H]2O)O[C@@H]7CO)O[C@@H]6CO)O[C@@H]5CO)O[C@@H]4CO)O[C@@H]3CO,9CB41F926A4386D7C0E23599753E6EDC60802BE1DCF577DB9B32CBB20691DB1D,HOST_CAN_0175,PASS,N#C[S-].[Na+],C7EA3C834D4CD40D84736D62A55B84043DA6CC95962CF4DF2592DE68C06B9A69,GUEST_CAN_0714,PASS,AttentiveFP,4,host_cold,2,2.0437512397766113
604,3,441,OC[C@H]1O[C@@H]2O[C@@H]3[C@@H](CO)O[C@H](O[C@@H]4[C@@H](CO)O[C@H](O[C@@H]5[C@@H](CO)O[C@H](O[C@@H]6[C@@H](CO)O[C@H](O[C@@H]7[C@@H](CO)O[C@H](O[C@@H]8[C@@H](CO)O[C@H](O[C@H]1[C@H](O)[C@H]2O)[C@H](O)[C@H]8O)[C@H](O)[C@H]7O)[C@H](O)[C@H]6O)[C@H](O)[C@H]5O)[C@H](O)[C@H]4O)[C@H](O)[C@H]3O,CCC(=O)C1=CC2=C(C=C1)C=C(C=C2)N(C)C,cyclodextrin,2.9356000423431396,OC[C@H]1O[C@@H]2O[C@H]3[C@H](O)[C@@H](O)[C@@H](O[C@H]4[C@H](O)[C@@H](O)[C@@H](O[C@H]5[C@H](O)[C@@H](O)[C@@H](O[C@H]6[C@H](O)[C@@H](O)[C@@H](O[C@H]7[C@H](O)[C@@H](O)[C@@H](O[C@H]8[C@H](O)[C@@H](O)[C@@H](O[C@H]1[C@H](O)[C@H]2O)O[C@@H]8CO)O[C@@H]7CO)O[C@@H]6CO)O[C@@H]5CO)O[C@@H]4CO)O[C@@H]3CO,22584443D9512992310760C9871E3E6BDB3EDC92006F3EF1EC94F44373907EB1,HOST_CAN_0176,PASS,CCC(=O)c1ccc2cc(N(C)C)ccc2c1,DEAB273D7E868ABFF4CCD306137E513FDAF383B7D5EA5519D2A28AA424FBA51D,GUEST_CAN_0254,PASS,AttentiveFP,4,host_cold,2,2.335824966430664
607,89,442,O[C@@H]1[C@@H](O)[C@H](O[C@@H]2[C@H](O)[C@@H](O)[C@H](O3)[C@@H](COCCCCS(=O)([O-])=O)O2)[C@@H](COCCCCS(=O)([O-])=O)O[C@@H]1O[C@H]4[C@H](O)[C@@H](O)[C@@H](O[C@@H]5[C@@H](O)[C@H](O)[C@H](O[C@@H]6[C@@H](O)[C@H](O)[C@H](O[C@@H]7[C@@H](O)[C@H](O)[C@H](O[C@@H]8[C@@H](O)[C@H](O)[C@H]3O[C@H]8COCCCCS(=O)([O-])=O)O[C@H]7COCCCCS(=O)([O-])=O)O[C@H]6COCCCCS(=O)([O-])=O)O[C@H]5COCCCCS(=O)([O-])=O)O[C@@H]4COCCCCS(=O)([O-])=O.[Na+].[Na+].[Na+].[Na+].[Na+].[Na+].[Na+],CC12CC3CC(C1)(CC(C3)(C2)N)C,cyclodextrin,3.702699899673462,O=S(=O)([O-])CCCCOC[C@@H]1O[C@H]2O[C@@H]3[C@@H](O)[C@H](O)[C@H](O[C@H]4[C@H](O)[C@@H](O)[C@@H](O[C@H]5[C@H](O)[C@@H](O)[C@@H](O[C@H]6[C@H](O)[C@@H](O)[C@@H](O[C@@H]7[C@@H](O)[C@H](O)[C@H](O[C@@H]8[C@@H](O)[C@H](O)[C@H](O[C@@H]1[C@@H](O)[C@@H]2O)O[C@H]8COCCCCS(=O)(=O)[O-])O[C@H]7COCCCCS(=O)(=O)[O-])O[C@@H]6COCCCCS(=O)(=O)[O-])O[C@@H]5COCCCCS(=O)(=O)[O-])O[C@@H]4COCCCCS(=O)(=O)[O-])O[C@H]3COCCCCS(=O)(=O)[O-].[Na+].[Na+].[Na+].[Na+].[Na+].[Na+].[Na+],0EF453A8FEAB2DBB346A347C51767F5C4A37ED4747250CEC0BCF3880BBC2D023,HOST_CAN_0157,PASS,CC12CC3CC(C)(C1)CC(N)(C3)C2,0AFD1A68AE2979847F2FE8C6289B56D5AE3344B3DCCB36D840CDC4248A6C7DFA,GUEST_CAN_0217,PASS,AttentiveFP,4,host_cold,2,4.866933345794678
612,121,275,Oc1c2Cc3cc(cc(c3O)Cc3cc(cc(Cc4c(c(Cc1cc(c2)S(=O)(=O)O)cc(c4)NS(=O)(=O)c1ccc(cc1)C(=O)[O])O)c3O)S(=O)(=O)O)NS(=O)(=O)c1ccc(cc1)C(=O)[O],NCCCCC(C(=O)NC(C(=O)NC(C(=O)NCC(=O)NC(C(=O)N)Cc1ccc(cc1)O)C(O)C)CO)NC(=O)C(NC(C(=O)NC(=O)C(C(O)C)NC(=O)C(NC(=O)C(NC(=O)C(C(O)C)NC(=O)C(NC(=O)C(N)C)CCCNC(=N)N)CCCC[N+](C)(C)C)CCC(=O)N)C)CCCNC(=N)N,calixarene,5.799300193786621,[O]C(=O)c1ccc(S(=O)(=O)Nc2cc3c(O)c(c2)Cc2cc(S(=O)(=O)O)cc(c2O)Cc2cc(NS(=O)(=O)c4ccc(C([O])=O)cc4)cc(c2O)Cc2cc(S(=O)(=O)O)cc(c2O)C3)cc1,C8B53830D64E73BF90AC9C849CFB2B23C81A27721515EDA5A3469EA362472E0C,HOST_CAN_0182,PASS,CC(N)C(=O)NC(CCCNC(=N)N)C(=O)NC(C(=O)NC(CCCC[N+](C)(C)C)C(=O)NC(CCC(N)=O)C(=O)NC(C(=O)NC(=O)C(C)NC(CCCNC(=N)N)C(=O)NC(CCCCN)C(=O)NC(CO)C(=O)NC(C(=O)NCC(=O)NC(Cc1ccc(O)cc1)C(N)=O)C(C)O)C(C)O)C(C)O,25FDB195356441D0C34087BE8843E3CE8B61830D9520FAA57B9456D076F4D6B7,GUEST_CAN_0178,PASS,AttentiveFP,4,host_cold,2,6.006222248077393
618,3,375,OC[C@H]1O[C@@H]2O[C@@H]3[C@@H](CO)O[C@H](O[C@@H]4[C@@H](CO)O[C@H](O[C@@H]5[C@@H](CO)O[C@H](O[C@@H]6[C@@H](CO)O[C@H](O[C@@H]7[C@@H](CO)O[C@H](O[C@@H]8[C@@H](CO)O[C@H](O[C@H]1[C@H](O)[C@H]2O)[C@H](O)[C@H]8O)[C@H](O)[C@H]7O)[C@H](O)[C@H]6O)[C@H](O)[C@H]5O)[C@H](O)[C@H]4O)[C@H](O)[C@H]3O,C1=CC=C(C=C1)C(C(=O)O)O,cyclodextrin,1.0338000059127808,OC[C@H]1O[C@@H]2O[C@H]3[C@H](O)[C@@H](O)[C@@H](O[C@H]4[C@H](O)[C@@H](O)[C@@H](O[C@H]5[C@H](O)[C@@H](O)[C@@H](O[C@H]6[C@H](O)[C@@H](O)[C@@H](O[C@H]7[C@H](O)[C@@H](O)[C@@H](O[C@H]8[C@H](O)[C@@H](O)[C@@H](O[C@H]1[C@H](O)[C@H]2O)O[C@@H]8CO)O[C@@H]7CO)O[C@@H]6CO)O[C@@H]5CO)O[C@@H]4CO)O[C@@H]3CO,22584443D9512992310760C9871E3E6BDB3EDC92006F3EF1EC94F44373907EB1,HOST_CAN_0176,PASS,O=C(O)C(O)c1ccccc1,8E08B8E39FBC5ABD8EF27E456D9F14EDEC58CC2D7E3AEEF72D046E7F0E969A94,GUEST_CAN_0860,PASS,AttentiveFP,4,host_cold,2,2.340937614440918
622,3,453,OC[C@H]1O[C@@H]2O[C@@H]3[C@@H](CO)O[C@H](O[C@@H]4[C@@H](CO)O[C@H](O[C@@H]5[C@@H](CO)O[C@H](O[C@@H]6[C@@H](CO)O[C@H](O[C@@H]7[C@@H](CO)O[C@H](O[C@@H]8[C@@H](CO)O[C@H](O[C@H]1[C@H](O)[C@H]2O)[C@H](O)[C@H]8O)[C@H](O)[C@H]7O)[C@H](O)[C@H]6O)[C@H](O)[C@H]5O)[C@H](O)[C@H]4O)[C@H](O)[C@H]3O,CC1=CC=C(C=C1)C(=O)OC(C(C(=O)O)OC(=O)C2=CC=C(C=C2)C)C(=O)O,cyclodextrin,2.021199941635132,OC[C@H]1O[C@@H]2O[C@H]3[C@H](O)[C@@H](O)[C@@H](O[C@H]4[C@H](O)[C@@H](O)[C@@H](O[C@H]5[C@H](O)[C@@H](O)[C@@H](O[C@H]6[C@H](O)[C@@H](O)[C@@H](O[C@H]7[C@H](O)[C@@H](O)[C@@H](O[C@H]8[C@H](O)[C@@H](O)[C@@H](O[C@H]1[C@H](O)[C@H]2O)O[C@@H]8CO)O[C@@H]7CO)O[C@@H]6CO)O[C@@H]5CO)O[C@@H]4CO)O[C@@H]3CO,22584443D9512992310760C9871E3E6BDB3EDC92006F3EF1EC94F44373907EB1,HOST_CAN_0176,PASS,Cc1ccc(C(=O)OC(C(=O)O)C(OC(=O)c2ccc(C)cc2)C(=O)O)cc1,28295926D410CDD14FC155701FA03B6FFCBD14E9E9154B2CF5985DB531CD7D9C,GUEST_CAN_0656,PASS,AttentiveFP,4,host_cold,2,2.5699963569641113
628,3,155,OC[C@H]1O[C@@H]2O[C@@H]3[C@@H](CO)O[C@H](O[C@@H]4[C@@H](CO)O[C@H](O[C@@H]5[C@@H](CO)O[C@H](O[C@@H]6[C@@H](CO)O[C@H](O[C@@H]7[C@@H](CO)O[C@H](O[C@@H]8[C@@H](CO)O[C@H](O[C@H]1[C@H](O)[C@H]2O)[C@H](O)[C@H]8O)[C@H](O)[C@H]7O)[C@H](O)[C@H]6O)[C@H](O)[C@H]5O)[C@H](O)[C@H]4O)[C@H](O)[C@H]3O,CCCCNC1=CC=C(C=C1)C(=O)OCCN(C)C.Cl,cyclodextrin,2.9556000232696533,OC[C@H]1O[C@@H]2O[C@H]3[C@H](O)[C@@H](O)[C@@H](O[C@H]4[C@H](O)[C@@H](O)[C@@H](O[C@H]5[C@H](O)[C@@H](O)[C@@H](O[C@H]6[C@H](O)[C@@H](O)[C@@H](O[C@H]7[C@H](O)[C@@H](O)[C@@H](O[C@H]8[C@H](O)[C@@H](O)[C@@H](O[C@H]1[C@H](O)[C@H]2O)O[C@@H]8CO)O[C@@H]7CO)O[C@@H]6CO)O[C@@H]5CO)O[C@@H]4CO)O[C@@H]3CO,22584443D9512992310760C9871E3E6BDB3EDC92006F3EF1EC94F44373907EB1,HOST_CAN_0176,PASS,CCCCNc1ccc(C(=O)OCCN(C)C)cc1.Cl,A397100E143BA35516F734EAC8597B29B3E35E4DCC69A41BC8906C1F1F535EAF,GUEST_CAN_0311,PASS,AttentiveFP,4,host_cold,2,2.0714290142059326
631,122,456,CC(C)(C)C1=CC(=C(C=C1)NC(=O)NC2=CC=C(C=C2)OC)C#CC3=CC(=CC(=C3)OC)C#CC4=C(C=CC(=C4)C(C)(C)C)NC(=O)NC5=CC=C(C=C5)OC,[N+](=O)([O-])[O-].C(CCC)[N+](CCCC)(CCCC)CCCC,other,3.4856998920440674,COc1ccc(NC(=O)Nc2ccc(C(C)(C)C)cc2C#Cc2cc(C#Cc3cc(C(C)(C)C)ccc3NC(=O)Nc3ccc(OC)cc3)cc(OC)c2)cc1,D21F40FE6961DC5FE75A1A0699511BDB052F920FB1661CF34BFCAD5E05B4B593,HOST_CAN_0073,PASS,CCCC[N+](CCCC)(CCCC)CCCC.O=[N+]([O-])[O-],6D4B26D3D683A1392C95388B8B9856D8C2F81515BE0ED5278F99FF88C33B25A7,GUEST_CAN_0315,PASS,AttentiveFP,4,host_cold,2,3.4469947814941406
633,22,457,Oc1c2Sc3cc(cc(c3O)Sc3cc(cc(Sc4c(c(Sc1cc(c2)S(=O)(=O)O)cc(c4)S(=O)(=O)O)O)c3O)S(=O)(=O)O)S(=O)(=O)O,C1CNCCCNC1,calixarene,2.539099931716919,O=S(=O)(O)c1cc2c(O)c(c1)Sc1cc(S(=O)(=O)O)cc(c1O)Sc1cc(S(=O)(=O)O)cc(c1O)Sc1cc(S(=O)(=O)O)cc(c1O)S2,5FE888C1FB51BDA35D21231A31EDB8203ACD56DD9744D0C6B83351EC668D4256,HOST_CAN_0156,PASS,C1CNCCCNC1,0AF6D8ADA6B15E762640D49D61179B7073FC758994EC3A11D1029773FE33D564,GUEST_CAN_0033,PASS,AttentiveFP,4,host_cold,2,3.7507848739624023
635,73,384,C1C2=CC(=CC(=C2O)CC3=CC(=CC(=C3O)CC4=CC(=CC(=C4O)CC5=C(C(=CC(=C5)S(=O)(=O)O)CC6=C(C1=CC(=C6)S(=O)(=O)O)O)O)S(=O)(=O)O)S(=O)(=O)O)S(=O)(=O)O,CC1=CC=NC=C1,calixarene,2.5120999813079834,O=S(=O)(O)c1cc2c(O)c(c1)Cc1cc(S(=O)(=O)O)cc(c1O)Cc1cc(S(=O)(=O)O)cc(c1O)Cc1cc(S(=O)(=O)O)cc(c1O)Cc1cc(S(=O)(=O)O)cc(c1O)C2,CE64A1CA71928E5DE79CF9633E11D44D0BC2C175AB3D980BF8052807605CA8CC,HOST_CAN_0155,PASS,Cc1ccncc1,793286ADE81890C85B833167A2C805C672C3C04BEE8A17A89412FEBE14BF75D9,GUEST_CAN_0675,PASS,AttentiveFP,4,host_cold,2,2.9322237968444824
639,73,369,C1C2=CC(=CC(=C2O)CC3=CC(=CC(=C3O)CC4=CC(=CC(=C4O)CC5=C(C(=CC(=C5)S(=O)(=O)O)CC6=C(C1=CC(=C6)S(=O)(=O)O)O)O)S(=O)(=O)O)S(=O)(=O)O)S(=O)(=O)O,C1CC2CCC(C1)N=N2,calixarene,1.7648999691009521,O=S(=O)(O)c1cc2c(O)c(c1)Cc1cc(S(=O)(=O)O)cc(c1O)Cc1cc(S(=O)(=O)O)cc(c1O)Cc1cc(S(=O)(=O)O)cc(c1O)Cc1cc(S(=O)(=O)O)cc(c1O)C2,CE64A1CA71928E5DE79CF9633E11D44D0BC2C175AB3D980BF8052807605CA8CC,HOST_CAN_0155,PASS,C1CC2CCC(C1)N=N2,3CB1DE4B60C8143576E12CED092F576F3C060BF327141DD7E64000E135972BED,GUEST_CAN_0021,PASS,AttentiveFP,4,host_cold,2,2.6946284770965576
647,3,466,OC[C@H]1O[C@@H]2O[C@@H]3[C@@H](CO)O[C@H](O[C@@H]4[C@@H](CO)O[C@H](O[C@@H]5[C@@H](CO)O[C@H](O[C@@H]6[C@@H](CO)O[C@H](O[C@@H]7[C@@H](CO)O[C@H](O[C@@H]8[C@@H](CO)O[C@H](O[C@H]1[C@H](O)[C@H]2O)[C@H](O)[C@H]8O)[C@H](O)[C@H]7O)[C@H](O)[C@H]6O)[C@H](O)[C@H]5O)[C@H](O)[C@H]4O)[C@H](O)[C@H]3O,CC(CO)CBr,cyclodextrin,2.1522998809814453,OC[C@H]1O[C@@H]2O[C@H]3[C@H](O)[C@@H](O)[C@@H](O[C@H]4[C@H](O)[C@@H](O)[C@@H](O[C@H]5[C@H](O)[C@@H](O)[C@@H](O[C@H]6[C@H](O)[C@@H](O)[C@@H](O[C@H]7[C@H](O)[C@@H](O)[C@@H](O[C@H]8[C@H](O)[C@@H](O)[C@@H](O[C@H]1[C@H](O)[C@H]2O)O[C@@H]8CO)O[C@@H]7CO)O[C@@H]6CO)O[C@@H]5CO)O[C@@H]4CO)O[C@@H]3CO,22584443D9512992310760C9871E3E6BDB3EDC92006F3EF1EC94F44373907EB1,HOST_CAN_0176,PASS,CC(CO)CBr,27C80B847871EC5DE010D7BF9E660C7D86FB8E4159E995EB0B8E9C730AC530F2,GUEST_CAN_0176,PASS,AttentiveFP,4,host_cold,2,1.5986957550048828
648,42,337,OC1=C(CC2=CC(S(=O)([O-])=O)=CC(CC(C=C3S(=O)([O-])=O)=C4OCC(N)=O)=C2O)C=C(S(=O)([O-])=O)C=C1CC5=CC(S(=O)([O-])=O)=CC(CC4=C3)=C5O,OCC(C(=O)O)N,calixarene,2.7323999404907227,NC(=O)COc1c2cc(S(=O)(=O)[O-])cc1Cc1cc(S(=O)(=O)[O-])cc(c1O)Cc1cc(S(=O)(=O)[O-])cc(c1O)Cc1cc(S(=O)(=O)[O-])cc(c1O)C2,1F2BEDA02D00DC2C1A2D3A5BD5460849E045F21D3B673D4626094BA71BDA0464,HOST_CAN_0104,PASS,NC(CO)C(=O)O,2EBE58D687C0AA53F22B8D1549C80A85A6D27FB38ECC46BD2A35B25250CAEFA2,GUEST_CAN_0734,PASS,AttentiveFP,4,host_cold,2,2.2667386531829834
649,3,467,OC[C@H]1O[C@@H]2O[C@@H]3[C@@H](CO)O[C@H](O[C@@H]4[C@@H](CO)O[C@H](O[C@@H]5[C@@H](CO)O[C@H](O[C@@H]6[C@@H](CO)O[C@H](O[C@@H]7[C@@H](CO)O[C@H](O[C@@H]8[C@@H](CO)O[C@H](O[C@H]1[C@H](O)[C@H]2O)[C@H](O)[C@H]8O)[C@H](O)[C@H]7O)[C@H](O)[C@H]6O)[C@H](O)[C@H]5O)[C@H](O)[C@H]4O)[C@H](O)[C@H]3O,CC(C)O,cyclodextrin,2.2699999809265137,OC[C@H]1O[C@@H]2O[C@H]3[C@H](O)[C@@H](O)[C@@H](O[C@H]4[C@H](O)[C@@H](O)[C@@H](O[C@H]5[C@H](O)[C@@H](O)[C@@H](O[C@H]6[C@H](O)[C@@H](O)[C@@H](O[C@H]7[C@H](O)[C@@H](O)[C@@H](O[C@H]8[C@H](O)[C@@H](O)[C@@H](O[C@H]1[C@H](O)[C@H]2O)O[C@@H]8CO)O[C@@H]7CO)O[C@@H]6CO)O[C@@H]5CO)O[C@@H]4CO)O[C@@H]3CO,22584443D9512992310760C9871E3E6BDB3EDC92006F3EF1EC94F44373907EB1,HOST_CAN_0176,PASS,CC(C)O,DBB1AC6E5DE735970D66B019862ECF51F867BE44B3D2BCCE9FA8B917092E5625,GUEST_CAN_0163,PASS,AttentiveFP,4,host_cold,2,1.5641119480133057
650,18,237,CC1=C2C3=CC4=C1OC5C6=CC7=CC(=C6)OC8=CC(=CC(=C8)C(=O)O)OC9=CC1=CC(=C9)C6OC8=C(C=C(C4CCC(=O)O)C(=C8C)O5)C(C4=C(O6)C(=C5C(=C4)C(C4=C6C(=C(C(=C4)C3CCC(=O)O)OC(O2)C2=CC(=CC(=C2)OC2=CC(=CC(=C2)C(=O)O)OC2=CC(=CC(=C2)C(O5)O6)OC2=CC(=CC(=C2)C(=O)O)O1)OC1=CC(=CC(=C1)C(=O)O)O7)C)CCC(=O)O)C)CCC(=O)O,C#CCCCC(=O)O,cavitand,3.924999952316284,Cc1c2c3cc4c1OC1Oc5c(cc6c(c5C)OC5Oc7c(cc8c(c7C)OC7Oc9c(cc(c(c9C)OC(O2)c2cc9cc(c2)Oc2cc(cc(C(=O)O)c2)Oc2cc(cc7c2)Oc2cc(cc(C(=O)O)c2)Oc2cc(cc5c2)Oc2cc(cc(C(=O)O)c2)Oc2cc(cc1c2)Oc1cc(cc(C(=O)O)c1)O9)C3CCC(=O)O)C8CCC(=O)O)C6CCC(=O)O)C4CCC(=O)O,326FFD4B5C5565D32207155C0B129AE16AFCA7B3342F0DAD815C24AB8DFA8483,HOST_CAN_0099,PASS,C#CCCCC(=O)O,44098F444A383255C50ABD8A5620E03A2E79ECC4071BA0A80188DEB1DF0F35FF,GUEST_CAN_0006,PASS,AttentiveFP,4,host_cold,2,3.637985944747925
652,3,375,OC[C@H]1O[C@@H]2O[C@@H]3[C@@H](CO)O[C@H](O[C@@H]4[C@@H](CO)O[C@H](O[C@@H]5[C@@H](CO)O[C@H](O[C@@H]6[C@@H](CO)O[C@H](O[C@@H]7[C@@H](CO)O[C@H](O[C@@H]8[C@@H](CO)O[C@H](O[C@H]1[C@H](O)[C@H]2O)[C@H](O)[C@H]8O)[C@H](O)[C@H]7O)[C@H](O)[C@H]6O)[C@H](O)[C@H]5O)[C@H](O)[C@H]4O)[C@H](O)[C@H]3O,C1=CC=C(C=C1)C(C(=O)O)O,cyclodextrin,0.9460999965667725,OC[C@H]1O[C@@H]2O[C@H]3[C@H](O)[C@@H](O)[C@@H](O[C@H]4[C@H](O)[C@@H](O)[C@@H](O[C@H]5[C@H](O)[C@@H](O)[C@@H](O[C@H]6[C@H](O)[C@@H](O)[C@@H](O[C@H]7[C@H](O)[C@@H](O)[C@@H](O[C@H]8[C@H](O)[C@@H](O)[C@@H](O[C@H]1[C@H](O)[C@H]2O)O[C@@H]8CO)O[C@@H]7CO)O[C@@H]6CO)O[C@@H]5CO)O[C@@H]4CO)O[C@@H]3CO,22584443D9512992310760C9871E3E6BDB3EDC92006F3EF1EC94F44373907EB1,HOST_CAN_0176,PASS,O=C(O)C(O)c1ccccc1,8E08B8E39FBC5ABD8EF27E456D9F14EDEC58CC2D7E3AEEF72D046E7F0E969A94,GUEST_CAN_0860,PASS,AttentiveFP,4,host_cold,2,2.340937614440918
668,125,90,[Na]OS(=O)(=O)CCCOc1ccc(c2c1CN1C(=O)N3[C@]4([C@@]1(N(C2)C(=O)N4CN1[C@@]2(N(C3)C(=O)N3[C@@H]2N(C1=O)CN1[C@@H]2N(C3)C(=O)N3[C@]2(C)N(C1=O)CN1[C@@]2(N(C3)C(=O)N3[C@]2(C)N(C1=O)Cc1c(C3)c(OCCCS(=O)(=O)O[Na])ccc1OCCCS(=O)(=O)O[Na])C)C)C)C)OCCCS(=O)(=O)O[Na],O=C1C=C(NC(=O)c2cc3ccccc3nc2O)[C@@H]([C@H]2[C@@H]1O2)O,other,5.7403998374938965,C[C@]12[C@H]3N4CN5C(=O)N6CN7C(=O)N8Cc9c(OCCCS(=O)(=O)[O][Na])ccc(OCCCS(=O)(=O)[O][Na])c9CN9C(=O)N(CN%10C(=O)N(CN3C(=O)N1CN1C(=O)N3Cc%11c(OCCCS(=O)(=O)[O][Na])ccc(OCCCS(=O)(=O)[O][Na])c%11CN%11C(=O)N(CN2C4=O)[C@]1(C)[C@@]3%11C)[C@@H]5[C@]%106C)[C@]7(C)[C@@]89C,6655E742DDAE6A5857CFC3FAA80FCCF84A4CB9CBDED2995FB1F915E7618100DC,HOST_CAN_0093,PASS,O=C(NC1=CC(=O)[C@H]2O[C@H]2[C@H]1O)c1cc2ccccc2nc1O,FDF8CE2A8B4B2A3DB312AD1231F5B6666439F2E4BEB6DF93515A1333E1D206F0,GUEST_CAN_0852,PASS,AttentiveFP,4,host_cold,2,4.3353271484375
669,73,475,C1C2=CC(=CC(=C2O)CC3=CC(=CC(=C3O)CC4=CC(=CC(=C4O)CC5=C(C(=CC(=C5)S(=O)(=O)O)CC6=C(C1=CC(=C6)S(=O)(=O)O)O)O)S(=O)(=O)O)S(=O)(=O)O)S(=O)(=O)O,[NH3+]Cc1ccc2c3c1ccc1c3c(cc2)ccc1,calixarene,4.892099857330322,O=S(=O)(O)c1cc2c(O)c(c1)Cc1cc(S(=O)(=O)O)cc(c1O)Cc1cc(S(=O)(=O)O)cc(c1O)Cc1cc(S(=O)(=O)O)cc(c1O)Cc1cc(S(=O)(=O)O)cc(c1O)C2,CE64A1CA71928E5DE79CF9633E11D44D0BC2C175AB3D980BF8052807605CA8CC,HOST_CAN_0155,PASS,[NH3+]Cc1ccc2ccc3cccc4ccc1c2c34,EDDAA9CE498CACE6B1394E44A4465FEF846C1B3DDFEB75DD8D4CB5A6C6CD18EB,GUEST_CAN_1094,PASS,AttentiveFP,4,host_cold,2,4.061563014984131
671,84,476,CCCCCCOc1c2Cc3cc(cc(c3OCCCCCC)Cc3cc(cc(Cc4c(c(Cc1cc(c2)S(=O)(=O)[O-])cc(c4)S(=O)(=O)[O-])OCCCCCC)c3OCCCCCC)S(=O)(=O)[O-])S(=O)(=O)[O-],C[n+]1c2ccccc2c(c2c1cccc2)c1c2ccccc2[n+](c2c1cccc2)C.[O-][N+](=O)[O-].[O-][N+](=O)[O-],calixarene,7.24429988861084,CCCCCCOc1c2cc(S(=O)(=O)[O-])cc1Cc1cc(S(=O)(=O)[O-])cc(c1OCCCCCC)Cc1cc(S(=O)(=O)[O-])cc(c1OCCCCCC)Cc1cc(S(=O)(=O)[O-])cc(c1OCCCCCC)C2,C518E51BDF85183B14A149C966DCD4A4434A48A30814E263D88387FA25725959,HOST_CAN_0028,PASS,C[n+]1c2ccccc2c(-c2c3ccccc3[n+](C)c3ccccc23)c2ccccc21.O=[N+]([O-])[O-].O=[N+]([O-])[O-],D4D263F20E807DCE8290909D48E9092725AF7020357CB313B6E2612BD76C3B4C,GUEST_CAN_0617,PASS,AttentiveFP,4,host_cold,2,5.316962242126465
672,3,280,OC[C@H]1O[C@@H]2O[C@@H]3[C@@H](CO)O[C@H](O[C@@H]4[C@@H](CO)O[C@H](O[C@@H]5[C@@H](CO)O[C@H](O[C@@H]6[C@@H](CO)O[C@H](O[C@@H]7[C@@H](CO)O[C@H](O[C@@H]8[C@@H](CO)O[C@H](O[C@H]1[C@H](O)[C@H]2O)[C@H](O)[C@H]8O)[C@H](O)[C@H]7O)[C@H](O)[C@H]6O)[C@H](O)[C@H]5O)[C@H](O)[C@H]4O)[C@H](O)[C@H]3O,C1C2CC3C4C1C5CC(C4)(CC3C5C2)C(=O)O,cyclodextrin,5.604599952697754,OC[C@H]1O[C@@H]2O[C@H]3[C@H](O)[C@@H](O)[C@@H](O[C@H]4[C@H](O)[C@@H](O)[C@@H](O[C@H]5[C@H](O)[C@@H](O)[C@@H](O[C@H]6[C@H](O)[C@@H](O)[C@@H](O[C@H]7[C@H](O)[C@@H](O)[C@@H](O[C@H]8[C@H](O)[C@@H](O)[C@@H](O[C@H]1[C@H](O)[C@H]2O)O[C@@H]8CO)O[C@@H]7CO)O[C@@H]6CO)O[C@@H]5CO)O[C@@H]4CO)O[C@@H]3CO,22584443D9512992310760C9871E3E6BDB3EDC92006F3EF1EC94F44373907EB1,HOST_CAN_0176,PASS,O=C(O)C12CC3C4CC5CC3C(C1)C(C5)C4C2,055DC1581A98876E408765E767980C5ED52322C3EC6C4303C087815DCFDFA331,GUEST_CAN_0861,PASS,AttentiveFP,4,host_cold,2,3.4772186279296875
674,68,231,Oc1c2cc(cc1Cc1cc(cc(c1O)Cc1c(c(Cc3c(c(C2)cc(c3)S(=O)(=O)O)O)cc(c1)S(=O)(=O)O)O)S(=O)(=O)O)NS(=O)(=O)c1ccc(cc1)C(=O)O,C[N+](C)(C)CCCCC(C(=O)O)N,calixarene,3.462399959564209,O=C(O)c1ccc(S(=O)(=O)Nc2cc3c(O)c(c2)Cc2cc(S(=O)(=O)O)cc(c2O)Cc2cc(S(=O)(=O)O)cc(c2O)Cc2cc(S(=O)(=O)O)cc(c2O)C3)cc1,698FBD7126562AC5EF98798BC16D048473423AD0A0BD659BE98F031178BD7864,HOST_CAN_0136,PASS,C[N+](C)(C)CCCCC(N)C(=O)O,A5D9046F4C510F24A7D2618FA2E491B2FD6A06575CDE2270294DEDC76755B73A,GUEST_CAN_0563,PASS,AttentiveFP,4,host_cold,2,4.182631969451904
685,73,178,C1C2=CC(=CC(=C2O)CC3=CC(=CC(=C3O)CC4=CC(=CC(=C4O)CC5=C(C(=CC(=C5)S(=O)(=O)O)CC6=C(C1=CC(=C6)S(=O)(=O)O)O)O)S(=O)(=O)O)S(=O)(=O)O)S(=O)(=O)O,C(CCN)CC(C(=O)O)N,calixarene,2.8457000255584717,O=S(=O)(O)c1cc2c(O)c(c1)Cc1cc(S(=O)(=O)O)cc(c1O)Cc1cc(S(=O)(=O)O)cc(c1O)Cc1cc(S(=O)(=O)O)cc(c1O)Cc1cc(S(=O)(=O)O)cc(c1O)C2,CE64A1CA71928E5DE79CF9633E11D44D0BC2C175AB3D980BF8052807605CA8CC,HOST_CAN_0155,PASS,NCCCCC(N)C(=O)O,BD55DE8B1F18BBBA0B9FB86FA685E52B4743F1B75F837E0522E8C602B3191BA0,GUEST_CAN_0785,PASS,AttentiveFP,4,host_cold,2,2.853769063949585
706,36,499,C1CCC2C(C1)OCCOCCOC3CCCCC3OCCOCCO2,[Tl+],crown_ether,2.450000047683716,C1CCC2OCCOCCOC3CCCCC3OCCOCCOC2C1,6324056DD7B8D486CDD96CAFC63AEDD5DD6528EA1F170F5E566BD0A62E2BF929,HOST_CAN_0001,PASS,[Tl+],BD2ABD5C290FA315B30DE4DE58A5A7255DDEDE59B04757BDE0F66E7B7D572225,GUEST_CAN_1115,PASS,AttentiveFP,4,host_cold,2,1.741999626159668
709,3,500,OC[C@H]1O[C@@H]2O[C@@H]3[C@@H](CO)O[C@H](O[C@@H]4[C@@H](CO)O[C@H](O[C@@H]5[C@@H](CO)O[C@H](O[C@@H]6[C@@H](CO)O[C@H](O[C@@H]7[C@@H](CO)O[C@H](O[C@@H]8[C@@H](CO)O[C@H](O[C@H]1[C@H](O)[C@H]2O)[C@H](O)[C@H]8O)[C@H](O)[C@H]7O)[C@H](O)[C@H]6O)[C@H](O)[C@H]5O)[C@H](O)[C@H]4O)[C@H](O)[C@H]3O,C1(CCCCC1)C1(CCCCC1)C(=O)OCCN(CC)CC,cyclodextrin,4.977700233459473,OC[C@H]1O[C@@H]2O[C@H]3[C@H](O)[C@@H](O)[C@@H](O[C@H]4[C@H](O)[C@@H](O)[C@@H](O[C@H]5[C@H](O)[C@@H](O)[C@@H](O[C@H]6[C@H](O)[C@@H](O)[C@@H](O[C@H]7[C@H](O)[C@@H](O)[C@@H](O[C@H]8[C@H](O)[C@@H](O)[C@@H](O[C@H]1[C@H](O)[C@H]2O)O[C@@H]8CO)O[C@@H]7CO)O[C@@H]6CO)O[C@@H]5CO)O[C@@H]4CO)O[C@@H]3CO,22584443D9512992310760C9871E3E6BDB3EDC92006F3EF1EC94F44373907EB1,HOST_CAN_0176,PASS,CCN(CC)CCOC(=O)C1(C2CCCCC2)CCCCC1,905FE4E6E8A53B772F51F7734ED187842D03B477EB963AC8EB330B231C273845,GUEST_CAN_0341,PASS,AttentiveFP,4,host_cold,2,2.031341552734375
722,57,189,O=S(OC1=C2C(C3C4=CC5=C(C=C4C2C3)C6C7=C(C5C6)C=CC=C7)=C(OS(=O)([O-])=O)C8=C1C9C%10=CC(C%11C(C=CC=C%12)=C%12C%13C%11)=C%13C=C%10C8C9)([O-])=O.[Na+].[Na+],CC(=O)NC(CCCN=C(N)N)C(=O)OC.Cl,other,4.061299800872803,O=S(=O)([O-])Oc1c2c(c(OS(=O)(=O)[O-])c3c1C1CC3c3cc4c(cc31)C1CC4c3ccccc31)C1CC2c2cc3c(cc21)C1CC3c2ccccc21.[Na+].[Na+],5412FB52C8CBD58449E920A6B0055A7974AA5ED214A245A72F491F8E36BD048F,HOST_CAN_0161,PASS,COC(=O)C(CCCN=C(N)N)NC(C)=O.Cl,E4655E8C60F01DAE0B94DB1C29D0E2D7F20D360ECF2AC968F56DB5F12FAE5898,GUEST_CAN_0437,PASS,AttentiveFP,4,host_cold,2,3.199035406112671
726,36,21,C1CCC2C(C1)OCCOCCOC3CCCCC3OCCOCCO2,[Sr+2],crown_ether,3.240000009536743,C1CCC2OCCOCCOC3CCCCC3OCCOCCOC2C1,6324056DD7B8D486CDD96CAFC63AEDD5DD6528EA1F170F5E566BD0A62E2BF929,HOST_CAN_0001,PASS,[Sr+2],B6D37E5B591B608C4BE7D5E471532F87A202E5D6C60D3F594302E0BACEDD0483,GUEST_CAN_1113,PASS,AttentiveFP,4,host_cold,2,3.0705699920654297
739,101,514,CC12C3(N4CN5C6C7N(C5=O)CN8C9C5N(C8=O)CN8C(=O)N%10CC%11=C(C=CC%12=C%11C(=C(C=C%12)OCCCS(=O)(=O)[O-])CN%11C%10(C8(N(C%11=O)CN5C(=O)N9CN7C(=O)N6CN3C(=O)N1CC1=C(C=CC3=C1C(=C(C=C3)OCCCS(=O)(=O)[O-])CN2C4=O)OCCCS(=O)(=O)[O-])C)C)OCCCS(=O)(=O)[O-])C.[Na+].[Na+].[Na+].[Na+],CNCC(C1=CC(=CC=C1)O)O,cucurbituril,3.0413999557495117,CC12N3Cc4c(OCCCS(=O)(=O)[O-])ccc5ccc(OCCCS(=O)(=O)[O-])c(c45)CN1C(=O)N1CN4C(=O)N5CN6C(=O)N7CN8C(=O)N9Cc%10c(OCCCS(=O)(=O)[O-])ccc%11ccc(OCCCS(=O)(=O)[O-])c(c%10%11)CN%10C(=O)N(CN%11C(=O)N(CN%12C(=O)N(CN(C3=O)C12C)C4C%125)C6C%117)C8(C)C%109C.[Na+].[Na+].[Na+].[Na+],D06B992717C42348D2028871BE8CF32C393DC5D34135FC7CB387827D0E760D24,HOST_CAN_0017,PASS,CNCC(O)c1cccc(O)c1,C88E6F8E2033949D140A73A04120CE1B1B3A84B1B334942E4960AE4281F4B3A4,GUEST_CAN_0430,PASS,AttentiveFP,4,host_cold,2,4.050251007080078
743,131,516,C(C)NC(=O)C1=CC=C(N1)C(=O)NC(=[NH2+])N,CC(C(=O)[O-])NC(=O)C,other,2.8864998817443848,CCNC(=O)c1ccc(C(=O)NC(N)=[NH2+])[nH]1,90B1C4254FCF6AE64E03F9D1916038B6C478F84A2BD8575DC59AA5BEB06CD223,HOST_CAN_0042,PASS,CC(=O)NC(C)C(=O)[O-],223D3A7CF02799E4E69DE4CF10C536E7E3A130D2DECA6FB2E856007B979C6DE6,GUEST_CAN_0069,PASS,AttentiveFP,4,host_cold,2,2.810255765914917
747,3,519,OC[C@H]1O[C@@H]2O[C@@H]3[C@@H](CO)O[C@H](O[C@@H]4[C@@H](CO)O[C@H](O[C@@H]5[C@@H](CO)O[C@H](O[C@@H]6[C@@H](CO)O[C@H](O[C@@H]7[C@@H](CO)O[C@H](O[C@@H]8[C@@H](CO)O[C@H](O[C@H]1[C@H](O)[C@H]2O)[C@H](O)[C@H]8O)[C@H](O)[C@H]7O)[C@H](O)[C@H]6O)[C@H](O)[C@H]5O)[C@H](O)[C@H]4O)[C@H](O)[C@H]3O,C1CCC(C1)O,cyclodextrin,2.2355000972747803,OC[C@H]1O[C@@H]2O[C@H]3[C@H](O)[C@@H](O)[C@@H](O[C@H]4[C@H](O)[C@@H](O)[C@@H](O[C@H]5[C@H](O)[C@@H](O)[C@@H](O[C@H]6[C@H](O)[C@@H](O)[C@@H](O[C@H]7[C@H](O)[C@@H](O)[C@@H](O[C@H]8[C@H](O)[C@@H](O)[C@@H](O[C@H]1[C@H](O)[C@H]2O)O[C@@H]8CO)O[C@@H]7CO)O[C@@H]6CO)O[C@@H]5CO)O[C@@H]4CO)O[C@@H]3CO,22584443D9512992310760C9871E3E6BDB3EDC92006F3EF1EC94F44373907EB1,HOST_CAN_0176,PASS,OC1CCCC1,6BB5BADFAB6BA8D7C97FC89CB90813595915511924683D86230B83FBE9874B93,GUEST_CAN_0962,PASS,AttentiveFP,4,host_cold,2,1.6951382160186768
757,36,76,C1CCC2C(C1)OCCOCCOC3CCCCC3OCCOCCO2,[Ba+2],crown_ether,3.5999999046325684,C1CCC2OCCOCCOC3CCCCC3OCCOCCOC2C1,6324056DD7B8D486CDD96CAFC63AEDD5DD6528EA1F170F5E566BD0A62E2BF929,HOST_CAN_0001,PASS,[Ba+2],646B641AF6E7E8BB0EF6865C6EADD1E8EF78BF2568880853D320270397B832AE,GUEST_CAN_1012,PASS,AttentiveFP,4,host_cold,2,3.0705699920654297
758,23,525,OC[C@H]1O[C@@H]2O[C@@H]3[C@@H](CO)O[C@H](O[C@@H]4[C@@H](CO)O[C@H](O[C@@H]5[C@@H](CO)O[C@H](O[C@@H]6[C@@H](CO)O[C@H](O[C@@H]7[C@@H](CO)O[C@H](O[C@H]1[C@H](O)[C@H]2O)[C@H](O)[C@H]7O)[C@H](O)[C@H]6O)[C@H](O)[C@H]5O)[C@H](O)[C@H]4O)[C@H](O)[C@H]3O,NCC(=O)N[C@@H](CC(C)C)C(=O)O,cyclodextrin,2.4200000762939453,OC[C@H]1O[C@@H]2O[C@H]3[C@H](O)[C@@H](O)[C@@H](O[C@H]4[C@H](O)[C@@H](O)[C@@H](O[C@H]5[C@H](O)[C@@H](O)[C@@H](O[C@H]6[C@H](O)[C@@H](O)[C@@H](O[C@H]7[C@H](O)[C@@H](O)[C@@H](O[C@H]1[C@H](O)[C@H]2O)O[C@@H]7CO)O[C@@H]6CO)O[C@@H]5CO)O[C@@H]4CO)O[C@@H]3CO,9CB41F926A4386D7C0E23599753E6EDC60802BE1DCF577DB9B32CBB20691DB1D,HOST_CAN_0175,PASS,CC(C)C[C@H](NC(=O)CN)C(=O)O,369E589A87D863926710C3B33091598567B388CAB40B8814AF119330C012435F,GUEST_CAN_0152,PASS,AttentiveFP,4,host_cold,2,1.978156328201294
761,3,526,OC[C@H]1O[C@@H]2O[C@@H]3[C@@H](CO)O[C@H](O[C@@H]4[C@@H](CO)O[C@H](O[C@@H]5[C@@H](CO)O[C@H](O[C@@H]6[C@@H](CO)O[C@H](O[C@@H]7[C@@H](CO)O[C@H](O[C@@H]8[C@@H](CO)O[C@H](O[C@H]1[C@H](O)[C@H]2O)[C@H](O)[C@H]8O)[C@H](O)[C@H]7O)[C@H](O)[C@H]6O)[C@H](O)[C@H]5O)[C@H](O)[C@H]4O)[C@H](O)[C@H]3O,C1CCCC(CC1)O,cyclodextrin,3.3417999744415283,OC[C@H]1O[C@@H]2O[C@H]3[C@H](O)[C@@H](O)[C@@H](O[C@H]4[C@H](O)[C@@H](O)[C@@H](O[C@H]5[C@H](O)[C@@H](O)[C@@H](O[C@H]6[C@H](O)[C@@H](O)[C@@H](O[C@H]7[C@H](O)[C@@H](O)[C@@H](O[C@H]8[C@H](O)[C@@H](O)[C@@H](O[C@H]1[C@H](O)[C@H]2O)O[C@@H]8CO)O[C@@H]7CO)O[C@@H]6CO)O[C@@H]5CO)O[C@@H]4CO)O[C@@H]3CO,22584443D9512992310760C9871E3E6BDB3EDC92006F3EF1EC94F44373907EB1,HOST_CAN_0176,PASS,OC1CCCCCC1,BC32B028B682D1D578D37F40F530FF3BF6B4052E2563188E4F5427FC31763586,GUEST_CAN_0965,PASS,AttentiveFP,4,host_cold,2,1.791640043258667
766,3,296,OC[C@H]1O[C@@H]2O[C@@H]3[C@@H](CO)O[C@H](O[C@@H]4[C@@H](CO)O[C@H](O[C@@H]5[C@@H](CO)O[C@H](O[C@@H]6[C@@H](CO)O[C@H](O[C@@H]7[C@@H](CO)O[C@H](O[C@@H]8[C@@H](CO)O[C@H](O[C@H]1[C@H](O)[C@H]2O)[C@H](O)[C@H]8O)[C@H](O)[C@H]7O)[C@H](O)[C@H]6O)[C@H](O)[C@H]5O)[C@H](O)[C@H]4O)[C@H](O)[C@H]3O,CC(=O)NC(CC1=CNC2=CC=CC=C21)C(=O)O,cyclodextrin,1.2330000400543213,OC[C@H]1O[C@@H]2O[C@H]3[C@H](O)[C@@H](O)[C@@H](O[C@H]4[C@H](O)[C@@H](O)[C@@H](O[C@H]5[C@H](O)[C@@H](O)[C@@H](O[C@H]6[C@H](O)[C@@H](O)[C@@H](O[C@H]7[C@H](O)[C@@H](O)[C@@H](O[C@H]8[C@H](O)[C@@H](O)[C@@H](O[C@H]1[C@H](O)[C@H]2O)O[C@@H]8CO)O[C@@H]7CO)O[C@@H]6CO)O[C@@H]5CO)O[C@@H]4CO)O[C@@H]3CO,22584443D9512992310760C9871E3E6BDB3EDC92006F3EF1EC94F44373907EB1,HOST_CAN_0176,PASS,CC(=O)NC(Cc1c[nH]c2ccccc12)C(=O)O,98F7320D090E241BFC6744B0EF72D1F5ECE8246FC143C1E9CF373B4A144A7EE1,GUEST_CAN_0071,PASS,AttentiveFP,4,host_cold,2,2.369882583618164
774,3,532,OC[C@H]1O[C@@H]2O[C@@H]3[C@@H](CO)O[C@H](O[C@@H]4[C@@H](CO)O[C@H](O[C@@H]5[C@@H](CO)O[C@H](O[C@@H]6[C@@H](CO)O[C@H](O[C@@H]7[C@@H](CO)O[C@H](O[C@@H]8[C@@H](CO)O[C@H](O[C@H]1[C@H](O)[C@H]2O)[C@H](O)[C@H]8O)[C@H](O)[C@H]7O)[C@H](O)[C@H]6O)[C@H](O)[C@H]5O)[C@H](O)[C@H]4O)[C@H](O)[C@H]3O,CC1=CC=C(C=C1)NC2=CC3=C(C=C2)C=C(C=C3)S(=O)(=O)[O-].[Na+],cyclodextrin,3.474100112915039,OC[C@H]1O[C@@H]2O[C@H]3[C@H](O)[C@@H](O)[C@@H](O[C@H]4[C@H](O)[C@@H](O)[C@@H](O[C@H]5[C@H](O)[C@@H](O)[C@@H](O[C@H]6[C@H](O)[C@@H](O)[C@@H](O[C@H]7[C@H](O)[C@@H](O)[C@@H](O[C@H]8[C@H](O)[C@@H](O)[C@@H](O[C@H]1[C@H](O)[C@H]2O)O[C@@H]8CO)O[C@@H]7CO)O[C@@H]6CO)O[C@@H]5CO)O[C@@H]4CO)O[C@@H]3CO,22584443D9512992310760C9871E3E6BDB3EDC92006F3EF1EC94F44373907EB1,HOST_CAN_0176,PASS,Cc1ccc(Nc2ccc3cc(S(=O)(=O)[O-])ccc3c2)cc1.[Na+],1BC59EC31198E9880137AFAA6A584A1B8605E06881B738CB1BFFC54AF27E7C05,GUEST_CAN_0662,PASS,AttentiveFP,4,host_cold,2,2.942359447479248
778,125,212,[Na]OS(=O)(=O)CCCOc1ccc(c2c1CN1C(=O)N3[C@]4([C@@]1(N(C2)C(=O)N4CN1[C@@]2(N(C3)C(=O)N3[C@@H]2N(C1=O)CN1[C@@H]2N(C3)C(=O)N3[C@]2(C)N(C1=O)CN1[C@@]2(N(C3)C(=O)N3[C@]2(C)N(C1=O)Cc1c(C3)c(OCCCS(=O)(=O)O[Na])ccc1OCCCS(=O)(=O)O[Na])C)C)C)C)OCCCS(=O)(=O)O[Na],CCC1(C2=C(COC1=O)C(=O)N3CC4=CC5=CC=CC=C5N=C4C3=C2)O,other,3.462399959564209,C[C@]12[C@H]3N4CN5C(=O)N6CN7C(=O)N8Cc9c(OCCCS(=O)(=O)[O][Na])ccc(OCCCS(=O)(=O)[O][Na])c9CN9C(=O)N(CN%10C(=O)N(CN3C(=O)N1CN1C(=O)N3Cc%11c(OCCCS(=O)(=O)[O][Na])ccc(OCCCS(=O)(=O)[O][Na])c%11CN%11C(=O)N(CN2C4=O)[C@]1(C)[C@@]3%11C)[C@@H]5[C@]%106C)[C@]7(C)[C@@]89C,6655E742DDAE6A5857CFC3FAA80FCCF84A4CB9CBDED2995FB1F915E7618100DC,HOST_CAN_0093,PASS,CCC1(O)C(=O)OCc2c1cc1n(c2=O)Cc2cc3ccccc3nc2-1,E9469B35D0FA832E6E52F35A157677A6168BC086499F2BDA38D585474E1165AE,GUEST_CAN_0263,PASS,AttentiveFP,4,host_cold,2,4.56525993347168
779,3,534,OC[C@H]1O[C@@H]2O[C@@H]3[C@@H](CO)O[C@H](O[C@@H]4[C@@H](CO)O[C@H](O[C@@H]5[C@@H](CO)O[C@H](O[C@@H]6[C@@H](CO)O[C@H](O[C@@H]7[C@@H](CO)O[C@H](O[C@@H]8[C@@H](CO)O[C@H](O[C@H]1[C@H](O)[C@H]2O)[C@H](O)[C@H]8O)[C@H](O)[C@H]7O)[C@H](O)[C@H]6O)[C@H](O)[C@H]5O)[C@H](O)[C@H]4O)[C@H](O)[C@H]3O,COC1=CC=C2C=CC(OC2=C1)=O,cyclodextrin,2.1071999073028564,OC[C@H]1O[C@@H]2O[C@H]3[C@H](O)[C@@H](O)[C@@H](O[C@H]4[C@H](O)[C@@H](O)[C@@H](O[C@H]5[C@H](O)[C@@H](O)[C@@H](O[C@H]6[C@H](O)[C@@H](O)[C@@H](O[C@H]7[C@H](O)[C@@H](O)[C@@H](O[C@H]8[C@H](O)[C@@H](O)[C@@H](O[C@H]1[C@H](O)[C@H]2O)O[C@@H]8CO)O[C@@H]7CO)O[C@@H]6CO)O[C@@H]5CO)O[C@@H]4CO)O[C@@H]3CO,22584443D9512992310760C9871E3E6BDB3EDC92006F3EF1EC94F44373907EB1,HOST_CAN_0176,PASS,COc1ccc2ccc(=O)oc2c1,BBFF65292696BF603D542E884ED889303907761B22AFB5023666365137454B7D,GUEST_CAN_0501,PASS,AttentiveFP,4,host_cold,2,2.3699464797973633
780,3,317,OC[C@H]1O[C@@H]2O[C@@H]3[C@@H](CO)O[C@H](O[C@@H]4[C@@H](CO)O[C@H](O[C@@H]5[C@@H](CO)O[C@H](O[C@@H]6[C@@H](CO)O[C@H](O[C@@H]7[C@@H](CO)O[C@H](O[C@@H]8[C@@H](CO)O[C@H](O[C@H]1[C@H](O)[C@H]2O)[C@H](O)[C@H]8O)[C@H](O)[C@H]7O)[C@H](O)[C@H]6O)[C@H](O)[C@H]5O)[C@H](O)[C@H]4O)[C@H](O)[C@H]3O,C1CCC(C(C1)O)O,cyclodextrin,1.934499979019165,OC[C@H]1O[C@@H]2O[C@H]3[C@H](O)[C@@H](O)[C@@H](O[C@H]4[C@H](O)[C@@H](O)[C@@H](O[C@H]5[C@H](O)[C@@H](O)[C@@H](O[C@H]6[C@H](O)[C@@H](O)[C@@H](O[C@H]7[C@H](O)[C@@H](O)[C@@H](O[C@H]8[C@H](O)[C@@H](O)[C@@H](O[C@H]1[C@H](O)[C@H]2O)O[C@@H]8CO)O[C@@H]7CO)O[C@@H]6CO)O[C@@H]5CO)O[C@@H]4CO)O[C@@H]3CO,22584443D9512992310760C9871E3E6BDB3EDC92006F3EF1EC94F44373907EB1,HOST_CAN_0176,PASS,OC1CCCCC1O,68517F5E2C4E7A6C5B57748F5CC516315EA14A9348D8746ED8A985C007ADFF97,GUEST_CAN_0964,PASS,AttentiveFP,4,host_cold,2,1.8490571975708008
792,23,288,OC[C@H]1O[C@@H]2O[C@@H]3[C@@H](CO)O[C@H](O[C@@H]4[C@@H](CO)O[C@H](O[C@@H]5[C@@H](CO)O[C@H](O[C@@H]6[C@@H](CO)O[C@H](O[C@@H]7[C@@H](CO)O[C@H](O[C@H]1[C@H](O)[C@H]2O)[C@H](O)[C@H]7O)[C@H](O)[C@H]6O)[C@H](O)[C@H]5O)[C@H](O)[C@H]4O)[C@H](O)[C@H]3O,CC(C)C(C(=O)O)NC(=O)CN,cyclodextrin,2.449899911880493,OC[C@H]1O[C@@H]2O[C@H]3[C@H](O)[C@@H](O)[C@@H](O[C@H]4[C@H](O)[C@@H](O)[C@@H](O[C@H]5[C@H](O)[C@@H](O)[C@@H](O[C@H]6[C@H](O)[C@@H](O)[C@@H](O[C@H]7[C@H](O)[C@@H](O)[C@@H](O[C@H]1[C@H](O)[C@H]2O)O[C@@H]7CO)O[C@@H]6CO)O[C@@H]5CO)O[C@@H]4CO)O[C@@H]3CO,9CB41F926A4386D7C0E23599753E6EDC60802BE1DCF577DB9B32CBB20691DB1D,HOST_CAN_0175,PASS,CC(C)C(NC(=O)CN)C(=O)O,C7C4F9D491E695E32FCA9610C29E6F26B277BB7597A85B98A5CB97B4FB2C694B,GUEST_CAN_0128,PASS,AttentiveFP,4,host_cold,2,2.0341649055480957
795,3,344,OC[C@H]1O[C@@H]2O[C@@H]3[C@@H](CO)O[C@H](O[C@@H]4[C@@H](CO)O[C@H](O[C@@H]5[C@@H](CO)O[C@H](O[C@@H]6[C@@H](CO)O[C@H](O[C@@H]7[C@@H](CO)O[C@H](O[C@@H]8[C@@H](CO)O[C@H](O[C@H]1[C@H](O)[C@H]2O)[C@H](O)[C@H]8O)[C@H](O)[C@H]7O)[C@H](O)[C@H]6O)[C@H](O)[C@H]5O)[C@H](O)[C@H]4O)[C@H](O)[C@H]3O,C1C2CC3CC1CC(C2)(C3)O,cyclodextrin,4.679100036621094,OC[C@H]1O[C@@H]2O[C@H]3[C@H](O)[C@@H](O)[C@@H](O[C@H]4[C@H](O)[C@@H](O)[C@@H](O[C@H]5[C@H](O)[C@@H](O)[C@@H](O[C@H]6[C@H](O)[C@@H](O)[C@@H](O[C@H]7[C@H](O)[C@@H](O)[C@@H](O[C@H]8[C@H](O)[C@@H](O)[C@@H](O[C@H]1[C@H](O)[C@H]2O)O[C@@H]8CO)O[C@@H]7CO)O[C@@H]6CO)O[C@@H]5CO)O[C@@H]4CO)O[C@@H]3CO,22584443D9512992310760C9871E3E6BDB3EDC92006F3EF1EC94F44373907EB1,HOST_CAN_0176,PASS,OC12CC3CC(CC(C3)C1)C2,87605B61E7E3C1822091D8A0EF784871FD8D7A403C25DAD6277FB9405CE7B193,GUEST_CAN_0960,PASS,AttentiveFP,4,host_cold,2,2.4803948402404785
805,73,104,C1C2=CC(=CC(=C2O)CC3=CC(=CC(=C3O)CC4=CC(=CC(=C4O)CC5=C(C(=CC(=C5)S(=O)(=O)O)CC6=C(C1=CC(=C6)S(=O)(=O)O)O)O)S(=O)(=O)O)S(=O)(=O)O)S(=O)(=O)O,C1CC2CCC1N=N2,calixarene,1.3945000171661377,O=S(=O)(O)c1cc2c(O)c(c1)Cc1cc(S(=O)(=O)O)cc(c1O)Cc1cc(S(=O)(=O)O)cc(c1O)Cc1cc(S(=O)(=O)O)cc(c1O)Cc1cc(S(=O)(=O)O)cc(c1O)C2,CE64A1CA71928E5DE79CF9633E11D44D0BC2C175AB3D980BF8052807605CA8CC,HOST_CAN_0155,PASS,C1CC2CCC1N=N2,28524F2C321EA80222CEAE7EE74FE527F854D218FD4782A52CD6A817541C8DDA,GUEST_CAN_0024,PASS,AttentiveFP,4,host_cold,2,2.624558925628662
806,4,351,[Na]OS(=O)(=O)CCCCOC=1C=C(C=CC1)[C@@H]1N=C(OC1)CC1=C(C(=C(C(=C1C)CC=1OC[C@@H](N1)C1=CC(=CC=C1)OCCCCS(=O)(=O)O[Na])C)CC=1OC[C@@H](N1)C1=CC(=CC=C1)OCCCCS(=O)(=O)O[Na])C,C1=CC(=C(C=C1C(CN)O)O)O.Cl,other,1.8260999917984009,Cc1c(CC2=N[C@@H](c3cccc(OCCCCS(=O)(=O)[O][Na])c3)CO2)c(C)c(CC2=N[C@@H](c3cccc(OCCCCS(=O)(=O)[O][Na])c3)CO2)c(C)c1CC1=N[C@@H](c2cccc(OCCCCS(=O)(=O)[O][Na])c2)CO1,9E3429786C624B72E8FD089068975D2A1C33E04632FEA26EF01294722587A124,HOST_CAN_0098,PASS,Cl.NCC(O)c1ccc(O)c(O)c1,77292EA0463E2AED797CAE9779601581D37EB7B67F9EA7796D4F6EE168154886,GUEST_CAN_0687,PASS,AttentiveFP,4,host_cold,2,1.3320748805999756
810,3,552,OC[C@H]1O[C@@H]2O[C@@H]3[C@@H](CO)O[C@H](O[C@@H]4[C@@H](CO)O[C@H](O[C@@H]5[C@@H](CO)O[C@H](O[C@@H]6[C@@H](CO)O[C@H](O[C@@H]7[C@@H](CO)O[C@H](O[C@@H]8[C@@H](CO)O[C@H](O[C@H]1[C@H](O)[C@H]2O)[C@H](O)[C@H]8O)[C@H](O)[C@H]7O)[C@H](O)[C@H]6O)[C@H](O)[C@H]5O)[C@H](O)[C@H]4O)[C@H](O)[C@H]3O,C1=CC2=C3C(=C1)C=CC4=CC=CC(=C43)C=C2,cyclodextrin,3.342400074005127,OC[C@H]1O[C@@H]2O[C@H]3[C@H](O)[C@@H](O)[C@@H](O[C@H]4[C@H](O)[C@@H](O)[C@@H](O[C@H]5[C@H](O)[C@@H](O)[C@@H](O[C@H]6[C@H](O)[C@@H](O)[C@@H](O[C@H]7[C@H](O)[C@@H](O)[C@@H](O[C@H]8[C@H](O)[C@@H](O)[C@@H](O[C@H]1[C@H](O)[C@H]2O)O[C@@H]8CO)O[C@@H]7CO)O[C@@H]6CO)O[C@@H]5CO)O[C@@H]4CO)O[C@@H]3CO,22584443D9512992310760C9871E3E6BDB3EDC92006F3EF1EC94F44373907EB1,HOST_CAN_0176,PASS,c1cc2ccc3cccc4ccc(c1)c2c34,2440ABFBB1F9E1B7E7C27E55BE48C99A6E4A85FABD90A17E6B527C9389DF8BF0,GUEST_CAN_1122,PASS,AttentiveFP,4,host_cold,2,2.729775905609131
813,3,198,OC[C@H]1O[C@@H]2O[C@@H]3[C@@H](CO)O[C@H](O[C@@H]4[C@@H](CO)O[C@H](O[C@@H]5[C@@H](CO)O[C@H](O[C@@H]6[C@@H](CO)O[C@H](O[C@@H]7[C@@H](CO)O[C@H](O[C@@H]8[C@@H](CO)O[C@H](O[C@H]1[C@H](O)[C@H]2O)[C@H](O)[C@H]8O)[C@H](O)[C@H]7O)[C@H](O)[C@H]6O)[C@H](O)[C@H]5O)[C@H](O)[C@H]4O)[C@H](O)[C@H]3O,CC(CCC(=O)[O-])C1CCC2C1(C(CC3C2CCC4C3(CCC(C4)O)C)O)C.[Na+],cyclodextrin,3.6851999759674072,OC[C@H]1O[C@@H]2O[C@H]3[C@H](O)[C@@H](O)[C@@H](O[C@H]4[C@H](O)[C@@H](O)[C@@H](O[C@H]5[C@H](O)[C@@H](O)[C@@H](O[C@H]6[C@H](O)[C@@H](O)[C@@H](O[C@H]7[C@H](O)[C@@H](O)[C@@H](O[C@H]8[C@H](O)[C@@H](O)[C@@H](O[C@H]1[C@H](O)[C@H]2O)O[C@@H]8CO)O[C@@H]7CO)O[C@@H]6CO)O[C@@H]5CO)O[C@@H]4CO)O[C@@H]3CO,22584443D9512992310760C9871E3E6BDB3EDC92006F3EF1EC94F44373907EB1,HOST_CAN_0176,PASS,CC(CCC(=O)[O-])C1CCC2C3CCC4CC(O)CCC4(C)C3CC(O)C12C.[Na+],AAE8955CE9801473265577821D0239EBE4B6812D89DD2C64FBC72356DA8A31D4,GUEST_CAN_0174,PASS,AttentiveFP,4,host_cold,2,3.470576524734497
817,3,262,OC[C@H]1O[C@@H]2O[C@@H]3[C@@H](CO)O[C@H](O[C@@H]4[C@@H](CO)O[C@H](O[C@@H]5[C@@H](CO)O[C@H](O[C@@H]6[C@@H](CO)O[C@H](O[C@@H]7[C@@H](CO)O[C@H](O[C@@H]8[C@@H](CO)O[C@H](O[C@H]1[C@H](O)[C@H]2O)[C@H](O)[C@H]8O)[C@H](O)[C@H]7O)[C@H](O)[C@H]6O)[C@H](O)[C@H]5O)[C@H](O)[C@H]4O)[C@H](O)[C@H]3O,CCN(CC)CCOC(=O)C1=CC=C(C=C1)N.Cl,cyclodextrin,2.436500072479248,OC[C@H]1O[C@@H]2O[C@H]3[C@H](O)[C@@H](O)[C@@H](O[C@H]4[C@H](O)[C@@H](O)[C@@H](O[C@H]5[C@H](O)[C@@H](O)[C@@H](O[C@H]6[C@H](O)[C@@H](O)[C@@H](O[C@H]7[C@H](O)[C@@H](O)[C@@H](O[C@H]8[C@H](O)[C@@H](O)[C@@H](O[C@H]1[C@H](O)[C@H]2O)O[C@@H]8CO)O[C@@H]7CO)O[C@@H]6CO)O[C@@H]5CO)O[C@@H]4CO)O[C@@H]3CO,22584443D9512992310760C9871E3E6BDB3EDC92006F3EF1EC94F44373907EB1,HOST_CAN_0176,PASS,CCN(CC)CCOC(=O)c1ccc(N)cc1.Cl,B6592951C8A510E3B4F06E47C61517E830D4419A9C487D8E3D4F7EA1AAA33F0C,GUEST_CAN_0342,PASS,AttentiveFP,4,host_cold,2,1.9174933433532715
819,23,558,OC[C@H]1O[C@@H]2O[C@@H]3[C@@H](CO)O[C@H](O[C@@H]4[C@@H](CO)O[C@H](O[C@@H]5[C@@H](CO)O[C@H](O[C@@H]6[C@@H](CO)O[C@H](O[C@@H]7[C@@H](CO)O[C@H](O[C@H]1[C@H](O)[C@H]2O)[C@H](O)[C@H]7O)[C@H](O)[C@H]6O)[C@H](O)[C@H]5O)[C@H](O)[C@H]4O)[C@H](O)[C@H]3O,C1=CC=C(C=C1)NC2=CC3=C(C=C2)C=C(C=C3)S(=O)(=O)[O-],cyclodextrin,1.3009999990463257,OC[C@H]1O[C@@H]2O[C@H]3[C@H](O)[C@@H](O)[C@@H](O[C@H]4[C@H](O)[C@@H](O)[C@@H](O[C@H]5[C@H](O)[C@@H](O)[C@@H](O[C@H]6[C@H](O)[C@@H](O)[C@@H](O[C@H]7[C@H](O)[C@@H](O)[C@@H](O[C@H]1[C@H](O)[C@H]2O)O[C@@H]7CO)O[C@@H]6CO)O[C@@H]5CO)O[C@@H]4CO)O[C@@H]3CO,9CB41F926A4386D7C0E23599753E6EDC60802BE1DCF577DB9B32CBB20691DB1D,HOST_CAN_0175,PASS,O=S(=O)([O-])c1ccc2cc(Nc3ccccc3)ccc2c1,0824CC1DB2624A014F85DD652F99EC1BBB673337CABFEF6F0B2F4C09F94496B2,GUEST_CAN_0937,PASS,AttentiveFP,4,host_cold,2,2.9707977771759033
833,78,413,COC[C@@H]1O[C@H]2O[C@@H]3[C@@H](COC)O[C@@H]([C@@H]([C@H]3OC)OC)O[C@@H]3[C@@H](COC)O[C@@H]([C@@H]([C@H]3OC)OC)O[C@@H]3[C@@H](COC)O[C@@H]([C@@H]([C@H]3OC)OC)O[C@H]3[C@@H](O[C@@H](O[C@H]4[C@@H](O[C@@H](O[C@H]5[C@@H](O[C@@H](O[C@@H]1[C@H]([C@@H]2OC)OC)[C@@H](OC)[C@@H]5OC)COC)[C@@H](OC)[C@@H]4OC)COC)[C@@H](OC)[C@@H]3OC)COC,OC1=CC=C(C=C1)N=NC1=CC=CC=C1,cyclodextrin,3.2981998920440674,COC[C@@H]1O[C@H]2O[C@@H]3[C@@H](OC)[C@H](OC)[C@H](O[C@H]4[C@H](OC)[C@@H](OC)[C@@H](O[C@H]5[C@H](OC)[C@@H](OC)[C@@H](O[C@H]6[C@H](OC)[C@@H](OC)[C@@H](O[C@@H]7[C@@H](OC)[C@H](OC)[C@H](O[C@@H]8[C@@H](OC)[C@H](OC)[C@H](O[C@@H]1[C@@H](OC)[C@@H]2OC)O[C@H]8COC)O[C@H]7COC)O[C@@H]6COC)O[C@@H]5COC)O[C@@H]4COC)O[C@H]3COC,4DBC704653D506001F39C2066C78337580D179894FB25234B01BA86A08D866EF,HOST_CAN_0061,PASS,Oc1ccc(N=Nc2ccccc2)cc1,758D2839B54A895381DCF3B47E19C1E793C860CD75C37FD79A798417D0F22D3E,GUEST_CAN_0995,PASS,AttentiveFP,4,host_cold,2,2.856989860534668
834,23,566,OC[C@H]1O[C@@H]2O[C@@H]3[C@@H](CO)O[C@H](O[C@@H]4[C@@H](CO)O[C@H](O[C@@H]5[C@@H](CO)O[C@H](O[C@@H]6[C@@H](CO)O[C@H](O[C@@H]7[C@@H](CO)O[C@H](O[C@H]1[C@H](O)[C@H]2O)[C@H](O)[C@H]7O)[C@H](O)[C@H]6O)[C@H](O)[C@H]5O)[C@H](O)[C@H]4O)[C@H](O)[C@H]3O,CCCCC(=O)[O-],cyclodextrin,1.902500033378601,OC[C@H]1O[C@@H]2O[C@H]3[C@H](O)[C@@H](O)[C@@H](O[C@H]4[C@H](O)[C@@H](O)[C@@H](O[C@H]5[C@H](O)[C@@H](O)[C@@H](O[C@H]6[C@H](O)[C@@H](O)[C@@H](O[C@H]7[C@H](O)[C@@H](O)[C@@H](O[C@H]1[C@H](O)[C@H]2O)O[C@@H]7CO)O[C@@H]6CO)O[C@@H]5CO)O[C@@H]4CO)O[C@@H]3CO,9CB41F926A4386D7C0E23599753E6EDC60802BE1DCF577DB9B32CBB20691DB1D,HOST_CAN_0175,PASS,CCCCC(=O)[O-],98E03BF83A033EB52A065A3BD571888894C3D905AEAE7D5CD0C1FBFEA8C73E5A,GUEST_CAN_0270,PASS,AttentiveFP,4,host_cold,2,1.8845112323760986
835,3,104,OC[C@H]1O[C@@H]2O[C@@H]3[C@@H](CO)O[C@H](O[C@@H]4[C@@H](CO)O[C@H](O[C@@H]5[C@@H](CO)O[C@H](O[C@@H]6[C@@H](CO)O[C@H](O[C@@H]7[C@@H](CO)O[C@H](O[C@@H]8[C@@H](CO)O[C@H](O[C@H]1[C@H](O)[C@H]2O)[C@H](O)[C@H]8O)[C@H](O)[C@H]7O)[C@H](O)[C@H]6O)[C@H](O)[C@H]5O)[C@H](O)[C@H]4O)[C@H](O)[C@H]3O,C1CC2CCC1N=N2,cyclodextrin,2.992000102996826,OC[C@H]1O[C@@H]2O[C@H]3[C@H](O)[C@@H](O)[C@@H](O[C@H]4[C@H](O)[C@@H](O)[C@@H](O[C@H]5[C@H](O)[C@@H](O)[C@@H](O[C@H]6[C@H](O)[C@@H](O)[C@@H](O[C@H]7[C@H](O)[C@@H](O)[C@@H](O[C@H]8[C@H](O)[C@@H](O)[C@@H](O[C@H]1[C@H](O)[C@H]2O)O[C@@H]8CO)O[C@@H]7CO)O[C@@H]6CO)O[C@@H]5CO)O[C@@H]4CO)O[C@@H]3CO,22584443D9512992310760C9871E3E6BDB3EDC92006F3EF1EC94F44373907EB1,HOST_CAN_0176,PASS,C1CC2CCC1N=N2,28524F2C321EA80222CEAE7EE74FE527F854D218FD4782A52CD6A817541C8DDA,GUEST_CAN_0024,PASS,AttentiveFP,4,host_cold,2,1.8814630508422852
844,141,372,CC(C)(C)C1=CC2=C(C(=C1)CC3=CC(=CC(=C3OCC(=O)OC)CC4=CC(=CC(=C4OCC(=O)OC)CC5=C(C(=CC(=C5)C(C)(C)C)C2)OCC(=O)OC)C(C)(C)C)C(C)(C)C)OCC(=O)OC,CCC(C)C1C(=O)NC2CSSCC(C(=O)NC(CSSCC(C(=O)NCC(=O)NC(C(=O)NC(C(=O)NC(C(=O)NC(C(=O)NC(C(=O)NC(C(=O)NC(C(=O)NC(C(=O)NC(C(=O)NC(C(=O)NC(CSSCC(NC(=O)C(NC(=O)C(NC(=O)C(NC(=O)C(NC(=O)C(NC(=O)C(NC(=O)C(NC(=O)C(NC2=O)CO)CC(C)C)CC3=CC=C(C=C3)O)CCC(=O)N)CC(C)C)CCC(=O)O)CC(=O)N)CC4=CC=C(C=C4)O)C(=O)NC(CC(=O)N)C(=O)O)C(=O)NCC(=O)NC(CCC(=O)O)C(=O)NC(CCCNC(=N)N)C(=O)NCC(=O)NC(CC5=CC=CC=C5)C(=O)NC(CC6=CC=CC=C6)C(=O)NC(CC7=CC=C(C=C7)O)C(=O)NC(C(C)O)C(=O)N8CCCC8C(=O)NC(CCCCN)C(=O)NC(C(C)O)C(=O)O)C(C)C)CC(C)C)CC9=CC=C(C=C9)O)CC(C)C)C)CCC(=O)O)C(C)C)CC(C)C)CC2=CNC=N2)CO)NC(=O)C(CC(C)C)NC(=O)C(CC2=CNC=N2)NC(=O)C(CCC(=O)N)NC(=O)C(CC(=O)N)NC(=O)C(C(C)C)NC(=O)C(CC2=CC=CC=C2)N)C(=O)NC(C(=O)NC(C(=O)N1)CO)C(C)O)NC(=O)C(CCC(=O)N)NC(=O)C(CCC(=O)O)NC(=O)C(C(C)C)NC(=O)C(C(C)CC)NC(=O)CN,calixarene,7.301000118255615,COC(=O)COc1c2cc(C(C)(C)C)cc1Cc1cc(C(C)(C)C)cc(c1OCC(=O)OC)Cc1cc(C(C)(C)C)cc(c1OCC(=O)OC)Cc1cc(C(C)(C)C)cc(c1OCC(=O)OC)C2,73B080974E03CCE5E7AF3A160529C27640F25944AB15DBB90917A7E7BD8278A2,HOST_CAN_0054,PASS,CCC(C)C(NC(=O)CN)C(=O)NC(C(=O)NC(CCC(=O)O)C(=O)NC(CCC(N)=O)C(=O)NC1CSSCC2NC(=O)C(C(C)CC)NC(=O)C(CO)NC(=O)C(C(C)O)NC(=O)C(CSSCC(NC(=O)C(CC(C)C)NC(=O)C(Cc3c[nH]cn3)NC(=O)C(CCC(N)=O)NC(=O)C(CC(N)=O)NC(=O)C(NC(=O)C(N)Cc3ccccc3)C(C)C)C(=O)NCC(=O)NC(CO)C(=O)NC(Cc3c[nH]cn3)C(=O)NC(CC(C)C)C(=O)NC(C(C)C)C(=O)NC(CCC(=O)O)C(=O)NC(C)C(=O)NC(CC(C)C)C(=O)NC(Cc3ccc(O)cc3)C(=O)NC(CC(C)C)C(=O)NC(C(C)C)C(=O)NC(C(=O)NCC(=O)NC(CCC(=O)O)C(=O)NC(CCCNC(=N)N)C(=O)NCC(=O)NC(Cc3ccccc3)C(=O)NC(Cc3ccccc3)C(=O)NC(Cc3ccc(O)cc3)C(=O)NC(C(=O)N3CCCC3C(=O)NC(CCCCN)C(=O)NC(C(=O)O)C(C)O)C(C)O)CSSCC(C(=O)NC(CC(N)=O)C(=O)O)NC(=O)C(Cc3ccc(O)cc3)NC(=O)C(CC(N)=O)NC(=O)C(CCC(=O)O)NC(=O)C(CC(C)C)NC(=O)C(CCC(N)=O)NC(=O)C(Cc3ccc(O)cc3)NC(=O)C(CC(C)C)NC(=O)C(CO)NC2=O)NC1=O)C(C)C,885EAF67B2FF10FCDED0B7729B3F203587A7D98B555D9C25FAC0D39560C307EF,GUEST_CAN_0259,PASS,AttentiveFP,4,host_cold,2,5.278678894042969
846,65,571,O=C(COC1=C(CC2=CC(OCC(O)=O)=C(C3)C=C2OCC(O)=O)C=C(OCC(O)=O)C(CC4=C(OCC(O)=O)C=C(CC5=CC(OCC(O)=O)=C(CC6=C(OCC(O)=O)C=C3C(OCC(O)=O)=C6)C=C5OCC(O)=O)C(OCC(O)=O)=C4)=C1)O,C[NH+](CCCCCC[NH+](C)C)C.[Cl-].[Cl-],pillararene,7.651299953460693,O=C(O)COc1cc2c(OCC(=O)O)cc1Cc1cc(OCC(=O)O)c(cc1OCC(=O)O)Cc1cc(OCC(=O)O)c(cc1OCC(=O)O)Cc1cc(OCC(=O)O)c(cc1OCC(=O)O)Cc1cc(OCC(=O)O)c(cc1OCC(=O)O)C2,D554EF58E2285AB1E087AF8FFC6B903FE8A63389351C9D80310C0632D55CFBCA,HOST_CAN_0132,PASS,C[NH+](C)CCCCCC[NH+](C)C.[Cl-].[Cl-],8B4BEF0E87E1F79B18593BF90F228DDB9EB4503C316DD07AD9C891FE7C4EC5FA,GUEST_CAN_0606,PASS,AttentiveFP,4,host_cold,2,8.04881477355957
847,23,572,OC[C@H]1O[C@@H]2O[C@@H]3[C@@H](CO)O[C@H](O[C@@H]4[C@@H](CO)O[C@H](O[C@@H]5[C@@H](CO)O[C@H](O[C@@H]6[C@@H](CO)O[C@H](O[C@@H]7[C@@H](CO)O[C@H](O[C@H]1[C@H](O)[C@H]2O)[C@H](O)[C@H]7O)[C@H](O)[C@H]6O)[C@H](O)[C@H]5O)[C@H](O)[C@H]4O)[C@H](O)[C@H]3O,CC(C)C(C(=O)O)N,cyclodextrin,3.210099935531616,OC[C@H]1O[C@@H]2O[C@H]3[C@H](O)[C@@H](O)[C@@H](O[C@H]4[C@H](O)[C@@H](O)[C@@H](O[C@H]5[C@H](O)[C@@H](O)[C@@H](O[C@H]6[C@H](O)[C@@H](O)[C@@H](O[C@H]7[C@H](O)[C@@H](O)[C@@H](O[C@H]1[C@H](O)[C@H]2O)O[C@@H]7CO)O[C@@H]6CO)O[C@@H]5CO)O[C@@H]4CO)O[C@@H]3CO,9CB41F926A4386D7C0E23599753E6EDC60802BE1DCF577DB9B32CBB20691DB1D,HOST_CAN_0175,PASS,CC(C)C(N)C(=O)O,EAAD6355EDB48BD09CF062EA5EAA7075212160A98BDA6E749F91F85D2319B476,GUEST_CAN_0126,PASS,AttentiveFP,4,host_cold,2,1.8727242946624756
848,3,573,OC[C@H]1O[C@@H]2O[C@@H]3[C@@H](CO)O[C@H](O[C@@H]4[C@@H](CO)O[C@H](O[C@@H]5[C@@H](CO)O[C@H](O[C@@H]6[C@@H](CO)O[C@H](O[C@@H]7[C@@H](CO)O[C@H](O[C@@H]8[C@@H](CO)O[C@H](O[C@H]1[C@H](O)[C@H]2O)[C@H](O)[C@H]8O)[C@H](O)[C@H]7O)[C@H](O)[C@H]6O)[C@H](O)[C@H]5O)[C@H](O)[C@H]4O)[C@H](O)[C@H]3O,OC1=CC=C(C=C1)C1=CC=C(C=C1)O,cyclodextrin,3.5153000354766846,OC[C@H]1O[C@@H]2O[C@H]3[C@H](O)[C@@H](O)[C@@H](O[C@H]4[C@H](O)[C@@H](O)[C@@H](O[C@H]5[C@H](O)[C@@H](O)[C@@H](O[C@H]6[C@H](O)[C@@H](O)[C@@H](O[C@H]7[C@H](O)[C@@H](O)[C@@H](O[C@H]8[C@H](O)[C@@H](O)[C@@H](O[C@H]1[C@H](O)[C@H]2O)O[C@@H]8CO)O[C@@H]7CO)O[C@@H]6CO)O[C@@H]5CO)O[C@@H]4CO)O[C@@H]3CO,22584443D9512992310760C9871E3E6BDB3EDC92006F3EF1EC94F44373907EB1,HOST_CAN_0176,PASS,Oc1ccc(-c2ccc(O)cc2)cc1,97B3F02FE25EEEB1D91D077FF1FED36DC8CA66F8CC9EA1612870658EBD8E7FE2,GUEST_CAN_0989,PASS,AttentiveFP,4,host_cold,2,2.5000009536743164
858,3,418,OC[C@H]1O[C@@H]2O[C@@H]3[C@@H](CO)O[C@H](O[C@@H]4[C@@H](CO)O[C@H](O[C@@H]5[C@@H](CO)O[C@H](O[C@@H]6[C@@H](CO)O[C@H](O[C@@H]7[C@@H](CO)O[C@H](O[C@@H]8[C@@H](CO)O[C@H](O[C@H]1[C@H](O)[C@H]2O)[C@H](O)[C@H]8O)[C@H](O)[C@H]7O)[C@H](O)[C@H]6O)[C@H](O)[C@H]5O)[C@H](O)[C@H]4O)[C@H](O)[C@H]3O,[CH]1[CH][CH][CH][CH]1.[CH]1[CH][CH][C]([CH]1)CO.[Fe],cyclodextrin,3.9874000549316406,OC[C@H]1O[C@@H]2O[C@H]3[C@H](O)[C@@H](O)[C@@H](O[C@H]4[C@H](O)[C@@H](O)[C@@H](O[C@H]5[C@H](O)[C@@H](O)[C@@H](O[C@H]6[C@H](O)[C@@H](O)[C@@H](O[C@H]7[C@H](O)[C@@H](O)[C@@H](O[C@H]8[C@H](O)[C@@H](O)[C@@H](O[C@H]1[C@H](O)[C@H]2O)O[C@@H]8CO)O[C@@H]7CO)O[C@@H]6CO)O[C@@H]5CO)O[C@@H]4CO)O[C@@H]3CO,22584443D9512992310760C9871E3E6BDB3EDC92006F3EF1EC94F44373907EB1,HOST_CAN_0176,PASS,OC[C]1[CH][CH][CH][CH]1.[CH]1[CH][CH][CH][CH]1.[Fe],598F58B7E73A7A8C503349E1FB5AEC855C474C9E6DEB14009D5A6FCA0DF34B7B,GUEST_CAN_0983,PASS,AttentiveFP,4,host_cold,2,2.9001216888427734
860,106,581,CCCOC1=C2CC3=CC(P(OC)(O[Li])=O)=CC(CC4=C(OCCC)C(CC5=C(OCCC)C(CC1=CC(P(OC)(O[Li])=O)=C2)=CC(P(OC)(O[Li])=O)=C5)=CC(P(OC)(O[Li])=O)=C4)=C3OCCC,CC(C(C1=CC=CC=C1)O)NC.Cl,calixarene,1.6532000303268433,[Li][O]P(=O)(OC)c1cc2c(OCCC)c(c1)Cc1cc(P(=O)([O][Li])OC)cc(c1OCCC)Cc1cc(P(=O)([O][Li])OC)cc(c1OCCC)Cc1cc(P(=O)([O][Li])OC)cc(c1OCCC)C2,7E35E77A746111D0F7C2AD48B4236AD5F23EBD686B02C0BEF4D3F0D97CE016F4,HOST_CAN_0180,PASS,CNC(C)C(O)c1ccccc1.Cl,D8615678964D3FE4EDA3B93E790EE8198756976629150E32922E603E5F5196BF,GUEST_CAN_0426,PASS,AttentiveFP,4,host_cold,2,1.6570870876312256
864,23,104,OC[C@H]1O[C@@H]2O[C@@H]3[C@@H](CO)O[C@H](O[C@@H]4[C@@H](CO)O[C@H](O[C@@H]5[C@@H](CO)O[C@H](O[C@@H]6[C@@H](CO)O[C@H](O[C@@H]7[C@@H](CO)O[C@H](O[C@H]1[C@H](O)[C@H]2O)[C@H](O)[C@H]7O)[C@H](O)[C@H]6O)[C@H](O)[C@H]5O)[C@H](O)[C@H]4O)[C@H](O)[C@H]3O,C1CC2CCC1N=N2,cyclodextrin,1.6990000009536743,OC[C@H]1O[C@@H]2O[C@H]3[C@H](O)[C@@H](O)[C@@H](O[C@H]4[C@H](O)[C@@H](O)[C@@H](O[C@H]5[C@H](O)[C@@H](O)[C@@H](O[C@H]6[C@H](O)[C@@H](O)[C@@H](O[C@H]7[C@H](O)[C@@H](O)[C@@H](O[C@H]1[C@H](O)[C@H]2O)O[C@@H]7CO)O[C@@H]6CO)O[C@@H]5CO)O[C@@H]4CO)O[C@@H]3CO,9CB41F926A4386D7C0E23599753E6EDC60802BE1DCF577DB9B32CBB20691DB1D,HOST_CAN_0175,PASS,C1CC2CCC1N=N2,28524F2C321EA80222CEAE7EE74FE527F854D218FD4782A52CD6A817541C8DDA,GUEST_CAN_0024,PASS,AttentiveFP,4,host_cold,2,2.0366129875183105
867,3,497,OC[C@H]1O[C@@H]2O[C@@H]3[C@@H](CO)O[C@H](O[C@@H]4[C@@H](CO)O[C@H](O[C@@H]5[C@@H](CO)O[C@H](O[C@@H]6[C@@H](CO)O[C@H](O[C@@H]7[C@@H](CO)O[C@H](O[C@@H]8[C@@H](CO)O[C@H](O[C@H]1[C@H](O)[C@H]2O)[C@H](O)[C@H]8O)[C@H](O)[C@H]7O)[C@H](O)[C@H]6O)[C@H](O)[C@H]5O)[C@H](O)[C@H]4O)[C@H](O)[C@H]3O,C1CC2CC1N=N2,cyclodextrin,2.381999969482422,OC[C@H]1O[C@@H]2O[C@H]3[C@H](O)[C@@H](O)[C@@H](O[C@H]4[C@H](O)[C@@H](O)[C@@H](O[C@H]5[C@H](O)[C@@H](O)[C@@H](O[C@H]6[C@H](O)[C@@H](O)[C@@H](O[C@H]7[C@H](O)[C@@H](O)[C@@H](O[C@H]8[C@H](O)[C@@H](O)[C@@H](O[C@H]1[C@H](O)[C@H]2O)O[C@@H]8CO)O[C@@H]7CO)O[C@@H]6CO)O[C@@H]5CO)O[C@@H]4CO)O[C@@H]3CO,22584443D9512992310760C9871E3E6BDB3EDC92006F3EF1EC94F44373907EB1,HOST_CAN_0176,PASS,C1CC2CC1N=N2,A2496E9CCE3928D5E2403BB21D4F1D008596E587754FBC1A3268F4A4C1D0C131,GUEST_CAN_0020,PASS,AttentiveFP,4,host_cold,2,1.8457701206207275
870,73,587,C1C2=CC(=CC(=C2O)CC3=CC(=CC(=C3O)CC4=CC(=CC(=C4O)CC5=C(C(=CC(=C5)S(=O)(=O)O)CC6=C(C1=CC(=C6)S(=O)(=O)O)O)O)S(=O)(=O)O)S(=O)(=O)O)S(=O)(=O)O,C[n+]1ccc(cc1)c1cc[n+](cc1)C.[I-].[I-],calixarene,3.740000009536743,O=S(=O)(O)c1cc2c(O)c(c1)Cc1cc(S(=O)(=O)O)cc(c1O)Cc1cc(S(=O)(=O)O)cc(c1O)Cc1cc(S(=O)(=O)O)cc(c1O)Cc1cc(S(=O)(=O)O)cc(c1O)C2,CE64A1CA71928E5DE79CF9633E11D44D0BC2C175AB3D980BF8052807605CA8CC,HOST_CAN_0155,PASS,C[n+]1ccc(-c2cc[n+](C)cc2)cc1.[I-].[I-],FCA491A8B5C9289D74A682B83E3A35C297EDED2C00F5851674CB19F5C3125200,GUEST_CAN_0624,PASS,AttentiveFP,4,host_cold,2,5.470054626464844
880,22,485,Oc1c2Sc3cc(cc(c3O)Sc3cc(cc(Sc4c(c(Sc1cc(c2)S(=O)(=O)O)cc(c4)S(=O)(=O)O)O)c3O)S(=O)(=O)O)S(=O)(=O)O,ClC1=NC(=CC=C1)Cl,calixarene,2.365499973297119,O=S(=O)(O)c1cc2c(O)c(c1)Sc1cc(S(=O)(=O)O)cc(c1O)Sc1cc(S(=O)(=O)O)cc(c1O)Sc1cc(S(=O)(=O)O)cc(c1O)S2,5FE888C1FB51BDA35D21231A31EDB8203ACD56DD9744D0C6B83351EC668D4256,HOST_CAN_0156,PASS,Clc1cccc(Cl)n1,F99C2DB8D2CBC7A67472F57ED1158EC152D2450250D4DCA428CFF0CFA33DB2A6,GUEST_CAN_0699,PASS,AttentiveFP,4,host_cold,2,3.0704970359802246
882,145,0,C(CSC[C@@H]1[C@@H]2[C@@H]([C@H]([C@H](O1)O[C@@H]3[C@H](O[C@@H]([C@@H]([C@H]3O)O)O[C@@H]4[C@H](O[C@@H]([C@@H]([C@H]4O)O)O[C@@H]5[C@H](O[C@@H]([C@@H]([C@H]5O)O)O[C@@H]6[C@H](O[C@@H]([C@@H]([C@H]6O)O)O[C@@H]7[C@H](O[C@@H]([C@@H]([C@H]7O)O)O[C@@H]8[C@H](O[C@@H]([C@@H]([C@H]8O)O)O[C@@H]9[C@H](O[C@H](O2)[C@@H]([C@H]9O)O)CSCCC(=O)O)CSCCC(=O)O)CSCCC(=O)O)CSCCC(=O)O)CSCCC(=O)O)CSCCC(=O)O)CSCCC(=O)O)O)O)C(=O)O,CC(=O)OC1C(CC2C1(CCC3C2CCC4C3(CC(C(C4)O)N5CCOCC5)C)C)[N+]6(CCCC6)CC=C,other,7.021200180053711,O=C(O)CCSC[C@H]1O[C@@H]2O[C@H]3[C@H](O)[C@@H](O)[C@@H](O[C@H]4[C@H](O)[C@@H](O)[C@@H](O[C@H]5[C@H](O)[C@@H](O)[C@@H](O[C@H]6[C@H](O)[C@@H](O)[C@@H](O[C@H]7[C@H](O)[C@@H](O)[C@@H](O[C@H]8[C@H](O)[C@@H](O)[C@@H](O[C@H]9[C@H](O)[C@@H](O)[C@@H](O[C@H]1[C@H](O)[C@H]2O)O[C@@H]9CSCCC(=O)O)O[C@@H]8CSCCC(=O)O)O[C@@H]7CSCCC(=O)O)O[C@@H]6CSCCC(=O)O)O[C@@H]5CSCCC(=O)O)O[C@@H]4CSCCC(=O)O)O[C@@H]3CSCCC(=O)O,3E5F575DFFAD4EA4512E960268F862B8F16F008C1BF789DF74E059AD95FD6DCA,HOST_CAN_0121,PASS,C=CC[N+]1(C2CC3C4CCC5CC(O)C(N6CCOCC6)CC5(C)C4CCC3(C)C2OC(C)=O)CCCC1,F52AB362BBB873748B76CEDA7907342EEA5F5D2F0774E854A83F5521AED8F3C6,GUEST_CAN_0053,PASS,AttentiveFP,4,host_cold,2,7.1425886154174805
885,3,597,OC[C@H]1O[C@@H]2O[C@@H]3[C@@H](CO)O[C@H](O[C@@H]4[C@@H](CO)O[C@H](O[C@@H]5[C@@H](CO)O[C@H](O[C@@H]6[C@@H](CO)O[C@H](O[C@@H]7[C@@H](CO)O[C@H](O[C@@H]8[C@@H](CO)O[C@H](O[C@H]1[C@H](O)[C@H]2O)[C@H](O)[C@H]8O)[C@H](O)[C@H]7O)[C@H](O)[C@H]6O)[C@H](O)[C@H]5O)[C@H](O)[C@H]4O)[C@H](O)[C@H]3O,CC1(C2CC1C(C(C2)O)(C)O)C,cyclodextrin,3.803499937057495,OC[C@H]1O[C@@H]2O[C@H]3[C@H](O)[C@@H](O)[C@@H](O[C@H]4[C@H](O)[C@@H](O)[C@@H](O[C@H]5[C@H](O)[C@@H](O)[C@@H](O[C@H]6[C@H](O)[C@@H](O)[C@@H](O[C@H]7[C@H](O)[C@@H](O)[C@@H](O[C@H]8[C@H](O)[C@@H](O)[C@@H](O[C@H]1[C@H](O)[C@H]2O)O[C@@H]8CO)O[C@@H]7CO)O[C@@H]6CO)O[C@@H]5CO)O[C@@H]4CO)O[C@@H]3CO,22584443D9512992310760C9871E3E6BDB3EDC92006F3EF1EC94F44373907EB1,HOST_CAN_0176,PASS,CC1(C)C2CC(O)C(C)(O)C1C2,282648BC7918009015B793E35AB95D54DF929FE66B51C8939C09BC59415459E8,GUEST_CAN_0203,PASS,AttentiveFP,4,host_cold,2,2.6418521404266357
886,65,181,O=C(COC1=C(CC2=CC(OCC(O)=O)=C(C3)C=C2OCC(O)=O)C=C(OCC(O)=O)C(CC4=C(OCC(O)=O)C=C(CC5=CC(OCC(O)=O)=C(CC6=C(OCC(O)=O)C=C3C(OCC(O)=O)=C6)C=C5OCC(O)=O)C(OCC(O)=O)=C4)=C1)O,C(CCC[NH3+])CC[NH3+].[Cl-].[Cl-],pillararene,7.3242998123168945,O=C(O)COc1cc2c(OCC(=O)O)cc1Cc1cc(OCC(=O)O)c(cc1OCC(=O)O)Cc1cc(OCC(=O)O)c(cc1OCC(=O)O)Cc1cc(OCC(=O)O)c(cc1OCC(=O)O)Cc1cc(OCC(=O)O)c(cc1OCC(=O)O)C2,D554EF58E2285AB1E087AF8FFC6B903FE8A63389351C9D80310C0632D55CFBCA,HOST_CAN_0132,PASS,[Cl-].[Cl-].[NH3+]CCCCCC[NH3+],C5972710ADEA5F593934762CCF65EB152DFF548B5145AFDEFD51BD47BE3931B7,GUEST_CAN_1029,PASS,AttentiveFP,4,host_cold,2,6.443988800048828
888,122,406,CC(C)(C)C1=CC(=C(C=C1)NC(=O)NC2=CC=C(C=C2)OC)C#CC3=CC(=CC(=C3)OC)C#CC4=C(C=CC(=C4)C(C)(C)C)NC(=O)NC5=CC=C(C=C5)OC,CCCC[N+](CCCC)(CCCC)CCCC.[Cl-],other,3.6749000549316406,COc1ccc(NC(=O)Nc2ccc(C(C)(C)C)cc2C#Cc2cc(C#Cc3cc(C(C)(C)C)ccc3NC(=O)Nc3ccc(OC)cc3)cc(OC)c2)cc1,D21F40FE6961DC5FE75A1A0699511BDB052F920FB1661CF34BFCAD5E05B4B593,HOST_CAN_0073,PASS,CCCC[N+](CCCC)(CCCC)CCCC.[Cl-],98322306CD8D2EE1FC0B30A96ADB07D77C4823F49CB80B37D40EC2A8BE6D6F00,GUEST_CAN_0317,PASS,AttentiveFP,4,host_cold,2,3.3277721405029297
891,57,11,O=S(OC1=C2C(C3C4=CC5=C(C=C4C2C3)C6C7=C(C5C6)C=CC=C7)=C(OS(=O)([O-])=O)C8=C1C9C%10=CC(C%11C(C=CC=C%12)=C%12C%13C%11)=C%13C=C%10C8C9)([O-])=O.[Na+].[Na+],NCCCC[C@@H](C(=O)N[C@H](C(=O)N[C@H](C(=O)N[C@H](C(=O)N[C@H](C(=O)O)Cc1ccccc1)Cc1ccccc1)C(C)C)CC(C)C)N,other,4.418300151824951,O=S(=O)([O-])Oc1c2c(c(OS(=O)(=O)[O-])c3c1C1CC3c3cc4c(cc31)C1CC4c3ccccc31)C1CC2c2cc3c(cc21)C1CC3c2ccccc21.[Na+].[Na+],5412FB52C8CBD58449E920A6B0055A7974AA5ED214A245A72F491F8E36BD048F,HOST_CAN_0161,PASS,CC(C)C[C@H](NC(=O)[C@@H](N)CCCCN)C(=O)N[C@H](C(=O)N[C@@H](Cc1ccccc1)C(=O)N[C@@H](Cc1ccccc1)C(=O)O)C(C)C,1C7F7284402D7FE8F2067941F54386C6E072CC91764900664D82A20246B86315,GUEST_CAN_0153,PASS,AttentiveFP,4,host_cold,2,3.76936674118042
899,106,604,CCCOC1=C2CC3=CC(P(OC)(O[Li])=O)=CC(CC4=C(OCCC)C(CC5=C(OCCC)C(CC1=CC(P(OC)(O[Li])=O)=C2)=CC(P(OC)(O[Li])=O)=C5)=CC(P(OC)(O[Li])=O)=C4)=C3OCCC,C1=CC=C(C=C1)CN.Cl,calixarene,1.0,[Li][O]P(=O)(OC)c1cc2c(OCCC)c(c1)Cc1cc(P(=O)([O][Li])OC)cc(c1OCCC)Cc1cc(P(=O)([O][Li])OC)cc(c1OCCC)Cc1cc(P(=O)([O][Li])OC)cc(c1OCCC)C2,7E35E77A746111D0F7C2AD48B4236AD5F23EBD686B02C0BEF4D3F0D97CE016F4,HOST_CAN_0180,PASS,Cl.NCc1ccccc1,940B23638656F8FE23E14ED8A0BBBA6E62D42F8FE7C323CF9C1D5C7983D012F0,GUEST_CAN_0694,PASS,AttentiveFP,4,host_cold,2,1.335892677307129
901,42,56,OC1=C(CC2=CC(S(=O)([O-])=O)=CC(CC(C=C3S(=O)([O-])=O)=C4OCC(N)=O)=C2O)C=C(S(=O)([O-])=O)C=C1CC5=CC(S(=O)([O-])=O)=CC(CC4=C3)=C5O,CCCC(C(=O)O)N,calixarene,2.4377999305725098,NC(=O)COc1c2cc(S(=O)(=O)[O-])cc1Cc1cc(S(=O)(=O)[O-])cc(c1O)Cc1cc(S(=O)(=O)[O-])cc(c1O)Cc1cc(S(=O)(=O)[O-])cc(c1O)C2,1F2BEDA02D00DC2C1A2D3A5BD5460849E045F21D3B673D4626094BA71BDA0464,HOST_CAN_0104,PASS,CCCC(N)C(=O)O,81F3215F9F46874A7436620E7AD92167936CF997FB3F203D4397A018C4B56861,GUEST_CAN_0268,PASS,AttentiveFP,4,host_cold,2,2.497741222381592
904,141,178,CC(C)(C)C1=CC2=C(C(=C1)CC3=CC(=CC(=C3OCC(=O)OC)CC4=CC(=CC(=C4OCC(=O)OC)CC5=C(C(=CC(=C5)C(C)(C)C)C2)OCC(=O)OC)C(C)(C)C)C(C)(C)C)OCC(=O)OC,C(CCN)CC(C(=O)O)N,calixarene,2.477099895477295,COC(=O)COc1c2cc(C(C)(C)C)cc1Cc1cc(C(C)(C)C)cc(c1OCC(=O)OC)Cc1cc(C(C)(C)C)cc(c1OCC(=O)OC)Cc1cc(C(C)(C)C)cc(c1OCC(=O)OC)C2,73B080974E03CCE5E7AF3A160529C27640F25944AB15DBB90917A7E7BD8278A2,HOST_CAN_0054,PASS,NCCCCC(N)C(=O)O,BD55DE8B1F18BBBA0B9FB86FA685E52B4743F1B75F837E0522E8C602B3191BA0,GUEST_CAN_0785,PASS,AttentiveFP,4,host_cold,2,1.3181822299957275
916,23,612,OC[C@H]1O[C@@H]2O[C@@H]3[C@@H](CO)O[C@H](O[C@@H]4[C@@H](CO)O[C@H](O[C@@H]5[C@@H](CO)O[C@H](O[C@@H]6[C@@H](CO)O[C@H](O[C@@H]7[C@@H](CO)O[C@H](O[C@H]1[C@H](O)[C@H]2O)[C@H](O)[C@H]7O)[C@H](O)[C@H]6O)[C@H](O)[C@H]5O)[C@H](O)[C@H]4O)[C@H](O)[C@H]3O,CCCC[NH2+]C,cyclodextrin,1.2354999780654907,OC[C@H]1O[C@@H]2O[C@H]3[C@H](O)[C@@H](O)[C@@H](O[C@H]4[C@H](O)[C@@H](O)[C@@H](O[C@H]5[C@H](O)[C@@H](O)[C@@H](O[C@H]6[C@H](O)[C@@H](O)[C@@H](O[C@H]7[C@H](O)[C@@H](O)[C@@H](O[C@H]1[C@H](O)[C@H]2O)O[C@@H]7CO)O[C@@H]6CO)O[C@@H]5CO)O[C@@H]4CO)O[C@@H]3CO,9CB41F926A4386D7C0E23599753E6EDC60802BE1DCF577DB9B32CBB20691DB1D,HOST_CAN_0175,PASS,CCCC[NH2+]C,5AA81CEB54BDA4D1E977A0A913E04FA565ED627F280DA92DA0E2607889847F36,GUEST_CAN_0319,PASS,AttentiveFP,4,host_cold,2,1.4845445156097412
919,3,615,OC[C@H]1O[C@@H]2O[C@@H]3[C@@H](CO)O[C@H](O[C@@H]4[C@@H](CO)O[C@H](O[C@@H]5[C@@H](CO)O[C@H](O[C@@H]6[C@@H](CO)O[C@H](O[C@@H]7[C@@H](CO)O[C@H](O[C@@H]8[C@@H](CO)O[C@H](O[C@H]1[C@H](O)[C@H]2O)[C@H](O)[C@H]8O)[C@H](O)[C@H]7O)[C@H](O)[C@H]6O)[C@H](O)[C@H]5O)[C@H](O)[C@H]4O)[C@H](O)[C@H]3O,CC1(C(CCC1(C)C(=O)O)C(=O)O)C,cyclodextrin,1.2788000106811523,OC[C@H]1O[C@@H]2O[C@H]3[C@H](O)[C@@H](O)[C@@H](O[C@H]4[C@H](O)[C@@H](O)[C@@H](O[C@H]5[C@H](O)[C@@H](O)[C@@H](O[C@H]6[C@H](O)[C@@H](O)[C@@H](O[C@H]7[C@H](O)[C@@H](O)[C@@H](O[C@H]8[C@H](O)[C@@H](O)[C@@H](O[C@H]1[C@H](O)[C@H]2O)O[C@@H]8CO)O[C@@H]7CO)O[C@@H]6CO)O[C@@H]5CO)O[C@@H]4CO)O[C@@H]3CO,22584443D9512992310760C9871E3E6BDB3EDC92006F3EF1EC94F44373907EB1,HOST_CAN_0176,PASS,CC1(C(=O)O)CCC(C(=O)O)C1(C)C,FF4EDD08A69627DF132B51BE3E7168A1A60581AD430DDDD338FF1C0ABFDEDF72,GUEST_CAN_0200,PASS,AttentiveFP,4,host_cold,2,1.8986589908599854
920,3,616,OC[C@H]1O[C@@H]2O[C@@H]3[C@@H](CO)O[C@H](O[C@@H]4[C@@H](CO)O[C@H](O[C@@H]5[C@@H](CO)O[C@H](O[C@@H]6[C@@H](CO)O[C@H](O[C@@H]7[C@@H](CO)O[C@H](O[C@@H]8[C@@H](CO)O[C@H](O[C@H]1[C@H](O)[C@H]2O)[C@H](O)[C@H]8O)[C@H](O)[C@H]7O)[C@H](O)[C@H]6O)[C@H](O)[C@H]5O)[C@H](O)[C@H]4O)[C@H](O)[C@H]3O,C[N+](=C1C=CC2=NC3=C(C=CC4=CC=CC=C43)OC2=C1)C.[Cl-],cyclodextrin,3.009500026702881,OC[C@H]1O[C@@H]2O[C@H]3[C@H](O)[C@@H](O)[C@@H](O[C@H]4[C@H](O)[C@@H](O)[C@@H](O[C@H]5[C@H](O)[C@@H](O)[C@@H](O[C@H]6[C@H](O)[C@@H](O)[C@@H](O[C@H]7[C@H](O)[C@@H](O)[C@@H](O[C@H]8[C@H](O)[C@@H](O)[C@@H](O[C@H]1[C@H](O)[C@H]2O)O[C@@H]8CO)O[C@@H]7CO)O[C@@H]6CO)O[C@@H]5CO)O[C@@H]4CO)O[C@@H]3CO,22584443D9512992310760C9871E3E6BDB3EDC92006F3EF1EC94F44373907EB1,HOST_CAN_0176,PASS,C[N+](C)=c1ccc2nc3c(ccc4ccccc43)oc-2c1.[Cl-],66C5D3C40E4039970FC3D621F55AB474BF8F6A1A59A96E87F74B789352E88C84,GUEST_CAN_0601,PASS,AttentiveFP,4,host_cold,2,3.2025022506713867
924,36,63,C1CCC2C(C1)OCCOCCOC3CCCCC3OCCOCCO2,[Rb+],crown_ether,1.5,C1CCC2OCCOCCOC3CCCCC3OCCOCCOC2C1,6324056DD7B8D486CDD96CAFC63AEDD5DD6528EA1F170F5E566BD0A62E2BF929,HOST_CAN_0001,PASS,[Rb+],A81E1030429F736D8E35EA84C21CDFC8BA21CABFAB462465BE82BDA25EAD58DF,GUEST_CAN_1109,PASS,AttentiveFP,4,host_cold,2,1.741999626159668
940,96,92,CN(c1ccc2c(c1)oc1-c(c2c2cc(ccc2C(=O)[O-])C(=O)NCCC(=O)N2Cc3ccccc3-c3c(-c4c2cccc4)nnn3CCCCC23N4CN5C(=O)N6C7C5N5CN2C(=O)N2C3(C)N(C4=O)CN3C4N(C2)C(=O)N2C4N(C3=O)CN3C4N(C2)C(=O)N2C4N(C3=O)CN3C4N(C2)C(=O)N2CN8C(=O)N9CN%10C(=O)N(CN7C5=O)C5N(C6)C(=O)N(C%105)CN5C(=O)N(C8C95)CN(C3=O)C42)ccc(=[N+](C)C)c1)C,C[N+]1=CC=C(C=C1)C2=CC=[N+](C=C2)C.[Cl-].[Cl-],cucurbituril,6.795899868011475,CN(C)c1ccc2c(-c3cc(C(=O)NCCC(=O)N4Cc5ccccc5-c5c(nnn5CCCCC56N7CN8C(=O)N9CN%10C(=O)N%11CN%12C(=O)N%13CN%14C(=O)N%15CN%16C(=O)N%17CN%18C(=O)N%19CN(C7=O)C5(C)N5CN7C(=O)N(CN%20C(=O)N(CN%21C(=O)N(CN%22C(=O)N(CN%23C(=O)N(CN%24C(=O)N(CN6C5=O)C8C9%24)C%10C%11%23)C%12C%13%22)C%14C%15%21)C%16C%17%20)C%18C%197)-c5ccccc54)ccc3C(=O)[O-])c3ccc(=[N+](C)C)cc-3oc2c1,BA91DFE914ACDAC9272FC53EE8A84DDD3481F62605296600026C4AF71543DB34,HOST_CAN_0050,PASS,C[n+]1ccc(-c2cc[n+](C)cc2)cc1.[Cl-].[Cl-],A34A59C172ABA48CFA54144DF49E70D56803B22DE394E6F3154C1D8F7DC6E5F1,GUEST_CAN_0623,PASS,AttentiveFP,4,host_cold,2,5.571883678436279
942,23,139,OC[C@H]1O[C@@H]2O[C@@H]3[C@@H](CO)O[C@H](O[C@@H]4[C@@H](CO)O[C@H](O[C@@H]5[C@@H](CO)O[C@H](O[C@@H]6[C@@H](CO)O[C@H](O[C@@H]7[C@@H](CO)O[C@H](O[C@H]1[C@H](O)[C@H]2O)[C@H](O)[C@H]7O)[C@H](O)[C@H]6O)[C@H](O)[C@H]5O)[C@H](O)[C@H]4O)[C@H](O)[C@H]3O,[O-][Re](=O)(=O)=O.[Na+],cyclodextrin,1.7518999576568604,OC[C@H]1O[C@@H]2O[C@H]3[C@H](O)[C@@H](O)[C@@H](O[C@H]4[C@H](O)[C@@H](O)[C@@H](O[C@H]5[C@H](O)[C@@H](O)[C@@H](O[C@H]6[C@H](O)[C@@H](O)[C@@H](O[C@H]7[C@H](O)[C@@H](O)[C@@H](O[C@H]1[C@H](O)[C@H]2O)O[C@@H]7CO)O[C@@H]6CO)O[C@@H]5CO)O[C@@H]4CO)O[C@@H]3CO,9CB41F926A4386D7C0E23599753E6EDC60802BE1DCF577DB9B32CBB20691DB1D,HOST_CAN_0175,PASS,[Na+].[O]=[Re](=[O])(=[O])[O-],AF42F34AEEF70F9C56B1206AC16DC33D9D7E4B4A26CD3297530031FB0691E687,GUEST_CAN_1102,PASS,AttentiveFP,4,host_cold,2,2.2240190505981445
949,3,628,OC[C@H]1O[C@@H]2O[C@@H]3[C@@H](CO)O[C@H](O[C@@H]4[C@@H](CO)O[C@H](O[C@@H]5[C@@H](CO)O[C@H](O[C@@H]6[C@@H](CO)O[C@H](O[C@@H]7[C@@H](CO)O[C@H](O[C@@H]8[C@@H](CO)O[C@H](O[C@H]1[C@H](O)[C@H]2O)[C@H](O)[C@H]8O)[C@H](O)[C@H]7O)[C@H](O)[C@H]6O)[C@H](O)[C@H]5O)[C@H](O)[C@H]4O)[C@H](O)[C@H]3O,CC(C(=O)OC)NC(=O)OC(C)(C)C,cyclodextrin,2.761899948120117,OC[C@H]1O[C@@H]2O[C@H]3[C@H](O)[C@@H](O)[C@@H](O[C@H]4[C@H](O)[C@@H](O)[C@@H](O[C@H]5[C@H](O)[C@@H](O)[C@@H](O[C@H]6[C@H](O)[C@@H](O)[C@@H](O[C@H]7[C@H](O)[C@@H](O)[C@@H](O[C@H]8[C@H](O)[C@@H](O)[C@@H](O[C@H]1[C@H](O)[C@H]2O)O[C@@H]8CO)O[C@@H]7CO)O[C@@H]6CO)O[C@@H]5CO)O[C@@H]4CO)O[C@@H]3CO,22584443D9512992310760C9871E3E6BDB3EDC92006F3EF1EC94F44373907EB1,HOST_CAN_0176,PASS,COC(=O)C(C)NC(=O)OC(C)(C)C,F48D03FFE68C03D11ED8BFFCD21DD8BB01245203603FC7AB5EE431C6CE389B36,GUEST_CAN_0435,PASS,AttentiveFP,4,host_cold,2,2.0368103981018066
951,3,629,OC[C@H]1O[C@@H]2O[C@@H]3[C@@H](CO)O[C@H](O[C@@H]4[C@@H](CO)O[C@H](O[C@@H]5[C@@H](CO)O[C@H](O[C@@H]6[C@@H](CO)O[C@H](O[C@@H]7[C@@H](CO)O[C@H](O[C@@H]8[C@@H](CO)O[C@H](O[C@H]1[C@H](O)[C@H]2O)[C@H](O)[C@H]8O)[C@H](O)[C@H]7O)[C@H](O)[C@H]6O)[C@H](O)[C@H]5O)[C@H](O)[C@H]4O)[C@H](O)[C@H]3O,CC(CC(=O)O)C1=CC=CC=C1,cyclodextrin,2.633500099182129,OC[C@H]1O[C@@H]2O[C@H]3[C@H](O)[C@@H](O)[C@@H](O[C@H]4[C@H](O)[C@@H](O)[C@@H](O[C@H]5[C@H](O)[C@@H](O)[C@@H](O[C@H]6[C@H](O)[C@@H](O)[C@@H](O[C@H]7[C@H](O)[C@@H](O)[C@@H](O[C@H]8[C@H](O)[C@@H](O)[C@@H](O[C@H]1[C@H](O)[C@H]2O)O[C@@H]8CO)O[C@@H]7CO)O[C@@H]6CO)O[C@@H]5CO)O[C@@H]4CO)O[C@@H]3CO,22584443D9512992310760C9871E3E6BDB3EDC92006F3EF1EC94F44373907EB1,HOST_CAN_0176,PASS,CC(CC(=O)O)c1ccccc1,84936731DA143DFB043472F928EEF57FAD120A18E9FC66C78D8B6AFF4F836B2B,GUEST_CAN_0166,PASS,AttentiveFP,4,host_cold,2,2.157458782196045
961,18,281,CC1=C2C3=CC4=C1OC5C6=CC7=CC(=C6)OC8=CC(=CC(=C8)C(=O)O)OC9=CC1=CC(=C9)C6OC8=C(C=C(C4CCC(=O)O)C(=C8C)O5)C(C4=C(O6)C(=C5C(=C4)C(C4=C6C(=C(C(=C4)C3CCC(=O)O)OC(O2)C2=CC(=CC(=C2)OC2=CC(=CC(=C2)C(=O)O)OC2=CC(=CC(=C2)C(O5)O6)OC2=CC(=CC(=C2)C(=O)O)O1)OC1=CC(=CC(=C1)C(=O)O)O7)C)CCC(=O)O)C)CCC(=O)O,C1CCC(C1)CC(=O)O,cavitand,4.344600200653076,Cc1c2c3cc4c1OC1Oc5c(cc6c(c5C)OC5Oc7c(cc8c(c7C)OC7Oc9c(cc(c(c9C)OC(O2)c2cc9cc(c2)Oc2cc(cc(C(=O)O)c2)Oc2cc(cc7c2)Oc2cc(cc(C(=O)O)c2)Oc2cc(cc5c2)Oc2cc(cc(C(=O)O)c2)Oc2cc(cc1c2)Oc1cc(cc(C(=O)O)c1)O9)C3CCC(=O)O)C8CCC(=O)O)C6CCC(=O)O)C4CCC(=O)O,326FFD4B5C5565D32207155C0B129AE16AFCA7B3342F0DAD815C24AB8DFA8483,HOST_CAN_0099,PASS,O=C(O)CC1CCCC1,B26B5C1A414F0F248B420D703FE03E508390EEBAF5F9AB5DAA4D5EC46659AD77,GUEST_CAN_0871,PASS,AttentiveFP,4,host_cold,2,3.96201229095459
983,96,355,CN(c1ccc2c(c1)oc1-c(c2c2cc(ccc2C(=O)[O-])C(=O)NCCC(=O)N2Cc3ccccc3-c3c(-c4c2cccc4)nnn3CCCCC23N4CN5C(=O)N6C7C5N5CN2C(=O)N2C3(C)N(C4=O)CN3C4N(C2)C(=O)N2C4N(C3=O)CN3C4N(C2)C(=O)N2C4N(C3=O)CN3C4N(C2)C(=O)N2CN8C(=O)N9CN%10C(=O)N(CN7C5=O)C5N(C6)C(=O)N(C%105)CN5C(=O)N(C8C95)CN(C3=O)C42)ccc(=[N+](C)C)c1)C,C1=CC(=CC=C1CN)CN,cucurbituril,9.1875,CN(C)c1ccc2c(-c3cc(C(=O)NCCC(=O)N4Cc5ccccc5-c5c(nnn5CCCCC56N7CN8C(=O)N9CN%10C(=O)N%11CN%12C(=O)N%13CN%14C(=O)N%15CN%16C(=O)N%17CN%18C(=O)N%19CN(C7=O)C5(C)N5CN7C(=O)N(CN%20C(=O)N(CN%21C(=O)N(CN%22C(=O)N(CN%23C(=O)N(CN%24C(=O)N(CN6C5=O)C8C9%24)C%10C%11%23)C%12C%13%22)C%14C%15%21)C%16C%17%20)C%18C%197)-c5ccccc54)ccc3C(=O)[O-])c3ccc(=[N+](C)C)cc-3oc2c1,BA91DFE914ACDAC9272FC53EE8A84DDD3481F62605296600026C4AF71543DB34,HOST_CAN_0050,PASS,NCc1ccc(CN)cc1,3F30878E4213484D728F1066ED839CC95365FF1547F675ABA32D3249E5811CA9,GUEST_CAN_0813,PASS,AttentiveFP,4,host_cold,2,5.094209671020508
987,42,18,OC1=C(CC2=CC(S(=O)([O-])=O)=CC(CC(C=C3S(=O)([O-])=O)=C4OCC(N)=O)=C2O)C=C(S(=O)([O-])=O)C=C1CC5=CC(S(=O)([O-])=O)=CC(CC4=C3)=C5O,OC(=O)C(Cc1c[nH]c2c1cccc2)N,calixarene,2.3243000507354736,NC(=O)COc1c2cc(S(=O)(=O)[O-])cc1Cc1cc(S(=O)(=O)[O-])cc(c1O)Cc1cc(S(=O)(=O)[O-])cc(c1O)Cc1cc(S(=O)(=O)[O-])cc(c1O)C2,1F2BEDA02D00DC2C1A2D3A5BD5460849E045F21D3B673D4626094BA71BDA0464,HOST_CAN_0104,PASS,NC(Cc1c[nH]c2ccccc12)C(=O)O,640E1867764F94CAFE2D991B23E1B000681C8619E07309C47EB26888B7938B6E,GUEST_CAN_0740,PASS,AttentiveFP,4,host_cold,2,2.6301403045654297
988,3,250,OC[C@H]1O[C@@H]2O[C@@H]3[C@@H](CO)O[C@H](O[C@@H]4[C@@H](CO)O[C@H](O[C@@H]5[C@@H](CO)O[C@H](O[C@@H]6[C@@H](CO)O[C@H](O[C@@H]7[C@@H](CO)O[C@H](O[C@@H]8[C@@H](CO)O[C@H](O[C@H]1[C@H](O)[C@H]2O)[C@H](O)[C@H]8O)[C@H](O)[C@H]7O)[C@H](O)[C@H]6O)[C@H](O)[C@H]5O)[C@H](O)[C@H]4O)[C@H](O)[C@H]3O,C1=CC(=CC=C1C2=CC3=C(N2)C=C(C=C3)C(=[NH2+])N)C(=[NH2+])N,cyclodextrin,2.1138999462127686,OC[C@H]1O[C@@H]2O[C@H]3[C@H](O)[C@@H](O)[C@@H](O[C@H]4[C@H](O)[C@@H](O)[C@@H](O[C@H]5[C@H](O)[C@@H](O)[C@@H](O[C@H]6[C@H](O)[C@@H](O)[C@@H](O[C@H]7[C@H](O)[C@@H](O)[C@@H](O[C@H]8[C@H](O)[C@@H](O)[C@@H](O[C@H]1[C@H](O)[C@H]2O)O[C@@H]8CO)O[C@@H]7CO)O[C@@H]6CO)O[C@@H]5CO)O[C@@H]4CO)O[C@@H]3CO,22584443D9512992310760C9871E3E6BDB3EDC92006F3EF1EC94F44373907EB1,HOST_CAN_0176,PASS,NC(=[NH2+])c1ccc(-c2cc3ccc(C(N)=[NH2+])cc3[nH]2)cc1,CEEB6EEFB04D0B8CA13A0AE7419DA74A65BBB334871B9622AAFDF76333649B11,GUEST_CAN_0727,PASS,AttentiveFP,4,host_cold,2,2.804777145385742
997,18,444,CC1=C2C3=CC4=C1OC5C6=CC7=CC(=C6)OC8=CC(=CC(=C8)C(=O)O)OC9=CC1=CC(=C9)C6OC8=C(C=C(C4CCC(=O)O)C(=C8C)O5)C(C4=C(O6)C(=C5C(=C4)C(C4=C6C(=C(C(=C4)C3CCC(=O)O)OC(O2)C2=CC(=CC(=C2)OC2=CC(=CC(=C2)C(=O)O)OC2=CC(=CC(=C2)C(O5)O6)OC2=CC(=CC(=C2)C(=O)O)O1)OC1=CC(=CC(=C1)C(=O)O)O7)C)CCC(=O)O)C)CCC(=O)O,C(\C=C\CCC)(=O)O,cavitand,4.380199909210205,Cc1c2c3cc4c1OC1Oc5c(cc6c(c5C)OC5Oc7c(cc8c(c7C)OC7Oc9c(cc(c(c9C)OC(O2)c2cc9cc(c2)Oc2cc(cc(C(=O)O)c2)Oc2cc(cc7c2)Oc2cc(cc(C(=O)O)c2)Oc2cc(cc5c2)Oc2cc(cc(C(=O)O)c2)Oc2cc(cc1c2)Oc1cc(cc(C(=O)O)c1)O9)C3CCC(=O)O)C8CCC(=O)O)C6CCC(=O)O)C4CCC(=O)O,326FFD4B5C5565D32207155C0B129AE16AFCA7B3342F0DAD815C24AB8DFA8483,HOST_CAN_0099,PASS,CCC/C=C/C(=O)O,174795B24B4C82E48B9F383BCDC2FE2225FA3FA7376372DB291624AE5C5CDAD0,GUEST_CAN_0261,PASS,AttentiveFP,4,host_cold,2,3.6015100479125977
1003,42,523,OC1=C(CC2=CC(S(=O)([O-])=O)=CC(CC(C=C3S(=O)([O-])=O)=C4OCC(N)=O)=C2O)C=C(S(=O)([O-])=O)C=C1CC5=CC(S(=O)([O-])=O)=CC(CC4=C3)=C5O,C(C(=O)O)N,calixarene,1.4771000146865845,NC(=O)COc1c2cc(S(=O)(=O)[O-])cc1Cc1cc(S(=O)(=O)[O-])cc(c1O)Cc1cc(S(=O)(=O)[O-])cc(c1O)Cc1cc(S(=O)(=O)[O-])cc(c1O)C2,1F2BEDA02D00DC2C1A2D3A5BD5460849E045F21D3B673D4626094BA71BDA0464,HOST_CAN_0104,PASS,NCC(=O)O,30FE3809EFBE5F6B082D9B94D27A0C7C9ECD1364A816D59C3D31CE32BCDF848E,GUEST_CAN_0774,PASS,AttentiveFP,4,host_cold,2,2.0206477642059326
1005,73,451,C1C2=CC(=CC(=C2O)CC3=CC(=CC(=C3O)CC4=CC(=CC(=C4O)CC5=C(C(=CC(=C5)S(=O)(=O)O)CC6=C(C1=CC(=C6)S(=O)(=O)O)O)O)S(=O)(=O)O)S(=O)(=O)O)S(=O)(=O)O,O=C1N(CCC[N+](C)(C)C)C(=O)c2c3c1ccc1c3c(cc2)c2c3c1ccc1c3c(cc2)C(=O)N(C1=O)CCC[N+](C)(C)C,calixarene,6.770899772644043,O=S(=O)(O)c1cc2c(O)c(c1)Cc1cc(S(=O)(=O)O)cc(c1O)Cc1cc(S(=O)(=O)O)cc(c1O)Cc1cc(S(=O)(=O)O)cc(c1O)Cc1cc(S(=O)(=O)O)cc(c1O)C2,CE64A1CA71928E5DE79CF9633E11D44D0BC2C175AB3D980BF8052807605CA8CC,HOST_CAN_0155,PASS,C[N+](C)(C)CCCN1C(=O)c2ccc3c4ccc5c6c(ccc(c7ccc(c2c37)C1=O)c64)C(=O)N(CCC[N+](C)(C)C)C5=O,8F2080E3EBEA6EE55418A96B9930D88E335BEA4D244F94717C63193B9D69F4AF,GUEST_CAN_0567,PASS,AttentiveFP,4,host_cold,2,5.224466800689697
1009,3,660,OC[C@H]1O[C@@H]2O[C@@H]3[C@@H](CO)O[C@H](O[C@@H]4[C@@H](CO)O[C@H](O[C@@H]5[C@@H](CO)O[C@H](O[C@@H]6[C@@H](CO)O[C@H](O[C@@H]7[C@@H](CO)O[C@H](O[C@@H]8[C@@H](CO)O[C@H](O[C@H]1[C@H](O)[C@H]2O)[C@H](O)[C@H]8O)[C@H](O)[C@H]7O)[C@H](O)[C@H]6O)[C@H](O)[C@H]5O)[C@H](O)[C@H]4O)[C@H](O)[C@H]3O,Nc1ccc(cc1)N=Nc1ccccc1,cyclodextrin,2.6637001037597656,OC[C@H]1O[C@@H]2O[C@H]3[C@H](O)[C@@H](O)[C@@H](O[C@H]4[C@H](O)[C@@H](O)[C@@H](O[C@H]5[C@H](O)[C@@H](O)[C@@H](O[C@H]6[C@H](O)[C@@H](O)[C@@H](O[C@H]7[C@H](O)[C@@H](O)[C@@H](O[C@H]8[C@H](O)[C@@H](O)[C@@H](O[C@H]1[C@H](O)[C@H]2O)O[C@@H]8CO)O[C@@H]7CO)O[C@@H]6CO)O[C@@H]5CO)O[C@@H]4CO)O[C@@H]3CO,22584443D9512992310760C9871E3E6BDB3EDC92006F3EF1EC94F44373907EB1,HOST_CAN_0176,PASS,Nc1ccc(N=Nc2ccccc2)cc1,758B8F886695362E3148DEDEC0BB55611DB0A0A2A53DAD1F9F03B40EC6809100,GUEST_CAN_0829,PASS,AttentiveFP,4,host_cold,2,2.483071804046631
1021,23,103,OC[C@H]1O[C@@H]2O[C@@H]3[C@@H](CO)O[C@H](O[C@@H]4[C@@H](CO)O[C@H](O[C@@H]5[C@@H](CO)O[C@H](O[C@@H]6[C@@H](CO)O[C@H](O[C@@H]7[C@@H](CO)O[C@H](O[C@H]1[C@H](O)[C@H]2O)[C@H](O)[C@H]7O)[C@H](O)[C@H]6O)[C@H](O)[C@H]5O)[C@H](O)[C@H]4O)[C@H](O)[C@H]3O,CN(C)C1=CC=C(C=C1)C#N,cyclodextrin,2.7160000801086426,OC[C@H]1O[C@@H]2O[C@H]3[C@H](O)[C@@H](O)[C@@H](O[C@H]4[C@H](O)[C@@H](O)[C@@H](O[C@H]5[C@H](O)[C@@H](O)[C@@H](O[C@H]6[C@H](O)[C@@H](O)[C@@H](O[C@H]7[C@H](O)[C@@H](O)[C@@H](O[C@H]1[C@H](O)[C@H]2O)O[C@@H]7CO)O[C@@H]6CO)O[C@@H]5CO)O[C@@H]4CO)O[C@@H]3CO,9CB41F926A4386D7C0E23599753E6EDC60802BE1DCF577DB9B32CBB20691DB1D,HOST_CAN_0175,PASS,CN(C)c1ccc(C#N)cc1,F00B3B125A779B4E82547A15D344BF9EF0EFBEFED97B1235AF377FD0C1A186BB,GUEST_CAN_0403,PASS,AttentiveFP,4,host_cold,2,2.1523349285125732
1023,73,92,C1C2=CC(=CC(=C2O)CC3=CC(=CC(=C3O)CC4=CC(=CC(=C4O)CC5=C(C(=CC(=C5)S(=O)(=O)O)CC6=C(C1=CC(=C6)S(=O)(=O)O)O)O)S(=O)(=O)O)S(=O)(=O)O)S(=O)(=O)O,C[N+]1=CC=C(C=C1)C2=CC=[N+](C=C2)C.[Cl-].[Cl-],calixarene,5.399700164794922,O=S(=O)(O)c1cc2c(O)c(c1)Cc1cc(S(=O)(=O)O)cc(c1O)Cc1cc(S(=O)(=O)O)cc(c1O)Cc1cc(S(=O)(=O)O)cc(c1O)Cc1cc(S(=O)(=O)O)cc(c1O)C2,CE64A1CA71928E5DE79CF9633E11D44D0BC2C175AB3D980BF8052807605CA8CC,HOST_CAN_0155,PASS,C[n+]1ccc(-c2cc[n+](C)cc2)cc1.[Cl-].[Cl-],A34A59C172ABA48CFA54144DF49E70D56803B22DE394E6F3154C1D8F7DC6E5F1,GUEST_CAN_0623,PASS,AttentiveFP,4,host_cold,2,5.316044807434082
1024,23,666,OC[C@H]1O[C@@H]2O[C@@H]3[C@@H](CO)O[C@H](O[C@@H]4[C@@H](CO)O[C@H](O[C@@H]5[C@@H](CO)O[C@H](O[C@@H]6[C@@H](CO)O[C@H](O[C@@H]7[C@@H](CO)O[C@H](O[C@H]1[C@H](O)[C@H]2O)[C@H](O)[C@H]7O)[C@H](O)[C@H]6O)[C@H](O)[C@H]5O)[C@H](O)[C@H]4O)[C@H](O)[C@H]3O,CCOCCCN,cyclodextrin,0.9031000137329102,OC[C@H]1O[C@@H]2O[C@H]3[C@H](O)[C@@H](O)[C@@H](O[C@H]4[C@H](O)[C@@H](O)[C@@H](O[C@H]5[C@H](O)[C@@H](O)[C@@H](O[C@H]6[C@H](O)[C@@H](O)[C@@H](O[C@H]7[C@H](O)[C@@H](O)[C@@H](O[C@H]1[C@H](O)[C@H]2O)O[C@@H]7CO)O[C@@H]6CO)O[C@@H]5CO)O[C@@H]4CO)O[C@@H]3CO,9CB41F926A4386D7C0E23599753E6EDC60802BE1DCF577DB9B32CBB20691DB1D,HOST_CAN_0175,PASS,CCOCCCN,27E23373C0D67AA28785544806A0B4BD22858D52FACF2B2A380476EADB9D0677,GUEST_CAN_0366,PASS,AttentiveFP,4,host_cold,2,1.6696457862854004
1029,151,88,C(C(=O)O)N(CC(=O)O)C1C(=O)NC(=O)NC1=O,[Ca+2],other,8.309599876403809,O=C(O)CN(CC(=O)O)C1C(=O)NC(=O)NC1=O,A79CF0157A796F0CD50BB6A621709E83B2F5701A5982B3FC05B4D244283FD579,HOST_CAN_0122,PASS,[Ca+2],561732356B8592F747BA6C15EFCD099F7FAD62C4ABEDA9A81D86C4D38151E987,GUEST_CAN_1020,PASS,AttentiveFP,4,host_cold,2,9.398712158203125
1031,3,669,OC[C@H]1O[C@@H]2O[C@@H]3[C@@H](CO)O[C@H](O[C@@H]4[C@@H](CO)O[C@H](O[C@@H]5[C@@H](CO)O[C@H](O[C@@H]6[C@@H](CO)O[C@H](O[C@@H]7[C@@H](CO)O[C@H](O[C@@H]8[C@@H](CO)O[C@H](O[C@H]1[C@H](O)[C@H]2O)[C@H](O)[C@H]8O)[C@H](O)[C@H]7O)[C@H](O)[C@H]6O)[C@H](O)[C@H]5O)[C@H](O)[C@H]4O)[C@H](O)[C@H]3O,C1=CC=C(C=C1)C(C(C2=CC=CC=C2)O)N,cyclodextrin,1.7344000339508057,OC[C@H]1O[C@@H]2O[C@H]3[C@H](O)[C@@H](O)[C@@H](O[C@H]4[C@H](O)[C@@H](O)[C@@H](O[C@H]5[C@H](O)[C@@H](O)[C@@H](O[C@H]6[C@H](O)[C@@H](O)[C@@H](O[C@H]7[C@H](O)[C@@H](O)[C@@H](O[C@H]8[C@H](O)[C@@H](O)[C@@H](O[C@H]1[C@H](O)[C@H]2O)O[C@@H]8CO)O[C@@H]7CO)O[C@@H]6CO)O[C@@H]5CO)O[C@@H]4CO)O[C@@H]3CO,22584443D9512992310760C9871E3E6BDB3EDC92006F3EF1EC94F44373907EB1,HOST_CAN_0176,PASS,NC(c1ccccc1)C(O)c1ccccc1,48146EB22B8066232453553D2479C9BB2685DF28F6646A76A6C1F4434CD76114,GUEST_CAN_0755,PASS,AttentiveFP,4,host_cold,2,2.613856315612793
1034,31,37,[Li+].[Li+].COP(OC)(=O)CC1=CC(=CC(=C1)NC(CCCNCC1=C(C=CC=C1)B(O)O)=O)CP([O-])([O-])=O,C1=CC(=C(C=C1C(CN)O)O)O,other,2.3996999263763428,COP(=O)(Cc1cc(CP(=O)([O-])[O-])cc(NC(=O)CCCNCc2ccccc2B(O)O)c1)OC.[Li+].[Li+],7C21E70373346443530CC627F376BB4B733535AF04E79A7E4ACEFF4D5857B371,HOST_CAN_0066,PASS,NCC(O)c1ccc(O)c(O)c1,7F5D32A02DE5511E772E8422081F82EE16925B55633A6CB4BB4E730CF1565495,GUEST_CAN_0775,PASS,AttentiveFP,4,host_cold,2,2.639047145843506
1035,3,41,OC[C@H]1O[C@@H]2O[C@@H]3[C@@H](CO)O[C@H](O[C@@H]4[C@@H](CO)O[C@H](O[C@@H]5[C@@H](CO)O[C@H](O[C@@H]6[C@@H](CO)O[C@H](O[C@@H]7[C@@H](CO)O[C@H](O[C@@H]8[C@@H](CO)O[C@H](O[C@H]1[C@H](O)[C@H]2O)[C@H](O)[C@H]8O)[C@H](O)[C@H]7O)[C@H](O)[C@H]6O)[C@H](O)[C@H]5O)[C@H](O)[C@H]4O)[C@H](O)[C@H]3O,CN(C)CCCN1C2=CC=CC=C2SC3=C1C=C(C=C3)Cl.Cl,cyclodextrin,4.0005998611450195,OC[C@H]1O[C@@H]2O[C@H]3[C@H](O)[C@@H](O)[C@@H](O[C@H]4[C@H](O)[C@@H](O)[C@@H](O[C@H]5[C@H](O)[C@@H](O)[C@@H](O[C@H]6[C@H](O)[C@@H](O)[C@@H](O[C@H]7[C@H](O)[C@@H](O)[C@@H](O[C@H]8[C@H](O)[C@@H](O)[C@@H](O[C@H]1[C@H](O)[C@H]2O)O[C@@H]8CO)O[C@@H]7CO)O[C@@H]6CO)O[C@@H]5CO)O[C@@H]4CO)O[C@@H]3CO,22584443D9512992310760C9871E3E6BDB3EDC92006F3EF1EC94F44373907EB1,HOST_CAN_0176,PASS,CN(C)CCCN1c2ccccc2Sc2ccc(Cl)cc21.Cl,466A3D6B822D7F79D66131DFC64FF94C31CFB6206848BB51233FE4F97133C881,GUEST_CAN_0396,PASS,AttentiveFP,4,host_cold,2,2.5601606369018555
1039,43,201,C1COCCN2CCOCCN1CCOCCOCC2,[Li+],other,5.49970006942749,C1COCCN2CCOCCN(CCO1)CCOCC2,98A94C64ADA3B0E00FCE78FE7388B30022CC2F26C8BCF54DDABD5207E5AA7E8C,HOST_CAN_0002,PASS,[Li+],A7557B375892DC7E581DDC6CA9773574F95B6514113F07A19BDE6059504332FE,GUEST_CAN_1071,PASS,AttentiveFP,4,host_cold,2,2.849478244781494
1044,3,91,OC[C@H]1O[C@@H]2O[C@@H]3[C@@H](CO)O[C@H](O[C@@H]4[C@@H](CO)O[C@H](O[C@@H]5[C@@H](CO)O[C@H](O[C@@H]6[C@@H](CO)O[C@H](O[C@@H]7[C@@H](CO)O[C@H](O[C@@H]8[C@@H](CO)O[C@H](O[C@H]1[C@H](O)[C@H]2O)[C@H](O)[C@H]8O)[C@H](O)[C@H]7O)[C@H](O)[C@H]6O)[C@H](O)[C@H]5O)[C@H](O)[C@H]4O)[C@H](O)[C@H]3O,C1C2CC3CC1CC(C2)(C3)N,cyclodextrin,3.9867000579833984,OC[C@H]1O[C@@H]2O[C@H]3[C@H](O)[C@@H](O)[C@@H](O[C@H]4[C@H](O)[C@@H](O)[C@@H](O[C@H]5[C@H](O)[C@@H](O)[C@@H](O[C@H]6[C@H](O)[C@@H](O)[C@@H](O[C@H]7[C@H](O)[C@@H](O)[C@@H](O[C@H]8[C@H](O)[C@@H](O)[C@@H](O[C@H]1[C@H](O)[C@H]2O)O[C@@H]8CO)O[C@@H]7CO)O[C@@H]6CO)O[C@@H]5CO)O[C@@H]4CO)O[C@@H]3CO,22584443D9512992310760C9871E3E6BDB3EDC92006F3EF1EC94F44373907EB1,HOST_CAN_0176,PASS,NC12CC3CC(CC(C3)C1)C2,7A4D9C210824DA5713052FE54C9632224B5FB38B7401F407AC7A5312E48B504D,GUEST_CAN_0758,PASS,AttentiveFP,4,host_cold,2,1.5414490699768066
1051,3,677,OC[C@H]1O[C@@H]2O[C@@H]3[C@@H](CO)O[C@H](O[C@@H]4[C@@H](CO)O[C@H](O[C@@H]5[C@@H](CO)O[C@H](O[C@@H]6[C@@H](CO)O[C@H](O[C@@H]7[C@@H](CO)O[C@H](O[C@@H]8[C@@H](CO)O[C@H](O[C@H]1[C@H](O)[C@H]2O)[C@H](O)[C@H]8O)[C@H](O)[C@H]7O)[C@H](O)[C@H]6O)[C@H](O)[C@H]5O)[C@H](O)[C@H]4O)[C@H](O)[C@H]3O,COC(=O)C(CC1=CC=CC=C1)N.Cl,cyclodextrin,1.079200029373169,OC[C@H]1O[C@@H]2O[C@H]3[C@H](O)[C@@H](O)[C@@H](O[C@H]4[C@H](O)[C@@H](O)[C@@H](O[C@H]5[C@H](O)[C@@H](O)[C@@H](O[C@H]6[C@H](O)[C@@H](O)[C@@H](O[C@H]7[C@H](O)[C@@H](O)[C@@H](O[C@H]8[C@H](O)[C@@H](O)[C@@H](O[C@H]1[C@H](O)[C@H]2O)O[C@@H]8CO)O[C@@H]7CO)O[C@@H]6CO)O[C@@H]5CO)O[C@@H]4CO)O[C@@H]3CO,22584443D9512992310760C9871E3E6BDB3EDC92006F3EF1EC94F44373907EB1,HOST_CAN_0176,PASS,COC(=O)C(N)Cc1ccccc1.Cl,5B454B834096BEA4462AF0D7BC5F9A29834DF09F8A7C6253461317B88450D71A,GUEST_CAN_0443,PASS,AttentiveFP,4,host_cold,2,1.9665086269378662
1052,23,678,OC[C@H]1O[C@@H]2O[C@@H]3[C@@H](CO)O[C@H](O[C@@H]4[C@@H](CO)O[C@H](O[C@@H]5[C@@H](CO)O[C@H](O[C@@H]6[C@@H](CO)O[C@H](O[C@@H]7[C@@H](CO)O[C@H](O[C@H]1[C@H](O)[C@H]2O)[C@H](O)[C@H]7O)[C@H](O)[C@H]6O)[C@H](O)[C@H]5O)[C@H](O)[C@H]4O)[C@H](O)[C@H]3O,CCN(CC)C1=CC=C(C=C1)C#N,cyclodextrin,2.4914000034332275,OC[C@H]1O[C@@H]2O[C@H]3[C@H](O)[C@@H](O)[C@@H](O[C@H]4[C@H](O)[C@@H](O)[C@@H](O[C@H]5[C@H](O)[C@@H](O)[C@@H](O[C@H]6[C@H](O)[C@@H](O)[C@@H](O[C@H]7[C@H](O)[C@@H](O)[C@@H](O[C@H]1[C@H](O)[C@H]2O)O[C@@H]7CO)O[C@@H]6CO)O[C@@H]5CO)O[C@@H]4CO)O[C@@H]3CO,9CB41F926A4386D7C0E23599753E6EDC60802BE1DCF577DB9B32CBB20691DB1D,HOST_CAN_0175,PASS,CCN(CC)c1ccc(C#N)cc1,20F337AB9691F4807A66F5F70F5D461212BAE2D962EC7D7D6D5325ED209B2AB5,GUEST_CAN_0344,PASS,AttentiveFP,4,host_cold,2,1.9279820919036865
1056,23,500,OC[C@H]1O[C@@H]2O[C@@H]3[C@@H](CO)O[C@H](O[C@@H]4[C@@H](CO)O[C@H](O[C@@H]5[C@@H](CO)O[C@H](O[C@@H]6[C@@H](CO)O[C@H](O[C@@H]7[C@@H](CO)O[C@H](O[C@H]1[C@H](O)[C@H]2O)[C@H](O)[C@H]7O)[C@H](O)[C@H]6O)[C@H](O)[C@H]5O)[C@H](O)[C@H]4O)[C@H](O)[C@H]3O,C1(CCCCC1)C1(CCCCC1)C(=O)OCCN(CC)CC,cyclodextrin,2.447200059890747,OC[C@H]1O[C@@H]2O[C@H]3[C@H](O)[C@@H](O)[C@@H](O[C@H]4[C@H](O)[C@@H](O)[C@@H](O[C@H]5[C@H](O)[C@@H](O)[C@@H](O[C@H]6[C@H](O)[C@@H](O)[C@@H](O[C@H]7[C@H](O)[C@@H](O)[C@@H](O[C@H]1[C@H](O)[C@H]2O)O[C@@H]7CO)O[C@@H]6CO)O[C@@H]5CO)O[C@@H]4CO)O[C@@H]3CO,9CB41F926A4386D7C0E23599753E6EDC60802BE1DCF577DB9B32CBB20691DB1D,HOST_CAN_0175,PASS,CCN(CC)CCOC(=O)C1(C2CCCCC2)CCCCC1,905FE4E6E8A53B772F51F7734ED187842D03B477EB963AC8EB330B231C273845,GUEST_CAN_0341,PASS,AttentiveFP,4,host_cold,2,2.262758731842041
1059,122,175,CC(C)(C)C1=CC(=C(C=C1)NC(=O)NC2=CC=C(C=C2)OC)C#CC3=CC(=CC(=C3)OC)C#CC4=C(C=CC(=C4)C(C)(C)C)NC(=O)NC5=CC=C(C=C5)OC,CCCC[N+](CCCC)(CCCC)CCCC.[I-],other,2.2304000854492188,COc1ccc(NC(=O)Nc2ccc(C(C)(C)C)cc2C#Cc2cc(C#Cc3cc(C(C)(C)C)ccc3NC(=O)Nc3ccc(OC)cc3)cc(OC)c2)cc1,D21F40FE6961DC5FE75A1A0699511BDB052F920FB1661CF34BFCAD5E05B4B593,HOST_CAN_0073,PASS,CCCC[N+](CCCC)(CCCC)CCCC.[I-],AEB60E90607A4F8C1F949B3EACD125A2B91E0A4DEAD7B24D9097176DB9E506E4,GUEST_CAN_0318,PASS,AttentiveFP,4,host_cold,2,3.3904922008514404
1068,65,546,O=C(COC1=C(CC2=CC(OCC(O)=O)=C(C3)C=C2OCC(O)=O)C=C(OCC(O)=O)C(CC4=C(OCC(O)=O)C=C(CC5=CC(OCC(O)=O)=C(CC6=C(OCC(O)=O)C=C3C(OCC(O)=O)=C6)C=C5OCC(O)=O)C(OCC(O)=O)=C4)=C1)O,[NH3+]Cc1ccc(cc1)C[NH3+].[Cl-].[Cl-],pillararene,6.8155999183654785,O=C(O)COc1cc2c(OCC(=O)O)cc1Cc1cc(OCC(=O)O)c(cc1OCC(=O)O)Cc1cc(OCC(=O)O)c(cc1OCC(=O)O)Cc1cc(OCC(=O)O)c(cc1OCC(=O)O)Cc1cc(OCC(=O)O)c(cc1OCC(=O)O)C2,D554EF58E2285AB1E087AF8FFC6B903FE8A63389351C9D80310C0632D55CFBCA,HOST_CAN_0132,PASS,[Cl-].[Cl-].[NH3+]Cc1ccc(C[NH3+])cc1,CE7F999399CD142893A4CC3D40A478F75FDB5344DBEECB9E212BA32295D1B8C5,GUEST_CAN_1031,PASS,AttentiveFP,4,host_cold,2,6.91619873046875
1083,18,484,CC1=C2C3=CC4=C1OC5C6=CC7=CC(=C6)OC8=CC(=CC(=C8)C(=O)O)OC9=CC1=CC(=C9)C6OC8=C(C=C(C4CCC(=O)O)C(=C8C)O5)C(C4=C(O6)C(=C5C(=C4)C(C4=C6C(=C(C(=C4)C3CCC(=O)O)OC(O2)C2=CC(=CC(=C2)OC2=CC(=CC(=C2)C(=O)O)OC2=CC(=CC(=C2)C(O5)O6)OC2=CC(=CC(=C2)C(=O)O)O1)OC1=CC(=CC(=C1)C(=O)O)O7)C)CCC(=O)O)C)CCC(=O)O,C(CCCC=C)(=O)O,cavitand,4.1072001457214355,Cc1c2c3cc4c1OC1Oc5c(cc6c(c5C)OC5Oc7c(cc8c(c7C)OC7Oc9c(cc(c(c9C)OC(O2)c2cc9cc(c2)Oc2cc(cc(C(=O)O)c2)Oc2cc(cc7c2)Oc2cc(cc(C(=O)O)c2)Oc2cc(cc5c2)Oc2cc(cc(C(=O)O)c2)Oc2cc(cc1c2)Oc1cc(cc(C(=O)O)c1)O9)C3CCC(=O)O)C8CCC(=O)O)C6CCC(=O)O)C4CCC(=O)O,326FFD4B5C5565D32207155C0B129AE16AFCA7B3342F0DAD815C24AB8DFA8483,HOST_CAN_0099,PASS,C=CCCCC(=O)O,82E4882AB49338F78FA817CF946C85721E0890C5C1F972BA6DB0B6AAED93896D,GUEST_CAN_0046,PASS,AttentiveFP,4,host_cold,2,3.805335760116577
1085,141,109,CC(C)(C)C1=CC2=C(C(=C1)CC3=CC(=CC(=C3OCC(=O)OC)CC4=CC(=CC(=C4OCC(=O)OC)CC5=C(C(=CC(=C5)C(C)(C)C)C2)OCC(=O)OC)C(C)(C)C)C(C)(C)C)OCC(=O)OC,C(CC(C(=O)O)N)CN=C(N)N,calixarene,2.544100046157837,COC(=O)COc1c2cc(C(C)(C)C)cc1Cc1cc(C(C)(C)C)cc(c1OCC(=O)OC)Cc1cc(C(C)(C)C)cc(c1OCC(=O)OC)Cc1cc(C(C)(C)C)cc(c1OCC(=O)OC)C2,73B080974E03CCE5E7AF3A160529C27640F25944AB15DBB90917A7E7BD8278A2,HOST_CAN_0054,PASS,NC(N)=NCCCC(N)C(=O)O,0E8C75093E2FC997DA04592D0B5BF85F1497CF3AA52A61C1DE57D4718119AA31,GUEST_CAN_0751,PASS,AttentiveFP,4,host_cold,2,1.401782512664795
1091,23,215,OC[C@H]1O[C@@H]2O[C@@H]3[C@@H](CO)O[C@H](O[C@@H]4[C@@H](CO)O[C@H](O[C@@H]5[C@@H](CO)O[C@H](O[C@@H]6[C@@H](CO)O[C@H](O[C@@H]7[C@@H](CO)O[C@H](O[C@H]1[C@H](O)[C@H]2O)[C@H](O)[C@H]7O)[C@H](O)[C@H]6O)[C@H](O)[C@H]5O)[C@H](O)[C@H]4O)[C@H](O)[C@H]3O,CC(C(=O)O)N,cyclodextrin,3.049999952316284,OC[C@H]1O[C@@H]2O[C@H]3[C@H](O)[C@@H](O)[C@@H](O[C@H]4[C@H](O)[C@@H](O)[C@@H](O[C@H]5[C@H](O)[C@@H](O)[C@@H](O[C@H]6[C@H](O)[C@@H](O)[C@@H](O[C@H]7[C@H](O)[C@@H](O)[C@@H](O[C@H]1[C@H](O)[C@H]2O)O[C@@H]7CO)O[C@@H]6CO)O[C@@H]5CO)O[C@@H]4CO)O[C@@H]3CO,9CB41F926A4386D7C0E23599753E6EDC60802BE1DCF577DB9B32CBB20691DB1D,HOST_CAN_0175,PASS,CC(N)C(=O)O,6AC3AD1747D8E4C9B36EA5FBFB37965B87CCE816D9D72141F9005590B6D6FC3C,GUEST_CAN_0180,PASS,AttentiveFP,4,host_cold,2,1.6915407180786133
1096,3,629,OC[C@H]1O[C@@H]2O[C@@H]3[C@@H](CO)O[C@H](O[C@@H]4[C@@H](CO)O[C@H](O[C@@H]5[C@@H](CO)O[C@H](O[C@@H]6[C@@H](CO)O[C@H](O[C@@H]7[C@@H](CO)O[C@H](O[C@@H]8[C@@H](CO)O[C@H](O[C@H]1[C@H](O)[C@H]2O)[C@H](O)[C@H]8O)[C@H](O)[C@H]7O)[C@H](O)[C@H]6O)[C@H](O)[C@H]5O)[C@H](O)[C@H]4O)[C@H](O)[C@H]3O,CC(CC(=O)O)C1=CC=CC=C1,cyclodextrin,2.618000030517578,OC[C@H]1O[C@@H]2O[C@H]3[C@H](O)[C@@H](O)[C@@H](O[C@H]4[C@H](O)[C@@H](O)[C@@H](O[C@H]5[C@H](O)[C@@H](O)[C@@H](O[C@H]6[C@H](O)[C@@H](O)[C@@H](O[C@H]7[C@H](O)[C@@H](O)[C@@H](O[C@H]8[C@H](O)[C@@H](O)[C@@H](O[C@H]1[C@H](O)[C@H]2O)O[C@@H]8CO)O[C@@H]7CO)O[C@@H]6CO)O[C@@H]5CO)O[C@@H]4CO)O[C@@H]3CO,22584443D9512992310760C9871E3E6BDB3EDC92006F3EF1EC94F44373907EB1,HOST_CAN_0176,PASS,CC(CC(=O)O)c1ccccc1,84936731DA143DFB043472F928EEF57FAD120A18E9FC66C78D8B6AFF4F836B2B,GUEST_CAN_0166,PASS,AttentiveFP,4,host_cold,2,2.157458782196045
1100,22,325,Oc1c2Sc3cc(cc(c3O)Sc3cc(cc(Sc4c(c(Sc1cc(c2)S(=O)(=O)O)cc(c4)S(=O)(=O)O)O)c3O)S(=O)(=O)O)S(=O)(=O)O,C1CNCCNC1,calixarene,2.469099998474121,O=S(=O)(O)c1cc2c(O)c(c1)Sc1cc(S(=O)(=O)O)cc(c1O)Sc1cc(S(=O)(=O)O)cc(c1O)Sc1cc(S(=O)(=O)O)cc(c1O)S2,5FE888C1FB51BDA35D21231A31EDB8203ACD56DD9744D0C6B83351EC668D4256,HOST_CAN_0156,PASS,C1CNCCNC1,7DF4AF0EAB88491897F1D6D84D44C1178746E05B04100C7295B937559AD91EE9,GUEST_CAN_0035,PASS,AttentiveFP,4,host_cold,2,3.6782455444335938
1104,18,700,CC1=C2C3=CC4=C1OC5C6=CC7=CC(=C6)OC8=CC(=CC(=C8)C(=O)O)OC9=CC1=CC(=C9)C6OC8=C(C=C(C4CCC(=O)O)C(=C8C)O5)C(C4=C(O6)C(=C5C(=C4)C(C4=C6C(=C(C(=C4)C3CCC(=O)O)OC(O2)C2=CC(=CC(=C2)OC2=CC(=CC(=C2)C(=O)O)OC2=CC(=CC(=C2)C(O5)O6)OC2=CC(=CC(=C2)C(=O)O)O1)OC1=CC(=CC(=C1)C(=O)O)O7)C)CCC(=O)O)C)CCC(=O)O,CC(CCC(=O)O)C,cavitand,3.9600000381469727,Cc1c2c3cc4c1OC1Oc5c(cc6c(c5C)OC5Oc7c(cc8c(c7C)OC7Oc9c(cc(c(c9C)OC(O2)c2cc9cc(c2)Oc2cc(cc(C(=O)O)c2)Oc2cc(cc7c2)Oc2cc(cc(C(=O)O)c2)Oc2cc(cc5c2)Oc2cc(cc(C(=O)O)c2)Oc2cc(cc1c2)Oc1cc(cc(C(=O)O)c1)O9)C3CCC(=O)O)C8CCC(=O)O)C6CCC(=O)O)C4CCC(=O)O,326FFD4B5C5565D32207155C0B129AE16AFCA7B3342F0DAD815C24AB8DFA8483,HOST_CAN_0099,PASS,CC(C)CCC(=O)O,9DB6A901CBA7308F6BC713C27289E2B99E0C26D6FDDF46C5228D49BD5F44D881,GUEST_CAN_0144,PASS,AttentiveFP,4,host_cold,2,3.735452651977539
1109,42,178,OC1=C(CC2=CC(S(=O)([O-])=O)=CC(CC(C=C3S(=O)([O-])=O)=C4OCC(N)=O)=C2O)C=C(S(=O)([O-])=O)C=C1CC5=CC(S(=O)([O-])=O)=CC(CC4=C3)=C5O,C(CCN)CC(C(=O)O)N,calixarene,2.761899948120117,NC(=O)COc1c2cc(S(=O)(=O)[O-])cc1Cc1cc(S(=O)(=O)[O-])cc(c1O)Cc1cc(S(=O)(=O)[O-])cc(c1O)Cc1cc(S(=O)(=O)[O-])cc(c1O)C2,1F2BEDA02D00DC2C1A2D3A5BD5460849E045F21D3B673D4626094BA71BDA0464,HOST_CAN_0104,PASS,NCCCCC(N)C(=O)O,BD55DE8B1F18BBBA0B9FB86FA685E52B4743F1B75F837E0522E8C602B3191BA0,GUEST_CAN_0785,PASS,AttentiveFP,4,host_cold,2,2.6642842292785645
1112,23,477,OC[C@H]1O[C@@H]2O[C@@H]3[C@@H](CO)O[C@H](O[C@@H]4[C@@H](CO)O[C@H](O[C@@H]5[C@@H](CO)O[C@H](O[C@@H]6[C@@H](CO)O[C@H](O[C@@H]7[C@@H](CO)O[C@H](O[C@H]1[C@H](O)[C@H]2O)[C@H](O)[C@H]7O)[C@H](O)[C@H]6O)[C@H](O)[C@H]5O)[C@H](O)[C@H]4O)[C@H](O)[C@H]3O,C1=CC=C(C=C1)CC(C(=O)O)N,cyclodextrin,2.409899950027466,OC[C@H]1O[C@@H]2O[C@H]3[C@H](O)[C@@H](O)[C@@H](O[C@H]4[C@H](O)[C@@H](O)[C@@H](O[C@H]5[C@H](O)[C@@H](O)[C@@H](O[C@H]6[C@H](O)[C@@H](O)[C@@H](O[C@H]7[C@H](O)[C@@H](O)[C@@H](O[C@H]1[C@H](O)[C@H]2O)O[C@@H]7CO)O[C@@H]6CO)O[C@@H]5CO)O[C@@H]4CO)O[C@@H]3CO,9CB41F926A4386D7C0E23599753E6EDC60802BE1DCF577DB9B32CBB20691DB1D,HOST_CAN_0175,PASS,NC(Cc1ccccc1)C(=O)O,4B6B1236F1C31D28D9F95F736FF46B2960AFF4F6FCE3D9E76CF43DE2ADDE8B08,GUEST_CAN_0746,PASS,AttentiveFP,4,host_cold,2,2.011060953140259
1120,18,428,CC1=C2C3=CC4=C1OC5C6=CC7=CC(=C6)OC8=CC(=CC(=C8)C(=O)O)OC9=CC1=CC(=C9)C6OC8=C(C=C(C4CCC(=O)O)C(=C8C)O5)C(C4=C(O6)C(=C5C(=C4)C(C4=C6C(=C(C(=C4)C3CCC(=O)O)OC(O2)C2=CC(=CC(=C2)OC2=CC(=CC(=C2)C(=O)O)OC2=CC(=CC(=C2)C(O5)O6)OC2=CC(=CC(=C2)C(=O)O)O1)OC1=CC(=CC(=C1)C(=O)O)O7)C)CCC(=O)O)C)CCC(=O)O,FC(S(=O)(=O)[O-])(F)F.[Na+],cavitand,3.14739990234375,Cc1c2c3cc4c1OC1Oc5c(cc6c(c5C)OC5Oc7c(cc8c(c7C)OC7Oc9c(cc(c(c9C)OC(O2)c2cc9cc(c2)Oc2cc(cc(C(=O)O)c2)Oc2cc(cc7c2)Oc2cc(cc(C(=O)O)c2)Oc2cc(cc5c2)Oc2cc(cc(C(=O)O)c2)Oc2cc(cc1c2)Oc1cc(cc(C(=O)O)c1)O9)C3CCC(=O)O)C8CCC(=O)O)C6CCC(=O)O)C4CCC(=O)O,326FFD4B5C5565D32207155C0B129AE16AFCA7B3342F0DAD815C24AB8DFA8483,HOST_CAN_0099,PASS,O=S(=O)([O-])C(F)(F)F.[Na+],07342045B9C55572D8E458E5295B1D6E4E6E29B7DBCAD161C4F57723BA371812,GUEST_CAN_0933,PASS,AttentiveFP,4,host_cold,2,2.886500597000122
1125,18,710,CC1=C2C3=CC4=C1OC5C6=CC7=CC(=C6)OC8=CC(=CC(=C8)C(=O)O)OC9=CC1=CC(=C9)C6OC8=C(C=C(C4CCC(=O)O)C(=C8C)O5)C(C4=C(O6)C(=C5C(=C4)C(C4=C6C(=C(C(=C4)C3CCC(=O)O)OC(O2)C2=CC(=CC(=C2)OC2=CC(=CC(=C2)C(=O)O)OC2=CC(=CC(=C2)C(O5)O6)OC2=CC(=CC(=C2)C(=O)O)O1)OC1=CC(=CC(=C1)C(=O)O)O7)C)CCC(=O)O)C)CCC(=O)O,C1OC2=C(O1)C=C(C=C2)C(=O)O,cavitand,5.653200149536133,Cc1c2c3cc4c1OC1Oc5c(cc6c(c5C)OC5Oc7c(cc8c(c7C)OC7Oc9c(cc(c(c9C)OC(O2)c2cc9cc(c2)Oc2cc(cc(C(=O)O)c2)Oc2cc(cc7c2)Oc2cc(cc(C(=O)O)c2)Oc2cc(cc5c2)Oc2cc(cc(C(=O)O)c2)Oc2cc(cc1c2)Oc1cc(cc(C(=O)O)c1)O9)C3CCC(=O)O)C8CCC(=O)O)C6CCC(=O)O)C4CCC(=O)O,326FFD4B5C5565D32207155C0B129AE16AFCA7B3342F0DAD815C24AB8DFA8483,HOST_CAN_0099,PASS,O=C(O)c1ccc2c(c1)OCO2,DB191D81C25248F1821035412ABC421E45B2596F567ABEA725D8D3667752AA10,GUEST_CAN_0885,PASS,AttentiveFP,4,host_cold,2,4.574495315551758
1131,18,459,CC1=C2C3=CC4=C1OC5C6=CC7=CC(=C6)OC8=CC(=CC(=C8)C(=O)O)OC9=CC1=CC(=C9)C6OC8=C(C=C(C4CCC(=O)O)C(=C8C)O5)C(C4=C(O6)C(=C5C(=C4)C(C4=C6C(=C(C(=C4)C3CCC(=O)O)OC(O2)C2=CC(=CC(=C2)OC2=CC(=CC(=C2)C(=O)O)OC2=CC(=CC(=C2)C(O5)O6)OC2=CC(=CC(=C2)C(=O)O)O1)OC1=CC(=CC(=C1)C(=O)O)O7)C)CCC(=O)O)C)CCC(=O)O,[Cl-].C[N+](CCC1=CC=CC=C1)(C)C,cavitand,2.8626999855041504,Cc1c2c3cc4c1OC1Oc5c(cc6c(c5C)OC5Oc7c(cc8c(c7C)OC7Oc9c(cc(c(c9C)OC(O2)c2cc9cc(c2)Oc2cc(cc(C(=O)O)c2)Oc2cc(cc7c2)Oc2cc(cc(C(=O)O)c2)Oc2cc(cc5c2)Oc2cc(cc(C(=O)O)c2)Oc2cc(cc1c2)Oc1cc(cc(C(=O)O)c1)O9)C3CCC(=O)O)C8CCC(=O)O)C6CCC(=O)O)C4CCC(=O)O,326FFD4B5C5565D32207155C0B129AE16AFCA7B3342F0DAD815C24AB8DFA8483,HOST_CAN_0099,PASS,C[N+](C)(C)CCc1ccccc1.[Cl-],8AA21FF0AAB07494D6AF72B69DE8836B282B9381B829638791C80C7E116E05FD,GUEST_CAN_0573,PASS,AttentiveFP,4,host_cold,2,4.548888206481934
1132,151,161,C(C(=O)O)N(CC(=O)O)C1C(=O)NC(=O)NC1=O,[Mg+2],other,8.190299987792969,O=C(O)CN(CC(=O)O)C1C(=O)NC(=O)NC1=O,A79CF0157A796F0CD50BB6A621709E83B2F5701A5982B3FC05B4D244283FD579,HOST_CAN_0122,PASS,[Mg+2],7F8D39B1BC5783E4D085768535A47B9BA749178FAD98C2BA37380CBAD5B2A9A1,GUEST_CAN_1073,PASS,AttentiveFP,4,host_cold,2,6.634992599487305
1138,31,37,[Li+].[Li+].COP(OC)(=O)CC1=CC(=CC(=C1)NC(CCCNCC1=C(C=CC=C1)B(O)O)=O)CP([O-])([O-])=O,C1=CC(=C(C=C1C(CN)O)O)O,other,2.5250000953674316,COP(=O)(Cc1cc(CP(=O)([O-])[O-])cc(NC(=O)CCCNCc2ccccc2B(O)O)c1)OC.[Li+].[Li+],7C21E70373346443530CC627F376BB4B733535AF04E79A7E4ACEFF4D5857B371,HOST_CAN_0066,PASS,NCC(O)c1ccc(O)c(O)c1,7F5D32A02DE5511E772E8422081F82EE16925B55633A6CB4BB4E730CF1565495,GUEST_CAN_0775,PASS,AttentiveFP,4,host_cold,2,2.639047145843506
1140,157,516,N1C(=CC=C1)C(=O)NC(=[NH2+])N,CC(C(=O)[O-])NC(=O)C,other,2.1138999462127686,NC(=[NH2+])NC(=O)c1ccc[nH]1,5C0961F35D62C1556FEC81C18CF4A86721228002AA7771617FE16644053C96DC,HOST_CAN_0106,PASS,CC(=O)NC(C)C(=O)[O-],223D3A7CF02799E4E69DE4CF10C536E7E3A130D2DECA6FB2E856007B979C6DE6,GUEST_CAN_0069,PASS,AttentiveFP,4,host_cold,2,2.3995399475097656
1143,3,716,OC[C@H]1O[C@@H]2O[C@@H]3[C@@H](CO)O[C@H](O[C@@H]4[C@@H](CO)O[C@H](O[C@@H]5[C@@H](CO)O[C@H](O[C@@H]6[C@@H](CO)O[C@H](O[C@@H]7[C@@H](CO)O[C@H](O[C@@H]8[C@@H](CO)O[C@H](O[C@H]1[C@H](O)[C@H]2O)[C@H](O)[C@H]8O)[C@H](O)[C@H]7O)[C@H](O)[C@H]6O)[C@H](O)[C@H]5O)[C@H](O)[C@H]4O)[C@H](O)[C@H]3O,CC(=O)NC(CC1=CC=CC=C1)C(=O)O,cyclodextrin,1.829300045967102,OC[C@H]1O[C@@H]2O[C@H]3[C@H](O)[C@@H](O)[C@@H](O[C@H]4[C@H](O)[C@@H](O)[C@@H](O[C@H]5[C@H](O)[C@@H](O)[C@@H](O[C@H]6[C@H](O)[C@@H](O)[C@@H](O[C@H]7[C@H](O)[C@@H](O)[C@@H](O[C@H]8[C@H](O)[C@@H](O)[C@@H](O[C@H]1[C@H](O)[C@H]2O)O[C@@H]8CO)O[C@@H]7CO)O[C@@H]6CO)O[C@@H]5CO)O[C@@H]4CO)O[C@@H]3CO,22584443D9512992310760C9871E3E6BDB3EDC92006F3EF1EC94F44373907EB1,HOST_CAN_0176,PASS,CC(=O)NC(Cc1ccccc1)C(=O)O,CC6FA7DBAD7ADEBC07F58FAA2BE6025206B6C31CC0D76EDEE142CE8D1EDA6C03,GUEST_CAN_0074,PASS,AttentiveFP,4,host_cold,2,2.226719379425049
1147,158,175,C[C@H](C(NC1=CC=CC(C2=C(I)N([C@H](C)C(NC3=CC=CC(C4=C(I)N([C@H](C)C5=O)N=N4)=N3)=O)N=N2)=N1)=O)N6N=NC(C7=CC=CC(N5)=N7)=C6I,CCCC[N+](CCCC)(CCCC)CCCC.[I-],other,2.1500000953674316,C[C@@H]1C(=O)Nc2cccc(n2)-c2nnn(c2I)[C@H](C)C(=O)Nc2cccc(n2)-c2nnn(c2I)[C@H](C)C(=O)Nc2cccc(n2)-c2nnn1c2I,BF5A668BEAD04113CCC725A48DCD8DFE5BCBFFC115F87579E1B5C070BCD96197,HOST_CAN_0083,PASS,CCCC[N+](CCCC)(CCCC)CCCC.[I-],AEB60E90607A4F8C1F949B3EACD125A2B91E0A4DEAD7B24D9097176DB9E506E4,GUEST_CAN_0318,PASS,AttentiveFP,4,host_cold,2,4.664608478546143
1148,3,165,OC[C@H]1O[C@@H]2O[C@@H]3[C@@H](CO)O[C@H](O[C@@H]4[C@@H](CO)O[C@H](O[C@@H]5[C@@H](CO)O[C@H](O[C@@H]6[C@@H](CO)O[C@H](O[C@@H]7[C@@H](CO)O[C@H](O[C@@H]8[C@@H](CO)O[C@H](O[C@H]1[C@H](O)[C@H]2O)[C@H](O)[C@H]8O)[C@H](O)[C@H]7O)[C@H](O)[C@H]6O)[C@H](O)[C@H]5O)[C@H](O)[C@H]4O)[C@H](O)[C@H]3O,CCCCC[NH3+],cyclodextrin,0.9031000137329102,OC[C@H]1O[C@@H]2O[C@H]3[C@H](O)[C@@H](O)[C@@H](O[C@H]4[C@H](O)[C@@H](O)[C@@H](O[C@H]5[C@H](O)[C@@H](O)[C@@H](O[C@H]6[C@H](O)[C@@H](O)[C@@H](O[C@H]7[C@H](O)[C@@H](O)[C@@H](O[C@H]8[C@H](O)[C@@H](O)[C@@H](O[C@H]1[C@H](O)[C@H]2O)O[C@@H]8CO)O[C@@H]7CO)O[C@@H]6CO)O[C@@H]5CO)O[C@@H]4CO)O[C@@H]3CO,22584443D9512992310760C9871E3E6BDB3EDC92006F3EF1EC94F44373907EB1,HOST_CAN_0176,PASS,CCCCC[NH3+],87469872E602061811AE44CAB9FD6AF6067BA08C39AA373262A49AD7E46387C5,GUEST_CAN_0307,PASS,AttentiveFP,4,host_cold,2,1.3038594722747803
1150,73,718,C1C2=CC(=CC(=C2O)CC3=CC(=CC(=C3O)CC4=CC(=CC(=C4O)CC5=C(C(=CC(=C5)S(=O)(=O)O)CC6=C(C1=CC(=C6)S(=O)(=O)O)O)O)S(=O)(=O)O)S(=O)(=O)O)S(=O)(=O)O,C12=C(N=CC=C3)C3=CC=C1C=CC=N2,calixarene,3.358099937438965,O=S(=O)(O)c1cc2c(O)c(c1)Cc1cc(S(=O)(=O)O)cc(c1O)Cc1cc(S(=O)(=O)O)cc(c1O)Cc1cc(S(=O)(=O)O)cc(c1O)Cc1cc(S(=O)(=O)O)cc(c1O)C2,CE64A1CA71928E5DE79CF9633E11D44D0BC2C175AB3D980BF8052807605CA8CC,HOST_CAN_0155,PASS,c1cnc2c(c1)ccc1cccnc12,0DE407E41EB32F1EF3602208289CAC1540971D9E44DB21A5F598DE4603DBD81B,GUEST_CAN_1150,PASS,AttentiveFP,4,host_cold,2,3.5800182819366455
1156,3,291,OC[C@H]1O[C@@H]2O[C@@H]3[C@@H](CO)O[C@H](O[C@@H]4[C@@H](CO)O[C@H](O[C@@H]5[C@@H](CO)O[C@H](O[C@@H]6[C@@H](CO)O[C@H](O[C@@H]7[C@@H](CO)O[C@H](O[C@@H]8[C@@H](CO)O[C@H](O[C@H]1[C@H](O)[C@H]2O)[C@H](O)[C@H]8O)[C@H](O)[C@H]7O)[C@H](O)[C@H]6O)[C@H](O)[C@H]5O)[C@H](O)[C@H]4O)[C@H](O)[C@H]3O,CC(CBr)C(=O)OC,cyclodextrin,2.41759991645813,OC[C@H]1O[C@@H]2O[C@H]3[C@H](O)[C@@H](O)[C@@H](O[C@H]4[C@H](O)[C@@H](O)[C@@H](O[C@H]5[C@H](O)[C@@H](O)[C@@H](O[C@H]6[C@H](O)[C@@H](O)[C@@H](O[C@H]7[C@H](O)[C@@H](O)[C@@H](O[C@H]8[C@H](O)[C@@H](O)[C@@H](O[C@H]1[C@H](O)[C@H]2O)O[C@@H]8CO)O[C@@H]7CO)O[C@@H]6CO)O[C@@H]5CO)O[C@@H]4CO)O[C@@H]3CO,22584443D9512992310760C9871E3E6BDB3EDC92006F3EF1EC94F44373907EB1,HOST_CAN_0176,PASS,COC(=O)C(C)CBr,5640F037C1252373217D10D5980BCA1FB5C97C9612315CC9B7557CECE3695E25,GUEST_CAN_0434,PASS,AttentiveFP,4,host_cold,2,1.8474407196044922
1159,3,677,OC[C@H]1O[C@@H]2O[C@@H]3[C@@H](CO)O[C@H](O[C@@H]4[C@@H](CO)O[C@H](O[C@@H]5[C@@H](CO)O[C@H](O[C@@H]6[C@@H](CO)O[C@H](O[C@@H]7[C@@H](CO)O[C@H](O[C@@H]8[C@@H](CO)O[C@H](O[C@H]1[C@H](O)[C@H]2O)[C@H](O)[C@H]8O)[C@H](O)[C@H]7O)[C@H](O)[C@H]6O)[C@H](O)[C@H]5O)[C@H](O)[C@H]4O)[C@H](O)[C@H]3O,COC(=O)C(CC1=CC=CC=C1)N.Cl,cyclodextrin,1.0426000356674194,OC[C@H]1O[C@@H]2O[C@H]3[C@H](O)[C@@H](O)[C@@H](O[C@H]4[C@H](O)[C@@H](O)[C@@H](O[C@H]5[C@H](O)[C@@H](O)[C@@H](O[C@H]6[C@H](O)[C@@H](O)[C@@H](O[C@H]7[C@H](O)[C@@H](O)[C@@H](O[C@H]8[C@H](O)[C@@H](O)[C@@H](O[C@H]1[C@H](O)[C@H]2O)O[C@@H]8CO)O[C@@H]7CO)O[C@@H]6CO)O[C@@H]5CO)O[C@@H]4CO)O[C@@H]3CO,22584443D9512992310760C9871E3E6BDB3EDC92006F3EF1EC94F44373907EB1,HOST_CAN_0176,PASS,COC(=O)C(N)Cc1ccccc1.Cl,5B454B834096BEA4462AF0D7BC5F9A29834DF09F8A7C6253461317B88450D71A,GUEST_CAN_0443,PASS,AttentiveFP,4,host_cold,2,1.9665086269378662
1160,73,547,C1C2=CC(=CC(=C2O)CC3=CC(=CC(=C3O)CC4=CC(=CC(=C4O)CC5=C(C(=CC(=C5)S(=O)(=O)O)CC6=C(C1=CC(=C6)S(=O)(=O)O)O)O)S(=O)(=O)O)S(=O)(=O)O)S(=O)(=O)O,C[N+](C)(C)CCOC(=O)CCC(=O)OCC[N+](C)(C)C,calixarene,5.404799938201904,O=S(=O)(O)c1cc2c(O)c(c1)Cc1cc(S(=O)(=O)O)cc(c1O)Cc1cc(S(=O)(=O)O)cc(c1O)Cc1cc(S(=O)(=O)O)cc(c1O)Cc1cc(S(=O)(=O)O)cc(c1O)C2,CE64A1CA71928E5DE79CF9633E11D44D0BC2C175AB3D980BF8052807605CA8CC,HOST_CAN_0155,PASS,C[N+](C)(C)CCOC(=O)CCC(=O)OCC[N+](C)(C)C,168122AB36303795CD3BE42ABCB877822F79FBE84B0D42505E86A89CF28DB147,GUEST_CAN_0569,PASS,AttentiveFP,4,host_cold,2,5.220285415649414
1164,159,476,CCCCCCOc1c2Cc3cc(cc(c3OCCCCCC)Cc3cc(cc(c3OCCCCCC)Cc3cc(cc(Cc4c(c(Cc5c(c(Cc1cc(c2)S(=O)(=O)[O-])cc(c5)S(=O)(=O)[O-])OCCCCCC)cc(c4)S(=O)(=O)[O-])OCCCCCC)c3OCCCCCC)S(=O)(=O)[O-])S(=O)(=O)[O-])S(=O)(=O)[O-],C[n+]1c2ccccc2c(c2c1cccc2)c1c2ccccc2[n+](c2c1cccc2)C.[O-][N+](=O)[O-].[O-][N+](=O)[O-],calixarene,5.757599830627441,CCCCCCOc1c2cc(S(=O)(=O)[O-])cc1Cc1cc(S(=O)(=O)[O-])cc(c1OCCCCCC)Cc1cc(S(=O)(=O)[O-])cc(c1OCCCCCC)Cc1cc(S(=O)(=O)[O-])cc(c1OCCCCCC)Cc1cc(S(=O)(=O)[O-])cc(c1OCCCCCC)Cc1cc(S(=O)(=O)[O-])cc(c1OCCCCCC)C2,01CBB54F6C94047AC1A8BB7B7BEC7EE2A260A4A1EC23A8796F6DBB39F19C192F,HOST_CAN_0029,PASS,C[n+]1c2ccccc2c(-c2c3ccccc3[n+](C)c3ccccc23)c2ccccc21.O=[N+]([O-])[O-].O=[N+]([O-])[O-],D4D263F20E807DCE8290909D48E9092725AF7020357CB313B6E2612BD76C3B4C,GUEST_CAN_0617,PASS,AttentiveFP,4,host_cold,2,5.574718475341797
1168,26,50,[Li+].[Li+].B(C1=CC=CC=C1CNCC2=CC=C(C=C2)C(=O)NC3=CC(=CC(=C3)CP(=O)([O-])OC)CP(=O)([O-])OC)(O)O,C1=CC=C(C(=C1)O)O,other,1.7094000577926636,COP(=O)([O-])Cc1cc(CP(=O)([O-])OC)cc(NC(=O)c2ccc(CNCc3ccccc3B(O)O)cc2)c1.[Li+].[Li+],F42D7F8FEECED34D2A8CD9838DF697E6536F3F5A5AD106D19B9E9737F28D2790,HOST_CAN_0067,PASS,Oc1ccccc1O,D6044096AF0493CF06B8B5FDAA8C090BB98BA46AF75026C46D7FE4ACEF4715BB,GUEST_CAN_1007,PASS,AttentiveFP,4,host_cold,2,3.045569896697998
1173,121,27,Oc1c2Cc3cc(cc(c3O)Cc3cc(cc(Cc4c(c(Cc1cc(c2)S(=O)(=O)O)cc(c4)NS(=O)(=O)c1ccc(cc1)C(=O)[O])O)c3O)S(=O)(=O)O)NS(=O)(=O)c1ccc(cc1)C(=O)[O],NCCCCC(C(=O)NC(C(=O)NC(C(=O)NC(=O)C(NC(C(=O)NC(C(=O)NC(C(=O)NC(C(=O)NCC(=O)NC(C(=O)N)Cc1ccc(cc1)O)C(O)C)CO)CCCC[N+](C)(C)C)CCCNC(=N)N)C)C(O)C)CCC(=O)N)NC(=O)C(C(O)C)NC(=O)C(NC(=O)C(N)C)CCCNC(=N)N,calixarene,6.301000118255615,[O]C(=O)c1ccc(S(=O)(=O)Nc2cc3c(O)c(c2)Cc2cc(S(=O)(=O)O)cc(c2O)Cc2cc(NS(=O)(=O)c4ccc(C([O])=O)cc4)cc(c2O)Cc2cc(S(=O)(=O)O)cc(c2O)C3)cc1,C8B53830D64E73BF90AC9C849CFB2B23C81A27721515EDA5A3469EA362472E0C,HOST_CAN_0182,PASS,CC(N)C(=O)NC(CCCNC(=N)N)C(=O)NC(C(=O)NC(CCCCN)C(=O)NC(CCC(N)=O)C(=O)NC(C(=O)NC(=O)C(C)NC(CCCNC(=N)N)C(=O)NC(CCCC[N+](C)(C)C)C(=O)NC(CO)C(=O)NC(C(=O)NCC(=O)NC(Cc1ccc(O)cc1)C(N)=O)C(C)O)C(C)O)C(C)O,FDB24492C01844597473AA7C2BD6C580BEC794EA067753C199B126BE41E8D5FA,GUEST_CAN_0177,PASS,AttentiveFP,4,host_cold,2,6.006222248077393
1176,22,384,Oc1c2Sc3cc(cc(c3O)Sc3cc(cc(Sc4c(c(Sc1cc(c2)S(=O)(=O)O)cc(c4)S(=O)(=O)O)O)c3O)S(=O)(=O)O)S(=O)(=O)O,CC1=CC=NC=C1,calixarene,2.4637999534606934,O=S(=O)(O)c1cc2c(O)c(c1)Sc1cc(S(=O)(=O)O)cc(c1O)Sc1cc(S(=O)(=O)O)cc(c1O)Sc1cc(S(=O)(=O)O)cc(c1O)S2,5FE888C1FB51BDA35D21231A31EDB8203ACD56DD9744D0C6B83351EC668D4256,HOST_CAN_0156,PASS,Cc1ccncc1,793286ADE81890C85B833167A2C805C672C3C04BEE8A17A89412FEBE14BF75D9,GUEST_CAN_0675,PASS,AttentiveFP,4,host_cold,2,3.0570755004882812
1178,3,730,OC[C@H]1O[C@@H]2O[C@@H]3[C@@H](CO)O[C@H](O[C@@H]4[C@@H](CO)O[C@H](O[C@@H]5[C@@H](CO)O[C@H](O[C@@H]6[C@@H](CO)O[C@H](O[C@@H]7[C@@H](CO)O[C@H](O[C@@H]8[C@@H](CO)O[C@H](O[C@H]1[C@H](O)[C@H]2O)[C@H](O)[C@H]8O)[C@H](O)[C@H]7O)[C@H](O)[C@H]6O)[C@H](O)[C@H]5O)[C@H](O)[C@H]4O)[C@H](O)[C@H]3O,C1C(O1)COCC2=CC=CC=C2,cyclodextrin,2.3691999912261963,OC[C@H]1O[C@@H]2O[C@H]3[C@H](O)[C@@H](O)[C@@H](O[C@H]4[C@H](O)[C@@H](O)[C@@H](O[C@H]5[C@H](O)[C@@H](O)[C@@H](O[C@H]6[C@H](O)[C@@H](O)[C@@H](O[C@H]7[C@H](O)[C@@H](O)[C@@H](O[C@H]8[C@H](O)[C@@H](O)[C@@H](O[C@H]1[C@H](O)[C@H]2O)O[C@@H]8CO)O[C@@H]7CO)O[C@@H]6CO)O[C@@H]5CO)O[C@@H]4CO)O[C@@H]3CO,22584443D9512992310760C9871E3E6BDB3EDC92006F3EF1EC94F44373907EB1,HOST_CAN_0176,PASS,c1ccc(COCC2CO2)cc1,B28F518C4CB072EBAF296564909976E515D10AE2E304E94C33FEE443DEBC2C60,GUEST_CAN_1131,PASS,AttentiveFP,4,host_cold,2,2.3136730194091797
1179,3,731,OC[C@H]1O[C@@H]2O[C@@H]3[C@@H](CO)O[C@H](O[C@@H]4[C@@H](CO)O[C@H](O[C@@H]5[C@@H](CO)O[C@H](O[C@@H]6[C@@H](CO)O[C@H](O[C@@H]7[C@@H](CO)O[C@H](O[C@@H]8[C@@H](CO)O[C@H](O[C@H]1[C@H](O)[C@H]2O)[C@H](O)[C@H]8O)[C@H](O)[C@H]7O)[C@H](O)[C@H]6O)[C@H](O)[C@H]5O)[C@H](O)[C@H]4O)[C@H](O)[C@H]3O,CC1(C2CC1C(C(=O)C2)(C)O)C,cyclodextrin,3.3810999393463135,OC[C@H]1O[C@@H]2O[C@H]3[C@H](O)[C@@H](O)[C@@H](O[C@H]4[C@H](O)[C@@H](O)[C@@H](O[C@H]5[C@H](O)[C@@H](O)[C@@H](O[C@H]6[C@H](O)[C@@H](O)[C@@H](O[C@H]7[C@H](O)[C@@H](O)[C@@H](O[C@H]8[C@H](O)[C@@H](O)[C@@H](O[C@H]1[C@H](O)[C@H]2O)O[C@@H]8CO)O[C@@H]7CO)O[C@@H]6CO)O[C@@H]5CO)O[C@@H]4CO)O[C@@H]3CO,22584443D9512992310760C9871E3E6BDB3EDC92006F3EF1EC94F44373907EB1,HOST_CAN_0176,PASS,CC1(O)C(=O)CC2CC1C2(C)C,9E38F5D1C7BDA227A88B2DEB47C6DA31A1A022EEEECB86DDA8A7E3892BE6D081,GUEST_CAN_0213,PASS,AttentiveFP,4,host_cold,2,2.372756004333496
1182,3,678,OC[C@H]1O[C@@H]2O[C@@H]3[C@@H](CO)O[C@H](O[C@@H]4[C@@H](CO)O[C@H](O[C@@H]5[C@@H](CO)O[C@H](O[C@@H]6[C@@H](CO)O[C@H](O[C@@H]7[C@@H](CO)O[C@H](O[C@@H]8[C@@H](CO)O[C@H](O[C@H]1[C@H](O)[C@H]2O)[C@H](O)[C@H]8O)[C@H](O)[C@H]7O)[C@H](O)[C@H]6O)[C@H](O)[C@H]5O)[C@H](O)[C@H]4O)[C@H](O)[C@H]3O,CCN(CC)C1=CC=C(C=C1)C#N,cyclodextrin,3.4314000606536865,OC[C@H]1O[C@@H]2O[C@H]3[C@H](O)[C@@H](O)[C@@H](O[C@H]4[C@H](O)[C@@H](O)[C@@H](O[C@H]5[C@H](O)[C@@H](O)[C@@H](O[C@H]6[C@H](O)[C@@H](O)[C@@H](O[C@H]7[C@H](O)[C@@H](O)[C@@H](O[C@H]8[C@H](O)[C@@H](O)[C@@H](O[C@H]1[C@H](O)[C@H]2O)O[C@@H]8CO)O[C@@H]7CO)O[C@@H]6CO)O[C@@H]5CO)O[C@@H]4CO)O[C@@H]3CO,22584443D9512992310760C9871E3E6BDB3EDC92006F3EF1EC94F44373907EB1,HOST_CAN_0176,PASS,CCN(CC)c1ccc(C#N)cc1,20F337AB9691F4807A66F5F70F5D461212BAE2D962EC7D7D6D5325ED209B2AB5,GUEST_CAN_0344,PASS,AttentiveFP,4,host_cold,2,1.7564117908477783
1189,65,419,O=C(COC1=C(CC2=CC(OCC(O)=O)=C(C3)C=C2OCC(O)=O)C=C(OCC(O)=O)C(CC4=C(OCC(O)=O)C=C(CC5=CC(OCC(O)=O)=C(CC6=C(OCC(O)=O)C=C3C(OCC(O)=O)=C6)C=C5OCC(O)=O)C(OCC(O)=O)=C4)=C1)O,CCCCCC[N+](C)(C)C.[Br-],pillararene,6.139900207519531,O=C(O)COc1cc2c(OCC(=O)O)cc1Cc1cc(OCC(=O)O)c(cc1OCC(=O)O)Cc1cc(OCC(=O)O)c(cc1OCC(=O)O)Cc1cc(OCC(=O)O)c(cc1OCC(=O)O)Cc1cc(OCC(=O)O)c(cc1OCC(=O)O)C2,D554EF58E2285AB1E087AF8FFC6B903FE8A63389351C9D80310C0632D55CFBCA,HOST_CAN_0132,PASS,CCCCCC[N+](C)(C)C.[Br-],76B55977AFC0302462D04F005374F747475B4920E68C74B0533B003CB28CB41E,GUEST_CAN_0297,PASS,AttentiveFP,4,host_cold,2,6.070571422576904
1199,23,741,OC[C@H]1O[C@@H]2O[C@@H]3[C@@H](CO)O[C@H](O[C@@H]4[C@@H](CO)O[C@H](O[C@@H]5[C@@H](CO)O[C@H](O[C@@H]6[C@@H](CO)O[C@H](O[C@@H]7[C@@H](CO)O[C@H](O[C@H]1[C@H](O)[C@H]2O)[C@H](O)[C@H]7O)[C@H](O)[C@H]6O)[C@H](O)[C@H]5O)[C@H](O)[C@H]4O)[C@H](O)[C@H]3O,CCCCCC([NH3+])C,cyclodextrin,2.6424999237060547,OC[C@H]1O[C@@H]2O[C@H]3[C@H](O)[C@@H](O)[C@@H](O[C@H]4[C@H](O)[C@@H](O)[C@@H](O[C@H]5[C@H](O)[C@@H](O)[C@@H](O[C@H]6[C@H](O)[C@@H](O)[C@@H](O[C@H]7[C@H](O)[C@@H](O)[C@@H](O[C@H]1[C@H](O)[C@H]2O)O[C@@H]7CO)O[C@@H]6CO)O[C@@H]5CO)O[C@@H]4CO)O[C@@H]3CO,9CB41F926A4386D7C0E23599753E6EDC60802BE1DCF577DB9B32CBB20691DB1D,HOST_CAN_0175,PASS,CCCCCC(C)[NH3+],929DF79BEE56ADE23CE6389CD5BCE236BCAC5087281BA0A2CDB71D98C82623E3,GUEST_CAN_0273,PASS,AttentiveFP,4,host_cold,2,1.765505313873291
1200,18,717,CC1=C2C3=CC4=C1OC5C6=CC7=CC(=C6)OC8=CC(=CC(=C8)C(=O)O)OC9=CC1=CC(=C9)C6OC8=C(C=C(C4CCC(=O)O)C(=C8C)O5)C(C4=C(O6)C(=C5C(=C4)C(C4=C6C(=C(C(=C4)C3CCC(=O)O)OC(O2)C2=CC(=CC(=C2)OC2=CC(=CC(=C2)C(=O)O)OC2=CC(=CC(=C2)C(O5)O6)OC2=CC(=CC(=C2)C(=O)O)O1)OC1=CC(=CC(=C1)C(=O)O)O7)C)CCC(=O)O)C)CCC(=O)O,C1=CC(=CC(=C1)[N+](=O)[O-])C(=O)O,cavitand,3.285599946975708,Cc1c2c3cc4c1OC1Oc5c(cc6c(c5C)OC5Oc7c(cc8c(c7C)OC7Oc9c(cc(c(c9C)OC(O2)c2cc9cc(c2)Oc2cc(cc(C(=O)O)c2)Oc2cc(cc7c2)Oc2cc(cc(C(=O)O)c2)Oc2cc(cc5c2)Oc2cc(cc(C(=O)O)c2)Oc2cc(cc1c2)Oc1cc(cc(C(=O)O)c1)O9)C3CCC(=O)O)C8CCC(=O)O)C6CCC(=O)O)C4CCC(=O)O,326FFD4B5C5565D32207155C0B129AE16AFCA7B3342F0DAD815C24AB8DFA8483,HOST_CAN_0099,PASS,O=C(O)c1cccc([N+](=O)[O-])c1,E288032C12EB3149FF309318BB691A41FC90AF13ED046C8CB6AFDE4D1E3918FF,GUEST_CAN_0889,PASS,AttentiveFP,4,host_cold,2,4.418542861938477
1219,106,351,CCCOC1=C2CC3=CC(P(OC)(O[Li])=O)=CC(CC4=C(OCCC)C(CC5=C(OCCC)C(CC1=CC(P(OC)(O[Li])=O)=C2)=CC(P(OC)(O[Li])=O)=C5)=CC(P(OC)(O[Li])=O)=C4)=C3OCCC,C1=CC(=C(C=C1C(CN)O)O)O.Cl,calixarene,1.6532000303268433,[Li][O]P(=O)(OC)c1cc2c(OCCC)c(c1)Cc1cc(P(=O)([O][Li])OC)cc(c1OCCC)Cc1cc(P(=O)([O][Li])OC)cc(c1OCCC)Cc1cc(P(=O)([O][Li])OC)cc(c1OCCC)C2,7E35E77A746111D0F7C2AD48B4236AD5F23EBD686B02C0BEF4D3F0D97CE016F4,HOST_CAN_0180,PASS,Cl.NCC(O)c1ccc(O)c(O)c1,77292EA0463E2AED797CAE9779601581D37EB7B67F9EA7796D4F6EE168154886,GUEST_CAN_0687,PASS,AttentiveFP,4,host_cold,2,1.4069197177886963
1222,4,376,[Na]OS(=O)(=O)CCCCOC=1C=C(C=CC1)[C@@H]1N=C(OC1)CC1=C(C(=C(C(=C1C)CC=1OC[C@@H](N1)C1=CC(=CC=C1)OCCCCS(=O)(=O)O[Na])C)CC=1OC[C@@H](N1)C1=CC(=CC=C1)OCCCCS(=O)(=O)O[Na])C,C(CO)N.Cl,other,0.0,Cc1c(CC2=N[C@@H](c3cccc(OCCCCS(=O)(=O)[O][Na])c3)CO2)c(C)c(CC2=N[C@@H](c3cccc(OCCCCS(=O)(=O)[O][Na])c3)CO2)c(C)c1CC1=N[C@@H](c2cccc(OCCCCS(=O)(=O)[O][Na])c2)CO1,9E3429786C624B72E8FD089068975D2A1C33E04632FEA26EF01294722587A124,HOST_CAN_0098,PASS,Cl.NCCO,B8BFC7F3AB287F02D64B1AF5D74B52A154A02E551CB075B8B8621A2F056ECCD2,GUEST_CAN_0689,PASS,AttentiveFP,4,host_cold,2,0.6574146747589111
1230,3,759,OC[C@H]1O[C@@H]2O[C@@H]3[C@@H](CO)O[C@H](O[C@@H]4[C@@H](CO)O[C@H](O[C@@H]5[C@@H](CO)O[C@H](O[C@@H]6[C@@H](CO)O[C@H](O[C@@H]7[C@@H](CO)O[C@H](O[C@@H]8[C@@H](CO)O[C@H](O[C@H]1[C@H](O)[C@H]2O)[C@H](O)[C@H]8O)[C@H](O)[C@H]7O)[C@H](O)[C@H]6O)[C@H](O)[C@H]5O)[C@H](O)[C@H]4O)[C@H](O)[C@H]3O,CC(CCC(=O)NCCS(=O)(=O)[O-])C1CCC2C1(C(CC3C2C(CC4C3(CCC(C4)O)C)O)O)C.[Na+],cyclodextrin,3.3603999614715576,OC[C@H]1O[C@@H]2O[C@H]3[C@H](O)[C@@H](O)[C@@H](O[C@H]4[C@H](O)[C@@H](O)[C@@H](O[C@H]5[C@H](O)[C@@H](O)[C@@H](O[C@H]6[C@H](O)[C@@H](O)[C@@H](O[C@H]7[C@H](O)[C@@H](O)[C@@H](O[C@H]8[C@H](O)[C@@H](O)[C@@H](O[C@H]1[C@H](O)[C@H]2O)O[C@@H]8CO)O[C@@H]7CO)O[C@@H]6CO)O[C@@H]5CO)O[C@@H]4CO)O[C@@H]3CO,22584443D9512992310760C9871E3E6BDB3EDC92006F3EF1EC94F44373907EB1,HOST_CAN_0176,PASS,CC(CCC(=O)NCCS(=O)(=O)[O-])C1CCC2C3C(O)CC4CC(O)CCC4(C)C3CC(O)C12C.[Na+],3E62E939F78F11C7DC524969E9A1AF26554F07532EABA61AAA8478E5B9C280F1,GUEST_CAN_0169,PASS,AttentiveFP,4,host_cold,2,3.558349609375
1232,125,650,[Na]OS(=O)(=O)CCCOc1ccc(c2c1CN1C(=O)N3[C@]4([C@@]1(N(C2)C(=O)N4CN1[C@@]2(N(C3)C(=O)N3[C@@H]2N(C1=O)CN1[C@@H]2N(C3)C(=O)N3[C@]2(C)N(C1=O)CN1[C@@]2(N(C3)C(=O)N3[C@]2(C)N(C1=O)Cc1c(C3)c(OCCCS(=O)(=O)O[Na])ccc1OCCCS(=O)(=O)O[Na])C)C)C)C)OCCCS(=O)(=O)O[Na],CC12CCC3C(C1CCC2O)CCC4=C3C=CC(=C4)O,other,4.792399883270264,C[C@]12[C@H]3N4CN5C(=O)N6CN7C(=O)N8Cc9c(OCCCS(=O)(=O)[O][Na])ccc(OCCCS(=O)(=O)[O][Na])c9CN9C(=O)N(CN%10C(=O)N(CN3C(=O)N1CN1C(=O)N3Cc%11c(OCCCS(=O)(=O)[O][Na])ccc(OCCCS(=O)(=O)[O][Na])c%11CN%11C(=O)N(CN2C4=O)[C@]1(C)[C@@]3%11C)[C@@H]5[C@]%106C)[C@]7(C)[C@@]89C,6655E742DDAE6A5857CFC3FAA80FCCF84A4CB9CBDED2995FB1F915E7618100DC,HOST_CAN_0093,PASS,CC12CCC3c4ccc(O)cc4CCC3C1CCC2O,2577B97C27E10D71995A6E6E8BF6D1D13506298C5D929838D33C4A134A561C78,GUEST_CAN_0234,PASS,AttentiveFP,4,host_cold,2,5.222504615783691
1234,23,257,OC[C@H]1O[C@@H]2O[C@@H]3[C@@H](CO)O[C@H](O[C@@H]4[C@@H](CO)O[C@H](O[C@@H]5[C@@H](CO)O[C@H](O[C@@H]6[C@@H](CO)O[C@H](O[C@@H]7[C@@H](CO)O[C@H](O[C@H]1[C@H](O)[C@H]2O)[C@H](O)[C@H]7O)[C@H](O)[C@H]6O)[C@H](O)[C@H]5O)[C@H](O)[C@H]4O)[C@H](O)[C@H]3O,[B-]C#N.[Na+],cyclodextrin,2.0594000816345215,OC[C@H]1O[C@@H]2O[C@H]3[C@H](O)[C@@H](O)[C@@H](O[C@H]4[C@H](O)[C@@H](O)[C@@H](O[C@H]5[C@H](O)[C@@H](O)[C@@H](O[C@H]6[C@H](O)[C@@H](O)[C@@H](O[C@H]7[C@H](O)[C@@H](O)[C@@H](O[C@H]1[C@H](O)[C@H]2O)O[C@@H]7CO)O[C@@H]6CO)O[C@@H]5CO)O[C@@H]4CO)O[C@@H]3CO,9CB41F926A4386D7C0E23599753E6EDC60802BE1DCF577DB9B32CBB20691DB1D,HOST_CAN_0175,PASS,[B-]C#N.[Na+],6E772614713BBC86FC89ED5E24C8307A59F018048CC86C967F9B9862D42B8DE7,GUEST_CAN_1011,PASS,AttentiveFP,4,host_cold,2,2.080371141433716
1235,31,22,[Li+].[Li+].COP(OC)(=O)CC1=CC(=CC(=C1)NC(CCCNCC1=C(C=CC=C1)B(O)O)=O)CP([O-])([O-])=O,CNCC(C1=CC(=C(C=C1)O)O)O,other,2.3136000633239746,COP(=O)(Cc1cc(CP(=O)([O-])[O-])cc(NC(=O)CCCNCc2ccccc2B(O)O)c1)OC.[Li+].[Li+],7C21E70373346443530CC627F376BB4B733535AF04E79A7E4ACEFF4D5857B371,HOST_CAN_0066,PASS,CNCC(O)c1ccc(O)c(O)c1,6ECE6CFFF6E84A2846BFDF3E647E6C18CCEA435B77A528E23C38803D697997FC,GUEST_CAN_0428,PASS,AttentiveFP,4,host_cold,2,2.7832884788513184
1243,57,766,O=S(OC1=C2C(C3C4=CC5=C(C=C4C2C3)C6C7=C(C5C6)C=CC=C7)=C(OS(=O)([O-])=O)C8=C1C9C%10=CC(C%11C(C=CC=C%12)=C%12C%13C%11)=C%13C=C%10C8C9)([O-])=O.[Na+].[Na+],C(CC(C(=O)O)N)CN=C(N)N.Cl,other,3.1552999019622803,O=S(=O)([O-])Oc1c2c(c(OS(=O)(=O)[O-])c3c1C1CC3c3cc4c(cc31)C1CC4c3ccccc31)C1CC2c2cc3c(cc21)C1CC3c2ccccc21.[Na+].[Na+],5412FB52C8CBD58449E920A6B0055A7974AA5ED214A245A72F491F8E36BD048F,HOST_CAN_0161,PASS,Cl.NC(N)=NCCCC(N)C(=O)O,DCEE3A60E82EAC732CD6486BBD889ECB153461C3185992B7BB902D00316BB9B5,GUEST_CAN_0685,PASS,AttentiveFP,4,host_cold,2,2.8126463890075684
1247,3,628,OC[C@H]1O[C@@H]2O[C@@H]3[C@@H](CO)O[C@H](O[C@@H]4[C@@H](CO)O[C@H](O[C@@H]5[C@@H](CO)O[C@H](O[C@@H]6[C@@H](CO)O[C@H](O[C@@H]7[C@@H](CO)O[C@H](O[C@@H]8[C@@H](CO)O[C@H](O[C@H]1[C@H](O)[C@H]2O)[C@H](O)[C@H]8O)[C@H](O)[C@H]7O)[C@H](O)[C@H]6O)[C@H](O)[C@H]5O)[C@H](O)[C@H]4O)[C@H](O)[C@H]3O,CC(C(=O)OC)NC(=O)OC(C)(C)C,cyclodextrin,2.8189001083374023,OC[C@H]1O[C@@H]2O[C@H]3[C@H](O)[C@@H](O)[C@@H](O[C@H]4[C@H](O)[C@@H](O)[C@@H](O[C@H]5[C@H](O)[C@@H](O)[C@@H](O[C@H]6[C@H](O)[C@@H](O)[C@@H](O[C@H]7[C@H](O)[C@@H](O)[C@@H](O[C@H]8[C@H](O)[C@@H](O)[C@@H](O[C@H]1[C@H](O)[C@H]2O)O[C@@H]8CO)O[C@@H]7CO)O[C@@H]6CO)O[C@@H]5CO)O[C@@H]4CO)O[C@@H]3CO,22584443D9512992310760C9871E3E6BDB3EDC92006F3EF1EC94F44373907EB1,HOST_CAN_0176,PASS,COC(=O)C(C)NC(=O)OC(C)(C)C,F48D03FFE68C03D11ED8BFFCD21DD8BB01245203603FC7AB5EE431C6CE389B36,GUEST_CAN_0435,PASS,AttentiveFP,4,host_cold,2,2.0368103981018066
1249,3,716,OC[C@H]1O[C@@H]2O[C@@H]3[C@@H](CO)O[C@H](O[C@@H]4[C@@H](CO)O[C@H](O[C@@H]5[C@@H](CO)O[C@H](O[C@@H]6[C@@H](CO)O[C@H](O[C@@H]7[C@@H](CO)O[C@H](O[C@@H]8[C@@H](CO)O[C@H](O[C@H]1[C@H](O)[C@H]2O)[C@H](O)[C@H]8O)[C@H](O)[C@H]7O)[C@H](O)[C@H]6O)[C@H](O)[C@H]5O)[C@H](O)[C@H]4O)[C@H](O)[C@H]3O,CC(=O)NC(CC1=CC=CC=C1)C(=O)O,cyclodextrin,1.7832000255584717,OC[C@H]1O[C@@H]2O[C@H]3[C@H](O)[C@@H](O)[C@@H](O[C@H]4[C@H](O)[C@@H](O)[C@@H](O[C@H]5[C@H](O)[C@@H](O)[C@@H](O[C@H]6[C@H](O)[C@@H](O)[C@@H](O[C@H]7[C@H](O)[C@@H](O)[C@@H](O[C@H]8[C@H](O)[C@@H](O)[C@@H](O[C@H]1[C@H](O)[C@H]2O)O[C@@H]8CO)O[C@@H]7CO)O[C@@H]6CO)O[C@@H]5CO)O[C@@H]4CO)O[C@@H]3CO,22584443D9512992310760C9871E3E6BDB3EDC92006F3EF1EC94F44373907EB1,HOST_CAN_0176,PASS,CC(=O)NC(Cc1ccccc1)C(=O)O,CC6FA7DBAD7ADEBC07F58FAA2BE6025206B6C31CC0D76EDEE142CE8D1EDA6C03,GUEST_CAN_0074,PASS,AttentiveFP,4,host_cold,2,2.226719379425049
1250,89,768,O[C@@H]1[C@@H](O)[C@H](O[C@@H]2[C@H](O)[C@@H](O)[C@H](O3)[C@@H](COCCCCS(=O)([O-])=O)O2)[C@@H](COCCCCS(=O)([O-])=O)O[C@@H]1O[C@H]4[C@H](O)[C@@H](O)[C@@H](O[C@@H]5[C@@H](O)[C@H](O)[C@H](O[C@@H]6[C@@H](O)[C@H](O)[C@H](O[C@@H]7[C@@H](O)[C@H](O)[C@H](O[C@@H]8[C@@H](O)[C@H](O)[C@H]3O[C@H]8COCCCCS(=O)([O-])=O)O[C@H]7COCCCCS(=O)([O-])=O)O[C@H]6COCCCCS(=O)([O-])=O)O[C@H]5COCCCCS(=O)([O-])=O)O[C@@H]4COCCCCS(=O)([O-])=O.[Na+].[Na+].[Na+].[Na+].[Na+].[Na+].[Na+],CCNC1=C(C=C2C(=C1)OC3=CC(=[NH+]CC)C(=CC3=C2C4=CC=CC=C4C(=O)OCC)C)C.[Cl-],cyclodextrin,6.805500030517578,O=S(=O)([O-])CCCCOC[C@@H]1O[C@H]2O[C@@H]3[C@@H](O)[C@H](O)[C@H](O[C@H]4[C@H](O)[C@@H](O)[C@@H](O[C@H]5[C@H](O)[C@@H](O)[C@@H](O[C@H]6[C@H](O)[C@@H](O)[C@@H](O[C@@H]7[C@@H](O)[C@H](O)[C@H](O[C@@H]8[C@@H](O)[C@H](O)[C@H](O[C@@H]1[C@@H](O)[C@@H]2O)O[C@H]8COCCCCS(=O)(=O)[O-])O[C@H]7COCCCCS(=O)(=O)[O-])O[C@@H]6COCCCCS(=O)(=O)[O-])O[C@@H]5COCCCCS(=O)(=O)[O-])O[C@@H]4COCCCCS(=O)(=O)[O-])O[C@H]3COCCCCS(=O)(=O)[O-].[Na+].[Na+].[Na+].[Na+].[Na+].[Na+].[Na+],0EF453A8FEAB2DBB346A347C51767F5C4A37ED4747250CEC0BCF3880BBC2D023,HOST_CAN_0157,PASS,CCNc1cc2oc3cc(=[NH+]CC)c(C)cc-3c(-c3ccccc3C(=O)OCC)c2cc1C.[Cl-],7747AE094C60B01CC68A562B284C6966F13F3487956DAAB5A7B13BEFB4A724EF,GUEST_CAN_0359,PASS,AttentiveFP,4,host_cold,2,5.457261085510254
1251,23,474,OC[C@H]1O[C@@H]2O[C@@H]3[C@@H](CO)O[C@H](O[C@@H]4[C@@H](CO)O[C@H](O[C@@H]5[C@@H](CO)O[C@H](O[C@@H]6[C@@H](CO)O[C@H](O[C@@H]7[C@@H](CO)O[C@H](O[C@H]1[C@H](O)[C@H]2O)[C@H](O)[C@H]7O)[C@H](O)[C@H]6O)[C@H](O)[C@H]5O)[C@H](O)[C@H]4O)[C@H](O)[C@H]3O,C(CCCC(=O)O)CCCN,cyclodextrin,2.990000009536743,OC[C@H]1O[C@@H]2O[C@H]3[C@H](O)[C@@H](O)[C@@H](O[C@H]4[C@H](O)[C@@H](O)[C@@H](O[C@H]5[C@H](O)[C@@H](O)[C@@H](O[C@H]6[C@H](O)[C@@H](O)[C@@H](O[C@H]7[C@H](O)[C@@H](O)[C@@H](O[C@H]1[C@H](O)[C@H]2O)O[C@@H]7CO)O[C@@H]6CO)O[C@@H]5CO)O[C@@H]4CO)O[C@@H]3CO,9CB41F926A4386D7C0E23599753E6EDC60802BE1DCF577DB9B32CBB20691DB1D,HOST_CAN_0175,PASS,NCCCCCCCC(=O)O,C8E9A59B55CF547F7EA389C2DEA6D81C745542382F5063690CFB4A9F82E76996,GUEST_CAN_0790,PASS,AttentiveFP,4,host_cold,2,2.0224177837371826
1252,73,593,C1C2=CC(=CC(=C2O)CC3=CC(=CC(=C3O)CC4=CC(=CC(=C4O)CC5=C(C(=CC(=C5)S(=O)(=O)O)CC6=C(C1=CC(=C6)S(=O)(=O)O)O)O)S(=O)(=O)O)S(=O)(=O)O)S(=O)(=O)O,C[N+](C)(C)CC1=CC=C([N+]([O-])=O)C=C1,calixarene,5.100399971008301,O=S(=O)(O)c1cc2c(O)c(c1)Cc1cc(S(=O)(=O)O)cc(c1O)Cc1cc(S(=O)(=O)O)cc(c1O)Cc1cc(S(=O)(=O)O)cc(c1O)Cc1cc(S(=O)(=O)O)cc(c1O)C2,CE64A1CA71928E5DE79CF9633E11D44D0BC2C175AB3D980BF8052807605CA8CC,HOST_CAN_0155,PASS,C[N+](C)(C)Cc1ccc([N+](=O)[O-])cc1,C81DFE1142CCEAC17EA508E9FB9CE73991FEBBC991F7E13643BFF32A03784961,GUEST_CAN_0576,PASS,AttentiveFP,4,host_cold,2,4.1913371086120605
1253,3,769,OC[C@H]1O[C@@H]2O[C@@H]3[C@@H](CO)O[C@H](O[C@@H]4[C@@H](CO)O[C@H](O[C@@H]5[C@@H](CO)O[C@H](O[C@@H]6[C@@H](CO)O[C@H](O[C@@H]7[C@@H](CO)O[C@H](O[C@@H]8[C@@H](CO)O[C@H](O[C@H]1[C@H](O)[C@H]2O)[C@H](O)[C@H]8O)[C@H](O)[C@H]7O)[C@H](O)[C@H]6O)[C@H](O)[C@H]5O)[C@H](O)[C@H]4O)[C@H](O)[C@H]3O,CN(CCC=C1C2=CC=CC=C2CCC2=CC=CC=C12)C,cyclodextrin,3.913800001144409,OC[C@H]1O[C@@H]2O[C@H]3[C@H](O)[C@@H](O)[C@@H](O[C@H]4[C@H](O)[C@@H](O)[C@@H](O[C@H]5[C@H](O)[C@@H](O)[C@@H](O[C@H]6[C@H](O)[C@@H](O)[C@@H](O[C@H]7[C@H](O)[C@@H](O)[C@@H](O[C@H]8[C@H](O)[C@@H](O)[C@@H](O[C@H]1[C@H](O)[C@H]2O)O[C@@H]8CO)O[C@@H]7CO)O[C@@H]6CO)O[C@@H]5CO)O[C@@H]4CO)O[C@@H]3CO,22584443D9512992310760C9871E3E6BDB3EDC92006F3EF1EC94F44373907EB1,HOST_CAN_0176,PASS,CN(C)CCC=C1c2ccccc2CCc2ccccc21,5F30B9C5CF4C88F6E8549CF540E62A5F8C8A2848962E402DCF312A323BF4FEAB,GUEST_CAN_0394,PASS,AttentiveFP,4,host_cold,2,2.4522504806518555
1256,3,771,OC[C@H]1O[C@@H]2O[C@@H]3[C@@H](CO)O[C@H](O[C@@H]4[C@@H](CO)O[C@H](O[C@@H]5[C@@H](CO)O[C@H](O[C@@H]6[C@@H](CO)O[C@H](O[C@@H]7[C@@H](CO)O[C@H](O[C@@H]8[C@@H](CO)O[C@H](O[C@H]1[C@H](O)[C@H]2O)[C@H](O)[C@H]8O)[C@H](O)[C@H]7O)[C@H](O)[C@H]6O)[C@H](O)[C@H]5O)[C@H](O)[C@H]4O)[C@H](O)[C@H]3O,C1=C(C=CC=2OC3=CC=CC=C3SC12)C1=NC2=CC=CC=C2N=C1,cyclodextrin,3.34689998626709,OC[C@H]1O[C@@H]2O[C@H]3[C@H](O)[C@@H](O)[C@@H](O[C@H]4[C@H](O)[C@@H](O)[C@@H](O[C@H]5[C@H](O)[C@@H](O)[C@@H](O[C@H]6[C@H](O)[C@@H](O)[C@@H](O[C@H]7[C@H](O)[C@@H](O)[C@@H](O[C@H]8[C@H](O)[C@@H](O)[C@@H](O[C@H]1[C@H](O)[C@H]2O)O[C@@H]8CO)O[C@@H]7CO)O[C@@H]6CO)O[C@@H]5CO)O[C@@H]4CO)O[C@@H]3CO,22584443D9512992310760C9871E3E6BDB3EDC92006F3EF1EC94F44373907EB1,HOST_CAN_0176,PASS,c1ccc2c(c1)Oc1ccc(-c3cnc4ccccc4n3)cc1S2,A6043F0C9FD50BC4E07C29142E39E39042F4D0643FE9F522166C653F2871B357,GUEST_CAN_1138,PASS,AttentiveFP,4,host_cold,2,3.293586254119873
1266,159,774,CCCCCCOc1c2Cc3cc(cc(c3OCCCCCC)Cc3cc(cc(c3OCCCCCC)Cc3cc(cc(Cc4c(c(Cc5c(c(Cc1cc(c2)S(=O)(=O)[O-])cc(c5)S(=O)(=O)[O-])OCCCCCC)cc(c4)S(=O)(=O)[O-])OCCCCCC)c3OCCCCCC)S(=O)(=O)[O-])S(=O)(=O)[O-])S(=O)(=O)[O-],[Tb+3],calixarene,5.672100067138672,CCCCCCOc1c2cc(S(=O)(=O)[O-])cc1Cc1cc(S(=O)(=O)[O-])cc(c1OCCCCCC)Cc1cc(S(=O)(=O)[O-])cc(c1OCCCCCC)Cc1cc(S(=O)(=O)[O-])cc(c1OCCCCCC)Cc1cc(S(=O)(=O)[O-])cc(c1OCCCCCC)Cc1cc(S(=O)(=O)[O-])cc(c1OCCCCCC)C2,01CBB54F6C94047AC1A8BB7B7BEC7EE2A260A4A1EC23A8796F6DBB39F19C192F,HOST_CAN_0029,PASS,[Tb+3],C2FDA4C0E826EDB775328B3FE74A1C888B5C053B2E06E09EC014A7C88C28AB2E,GUEST_CAN_1114,PASS,AttentiveFP,4,host_cold,2,3.4396450519561768
1290,42,57,OC1=C(CC2=CC(S(=O)([O-])=O)=CC(CC(C=C3S(=O)([O-])=O)=C4OCC(N)=O)=C2O)C=C(S(=O)([O-])=O)C=C1CC5=CC(S(=O)([O-])=O)=CC(CC4=C3)=C5O,OC(=O)C1CCCN1,calixarene,2.56469988822937,NC(=O)COc1c2cc(S(=O)(=O)[O-])cc1Cc1cc(S(=O)(=O)[O-])cc(c1O)Cc1cc(S(=O)(=O)[O-])cc(c1O)Cc1cc(S(=O)(=O)[O-])cc(c1O)C2,1F2BEDA02D00DC2C1A2D3A5BD5460849E045F21D3B673D4626094BA71BDA0464,HOST_CAN_0104,PASS,O=C(O)C1CCCN1,089AB51F23001BB951B8422598AD8ED1DBAD90EB1049857FB2A03F150DA120BA,GUEST_CAN_0869,PASS,AttentiveFP,4,host_cold,2,2.285956859588623
1291,3,784,OC[C@H]1O[C@@H]2O[C@@H]3[C@@H](CO)O[C@H](O[C@@H]4[C@@H](CO)O[C@H](O[C@@H]5[C@@H](CO)O[C@H](O[C@@H]6[C@@H](CO)O[C@H](O[C@@H]7[C@@H](CO)O[C@H](O[C@@H]8[C@@H](CO)O[C@H](O[C@H]1[C@H](O)[C@H]2O)[C@H](O)[C@H]8O)[C@H](O)[C@H]7O)[C@H](O)[C@H]6O)[C@H](O)[C@H]5O)[C@H](O)[C@H]4O)[C@H](O)[C@H]3O,CN(C)C1=CC2=C(C=C1)C=C3C=CC(=CC3=N2)N(C)C,cyclodextrin,3.079200029373169,OC[C@H]1O[C@@H]2O[C@H]3[C@H](O)[C@@H](O)[C@@H](O[C@H]4[C@H](O)[C@@H](O)[C@@H](O[C@H]5[C@H](O)[C@@H](O)[C@@H](O[C@H]6[C@H](O)[C@@H](O)[C@@H](O[C@H]7[C@H](O)[C@@H](O)[C@@H](O[C@H]8[C@H](O)[C@@H](O)[C@@H](O[C@H]1[C@H](O)[C@H]2O)O[C@@H]8CO)O[C@@H]7CO)O[C@@H]6CO)O[C@@H]5CO)O[C@@H]4CO)O[C@@H]3CO,22584443D9512992310760C9871E3E6BDB3EDC92006F3EF1EC94F44373907EB1,HOST_CAN_0176,PASS,CN(C)c1ccc2cc3ccc(N(C)C)cc3nc2c1,B01660FA273EBCFE59AB1C867972962232559D4B4DCE034AA7574DC7411A7D1D,GUEST_CAN_0409,PASS,AttentiveFP,4,host_cold,2,2.7294697761535645
1293,106,35,CCCOC1=C2CC3=CC(P(OC)(O[Li])=O)=CC(CC4=C(OCCC)C(CC5=C(OCCC)C(CC1=CC(P(OC)(O[Li])=O)=C2)=CC(P(OC)(O[Li])=O)=C5)=CC(P(OC)(O[Li])=O)=C4)=C3OCCC,CC(C(C1=CC=CC=C1)O)N.Cl,calixarene,1.7633999586105347,[Li][O]P(=O)(OC)c1cc2c(OCCC)c(c1)Cc1cc(P(=O)([O][Li])OC)cc(c1OCCC)Cc1cc(P(=O)([O][Li])OC)cc(c1OCCC)Cc1cc(P(=O)([O][Li])OC)cc(c1OCCC)C2,7E35E77A746111D0F7C2AD48B4236AD5F23EBD686B02C0BEF4D3F0D97CE016F4,HOST_CAN_0180,PASS,CC(N)C(O)c1ccccc1.Cl,F3CBF8AD0B3694DB4AF6CFE0D68F9D32EE1559DDDF9FC432AE2D1BBD4B3B4403,GUEST_CAN_0181,PASS,AttentiveFP,4,host_cold,2,1.6148502826690674
1297,158,406,C[C@H](C(NC1=CC=CC(C2=C(I)N([C@H](C)C(NC3=CC=CC(C4=C(I)N([C@H](C)C5=O)N=N4)=N3)=O)N=N2)=N1)=O)N6N=NC(C7=CC=CC(N5)=N7)=C6I,CCCC[N+](CCCC)(CCCC)CCCC.[Cl-],other,3.3550000190734863,C[C@@H]1C(=O)Nc2cccc(n2)-c2nnn(c2I)[C@H](C)C(=O)Nc2cccc(n2)-c2nnn(c2I)[C@H](C)C(=O)Nc2cccc(n2)-c2nnn1c2I,BF5A668BEAD04113CCC725A48DCD8DFE5BCBFFC115F87579E1B5C070BCD96197,HOST_CAN_0083,PASS,CCCC[N+](CCCC)(CCCC)CCCC.[Cl-],98322306CD8D2EE1FC0B30A96ADB07D77C4823F49CB80B37D40EC2A8BE6D6F00,GUEST_CAN_0317,PASS,AttentiveFP,4,host_cold,2,4.611392974853516
1303,3,597,OC[C@H]1O[C@@H]2O[C@@H]3[C@@H](CO)O[C@H](O[C@@H]4[C@@H](CO)O[C@H](O[C@@H]5[C@@H](CO)O[C@H](O[C@@H]6[C@@H](CO)O[C@H](O[C@@H]7[C@@H](CO)O[C@H](O[C@@H]8[C@@H](CO)O[C@H](O[C@H]1[C@H](O)[C@H]2O)[C@H](O)[C@H]8O)[C@H](O)[C@H]7O)[C@H](O)[C@H]6O)[C@H](O)[C@H]5O)[C@H](O)[C@H]4O)[C@H](O)[C@H]3O,CC1(C2CC1C(C(C2)O)(C)O)C,cyclodextrin,3.808199882507324,OC[C@H]1O[C@@H]2O[C@H]3[C@H](O)[C@@H](O)[C@@H](O[C@H]4[C@H](O)[C@@H](O)[C@@H](O[C@H]5[C@H](O)[C@@H](O)[C@@H](O[C@H]6[C@H](O)[C@@H](O)[C@@H](O[C@H]7[C@H](O)[C@@H](O)[C@@H](O[C@H]8[C@H](O)[C@@H](O)[C@@H](O[C@H]1[C@H](O)[C@H]2O)O[C@@H]8CO)O[C@@H]7CO)O[C@@H]6CO)O[C@@H]5CO)O[C@@H]4CO)O[C@@H]3CO,22584443D9512992310760C9871E3E6BDB3EDC92006F3EF1EC94F44373907EB1,HOST_CAN_0176,PASS,CC1(C)C2CC(O)C(C)(O)C1C2,282648BC7918009015B793E35AB95D54DF929FE66B51C8939C09BC59415459E8,GUEST_CAN_0203,PASS,AttentiveFP,4,host_cold,2,2.6418521404266357
1305,3,786,OC[C@H]1O[C@@H]2O[C@@H]3[C@@H](CO)O[C@H](O[C@@H]4[C@@H](CO)O[C@H](O[C@@H]5[C@@H](CO)O[C@H](O[C@@H]6[C@@H](CO)O[C@H](O[C@@H]7[C@@H](CO)O[C@H](O[C@@H]8[C@@H](CO)O[C@H](O[C@H]1[C@H](O)[C@H]2O)[C@H](O)[C@H]8O)[C@H](O)[C@H]7O)[C@H](O)[C@H]6O)[C@H](O)[C@H]5O)[C@H](O)[C@H]4O)[C@H](O)[C@H]3O,C1=CC=C(C=C1)COC(CO)C(CO)O,cyclodextrin,1.919100046157837,OC[C@H]1O[C@@H]2O[C@H]3[C@H](O)[C@@H](O)[C@@H](O[C@H]4[C@H](O)[C@@H](O)[C@@H](O[C@H]5[C@H](O)[C@@H](O)[C@@H](O[C@H]6[C@H](O)[C@@H](O)[C@@H](O[C@H]7[C@H](O)[C@@H](O)[C@@H](O[C@H]8[C@H](O)[C@@H](O)[C@@H](O[C@H]1[C@H](O)[C@H]2O)O[C@@H]8CO)O[C@@H]7CO)O[C@@H]6CO)O[C@@H]5CO)O[C@@H]4CO)O[C@@H]3CO,22584443D9512992310760C9871E3E6BDB3EDC92006F3EF1EC94F44373907EB1,HOST_CAN_0176,PASS,OCC(O)C(CO)OCc1ccccc1,8906B3804F609D2E70FAF27B257231E1FC14025999ACF8003AA6BE242FE272A9,GUEST_CAN_0967,PASS,AttentiveFP,4,host_cold,2,2.4352612495422363
1306,23,428,OC[C@H]1O[C@@H]2O[C@@H]3[C@@H](CO)O[C@H](O[C@@H]4[C@@H](CO)O[C@H](O[C@@H]5[C@@H](CO)O[C@H](O[C@@H]6[C@@H](CO)O[C@H](O[C@@H]7[C@@H](CO)O[C@H](O[C@H]1[C@H](O)[C@H]2O)[C@H](O)[C@H]7O)[C@H](O)[C@H]6O)[C@H](O)[C@H]5O)[C@H](O)[C@H]4O)[C@H](O)[C@H]3O,FC(S(=O)(=O)[O-])(F)F.[Na+],cyclodextrin,0.7781999707221985,OC[C@H]1O[C@@H]2O[C@H]3[C@H](O)[C@@H](O)[C@@H](O[C@H]4[C@H](O)[C@@H](O)[C@@H](O[C@H]5[C@H](O)[C@@H](O)[C@@H](O[C@H]6[C@H](O)[C@@H](O)[C@@H](O[C@H]7[C@H](O)[C@@H](O)[C@@H](O[C@H]1[C@H](O)[C@H]2O)O[C@@H]7CO)O[C@@H]6CO)O[C@@H]5CO)O[C@@H]4CO)O[C@@H]3CO,9CB41F926A4386D7C0E23599753E6EDC60802BE1DCF577DB9B32CBB20691DB1D,HOST_CAN_0175,PASS,O=S(=O)([O-])C(F)(F)F.[Na+],07342045B9C55572D8E458E5295B1D6E4E6E29B7DBCAD161C4F57723BA371812,GUEST_CAN_0933,PASS,AttentiveFP,4,host_cold,2,2.062180995941162
1313,122,472,CC(C)(C)C1=CC(=C(C=C1)NC(=O)NC2=CC=C(C=C2)OC)C#CC3=CC(=CC(=C3)OC)C#CC4=C(C=CC(=C4)C(C)(C)C)NC(=O)NC5=CC=C(C=C5)OC,CCCC[N+](CCCC)(CCCC)CCCC.[Br-],other,3.0,COc1ccc(NC(=O)Nc2ccc(C(C)(C)C)cc2C#Cc2cc(C#Cc3cc(C(C)(C)C)ccc3NC(=O)Nc3ccc(OC)cc3)cc(OC)c2)cc1,D21F40FE6961DC5FE75A1A0699511BDB052F920FB1661CF34BFCAD5E05B4B593,HOST_CAN_0073,PASS,CCCC[N+](CCCC)(CCCC)CCCC.[Br-],6DD8DD4627FCB94C4F4125FAFF1BB3C1B5671EA4BD5502CBFB668600B9692E59,GUEST_CAN_0316,PASS,AttentiveFP,4,host_cold,2,3.455566644668579
1318,23,420,OC[C@H]1O[C@@H]2O[C@@H]3[C@@H](CO)O[C@H](O[C@@H]4[C@@H](CO)O[C@H](O[C@@H]5[C@@H](CO)O[C@H](O[C@@H]6[C@@H](CO)O[C@H](O[C@@H]7[C@@H](CO)O[C@H](O[C@H]1[C@H](O)[C@H]2O)[C@H](O)[C@H]7O)[C@H](O)[C@H]6O)[C@H](O)[C@H]5O)[C@H](O)[C@H]4O)[C@H](O)[C@H]3O,CCCCCCC[NH3+],cyclodextrin,3.033400058746338,OC[C@H]1O[C@@H]2O[C@H]3[C@H](O)[C@@H](O)[C@@H](O[C@H]4[C@H](O)[C@@H](O)[C@@H](O[C@H]5[C@H](O)[C@@H](O)[C@@H](O[C@H]6[C@H](O)[C@@H](O)[C@@H](O[C@H]7[C@H](O)[C@@H](O)[C@@H](O[C@H]1[C@H](O)[C@H]2O)O[C@@H]7CO)O[C@@H]6CO)O[C@@H]5CO)O[C@@H]4CO)O[C@@H]3CO,9CB41F926A4386D7C0E23599753E6EDC60802BE1DCF577DB9B32CBB20691DB1D,HOST_CAN_0175,PASS,CCCCCCC[NH3+],8B86E80E7A606F90A3E142792E25022A151B83C91A5DF63798EDA4A621EE932C,GUEST_CAN_0294,PASS,AttentiveFP,4,host_cold,2,1.67490816116333
1322,5,795,CCc1c2Oc3cc4cc(c3)[C@@H]3Oc5cc6O[C@@H]7c8cc(Oc1cc(c2)C(=O)O)cc(c8)Oc1cc(cc(c1CC)Oc1cc2cc(c1)[C@H]1Oc8cc(O7)c7C(c6cc5C(c5c(O3)cc3O[C@@H](c6cc(Oc9c(c(O4)cc(c9)C(=O)O)CC)cc(c6)Oc4cc(cc(O2)c4CC)C(=O)O)Oc2c([C@@H](c3c5)CCC(=O)O)cc([C@H](c8c7)CCC(=O)O)c(O1)c2)CCC(=O)O)CCC(=O)O)C(=O)O,C1=CC=C2C=C(C(=CC2=C1)C(=O)O)O,other,3.295099973678589,CCc1c2cc(C(=O)O)cc1Oc1cc3cc(c1)[C@H]1Oc4cc5c6cc4C(CCC(=O)O)c4cc7c(cc4O1)O[C@H]1Oc4cc8c(cc4[C@H]7CCC(=O)O)[C@H](CCC(=O)O)c4cc(c7cc4O[C@H](O8)c4cc(cc(c4)Oc4cc(C(=O)O)cc(c4CC)Oc4cc(cc1c4)Oc1cc(C(=O)O)cc(c1CC)O3)Oc1cc(C(=O)O)cc(c1CC)Oc1cc(cc(c1)[C@H](O5)O7)O2)C6CCC(=O)O,E72F5867663E6DAEB989707EF89DA7249ADCC77F45C9B940616AAB4553C73AA2,HOST_CAN_0048,PASS,O=C(O)c1cc2ccccc2cc1O,ED2AA3550EE4BA5A4099B17620624445CE39708FAA976730AB51482D40F5320B,GUEST_CAN_0882,PASS,AttentiveFP,4,host_cold,2,4.829079627990723
1329,36,115,C1CCC2C(C1)OCCOCCOC3CCCCC3OCCOCCO2,[K+],crown_ether,2.200000047683716,C1CCC2OCCOCCOC3CCCCC3OCCOCCOC2C1,6324056DD7B8D486CDD96CAFC63AEDD5DD6528EA1F170F5E566BD0A62E2BF929,HOST_CAN_0001,PASS,[K+],E83A78F45A613BB8008932667E03FF097984CF2701657EB6EA0AB517A34DEC0B,GUEST_CAN_1068,PASS,AttentiveFP,4,host_cold,2,2.1428000926971436
1341,3,554,OC[C@H]1O[C@@H]2O[C@@H]3[C@@H](CO)O[C@H](O[C@@H]4[C@@H](CO)O[C@H](O[C@@H]5[C@@H](CO)O[C@H](O[C@@H]6[C@@H](CO)O[C@H](O[C@@H]7[C@@H](CO)O[C@H](O[C@@H]8[C@@H](CO)O[C@H](O[C@H]1[C@H](O)[C@H]2O)[C@H](O)[C@H]8O)[C@H](O)[C@H]7O)[C@H](O)[C@H]6O)[C@H](O)[C@H]5O)[C@H](O)[C@H]4O)[C@H](O)[C@H]3O,CCN(CC)C1=CC2=C(C=C1)C=C3C=CC(=[N+](CC)CC)C=C3O2.[Cl-],cyclodextrin,3.322200059890747,OC[C@H]1O[C@@H]2O[C@H]3[C@H](O)[C@@H](O)[C@@H](O[C@H]4[C@H](O)[C@@H](O)[C@@H](O[C@H]5[C@H](O)[C@@H](O)[C@@H](O[C@H]6[C@H](O)[C@@H](O)[C@@H](O[C@H]7[C@H](O)[C@@H](O)[C@@H](O[C@H]8[C@H](O)[C@@H](O)[C@@H](O[C@H]1[C@H](O)[C@H]2O)O[C@@H]8CO)O[C@@H]7CO)O[C@@H]6CO)O[C@@H]5CO)O[C@@H]4CO)O[C@@H]3CO,22584443D9512992310760C9871E3E6BDB3EDC92006F3EF1EC94F44373907EB1,HOST_CAN_0176,PASS,CCN(CC)c1ccc2cc3ccc(=[N+](CC)CC)cc-3oc2c1.[Cl-],1CA0D7F3C6191856A9E7DDC692EDF9D0072181FC20ACACA58CFA3867815AA858,GUEST_CAN_0354,PASS,AttentiveFP,4,host_cold,2,2.6338913440704346
1353,73,711,C1C2=CC(=CC(=C2O)CC3=CC(=CC(=C3O)CC4=CC(=CC(=C4O)CC5=C(C(=CC(=C5)S(=O)(=O)O)CC6=C(C1=CC(=C6)S(=O)(=O)O)O)O)S(=O)(=O)O)S(=O)(=O)O)S(=O)(=O)O,C[N+](C)(C)CC1=CC=CC=C1,calixarene,4.0,O=S(=O)(O)c1cc2c(O)c(c1)Cc1cc(S(=O)(=O)O)cc(c1O)Cc1cc(S(=O)(=O)O)cc(c1O)Cc1cc(S(=O)(=O)O)cc(c1O)Cc1cc(S(=O)(=O)O)cc(c1O)C2,CE64A1CA71928E5DE79CF9633E11D44D0BC2C175AB3D980BF8052807605CA8CC,HOST_CAN_0155,PASS,C[N+](C)(C)Cc1ccccc1,CDE012544980E620277F4811D00218A746C0B569EA3EE49252ACF41EF67EF8BE,GUEST_CAN_0578,PASS,AttentiveFP,4,host_cold,2,4.075311660766602
1360,3,675,OC[C@H]1O[C@@H]2O[C@@H]3[C@@H](CO)O[C@H](O[C@@H]4[C@@H](CO)O[C@H](O[C@@H]5[C@@H](CO)O[C@H](O[C@@H]6[C@@H](CO)O[C@H](O[C@@H]7[C@@H](CO)O[C@H](O[C@@H]8[C@@H](CO)O[C@H](O[C@H]1[C@H](O)[C@H]2O)[C@H](O)[C@H]8O)[C@H](O)[C@H]7O)[C@H](O)[C@H]6O)[C@H](O)[C@H]5O)[C@H](O)[C@H]4O)[C@H](O)[C@H]3O,CCO,cyclodextrin,1.9299999475479126,OC[C@H]1O[C@@H]2O[C@H]3[C@H](O)[C@@H](O)[C@@H](O[C@H]4[C@H](O)[C@@H](O)[C@@H](O[C@H]5[C@H](O)[C@@H](O)[C@@H](O[C@H]6[C@H](O)[C@@H](O)[C@@H](O[C@H]7[C@H](O)[C@@H](O)[C@@H](O[C@H]8[C@H](O)[C@@H](O)[C@@H](O[C@H]1[C@H](O)[C@H]2O)O[C@@H]8CO)O[C@@H]7CO)O[C@@H]6CO)O[C@@H]5CO)O[C@@H]4CO)O[C@@H]3CO,22584443D9512992310760C9871E3E6BDB3EDC92006F3EF1EC94F44373907EB1,HOST_CAN_0176,PASS,CCO,AB1DE819EDE91DF490E6441934DECFA9041B49F91D6BBADBBA4DF634CCFF57FA,GUEST_CAN_0361,PASS,AttentiveFP,4,host_cold,2,1.4216103553771973
1367,18,393,CC1=C2C3=CC4=C1OC5C6=CC7=CC(=C6)OC8=CC(=CC(=C8)C(=O)O)OC9=CC1=CC(=C9)C6OC8=C(C=C(C4CCC(=O)O)C(=C8C)O5)C(C4=C(O6)C(=C5C(=C4)C(C4=C6C(=C(C(=C4)C3CCC(=O)O)OC(O2)C2=CC(=CC(=C2)OC2=CC(=CC(=C2)C(=O)O)OC2=CC(=CC(=C2)C(O5)O6)OC2=CC(=CC(=C2)C(=O)O)O1)OC1=CC(=CC(=C1)C(=O)O)O7)C)CCC(=O)O)C)CCC(=O)O,CC(C(=O)O)(CC=C)C,cavitand,3.029400110244751,Cc1c2c3cc4c1OC1Oc5c(cc6c(c5C)OC5Oc7c(cc8c(c7C)OC7Oc9c(cc(c(c9C)OC(O2)c2cc9cc(c2)Oc2cc(cc(C(=O)O)c2)Oc2cc(cc7c2)Oc2cc(cc(C(=O)O)c2)Oc2cc(cc5c2)Oc2cc(cc(C(=O)O)c2)Oc2cc(cc1c2)Oc1cc(cc(C(=O)O)c1)O9)C3CCC(=O)O)C8CCC(=O)O)C6CCC(=O)O)C4CCC(=O)O,326FFD4B5C5565D32207155C0B129AE16AFCA7B3342F0DAD815C24AB8DFA8483,HOST_CAN_0099,PASS,C=CCC(C)(C)C(=O)O,7A277F8950B7F161775E624E31A7234B87C9D24EC354999D20B7511D018BA08A,GUEST_CAN_0044,PASS,AttentiveFP,4,host_cold,2,3.8987252712249756
1371,151,201,C(C(=O)O)N(CC(=O)O)C1C(=O)NC(=O)NC1=O,[Li+],other,5.609600067138672,O=C(O)CN(CC(=O)O)C1C(=O)NC(=O)NC1=O,A79CF0157A796F0CD50BB6A621709E83B2F5701A5982B3FC05B4D244283FD579,HOST_CAN_0122,PASS,[Li+],A7557B375892DC7E581DDC6CA9773574F95B6514113F07A19BDE6059504332FE,GUEST_CAN_1071,PASS,AttentiveFP,4,host_cold,2,1.2638037204742432
1375,73,299,C1C2=CC(=CC(=C2O)CC3=CC(=CC(=C3O)CC4=CC(=CC(=C4O)CC5=C(C(=CC(=C5)S(=O)(=O)O)CC6=C(C1=CC(=C6)S(=O)(=O)O)O)O)S(=O)(=O)O)S(=O)(=O)O)S(=O)(=O)O,C[N+](C)(C)C,calixarene,3.5999999046325684,O=S(=O)(O)c1cc2c(O)c(c1)Cc1cc(S(=O)(=O)O)cc(c1O)Cc1cc(S(=O)(=O)O)cc(c1O)Cc1cc(S(=O)(=O)O)cc(c1O)Cc1cc(S(=O)(=O)O)cc(c1O)C2,CE64A1CA71928E5DE79CF9633E11D44D0BC2C175AB3D980BF8052807605CA8CC,HOST_CAN_0155,PASS,C[N+](C)(C)C,4E668A15DBFB99CEF4E591194E4A7EBF203DDD98D3B5437DF2A209A639A7A83B,GUEST_CAN_0552,PASS,AttentiveFP,4,host_cold,2,3.9827096462249756
1377,3,813,OC[C@H]1O[C@@H]2O[C@@H]3[C@@H](CO)O[C@H](O[C@@H]4[C@@H](CO)O[C@H](O[C@@H]5[C@@H](CO)O[C@H](O[C@@H]6[C@@H](CO)O[C@H](O[C@@H]7[C@@H](CO)O[C@H](O[C@@H]8[C@@H](CO)O[C@H](O[C@H]1[C@H](O)[C@H]2O)[C@H](O)[C@H]8O)[C@H](O)[C@H]7O)[C@H](O)[C@H]6O)[C@H](O)[C@H]5O)[C@H](O)[C@H]4O)[C@H](O)[C@H]3O,CC1(CCCCC1)O,cyclodextrin,3.060699939727783,OC[C@H]1O[C@@H]2O[C@H]3[C@H](O)[C@@H](O)[C@@H](O[C@H]4[C@H](O)[C@@H](O)[C@@H](O[C@H]5[C@H](O)[C@@H](O)[C@@H](O[C@H]6[C@H](O)[C@@H](O)[C@@H](O[C@H]7[C@H](O)[C@@H](O)[C@@H](O[C@H]8[C@H](O)[C@@H](O)[C@@H](O[C@H]1[C@H](O)[C@H]2O)O[C@@H]8CO)O[C@@H]7CO)O[C@@H]6CO)O[C@@H]5CO)O[C@@H]4CO)O[C@@H]3CO,22584443D9512992310760C9871E3E6BDB3EDC92006F3EF1EC94F44373907EB1,HOST_CAN_0176,PASS,CC1(O)CCCCC1,D19DC95285D97272923632D80021AE3C0567FC9499A9C611A5D4F6D56F1392FD,GUEST_CAN_0214,PASS,AttentiveFP,4,host_cold,2,1.7720379829406738
1378,23,814,OC[C@H]1O[C@@H]2O[C@@H]3[C@@H](CO)O[C@H](O[C@@H]4[C@@H](CO)O[C@H](O[C@@H]5[C@@H](CO)O[C@H](O[C@@H]6[C@@H](CO)O[C@H](O[C@@H]7[C@@H](CO)O[C@H](O[C@H]1[C@H](O)[C@H]2O)[C@H](O)[C@H]7O)[C@H](O)[C@H]6O)[C@H](O)[C@H]5O)[C@H](O)[C@H]4O)[C@H](O)[C@H]3O,CC(C(=O)[O-])CC,cyclodextrin,1.3710999488830566,OC[C@H]1O[C@@H]2O[C@H]3[C@H](O)[C@@H](O)[C@@H](O[C@H]4[C@H](O)[C@@H](O)[C@@H](O[C@H]5[C@H](O)[C@@H](O)[C@@H](O[C@H]6[C@H](O)[C@@H](O)[C@@H](O[C@H]7[C@H](O)[C@@H](O)[C@@H](O[C@H]1[C@H](O)[C@H]2O)O[C@@H]7CO)O[C@@H]6CO)O[C@@H]5CO)O[C@@H]4CO)O[C@@H]3CO,9CB41F926A4386D7C0E23599753E6EDC60802BE1DCF577DB9B32CBB20691DB1D,HOST_CAN_0175,PASS,CCC(C)C(=O)[O-],D8F6E112074C0312BC3E9416264984BE10774523FBC526A9D2D831DF1E0BE24A,GUEST_CAN_0257,PASS,AttentiveFP,4,host_cold,2,1.9586472511291504
1379,22,282,Oc1c2Sc3cc(cc(c3O)Sc3cc(cc(Sc4c(c(Sc1cc(c2)S(=O)(=O)O)cc(c4)S(=O)(=O)O)O)c3O)S(=O)(=O)O)S(=O)(=O)O,C[N+](Cc1ccccc1)(C)C.[Cl-],calixarene,3.2699999809265137,O=S(=O)(O)c1cc2c(O)c(c1)Sc1cc(S(=O)(=O)O)cc(c1O)Sc1cc(S(=O)(=O)O)cc(c1O)Sc1cc(S(=O)(=O)O)cc(c1O)S2,5FE888C1FB51BDA35D21231A31EDB8203ACD56DD9744D0C6B83351EC668D4256,HOST_CAN_0156,PASS,C[N+](C)(C)Cc1ccccc1.[Cl-],E2B72B1017236ED2C69E32C9B5E76732BCFAE5D22D33A5C5E5E41D1D3289A9C6,GUEST_CAN_0579,PASS,AttentiveFP,4,host_cold,2,4.447935104370117
1384,23,817,OC[C@H]1O[C@@H]2O[C@@H]3[C@@H](CO)O[C@H](O[C@@H]4[C@@H](CO)O[C@H](O[C@@H]5[C@@H](CO)O[C@H](O[C@@H]6[C@@H](CO)O[C@H](O[C@@H]7[C@@H](CO)O[C@H](O[C@H]1[C@H](O)[C@H]2O)[C@H](O)[C@H]7O)[C@H](O)[C@H]6O)[C@H](O)[C@H]5O)[C@H](O)[C@H]4O)[C@H](O)[C@H]3O,CCCC([NH3+])C,cyclodextrin,1.2922999858856201,OC[C@H]1O[C@@H]2O[C@H]3[C@H](O)[C@@H](O)[C@@H](O[C@H]4[C@H](O)[C@@H](O)[C@@H](O[C@H]5[C@H](O)[C@@H](O)[C@@H](O[C@H]6[C@H](O)[C@@H](O)[C@@H](O[C@H]7[C@H](O)[C@@H](O)[C@@H](O[C@H]1[C@H](O)[C@H]2O)O[C@@H]7CO)O[C@@H]6CO)O[C@@H]5CO)O[C@@H]4CO)O[C@@H]3CO,9CB41F926A4386D7C0E23599753E6EDC60802BE1DCF577DB9B32CBB20691DB1D,HOST_CAN_0175,PASS,CCCC(C)[NH3+],81988626E2560BC57F3C0B34E836A38C64CC6181B90A6B59D7418BF09B94355F,GUEST_CAN_0267,PASS,AttentiveFP,4,host_cold,2,1.6740269660949707
1386,18,139,CC1=C2C3=CC4=C1OC5C6=CC7=CC(=C6)OC8=CC(=CC(=C8)C(=O)O)OC9=CC1=CC(=C9)C6OC8=C(C=C(C4CCC(=O)O)C(=C8C)O5)C(C4=C(O6)C(=C5C(=C4)C(C4=C6C(=C(C(=C4)C3CCC(=O)O)OC(O2)C2=CC(=CC(=C2)OC2=CC(=CC(=C2)C(=O)O)OC2=CC(=CC(=C2)C(O5)O6)OC2=CC(=CC(=C2)C(=O)O)O1)OC1=CC(=CC(=C1)C(=O)O)O7)C)CCC(=O)O)C)CCC(=O)O,[O-][Re](=O)(=O)=O.[Na+],cavitand,3.4019999504089355,Cc1c2c3cc4c1OC1Oc5c(cc6c(c5C)OC5Oc7c(cc8c(c7C)OC7Oc9c(cc(c(c9C)OC(O2)c2cc9cc(c2)Oc2cc(cc(C(=O)O)c2)Oc2cc(cc7c2)Oc2cc(cc(C(=O)O)c2)Oc2cc(cc5c2)Oc2cc(cc(C(=O)O)c2)Oc2cc(cc1c2)Oc1cc(cc(C(=O)O)c1)O9)C3CCC(=O)O)C8CCC(=O)O)C6CCC(=O)O)C4CCC(=O)O,326FFD4B5C5565D32207155C0B129AE16AFCA7B3342F0DAD815C24AB8DFA8483,HOST_CAN_0099,PASS,[Na+].[O]=[Re](=[O])(=[O])[O-],AF42F34AEEF70F9C56B1206AC16DC33D9D7E4B4A26CD3297530031FB0691E687,GUEST_CAN_1102,PASS,AttentiveFP,4,host_cold,2,2.845266342163086
1398,3,824,OC[C@H]1O[C@@H]2O[C@@H]3[C@@H](CO)O[C@H](O[C@@H]4[C@@H](CO)O[C@H](O[C@@H]5[C@@H](CO)O[C@H](O[C@@H]6[C@@H](CO)O[C@H](O[C@@H]7[C@@H](CO)O[C@H](O[C@@H]8[C@@H](CO)O[C@H](O[C@H]1[C@H](O)[C@H]2O)[C@H](O)[C@H]8O)[C@H](O)[C@H]7O)[C@H](O)[C@H]6O)[C@H](O)[C@H]5O)[C@H](O)[C@H]4O)[C@H](O)[C@H]3O,CN(C)C(C=C1)=CC=C1C2=CN=C(C3=CC=C(S(=O)([O-])=O)C=C3)O2,cyclodextrin,3.7393999099731445,OC[C@H]1O[C@@H]2O[C@H]3[C@H](O)[C@@H](O)[C@@H](O[C@H]4[C@H](O)[C@@H](O)[C@@H](O[C@H]5[C@H](O)[C@@H](O)[C@@H](O[C@H]6[C@H](O)[C@@H](O)[C@@H](O[C@H]7[C@H](O)[C@@H](O)[C@@H](O[C@H]8[C@H](O)[C@@H](O)[C@@H](O[C@H]1[C@H](O)[C@H]2O)O[C@@H]8CO)O[C@@H]7CO)O[C@@H]6CO)O[C@@H]5CO)O[C@@H]4CO)O[C@@H]3CO,22584443D9512992310760C9871E3E6BDB3EDC92006F3EF1EC94F44373907EB1,HOST_CAN_0176,PASS,CN(C)c1ccc(-c2cnc(-c3ccc(S(=O)(=O)[O-])cc3)o2)cc1,9C25E8C7AB70A0295DF6E29A7120FF9119385CBC7EFD910E202795AEAAF1E63B,GUEST_CAN_0400,PASS,AttentiveFP,4,host_cold,2,2.9823317527770996
1400,4,652,[Na]OS(=O)(=O)CCCCOC=1C=C(C=CC1)[C@@H]1N=C(OC1)CC1=C(C(=C(C(=C1C)CC=1OC[C@@H](N1)C1=CC(=CC=C1)OCCCCS(=O)(=O)O[Na])C)CC=1OC[C@@H](N1)C1=CC(=CC=C1)OCCCCS(=O)(=O)O[Na])C,Cl.COC(C(N)CC1=CC=C(C=C1)O)=O,other,1.8128999471664429,Cc1c(CC2=N[C@@H](c3cccc(OCCCCS(=O)(=O)[O][Na])c3)CO2)c(C)c(CC2=N[C@@H](c3cccc(OCCCCS(=O)(=O)[O][Na])c3)CO2)c(C)c1CC1=N[C@@H](c2cccc(OCCCCS(=O)(=O)[O][Na])c2)CO1,9E3429786C624B72E8FD089068975D2A1C33E04632FEA26EF01294722587A124,HOST_CAN_0098,PASS,COC(=O)C(N)Cc1ccc(O)cc1.Cl,EEFCE178F706B4BC72EA91A0EC8B91A444D69422C16131691CE36F31C88A27CC,GUEST_CAN_0441,PASS,AttentiveFP,4,host_cold,2,2.5606019496917725
1405,3,829,OC[C@H]1O[C@@H]2O[C@@H]3[C@@H](CO)O[C@H](O[C@@H]4[C@@H](CO)O[C@H](O[C@@H]5[C@@H](CO)O[C@H](O[C@@H]6[C@@H](CO)O[C@H](O[C@@H]7[C@@H](CO)O[C@H](O[C@@H]8[C@@H](CO)O[C@H](O[C@H]1[C@H](O)[C@H]2O)[C@H](O)[C@H]8O)[C@H](O)[C@H]7O)[C@H](O)[C@H]6O)[C@H](O)[C@H]5O)[C@H](O)[C@H]4O)[C@H](O)[C@H]3O,CCNC1=CC2=C(C=C1C)N=C3C=C(C(=[NH+]CC)C=C3S2)C.[Cl-],cyclodextrin,3.2040998935699463,OC[C@H]1O[C@@H]2O[C@H]3[C@H](O)[C@@H](O)[C@@H](O[C@H]4[C@H](O)[C@@H](O)[C@@H](O[C@H]5[C@H](O)[C@@H](O)[C@@H](O[C@H]6[C@H](O)[C@@H](O)[C@@H](O[C@H]7[C@H](O)[C@@H](O)[C@@H](O[C@H]8[C@H](O)[C@@H](O)[C@@H](O[C@H]1[C@H](O)[C@H]2O)O[C@@H]8CO)O[C@@H]7CO)O[C@@H]6CO)O[C@@H]5CO)O[C@@H]4CO)O[C@@H]3CO,22584443D9512992310760C9871E3E6BDB3EDC92006F3EF1EC94F44373907EB1,HOST_CAN_0176,PASS,CCNc1cc2sc3cc(=[NH+]CC)c(C)cc-3nc2cc1C.[Cl-],19C26AD006328D12550A2D55BDD939615A2CED4C153AFE80A1BB5EE616919B1D,GUEST_CAN_0360,PASS,AttentiveFP,4,host_cold,2,2.8979363441467285
1406,36,201,C1CCC2C(C1)OCCOCCOC3CCCCC3OCCOCCO2,[Li+],crown_ether,0.5999000072479248,C1CCC2OCCOCCOC3CCCCC3OCCOCCOC2C1,6324056DD7B8D486CDD96CAFC63AEDD5DD6528EA1F170F5E566BD0A62E2BF929,HOST_CAN_0001,PASS,[Li+],A7557B375892DC7E581DDC6CA9773574F95B6514113F07A19BDE6059504332FE,GUEST_CAN_1071,PASS,AttentiveFP,4,host_cold,2,1.4682610034942627
1408,36,831,C1CCC2C(C1)OCCOCCOC3CCCCC3OCCOCCO2,[Hg+2],crown_ether,2.75,C1CCC2OCCOCCOC3CCCCC3OCCOCCOC2C1,6324056DD7B8D486CDD96CAFC63AEDD5DD6528EA1F170F5E566BD0A62E2BF929,HOST_CAN_0001,PASS,[Hg+2],343A0123432F4D2383ADFFDDBF90D049CD563D8EAEA854FAD39391B2847FC953,GUEST_CAN_1061,PASS,AttentiveFP,4,host_cold,2,3.0705699920654297
1418,3,835,OC[C@H]1O[C@@H]2O[C@@H]3[C@@H](CO)O[C@H](O[C@@H]4[C@@H](CO)O[C@H](O[C@@H]5[C@@H](CO)O[C@H](O[C@@H]6[C@@H](CO)O[C@H](O[C@@H]7[C@@H](CO)O[C@H](O[C@@H]8[C@@H](CO)O[C@H](O[C@H]1[C@H](O)[C@H]2O)[C@H](O)[C@H]8O)[C@H](O)[C@H]7O)[C@H](O)[C@H]6O)[C@H](O)[C@H]5O)[C@H](O)[C@H]4O)[C@H](O)[C@H]3O,OC1=CC(OC2=CC(=CC=C12)OC)=O,cyclodextrin,1.9084999561309814,OC[C@H]1O[C@@H]2O[C@H]3[C@H](O)[C@@H](O)[C@@H](O[C@H]4[C@H](O)[C@@H](O)[C@@H](O[C@H]5[C@H](O)[C@@H](O)[C@@H](O[C@H]6[C@H](O)[C@@H](O)[C@@H](O[C@H]7[C@H](O)[C@@H](O)[C@@H](O[C@H]8[C@H](O)[C@@H](O)[C@@H](O[C@H]1[C@H](O)[C@H]2O)O[C@@H]8CO)O[C@@H]7CO)O[C@@H]6CO)O[C@@H]5CO)O[C@@H]4CO)O[C@@H]3CO,22584443D9512992310760C9871E3E6BDB3EDC92006F3EF1EC94F44373907EB1,HOST_CAN_0176,PASS,COc1ccc2c(O)cc(=O)oc2c1,BDA9B25EC59469580246CD74B087CA523D1B8DB0CC89C2E5E545A4957CADE801,GUEST_CAN_0493,PASS,AttentiveFP,4,host_cold,2,2.4806418418884277
1419,3,493,OC[C@H]1O[C@@H]2O[C@@H]3[C@@H](CO)O[C@H](O[C@@H]4[C@@H](CO)O[C@H](O[C@@H]5[C@@H](CO)O[C@H](O[C@@H]6[C@@H](CO)O[C@H](O[C@@H]7[C@@H](CO)O[C@H](O[C@@H]8[C@@H](CO)O[C@H](O[C@H]1[C@H](O)[C@H]2O)[C@H](O)[C@H]8O)[C@H](O)[C@H]7O)[C@H](O)[C@H]6O)[C@H](O)[C@H]5O)[C@H](O)[C@H]4O)[C@H](O)[C@H]3O,CN(C)C1=CC2=C(C=C1)C=C3C=CC(=[N+](C)C)C=C3O2.[Cl-],cyclodextrin,2.602099895477295,OC[C@H]1O[C@@H]2O[C@H]3[C@H](O)[C@@H](O)[C@@H](O[C@H]4[C@H](O)[C@@H](O)[C@@H](O[C@H]5[C@H](O)[C@@H](O)[C@@H](O[C@H]6[C@H](O)[C@@H](O)[C@@H](O[C@H]7[C@H](O)[C@@H](O)[C@@H](O[C@H]8[C@H](O)[C@@H](O)[C@@H](O[C@H]1[C@H](O)[C@H]2O)O[C@@H]8CO)O[C@@H]7CO)O[C@@H]6CO)O[C@@H]5CO)O[C@@H]4CO)O[C@@H]3CO,22584443D9512992310760C9871E3E6BDB3EDC92006F3EF1EC94F44373907EB1,HOST_CAN_0176,PASS,CN(C)c1ccc2cc3ccc(=[N+](C)C)cc-3oc2c1.[Cl-],09C33AD7D97BCD0CF7E33A68D5F01BA82738CB4449F7F2B099A7A5ED61D70654,GUEST_CAN_0408,PASS,AttentiveFP,4,host_cold,2,2.9336752891540527
1422,3,144,OC[C@H]1O[C@@H]2O[C@@H]3[C@@H](CO)O[C@H](O[C@@H]4[C@@H](CO)O[C@H](O[C@@H]5[C@@H](CO)O[C@H](O[C@@H]6[C@@H](CO)O[C@H](O[C@@H]7[C@@H](CO)O[C@H](O[C@@H]8[C@@H](CO)O[C@H](O[C@H]1[C@H](O)[C@H]2O)[C@H](O)[C@H]8O)[C@H](O)[C@H]7O)[C@H](O)[C@H]6O)[C@H](O)[C@H]5O)[C@H](O)[C@H]4O)[C@H](O)[C@H]3O,CCCCCCCC[NH3+],cyclodextrin,2.623199939727783,OC[C@H]1O[C@@H]2O[C@H]3[C@H](O)[C@@H](O)[C@@H](O[C@H]4[C@H](O)[C@@H](O)[C@@H](O[C@H]5[C@H](O)[C@@H](O)[C@@H](O[C@H]6[C@H](O)[C@@H](O)[C@@H](O[C@H]7[C@H](O)[C@@H](O)[C@@H](O[C@H]8[C@H](O)[C@@H](O)[C@@H](O[C@H]1[C@H](O)[C@H]2O)O[C@@H]8CO)O[C@@H]7CO)O[C@@H]6CO)O[C@@H]5CO)O[C@@H]4CO)O[C@@H]3CO,22584443D9512992310760C9871E3E6BDB3EDC92006F3EF1EC94F44373907EB1,HOST_CAN_0176,PASS,CCCCCCCC[NH3+],1178012123C2560013F8A9850D3C737CDE7A80F90877A96DCDCEC52AF0305D60,GUEST_CAN_0290,PASS,AttentiveFP,4,host_cold,2,1.5638198852539062
1425,22,271,Oc1c2Sc3cc(cc(c3O)Sc3cc(cc(Sc4c(c(Sc1cc(c2)S(=O)(=O)O)cc(c4)S(=O)(=O)O)O)c3O)S(=O)(=O)O)S(=O)(=O)O,C1=CC=NC(=C1)N,calixarene,2.7184998989105225,O=S(=O)(O)c1cc2c(O)c(c1)Sc1cc(S(=O)(=O)O)cc(c1O)Sc1cc(S(=O)(=O)O)cc(c1O)Sc1cc(S(=O)(=O)O)cc(c1O)S2,5FE888C1FB51BDA35D21231A31EDB8203ACD56DD9744D0C6B83351EC668D4256,HOST_CAN_0156,PASS,Nc1ccccn1,37A89CEE84BAFA4BA4E4333AD3051B9409462C09645E500B0AEB6FECD2D14118,GUEST_CAN_0839,PASS,AttentiveFP,4,host_cold,2,2.9644765853881836
1427,23,523,OC[C@H]1O[C@@H]2O[C@@H]3[C@@H](CO)O[C@H](O[C@@H]4[C@@H](CO)O[C@H](O[C@@H]5[C@@H](CO)O[C@H](O[C@@H]6[C@@H](CO)O[C@H](O[C@@H]7[C@@H](CO)O[C@H](O[C@H]1[C@H](O)[C@H]2O)[C@H](O)[C@H]7O)[C@H](O)[C@H]6O)[C@H](O)[C@H]5O)[C@H](O)[C@H]4O)[C@H](O)[C@H]3O,C(C(=O)O)N,cyclodextrin,2.75,OC[C@H]1O[C@@H]2O[C@H]3[C@H](O)[C@@H](O)[C@@H](O[C@H]4[C@H](O)[C@@H](O)[C@@H](O[C@H]5[C@H](O)[C@@H](O)[C@@H](O[C@H]6[C@H](O)[C@@H](O)[C@@H](O[C@H]7[C@H](O)[C@@H](O)[C@@H](O[C@H]1[C@H](O)[C@H]2O)O[C@@H]7CO)O[C@@H]6CO)O[C@@H]5CO)O[C@@H]4CO)O[C@@H]3CO,9CB41F926A4386D7C0E23599753E6EDC60802BE1DCF577DB9B32CBB20691DB1D,HOST_CAN_0175,PASS,NCC(=O)O,30FE3809EFBE5F6B082D9B94D27A0C7C9ECD1364A816D59C3D31CE32BCDF848E,GUEST_CAN_0774,PASS,AttentiveFP,4,host_cold,2,1.685410737991333
1430,3,840,OC[C@H]1O[C@@H]2O[C@@H]3[C@@H](CO)O[C@H](O[C@@H]4[C@@H](CO)O[C@H](O[C@@H]5[C@@H](CO)O[C@H](O[C@@H]6[C@@H](CO)O[C@H](O[C@@H]7[C@@H](CO)O[C@H](O[C@@H]8[C@@H](CO)O[C@H](O[C@H]1[C@H](O)[C@H]2O)[C@H](O)[C@H]8O)[C@H](O)[C@H]7O)[C@H](O)[C@H]6O)[C@H](O)[C@H]5O)[C@H](O)[C@H]4O)[C@H](O)[C@H]3O,NC1=CC=2C(C3=CC=CC=C3C2C=C1)O,cyclodextrin,3.7291998863220215,OC[C@H]1O[C@@H]2O[C@H]3[C@H](O)[C@@H](O)[C@@H](O[C@H]4[C@H](O)[C@@H](O)[C@@H](O[C@H]5[C@H](O)[C@@H](O)[C@@H](O[C@H]6[C@H](O)[C@@H](O)[C@@H](O[C@H]7[C@H](O)[C@@H](O)[C@@H](O[C@H]8[C@H](O)[C@@H](O)[C@@H](O[C@H]1[C@H](O)[C@H]2O)O[C@@H]8CO)O[C@@H]7CO)O[C@@H]6CO)O[C@@H]5CO)O[C@@H]4CO)O[C@@H]3CO,22584443D9512992310760C9871E3E6BDB3EDC92006F3EF1EC94F44373907EB1,HOST_CAN_0176,PASS,Nc1ccc2c(c1)C(O)c1ccccc1-2,D38795C1F3F110E9AA856B71C021742505C69A655F6EF62506B5E44FC785B780,GUEST_CAN_0830,PASS,AttentiveFP,4,host_cold,2,2.5862693786621094
1433,36,842,C1CCC2C(C1)OCCOCCOC3CCCCC3OCCOCCO2,[Pb+2],crown_ether,4.899799823760986,C1CCC2OCCOCCOC3CCCCC3OCCOCCOC2C1,6324056DD7B8D486CDD96CAFC63AEDD5DD6528EA1F170F5E566BD0A62E2BF929,HOST_CAN_0001,PASS,[Pb+2],A8E61765CCB16C0DF61E3FA6705171596628B9855EA18AD3B2B3834135EC54B6,GUEST_CAN_1108,PASS,AttentiveFP,4,host_cold,2,2.3706560134887695
1434,18,6,CC1=C2C3=CC4=C1OC5C6=CC7=CC(=C6)OC8=CC(=CC(=C8)C(=O)O)OC9=CC1=CC(=C9)C6OC8=C(C=C(C4CCC(=O)O)C(=C8C)O5)C(C4=C(O6)C(=C5C(=C4)C(C4=C6C(=C(C(=C4)C3CCC(=O)O)OC(O2)C2=CC(=CC(=C2)OC2=CC(=CC(=C2)C(=O)O)OC2=CC(=CC(=C2)C(O5)O6)OC2=CC(=CC(=C2)C(=O)O)O1)OC1=CC(=CC(=C1)C(=O)O)O7)C)CCC(=O)O)C)CCC(=O)O,CC1=CC=C(C=C1)C(=O)O,cavitand,4.8892998695373535,Cc1c2c3cc4c1OC1Oc5c(cc6c(c5C)OC5Oc7c(cc8c(c7C)OC7Oc9c(cc(c(c9C)OC(O2)c2cc9cc(c2)Oc2cc(cc(C(=O)O)c2)Oc2cc(cc7c2)Oc2cc(cc(C(=O)O)c2)Oc2cc(cc5c2)Oc2cc(cc(C(=O)O)c2)Oc2cc(cc1c2)Oc1cc(cc(C(=O)O)c1)O9)C3CCC(=O)O)C8CCC(=O)O)C6CCC(=O)O)C4CCC(=O)O,326FFD4B5C5565D32207155C0B129AE16AFCA7B3342F0DAD815C24AB8DFA8483,HOST_CAN_0099,PASS,Cc1ccc(C(=O)O)cc1,77120D4F215B3F6A20DC92D31FF568A8A5CC2FD03CD35785CF05B48416FB8C9C,GUEST_CAN_0655,PASS,AttentiveFP,4,host_cold,2,4.272912979125977
1442,3,846,OC[C@H]1O[C@@H]2O[C@@H]3[C@@H](CO)O[C@H](O[C@@H]4[C@@H](CO)O[C@H](O[C@@H]5[C@@H](CO)O[C@H](O[C@@H]6[C@@H](CO)O[C@H](O[C@@H]7[C@@H](CO)O[C@H](O[C@@H]8[C@@H](CO)O[C@H](O[C@H]1[C@H](O)[C@H]2O)[C@H](O)[C@H]8O)[C@H](O)[C@H]7O)[C@H](O)[C@H]6O)[C@H](O)[C@H]5O)[C@H](O)[C@H]4O)[C@H](O)[C@H]3O,CC1(C2CCC1(C(=O)C2)CS(=O)(=O)O)C,cyclodextrin,2.751300096511841,OC[C@H]1O[C@@H]2O[C@H]3[C@H](O)[C@@H](O)[C@@H](O[C@H]4[C@H](O)[C@@H](O)[C@@H](O[C@H]5[C@H](O)[C@@H](O)[C@@H](O[C@H]6[C@H](O)[C@@H](O)[C@@H](O[C@H]7[C@H](O)[C@@H](O)[C@@H](O[C@H]8[C@H](O)[C@@H](O)[C@@H](O[C@H]1[C@H](O)[C@H]2O)O[C@@H]8CO)O[C@@H]7CO)O[C@@H]6CO)O[C@@H]5CO)O[C@@H]4CO)O[C@@H]3CO,22584443D9512992310760C9871E3E6BDB3EDC92006F3EF1EC94F44373907EB1,HOST_CAN_0176,PASS,CC1(C)C2CCC1(CS(=O)(=O)O)C(=O)C2,9A14E769229967647EE3A0CE43872489AD19D866DDC78386663985161BE5F206,GUEST_CAN_0205,PASS,AttentiveFP,4,host_cold,2,2.303475856781006
1450,18,257,CC1=C2C3=CC4=C1OC5C6=CC7=CC(=C6)OC8=CC(=CC(=C8)C(=O)O)OC9=CC1=CC(=C9)C6OC8=C(C=C(C4CCC(=O)O)C(=C8C)O5)C(C4=C(O6)C(=C5C(=C4)C(C4=C6C(=C(C(=C4)C3CCC(=O)O)OC(O2)C2=CC(=CC(=C2)OC2=CC(=CC(=C2)C(=O)O)OC2=CC(=CC(=C2)C(O5)O6)OC2=CC(=CC(=C2)C(=O)O)O1)OC1=CC(=CC(=C1)C(=O)O)O7)C)CCC(=O)O)C)CCC(=O)O,[B-]C#N.[Na+],cavitand,2.014899969100952,Cc1c2c3cc4c1OC1Oc5c(cc6c(c5C)OC5Oc7c(cc8c(c7C)OC7Oc9c(cc(c(c9C)OC(O2)c2cc9cc(c2)Oc2cc(cc(C(=O)O)c2)Oc2cc(cc7c2)Oc2cc(cc(C(=O)O)c2)Oc2cc(cc5c2)Oc2cc(cc(C(=O)O)c2)Oc2cc(cc1c2)Oc1cc(cc(C(=O)O)c1)O9)C3CCC(=O)O)C8CCC(=O)O)C6CCC(=O)O)C4CCC(=O)O,326FFD4B5C5565D32207155C0B129AE16AFCA7B3342F0DAD815C24AB8DFA8483,HOST_CAN_0099,PASS,[B-]C#N.[Na+],6E772614713BBC86FC89ED5E24C8307A59F018048CC86C967F9B9862D42B8DE7,GUEST_CAN_1011,PASS,AttentiveFP,4,host_cold,2,2.207690477371216
1455,22,509,Oc1c2Sc3cc(cc(c3O)Sc3cc(cc(Sc4c(c(Sc1cc(c2)S(=O)(=O)O)cc(c4)S(=O)(=O)O)O)c3O)S(=O)(=O)O)S(=O)(=O)O,C[N+](C)(C)CC(=O)[O-],calixarene,1.079200029373169,O=S(=O)(O)c1cc2c(O)c(c1)Sc1cc(S(=O)(=O)O)cc(c1O)Sc1cc(S(=O)(=O)O)cc(c1O)Sc1cc(S(=O)(=O)O)cc(c1O)S2,5FE888C1FB51BDA35D21231A31EDB8203ACD56DD9744D0C6B83351EC668D4256,HOST_CAN_0156,PASS,C[N+](C)(C)CC(=O)[O-],CDF9A85CA59152226925EF410E18806C9C78B4FF8A35831070A291AB98CB9DD4,GUEST_CAN_0560,PASS,AttentiveFP,4,host_cold,2,3.616734027862549
1461,3,30,OC[C@H]1O[C@@H]2O[C@@H]3[C@@H](CO)O[C@H](O[C@@H]4[C@@H](CO)O[C@H](O[C@@H]5[C@@H](CO)O[C@H](O[C@@H]6[C@@H](CO)O[C@H](O[C@@H]7[C@@H](CO)O[C@H](O[C@@H]8[C@@H](CO)O[C@H](O[C@H]1[C@H](O)[C@H]2O)[C@H](O)[C@H]8O)[C@H](O)[C@H]7O)[C@H](O)[C@H]6O)[C@H](O)[C@H]5O)[C@H](O)[C@H]4O)[C@H](O)[C@H]3O,CCCCOC1=NC2=CC=CC=C2C(=C1)C(=O)NCCN(CC)CC.Cl,cyclodextrin,2.7929000854492188,OC[C@H]1O[C@@H]2O[C@H]3[C@H](O)[C@@H](O)[C@@H](O[C@H]4[C@H](O)[C@@H](O)[C@@H](O[C@H]5[C@H](O)[C@@H](O)[C@@H](O[C@H]6[C@H](O)[C@@H](O)[C@@H](O[C@H]7[C@H](O)[C@@H](O)[C@@H](O[C@H]8[C@H](O)[C@@H](O)[C@@H](O[C@H]1[C@H](O)[C@H]2O)O[C@@H]8CO)O[C@@H]7CO)O[C@@H]6CO)O[C@@H]5CO)O[C@@H]4CO)O[C@@H]3CO,22584443D9512992310760C9871E3E6BDB3EDC92006F3EF1EC94F44373907EB1,HOST_CAN_0176,PASS,CCCCOc1cc(C(=O)NCCN(CC)CC)c2ccccc2n1.Cl,9EE0A4C760C05959EF862E5A33BC41138F65BC2F1C0C020F262CB04579BA1A37,GUEST_CAN_0314,PASS,AttentiveFP,4,host_cold,2,2.3152949810028076
1475,3,277,OC[C@H]1O[C@@H]2O[C@@H]3[C@@H](CO)O[C@H](O[C@@H]4[C@@H](CO)O[C@H](O[C@@H]5[C@@H](CO)O[C@H](O[C@@H]6[C@@H](CO)O[C@H](O[C@@H]7[C@@H](CO)O[C@H](O[C@@H]8[C@@H](CO)O[C@H](O[C@H]1[C@H](O)[C@H]2O)[C@H](O)[C@H]8O)[C@H](O)[C@H]7O)[C@H](O)[C@H]6O)[C@H](O)[C@H]5O)[C@H](O)[C@H]4O)[C@H](O)[C@H]3O,C1CCC(CC1)C(C(=O)O)O,cyclodextrin,2.7802999019622803,OC[C@H]1O[C@@H]2O[C@H]3[C@H](O)[C@@H](O)[C@@H](O[C@H]4[C@H](O)[C@@H](O)[C@@H](O[C@H]5[C@H](O)[C@@H](O)[C@@H](O[C@H]6[C@H](O)[C@@H](O)[C@@H](O[C@H]7[C@H](O)[C@@H](O)[C@@H](O[C@H]8[C@H](O)[C@@H](O)[C@@H](O[C@H]1[C@H](O)[C@H]2O)O[C@@H]8CO)O[C@@H]7CO)O[C@@H]6CO)O[C@@H]5CO)O[C@@H]4CO)O[C@@H]3CO,22584443D9512992310760C9871E3E6BDB3EDC92006F3EF1EC94F44373907EB1,HOST_CAN_0176,PASS,O=C(O)C(O)C1CCCCC1,D147072B9CEBE6E5F03115921BABCAEDC15D884F87A1CE77EC427197F6EA4E79,GUEST_CAN_0858,PASS,AttentiveFP,4,host_cold,2,1.859133243560791
1487,57,128,O=S(OC1=C2C(C3C4=CC5=C(C=C4C2C3)C6C7=C(C5C6)C=CC=C7)=C(OS(=O)([O-])=O)C8=C1C9C%10=CC(C%11C(C=CC=C%12)=C%12C%13C%11)=C%13C=C%10C8C9)([O-])=O.[Na+].[Na+],CC(C(=O)NC(C)C(=O)O)NC(=O)C(CCCCN)N,other,3.5185000896453857,O=S(=O)([O-])Oc1c2c(c(OS(=O)(=O)[O-])c3c1C1CC3c3cc4c(cc31)C1CC4c3ccccc31)C1CC2c2cc3c(cc21)C1CC3c2ccccc21.[Na+].[Na+],5412FB52C8CBD58449E920A6B0055A7974AA5ED214A245A72F491F8E36BD048F,HOST_CAN_0161,PASS,CC(NC(=O)C(C)NC(=O)C(N)CCCCN)C(=O)O,6B60BD9D877B495644FFD1994D39DBA22E57ACB5DF9DF710853F9E07FADFADC2,GUEST_CAN_0185,PASS,AttentiveFP,4,host_cold,2,2.8156485557556152
1490,57,439,O=S(OC1=C2C(C3C4=CC5=C(C=C4C2C3)C6C7=C(C5C6)C=CC=C7)=C(OS(=O)([O-])=O)C8=C1C9C%10=CC(C%11C(C=CC=C%12)=C%12C%13C%11)=C%13C=C%10C8C9)([O-])=O.[Na+].[Na+],C(CCN)CC(C(=O)O)N.Cl,other,3.644399881362915,O=S(=O)([O-])Oc1c2c(c(OS(=O)(=O)[O-])c3c1C1CC3c3cc4c(cc31)C1CC4c3ccccc31)C1CC2c2cc3c(cc21)C1CC3c2ccccc21.[Na+].[Na+],5412FB52C8CBD58449E920A6B0055A7974AA5ED214A245A72F491F8E36BD048F,HOST_CAN_0161,PASS,Cl.NCCCCC(N)C(=O)O,8FFA886A41D9098D64B27B9C9886324CA1B4A58DAD526EF9C6AC5F51515F8B9D,GUEST_CAN_0688,PASS,AttentiveFP,4,host_cold,2,2.7534098625183105
1494,3,860,OC[C@H]1O[C@@H]2O[C@@H]3[C@@H](CO)O[C@H](O[C@@H]4[C@@H](CO)O[C@H](O[C@@H]5[C@@H](CO)O[C@H](O[C@@H]6[C@@H](CO)O[C@H](O[C@@H]7[C@@H](CO)O[C@H](O[C@@H]8[C@@H](CO)O[C@H](O[C@H]1[C@H](O)[C@H]2O)[C@H](O)[C@H]8O)[C@H](O)[C@H]7O)[C@H](O)[C@H]6O)[C@H](O)[C@H]5O)[C@H](O)[C@H]4O)[C@H](O)[C@H]3O,COC1=CC=C2C=CC(OC2=C1CC=C(C)C)=O,cyclodextrin,2.089600086212158,OC[C@H]1O[C@@H]2O[C@H]3[C@H](O)[C@@H](O)[C@@H](O[C@H]4[C@H](O)[C@@H](O)[C@@H](O[C@H]5[C@H](O)[C@@H](O)[C@@H](O[C@H]6[C@H](O)[C@@H](O)[C@@H](O[C@H]7[C@H](O)[C@@H](O)[C@@H](O[C@H]8[C@H](O)[C@@H](O)[C@@H](O[C@H]1[C@H](O)[C@H]2O)O[C@@H]8CO)O[C@@H]7CO)O[C@@H]6CO)O[C@@H]5CO)O[C@@H]4CO)O[C@@H]3CO,22584443D9512992310760C9871E3E6BDB3EDC92006F3EF1EC94F44373907EB1,HOST_CAN_0176,PASS,COc1ccc2ccc(=O)oc2c1CC=C(C)C,99031EFBA8A91FFCAB751BE8631B7193C9D9BEB764E3A0D643BC5E6D80C06D48,GUEST_CAN_0502,PASS,AttentiveFP,4,host_cold,2,2.53769588470459
1496,141,861,CC(C)(C)C1=CC2=C(C(=C1)CC3=CC(=CC(=C3OCC(=O)OC)CC4=CC(=CC(=C4OCC(=O)OC)CC5=C(C(=CC(=C5)C(C)(C)C)C2)OCC(=O)OC)C(C)(C)C)C(C)(C)C)OCC(=O)OC,NCCCNCCCCNCCCN,calixarene,6.924300193786621,COC(=O)COc1c2cc(C(C)(C)C)cc1Cc1cc(C(C)(C)C)cc(c1OCC(=O)OC)Cc1cc(C(C)(C)C)cc(c1OCC(=O)OC)Cc1cc(C(C)(C)C)cc(c1OCC(=O)OC)C2,73B080974E03CCE5E7AF3A160529C27640F25944AB15DBB90917A7E7BD8278A2,HOST_CAN_0054,PASS,NCCCNCCCCNCCCN,89EC2515667C6CC2F4199FFE131AE7FD274838F92C27EE7FE3B2B92748655134,GUEST_CAN_0802,PASS,AttentiveFP,4,host_cold,2,4.136139869689941
1500,159,587,CCCCCCOc1c2Cc3cc(cc(c3OCCCCCC)Cc3cc(cc(c3OCCCCCC)Cc3cc(cc(Cc4c(c(Cc5c(c(Cc1cc(c2)S(=O)(=O)[O-])cc(c5)S(=O)(=O)[O-])OCCCCCC)cc(c4)S(=O)(=O)[O-])OCCCCCC)c3OCCCCCC)S(=O)(=O)[O-])S(=O)(=O)[O-])S(=O)(=O)[O-],C[n+]1ccc(cc1)c1cc[n+](cc1)C.[I-].[I-],calixarene,5.591100215911865,CCCCCCOc1c2cc(S(=O)(=O)[O-])cc1Cc1cc(S(=O)(=O)[O-])cc(c1OCCCCCC)Cc1cc(S(=O)(=O)[O-])cc(c1OCCCCCC)Cc1cc(S(=O)(=O)[O-])cc(c1OCCCCCC)Cc1cc(S(=O)(=O)[O-])cc(c1OCCCCCC)Cc1cc(S(=O)(=O)[O-])cc(c1OCCCCCC)C2,01CBB54F6C94047AC1A8BB7B7BEC7EE2A260A4A1EC23A8796F6DBB39F19C192F,HOST_CAN_0029,PASS,C[n+]1ccc(-c2cc[n+](C)cc2)cc1.[I-].[I-],FCA491A8B5C9289D74A682B83E3A35C297EDED2C00F5851674CB19F5C3125200,GUEST_CAN_0624,PASS,AttentiveFP,4,host_cold,2,5.837921142578125
1501,3,864,OC[C@H]1O[C@@H]2O[C@@H]3[C@@H](CO)O[C@H](O[C@@H]4[C@@H](CO)O[C@H](O[C@@H]5[C@@H](CO)O[C@H](O[C@@H]6[C@@H](CO)O[C@H](O[C@@H]7[C@@H](CO)O[C@H](O[C@@H]8[C@@H](CO)O[C@H](O[C@H]1[C@H](O)[C@H]2O)[C@H](O)[C@H]8O)[C@H](O)[C@H]7O)[C@H](O)[C@H]6O)[C@H](O)[C@H]5O)[C@H](O)[C@H]4O)[C@H](O)[C@H]3O,[O-]C(=O)CCCc1ccccc1,cyclodextrin,2.6384999752044678,OC[C@H]1O[C@@H]2O[C@H]3[C@H](O)[C@@H](O)[C@@H](O[C@H]4[C@H](O)[C@@H](O)[C@@H](O[C@H]5[C@H](O)[C@@H](O)[C@@H](O[C@H]6[C@H](O)[C@@H](O)[C@@H](O[C@H]7[C@H](O)[C@@H](O)[C@@H](O[C@H]8[C@H](O)[C@@H](O)[C@@H](O[C@H]1[C@H](O)[C@H]2O)O[C@@H]8CO)O[C@@H]7CO)O[C@@H]6CO)O[C@@H]5CO)O[C@@H]4CO)O[C@@H]3CO,22584443D9512992310760C9871E3E6BDB3EDC92006F3EF1EC94F44373907EB1,HOST_CAN_0176,PASS,O=C([O-])CCCc1ccccc1,BFE9B2E7B7FBCE4C733C37C425FF71F231C8FD8A77BA43C6BF0E0CA68A90E548,GUEST_CAN_0900,PASS,AttentiveFP,4,host_cold,2,2.1052980422973633
1502,78,660,COC[C@@H]1O[C@H]2O[C@@H]3[C@@H](COC)O[C@@H]([C@@H]([C@H]3OC)OC)O[C@@H]3[C@@H](COC)O[C@@H]([C@@H]([C@H]3OC)OC)O[C@@H]3[C@@H](COC)O[C@@H]([C@@H]([C@H]3OC)OC)O[C@H]3[C@@H](O[C@@H](O[C@H]4[C@@H](O[C@@H](O[C@H]5[C@@H](O[C@@H](O[C@@H]1[C@H]([C@@H]2OC)OC)[C@@H](OC)[C@@H]5OC)COC)[C@@H](OC)[C@@H]4OC)COC)[C@@H](OC)[C@@H]3OC)COC,Nc1ccc(cc1)N=Nc1ccccc1,cyclodextrin,3.2002999782562256,COC[C@@H]1O[C@H]2O[C@@H]3[C@@H](OC)[C@H](OC)[C@H](O[C@H]4[C@H](OC)[C@@H](OC)[C@@H](O[C@H]5[C@H](OC)[C@@H](OC)[C@@H](O[C@H]6[C@H](OC)[C@@H](OC)[C@@H](O[C@@H]7[C@@H](OC)[C@H](OC)[C@H](O[C@@H]8[C@@H](OC)[C@H](OC)[C@H](O[C@@H]1[C@@H](OC)[C@@H]2OC)O[C@H]8COC)O[C@H]7COC)O[C@@H]6COC)O[C@@H]5COC)O[C@@H]4COC)O[C@H]3COC,4DBC704653D506001F39C2066C78337580D179894FB25234B01BA86A08D866EF,HOST_CAN_0061,PASS,Nc1ccc(N=Nc2ccccc2)cc1,758B8F886695362E3148DEDEC0BB55611DB0A0A2A53DAD1F9F03B40EC6809100,GUEST_CAN_0829,PASS,AttentiveFP,4,host_cold,2,2.777529239654541
1526,3,871,OC[C@H]1O[C@@H]2O[C@@H]3[C@@H](CO)O[C@H](O[C@@H]4[C@@H](CO)O[C@H](O[C@@H]5[C@@H](CO)O[C@H](O[C@@H]6[C@@H](CO)O[C@H](O[C@@H]7[C@@H](CO)O[C@H](O[C@@H]8[C@@H](CO)O[C@H](O[C@H]1[C@H](O)[C@H]2O)[C@H](O)[C@H]8O)[C@H](O)[C@H]7O)[C@H](O)[C@H]6O)[C@H](O)[C@H]5O)[C@H](O)[C@H]4O)[C@H](O)[C@H]3O,C(C)C=1C=C2C(=C(C(OC2=CC1OC)=O)C1=CC=C(O1)C(=O)OCC)O,cyclodextrin,2.845099925994873,OC[C@H]1O[C@@H]2O[C@H]3[C@H](O)[C@@H](O)[C@@H](O[C@H]4[C@H](O)[C@@H](O)[C@@H](O[C@H]5[C@H](O)[C@@H](O)[C@@H](O[C@H]6[C@H](O)[C@@H](O)[C@@H](O[C@H]7[C@H](O)[C@@H](O)[C@@H](O[C@H]8[C@H](O)[C@@H](O)[C@@H](O[C@H]1[C@H](O)[C@H]2O)O[C@@H]8CO)O[C@@H]7CO)O[C@@H]6CO)O[C@@H]5CO)O[C@@H]4CO)O[C@@H]3CO,22584443D9512992310760C9871E3E6BDB3EDC92006F3EF1EC94F44373907EB1,HOST_CAN_0176,PASS,CCOC(=O)c1ccc(-c2c(O)c3cc(CC)c(OC)cc3oc2=O)o1,01817AF5B97E1BC9B1E7B40A74674A688899A174E0405A4514A771F409FFD2FB,GUEST_CAN_0363,PASS,AttentiveFP,4,host_cold,2,2.9517464637756348
1529,23,32,OC[C@H]1O[C@@H]2O[C@@H]3[C@@H](CO)O[C@H](O[C@@H]4[C@@H](CO)O[C@H](O[C@@H]5[C@@H](CO)O[C@H](O[C@@H]6[C@@H](CO)O[C@H](O[C@@H]7[C@@H](CO)O[C@H](O[C@H]1[C@H](O)[C@H]2O)[C@H](O)[C@H]7O)[C@H](O)[C@H]6O)[C@H](O)[C@H]5O)[C@H](O)[C@H]4O)[C@H](O)[C@H]3O,CCCCCC[NH3+],cyclodextrin,2.589900016784668,OC[C@H]1O[C@@H]2O[C@H]3[C@H](O)[C@@H](O)[C@@H](O[C@H]4[C@H](O)[C@@H](O)[C@@H](O[C@H]5[C@H](O)[C@@H](O)[C@@H](O[C@H]6[C@H](O)[C@@H](O)[C@@H](O[C@H]7[C@H](O)[C@@H](O)[C@@H](O[C@H]1[C@H](O)[C@H]2O)O[C@@H]7CO)O[C@@H]6CO)O[C@@H]5CO)O[C@@H]4CO)O[C@@H]3CO,9CB41F926A4386D7C0E23599753E6EDC60802BE1DCF577DB9B32CBB20691DB1D,HOST_CAN_0175,PASS,CCCCCC[NH3+],8992B28ADCBCB2D79B0755BE71A544C4402BA92BF63E66FCAFB1B7947B8EB8A1,GUEST_CAN_0300,PASS,AttentiveFP,4,host_cold,2,1.5894255638122559
1530,3,186,OC[C@H]1O[C@@H]2O[C@@H]3[C@@H](CO)O[C@H](O[C@@H]4[C@@H](CO)O[C@H](O[C@@H]5[C@@H](CO)O[C@H](O[C@@H]6[C@@H](CO)O[C@H](O[C@@H]7[C@@H](CO)O[C@H](O[C@@H]8[C@@H](CO)O[C@H](O[C@H]1[C@H](O)[C@H]2O)[C@H](O)[C@H]8O)[C@H](O)[C@H]7O)[C@H](O)[C@H]6O)[C@H](O)[C@H]5O)[C@H](O)[C@H]4O)[C@H](O)[C@H]3O,O=C(C12C[C@@H]3C[C@H](C2)C[C@H](C1)C3)C[n+]1ccc(cc1)c1cc[n+](cc1)C,cyclodextrin,4.510499954223633,OC[C@H]1O[C@@H]2O[C@H]3[C@H](O)[C@@H](O)[C@@H](O[C@H]4[C@H](O)[C@@H](O)[C@@H](O[C@H]5[C@H](O)[C@@H](O)[C@@H](O[C@H]6[C@H](O)[C@@H](O)[C@@H](O[C@H]7[C@H](O)[C@@H](O)[C@@H](O[C@H]8[C@H](O)[C@@H](O)[C@@H](O[C@H]1[C@H](O)[C@H]2O)O[C@@H]8CO)O[C@@H]7CO)O[C@@H]6CO)O[C@@H]5CO)O[C@@H]4CO)O[C@@H]3CO,22584443D9512992310760C9871E3E6BDB3EDC92006F3EF1EC94F44373907EB1,HOST_CAN_0176,PASS,C[n+]1ccc(-c2cc[n+](CC(=O)C34C[C@H]5C[C@@H](C3)C[C@@H](C4)C5)cc2)cc1,B04623F599670D40534C578C742075A381E80C37F274DFBEF114BB421F77DFD2,GUEST_CAN_0625,PASS,AttentiveFP,4,host_cold,2,4.20160436630249
1531,23,85,OC[C@H]1O[C@@H]2O[C@@H]3[C@@H](CO)O[C@H](O[C@@H]4[C@@H](CO)O[C@H](O[C@@H]5[C@@H](CO)O[C@H](O[C@@H]6[C@@H](CO)O[C@H](O[C@@H]7[C@@H](CO)O[C@H](O[C@H]1[C@H](O)[C@H]2O)[C@H](O)[C@H]7O)[C@H](O)[C@H]6O)[C@H](O)[C@H]5O)[C@H](O)[C@H]4O)[C@H](O)[C@H]3O,COC1=C(C2=C[N+]3=C(C=C2C=C1)C4=CC5=C(C=C4CC3)OCO5)OC.[Cl-],cyclodextrin,1.7782000303268433,OC[C@H]1O[C@@H]2O[C@H]3[C@H](O)[C@@H](O)[C@@H](O[C@H]4[C@H](O)[C@@H](O)[C@@H](O[C@H]5[C@H](O)[C@@H](O)[C@@H](O[C@H]6[C@H](O)[C@@H](O)[C@@H](O[C@H]7[C@H](O)[C@@H](O)[C@@H](O[C@H]1[C@H](O)[C@H]2O)O[C@@H]7CO)O[C@@H]6CO)O[C@@H]5CO)O[C@@H]4CO)O[C@@H]3CO,9CB41F926A4386D7C0E23599753E6EDC60802BE1DCF577DB9B32CBB20691DB1D,HOST_CAN_0175,PASS,COc1ccc2cc3[n+](cc2c1OC)CCc1cc2c(cc1-3)OCO2.[Cl-],2002F700467546FC920CE9A91096FEE4BBFBC89B967D34B7A6F925905277E3AF,GUEST_CAN_0500,PASS,AttentiveFP,4,host_cold,2,3.3811726570129395
1532,3,873,OC[C@H]1O[C@@H]2O[C@@H]3[C@@H](CO)O[C@H](O[C@@H]4[C@@H](CO)O[C@H](O[C@@H]5[C@@H](CO)O[C@H](O[C@@H]6[C@@H](CO)O[C@H](O[C@@H]7[C@@H](CO)O[C@H](O[C@@H]8[C@@H](CO)O[C@H](O[C@H]1[C@H](O)[C@H]2O)[C@H](O)[C@H]8O)[C@H](O)[C@H]7O)[C@H](O)[C@H]6O)[C@H](O)[C@H]5O)[C@H](O)[C@H]4O)[C@H](O)[C@H]3O,N[C@@H]([C@@H](O)C1=CC=CC=C1)C1=CC=CC=C1,cyclodextrin,1.6627999544143677,OC[C@H]1O[C@@H]2O[C@H]3[C@H](O)[C@@H](O)[C@@H](O[C@H]4[C@H](O)[C@@H](O)[C@@H](O[C@H]5[C@H](O)[C@@H](O)[C@@H](O[C@H]6[C@H](O)[C@@H](O)[C@@H](O[C@H]7[C@H](O)[C@@H](O)[C@@H](O[C@H]8[C@H](O)[C@@H](O)[C@@H](O[C@H]1[C@H](O)[C@H]2O)O[C@@H]8CO)O[C@@H]7CO)O[C@@H]6CO)O[C@@H]5CO)O[C@@H]4CO)O[C@@H]3CO,22584443D9512992310760C9871E3E6BDB3EDC92006F3EF1EC94F44373907EB1,HOST_CAN_0176,PASS,N[C@H](c1ccccc1)[C@@H](O)c1ccccc1,1443C456A74E008B931475A2F5B72F33390B3AA5BDF93963880DBAD1D7C13E24,GUEST_CAN_0823,PASS,AttentiveFP,4,host_cold,2,2.6138558387756348
1533,3,874,OC[C@H]1O[C@@H]2O[C@@H]3[C@@H](CO)O[C@H](O[C@@H]4[C@@H](CO)O[C@H](O[C@@H]5[C@@H](CO)O[C@H](O[C@@H]6[C@@H](CO)O[C@H](O[C@@H]7[C@@H](CO)O[C@H](O[C@@H]8[C@@H](CO)O[C@H](O[C@H]1[C@H](O)[C@H]2O)[C@H](O)[C@H]8O)[C@H](O)[C@H]7O)[C@H](O)[C@H]6O)[C@H](O)[C@H]5O)[C@H](O)[C@H]4O)[C@H](O)[C@H]3O,C1=CC=C(C=C1)CC(C(=O)N)N,cyclodextrin,2.004300117492676,OC[C@H]1O[C@@H]2O[C@H]3[C@H](O)[C@@H](O)[C@@H](O[C@H]4[C@H](O)[C@@H](O)[C@@H](O[C@H]5[C@H](O)[C@@H](O)[C@@H](O[C@H]6[C@H](O)[C@@H](O)[C@@H](O[C@H]7[C@H](O)[C@@H](O)[C@@H](O[C@H]8[C@H](O)[C@@H](O)[C@@H](O[C@H]1[C@H](O)[C@H]2O)O[C@@H]8CO)O[C@@H]7CO)O[C@@H]6CO)O[C@@H]5CO)O[C@@H]4CO)O[C@@H]3CO,22584443D9512992310760C9871E3E6BDB3EDC92006F3EF1EC94F44373907EB1,HOST_CAN_0176,PASS,NC(=O)C(N)Cc1ccccc1,378D50B2C32B467D72AB4DCB176B3195E9B4AEBD99624E3D08AFB21381FA9226,GUEST_CAN_0724,PASS,AttentiveFP,4,host_cold,2,1.7349207401275635
1537,3,24,OC[C@H]1O[C@@H]2O[C@@H]3[C@@H](CO)O[C@H](O[C@@H]4[C@@H](CO)O[C@H](O[C@@H]5[C@@H](CO)O[C@H](O[C@@H]6[C@@H](CO)O[C@H](O[C@@H]7[C@@H](CO)O[C@H](O[C@@H]8[C@@H](CO)O[C@H](O[C@H]1[C@H](O)[C@H]2O)[C@H](O)[C@H]8O)[C@H](O)[C@H]7O)[C@H](O)[C@H]6O)[C@H](O)[C@H]5O)[C@H](O)[C@H]4O)[C@H](O)[C@H]3O,CCC(C1=CC=CC=C1)C(=O)O,cyclodextrin,1.973099946975708,OC[C@H]1O[C@@H]2O[C@H]3[C@H](O)[C@@H](O)[C@@H](O[C@H]4[C@H](O)[C@@H](O)[C@@H](O[C@H]5[C@H](O)[C@@H](O)[C@@H](O[C@H]6[C@H](O)[C@@H](O)[C@@H](O[C@H]7[C@H](O)[C@@H](O)[C@@H](O[C@H]8[C@H](O)[C@@H](O)[C@@H](O[C@H]1[C@H](O)[C@H]2O)O[C@@H]8CO)O[C@@H]7CO)O[C@@H]6CO)O[C@@H]5CO)O[C@@H]4CO)O[C@@H]3CO,22584443D9512992310760C9871E3E6BDB3EDC92006F3EF1EC94F44373907EB1,HOST_CAN_0176,PASS,CCC(C(=O)O)c1ccccc1,A833AA32E4E4D5F47909A6A5843192B8E9172BC321A0D327A1BE77C60FB33C09,GUEST_CAN_0255,PASS,AttentiveFP,4,host_cold,2,2.092977285385132
1539,101,876,CC12C3(N4CN5C6C7N(C5=O)CN8C9C5N(C8=O)CN8C(=O)N%10CC%11=C(C=CC%12=C%11C(=C(C=C%12)OCCCS(=O)(=O)[O-])CN%11C%10(C8(N(C%11=O)CN5C(=O)N9CN7C(=O)N6CN3C(=O)N1CC1=C(C=CC3=C1C(=C(C=C3)OCCCS(=O)(=O)[O-])CN2C4=O)OCCCS(=O)(=O)[O-])C)C)OCCCS(=O)(=O)[O-])C.[Na+].[Na+].[Na+].[Na+],CC1=C(N=CN1)CSCCNC(=NC)NC#N,cucurbituril,4.544099807739258,CC12N3Cc4c(OCCCS(=O)(=O)[O-])ccc5ccc(OCCCS(=O)(=O)[O-])c(c45)CN1C(=O)N1CN4C(=O)N5CN6C(=O)N7CN8C(=O)N9Cc%10c(OCCCS(=O)(=O)[O-])ccc%11ccc(OCCCS(=O)(=O)[O-])c(c%10%11)CN%10C(=O)N(CN%11C(=O)N(CN%12C(=O)N(CN(C3=O)C12C)C4C%125)C6C%117)C8(C)C%109C.[Na+].[Na+].[Na+].[Na+],D06B992717C42348D2028871BE8CF32C393DC5D34135FC7CB387827D0E760D24,HOST_CAN_0017,PASS,CN=C(NC#N)NCCSCc1nc[nH]c1C,6BB19FE2E802D6CFBBB8E1417D7699BA543C39DC0612B324992AD0434FE9864C,GUEST_CAN_0421,PASS,AttentiveFP,4,host_cold,2,4.732204437255859
1547,3,412,OC[C@H]1O[C@@H]2O[C@@H]3[C@@H](CO)O[C@H](O[C@@H]4[C@@H](CO)O[C@H](O[C@@H]5[C@@H](CO)O[C@H](O[C@@H]6[C@@H](CO)O[C@H](O[C@@H]7[C@@H](CO)O[C@H](O[C@@H]8[C@@H](CO)O[C@H](O[C@H]1[C@H](O)[C@H]2O)[C@H](O)[C@H]8O)[C@H](O)[C@H]7O)[C@H](O)[C@H]6O)[C@H](O)[C@H]5O)[C@H](O)[C@H]4O)[C@H](O)[C@H]3O,C1=CC=C(C=C1)C(CO)O,cyclodextrin,1.7972999811172485,OC[C@H]1O[C@@H]2O[C@H]3[C@H](O)[C@@H](O)[C@@H](O[C@H]4[C@H](O)[C@@H](O)[C@@H](O[C@H]5[C@H](O)[C@@H](O)[C@@H](O[C@H]6[C@H](O)[C@@H](O)[C@@H](O[C@H]7[C@H](O)[C@@H](O)[C@@H](O[C@H]8[C@H](O)[C@@H](O)[C@@H](O[C@H]1[C@H](O)[C@H]2O)O[C@@H]8CO)O[C@@H]7CO)O[C@@H]6CO)O[C@@H]5CO)O[C@@H]4CO)O[C@@H]3CO,22584443D9512992310760C9871E3E6BDB3EDC92006F3EF1EC94F44373907EB1,HOST_CAN_0176,PASS,OCC(O)c1ccccc1,9103E594C120BB85413A67B43648D2E5A074C67648633BFF8AF83985259A36F6,GUEST_CAN_0968,PASS,AttentiveFP,4,host_cold,2,2.3161873817443848
1548,3,536,OC[C@H]1O[C@@H]2O[C@@H]3[C@@H](CO)O[C@H](O[C@@H]4[C@@H](CO)O[C@H](O[C@@H]5[C@@H](CO)O[C@H](O[C@@H]6[C@@H](CO)O[C@H](O[C@@H]7[C@@H](CO)O[C@H](O[C@@H]8[C@@H](CO)O[C@H](O[C@H]1[C@H](O)[C@H]2O)[C@H](O)[C@H]8O)[C@H](O)[C@H]7O)[C@H](O)[C@H]6O)[C@H](O)[C@H]5O)[C@H](O)[C@H]4O)[C@H](O)[C@H]3O,C1=CC2=C(C=C1O)C(=CN2)CCN,cyclodextrin,1.7259000539779663,OC[C@H]1O[C@@H]2O[C@H]3[C@H](O)[C@@H](O)[C@@H](O[C@H]4[C@H](O)[C@@H](O)[C@@H](O[C@H]5[C@H](O)[C@@H](O)[C@@H](O[C@H]6[C@H](O)[C@@H](O)[C@@H](O[C@H]7[C@H](O)[C@@H](O)[C@@H](O[C@H]8[C@H](O)[C@@H](O)[C@@H](O[C@H]1[C@H](O)[C@H]2O)O[C@@H]8CO)O[C@@H]7CO)O[C@@H]6CO)O[C@@H]5CO)O[C@@H]4CO)O[C@@H]3CO,22584443D9512992310760C9871E3E6BDB3EDC92006F3EF1EC94F44373907EB1,HOST_CAN_0176,PASS,NCCc1c[nH]c2ccc(O)cc12,50C092FACAED55A658C6A1AE3522860D2E1569D33526588B723A5129AA5EBE61,GUEST_CAN_0806,PASS,AttentiveFP,4,host_cold,2,1.9534130096435547
1549,3,730,OC[C@H]1O[C@@H]2O[C@@H]3[C@@H](CO)O[C@H](O[C@@H]4[C@@H](CO)O[C@H](O[C@@H]5[C@@H](CO)O[C@H](O[C@@H]6[C@@H](CO)O[C@H](O[C@@H]7[C@@H](CO)O[C@H](O[C@@H]8[C@@H](CO)O[C@H](O[C@H]1[C@H](O)[C@H]2O)[C@H](O)[C@H]8O)[C@H](O)[C@H]7O)[C@H](O)[C@H]6O)[C@H](O)[C@H]5O)[C@H](O)[C@H]4O)[C@H](O)[C@H]3O,C1C(O1)COCC2=CC=CC=C2,cyclodextrin,2.3578999042510986,OC[C@H]1O[C@@H]2O[C@H]3[C@H](O)[C@@H](O)[C@@H](O[C@H]4[C@H](O)[C@@H](O)[C@@H](O[C@H]5[C@H](O)[C@@H](O)[C@@H](O[C@H]6[C@H](O)[C@@H](O)[C@@H](O[C@H]7[C@H](O)[C@@H](O)[C@@H](O[C@H]8[C@H](O)[C@@H](O)[C@@H](O[C@H]1[C@H](O)[C@H]2O)O[C@@H]8CO)O[C@@H]7CO)O[C@@H]6CO)O[C@@H]5CO)O[C@@H]4CO)O[C@@H]3CO,22584443D9512992310760C9871E3E6BDB3EDC92006F3EF1EC94F44373907EB1,HOST_CAN_0176,PASS,c1ccc(COCC2CO2)cc1,B28F518C4CB072EBAF296564909976E515D10AE2E304E94C33FEE443DEBC2C60,GUEST_CAN_1131,PASS,AttentiveFP,4,host_cold,2,2.3136730194091797
1551,3,395,OC[C@H]1O[C@@H]2O[C@@H]3[C@@H](CO)O[C@H](O[C@@H]4[C@@H](CO)O[C@H](O[C@@H]5[C@@H](CO)O[C@H](O[C@@H]6[C@@H](CO)O[C@H](O[C@@H]7[C@@H](CO)O[C@H](O[C@@H]8[C@@H](CO)O[C@H](O[C@H]1[C@H](O)[C@H]2O)[C@H](O)[C@H]8O)[C@H](O)[C@H]7O)[C@H](O)[C@H]6O)[C@H](O)[C@H]5O)[C@H](O)[C@H]4O)[C@H](O)[C@H]3O,CC(C(=O)O)NC(=O)OCC1=CC=CC=C1,cyclodextrin,2.1731998920440674,OC[C@H]1O[C@@H]2O[C@H]3[C@H](O)[C@@H](O)[C@@H](O[C@H]4[C@H](O)[C@@H](O)[C@@H](O[C@H]5[C@H](O)[C@@H](O)[C@@H](O[C@H]6[C@H](O)[C@@H](O)[C@@H](O[C@H]7[C@H](O)[C@@H](O)[C@@H](O[C@H]8[C@H](O)[C@@H](O)[C@@H](O[C@H]1[C@H](O)[C@H]2O)O[C@@H]8CO)O[C@@H]7CO)O[C@@H]6CO)O[C@@H]5CO)O[C@@H]4CO)O[C@@H]3CO,22584443D9512992310760C9871E3E6BDB3EDC92006F3EF1EC94F44373907EB1,HOST_CAN_0176,PASS,CC(NC(=O)OCc1ccccc1)C(=O)O,905C941D3A1920DB89C53AFB74AEE93B72889F50B4B15485967A9F749F5BEE34,GUEST_CAN_0188,PASS,AttentiveFP,4,host_cold,2,2.3057198524475098
1559,43,63,C1COCCN2CCOCCN1CCOCCOCC2,[Rb+],other,2.0,C1COCCN2CCOCCN(CCO1)CCOCC2,98A94C64ADA3B0E00FCE78FE7388B30022CC2F26C8BCF54DDABD5207E5AA7E8C,HOST_CAN_0002,PASS,[Rb+],A81E1030429F736D8E35EA84C21CDFC8BA21CABFAB462465BE82BDA25EAD58DF,GUEST_CAN_1109,PASS,AttentiveFP,4,host_cold,2,3.3169617652893066
1561,3,466,OC[C@H]1O[C@@H]2O[C@@H]3[C@@H](CO)O[C@H](O[C@@H]4[C@@H](CO)O[C@H](O[C@@H]5[C@@H](CO)O[C@H](O[C@@H]6[C@@H](CO)O[C@H](O[C@@H]7[C@@H](CO)O[C@H](O[C@@H]8[C@@H](CO)O[C@H](O[C@H]1[C@H](O)[C@H]2O)[C@H](O)[C@H]8O)[C@H](O)[C@H]7O)[C@H](O)[C@H]6O)[C@H](O)[C@H]5O)[C@H](O)[C@H]4O)[C@H](O)[C@H]3O,CC(CO)CBr,cyclodextrin,2.1461000442504883,OC[C@H]1O[C@@H]2O[C@H]3[C@H](O)[C@@H](O)[C@@H](O[C@H]4[C@H](O)[C@@H](O)[C@@H](O[C@H]5[C@H](O)[C@@H](O)[C@@H](O[C@H]6[C@H](O)[C@@H](O)[C@@H](O[C@H]7[C@H](O)[C@@H](O)[C@@H](O[C@H]8[C@H](O)[C@@H](O)[C@@H](O[C@H]1[C@H](O)[C@H]2O)O[C@@H]8CO)O[C@@H]7CO)O[C@@H]6CO)O[C@@H]5CO)O[C@@H]4CO)O[C@@H]3CO,22584443D9512992310760C9871E3E6BDB3EDC92006F3EF1EC94F44373907EB1,HOST_CAN_0176,PASS,CC(CO)CBr,27C80B847871EC5DE010D7BF9E660C7D86FB8E4159E995EB0B8E9C730AC530F2,GUEST_CAN_0176,PASS,AttentiveFP,4,host_cold,2,1.5986957550048828
1566,101,221,CC12C3(N4CN5C6C7N(C5=O)CN8C9C5N(C8=O)CN8C(=O)N%10CC%11=C(C=CC%12=C%11C(=C(C=C%12)OCCCS(=O)(=O)[O-])CN%11C%10(C8(N(C%11=O)CN5C(=O)N9CN7C(=O)N6CN3C(=O)N1CC1=C(C=CC3=C1C(=C(C=C3)OCCCS(=O)(=O)[O-])CN2C4=O)OCCCS(=O)(=O)[O-])C)C)OCCCS(=O)(=O)[O-])C.[Na+].[Na+].[Na+].[Na+],C1=C(NC=N1)CCN,cucurbituril,4.278800010681152,CC12N3Cc4c(OCCCS(=O)(=O)[O-])ccc5ccc(OCCCS(=O)(=O)[O-])c(c45)CN1C(=O)N1CN4C(=O)N5CN6C(=O)N7CN8C(=O)N9Cc%10c(OCCCS(=O)(=O)[O-])ccc%11ccc(OCCCS(=O)(=O)[O-])c(c%10%11)CN%10C(=O)N(CN%11C(=O)N(CN%12C(=O)N(CN(C3=O)C12C)C4C%125)C6C%117)C8(C)C%109C.[Na+].[Na+].[Na+].[Na+],D06B992717C42348D2028871BE8CF32C393DC5D34135FC7CB387827D0E760D24,HOST_CAN_0017,PASS,NCCc1cnc[nH]1,15D090429620CA099A147C5AB92E85222F180B20A16D7D5EE0B5A640A2C40D3F,GUEST_CAN_0811,PASS,AttentiveFP,4,host_cold,2,3.7123866081237793
1571,31,378,[Li+].[Li+].COP(OC)(=O)CC1=CC(=CC(=C1)NC(CCCNCC1=C(C=CC=C1)B(O)O)=O)CP([O-])([O-])=O,C1=CC=C2C(=C1)C(=O)C3=C(C2=O)C(=C(C(=C3)CN(CC(=O)O)CC(=O)O)O)O,other,3.2040998935699463,COP(=O)(Cc1cc(CP(=O)([O-])[O-])cc(NC(=O)CCCNCc2ccccc2B(O)O)c1)OC.[Li+].[Li+],7C21E70373346443530CC627F376BB4B733535AF04E79A7E4ACEFF4D5857B371,HOST_CAN_0066,PASS,O=C(O)CN(CC(=O)O)Cc1cc2c(c(O)c1O)C(=O)c1ccccc1C2=O,E887A26EAB39D6C9D28AD9BD84869C714BE8C45C9144226A9A92B6CA8F1CF041,GUEST_CAN_0877,PASS,AttentiveFP,4,host_cold,2,3.4604196548461914
1578,43,13,C1COCCN2CCOCCN1CCOCCOCC2,[Cs+],other,2.0,C1COCCN2CCOCCN(CCO1)CCOCC2,98A94C64ADA3B0E00FCE78FE7388B30022CC2F26C8BCF54DDABD5207E5AA7E8C,HOST_CAN_0002,PASS,[Cs+],2007C7CB8E9E407AF1FE3CC70080E500F82FCC5BB652DA30AE9309E09D1E52EF,GUEST_CAN_1052,PASS,AttentiveFP,4,host_cold,2,3.3169617652893066
1594,3,888,OC[C@H]1O[C@@H]2O[C@@H]3[C@@H](CO)O[C@H](O[C@@H]4[C@@H](CO)O[C@H](O[C@@H]5[C@@H](CO)O[C@H](O[C@@H]6[C@@H](CO)O[C@H](O[C@@H]7[C@@H](CO)O[C@H](O[C@@H]8[C@@H](CO)O[C@H](O[C@H]1[C@H](O)[C@H]2O)[C@H](O)[C@H]8O)[C@H](O)[C@H]7O)[C@H](O)[C@H]6O)[C@H](O)[C@H]5O)[C@H](O)[C@H]4O)[C@H](O)[C@H]3O,C[N+](C12C[C@@H]3C[C@H](C2)C[C@H](C1)C3)(C)C,cyclodextrin,3.325500011444092,OC[C@H]1O[C@@H]2O[C@H]3[C@H](O)[C@@H](O)[C@@H](O[C@H]4[C@H](O)[C@@H](O)[C@@H](O[C@H]5[C@H](O)[C@@H](O)[C@@H](O[C@H]6[C@H](O)[C@@H](O)[C@@H](O[C@H]7[C@H](O)[C@@H](O)[C@@H](O[C@H]8[C@H](O)[C@@H](O)[C@@H](O[C@H]1[C@H](O)[C@H]2O)O[C@@H]8CO)O[C@@H]7CO)O[C@@H]6CO)O[C@@H]5CO)O[C@@H]4CO)O[C@@H]3CO,22584443D9512992310760C9871E3E6BDB3EDC92006F3EF1EC94F44373907EB1,HOST_CAN_0176,PASS,C[N+](C)(C)C12C[C@H]3C[C@@H](C1)C[C@@H](C2)C3,4A1FA8BD5C9E19F9C92B8C231FFB7E68353D21B4F2B31642F7BF8C79341C0AF4,GUEST_CAN_0559,PASS,AttentiveFP,4,host_cold,2,2.2804293632507324
1597,3,890,OC[C@H]1O[C@@H]2O[C@@H]3[C@@H](CO)O[C@H](O[C@@H]4[C@@H](CO)O[C@H](O[C@@H]5[C@@H](CO)O[C@H](O[C@@H]6[C@@H](CO)O[C@H](O[C@@H]7[C@@H](CO)O[C@H](O[C@@H]8[C@@H](CO)O[C@H](O[C@H]1[C@H](O)[C@H]2O)[C@H](O)[C@H]8O)[C@H](O)[C@H]7O)[C@H](O)[C@H]6O)[C@H](O)[C@H]5O)[C@H](O)[C@H]4O)[C@H](O)[C@H]3O,C[N+](C)(C)CC1=CC=C[CH-]1.[CH-]1C=CC=C1.[Fe+2],cyclodextrin,3.1582999229431152,OC[C@H]1O[C@@H]2O[C@H]3[C@H](O)[C@@H](O)[C@@H](O[C@H]4[C@H](O)[C@@H](O)[C@@H](O[C@H]5[C@H](O)[C@@H](O)[C@@H](O[C@H]6[C@H](O)[C@@H](O)[C@@H](O[C@H]7[C@H](O)[C@@H](O)[C@@H](O[C@H]8[C@H](O)[C@@H](O)[C@@H](O[C@H]1[C@H](O)[C@H]2O)O[C@@H]8CO)O[C@@H]7CO)O[C@@H]6CO)O[C@@H]5CO)O[C@@H]4CO)O[C@@H]3CO,22584443D9512992310760C9871E3E6BDB3EDC92006F3EF1EC94F44373907EB1,HOST_CAN_0176,PASS,C[N+](C)(C)Cc1ccc[cH-]1.[Fe+2].c1cc[cH-]c1,DF5E749BB3872D05FCFC1648C03337BECC96A374B6680A3E624701DF620678E7,GUEST_CAN_0577,PASS,AttentiveFP,4,host_cold,2,3.0332393646240234
1602,3,893,OC[C@H]1O[C@@H]2O[C@@H]3[C@@H](CO)O[C@H](O[C@@H]4[C@@H](CO)O[C@H](O[C@@H]5[C@@H](CO)O[C@H](O[C@@H]6[C@@H](CO)O[C@H](O[C@@H]7[C@@H](CO)O[C@H](O[C@@H]8[C@@H](CO)O[C@H](O[C@H]1[C@H](O)[C@H]2O)[C@H](O)[C@H]8O)[C@H](O)[C@H]7O)[C@H](O)[C@H]6O)[C@H](O)[C@H]5O)[C@H](O)[C@H]4O)[C@H](O)[C@H]3O,C(C)(=O)N[C@@H](CC1=CC=C(C=C1)O)C(=O)O,cyclodextrin,2.1138999462127686,OC[C@H]1O[C@@H]2O[C@H]3[C@H](O)[C@@H](O)[C@@H](O[C@H]4[C@H](O)[C@@H](O)[C@@H](O[C@H]5[C@H](O)[C@@H](O)[C@@H](O[C@H]6[C@H](O)[C@@H](O)[C@@H](O[C@H]7[C@H](O)[C@@H](O)[C@@H](O[C@H]8[C@H](O)[C@@H](O)[C@@H](O[C@H]1[C@H](O)[C@H]2O)O[C@@H]8CO)O[C@@H]7CO)O[C@@H]6CO)O[C@@H]5CO)O[C@@H]4CO)O[C@@H]3CO,22584443D9512992310760C9871E3E6BDB3EDC92006F3EF1EC94F44373907EB1,HOST_CAN_0176,PASS,CC(=O)N[C@@H](Cc1ccc(O)cc1)C(=O)O,189FD273BEAEA745C8C5E3B177315554B7D587F416FA9B3E5A4415714C021B9D,GUEST_CAN_0089,PASS,AttentiveFP,4,host_cold,2,2.1804094314575195
1605,3,895,OC[C@H]1O[C@@H]2O[C@@H]3[C@@H](CO)O[C@H](O[C@@H]4[C@@H](CO)O[C@H](O[C@@H]5[C@@H](CO)O[C@H](O[C@@H]6[C@@H](CO)O[C@H](O[C@@H]7[C@@H](CO)O[C@H](O[C@@H]8[C@@H](CO)O[C@H](O[C@H]1[C@H](O)[C@H]2O)[C@H](O)[C@H]8O)[C@H](O)[C@H]7O)[C@H](O)[C@H]6O)[C@H](O)[C@H]5O)[C@H](O)[C@H]4O)[C@H](O)[C@H]3O,C1=CC=C(C=C1)C(=O)OC(C(C(=O)O)OC(=O)C2=CC=CC=C2)C(=O)O,cyclodextrin,1.2963999509811401,OC[C@H]1O[C@@H]2O[C@H]3[C@H](O)[C@@H](O)[C@@H](O[C@H]4[C@H](O)[C@@H](O)[C@@H](O[C@H]5[C@H](O)[C@@H](O)[C@@H](O[C@H]6[C@H](O)[C@@H](O)[C@@H](O[C@H]7[C@H](O)[C@@H](O)[C@@H](O[C@H]8[C@H](O)[C@@H](O)[C@@H](O[C@H]1[C@H](O)[C@H]2O)O[C@@H]8CO)O[C@@H]7CO)O[C@@H]6CO)O[C@@H]5CO)O[C@@H]4CO)O[C@@H]3CO,22584443D9512992310760C9871E3E6BDB3EDC92006F3EF1EC94F44373907EB1,HOST_CAN_0176,PASS,O=C(OC(C(=O)O)C(OC(=O)c1ccccc1)C(=O)O)c1ccccc1,214A3BD6230D1F304A9E7C3F75FC23FBA4E6FD1CBDED7A995CB55394E3581ACA,GUEST_CAN_0892,PASS,AttentiveFP,4,host_cold,2,2.7537221908569336
1608,23,896,OC[C@H]1O[C@@H]2O[C@@H]3[C@@H](CO)O[C@H](O[C@@H]4[C@@H](CO)O[C@H](O[C@@H]5[C@@H](CO)O[C@H](O[C@@H]6[C@@H](CO)O[C@H](O[C@@H]7[C@@H](CO)O[C@H](O[C@H]1[C@H](O)[C@H]2O)[C@H](O)[C@H]7O)[C@H](O)[C@H]6O)[C@H](O)[C@H]5O)[C@H](O)[C@H]4O)[C@H](O)[C@H]3O,C[NH2+]CCCCCC,cyclodextrin,2.577500104904175,OC[C@H]1O[C@@H]2O[C@H]3[C@H](O)[C@@H](O)[C@@H](O[C@H]4[C@H](O)[C@@H](O)[C@@H](O[C@H]5[C@H](O)[C@@H](O)[C@@H](O[C@H]6[C@H](O)[C@@H](O)[C@@H](O[C@H]7[C@H](O)[C@@H](O)[C@@H](O[C@H]1[C@H](O)[C@H]2O)O[C@@H]7CO)O[C@@H]6CO)O[C@@H]5CO)O[C@@H]4CO)O[C@@H]3CO,9CB41F926A4386D7C0E23599753E6EDC60802BE1DCF577DB9B32CBB20691DB1D,HOST_CAN_0175,PASS,CCCCCC[NH2+]C,E41D0EA212AE1EB9D230F1BFB9B12C7BB7AD78818915CFFBC81B836C55EA7E73,GUEST_CAN_0299,PASS,AttentiveFP,4,host_cold,2,1.6568892002105713
1616,43,21,C1COCCN2CCOCCN1CCOCCOCC2,[Sr+2],other,2.0,C1COCCN2CCOCCN(CCO1)CCOCC2,98A94C64ADA3B0E00FCE78FE7388B30022CC2F26C8BCF54DDABD5207E5AA7E8C,HOST_CAN_0002,PASS,[Sr+2],B6D37E5B591B608C4BE7D5E471532F87A202E5D6C60D3F594302E0BACEDD0483,GUEST_CAN_1113,PASS,AttentiveFP,4,host_cold,2,5.988437175750732
1617,3,899,OC[C@H]1O[C@@H]2O[C@@H]3[C@@H](CO)O[C@H](O[C@@H]4[C@@H](CO)O[C@H](O[C@@H]5[C@@H](CO)O[C@H](O[C@@H]6[C@@H](CO)O[C@H](O[C@@H]7[C@@H](CO)O[C@H](O[C@@H]8[C@@H](CO)O[C@H](O[C@H]1[C@H](O)[C@H]2O)[C@H](O)[C@H]8O)[C@H](O)[C@H]7O)[C@H](O)[C@H]6O)[C@H](O)[C@H]5O)[C@H](O)[C@H]4O)[C@H](O)[C@H]3O,C1C2CC3CC1CC(C2)C3N.Cl,cyclodextrin,3.869999885559082,OC[C@H]1O[C@@H]2O[C@H]3[C@H](O)[C@@H](O)[C@@H](O[C@H]4[C@H](O)[C@@H](O)[C@@H](O[C@H]5[C@H](O)[C@@H](O)[C@@H](O[C@H]6[C@H](O)[C@@H](O)[C@@H](O[C@H]7[C@H](O)[C@@H](O)[C@@H](O[C@H]8[C@H](O)[C@@H](O)[C@@H](O[C@H]1[C@H](O)[C@H]2O)O[C@@H]8CO)O[C@@H]7CO)O[C@@H]6CO)O[C@@H]5CO)O[C@@H]4CO)O[C@@H]3CO,22584443D9512992310760C9871E3E6BDB3EDC92006F3EF1EC94F44373907EB1,HOST_CAN_0176,PASS,Cl.NC1C2CC3CC(C2)CC1C3,D68671D64773D50492D152DA662E8CA8201696637BA0E3AA247C46DB0C671C23,GUEST_CAN_0686,PASS,AttentiveFP,4,host_cold,2,2.2225961685180664
1618,3,900,OC[C@H]1O[C@@H]2O[C@@H]3[C@@H](CO)O[C@H](O[C@@H]4[C@@H](CO)O[C@H](O[C@@H]5[C@@H](CO)O[C@H](O[C@@H]6[C@@H](CO)O[C@H](O[C@@H]7[C@@H](CO)O[C@H](O[C@@H]8[C@@H](CO)O[C@H](O[C@H]1[C@H](O)[C@H]2O)[C@H](O)[C@H]8O)[C@H](O)[C@H]7O)[C@H](O)[C@H]6O)[C@H](O)[C@H]5O)[C@H](O)[C@H]4O)[C@H](O)[C@H]3O,C1C2C3CC4(CC2C5CC1(CC3C5C4)N)N,cyclodextrin,2.435800075531006,OC[C@H]1O[C@@H]2O[C@H]3[C@H](O)[C@@H](O)[C@@H](O[C@H]4[C@H](O)[C@@H](O)[C@@H](O[C@H]5[C@H](O)[C@@H](O)[C@@H](O[C@H]6[C@H](O)[C@@H](O)[C@@H](O[C@H]7[C@H](O)[C@@H](O)[C@@H](O[C@H]8[C@H](O)[C@@H](O)[C@@H](O[C@H]1[C@H](O)[C@H]2O)O[C@@H]8CO)O[C@@H]7CO)O[C@@H]6CO)O[C@@H]5CO)O[C@@H]4CO)O[C@@H]3CO,22584443D9512992310760C9871E3E6BDB3EDC92006F3EF1EC94F44373907EB1,HOST_CAN_0176,PASS,NC12CC3C4CC5(N)CC3C(C1)C(C5)C4C2,178967A82FE4D5006A72A7B63F3D2FF615745F7AA6CFA32B24B2EAA0234DB994,GUEST_CAN_0756,PASS,AttentiveFP,4,host_cold,2,2.3696694374084473
1620,3,901,OC[C@H]1O[C@@H]2O[C@@H]3[C@@H](CO)O[C@H](O[C@@H]4[C@@H](CO)O[C@H](O[C@@H]5[C@@H](CO)O[C@H](O[C@@H]6[C@@H](CO)O[C@H](O[C@@H]7[C@@H](CO)O[C@H](O[C@@H]8[C@@H](CO)O[C@H](O[C@H]1[C@H](O)[C@H]2O)[C@H](O)[C@H]8O)[C@H](O)[C@H]7O)[C@H](O)[C@H]6O)[C@H](O)[C@H]5O)[C@H](O)[C@H]4O)[C@H](O)[C@H]3O,COC(C1=CC=CC=C1)C(=O)O,cyclodextrin,0.9986000061035156,OC[C@H]1O[C@@H]2O[C@H]3[C@H](O)[C@@H](O)[C@@H](O[C@H]4[C@H](O)[C@@H](O)[C@@H](O[C@H]5[C@H](O)[C@@H](O)[C@@H](O[C@H]6[C@H](O)[C@@H](O)[C@@H](O[C@H]7[C@H](O)[C@@H](O)[C@@H](O[C@H]8[C@H](O)[C@@H](O)[C@@H](O[C@H]1[C@H](O)[C@H]2O)O[C@@H]8CO)O[C@@H]7CO)O[C@@H]6CO)O[C@@H]5CO)O[C@@H]4CO)O[C@@H]3CO,22584443D9512992310760C9871E3E6BDB3EDC92006F3EF1EC94F44373907EB1,HOST_CAN_0176,PASS,COC(C(=O)O)c1ccccc1,54678FA8D963898169DC8A9BB54D73147D3A227DAAEC7A42E2E3C8C4083D2314,GUEST_CAN_0453,PASS,AttentiveFP,4,host_cold,2,2.2970566749572754
1623,3,903,OC[C@H]1O[C@@H]2O[C@@H]3[C@@H](CO)O[C@H](O[C@@H]4[C@@H](CO)O[C@H](O[C@@H]5[C@@H](CO)O[C@H](O[C@@H]6[C@@H](CO)O[C@H](O[C@@H]7[C@@H](CO)O[C@H](O[C@@H]8[C@@H](CO)O[C@H](O[C@H]1[C@H](O)[C@H]2O)[C@H](O)[C@H]8O)[C@H](O)[C@H]7O)[C@H](O)[C@H]6O)[C@H](O)[C@H]5O)[C@H](O)[C@H]4O)[C@H](O)[C@H]3O,CC(CCC1=CC=CC=C1)N,cyclodextrin,2.274199962615967,OC[C@H]1O[C@@H]2O[C@H]3[C@H](O)[C@@H](O)[C@@H](O[C@H]4[C@H](O)[C@@H](O)[C@@H](O[C@H]5[C@H](O)[C@@H](O)[C@@H](O[C@H]6[C@H](O)[C@@H](O)[C@@H](O[C@H]7[C@H](O)[C@@H](O)[C@@H](O[C@H]8[C@H](O)[C@@H](O)[C@@H](O[C@H]1[C@H](O)[C@H]2O)O[C@@H]8CO)O[C@@H]7CO)O[C@@H]6CO)O[C@@H]5CO)O[C@@H]4CO)O[C@@H]3CO,22584443D9512992310760C9871E3E6BDB3EDC92006F3EF1EC94F44373907EB1,HOST_CAN_0176,PASS,CC(N)CCc1ccccc1,EDD609AF8DD017C8304B7D021993B9DDD6EEFBF7B9CD027CFEE9688E8610AAF3,GUEST_CAN_0184,PASS,AttentiveFP,4,host_cold,2,1.6744394302368164
1624,3,407,OC[C@H]1O[C@@H]2O[C@@H]3[C@@H](CO)O[C@H](O[C@@H]4[C@@H](CO)O[C@H](O[C@@H]5[C@@H](CO)O[C@H](O[C@@H]6[C@@H](CO)O[C@H](O[C@@H]7[C@@H](CO)O[C@H](O[C@@H]8[C@@H](CO)O[C@H](O[C@H]1[C@H](O)[C@H]2O)[C@H](O)[C@H]8O)[C@H](O)[C@H]7O)[C@H](O)[C@H]6O)[C@H](O)[C@H]5O)[C@H](O)[C@H]4O)[C@H](O)[C@H]3O,C1=CC=C(C(=C1)C2=C3C=C(C(=O)C=C3OC4=CC(=C(C=C42)O)O)O)O,cyclodextrin,3.038599967956543,OC[C@H]1O[C@@H]2O[C@H]3[C@H](O)[C@@H](O)[C@@H](O[C@H]4[C@H](O)[C@@H](O)[C@@H](O[C@H]5[C@H](O)[C@@H](O)[C@@H](O[C@H]6[C@H](O)[C@@H](O)[C@@H](O[C@H]7[C@H](O)[C@@H](O)[C@@H](O[C@H]8[C@H](O)[C@@H](O)[C@@H](O[C@H]1[C@H](O)[C@H]2O)O[C@@H]8CO)O[C@@H]7CO)O[C@@H]6CO)O[C@@H]5CO)O[C@@H]4CO)O[C@@H]3CO,22584443D9512992310760C9871E3E6BDB3EDC92006F3EF1EC94F44373907EB1,HOST_CAN_0176,PASS,O=c1cc2oc3cc(O)c(O)cc3c(-c3ccccc3O)c-2cc1O,5BCBBD056C92CD03DDFE685F9018F43A2DC1509922D83641505078B2531D4168,GUEST_CAN_0956,PASS,AttentiveFP,4,host_cold,2,3.4188194274902344
1628,3,905,OC[C@H]1O[C@@H]2O[C@@H]3[C@@H](CO)O[C@H](O[C@@H]4[C@@H](CO)O[C@H](O[C@@H]5[C@@H](CO)O[C@H](O[C@@H]6[C@@H](CO)O[C@H](O[C@@H]7[C@@H](CO)O[C@H](O[C@@H]8[C@@H](CO)O[C@H](O[C@H]1[C@H](O)[C@H]2O)[C@H](O)[C@H]8O)[C@H](O)[C@H]7O)[C@H](O)[C@H]6O)[C@H](O)[C@H]5O)[C@H](O)[C@H]4O)[C@H](O)[C@H]3O,[O-]C(=O)Cc1ccc(cc1)C,cyclodextrin,1.6064000129699707,OC[C@H]1O[C@@H]2O[C@H]3[C@H](O)[C@@H](O)[C@@H](O[C@H]4[C@H](O)[C@@H](O)[C@@H](O[C@H]5[C@H](O)[C@@H](O)[C@@H](O[C@H]6[C@H](O)[C@@H](O)[C@@H](O[C@H]7[C@H](O)[C@@H](O)[C@@H](O[C@H]8[C@H](O)[C@@H](O)[C@@H](O[C@H]1[C@H](O)[C@H]2O)O[C@@H]8CO)O[C@@H]7CO)O[C@@H]6CO)O[C@@H]5CO)O[C@@H]4CO)O[C@@H]3CO,22584443D9512992310760C9871E3E6BDB3EDC92006F3EF1EC94F44373907EB1,HOST_CAN_0176,PASS,Cc1ccc(CC(=O)[O-])cc1,76CD6F93F5AC11A4656AE70BE5EB86D7B9323AA38F3EF1263B5AC76F366FC27F,GUEST_CAN_0657,PASS,AttentiveFP,4,host_cold,2,2.1084203720092773
1629,3,906,OC[C@H]1O[C@@H]2O[C@@H]3[C@@H](CO)O[C@H](O[C@@H]4[C@@H](CO)O[C@H](O[C@@H]5[C@@H](CO)O[C@H](O[C@@H]6[C@@H](CO)O[C@H](O[C@@H]7[C@@H](CO)O[C@H](O[C@@H]8[C@@H](CO)O[C@H](O[C@H]1[C@H](O)[C@H]2O)[C@H](O)[C@H]8O)[C@H](O)[C@H]7O)[C@H](O)[C@H]6O)[C@H](O)[C@H]5O)[C@H](O)[C@H]4O)[C@H](O)[C@H]3O,O=C(C1=CC2=C(C=C1)SC3=CC=CC=C3O2)O,cyclodextrin,3.527400016784668,OC[C@H]1O[C@@H]2O[C@H]3[C@H](O)[C@@H](O)[C@@H](O[C@H]4[C@H](O)[C@@H](O)[C@@H](O[C@H]5[C@H](O)[C@@H](O)[C@@H](O[C@H]6[C@H](O)[C@@H](O)[C@@H](O[C@H]7[C@H](O)[C@@H](O)[C@@H](O[C@H]8[C@H](O)[C@@H](O)[C@@H](O[C@H]1[C@H](O)[C@H]2O)O[C@@H]8CO)O[C@@H]7CO)O[C@@H]6CO)O[C@@H]5CO)O[C@@H]4CO)O[C@@H]3CO,22584443D9512992310760C9871E3E6BDB3EDC92006F3EF1EC94F44373907EB1,HOST_CAN_0176,PASS,O=C(O)c1ccc2c(c1)Oc1ccccc1S2,F57F57DF7F7C3B9DC217F8893FE29B88B5370539887A75BA9FFEC220318E7B42,GUEST_CAN_0886,PASS,AttentiveFP,4,host_cold,2,2.747880220413208
1631,23,526,OC[C@H]1O[C@@H]2O[C@@H]3[C@@H](CO)O[C@H](O[C@@H]4[C@@H](CO)O[C@H](O[C@@H]5[C@@H](CO)O[C@H](O[C@@H]6[C@@H](CO)O[C@H](O[C@@H]7[C@@H](CO)O[C@H](O[C@H]1[C@H](O)[C@H]2O)[C@H](O)[C@H]7O)[C@H](O)[C@H]6O)[C@H](O)[C@H]5O)[C@H](O)[C@H]4O)[C@H](O)[C@H]3O,C1CCCC(CC1)O,cyclodextrin,1.8324999809265137,OC[C@H]1O[C@@H]2O[C@H]3[C@H](O)[C@@H](O)[C@@H](O[C@H]4[C@H](O)[C@@H](O)[C@@H](O[C@H]5[C@H](O)[C@@H](O)[C@@H](O[C@H]6[C@H](O)[C@@H](O)[C@@H](O[C@H]7[C@H](O)[C@@H](O)[C@@H](O[C@H]1[C@H](O)[C@H]2O)O[C@@H]7CO)O[C@@H]6CO)O[C@@H]5CO)O[C@@H]4CO)O[C@@H]3CO,9CB41F926A4386D7C0E23599753E6EDC60802BE1DCF577DB9B32CBB20691DB1D,HOST_CAN_0175,PASS,OC1CCCCCC1,BC32B028B682D1D578D37F40F530FF3BF6B4052E2563188E4F5427FC31763586,GUEST_CAN_0965,PASS,AttentiveFP,4,host_cold,2,1.944373607635498
1636,3,908,OC[C@H]1O[C@@H]2O[C@@H]3[C@@H](CO)O[C@H](O[C@@H]4[C@@H](CO)O[C@H](O[C@@H]5[C@@H](CO)O[C@H](O[C@@H]6[C@@H](CO)O[C@H](O[C@@H]7[C@@H](CO)O[C@H](O[C@@H]8[C@@H](CO)O[C@H](O[C@H]1[C@H](O)[C@H]2O)[C@H](O)[C@H]8O)[C@H](O)[C@H]7O)[C@H](O)[C@H]6O)[C@H](O)[C@H]5O)[C@H](O)[C@H]4O)[C@H](O)[C@H]3O,CC(=O)NC(CC1=CC=C(C=C1)O)C(=O)O,cyclodextrin,2.09689998626709,OC[C@H]1O[C@@H]2O[C@H]3[C@H](O)[C@@H](O)[C@@H](O[C@H]4[C@H](O)[C@@H](O)[C@@H](O[C@H]5[C@H](O)[C@@H](O)[C@@H](O[C@H]6[C@H](O)[C@@H](O)[C@@H](O[C@H]7[C@H](O)[C@@H](O)[C@@H](O[C@H]8[C@H](O)[C@@H](O)[C@@H](O[C@H]1[C@H](O)[C@H]2O)O[C@@H]8CO)O[C@@H]7CO)O[C@@H]6CO)O[C@@H]5CO)O[C@@H]4CO)O[C@@H]3CO,22584443D9512992310760C9871E3E6BDB3EDC92006F3EF1EC94F44373907EB1,HOST_CAN_0176,PASS,CC(=O)NC(Cc1ccc(O)cc1)C(=O)O,CB6998A250FCC77F6FD9FD65BDFCBBBC32B7EA2FC56FF1B469AF425F7A5E9E64,GUEST_CAN_0073,PASS,AttentiveFP,4,host_cold,2,2.1804094314575195
1638,3,909,OC[C@H]1O[C@@H]2O[C@@H]3[C@@H](CO)O[C@H](O[C@@H]4[C@@H](CO)O[C@H](O[C@@H]5[C@@H](CO)O[C@H](O[C@@H]6[C@@H](CO)O[C@H](O[C@@H]7[C@@H](CO)O[C@H](O[C@@H]8[C@@H](CO)O[C@H](O[C@H]1[C@H](O)[C@H]2O)[C@H](O)[C@H]8O)[C@H](O)[C@H]7O)[C@H](O)[C@H]6O)[C@H](O)[C@H]5O)[C@H](O)[C@H]4O)[C@H](O)[C@H]3O,CC(C1CCCCC1)N,cyclodextrin,2.515899896621704,OC[C@H]1O[C@@H]2O[C@H]3[C@H](O)[C@@H](O)[C@@H](O[C@H]4[C@H](O)[C@@H](O)[C@@H](O[C@H]5[C@H](O)[C@@H](O)[C@@H](O[C@H]6[C@H](O)[C@@H](O)[C@@H](O[C@H]7[C@H](O)[C@@H](O)[C@@H](O[C@H]8[C@H](O)[C@@H](O)[C@@H](O[C@H]1[C@H](O)[C@H]2O)O[C@@H]8CO)O[C@@H]7CO)O[C@@H]6CO)O[C@@H]5CO)O[C@@H]4CO)O[C@@H]3CO,22584443D9512992310760C9871E3E6BDB3EDC92006F3EF1EC94F44373907EB1,HOST_CAN_0176,PASS,CC(N)C1CCCCC1,35B3E1B7A711C7E3706A8EB9C2D468565D03EEC35E9175B6C6BA3F23AC72C0B9,GUEST_CAN_0183,PASS,AttentiveFP,4,host_cold,2,1.2747769355773926
1642,3,803,OC[C@H]1O[C@@H]2O[C@@H]3[C@@H](CO)O[C@H](O[C@@H]4[C@@H](CO)O[C@H](O[C@@H]5[C@@H](CO)O[C@H](O[C@@H]6[C@@H](CO)O[C@H](O[C@@H]7[C@@H](CO)O[C@H](O[C@@H]8[C@@H](CO)O[C@H](O[C@H]1[C@H](O)[C@H]2O)[C@H](O)[C@H]8O)[C@H](O)[C@H]7O)[C@H](O)[C@H]6O)[C@H](O)[C@H]5O)[C@H](O)[C@H]4O)[C@H](O)[C@H]3O,CC[N+](=C1C=CC2=NC3C(C(=C(C=C3N)N)C)OC2=C1)CC.[Cl-],cyclodextrin,2.7135000228881836,OC[C@H]1O[C@@H]2O[C@H]3[C@H](O)[C@@H](O)[C@@H](O[C@H]4[C@H](O)[C@@H](O)[C@@H](O[C@H]5[C@H](O)[C@@H](O)[C@@H](O[C@H]6[C@H](O)[C@@H](O)[C@@H](O[C@H]7[C@H](O)[C@@H](O)[C@@H](O[C@H]8[C@H](O)[C@@H](O)[C@@H](O[C@H]1[C@H](O)[C@H]2O)O[C@@H]8CO)O[C@@H]7CO)O[C@@H]6CO)O[C@@H]5CO)O[C@@H]4CO)O[C@@H]3CO,22584443D9512992310760C9871E3E6BDB3EDC92006F3EF1EC94F44373907EB1,HOST_CAN_0176,PASS,CC[N+](CC)=C1C=CC2=NC3C(N)=CC(N)=C(C)C3OC2=C1.[Cl-],6830F35228C0ECB38BAEE550D3E613DC9CA93C110591DF19261CA9174EF7F0A2,GUEST_CAN_0378,PASS,AttentiveFP,4,host_cold,2,2.344636917114258
1649,22,501,Oc1c2Sc3cc(cc(c3O)Sc3cc(cc(Sc4c(c(Sc1cc(c2)S(=O)(=O)O)cc(c4)S(=O)(=O)O)O)c3O)S(=O)(=O)O)S(=O)(=O)O,C1=CC(=NC(=C1)C(=O)O)C(=O)O,calixarene,1.8260999917984009,O=S(=O)(O)c1cc2c(O)c(c1)Sc1cc(S(=O)(=O)O)cc(c1O)Sc1cc(S(=O)(=O)O)cc(c1O)Sc1cc(S(=O)(=O)O)cc(c1O)S2,5FE888C1FB51BDA35D21231A31EDB8203ACD56DD9744D0C6B83351EC668D4256,HOST_CAN_0156,PASS,O=C(O)c1cccc(C(=O)O)n1,207C13F90D0DBA16843662EC874783E522B0E73A1D106D5C4AD9078DF6660820,GUEST_CAN_0887,PASS,AttentiveFP,4,host_cold,2,3.141080379486084
1652,3,874,OC[C@H]1O[C@@H]2O[C@@H]3[C@@H](CO)O[C@H](O[C@@H]4[C@@H](CO)O[C@H](O[C@@H]5[C@@H](CO)O[C@H](O[C@@H]6[C@@H](CO)O[C@H](O[C@@H]7[C@@H](CO)O[C@H](O[C@@H]8[C@@H](CO)O[C@H](O[C@H]1[C@H](O)[C@H]2O)[C@H](O)[C@H]8O)[C@H](O)[C@H]7O)[C@H](O)[C@H]6O)[C@H](O)[C@H]5O)[C@H](O)[C@H]4O)[C@H](O)[C@H]3O,C1=CC=C(C=C1)CC(C(=O)N)N,cyclodextrin,2.037400007247925,OC[C@H]1O[C@@H]2O[C@H]3[C@H](O)[C@@H](O)[C@@H](O[C@H]4[C@H](O)[C@@H](O)[C@@H](O[C@H]5[C@H](O)[C@@H](O)[C@@H](O[C@H]6[C@H](O)[C@@H](O)[C@@H](O[C@H]7[C@H](O)[C@@H](O)[C@@H](O[C@H]8[C@H](O)[C@@H](O)[C@@H](O[C@H]1[C@H](O)[C@H]2O)O[C@@H]8CO)O[C@@H]7CO)O[C@@H]6CO)O[C@@H]5CO)O[C@@H]4CO)O[C@@H]3CO,22584443D9512992310760C9871E3E6BDB3EDC92006F3EF1EC94F44373907EB1,HOST_CAN_0176,PASS,NC(=O)C(N)Cc1ccccc1,378D50B2C32B467D72AB4DCB176B3195E9B4AEBD99624E3D08AFB21381FA9226,GUEST_CAN_0724,PASS,AttentiveFP,4,host_cold,2,1.7349207401275635
1654,73,29,C1C2=CC(=CC(=C2O)CC3=CC(=CC(=C3O)CC4=CC(=CC(=C4O)CC5=C(C(=CC(=C5)S(=O)(=O)O)CC6=C(C1=CC(=C6)S(=O)(=O)O)O)O)S(=O)(=O)O)S(=O)(=O)O)S(=O)(=O)O,C1=CC=NC=C1,calixarene,2.1702001094818115,O=S(=O)(O)c1cc2c(O)c(c1)Cc1cc(S(=O)(=O)O)cc(c1O)Cc1cc(S(=O)(=O)O)cc(c1O)Cc1cc(S(=O)(=O)O)cc(c1O)Cc1cc(S(=O)(=O)O)cc(c1O)C2,CE64A1CA71928E5DE79CF9633E11D44D0BC2C175AB3D980BF8052807605CA8CC,HOST_CAN_0155,PASS,c1ccncc1,75C7A4B0B41E43900BFB8055909B37897A5E104541D35413384B7FF9A1C88B83,GUEST_CAN_1147,PASS,AttentiveFP,4,host_cold,2,3.0332188606262207
1655,3,916,OC[C@H]1O[C@@H]2O[C@@H]3[C@@H](CO)O[C@H](O[C@@H]4[C@@H](CO)O[C@H](O[C@@H]5[C@@H](CO)O[C@H](O[C@@H]6[C@@H](CO)O[C@H](O[C@@H]7[C@@H](CO)O[C@H](O[C@@H]8[C@@H](CO)O[C@H](O[C@H]1[C@H](O)[C@H]2O)[C@H](O)[C@H]8O)[C@H](O)[C@H]7O)[C@H](O)[C@H]6O)[C@H](O)[C@H]5O)[C@H](O)[C@H]4O)[C@H](O)[C@H]3O,COC1=CC=C(C=C1)CC(=O)[O-],cyclodextrin,1.8407000303268433,OC[C@H]1O[C@@H]2O[C@H]3[C@H](O)[C@@H](O)[C@@H](O[C@H]4[C@H](O)[C@@H](O)[C@@H](O[C@H]5[C@H](O)[C@@H](O)[C@@H](O[C@H]6[C@H](O)[C@@H](O)[C@@H](O[C@H]7[C@H](O)[C@@H](O)[C@@H](O[C@H]8[C@H](O)[C@@H](O)[C@@H](O[C@H]1[C@H](O)[C@H]2O)O[C@@H]8CO)O[C@@H]7CO)O[C@@H]6CO)O[C@@H]5CO)O[C@@H]4CO)O[C@@H]3CO,22584443D9512992310760C9871E3E6BDB3EDC92006F3EF1EC94F44373907EB1,HOST_CAN_0176,PASS,COc1ccc(CC(=O)[O-])cc1,9AC494BFA260DE995F731B1A62F81C66C5D1044DDFDA46E4D7D431892D690F0C,GUEST_CAN_0485,PASS,AttentiveFP,4,host_cold,2,2.186746597290039
1659,3,386,OC[C@H]1O[C@@H]2O[C@@H]3[C@@H](CO)O[C@H](O[C@@H]4[C@@H](CO)O[C@H](O[C@@H]5[C@@H](CO)O[C@H](O[C@@H]6[C@@H](CO)O[C@H](O[C@@H]7[C@@H](CO)O[C@H](O[C@@H]8[C@@H](CO)O[C@H](O[C@H]1[C@H](O)[C@H]2O)[C@H](O)[C@H]8O)[C@H](O)[C@H]7O)[C@H](O)[C@H]6O)[C@H](O)[C@H]5O)[C@H](O)[C@H]4O)[C@H](O)[C@H]3O,COC1=C(C2=C[N+]3=C(C=C2C=C1)C4=CC(=C(C=C4CC3)OC)OC)OC,cyclodextrin,2.7987000942230225,OC[C@H]1O[C@@H]2O[C@H]3[C@H](O)[C@@H](O)[C@@H](O[C@H]4[C@H](O)[C@@H](O)[C@@H](O[C@H]5[C@H](O)[C@@H](O)[C@@H](O[C@H]6[C@H](O)[C@@H](O)[C@@H](O[C@H]7[C@H](O)[C@@H](O)[C@@H](O[C@H]8[C@H](O)[C@@H](O)[C@@H](O[C@H]1[C@H](O)[C@H]2O)O[C@@H]8CO)O[C@@H]7CO)O[C@@H]6CO)O[C@@H]5CO)O[C@@H]4CO)O[C@@H]3CO,22584443D9512992310760C9871E3E6BDB3EDC92006F3EF1EC94F44373907EB1,HOST_CAN_0176,PASS,COc1cc2c(cc1OC)-c1cc3ccc(OC)c(OC)c3c[n+]1CC2,C080DC3D5F5CA09533B45EC4B15FBD65AFCA0AAB4061BC0856C81B961E60811F,GUEST_CAN_0479,PASS,AttentiveFP,4,host_cold,2,3.028747797012329
1662,167,920,CC(COC[C@@H]1[C@@H]2[C@@H]([C@H]([C@H](O1)O[C@@H]3[C@H](O[C@@H]([C@@H]([C@H]3O)O)O[C@@H]4[C@H](O[C@@H]([C@@H]([C@H]4O)O)O[C@@H]5[C@H](O[C@@H]([C@@H]([C@H]5O)O)O[C@@H]6[C@H](O[C@@H]([C@@H]([C@H]6O)O)O[C@@H]7[C@H](O[C@@H]([C@@H]([C@H]7O)O)O[C@@H]8[C@H](O[C@H](O2)[C@@H]([C@H]8O)O)COCC(C)O)COCC(C)O)COCC(C)O)COCC(C)O)COCC(C)O)COCC(C)O)O)O)O,C1=CC(=C(C=C1Cl)O)OC2=C(C=C(C=C2)Cl)Cl,cyclodextrin,6.9822998046875,CC(O)COC[C@H]1O[C@@H]2O[C@H]3[C@H](O)[C@@H](O)[C@@H](O[C@H]4[C@H](O)[C@@H](O)[C@@H](O[C@H]5[C@H](O)[C@@H](O)[C@@H](O[C@H]6[C@H](O)[C@@H](O)[C@@H](O[C@H]7[C@H](O)[C@@H](O)[C@@H](O[C@H]8[C@H](O)[C@@H](O)[C@@H](O[C@H]1[C@H](O)[C@H]2O)O[C@@H]8COCC(C)O)O[C@@H]7COCC(C)O)O[C@@H]6COCC(C)O)O[C@@H]5COCC(C)O)O[C@@H]4COCC(C)O)O[C@@H]3COCC(C)O,8FC43C796DC75CF526AC442190CCBE3389AE6ED5A5403457EEE58DDD5F8E41CC,HOST_CAN_0014,PASS,Oc1cc(Cl)ccc1Oc1ccc(Cl)cc1Cl,A2F78B58AB2C0BD51CB9DB2362B0D17717C1760146AE10C020556A1BF061BF85,GUEST_CAN_0986,PASS,AttentiveFP,4,host_cold,2,2.7161598205566406
1666,23,157,OC[C@H]1O[C@@H]2O[C@@H]3[C@@H](CO)O[C@H](O[C@@H]4[C@@H](CO)O[C@H](O[C@@H]5[C@@H](CO)O[C@H](O[C@@H]6[C@@H](CO)O[C@H](O[C@@H]7[C@@H](CO)O[C@H](O[C@H]1[C@H](O)[C@H]2O)[C@H](O)[C@H]7O)[C@H](O)[C@H]6O)[C@H](O)[C@H]5O)[C@H](O)[C@H]4O)[C@H](O)[C@H]3O,F[P-](F)(F)(F)(F)F.[Na+],cyclodextrin,1.3580000400543213,OC[C@H]1O[C@@H]2O[C@H]3[C@H](O)[C@@H](O)[C@@H](O[C@H]4[C@H](O)[C@@H](O)[C@@H](O[C@H]5[C@H](O)[C@@H](O)[C@@H](O[C@H]6[C@H](O)[C@@H](O)[C@@H](O[C@H]7[C@H](O)[C@@H](O)[C@@H](O[C@H]1[C@H](O)[C@H]2O)O[C@@H]7CO)O[C@@H]6CO)O[C@@H]5CO)O[C@@H]4CO)O[C@@H]3CO,9CB41F926A4386D7C0E23599753E6EDC60802BE1DCF577DB9B32CBB20691DB1D,HOST_CAN_0175,PASS,F[P-](F)(F)(F)(F)F.[Na+],70B37F864AA04D4E558B70627441F815145BB79C93E4218BE310755F84FFDF85,GUEST_CAN_0710,PASS,AttentiveFP,4,host_cold,2,2.524942398071289
1675,151,115,C(C(=O)O)N(CC(=O)O)C1C(=O)NC(=O)NC1=O,[K+],other,1.940000057220459,O=C(O)CN(CC(=O)O)C1C(=O)NC(=O)NC1=O,A79CF0157A796F0CD50BB6A621709E83B2F5701A5982B3FC05B4D244283FD579,HOST_CAN_0122,PASS,[K+],E83A78F45A613BB8008932667E03FF097984CF2701657EB6EA0AB517A34DEC0B,GUEST_CAN_1068,PASS,AttentiveFP,4,host_cold,2,1.8703384399414062
1678,101,923,CC12C3(N4CN5C6C7N(C5=O)CN8C9C5N(C8=O)CN8C(=O)N%10CC%11=C(C=CC%12=C%11C(=C(C=C%12)OCCCS(=O)(=O)[O-])CN%11C%10(C8(N(C%11=O)CN5C(=O)N9CN7C(=O)N6CN3C(=O)N1CC1=C(C=CC3=C1C(=C(C=C3)OCCCS(=O)(=O)[O-])CN2C4=O)OCCCS(=O)(=O)[O-])C)C)OCCCS(=O)(=O)[O-])C.[Na+].[Na+].[Na+].[Na+],C1=C(N=C(S1)N=C(N)N)CSCCC(=NS(=O)(=O)N)N,cucurbituril,5.431399822235107,CC12N3Cc4c(OCCCS(=O)(=O)[O-])ccc5ccc(OCCCS(=O)(=O)[O-])c(c45)CN1C(=O)N1CN4C(=O)N5CN6C(=O)N7CN8C(=O)N9Cc%10c(OCCCS(=O)(=O)[O-])ccc%11ccc(OCCCS(=O)(=O)[O-])c(c%10%11)CN%10C(=O)N(CN%11C(=O)N(CN%12C(=O)N(CN(C3=O)C12C)C4C%125)C6C%117)C8(C)C%109C.[Na+].[Na+].[Na+].[Na+],D06B992717C42348D2028871BE8CF32C393DC5D34135FC7CB387827D0E760D24,HOST_CAN_0017,PASS,NC(N)=Nc1nc(CSCCC(N)=NS(N)(=O)=O)cs1,C278CD41E303334ECE190B1DCB1D3235703FA571589B367F21226679E0903877,GUEST_CAN_0752,PASS,AttentiveFP,4,host_cold,2,4.776882648468018
1681,4,579,[Na]OS(=O)(=O)CCCCOC=1C=C(C=CC1)[C@@H]1N=C(OC1)CC1=C(C(=C(C(=C1C)CC=1OC[C@@H](N1)C1=CC(=CC=C1)OCCCCS(=O)(=O)O[Na])C)CC=1OC[C@@H](N1)C1=CC(=CC=C1)OCCCCS(=O)(=O)O[Na])C,C1=CC(=CC=C1CCN)O.Cl,other,2.004300117492676,Cc1c(CC2=N[C@@H](c3cccc(OCCCCS(=O)(=O)[O][Na])c3)CO2)c(C)c(CC2=N[C@@H](c3cccc(OCCCCS(=O)(=O)[O][Na])c3)CO2)c(C)c1CC1=N[C@@H](c2cccc(OCCCCS(=O)(=O)[O][Na])c2)CO1,9E3429786C624B72E8FD089068975D2A1C33E04632FEA26EF01294722587A124,HOST_CAN_0098,PASS,Cl.NCCc1ccc(O)cc1,F5C2C4BDEFF49C1B0AF35D4EA01B23ADAE3324D700AC743A6C27A6FB8A2293D0,GUEST_CAN_0691,PASS,AttentiveFP,4,host_cold,2,1.4812729358673096
1683,3,184,OC[C@H]1O[C@@H]2O[C@@H]3[C@@H](CO)O[C@H](O[C@@H]4[C@@H](CO)O[C@H](O[C@@H]5[C@@H](CO)O[C@H](O[C@@H]6[C@@H](CO)O[C@H](O[C@@H]7[C@@H](CO)O[C@H](O[C@@H]8[C@@H](CO)O[C@H](O[C@H]1[C@H](O)[C@H]2O)[C@H](O)[C@H]8O)[C@H](O)[C@H]7O)[C@H](O)[C@H]6O)[C@H](O)[C@H]5O)[C@H](O)[C@H]4O)[C@H](O)[C@H]3O,C1=CC=C(C=C1)CC(C(=O)O)NC(=O)CN,cyclodextrin,1.6720999479293823,OC[C@H]1O[C@@H]2O[C@H]3[C@H](O)[C@@H](O)[C@@H](O[C@H]4[C@H](O)[C@@H](O)[C@@H](O[C@H]5[C@H](O)[C@@H](O)[C@@H](O[C@H]6[C@H](O)[C@@H](O)[C@@H](O[C@H]7[C@H](O)[C@@H](O)[C@@H](O[C@H]8[C@H](O)[C@@H](O)[C@@H](O[C@H]1[C@H](O)[C@H]2O)O[C@@H]8CO)O[C@@H]7CO)O[C@@H]6CO)O[C@@H]5CO)O[C@@H]4CO)O[C@@H]3CO,22584443D9512992310760C9871E3E6BDB3EDC92006F3EF1EC94F44373907EB1,HOST_CAN_0176,PASS,NCC(=O)NC(Cc1ccccc1)C(=O)O,B24C6BA3C391F2D0C0B5CD092FE1ADC311DDBF52F109C82C135A510AD2D79380,GUEST_CAN_0766,PASS,AttentiveFP,4,host_cold,2,2.0104968547821045
1685,101,926,CC12C3(N4CN5C6C7N(C5=O)CN8C9C5N(C8=O)CN8C(=O)N%10CC%11=C(C=CC%12=C%11C(=C(C=C%12)OCCCS(=O)(=O)[O-])CN%11C%10(C8(N(C%11=O)CN5C(=O)N9CN7C(=O)N6CN3C(=O)N1CC1=C(C=CC3=C1C(=C(C=C3)OCCCS(=O)(=O)[O-])CN2C4=O)OCCCS(=O)(=O)[O-])C)C)OCCCS(=O)(=O)[O-])C.[Na+].[Na+].[Na+].[Na+],CNC(=C[N+](=O)[O-])NCCSCC1=CSC(=N1)CN(C)C,cucurbituril,4.477099895477295,CC12N3Cc4c(OCCCS(=O)(=O)[O-])ccc5ccc(OCCCS(=O)(=O)[O-])c(c45)CN1C(=O)N1CN4C(=O)N5CN6C(=O)N7CN8C(=O)N9Cc%10c(OCCCS(=O)(=O)[O-])ccc%11ccc(OCCCS(=O)(=O)[O-])c(c%10%11)CN%10C(=O)N(CN%11C(=O)N(CN%12C(=O)N(CN(C3=O)C12C)C4C%125)C6C%117)C8(C)C%109C.[Na+].[Na+].[Na+].[Na+],D06B992717C42348D2028871BE8CF32C393DC5D34135FC7CB387827D0E760D24,HOST_CAN_0017,PASS,CNC(=C[N+](=O)[O-])NCCSCc1csc(CN(C)C)n1,77FD15762F710BB622F6044D2B0708A212C6F4573911BAFFA74E6756D0FB8543,GUEST_CAN_0424,PASS,AttentiveFP,4,host_cold,2,5.056777000427246
1691,18,146,CC1=C2C3=CC4=C1OC5C6=CC7=CC(=C6)OC8=CC(=CC(=C8)C(=O)O)OC9=CC1=CC(=C9)C6OC8=C(C=C(C4CCC(=O)O)C(=C8C)O5)C(C4=C(O6)C(=C5C(=C4)C(C4=C6C(=C(C(=C4)C3CCC(=O)O)OC(O2)C2=CC(=CC(=C2)OC2=CC(=CC(=C2)C(=O)O)OC2=CC(=CC(=C2)C(O5)O6)OC2=CC(=CC(=C2)C(=O)O)O1)OC1=CC(=CC(=C1)C(=O)O)O7)C)CCC(=O)O)C)CCC(=O)O,CC(CC=C)C(=O)O,cavitand,3.053100109100342,Cc1c2c3cc4c1OC1Oc5c(cc6c(c5C)OC5Oc7c(cc8c(c7C)OC7Oc9c(cc(c(c9C)OC(O2)c2cc9cc(c2)Oc2cc(cc(C(=O)O)c2)Oc2cc(cc7c2)Oc2cc(cc(C(=O)O)c2)Oc2cc(cc5c2)Oc2cc(cc(C(=O)O)c2)Oc2cc(cc1c2)Oc1cc(cc(C(=O)O)c1)O9)C3CCC(=O)O)C8CCC(=O)O)C6CCC(=O)O)C4CCC(=O)O,326FFD4B5C5565D32207155C0B129AE16AFCA7B3342F0DAD815C24AB8DFA8483,HOST_CAN_0099,PASS,C=CCC(C)C(=O)O,51184B5BD1B19DE00A6B65CD75F4785FC00327935394FF712350D4BB68B7BAF7,GUEST_CAN_0045,PASS,AttentiveFP,4,host_cold,2,3.505244255065918
1710,23,941,OC[C@H]1O[C@@H]2O[C@@H]3[C@@H](CO)O[C@H](O[C@@H]4[C@@H](CO)O[C@H](O[C@@H]5[C@@H](CO)O[C@H](O[C@@H]6[C@@H](CO)O[C@H](O[C@@H]7[C@@H](CO)O[C@H](O[C@H]1[C@H](O)[C@H]2O)[C@H](O)[C@H]7O)[C@H](O)[C@H]6O)[C@H](O)[C@H]5O)[C@H](O)[C@H]4O)[C@H](O)[C@H]3O,CC(C)C(=O)[O-],cyclodextrin,0.8450999855995178,OC[C@H]1O[C@@H]2O[C@H]3[C@H](O)[C@@H](O)[C@@H](O[C@H]4[C@H](O)[C@@H](O)[C@@H](O[C@H]5[C@H](O)[C@@H](O)[C@@H](O[C@H]6[C@H](O)[C@@H](O)[C@@H](O[C@H]7[C@H](O)[C@@H](O)[C@@H](O[C@H]1[C@H](O)[C@H]2O)O[C@@H]7CO)O[C@@H]6CO)O[C@@H]5CO)O[C@@H]4CO)O[C@@H]3CO,9CB41F926A4386D7C0E23599753E6EDC60802BE1DCF577DB9B32CBB20691DB1D,HOST_CAN_0175,PASS,CC(C)C(=O)[O-],83AFC2460B79ACA760DA8EFA8FC0E322A02241795E0A00B76B9133A439CE7A0D,GUEST_CAN_0125,PASS,AttentiveFP,4,host_cold,2,2.0454790592193604
1714,3,943,OC[C@H]1O[C@@H]2O[C@@H]3[C@@H](CO)O[C@H](O[C@@H]4[C@@H](CO)O[C@H](O[C@@H]5[C@@H](CO)O[C@H](O[C@@H]6[C@@H](CO)O[C@H](O[C@@H]7[C@@H](CO)O[C@H](O[C@@H]8[C@@H](CO)O[C@H](O[C@H]1[C@H](O)[C@H]2O)[C@H](O)[C@H]8O)[C@H](O)[C@H]7O)[C@H](O)[C@H]6O)[C@H](O)[C@H]5O)[C@H](O)[C@H]4O)[C@H](O)[C@H]3O,C[C@@H]1CC[C@H](CC1)O,cyclodextrin,3.328399896621704,OC[C@H]1O[C@@H]2O[C@H]3[C@H](O)[C@@H](O)[C@@H](O[C@H]4[C@H](O)[C@@H](O)[C@@H](O[C@H]5[C@H](O)[C@@H](O)[C@@H](O[C@H]6[C@H](O)[C@@H](O)[C@@H](O[C@H]7[C@H](O)[C@@H](O)[C@@H](O[C@H]8[C@H](O)[C@@H](O)[C@@H](O[C@H]1[C@H](O)[C@H]2O)O[C@@H]8CO)O[C@@H]7CO)O[C@@H]6CO)O[C@@H]5CO)O[C@@H]4CO)O[C@@H]3CO,22584443D9512992310760C9871E3E6BDB3EDC92006F3EF1EC94F44373907EB1,HOST_CAN_0176,PASS,C[C@H]1CC[C@H](O)CC1,93F6717A993242215ED7AE070CC1770E3B9670346C0B2E209A9C9DE36DFD12FF,GUEST_CAN_0549,PASS,AttentiveFP,4,host_cold,2,1.9815635681152344
1715,101,301,CC12C3(N4CN5C6C7N(C5=O)CN8C9C5N(C8=O)CN8C(=O)N%10CC%11=C(C=CC%12=C%11C(=C(C=C%12)OCCCS(=O)(=O)[O-])CN%11C%10(C8(N(C%11=O)CN5C(=O)N9CN7C(=O)N6CN3C(=O)N1CC1=C(C=CC3=C1C(=C(C=C3)OCCCS(=O)(=O)[O-])CN2C4=O)OCCCS(=O)(=O)[O-])C)C)OCCCS(=O)(=O)[O-])C.[Na+].[Na+].[Na+].[Na+],CC(=O)OCC[N+](C)(C)C,cucurbituril,5.974100112915039,CC12N3Cc4c(OCCCS(=O)(=O)[O-])ccc5ccc(OCCCS(=O)(=O)[O-])c(c45)CN1C(=O)N1CN4C(=O)N5CN6C(=O)N7CN8C(=O)N9Cc%10c(OCCCS(=O)(=O)[O-])ccc%11ccc(OCCCS(=O)(=O)[O-])c(c%10%11)CN%10C(=O)N(CN%11C(=O)N(CN%12C(=O)N(CN(C3=O)C12C)C4C%125)C6C%117)C8(C)C%109C.[Na+].[Na+].[Na+].[Na+],D06B992717C42348D2028871BE8CF32C393DC5D34135FC7CB387827D0E760D24,HOST_CAN_0017,PASS,CC(=O)OCC[N+](C)(C)C,84D51F4020B502D4D631E57EE68EFDE6A9760DA224964EB235142C0ADF7611B2,GUEST_CAN_0100,PASS,AttentiveFP,4,host_cold,2,4.118645191192627
1724,151,21,C(C(=O)O)N(CC(=O)O)C1C(=O)NC(=O)NC1=O,[Sr+2],other,6.929900169372559,O=C(O)CN(CC(=O)O)C1C(=O)NC(=O)NC1=O,A79CF0157A796F0CD50BB6A621709E83B2F5701A5982B3FC05B4D244283FD579,HOST_CAN_0122,PASS,[Sr+2],B6D37E5B591B608C4BE7D5E471532F87A202E5D6C60D3F594302E0BACEDD0483,GUEST_CAN_1113,PASS,AttentiveFP,4,host_cold,2,6.634992599487305
1725,3,944,OC[C@H]1O[C@@H]2O[C@@H]3[C@@H](CO)O[C@H](O[C@@H]4[C@@H](CO)O[C@H](O[C@@H]5[C@@H](CO)O[C@H](O[C@@H]6[C@@H](CO)O[C@H](O[C@@H]7[C@@H](CO)O[C@H](O[C@@H]8[C@@H](CO)O[C@H](O[C@H]1[C@H](O)[C@H]2O)[C@H](O)[C@H]8O)[C@H](O)[C@H]7O)[C@H](O)[C@H]6O)[C@H](O)[C@H]5O)[C@H](O)[C@H]4O)[C@H](O)[C@H]3O,CC1=C2C=CC(=C(C2=C[N+]3=C1C4=CC(=C(C=C4CC3)OC)OC)OC)OC,cyclodextrin,2.769399881362915,OC[C@H]1O[C@@H]2O[C@H]3[C@H](O)[C@@H](O)[C@@H](O[C@H]4[C@H](O)[C@@H](O)[C@@H](O[C@H]5[C@H](O)[C@@H](O)[C@@H](O[C@H]6[C@H](O)[C@@H](O)[C@@H](O[C@H]7[C@H](O)[C@@H](O)[C@@H](O[C@H]8[C@H](O)[C@@H](O)[C@@H](O[C@H]1[C@H](O)[C@H]2O)O[C@@H]8CO)O[C@@H]7CO)O[C@@H]6CO)O[C@@H]5CO)O[C@@H]4CO)O[C@@H]3CO,22584443D9512992310760C9871E3E6BDB3EDC92006F3EF1EC94F44373907EB1,HOST_CAN_0176,PASS,COc1cc2c(cc1OC)-c1c(C)c3ccc(OC)c(OC)c3c[n+]1CC2,E3693C606C4C127DF951D01A96FE5F0DBA847C33A95BD7125352473FBD9BF750,GUEST_CAN_0478,PASS,AttentiveFP,4,host_cold,2,2.9523327350616455
1737,18,832,CC1=C2C3=CC4=C1OC5C6=CC7=CC(=C6)OC8=CC(=CC(=C8)C(=O)O)OC9=CC1=CC(=C9)C6OC8=C(C=C(C4CCC(=O)O)C(=C8C)O5)C(C4=C(O6)C(=C5C(=C4)C(C4=C6C(=C(C(=C4)C3CCC(=O)O)OC(O2)C2=CC(=CC(=C2)OC2=CC(=CC(=C2)C(=O)O)OC2=CC(=CC(=C2)C(O5)O6)OC2=CC(=CC(=C2)C(=O)O)O1)OC1=CC(=CC(=C1)C(=O)O)O7)C)CCC(=O)O)C)CCC(=O)O,CC(CCC=C(C)C)CC(=O)O,cavitand,5.7093000411987305,Cc1c2c3cc4c1OC1Oc5c(cc6c(c5C)OC5Oc7c(cc8c(c7C)OC7Oc9c(cc(c(c9C)OC(O2)c2cc9cc(c2)Oc2cc(cc(C(=O)O)c2)Oc2cc(cc7c2)Oc2cc(cc(C(=O)O)c2)Oc2cc(cc5c2)Oc2cc(cc(C(=O)O)c2)Oc2cc(cc1c2)Oc1cc(cc(C(=O)O)c1)O9)C3CCC(=O)O)C8CCC(=O)O)C6CCC(=O)O)C4CCC(=O)O,326FFD4B5C5565D32207155C0B129AE16AFCA7B3342F0DAD815C24AB8DFA8483,HOST_CAN_0099,PASS,CC(C)=CCCC(C)CC(=O)O,9581BBEC867A175BEE0AB0944A816BAA43DC7BF55AF73275055BC9B4798AA009,GUEST_CAN_0122,PASS,AttentiveFP,4,host_cold,2,4.445448875427246
1744,3,245,OC[C@H]1O[C@@H]2O[C@@H]3[C@@H](CO)O[C@H](O[C@@H]4[C@@H](CO)O[C@H](O[C@@H]5[C@@H](CO)O[C@H](O[C@@H]6[C@@H](CO)O[C@H](O[C@@H]7[C@@H](CO)O[C@H](O[C@@H]8[C@@H](CO)O[C@H](O[C@H]1[C@H](O)[C@H]2O)[C@H](O)[C@H]8O)[C@H](O)[C@H]7O)[C@H](O)[C@H]6O)[C@H](O)[C@H]5O)[C@H](O)[C@H]4O)[C@H](O)[C@H]3O,C1=CC=C(C=C1)CC(C(=O)O)O,cyclodextrin,1.919100046157837,OC[C@H]1O[C@@H]2O[C@H]3[C@H](O)[C@@H](O)[C@@H](O[C@H]4[C@H](O)[C@@H](O)[C@@H](O[C@H]5[C@H](O)[C@@H](O)[C@@H](O[C@H]6[C@H](O)[C@@H](O)[C@@H](O[C@H]7[C@H](O)[C@@H](O)[C@@H](O[C@H]8[C@H](O)[C@@H](O)[C@@H](O[C@H]1[C@H](O)[C@H]2O)O[C@@H]8CO)O[C@@H]7CO)O[C@@H]6CO)O[C@@H]5CO)O[C@@H]4CO)O[C@@H]3CO,22584443D9512992310760C9871E3E6BDB3EDC92006F3EF1EC94F44373907EB1,HOST_CAN_0176,PASS,O=C(O)C(O)Cc1ccccc1,E9397338BFA2DF2426F5EAFAC89A6A669CCB8C215710730D405A0EAD1E19A161,GUEST_CAN_0859,PASS,AttentiveFP,4,host_cold,2,2.320058584213257
1748,23,94,OC[C@H]1O[C@@H]2O[C@@H]3[C@@H](CO)O[C@H](O[C@@H]4[C@@H](CO)O[C@H](O[C@@H]5[C@@H](CO)O[C@H](O[C@@H]6[C@@H](CO)O[C@H](O[C@@H]7[C@@H](CO)O[C@H](O[C@H]1[C@H](O)[C@H]2O)[C@H](O)[C@H]7O)[C@H](O)[C@H]6O)[C@H](O)[C@H]5O)[C@H](O)[C@H]4O)[C@H](O)[C@H]3O,CCCCCCC(=O)[O-],cyclodextrin,2.925800085067749,OC[C@H]1O[C@@H]2O[C@H]3[C@H](O)[C@@H](O)[C@@H](O[C@H]4[C@H](O)[C@@H](O)[C@@H](O[C@H]5[C@H](O)[C@@H](O)[C@@H](O[C@H]6[C@H](O)[C@@H](O)[C@@H](O[C@H]7[C@H](O)[C@@H](O)[C@@H](O[C@H]1[C@H](O)[C@H]2O)O[C@@H]7CO)O[C@@H]6CO)O[C@@H]5CO)O[C@@H]4CO)O[C@@H]3CO,9CB41F926A4386D7C0E23599753E6EDC60802BE1DCF577DB9B32CBB20691DB1D,HOST_CAN_0175,PASS,CCCCCCC(=O)[O-],A2A84647347D7613E40762E039F0B4FB832EECCE88CD47C5EE0222926819A2F5,GUEST_CAN_0275,PASS,AttentiveFP,4,host_cold,2,1.9920563697814941
1752,23,957,OC[C@H]1O[C@@H]2O[C@@H]3[C@@H](CO)O[C@H](O[C@@H]4[C@@H](CO)O[C@H](O[C@@H]5[C@@H](CO)O[C@H](O[C@@H]6[C@@H](CO)O[C@H](O[C@@H]7[C@@H](CO)O[C@H](O[C@H]1[C@H](O)[C@H]2O)[C@H](O)[C@H]7O)[C@H](O)[C@H]6O)[C@H](O)[C@H]5O)[C@H](O)[C@H]4O)[C@H](O)[C@H]3O,CCCCCCC([NH3+])C,cyclodextrin,3.053100109100342,OC[C@H]1O[C@@H]2O[C@H]3[C@H](O)[C@@H](O)[C@@H](O[C@H]4[C@H](O)[C@@H](O)[C@@H](O[C@H]5[C@H](O)[C@@H](O)[C@@H](O[C@H]6[C@H](O)[C@@H](O)[C@@H](O[C@H]7[C@H](O)[C@@H](O)[C@@H](O[C@H]1[C@H](O)[C@H]2O)O[C@@H]7CO)O[C@@H]6CO)O[C@@H]5CO)O[C@@H]4CO)O[C@@H]3CO,9CB41F926A4386D7C0E23599753E6EDC60802BE1DCF577DB9B32CBB20691DB1D,HOST_CAN_0175,PASS,CCCCCCC(C)[NH3+],3DE5E6258A868C8EBC4718D0999401A74171A6DBB84EBA1B42EEC74F8E1248C8,GUEST_CAN_0276,PASS,AttentiveFP,4,host_cold,2,1.8428497314453125
1763,78,962,COC[C@@H]1O[C@H]2O[C@@H]3[C@@H](COC)O[C@@H]([C@@H]([C@H]3OC)OC)O[C@@H]3[C@@H](COC)O[C@@H]([C@@H]([C@H]3OC)OC)O[C@@H]3[C@@H](COC)O[C@@H]([C@@H]([C@H]3OC)OC)O[C@H]3[C@@H](O[C@@H](O[C@H]4[C@@H](O[C@@H](O[C@H]5[C@@H](O[C@@H](O[C@@H]1[C@H]([C@@H]2OC)OC)[C@@H](OC)[C@@H]5OC)COC)[C@@H](OC)[C@@H]4OC)COC)[C@@H](OC)[C@@H]3OC)COC,[Na]OS(=O)(=O)CCNOC(=O)CCC([C@H]1CC[C@@H]2[C@]1(C)[C@@H](O)C[C@H]1[C@H]2[C@H](O)C[C@H]2[C@]1(C)CC[C@H](C2)O)C,cyclodextrin,2.2095000743865967,COC[C@@H]1O[C@H]2O[C@@H]3[C@@H](OC)[C@H](OC)[C@H](O[C@H]4[C@H](OC)[C@@H](OC)[C@@H](O[C@H]5[C@H](OC)[C@@H](OC)[C@@H](O[C@H]6[C@H](OC)[C@@H](OC)[C@@H](O[C@@H]7[C@@H](OC)[C@H](OC)[C@H](O[C@@H]8[C@@H](OC)[C@H](OC)[C@H](O[C@@H]1[C@@H](OC)[C@@H]2OC)O[C@H]8COC)O[C@H]7COC)O[C@@H]6COC)O[C@@H]5COC)O[C@@H]4COC)O[C@H]3COC,4DBC704653D506001F39C2066C78337580D179894FB25234B01BA86A08D866EF,HOST_CAN_0061,PASS,CC(CCC(=O)ONCCS(=O)(=O)[O][Na])[C@H]1CC[C@H]2[C@@H]3[C@H](O)C[C@@H]4C[C@H](O)CC[C@]4(C)[C@H]3C[C@H](O)[C@]12C,129254C5F67D4EE16CF4AC86FDA70C944CAE4F992A0551A482429E978B0610E7,GUEST_CAN_0172,PASS,AttentiveFP,4,host_cold,2,3.523705005645752
1767,3,629,OC[C@H]1O[C@@H]2O[C@@H]3[C@@H](CO)O[C@H](O[C@@H]4[C@@H](CO)O[C@H](O[C@@H]5[C@@H](CO)O[C@H](O[C@@H]6[C@@H](CO)O[C@H](O[C@@H]7[C@@H](CO)O[C@H](O[C@@H]8[C@@H](CO)O[C@H](O[C@H]1[C@H](O)[C@H]2O)[C@H](O)[C@H]8O)[C@H](O)[C@H]7O)[C@H](O)[C@H]6O)[C@H](O)[C@H]5O)[C@H](O)[C@H]4O)[C@H](O)[C@H]3O,CC(CC(=O)O)C1=CC=CC=C1,cyclodextrin,2.6033999919891357,OC[C@H]1O[C@@H]2O[C@H]3[C@H](O)[C@@H](O)[C@@H](O[C@H]4[C@H](O)[C@@H](O)[C@@H](O[C@H]5[C@H](O)[C@@H](O)[C@@H](O[C@H]6[C@H](O)[C@@H](O)[C@@H](O[C@H]7[C@H](O)[C@@H](O)[C@@H](O[C@H]8[C@H](O)[C@@H](O)[C@@H](O[C@H]1[C@H](O)[C@H]2O)O[C@@H]8CO)O[C@@H]7CO)O[C@@H]6CO)O[C@@H]5CO)O[C@@H]4CO)O[C@@H]3CO,22584443D9512992310760C9871E3E6BDB3EDC92006F3EF1EC94F44373907EB1,HOST_CAN_0176,PASS,CC(CC(=O)O)c1ccccc1,84936731DA143DFB043472F928EEF57FAD120A18E9FC66C78D8B6AFF4F836B2B,GUEST_CAN_0166,PASS,AttentiveFP,4,host_cold,2,2.157458782196045
1770,3,46,OC[C@H]1O[C@@H]2O[C@@H]3[C@@H](CO)O[C@H](O[C@@H]4[C@@H](CO)O[C@H](O[C@@H]5[C@@H](CO)O[C@H](O[C@@H]6[C@@H](CO)O[C@H](O[C@@H]7[C@@H](CO)O[C@H](O[C@@H]8[C@@H](CO)O[C@H](O[C@H]1[C@H](O)[C@H]2O)[C@H](O)[C@H]8O)[C@H](O)[C@H]7O)[C@H](O)[C@H]6O)[C@H](O)[C@H]5O)[C@H](O)[C@H]4O)[C@H](O)[C@H]3O,C1=CC=C(C=C1)NC2=CC=CC3=C2C(=CC=C3)S(=O)(=O)O,cyclodextrin,1.9558000564575195,OC[C@H]1O[C@@H]2O[C@H]3[C@H](O)[C@@H](O)[C@@H](O[C@H]4[C@H](O)[C@@H](O)[C@@H](O[C@H]5[C@H](O)[C@@H](O)[C@@H](O[C@H]6[C@H](O)[C@@H](O)[C@@H](O[C@H]7[C@H](O)[C@@H](O)[C@@H](O[C@H]8[C@H](O)[C@@H](O)[C@@H](O[C@H]1[C@H](O)[C@H]2O)O[C@@H]8CO)O[C@@H]7CO)O[C@@H]6CO)O[C@@H]5CO)O[C@@H]4CO)O[C@@H]3CO,22584443D9512992310760C9871E3E6BDB3EDC92006F3EF1EC94F44373907EB1,HOST_CAN_0176,PASS,O=S(=O)(O)c1cccc2cccc(Nc3ccccc3)c12,C8ECBFB7BFF882EF953A90B709957BBDD5A708508C39AD89F6640E78DA78E786,GUEST_CAN_0932,PASS,AttentiveFP,4,host_cold,2,2.9028594493865967
1771,3,390,OC[C@H]1O[C@@H]2O[C@@H]3[C@@H](CO)O[C@H](O[C@@H]4[C@@H](CO)O[C@H](O[C@@H]5[C@@H](CO)O[C@H](O[C@@H]6[C@@H](CO)O[C@H](O[C@@H]7[C@@H](CO)O[C@H](O[C@@H]8[C@@H](CO)O[C@H](O[C@H]1[C@H](O)[C@H]2O)[C@H](O)[C@H]8O)[C@H](O)[C@H]7O)[C@H](O)[C@H]6O)[C@H](O)[C@H]5O)[C@H](O)[C@H]4O)[C@H](O)[C@H]3O,C1=CC=C(C=C1)CCC(=O)O,cyclodextrin,2.2095000743865967,OC[C@H]1O[C@@H]2O[C@H]3[C@H](O)[C@@H](O)[C@@H](O[C@H]4[C@H](O)[C@@H](O)[C@@H](O[C@H]5[C@H](O)[C@@H](O)[C@@H](O[C@H]6[C@H](O)[C@@H](O)[C@@H](O[C@H]7[C@H](O)[C@@H](O)[C@@H](O[C@H]8[C@H](O)[C@@H](O)[C@@H](O[C@H]1[C@H](O)[C@H]2O)O[C@@H]8CO)O[C@@H]7CO)O[C@@H]6CO)O[C@@H]5CO)O[C@@H]4CO)O[C@@H]3CO,22584443D9512992310760C9871E3E6BDB3EDC92006F3EF1EC94F44373907EB1,HOST_CAN_0176,PASS,O=C(O)CCc1ccccc1,B755FD509AD8611F31B726BB9F18750ACB5CB5F50B2D930FC30428336D1E0043,GUEST_CAN_0876,PASS,AttentiveFP,4,host_cold,2,2.0749146938323975
1774,23,965,OC[C@H]1O[C@@H]2O[C@@H]3[C@@H](CO)O[C@H](O[C@@H]4[C@@H](CO)O[C@H](O[C@@H]5[C@@H](CO)O[C@H](O[C@@H]6[C@@H](CO)O[C@H](O[C@@H]7[C@@H](CO)O[C@H](O[C@H]1[C@H](O)[C@H]2O)[C@H](O)[C@H]7O)[C@H](O)[C@H]6O)[C@H](O)[C@H]5O)[C@H](O)[C@H]4O)[C@H](O)[C@H]3O,C1=CC2=C(C=C1N)SC3=CC(=[NH2+])C=CC3=N2.[Cl-],cyclodextrin,2.8241000175476074,OC[C@H]1O[C@@H]2O[C@H]3[C@H](O)[C@@H](O)[C@@H](O[C@H]4[C@H](O)[C@@H](O)[C@@H](O[C@H]5[C@H](O)[C@@H](O)[C@@H](O[C@H]6[C@H](O)[C@@H](O)[C@@H](O[C@H]7[C@H](O)[C@@H](O)[C@@H](O[C@H]1[C@H](O)[C@H]2O)O[C@@H]7CO)O[C@@H]6CO)O[C@@H]5CO)O[C@@H]4CO)O[C@@H]3CO,9CB41F926A4386D7C0E23599753E6EDC60802BE1DCF577DB9B32CBB20691DB1D,HOST_CAN_0175,PASS,Nc1ccc2nc3ccc(=[NH2+])cc-3sc2c1.[Cl-],48DC014FDEC270D04716C609432C89238E48472679D893E7E070BEE60CE2C6DE,GUEST_CAN_0835,PASS,AttentiveFP,4,host_cold,2,3.0158634185791016
1781,3,969,OC[C@H]1O[C@@H]2O[C@@H]3[C@@H](CO)O[C@H](O[C@@H]4[C@@H](CO)O[C@H](O[C@@H]5[C@@H](CO)O[C@H](O[C@@H]6[C@@H](CO)O[C@H](O[C@@H]7[C@@H](CO)O[C@H](O[C@@H]8[C@@H](CO)O[C@H](O[C@H]1[C@H](O)[C@H]2O)[C@H](O)[C@H]8O)[C@H](O)[C@H]7O)[C@H](O)[C@H]6O)[C@H](O)[C@H]5O)[C@H](O)[C@H]4O)[C@H](O)[C@H]3O,CC(C)C1=CC=C(C=C1)O,cyclodextrin,3.1721999645233154,OC[C@H]1O[C@@H]2O[C@H]3[C@H](O)[C@@H](O)[C@@H](O[C@H]4[C@H](O)[C@@H](O)[C@@H](O[C@H]5[C@H](O)[C@@H](O)[C@@H](O[C@H]6[C@H](O)[C@@H](O)[C@@H](O[C@H]7[C@H](O)[C@@H](O)[C@@H](O[C@H]8[C@H](O)[C@@H](O)[C@@H](O[C@H]1[C@H](O)[C@H]2O)O[C@@H]8CO)O[C@@H]7CO)O[C@@H]6CO)O[C@@H]5CO)O[C@@H]4CO)O[C@@H]3CO,22584443D9512992310760C9871E3E6BDB3EDC92006F3EF1EC94F44373907EB1,HOST_CAN_0176,PASS,CC(C)c1ccc(O)cc1,7958C50895C8C066C54AFADBFA00764D4AB338FF96B651DDF5CB93A825175342,GUEST_CAN_0165,PASS,AttentiveFP,4,host_cold,2,2.032942771911621
1785,22,400,Oc1c2Sc3cc(cc(c3O)Sc3cc(cc(Sc4c(c(Sc1cc(c2)S(=O)(=O)O)cc(c4)S(=O)(=O)O)O)c3O)S(=O)(=O)O)S(=O)(=O)O,CC1=NC(=CC=C1)C,calixarene,3.333400011062622,O=S(=O)(O)c1cc2c(O)c(c1)Sc1cc(S(=O)(=O)O)cc(c1O)Sc1cc(S(=O)(=O)O)cc(c1O)Sc1cc(S(=O)(=O)O)cc(c1O)S2,5FE888C1FB51BDA35D21231A31EDB8203ACD56DD9744D0C6B83351EC668D4256,HOST_CAN_0156,PASS,Cc1cccc(C)n1,DBFA28727E7253C6FF16A196350004E0257EBA3F3F69D11C8D90ABE7F3D7FD4B,GUEST_CAN_0665,PASS,AttentiveFP,4,host_cold,2,3.0209426879882812
1786,57,970,O=S(OC1=C2C(C3C4=CC5=C(C=C4C2C3)C6C7=C(C5C6)C=CC=C7)=C(OS(=O)([O-])=O)C8=C1C9C%10=CC(C%11C(C=CC=C%12)=C%12C%13C%11)=C%13C=C%10C8C9)([O-])=O.[Na+].[Na+],Cl.Cl.COC([C@@H](N)CCCNC(N)=N)=O,other,3.796600103378296,O=S(=O)([O-])Oc1c2c(c(OS(=O)(=O)[O-])c3c1C1CC3c3cc4c(cc31)C1CC4c3ccccc31)C1CC2c2cc3c(cc21)C1CC3c2ccccc21.[Na+].[Na+],5412FB52C8CBD58449E920A6B0055A7974AA5ED214A245A72F491F8E36BD048F,HOST_CAN_0161,PASS,COC(=O)[C@@H](N)CCCNC(=N)N.Cl.Cl,058A033EA14820B6FF97E468FF7316D920C67DEAB4B4BD6C33BB029CFF6090CB,GUEST_CAN_0447,PASS,AttentiveFP,4,host_cold,2,3.0986952781677246
1788,3,972,OC[C@H]1O[C@@H]2O[C@@H]3[C@@H](CO)O[C@H](O[C@@H]4[C@@H](CO)O[C@H](O[C@@H]5[C@@H](CO)O[C@H](O[C@@H]6[C@@H](CO)O[C@H](O[C@@H]7[C@@H](CO)O[C@H](O[C@@H]8[C@@H](CO)O[C@H](O[C@H]1[C@H](O)[C@H]2O)[C@H](O)[C@H]8O)[C@H](O)[C@H]7O)[C@H](O)[C@H]6O)[C@H](O)[C@H]5O)[C@H](O)[C@H]4O)[C@H](O)[C@H]3O,CC1=CC2=C(C=C1C)N=C3C(=N2)C(=O)NC(=O)N3,cyclodextrin,2.984999895095825,OC[C@H]1O[C@@H]2O[C@H]3[C@H](O)[C@@H](O)[C@@H](O[C@H]4[C@H](O)[C@@H](O)[C@@H](O[C@H]5[C@H](O)[C@@H](O)[C@@H](O[C@H]6[C@H](O)[C@@H](O)[C@@H](O[C@H]7[C@H](O)[C@@H](O)[C@@H](O[C@H]8[C@H](O)[C@@H](O)[C@@H](O[C@H]1[C@H](O)[C@H]2O)O[C@@H]8CO)O[C@@H]7CO)O[C@@H]6CO)O[C@@H]5CO)O[C@@H]4CO)O[C@@H]3CO,22584443D9512992310760C9871E3E6BDB3EDC92006F3EF1EC94F44373907EB1,HOST_CAN_0176,PASS,Cc1cc2nc3[nH]c(=O)[nH]c(=O)c3nc2cc1C,7F5911F9B38BC5A709055C6A52842FCC11659FCD964D6896F3FC38743FBBF654,GUEST_CAN_0649,PASS,AttentiveFP,4,host_cold,2,2.728407382965088
1797,3,895,OC[C@H]1O[C@@H]2O[C@@H]3[C@@H](CO)O[C@H](O[C@@H]4[C@@H](CO)O[C@H](O[C@@H]5[C@@H](CO)O[C@H](O[C@@H]6[C@@H](CO)O[C@H](O[C@@H]7[C@@H](CO)O[C@H](O[C@@H]8[C@@H](CO)O[C@H](O[C@H]1[C@H](O)[C@H]2O)[C@H](O)[C@H]8O)[C@H](O)[C@H]7O)[C@H](O)[C@H]6O)[C@H](O)[C@H]5O)[C@H](O)[C@H]4O)[C@H](O)[C@H]3O,C1=CC=C(C=C1)C(=O)OC(C(C(=O)O)OC(=O)C2=CC=CC=C2)C(=O)O,cyclodextrin,1.5051000118255615,OC[C@H]1O[C@@H]2O[C@H]3[C@H](O)[C@@H](O)[C@@H](O[C@H]4[C@H](O)[C@@H](O)[C@@H](O[C@H]5[C@H](O)[C@@H](O)[C@@H](O[C@H]6[C@H](O)[C@@H](O)[C@@H](O[C@H]7[C@H](O)[C@@H](O)[C@@H](O[C@H]8[C@H](O)[C@@H](O)[C@@H](O[C@H]1[C@H](O)[C@H]2O)O[C@@H]8CO)O[C@@H]7CO)O[C@@H]6CO)O[C@@H]5CO)O[C@@H]4CO)O[C@@H]3CO,22584443D9512992310760C9871E3E6BDB3EDC92006F3EF1EC94F44373907EB1,HOST_CAN_0176,PASS,O=C(OC(C(=O)O)C(OC(=O)c1ccccc1)C(=O)O)c1ccccc1,214A3BD6230D1F304A9E7C3F75FC23FBA4E6FD1CBDED7A995CB55394E3581ACA,GUEST_CAN_0892,PASS,AttentiveFP,4,host_cold,2,2.7537221908569336
1804,101,977,CC12C3(N4CN5C6C7N(C5=O)CN8C9C5N(C8=O)CN8C(=O)N%10CC%11=C(C=CC%12=C%11C(=C(C=C%12)OCCCS(=O)(=O)[O-])CN%11C%10(C8(N(C%11=O)CN5C(=O)N9CN7C(=O)N6CN3C(=O)N1CC1=C(C=CC3=C1C(=C(C=C3)OCCCS(=O)(=O)[O-])CN2C4=O)OCCCS(=O)(=O)[O-])C)C)OCCCS(=O)(=O)[O-])C.[Na+].[Na+].[Na+].[Na+],CN[C@H]([C@@H](O)C1=CC=CC=C1)C,cucurbituril,3.934499979019165,CC12N3Cc4c(OCCCS(=O)(=O)[O-])ccc5ccc(OCCCS(=O)(=O)[O-])c(c45)CN1C(=O)N1CN4C(=O)N5CN6C(=O)N7CN8C(=O)N9Cc%10c(OCCCS(=O)(=O)[O-])ccc%11ccc(OCCCS(=O)(=O)[O-])c(c%10%11)CN%10C(=O)N(CN%11C(=O)N(CN%12C(=O)N(CN(C3=O)C12C)C4C%125)C6C%117)C8(C)C%109C.[Na+].[Na+].[Na+].[Na+],D06B992717C42348D2028871BE8CF32C393DC5D34135FC7CB387827D0E760D24,HOST_CAN_0017,PASS,CN[C@@H](C)[C@@H](O)c1ccccc1,4DEE58B423CF549CB3E97EDE234F3D2C78B508E3A35DD1C7D4B775438DD22E60,GUEST_CAN_0432,PASS,AttentiveFP,4,host_cold,2,4.156607627868652
1805,3,978,OC[C@H]1O[C@@H]2O[C@@H]3[C@@H](CO)O[C@H](O[C@@H]4[C@@H](CO)O[C@H](O[C@@H]5[C@@H](CO)O[C@H](O[C@@H]6[C@@H](CO)O[C@H](O[C@@H]7[C@@H](CO)O[C@H](O[C@@H]8[C@@H](CO)O[C@H](O[C@H]1[C@H](O)[C@H]2O)[C@H](O)[C@H]8O)[C@H](O)[C@H]7O)[C@H](O)[C@H]6O)[C@H](O)[C@H]5O)[C@H](O)[C@H]4O)[C@H](O)[C@H]3O,C(C)(C)(C)O,cyclodextrin,2.259999990463257,OC[C@H]1O[C@@H]2O[C@H]3[C@H](O)[C@@H](O)[C@@H](O[C@H]4[C@H](O)[C@@H](O)[C@@H](O[C@H]5[C@H](O)[C@@H](O)[C@@H](O[C@H]6[C@H](O)[C@@H](O)[C@@H](O[C@H]7[C@H](O)[C@@H](O)[C@@H](O[C@H]8[C@H](O)[C@@H](O)[C@@H](O[C@H]1[C@H](O)[C@H]2O)O[C@@H]8CO)O[C@@H]7CO)O[C@@H]6CO)O[C@@H]5CO)O[C@@H]4CO)O[C@@H]3CO,22584443D9512992310760C9871E3E6BDB3EDC92006F3EF1EC94F44373907EB1,HOST_CAN_0176,PASS,CC(C)(C)O,BAF10C6263079F541FDD995FACFA85E9BAE39042CB0AA93C8F9307E7136B988B,GUEST_CAN_0112,PASS,AttentiveFP,4,host_cold,2,1.3988144397735596
1810,3,36,OC[C@H]1O[C@@H]2O[C@@H]3[C@@H](CO)O[C@H](O[C@@H]4[C@@H](CO)O[C@H](O[C@@H]5[C@@H](CO)O[C@H](O[C@@H]6[C@@H](CO)O[C@H](O[C@@H]7[C@@H](CO)O[C@H](O[C@@H]8[C@@H](CO)O[C@H](O[C@H]1[C@H](O)[C@H]2O)[C@H](O)[C@H]8O)[C@H](O)[C@H]7O)[C@H](O)[C@H]6O)[C@H](O)[C@H]5O)[C@H](O)[C@H]4O)[C@H](O)[C@H]3O,CC1CCCCC1O,cyclodextrin,2.9916999340057373,OC[C@H]1O[C@@H]2O[C@H]3[C@H](O)[C@@H](O)[C@@H](O[C@H]4[C@H](O)[C@@H](O)[C@@H](O[C@H]5[C@H](O)[C@@H](O)[C@@H](O[C@H]6[C@H](O)[C@@H](O)[C@@H](O[C@H]7[C@H](O)[C@@H](O)[C@@H](O[C@H]8[C@H](O)[C@@H](O)[C@@H](O[C@H]1[C@H](O)[C@H]2O)O[C@@H]8CO)O[C@@H]7CO)O[C@@H]6CO)O[C@@H]5CO)O[C@@H]4CO)O[C@@H]3CO,22584443D9512992310760C9871E3E6BDB3EDC92006F3EF1EC94F44373907EB1,HOST_CAN_0176,PASS,CC1CCCCC1O,71318E67A5954C9E37E826B43F843772CBDC256A7F54B2DAF73836E67FF82A01,GUEST_CAN_0241,PASS,AttentiveFP,4,host_cold,2,1.937574863433838
1813,3,453,OC[C@H]1O[C@@H]2O[C@@H]3[C@@H](CO)O[C@H](O[C@@H]4[C@@H](CO)O[C@H](O[C@@H]5[C@@H](CO)O[C@H](O[C@@H]6[C@@H](CO)O[C@H](O[C@@H]7[C@@H](CO)O[C@H](O[C@@H]8[C@@H](CO)O[C@H](O[C@H]1[C@H](O)[C@H]2O)[C@H](O)[C@H]8O)[C@H](O)[C@H]7O)[C@H](O)[C@H]6O)[C@H](O)[C@H]5O)[C@H](O)[C@H]4O)[C@H](O)[C@H]3O,CC1=CC=C(C=C1)C(=O)OC(C(C(=O)O)OC(=O)C2=CC=C(C=C2)C)C(=O)O,cyclodextrin,1.979699969291687,OC[C@H]1O[C@@H]2O[C@H]3[C@H](O)[C@@H](O)[C@@H](O[C@H]4[C@H](O)[C@@H](O)[C@@H](O[C@H]5[C@H](O)[C@@H](O)[C@@H](O[C@H]6[C@H](O)[C@@H](O)[C@@H](O[C@H]7[C@H](O)[C@@H](O)[C@@H](O[C@H]8[C@H](O)[C@@H](O)[C@@H](O[C@H]1[C@H](O)[C@H]2O)O[C@@H]8CO)O[C@@H]7CO)O[C@@H]6CO)O[C@@H]5CO)O[C@@H]4CO)O[C@@H]3CO,22584443D9512992310760C9871E3E6BDB3EDC92006F3EF1EC94F44373907EB1,HOST_CAN_0176,PASS,Cc1ccc(C(=O)OC(C(=O)O)C(OC(=O)c2ccc(C)cc2)C(=O)O)cc1,28295926D410CDD14FC155701FA03B6FFCBD14E9E9154B2CF5985DB531CD7D9C,GUEST_CAN_0656,PASS,AttentiveFP,4,host_cold,2,2.5699963569641113
1817,26,171,[Li+].[Li+].B(C1=CC=CC=C1CNCC2=CC=C(C=C2)C(=O)NC3=CC(=CC(=C3)CP(=O)([O-])OC)CP(=O)([O-])OC)(O)O,C1=CC(=C(C=C1CCN)O)O,other,2.234100103378296,COP(=O)([O-])Cc1cc(CP(=O)([O-])OC)cc(NC(=O)c2ccc(CNCc3ccccc3B(O)O)cc2)c1.[Li+].[Li+],F42D7F8FEECED34D2A8CD9838DF697E6536F3F5A5AD106D19B9E9737F28D2790,HOST_CAN_0067,PASS,NCCc1ccc(O)c(O)c1,8C989074BC36C962545C6731CBB09A9BCEAD59D65B1AEE4A0B8B096CFFB8E510,GUEST_CAN_0808,PASS,AttentiveFP,4,host_cold,2,2.9591708183288574
1819,18,795,CC1=C2C3=CC4=C1OC5C6=CC7=CC(=C6)OC8=CC(=CC(=C8)C(=O)O)OC9=CC1=CC(=C9)C6OC8=C(C=C(C4CCC(=O)O)C(=C8C)O5)C(C4=C(O6)C(=C5C(=C4)C(C4=C6C(=C(C(=C4)C3CCC(=O)O)OC(O2)C2=CC(=CC(=C2)OC2=CC(=CC(=C2)C(=O)O)OC2=CC(=CC(=C2)C(O5)O6)OC2=CC(=CC(=C2)C(=O)O)O1)OC1=CC(=CC(=C1)C(=O)O)O7)C)CCC(=O)O)C)CCC(=O)O,C1=CC=C2C=C(C(=CC2=C1)C(=O)O)O,cavitand,5.100399971008301,Cc1c2c3cc4c1OC1Oc5c(cc6c(c5C)OC5Oc7c(cc8c(c7C)OC7Oc9c(cc(c(c9C)OC(O2)c2cc9cc(c2)Oc2cc(cc(C(=O)O)c2)Oc2cc(cc7c2)Oc2cc(cc(C(=O)O)c2)Oc2cc(cc5c2)Oc2cc(cc(C(=O)O)c2)Oc2cc(cc1c2)Oc1cc(cc(C(=O)O)c1)O9)C3CCC(=O)O)C8CCC(=O)O)C6CCC(=O)O)C4CCC(=O)O,326FFD4B5C5565D32207155C0B129AE16AFCA7B3342F0DAD815C24AB8DFA8483,HOST_CAN_0099,PASS,O=C(O)c1cc2ccccc2cc1O,ED2AA3550EE4BA5A4099B17620624445CE39708FAA976730AB51482D40F5320B,GUEST_CAN_0882,PASS,AttentiveFP,4,host_cold,2,4.710285663604736
1821,89,981,O[C@@H]1[C@@H](O)[C@H](O[C@@H]2[C@H](O)[C@@H](O)[C@H](O3)[C@@H](COCCCCS(=O)([O-])=O)O2)[C@@H](COCCCCS(=O)([O-])=O)O[C@@H]1O[C@H]4[C@H](O)[C@@H](O)[C@@H](O[C@@H]5[C@@H](O)[C@H](O)[C@H](O[C@@H]6[C@@H](O)[C@H](O)[C@H](O[C@@H]7[C@@H](O)[C@H](O)[C@H](O[C@@H]8[C@@H](O)[C@H](O)[C@H]3O[C@H]8COCCCCS(=O)([O-])=O)O[C@H]7COCCCCS(=O)([O-])=O)O[C@H]6COCCCCS(=O)([O-])=O)O[C@H]5COCCCCS(=O)([O-])=O)O[C@@H]4COCCCCS(=O)([O-])=O.[Na+].[Na+].[Na+].[Na+].[Na+].[Na+].[Na+],CC(C12CC3CC(C1)CC(C3)C2)N,cyclodextrin,4.332399845123291,O=S(=O)([O-])CCCCOC[C@@H]1O[C@H]2O[C@@H]3[C@@H](O)[C@H](O)[C@H](O[C@H]4[C@H](O)[C@@H](O)[C@@H](O[C@H]5[C@H](O)[C@@H](O)[C@@H](O[C@H]6[C@H](O)[C@@H](O)[C@@H](O[C@@H]7[C@@H](O)[C@H](O)[C@H](O[C@@H]8[C@@H](O)[C@H](O)[C@H](O[C@@H]1[C@@H](O)[C@@H]2O)O[C@H]8COCCCCS(=O)(=O)[O-])O[C@H]7COCCCCS(=O)(=O)[O-])O[C@@H]6COCCCCS(=O)(=O)[O-])O[C@@H]5COCCCCS(=O)(=O)[O-])O[C@@H]4COCCCCS(=O)(=O)[O-])O[C@H]3COCCCCS(=O)(=O)[O-].[Na+].[Na+].[Na+].[Na+].[Na+].[Na+].[Na+],0EF453A8FEAB2DBB346A347C51767F5C4A37ED4747250CEC0BCF3880BBC2D023,HOST_CAN_0157,PASS,CC(N)C12CC3CC(CC(C3)C1)C2,3D5B3416C24909C52C0BE2FD145D0FC4CC9EC4826D66F6A837149ACCCB471211,GUEST_CAN_0182,PASS,AttentiveFP,4,host_cold,2,5.243509292602539
1824,36,229,C1CCC2C(C1)OCCOCCOC3CCCCC3OCCOCCO2,[Na+],crown_ether,1.7000000476837158,C1CCC2OCCOCCOC3CCCCC3OCCOCCOC2C1,6324056DD7B8D486CDD96CAFC63AEDD5DD6528EA1F170F5E566BD0A62E2BF929,HOST_CAN_0001,PASS,[Na+],C967F382B185E1578CB9153250886D12807928AF715FC44BD49BA94ACEDD7043,GUEST_CAN_1098,PASS,AttentiveFP,4,host_cold,2,2.0882914066314697
1829,89,985,O[C@@H]1[C@@H](O)[C@H](O[C@@H]2[C@H](O)[C@@H](O)[C@H](O3)[C@@H](COCCCCS(=O)([O-])=O)O2)[C@@H](COCCCCS(=O)([O-])=O)O[C@@H]1O[C@H]4[C@H](O)[C@@H](O)[C@@H](O[C@@H]5[C@@H](O)[C@H](O)[C@H](O[C@@H]6[C@@H](O)[C@H](O)[C@H](O[C@@H]7[C@@H](O)[C@H](O)[C@H](O[C@@H]8[C@@H](O)[C@H](O)[C@H]3O[C@H]8COCCCCS(=O)([O-])=O)O[C@H]7COCCCCS(=O)([O-])=O)O[C@H]6COCCCCS(=O)([O-])=O)O[C@H]5COCCCCS(=O)([O-])=O)O[C@@H]4COCCCCS(=O)([O-])=O.[Na+].[Na+].[Na+].[Na+].[Na+].[Na+].[Na+],C[N+]1=CC=C(C=C1)C2=C3C=CC(=C(C4=NC(=C(C5=CC=C(N5)C(=C6C=CC2=N6)C7=CC=[N+](C=C7)C)C8=CC=[N+](C=C8)C)C=C4)C9=CC=[N+](C=C9)C)N3,cyclodextrin,8.99120044708252,O=S(=O)([O-])CCCCOC[C@@H]1O[C@H]2O[C@@H]3[C@@H](O)[C@H](O)[C@H](O[C@H]4[C@H](O)[C@@H](O)[C@@H](O[C@H]5[C@H](O)[C@@H](O)[C@@H](O[C@H]6[C@H](O)[C@@H](O)[C@@H](O[C@@H]7[C@@H](O)[C@H](O)[C@H](O[C@@H]8[C@@H](O)[C@H](O)[C@H](O[C@@H]1[C@@H](O)[C@@H]2O)O[C@H]8COCCCCS(=O)(=O)[O-])O[C@H]7COCCCCS(=O)(=O)[O-])O[C@@H]6COCCCCS(=O)(=O)[O-])O[C@@H]5COCCCCS(=O)(=O)[O-])O[C@@H]4COCCCCS(=O)(=O)[O-])O[C@H]3COCCCCS(=O)(=O)[O-].[Na+].[Na+].[Na+].[Na+].[Na+].[Na+].[Na+],0EF453A8FEAB2DBB346A347C51767F5C4A37ED4747250CEC0BCF3880BBC2D023,HOST_CAN_0157,PASS,C[n+]1ccc(-c2c3nc(c(-c4cc[n+](C)cc4)c4ccc([nH]4)c(-c4cc[n+](C)cc4)c4nc(c(-c5cc[n+](C)cc5)c5ccc2[nH]5)C=C4)C=C3)cc1,CA00D38A747A334F988F4BF7C7A697DB64977046091C4765989707F0374C9D32,GUEST_CAN_0621,PASS,AttentiveFP,4,host_cold,2,5.352224349975586
1834,3,369,OC[C@H]1O[C@@H]2O[C@@H]3[C@@H](CO)O[C@H](O[C@@H]4[C@@H](CO)O[C@H](O[C@@H]5[C@@H](CO)O[C@H](O[C@@H]6[C@@H](CO)O[C@H](O[C@@H]7[C@@H](CO)O[C@H](O[C@@H]8[C@@H](CO)O[C@H](O[C@H]1[C@H](O)[C@H]2O)[C@H](O)[C@H]8O)[C@H](O)[C@H]7O)[C@H](O)[C@H]6O)[C@H](O)[C@H]5O)[C@H](O)[C@H]4O)[C@H](O)[C@H]3O,C1CC2CCC(C1)N=N2,cyclodextrin,3.428100109100342,OC[C@H]1O[C@@H]2O[C@H]3[C@H](O)[C@@H](O)[C@@H](O[C@H]4[C@H](O)[C@@H](O)[C@@H](O[C@H]5[C@H](O)[C@@H](O)[C@@H](O[C@H]6[C@H](O)[C@@H](O)[C@@H](O[C@H]7[C@H](O)[C@@H](O)[C@@H](O[C@H]8[C@H](O)[C@@H](O)[C@@H](O[C@H]1[C@H](O)[C@H]2O)O[C@@H]8CO)O[C@@H]7CO)O[C@@H]6CO)O[C@@H]5CO)O[C@@H]4CO)O[C@@H]3CO,22584443D9512992310760C9871E3E6BDB3EDC92006F3EF1EC94F44373907EB1,HOST_CAN_0176,PASS,C1CC2CCC(C1)N=N2,3CB1DE4B60C8143576E12CED092F576F3C060BF327141DD7E64000E135972BED,GUEST_CAN_0021,PASS,AttentiveFP,4,host_cold,2,1.9074351787567139
1835,89,714,O[C@@H]1[C@@H](O)[C@H](O[C@@H]2[C@H](O)[C@@H](O)[C@H](O3)[C@@H](COCCCCS(=O)([O-])=O)O2)[C@@H](COCCCCS(=O)([O-])=O)O[C@@H]1O[C@H]4[C@H](O)[C@@H](O)[C@@H](O[C@@H]5[C@@H](O)[C@H](O)[C@H](O[C@@H]6[C@@H](O)[C@H](O)[C@H](O[C@@H]7[C@@H](O)[C@H](O)[C@H](O[C@@H]8[C@@H](O)[C@H](O)[C@H]3O[C@H]8COCCCCS(=O)([O-])=O)O[C@H]7COCCCCS(=O)([O-])=O)O[C@H]6COCCCCS(=O)([O-])=O)O[C@H]5COCCCCS(=O)([O-])=O)O[C@@H]4COCCCCS(=O)([O-])=O.[Na+].[Na+].[Na+].[Na+].[Na+].[Na+].[Na+],CC1=CC=C(C=C1)S(=O)(=O)[O-].CN1C2=CC=CC=C2SC1=CC3=CC=[N+](C4=CC=CC=C34)C,cyclodextrin,4.897600173950195,O=S(=O)([O-])CCCCOC[C@@H]1O[C@H]2O[C@@H]3[C@@H](O)[C@H](O)[C@H](O[C@H]4[C@H](O)[C@@H](O)[C@@H](O[C@H]5[C@H](O)[C@@H](O)[C@@H](O[C@H]6[C@H](O)[C@@H](O)[C@@H](O[C@@H]7[C@@H](O)[C@H](O)[C@H](O[C@@H]8[C@@H](O)[C@H](O)[C@H](O[C@@H]1[C@@H](O)[C@@H]2O)O[C@H]8COCCCCS(=O)(=O)[O-])O[C@H]7COCCCCS(=O)(=O)[O-])O[C@@H]6COCCCCS(=O)(=O)[O-])O[C@@H]5COCCCCS(=O)(=O)[O-])O[C@@H]4COCCCCS(=O)(=O)[O-])O[C@H]3COCCCCS(=O)(=O)[O-].[Na+].[Na+].[Na+].[Na+].[Na+].[Na+].[Na+],0EF453A8FEAB2DBB346A347C51767F5C4A37ED4747250CEC0BCF3880BBC2D023,HOST_CAN_0157,PASS,CN1C(=Cc2cc[n+](C)c3ccccc23)Sc2ccccc21.Cc1ccc(S(=O)(=O)[O-])cc1,37AFE90B2A9CFC9A7716FFC5BF6C8F5DC7CB0DAD8979653122109A0BD39F8D13,GUEST_CAN_0415,PASS,AttentiveFP,4,host_cold,2,5.439045429229736
1836,18,820,CC1=C2C3=CC4=C1OC5C6=CC7=CC(=C6)OC8=CC(=CC(=C8)C(=O)O)OC9=CC1=CC(=C9)C6OC8=C(C=C(C4CCC(=O)O)C(=C8C)O5)C(C4=C(O6)C(=C5C(=C4)C(C4=C6C(=C(C(=C4)C3CCC(=O)O)OC(O2)C2=CC(=CC(=C2)OC2=CC(=CC(=C2)C(=O)O)OC2=CC(=CC(=C2)C(O5)O6)OC2=CC(=CC(=C2)C(=O)O)O1)OC1=CC(=CC(=C1)C(=O)O)O7)C)CCC(=O)O)C)CCC(=O)O,C1=CC(=CC=C1C#N)C(=O)O,cavitand,3.772700071334839,Cc1c2c3cc4c1OC1Oc5c(cc6c(c5C)OC5Oc7c(cc8c(c7C)OC7Oc9c(cc(c(c9C)OC(O2)c2cc9cc(c2)Oc2cc(cc(C(=O)O)c2)Oc2cc(cc7c2)Oc2cc(cc(C(=O)O)c2)Oc2cc(cc5c2)Oc2cc(cc(C(=O)O)c2)Oc2cc(cc1c2)Oc1cc(cc(C(=O)O)c1)O9)C3CCC(=O)O)C8CCC(=O)O)C6CCC(=O)O)C4CCC(=O)O,326FFD4B5C5565D32207155C0B129AE16AFCA7B3342F0DAD815C24AB8DFA8483,HOST_CAN_0099,PASS,N#Cc1ccc(C(=O)O)cc1,4958BD941DCC40F0212E4E3C5AB66B223F86FDC2B2586D53FB4D501BF6D4B60C,GUEST_CAN_0716,PASS,AttentiveFP,4,host_cold,2,4.202294826507568
1844,3,353,OC[C@H]1O[C@@H]2O[C@@H]3[C@@H](CO)O[C@H](O[C@@H]4[C@@H](CO)O[C@H](O[C@@H]5[C@@H](CO)O[C@H](O[C@@H]6[C@@H](CO)O[C@H](O[C@@H]7[C@@H](CO)O[C@H](O[C@@H]8[C@@H](CO)O[C@H](O[C@H]1[C@H](O)[C@H]2O)[C@H](O)[C@H]8O)[C@H](O)[C@H]7O)[C@H](O)[C@H]6O)[C@H](O)[C@H]5O)[C@H](O)[C@H]4O)[C@H](O)[C@H]3O,CNC1=CC2=C(C=C1)C=C3C=CC(=[NH+]C)C=C3O2.[Cl-],cyclodextrin,3.4200000762939453,OC[C@H]1O[C@@H]2O[C@H]3[C@H](O)[C@@H](O)[C@@H](O[C@H]4[C@H](O)[C@@H](O)[C@@H](O[C@H]5[C@H](O)[C@@H](O)[C@@H](O[C@H]6[C@H](O)[C@@H](O)[C@@H](O[C@H]7[C@H](O)[C@@H](O)[C@@H](O[C@H]8[C@H](O)[C@@H](O)[C@@H](O[C@H]1[C@H](O)[C@H]2O)O[C@@H]8CO)O[C@@H]7CO)O[C@@H]6CO)O[C@@H]5CO)O[C@@H]4CO)O[C@@H]3CO,22584443D9512992310760C9871E3E6BDB3EDC92006F3EF1EC94F44373907EB1,HOST_CAN_0176,PASS,CNc1ccc2cc3ccc(=[NH+]C)cc-3oc2c1.[Cl-],40A1716939AF15B346C71DAB9A87CDCEA128A41E2582458E422054A1D912677D,GUEST_CAN_0433,PASS,AttentiveFP,4,host_cold,2,2.9978792667388916
1851,23,519,OC[C@H]1O[C@@H]2O[C@@H]3[C@@H](CO)O[C@H](O[C@@H]4[C@@H](CO)O[C@H](O[C@@H]5[C@@H](CO)O[C@H](O[C@@H]6[C@@H](CO)O[C@H](O[C@@H]7[C@@H](CO)O[C@H](O[C@H]1[C@H](O)[C@H]2O)[C@H](O)[C@H]7O)[C@H](O)[C@H]6O)[C@H](O)[C@H]5O)[C@H](O)[C@H]4O)[C@H](O)[C@H]3O,C1CCC(C1)O,cyclodextrin,1.5611000061035156,OC[C@H]1O[C@@H]2O[C@H]3[C@H](O)[C@@H](O)[C@@H](O[C@H]4[C@H](O)[C@@H](O)[C@@H](O[C@H]5[C@H](O)[C@@H](O)[C@@H](O[C@H]6[C@H](O)[C@@H](O)[C@@H](O[C@H]7[C@H](O)[C@@H](O)[C@@H](O[C@H]1[C@H](O)[C@H]2O)O[C@@H]7CO)O[C@@H]6CO)O[C@@H]5CO)O[C@@H]4CO)O[C@@H]3CO,9CB41F926A4386D7C0E23599753E6EDC60802BE1DCF577DB9B32CBB20691DB1D,HOST_CAN_0175,PASS,OC1CCCC1,6BB5BADFAB6BA8D7C97FC89CB90813595915511924683D86230B83FBE9874B93,GUEST_CAN_0962,PASS,AttentiveFP,4,host_cold,2,1.8511064052581787
1852,3,909,OC[C@H]1O[C@@H]2O[C@@H]3[C@@H](CO)O[C@H](O[C@@H]4[C@@H](CO)O[C@H](O[C@@H]5[C@@H](CO)O[C@H](O[C@@H]6[C@@H](CO)O[C@H](O[C@@H]7[C@@H](CO)O[C@H](O[C@@H]8[C@@H](CO)O[C@H](O[C@H]1[C@H](O)[C@H]2O)[C@H](O)[C@H]8O)[C@H](O)[C@H]7O)[C@H](O)[C@H]6O)[C@H](O)[C@H]5O)[C@H](O)[C@H]4O)[C@H](O)[C@H]3O,CC(C1CCCCC1)N,cyclodextrin,2.517199993133545,OC[C@H]1O[C@@H]2O[C@H]3[C@H](O)[C@@H](O)[C@@H](O[C@H]4[C@H](O)[C@@H](O)[C@@H](O[C@H]5[C@H](O)[C@@H](O)[C@@H](O[C@H]6[C@H](O)[C@@H](O)[C@@H](O[C@H]7[C@H](O)[C@@H](O)[C@@H](O[C@H]8[C@H](O)[C@@H](O)[C@@H](O[C@H]1[C@H](O)[C@H]2O)O[C@@H]8CO)O[C@@H]7CO)O[C@@H]6CO)O[C@@H]5CO)O[C@@H]4CO)O[C@@H]3CO,22584443D9512992310760C9871E3E6BDB3EDC92006F3EF1EC94F44373907EB1,HOST_CAN_0176,PASS,CC(N)C1CCCCC1,35B3E1B7A711C7E3706A8EB9C2D468565D03EEC35E9175B6C6BA3F23AC72C0B9,GUEST_CAN_0183,PASS,AttentiveFP,4,host_cold,2,1.2747769355773926
1854,96,992,CN(c1ccc2c(c1)oc1-c(c2c2cc(ccc2C(=O)[O-])C(=O)NCCC(=O)N2Cc3ccccc3-c3c(-c4c2cccc4)nnn3CCCCC23N4CN5C(=O)N6C7C5N5CN2C(=O)N2C3(C)N(C4=O)CN3C4N(C2)C(=O)N2C4N(C3=O)CN3C4N(C2)C(=O)N2C4N(C3=O)CN3C4N(C2)C(=O)N2CN8C(=O)N9CN%10C(=O)N(CN7C5=O)C5N(C6)C(=O)N(C%105)CN5C(=O)N(C8C95)CN(C3=O)C42)ccc(=[N+](C)C)c1)C,C1=CC=C(C=C1)CC(C(=O)NCC(=O)NCC(=O)O)N,cucurbituril,6.443999767303467,CN(C)c1ccc2c(-c3cc(C(=O)NCCC(=O)N4Cc5ccccc5-c5c(nnn5CCCCC56N7CN8C(=O)N9CN%10C(=O)N%11CN%12C(=O)N%13CN%14C(=O)N%15CN%16C(=O)N%17CN%18C(=O)N%19CN(C7=O)C5(C)N5CN7C(=O)N(CN%20C(=O)N(CN%21C(=O)N(CN%22C(=O)N(CN%23C(=O)N(CN%24C(=O)N(CN6C5=O)C8C9%24)C%10C%11%23)C%12C%13%22)C%14C%15%21)C%16C%17%20)C%18C%197)-c5ccccc54)ccc3C(=O)[O-])c3ccc(=[N+](C)C)cc-3oc2c1,BA91DFE914ACDAC9272FC53EE8A84DDD3481F62605296600026C4AF71543DB34,HOST_CAN_0050,PASS,NC(Cc1ccccc1)C(=O)NCC(=O)NCC(=O)O,1D2B698AB6660ADC32607C3803D04FB90333DFA90AEB8CAD44A44798B9093AA5,GUEST_CAN_0744,PASS,AttentiveFP,4,host_cold,2,5.46348237991333
1855,5,710,CCc1c2Oc3cc4cc(c3)[C@@H]3Oc5cc6O[C@@H]7c8cc(Oc1cc(c2)C(=O)O)cc(c8)Oc1cc(cc(c1CC)Oc1cc2cc(c1)[C@H]1Oc8cc(O7)c7C(c6cc5C(c5c(O3)cc3O[C@@H](c6cc(Oc9c(c(O4)cc(c9)C(=O)O)CC)cc(c6)Oc4cc(cc(O2)c4CC)C(=O)O)Oc2c([C@@H](c3c5)CCC(=O)O)cc([C@H](c8c7)CCC(=O)O)c(O1)c2)CCC(=O)O)CCC(=O)O)C(=O)O,C1OC2=C(O1)C=C(C=C2)C(=O)O,other,3.274199962615967,CCc1c2cc(C(=O)O)cc1Oc1cc3cc(c1)[C@H]1Oc4cc5c6cc4C(CCC(=O)O)c4cc7c(cc4O1)O[C@H]1Oc4cc8c(cc4[C@H]7CCC(=O)O)[C@H](CCC(=O)O)c4cc(c7cc4O[C@H](O8)c4cc(cc(c4)Oc4cc(C(=O)O)cc(c4CC)Oc4cc(cc1c4)Oc1cc(C(=O)O)cc(c1CC)O3)Oc1cc(C(=O)O)cc(c1CC)Oc1cc(cc(c1)[C@H](O5)O7)O2)C6CCC(=O)O,E72F5867663E6DAEB989707EF89DA7249ADCC77F45C9B940616AAB4553C73AA2,HOST_CAN_0048,PASS,O=C(O)c1ccc2c(c1)OCO2,DB191D81C25248F1821035412ABC421E45B2596F567ABEA725D8D3667752AA10,GUEST_CAN_0885,PASS,AttentiveFP,4,host_cold,2,4.697655200958252
1856,18,74,CC1=C2C3=CC4=C1OC5C6=CC7=CC(=C6)OC8=CC(=CC(=C8)C(=O)O)OC9=CC1=CC(=C9)C6OC8=C(C=C(C4CCC(=O)O)C(=C8C)O5)C(C4=C(O6)C(=C5C(=C4)C(C4=C6C(=C(C(=C4)C3CCC(=O)O)OC(O2)C2=CC(=CC(=C2)OC2=CC(=CC(=C2)C(=O)O)OC2=CC(=CC(=C2)C(O5)O6)OC2=CC(=CC(=C2)C(=O)O)O1)OC1=CC(=CC(=C1)C(=O)O)O7)C)CCC(=O)O)C)CCC(=O)O,C(#N)[N-]C#N.[Na+],cavitand,0.954200029373169,Cc1c2c3cc4c1OC1Oc5c(cc6c(c5C)OC5Oc7c(cc8c(c7C)OC7Oc9c(cc(c(c9C)OC(O2)c2cc9cc(c2)Oc2cc(cc(C(=O)O)c2)Oc2cc(cc7c2)Oc2cc(cc(C(=O)O)c2)Oc2cc(cc5c2)Oc2cc(cc(C(=O)O)c2)Oc2cc(cc1c2)Oc1cc(cc(C(=O)O)c1)O9)C3CCC(=O)O)C8CCC(=O)O)C6CCC(=O)O)C4CCC(=O)O,326FFD4B5C5565D32207155C0B129AE16AFCA7B3342F0DAD815C24AB8DFA8483,HOST_CAN_0099,PASS,N#C[N-]C#N.[Na+],6D37A61218B4FECFFD27D0B32DDAA5973744B2E07356552A8F2C7BA36C9A1D9A,GUEST_CAN_0713,PASS,AttentiveFP,4,host_cold,2,2.003767251968384
1880,3,405,OC[C@H]1O[C@@H]2O[C@@H]3[C@@H](CO)O[C@H](O[C@@H]4[C@@H](CO)O[C@H](O[C@@H]5[C@@H](CO)O[C@H](O[C@@H]6[C@@H](CO)O[C@H](O[C@@H]7[C@@H](CO)O[C@H](O[C@@H]8[C@@H](CO)O[C@H](O[C@H]1[C@H](O)[C@H]2O)[C@H](O)[C@H]8O)[C@H](O)[C@H]7O)[C@H](O)[C@H]6O)[C@H](O)[C@H]5O)[C@H](O)[C@H]4O)[C@H](O)[C@H]3O,CC(C1=CC=C[CH-]1)N(C)C.[CH-]1C=CC=C1.[Fe+2],cyclodextrin,3.8261001110076904,OC[C@H]1O[C@@H]2O[C@H]3[C@H](O)[C@@H](O)[C@@H](O[C@H]4[C@H](O)[C@@H](O)[C@@H](O[C@H]5[C@H](O)[C@@H](O)[C@@H](O[C@H]6[C@H](O)[C@@H](O)[C@@H](O[C@H]7[C@H](O)[C@@H](O)[C@@H](O[C@H]8[C@H](O)[C@@H](O)[C@@H](O[C@H]1[C@H](O)[C@H]2O)O[C@@H]8CO)O[C@@H]7CO)O[C@@H]6CO)O[C@@H]5CO)O[C@@H]4CO)O[C@@H]3CO,22584443D9512992310760C9871E3E6BDB3EDC92006F3EF1EC94F44373907EB1,HOST_CAN_0176,PASS,CC(c1ccc[cH-]1)N(C)C.[Fe+2].c1cc[cH-]c1,010CA61AFA8E6F11A00F934A84BF614E07CBD650358A19BE4E0F63F519AF9E46,GUEST_CAN_0197,PASS,AttentiveFP,4,host_cold,2,3.0615153312683105
1888,174,516,C(C)(=O)[NH+]=C(N)N,CC(C(=O)[O-])NC(=O)C,other,1.6990000009536743,CC(=O)[NH+]=C(N)N,C9D1B2F75607AB32D8DCE5A562CA27872356A42E44D2CE1DC62C88F72BA9A38A,HOST_CAN_0009,PASS,CC(=O)NC(C)C(=O)[O-],223D3A7CF02799E4E69DE4CF10C536E7E3A130D2DECA6FB2E856007B979C6DE6,GUEST_CAN_0069,PASS,AttentiveFP,4,host_cold,2,2.479482650756836
1890,26,378,[Li+].[Li+].B(C1=CC=CC=C1CNCC2=CC=C(C=C2)C(=O)NC3=CC(=CC(=C3)CP(=O)([O-])OC)CP(=O)([O-])OC)(O)O,C1=CC=C2C(=C1)C(=O)C3=C(C2=O)C(=C(C(=C3)CN(CC(=O)O)CC(=O)O)O)O,other,3.311800003051758,COP(=O)([O-])Cc1cc(CP(=O)([O-])OC)cc(NC(=O)c2ccc(CNCc3ccccc3B(O)O)cc2)c1.[Li+].[Li+],F42D7F8FEECED34D2A8CD9838DF697E6536F3F5A5AD106D19B9E9737F28D2790,HOST_CAN_0067,PASS,O=C(O)CN(CC(=O)O)Cc1cc2c(c(O)c1O)C(=O)c1ccccc1C2=O,E887A26EAB39D6C9D28AD9BD84869C714BE8C45C9144226A9A92B6CA8F1CF041,GUEST_CAN_0877,PASS,AttentiveFP,4,host_cold,2,3.4110493659973145
1892,23,1007,OC[C@H]1O[C@@H]2O[C@@H]3[C@@H](CO)O[C@H](O[C@@H]4[C@@H](CO)O[C@H](O[C@@H]5[C@@H](CO)O[C@H](O[C@@H]6[C@@H](CO)O[C@H](O[C@@H]7[C@@H](CO)O[C@H](O[C@H]1[C@H](O)[C@H]2O)[C@H](O)[C@H]7O)[C@H](O)[C@H]6O)[C@H](O)[C@H]5O)[C@H](O)[C@H]4O)[C@H](O)[C@H]3O,CCCCCC(=O)[O-],cyclodextrin,2.477099895477295,OC[C@H]1O[C@@H]2O[C@H]3[C@H](O)[C@@H](O)[C@@H](O[C@H]4[C@H](O)[C@@H](O)[C@@H](O[C@H]5[C@H](O)[C@@H](O)[C@@H](O[C@H]6[C@H](O)[C@@H](O)[C@@H](O[C@H]7[C@H](O)[C@@H](O)[C@@H](O[C@H]1[C@H](O)[C@H]2O)O[C@@H]7CO)O[C@@H]6CO)O[C@@H]5CO)O[C@@H]4CO)O[C@@H]3CO,9CB41F926A4386D7C0E23599753E6EDC60802BE1DCF577DB9B32CBB20691DB1D,HOST_CAN_0175,PASS,CCCCCC(=O)[O-],78E66534DAEC2605FC46F33EF4CC8CC2F51D6F2BC3DA48689201CD95A13778A4,GUEST_CAN_0272,PASS,AttentiveFP,4,host_cold,2,1.9366683959960938
1926,22,837,Oc1c2Sc3cc(cc(c3O)Sc3cc(cc(Sc4c(c(Sc1cc(c2)S(=O)(=O)O)cc(c4)S(=O)(=O)O)O)c3O)S(=O)(=O)O)S(=O)(=O)O,N1=CC=C(C=C1)C1=CC=NC=C1,calixarene,1.6901999711990356,O=S(=O)(O)c1cc2c(O)c(c1)Sc1cc(S(=O)(=O)O)cc(c1O)Sc1cc(S(=O)(=O)O)cc(c1O)Sc1cc(S(=O)(=O)O)cc(c1O)S2,5FE888C1FB51BDA35D21231A31EDB8203ACD56DD9744D0C6B83351EC668D4256,HOST_CAN_0156,PASS,c1cc(-c2ccncc2)ccn1,DEE9BD7AA80FD759D9512F899E5B26B6D8953648388A070F9641BC1DACF28421,GUEST_CAN_1121,PASS,AttentiveFP,4,host_cold,2,3.609889507293701
1930,18,657,CC1=C2C3=CC4=C1OC5C6=CC7=CC(=C6)OC8=CC(=CC(=C8)C(=O)O)OC9=CC1=CC(=C9)C6OC8=C(C=C(C4CCC(=O)O)C(=C8C)O5)C(C4=C(O6)C(=C5C(=C4)C(C4=C6C(=C(C(=C4)C3CCC(=O)O)OC(O2)C2=CC(=CC(=C2)OC2=CC(=CC(=C2)C(=O)O)OC2=CC(=CC(=C2)C(O5)O6)OC2=CC(=CC(=C2)C(=O)O)O1)OC1=CC(=CC(=C1)C(=O)O)O7)C)CCC(=O)O)C)CCC(=O)O,C1=CC(=CC=C1O)Br,cavitand,6.1732001304626465,Cc1c2c3cc4c1OC1Oc5c(cc6c(c5C)OC5Oc7c(cc8c(c7C)OC7Oc9c(cc(c(c9C)OC(O2)c2cc9cc(c2)Oc2cc(cc(C(=O)O)c2)Oc2cc(cc7c2)Oc2cc(cc(C(=O)O)c2)Oc2cc(cc5c2)Oc2cc(cc(C(=O)O)c2)Oc2cc(cc1c2)Oc1cc(cc(C(=O)O)c1)O9)C3CCC(=O)O)C8CCC(=O)O)C6CCC(=O)O)C4CCC(=O)O,326FFD4B5C5565D32207155C0B129AE16AFCA7B3342F0DAD815C24AB8DFA8483,HOST_CAN_0099,PASS,Oc1ccc(Br)cc1,6A4C478C30304CFBEB1C11EC144CD8E3026E46E90E58D0A15F1CA821B60FA56A,GUEST_CAN_0990,PASS,AttentiveFP,4,host_cold,2,3.9939727783203125
1936,23,1020,OC[C@H]1O[C@@H]2O[C@@H]3[C@@H](CO)O[C@H](O[C@@H]4[C@@H](CO)O[C@H](O[C@@H]5[C@@H](CO)O[C@H](O[C@@H]6[C@@H](CO)O[C@H](O[C@@H]7[C@@H](CO)O[C@H](O[C@H]1[C@H](O)[C@H]2O)[C@H](O)[C@H]7O)[C@H](O)[C@H]6O)[C@H](O)[C@H]5O)[C@H](O)[C@H]4O)[C@H](O)[C@H]3O,C(C\C=C\CC)(=O)[O-],cyclodextrin,2.2067999839782715,OC[C@H]1O[C@@H]2O[C@H]3[C@H](O)[C@@H](O)[C@@H](O[C@H]4[C@H](O)[C@@H](O)[C@@H](O[C@H]5[C@H](O)[C@@H](O)[C@@H](O[C@H]6[C@H](O)[C@@H](O)[C@@H](O[C@H]7[C@H](O)[C@@H](O)[C@@H](O[C@H]1[C@H](O)[C@H]2O)O[C@@H]7CO)O[C@@H]6CO)O[C@@H]5CO)O[C@@H]4CO)O[C@@H]3CO,9CB41F926A4386D7C0E23599753E6EDC60802BE1DCF577DB9B32CBB20691DB1D,HOST_CAN_0175,PASS,CC/C=C/CC(=O)[O-],B125CCD6C82EE27F78EA80495E13A7A7C51688A1B984D600C4D813CABC6334CF,GUEST_CAN_0199,PASS,AttentiveFP,4,host_cold,2,1.9186806678771973
1951,89,66,O[C@@H]1[C@@H](O)[C@H](O[C@@H]2[C@H](O)[C@@H](O)[C@H](O3)[C@@H](COCCCCS(=O)([O-])=O)O2)[C@@H](COCCCCS(=O)([O-])=O)O[C@@H]1O[C@H]4[C@H](O)[C@@H](O)[C@@H](O[C@@H]5[C@@H](O)[C@H](O)[C@H](O[C@@H]6[C@@H](O)[C@H](O)[C@H](O[C@@H]7[C@@H](O)[C@H](O)[C@H](O[C@@H]8[C@@H](O)[C@H](O)[C@H]3O[C@H]8COCCCCS(=O)([O-])=O)O[C@H]7COCCCCS(=O)([O-])=O)O[C@H]6COCCCCS(=O)([O-])=O)O[C@H]5COCCCCS(=O)([O-])=O)O[C@@H]4COCCCCS(=O)([O-])=O.[Na+].[Na+].[Na+].[Na+].[Na+].[Na+].[Na+],CCN(CC)C1=CC2=C(C=C1)C(=C3C=CC(=[N+](CC)CC)C=C3O2)C4=CC=CC=C4C(=O)O.[Cl-],cyclodextrin,6.421599864959717,O=S(=O)([O-])CCCCOC[C@@H]1O[C@H]2O[C@@H]3[C@@H](O)[C@H](O)[C@H](O[C@H]4[C@H](O)[C@@H](O)[C@@H](O[C@H]5[C@H](O)[C@@H](O)[C@@H](O[C@H]6[C@H](O)[C@@H](O)[C@@H](O[C@@H]7[C@@H](O)[C@H](O)[C@H](O[C@@H]8[C@@H](O)[C@H](O)[C@H](O[C@@H]1[C@@H](O)[C@@H]2O)O[C@H]8COCCCCS(=O)(=O)[O-])O[C@H]7COCCCCS(=O)(=O)[O-])O[C@@H]6COCCCCS(=O)(=O)[O-])O[C@@H]5COCCCCS(=O)(=O)[O-])O[C@@H]4COCCCCS(=O)(=O)[O-])O[C@H]3COCCCCS(=O)(=O)[O-].[Na+].[Na+].[Na+].[Na+].[Na+].[Na+].[Na+],0EF453A8FEAB2DBB346A347C51767F5C4A37ED4747250CEC0BCF3880BBC2D023,HOST_CAN_0157,PASS,CCN(CC)c1ccc2c(-c3ccccc3C(=O)O)c3ccc(=[N+](CC)CC)cc-3oc2c1.[Cl-],E6B7F92F3A311CD3784FBF712B743266F1C434D81B8F11E34C9F34FDCF2DC073,GUEST_CAN_0347,PASS,AttentiveFP,4,host_cold,2,5.329690456390381
1963,3,1025,OC[C@H]1O[C@@H]2O[C@@H]3[C@@H](CO)O[C@H](O[C@@H]4[C@@H](CO)O[C@H](O[C@@H]5[C@@H](CO)O[C@H](O[C@@H]6[C@@H](CO)O[C@H](O[C@@H]7[C@@H](CO)O[C@H](O[C@@H]8[C@@H](CO)O[C@H](O[C@H]1[C@H](O)[C@H]2O)[C@H](O)[C@H]8O)[C@H](O)[C@H]7O)[C@H](O)[C@H]6O)[C@H](O)[C@H]5O)[C@H](O)[C@H]4O)[C@H](O)[C@H]3O,C1=CC=C(C=C1)C(=O)[O-],cyclodextrin,1.2014000415802002,OC[C@H]1O[C@@H]2O[C@H]3[C@H](O)[C@@H](O)[C@@H](O[C@H]4[C@H](O)[C@@H](O)[C@@H](O[C@H]5[C@H](O)[C@@H](O)[C@@H](O[C@H]6[C@H](O)[C@@H](O)[C@@H](O[C@H]7[C@H](O)[C@@H](O)[C@@H](O[C@H]8[C@H](O)[C@@H](O)[C@@H](O[C@H]1[C@H](O)[C@H]2O)O[C@@H]8CO)O[C@@H]7CO)O[C@@H]6CO)O[C@@H]5CO)O[C@@H]4CO)O[C@@H]3CO,22584443D9512992310760C9871E3E6BDB3EDC92006F3EF1EC94F44373907EB1,HOST_CAN_0176,PASS,O=C([O-])c1ccccc1,A5BBB709EE4644C00BCFDDD8838E359DE0E999AA380102017E2F133B58E2BD0E,GUEST_CAN_0908,PASS,AttentiveFP,4,host_cold,2,2.163160562515259
1965,3,168,OC[C@H]1O[C@@H]2O[C@@H]3[C@@H](CO)O[C@H](O[C@@H]4[C@@H](CO)O[C@H](O[C@@H]5[C@@H](CO)O[C@H](O[C@@H]6[C@@H](CO)O[C@H](O[C@@H]7[C@@H](CO)O[C@H](O[C@@H]8[C@@H](CO)O[C@H](O[C@H]1[C@H](O)[C@H]2O)[C@H](O)[C@H]8O)[C@H](O)[C@H]7O)[C@H](O)[C@H]6O)[C@H](O)[C@H]5O)[C@H](O)[C@H]4O)[C@H](O)[C@H]3O,C1=CC=C(C=C1)C2OC(C(O2)CO)CO,cyclodextrin,2.06820011138916,OC[C@H]1O[C@@H]2O[C@H]3[C@H](O)[C@@H](O)[C@@H](O[C@H]4[C@H](O)[C@@H](O)[C@@H](O[C@H]5[C@H](O)[C@@H](O)[C@@H](O[C@H]6[C@H](O)[C@@H](O)[C@@H](O[C@H]7[C@H](O)[C@@H](O)[C@@H](O[C@H]8[C@H](O)[C@@H](O)[C@@H](O[C@H]1[C@H](O)[C@H]2O)O[C@@H]8CO)O[C@@H]7CO)O[C@@H]6CO)O[C@@H]5CO)O[C@@H]4CO)O[C@@H]3CO,22584443D9512992310760C9871E3E6BDB3EDC92006F3EF1EC94F44373907EB1,HOST_CAN_0176,PASS,OCC1OC(c2ccccc2)OC1CO,005954E8CCC7C668464B085A2C6ABD3E2C4B2AC84B8D2A8584B87A13239FC98B,GUEST_CAN_0973,PASS,AttentiveFP,4,host_cold,2,2.73614764213562
1969,73,497,C1C2=CC(=CC(=C2O)CC3=CC(=CC(=C3O)CC4=CC(=CC(=C4O)CC5=C(C(=CC(=C5)S(=O)(=O)O)CC6=C(C1=CC(=C6)S(=O)(=O)O)O)O)S(=O)(=O)O)S(=O)(=O)O)S(=O)(=O)O,C1CC2CC1N=N2,calixarene,1.542799949645996,O=S(=O)(O)c1cc2c(O)c(c1)Cc1cc(S(=O)(=O)O)cc(c1O)Cc1cc(S(=O)(=O)O)cc(c1O)Cc1cc(S(=O)(=O)O)cc(c1O)Cc1cc(S(=O)(=O)O)cc(c1O)C2,CE64A1CA71928E5DE79CF9633E11D44D0BC2C175AB3D980BF8052807605CA8CC,HOST_CAN_0155,PASS,C1CC2CC1N=N2,A2496E9CCE3928D5E2403BB21D4F1D008596E587754FBC1A3268F4A4C1D0C131,GUEST_CAN_0020,PASS,AttentiveFP,4,host_cold,2,2.666456699371338
1978,3,219,OC[C@H]1O[C@@H]2O[C@@H]3[C@@H](CO)O[C@H](O[C@@H]4[C@@H](CO)O[C@H](O[C@@H]5[C@@H](CO)O[C@H](O[C@@H]6[C@@H](CO)O[C@H](O[C@@H]7[C@@H](CO)O[C@H](O[C@@H]8[C@@H](CO)O[C@H](O[C@H]1[C@H](O)[C@H]2O)[C@H](O)[C@H]8O)[C@H](O)[C@H]7O)[C@H](O)[C@H]6O)[C@H](O)[C@H]5O)[C@H](O)[C@H]4O)[C@H](O)[C@H]3O,CC1(C2(CCC1(OC2=O)C(=O)O)C)C,cyclodextrin,2.2504000663757324,OC[C@H]1O[C@@H]2O[C@H]3[C@H](O)[C@@H](O)[C@@H](O[C@H]4[C@H](O)[C@@H](O)[C@@H](O[C@H]5[C@H](O)[C@@H](O)[C@@H](O[C@H]6[C@H](O)[C@@H](O)[C@@H](O[C@H]7[C@H](O)[C@@H](O)[C@@H](O[C@H]8[C@H](O)[C@@H](O)[C@@H](O[C@H]1[C@H](O)[C@H]2O)O[C@@H]8CO)O[C@@H]7CO)O[C@@H]6CO)O[C@@H]5CO)O[C@@H]4CO)O[C@@H]3CO,22584443D9512992310760C9871E3E6BDB3EDC92006F3EF1EC94F44373907EB1,HOST_CAN_0176,PASS,CC12CCC(C(=O)O)(OC1=O)C2(C)C,2EF39C1296CB6DE11CB281E1A8B266C8BB2AC5ED9998D5BBA6726FECC2915FA6,GUEST_CAN_0224,PASS,AttentiveFP,4,host_cold,2,2.1894209384918213
1983,5,657,CCc1c2Oc3cc4cc(c3)[C@@H]3Oc5cc6O[C@@H]7c8cc(Oc1cc(c2)C(=O)O)cc(c8)Oc1cc(cc(c1CC)Oc1cc2cc(c1)[C@H]1Oc8cc(O7)c7C(c6cc5C(c5c(O3)cc3O[C@@H](c6cc(Oc9c(c(O4)cc(c9)C(=O)O)CC)cc(c6)Oc4cc(cc(O2)c4CC)C(=O)O)Oc2c([C@@H](c3c5)CCC(=O)O)cc([C@H](c8c7)CCC(=O)O)c(O1)c2)CCC(=O)O)CCC(=O)O)C(=O)O,C1=CC(=CC=C1O)Br,other,3.7746999263763428,CCc1c2cc(C(=O)O)cc1Oc1cc3cc(c1)[C@H]1Oc4cc5c6cc4C(CCC(=O)O)c4cc7c(cc4O1)O[C@H]1Oc4cc8c(cc4[C@H]7CCC(=O)O)[C@H](CCC(=O)O)c4cc(c7cc4O[C@H](O8)c4cc(cc(c4)Oc4cc(C(=O)O)cc(c4CC)Oc4cc(cc1c4)Oc1cc(C(=O)O)cc(c1CC)O3)Oc1cc(C(=O)O)cc(c1CC)Oc1cc(cc(c1)[C@H](O5)O7)O2)C6CCC(=O)O,E72F5867663E6DAEB989707EF89DA7249ADCC77F45C9B940616AAB4553C73AA2,HOST_CAN_0048,PASS,Oc1ccc(Br)cc1,6A4C478C30304CFBEB1C11EC144CD8E3026E46E90E58D0A15F1CA821B60FA56A,GUEST_CAN_0990,PASS,AttentiveFP,4,host_cold,2,4.128853797912598
1986,84,587,CCCCCCOc1c2Cc3cc(cc(c3OCCCCCC)Cc3cc(cc(Cc4c(c(Cc1cc(c2)S(=O)(=O)[O-])cc(c4)S(=O)(=O)[O-])OCCCCCC)c3OCCCCCC)S(=O)(=O)[O-])S(=O)(=O)[O-],C[n+]1ccc(cc1)c1cc[n+](cc1)C.[I-].[I-],calixarene,6.301000118255615,CCCCCCOc1c2cc(S(=O)(=O)[O-])cc1Cc1cc(S(=O)(=O)[O-])cc(c1OCCCCCC)Cc1cc(S(=O)(=O)[O-])cc(c1OCCCCCC)Cc1cc(S(=O)(=O)[O-])cc(c1OCCCCCC)C2,C518E51BDF85183B14A149C966DCD4A4434A48A30814E263D88387FA25725959,HOST_CAN_0028,PASS,C[n+]1ccc(-c2cc[n+](C)cc2)cc1.[I-].[I-],FCA491A8B5C9289D74A682B83E3A35C297EDED2C00F5851674CB19F5C3125200,GUEST_CAN_0624,PASS,AttentiveFP,4,host_cold,2,6.124636650085449
1987,36,975,C1CCC2C(C1)OCCOCCOC3CCCCC3OCCOCCO2,[NH4+],crown_ether,1.350100040435791,C1CCC2OCCOCCOC3CCCCC3OCCOCCOC2C1,6324056DD7B8D486CDD96CAFC63AEDD5DD6528EA1F170F5E566BD0A62E2BF929,HOST_CAN_0001,PASS,[NH4+],B262B2B94C0EB249A976DB52B98B60512B1ACB0BDB0C9A0675D9AFBF9BACACFB,GUEST_CAN_1097,PASS,AttentiveFP,4,host_cold,2,1.5379464626312256
1989,180,96,CCOCCOc1c2Cc3cc(cc(c3OCCOCC)Cc3cc(cc(Cc4c(c(Cc1cc(c2)S(=O)(=O)O)cc(c4)S(=O)(=O)O)OCCOCC)c3OCCOCC)S(=O)(=O)O)S(=O)(=O)O,C[N+](C)(C)C1=CC=CC=C1,calixarene,2.4000000953674316,CCOCCOc1c2cc(S(=O)(=O)O)cc1Cc1cc(S(=O)(=O)O)cc(c1OCCOCC)Cc1cc(S(=O)(=O)O)cc(c1OCCOCC)Cc1cc(S(=O)(=O)O)cc(c1OCCOCC)C2,AE8F20A3E691ACD6A2E031C6291D37E31BCA3F2894C2BB7A93B6740D7A953221,HOST_CAN_0045,PASS,C[N+](C)(C)c1ccccc1,BE2E413C8306C73C28B2EF0E9ABBED86E0E5AEBC3F7D99A31A8C230156F8C865,GUEST_CAN_0585,PASS,AttentiveFP,4,host_cold,2,2.613029956817627
1990,22,301,Oc1c2Sc3cc(cc(c3O)Sc3cc(cc(Sc4c(c(Sc1cc(c2)S(=O)(=O)O)cc(c4)S(=O)(=O)O)O)c3O)S(=O)(=O)O)S(=O)(=O)O,CC(=O)OCC[N+](C)(C)C,calixarene,2.7300000190734863,O=S(=O)(O)c1cc2c(O)c(c1)Sc1cc(S(=O)(=O)O)cc(c1O)Sc1cc(S(=O)(=O)O)cc(c1O)Sc1cc(S(=O)(=O)O)cc(c1O)S2,5FE888C1FB51BDA35D21231A31EDB8203ACD56DD9744D0C6B83351EC668D4256,HOST_CAN_0156,PASS,CC(=O)OCC[N+](C)(C)C,84D51F4020B502D4D631E57EE68EFDE6A9760DA224964EB235142C0ADF7611B2,GUEST_CAN_0100,PASS,AttentiveFP,4,host_cold,2,4.342141151428223
1992,3,1032,OC[C@H]1O[C@@H]2O[C@@H]3[C@@H](CO)O[C@H](O[C@@H]4[C@@H](CO)O[C@H](O[C@@H]5[C@@H](CO)O[C@H](O[C@@H]6[C@@H](CO)O[C@H](O[C@@H]7[C@@H](CO)O[C@H](O[C@@H]8[C@@H](CO)O[C@H](O[C@H]1[C@H](O)[C@H]2O)[C@H](O)[C@H]8O)[C@H](O)[C@H]7O)[C@H](O)[C@H]6O)[C@H](O)[C@H]5O)[C@H](O)[C@H]4O)[C@H](O)[C@H]3O,[O-]C(=O)Cc1ccccc1,cyclodextrin,1.2404999732971191,OC[C@H]1O[C@@H]2O[C@H]3[C@H](O)[C@@H](O)[C@@H](O[C@H]4[C@H](O)[C@@H](O)[C@@H](O[C@H]5[C@H](O)[C@@H](O)[C@@H](O[C@H]6[C@H](O)[C@@H](O)[C@@H](O[C@H]7[C@H](O)[C@@H](O)[C@@H](O[C@H]8[C@H](O)[C@@H](O)[C@@H](O[C@H]1[C@H](O)[C@H]2O)O[C@@H]8CO)O[C@@H]7CO)O[C@@H]6CO)O[C@@H]5CO)O[C@@H]4CO)O[C@@H]3CO,22584443D9512992310760C9871E3E6BDB3EDC92006F3EF1EC94F44373907EB1,HOST_CAN_0176,PASS,O=C([O-])Cc1ccccc1,AAFE46860079D3B69B711C1F6CCF31D842276A2C0B3FCE36DA658729901405EC,GUEST_CAN_0903,PASS,AttentiveFP,4,host_cold,2,2.167640209197998
1993,3,138,OC[C@H]1O[C@@H]2O[C@@H]3[C@@H](CO)O[C@H](O[C@@H]4[C@@H](CO)O[C@H](O[C@@H]5[C@@H](CO)O[C@H](O[C@@H]6[C@@H](CO)O[C@H](O[C@@H]7[C@@H](CO)O[C@H](O[C@@H]8[C@@H](CO)O[C@H](O[C@H]1[C@H](O)[C@H]2O)[C@H](O)[C@H]8O)[C@H](O)[C@H]7O)[C@H](O)[C@H]6O)[C@H](O)[C@H]5O)[C@H](O)[C@H]4O)[C@H](O)[C@H]3O,CC1=CC2=C(C=C1N)[N+](=C3C=C(C(=CC3=N2)C)N)C4=CC=CC=C4.[Cl-],cyclodextrin,2.2040998935699463,OC[C@H]1O[C@@H]2O[C@H]3[C@H](O)[C@@H](O)[C@@H](O[C@H]4[C@H](O)[C@@H](O)[C@@H](O[C@H]5[C@H](O)[C@@H](O)[C@@H](O[C@H]6[C@H](O)[C@@H](O)[C@@H](O[C@H]7[C@H](O)[C@@H](O)[C@@H](O[C@H]8[C@H](O)[C@@H](O)[C@@H](O[C@H]1[C@H](O)[C@H]2O)O[C@@H]8CO)O[C@@H]7CO)O[C@@H]6CO)O[C@@H]5CO)O[C@@H]4CO)O[C@@H]3CO,22584443D9512992310760C9871E3E6BDB3EDC92006F3EF1EC94F44373907EB1,HOST_CAN_0176,PASS,Cc1cc2nc3cc(C)c(N)cc3[n+](-c3ccccc3)c2cc1N.[Cl-],6C23131E23824F74076AE480AD36D628F0F33D6700F3B35A67A21F791CA61E3F,GUEST_CAN_0650,PASS,AttentiveFP,4,host_cold,2,3.3239288330078125
1995,23,165,OC[C@H]1O[C@@H]2O[C@@H]3[C@@H](CO)O[C@H](O[C@@H]4[C@@H](CO)O[C@H](O[C@@H]5[C@@H](CO)O[C@H](O[C@@H]6[C@@H](CO)O[C@H](O[C@@H]7[C@@H](CO)O[C@H](O[C@H]1[C@H](O)[C@H]2O)[C@H](O)[C@H]7O)[C@H](O)[C@H]6O)[C@H](O)[C@H]5O)[C@H](O)[C@H]4O)[C@H](O)[C@H]3O,CCCCC[NH3+],cyclodextrin,1.9943000078201294,OC[C@H]1O[C@@H]2O[C@H]3[C@H](O)[C@@H](O)[C@@H](O[C@H]4[C@H](O)[C@@H](O)[C@@H](O[C@H]5[C@H](O)[C@@H](O)[C@@H](O[C@H]6[C@H](O)[C@@H](O)[C@@H](O[C@H]7[C@H](O)[C@@H](O)[C@@H](O[C@H]1[C@H](O)[C@H]2O)O[C@@H]7CO)O[C@@H]6CO)O[C@@H]5CO)O[C@@H]4CO)O[C@@H]3CO,9CB41F926A4386D7C0E23599753E6EDC60802BE1DCF577DB9B32CBB20691DB1D,HOST_CAN_0175,PASS,CCCCC[NH3+],87469872E602061811AE44CAB9FD6AF6067BA08C39AA373262A49AD7E46387C5,GUEST_CAN_0307,PASS,AttentiveFP,4,host_cold,2,1.5180535316467285
1997,3,1033,OC[C@H]1O[C@@H]2O[C@@H]3[C@@H](CO)O[C@H](O[C@@H]4[C@@H](CO)O[C@H](O[C@@H]5[C@@H](CO)O[C@H](O[C@@H]6[C@@H](CO)O[C@H](O[C@@H]7[C@@H](CO)O[C@H](O[C@@H]8[C@@H](CO)O[C@H](O[C@H]1[C@H](O)[C@H]2O)[C@H](O)[C@H]8O)[C@H](O)[C@H]7O)[C@H](O)[C@H]6O)[C@H](O)[C@H]5O)[C@H](O)[C@H]4O)[C@H](O)[C@H]3O,C([C@]1(C)C(C)(C)[C@H](C(=O)O)CC1)(=O)O,cyclodextrin,1.3802000284194946,OC[C@H]1O[C@@H]2O[C@H]3[C@H](O)[C@@H](O)[C@@H](O[C@H]4[C@H](O)[C@@H](O)[C@@H](O[C@H]5[C@H](O)[C@@H](O)[C@@H](O[C@H]6[C@H](O)[C@@H](O)[C@@H](O[C@H]7[C@H](O)[C@@H](O)[C@@H](O[C@H]8[C@H](O)[C@@H](O)[C@@H](O[C@H]1[C@H](O)[C@H]2O)O[C@@H]8CO)O[C@@H]7CO)O[C@@H]6CO)O[C@@H]5CO)O[C@@H]4CO)O[C@@H]3CO,22584443D9512992310760C9871E3E6BDB3EDC92006F3EF1EC94F44373907EB1,HOST_CAN_0176,PASS,CC1(C)[C@H](C(=O)O)CC[C@]1(C)C(=O)O,630485A366DB2008F82B5620B02FA4FE0065993D71460DA9DB1B0079B0557119,GUEST_CAN_0212,PASS,AttentiveFP,4,host_cold,2,1.8986589908599854
2000,43,88,C1COCCN2CCOCCN1CCOCCOCC2,[Ca+2],other,2.5,C1COCCN2CCOCCN(CCO1)CCOCC2,98A94C64ADA3B0E00FCE78FE7388B30022CC2F26C8BCF54DDABD5207E5AA7E8C,HOST_CAN_0002,PASS,[Ca+2],561732356B8592F747BA6C15EFCD099F7FAD62C4ABEDA9A81D86C4D38151E987,GUEST_CAN_1020,PASS,AttentiveFP,4,host_cold,2,6.2300639152526855
2001,22,421,Oc1c2Sc3cc(cc(c3O)Sc3cc(cc(Sc4c(c(Sc1cc(c2)S(=O)(=O)O)cc(c4)S(=O)(=O)O)O)c3O)S(=O)(=O)O)S(=O)(=O)O,CC1=NC=CC=C1,calixarene,2.6916000843048096,O=S(=O)(O)c1cc2c(O)c(c1)Sc1cc(S(=O)(=O)O)cc(c1O)Sc1cc(S(=O)(=O)O)cc(c1O)Sc1cc(S(=O)(=O)O)cc(c1O)S2,5FE888C1FB51BDA35D21231A31EDB8203ACD56DD9744D0C6B83351EC668D4256,HOST_CAN_0156,PASS,Cc1ccccn1,48762AE38224AF77C9E42C847671933DD428BE1D725365799528E72E8FF4C50E,GUEST_CAN_0670,PASS,AttentiveFP,4,host_cold,2,2.9961767196655273
2002,3,965,OC[C@H]1O[C@@H]2O[C@@H]3[C@@H](CO)O[C@H](O[C@@H]4[C@@H](CO)O[C@H](O[C@@H]5[C@@H](CO)O[C@H](O[C@@H]6[C@@H](CO)O[C@H](O[C@@H]7[C@@H](CO)O[C@H](O[C@@H]8[C@@H](CO)O[C@H](O[C@H]1[C@H](O)[C@H]2O)[C@H](O)[C@H]8O)[C@H](O)[C@H]7O)[C@H](O)[C@H]6O)[C@H](O)[C@H]5O)[C@H](O)[C@H]4O)[C@H](O)[C@H]3O,C1=CC2=C(C=C1N)SC3=CC(=[NH2+])C=CC3=N2.[Cl-],cyclodextrin,3.2504000663757324,OC[C@H]1O[C@@H]2O[C@H]3[C@H](O)[C@@H](O)[C@@H](O[C@H]4[C@H](O)[C@@H](O)[C@@H](O[C@H]5[C@H](O)[C@@H](O)[C@@H](O[C@H]6[C@H](O)[C@@H](O)[C@@H](O[C@H]7[C@H](O)[C@@H](O)[C@@H](O[C@H]8[C@H](O)[C@@H](O)[C@@H](O[C@H]1[C@H](O)[C@H]2O)O[C@@H]8CO)O[C@@H]7CO)O[C@@H]6CO)O[C@@H]5CO)O[C@@H]4CO)O[C@@H]3CO,22584443D9512992310760C9871E3E6BDB3EDC92006F3EF1EC94F44373907EB1,HOST_CAN_0176,PASS,Nc1ccc2nc3ccc(=[NH2+])cc-3sc2c1.[Cl-],48DC014FDEC270D04716C609432C89238E48472679D893E7E070BEE60CE2C6DE,GUEST_CAN_0835,PASS,AttentiveFP,4,host_cold,2,2.7910103797912598
2004,3,910,OC[C@H]1O[C@@H]2O[C@@H]3[C@@H](CO)O[C@H](O[C@@H]4[C@@H](CO)O[C@H](O[C@@H]5[C@@H](CO)O[C@H](O[C@@H]6[C@@H](CO)O[C@H](O[C@@H]7[C@@H](CO)O[C@H](O[C@@H]8[C@@H](CO)O[C@H](O[C@H]1[C@H](O)[C@H]2O)[C@H](O)[C@H]8O)[C@H](O)[C@H]7O)[C@H](O)[C@H]6O)[C@H](O)[C@H]5O)[C@H](O)[C@H]4O)[C@H](O)[C@H]3O,CN(C)C1=CC=C(C=C1)C(=N)C2=CC=C(C=C2)N(C)C.Cl,cyclodextrin,1.899999976158142,OC[C@H]1O[C@@H]2O[C@H]3[C@H](O)[C@@H](O)[C@@H](O[C@H]4[C@H](O)[C@@H](O)[C@@H](O[C@H]5[C@H](O)[C@@H](O)[C@@H](O[C@H]6[C@H](O)[C@@H](O)[C@@H](O[C@H]7[C@H](O)[C@@H](O)[C@@H](O[C@H]8[C@H](O)[C@@H](O)[C@@H](O[C@H]1[C@H](O)[C@H]2O)O[C@@H]8CO)O[C@@H]7CO)O[C@@H]6CO)O[C@@H]5CO)O[C@@H]4CO)O[C@@H]3CO,22584443D9512992310760C9871E3E6BDB3EDC92006F3EF1EC94F44373907EB1,HOST_CAN_0176,PASS,CN(C)c1ccc(C(=N)c2ccc(N(C)C)cc2)cc1.Cl,7CAC61A02B7841201EBA0EEAC3CCC2C701314C48BCD0471D0CC2D606D0415B35,GUEST_CAN_0405,PASS,AttentiveFP,4,host_cold,2,2.513967990875244
2009,151,229,C(C(=O)O)N(CC(=O)O)C1C(=O)NC(=O)NC1=O,[Na+],other,3.3299999237060547,O=C(O)CN(CC(=O)O)C1C(=O)NC(=O)NC1=O,A79CF0157A796F0CD50BB6A621709E83B2F5701A5982B3FC05B4D244283FD579,HOST_CAN_0122,PASS,[Na+],C967F382B185E1578CB9153250886D12807928AF715FC44BD49BA94ACEDD7043,GUEST_CAN_1098,PASS,AttentiveFP,4,host_cold,2,1.9910986423492432
2010,23,1036,OC[C@H]1O[C@@H]2O[C@@H]3[C@@H](CO)O[C@H](O[C@@H]4[C@@H](CO)O[C@H](O[C@@H]5[C@@H](CO)O[C@H](O[C@@H]6[C@@H](CO)O[C@H](O[C@@H]7[C@@H](CO)O[C@H](O[C@H]1[C@H](O)[C@H]2O)[C@H](O)[C@H]7O)[C@H](O)[C@H]6O)[C@H](O)[C@H]5O)[C@H](O)[C@H]4O)[C@H](O)[C@H]3O,[O-]C(=O)/C=C/CCC,cyclodextrin,2.450200080871582,OC[C@H]1O[C@@H]2O[C@H]3[C@H](O)[C@@H](O)[C@@H](O[C@H]4[C@H](O)[C@@H](O)[C@@H](O[C@H]5[C@H](O)[C@@H](O)[C@@H](O[C@H]6[C@H](O)[C@@H](O)[C@@H](O[C@H]7[C@H](O)[C@@H](O)[C@@H](O[C@H]1[C@H](O)[C@H]2O)O[C@@H]7CO)O[C@@H]6CO)O[C@@H]5CO)O[C@@H]4CO)O[C@@H]3CO,9CB41F926A4386D7C0E23599753E6EDC60802BE1DCF577DB9B32CBB20691DB1D,HOST_CAN_0175,PASS,CCC/C=C/C(=O)[O-],A941DAF7F1FB5B673036DC2FC55B3B0A7D31F679C710B3CAAD710C03E56614EC,GUEST_CAN_0262,PASS,AttentiveFP,4,host_cold,2,1.9535300731658936
2011,3,1037,OC[C@H]1O[C@@H]2O[C@@H]3[C@@H](CO)O[C@H](O[C@@H]4[C@@H](CO)O[C@H](O[C@@H]5[C@@H](CO)O[C@H](O[C@@H]6[C@@H](CO)O[C@H](O[C@@H]7[C@@H](CO)O[C@H](O[C@@H]8[C@@H](CO)O[C@H](O[C@H]1[C@H](O)[C@H]2O)[C@H](O)[C@H]8O)[C@H](O)[C@H]7O)[C@H](O)[C@H]6O)[C@H](O)[C@H]5O)[C@H](O)[C@H]4O)[C@H](O)[C@H]3O,CC1CCCC(C1)O,cyclodextrin,2.919100046157837,OC[C@H]1O[C@@H]2O[C@H]3[C@H](O)[C@@H](O)[C@@H](O[C@H]4[C@H](O)[C@@H](O)[C@@H](O[C@H]5[C@H](O)[C@@H](O)[C@@H](O[C@H]6[C@H](O)[C@@H](O)[C@@H](O[C@H]7[C@H](O)[C@@H](O)[C@@H](O[C@H]8[C@H](O)[C@@H](O)[C@@H](O[C@H]1[C@H](O)[C@H]2O)O[C@@H]8CO)O[C@@H]7CO)O[C@@H]6CO)O[C@@H]5CO)O[C@@H]4CO)O[C@@H]3CO,22584443D9512992310760C9871E3E6BDB3EDC92006F3EF1EC94F44373907EB1,HOST_CAN_0176,PASS,CC1CCCC(O)C1,46868F2E931B838BF31AA559AD9B8D1033E54D6F292B2B6AB0DB032FF57C916A,GUEST_CAN_0240,PASS,AttentiveFP,4,host_cold,2,1.9938015937805176
2015,3,786,OC[C@H]1O[C@@H]2O[C@@H]3[C@@H](CO)O[C@H](O[C@@H]4[C@@H](CO)O[C@H](O[C@@H]5[C@@H](CO)O[C@H](O[C@@H]6[C@@H](CO)O[C@H](O[C@@H]7[C@@H](CO)O[C@H](O[C@@H]8[C@@H](CO)O[C@H](O[C@H]1[C@H](O)[C@H]2O)[C@H](O)[C@H]8O)[C@H](O)[C@H]7O)[C@H](O)[C@H]6O)[C@H](O)[C@H]5O)[C@H](O)[C@H]4O)[C@H](O)[C@H]3O,C1=CC=C(C=C1)COC(CO)C(CO)O,cyclodextrin,1.9293999671936035,OC[C@H]1O[C@@H]2O[C@H]3[C@H](O)[C@@H](O)[C@@H](O[C@H]4[C@H](O)[C@@H](O)[C@@H](O[C@H]5[C@H](O)[C@@H](O)[C@@H](O[C@H]6[C@H](O)[C@@H](O)[C@@H](O[C@H]7[C@H](O)[C@@H](O)[C@@H](O[C@H]8[C@H](O)[C@@H](O)[C@@H](O[C@H]1[C@H](O)[C@H]2O)O[C@@H]8CO)O[C@@H]7CO)O[C@@H]6CO)O[C@@H]5CO)O[C@@H]4CO)O[C@@H]3CO,22584443D9512992310760C9871E3E6BDB3EDC92006F3EF1EC94F44373907EB1,HOST_CAN_0176,PASS,OCC(O)C(CO)OCc1ccccc1,8906B3804F609D2E70FAF27B257231E1FC14025999ACF8003AA6BE242FE272A9,GUEST_CAN_0967,PASS,AttentiveFP,4,host_cold,2,2.4352612495422363
2022,73,837,C1C2=CC(=CC(=C2O)CC3=CC(=CC(=C3O)CC4=CC(=CC(=C4O)CC5=C(C(=CC(=C5)S(=O)(=O)O)CC6=C(C1=CC(=C6)S(=O)(=O)O)O)O)S(=O)(=O)O)S(=O)(=O)O)S(=O)(=O)O,N1=CC=C(C=C1)C1=CC=NC=C1,calixarene,3.3094000816345215,O=S(=O)(O)c1cc2c(O)c(c1)Cc1cc(S(=O)(=O)O)cc(c1O)Cc1cc(S(=O)(=O)O)cc(c1O)Cc1cc(S(=O)(=O)O)cc(c1O)Cc1cc(S(=O)(=O)O)cc(c1O)C2,CE64A1CA71928E5DE79CF9633E11D44D0BC2C175AB3D980BF8052807605CA8CC,HOST_CAN_0155,PASS,c1cc(-c2ccncc2)ccn1,DEE9BD7AA80FD759D9512F899E5B26B6D8953648388A070F9641BC1DACF28421,GUEST_CAN_1121,PASS,AttentiveFP,4,host_cold,2,3.417760133743286
2026,68,178,Oc1c2cc(cc1Cc1cc(cc(c1O)Cc1c(c(Cc3c(c(C2)cc(c3)S(=O)(=O)O)O)cc(c1)S(=O)(=O)O)O)S(=O)(=O)O)NS(=O)(=O)c1ccc(cc1)C(=O)O,C(CCN)CC(C(=O)O)N,calixarene,2.079200029373169,O=C(O)c1ccc(S(=O)(=O)Nc2cc3c(O)c(c2)Cc2cc(S(=O)(=O)O)cc(c2O)Cc2cc(S(=O)(=O)O)cc(c2O)Cc2cc(S(=O)(=O)O)cc(c2O)C3)cc1,698FBD7126562AC5EF98798BC16D048473423AD0A0BD659BE98F031178BD7864,HOST_CAN_0136,PASS,NCCCCC(N)C(=O)O,BD55DE8B1F18BBBA0B9FB86FA685E52B4743F1B75F837E0522E8C602B3191BA0,GUEST_CAN_0785,PASS,AttentiveFP,4,host_cold,2,2.869710922241211
2029,42,108,OC1=C(CC2=CC(S(=O)([O-])=O)=CC(CC(C=C3S(=O)([O-])=O)=C4OCC(N)=O)=C2O)C=C(S(=O)([O-])=O)C=C1CC5=CC(S(=O)([O-])=O)=CC(CC4=C3)=C5O,OC(=O)C(CCCNC(=[NH2+])N)N,calixarene,2.924299955368042,NC(=O)COc1c2cc(S(=O)(=O)[O-])cc1Cc1cc(S(=O)(=O)[O-])cc(c1O)Cc1cc(S(=O)(=O)[O-])cc(c1O)Cc1cc(S(=O)(=O)[O-])cc(c1O)C2,1F2BEDA02D00DC2C1A2D3A5BD5460849E045F21D3B673D4626094BA71BDA0464,HOST_CAN_0104,PASS,NC(=[NH2+])NCCCC(N)C(=O)O,3A95B838A3F3E4B9211C1F9CE461FB93EA851D8F0AA68498288217A21AD77FAC,GUEST_CAN_0726,PASS,AttentiveFP,4,host_cold,2,2.873220443725586
2030,23,698,OC[C@H]1O[C@@H]2O[C@@H]3[C@@H](CO)O[C@H](O[C@@H]4[C@@H](CO)O[C@H](O[C@@H]5[C@@H](CO)O[C@H](O[C@@H]6[C@@H](CO)O[C@H](O[C@@H]7[C@@H](CO)O[C@H](O[C@H]1[C@H](O)[C@H]2O)[C@H](O)[C@H]7O)[C@H](O)[C@H]6O)[C@H](O)[C@H]5O)[C@H](O)[C@H]4O)[C@H](O)[C@H]3O,CCCC[NH3+],cyclodextrin,1.1553000211715698,OC[C@H]1O[C@@H]2O[C@H]3[C@H](O)[C@@H](O)[C@@H](O[C@H]4[C@H](O)[C@@H](O)[C@@H](O[C@H]5[C@H](O)[C@@H](O)[C@@H](O[C@H]6[C@H](O)[C@@H](O)[C@@H](O[C@H]7[C@H](O)[C@@H](O)[C@@H](O[C@H]1[C@H](O)[C@H]2O)O[C@@H]7CO)O[C@@H]6CO)O[C@@H]5CO)O[C@@H]4CO)O[C@@H]3CO,9CB41F926A4386D7C0E23599753E6EDC60802BE1DCF577DB9B32CBB20691DB1D,HOST_CAN_0175,PASS,CCCC[NH3+],6A71D8302F7F41484EDE7CB008CCE4F2AFAAFDA27C6FFB24A0361849051D3340,GUEST_CAN_0322,PASS,AttentiveFP,4,host_cold,2,1.4370841979980469
2047,3,1043,OC[C@H]1O[C@@H]2O[C@@H]3[C@@H](CO)O[C@H](O[C@@H]4[C@@H](CO)O[C@H](O[C@@H]5[C@@H](CO)O[C@H](O[C@@H]6[C@@H](CO)O[C@H](O[C@@H]7[C@@H](CO)O[C@H](O[C@@H]8[C@@H](CO)O[C@H](O[C@H]1[C@H](O)[C@H]2O)[C@H](O)[C@H]8O)[C@H](O)[C@H]7O)[C@H](O)[C@H]6O)[C@H](O)[C@H]5O)[C@H](O)[C@H]4O)[C@H](O)[C@H]3O,CC12CCC(C1(C)CS(=O)(=O)[O-])C(C2=O)Br.[NH4+],cyclodextrin,3.5599000453948975,OC[C@H]1O[C@@H]2O[C@H]3[C@H](O)[C@@H](O)[C@@H](O[C@H]4[C@H](O)[C@@H](O)[C@@H](O[C@H]5[C@H](O)[C@@H](O)[C@@H](O[C@H]6[C@H](O)[C@@H](O)[C@@H](O[C@H]7[C@H](O)[C@@H](O)[C@@H](O[C@H]8[C@H](O)[C@@H](O)[C@@H](O[C@H]1[C@H](O)[C@H]2O)O[C@@H]8CO)O[C@@H]7CO)O[C@@H]6CO)O[C@@H]5CO)O[C@@H]4CO)O[C@@H]3CO,22584443D9512992310760C9871E3E6BDB3EDC92006F3EF1EC94F44373907EB1,HOST_CAN_0176,PASS,CC12CCC(C(Br)C1=O)C2(C)CS(=O)(=O)[O-].[NH4+],82FCB2E91E9EF2FF355229823B9A550C633F8DC4E464B4FDF0D56CAF15AA902A,GUEST_CAN_0226,PASS,AttentiveFP,4,host_cold,2,2.4242587089538574
2048,23,910,OC[C@H]1O[C@@H]2O[C@@H]3[C@@H](CO)O[C@H](O[C@@H]4[C@@H](CO)O[C@H](O[C@@H]5[C@@H](CO)O[C@H](O[C@@H]6[C@@H](CO)O[C@H](O[C@@H]7[C@@H](CO)O[C@H](O[C@H]1[C@H](O)[C@H]2O)[C@H](O)[C@H]7O)[C@H](O)[C@H]6O)[C@H](O)[C@H]5O)[C@H](O)[C@H]4O)[C@H](O)[C@H]3O,CN(C)C1=CC=C(C=C1)C(=N)C2=CC=C(C=C2)N(C)C.Cl,cyclodextrin,3.6989998817443848,OC[C@H]1O[C@@H]2O[C@H]3[C@H](O)[C@@H](O)[C@@H](O[C@H]4[C@H](O)[C@@H](O)[C@@H](O[C@H]5[C@H](O)[C@@H](O)[C@@H](O[C@H]6[C@H](O)[C@@H](O)[C@@H](O[C@H]7[C@H](O)[C@@H](O)[C@@H](O[C@H]1[C@H](O)[C@H]2O)O[C@@H]7CO)O[C@@H]6CO)O[C@@H]5CO)O[C@@H]4CO)O[C@@H]3CO,9CB41F926A4386D7C0E23599753E6EDC60802BE1DCF577DB9B32CBB20691DB1D,HOST_CAN_0175,PASS,CN(C)c1ccc(C(=N)c2ccc(N(C)C)cc2)cc1.Cl,7CAC61A02B7841201EBA0EEAC3CCC2C701314C48BCD0471D0CC2D606D0415B35,GUEST_CAN_0405,PASS,AttentiveFP,4,host_cold,2,2.7640528678894043
2050,3,1044,OC[C@H]1O[C@@H]2O[C@@H]3[C@@H](CO)O[C@H](O[C@@H]4[C@@H](CO)O[C@H](O[C@@H]5[C@@H](CO)O[C@H](O[C@@H]6[C@@H](CO)O[C@H](O[C@@H]7[C@@H](CO)O[C@H](O[C@@H]8[C@@H](CO)O[C@H](O[C@H]1[C@H](O)[C@H]2O)[C@H](O)[C@H]8O)[C@H](O)[C@H]7O)[C@H](O)[C@H]6O)[C@H](O)[C@H]5O)[C@H](O)[C@H]4O)[C@H](O)[C@H]3O,O1C2=C(OCC1)C=C(C=C2)C=2C(OC1=CC(=C(C=C1C2O)CC)OC)=O,cyclodextrin,2.5315001010894775,OC[C@H]1O[C@@H]2O[C@H]3[C@H](O)[C@@H](O)[C@@H](O[C@H]4[C@H](O)[C@@H](O)[C@@H](O[C@H]5[C@H](O)[C@@H](O)[C@@H](O[C@H]6[C@H](O)[C@@H](O)[C@@H](O[C@H]7[C@H](O)[C@@H](O)[C@@H](O[C@H]8[C@H](O)[C@@H](O)[C@@H](O[C@H]1[C@H](O)[C@H]2O)O[C@@H]8CO)O[C@@H]7CO)O[C@@H]6CO)O[C@@H]5CO)O[C@@H]4CO)O[C@@H]3CO,22584443D9512992310760C9871E3E6BDB3EDC92006F3EF1EC94F44373907EB1,HOST_CAN_0176,PASS,CCc1cc2c(O)c(-c3ccc4c(c3)OCCO4)c(=O)oc2cc1OC,7507EC7F6B436686388F56568D1FC80C2A1511DCCC8B5A5F8F825D9095E92BBB,GUEST_CAN_0382,PASS,AttentiveFP,4,host_cold,2,3.175790309906006
2063,101,852,CC12C3(N4CN5C6C7N(C5=O)CN8C9C5N(C8=O)CN8C(=O)N%10CC%11=C(C=CC%12=C%11C(=C(C=C%12)OCCCS(=O)(=O)[O-])CN%11C%10(C8(N(C%11=O)CN5C(=O)N9CN7C(=O)N6CN3C(=O)N1CC1=C(C=CC3=C1C(=C(C=C3)OCCCS(=O)(=O)[O-])CN2C4=O)OCCCS(=O)(=O)[O-])C)C)OCCCS(=O)(=O)[O-])C.[Na+].[Na+].[Na+].[Na+],CC(C1=CC=CC=C1)(C2=CC=CC=N2)OCCN(C)C,cucurbituril,5.041399955749512,CC12N3Cc4c(OCCCS(=O)(=O)[O-])ccc5ccc(OCCCS(=O)(=O)[O-])c(c45)CN1C(=O)N1CN4C(=O)N5CN6C(=O)N7CN8C(=O)N9Cc%10c(OCCCS(=O)(=O)[O-])ccc%11ccc(OCCCS(=O)(=O)[O-])c(c%10%11)CN%10C(=O)N(CN%11C(=O)N(CN%12C(=O)N(CN(C3=O)C12C)C4C%125)C6C%117)C8(C)C%109C.[Na+].[Na+].[Na+].[Na+],D06B992717C42348D2028871BE8CF32C393DC5D34135FC7CB387827D0E760D24,HOST_CAN_0017,PASS,CN(C)CCOC(C)(c1ccccc1)c1ccccn1,76CEA950ADE395609C1D1E8527F2BBFC1E1A47810161E75C2EBBC21B93509C1D,GUEST_CAN_0398,PASS,AttentiveFP,4,host_cold,2,4.646382808685303
2070,3,846,OC[C@H]1O[C@@H]2O[C@@H]3[C@@H](CO)O[C@H](O[C@@H]4[C@@H](CO)O[C@H](O[C@@H]5[C@@H](CO)O[C@H](O[C@@H]6[C@@H](CO)O[C@H](O[C@@H]7[C@@H](CO)O[C@H](O[C@@H]8[C@@H](CO)O[C@H](O[C@H]1[C@H](O)[C@H]2O)[C@H](O)[C@H]8O)[C@H](O)[C@H]7O)[C@H](O)[C@H]6O)[C@H](O)[C@H]5O)[C@H](O)[C@H]4O)[C@H](O)[C@H]3O,CC1(C2CCC1(C(=O)C2)CS(=O)(=O)O)C,cyclodextrin,2.689300060272217,OC[C@H]1O[C@@H]2O[C@H]3[C@H](O)[C@@H](O)[C@@H](O[C@H]4[C@H](O)[C@@H](O)[C@@H](O[C@H]5[C@H](O)[C@@H](O)[C@@H](O[C@H]6[C@H](O)[C@@H](O)[C@@H](O[C@H]7[C@H](O)[C@@H](O)[C@@H](O[C@H]8[C@H](O)[C@@H](O)[C@@H](O[C@H]1[C@H](O)[C@H]2O)O[C@@H]8CO)O[C@@H]7CO)O[C@@H]6CO)O[C@@H]5CO)O[C@@H]4CO)O[C@@H]3CO,22584443D9512992310760C9871E3E6BDB3EDC92006F3EF1EC94F44373907EB1,HOST_CAN_0176,PASS,CC1(C)C2CCC1(CS(=O)(=O)O)C(=O)C2,9A14E769229967647EE3A0CE43872489AD19D866DDC78386663985161BE5F206,GUEST_CAN_0205,PASS,AttentiveFP,4,host_cold,2,2.303475856781006
2085,106,5,CCCOC1=C2CC3=CC(P(OC)(O[Li])=O)=CC(CC4=C(OCCC)C(CC5=C(OCCC)C(CC1=CC(P(OC)(O[Li])=O)=C2)=CC(P(OC)(O[Li])=O)=C5)=CC(P(OC)(O[Li])=O)=C4)=C3OCCC,C1=CC=C(C=C1)CCN.Cl,calixarene,1.8451000452041626,[Li][O]P(=O)(OC)c1cc2c(OCCC)c(c1)Cc1cc(P(=O)([O][Li])OC)cc(c1OCCC)Cc1cc(P(=O)([O][Li])OC)cc(c1OCCC)Cc1cc(P(=O)([O][Li])OC)cc(c1OCCC)C2,7E35E77A746111D0F7C2AD48B4236AD5F23EBD686B02C0BEF4D3F0D97CE016F4,HOST_CAN_0180,PASS,Cl.NCCc1ccccc1,694C353D974E43F94B1A87CEC52C279387A77EBF6FFAF0F180A66EE64E2F9B79,GUEST_CAN_0692,PASS,AttentiveFP,4,host_cold,2,1.4238159656524658
2087,4,415,[Na]OS(=O)(=O)CCCCOC=1C=C(C=CC1)[C@@H]1N=C(OC1)CC1=C(C(=C(C(=C1C)CC=1OC[C@@H](N1)C1=CC(=CC=C1)OCCCCS(=O)(=O)O[Na])C)CC=1OC[C@@H](N1)C1=CC(=CC=C1)OCCCCS(=O)(=O)O[Na])C,CNCC(C1=CC(=C(C=C1)O)O)O.Cl,other,1.0,Cc1c(CC2=N[C@@H](c3cccc(OCCCCS(=O)(=O)[O][Na])c3)CO2)c(C)c(CC2=N[C@@H](c3cccc(OCCCCS(=O)(=O)[O][Na])c3)CO2)c(C)c1CC1=N[C@@H](c2cccc(OCCCCS(=O)(=O)[O][Na])c2)CO1,9E3429786C624B72E8FD089068975D2A1C33E04632FEA26EF01294722587A124,HOST_CAN_0098,PASS,CNCC(O)c1ccc(O)c(O)c1.Cl,67FF0874CD83491B0590CBB99011E21C45D2390B945EDB9E145BDB097ED301BC,GUEST_CAN_0429,PASS,AttentiveFP,4,host_cold,2,1.6000397205352783
2088,43,161,C1COCCN2CCOCCN1CCOCCOCC2,[Mg+2],other,2.5,C1COCCN2CCOCCN(CCO1)CCOCC2,98A94C64ADA3B0E00FCE78FE7388B30022CC2F26C8BCF54DDABD5207E5AA7E8C,HOST_CAN_0002,PASS,[Mg+2],7F8D39B1BC5783E4D085768535A47B9BA749178FAD98C2BA37380CBAD5B2A9A1,GUEST_CAN_1073,PASS,AttentiveFP,4,host_cold,2,5.988437175750732
2089,151,76,C(C(=O)O)N(CC(=O)O)C1C(=O)NC(=O)NC1=O,[Ba+2],other,6.130300045013428,O=C(O)CN(CC(=O)O)C1C(=O)NC(=O)NC1=O,A79CF0157A796F0CD50BB6A621709E83B2F5701A5982B3FC05B4D244283FD579,HOST_CAN_0122,PASS,[Ba+2],646B641AF6E7E8BB0EF6865C6EADD1E8EF78BF2568880853D320270397B832AE,GUEST_CAN_1012,PASS,AttentiveFP,4,host_cold,2,6.634992599487305
2091,3,1054,OC[C@H]1O[C@@H]2O[C@@H]3[C@@H](CO)O[C@H](O[C@@H]4[C@@H](CO)O[C@H](O[C@@H]5[C@@H](CO)O[C@H](O[C@@H]6[C@@H](CO)O[C@H](O[C@@H]7[C@@H](CO)O[C@H](O[C@@H]8[C@@H](CO)O[C@H](O[C@H]1[C@H](O)[C@H]2O)[C@H](O)[C@H]8O)[C@H](O)[C@H]7O)[C@H](O)[C@H]6O)[C@H](O)[C@H]5O)[C@H](O)[C@H]4O)[C@H](O)[C@H]3O,CC12CCC(C1(C)CS(=O)(=O)O)C(C2=O)Br,cyclodextrin,3.575200080871582,OC[C@H]1O[C@@H]2O[C@H]3[C@H](O)[C@@H](O)[C@@H](O[C@H]4[C@H](O)[C@@H](O)[C@@H](O[C@H]5[C@H](O)[C@@H](O)[C@@H](O[C@H]6[C@H](O)[C@@H](O)[C@@H](O[C@H]7[C@H](O)[C@@H](O)[C@@H](O[C@H]8[C@H](O)[C@@H](O)[C@@H](O[C@H]1[C@H](O)[C@H]2O)O[C@@H]8CO)O[C@@H]7CO)O[C@@H]6CO)O[C@@H]5CO)O[C@@H]4CO)O[C@@H]3CO,22584443D9512992310760C9871E3E6BDB3EDC92006F3EF1EC94F44373907EB1,HOST_CAN_0176,PASS,CC12CCC(C(Br)C1=O)C2(C)CS(=O)(=O)O,E5EAD09E6CBF316BD81A8FBDA6B3347AC26DAA245F37B1A07486F5ED57F5E53F,GUEST_CAN_0225,PASS,AttentiveFP,4,host_cold,2,2.4093737602233887
2095,185,803,O[C@H]1[C@H](O[C@@H]2[C@H](O)[C@@H](O)[C@H](O3)[C@@H](CO)O2)[C@@H](CO)O[C@H](O[C@H]4[C@H](O)[C@@H](O)[C@@H](O[C@@H]5[C@@H](O)[C@H](O)[C@H](O[C@@H]6[C@@H](O)[C@H](O)[C@H](O[C@@H]7[C@@H](O)[C@H](O)[C@H](O[C@@H]8[C@@H](O)[C@H](O)[C@H]3O[C@H]8CO)O[C@H]7CO)O[C@H]6CO)O[C@H]5CO)O[C@@H]4CO)[C@@H]1OCCO,CC[N+](=C1C=CC2=NC3C(C(=C(C=C3N)N)C)OC2=C1)CC.[Cl-],cyclodextrin,2.876199960708618,OCCO[C@H]1[C@H]2O[C@H]3[C@H](O)[C@@H](O)[C@@H](O[C@@H]4[C@@H](O)[C@H](O)[C@H](O[C@@H]5[C@@H](O)[C@H](O)[C@H](O[C@@H]6[C@@H](O)[C@H](O)[C@H](O[C@@H]7[C@@H](O)[C@H](O)[C@H](O[C@H]8[C@H](O)[C@@H](O)[C@@H](O[C@@H]([C@@H]1O)[C@@H](CO)O2)O[C@@H]8CO)O[C@H]7CO)O[C@H]6CO)O[C@H]5CO)O[C@H]4CO)O[C@@H]3CO,38FE179C31F6F0664EF4E25353C0098520B92825F61BFBB3CB494C6965B9AD3E,HOST_CAN_0173,PASS,CC[N+](CC)=C1C=CC2=NC3C(N)=CC(N)=C(C)C3OC2=C1.[Cl-],6830F35228C0ECB38BAEE550D3E613DC9CA93C110591DF19261CA9174EF7F0A2,GUEST_CAN_0378,PASS,AttentiveFP,4,host_cold,2,2.3868844509124756
2103,3,274,OC[C@H]1O[C@@H]2O[C@@H]3[C@@H](CO)O[C@H](O[C@@H]4[C@@H](CO)O[C@H](O[C@@H]5[C@@H](CO)O[C@H](O[C@@H]6[C@@H](CO)O[C@H](O[C@@H]7[C@@H](CO)O[C@H](O[C@@H]8[C@@H](CO)O[C@H](O[C@H]1[C@H](O)[C@H]2O)[C@H](O)[C@H]8O)[C@H](O)[C@H]7O)[C@H](O)[C@H]6O)[C@H](O)[C@H]5O)[C@H](O)[C@H]4O)[C@H](O)[C@H]3O,C1=CC=C(C=C1)COCC(C(=O)O)N,cyclodextrin,1.8513000011444092,OC[C@H]1O[C@@H]2O[C@H]3[C@H](O)[C@@H](O)[C@@H](O[C@H]4[C@H](O)[C@@H](O)[C@@H](O[C@H]5[C@H](O)[C@@H](O)[C@@H](O[C@H]6[C@H](O)[C@@H](O)[C@@H](O[C@H]7[C@H](O)[C@@H](O)[C@@H](O[C@H]8[C@H](O)[C@@H](O)[C@@H](O[C@H]1[C@H](O)[C@H]2O)O[C@@H]8CO)O[C@@H]7CO)O[C@@H]6CO)O[C@@H]5CO)O[C@@H]4CO)O[C@@H]3CO,22584443D9512992310760C9871E3E6BDB3EDC92006F3EF1EC94F44373907EB1,HOST_CAN_0176,PASS,NC(COCc1ccccc1)C(=O)O,FA5FFAB9C6D06BBEF4C54285076E93E6084A5D76882C8BE4C7DC89A27C87D084,GUEST_CAN_0735,PASS,AttentiveFP,4,host_cold,2,1.9447786808013916
2113,3,901,OC[C@H]1O[C@@H]2O[C@@H]3[C@@H](CO)O[C@H](O[C@@H]4[C@@H](CO)O[C@H](O[C@@H]5[C@@H](CO)O[C@H](O[C@@H]6[C@@H](CO)O[C@H](O[C@@H]7[C@@H](CO)O[C@H](O[C@@H]8[C@@H](CO)O[C@H](O[C@H]1[C@H](O)[C@H]2O)[C@H](O)[C@H]8O)[C@H](O)[C@H]7O)[C@H](O)[C@H]6O)[C@H](O)[C@H]5O)[C@H](O)[C@H]4O)[C@H](O)[C@H]3O,COC(C1=CC=CC=C1)C(=O)O,cyclodextrin,1.0338000059127808,OC[C@H]1O[C@@H]2O[C@H]3[C@H](O)[C@@H](O)[C@@H](O[C@H]4[C@H](O)[C@@H](O)[C@@H](O[C@H]5[C@H](O)[C@@H](O)[C@@H](O[C@H]6[C@H](O)[C@@H](O)[C@@H](O[C@H]7[C@H](O)[C@@H](O)[C@@H](O[C@H]8[C@H](O)[C@@H](O)[C@@H](O[C@H]1[C@H](O)[C@H]2O)O[C@@H]8CO)O[C@@H]7CO)O[C@@H]6CO)O[C@@H]5CO)O[C@@H]4CO)O[C@@H]3CO,22584443D9512992310760C9871E3E6BDB3EDC92006F3EF1EC94F44373907EB1,HOST_CAN_0176,PASS,COC(C(=O)O)c1ccccc1,54678FA8D963898169DC8A9BB54D73147D3A227DAAEC7A42E2E3C8C4083D2314,GUEST_CAN_0453,PASS,AttentiveFP,4,host_cold,2,2.2970566749572754
2115,3,741,OC[C@H]1O[C@@H]2O[C@@H]3[C@@H](CO)O[C@H](O[C@@H]4[C@@H](CO)O[C@H](O[C@@H]5[C@@H](CO)O[C@H](O[C@@H]6[C@@H](CO)O[C@H](O[C@@H]7[C@@H](CO)O[C@H](O[C@@H]8[C@@H](CO)O[C@H](O[C@H]1[C@H](O)[C@H]2O)[C@H](O)[C@H]8O)[C@H](O)[C@H]7O)[C@H](O)[C@H]6O)[C@H](O)[C@H]5O)[C@H](O)[C@H]4O)[C@H](O)[C@H]3O,CCCCCC([NH3+])C,cyclodextrin,1.8808000087738037,OC[C@H]1O[C@@H]2O[C@H]3[C@H](O)[C@@H](O)[C@@H](O[C@H]4[C@H](O)[C@@H](O)[C@@H](O[C@H]5[C@H](O)[C@@H](O)[C@@H](O[C@H]6[C@H](O)[C@@H](O)[C@@H](O[C@H]7[C@H](O)[C@@H](O)[C@@H](O[C@H]8[C@H](O)[C@@H](O)[C@@H](O[C@H]1[C@H](O)[C@H]2O)O[C@@H]8CO)O[C@@H]7CO)O[C@@H]6CO)O[C@@H]5CO)O[C@@H]4CO)O[C@@H]3CO,22584443D9512992310760C9871E3E6BDB3EDC92006F3EF1EC94F44373907EB1,HOST_CAN_0176,PASS,CCCCCC(C)[NH3+],929DF79BEE56ADE23CE6389CD5BCE236BCAC5087281BA0A2CDB71D98C82623E3,GUEST_CAN_0273,PASS,AttentiveFP,4,host_cold,2,1.5622975826263428
2124,3,558,OC[C@H]1O[C@@H]2O[C@@H]3[C@@H](CO)O[C@H](O[C@@H]4[C@@H](CO)O[C@H](O[C@@H]5[C@@H](CO)O[C@H](O[C@@H]6[C@@H](CO)O[C@H](O[C@@H]7[C@@H](CO)O[C@H](O[C@@H]8[C@@H](CO)O[C@H](O[C@H]1[C@H](O)[C@H]2O)[C@H](O)[C@H]8O)[C@H](O)[C@H]7O)[C@H](O)[C@H]6O)[C@H](O)[C@H]5O)[C@H](O)[C@H]4O)[C@H](O)[C@H]3O,C1=CC=C(C=C1)NC2=CC3=C(C=C2)C=C(C=C3)S(=O)(=O)[O-],cyclodextrin,3.1303000450134277,OC[C@H]1O[C@@H]2O[C@H]3[C@H](O)[C@@H](O)[C@@H](O[C@H]4[C@H](O)[C@@H](O)[C@@H](O[C@H]5[C@H](O)[C@@H](O)[C@@H](O[C@H]6[C@H](O)[C@@H](O)[C@@H](O[C@H]7[C@H](O)[C@@H](O)[C@@H](O[C@H]8[C@H](O)[C@@H](O)[C@@H](O[C@H]1[C@H](O)[C@H]2O)O[C@@H]8CO)O[C@@H]7CO)O[C@@H]6CO)O[C@@H]5CO)O[C@@H]4CO)O[C@@H]3CO,22584443D9512992310760C9871E3E6BDB3EDC92006F3EF1EC94F44373907EB1,HOST_CAN_0176,PASS,O=S(=O)([O-])c1ccc2cc(Nc3ccccc3)ccc2c1,0824CC1DB2624A014F85DD652F99EC1BBB673337CABFEF6F0B2F4C09F94496B2,GUEST_CAN_0937,PASS,AttentiveFP,4,host_cold,2,2.8567185401916504
2130,43,229,C1COCCN2CCOCCN1CCOCCOCC2,[Na+],other,3.200000047683716,C1COCCN2CCOCCN(CCO1)CCOCC2,98A94C64ADA3B0E00FCE78FE7388B30022CC2F26C8BCF54DDABD5207E5AA7E8C,HOST_CAN_0002,PASS,[Na+],C967F382B185E1578CB9153250886D12807928AF715FC44BD49BA94ACEDD7043,GUEST_CAN_1098,PASS,AttentiveFP,4,host_cold,2,4.039806365966797
2135,3,360,OC[C@H]1O[C@@H]2O[C@@H]3[C@@H](CO)O[C@H](O[C@@H]4[C@@H](CO)O[C@H](O[C@@H]5[C@@H](CO)O[C@H](O[C@@H]6[C@@H](CO)O[C@H](O[C@@H]7[C@@H](CO)O[C@H](O[C@@H]8[C@@H](CO)O[C@H](O[C@H]1[C@H](O)[C@H]2O)[C@H](O)[C@H]8O)[C@H](O)[C@H]7O)[C@H](O)[C@H]6O)[C@H](O)[C@H]5O)[C@H](O)[C@H]4O)[C@H](O)[C@H]3O,CCN(CC)C1=CC2=C(C=C1)N=C3C=CC(=[N+](CC)CC)C=C3O2,cyclodextrin,3.0492000579833984,OC[C@H]1O[C@@H]2O[C@H]3[C@H](O)[C@@H](O)[C@@H](O[C@H]4[C@H](O)[C@@H](O)[C@@H](O[C@H]5[C@H](O)[C@@H](O)[C@@H](O[C@H]6[C@H](O)[C@@H](O)[C@@H](O[C@H]7[C@H](O)[C@@H](O)[C@@H](O[C@H]8[C@H](O)[C@@H](O)[C@@H](O[C@H]1[C@H](O)[C@H]2O)O[C@@H]8CO)O[C@@H]7CO)O[C@@H]6CO)O[C@@H]5CO)O[C@@H]4CO)O[C@@H]3CO,22584443D9512992310760C9871E3E6BDB3EDC92006F3EF1EC94F44373907EB1,HOST_CAN_0176,PASS,CCN(CC)c1ccc2nc3ccc(=[N+](CC)CC)cc-3oc2c1,066F3D1B32F1748B3B78FD889501761911247912358CB368BEF1B1090F720B3D,GUEST_CAN_0355,PASS,AttentiveFP,4,host_cold,2,2.6053519248962402
2140,22,979,Oc1c2Sc3cc(cc(c3O)Sc3cc(cc(Sc4c(c(Sc1cc(c2)S(=O)(=O)O)cc(c4)S(=O)(=O)O)O)c3O)S(=O)(=O)O)S(=O)(=O)O,NC1=CC=NC=C1,calixarene,2.465399980545044,O=S(=O)(O)c1cc2c(O)c(c1)Sc1cc(S(=O)(=O)O)cc(c1O)Sc1cc(S(=O)(=O)O)cc(c1O)Sc1cc(S(=O)(=O)O)cc(c1O)S2,5FE888C1FB51BDA35D21231A31EDB8203ACD56DD9744D0C6B83351EC668D4256,HOST_CAN_0156,PASS,Nc1ccncc1,CEC5078599FE0F065A74BE06F99F85ECB9F5D4A310E56C7D637E739DBC41FCA9,GUEST_CAN_0840,PASS,AttentiveFP,4,host_cold,2,2.961871385574341
2145,3,1063,OC[C@H]1O[C@@H]2O[C@@H]3[C@@H](CO)O[C@H](O[C@@H]4[C@@H](CO)O[C@H](O[C@@H]5[C@@H](CO)O[C@H](O[C@@H]6[C@@H](CO)O[C@H](O[C@@H]7[C@@H](CO)O[C@H](O[C@@H]8[C@@H](CO)O[C@H](O[C@H]1[C@H](O)[C@H]2O)[C@H](O)[C@H]8O)[C@H](O)[C@H]7O)[C@H](O)[C@H]6O)[C@H](O)[C@H]5O)[C@H](O)[C@H]4O)[C@H](O)[C@H]3O,CC1=CC2=C(C=C1N)SC3=CC(=[N+](C)C)C=CC3=N2.[Cl-],cyclodextrin,2.645400047302246,OC[C@H]1O[C@@H]2O[C@H]3[C@H](O)[C@@H](O)[C@@H](O[C@H]4[C@H](O)[C@@H](O)[C@@H](O[C@H]5[C@H](O)[C@@H](O)[C@@H](O[C@H]6[C@H](O)[C@@H](O)[C@@H](O[C@H]7[C@H](O)[C@@H](O)[C@@H](O[C@H]8[C@H](O)[C@@H](O)[C@@H](O[C@H]1[C@H](O)[C@H]2O)O[C@@H]8CO)O[C@@H]7CO)O[C@@H]6CO)O[C@@H]5CO)O[C@@H]4CO)O[C@@H]3CO,22584443D9512992310760C9871E3E6BDB3EDC92006F3EF1EC94F44373907EB1,HOST_CAN_0176,PASS,Cc1cc2nc3ccc(=[N+](C)C)cc-3sc2cc1N.[Cl-],3980336E1D195EE960426FE5D3C53E5F9FC92C4D09A66DD3BCC9BB2F0492D4C8,GUEST_CAN_0652,PASS,AttentiveFP,4,host_cold,2,3.0317816734313965
2149,3,205,OC[C@H]1O[C@@H]2O[C@@H]3[C@@H](CO)O[C@H](O[C@@H]4[C@@H](CO)O[C@H](O[C@@H]5[C@@H](CO)O[C@H](O[C@@H]6[C@@H](CO)O[C@H](O[C@@H]7[C@@H](CO)O[C@H](O[C@@H]8[C@@H](CO)O[C@H](O[C@H]1[C@H](O)[C@H]2O)[C@H](O)[C@H]8O)[C@H](O)[C@H]7O)[C@H](O)[C@H]6O)[C@H](O)[C@H]5O)[C@H](O)[C@H]4O)[C@H](O)[C@H]3O,CN(C)C1=CC2=C(C=C1)N=C3C=CC(=[N+](C)C)C=C3S2.[Cl-],cyclodextrin,2.612799882888794,OC[C@H]1O[C@@H]2O[C@H]3[C@H](O)[C@@H](O)[C@@H](O[C@H]4[C@H](O)[C@@H](O)[C@@H](O[C@H]5[C@H](O)[C@@H](O)[C@@H](O[C@H]6[C@H](O)[C@@H](O)[C@@H](O[C@H]7[C@H](O)[C@@H](O)[C@@H](O[C@H]8[C@H](O)[C@@H](O)[C@@H](O[C@H]1[C@H](O)[C@H]2O)O[C@@H]8CO)O[C@@H]7CO)O[C@@H]6CO)O[C@@H]5CO)O[C@@H]4CO)O[C@@H]3CO,22584443D9512992310760C9871E3E6BDB3EDC92006F3EF1EC94F44373907EB1,HOST_CAN_0176,PASS,CN(C)c1ccc2nc3ccc(=[N+](C)C)cc-3sc2c1.[Cl-],3DE370A1BA5793291E648A02AB38D5B7C28AB576253437EAD27954C74B3FA491,GUEST_CAN_0412,PASS,AttentiveFP,4,host_cold,2,3.033885955810547
2154,3,408,OC[C@H]1O[C@@H]2O[C@@H]3[C@@H](CO)O[C@H](O[C@@H]4[C@@H](CO)O[C@H](O[C@@H]5[C@@H](CO)O[C@H](O[C@@H]6[C@@H](CO)O[C@H](O[C@@H]7[C@@H](CO)O[C@H](O[C@@H]8[C@@H](CO)O[C@H](O[C@H]1[C@H](O)[C@H]2O)[C@H](O)[C@H]8O)[C@H](O)[C@H]7O)[C@H](O)[C@H]6O)[C@H](O)[C@H]5O)[C@H](O)[C@H]4O)[C@H](O)[C@H]3O,CC(C1=CC=CC=C1)C(=O)O,cyclodextrin,1.5563000440597534,OC[C@H]1O[C@@H]2O[C@H]3[C@H](O)[C@@H](O)[C@@H](O[C@H]4[C@H](O)[C@@H](O)[C@@H](O[C@H]5[C@H](O)[C@@H](O)[C@@H](O[C@H]6[C@H](O)[C@@H](O)[C@@H](O[C@H]7[C@H](O)[C@@H](O)[C@@H](O[C@H]8[C@H](O)[C@@H](O)[C@@H](O[C@H]1[C@H](O)[C@H]2O)O[C@@H]8CO)O[C@@H]7CO)O[C@@H]6CO)O[C@@H]5CO)O[C@@H]4CO)O[C@@H]3CO,22584443D9512992310760C9871E3E6BDB3EDC92006F3EF1EC94F44373907EB1,HOST_CAN_0176,PASS,CC(C(=O)O)c1ccccc1,39E81C14C70322EC40DB0016F5D8CC5F88B6124FB8BA69CBB0DE2E95D7C6979F,GUEST_CAN_0109,PASS,AttentiveFP,4,host_cold,2,2.232518196105957
2157,101,793,CC12C3(N4CN5C6C7N(C5=O)CN8C9C5N(C8=O)CN8C(=O)N%10CC%11=C(C=CC%12=C%11C(=C(C=C%12)OCCCS(=O)(=O)[O-])CN%11C%10(C8(N(C%11=O)CN5C(=O)N9CN7C(=O)N6CN3C(=O)N1CC1=C(C=CC3=C1C(=C(C=C3)OCCCS(=O)(=O)[O-])CN2C4=O)OCCCS(=O)(=O)[O-])C)C)OCCCS(=O)(=O)[O-])C.[Na+].[Na+].[Na+].[Na+],CC(=O)NC1=CC=C(C=C1)O,cucurbituril,3.0413999557495117,CC12N3Cc4c(OCCCS(=O)(=O)[O-])ccc5ccc(OCCCS(=O)(=O)[O-])c(c45)CN1C(=O)N1CN4C(=O)N5CN6C(=O)N7CN8C(=O)N9Cc%10c(OCCCS(=O)(=O)[O-])ccc%11ccc(OCCCS(=O)(=O)[O-])c(c%10%11)CN%10C(=O)N(CN%11C(=O)N(CN%12C(=O)N(CN(C3=O)C12C)C4C%125)C6C%117)C8(C)C%109C.[Na+].[Na+].[Na+].[Na+],D06B992717C42348D2028871BE8CF32C393DC5D34135FC7CB387827D0E760D24,HOST_CAN_0017,PASS,CC(=O)Nc1ccc(O)cc1,2908012D4D1AF71B20B6CE8AA15EC902A6EC288A21BE1855D631A6045052FE25,GUEST_CAN_0090,PASS,AttentiveFP,4,host_cold,2,4.032460689544678
2158,3,1065,OC[C@H]1O[C@@H]2O[C@@H]3[C@@H](CO)O[C@H](O[C@@H]4[C@@H](CO)O[C@H](O[C@@H]5[C@@H](CO)O[C@H](O[C@@H]6[C@@H](CO)O[C@H](O[C@@H]7[C@@H](CO)O[C@H](O[C@@H]8[C@@H](CO)O[C@H](O[C@H]1[C@H](O)[C@H]2O)[C@H](O)[C@H]8O)[C@H](O)[C@H]7O)[C@H](O)[C@H]6O)[C@H](O)[C@H]5O)[C@H](O)[C@H]4O)[C@H](O)[C@H]3O,C1=CC(=CC=2OC3=CC=CC=C3SC12)C(C)=O,cyclodextrin,3.8880999088287354,OC[C@H]1O[C@@H]2O[C@H]3[C@H](O)[C@@H](O)[C@@H](O[C@H]4[C@H](O)[C@@H](O)[C@@H](O[C@H]5[C@H](O)[C@@H](O)[C@@H](O[C@H]6[C@H](O)[C@@H](O)[C@@H](O[C@H]7[C@H](O)[C@@H](O)[C@@H](O[C@H]8[C@H](O)[C@@H](O)[C@@H](O[C@H]1[C@H](O)[C@H]2O)O[C@@H]8CO)O[C@@H]7CO)O[C@@H]6CO)O[C@@H]5CO)O[C@@H]4CO)O[C@@H]3CO,22584443D9512992310760C9871E3E6BDB3EDC92006F3EF1EC94F44373907EB1,HOST_CAN_0176,PASS,CC(=O)c1ccc2c(c1)Oc1ccccc1S2,4F1957D2FA97FF5561C3208A1277904ECF1FCCA4872F3A969908718203F98290,GUEST_CAN_0107,PASS,AttentiveFP,4,host_cold,2,2.727327823638916
2163,3,75,OC[C@H]1O[C@@H]2O[C@@H]3[C@@H](CO)O[C@H](O[C@@H]4[C@@H](CO)O[C@H](O[C@@H]5[C@@H](CO)O[C@H](O[C@@H]6[C@@H](CO)O[C@H](O[C@@H]7[C@@H](CO)O[C@H](O[C@@H]8[C@@H](CO)O[C@H](O[C@H]1[C@H](O)[C@H]2O)[C@H](O)[C@H]8O)[C@H](O)[C@H]7O)[C@H](O)[C@H]6O)[C@H](O)[C@H]5O)[C@H](O)[C@H]4O)[C@H](O)[C@H]3O,C1CCCC(CCC1)O,cyclodextrin,3.643899917602539,OC[C@H]1O[C@@H]2O[C@H]3[C@H](O)[C@@H](O)[C@@H](O[C@H]4[C@H](O)[C@@H](O)[C@@H](O[C@H]5[C@H](O)[C@@H](O)[C@@H](O[C@H]6[C@H](O)[C@@H](O)[C@@H](O[C@H]7[C@H](O)[C@@H](O)[C@@H](O[C@H]8[C@H](O)[C@@H](O)[C@@H](O[C@H]1[C@H](O)[C@H]2O)O[C@@H]8CO)O[C@@H]7CO)O[C@@H]6CO)O[C@@H]5CO)O[C@@H]4CO)O[C@@H]3CO,22584443D9512992310760C9871E3E6BDB3EDC92006F3EF1EC94F44373907EB1,HOST_CAN_0176,PASS,OC1CCCCCCC1,ED9628745AB2C049C9CB75E7053732D87CB10F290C6DAF5FDB64893278C0DD30,GUEST_CAN_0966,PASS,AttentiveFP,4,host_cold,2,1.8326663970947266
2164,106,942,CCCOC1=C2CC3=CC(P(OC)(O[Li])=O)=CC(CC4=C(OCCC)C(CC5=C(OCCC)C(CC1=CC(P(OC)(O[Li])=O)=C2)=CC(P(OC)(O[Li])=O)=C5)=CC(P(OC)(O[Li])=O)=C4)=C3OCCC,C1=CC=C(C(=C1)N)N.Cl.Cl,calixarene,1.0,[Li][O]P(=O)(OC)c1cc2c(OCCC)c(c1)Cc1cc(P(=O)([O][Li])OC)cc(c1OCCC)Cc1cc(P(=O)([O][Li])OC)cc(c1OCCC)Cc1cc(P(=O)([O][Li])OC)cc(c1OCCC)C2,7E35E77A746111D0F7C2AD48B4236AD5F23EBD686B02C0BEF4D3F0D97CE016F4,HOST_CAN_0180,PASS,Cl.Cl.Nc1ccccc1N,2C92DDC7C6C053794C28C95C42283694C83ACF3616581E38869D1D17B25EF2B5,GUEST_CAN_0681,PASS,AttentiveFP,4,host_cold,2,1.6977503299713135
